time,n_pairs,n_saturated
250.010000,1320,235
250.015000,1149,235
250.020000,1149,233
250.025000,1149,233
250.030000,1150,234
250.035000,1150,234
250.040000,1150,233
250.045000,1151,233
250.050000,1151,233
250.055000,1150,233
250.060000,1151,233
250.065000,1152,233
250.070000,1152,234
250.075000,1152,234
250.080000,1152,234
250.085000,1152,234
250.090000,1153,234
250.095000,1153,235
250.100000,1153,235
250.105000,1153,234
250.110000,1153,234
250.115000,1152,235
250.120000,1153,235
250.125000,1152,235
250.130000,1151,235
250.135000,1151,235
250.140000,1150,235
250.145000,1150,235
250.150000,1150,235
250.155000,1150,235
250.160000,1150,234
250.165000,1150,234
250.170000,1150,234
250.175000,1150,234
250.180000,1150,234
250.185000,1150,234
250.190000,1151,234
250.195000,1153,234
250.200000,1153,234
250.205000,1153,234
250.210000,1152,234
250.215000,1152,234
250.220000,1152,234
250.225000,1151,234
250.230000,1151,234
250.235000,1151,233
250.240000,1151,233
250.245000,1151,235
250.250000,1150,236
250.255000,1152,236
250.260000,1152,236
250.265000,1153,235
250.270000,1153,235
250.275000,1153,235
250.280000,1152,235
250.285000,1152,235
250.290000,1152,234
250.295000,1152,234
250.300000,1151,234
250.305000,1151,234
250.310000,1151,234
250.315000,1151,234
250.320000,1151,233
250.325000,1152,233
250.330000,1152,233
250.335000,1151,234
250.340000,1151,234
250.345000,1151,235
250.350000,1151,235
250.355000,1151,236
250.360000,1151,236
250.365000,1152,236
250.370000,1152,236
250.375000,1152,236
250.380000,1152,236
250.385000,1151,236
250.390000,1151,237
250.395000,1152,237
250.400000,1152,237
250.405000,1152,237
250.410000,1152,237
250.415000,1151,237
250.420000,1149,236
250.425000,1148,237
250.430000,1149,236
250.435000,1149,236
250.440000,1149,237
250.445000,1149,237
250.450000,1149,237
250.455000,1149,237
250.460000,1152,237
250.465000,1152,237
250.470000,1152,236
250.475000,1151,236
250.480000,1151,235
250.485000,1152,235
250.490000,1151,235
250.495000,1150,235
250.500000,1150,234
250.505000,1150,234
250.510000,1150,234
250.515000,1150,234
250.520000,1150,235
250.525000,1150,234
250.530000,1150,234
250.535000,1149,234
250.540000,1150,234
250.545000,1151,234
250.550000,1150,234
250.555000,1150,233
250.560000,1149,231
250.565000,1149,231
250.570000,1149,231
250.575000,1150,231
250.580000,1149,231
250.585000,1150,231
250.590000,1150,231
250.595000,1151,232
250.600000,1152,230
250.605000,1152,230
250.610000,1153,230
250.615000,1153,230
250.620000,1152,230
250.625000,1154,230
250.630000,1155,231
250.635000,1154,230
250.640000,1154,230
250.645000,1154,230
250.650000,1154,229
250.655000,1154,229
250.660000,1154,230
250.665000,1154,231
250.670000,1154,230
250.675000,1154,230
250.680000,1156,231
250.685000,1157,231
250.690000,1158,231
250.695000,1158,231
250.700000,1160,233
250.705000,1156,231
250.710000,1157,231
250.715000,1157,231
250.720000,1157,230
250.725000,1156,229
250.730000,1156,229
250.735000,1157,230
250.740000,1157,230
250.745000,1155,229
250.750000,1155,229
250.755000,1155,229
250.760000,1155,229
250.765000,1156,229
250.770000,1157,230
250.775000,1156,229
250.780000,1157,230
250.785000,1157,229
250.790000,1157,229
250.795000,1155,229
250.800000,1154,230
250.805000,1155,232
250.810000,1155,231
250.815000,1155,232
250.820000,1155,233
250.825000,1154,232
250.830000,1154,232
250.835000,1153,232
250.840000,1154,233
250.845000,1152,232
250.850000,1151,232
250.855000,1152,232
250.860000,1153,233
250.865000,1152,232
250.870000,1152,233
250.875000,1152,233
250.880000,1151,232
250.885000,1151,231
250.890000,1151,231
250.895000,1151,230
250.900000,1151,231
250.905000,1150,229
250.910000,1152,231
250.915000,1150,228
250.920000,1148,228
250.925000,1148,228
250.930000,1147,228
250.935000,1147,228
250.940000,1149,230
250.945000,1149,231
250.950000,1147,229
250.955000,1147,228
250.960000,1148,228
250.965000,1148,228
250.970000,1147,227
250.975000,1148,228
250.980000,1150,230
250.985000,1147,227
250.990000,1149,227
250.995000,1149,228
251.000000,1148,227
251.005000,1147,227
251.010000,1148,228
251.015000,1149,228
251.020000,1148,228
251.025000,1147,227
251.030000,1146,227
251.035000,1146,227
251.040000,1147,228
251.045000,1146,227
251.050000,1149,228
251.055000,1148,226
251.060000,1149,228
251.065000,1150,227
251.070000,1149,228
251.075000,1149,228
251.080000,1150,228
251.085000,1151,229
251.090000,1150,228
251.095000,1150,228
251.100000,1152,230
251.105000,1150,228
251.110000,1148,227
251.115000,1148,227
251.120000,1150,228
251.125000,1148,227
251.130000,1151,229
251.135000,1150,228
251.140000,1151,229
251.145000,1151,227
251.150000,1149,225
251.155000,1149,226
251.160000,1150,227
251.165000,1148,225
251.170000,1148,225
251.175000,1149,226
251.180000,1150,227
251.185000,1149,226
251.190000,1150,227
251.195000,1148,225
251.200000,1148,225
251.205000,1149,226
251.210000,1148,225
251.215000,1148,225
251.220000,1151,227
251.225000,1150,227
251.230000,1148,224
251.235000,1148,225
251.240000,1149,226
251.245000,1148,226
251.250000,1148,227
251.255000,1147,226
251.260000,1151,230
251.265000,1147,226
251.270000,1143,225
251.275000,1146,228
251.280000,1144,226
251.285000,1143,224
251.290000,1144,225
251.295000,1143,225
251.300000,1144,226
251.305000,1144,227
251.310000,1144,227
251.315000,1142,227
251.320000,1141,227
251.325000,1142,227
251.330000,1143,229
251.335000,1143,227
251.340000,1146,229
251.345000,1147,230
251.350000,1143,226
251.355000,1143,226
251.360000,1142,226
251.365000,1143,228
251.370000,1142,228
251.375000,1142,228
251.380000,1145,230
251.385000,1143,228
251.390000,1140,226
251.395000,1140,226
251.400000,1143,228
251.405000,1143,227
251.410000,1143,227
251.415000,1143,227
251.420000,1145,231
251.425000,1144,230
251.430000,1143,229
251.435000,1144,230
251.440000,1142,228
251.445000,1143,228
251.450000,1144,228
251.455000,1143,227
251.460000,1146,230
251.465000,1145,229
251.470000,1143,227
251.475000,1143,226
251.480000,1145,227
251.485000,1144,226
251.490000,1142,226
251.495000,1141,224
251.500000,1145,227
251.505000,1144,227
251.510000,1140,223
251.515000,1140,222
251.520000,1141,223
251.525000,1142,224
251.530000,1142,224
251.535000,1140,223
251.540000,1143,227
251.545000,1139,224
251.550000,1136,221
251.555000,1137,221
251.560000,1137,220
251.565000,1136,218
251.570000,1136,217
251.575000,1137,220
251.580000,1140,223
251.585000,1143,224
251.590000,1137,220
251.595000,1136,218
251.600000,1136,218
251.605000,1136,217
251.610000,1140,219
251.615000,1139,218
251.620000,1142,221
251.625000,1140,219
251.630000,1137,216
251.635000,1138,217
251.640000,1139,219
251.645000,1140,220
251.650000,1139,218
251.655000,1140,219
251.660000,1141,219
251.665000,1140,218
251.670000,1139,218
251.675000,1139,217
251.680000,1140,217
251.685000,1139,216
251.690000,1139,216
251.695000,1140,217
251.700000,1142,218
251.705000,1142,219
251.710000,1140,217
251.715000,1141,218
251.720000,1139,216
251.725000,1140,217
251.730000,1140,217
251.735000,1140,217
251.740000,1141,218
251.745000,1140,217
251.750000,1141,217
251.755000,1138,215
251.760000,1140,217
251.765000,1140,217
251.770000,1139,217
251.775000,1140,217
251.780000,1141,218
251.785000,1143,220
251.790000,1140,217
251.795000,1142,219
251.800000,1141,218
251.805000,1139,216
251.810000,1139,216
251.815000,1140,218
251.820000,1144,222
251.825000,1141,221
251.830000,1140,220
251.835000,1139,219
251.840000,1138,218
251.845000,1136,217
251.850000,1137,218
251.855000,1140,221
251.860000,1138,218
251.865000,1138,219
251.870000,1136,218
251.875000,1136,218
251.880000,1137,218
251.885000,1137,218
251.890000,1142,224
251.895000,1137,219
251.900000,1137,219
251.905000,1137,219
251.910000,1135,216
251.915000,1135,216
251.920000,1139,218
251.925000,1139,217
251.930000,1136,215
251.935000,1138,217
251.940000,1135,215
251.945000,1135,215
251.950000,1135,215
251.955000,1134,214
251.960000,1138,217
251.965000,1133,212
251.970000,1134,215
251.975000,1134,214
251.980000,1134,215
251.985000,1133,214
251.990000,1136,216
251.995000,1137,217
252.000000,1136,217
252.005000,1135,216
252.010000,1136,217
252.015000,1132,214
252.020000,1134,216
252.025000,1134,216
252.030000,1139,220
252.035000,1138,219
252.040000,1138,219
252.045000,1135,216
252.050000,1137,216
252.055000,1135,214
252.060000,1137,218
252.065000,1141,223
252.070000,1138,220
252.075000,1135,219
252.080000,1134,219
252.085000,1133,218
252.090000,1136,220
252.095000,1136,220
252.100000,1140,224
252.105000,1138,223
252.110000,1136,222
252.115000,1131,219
252.120000,1131,219
252.125000,1130,219
252.130000,1132,222
252.135000,1134,224
252.140000,1133,221
252.145000,1134,222
252.150000,1132,220
252.155000,1131,219
252.160000,1133,221
252.165000,1131,217
252.170000,1136,221
252.175000,1132,218
252.180000,1134,222
252.185000,1133,222
252.190000,1130,222
252.195000,1128,220
252.200000,1132,224
252.205000,1132,225
252.210000,1129,223
252.215000,1130,224
252.220000,1130,225
252.225000,1128,223
252.230000,1130,225
252.235000,1127,222
252.240000,1129,224
252.245000,1128,223
252.250000,1128,223
252.255000,1123,220
252.260000,1125,222
252.265000,1125,222
252.270000,1125,222
252.275000,1129,226
252.280000,1127,223
252.285000,1125,221
252.290000,1127,223
252.295000,1124,220
252.300000,1127,223
252.305000,1131,227
252.310000,1130,225
252.315000,1126,221
252.320000,1130,225
252.325000,1127,222
252.330000,1128,223
252.335000,1127,223
252.340000,1130,227
252.345000,1131,228
252.350000,1128,224
252.355000,1127,222
252.360000,1129,222
252.365000,1130,222
252.370000,1129,222
252.375000,1127,223
252.380000,1133,227
252.385000,1132,225
252.390000,1131,224
252.395000,1131,224
252.400000,1130,224
252.405000,1131,224
252.410000,1132,225
252.415000,1132,225
252.420000,1133,226
252.425000,1135,229
252.430000,1133,228
252.435000,1128,223
252.440000,1129,224
252.445000,1129,224
252.450000,1133,227
252.455000,1133,227
252.460000,1131,227
252.465000,1131,227
252.470000,1131,227
252.475000,1129,223
252.480000,1132,226
252.485000,1134,229
252.490000,1130,225
252.495000,1129,225
252.500000,1131,228
252.505000,1129,225
252.510000,1129,225
252.515000,1131,226
252.520000,1132,226
252.525000,1128,223
252.530000,1130,226
252.535000,1127,226
252.540000,1127,227
252.545000,1131,230
252.550000,1129,230
252.555000,1128,230
252.560000,1131,231
252.565000,1125,226
252.570000,1127,228
252.575000,1128,229
252.580000,1129,230
252.585000,1129,230
252.590000,1134,234
252.595000,1127,227
252.600000,1126,228
252.605000,1127,229
252.610000,1126,228
252.615000,1126,228
252.620000,1128,229
252.625000,1130,231
252.630000,1126,227
252.635000,1125,226
252.640000,1128,228
252.645000,1128,228
252.650000,1128,229
252.655000,1124,227
252.660000,1129,231
252.665000,1129,233
252.670000,1127,231
252.675000,1127,231
252.680000,1128,231
252.685000,1128,231
252.690000,1127,230
252.695000,1129,233
252.700000,1129,233
252.705000,1128,232
252.710000,1129,233
252.715000,1125,229
252.720000,1126,231
252.725000,1125,229
252.730000,1129,231
252.735000,1128,230
252.740000,1131,232
252.745000,1128,231
252.750000,1125,228
252.755000,1128,231
252.760000,1126,228
252.765000,1129,231
252.770000,1131,233
252.775000,1129,231
252.780000,1129,230
252.785000,1130,232
252.790000,1130,231
252.795000,1128,228
252.800000,1133,232
252.805000,1128,229
252.810000,1127,229
252.815000,1127,229
252.820000,1125,228
252.825000,1126,228
252.830000,1128,230
252.835000,1127,229
252.840000,1127,230
252.845000,1127,230
252.850000,1128,231
252.855000,1126,229
252.860000,1126,230
252.865000,1125,229
252.870000,1127,231
252.875000,1126,229
252.880000,1127,230
252.885000,1126,229
252.890000,1129,231
252.895000,1124,226
252.900000,1124,227
252.905000,1130,233
252.910000,1130,233
252.915000,1127,229
252.920000,1128,230
252.925000,1123,225
252.930000,1125,227
252.935000,1125,227
252.940000,1130,230
252.945000,1127,227
252.950000,1128,228
252.955000,1126,226
252.960000,1125,225
252.965000,1126,226
252.970000,1127,228
252.975000,1128,228
252.980000,1126,226
252.985000,1126,227
252.990000,1125,225
252.995000,1127,227
253.000000,1124,225
253.005000,1126,227
253.010000,1128,230
253.015000,1126,228
253.020000,1129,227
253.025000,1125,224
253.030000,1126,225
253.035000,1128,227
253.040000,1127,225
253.045000,1130,229
253.050000,1128,227
253.055000,1127,226
253.060000,1127,226
253.065000,1127,227
253.070000,1129,229
253.075000,1125,224
253.080000,1129,228
253.085000,1132,231
253.090000,1129,228
253.095000,1131,231
253.100000,1128,228
253.105000,1127,227
253.110000,1127,227
253.115000,1129,230
253.120000,1131,231
253.125000,1129,231
253.130000,1127,229
253.135000,1124,226
253.140000,1125,227
253.145000,1126,229
253.150000,1127,229
253.155000,1131,232
253.160000,1128,228
253.165000,1126,226
253.170000,1129,230
253.175000,1125,225
253.180000,1127,228
253.185000,1128,230
253.190000,1126,228
253.195000,1128,230
253.200000,1121,225
253.205000,1122,226
253.210000,1121,226
253.215000,1123,229
253.220000,1126,232
253.225000,1123,229
253.230000,1122,228
253.235000,1121,227
253.240000,1119,226
253.245000,1122,229
253.250000,1122,230
253.255000,1120,230
253.260000,1120,230
253.265000,1120,230
253.270000,1119,229
253.275000,1118,228
253.280000,1118,228
253.285000,1120,230
253.290000,1122,232
253.295000,1122,232
253.300000,1117,228
253.305000,1119,229
253.310000,1117,227
253.315000,1118,228
253.320000,1118,228
253.325000,1118,227
253.330000,1119,228
253.335000,1119,228
253.340000,1119,228
253.345000,1120,229
253.350000,1113,222
253.355000,1120,229
253.360000,1119,229
253.365000,1121,231
253.370000,1120,230
253.375000,1115,225
253.380000,1114,225
253.385000,1115,226
253.390000,1118,229
253.395000,1121,232
253.400000,1113,225
253.405000,1113,225
253.410000,1114,226
253.415000,1117,229
253.420000,1115,228
253.425000,1114,227
253.430000,1115,228
253.435000,1114,227
253.440000,1114,227
253.445000,1116,229
253.450000,1115,228
253.455000,1115,226
253.460000,1116,229
253.465000,1115,233
253.470000,1114,232
253.475000,1114,231
253.480000,1115,233
253.485000,1114,229
253.490000,1113,228
253.495000,1122,236
253.500000,1115,229
253.505000,1117,231
253.510000,1118,231
253.515000,1117,230
253.520000,1120,233
253.525000,1116,228
253.530000,1120,233
253.535000,1122,235
253.540000,1121,234
253.545000,1121,234
253.550000,1116,229
253.555000,1119,234
253.560000,1116,231
253.565000,1122,238
253.570000,1125,240
253.575000,1118,233
253.580000,1120,235
253.585000,1122,238
253.590000,1122,238
253.595000,1124,240
253.600000,1123,239
253.605000,1120,236
253.610000,1123,238
253.615000,1127,241
253.620000,1124,239
253.625000,1123,237
253.630000,1124,238
253.635000,1123,238
253.640000,1126,240
253.645000,1125,240
253.650000,1122,237
253.655000,1124,238
253.660000,1125,237
253.665000,1125,237
253.670000,1133,244
253.675000,1126,237
253.680000,1124,236
253.685000,1125,237
253.690000,1127,240
253.695000,1128,242
253.700000,1121,235
253.705000,1124,240
253.710000,1124,240
253.715000,1123,239
253.720000,1126,243
253.725000,1118,235
253.730000,1120,237
253.735000,1123,238
253.740000,1125,240
253.745000,1125,241
253.750000,1120,236
253.755000,1120,236
253.760000,1119,235
253.765000,1121,237
253.770000,1123,239
253.775000,1122,238
253.780000,1120,237
253.785000,1118,234
253.790000,1119,234
253.795000,1122,237
253.800000,1120,233
253.805000,1116,231
253.810000,1120,235
253.815000,1119,234
253.820000,1116,231
253.825000,1118,233
253.830000,1113,229
253.835000,1114,231
253.840000,1117,234
253.845000,1118,234
253.850000,1115,232
253.855000,1115,232
253.860000,1112,229
253.865000,1114,230
253.870000,1118,234
253.875000,1112,228
253.880000,1115,231
253.885000,1112,230
253.890000,1113,231
253.895000,1114,231
253.900000,1114,231
253.905000,1109,227
253.910000,1108,226
253.915000,1113,231
253.920000,1112,230
253.925000,1110,227
253.930000,1116,233
253.935000,1110,228
253.940000,1113,231
253.945000,1111,230
253.950000,1110,230
253.955000,1109,228
253.960000,1110,230
253.965000,1109,229
253.970000,1112,232
253.975000,1110,229
253.980000,1108,229
253.985000,1109,230
253.990000,1114,235
253.995000,1111,232
254.000000,1112,232
254.005000,1107,230
254.010000,1108,229
254.015000,1110,231
254.020000,1115,235
254.025000,1108,229
254.030000,1110,231
254.035000,1109,232
254.040000,1107,230
254.045000,1107,231
254.050000,1107,232
254.055000,1104,231
254.060000,1105,232
254.065000,1109,236
254.070000,1104,234
254.075000,1101,231
254.080000,1101,232
254.085000,1099,230
254.090000,1107,238
254.095000,1104,235
254.100000,1100,232
254.105000,1100,232
254.110000,1101,233
254.115000,1100,232
254.120000,1102,234
254.125000,1103,235
254.130000,1101,232
254.135000,1099,230
254.140000,1106,235
254.145000,1102,232
254.150000,1101,231
254.155000,1100,230
254.160000,1099,230
254.165000,1101,233
254.170000,1106,238
254.175000,1102,234
254.180000,1101,233
254.185000,1099,231
254.190000,1098,230
254.195000,1100,233
254.200000,1102,235
254.205000,1100,232
254.210000,1102,235
254.215000,1103,235
254.220000,1098,229
254.225000,1097,229
254.230000,1101,232
254.235000,1096,227
254.240000,1106,236
254.245000,1103,234
254.250000,1101,233
254.255000,1098,230
254.260000,1099,231
254.265000,1102,234
254.270000,1102,234
254.275000,1099,230
254.280000,1095,227
254.285000,1096,230
254.290000,1101,235
254.295000,1095,229
254.300000,1097,231
254.305000,1096,230
254.310000,1093,227
254.315000,1098,232
254.320000,1100,232
254.325000,1098,230
254.330000,1098,230
254.335000,1098,230
254.340000,1101,231
254.345000,1098,229
254.350000,1101,233
254.355000,1099,231
254.360000,1099,232
254.365000,1104,237
254.370000,1101,232
254.375000,1099,229
254.380000,1101,231
254.385000,1099,228
254.390000,1105,235
254.395000,1105,233
254.400000,1101,228
254.405000,1103,229
254.410000,1105,231
254.415000,1108,234
254.420000,1105,231
254.425000,1108,235
254.430000,1101,228
254.435000,1101,229
254.440000,1108,236
254.445000,1103,232
254.450000,1103,230
254.455000,1103,231
254.460000,1099,227
254.465000,1109,236
254.470000,1104,231
254.475000,1106,233
254.480000,1104,230
254.485000,1104,230
254.490000,1105,231
254.495000,1107,232
254.500000,1105,230
254.505000,1105,230
254.510000,1102,227
254.515000,1107,232
254.520000,1102,227
254.525000,1105,230
254.530000,1106,231
254.535000,1107,231
254.540000,1107,231
254.545000,1111,235
254.550000,1104,228
254.555000,1102,226
254.560000,1108,232
254.565000,1113,236
254.570000,1106,229
254.575000,1106,230
254.580000,1102,226
254.585000,1102,226
254.590000,1111,235
254.595000,1107,233
254.600000,1101,229
254.605000,1102,231
254.610000,1098,227
254.615000,1106,236
254.620000,1103,233
254.625000,1099,231
254.630000,1097,229
254.635000,1098,230
254.640000,1098,231
254.645000,1097,230
254.650000,1098,232
254.655000,1094,231
254.660000,1095,232
254.665000,1099,236
254.670000,1093,230
254.675000,1092,230
254.680000,1092,231
254.685000,1093,232
254.690000,1099,239
254.695000,1095,236
254.700000,1091,232
254.705000,1092,232
254.710000,1094,234
254.715000,1096,236
254.720000,1098,238
254.725000,1095,235
254.730000,1091,231
254.735000,1092,232
254.740000,1096,234
254.745000,1097,234
254.750000,1096,233
254.755000,1096,234
254.760000,1093,231
254.765000,1095,234
254.770000,1096,234
254.775000,1095,232
254.780000,1096,232
254.785000,1093,229
254.790000,1101,237
254.795000,1096,233
254.800000,1094,230
254.805000,1093,230
254.810000,1094,230
254.815000,1094,231
254.820000,1089,228
254.825000,1091,230
254.830000,1094,233
254.835000,1092,231
254.840000,1094,234
254.845000,1092,232
254.850000,1086,227
254.855000,1090,231
254.860000,1091,232
254.865000,1090,231
254.870000,1094,235
254.875000,1091,232
254.880000,1089,229
254.885000,1090,229
254.890000,1094,234
254.895000,1095,235
254.900000,1093,233
254.905000,1092,231
254.910000,1095,233
254.915000,1096,234
254.920000,1095,231
254.925000,1095,231
254.930000,1100,235
254.935000,1095,230
254.940000,1097,232
254.945000,1098,233
254.950000,1097,232
254.955000,1097,232
254.960000,1096,231
254.965000,1103,238
254.970000,1097,232
254.975000,1095,230
254.980000,1097,233
254.985000,1096,232
254.990000,1100,237
254.995000,1097,235
255.000000,1093,231
255.005000,1093,230
255.010000,1095,232
255.015000,1102,238
255.020000,1101,235
255.025000,1097,231
255.030000,1097,231
255.035000,1098,232
255.040000,1098,232
255.045000,1098,232
255.050000,1100,236
255.055000,1099,234
255.060000,1093,228
255.065000,1096,231
255.070000,1105,239
255.075000,1100,234
255.080000,1097,231
255.085000,1096,231
255.090000,1095,232
255.095000,1102,239
255.100000,1097,234
255.105000,1096,233
255.110000,1098,234
255.115000,1100,236
255.120000,1098,233
255.125000,1094,230
255.130000,1095,231
255.135000,1098,233
255.140000,1099,236
255.145000,1096,232
255.150000,1096,232
255.155000,1093,229
255.160000,1095,231
255.165000,1094,230
255.170000,1096,231
255.175000,1097,232
255.180000,1092,228
255.185000,1092,228
255.190000,1095,231
255.195000,1092,229
255.200000,1094,230
255.205000,1091,226
255.210000,1095,230
255.215000,1095,230
255.220000,1097,232
255.225000,1092,227
255.230000,1093,228
255.235000,1094,229
255.240000,1093,229
255.245000,1094,230
255.250000,1095,231
255.255000,1090,227
255.260000,1094,231
255.265000,1091,229
255.270000,1091,230
255.275000,1089,228
255.280000,1091,230
255.285000,1086,225
255.290000,1094,233
255.295000,1088,228
255.300000,1088,228
255.305000,1086,226
255.310000,1086,227
255.315000,1085,226
255.320000,1092,233
255.325000,1086,227
255.330000,1088,231
255.335000,1080,223
255.340000,1086,230
255.345000,1083,228
255.350000,1088,233
255.355000,1078,223
255.360000,1084,229
255.365000,1080,227
255.370000,1080,227
255.375000,1080,226
255.380000,1084,230
255.385000,1080,226
255.390000,1085,231
255.395000,1082,229
255.400000,1085,232
255.405000,1075,222
255.410000,1081,229
255.415000,1083,230
255.420000,1084,231
255.425000,1084,230
255.430000,1083,228
255.435000,1080,226
255.440000,1088,234
255.445000,1081,227
255.450000,1087,233
255.455000,1080,226
255.460000,1079,226
255.465000,1078,225
255.470000,1087,234
255.475000,1079,225
255.480000,1085,232
255.485000,1083,231
255.490000,1084,233
255.495000,1078,227
255.500000,1086,235
255.505000,1082,230
255.510000,1085,232
255.515000,1086,233
255.520000,1090,237
255.525000,1086,232
255.530000,1087,233
255.535000,1085,231
255.540000,1091,237
255.545000,1085,232
255.550000,1095,240
255.555000,1088,233
255.560000,1090,236
255.565000,1089,235
255.570000,1096,242
255.575000,1092,239
255.580000,1088,235
255.585000,1087,235
255.590000,1093,241
255.595000,1089,237
255.600000,1091,240
255.605000,1084,233
255.610000,1087,236
255.615000,1085,235
255.620000,1086,236
255.625000,1088,238
255.630000,1085,235
255.635000,1082,232
255.640000,1087,238
255.645000,1083,234
255.650000,1089,240
255.655000,1082,231
255.660000,1087,235
255.665000,1084,232
255.670000,1089,237
255.675000,1087,233
255.680000,1082,229
255.685000,1087,233
255.690000,1090,234
255.695000,1089,232
255.700000,1090,234
255.705000,1081,227
255.710000,1087,234
255.715000,1087,235
255.720000,1095,243
255.725000,1088,236
255.730000,1082,231
255.735000,1080,229
255.740000,1082,233
255.745000,1088,239
255.750000,1098,248
255.755000,1080,230
255.760000,1087,238
255.765000,1088,239
255.770000,1085,236
255.775000,1089,240
255.780000,1088,239
255.785000,1088,239
255.790000,1086,235
255.795000,1084,234
255.800000,1091,241
255.805000,1081,231
255.810000,1089,238
255.815000,1082,231
255.820000,1083,232
255.825000,1090,239
255.830000,1086,237
255.835000,1086,235
255.840000,1086,235
255.845000,1085,234
255.850000,1089,237
255.855000,1083,231
255.860000,1085,233
255.865000,1086,234
255.870000,1092,240
255.875000,1085,234
255.880000,1082,231
255.885000,1087,236
255.890000,1087,234
255.895000,1083,230
255.900000,1086,234
255.905000,1087,235
255.910000,1087,236
255.915000,1082,231
255.920000,1086,235
255.925000,1085,235
255.930000,1079,230
255.935000,1081,232
255.940000,1079,230
255.945000,1080,230
255.950000,1090,240
255.955000,1084,233
255.960000,1082,230
255.965000,1084,232
255.970000,1079,227
255.975000,1083,231
255.980000,1080,229
255.985000,1081,230
255.990000,1084,233
255.995000,1081,230
256.000000,1079,226
256.005000,1081,227
256.010000,1081,228
256.015000,1079,226
256.020000,1083,230
256.025000,1084,231
256.030000,1078,225
256.035000,1079,226
256.040000,1074,223
256.045000,1083,233
256.050000,1080,232
256.055000,1069,223
256.060000,1070,225
256.065000,1074,228
256.070000,1076,229
256.075000,1077,231
256.080000,1071,224
256.085000,1069,223
256.090000,1067,221
256.095000,1075,229
256.100000,1068,223
256.105000,1075,230
256.110000,1068,223
256.115000,1070,225
256.120000,1073,228
256.125000,1072,227
256.130000,1066,221
256.135000,1067,223
256.140000,1072,228
256.145000,1073,229
256.150000,1071,227
256.155000,1068,223
256.160000,1067,221
256.165000,1069,223
256.170000,1074,229
256.175000,1072,227
256.180000,1065,220
256.185000,1070,225
256.190000,1069,223
256.195000,1073,227
256.200000,1074,228
256.205000,1065,220
256.210000,1070,224
256.215000,1071,223
256.220000,1069,221
256.225000,1080,233
256.230000,1073,226
256.235000,1069,223
256.240000,1065,218
256.245000,1066,220
256.250000,1068,222
256.255000,1066,220
256.260000,1071,226
256.265000,1073,227
256.270000,1067,221
256.275000,1072,225
256.280000,1064,217
256.285000,1066,219
256.290000,1071,224
256.295000,1072,225
256.300000,1075,229
256.305000,1067,221
256.310000,1066,218
256.315000,1070,222
256.320000,1071,223
256.325000,1075,227
256.330000,1065,218
256.335000,1068,221
256.340000,1063,216
256.345000,1076,230
256.350000,1075,230
256.355000,1065,220
256.360000,1065,221
256.365000,1069,224
256.370000,1069,225
256.375000,1072,228
256.380000,1065,221
256.385000,1070,226
256.390000,1064,220
256.395000,1067,223
256.400000,1068,225
256.405000,1070,227
256.410000,1066,223
256.415000,1065,222
256.420000,1068,228
256.425000,1067,226
256.430000,1059,219
256.435000,1068,228
256.440000,1070,229
256.445000,1070,229
256.450000,1068,229
256.455000,1059,220
256.460000,1059,219
256.465000,1072,232
256.470000,1069,229
256.475000,1067,230
256.480000,1062,226
256.485000,1067,231
256.490000,1061,229
256.495000,1065,234
256.500000,1064,230
256.505000,1068,234
256.510000,1068,234
256.515000,1065,232
256.520000,1066,233
256.525000,1071,240
256.530000,1059,227
256.535000,1066,234
256.540000,1066,235
256.545000,1069,238
256.550000,1060,229
256.555000,1066,235
256.560000,1069,238
256.565000,1066,235
256.570000,1071,239
256.575000,1068,236
256.580000,1064,233
256.585000,1071,241
256.590000,1067,237
256.595000,1072,243
256.600000,1066,235
256.605000,1066,235
256.610000,1070,239
256.615000,1072,240
256.620000,1068,236
256.625000,1074,242
256.630000,1070,238
256.635000,1065,233
256.640000,1062,231
256.645000,1076,246
256.650000,1075,244
256.655000,1068,236
256.660000,1069,237
256.665000,1067,235
256.670000,1072,239
256.675000,1073,240
256.680000,1070,237
256.685000,1074,242
256.690000,1065,233
256.695000,1069,237
256.700000,1065,233
256.705000,1073,240
256.710000,1074,241
256.715000,1070,237
256.720000,1071,239
256.725000,1071,239
256.730000,1070,239
256.735000,1072,241
256.740000,1065,234
256.745000,1077,245
256.750000,1072,241
256.755000,1067,236
256.760000,1064,233
256.765000,1070,241
256.770000,1068,239
256.775000,1063,235
256.780000,1063,235
256.785000,1070,241
256.790000,1063,235
256.795000,1065,237
256.800000,1067,239
256.805000,1062,234
256.810000,1065,236
256.815000,1062,233
256.820000,1068,238
256.825000,1069,240
256.830000,1063,234
256.835000,1069,238
256.840000,1064,233
256.845000,1066,235
256.850000,1069,238
256.855000,1067,236
256.860000,1071,240
256.865000,1067,236
256.870000,1067,236
256.875000,1064,231
256.880000,1066,234
256.885000,1073,241
256.890000,1075,243
256.895000,1076,243
256.900000,1064,230
256.905000,1067,233
256.910000,1068,234
256.915000,1072,239
256.920000,1073,241
256.925000,1078,246
256.930000,1072,239
256.935000,1066,232
256.940000,1068,235
256.945000,1076,243
256.950000,1075,243
256.955000,1069,239
256.960000,1070,240
256.965000,1070,240
256.970000,1068,238
256.975000,1068,238
256.980000,1066,236
256.985000,1073,243
256.990000,1067,238
256.995000,1066,237
257.000000,1067,239
257.005000,1068,241
257.010000,1069,240
257.015000,1072,244
257.020000,1067,241
257.025000,1067,241
257.030000,1066,240
257.035000,1071,245
257.040000,1068,242
257.045000,1073,247
257.050000,1068,242
257.055000,1062,236
257.060000,1064,238
257.065000,1068,242
257.070000,1066,241
257.075000,1063,238
257.080000,1060,235
257.085000,1066,241
257.090000,1064,239
257.095000,1065,240
257.100000,1066,241
257.105000,1064,239
257.110000,1063,239
257.115000,1063,239
257.120000,1063,236
257.125000,1074,246
257.130000,1066,238
257.135000,1064,236
257.140000,1070,242
257.145000,1065,239
257.150000,1064,238
257.155000,1067,242
257.160000,1067,242
257.165000,1059,236
257.170000,1069,247
257.175000,1059,238
257.180000,1062,242
257.185000,1064,244
257.190000,1065,244
257.195000,1066,245
257.200000,1065,245
257.205000,1061,241
257.210000,1065,245
257.215000,1062,242
257.220000,1063,243
257.225000,1061,241
257.230000,1063,244
257.235000,1059,241
257.240000,1064,246
257.245000,1058,240
257.250000,1061,244
257.255000,1055,239
257.260000,1059,243
257.265000,1062,245
257.270000,1057,239
257.275000,1062,243
257.280000,1062,245
257.285000,1055,238
257.290000,1065,249
257.295000,1056,241
257.300000,1063,248
257.305000,1062,247
257.310000,1058,243
257.315000,1060,245
257.320000,1061,245
257.325000,1057,242
257.330000,1056,239
257.335000,1062,246
257.340000,1064,248
257.345000,1063,248
257.350000,1064,249
257.355000,1054,239
257.360000,1055,242
257.365000,1060,247
257.370000,1069,256
257.375000,1058,245
257.380000,1062,249
257.385000,1062,249
257.390000,1062,249
257.395000,1065,252
257.400000,1063,251
257.405000,1058,245
257.410000,1063,251
257.415000,1067,257
257.420000,1065,255
257.425000,1063,252
257.430000,1062,251
257.435000,1060,250
257.440000,1071,261
257.445000,1060,250
257.450000,1058,247
257.455000,1057,247
257.460000,1056,246
257.465000,1061,253
257.470000,1062,254
257.475000,1057,250
257.480000,1056,249
257.485000,1055,249
257.490000,1061,256
257.495000,1058,253
257.500000,1062,257
257.505000,1054,250
257.510000,1062,258
257.515000,1057,254
257.520000,1054,252
257.525000,1063,261
257.530000,1059,257
257.535000,1055,253
257.540000,1058,257
257.545000,1061,259
257.550000,1059,257
257.555000,1051,248
257.560000,1056,253
257.565000,1057,255
257.570000,1054,252
257.575000,1062,260
257.580000,1061,258
257.585000,1049,247
257.590000,1056,254
257.595000,1057,254
257.600000,1059,255
257.605000,1054,252
257.610000,1055,253
257.615000,1059,258
257.620000,1056,255
257.625000,1052,250
257.630000,1052,250
257.635000,1048,247
257.640000,1053,251
257.645000,1058,256
257.650000,1054,252
257.655000,1048,246
257.660000,1050,248
257.665000,1059,257
257.670000,1056,255
257.675000,1054,253
257.680000,1053,253
257.685000,1054,256
257.690000,1057,259
257.695000,1052,255
257.700000,1057,260
257.705000,1056,260
257.710000,1048,252
257.715000,1054,258
257.720000,1053,258
257.725000,1050,255
257.730000,1051,255
257.735000,1054,258
257.740000,1057,261
257.745000,1053,257
257.750000,1057,262
257.755000,1056,260
257.760000,1052,255
257.765000,1054,257
257.770000,1057,260
257.775000,1057,260
257.780000,1057,260
257.785000,1058,261
257.790000,1063,266
257.795000,1051,253
257.800000,1053,256
257.805000,1057,261
257.810000,1046,251
257.815000,1060,265
257.820000,1053,258
257.825000,1058,263
257.830000,1050,254
257.835000,1047,251
257.840000,1058,263
257.845000,1058,263
257.850000,1050,255
257.855000,1053,259
257.860000,1050,256
257.865000,1059,266
257.870000,1050,257
257.875000,1056,265
257.880000,1051,260
257.885000,1051,260
257.890000,1058,267
257.895000,1052,261
257.900000,1050,258
257.905000,1051,259
257.910000,1049,258
257.915000,1054,263
257.920000,1050,259
257.925000,1054,263
257.930000,1051,260
257.935000,1046,255
257.940000,1052,263
257.945000,1055,265
257.950000,1055,264
257.955000,1051,259
257.960000,1053,260
257.965000,1062,269
257.970000,1053,260
257.975000,1053,260
257.980000,1057,264
257.985000,1052,260
257.990000,1055,263
257.995000,1053,261
258.000000,1051,260
258.005000,1052,260
258.010000,1049,258
258.015000,1057,266
258.020000,1048,257
258.025000,1055,264
258.030000,1052,261
258.035000,1050,258
258.040000,1054,262
258.045000,1057,265
258.050000,1057,265
258.055000,1050,258
258.060000,1048,256
258.065000,1057,265
258.070000,1054,262
258.075000,1050,258
258.080000,1052,259
258.085000,1054,262
258.090000,1054,263
258.095000,1051,262
258.100000,1051,261
258.105000,1048,257
258.110000,1052,261
258.115000,1054,263
258.120000,1052,261
258.125000,1056,265
258.130000,1049,259
258.135000,1050,261
258.140000,1054,265
258.145000,1048,260
258.150000,1049,261
258.155000,1049,261
258.160000,1048,260
258.165000,1059,271
258.170000,1050,260
258.175000,1049,259
258.180000,1053,263
258.185000,1051,261
258.190000,1057,268
258.195000,1051,263
258.200000,1051,263
258.205000,1054,266
258.210000,1048,260
258.215000,1050,262
258.220000,1044,258
258.225000,1058,272
258.230000,1046,260
258.235000,1047,261
258.240000,1054,267
258.245000,1051,263
258.250000,1050,261
258.255000,1048,259
258.260000,1050,261
258.265000,1053,264
258.270000,1059,270
258.275000,1054,264
258.280000,1048,259
258.285000,1048,259
258.290000,1055,265
258.295000,1054,264
258.300000,1052,262
258.305000,1058,267
258.310000,1060,268
258.315000,1054,262
258.320000,1051,259
258.325000,1058,266
258.330000,1057,264
258.335000,1053,260
258.340000,1059,266
258.345000,1061,269
258.350000,1052,261
258.355000,1049,259
258.360000,1051,261
258.365000,1060,271
258.370000,1054,265
258.375000,1053,264
258.380000,1053,264
258.385000,1052,263
258.390000,1050,261
258.395000,1050,260
258.400000,1054,264
258.405000,1048,259
258.410000,1054,265
258.415000,1053,264
258.420000,1050,261
258.425000,1053,263
258.430000,1050,259
258.435000,1049,258
258.440000,1056,265
258.445000,1054,264
258.450000,1056,265
258.455000,1051,259
258.460000,1051,259
258.465000,1054,262
258.470000,1062,270
258.475000,1052,261
258.480000,1049,258
258.485000,1053,261
258.490000,1054,261
258.495000,1055,262
258.500000,1058,265
258.505000,1057,263
258.510000,1051,258
258.515000,1049,257
258.520000,1054,263
258.525000,1051,260
258.530000,1050,260
258.535000,1055,265
258.540000,1055,264
258.545000,1048,257
258.550000,1047,256
258.555000,1052,261
258.560000,1053,262
258.565000,1055,264
258.570000,1050,259
258.575000,1053,262
258.580000,1047,256
258.585000,1047,257
258.590000,1058,268
258.595000,1052,262
258.600000,1050,260
258.605000,1044,254
258.610000,1049,260
258.615000,1048,260
258.620000,1049,261
258.625000,1053,265
258.630000,1047,259
258.635000,1039,252
258.640000,1053,263
258.645000,1051,260
258.650000,1054,264
258.655000,1049,259
258.660000,1051,261
258.665000,1050,260
258.670000,1049,260
258.675000,1047,259
258.680000,1055,267
258.685000,1046,258
258.690000,1052,264
258.695000,1051,263
258.700000,1052,263
258.705000,1053,264
258.710000,1049,260
258.715000,1050,262
258.720000,1049,262
258.725000,1047,261
258.730000,1054,268
258.735000,1055,268
258.740000,1052,265
258.745000,1048,261
258.750000,1053,267
258.755000,1049,265
258.760000,1044,260
258.765000,1048,268
258.770000,1050,270
258.775000,1045,263
258.780000,1050,268
258.785000,1045,262
258.790000,1048,266
258.795000,1048,265
258.800000,1049,266
258.805000,1048,265
258.810000,1044,263
258.815000,1046,268
258.820000,1048,271
258.825000,1038,262
258.830000,1045,269
258.835000,1040,266
258.840000,1044,270
258.845000,1042,268
258.850000,1045,271
258.855000,1046,272
258.860000,1040,266
258.865000,1043,269
258.870000,1044,270
258.875000,1037,263
258.880000,1042,267
258.885000,1039,264
258.890000,1046,269
258.895000,1041,263
258.900000,1046,268
258.905000,1044,266
258.910000,1043,265
258.915000,1037,259
258.920000,1048,270
258.925000,1046,268
258.930000,1045,268
258.935000,1049,271
258.940000,1052,272
258.945000,1045,265
258.950000,1047,265
258.955000,1047,265
258.960000,1051,269
258.965000,1044,262
258.970000,1051,269
258.975000,1046,265
258.980000,1047,265
258.985000,1044,261
258.990000,1048,264
258.995000,1049,265
259.000000,1048,266
259.005000,1045,262
259.010000,1051,268
259.015000,1053,269
259.020000,1050,265
259.025000,1048,261
259.030000,1053,266
259.035000,1048,260
259.040000,1056,268
259.045000,1053,265
259.050000,1052,264
259.055000,1049,261
259.060000,1057,268
259.065000,1052,263
259.070000,1054,265
259.075000,1051,262
259.080000,1060,271
259.085000,1055,266
259.090000,1058,269
259.095000,1054,265
259.100000,1054,265
259.105000,1056,265
259.110000,1058,267
259.115000,1059,269
259.120000,1053,264
259.125000,1053,264
259.130000,1058,270
259.135000,1051,263
259.140000,1056,270
259.145000,1050,264
259.150000,1054,269
259.155000,1052,268
259.160000,1052,268
259.165000,1056,271
259.170000,1054,268
259.175000,1053,268
259.180000,1056,271
259.185000,1052,266
259.190000,1059,274
259.195000,1047,262
259.200000,1053,269
259.205000,1057,273
259.210000,1055,270
259.215000,1057,272
259.220000,1056,271
259.225000,1049,263
259.230000,1055,269
259.235000,1052,267
259.240000,1057,272
259.245000,1054,269
259.250000,1055,270
259.255000,1054,269
259.260000,1044,258
259.265000,1054,269
259.270000,1047,263
259.275000,1044,262
259.280000,1051,269
259.285000,1045,263
259.290000,1055,273
259.295000,1050,269
259.300000,1041,260
259.305000,1043,263
259.310000,1048,268
259.315000,1045,265
259.320000,1051,270
259.325000,1052,272
259.330000,1043,264
259.335000,1038,259
259.340000,1046,266
259.345000,1047,267
259.350000,1045,266
259.355000,1046,266
259.360000,1041,261
259.365000,1051,271
259.370000,1045,265
259.375000,1046,266
259.380000,1047,267
259.385000,1047,267
259.390000,1049,270
259.395000,1042,263
259.400000,1045,266
259.405000,1042,263
259.410000,1044,265
259.415000,1052,273
259.420000,1047,269
259.425000,1040,262
259.430000,1048,271
259.435000,1037,260
259.440000,1041,266
259.445000,1050,275
259.450000,1040,265
259.455000,1042,268
259.460000,1039,267
259.465000,1038,268
259.470000,1037,267
259.475000,1037,267
259.480000,1035,266
259.485000,1036,267
259.490000,1041,273
259.495000,1042,274
259.500000,1031,262
259.505000,1039,270
259.510000,1033,264
259.515000,1038,269
259.520000,1040,270
259.525000,1038,267
259.530000,1043,272
259.535000,1044,274
259.540000,1036,266
259.545000,1033,263
259.550000,1040,270
259.555000,1039,270
259.560000,1039,270
259.565000,1048,280
259.570000,1036,268
259.575000,1030,263
259.580000,1039,272
259.585000,1041,273
259.590000,1042,273
259.595000,1049,280
259.600000,1038,269
259.605000,1046,277
259.610000,1039,271
259.615000,1038,269
259.620000,1045,276
259.625000,1047,278
259.630000,1044,274
259.635000,1041,271
259.640000,1045,275
259.645000,1040,270
259.650000,1039,269
259.655000,1050,280
259.660000,1039,269
259.665000,1044,273
259.670000,1048,276
259.675000,1039,267
259.680000,1046,273
259.685000,1047,274
259.690000,1044,270
259.695000,1046,272
259.700000,1049,275
259.705000,1044,272
259.710000,1044,273
259.715000,1044,274
259.720000,1039,269
259.725000,1044,275
259.730000,1047,277
259.735000,1043,273
259.740000,1047,277
259.745000,1053,284
259.750000,1038,269
259.755000,1041,271
259.760000,1048,278
259.765000,1049,279
259.770000,1046,277
259.775000,1047,277
259.780000,1044,274
259.785000,1044,274
259.790000,1049,277
259.795000,1047,276
259.800000,1047,275
259.805000,1051,279
259.810000,1051,279
259.815000,1052,281
259.820000,1046,275
259.825000,1043,272
259.830000,1049,276
259.835000,1051,278
259.840000,1040,267
259.845000,1047,275
259.850000,1049,278
259.855000,1045,276
259.860000,1042,273
259.865000,1044,275
259.870000,1045,276
259.875000,1042,274
259.880000,1047,279
259.885000,1043,275
259.890000,1041,274
259.895000,1045,278
259.900000,1041,274
259.905000,1039,272
259.910000,1040,273
259.915000,1042,276
259.920000,1044,278
259.925000,1045,278
259.930000,1045,278
259.935000,1039,274
259.940000,1043,279
259.945000,1038,275
259.950000,1039,276
259.955000,1050,286
259.960000,1041,277
259.965000,1038,274
259.970000,1046,281
259.975000,1040,276
259.980000,1046,282
259.985000,1047,283
259.990000,1041,275
259.995000,1043,277
260.000000,1040,273
260.005000,1043,277
260.010000,1049,282
260.015000,1048,281
260.020000,1041,275
260.025000,1039,272
260.030000,1048,280
260.035000,1049,281
260.040000,1046,279
260.045000,1047,280
260.050000,1043,276
260.055000,1041,275
260.060000,1042,276
260.065000,1049,282
260.070000,1039,272
260.075000,1044,277
260.080000,1041,272
260.085000,1042,273
260.090000,1049,280
260.095000,1046,278
260.100000,1040,272
260.105000,1043,275
260.110000,1039,270
260.115000,1041,273
260.120000,1049,283
260.125000,1041,275
260.130000,1043,277
260.135000,1041,275
260.140000,1037,271
260.145000,1041,276
260.150000,1046,281
260.155000,1042,278
260.160000,1039,275
260.165000,1043,279
260.170000,1042,279
260.175000,1036,272
260.180000,1045,281
260.185000,1040,276
260.190000,1038,275
260.195000,1049,286
260.200000,1036,273
260.205000,1042,278
260.210000,1041,277
260.215000,1041,277
260.220000,1045,281
260.225000,1039,276
260.230000,1041,277
260.235000,1036,272
260.240000,1039,275
260.245000,1043,279
260.250000,1042,278
260.255000,1045,281
260.260000,1035,271
260.265000,1035,272
260.270000,1040,275
260.275000,1043,278
260.280000,1049,284
260.285000,1041,276
260.290000,1035,270
260.295000,1036,271
260.300000,1039,274
260.305000,1043,278
260.310000,1039,275
260.315000,1040,275
260.320000,1042,276
260.325000,1040,274
260.330000,1039,273
260.335000,1040,275
260.340000,1046,281
260.345000,1042,277
260.350000,1034,269
260.355000,1045,280
260.360000,1039,275
260.365000,1037,274
260.370000,1040,277
260.375000,1040,277
260.380000,1038,275
260.385000,1035,272
260.390000,1033,270
260.395000,1040,277
260.400000,1031,268
260.405000,1043,279
260.410000,1038,272
260.415000,1032,266
260.420000,1031,266
260.425000,1039,275
260.430000,1044,280
260.435000,1033,269
260.440000,1030,268
260.445000,1035,273
260.450000,1039,276
260.455000,1040,276
260.460000,1040,275
260.465000,1034,269
260.470000,1035,270
260.475000,1039,274
260.480000,1039,275
260.485000,1038,274
260.490000,1039,275
260.495000,1040,276
260.500000,1030,266
260.505000,1037,274
260.510000,1038,275
260.515000,1040,277
260.520000,1038,275
260.525000,1039,275
260.530000,1040,276
260.535000,1033,269
260.540000,1031,267
260.545000,1041,277
260.550000,1042,278
260.555000,1041,278
260.560000,1030,269
260.565000,1031,272
260.570000,1037,278
260.575000,1036,277
260.580000,1040,281
260.585000,1037,278
260.590000,1032,273
260.595000,1031,273
260.600000,1032,274
260.605000,1042,284
260.610000,1038,279
260.615000,1032,272
260.620000,1035,275
260.625000,1030,271
260.630000,1040,281
260.635000,1037,277
260.640000,1042,281
260.645000,1038,277
260.650000,1032,271
260.655000,1042,279
260.660000,1038,275
260.665000,1036,273
260.670000,1046,283
260.675000,1041,278
260.680000,1038,275
260.685000,1033,269
260.690000,1040,275
260.695000,1047,280
260.700000,1043,276
260.705000,1042,277
260.710000,1038,274
260.715000,1034,270
260.720000,1041,277
260.725000,1041,278
260.730000,1047,284
260.735000,1041,278
260.740000,1033,271
260.745000,1038,277
260.750000,1036,277
260.755000,1037,279
260.760000,1038,278
260.765000,1037,279
260.770000,1037,279
260.775000,1032,273
260.780000,1039,280
260.785000,1030,271
260.790000,1038,279
260.795000,1037,277
260.800000,1036,276
260.805000,1037,277
260.810000,1034,275
260.815000,1036,275
260.820000,1041,280
260.825000,1040,278
260.830000,1041,279
260.835000,1033,272
260.840000,1035,274
260.845000,1039,278
260.850000,1052,291
260.855000,1035,275
260.860000,1030,270
260.865000,1036,276
260.870000,1037,277
260.875000,1039,279
260.880000,1043,284
260.885000,1036,277
260.890000,1027,268
260.895000,1034,274
260.900000,1042,283
260.905000,1047,288
260.910000,1042,283
260.915000,1037,278
260.920000,1035,276
260.925000,1036,277
260.930000,1040,281
260.935000,1046,287
260.940000,1046,286
260.945000,1041,281
260.950000,1038,278
260.955000,1042,282
260.960000,1034,274
260.965000,1043,283
260.970000,1053,294
260.975000,1048,288
260.980000,1036,276
260.985000,1036,276
260.990000,1045,285
260.995000,1046,285
261.000000,1048,287
261.005000,1053,293
261.010000,1038,277
261.015000,1032,272
261.020000,1050,290
261.025000,1050,290
261.030000,1041,281
261.035000,1039,279
261.040000,1043,283
261.045000,1047,287
261.050000,1043,282
261.055000,1047,286
261.060000,1044,283
261.065000,1037,278
261.070000,1039,279
261.075000,1045,285
261.080000,1050,290
261.085000,1044,284
261.090000,1039,280
261.095000,1045,286
261.100000,1040,281
261.105000,1042,283
261.110000,1044,285
261.115000,1038,278
261.120000,1048,289
261.125000,1046,287
261.130000,1036,277
261.135000,1037,278
261.140000,1036,277
261.145000,1047,287
261.150000,1044,284
261.155000,1044,282
261.160000,1038,277
261.165000,1040,279
261.170000,1044,281
261.175000,1040,279
261.180000,1044,283
261.185000,1037,277
261.190000,1031,271
261.195000,1042,281
261.200000,1043,282
261.205000,1037,278
261.210000,1033,275
261.215000,1032,274
261.220000,1031,273
261.225000,1043,285
261.230000,1034,276
261.235000,1027,270
261.240000,1028,274
261.245000,1034,281
261.250000,1028,275
261.255000,1034,280
261.260000,1031,277
261.265000,1024,271
261.270000,1035,282
261.275000,1034,282
261.280000,1024,273
261.285000,1027,277
261.290000,1031,281
261.295000,1034,283
261.300000,1030,279
261.305000,1039,288
261.310000,1023,271
261.315000,1025,274
261.320000,1029,280
261.325000,1038,289
261.330000,1038,289
261.335000,1032,281
261.340000,1029,278
261.345000,1032,282
261.350000,1030,281
261.355000,1035,286
261.360000,1034,283
261.365000,1036,286
261.370000,1035,285
261.375000,1032,282
261.380000,1033,282
261.385000,1036,285
261.390000,1034,283
261.395000,1039,288
261.400000,1035,284
261.405000,1034,283
261.410000,1035,283
261.415000,1033,280
261.420000,1035,281
261.425000,1041,287
261.430000,1037,284
261.435000,1039,285
261.440000,1034,281
261.445000,1041,288
261.450000,1038,284
261.455000,1036,282
261.460000,1030,276
261.465000,1039,284
261.470000,1040,284
261.475000,1034,278
261.480000,1035,280
261.485000,1040,285
261.490000,1029,276
261.495000,1035,281
261.500000,1039,285
261.505000,1038,284
261.510000,1037,283
261.515000,1035,281
261.520000,1036,281
261.525000,1033,281
261.530000,1039,288
261.535000,1032,280
261.540000,1035,283
261.545000,1043,291
261.550000,1028,276
261.555000,1034,283
261.560000,1037,288
261.565000,1039,290
261.570000,1033,284
261.575000,1040,291
261.580000,1030,281
261.585000,1041,292
261.590000,1029,280
261.595000,1033,284
261.600000,1033,284
261.605000,1041,291
261.610000,1041,290
261.615000,1034,283
261.620000,1032,281
261.625000,1039,288
261.630000,1033,282
261.635000,1036,286
261.640000,1037,287
261.645000,1043,293
261.650000,1031,281
261.655000,1036,285
261.660000,1033,282
261.665000,1040,289
261.670000,1036,283
261.675000,1038,285
261.680000,1033,281
261.685000,1038,286
261.690000,1036,284
261.695000,1041,289
261.700000,1033,278
261.705000,1034,279
261.710000,1036,281
261.715000,1034,278
261.720000,1031,276
261.725000,1037,283
261.730000,1031,278
261.735000,1028,276
261.740000,1029,276
261.745000,1033,280
261.750000,1036,283
261.755000,1033,281
261.760000,1028,276
261.765000,1032,280
261.770000,1030,278
261.775000,1027,274
261.780000,1030,278
261.785000,1037,285
261.790000,1021,270
261.795000,1027,278
261.800000,1031,281
261.805000,1023,274
261.810000,1026,276
261.815000,1036,286
261.820000,1025,275
261.825000,1021,272
261.830000,1030,281
261.835000,1029,281
261.840000,1025,277
261.845000,1035,287
261.850000,1021,273
261.855000,1022,274
261.860000,1026,278
261.865000,1027,282
261.870000,1028,283
261.875000,1025,280
261.880000,1027,282
261.885000,1023,279
261.890000,1024,280
261.895000,1018,273
261.900000,1025,280
261.905000,1033,287
261.910000,1020,274
261.915000,1026,280
261.920000,1036,289
261.925000,1018,271
261.930000,1021,274
261.935000,1030,285
261.940000,1025,279
261.945000,1031,285
261.950000,1025,279
261.955000,1021,275
261.960000,1022,276
261.965000,1031,285
261.970000,1024,278
261.975000,1014,268
261.980000,1025,278
261.985000,1027,280
261.990000,1029,282
261.995000,1033,286
262.000000,1018,271
262.005000,1018,272
262.010000,1022,275
262.015000,1026,279
262.020000,1031,284
262.025000,1033,286
262.030000,1023,275
262.035000,1020,272
262.040000,1028,280
262.045000,1029,281
262.050000,1022,274
262.055000,1029,281
262.060000,1026,279
262.065000,1023,277
262.070000,1023,278
262.075000,1018,272
262.080000,1027,280
262.085000,1032,284
262.090000,1024,276
262.095000,1025,277
262.100000,1027,278
262.105000,1019,269
262.110000,1027,276
262.115000,1039,286
262.120000,1037,284
262.125000,1032,278
262.130000,1029,275
262.135000,1026,273
262.140000,1026,274
262.145000,1038,286
262.150000,1030,279
262.155000,1025,273
262.160000,1031,279
262.165000,1027,275
262.170000,1033,281
262.175000,1032,281
262.180000,1028,277
262.185000,1025,274
262.190000,1030,279
262.195000,1035,285
262.200000,1034,283
262.205000,1027,277
262.210000,1023,272
262.215000,1036,286
262.220000,1030,280
262.225000,1028,278
262.230000,1036,287
262.235000,1037,288
262.240000,1029,280
262.245000,1029,281
262.250000,1032,282
262.255000,1034,283
262.260000,1036,286
262.265000,1039,289
262.270000,1035,286
262.275000,1027,280
262.280000,1029,282
262.285000,1029,282
262.290000,1031,284
262.295000,1034,287
262.300000,1023,276
262.305000,1026,278
262.310000,1037,289
262.315000,1035,285
262.320000,1032,283
262.325000,1033,284
262.330000,1019,270
262.335000,1027,278
262.340000,1034,287
262.345000,1025,278
262.350000,1023,276
262.355000,1034,287
262.360000,1022,274
262.365000,1027,278
262.370000,1029,281
262.375000,1025,277
262.380000,1021,272
262.385000,1029,280
262.390000,1023,276
262.395000,1022,276
262.400000,1022,276
262.405000,1020,274
262.410000,1025,279
262.415000,1021,276
262.420000,1011,264
262.425000,1021,275
262.430000,1025,279
262.435000,1018,270
262.440000,1019,271
262.445000,1025,278
262.450000,1014,267
262.455000,1014,268
262.460000,1028,282
262.465000,1018,273
262.470000,1012,267
262.475000,1025,280
262.480000,1017,271
262.485000,1023,277
262.490000,1022,277
262.495000,1017,272
262.500000,1018,273
262.505000,1020,275
262.510000,1019,274
262.515000,1026,281
262.520000,1018,273
262.525000,1021,276
262.530000,1018,273
262.535000,1025,279
262.540000,1019,273
262.545000,1024,278
262.550000,1021,276
262.555000,1017,271
262.560000,1024,278
262.565000,1030,283
262.570000,1015,267
262.575000,1022,274
262.580000,1025,277
262.585000,1025,277
262.590000,1024,277
262.595000,1029,281
262.600000,1018,271
262.605000,1021,274
262.610000,1027,280
262.615000,1027,281
262.620000,1020,274
262.625000,1026,280
262.630000,1012,266
262.635000,1028,282
262.640000,1022,277
262.645000,1023,278
262.650000,1020,275
262.655000,1025,281
262.660000,1017,273
262.665000,1023,280
262.670000,1020,276
262.675000,1019,275
262.680000,1016,272
262.685000,1029,285
262.690000,1025,280
262.695000,1017,273
262.700000,1016,272
262.705000,1021,277
262.710000,1026,282
262.715000,1029,285
262.720000,1016,272
262.725000,1022,277
262.730000,1019,274
262.735000,1027,281
262.740000,1030,284
262.745000,1024,277
262.750000,1017,271
262.755000,1024,278
262.760000,1029,283
262.765000,1022,277
262.770000,1020,275
262.775000,1024,279
262.780000,1017,272
262.785000,1024,281
262.790000,1017,274
262.795000,1016,274
262.800000,1014,273
262.805000,1017,275
262.810000,1021,278
262.815000,1023,281
262.820000,1012,270
262.825000,1015,273
262.830000,1020,278
262.835000,1024,281
262.840000,1015,271
262.845000,1026,283
262.850000,1019,276
262.855000,1014,271
262.860000,1018,276
262.865000,1029,285
262.870000,1012,268
262.875000,1023,279
262.880000,1021,276
262.885000,1024,280
262.890000,1020,276
262.895000,1016,272
262.900000,1020,276
262.905000,1021,278
262.910000,1025,282
262.915000,1019,276
262.920000,1009,266
262.925000,1018,274
262.930000,1019,273
262.935000,1031,284
262.940000,1023,276
262.945000,1019,272
262.950000,1023,276
262.955000,1023,276
262.960000,1020,273
262.965000,1025,277
262.970000,1026,278
262.975000,1017,269
262.980000,1016,271
262.985000,1028,283
262.990000,1020,275
262.995000,1024,277
263.000000,1022,274
263.005000,1027,278
263.010000,1018,270
263.015000,1021,272
263.020000,1022,274
263.025000,1027,279
263.030000,1025,279
263.035000,1030,284
263.040000,1027,282
263.045000,1021,276
263.050000,1016,271
263.055000,1026,282
263.060000,1023,280
263.065000,1027,285
263.070000,1016,274
263.075000,1021,279
263.080000,1018,276
263.085000,1025,283
263.090000,1026,284
263.095000,1020,278
263.100000,1018,276
263.105000,1026,284
263.110000,1024,282
263.115000,1023,281
263.120000,1014,272
263.125000,1026,284
263.130000,1028,286
263.135000,1026,284
263.140000,1022,280
263.145000,1023,281
263.150000,1019,278
263.155000,1023,282
263.160000,1028,287
263.165000,1026,285
263.170000,1020,280
263.175000,1017,278
263.180000,1018,280
263.185000,1021,283
263.190000,1020,282
263.195000,1020,280
263.200000,1017,277
263.205000,1031,290
263.210000,1023,283
263.215000,1022,283
263.220000,1008,269
263.225000,1019,280
263.230000,1020,281
263.235000,1024,285
263.240000,1014,275
263.245000,1014,276
263.250000,1017,278
263.255000,1021,282
263.260000,1019,280
263.265000,1022,283
263.270000,1019,280
263.275000,1024,286
263.280000,1017,279
263.285000,1027,289
263.290000,1014,277
263.295000,1016,278
263.300000,1019,281
263.305000,1022,284
263.310000,1022,285
263.315000,1015,280
263.320000,1013,277
263.325000,1022,286
263.330000,1015,279
263.335000,1023,287
263.340000,1010,275
263.345000,1018,283
263.350000,1014,278
263.355000,1021,285
263.360000,1016,279
263.365000,1015,278
263.370000,1011,275
263.375000,1016,280
263.380000,1015,278
263.385000,1019,281
263.390000,1014,276
263.395000,1013,275
263.400000,1015,278
263.405000,1022,285
263.410000,1020,283
263.415000,1007,270
263.420000,1013,275
263.425000,1019,281
263.430000,1016,279
263.435000,1018,281
263.440000,1022,285
263.445000,1016,279
263.450000,1010,273
263.455000,1020,283
263.460000,1020,284
263.465000,1016,279
263.470000,1016,278
263.475000,1017,279
263.480000,1024,287
263.485000,1020,283
263.490000,1017,280
263.495000,1019,282
263.500000,1015,278
263.505000,1019,282
263.510000,1021,284
263.515000,1022,285
263.520000,1019,281
263.525000,1022,283
263.530000,1019,280
263.535000,1021,282
263.540000,1019,281
263.545000,1021,283
263.550000,1020,282
263.555000,1024,285
263.560000,1021,282
263.565000,1028,289
263.570000,1017,278
263.575000,1018,280
263.580000,1021,283
263.585000,1025,288
263.590000,1018,282
263.595000,1015,279
263.600000,1020,284
263.605000,1020,285
263.610000,1020,284
263.615000,1022,286
263.620000,1020,282
263.625000,1022,284
263.630000,1016,278
263.635000,1023,285
263.640000,1024,286
263.645000,1021,283
263.650000,1022,283
263.655000,1025,286
263.660000,1015,277
263.665000,1021,283
263.670000,1021,284
263.675000,1016,278
263.680000,1021,284
263.685000,1024,288
263.690000,1011,276
263.695000,1012,276
263.700000,1016,280
263.705000,1023,285
263.710000,1018,279
263.715000,1022,284
263.720000,1015,277
263.725000,1022,284
263.730000,1022,283
263.735000,1019,280
263.740000,1017,278
263.745000,1019,281
263.750000,1011,274
263.755000,1021,284
263.760000,1023,286
263.765000,1023,286
263.770000,1018,281
263.775000,1021,283
263.780000,1013,275
263.785000,1021,283
263.790000,1025,288
263.795000,1028,292
263.800000,1016,280
263.805000,1025,290
263.810000,1018,283
263.815000,1018,283
263.820000,1022,288
263.825000,1024,288
263.830000,1025,289
263.835000,1024,287
263.840000,1020,284
263.845000,1023,286
263.850000,1018,281
263.855000,1018,281
263.860000,1025,288
263.865000,1026,289
263.870000,1018,280
263.875000,1025,287
263.880000,1024,287
263.885000,1025,288
263.890000,1022,285
263.895000,1020,283
263.900000,1020,283
263.905000,1015,278
263.910000,1019,283
263.915000,1031,294
263.920000,1022,284
263.925000,1026,288
263.930000,1020,281
263.935000,1026,288
263.940000,1017,279
263.945000,1020,283
263.950000,1027,290
263.955000,1023,286
263.960000,1017,280
263.965000,1024,287
263.970000,1016,280
263.975000,1024,288
263.980000,1017,282
263.985000,1020,286
263.990000,1019,285
263.995000,1023,289
264.000000,1015,281
264.005000,1019,285
264.010000,1019,283
264.015000,1027,290
264.020000,1020,283
264.025000,1018,281
264.030000,1013,275
264.035000,1021,283
264.040000,1029,291
264.045000,1023,285
264.050000,1014,276
264.055000,1019,281
264.060000,1018,280
264.065000,1019,281
264.070000,1018,280
264.075000,1025,289
264.080000,1010,274
264.085000,1022,286
264.090000,1020,286
264.095000,1019,287
264.100000,1010,279
264.105000,1015,285
264.110000,1012,282
264.115000,1017,286
264.120000,1010,279
264.125000,1021,290
264.130000,1015,284
264.135000,1013,282
264.140000,1006,275
264.145000,1009,279
264.150000,1008,278
264.155000,1012,282
264.160000,1018,287
264.165000,1015,284
264.170000,1005,275
264.175000,1016,285
264.180000,1006,274
264.185000,1010,279
264.190000,1017,286
264.195000,1018,287
264.200000,1014,283
264.205000,1011,281
264.210000,1007,278
264.215000,1012,284
264.220000,1007,278
264.225000,1010,281
264.230000,1011,283
264.235000,1015,286
264.240000,1010,281
264.245000,1013,284
264.250000,1013,284
264.255000,1012,284
264.260000,1009,281
264.265000,1014,287
264.270000,1009,282
264.275000,1015,287
264.280000,1009,281
264.285000,1010,282
264.290000,1006,279
264.295000,1015,288
264.300000,1012,284
264.305000,1014,284
264.310000,1011,281
264.315000,1015,285
264.320000,1012,282
264.325000,1012,283
264.330000,1009,280
264.335000,1021,289
264.340000,1009,277
264.345000,1005,274
264.350000,1008,277
264.355000,1013,282
264.360000,1007,277
264.365000,1012,282
264.370000,1010,280
264.375000,1006,276
264.380000,1003,273
264.385000,1014,285
264.390000,1008,279
264.395000,1015,285
264.400000,1006,276
264.405000,1008,279
264.410000,1015,284
264.415000,1014,283
264.420000,1009,278
264.425000,1012,280
264.430000,1010,279
264.435000,1013,282
264.440000,1009,277
264.445000,1014,282
264.450000,1005,273
264.455000,1013,280
264.460000,1011,279
264.465000,1012,280
264.470000,1013,281
264.475000,1012,279
264.480000,1011,278
264.485000,1011,279
264.490000,1008,277
264.495000,1015,285
264.500000,1006,278
264.505000,1011,283
264.510000,1017,289
264.515000,1011,281
264.520000,1004,274
264.525000,1018,287
264.530000,1010,279
264.535000,1017,287
264.540000,1020,289
264.545000,1015,284
264.550000,1017,286
264.555000,1013,283
264.560000,1010,280
264.565000,1014,285
264.570000,1013,284
264.575000,1012,284
264.580000,1007,279
264.585000,1014,286
264.590000,1008,280
264.595000,1014,285
264.600000,1016,287
264.605000,1010,281
264.610000,1018,289
264.615000,1017,288
264.620000,1005,276
264.625000,1011,282
264.630000,1016,287
264.635000,1020,291
264.640000,1009,280
264.645000,1008,279
264.650000,1004,274
264.655000,1010,280
264.660000,1013,285
264.665000,1008,280
264.670000,1006,279
264.675000,1013,285
264.680000,1001,274
264.685000,1012,284
264.690000,1012,284
264.695000,1008,280
264.700000,1002,276
264.705000,1005,280
264.710000,1010,284
264.715000,1021,296
264.720000,1006,280
264.725000,1003,277
264.730000,1002,276
264.735000,1018,292
264.740000,1007,280
264.745000,1008,281
264.750000,1012,286
264.755000,1001,275
264.760000,1011,284
264.765000,1006,279
264.770000,1006,280
264.775000,1016,290
264.780000,1006,282
264.785000,1000,276
264.790000,1007,283
264.795000,1014,290
264.800000,995,272
264.805000,1006,284
264.810000,1012,291
264.815000,1010,289
264.820000,1001,280
264.825000,1004,283
264.830000,1007,287
264.835000,1004,285
264.840000,1005,287
264.845000,998,280
264.850000,1006,288
264.855000,1011,293
264.860000,1005,287
264.865000,1008,290
264.870000,1003,285
264.875000,1009,291
264.880000,1006,288
264.885000,1004,287
264.890000,1006,289
264.895000,1003,288
264.900000,1009,294
264.905000,999,284
264.910000,1012,297
264.915000,1007,293
264.920000,1001,286
264.925000,1010,295
264.930000,1003,289
264.935000,1006,292
264.940000,1002,288
264.945000,1002,289
264.950000,1003,291
264.955000,1002,290
264.960000,1005,293
264.965000,995,283
264.970000,1005,292
264.975000,1014,301
264.980000,1002,289
264.985000,1003,290
264.990000,1007,295
264.995000,1001,289
265.000000,1000,288
265.005000,1001,287
265.010000,1006,292
265.015000,1010,297
265.020000,1002,290
265.025000,993,281
265.030000,999,286
265.035000,1002,289
265.040000,1005,292
265.045000,997,285
265.050000,1002,290
265.055000,1005,292
265.060000,1004,290
265.065000,998,284
265.070000,995,282
265.075000,1009,296
265.080000,995,281
265.085000,997,284
265.090000,1002,290
265.095000,997,284
265.100000,999,286
265.105000,1001,288
265.110000,1003,292
265.115000,993,282
265.120000,997,285
265.125000,1002,291
265.130000,995,285
265.135000,1004,294
265.140000,993,283
265.145000,996,287
265.150000,1003,292
265.155000,997,286
265.160000,999,288
265.165000,1002,293
265.170000,997,287
265.175000,995,285
265.180000,995,286
265.185000,1001,292
265.190000,1003,294
265.195000,1000,291
265.200000,995,287
265.205000,990,283
265.210000,995,289
265.215000,1002,296
265.220000,990,284
265.225000,1001,294
265.230000,994,287
265.235000,995,288
265.240000,994,288
265.245000,986,279
265.250000,994,287
265.255000,1000,291
265.260000,1000,289
265.265000,999,288
265.270000,994,283
265.275000,996,285
265.280000,990,278
265.285000,1005,293
265.290000,997,284
265.295000,995,281
265.300000,999,285
265.305000,1002,287
265.310000,1003,285
265.315000,1008,290
265.320000,999,280
265.325000,1002,283
265.330000,1004,285
265.335000,1007,288
265.340000,1000,280
265.345000,1005,285
265.350000,1004,283
265.355000,999,278
265.360000,1000,279
265.365000,1010,290
265.370000,998,279
265.375000,1006,286
265.380000,1000,278
265.385000,1010,288
265.390000,1003,281
265.395000,1000,278
265.400000,1011,289
265.405000,1014,292
265.410000,1007,285
265.415000,1001,280
265.420000,1000,278
265.425000,1015,292
265.430000,1001,276
265.435000,1024,298
265.440000,1014,288
265.445000,1005,279
265.450000,1011,285
265.455000,1011,283
265.460000,1013,286
265.465000,1017,291
265.470000,1017,290
265.475000,1016,288
265.480000,1002,274
265.485000,1017,288
265.490000,1011,284
265.495000,1015,288
265.500000,1020,293
265.505000,1013,285
265.510000,1013,284
265.515000,1019,290
265.520000,1011,282
265.525000,1017,288
265.530000,1019,290
265.535000,1021,292
265.540000,1023,295
265.545000,1011,282
265.550000,1023,294
265.555000,1019,290
265.560000,1015,286
265.565000,1015,288
265.570000,1010,284
265.575000,1019,293
265.580000,1007,282
265.585000,1018,294
265.590000,1012,288
265.595000,1004,280
265.600000,1019,295
265.605000,1011,287
265.610000,1019,294
265.615000,1015,290
265.620000,1008,283
265.625000,1016,290
265.630000,1014,288
265.635000,1016,290
265.640000,1013,287
265.645000,1017,291
265.650000,1014,288
265.655000,1008,282
265.660000,1021,295
265.665000,1016,288
265.670000,1016,289
265.675000,1019,294
265.680000,1011,286
265.685000,1013,288
265.690000,1019,294
265.695000,1008,283
265.700000,1017,294
265.705000,1015,292
265.710000,1020,297
265.715000,1013,290
265.720000,1007,284
265.725000,1012,289
265.730000,1020,297
265.735000,1020,298
265.740000,1011,290
265.745000,1008,286
265.750000,1027,305
265.755000,1011,289
265.760000,1012,290
265.765000,1021,299
265.770000,1015,293
265.775000,1022,300
265.780000,1014,294
265.785000,1017,297
265.790000,1014,295
265.795000,1013,294
265.800000,1011,292
265.805000,1012,293
265.810000,1022,304
265.815000,1014,295
265.820000,1019,299
265.825000,1023,302
265.830000,1017,296
265.835000,1015,294
265.840000,1013,292
265.845000,1011,290
265.850000,1024,303
265.855000,1024,304
265.860000,1019,301
265.865000,1013,297
265.870000,1016,300
265.875000,1022,306
265.880000,1017,300
265.885000,1024,306
265.890000,1021,303
265.895000,1011,294
265.900000,1020,303
265.905000,1013,296
265.910000,1028,312
265.915000,1017,301
265.920000,1013,296
265.925000,1022,305
265.930000,1021,304
265.935000,1022,305
265.940000,1016,298
265.945000,1021,303
265.950000,1022,304
265.955000,1016,300
265.960000,1030,313
265.965000,1019,302
265.970000,1022,305
265.975000,1023,306
265.980000,1025,306
265.985000,1028,309
265.990000,1023,303
265.995000,1027,307
266.000000,1028,308
266.005000,1020,300
266.010000,1026,307
266.015000,1025,305
266.020000,1023,303
266.025000,1024,305
266.030000,1031,312
266.035000,1030,310
266.040000,1023,303
266.045000,1015,295
266.050000,1035,316
266.055000,1025,306
266.060000,1029,310
266.065000,1027,308
266.070000,1022,303
266.075000,1026,307
266.080000,1023,305
266.085000,1027,309
266.090000,1028,309
266.095000,1022,304
266.100000,1032,314
266.105000,1023,305
266.110000,1033,314
266.115000,1024,307
266.120000,1024,307
266.125000,1031,313
266.130000,1024,305
266.135000,1031,311
266.140000,1030,310
266.145000,1023,303
266.150000,1030,309
266.155000,1029,307
266.160000,1034,312
266.165000,1025,304
266.170000,1029,309
266.175000,1029,309
266.180000,1028,307
266.185000,1032,313
266.190000,1030,312
266.195000,1029,311
266.200000,1025,307
266.205000,1028,310
266.210000,1028,312
266.215000,1025,308
266.220000,1024,308
266.225000,1027,311
266.230000,1023,307
266.235000,1022,306
266.240000,1021,304
266.245000,1028,311
266.250000,1027,310
266.255000,1023,307
266.260000,1026,311
266.265000,1023,310
266.270000,1016,303
266.275000,1027,314
266.280000,1019,306
266.285000,1024,311
266.290000,1025,311
266.295000,1018,304
266.300000,1022,306
266.305000,1029,313
266.310000,1023,306
266.315000,1020,304
266.320000,1022,307
266.325000,1022,306
266.330000,1022,306
266.335000,1024,308
266.340000,1020,304
266.345000,1018,302
266.350000,1025,309
266.355000,1023,307
266.360000,1025,309
266.365000,1022,305
266.370000,1018,302
266.375000,1019,303
266.380000,1025,309
266.385000,1028,311
266.390000,1026,309
266.395000,1026,310
266.400000,1023,308
266.405000,1022,308
266.410000,1027,312
266.415000,1031,316
266.420000,1022,307
266.425000,1026,311
266.430000,1027,312
266.435000,1028,314
266.440000,1019,305
266.445000,1022,306
266.450000,1025,309
266.455000,1029,314
266.460000,1029,314
266.465000,1019,304
266.470000,1013,299
266.475000,1027,314
266.480000,1024,311
266.485000,1035,322
266.490000,1024,312
266.495000,1019,307
266.500000,1020,308
266.505000,1024,312
266.510000,1027,315
266.515000,1022,310
266.520000,1021,309
266.525000,1024,312
266.530000,1020,307
266.535000,1031,318
266.540000,1022,309
266.545000,1018,305
266.550000,1026,313
266.555000,1028,314
266.560000,1028,314
266.565000,1027,313
266.570000,1021,308
266.575000,1027,313
266.580000,1027,314
266.585000,1027,314
266.590000,1021,308
266.595000,1027,315
266.600000,1029,320
266.605000,1018,310
266.610000,1029,321
266.615000,1021,313
266.620000,1016,307
266.625000,1031,322
266.630000,1019,310
266.635000,1030,322
266.640000,1022,314
266.645000,1011,303
266.650000,1019,310
266.655000,1024,315
266.660000,1020,311
266.665000,1024,315
266.670000,1021,313
266.675000,1012,302
266.680000,1018,308
266.685000,1027,317
266.690000,1027,317
266.695000,1023,313
266.700000,1024,316
266.705000,1017,309
266.710000,1019,310
266.715000,1023,314
266.720000,1021,312
266.725000,1025,317
266.730000,1020,312
266.735000,1023,315
266.740000,1020,311
266.745000,1023,314
266.750000,1020,311
266.755000,1021,312
266.760000,1026,317
266.765000,1022,311
266.770000,1022,311
266.775000,1029,318
266.780000,1025,314
266.785000,1026,315
266.790000,1022,310
266.795000,1017,306
266.800000,1029,316
266.805000,1030,317
266.810000,1027,314
266.815000,1027,313
266.820000,1023,309
266.825000,1027,314
266.830000,1025,312
266.835000,1028,315
266.840000,1024,313
266.845000,1024,314
266.850000,1032,322
266.855000,1023,312
266.860000,1026,315
266.865000,1026,314
266.870000,1023,311
266.875000,1025,313
266.880000,1026,314
266.885000,1033,321
266.890000,1019,307
266.895000,1023,311
266.900000,1029,317
266.905000,1020,310
266.910000,1033,322
266.915000,1025,315
266.920000,1024,314
266.925000,1025,315
266.930000,1017,306
266.935000,1035,323
266.940000,1021,309
266.945000,1020,308
266.950000,1038,325
266.955000,1030,317
266.960000,1027,314
266.965000,1024,313
266.970000,1025,314
266.975000,1027,315
266.980000,1030,318
266.985000,1030,318
266.990000,1025,314
266.995000,1026,315
267.000000,1027,316
267.005000,1026,314
267.010000,1028,317
267.015000,1027,315
267.020000,1025,313
267.025000,1029,318
267.030000,1021,311
267.035000,1026,316
267.040000,1031,320
267.045000,1023,308
267.050000,1029,314
267.055000,1035,319
267.060000,1033,317
267.065000,1033,317
267.070000,1025,309
267.075000,1032,318
267.080000,1027,312
267.085000,1033,319
267.090000,1031,317
267.095000,1033,319
267.100000,1033,319
267.105000,1020,306
267.110000,1030,316
267.115000,1030,317
267.120000,1026,313
267.125000,1033,320
267.130000,1033,320
267.135000,1035,322
267.140000,1021,308
267.145000,1027,314
267.150000,1033,319
267.155000,1029,316
267.160000,1034,321
267.165000,1031,318
267.170000,1027,313
267.175000,1032,318
267.180000,1029,315
267.185000,1038,323
267.190000,1034,317
267.195000,1028,312
267.200000,1033,318
267.205000,1036,321
267.210000,1036,320
267.215000,1038,321
267.220000,1034,317
267.225000,1036,320
267.230000,1034,318
267.235000,1046,329
267.240000,1044,326
267.245000,1035,317
267.250000,1047,329
267.255000,1040,322
267.260000,1040,322
267.265000,1040,323
267.270000,1040,321
267.275000,1048,329
267.280000,1039,320
267.285000,1042,323
267.290000,1047,328
267.295000,1036,318
267.300000,1045,328
267.305000,1042,325
267.310000,1043,326
267.315000,1039,322
267.320000,1040,323
267.325000,1042,325
267.330000,1042,323
267.335000,1042,324
267.340000,1041,323
267.345000,1044,326
267.350000,1044,326
267.355000,1035,317
267.360000,1046,327
267.365000,1044,324
267.370000,1043,322
267.375000,1045,325
267.380000,1045,325
267.385000,1041,322
267.390000,1045,326
267.395000,1041,322
267.400000,1048,328
267.405000,1047,327
267.410000,1046,327
267.415000,1047,328
267.420000,1038,319
267.425000,1043,324
267.430000,1037,318
267.435000,1045,326
267.440000,1045,326
267.445000,1040,322
267.450000,1047,328
267.455000,1033,313
267.460000,1044,324
267.465000,1047,327
267.470000,1041,321
267.475000,1053,332
267.480000,1039,319
267.485000,1045,325
267.490000,1048,327
267.495000,1042,321
267.500000,1052,330
267.505000,1043,321
267.510000,1052,330
267.515000,1046,324
267.520000,1043,321
267.525000,1048,326
267.530000,1038,316
267.535000,1038,316
267.540000,1050,328
267.545000,1041,320
267.550000,1042,321
267.555000,1038,317
267.560000,1041,320
267.565000,1038,318
267.570000,1041,321
267.575000,1050,330
267.580000,1036,316
267.585000,1036,316
267.590000,1047,327
267.595000,1037,318
267.600000,1043,324
267.605000,1036,318
267.610000,1041,323
267.615000,1036,319
267.620000,1043,326
267.625000,1043,327
267.630000,1035,318
267.635000,1035,317
267.640000,1038,320
267.645000,1045,326
267.650000,1047,329
267.655000,1031,313
267.660000,1042,324
267.665000,1036,318
267.670000,1041,323
267.675000,1038,320
267.680000,1039,321
267.685000,1037,319
267.690000,1040,322
267.695000,1040,322
267.700000,1043,325
267.705000,1033,315
267.710000,1041,323
267.715000,1037,319
267.720000,1043,325
267.725000,1040,323
267.730000,1035,318
267.735000,1033,316
267.740000,1042,325
267.745000,1043,326
267.750000,1040,323
267.755000,1035,318
267.760000,1037,320
267.765000,1040,324
267.770000,1045,329
267.775000,1034,319
267.780000,1034,319
267.785000,1035,320
267.790000,1048,333
267.795000,1037,322
267.800000,1035,321
267.805000,1029,316
267.810000,1037,324
267.815000,1043,330
267.820000,1032,320
267.825000,1032,319
267.830000,1035,323
267.835000,1032,320
267.840000,1032,320
267.845000,1032,320
267.850000,1039,327
267.855000,1034,322
267.860000,1035,323
267.865000,1032,320
267.870000,1036,325
267.875000,1037,326
267.880000,1036,325
267.885000,1033,321
267.890000,1035,323
267.895000,1038,326
267.900000,1033,322
267.905000,1029,317
267.910000,1037,323
267.915000,1038,325
267.920000,1045,331
267.925000,1040,326
267.930000,1035,322
267.935000,1036,322
267.940000,1038,324
267.945000,1038,325
267.950000,1038,325
267.955000,1036,323
267.960000,1047,335
267.965000,1038,325
267.970000,1036,324
267.975000,1038,326
267.980000,1035,323
267.985000,1035,322
267.990000,1043,330
267.995000,1041,328
268.000000,1037,325
268.005000,1035,323
268.010000,1033,321
268.015000,1038,325
268.020000,1036,324
268.025000,1035,323
268.030000,1036,323
268.035000,1037,325
268.040000,1035,323
268.045000,1034,322
268.050000,1040,327
268.055000,1031,316
268.060000,1036,321
268.065000,1037,322
268.070000,1039,324
268.075000,1035,320
268.080000,1037,322
268.085000,1032,316
268.090000,1036,319
268.095000,1040,324
268.100000,1041,325
268.105000,1033,317
268.110000,1037,320
268.115000,1038,321
268.120000,1038,321
268.125000,1040,322
268.130000,1031,313
268.135000,1043,324
268.140000,1039,320
268.145000,1035,316
268.150000,1027,307
268.155000,1041,321
268.160000,1041,321
268.165000,1034,314
268.170000,1039,320
268.175000,1041,322
268.180000,1030,311
268.185000,1024,305
268.190000,1043,323
268.195000,1033,314
268.200000,1040,322
268.205000,1039,319
268.210000,1028,308
268.215000,1043,323
268.220000,1037,316
268.225000,1032,310
268.230000,1039,317
268.235000,1044,320
268.240000,1041,317
268.245000,1036,312
268.250000,1037,313
268.255000,1042,319
268.260000,1038,315
268.265000,1041,317
268.270000,1038,313
268.275000,1044,319
268.280000,1046,321
268.285000,1041,315
268.290000,1043,318
268.295000,1033,308
268.300000,1035,310
268.305000,1043,319
268.310000,1042,317
268.315000,1048,322
268.320000,1052,326
268.325000,1035,309
268.330000,1031,305
268.335000,1040,313
268.340000,1050,324
268.345000,1047,323
268.350000,1042,316
268.355000,1037,311
268.360000,1043,318
268.365000,1054,330
268.370000,1035,311
268.375000,1045,323
268.380000,1050,328
268.385000,1040,318
268.390000,1045,323
268.395000,1045,323
268.400000,1046,324
268.405000,1050,328
268.410000,1042,320
268.415000,1045,324
268.420000,1047,326
268.425000,1039,319
268.430000,1035,316
268.435000,1043,325
268.440000,1043,326
268.445000,1040,322
268.450000,1039,321
268.455000,1043,325
268.460000,1033,315
268.465000,1043,325
268.470000,1042,325
268.475000,1043,326
268.480000,1043,325
268.485000,1041,323
268.490000,1040,322
268.495000,1043,325
268.500000,1035,318
268.505000,1036,320
268.510000,1040,326
268.515000,1044,330
268.520000,1046,332
268.525000,1045,332
268.530000,1033,321
268.535000,1032,320
268.540000,1037,325
268.545000,1037,325
268.550000,1042,330
268.555000,1041,329
268.560000,1037,322
268.565000,1031,315
268.570000,1038,321
268.575000,1049,332
268.580000,1046,329
268.585000,1043,326
268.590000,1039,322
268.595000,1036,320
268.600000,1039,324
268.605000,1035,320
268.610000,1046,332
268.615000,1050,336
268.620000,1047,333
268.625000,1034,319
268.630000,1035,321
268.635000,1038,325
268.640000,1050,337
268.645000,1048,335
268.650000,1044,331
268.655000,1038,324
268.660000,1037,323
268.665000,1041,328
268.670000,1046,333
268.675000,1045,332
268.680000,1046,333
268.685000,1038,325
268.690000,1044,331
268.695000,1041,327
268.700000,1047,333
268.705000,1044,330
268.710000,1039,324
268.715000,1043,328
268.720000,1042,326
268.725000,1043,327
268.730000,1044,328
268.735000,1051,334
268.740000,1043,326
268.745000,1038,321
268.750000,1047,329
268.755000,1042,324
268.760000,1056,337
268.765000,1041,322
268.770000,1042,324
268.775000,1043,325
268.780000,1042,323
268.785000,1046,327
268.790000,1052,331
268.795000,1043,324
268.800000,1050,331
268.805000,1037,319
268.810000,1044,325
268.815000,1046,327
268.820000,1054,335
268.825000,1051,332
268.830000,1043,325
268.835000,1045,327
268.840000,1045,327
268.845000,1047,329
268.850000,1052,333
268.855000,1053,334
268.860000,1048,329
268.865000,1044,325
268.870000,1044,325
268.875000,1050,331
268.880000,1050,332
268.885000,1052,333
268.890000,1043,324
268.895000,1040,321
268.900000,1044,325
268.905000,1042,324
268.910000,1050,331
268.915000,1049,329
268.920000,1041,321
268.925000,1053,333
268.930000,1049,330
268.935000,1045,326
268.940000,1045,326
268.945000,1047,327
268.950000,1043,323
268.955000,1045,323
268.960000,1041,320
268.965000,1042,323
268.970000,1051,331
268.975000,1042,322
268.980000,1043,324
268.985000,1042,324
268.990000,1044,327
268.995000,1040,321
269.000000,1047,328
269.005000,1044,326
269.010000,1039,321
269.015000,1039,322
269.020000,1032,316
269.025000,1039,322
269.030000,1051,334
269.035000,1032,314
269.040000,1040,321
269.045000,1034,314
269.050000,1047,326
269.055000,1043,323
269.060000,1044,324
269.065000,1048,327
269.070000,1038,317
269.075000,1037,316
269.080000,1040,319
269.085000,1040,320
269.090000,1048,327
269.095000,1043,322
269.100000,1049,328
269.105000,1040,319
269.110000,1035,315
269.115000,1037,317
269.120000,1045,326
269.125000,1048,329
269.130000,1039,320
269.135000,1044,325
269.140000,1037,319
269.145000,1041,322
269.150000,1049,331
269.155000,1044,326
269.160000,1043,324
269.165000,1046,327
269.170000,1045,326
269.175000,1045,326
269.180000,1039,320
269.185000,1041,323
269.190000,1037,319
269.195000,1042,324
269.200000,1049,331
269.205000,1050,332
269.210000,1040,323
269.215000,1034,317
269.220000,1038,319
269.225000,1052,332
269.230000,1043,322
269.235000,1048,327
269.240000,1052,331
269.245000,1044,324
269.250000,1039,319
269.255000,1045,325
269.260000,1044,324
269.265000,1044,324
269.270000,1049,330
269.275000,1048,329
269.280000,1043,324
269.285000,1047,328
269.290000,1036,317
269.295000,1039,320
269.300000,1048,329
269.305000,1051,331
269.310000,1051,332
269.315000,1045,325
269.320000,1038,319
269.325000,1048,331
269.330000,1049,332
269.335000,1037,321
269.340000,1043,327
269.345000,1046,329
269.350000,1044,327
269.355000,1041,324
269.360000,1041,324
269.365000,1046,329
269.370000,1041,325
269.375000,1043,327
269.380000,1042,327
269.385000,1045,330
269.390000,1048,332
269.395000,1039,322
269.400000,1044,327
269.405000,1048,331
269.410000,1046,329
269.415000,1042,325
269.420000,1047,330
269.425000,1045,330
269.430000,1040,325
269.435000,1045,330
269.440000,1044,330
269.445000,1040,328
269.450000,1050,339
269.455000,1037,326
269.460000,1038,329
269.465000,1043,332
269.470000,1038,328
269.475000,1040,330
269.480000,1042,332
269.485000,1045,335
269.490000,1034,324
269.495000,1036,326
269.500000,1038,327
269.505000,1035,324
269.510000,1041,330
269.515000,1042,331
269.520000,1044,334
269.525000,1038,328
269.530000,1035,325
269.535000,1038,327
269.540000,1043,332
269.545000,1041,330
269.550000,1036,325
269.555000,1042,331
269.560000,1036,325
269.565000,1036,324
269.570000,1044,331
269.575000,1044,330
269.580000,1038,324
269.585000,1036,322
269.590000,1046,331
269.595000,1046,331
269.600000,1043,329
269.605000,1042,328
269.610000,1042,327
269.615000,1046,331
269.620000,1041,324
269.625000,1051,334
269.630000,1048,331
269.635000,1045,328
269.640000,1042,325
269.645000,1046,329
269.650000,1046,329
269.655000,1045,328
269.660000,1051,334
269.665000,1048,330
269.670000,1043,325
269.675000,1046,328
269.680000,1045,328
269.685000,1042,324
269.690000,1049,331
269.695000,1053,335
269.700000,1046,329
269.705000,1042,325
269.710000,1039,322
269.715000,1049,332
269.720000,1047,330
269.725000,1053,335
269.730000,1053,332
269.735000,1045,325
269.740000,1046,326
269.745000,1043,323
269.750000,1045,325
269.755000,1049,329
269.760000,1048,327
269.765000,1056,335
269.770000,1044,323
269.775000,1045,324
269.780000,1047,325
269.785000,1048,325
269.790000,1051,329
269.795000,1050,328
269.800000,1053,331
269.805000,1049,328
269.810000,1041,320
269.815000,1044,323
269.820000,1048,325
269.825000,1046,323
269.830000,1043,320
269.835000,1056,333
269.840000,1047,324
269.845000,1047,324
269.850000,1041,318
269.855000,1044,321
269.860000,1045,323
269.865000,1045,322
269.870000,1045,324
269.875000,1050,329
269.880000,1041,321
269.885000,1042,322
269.890000,1042,321
269.895000,1045,324
269.900000,1040,320
269.905000,1051,331
269.910000,1044,323
269.915000,1040,319
269.920000,1045,323
269.925000,1050,329
269.930000,1045,324
269.935000,1042,320
269.940000,1048,326
269.945000,1042,321
269.950000,1048,327
269.955000,1047,326
269.960000,1041,320
269.965000,1056,335
269.970000,1051,330
269.975000,1049,329
269.980000,1042,321
269.985000,1050,329
269.990000,1053,331
269.995000,1054,333
270.000000,1052,331
270.005000,1047,326
270.010000,1050,329
270.015000,1049,329
270.020000,1046,328
270.025000,1048,330
270.030000,1046,329
270.035000,1048,331
270.040000,1046,330
270.045000,1050,334
270.050000,1039,323
270.055000,1044,327
270.060000,1043,327
270.065000,1041,325
270.070000,1044,329
270.075000,1047,332
270.080000,1049,334
270.085000,1040,326
270.090000,1035,322
270.095000,1037,324
270.100000,1041,328
270.105000,1044,332
270.110000,1039,326
270.115000,1052,340
270.120000,1039,327
270.125000,1039,328
270.130000,1040,330
270.135000,1041,332
270.140000,1040,331
270.145000,1046,337
270.150000,1043,335
270.155000,1041,332
270.160000,1037,328
270.165000,1049,340
270.170000,1040,331
270.175000,1043,334
270.180000,1038,329
270.185000,1047,338
270.190000,1051,340
270.195000,1045,333
270.200000,1045,332
270.205000,1046,334
270.210000,1040,328
270.215000,1044,333
270.220000,1051,339
270.225000,1041,329
270.230000,1039,327
270.235000,1048,336
270.240000,1049,337
270.245000,1039,327
270.250000,1043,332
270.255000,1047,335
270.260000,1043,331
270.265000,1053,342
270.270000,1042,330
270.275000,1045,333
270.280000,1050,338
270.285000,1043,331
270.290000,1052,341
270.295000,1045,336
270.300000,1042,333
270.305000,1039,330
270.310000,1042,334
270.315000,1047,338
270.320000,1040,332
270.325000,1055,346
270.330000,1042,332
270.335000,1037,328
270.340000,1047,336
270.345000,1045,333
270.350000,1043,330
270.355000,1043,330
270.360000,1047,335
270.365000,1045,333
270.370000,1039,326
270.375000,1043,331
270.380000,1043,330
270.385000,1049,336
270.390000,1045,332
270.395000,1048,335
270.400000,1050,337
270.405000,1045,332
270.410000,1046,333
270.415000,1055,342
270.420000,1046,333
270.425000,1046,332
270.430000,1054,340
270.435000,1054,339
270.440000,1056,340
270.445000,1049,332
270.450000,1049,333
270.455000,1046,331
270.460000,1052,338
270.465000,1057,344
270.470000,1043,331
270.475000,1048,335
270.480000,1042,329
270.485000,1045,333
270.490000,1056,344
270.495000,1054,341
270.500000,1057,345
270.505000,1050,338
270.510000,1038,327
270.515000,1047,336
270.520000,1062,351
270.525000,1051,341
270.530000,1040,331
270.535000,1053,344
270.540000,1051,343
270.545000,1040,332
270.550000,1051,341
270.555000,1048,339
270.560000,1047,338
270.565000,1052,343
270.570000,1054,344
270.575000,1042,332
270.580000,1045,334
270.585000,1052,341
270.590000,1050,339
270.595000,1056,345
270.600000,1052,341
270.605000,1049,337
270.610000,1055,343
270.615000,1050,338
270.620000,1043,332
270.625000,1055,344
270.630000,1052,341
270.635000,1049,340
270.640000,1058,349
270.645000,1053,343
270.650000,1046,336
270.655000,1051,340
270.660000,1053,341
270.665000,1055,343
270.670000,1061,350
270.675000,1061,350
270.680000,1049,339
270.685000,1053,343
270.690000,1055,345
270.695000,1052,342
270.700000,1058,351
270.705000,1050,343
270.710000,1051,344
270.715000,1058,350
270.720000,1053,346
270.725000,1050,343
270.730000,1061,353
270.735000,1048,340
270.740000,1049,341
270.745000,1061,352
270.750000,1048,339
270.755000,1048,339
270.760000,1053,344
270.765000,1056,346
270.770000,1053,343
270.775000,1055,345
270.780000,1051,341
270.785000,1048,337
270.790000,1052,340
270.795000,1050,337
270.800000,1047,334
270.805000,1062,350
270.810000,1056,344
270.815000,1047,335
270.820000,1050,338
270.825000,1045,333
270.830000,1046,335
270.835000,1059,348
270.840000,1051,340
270.845000,1044,333
270.850000,1050,339
270.855000,1039,328
270.860000,1047,336
270.865000,1052,343
270.870000,1046,337
270.875000,1045,335
270.880000,1047,337
270.885000,1050,341
270.890000,1043,336
270.895000,1046,338
270.900000,1043,336
270.905000,1040,333
270.910000,1055,348
270.915000,1051,344
270.920000,1051,342
270.925000,1048,339
270.930000,1036,328
270.935000,1042,334
270.940000,1053,344
270.945000,1049,340
270.950000,1044,336
270.955000,1050,342
270.960000,1044,336
270.965000,1043,336
270.970000,1047,339
270.975000,1044,336
270.980000,1038,330
270.985000,1053,343
270.990000,1055,345
270.995000,1041,332
271.000000,1037,328
271.005000,1041,332
271.010000,1048,340
271.015000,1049,341
271.020000,1042,336
271.025000,1044,337
271.030000,1032,325
271.035000,1041,335
271.040000,1047,341
271.045000,1053,347
271.050000,1042,336
271.055000,1030,324
271.060000,1050,344
271.065000,1042,335
271.070000,1031,324
271.075000,1042,335
271.080000,1045,338
271.085000,1044,337
271.090000,1052,345
271.095000,1045,339
271.100000,1033,327
271.105000,1041,334
271.110000,1042,335
271.115000,1048,341
271.120000,1043,335
271.125000,1044,336
271.130000,1047,339
271.135000,1044,336
271.140000,1034,328
271.145000,1037,331
271.150000,1045,339
271.155000,1043,338
271.160000,1047,342
271.165000,1053,348
271.170000,1035,330
271.175000,1032,327
271.180000,1045,339
271.185000,1049,343
271.190000,1043,338
271.195000,1043,338
271.200000,1043,337
271.205000,1035,330
271.210000,1044,340
271.215000,1038,333
271.220000,1046,342
271.225000,1046,340
271.230000,1040,335
271.235000,1042,336
271.240000,1040,334
271.245000,1040,333
271.250000,1036,330
271.255000,1041,333
271.260000,1041,333
271.265000,1038,330
271.270000,1044,336
271.275000,1031,323
271.280000,1026,319
271.285000,1050,343
271.290000,1040,333
271.295000,1035,327
271.300000,1035,328
271.305000,1035,328
271.310000,1040,333
271.315000,1038,331
271.320000,1033,326
271.325000,1034,327
271.330000,1034,327
271.335000,1035,327
271.340000,1044,336
271.345000,1037,329
271.350000,1025,317
271.355000,1025,317
271.360000,1049,340
271.365000,1031,322
271.370000,1031,323
271.375000,1047,339
271.380000,1030,323
271.385000,1035,327
271.390000,1041,332
271.395000,1028,320
271.400000,1027,319
271.405000,1039,331
271.410000,1050,342
271.415000,1035,328
271.420000,1033,326
271.425000,1027,319
271.430000,1034,327
271.435000,1048,342
271.440000,1037,331
271.445000,1030,324
271.450000,1035,328
271.455000,1032,325
271.460000,1038,331
271.465000,1042,334
271.470000,1036,329
271.475000,1028,321
271.480000,1040,333
271.485000,1035,328
271.490000,1041,334
271.495000,1052,343
271.500000,1042,333
271.505000,1029,320
271.510000,1048,340
271.515000,1044,336
271.520000,1043,334
271.525000,1039,330
271.530000,1035,326
271.535000,1051,343
271.540000,1047,337
271.545000,1038,328
271.550000,1039,330
271.555000,1047,338
271.560000,1047,337
271.565000,1041,331
271.570000,1050,343
271.575000,1028,321
271.580000,1040,333
271.585000,1056,349
271.590000,1040,334
271.595000,1037,332
271.600000,1038,333
271.605000,1043,338
271.610000,1040,335
271.615000,1051,346
271.620000,1051,346
271.625000,1028,323
271.630000,1048,343
271.635000,1042,336
271.640000,1047,341
271.645000,1059,353
271.650000,1041,334
271.655000,1038,330
271.660000,1049,341
271.665000,1040,333
271.670000,1044,338
271.675000,1059,353
271.680000,1043,337
271.685000,1051,345
271.690000,1046,340
271.695000,1040,335
271.700000,1038,332
271.705000,1048,342
271.710000,1049,343
271.715000,1045,339
271.720000,1056,350
271.725000,1040,334
271.730000,1034,328
271.735000,1055,349
271.740000,1048,341
271.745000,1046,339
271.750000,1045,338
271.755000,1039,332
271.760000,1055,348
271.765000,1057,351
271.770000,1041,335
271.775000,1038,332
271.780000,1052,346
271.785000,1041,335
271.790000,1055,348
271.795000,1067,361
271.800000,1034,328
271.805000,1040,333
271.810000,1049,342
271.815000,1045,337
271.820000,1053,345
271.825000,1059,351
271.830000,1044,335
271.835000,1042,334
271.840000,1051,343
271.845000,1053,344
271.850000,1051,343
271.855000,1058,349
271.860000,1052,343
271.865000,1043,334
271.870000,1052,343
271.875000,1039,331
271.880000,1049,342
271.885000,1064,356
271.890000,1048,340
271.895000,1051,343
271.900000,1048,341
271.905000,1038,331
271.910000,1048,341
271.915000,1055,347
271.920000,1054,345
271.925000,1040,331
271.930000,1046,337
271.935000,1055,346
271.940000,1047,338
271.945000,1057,348
271.950000,1038,329
271.955000,1049,341
271.960000,1046,338
271.965000,1050,342
271.970000,1056,349
271.975000,1053,346
271.980000,1044,336
271.985000,1043,334
271.990000,1052,342
271.995000,1049,340
272.000000,1044,335
272.005000,1057,348
272.010000,1046,339
272.015000,1037,328
272.020000,1051,342
272.025000,1046,336
272.030000,1054,343
272.035000,1059,347
272.040000,1046,333
272.045000,1051,338
272.050000,1044,331
272.055000,1044,332
272.060000,1054,341
272.065000,1050,338
272.070000,1057,344
272.075000,1045,331
272.080000,1055,340
272.085000,1048,333
272.090000,1044,330
272.095000,1068,356
272.100000,1045,334
272.105000,1048,339
272.110000,1048,339
272.115000,1044,335
272.120000,1053,345
272.125000,1046,337
272.130000,1052,343
272.135000,1048,339
272.140000,1051,341
272.145000,1051,341
272.150000,1043,335
272.155000,1050,342
272.160000,1050,342
272.165000,1049,342
272.170000,1050,342
272.175000,1039,332
272.180000,1056,349
272.185000,1057,352
272.190000,1042,336
272.195000,1045,339
272.200000,1052,347
272.205000,1051,347
272.210000,1056,351
272.215000,1060,355
272.220000,1049,345
272.225000,1038,334
272.230000,1050,349
272.235000,1052,351
272.240000,1045,344
272.245000,1063,363
272.250000,1048,347
272.255000,1042,342
272.260000,1053,354
272.265000,1045,346
272.270000,1054,355
272.275000,1063,365
272.280000,1050,353
272.285000,1053,355
272.290000,1046,348
272.295000,1045,347
272.300000,1048,351
272.305000,1060,363
272.310000,1055,357
272.315000,1045,347
272.320000,1055,357
272.325000,1044,347
272.330000,1047,350
272.335000,1063,365
272.340000,1043,347
272.345000,1053,357
272.350000,1044,348
272.355000,1048,353
272.360000,1054,359
272.365000,1055,360
272.370000,1054,359
272.375000,1047,351
272.380000,1051,356
272.385000,1052,356
272.390000,1054,358
272.395000,1067,372
272.400000,1038,342
272.405000,1047,350
272.410000,1064,367
272.415000,1052,355
272.420000,1057,359
272.425000,1056,358
272.430000,1046,349
272.435000,1052,355
272.440000,1057,360
272.445000,1056,358
272.450000,1049,349
272.455000,1067,366
272.460000,1061,360
272.465000,1040,338
272.470000,1056,355
272.475000,1052,350
272.480000,1059,355
272.485000,1078,374
272.490000,1048,344
272.495000,1051,347
272.500000,1052,348
272.505000,1050,346
272.510000,1061,357
272.515000,1066,362
272.520000,1055,351
272.525000,1049,345
272.530000,1056,352
272.535000,1059,355
272.540000,1049,344
272.545000,1063,356
272.550000,1053,346
272.555000,1055,348
272.560000,1061,354
272.565000,1052,345
272.570000,1057,350
272.575000,1059,352
272.580000,1055,348
272.585000,1048,341
272.590000,1053,346
272.595000,1064,355
272.600000,1061,353
272.605000,1059,351
272.610000,1057,349
272.615000,1055,348
272.620000,1058,352
272.625000,1050,346
272.630000,1059,355
272.635000,1059,356
272.640000,1051,348
272.645000,1053,349
272.650000,1048,345
272.655000,1054,351
272.660000,1053,351
272.665000,1055,354
272.670000,1055,354
272.675000,1047,346
272.680000,1046,346
272.685000,1050,350
272.690000,1055,355
272.695000,1064,364
272.700000,1046,344
272.705000,1040,338
272.710000,1046,344
272.715000,1054,351
272.720000,1058,355
272.725000,1053,348
272.730000,1048,343
272.735000,1053,348
272.740000,1047,341
272.745000,1042,336
272.750000,1050,345
272.755000,1058,352
272.760000,1057,351
272.765000,1047,343
272.770000,1050,346
272.775000,1054,349
272.780000,1052,346
272.785000,1057,352
272.790000,1063,358
272.795000,1058,353
272.800000,1051,345
272.805000,1047,340
272.810000,1059,351
272.815000,1062,353
272.820000,1066,357
272.825000,1049,340
272.830000,1049,340
272.835000,1053,346
272.840000,1058,350
272.845000,1059,350
272.850000,1066,355
272.855000,1051,341
272.860000,1053,343
272.865000,1055,343
272.870000,1061,350
272.875000,1054,343
272.880000,1055,347
272.885000,1055,347
272.890000,1054,346
272.895000,1056,348
272.900000,1053,345
272.905000,1052,344
272.910000,1058,350
272.915000,1053,344
272.920000,1054,346
272.925000,1054,345
272.930000,1054,346
272.935000,1062,352
272.940000,1065,355
272.945000,1047,338
272.950000,1053,344
272.955000,1055,347
272.960000,1060,352
272.965000,1051,345
272.970000,1062,356
272.975000,1047,341
272.980000,1050,344
272.985000,1056,350
272.990000,1058,351
272.995000,1056,348
273.000000,1058,349
273.005000,1056,346
273.010000,1055,346
273.015000,1051,343
273.020000,1060,351
273.025000,1052,344
273.030000,1057,349
273.035000,1052,344
273.040000,1056,348
273.045000,1055,345
273.050000,1053,340
273.055000,1059,345
273.060000,1061,347
273.065000,1054,340
273.070000,1063,349
273.075000,1056,342
273.080000,1055,341
273.085000,1056,341
273.090000,1061,344
273.095000,1064,347
273.100000,1051,334
273.105000,1050,334
273.110000,1066,349
273.115000,1058,341
273.120000,1061,343
273.125000,1052,333
273.130000,1057,338
273.135000,1060,340
273.140000,1057,338
273.145000,1067,347
273.150000,1062,342
273.155000,1051,331
273.160000,1061,341
273.165000,1062,342
273.170000,1064,345
273.175000,1057,338
273.180000,1066,347
273.185000,1057,337
273.190000,1065,345
273.195000,1059,338
273.200000,1052,331
273.205000,1073,351
273.210000,1068,346
273.215000,1068,346
273.220000,1062,340
273.225000,1054,333
273.230000,1069,348
273.235000,1072,351
273.240000,1071,350
273.245000,1066,345
273.250000,1060,340
273.255000,1063,344
273.260000,1069,349
273.265000,1063,342
273.270000,1062,341
273.275000,1057,336
273.280000,1070,349
273.285000,1069,348
273.290000,1068,347
273.295000,1059,339
273.300000,1062,342
273.305000,1064,344
273.310000,1076,356
273.315000,1060,340
273.320000,1066,346
273.325000,1065,344
273.330000,1067,346
273.335000,1064,343
273.340000,1062,340
273.345000,1062,340
273.350000,1063,341
273.355000,1070,348
273.360000,1069,348
273.365000,1061,340
273.370000,1062,342
273.375000,1055,335
273.380000,1076,357
273.385000,1071,351
273.390000,1064,344
273.395000,1063,343
273.400000,1057,337
273.405000,1066,346
273.410000,1059,338
273.415000,1067,346
273.420000,1069,348
273.425000,1064,344
273.430000,1064,344
273.435000,1052,332
273.440000,1060,340
273.445000,1069,349
273.450000,1063,342
273.455000,1066,345
273.460000,1062,341
273.465000,1060,339
273.470000,1061,341
273.475000,1060,340
273.480000,1061,342
273.485000,1066,347
273.490000,1057,339
273.495000,1061,343
273.500000,1062,345
273.505000,1064,346
273.510000,1054,336
273.515000,1055,338
273.520000,1063,345
273.525000,1061,344
273.530000,1057,340
273.535000,1062,344
273.540000,1066,349
273.545000,1058,341
273.550000,1054,337
273.555000,1062,346
273.560000,1058,342
273.565000,1073,357
273.570000,1058,342
273.575000,1057,341
273.580000,1062,346
273.585000,1056,340
273.590000,1061,345
273.595000,1062,346
273.600000,1064,348
273.605000,1060,344
273.610000,1052,336
273.615000,1059,343
273.620000,1060,345
273.625000,1064,349
273.630000,1058,343
273.635000,1057,342
273.640000,1058,343
273.645000,1055,339
273.650000,1054,337
273.655000,1066,350
273.660000,1064,350
273.665000,1054,340
273.670000,1052,338
273.675000,1056,342
273.680000,1058,344
273.685000,1060,346
273.690000,1053,339
273.695000,1054,341
273.700000,1057,344
273.705000,1066,354
273.710000,1052,341
273.715000,1057,346
273.720000,1059,347
273.725000,1047,335
273.730000,1060,349
273.735000,1055,344
273.740000,1068,358
273.745000,1055,345
273.750000,1045,335
273.755000,1054,345
273.760000,1055,345
273.765000,1062,352
273.770000,1052,342
273.775000,1059,349
273.780000,1055,345
273.785000,1053,344
273.790000,1058,348
273.795000,1049,339
273.800000,1069,361
273.805000,1064,355
273.810000,1062,353
273.815000,1057,347
273.820000,1053,342
273.825000,1055,344
273.830000,1058,345
273.835000,1064,352
273.840000,1066,354
273.845000,1064,351
273.850000,1054,340
273.855000,1063,348
273.860000,1061,346
273.865000,1057,342
273.870000,1062,346
273.875000,1056,341
273.880000,1066,350
273.885000,1067,352
273.890000,1059,343
273.895000,1059,342
273.900000,1057,341
273.905000,1070,353
273.910000,1063,346
273.915000,1064,348
273.920000,1063,347
273.925000,1062,346
273.930000,1063,349
273.935000,1057,343
273.940000,1070,357
273.945000,1070,357
273.950000,1050,337
273.955000,1062,348
273.960000,1070,356
273.965000,1067,353
273.970000,1059,344
273.975000,1065,349
273.980000,1064,348
273.985000,1067,352
273.990000,1065,350
273.995000,1058,343
274.000000,1057,342
274.005000,1068,352
274.010000,1068,352
274.015000,1071,355
274.020000,1066,350
274.025000,1053,338
274.030000,1064,349
274.035000,1062,348
274.040000,1059,345
274.045000,1080,366
274.050000,1062,349
274.055000,1060,347
274.060000,1068,354
274.065000,1068,353
274.070000,1059,347
274.075000,1061,349
274.080000,1066,353
274.085000,1067,354
274.090000,1066,353
274.095000,1063,349
274.100000,1058,344
274.105000,1075,361
274.110000,1057,343
274.115000,1067,352
274.120000,1078,364
274.125000,1069,354
274.130000,1057,342
274.135000,1066,351
274.140000,1073,358
274.145000,1069,353
274.150000,1063,346
274.155000,1060,343
274.160000,1072,355
274.165000,1072,355
274.170000,1069,351
274.175000,1063,345
274.180000,1067,350
274.185000,1067,350
274.190000,1067,351
274.195000,1072,355
274.200000,1067,350
274.205000,1065,348
274.210000,1070,353
274.215000,1068,350
274.220000,1074,356
274.225000,1071,353
274.230000,1065,347
274.235000,1065,347
274.240000,1082,363
274.245000,1076,358
274.250000,1064,345
274.255000,1072,354
274.260000,1066,348
274.265000,1069,351
274.270000,1076,358
274.275000,1065,347
274.280000,1072,356
274.285000,1069,354
274.290000,1073,357
274.295000,1061,345
274.300000,1065,350
274.305000,1069,354
274.310000,1060,345
274.315000,1074,359
274.320000,1065,349
274.325000,1061,343
274.330000,1074,356
274.335000,1075,359
274.340000,1064,347
274.345000,1061,344
274.350000,1060,344
274.355000,1057,341
274.360000,1068,352
274.365000,1080,364
274.370000,1066,349
274.375000,1059,342
274.380000,1057,339
274.385000,1057,339
274.390000,1071,353
274.395000,1073,354
274.400000,1056,338
274.405000,1062,344
274.410000,1062,343
274.415000,1064,345
274.420000,1065,347
274.425000,1061,344
274.430000,1069,351
274.435000,1060,341
274.440000,1072,355
274.445000,1059,341
274.450000,1064,346
274.455000,1070,352
274.460000,1061,341
274.465000,1074,354
274.470000,1066,347
274.475000,1063,344
274.480000,1060,342
274.485000,1061,344
274.490000,1067,350
274.495000,1064,347
274.500000,1062,346
274.505000,1062,346
274.510000,1066,351
274.515000,1069,354
274.520000,1060,344
274.525000,1064,348
274.530000,1065,349
274.535000,1063,348
274.540000,1067,352
274.545000,1071,356
274.550000,1063,348
274.555000,1067,352
274.560000,1064,348
274.565000,1066,351
274.570000,1073,358
274.575000,1065,351
274.580000,1064,349
274.585000,1065,351
274.590000,1071,356
274.595000,1069,354
274.600000,1061,347
274.605000,1065,352
274.610000,1066,352
274.615000,1077,363
274.620000,1062,348
274.625000,1059,345
274.630000,1067,353
274.635000,1071,357
274.640000,1069,355
274.645000,1059,345
274.650000,1067,353
274.655000,1065,349
274.660000,1065,349
274.665000,1074,359
274.670000,1060,345
274.675000,1074,359
274.680000,1059,345
274.685000,1065,351
274.690000,1073,357
274.695000,1068,352
274.700000,1064,348
274.705000,1066,350
274.710000,1069,353
274.715000,1070,353
274.720000,1065,348
274.725000,1067,351
274.730000,1060,344
274.735000,1074,358
274.740000,1078,362
274.745000,1068,352
274.750000,1066,350
274.755000,1074,356
274.760000,1070,353
274.765000,1071,355
274.770000,1068,352
274.775000,1068,352
274.780000,1069,353
274.785000,1069,354
274.790000,1076,362
274.795000,1064,351
274.800000,1058,345
274.805000,1058,346
274.810000,1066,354
274.815000,1083,371
274.820000,1069,357
274.825000,1065,353
274.830000,1067,355
274.835000,1072,360
274.840000,1068,356
274.845000,1067,354
274.850000,1070,358
274.855000,1069,358
274.860000,1070,360
274.865000,1073,363
274.870000,1057,347
274.875000,1064,353
274.880000,1071,360
274.885000,1078,366
274.890000,1072,359
274.895000,1068,355
274.900000,1061,348
274.905000,1068,355
274.910000,1064,352
274.915000,1078,366
274.920000,1072,358
274.925000,1054,340
274.930000,1062,348
274.935000,1070,355
274.940000,1076,360
274.945000,1066,349
274.950000,1069,352
274.955000,1066,350
274.960000,1064,348
274.965000,1072,357
274.970000,1063,346
274.975000,1067,350
274.980000,1069,351
274.985000,1067,349
274.990000,1079,362
274.995000,1073,356
275.000000,1073,356
275.005000,1064,347
275.010000,1061,344
275.015000,1075,358
275.020000,1070,352
275.025000,1079,360
275.030000,1066,347
275.035000,1081,362
275.040000,1077,358
275.045000,1064,344
275.050000,1066,344
275.055000,1071,350
275.060000,1085,364
275.065000,1076,356
275.070000,1068,348
275.075000,1061,341
275.080000,1062,341
275.085000,1076,355
275.090000,1081,359
275.095000,1078,356
275.100000,1072,351
275.105000,1071,350
275.110000,1066,345
275.115000,1078,357
275.120000,1067,346
275.125000,1070,350
275.130000,1081,361
275.135000,1074,354
275.140000,1071,350
275.145000,1070,348
275.150000,1067,346
275.155000,1068,347
275.160000,1074,353
275.165000,1076,355
275.170000,1064,343
275.175000,1072,351
275.180000,1073,352
275.185000,1071,350
275.190000,1075,353
275.195000,1068,346
275.200000,1074,353
275.205000,1063,343
275.210000,1070,350
275.215000,1076,356
275.220000,1065,345
275.225000,1064,345
275.230000,1062,343
275.235000,1084,365
275.240000,1070,351
275.245000,1067,348
275.250000,1072,353
275.255000,1066,346
275.260000,1067,348
275.265000,1079,360
275.270000,1079,360
275.275000,1066,347
275.280000,1064,345
275.285000,1067,348
275.290000,1066,348
275.295000,1071,354
275.300000,1075,358
275.305000,1072,354
275.310000,1068,350
275.315000,1069,351
275.320000,1066,349
275.325000,1071,354
275.330000,1069,352
275.335000,1075,358
275.340000,1077,360
275.345000,1064,346
275.350000,1064,346
275.355000,1061,343
275.360000,1073,356
275.365000,1074,357
275.370000,1072,356
275.375000,1072,356
275.380000,1061,345
275.385000,1068,352
275.390000,1070,354
275.395000,1068,354
275.400000,1066,352
275.405000,1068,354
275.410000,1070,356
275.415000,1068,353
275.420000,1068,354
275.425000,1063,350
275.430000,1067,354
275.435000,1070,358
275.440000,1068,357
275.445000,1069,359
275.450000,1065,354
275.455000,1063,351
275.460000,1065,353
275.465000,1074,362
275.470000,1069,355
275.475000,1068,353
275.480000,1075,361
275.485000,1073,359
275.490000,1071,355
275.495000,1072,356
275.500000,1072,357
275.505000,1076,360
275.510000,1080,362
275.515000,1083,363
275.520000,1079,359
275.525000,1070,350
275.530000,1068,347
275.535000,1085,364
275.540000,1083,363
275.545000,1077,357
275.550000,1083,363
275.555000,1075,354
275.560000,1082,361
275.565000,1078,357
275.570000,1083,362
275.575000,1086,364
275.580000,1086,363
275.585000,1091,368
275.590000,1075,351
275.595000,1084,358
275.600000,1089,363
275.605000,1085,359
275.610000,1091,364
275.615000,1088,362
275.620000,1082,354
275.625000,1076,348
275.630000,1091,363
275.635000,1087,359
275.640000,1095,367
275.645000,1087,357
275.650000,1082,352
275.655000,1090,360
275.660000,1089,359
275.665000,1086,355
275.670000,1089,356
275.675000,1089,358
275.680000,1088,357
275.685000,1091,358
275.690000,1097,364
275.695000,1088,354
275.700000,1088,354
275.705000,1084,348
275.710000,1090,354
275.715000,1098,362
275.720000,1098,361
275.725000,1090,352
275.730000,1089,352
275.735000,1094,357
275.740000,1088,352
275.745000,1090,354
275.750000,1086,350
275.755000,1094,358
275.760000,1104,368
275.765000,1078,342
275.770000,1082,346
275.775000,1088,353
275.780000,1097,362
275.785000,1093,358
275.790000,1089,353
275.795000,1093,356
275.800000,1078,342
275.805000,1087,350
275.810000,1098,362
275.815000,1094,357
275.820000,1097,358
275.825000,1082,343
275.830000,1090,351
275.835000,1091,353
275.840000,1095,357
275.845000,1093,354
275.850000,1094,355
275.855000,1092,352
275.860000,1100,357
275.865000,1099,356
275.870000,1090,347
275.875000,1097,354
275.880000,1098,355
275.885000,1098,355
275.890000,1097,354
275.895000,1097,354
275.900000,1099,354
275.905000,1096,351
275.910000,1100,354
275.915000,1091,347
275.920000,1092,349
275.925000,1095,351
275.930000,1101,357
275.935000,1112,368
275.940000,1097,350
275.945000,1095,347
275.950000,1099,351
275.955000,1106,358
275.960000,1107,360
275.965000,1105,358
275.970000,1103,356
275.975000,1089,345
275.980000,1093,352
275.985000,1101,358
275.990000,1103,361
275.995000,1097,357
276.000000,1102,362
276.005000,1095,354
276.010000,1096,355
276.015000,1100,359
276.020000,1094,353
276.025000,1098,357
276.030000,1103,361
276.035000,1096,356
276.040000,1102,361
276.045000,1092,352
276.050000,1100,359
276.055000,1097,356
276.060000,1108,366
276.065000,1095,353
276.070000,1094,352
276.075000,1105,362
276.080000,1099,357
276.085000,1099,357
276.090000,1103,361
276.095000,1094,353
276.100000,1094,354
276.105000,1096,356
276.110000,1107,369
276.115000,1095,356
276.120000,1093,354
276.125000,1091,352
276.130000,1101,362
276.135000,1104,365
276.140000,1095,356
276.145000,1097,357
276.150000,1097,357
276.155000,1096,356
276.160000,1092,351
276.165000,1095,355
276.170000,1095,356
276.175000,1099,360
276.180000,1103,364
276.185000,1089,352
276.190000,1087,350
276.195000,1086,350
276.200000,1096,357
276.205000,1097,359
276.210000,1102,364
276.215000,1093,357
276.220000,1081,346
276.225000,1090,356
276.230000,1103,368
276.235000,1096,362
276.240000,1094,359
276.245000,1094,359
276.250000,1099,365
276.255000,1091,357
276.260000,1099,365
276.265000,1099,365
276.270000,1086,352
276.275000,1093,360
276.280000,1091,358
276.285000,1100,367
276.290000,1096,363
276.295000,1088,355
276.300000,1093,361
276.305000,1090,359
276.310000,1099,367
276.315000,1095,362
276.320000,1096,363
276.325000,1097,366
276.330000,1094,363
276.335000,1094,363
276.340000,1091,361
276.345000,1091,362
276.350000,1095,366
276.355000,1100,371
276.360000,1092,363
276.365000,1089,360
276.370000,1094,363
276.375000,1086,356
276.380000,1094,365
276.385000,1099,369
276.390000,1098,368
276.395000,1084,354
276.400000,1088,359
276.405000,1094,363
276.410000,1090,360
276.415000,1092,362
276.420000,1088,358
276.425000,1099,369
276.430000,1092,362
276.435000,1085,356
276.440000,1093,364
276.445000,1087,358
276.450000,1098,367
276.455000,1096,364
276.460000,1093,361
276.465000,1087,355
276.470000,1093,362
276.475000,1087,356
276.480000,1094,363
276.485000,1100,368
276.490000,1093,361
276.495000,1087,357
276.500000,1089,358
276.505000,1094,364
276.510000,1093,363
276.515000,1083,353
276.520000,1085,356
276.525000,1091,362
276.530000,1097,368
276.535000,1090,361
276.540000,1085,355
276.545000,1092,360
276.550000,1084,354
276.555000,1095,365
276.560000,1104,371
276.565000,1097,364
276.570000,1090,357
276.575000,1086,353
276.580000,1095,362
276.585000,1095,361
276.590000,1100,366
276.595000,1095,361
276.600000,1100,366
276.605000,1095,361
276.610000,1100,366
276.615000,1090,356
276.620000,1095,364
276.625000,1109,377
276.630000,1104,372
276.635000,1099,367
276.640000,1095,363
276.645000,1088,355
276.650000,1102,366
276.655000,1102,368
276.660000,1107,376
276.665000,1097,366
276.670000,1093,362
276.675000,1090,358
276.680000,1097,365
276.685000,1101,368
276.690000,1102,367
276.695000,1098,363
276.700000,1096,361
276.705000,1099,367
276.710000,1086,355
276.715000,1090,360
276.720000,1101,371
276.725000,1096,366
276.730000,1091,360
276.735000,1100,369
276.740000,1094,361
276.745000,1099,366
276.750000,1096,363
276.755000,1092,360
276.760000,1093,361
276.765000,1092,359
276.770000,1102,368
276.775000,1101,367
276.780000,1094,362
276.785000,1087,355
276.790000,1082,350
276.795000,1089,357
276.800000,1096,364
276.805000,1105,373
276.810000,1095,363
276.815000,1082,349
276.820000,1086,353
276.825000,1086,353
276.830000,1096,364
276.835000,1095,364
276.840000,1088,358
276.845000,1085,355
276.850000,1088,358
276.855000,1090,360
276.860000,1085,354
276.865000,1087,356
276.870000,1088,356
276.875000,1101,369
276.880000,1094,363
276.885000,1086,355
276.890000,1085,354
276.895000,1087,355
276.900000,1092,361
276.905000,1093,360
276.910000,1088,355
276.915000,1088,355
276.920000,1087,355
276.925000,1096,364
276.930000,1090,358
276.935000,1085,352
276.940000,1082,349
276.945000,1085,352
276.950000,1094,360
276.955000,1091,356
276.960000,1090,355
276.965000,1092,356
276.970000,1089,353
276.975000,1098,360
276.980000,1095,357
276.985000,1094,356
276.990000,1090,352
276.995000,1088,350
277.000000,1089,350
277.005000,1095,356
277.010000,1096,358
277.015000,1092,354
277.020000,1090,353
277.025000,1086,350
277.030000,1088,352
277.035000,1085,350
277.040000,1079,344
277.045000,1095,364
277.050000,1096,364
277.055000,1088,357
277.060000,1076,345
277.065000,1081,349
277.070000,1091,359
277.075000,1090,359
277.080000,1090,358
277.085000,1093,361
277.090000,1086,354
277.095000,1076,344
277.100000,1088,356
277.105000,1089,357
277.110000,1091,359
277.115000,1090,358
277.120000,1076,344
277.125000,1087,354
277.130000,1093,361
277.135000,1090,358
277.140000,1086,355
277.145000,1085,355
277.150000,1089,360
277.155000,1086,357
277.160000,1090,361
277.165000,1086,359
277.170000,1086,359
277.175000,1087,358
277.180000,1084,355
277.185000,1085,355
277.190000,1085,355
277.195000,1089,358
277.200000,1093,362
277.205000,1090,359
277.210000,1077,346
277.215000,1080,347
277.220000,1087,353
277.225000,1097,362
277.230000,1090,355
277.235000,1089,354
277.240000,1087,352
277.245000,1080,345
277.250000,1091,356
277.255000,1105,370
277.260000,1085,350
277.265000,1093,357
277.270000,1082,346
277.275000,1090,355
277.280000,1083,349
277.285000,1096,363
277.290000,1094,362
277.295000,1089,357
277.300000,1085,354
277.305000,1085,353
277.310000,1089,358
277.315000,1090,359
277.320000,1084,354
277.325000,1092,363
277.330000,1087,358
277.335000,1088,358
277.340000,1078,347
277.345000,1090,359
277.350000,1087,355
277.355000,1085,353
277.360000,1084,355
277.365000,1084,355
277.370000,1094,366
277.375000,1095,367
277.380000,1085,357
277.385000,1081,354
277.390000,1086,360
277.395000,1086,360
277.400000,1085,360
277.405000,1088,363
277.410000,1085,360
277.415000,1086,361
277.420000,1083,358
277.425000,1092,366
277.430000,1090,363
277.435000,1086,359
277.440000,1090,363
277.445000,1089,362
277.450000,1084,358
277.455000,1079,353
277.460000,1090,363
277.465000,1100,373
277.470000,1087,361
277.475000,1092,366
277.480000,1082,356
277.485000,1090,364
277.490000,1083,358
277.495000,1084,357
277.500000,1099,372
277.505000,1095,367
277.510000,1083,355
277.515000,1088,362
277.520000,1085,359
277.525000,1089,360
277.530000,1094,365
277.535000,1094,365
277.540000,1088,359
277.545000,1092,363
277.550000,1091,362
277.555000,1088,359
277.560000,1091,362
277.565000,1093,364
277.570000,1089,360
277.575000,1087,358
277.580000,1095,366
277.585000,1094,367
277.590000,1094,367
277.595000,1089,362
277.600000,1087,359
277.605000,1097,368
277.610000,1091,362
277.615000,1094,366
277.620000,1101,374
277.625000,1093,366
277.630000,1083,358
277.635000,1087,361
277.640000,1095,369
277.645000,1093,367
277.650000,1096,372
277.655000,1091,367
277.660000,1087,363
277.665000,1088,364
277.670000,1089,365
277.675000,1101,378
277.680000,1092,369
277.685000,1092,367
277.690000,1084,358
277.695000,1093,367
277.700000,1099,373
277.705000,1088,362
277.710000,1094,367
277.715000,1088,361
277.720000,1088,359
277.725000,1102,373
277.730000,1095,366
277.735000,1085,357
277.740000,1096,368
277.745000,1097,368
277.750000,1092,363
277.755000,1091,362
277.760000,1088,359
277.765000,1100,372
277.770000,1089,361
277.775000,1091,362
277.780000,1090,362
277.785000,1089,362
277.790000,1086,359
277.795000,1093,366
277.800000,1090,363
277.805000,1080,352
277.810000,1078,350
277.815000,1089,361
277.820000,1090,362
277.825000,1101,371
277.830000,1084,355
277.835000,1085,357
277.840000,1082,353
277.845000,1092,363
277.850000,1097,368
277.855000,1097,367
277.860000,1087,357
277.865000,1089,359
277.870000,1093,363
277.875000,1090,362
277.880000,1095,367
277.885000,1098,370
277.890000,1091,363
277.895000,1097,370
277.900000,1089,362
277.905000,1091,364
277.910000,1090,362
277.915000,1091,364
277.920000,1092,365
277.925000,1090,363
277.930000,1082,355
277.935000,1084,358
277.940000,1089,363
277.945000,1083,357
277.950000,1085,359
277.955000,1087,360
277.960000,1079,352
277.965000,1081,354
277.970000,1082,355
277.975000,1092,365
277.980000,1083,355
277.985000,1084,355
277.990000,1087,357
277.995000,1085,355
278.000000,1090,361
278.005000,1091,362
278.010000,1088,359
278.015000,1082,353
278.020000,1075,346
278.025000,1097,368
278.030000,1090,360
278.035000,1089,359
278.040000,1089,359
278.045000,1089,358
278.050000,1080,350
278.055000,1089,360
278.060000,1097,368
278.065000,1091,361
278.070000,1092,361
278.075000,1090,359
278.080000,1087,356
278.085000,1091,361
278.090000,1091,362
278.095000,1106,376
278.100000,1091,362
278.105000,1083,354
278.110000,1081,352
278.115000,1091,362
278.120000,1089,360
278.125000,1095,366
278.130000,1099,371
278.135000,1091,363
278.140000,1079,351
278.145000,1091,362
278.150000,1100,371
278.155000,1092,364
278.160000,1083,357
278.165000,1098,370
278.170000,1086,358
278.175000,1094,366
278.180000,1088,360
278.185000,1088,360
278.190000,1089,361
278.195000,1084,356
278.200000,1089,359
278.205000,1097,368
278.210000,1090,361
278.215000,1089,360
278.220000,1091,361
278.225000,1082,352
278.230000,1084,355
278.235000,1092,363
278.240000,1090,361
278.245000,1094,365
278.250000,1089,360
278.255000,1089,360
278.260000,1079,351
278.265000,1088,360
278.270000,1099,370
278.275000,1088,359
278.280000,1089,360
278.285000,1089,360
278.290000,1088,359
278.295000,1082,354
278.300000,1088,360
278.305000,1094,367
278.310000,1090,363
278.315000,1088,362
278.320000,1083,356
278.325000,1091,364
278.330000,1090,363
278.335000,1081,354
278.340000,1094,368
278.345000,1084,358
278.350000,1079,352
278.355000,1086,359
278.360000,1086,361
278.365000,1093,367
278.370000,1079,353
278.375000,1088,363
278.380000,1079,354
278.385000,1079,354
278.390000,1081,356
278.395000,1088,363
278.400000,1081,356
278.405000,1080,356
278.410000,1084,360
278.415000,1082,358
278.420000,1089,365
278.425000,1086,361
278.430000,1077,353
278.435000,1077,353
278.440000,1076,352
278.445000,1093,369
278.450000,1081,357
278.455000,1076,353
278.460000,1074,352
278.465000,1078,356
278.470000,1072,350
278.475000,1074,352
278.480000,1088,366
278.485000,1081,360
278.490000,1072,351
278.495000,1077,356
278.500000,1073,351
278.505000,1067,345
278.510000,1074,352
278.515000,1084,362
278.520000,1084,361
278.525000,1075,353
278.530000,1068,346
278.535000,1085,361
278.540000,1075,351
278.545000,1079,355
278.550000,1081,358
278.555000,1080,357
278.560000,1073,350
278.565000,1078,356
278.570000,1080,359
278.575000,1074,353
278.580000,1075,355
278.585000,1079,359
278.590000,1072,353
278.595000,1081,363
278.600000,1072,354
278.605000,1081,362
278.610000,1071,353
278.615000,1070,352
278.620000,1075,358
278.625000,1073,356
278.630000,1074,356
278.635000,1069,351
278.640000,1075,357
278.645000,1076,359
278.650000,1066,349
278.655000,1080,364
278.660000,1074,358
278.665000,1067,351
278.670000,1069,352
278.675000,1074,357
278.680000,1072,353
278.685000,1073,354
278.690000,1082,363
278.695000,1076,358
278.700000,1072,354
278.705000,1065,347
278.710000,1070,352
278.715000,1074,356
278.720000,1077,359
278.725000,1082,364
278.730000,1078,359
278.735000,1071,353
278.740000,1069,353
278.745000,1076,359
278.750000,1067,351
278.755000,1069,353
278.760000,1079,361
278.765000,1072,355
278.770000,1081,365
278.775000,1074,358
278.780000,1075,360
278.785000,1063,348
278.790000,1068,354
278.795000,1081,366
278.800000,1065,351
278.805000,1078,364
278.810000,1071,358
278.815000,1068,356
278.820000,1073,360
278.825000,1062,347
278.830000,1071,355
278.835000,1074,357
278.840000,1075,360
278.845000,1076,361
278.850000,1070,356
278.855000,1073,360
278.860000,1066,353
278.865000,1075,362
278.870000,1075,361
278.875000,1067,354
278.880000,1075,363
278.885000,1074,363
278.890000,1065,354
278.895000,1072,362
278.900000,1066,356
278.905000,1068,358
278.910000,1064,353
278.915000,1066,355
278.920000,1073,362
278.925000,1071,360
278.930000,1068,357
278.935000,1068,359
278.940000,1061,350
278.945000,1064,354
278.950000,1057,347
278.955000,1070,360
278.960000,1063,354
278.965000,1061,351
278.970000,1069,359
278.975000,1064,356
278.980000,1065,357
278.985000,1058,349
278.990000,1061,351
278.995000,1065,356
279.000000,1055,347
279.005000,1068,360
279.010000,1060,353
279.015000,1064,358
279.020000,1066,360
279.025000,1056,349
279.030000,1058,350
279.035000,1057,349
279.040000,1064,357
279.045000,1065,358
279.050000,1065,357
279.055000,1058,350
279.060000,1056,347
279.065000,1056,347
279.070000,1054,346
279.075000,1066,356
279.080000,1071,361
279.085000,1058,347
279.090000,1057,347
279.095000,1064,352
279.100000,1054,343
279.105000,1070,359
279.110000,1067,357
279.115000,1065,355
279.120000,1065,355
279.125000,1057,347
279.130000,1063,353
279.135000,1067,355
279.140000,1061,349
279.145000,1068,356
279.150000,1064,351
279.155000,1061,348
279.160000,1059,345
279.165000,1069,357
279.170000,1068,357
279.175000,1062,352
279.180000,1060,351
279.185000,1064,355
279.190000,1060,350
279.195000,1067,355
279.200000,1068,354
279.205000,1061,347
279.210000,1059,345
279.215000,1076,360
279.220000,1073,356
279.225000,1067,349
279.230000,1061,344
279.235000,1075,356
279.240000,1064,345
279.245000,1068,349
279.250000,1061,343
279.255000,1068,350
279.260000,1066,349
279.265000,1067,351
279.270000,1068,352
279.275000,1062,346
279.280000,1062,346
279.285000,1065,349
279.290000,1078,362
279.295000,1068,352
279.300000,1062,344
279.305000,1068,348
279.310000,1060,342
279.315000,1078,360
279.320000,1073,355
279.325000,1061,343
279.330000,1064,348
279.335000,1064,347
279.340000,1071,354
279.345000,1069,352
279.350000,1062,342
279.355000,1072,352
279.360000,1071,352
279.365000,1067,348
279.370000,1060,341
279.375000,1068,349
279.380000,1071,352
279.385000,1067,348
279.390000,1063,344
279.395000,1074,355
279.400000,1066,347
279.405000,1063,343
279.410000,1072,351
279.415000,1077,356
279.420000,1067,347
279.425000,1065,345
279.430000,1075,355
279.435000,1072,352
279.440000,1064,346
279.445000,1076,358
279.450000,1070,352
279.455000,1069,351
279.460000,1066,348
279.465000,1073,354
279.470000,1073,354
279.475000,1069,350
279.480000,1073,353
279.485000,1076,355
279.490000,1070,350
279.495000,1070,350
279.500000,1078,358
279.505000,1074,353
279.510000,1066,345
279.515000,1074,352
279.520000,1074,352
279.525000,1074,352
279.530000,1078,356
279.535000,1081,357
279.540000,1074,350
279.545000,1074,350
279.550000,1068,345
279.555000,1075,352
279.560000,1073,351
279.565000,1079,356
279.570000,1085,362
279.575000,1068,346
279.580000,1068,346
279.585000,1083,361
279.590000,1076,353
279.595000,1075,352
279.600000,1073,350
279.605000,1079,356
279.610000,1072,348
279.615000,1071,348
279.620000,1072,350
279.625000,1068,346
279.630000,1072,350
279.635000,1075,354
279.640000,1070,350
279.645000,1072,350
279.650000,1068,346
279.655000,1080,358
279.660000,1065,343
279.665000,1066,344
279.670000,1076,355
279.675000,1071,351
279.680000,1078,358
279.685000,1075,355
279.690000,1076,356
279.695000,1069,349
279.700000,1061,341
279.705000,1076,355
279.710000,1071,351
279.715000,1074,354
279.720000,1078,358
279.725000,1069,349
279.730000,1064,344
279.735000,1065,345
279.740000,1076,357
279.745000,1082,362
279.750000,1071,351
279.755000,1074,355
279.760000,1072,353
279.765000,1067,348
279.770000,1071,353
279.775000,1074,356
279.780000,1073,355
279.785000,1069,349
279.790000,1073,353
279.795000,1081,361
279.800000,1075,355
279.805000,1076,356
279.810000,1074,355
279.815000,1076,357
279.820000,1077,359
279.825000,1074,356
279.830000,1077,359
279.835000,1073,357
279.840000,1069,353
279.845000,1082,365
279.850000,1074,358
279.855000,1069,351
279.860000,1076,360
279.865000,1076,359
279.870000,1070,353
279.875000,1065,348
279.880000,1074,356
279.885000,1074,356
279.890000,1069,351
279.895000,1067,350
279.900000,1069,354
279.905000,1065,351
279.910000,1060,346
279.915000,1072,358
279.920000,1081,367
279.925000,1067,353
279.930000,1060,346
279.935000,1066,352
279.940000,1065,350
279.945000,1071,356
279.950000,1077,358
279.955000,1070,353
279.960000,1067,350
279.965000,1069,352
279.970000,1080,363
279.975000,1073,357
279.980000,1071,355
279.985000,1070,357
279.990000,1069,356
279.995000,1071,356
280.000000,1071,355
280.005000,1079,364
280.010000,1066,351
280.015000,1070,353
280.020000,1082,365
280.025000,1075,356
280.030000,1070,352
280.035000,1074,356
280.040000,1079,362
280.045000,1078,362
280.050000,1063,346
280.055000,1069,351
280.060000,1075,358
280.065000,1065,348
280.070000,1076,357
280.075000,1075,356
280.080000,1073,356
280.085000,1071,353
280.090000,1073,355
280.095000,1084,366
280.100000,1072,353
280.105000,1069,351
280.110000,1075,357
280.115000,1072,354
280.120000,1075,357
280.125000,1075,357
280.130000,1076,358
280.135000,1075,358
280.140000,1073,356
280.145000,1078,361
280.150000,1072,353
280.155000,1072,354
280.160000,1080,363
280.165000,1080,362
280.170000,1079,361
280.175000,1071,353
280.180000,1074,355
280.185000,1077,356
280.190000,1073,351
280.195000,1095,372
280.200000,1079,356
280.205000,1082,358
280.210000,1077,354
280.215000,1081,358
280.220000,1085,362
280.225000,1078,355
280.230000,1082,359
280.235000,1075,352
280.240000,1080,358
280.245000,1084,362
280.250000,1084,363
280.255000,1080,359
280.260000,1080,359
280.265000,1081,361
280.270000,1086,365
280.275000,1080,358
280.280000,1080,358
280.285000,1077,356
280.290000,1084,364
280.295000,1076,356
280.300000,1077,358
280.305000,1088,370
280.310000,1081,363
280.315000,1073,355
280.320000,1085,365
280.325000,1072,354
280.330000,1074,356
280.335000,1081,363
280.340000,1078,359
280.345000,1078,359
280.350000,1073,355
280.355000,1079,361
280.360000,1076,358
280.365000,1075,357
280.370000,1082,364
280.375000,1069,351
280.380000,1079,361
280.385000,1075,358
280.390000,1074,357
280.395000,1078,361
280.400000,1069,351
280.405000,1076,357
280.410000,1076,356
280.415000,1069,349
280.420000,1072,352
280.425000,1077,356
280.430000,1076,356
280.435000,1071,352
280.440000,1074,355
280.445000,1068,350
280.450000,1068,351
280.455000,1080,362
280.460000,1066,348
280.465000,1070,351
280.470000,1077,356
280.475000,1067,347
280.480000,1071,350
280.485000,1078,358
280.490000,1069,350
280.495000,1071,352
280.500000,1063,345
280.505000,1068,350
280.510000,1075,357
280.515000,1066,348
280.520000,1070,351
280.525000,1071,351
280.530000,1077,357
280.535000,1068,348
280.540000,1063,342
280.545000,1070,349
280.550000,1067,346
280.555000,1071,349
280.560000,1071,348
280.565000,1061,339
280.570000,1070,348
280.575000,1073,352
280.580000,1065,346
280.585000,1069,350
280.590000,1069,350
280.595000,1063,344
280.600000,1062,343
280.605000,1061,342
280.610000,1064,346
280.615000,1069,350
280.620000,1066,346
280.625000,1063,342
280.630000,1062,340
280.635000,1065,344
280.640000,1059,338
280.645000,1070,349
280.650000,1063,342
280.655000,1061,340
280.660000,1069,348
280.665000,1067,348
280.670000,1064,345
280.675000,1072,353
280.680000,1060,340
280.685000,1064,342
280.690000,1073,351
280.695000,1068,346
280.700000,1055,334
280.705000,1070,347
280.710000,1073,349
280.715000,1063,339
280.720000,1072,348
280.725000,1068,344
280.730000,1065,341
280.735000,1069,344
280.740000,1073,348
280.745000,1068,343
280.750000,1069,345
280.755000,1062,338
280.760000,1063,339
280.765000,1069,344
280.770000,1071,344
280.775000,1058,331
280.780000,1070,343
280.785000,1068,339
280.790000,1065,336
280.795000,1070,340
280.800000,1069,339
280.805000,1059,330
280.810000,1072,345
280.815000,1062,335
280.820000,1068,341
280.825000,1068,343
280.830000,1061,338
280.835000,1062,339
280.840000,1070,346
280.845000,1070,346
280.850000,1063,338
280.855000,1067,340
280.860000,1071,345
280.865000,1067,341
280.870000,1077,352
280.875000,1062,337
280.880000,1058,335
280.885000,1070,347
280.890000,1069,346
280.895000,1062,339
280.900000,1071,348
280.905000,1070,348
280.910000,1063,340
280.915000,1067,344
280.920000,1073,350
280.925000,1064,341
280.930000,1063,342
280.935000,1061,340
280.940000,1059,338
280.945000,1068,347
280.950000,1056,335
280.955000,1060,339
280.960000,1067,346
280.965000,1071,350
280.970000,1067,348
280.975000,1059,340
280.980000,1056,337
280.985000,1067,347
280.990000,1074,354
280.995000,1060,339
281.000000,1057,336
281.005000,1061,340
281.010000,1065,346
281.015000,1062,343
281.020000,1064,344
281.025000,1061,339
281.030000,1056,333
281.035000,1073,350
281.040000,1068,345
281.045000,1070,347
281.050000,1063,341
281.055000,1057,335
281.060000,1066,344
281.065000,1065,342
281.070000,1060,338
281.075000,1065,342
281.080000,1066,343
281.085000,1054,332
281.090000,1054,331
281.095000,1070,347
281.100000,1059,335
281.105000,1059,337
281.110000,1073,352
281.115000,1061,340
281.120000,1049,328
281.125000,1057,335
281.130000,1070,348
281.135000,1056,334
281.140000,1066,345
281.145000,1060,339
281.150000,1048,328
281.155000,1060,339
281.160000,1064,343
281.165000,1061,340
281.170000,1059,339
281.175000,1056,335
281.180000,1055,334
281.185000,1061,340
281.190000,1057,335
281.195000,1063,340
281.200000,1067,344
281.205000,1054,331
281.210000,1059,336
281.215000,1065,342
281.220000,1067,343
281.225000,1052,328
281.230000,1061,336
281.235000,1066,342
281.240000,1062,339
281.245000,1063,340
281.250000,1055,333
281.255000,1060,337
281.260000,1063,340
281.265000,1055,332
281.270000,1063,340
281.275000,1061,337
281.280000,1064,339
281.285000,1059,334
281.290000,1060,335
281.295000,1064,338
281.300000,1054,328
281.305000,1059,333
281.310000,1066,339
281.315000,1070,343
281.320000,1074,348
281.325000,1056,329
281.330000,1054,327
281.335000,1066,338
281.340000,1072,344
281.345000,1064,336
281.350000,1071,343
281.355000,1064,336
281.360000,1062,334
281.365000,1067,339
281.370000,1065,337
281.375000,1061,333
281.380000,1070,342
281.385000,1069,341
281.390000,1070,342
281.395000,1067,339
281.400000,1062,334
281.405000,1065,337
281.410000,1073,345
281.415000,1069,341
281.420000,1066,337
281.425000,1069,339
281.430000,1064,334
281.435000,1071,341
281.440000,1073,344
281.445000,1070,342
281.450000,1056,329
281.455000,1067,340
281.460000,1073,348
281.465000,1068,343
281.470000,1065,339
281.475000,1064,338
281.480000,1069,340
281.485000,1072,343
281.490000,1075,346
281.495000,1072,340
281.500000,1076,345
281.505000,1062,331
281.510000,1063,332
281.515000,1083,352
281.520000,1076,345
281.525000,1068,338
281.530000,1076,346
281.535000,1069,339
281.540000,1070,340
281.545000,1076,347
281.550000,1074,346
281.555000,1066,339
281.560000,1074,347
281.565000,1072,345
281.570000,1072,345
281.575000,1068,340
281.580000,1067,339
281.585000,1071,344
281.590000,1074,346
281.595000,1070,342
281.600000,1067,339
281.605000,1069,341
281.610000,1070,342
281.615000,1066,338
281.620000,1077,348
281.625000,1060,332
281.630000,1068,339
281.635000,1075,346
281.640000,1072,343
281.645000,1070,341
281.650000,1071,342
281.655000,1069,340
281.660000,1064,335
281.665000,1072,342
281.670000,1075,345
281.675000,1065,335
281.680000,1074,343
281.685000,1070,339
281.690000,1071,340
281.695000,1071,339
281.700000,1072,340
281.705000,1068,337
281.710000,1079,347
281.715000,1074,342
281.720000,1066,334
281.725000,1070,337
281.730000,1067,334
281.735000,1070,336
281.740000,1074,339
281.745000,1078,344
281.750000,1068,333
281.755000,1075,340
281.760000,1081,347
281.765000,1064,332
281.770000,1073,343
281.775000,1068,339
281.780000,1064,333
281.785000,1073,342
281.790000,1069,337
281.795000,1078,346
281.800000,1069,339
281.805000,1066,337
281.810000,1064,337
281.815000,1071,345
281.820000,1075,349
281.825000,1058,332
281.830000,1067,341
281.835000,1065,338
281.840000,1066,339
281.845000,1069,341
281.850000,1063,334
281.855000,1064,336
281.860000,1068,340
281.865000,1063,336
281.870000,1065,336
281.875000,1067,338
281.880000,1067,337
281.885000,1060,331
281.890000,1071,341
281.895000,1069,338
281.900000,1063,332
281.905000,1063,333
281.910000,1071,342
281.915000,1062,333
281.920000,1072,343
281.925000,1059,330
281.930000,1056,328
281.935000,1062,335
281.940000,1065,339
281.945000,1067,341
281.950000,1062,335
281.955000,1056,330
281.960000,1060,334
281.965000,1063,336
281.970000,1075,348
281.975000,1060,333
281.980000,1065,338
281.985000,1057,330
281.990000,1052,325
281.995000,1071,344
282.000000,1064,338
282.005000,1064,336
282.010000,1061,333
282.015000,1061,333
282.020000,1065,337
282.025000,1058,329
282.030000,1068,340
282.035000,1061,333
282.040000,1064,337
282.045000,1061,334
282.050000,1062,336
282.055000,1057,332
282.060000,1063,337
282.065000,1057,331
282.070000,1068,342
282.075000,1059,333
282.080000,1052,325
282.085000,1075,348
282.090000,1067,340
282.095000,1062,334
282.100000,1067,339
282.105000,1060,332
282.110000,1064,336
282.115000,1064,337
282.120000,1076,350
282.125000,1056,329
282.130000,1057,330
282.135000,1067,341
282.140000,1059,333
282.145000,1073,347
282.150000,1059,333
282.155000,1062,336
282.160000,1063,336
282.165000,1055,327
282.170000,1064,335
282.175000,1065,336
282.180000,1065,336
282.185000,1055,325
282.190000,1067,338
282.195000,1070,341
282.200000,1055,326
282.205000,1066,337
282.210000,1072,342
282.215000,1061,330
282.220000,1068,338
282.225000,1071,340
282.230000,1066,335
282.235000,1063,331
282.240000,1065,333
282.245000,1069,337
282.250000,1066,334
282.255000,1060,329
282.260000,1073,343
282.265000,1072,342
282.270000,1064,333
282.275000,1060,329
282.280000,1068,336
282.285000,1070,338
282.290000,1061,329
282.295000,1082,350
282.300000,1074,342
282.305000,1053,324
282.310000,1061,332
282.315000,1060,331
282.320000,1069,339
282.325000,1064,334
282.330000,1082,351
282.335000,1064,332
282.340000,1061,329
282.345000,1071,339
282.350000,1065,332
282.355000,1072,339
282.360000,1064,331
282.365000,1067,335
282.370000,1078,345
282.375000,1063,330
282.380000,1069,336
282.385000,1068,336
282.390000,1071,338
282.395000,1067,334
282.400000,1067,335
282.405000,1067,337
282.410000,1062,330
282.415000,1062,331
282.420000,1079,348
282.425000,1067,336
282.430000,1065,333
282.435000,1070,338
282.440000,1067,334
282.445000,1070,336
282.450000,1079,345
282.455000,1067,333
282.460000,1066,332
282.465000,1070,336
282.470000,1082,347
282.475000,1075,340
282.480000,1077,342
282.485000,1075,339
282.490000,1070,334
282.495000,1073,336
282.500000,1067,329
282.505000,1084,347
282.510000,1088,351
282.515000,1070,334
282.520000,1074,338
282.525000,1067,331
282.530000,1067,331
282.535000,1065,333
282.540000,1084,352
282.545000,1082,349
282.550000,1067,333
282.555000,1071,337
282.560000,1070,335
282.565000,1066,331
282.570000,1078,342
282.575000,1076,341
282.580000,1075,340
282.585000,1073,339
282.590000,1072,338
282.595000,1069,336
282.600000,1077,343
282.605000,1075,341
282.610000,1086,352
282.615000,1081,348
282.620000,1072,339
282.625000,1074,340
282.630000,1083,349
282.635000,1077,342
282.640000,1070,335
282.645000,1093,358
282.650000,1086,351
282.655000,1073,338
282.660000,1080,345
282.665000,1082,345
282.670000,1078,342
282.675000,1078,341
282.680000,1088,352
282.685000,1079,344
282.690000,1080,344
282.695000,1078,342
282.700000,1073,335
282.705000,1088,349
282.710000,1087,347
282.715000,1083,344
282.720000,1088,349
282.725000,1075,336
282.730000,1090,351
282.735000,1079,341
282.740000,1073,334
282.745000,1080,341
282.750000,1092,353
282.755000,1086,347
282.760000,1080,342
282.765000,1082,344
282.770000,1078,340
282.775000,1068,330
282.780000,1080,343
282.785000,1076,340
282.790000,1083,346
282.795000,1080,343
282.800000,1073,336
282.805000,1082,345
282.810000,1077,339
282.815000,1075,337
282.820000,1084,346
282.825000,1084,344
282.830000,1081,341
282.835000,1077,337
282.840000,1076,336
282.845000,1077,338
282.850000,1078,340
282.855000,1090,352
282.860000,1076,338
282.865000,1072,334
282.870000,1081,343
282.875000,1069,332
282.880000,1085,348
282.885000,1084,346
282.890000,1071,333
282.895000,1075,337
282.900000,1078,340
282.905000,1087,349
282.910000,1082,343
282.915000,1072,334
282.920000,1072,334
282.925000,1078,340
282.930000,1088,351
282.935000,1070,333
282.940000,1075,338
282.945000,1080,343
282.950000,1066,329
282.955000,1072,335
282.960000,1081,344
282.965000,1069,332
282.970000,1080,343
282.975000,1078,341
282.980000,1066,329
282.985000,1070,333
282.990000,1075,340
282.995000,1073,338
283.000000,1072,337
283.005000,1081,346
283.010000,1068,333
283.015000,1067,333
283.020000,1073,340
283.025000,1062,329
283.030000,1073,342
283.035000,1078,347
283.040000,1056,325
283.045000,1069,338
283.050000,1071,340
283.055000,1059,328
283.060000,1062,332
283.065000,1073,342
283.070000,1063,333
283.075000,1056,328
283.080000,1075,347
283.085000,1059,332
283.090000,1057,331
283.095000,1072,346
283.100000,1057,330
283.105000,1071,343
283.110000,1065,336
283.115000,1058,328
283.120000,1061,334
283.125000,1068,341
283.130000,1065,338
283.135000,1064,337
283.140000,1063,335
283.145000,1062,334
283.150000,1063,335
283.155000,1072,345
283.160000,1063,335
283.165000,1068,340
283.170000,1067,340
283.175000,1056,329
283.180000,1068,341
283.185000,1073,346
283.190000,1059,332
283.195000,1066,338
283.200000,1063,335
283.205000,1075,346
283.210000,1066,337
283.215000,1066,338
283.220000,1060,333
283.225000,1064,337
283.230000,1076,349
283.235000,1067,340
283.240000,1064,336
283.245000,1071,343
283.250000,1058,330
283.255000,1072,345
283.260000,1065,338
283.265000,1058,332
283.270000,1066,340
283.275000,1072,346
283.280000,1066,339
283.285000,1056,329
283.290000,1060,333
283.295000,1068,341
283.300000,1064,336
283.305000,1070,342
283.310000,1066,338
283.315000,1059,332
283.320000,1058,331
283.325000,1066,339
283.330000,1069,342
283.335000,1062,335
283.340000,1056,329
283.345000,1064,337
283.350000,1058,331
283.355000,1060,333
283.360000,1060,333
283.365000,1066,339
283.370000,1062,334
283.375000,1053,327
283.380000,1065,338
283.385000,1059,332
283.390000,1062,335
283.395000,1068,341
283.400000,1065,337
283.405000,1067,341
283.410000,1056,331
283.415000,1064,338
283.420000,1066,338
283.425000,1071,343
283.430000,1063,335
283.435000,1061,334
283.440000,1069,342
283.445000,1061,333
283.450000,1059,331
283.455000,1076,349
283.460000,1061,332
283.465000,1068,339
283.470000,1067,340
283.475000,1061,334
283.480000,1064,338
283.485000,1067,341
283.490000,1066,338
283.495000,1066,338
283.500000,1063,335
283.505000,1078,348
283.510000,1064,333
283.515000,1070,339
283.520000,1071,341
283.525000,1063,333
283.530000,1067,337
283.535000,1069,339
283.540000,1062,332
283.545000,1071,340
283.550000,1065,334
283.555000,1071,341
283.560000,1059,330
283.565000,1064,334
283.570000,1061,332
283.575000,1071,342
283.580000,1061,331
283.585000,1060,330
283.590000,1053,325
283.595000,1064,336
283.600000,1064,335
283.605000,1070,341
283.610000,1058,328
283.615000,1060,330
283.620000,1053,324
283.625000,1062,331
283.630000,1061,330
283.635000,1063,331
283.640000,1061,329
283.645000,1060,329
283.650000,1055,323
283.655000,1063,331
283.660000,1059,327
283.665000,1063,331
283.670000,1062,330
283.675000,1065,333
283.680000,1067,335
283.685000,1057,324
283.690000,1053,320
283.695000,1078,343
283.700000,1063,328
283.705000,1062,327
283.710000,1060,324
283.715000,1061,325
283.720000,1066,331
283.725000,1065,329
283.730000,1070,334
283.735000,1062,326
283.740000,1059,322
283.745000,1074,337
283.750000,1059,324
283.755000,1068,332
283.760000,1065,329
283.765000,1065,328
283.770000,1068,331
283.775000,1063,327
283.780000,1064,328
283.785000,1070,334
283.790000,1059,322
283.795000,1066,329
283.800000,1072,335
283.805000,1069,331
283.810000,1059,321
283.815000,1073,335
283.820000,1070,331
283.825000,1068,329
283.830000,1066,328
283.835000,1066,328
283.840000,1061,323
283.845000,1070,332
283.850000,1065,327
283.855000,1068,332
283.860000,1061,325
283.865000,1051,315
283.870000,1065,328
283.875000,1064,327
283.880000,1061,321
283.885000,1074,333
283.890000,1055,314
283.895000,1062,322
283.900000,1066,326
283.905000,1070,330
283.910000,1062,322
283.915000,1061,320
283.920000,1067,325
283.925000,1070,327
283.930000,1064,321
283.935000,1071,327
283.940000,1068,322
283.945000,1066,319
283.950000,1074,327
283.955000,1074,327
283.960000,1067,319
283.965000,1068,321
283.970000,1066,319
283.975000,1081,333
283.980000,1075,327
283.985000,1067,319
283.990000,1069,321
283.995000,1078,330
284.000000,1071,323
284.005000,1075,328
284.010000,1071,323
284.015000,1073,324
284.020000,1071,321
284.025000,1079,329
284.030000,1081,329
284.035000,1072,320
284.040000,1077,325
284.045000,1069,316
284.050000,1077,323
284.055000,1090,336
284.060000,1074,320
284.065000,1075,321
284.070000,1069,316
284.075000,1071,318
284.080000,1084,330
284.085000,1079,326
284.090000,1071,320
284.095000,1077,326
284.100000,1080,329
284.105000,1080,330
284.110000,1071,321
284.115000,1074,323
284.120000,1067,316
284.125000,1079,326
284.130000,1089,336
284.135000,1074,322
284.140000,1064,314
284.145000,1076,326
284.150000,1073,323
284.155000,1077,327
284.160000,1076,328
284.165000,1072,324
284.170000,1074,326
284.175000,1071,323
284.180000,1076,329
284.185000,1068,321
284.190000,1071,325
284.195000,1074,328
284.200000,1071,326
284.205000,1079,334
284.210000,1074,330
284.215000,1076,332
284.220000,1065,323
284.225000,1072,330
284.230000,1077,338
284.235000,1070,331
284.240000,1071,332
284.245000,1062,323
284.250000,1076,336
284.255000,1074,334
284.260000,1069,329
284.265000,1079,338
284.270000,1072,331
284.275000,1074,333
284.280000,1086,345
284.285000,1078,337
284.290000,1069,329
284.295000,1061,322
284.300000,1072,332
284.305000,1081,341
284.310000,1076,336
284.315000,1064,324
284.320000,1064,324
284.325000,1070,329
284.330000,1073,333
284.335000,1081,341
284.340000,1071,331
284.345000,1068,328
284.350000,1064,324
284.355000,1071,333
284.360000,1072,334
284.365000,1070,332
284.370000,1074,336
284.375000,1070,332
284.380000,1077,340
284.385000,1071,333
284.390000,1070,332
284.395000,1067,329
284.400000,1074,336
284.405000,1075,336
284.410000,1072,333
284.415000,1072,332
284.420000,1069,329
284.425000,1079,339
284.430000,1080,342
284.435000,1065,326
284.440000,1066,327
284.445000,1068,329
284.450000,1078,338
284.455000,1076,335
284.460000,1074,333
284.465000,1073,333
284.470000,1062,323
284.475000,1078,340
284.480000,1077,341
284.485000,1067,331
284.490000,1078,341
284.495000,1067,330
284.500000,1074,337
284.505000,1074,338
284.510000,1066,330
284.515000,1080,344
284.520000,1071,334
284.525000,1069,332
284.530000,1073,337
284.535000,1071,334
284.540000,1077,340
284.545000,1068,332
284.550000,1072,337
284.555000,1082,347
284.560000,1069,333
284.565000,1066,330
284.570000,1067,330
284.575000,1071,333
284.580000,1080,342
284.585000,1073,335
284.590000,1069,331
284.595000,1065,327
284.600000,1072,334
284.605000,1081,342
284.610000,1069,330
284.615000,1077,337
284.620000,1067,327
284.625000,1076,335
284.630000,1080,339
284.635000,1074,332
284.640000,1079,336
284.645000,1069,326
284.650000,1069,327
284.655000,1078,336
284.660000,1080,338
284.665000,1076,334
284.670000,1069,327
284.675000,1069,327
284.680000,1070,329
284.685000,1072,332
284.690000,1073,333
284.695000,1070,330
284.700000,1078,338
284.705000,1065,325
284.710000,1066,327
284.715000,1072,333
284.720000,1070,331
284.725000,1070,331
284.730000,1079,339
284.735000,1070,330
284.740000,1064,325
284.745000,1063,323
284.750000,1068,328
284.755000,1078,338
284.760000,1079,339
284.765000,1071,330
284.770000,1066,325
284.775000,1068,327
284.780000,1087,346
284.785000,1066,325
284.790000,1074,333
284.795000,1066,325
284.800000,1080,340
284.805000,1075,335
284.810000,1068,328
284.815000,1074,334
284.820000,1072,331
284.825000,1072,332
284.830000,1083,341
284.835000,1075,333
284.840000,1079,336
284.845000,1070,327
284.850000,1082,337
284.855000,1070,325
284.860000,1081,335
284.865000,1083,337
284.870000,1074,327
284.875000,1083,336
284.880000,1088,341
284.885000,1071,326
284.890000,1069,324
284.895000,1070,325
284.900000,1090,347
284.905000,1085,342
284.910000,1079,336
284.915000,1063,321
284.920000,1076,334
284.925000,1069,328
284.930000,1081,340
284.935000,1085,343
284.940000,1081,341
284.945000,1059,319
284.950000,1067,328
284.955000,1078,339
284.960000,1081,342
284.965000,1083,344
284.970000,1067,329
284.975000,1072,333
284.980000,1076,339
284.985000,1066,329
284.990000,1071,334
284.995000,1072,334
285.000000,1085,347
285.005000,1063,326
285.010000,1072,335
285.015000,1072,334
285.020000,1070,333
285.025000,1075,339
285.030000,1074,339
285.035000,1077,342
285.040000,1071,336
285.045000,1068,333
285.050000,1084,348
285.055000,1074,337
285.060000,1082,345
285.065000,1069,332
285.070000,1076,339
285.075000,1080,343
285.080000,1079,342
285.085000,1071,334
285.090000,1075,338
285.095000,1070,333
285.100000,1073,336
285.105000,1078,341
285.110000,1079,342
285.115000,1077,342
285.120000,1076,342
285.125000,1068,334
285.130000,1074,340
285.135000,1075,340
285.140000,1080,345
285.145000,1074,339
285.150000,1079,344
285.155000,1074,339
285.160000,1069,334
285.165000,1081,344
285.170000,1078,340
285.175000,1084,346
285.180000,1088,351
285.185000,1078,341
285.190000,1080,343
285.195000,1076,338
285.200000,1082,344
285.205000,1080,342
285.210000,1078,341
285.215000,1083,347
285.220000,1081,345
285.225000,1074,338
285.230000,1080,343
285.235000,1086,349
285.240000,1076,340
285.245000,1073,337
285.250000,1085,350
285.255000,1083,347
285.260000,1077,340
285.265000,1078,341
285.270000,1077,341
285.275000,1081,346
285.280000,1077,343
285.285000,1078,344
285.290000,1079,346
285.295000,1081,347
285.300000,1077,343
285.305000,1073,340
285.310000,1073,341
285.315000,1074,343
285.320000,1077,346
285.325000,1077,348
285.330000,1073,344
285.335000,1066,338
285.340000,1073,345
285.345000,1077,349
285.350000,1074,345
285.355000,1080,351
285.360000,1081,352
285.365000,1070,342
285.370000,1063,335
285.375000,1073,344
285.380000,1076,348
285.385000,1077,349
285.390000,1077,349
285.395000,1067,339
285.400000,1076,346
285.405000,1072,342
285.410000,1083,353
285.415000,1075,345
285.420000,1076,345
285.425000,1067,335
285.430000,1081,349
285.435000,1079,348
285.440000,1077,346
285.445000,1076,345
285.450000,1071,340
285.455000,1077,347
285.460000,1075,346
285.465000,1076,349
285.470000,1071,344
285.475000,1081,355
285.480000,1076,350
285.485000,1063,337
285.490000,1076,351
285.495000,1070,345
285.500000,1074,349
285.505000,1081,356
285.510000,1066,340
285.515000,1067,341
285.520000,1077,350
285.525000,1073,348
285.530000,1079,354
285.535000,1076,351
285.540000,1077,352
285.545000,1063,339
285.550000,1070,347
285.555000,1075,353
285.560000,1078,356
285.565000,1083,361
285.570000,1073,351
285.575000,1071,348
285.580000,1075,351
285.585000,1075,351
285.590000,1079,355
285.595000,1080,356
285.600000,1079,355
285.605000,1076,352
285.610000,1080,355
285.615000,1073,348
285.620000,1078,353
285.625000,1079,354
285.630000,1078,353
285.635000,1077,353
285.640000,1081,357
285.645000,1070,345
285.650000,1077,352
285.655000,1085,361
285.660000,1077,352
285.665000,1076,352
285.670000,1080,356
285.675000,1080,357
285.680000,1086,361
285.685000,1082,356
285.690000,1080,354
285.695000,1075,351
285.700000,1075,351
285.705000,1077,353
285.710000,1080,356
285.715000,1084,360
285.720000,1073,349
285.725000,1077,352
285.730000,1076,351
285.735000,1074,349
285.740000,1079,353
285.745000,1080,354
285.750000,1072,348
285.755000,1070,345
285.760000,1072,347
285.765000,1067,342
285.770000,1080,354
285.775000,1078,352
285.780000,1067,340
285.785000,1079,352
285.790000,1074,347
285.795000,1070,342
285.800000,1075,346
285.805000,1085,355
285.810000,1073,344
285.815000,1074,345
285.820000,1079,348
285.825000,1069,340
285.830000,1083,354
285.835000,1083,355
285.840000,1075,345
285.845000,1076,346
285.850000,1073,343
285.855000,1078,348
285.860000,1081,351
285.865000,1080,351
285.870000,1076,348
285.875000,1071,344
285.880000,1078,351
285.885000,1074,347
285.890000,1080,354
285.895000,1082,356
285.900000,1078,352
285.905000,1068,342
285.910000,1068,342
285.915000,1076,350
285.920000,1078,354
285.925000,1073,349
285.930000,1069,345
285.935000,1073,349
285.940000,1069,345
285.945000,1064,340
285.950000,1062,337
285.955000,1078,353
285.960000,1080,355
285.965000,1065,339
285.970000,1069,343
285.975000,1065,338
285.980000,1072,344
285.985000,1079,351
285.990000,1072,344
285.995000,1073,345
286.000000,1071,343
286.005000,1064,337
286.010000,1070,343
286.015000,1078,349
286.020000,1083,354
286.025000,1070,341
286.030000,1067,337
286.035000,1068,338
286.040000,1074,343
286.045000,1074,343
286.050000,1083,350
286.055000,1070,337
286.060000,1076,343
286.065000,1073,339
286.070000,1071,338
286.075000,1086,353
286.080000,1085,352
286.085000,1072,339
286.090000,1077,345
286.095000,1075,343
286.100000,1083,351
286.105000,1074,342
286.110000,1081,349
286.115000,1072,340
286.120000,1076,345
286.125000,1075,344
286.130000,1078,347
286.135000,1083,352
286.140000,1078,347
286.145000,1068,337
286.150000,1067,336
286.155000,1084,354
286.160000,1080,348
286.165000,1081,350
286.170000,1082,351
286.175000,1068,335
286.180000,1070,336
286.185000,1072,337
286.190000,1088,352
286.195000,1088,352
286.200000,1084,348
286.205000,1079,344
286.210000,1073,339
286.215000,1076,342
286.220000,1071,338
286.225000,1080,346
286.230000,1080,346
286.235000,1080,345
286.240000,1082,346
286.245000,1077,341
286.250000,1076,338
286.255000,1078,340
286.260000,1086,349
286.265000,1078,340
286.270000,1075,339
286.275000,1079,343
286.280000,1079,343
286.285000,1080,344
286.290000,1076,339
286.295000,1074,337
286.300000,1080,343
286.305000,1083,346
286.310000,1080,343
286.315000,1081,344
286.320000,1084,347
286.325000,1076,338
286.330000,1076,338
286.335000,1087,350
286.340000,1087,352
286.345000,1081,346
286.350000,1071,338
286.355000,1067,336
286.360000,1081,349
286.365000,1088,356
286.370000,1077,345
286.375000,1077,345
286.380000,1079,346
286.385000,1072,339
286.390000,1077,343
286.395000,1083,349
286.400000,1082,348
286.405000,1082,347
286.410000,1079,344
286.415000,1083,349
286.420000,1078,344
286.425000,1080,346
286.430000,1083,349
286.435000,1095,362
286.440000,1090,357
286.445000,1084,351
286.450000,1076,343
286.455000,1079,346
286.460000,1082,350
286.465000,1082,349
286.470000,1086,352
286.475000,1078,344
286.480000,1083,349
286.485000,1076,345
286.490000,1079,348
286.495000,1081,352
286.500000,1074,345
286.505000,1077,347
286.510000,1074,345
286.515000,1077,347
286.520000,1084,354
286.525000,1078,348
286.530000,1079,349
286.535000,1071,341
286.540000,1074,343
286.545000,1084,353
286.550000,1070,339
286.555000,1081,350
286.560000,1081,350
286.565000,1069,340
286.570000,1070,341
286.575000,1073,344
286.580000,1081,351
286.585000,1082,351
286.590000,1078,346
286.595000,1074,342
286.600000,1067,335
286.605000,1077,345
286.610000,1080,350
286.615000,1074,346
286.620000,1074,347
286.625000,1065,338
286.630000,1073,345
286.635000,1072,347
286.640000,1072,346
286.645000,1079,353
286.650000,1069,341
286.655000,1065,337
286.660000,1074,346
286.665000,1071,343
286.670000,1076,348
286.675000,1072,345
286.680000,1080,354
286.685000,1068,341
286.690000,1069,342
286.695000,1075,346
286.700000,1072,344
286.705000,1069,340
286.710000,1075,346
286.715000,1065,336
286.720000,1074,345
286.725000,1077,347
286.730000,1076,345
286.735000,1077,346
286.740000,1074,342
286.745000,1070,337
286.750000,1074,339
286.755000,1077,342
286.760000,1073,337
286.765000,1078,342
286.770000,1082,346
286.775000,1071,335
286.780000,1069,333
286.785000,1074,339
286.790000,1077,344
286.795000,1083,350
286.800000,1070,337
286.805000,1066,332
286.810000,1068,333
286.815000,1071,336
286.820000,1080,345
286.825000,1071,337
286.830000,1072,337
286.835000,1075,338
286.840000,1066,329
286.845000,1072,334
286.850000,1071,333
286.855000,1079,341
286.860000,1075,337
286.865000,1070,332
286.870000,1072,333
286.875000,1069,329
286.880000,1075,335
286.885000,1082,342
286.890000,1071,331
286.895000,1073,333
286.900000,1070,331
286.905000,1072,332
286.910000,1076,336
286.915000,1071,330
286.920000,1076,334
286.925000,1073,331
286.930000,1076,335
286.935000,1077,335
286.940000,1070,329
286.945000,1076,335
286.950000,1080,339
286.955000,1077,336
286.960000,1077,335
286.965000,1074,331
286.970000,1086,343
286.975000,1080,337
286.980000,1076,333
286.985000,1076,333
286.990000,1075,332
286.995000,1084,340
287.000000,1074,330
287.005000,1079,334
287.010000,1079,334
287.015000,1073,326
287.020000,1082,335
287.025000,1079,332
287.030000,1084,337
287.035000,1085,338
287.040000,1074,327
287.045000,1084,336
287.050000,1079,332
287.055000,1076,329
287.060000,1085,337
287.065000,1081,333
287.070000,1085,337
287.075000,1081,333
287.080000,1075,327
287.085000,1090,342
287.090000,1083,335
287.095000,1079,331
287.100000,1083,335
287.105000,1080,332
287.110000,1082,334
287.115000,1085,338
287.120000,1081,334
287.125000,1086,339
287.130000,1084,336
287.135000,1081,334
287.140000,1075,328
287.145000,1084,337
287.150000,1087,340
287.155000,1084,337
287.160000,1090,341
287.165000,1078,330
287.170000,1081,333
287.175000,1091,342
287.180000,1091,342
287.185000,1089,339
287.190000,1093,342
287.195000,1083,331
287.200000,1085,333
287.205000,1098,346
287.210000,1096,343
287.215000,1091,338
287.220000,1089,337
287.225000,1093,341
287.230000,1088,335
287.235000,1096,344
287.240000,1093,341
287.245000,1088,335
287.250000,1095,342
287.255000,1085,332
287.260000,1094,342
287.265000,1097,345
287.270000,1094,341
287.275000,1097,345
287.280000,1087,335
287.285000,1088,337
287.290000,1087,336
287.295000,1096,345
287.300000,1092,341
287.305000,1084,333
287.310000,1093,341
287.315000,1088,335
287.320000,1089,336
287.325000,1098,345
287.330000,1094,341
287.335000,1094,342
287.340000,1089,337
287.345000,1091,339
287.350000,1092,341
287.355000,1097,346
287.360000,1091,340
287.365000,1086,337
287.370000,1087,336
287.375000,1096,345
287.380000,1085,333
287.385000,1109,358
287.390000,1093,343
287.395000,1081,333
287.400000,1087,340
287.405000,1085,336
287.410000,1086,337
287.415000,1097,348
287.420000,1083,333
287.425000,1083,333
287.430000,1089,340
287.435000,1093,346
287.440000,1078,331
287.445000,1094,347
287.450000,1082,337
287.455000,1082,337
287.460000,1085,340
287.465000,1086,341
287.470000,1082,338
287.475000,1090,346
287.480000,1077,332
287.485000,1084,339
287.490000,1087,341
287.495000,1089,343
287.500000,1084,339
287.505000,1082,337
287.510000,1087,341
287.515000,1086,341
287.520000,1086,341
287.525000,1088,343
287.530000,1082,335
287.535000,1093,346
287.540000,1084,335
287.545000,1082,333
287.550000,1088,340
287.555000,1094,346
287.560000,1085,337
287.565000,1085,337
287.570000,1082,336
287.575000,1083,337
287.580000,1078,332
287.585000,1091,345
287.590000,1086,340
287.595000,1094,348
287.600000,1086,340
287.605000,1079,332
287.610000,1083,337
287.615000,1091,345
287.620000,1084,338
287.625000,1080,334
287.630000,1086,340
287.635000,1087,341
287.640000,1083,337
287.645000,1090,344
287.650000,1084,341
287.655000,1085,342
287.660000,1079,336
287.665000,1080,337
287.670000,1086,343
287.675000,1091,348
287.680000,1084,341
287.685000,1080,336
287.690000,1082,338
287.695000,1090,346
287.700000,1084,340
287.705000,1100,353
287.710000,1080,333
287.715000,1085,338
287.720000,1091,344
287.725000,1096,348
287.730000,1090,342
287.735000,1091,343
287.740000,1078,330
287.745000,1091,341
287.750000,1086,336
287.755000,1092,342
287.760000,1094,343
287.765000,1090,339
287.770000,1081,330
287.775000,1089,338
287.780000,1087,335
287.785000,1082,331
287.790000,1086,334
287.795000,1098,346
287.800000,1086,335
287.805000,1085,334
287.810000,1087,336
287.815000,1084,333
287.820000,1088,336
287.825000,1092,342
287.830000,1085,334
287.835000,1088,337
287.840000,1088,337
287.845000,1096,345
287.850000,1091,339
287.855000,1092,340
287.860000,1088,337
287.865000,1083,331
287.870000,1098,348
287.875000,1097,347
287.880000,1088,338
287.885000,1092,342
287.890000,1079,329
287.895000,1095,346
287.900000,1096,348
287.905000,1094,345
287.910000,1091,342
287.915000,1091,341
287.920000,1094,344
287.925000,1086,338
287.930000,1090,342
287.935000,1092,344
287.940000,1094,346
287.945000,1088,341
287.950000,1084,338
287.955000,1094,347
287.960000,1094,346
287.965000,1087,339
287.970000,1087,339
287.975000,1099,352
287.980000,1090,343
287.985000,1088,341
287.990000,1087,341
287.995000,1090,344
288.000000,1098,354
288.005000,1092,349
288.010000,1086,343
288.015000,1094,351
288.020000,1093,350
288.025000,1089,346
288.030000,1091,348
288.035000,1090,349
288.040000,1088,347
288.045000,1087,346
288.050000,1085,345
288.055000,1097,358
288.060000,1092,353
288.065000,1079,340
288.070000,1084,345
288.075000,1089,351
288.080000,1097,359
288.085000,1086,347
288.090000,1082,344
288.095000,1093,352
288.100000,1086,345
288.105000,1090,348
288.110000,1095,353
288.115000,1086,343
288.120000,1093,352
288.125000,1084,343
288.130000,1082,341
288.135000,1087,347
288.140000,1091,353
288.145000,1084,346
288.150000,1085,347
288.155000,1086,348
288.160000,1077,339
288.165000,1079,340
288.170000,1092,353
288.175000,1086,346
288.180000,1084,344
288.185000,1083,342
288.190000,1075,334
288.195000,1091,350
288.200000,1087,347
288.205000,1083,343
288.210000,1088,349
288.215000,1074,336
288.220000,1080,341
288.225000,1086,347
288.230000,1093,354
288.235000,1083,345
288.240000,1079,341
288.245000,1086,348
288.250000,1089,351
288.255000,1085,347
288.260000,1092,354
288.265000,1082,344
288.270000,1082,344
288.275000,1091,353
288.280000,1090,352
288.285000,1087,347
288.290000,1099,357
288.295000,1091,349
288.300000,1093,350
288.305000,1086,344
288.310000,1086,342
288.315000,1096,352
288.320000,1102,358
288.325000,1091,347
288.330000,1084,341
288.335000,1084,341
288.340000,1091,348
288.345000,1087,344
288.350000,1092,350
288.355000,1093,351
288.360000,1086,344
288.365000,1083,341
288.370000,1091,349
288.375000,1086,344
288.380000,1093,350
288.385000,1094,351
288.390000,1085,344
288.395000,1089,348
288.400000,1086,345
288.405000,1084,343
288.410000,1096,355
288.415000,1087,346
288.420000,1096,357
288.425000,1088,349
288.430000,1084,345
288.435000,1078,337
288.440000,1090,349
288.445000,1095,354
288.450000,1084,342
288.455000,1086,344
288.460000,1092,350
288.465000,1088,346
288.470000,1095,354
288.475000,1095,357
288.480000,1086,349
288.485000,1082,345
288.490000,1092,355
288.495000,1092,355
288.500000,1104,367
288.505000,1091,354
288.510000,1079,343
288.515000,1080,344
288.520000,1086,350
288.525000,1092,356
288.530000,1090,353
288.535000,1094,357
288.540000,1083,347
288.545000,1081,346
288.550000,1085,350
288.555000,1083,348
288.560000,1096,361
288.565000,1096,362
288.570000,1083,349
288.575000,1083,350
288.580000,1085,352
288.585000,1085,353
288.590000,1088,356
288.595000,1085,352
288.600000,1085,352
288.605000,1084,351
288.610000,1086,351
288.615000,1079,345
288.620000,1084,349
288.625000,1086,351
288.630000,1079,345
288.635000,1082,348
288.640000,1083,350
288.645000,1076,343
288.650000,1082,349
288.655000,1081,348
288.660000,1072,339
288.665000,1085,351
288.670000,1082,346
288.675000,1085,348
288.680000,1084,348
288.685000,1082,346
288.690000,1075,340
288.695000,1085,350
288.700000,1084,352
288.705000,1079,345
288.710000,1084,350
288.715000,1085,350
288.720000,1082,347
288.725000,1080,345
288.730000,1081,346
288.735000,1080,345
288.740000,1083,348
288.745000,1086,352
288.750000,1074,340
288.755000,1076,342
288.760000,1074,340
288.765000,1074,340
288.770000,1081,348
288.775000,1080,347
288.780000,1074,341
288.785000,1076,342
288.790000,1076,342
288.795000,1075,341
288.800000,1082,351
288.805000,1084,352
288.810000,1068,338
288.815000,1084,354
288.820000,1079,349
288.825000,1080,350
288.830000,1078,348
288.835000,1084,354
288.840000,1068,339
288.845000,1080,351
288.850000,1085,356
288.855000,1078,349
288.860000,1075,347
288.865000,1082,354
288.870000,1079,351
288.875000,1079,352
288.880000,1073,347
288.885000,1076,350
288.890000,1086,359
288.895000,1076,349
288.900000,1071,345
288.905000,1082,357
288.910000,1082,357
288.915000,1076,351
288.920000,1083,359
288.925000,1072,348
288.930000,1081,357
288.935000,1077,353
288.940000,1078,354
288.945000,1077,353
288.950000,1080,356
288.955000,1086,362
288.960000,1077,353
288.965000,1078,354
288.970000,1071,347
288.975000,1077,353
288.980000,1087,363
288.985000,1080,356
288.990000,1087,363
288.995000,1076,351
289.000000,1075,352
289.005000,1075,353
289.010000,1089,368
289.015000,1081,362
289.020000,1067,348
289.025000,1076,358
289.030000,1074,356
289.035000,1076,357
289.040000,1081,362
289.045000,1078,361
289.050000,1074,358
289.055000,1070,354
289.060000,1075,359
289.065000,1079,363
289.070000,1081,366
289.075000,1071,356
289.080000,1071,355
289.085000,1070,355
289.090000,1074,360
289.095000,1073,360
289.100000,1077,364
289.105000,1076,364
289.110000,1067,355
289.115000,1073,360
289.120000,1067,354
289.125000,1068,357
289.130000,1074,363
289.135000,1071,359
289.140000,1072,360
289.145000,1069,358
289.150000,1067,355
289.155000,1065,353
289.160000,1069,356
289.165000,1079,366
289.170000,1070,358
289.175000,1066,354
289.180000,1064,353
289.185000,1067,357
289.190000,1073,363
289.195000,1073,359
289.200000,1071,356
289.205000,1064,349
289.210000,1071,355
289.215000,1072,356
289.220000,1064,348
289.225000,1076,360
289.230000,1066,351
289.235000,1070,356
289.240000,1077,361
289.245000,1068,351
289.250000,1070,356
289.255000,1075,361
289.260000,1070,356
289.265000,1072,357
289.270000,1069,355
289.275000,1076,361
289.280000,1071,355
289.285000,1073,357
289.290000,1079,365
289.295000,1071,357
289.300000,1062,348
289.305000,1073,358
289.310000,1075,360
289.315000,1079,364
289.320000,1069,353
289.325000,1071,356
289.330000,1066,351
289.335000,1068,353
289.340000,1081,365
289.345000,1077,361
289.350000,1065,349
289.355000,1066,350
289.360000,1064,349
289.365000,1076,361
289.370000,1068,355
289.375000,1073,360
289.380000,1072,359
289.385000,1064,352
289.390000,1059,347
289.395000,1063,351
289.400000,1076,364
289.405000,1074,361
289.410000,1077,362
289.415000,1068,351
289.420000,1064,347
289.425000,1075,358
289.430000,1074,356
289.435000,1073,355
289.440000,1076,358
289.445000,1064,347
289.450000,1069,352
289.455000,1069,353
289.460000,1074,358
289.465000,1084,367
289.470000,1076,359
289.475000,1060,343
289.480000,1069,353
289.485000,1070,355
289.490000,1072,357
289.495000,1078,363
289.500000,1066,349
289.505000,1075,358
289.510000,1062,346
289.515000,1078,363
289.520000,1071,356
289.525000,1071,355
289.530000,1074,356
289.535000,1071,352
289.540000,1079,360
289.545000,1076,357
289.550000,1075,355
289.555000,1082,362
289.560000,1064,347
289.565000,1077,360
289.570000,1068,351
289.575000,1075,358
289.580000,1072,356
289.585000,1076,360
289.590000,1067,351
289.595000,1057,341
289.600000,1075,358
289.605000,1076,359
289.610000,1073,356
289.615000,1077,360
289.620000,1071,355
289.625000,1072,355
289.630000,1067,350
289.635000,1079,361
289.640000,1081,363
289.645000,1080,362
289.650000,1070,351
289.655000,1083,363
289.660000,1070,350
289.665000,1078,358
289.670000,1079,360
289.675000,1077,358
289.680000,1076,357
289.685000,1071,353
289.690000,1080,362
289.695000,1069,351
289.700000,1070,351
289.705000,1080,361
289.710000,1074,356
289.715000,1075,357
289.720000,1066,347
289.725000,1074,354
289.730000,1074,355
289.735000,1075,355
289.740000,1085,365
289.745000,1075,355
289.750000,1073,354
289.755000,1073,354
289.760000,1082,363
289.765000,1082,364
289.770000,1072,354
289.775000,1071,353
289.780000,1080,362
289.785000,1078,360
289.790000,1074,355
289.795000,1071,352
289.800000,1075,357
289.805000,1072,354
289.810000,1080,362
289.815000,1073,355
289.820000,1076,358
289.825000,1078,361
289.830000,1072,355
289.835000,1070,352
289.840000,1076,359
289.845000,1068,351
289.850000,1067,350
289.855000,1078,360
289.860000,1076,359
289.865000,1071,354
289.870000,1071,354
289.875000,1071,354
289.880000,1075,358
289.885000,1079,362
289.890000,1070,353
289.895000,1064,347
289.900000,1072,355
289.905000,1071,356
289.910000,1075,360
289.915000,1078,363
289.920000,1071,355
289.925000,1066,350
289.930000,1071,356
289.935000,1067,353
289.940000,1070,357
289.945000,1073,360
289.950000,1067,354
289.955000,1061,350
289.960000,1069,357
289.965000,1067,357
289.970000,1062,353
289.975000,1067,356
289.980000,1061,350
289.985000,1064,353
289.990000,1072,362
289.995000,1060,350
290.000000,1063,353
290.005000,1067,357
290.010000,1060,352
290.015000,1058,351
290.020000,1060,353
290.025000,1056,349
290.030000,1060,353
290.035000,1071,364
290.040000,1064,357
290.045000,1058,351
290.050000,1062,358
290.055000,1058,354
290.060000,1063,359
290.065000,1066,362
290.070000,1060,356
290.075000,1065,359
290.080000,1054,350
290.085000,1057,354
290.090000,1064,361
290.095000,1071,368
290.100000,1054,351
290.105000,1057,353
290.110000,1055,351
290.115000,1053,350
290.120000,1052,348
290.125000,1064,360
290.130000,1059,357
290.135000,1060,358
290.140000,1055,352
290.145000,1061,358
290.150000,1054,351
290.155000,1062,359
290.160000,1057,354
290.165000,1057,353
290.170000,1062,358
290.175000,1059,354
290.180000,1064,359
290.185000,1060,356
290.190000,1049,345
290.195000,1056,354
290.200000,1053,354
290.205000,1053,355
290.210000,1059,361
290.215000,1068,368
290.220000,1045,344
290.225000,1049,348
290.230000,1050,349
290.235000,1051,349
290.240000,1061,360
290.245000,1062,362
290.250000,1058,358
290.255000,1046,345
290.260000,1049,347
290.265000,1053,351
290.270000,1048,345
290.275000,1063,360
290.280000,1058,355
290.285000,1056,352
290.290000,1046,344
290.295000,1051,349
290.300000,1046,345
290.305000,1054,353
290.310000,1053,352
290.315000,1056,355
290.320000,1059,357
290.325000,1044,342
290.330000,1052,348
290.335000,1062,358
290.340000,1055,351
290.345000,1051,347
290.350000,1056,352
290.355000,1059,355
290.360000,1052,348
290.365000,1062,358
290.370000,1055,350
290.375000,1052,346
290.380000,1059,352
290.385000,1062,356
290.390000,1059,353
290.395000,1057,350
290.400000,1059,351
290.405000,1057,346
290.410000,1063,350
290.415000,1070,357
290.420000,1066,353
290.425000,1065,353
290.430000,1058,345
290.435000,1059,347
290.440000,1060,348
290.445000,1068,356
290.450000,1063,350
290.455000,1076,363
290.460000,1061,349
290.465000,1055,343
290.470000,1067,355
290.475000,1066,353
290.480000,1068,355
290.485000,1083,371
290.490000,1069,356
290.495000,1064,351
290.500000,1064,351
290.505000,1069,356
290.510000,1067,355
290.515000,1073,361
290.520000,1072,363
290.525000,1062,353
290.530000,1062,353
290.535000,1066,358
290.540000,1068,360
290.545000,1076,368
290.550000,1064,356
290.555000,1061,353
290.560000,1066,357
290.565000,1065,356
290.570000,1065,358
290.575000,1074,368
290.580000,1063,357
290.585000,1059,353
290.590000,1063,357
290.595000,1067,361
290.600000,1068,361
290.605000,1070,363
290.610000,1066,358
290.615000,1061,352
290.620000,1068,358
290.625000,1066,358
290.630000,1070,361
290.635000,1077,369
290.640000,1058,349
290.645000,1064,355
290.650000,1072,363
290.655000,1066,357
290.660000,1072,363
290.665000,1080,373
290.670000,1065,359
290.675000,1054,348
290.680000,1064,359
290.685000,1073,368
290.690000,1065,359
290.695000,1075,368
290.700000,1068,361
290.705000,1065,356
290.710000,1063,355
290.715000,1067,359
290.720000,1070,362
290.725000,1076,367
290.730000,1074,364
290.735000,1072,362
290.740000,1069,358
290.745000,1064,354
290.750000,1071,360
290.755000,1075,364
290.760000,1071,360
290.765000,1066,355
290.770000,1074,363
290.775000,1072,360
290.780000,1064,352
290.785000,1075,364
290.790000,1071,360
290.795000,1060,350
290.800000,1073,363
290.805000,1074,365
290.810000,1072,363
290.815000,1074,365
290.820000,1067,361
290.825000,1064,358
290.830000,1066,360
290.835000,1071,365
290.840000,1068,362
290.845000,1068,361
290.850000,1063,355
290.855000,1061,353
290.860000,1073,365
290.865000,1070,361
290.870000,1066,357
290.875000,1073,364
290.880000,1067,358
290.885000,1063,353
290.890000,1059,349
290.895000,1068,357
290.900000,1067,357
290.905000,1076,364
290.910000,1075,363
290.915000,1072,359
290.920000,1063,350
290.925000,1066,353
290.930000,1061,349
290.935000,1079,366
290.940000,1079,366
290.945000,1072,359
290.950000,1068,355
290.955000,1061,350
290.960000,1062,351
290.965000,1077,366
290.970000,1067,357
290.975000,1069,359
290.980000,1072,361
290.985000,1072,361
290.990000,1060,350
290.995000,1071,362
291.000000,1065,356
291.005000,1066,358
291.010000,1061,352
291.015000,1068,359
291.020000,1067,359
291.025000,1065,358
291.030000,1062,355
291.035000,1061,354
291.040000,1065,358
291.045000,1063,356
291.050000,1066,359
291.055000,1077,370
291.060000,1061,353
291.065000,1068,359
291.070000,1067,358
291.075000,1063,355
291.080000,1068,360
291.085000,1075,367
291.090000,1072,364
291.095000,1062,354
291.100000,1066,356
291.105000,1071,360
291.110000,1058,347
291.115000,1075,363
291.120000,1070,358
291.125000,1069,357
291.130000,1064,351
291.135000,1061,348
291.140000,1067,354
291.145000,1079,366
291.150000,1071,358
291.155000,1066,354
291.160000,1068,357
291.165000,1061,351
291.170000,1056,347
291.175000,1068,359
291.180000,1065,355
291.185000,1071,361
291.190000,1063,352
291.195000,1072,361
291.200000,1058,347
291.205000,1069,358
291.210000,1064,351
291.215000,1062,349
291.220000,1075,362
291.225000,1071,359
291.230000,1062,350
291.235000,1058,347
291.240000,1062,351
291.245000,1061,351
291.250000,1065,355
291.255000,1062,352
291.260000,1060,350
291.265000,1066,356
291.270000,1064,354
291.275000,1057,348
291.280000,1060,351
291.285000,1061,352
291.290000,1067,358
291.295000,1061,352
291.300000,1064,355
291.305000,1059,351
291.310000,1063,354
291.315000,1072,364
291.320000,1064,356
291.325000,1063,355
291.330000,1068,360
291.335000,1060,351
291.340000,1062,353
291.345000,1074,365
291.350000,1064,353
291.355000,1073,362
291.360000,1063,352
291.365000,1062,352
291.370000,1068,358
291.375000,1066,357
291.380000,1069,360
291.385000,1064,355
291.390000,1064,355
291.395000,1064,355
291.400000,1061,352
291.405000,1067,359
291.410000,1064,355
291.415000,1066,357
291.420000,1057,348
291.425000,1060,351
291.430000,1058,349
291.435000,1066,356
291.440000,1077,366
291.445000,1065,354
291.450000,1060,349
291.455000,1060,347
291.460000,1063,350
291.465000,1070,357
291.470000,1071,357
291.475000,1066,353
291.480000,1057,345
291.485000,1067,355
291.490000,1065,353
291.495000,1061,349
291.500000,1065,353
291.505000,1070,358
291.510000,1072,358
291.515000,1067,353
291.520000,1064,350
291.525000,1068,354
291.530000,1065,350
291.535000,1062,347
291.540000,1069,355
291.545000,1070,356
291.550000,1061,347
291.555000,1063,350
291.560000,1063,350
291.565000,1068,357
291.570000,1065,354
291.575000,1059,349
291.580000,1056,346
291.585000,1056,346
291.590000,1064,356
291.595000,1058,350
291.600000,1056,347
291.605000,1067,357
291.610000,1063,353
291.615000,1063,352
291.620000,1055,345
291.625000,1061,351
291.630000,1067,357
291.635000,1053,342
291.640000,1059,348
291.645000,1069,358
291.650000,1060,349
291.655000,1063,351
291.660000,1057,343
291.665000,1059,346
291.670000,1061,347
291.675000,1059,345
291.680000,1058,343
291.685000,1065,350
291.690000,1065,350
291.695000,1062,347
291.700000,1055,338
291.705000,1060,342
291.710000,1067,349
291.715000,1068,350
291.720000,1065,347
291.725000,1055,338
291.730000,1064,347
291.735000,1058,342
291.740000,1062,348
291.745000,1065,351
291.750000,1060,346
291.755000,1061,348
291.760000,1059,347
291.765000,1059,347
291.770000,1064,352
291.775000,1057,345
291.780000,1060,348
291.785000,1065,353
291.790000,1071,359
291.795000,1063,351
291.800000,1052,340
291.805000,1059,348
291.810000,1056,346
291.815000,1057,347
291.820000,1058,348
291.825000,1061,350
291.830000,1063,353
291.835000,1056,346
291.840000,1055,345
291.845000,1058,347
291.850000,1055,344
291.855000,1058,347
291.860000,1056,346
291.865000,1058,348
291.870000,1059,350
291.875000,1050,341
291.880000,1053,345
291.885000,1056,348
291.890000,1053,346
291.895000,1058,352
291.900000,1052,348
291.905000,1057,352
291.910000,1049,345
291.915000,1046,343
291.920000,1055,352
291.925000,1058,354
291.930000,1058,353
291.935000,1044,339
291.940000,1046,342
291.945000,1059,354
291.950000,1054,351
291.955000,1058,355
291.960000,1051,350
291.965000,1054,353
291.970000,1053,353
291.975000,1051,351
291.980000,1050,350
291.985000,1047,347
291.990000,1059,359
291.995000,1053,353
292.000000,1050,350
292.005000,1046,347
292.010000,1049,350
292.015000,1046,347
292.020000,1055,355
292.025000,1056,357
292.030000,1052,355
292.035000,1050,353
292.040000,1047,350
292.045000,1052,354
292.050000,1053,355
292.055000,1051,352
292.060000,1055,356
292.065000,1052,354
292.070000,1056,358
292.075000,1053,355
292.080000,1060,362
292.085000,1037,339
292.090000,1043,345
292.095000,1053,354
292.100000,1055,356
292.105000,1058,360
292.110000,1053,356
292.115000,1041,342
292.120000,1045,347
292.125000,1053,355
292.130000,1056,358
292.135000,1051,353
292.140000,1051,353
292.145000,1048,350
292.150000,1052,354
292.155000,1049,351
292.160000,1049,350
292.165000,1051,352
292.170000,1062,364
292.175000,1051,353
292.180000,1045,347
292.185000,1051,353
292.190000,1051,354
292.195000,1047,350
292.200000,1052,355
292.205000,1051,354
292.210000,1047,350
292.215000,1047,350
292.220000,1047,350
292.225000,1050,353
292.230000,1058,361
292.235000,1049,351
292.240000,1050,351
292.245000,1055,355
292.250000,1050,351
292.255000,1057,358
292.260000,1055,356
292.265000,1046,349
292.270000,1053,356
292.275000,1053,354
292.280000,1051,351
292.285000,1052,353
292.290000,1054,357
292.295000,1040,343
292.300000,1041,344
292.305000,1057,357
292.310000,1050,352
292.315000,1057,359
292.320000,1045,348
292.325000,1042,346
292.330000,1054,359
292.335000,1041,347
292.340000,1044,350
292.345000,1053,359
292.350000,1045,353
292.355000,1038,346
292.360000,1039,349
292.365000,1043,353
292.370000,1049,358
292.375000,1045,355
292.380000,1047,357
292.385000,1043,352
292.390000,1047,355
292.395000,1043,349
292.400000,1049,354
292.405000,1045,350
292.410000,1048,353
292.415000,1047,352
292.420000,1051,357
292.425000,1040,346
292.430000,1048,353
292.435000,1041,346
292.440000,1044,349
292.445000,1045,351
292.450000,1048,354
292.455000,1051,357
292.460000,1047,353
292.465000,1041,346
292.470000,1047,352
292.475000,1028,333
292.480000,1046,350
292.485000,1041,345
292.490000,1050,355
292.495000,1042,347
292.500000,1045,350
292.505000,1039,343
292.510000,1043,348
292.515000,1046,352
292.520000,1044,350
292.525000,1035,341
292.530000,1051,358
292.535000,1039,346
292.540000,1043,350
292.545000,1044,351
292.550000,1041,347
292.555000,1047,353
292.560000,1043,351
292.565000,1041,349
292.570000,1044,352
292.575000,1041,349
292.580000,1044,352
292.585000,1039,348
292.590000,1046,355
292.595000,1041,350
292.600000,1041,350
292.605000,1045,354
292.610000,1040,349
292.615000,1046,354
292.620000,1049,357
292.625000,1037,344
292.630000,1048,355
292.635000,1046,354
292.640000,1035,343
292.645000,1036,343
292.650000,1046,353
292.655000,1046,353
292.660000,1050,357
292.665000,1049,355
292.670000,1043,349
292.675000,1040,344
292.680000,1040,345
292.685000,1041,345
292.690000,1049,353
292.695000,1049,352
292.700000,1039,341
292.705000,1046,348
292.710000,1042,344
292.715000,1036,338
292.720000,1052,354
292.725000,1045,347
292.730000,1053,353
292.735000,1044,344
292.740000,1041,340
292.745000,1033,333
292.750000,1035,335
292.755000,1045,346
292.760000,1042,343
292.765000,1048,350
292.770000,1047,349
292.775000,1039,340
292.780000,1040,341
292.785000,1033,335
292.790000,1037,339
292.795000,1039,341
292.800000,1045,345
292.805000,1047,347
292.810000,1041,341
292.815000,1044,345
292.820000,1037,338
292.825000,1040,342
292.830000,1042,345
292.835000,1052,355
292.840000,1040,343
292.845000,1038,341
292.850000,1039,344
292.855000,1034,338
292.860000,1045,349
292.865000,1043,346
292.870000,1046,349
292.875000,1045,348
292.880000,1042,345
292.885000,1043,346
292.890000,1041,344
292.895000,1038,342
292.900000,1040,344
292.905000,1039,343
292.910000,1042,347
292.915000,1041,346
292.920000,1036,341
292.925000,1034,340
292.930000,1032,338
292.935000,1035,341
292.940000,1050,355
292.945000,1040,344
292.950000,1035,339
292.955000,1034,338
292.960000,1032,334
292.965000,1035,337
292.970000,1043,345
292.975000,1045,347
292.980000,1041,343
292.985000,1031,333
292.990000,1039,338
292.995000,1043,342
293.000000,1044,343
293.005000,1036,335
293.010000,1053,352
293.015000,1042,342
293.020000,1037,337
293.025000,1033,335
293.030000,1040,340
293.035000,1037,337
293.040000,1048,348
293.045000,1039,341
293.050000,1048,350
293.055000,1042,344
293.060000,1028,331
293.065000,1025,327
293.070000,1040,342
293.075000,1034,337
293.080000,1045,347
293.085000,1044,346
293.090000,1037,338
293.095000,1031,331
293.100000,1039,340
293.105000,1029,331
293.110000,1044,346
293.115000,1038,339
293.120000,1040,341
293.125000,1032,334
293.130000,1036,337
293.135000,1034,335
293.140000,1044,345
293.145000,1037,339
293.150000,1043,345
293.155000,1029,332
293.160000,1042,344
293.165000,1035,339
293.170000,1040,344
293.175000,1044,348
293.180000,1037,343
293.185000,1038,344
293.190000,1040,346
293.195000,1037,342
293.200000,1045,350
293.205000,1037,342
293.210000,1052,357
293.215000,1037,342
293.220000,1041,346
293.225000,1042,346
293.230000,1041,345
293.235000,1038,342
293.240000,1048,352
293.245000,1047,351
293.250000,1040,345
293.255000,1034,340
293.260000,1044,351
293.265000,1036,343
293.270000,1039,347
293.275000,1036,346
293.280000,1039,349
293.285000,1042,354
293.290000,1043,355
293.295000,1038,351
293.300000,1046,359
293.305000,1036,349
293.310000,1037,350
293.315000,1038,350
293.320000,1048,359
293.325000,1040,351
293.330000,1045,354
293.335000,1047,356
293.340000,1040,348
293.345000,1042,349
293.350000,1048,356
293.355000,1037,346
293.360000,1046,356
293.365000,1040,350
293.370000,1043,353
293.375000,1047,355
293.380000,1047,355
293.385000,1043,351
293.390000,1043,352
293.395000,1049,358
293.400000,1045,356
293.405000,1041,352
293.410000,1045,356
293.415000,1036,347
293.420000,1037,349
293.425000,1047,359
293.430000,1043,356
293.435000,1050,363
293.440000,1052,365
293.445000,1034,348
293.450000,1039,353
293.455000,1043,357
293.460000,1041,356
293.465000,1045,359
293.470000,1045,360
293.475000,1038,353
293.480000,1042,357
293.485000,1041,356
293.490000,1048,363
293.495000,1042,355
293.500000,1042,356
293.505000,1036,349
293.510000,1050,363
293.515000,1048,361
293.520000,1037,350
293.525000,1046,359
293.530000,1035,348
293.535000,1032,346
293.540000,1050,363
293.545000,1046,358
293.550000,1040,352
293.555000,1048,362
293.560000,1041,355
293.565000,1044,357
293.570000,1046,358
293.575000,1046,358
293.580000,1047,359
293.585000,1048,360
293.590000,1040,353
293.595000,1038,351
293.600000,1052,365
293.605000,1041,353
293.610000,1051,364
293.615000,1054,367
293.620000,1045,358
293.625000,1041,355
293.630000,1048,362
293.635000,1041,356
293.640000,1040,354
293.645000,1053,366
293.650000,1052,366
293.655000,1045,359
293.660000,1040,355
293.665000,1035,350
293.670000,1047,362
293.675000,1046,363
293.680000,1042,359
293.685000,1041,358
293.690000,1043,360
293.695000,1038,354
293.700000,1045,362
293.705000,1052,368
293.710000,1039,353
293.715000,1037,352
293.720000,1050,364
293.725000,1052,367
293.730000,1045,361
293.735000,1047,363
293.740000,1041,358
293.745000,1040,357
293.750000,1053,370
293.755000,1039,358
293.760000,1048,367
293.765000,1045,364
293.770000,1043,362
293.775000,1045,363
293.780000,1039,356
293.785000,1036,353
293.790000,1037,355
293.795000,1044,362
293.800000,1046,364
293.805000,1037,355
293.810000,1044,363
293.815000,1033,353
293.820000,1037,357
293.825000,1047,367
293.830000,1039,358
293.835000,1035,354
293.840000,1044,362
293.845000,1039,357
293.850000,1036,355
293.855000,1031,349
293.860000,1038,355
293.865000,1039,357
293.870000,1044,362
293.875000,1035,353
293.880000,1029,348
293.885000,1041,360
293.890000,1051,370
293.895000,1033,353
293.900000,1035,355
293.905000,1033,353
293.910000,1041,363
293.915000,1037,360
293.920000,1035,358
293.925000,1034,357
293.930000,1033,356
293.935000,1035,358
293.940000,1037,360
293.945000,1039,362
293.950000,1033,356
293.955000,1030,353
293.960000,1050,373
293.965000,1036,360
293.970000,1035,359
293.975000,1038,362
293.980000,1037,361
293.985000,1034,358
293.990000,1041,365
293.995000,1030,354
294.000000,1038,363
294.005000,1032,356
294.010000,1035,360
294.015000,1032,358
294.020000,1035,362
294.025000,1031,358
294.030000,1040,368
294.035000,1034,362
294.040000,1035,364
294.045000,1031,360
294.050000,1033,362
294.055000,1024,353
294.060000,1033,363
294.065000,1032,361
294.070000,1038,369
294.075000,1021,352
294.080000,1027,358
294.085000,1033,363
294.090000,1030,360
294.095000,1025,355
294.100000,1030,360
294.105000,1029,359
294.110000,1032,362
294.115000,1023,351
294.120000,1032,360
294.125000,1030,357
294.130000,1029,356
294.135000,1029,356
294.140000,1031,359
294.145000,1024,355
294.150000,1027,358
294.155000,1026,357
294.160000,1029,360
294.165000,1029,360
294.170000,1038,369
294.175000,1023,354
294.180000,1029,358
294.185000,1028,356
294.190000,1035,364
294.195000,1027,355
294.200000,1035,363
294.205000,1026,353
294.210000,1039,365
294.215000,1038,365
294.220000,1030,358
294.225000,1023,350
294.230000,1027,354
294.235000,1032,359
294.240000,1038,367
294.245000,1030,359
294.250000,1028,357
294.255000,1024,353
294.260000,1030,359
294.265000,1028,357
294.270000,1035,365
294.275000,1018,350
294.280000,1025,356
294.285000,1023,354
294.290000,1032,363
294.295000,1021,352
294.300000,1030,361
294.305000,1018,350
294.310000,1038,370
294.315000,1019,351
294.320000,1025,356
294.325000,1029,360
294.330000,1023,354
294.335000,1024,355
294.340000,1026,357
294.345000,1020,350
294.350000,1025,356
294.355000,1016,348
294.360000,1036,367
294.365000,1022,353
294.370000,1028,359
294.375000,1023,354
294.380000,1021,352
294.385000,1023,354
294.390000,1032,364
294.395000,1018,351
294.400000,1035,368
294.405000,1020,353
294.410000,1022,356
294.415000,1013,348
294.420000,1031,366
294.425000,1024,360
294.430000,1029,364
294.435000,1023,358
294.440000,1020,355
294.445000,1022,357
294.450000,1023,358
294.455000,1017,352
294.460000,1024,359
294.465000,1021,356
294.470000,1027,362
294.475000,1018,353
294.480000,1019,354
294.485000,1021,358
294.490000,1033,370
294.495000,1018,356
294.500000,1016,354
294.505000,1016,354
294.510000,1023,361
294.515000,1023,362
294.520000,1023,362
294.525000,1021,361
294.530000,1019,360
294.535000,1024,365
294.540000,1023,364
294.545000,1016,357
294.550000,1018,358
294.555000,1013,351
294.560000,1022,360
294.565000,1015,353
294.570000,1027,365
294.575000,1020,358
294.580000,1014,352
294.585000,1015,354
294.590000,1024,364
294.595000,1016,356
294.600000,1018,358
294.605000,1022,362
294.610000,1028,368
294.615000,1016,356
294.620000,1018,358
294.625000,1013,354
294.630000,1022,363
294.635000,1013,353
294.640000,1028,368
294.645000,1013,353
294.650000,1015,354
294.655000,1014,353
294.660000,1012,351
294.665000,1020,359
294.670000,1024,362
294.675000,1010,349
294.680000,1021,360
294.685000,1018,356
294.690000,1016,354
294.695000,1011,349
294.700000,1023,360
294.705000,1006,342
294.710000,1027,364
294.715000,1023,361
294.720000,1009,348
294.725000,1007,345
294.730000,1018,356
294.735000,1016,352
294.740000,1011,346
294.745000,1015,350
294.750000,1020,355
294.755000,1014,349
294.760000,1018,353
294.765000,1015,349
294.770000,1023,357
294.775000,1013,347
294.780000,1018,352
294.785000,1013,349
294.790000,1014,350
294.795000,1010,346
294.800000,1018,354
294.805000,1017,353
294.810000,1008,344
294.815000,1021,357
294.820000,1020,357
294.825000,1001,338
294.830000,1015,352
294.835000,1008,345
294.840000,1023,360
294.845000,1011,348
294.850000,1026,363
294.855000,1012,349
294.860000,1011,348
294.865000,1016,352
294.870000,1018,354
294.875000,1015,350
294.880000,1020,356
294.885000,1024,359
294.890000,1019,353
294.895000,1017,349
294.900000,1016,349
294.905000,1020,352
294.910000,1038,369
294.915000,1019,349
294.920000,1022,352
294.925000,1020,350
294.930000,1021,351
294.935000,1017,348
294.940000,1021,352
294.945000,1021,353
294.950000,1018,350
294.955000,1024,356
294.960000,1019,351
294.965000,1008,340
294.970000,1026,359
294.975000,1021,352
294.980000,1023,355
294.985000,1012,343
294.990000,1025,355
294.995000,1020,349
295.000000,1015,345
295.005000,1021,351
295.010000,1021,352
295.015000,1017,349
295.020000,1014,346
295.025000,1017,350
295.030000,1021,354
295.035000,1008,341
295.040000,1012,345
295.045000,1024,357
295.050000,1026,360
295.055000,1014,349
295.060000,1020,355
295.065000,1018,352
295.070000,1013,347
295.075000,1019,352
295.080000,1023,356
295.085000,1021,354
295.090000,1018,350
295.095000,1028,361
295.100000,1021,354
295.105000,1011,344
295.110000,1012,345
295.115000,1017,350
295.120000,1030,362
295.125000,1020,352
295.130000,1021,354
295.135000,1020,353
295.140000,1014,347
295.145000,1020,353
295.150000,1033,365
295.155000,1016,348
295.160000,1022,354
295.165000,1015,348
295.170000,1026,358
295.175000,1016,349
295.180000,1009,343
295.185000,1031,366
295.190000,1022,357
295.195000,1018,353
295.200000,1017,351
295.205000,1030,365
295.210000,1016,352
295.215000,1020,355
295.220000,1024,359
295.225000,1026,361
295.230000,1021,357
295.235000,1018,355
295.240000,1021,357
295.245000,1025,361
295.250000,1017,355
295.255000,1014,351
295.260000,1020,358
295.265000,1014,352
295.270000,1017,354
295.275000,1022,358
295.280000,1009,346
295.285000,1021,357
295.290000,1021,357
295.295000,1022,358
295.300000,1015,350
295.305000,1019,355
295.310000,1022,357
295.315000,1014,350
295.320000,1016,351
295.325000,1019,354
295.330000,1019,354
295.335000,1019,354
295.340000,1016,349
295.345000,1017,350
295.350000,1023,356
295.355000,1017,351
295.360000,1020,353
295.365000,1018,352
295.370000,1015,346
295.375000,1019,348
295.380000,1017,347
295.385000,1020,349
295.390000,1020,349
295.395000,1022,352
295.400000,1017,347
295.405000,1021,347
295.410000,1018,343
295.415000,1016,341
295.420000,1025,350
295.425000,1021,344
295.430000,1027,350
295.435000,1017,338
295.440000,1020,341
295.445000,1023,343
295.450000,1026,348
295.455000,1014,336
295.460000,1018,340
295.465000,1021,342
295.470000,1027,348
295.475000,1019,339
295.480000,1019,339
295.485000,1022,342
295.490000,1022,342
295.495000,1025,345
295.500000,1022,342
295.505000,1030,350
295.510000,1025,345
295.515000,1025,344
295.520000,1023,342
295.525000,1024,343
295.530000,1021,340
295.535000,1028,347
295.540000,1032,351
295.545000,1031,350
295.550000,1026,345
295.555000,1023,342
295.560000,1029,347
295.565000,1034,353
295.570000,1033,353
295.575000,1018,338
295.580000,1030,350
295.585000,1023,342
295.590000,1028,348
295.595000,1032,352
295.600000,1033,354
295.605000,1020,343
295.610000,1015,338
295.615000,1022,347
295.620000,1034,359
295.625000,1020,347
295.630000,1022,349
295.635000,1016,344
295.640000,1024,352
295.645000,1028,356
295.650000,1017,345
295.655000,1016,343
295.660000,1028,355
295.665000,1024,351
295.670000,1030,356
295.675000,1020,346
295.680000,1027,353
295.685000,1025,351
295.690000,1026,352
295.695000,1017,346
295.700000,1021,351
295.705000,1023,353
295.710000,1024,353
295.715000,1022,350
295.720000,1030,358
295.725000,1018,346
295.730000,1018,346
295.735000,1021,346
295.740000,1023,350
295.745000,1028,355
295.750000,1036,362
295.755000,1020,346
295.760000,1020,346
295.765000,1023,349
295.770000,1024,350
295.775000,1022,348
295.780000,1033,359
