time,n_pairs,n_saturated
250.005000,66,0
250.010000,57,0
250.015000,57,0
250.020000,57,0
250.025000,57,0
250.030000,57,0
250.035000,57,0
250.040000,57,0
250.045000,57,0
250.050000,57,0
250.055000,57,0
250.060000,57,0
250.065000,57,0
250.070000,57,0
250.075000,57,0
250.080000,57,0
250.085000,57,0
250.090000,57,0
250.095000,57,0
250.100000,57,0
250.105000,57,0
250.110000,57,0
250.115000,57,0
250.120000,57,0
250.125000,57,0
250.130000,57,0
250.135000,57,0
250.140000,57,0
250.145000,57,0
250.150000,57,0
250.155000,57,0
250.160000,56,0
250.165000,56,0
250.170000,56,0
250.175000,56,0
250.180000,56,0
250.185000,56,0
250.190000,56,0
250.195000,56,0
250.200000,56,0
250.205000,56,0
250.210000,56,0
250.215000,56,0
250.220000,56,0
250.225000,56,0
250.230000,56,0
250.235000,56,0
250.240000,56,0
250.245000,56,0
250.250000,56,0
250.255000,56,0
250.260000,56,0
250.265000,55,0
250.270000,55,0
250.275000,55,0
250.280000,55,0
250.285000,55,0
250.290000,55,0
250.295000,55,0
250.300000,55,0
250.305000,55,0
250.310000,55,0
250.315000,55,0
250.320000,55,0
250.325000,55,0
250.330000,55,0
250.335000,55,0
250.340000,55,0
250.345000,54,0
250.350000,54,0
250.355000,54,0
250.360000,54,0
250.365000,54,0
250.370000,54,0
250.375000,54,0
250.380000,54,0
250.385000,54,0
250.390000,54,0
250.395000,54,0
250.400000,54,0
250.405000,54,0
250.410000,54,0
250.415000,54,0
250.420000,54,0
250.425000,54,0
250.430000,54,0
250.435000,55,0
250.440000,55,0
250.445000,55,0
250.450000,55,0
250.455000,55,0
250.460000,55,0
250.465000,55,0
250.470000,55,0
250.475000,55,0
250.480000,55,0
250.485000,55,0
250.490000,55,0
250.495000,55,0
250.500000,55,0
250.505000,55,0
250.510000,55,0
250.515000,55,0
250.520000,55,0
250.525000,55,0
250.530000,54,0
250.535000,54,0
250.540000,54,0
250.545000,54,0
250.550000,54,0
250.555000,54,0
250.560000,54,0
250.565000,54,0
250.570000,54,0
250.575000,54,0
250.580000,54,0
250.585000,54,0
250.590000,54,0
250.595000,54,0
250.600000,54,0
250.605000,54,0
250.610000,54,0
250.615000,54,0
250.620000,54,0
250.625000,54,0
250.630000,54,0
250.635000,54,0
250.640000,54,0
250.645000,54,0
250.650000,54,0
250.655000,54,0
250.660000,54,0
250.665000,54,0
250.670000,54,0
250.675000,54,0
250.680000,54,0
250.685000,54,0
250.690000,54,0
250.695000,54,0
250.700000,54,0
250.705000,54,0
250.710000,54,0
250.715000,54,0
250.720000,54,0
250.725000,54,0
250.730000,54,0
250.735000,54,0
250.740000,54,0
250.745000,54,0
250.750000,54,0
250.755000,54,0
250.760000,54,0
250.765000,53,0
250.770000,53,0
250.775000,53,0
250.780000,53,0
250.785000,53,0
250.790000,53,0
250.795000,53,0
250.800000,53,0
250.805000,53,0
250.810000,53,0
250.815000,53,0
250.820000,53,0
250.825000,53,0
250.830000,53,0
250.835000,53,0
250.840000,53,0
250.845000,53,0
250.850000,54,0
250.855000,54,0
250.860000,54,0
250.865000,54,0
250.870000,54,0
250.875000,54,0
250.880000,54,0
250.885000,54,0
250.890000,54,0
250.895000,54,0
250.900000,54,0
250.905000,54,0
250.910000,54,0
250.915000,54,0
250.920000,54,0
250.925000,54,0
250.930000,54,0
250.935000,54,0
250.940000,54,0
250.945000,54,0
250.950000,54,0
250.955000,54,0
250.960000,54,0
250.965000,54,0
250.970000,54,0
250.975000,54,0
250.980000,54,0
250.985000,54,0
250.990000,54,0
250.995000,54,0
251.000000,54,0
251.005000,54,0
251.010000,54,0
251.015000,54,0
251.020000,54,0
251.025000,54,0
251.030000,54,0
251.035000,54,0
251.040000,54,0
251.045000,54,0
251.050000,54,0
251.055000,54,0
251.060000,54,0
251.065000,54,0
251.070000,54,0
251.075000,54,0
251.080000,54,0
251.085000,54,0
251.090000,54,0
251.095000,54,0
251.100000,53,0
251.105000,53,0
251.110000,53,0
251.115000,53,0
251.120000,53,0
251.125000,53,0
251.130000,53,0
251.135000,53,0
251.140000,53,0
251.145000,53,0
251.150000,53,0
251.155000,53,0
251.160000,53,0
251.165000,53,0
251.170000,53,0
251.175000,53,0
251.180000,53,0
251.185000,53,0
251.190000,53,0
251.195000,53,0
251.200000,53,0
251.205000,53,0
251.210000,53,0
251.215000,53,0
251.220000,53,0
251.225000,53,0
251.230000,53,0
251.235000,53,0
251.240000,53,0
251.245000,53,0
251.250000,53,0
251.255000,53,0
251.260000,53,0
251.265000,53,0
251.270000,53,0
251.275000,53,0
251.280000,53,0
251.285000,53,0
251.290000,53,0
251.295000,53,0
251.300000,53,0
251.305000,52,0
251.310000,52,0
251.315000,52,0
251.320000,52,0
251.325000,52,0
251.330000,52,0
251.335000,52,0
251.340000,52,0
251.345000,52,0
251.350000,52,0
251.355000,51,0
251.360000,51,0
251.365000,51,0
251.370000,51,0
251.375000,51,0
251.380000,51,0
251.385000,51,0
251.390000,51,0
251.395000,51,0
251.400000,51,0
251.405000,51,0
251.410000,51,0
251.415000,51,0
251.420000,51,0
251.425000,50,0
251.430000,50,0
251.435000,50,0
251.440000,50,0
251.445000,50,0
251.450000,50,0
251.455000,50,0
251.460000,50,0
251.465000,50,0
251.470000,50,0
251.475000,50,0
251.480000,50,0
251.485000,50,0
251.490000,50,0
251.495000,50,0
251.500000,50,0
251.505000,50,0
251.510000,50,0
251.515000,50,0
251.520000,50,0
251.525000,51,0
251.530000,51,0
251.535000,51,0
251.540000,51,0
251.545000,51,0
251.550000,51,0
251.555000,51,0
251.560000,51,0
251.565000,51,0
251.570000,51,0
251.575000,51,0
251.580000,51,0
251.585000,51,0
251.590000,51,0
251.595000,51,0
251.600000,51,0
251.605000,51,0
251.610000,51,0
251.615000,51,0
251.620000,51,0
251.625000,51,0
251.630000,51,0
251.635000,51,0
251.640000,51,1
251.645000,51,1
251.650000,51,1
251.655000,51,1
251.660000,51,1
251.665000,51,1
251.670000,51,1
251.675000,51,1
251.680000,51,1
251.685000,51,1
251.690000,51,1
251.695000,51,1
251.700000,51,1
251.705000,51,1
251.710000,51,1
251.715000,51,1
251.720000,51,1
251.725000,51,1
251.730000,51,1
251.735000,51,1
251.740000,51,1
251.745000,52,1
251.750000,52,1
251.755000,52,1
251.760000,52,1
251.765000,52,1
251.770000,52,1
251.775000,52,1
251.780000,52,1
251.785000,52,1
251.790000,52,1
251.795000,52,1
251.800000,52,1
251.805000,51,1
251.810000,51,1
251.815000,51,1
251.820000,51,1
251.825000,51,1
251.830000,51,1
251.835000,51,1
251.840000,51,1
251.845000,51,1
251.850000,51,1
251.855000,51,1
251.860000,51,1
251.865000,51,1
251.870000,51,1
251.875000,51,1
251.880000,51,1
251.885000,51,1
251.890000,51,1
251.895000,51,1
251.900000,51,1
251.905000,51,1
251.910000,51,1
251.915000,52,1
251.920000,52,1
251.925000,52,1
251.930000,52,1
251.935000,52,1
251.940000,52,1
251.945000,52,1
251.950000,52,1
251.955000,52,1
251.960000,52,1
251.965000,52,1
251.970000,52,1
251.975000,52,1
251.980000,52,1
251.985000,52,1
251.990000,52,1
251.995000,52,1
252.000000,52,1
252.005000,52,1
252.010000,52,1
252.015000,52,1
252.020000,52,1
252.025000,52,1
252.030000,52,1
252.035000,52,1
252.040000,52,1
252.045000,52,1
252.050000,52,1
252.055000,52,1
252.060000,52,1
252.065000,52,1
252.070000,52,1
252.075000,52,1
252.080000,52,1
252.085000,52,1
252.090000,52,1
252.095000,52,1
252.100000,51,1
252.105000,51,1
252.110000,51,1
252.115000,51,1
252.120000,51,1
252.125000,51,1
252.130000,51,1
252.135000,51,1
252.140000,51,1
252.145000,51,1
252.150000,51,1
252.155000,51,1
252.160000,51,1
252.165000,51,1
252.170000,51,1
252.175000,51,1
252.180000,51,1
252.185000,51,1
252.190000,51,1
252.195000,51,1
252.200000,51,1
252.205000,51,1
252.210000,51,1
252.215000,51,1
252.220000,51,1
252.225000,51,1
252.230000,51,1
252.235000,51,1
252.240000,51,1
252.245000,51,1
252.250000,51,1
252.255000,51,1
252.260000,51,1
252.265000,51,1
252.270000,51,1
252.275000,51,1
252.280000,51,1
252.285000,51,1
252.290000,51,1
252.295000,51,1
252.300000,51,1
252.305000,51,1
252.310000,51,1
252.315000,51,1
252.320000,51,1
252.325000,51,1
252.330000,51,1
252.335000,51,1
252.340000,51,1
252.345000,51,1
252.350000,51,1
252.355000,51,1
252.360000,51,1
252.365000,51,1
252.370000,51,1
252.375000,51,1
252.380000,52,1
252.385000,52,1
252.390000,52,1
252.395000,52,1
252.400000,52,1
252.405000,52,1
252.410000,52,1
252.415000,52,1
252.420000,52,1
252.425000,52,1
252.430000,52,1
252.435000,52,1
252.440000,52,1
252.445000,52,1
252.450000,52,1
252.455000,52,1
252.460000,52,1
252.465000,52,1
252.470000,52,1
252.475000,52,1
252.480000,52,1
252.485000,52,1
252.490000,52,1
252.495000,52,1
252.500000,52,1
252.505000,52,1
252.510000,52,1
252.515000,52,1
252.520000,52,1
252.525000,52,1
252.530000,52,1
252.535000,52,1
252.540000,52,1
252.545000,52,1
252.550000,52,1
252.555000,52,1
252.560000,52,1
252.565000,52,1
252.570000,52,1
252.575000,52,1
252.580000,52,1
252.585000,52,1
252.590000,52,1
252.595000,52,1
252.600000,52,1
252.605000,52,1
252.610000,52,1
252.615000,52,1
252.620000,52,1
252.625000,52,1
252.630000,52,1
252.635000,52,1
252.640000,52,1
252.645000,52,1
252.650000,52,1
252.655000,52,1
252.660000,52,1
252.665000,52,1
252.670000,52,1
252.675000,51,1
252.680000,51,1
252.685000,51,1
252.690000,51,1
252.695000,51,1
252.700000,51,1
252.705000,51,1
252.710000,52,1
252.715000,52,1
252.720000,52,1
252.725000,52,1
252.730000,52,1
252.735000,52,1
252.740000,52,1
252.745000,52,1
252.750000,52,1
252.755000,52,1
252.760000,52,1
252.765000,52,1
252.770000,53,1
252.775000,53,1
252.780000,53,1
252.785000,53,1
252.790000,53,2
252.795000,53,2
252.800000,53,2
252.805000,53,2
252.810000,53,2
252.815000,53,2
252.820000,53,2
252.825000,53,2
252.830000,53,2
252.835000,53,2
252.840000,53,2
252.845000,53,2
252.850000,53,2
252.855000,53,2
252.860000,53,2
252.865000,53,2
252.870000,53,2
252.875000,53,2
252.880000,53,2
252.885000,53,2
252.890000,53,2
252.895000,53,2
252.900000,53,2
252.905000,53,2
252.910000,53,2
252.915000,53,2
252.920000,53,2
252.925000,53,2
252.930000,53,2
252.935000,53,2
252.940000,53,2
252.945000,53,2
252.950000,53,2
252.955000,53,2
252.960000,53,2
252.965000,53,2
252.970000,53,2
252.975000,53,2
252.980000,53,2
252.985000,53,2
252.990000,53,2
252.995000,53,2
253.000000,53,2
253.005000,53,2
253.010000,53,2
253.015000,52,2
253.020000,52,2
253.025000,52,2
253.030000,52,2
253.035000,52,2
253.040000,52,2
253.045000,52,2
253.050000,52,2
253.055000,52,2
253.060000,52,2
253.065000,52,2
253.070000,52,2
253.075000,52,2
253.080000,52,2
253.085000,52,2
253.090000,52,2
253.095000,52,2
253.100000,52,2
253.105000,52,2
253.110000,52,2
253.115000,53,2
253.120000,53,2
253.125000,53,2
253.130000,53,2
253.135000,53,2
253.140000,53,2
253.145000,53,2
253.150000,53,2
253.155000,53,2
253.160000,53,2
253.165000,53,3
253.170000,53,3
253.175000,54,3
253.180000,54,3
253.185000,54,3
253.190000,54,3
253.195000,54,3
253.200000,54,3
253.205000,54,3
253.210000,54,3
253.215000,54,3
253.220000,54,3
253.225000,55,3
253.230000,55,3
253.235000,55,3
253.240000,55,3
253.245000,55,3
253.250000,55,3
253.255000,55,3
253.260000,55,3
253.265000,55,3
253.270000,55,3
253.275000,55,3
253.280000,55,3
253.285000,55,3
253.290000,55,3
253.295000,55,3
253.300000,55,3
253.305000,55,3
253.310000,55,3
253.315000,55,3
253.320000,55,3
253.325000,55,3
253.330000,55,3
253.335000,55,3
253.340000,55,3
253.345000,55,3
253.350000,55,3
253.355000,55,3
253.360000,55,3
253.365000,55,3
253.370000,55,3
253.375000,55,3
253.380000,55,3
253.385000,55,3
253.390000,56,3
253.395000,56,3
253.400000,56,3
253.405000,56,3
253.410000,56,4
253.415000,56,4
253.420000,56,4
253.425000,56,4
253.430000,56,4
253.435000,56,4
253.440000,56,4
253.445000,56,4
253.450000,56,4
253.455000,56,4
253.460000,56,4
253.465000,56,4
253.470000,56,4
253.475000,56,4
253.480000,56,4
253.485000,56,4
253.490000,56,4
253.495000,56,4
253.500000,56,4
253.505000,56,4
253.510000,56,4
253.515000,56,4
253.520000,56,4
253.525000,56,4
253.530000,56,4
253.535000,56,4
253.540000,56,4
253.545000,56,4
253.550000,56,4
253.555000,56,4
253.560000,56,4
253.565000,56,4
253.570000,56,4
253.575000,56,4
253.580000,57,4
253.585000,57,4
253.590000,57,4
253.595000,57,4
253.600000,57,4
253.605000,57,4
253.610000,57,4
253.615000,57,4
253.620000,57,4
253.625000,57,4
253.630000,57,4
253.635000,57,4
253.640000,57,4
253.645000,57,4
253.650000,57,4
253.655000,57,4
253.660000,57,4
253.665000,57,4
253.670000,57,4
253.675000,57,4
253.680000,57,4
253.685000,57,4
253.690000,57,4
253.695000,57,4
253.700000,57,4
253.705000,57,4
253.710000,57,4
253.715000,57,4
253.720000,57,4
253.725000,57,4
253.730000,57,4
253.735000,57,4
253.740000,57,4
253.745000,57,4
253.750000,57,4
253.755000,57,4
253.760000,57,4
253.765000,57,5
253.770000,57,5
253.775000,57,5
253.780000,57,5
253.785000,57,5
253.790000,57,5
253.795000,57,5
253.800000,57,5
253.805000,57,5
253.810000,57,5
253.815000,56,5
253.820000,56,5
253.825000,56,5
253.830000,56,5
253.835000,56,5
253.840000,56,5
253.845000,56,5
253.850000,56,5
253.855000,56,5
253.860000,56,5
253.865000,56,5
253.870000,56,5
253.875000,56,5
253.880000,56,5
253.885000,56,5
253.890000,56,5
253.895000,56,5
253.900000,56,5
253.905000,56,5
253.910000,56,5
253.915000,56,5
253.920000,56,5
253.925000,56,5
253.930000,56,5
253.935000,56,5
253.940000,56,5
253.945000,56,5
253.950000,56,5
253.955000,56,5
253.960000,56,5
253.965000,56,5
253.970000,56,5
253.975000,56,5
253.980000,56,5
253.985000,56,5
253.990000,56,5
253.995000,56,5
254.000000,56,5
254.005000,56,5
254.010000,56,5
254.015000,55,5
254.020000,55,5
254.025000,55,5
254.030000,55,5
254.035000,55,5
254.040000,55,5
254.045000,55,5
254.050000,55,5
254.055000,55,5
254.060000,55,5
254.065000,55,5
254.070000,55,5
254.075000,55,5
254.080000,55,5
254.085000,55,5
254.090000,55,5
254.095000,55,5
254.100000,55,5
254.105000,55,5
254.110000,55,5
254.115000,55,5
254.120000,55,5
254.125000,55,5
254.130000,55,5
254.135000,55,5
254.140000,55,5
254.145000,55,5
254.150000,55,5
254.155000,55,5
254.160000,55,5
254.165000,55,5
254.170000,55,5
254.175000,55,5
254.180000,55,5
254.185000,55,5
254.190000,55,5
254.195000,55,5
254.200000,55,5
254.205000,55,5
254.210000,55,5
254.215000,55,5
254.220000,55,5
254.225000,55,5
254.230000,55,5
254.235000,55,5
254.240000,55,5
254.245000,55,5
254.250000,55,5
254.255000,55,5
254.260000,55,5
254.265000,55,5
254.270000,55,5
254.275000,55,5
254.280000,55,5
254.285000,55,5
254.290000,55,5
254.295000,55,5
254.300000,55,5
254.305000,55,5
254.310000,55,5
254.315000,55,5
254.320000,55,5
254.325000,55,5
254.330000,55,5
254.335000,55,5
254.340000,55,5
254.345000,55,5
254.350000,55,5
254.355000,55,5
254.360000,55,5
254.365000,55,5
254.370000,55,5
254.375000,55,5
254.380000,55,5
254.385000,55,5
254.390000,55,5
254.395000,55,5
254.400000,55,5
254.405000,55,5
254.410000,55,5
254.415000,55,5
254.420000,55,5
254.425000,55,5
254.430000,55,5
254.435000,55,5
254.440000,55,5
254.445000,55,5
254.450000,55,5
254.455000,55,5
254.460000,55,5
254.465000,55,5
254.470000,55,5
254.475000,55,5
254.480000,55,5
254.485000,55,5
254.490000,55,5
254.495000,55,5
254.500000,55,5
254.505000,55,5
254.510000,55,5
254.515000,55,5
254.520000,55,5
254.525000,55,5
254.530000,55,5
254.535000,55,5
254.540000,55,5
254.545000,55,5
254.550000,55,5
254.555000,55,5
254.560000,55,5
254.565000,55,5
254.570000,55,5
254.575000,55,5
254.580000,55,5
254.585000,55,5
254.590000,55,5
254.595000,55,5
254.600000,55,5
254.605000,55,5
254.610000,55,5
254.615000,55,5
254.620000,55,5
254.625000,55,5
254.630000,55,5
254.635000,55,5
254.640000,55,5
254.645000,55,5
254.650000,55,5
254.655000,55,5
254.660000,55,5
254.665000,55,5
254.670000,55,5
254.675000,55,5
254.680000,55,5
254.685000,55,5
254.690000,55,5
254.695000,55,5
254.700000,55,5
254.705000,55,5
254.710000,55,5
254.715000,55,5
254.720000,55,5
254.725000,55,5
254.730000,56,5
254.735000,56,5
254.740000,56,5
254.745000,56,5
254.750000,56,5
254.755000,56,5
254.760000,56,5
254.765000,56,6
254.770000,56,6
254.775000,56,6
254.780000,56,6
254.785000,56,6
254.790000,56,6
254.795000,56,6
254.800000,56,6
254.805000,56,6
254.810000,56,6
254.815000,56,6
254.820000,56,6
254.825000,56,6
254.830000,56,6
254.835000,56,6
254.840000,56,6
254.845000,56,6
254.850000,57,6
254.855000,57,6
254.860000,57,6
254.865000,57,6
254.870000,57,6
254.875000,57,6
254.880000,57,6
254.885000,57,6
254.890000,57,6
254.895000,57,6
254.900000,57,6
254.905000,57,6
254.910000,57,6
254.915000,57,6
254.920000,57,6
254.925000,57,6
254.930000,57,6
254.935000,57,6
254.940000,57,6
254.945000,57,6
254.950000,57,6
254.955000,57,6
254.960000,57,6
254.965000,57,6
254.970000,57,6
254.975000,57,6
254.980000,57,6
254.985000,57,6
254.990000,57,6
254.995000,57,6
255.000000,57,6
255.005000,57,6
255.010000,57,6
255.015000,57,6
255.020000,57,6
255.025000,57,6
255.030000,57,6
255.035000,57,6
255.040000,57,6
255.045000,57,6
255.050000,57,6
255.055000,57,6
255.060000,57,6
255.065000,57,6
255.070000,57,6
255.075000,57,6
255.080000,57,6
255.085000,57,6
255.090000,57,6
255.095000,57,6
255.100000,57,6
255.105000,57,6
255.110000,57,6
255.115000,57,6
255.120000,57,6
255.125000,57,6
255.130000,57,6
255.135000,57,6
255.140000,57,6
255.145000,57,6
255.150000,57,6
255.155000,57,6
255.160000,57,6
255.165000,57,6
255.170000,57,6
255.175000,57,6
255.180000,57,6
255.185000,57,6
255.190000,57,6
255.195000,57,6
255.200000,57,6
255.205000,57,6
255.210000,57,6
255.215000,57,6
255.220000,57,6
255.225000,57,6
255.230000,57,6
255.235000,57,6
255.240000,57,6
255.245000,57,6
255.250000,57,6
255.255000,57,6
255.260000,57,6
255.265000,57,6
255.270000,57,6
255.275000,57,6
255.280000,57,6
255.285000,57,6
255.290000,57,6
255.295000,57,6
255.300000,57,6
255.305000,57,6
255.310000,57,6
255.315000,57,6
255.320000,57,6
255.325000,57,6
255.330000,57,6
255.335000,57,6
255.340000,57,6
255.345000,58,6
255.350000,58,6
255.355000,58,6
255.360000,58,6
255.365000,58,6
255.370000,58,6
255.375000,58,6
255.380000,58,6
255.385000,58,6
255.390000,59,6
255.395000,59,6
255.400000,59,6
255.405000,59,6
255.410000,59,6
255.415000,59,6
255.420000,59,6
255.425000,59,6
255.430000,59,6
255.435000,59,6
255.440000,59,6
255.445000,59,6
255.450000,59,6
255.455000,59,6
255.460000,59,6
255.465000,59,6
255.470000,59,6
255.475000,59,6
255.480000,59,6
255.485000,59,6
255.490000,59,6
255.495000,59,6
255.500000,58,6
255.505000,58,6
255.510000,58,6
255.515000,58,6
255.520000,58,6
255.525000,58,6
255.530000,58,6
255.535000,58,6
255.540000,58,6
255.545000,58,6
255.550000,58,6
255.555000,58,6
255.560000,58,6
255.565000,58,6
255.570000,58,6
255.575000,58,6
255.580000,58,6
255.585000,58,6
255.590000,58,6
255.595000,58,6
255.600000,58,6
255.605000,58,6
255.610000,58,6
255.615000,58,6
255.620000,58,6
255.625000,58,6
255.630000,58,6
255.635000,58,6
255.640000,58,6
255.645000,58,6
255.650000,58,6
255.655000,58,6
255.660000,58,6
255.665000,58,7
255.670000,58,7
255.675000,58,7
255.680000,59,7
255.685000,59,7
255.690000,59,7
255.695000,59,7
255.700000,59,7
255.705000,59,7
255.710000,59,7
255.715000,59,7
255.720000,59,7
255.725000,59,7
255.730000,60,7
255.735000,60,7
255.740000,60,7
255.745000,60,7
255.750000,60,7
255.755000,60,7
255.760000,60,7
255.765000,60,7
255.770000,60,7
255.775000,60,7
255.780000,60,7
255.785000,60,7
255.790000,60,7
255.795000,59,7
255.800000,59,7
255.805000,59,7
255.810000,59,7
255.815000,59,7
255.820000,59,7
255.825000,59,7
255.830000,59,7
255.835000,59,7
255.840000,59,7
255.845000,58,7
255.850000,58,7
255.855000,58,7
255.860000,58,7
255.865000,58,7
255.870000,58,7
255.875000,58,7
255.880000,58,7
255.885000,58,7
255.890000,58,7
255.895000,58,7
255.900000,58,7
255.905000,58,7
255.910000,58,7
255.915000,58,7
255.920000,58,7
255.925000,58,7
255.930000,58,7
255.935000,58,7
255.940000,58,7
255.945000,58,7
255.950000,58,7
255.955000,58,7
255.960000,58,7
255.965000,58,7
255.970000,58,7
255.975000,58,7
255.980000,57,6
255.985000,57,6
255.990000,57,6
255.995000,57,6
256.000000,57,6
256.005000,57,6
256.010000,58,7
256.015000,57,6
256.020000,57,6
256.025000,57,6
256.030000,57,6
256.035000,57,6
256.040000,58,7
256.045000,57,6
256.050000,57,6
256.055000,57,6
256.060000,57,6
256.065000,57,6
256.070000,58,7
256.075000,58,7
256.080000,57,6
256.085000,57,6
256.090000,57,6
256.095000,57,6
256.100000,57,6
256.105000,58,7
256.110000,57,6
256.115000,57,6
256.120000,57,6
256.125000,57,6
256.130000,57,6
256.135000,58,7
256.140000,57,6
256.145000,57,6
256.150000,57,6
256.155000,57,6
256.160000,57,6
256.165000,58,7
256.170000,57,6
256.175000,57,6
256.180000,57,6
256.185000,57,6
256.190000,57,6
256.195000,58,7
256.200000,57,6
256.205000,57,6
256.210000,57,6
256.215000,57,6
256.220000,57,6
256.225000,58,7
256.230000,57,6
256.235000,57,6
256.240000,57,6
256.245000,57,6
256.250000,57,6
256.255000,58,7
256.260000,57,6
256.265000,57,6
256.270000,57,6
256.275000,57,6
256.280000,57,6
256.285000,58,7
256.290000,57,6
256.295000,57,6
256.300000,57,6
256.305000,57,6
256.310000,57,6
256.315000,58,7
256.320000,57,6
256.325000,57,6
256.330000,57,6
256.335000,57,6
256.340000,57,6
256.345000,57,7
256.350000,56,6
256.355000,56,6
256.360000,56,6
256.365000,56,6
256.370000,56,6
256.375000,57,7
256.380000,56,6
256.385000,56,6
256.390000,56,6
256.395000,56,6
256.400000,56,6
256.405000,57,8
256.410000,56,7
256.415000,56,7
256.420000,56,7
256.425000,56,7
256.430000,55,7
256.435000,56,8
256.440000,55,7
256.445000,55,7
256.450000,55,7
256.455000,55,7
256.460000,55,7
256.465000,56,8
256.470000,55,7
256.475000,55,7
256.480000,55,7
256.485000,55,7
256.490000,55,7
256.495000,56,8
256.500000,55,7
256.505000,55,7
256.510000,55,7
256.515000,55,7
256.520000,55,7
256.525000,57,8
256.530000,56,7
256.535000,56,7
256.540000,56,7
256.545000,56,7
256.550000,56,7
256.555000,57,8
256.560000,56,7
256.565000,56,7
256.570000,56,7
256.575000,56,7
256.580000,56,7
256.585000,57,8
256.590000,56,7
256.595000,56,7
256.600000,56,7
256.605000,56,7
256.610000,56,7
256.615000,57,8
256.620000,56,7
256.625000,56,7
256.630000,56,7
256.635000,56,7
256.640000,56,7
256.645000,56,8
256.650000,55,7
256.655000,55,7
256.660000,55,7
256.665000,55,7
256.670000,55,7
256.675000,56,8
256.680000,55,7
256.685000,55,7
256.690000,55,7
256.695000,55,7
256.700000,55,7
256.705000,56,8
256.710000,55,7
256.715000,55,7
256.720000,55,7
256.725000,54,7
256.730000,54,7
256.735000,55,8
256.740000,54,7
256.745000,54,7
256.750000,54,7
256.755000,54,7
256.760000,54,7
256.765000,55,8
256.770000,54,7
256.775000,54,7
256.780000,54,7
256.785000,54,7
256.790000,54,7
256.795000,55,8
256.800000,54,7
256.805000,54,7
256.810000,54,7
256.815000,54,7
256.820000,54,7
256.825000,55,8
256.830000,54,7
256.835000,54,7
256.840000,54,7
256.845000,54,7
256.850000,54,7
256.855000,55,8
256.860000,54,7
256.865000,54,7
256.870000,55,7
256.875000,55,7
256.880000,55,7
256.885000,56,8
256.890000,55,7
256.895000,55,7
256.900000,55,7
256.905000,55,7
256.910000,55,7
256.915000,57,8
256.920000,56,7
256.925000,56,7
256.930000,56,7
256.935000,56,7
256.940000,56,7
256.945000,57,8
256.950000,56,7
256.955000,56,7
256.960000,56,7
256.965000,56,7
256.970000,56,7
256.975000,57,8
256.980000,56,7
256.985000,56,7
256.990000,56,7
256.995000,56,7
257.000000,56,7
257.005000,57,8
257.010000,56,7
257.015000,56,7
257.020000,56,7
257.025000,56,7
257.030000,56,7
257.035000,57,8
257.040000,56,7
257.045000,56,7
257.050000,56,7
257.055000,56,7
257.060000,56,7
257.065000,57,8
257.070000,56,7
257.075000,56,7
257.080000,56,7
257.085000,56,7
257.090000,56,7
257.095000,57,8
257.100000,56,7
257.105000,56,7
257.110000,56,7
257.115000,56,7
257.120000,56,7
257.125000,57,8
257.130000,56,7
257.135000,56,7
257.140000,56,7
257.145000,56,7
257.150000,56,8
257.155000,57,9
257.160000,56,8
257.165000,56,8
257.170000,56,8
257.175000,56,8
257.180000,56,8
257.185000,57,9
257.190000,56,8
257.195000,56,8
257.200000,56,8
257.205000,56,8
257.210000,55,8
257.215000,56,9
257.220000,55,8
257.225000,55,8
257.230000,55,8
257.235000,55,8
257.240000,55,8
257.245000,56,9
257.250000,55,8
257.255000,55,8
257.260000,55,8
257.265000,55,8
257.270000,55,8
257.275000,56,9
257.280000,55,8
257.285000,55,8
257.290000,55,8
257.295000,55,8
257.300000,55,8
257.305000,56,9
257.310000,55,8
257.315000,55,8
257.320000,55,8
257.325000,55,8
257.330000,55,8
257.335000,56,9
257.340000,55,8
257.345000,55,8
257.350000,55,8
257.355000,55,8
257.360000,55,8
257.365000,56,9
257.370000,55,8
257.375000,55,8
257.380000,55,8
257.385000,55,8
257.390000,55,8
257.395000,56,9
257.400000,55,8
257.405000,55,8
257.410000,55,8
257.415000,55,8
257.420000,55,8
257.425000,56,9
257.430000,55,8
257.435000,55,8
257.440000,55,8
257.445000,55,8
257.450000,55,8
257.455000,56,9
257.460000,55,8
257.465000,55,8
257.470000,55,8
257.475000,55,8
257.480000,55,8
257.485000,56,9
257.490000,55,8
257.495000,55,8
257.500000,55,8
257.505000,55,8
257.510000,55,8
257.515000,56,9
257.520000,55,8
257.525000,55,8
257.530000,54,8
257.535000,54,8
257.540000,54,8
257.545000,55,9
257.550000,54,8
257.555000,54,8
257.560000,54,8
257.565000,54,8
257.570000,54,8
257.575000,55,9
257.580000,54,8
257.585000,54,8
257.590000,54,8
257.595000,53,7
257.600000,53,7
257.605000,54,8
257.610000,53,7
257.615000,52,7
257.620000,53,8
257.625000,52,7
257.630000,52,7
257.635000,52,8
257.640000,51,7
257.645000,51,7
257.650000,52,8
257.655000,51,7
257.660000,51,7
257.665000,52,8
257.670000,51,7
257.675000,51,7
257.680000,52,8
257.685000,51,7
257.690000,51,7
257.695000,52,8
257.700000,51,7
257.705000,51,7
257.710000,52,8
257.715000,51,7
257.720000,51,7
257.725000,52,8
257.730000,51,7
257.735000,51,7
257.740000,52,9
257.745000,51,8
257.750000,51,8
257.755000,52,9
257.760000,51,8
257.765000,51,8
257.770000,52,9
257.775000,51,8
257.780000,51,8
257.785000,52,9
257.790000,51,8
257.795000,51,8
257.800000,52,9
257.805000,51,8
257.810000,51,8
257.815000,52,9
257.820000,51,8
257.825000,50,7
257.830000,51,8
257.835000,51,8
257.840000,50,7
257.845000,51,8
257.850000,51,8
257.855000,52,8
257.860000,52,8
257.865000,51,7
257.870000,52,8
257.875000,52,8
257.880000,51,7
257.885000,51,7
257.890000,52,8
257.895000,51,7
257.900000,51,7
257.905000,52,8
257.910000,51,7
257.915000,51,7
257.920000,52,8
257.925000,51,7
257.930000,51,7
257.935000,52,8
257.940000,51,7
257.945000,51,7
257.950000,52,8
257.955000,51,7
257.960000,51,7
257.965000,52,8
257.970000,51,7
257.975000,50,6
257.980000,51,7
257.985000,50,6
257.990000,50,6
257.995000,51,7
258.000000,50,6
258.005000,51,7
258.010000,52,7
258.015000,51,6
258.020000,51,6
258.025000,52,7
258.030000,51,6
258.035000,52,7
258.040000,52,7
258.045000,51,6
258.050000,51,6
258.055000,52,7
258.060000,51,6
258.065000,52,7
258.070000,53,8
258.075000,51,6
258.080000,51,6
258.085000,52,7
258.090000,51,6
258.095000,51,6
258.100000,53,8
258.105000,52,7
258.110000,52,6
258.115000,53,7
258.120000,52,6
258.125000,52,6
258.130000,53,7
258.135000,53,7
258.140000,53,7
258.145000,53,7
258.150000,52,6
258.155000,52,6
258.160000,53,7
258.165000,52,6
258.170000,53,7
258.175000,54,8
258.180000,52,6
258.185000,52,6
258.190000,53,7
258.195000,52,7
258.200000,52,7
258.205000,54,9
258.210000,53,8
258.215000,52,7
258.220000,53,8
258.225000,52,7
258.230000,52,7
258.235000,53,8
258.240000,53,8
258.245000,53,8
258.250000,53,8
258.255000,52,7
258.260000,52,7
258.265000,53,8
258.270000,52,7
258.275000,53,8
258.280000,54,9
258.285000,52,7
258.290000,52,7
258.295000,53,8
258.300000,52,7
258.305000,52,7
258.310000,54,9
258.315000,52,7
258.320000,52,7
258.325000,53,8
258.330000,52,7
258.335000,52,7
258.340000,54,9
258.345000,52,7
258.350000,52,7
258.355000,53,8
258.360000,52,7
258.365000,52,7
258.370000,54,9
258.375000,52,7
258.380000,52,7
258.385000,53,8
258.390000,52,7
258.395000,52,7
258.400000,54,9
258.405000,52,7
258.410000,52,7
258.415000,53,8
258.420000,52,7
258.425000,52,7
258.430000,54,9
258.435000,52,7
258.440000,52,7
258.445000,53,8
258.450000,52,7
258.455000,52,7
258.460000,54,9
258.465000,52,7
258.470000,52,7
258.475000,53,8
258.480000,52,7
258.485000,52,7
258.490000,53,9
258.495000,51,7
258.500000,51,7
258.505000,52,8
258.510000,51,7
258.515000,51,7
258.520000,53,9
258.525000,51,7
258.530000,51,7
258.535000,52,8
258.540000,51,7
258.545000,51,7
258.550000,53,9
258.555000,51,7
258.560000,51,7
258.565000,52,8
258.570000,51,7
258.575000,51,7
258.580000,53,9
258.585000,51,7
258.590000,51,7
258.595000,52,8
258.600000,52,7
258.605000,52,7
258.610000,54,9
258.615000,52,7
258.620000,52,7
258.625000,53,8
258.630000,52,7
258.635000,52,7
258.640000,54,9
258.645000,52,7
258.650000,52,7
258.655000,53,8
258.660000,52,7
258.665000,52,7
258.670000,54,9
258.675000,52,7
258.680000,52,7
258.685000,53,8
258.690000,52,7
258.695000,52,7
258.700000,54,9
258.705000,52,7
258.710000,52,7
258.715000,53,8
258.720000,52,7
258.725000,52,7
258.730000,54,9
258.735000,52,7
258.740000,52,7
258.745000,53,8
258.750000,52,7
258.755000,52,7
258.760000,54,9
258.765000,52,7
258.770000,52,7
258.775000,53,8
258.780000,51,7
258.785000,51,7
258.790000,53,9
258.795000,51,7
258.800000,51,7
258.805000,52,8
258.810000,51,7
258.815000,51,7
258.820000,53,9
258.825000,51,7
258.830000,51,7
258.835000,52,8
258.840000,51,7
258.845000,51,7
258.850000,53,9
258.855000,51,7
258.860000,51,7
258.865000,52,8
258.870000,51,7
258.875000,51,7
258.880000,53,9
258.885000,51,7
258.890000,51,7
258.895000,52,8
258.900000,51,7
258.905000,51,7
258.910000,53,9
258.915000,51,7
258.920000,51,7
258.925000,52,8
258.930000,51,7
258.935000,51,7
258.940000,53,10
258.945000,51,8
258.950000,51,8
258.955000,52,9
258.960000,51,8
258.965000,51,8
258.970000,53,10
258.975000,51,8
258.980000,51,8
258.985000,52,9
258.990000,51,8
258.995000,51,8
259.000000,53,10
259.005000,51,8
259.010000,51,8
259.015000,52,9
259.020000,51,8
259.025000,51,8
259.030000,53,10
259.035000,51,8
259.040000,51,8
259.045000,52,9
259.050000,51,8
259.055000,51,8
259.060000,53,10
259.065000,51,8
259.070000,50,8
259.075000,51,9
259.080000,50,8
259.085000,50,8
259.090000,52,10
259.095000,50,8
259.100000,50,8
259.105000,51,9
259.110000,50,8
259.115000,50,8
259.120000,52,10
259.125000,50,8
259.130000,50,8
259.135000,51,9
259.140000,50,8
259.145000,50,8
259.150000,52,10
259.155000,50,8
259.160000,50,8
259.165000,51,9
259.170000,50,8
259.175000,50,8
259.180000,52,10
259.185000,50,8
259.190000,50,8
259.195000,51,9
259.200000,50,8
259.205000,50,8
259.210000,52,10
259.215000,50,8
259.220000,50,8
259.225000,51,9
259.230000,50,8
259.235000,50,8
259.240000,52,10
259.245000,50,8
259.250000,50,8
259.255000,51,9
259.260000,50,8
259.265000,50,8
259.270000,52,10
259.275000,50,8
259.280000,50,8
259.285000,51,9
259.290000,51,8
259.295000,51,8
259.300000,53,10
259.305000,51,8
259.310000,51,8
259.315000,52,9
259.320000,51,8
259.325000,51,8
259.330000,53,11
259.335000,51,9
259.340000,51,9
259.345000,52,10
259.350000,51,9
259.355000,51,9
259.360000,53,11
259.365000,51,9
259.370000,51,9
259.375000,52,10
259.380000,51,9
259.385000,52,10
259.390000,52,10
259.395000,51,9
259.400000,51,9
259.405000,52,10
259.410000,51,9
259.415000,52,10
259.420000,52,10
259.425000,51,9
259.430000,51,9
259.435000,52,10
259.440000,52,10
259.445000,51,9
259.450000,52,10
259.455000,51,9
259.460000,51,9
259.465000,53,11
259.470000,52,10
259.475000,51,9
259.480000,52,10
259.485000,51,9
259.490000,51,9
259.495000,53,11
259.500000,51,9
259.505000,52,9
259.510000,53,10
259.515000,52,9
259.520000,53,10
259.525000,53,10
259.530000,52,9
259.535000,52,9
259.540000,53,10
259.545000,53,10
259.550000,53,10
259.555000,53,10
259.560000,52,9
259.565000,52,9
259.570000,54,11
259.575000,52,9
259.580000,53,10
259.585000,53,10
259.590000,52,9
259.595000,53,10
259.600000,53,10
259.605000,52,9
259.610000,53,10
259.615000,53,10
259.620000,53,10
259.625000,52,9
259.630000,53,10
259.635000,52,9
259.640000,53,10
259.645000,54,11
259.650000,52,9
259.655000,52,9
259.660000,53,10
259.665000,52,9
259.670000,54,11
259.675000,52,9
259.680000,52,9
259.685000,52,9
259.690000,53,10
259.695000,54,11
259.700000,53,10
259.705000,52,9
259.710000,52,9
259.715000,52,9
259.720000,54,11
259.725000,53,10
259.730000,52,9
259.735000,52,9
259.740000,52,9
259.745000,53,10
259.750000,54,11
259.755000,53,10
259.760000,52,9
259.765000,52,9
259.770000,53,10
259.775000,52,9
259.780000,54,11
259.785000,52,9
259.790000,52,9
259.795000,53,10
259.800000,52,9
259.805000,53,10
259.810000,53,10
259.815000,52,9
259.820000,53,10
259.825000,52,9
259.830000,53,10
259.835000,52,9
259.840000,53,10
259.845000,53,10
259.850000,53,10
259.855000,53,10
259.860000,52,9
259.865000,52,9
259.870000,53,10
259.875000,53,10
259.880000,53,10
259.885000,52,9
259.890000,52,9
259.895000,52,9
259.900000,54,11
259.905000,54,11
259.910000,52,9
259.915000,52,9
259.920000,52,9
259.925000,52,9
259.930000,55,12
259.935000,52,9
259.940000,52,9
259.945000,52,9
259.950000,52,9
259.955000,54,11
259.960000,55,12
259.965000,52,9
259.970000,52,9
259.975000,52,9
259.980000,52,9
259.985000,54,11
259.990000,53,10
259.995000,52,9
260.000000,52,9
260.005000,52,9
260.010000,54,11
260.015000,52,9
260.020000,52,10
260.025000,51,9
260.030000,51,9
260.035000,53,11
260.040000,51,9
260.045000,51,9
260.050000,52,10
260.055000,51,9
260.060000,53,12
260.065000,51,10
260.070000,51,10
260.075000,51,10
260.080000,52,11
260.085000,53,12
260.090000,51,10
260.095000,51,10
260.100000,51,10
260.105000,51,10
260.110000,53,13
260.115000,50,10
260.120000,50,10
260.125000,50,10
260.130000,50,10
260.135000,52,12
260.140000,51,11
260.145000,50,10
260.150000,50,10
260.155000,50,10
260.160000,52,12
260.165000,50,10
260.170000,51,11
260.175000,50,10
260.180000,50,10
260.185000,52,12
260.190000,50,10
260.195000,49,9
260.200000,50,10
260.205000,49,9
260.210000,51,11
260.215000,50,10
260.220000,50,10
260.225000,49,9
260.230000,50,10
260.235000,51,11
260.240000,49,9
260.245000,49,9
260.250000,50,10
260.255000,49,9
260.260000,52,12
260.265000,49,9
260.270000,49,9
260.275000,49,9
260.280000,50,10
260.285000,51,11
260.290000,50,10
260.295000,49,9
260.300000,49,9
260.305000,49,9
260.310000,52,12
260.315000,49,9
260.320000,50,10
260.325000,49,9
260.330000,49,9
260.335000,51,11
260.340000,50,10
260.345000,49,9
260.350000,50,10
260.355000,49,9
260.360000,51,11
260.365000,49,9
260.370000,50,10
260.375000,49,9
260.380000,49,10
260.385000,50,11
260.390000,48,9
260.395000,48,9
260.400000,49,10
260.405000,48,9
260.410000,51,12
260.415000,48,9
260.420000,48,9
260.425000,48,9
260.430000,49,10
260.435000,50,11
260.440000,49,10
260.445000,48,9
260.450000,48,9
260.455000,48,9
260.460000,51,12
260.465000,48,9
260.470000,49,10
260.475000,48,9
260.480000,48,9
260.485000,50,11
260.490000,49,10
260.495000,48,9
260.500000,49,10
260.505000,48,9
260.510000,50,11
260.515000,48,9
260.520000,49,10
260.525000,48,9
260.530000,49,10
260.535000,50,11
260.540000,48,9
260.545000,48,9
260.550000,49,10
260.555000,48,9
260.560000,51,12
260.565000,49,9
260.570000,49,9
260.575000,49,9
260.580000,50,10
260.585000,51,11
260.590000,50,10
260.595000,49,9
260.600000,49,9
260.605000,49,9
260.610000,52,12
260.615000,49,9
260.620000,50,10
260.625000,49,9
260.630000,49,9
260.635000,51,11
260.640000,50,10
260.645000,49,9
260.650000,50,10
260.655000,50,9
260.660000,52,11
260.665000,50,9
260.670000,51,10
260.675000,50,9
260.680000,51,10
260.685000,52,11
260.690000,50,9
260.695000,50,9
260.700000,51,10
260.705000,50,9
260.710000,53,12
260.715000,50,9
260.720000,50,9
260.725000,50,9
260.730000,51,10
260.735000,52,11
260.740000,51,10
260.745000,50,9
260.750000,50,9
260.755000,50,9
260.760000,53,12
260.765000,50,9
260.770000,51,10
260.775000,50,9
260.780000,50,9
260.785000,52,11
260.790000,51,10
260.795000,50,9
260.800000,51,10
260.805000,50,9
260.810000,52,11
260.815000,50,9
260.820000,51,10
260.825000,50,9
260.830000,51,10
260.835000,53,11
260.840000,51,9
260.845000,51,9
260.850000,52,10
260.855000,51,9
260.860000,54,12
260.865000,51,9
260.870000,51,9
260.875000,51,9
260.880000,52,10
260.885000,53,11
260.890000,52,10
260.895000,51,9
260.900000,51,9
260.905000,51,9
260.910000,54,12
260.915000,51,9
260.920000,52,10
260.925000,51,9
260.930000,51,9
260.935000,53,11
260.940000,52,10
260.945000,51,9
260.950000,52,10
260.955000,51,9
260.960000,53,11
260.965000,51,9
260.970000,52,10
260.975000,51,9
260.980000,52,10
260.985000,53,11
260.990000,51,9
260.995000,51,9
261.000000,52,10
261.005000,51,9
261.010000,54,12
261.015000,51,9
261.020000,51,9
261.025000,51,9
261.030000,52,10
261.035000,54,11
261.040000,53,10
261.045000,53,9
261.050000,53,9
261.055000,53,9
261.060000,56,12
261.065000,53,9
261.070000,54,10
261.075000,53,9
261.080000,53,9
261.085000,55,11
261.090000,54,10
261.095000,53,9
261.100000,54,10
261.105000,53,9
261.110000,55,11
261.115000,53,9
261.120000,54,10
261.125000,53,9
261.130000,54,10
261.135000,55,11
261.140000,53,9
261.145000,53,9
261.150000,54,10
261.155000,52,9
261.160000,55,12
261.165000,52,9
261.170000,52,9
261.175000,52,9
261.180000,53,10
261.185000,54,11
261.190000,53,10
261.195000,52,9
261.200000,51,9
261.205000,50,9
261.210000,53,12
261.215000,50,9
261.220000,51,10
261.225000,50,9
261.230000,50,9
261.235000,52,11
261.240000,51,10
261.245000,50,9
261.250000,51,10
261.255000,50,9
261.260000,52,11
261.265000,50,9
261.270000,51,10
261.275000,50,9
261.280000,51,10
261.285000,52,11
261.290000,50,9
261.295000,50,10
261.300000,51,11
261.305000,50,10
261.310000,53,13
261.315000,50,10
261.320000,50,10
261.325000,50,10
261.330000,51,11
261.335000,52,12
261.340000,51,11
261.345000,50,10
261.350000,50,10
261.355000,50,10
261.360000,53,13
261.365000,50,10
261.370000,50,11
261.375000,49,10
261.380000,49,10
261.385000,51,12
261.390000,50,11
261.395000,49,10
261.400000,50,11
261.405000,49,10
261.410000,51,12
261.415000,49,10
261.420000,50,11
261.425000,50,11
261.430000,49,10
261.435000,51,12
261.440000,49,10
261.445000,49,10
261.450000,50,11
261.455000,50,11
261.460000,51,12
261.465000,49,10
261.470000,49,10
261.475000,49,10
261.480000,51,12
261.485000,52,13
261.490000,49,10
261.495000,49,10
261.500000,49,10
261.505000,49,10
261.510000,53,14
261.515000,49,10
261.520000,49,10
261.525000,49,10
261.530000,49,10
261.535000,51,12
261.540000,51,12
261.545000,49,10
261.550000,49,10
261.555000,49,10
261.560000,52,12
261.565000,51,11
261.570000,52,12
261.575000,50,10
261.580000,50,10
261.585000,52,12
261.590000,50,10
261.595000,51,11
261.600000,52,12
261.605000,50,9
261.610000,52,11
261.615000,50,9
261.620000,50,9
261.625000,51,10
261.630000,52,11
261.635000,52,11
261.640000,50,9
261.645000,50,9
261.650000,50,9
261.655000,51,10
261.660000,54,13
261.665000,50,9
261.670000,50,9
261.675000,50,9
261.680000,50,9
261.685000,53,12
261.690000,52,11
261.695000,50,9
261.700000,50,9
261.705000,50,9
261.710000,51,10
261.715000,50,9
261.720000,50,9
261.725000,49,8
261.730000,50,9
261.735000,51,10
261.740000,50,9
261.745000,50,9
261.750000,50,9
261.755000,49,8
261.760000,51,10
261.765000,51,9
261.770000,51,9
261.775000,51,8
261.780000,52,9
261.785000,53,10
261.790000,52,9
261.795000,52,9
261.800000,51,8
261.805000,51,8
261.810000,54,11
261.815000,52,9
261.820000,52,9
261.825000,51,8
261.830000,51,8
261.835000,53,10
261.840000,53,10
261.845000,52,9
261.850000,51,8
261.855000,51,8
261.860000,53,10
261.865000,52,9
261.870000,53,10
261.875000,51,8
261.880000,51,8
261.885000,53,10
261.890000,52,9
261.895000,52,9
261.900000,52,9
261.905000,51,8
261.910000,53,10
261.915000,52,9
261.920000,52,9
261.925000,51,8
261.930000,52,9
261.935000,53,10
261.940000,52,9
261.945000,52,9
261.950000,51,8
261.955000,51,8
261.960000,54,11
261.965000,52,9
261.970000,52,9
261.975000,51,8
261.980000,51,8
261.985000,53,10
261.990000,53,10
261.995000,52,9
262.000000,51,8
262.005000,51,8
262.010000,53,10
262.015000,52,9
262.020000,53,10
262.025000,51,8
262.030000,51,8
262.035000,53,10
262.040000,52,9
262.045000,52,9
262.050000,52,9
262.055000,51,8
262.060000,53,10
262.065000,52,9
262.070000,52,9
262.075000,51,8
262.080000,52,9
262.085000,53,10
262.090000,52,9
262.095000,52,9
262.100000,50,8
262.105000,51,9
262.110000,52,10
262.115000,51,9
262.120000,51,9
262.125000,50,8
262.130000,51,9
262.135000,51,9
262.140000,52,10
262.145000,51,9
262.150000,51,9
262.155000,50,8
262.160000,51,9
262.165000,51,9
262.170000,53,11
262.175000,51,9
262.180000,51,8
262.185000,52,9
262.190000,52,9
262.195000,53,10
262.200000,52,9
262.205000,51,8
262.210000,52,9
262.215000,52,9
262.220000,53,10
262.225000,51,9
262.230000,53,11
262.235000,52,10
262.240000,53,11
262.245000,52,11
262.250000,51,10
262.255000,51,10
262.260000,53,12
262.265000,53,12
262.270000,52,11
262.275000,51,10
262.280000,51,10
262.285000,53,12
262.290000,53,12
262.295000,52,11
262.300000,51,10
262.305000,51,10
262.310000,53,12
262.315000,52,11
262.320000,53,12
262.325000,51,10
262.330000,52,11
262.335000,53,12
262.340000,52,11
262.345000,52,11
262.350000,52,11
262.355000,51,10
262.360000,53,12
262.365000,52,11
262.370000,52,11
262.375000,51,10
262.380000,52,11
262.385000,53,12
262.390000,52,11
262.395000,52,11
262.400000,51,10
262.405000,51,10
262.410000,54,13
262.415000,52,11
262.420000,52,11
262.425000,51,10
262.430000,51,10
262.435000,53,12
262.440000,53,12
262.445000,52,11
262.450000,51,10
262.455000,52,11
262.460000,53,12
262.465000,53,12
262.470000,53,12
262.475000,51,10
262.480000,52,11
262.485000,52,11
262.490000,53,12
262.495000,51,10
262.500000,52,11
262.505000,52,11
262.510000,52,11
262.515000,53,12
262.520000,51,10
262.525000,52,11
262.530000,52,11
262.535000,52,11
262.540000,53,12
262.545000,52,11
262.550000,51,10
262.555000,52,11
262.560000,53,12
262.565000,54,13
262.570000,51,10
262.575000,51,10
262.580000,52,11
262.585000,52,11
262.590000,54,13
262.595000,51,10
262.600000,51,10
262.605000,52,11
262.610000,52,11
262.615000,53,12
262.620000,52,11
262.625000,52,11
262.630000,52,11
262.635000,52,11
262.640000,52,11
262.645000,52,11
262.650000,52,11
262.655000,52,11
262.660000,52,11
262.665000,53,12
262.670000,51,10
262.675000,52,11
262.680000,53,12
262.685000,52,11
262.690000,52,11
262.695000,52,11
262.700000,52,11
262.705000,52,11
262.710000,52,11
262.715000,53,12
262.720000,52,11
262.725000,52,11
262.730000,51,10
262.735000,52,11
262.740000,54,13
262.745000,52,11
262.750000,51,10
262.755000,52,11
262.760000,52,11
262.765000,53,12
262.770000,52,11
262.775000,52,11
262.780000,52,11
262.785000,52,11
262.790000,52,11
262.795000,52,11
262.800000,53,12
262.805000,52,11
262.810000,51,10
262.815000,53,12
262.820000,52,11
262.825000,52,11
262.830000,52,11
262.835000,52,11
262.840000,53,12
262.845000,52,11
262.850000,51,10
262.855000,52,11
262.860000,53,12
262.865000,53,12
262.870000,50,10
262.875000,51,11
262.880000,51,11
262.885000,51,11
262.890000,52,12
262.895000,51,12
262.900000,51,12
262.905000,51,12
262.910000,50,11
262.915000,52,13
262.920000,52,13
262.925000,51,12
262.930000,50,11
262.935000,51,12
262.940000,52,13
262.945000,51,12
262.950000,51,12
262.955000,51,12
262.960000,51,12
262.965000,52,13
262.970000,50,11
262.975000,51,12
262.980000,52,13
262.985000,51,12
262.990000,51,12
262.995000,51,12
263.000000,52,13
263.005000,51,12
263.010000,51,12
263.015000,53,14
263.020000,52,13
263.025000,50,11
263.030000,50,11
263.035000,53,14
263.040000,53,14
263.045000,50,11
263.050000,51,12
263.055000,51,12
263.060000,51,12
263.065000,53,14
263.070000,51,12
263.075000,51,12
263.080000,52,13
263.085000,50,11
263.090000,51,12
263.095000,53,14
263.100000,52,13
263.105000,50,11
263.110000,51,12
263.115000,52,13
263.120000,51,12
263.125000,52,13
263.130000,51,12
263.135000,51,12
263.140000,53,14
263.145000,50,11
263.150000,50,11
263.155000,53,14
263.160000,51,12
263.165000,51,12
263.170000,51,12
263.175000,51,12
263.180000,52,13
263.185000,52,13
263.190000,51,12
263.195000,51,12
263.200000,52,13
263.205000,50,11
263.210000,51,12
263.215000,53,14
263.220000,51,12
263.225000,50,11
263.230000,52,12
263.235000,53,13
263.240000,53,13
263.245000,52,12
263.250000,51,11
263.255000,52,12
263.260000,54,14
263.265000,53,13
263.270000,51,11
263.275000,53,13
263.280000,52,12
263.285000,51,11
263.290000,54,14
263.295000,52,12
263.300000,52,12
263.305000,52,12
263.310000,51,11
263.315000,55,15
263.320000,54,14
263.325000,51,11
263.330000,52,12
263.335000,53,13
263.340000,54,14
263.345000,52,12
263.350000,53,13
263.355000,53,13
263.360000,53,13
263.365000,52,13
263.370000,51,12
263.375000,53,14
263.380000,52,13
263.385000,51,12
263.390000,52,13
263.395000,52,13
263.400000,52,13
263.405000,52,13
263.410000,51,12
263.415000,54,15
263.420000,52,13
263.425000,52,12
263.430000,53,13
263.435000,55,15
263.440000,53,13
263.445000,52,12
263.450000,53,13
263.455000,53,13
263.460000,54,13
263.465000,56,15
263.470000,53,12
263.475000,54,13
263.480000,54,13
263.485000,53,12
263.490000,55,14
263.495000,55,14
263.500000,53,12
263.505000,53,12
263.510000,55,14
263.515000,56,15
263.520000,54,13
263.525000,53,13
263.530000,52,12
263.535000,52,12
263.540000,53,13
263.545000,52,12
263.550000,52,12
263.555000,52,12
263.560000,51,11
263.565000,53,13
263.570000,53,13
263.575000,51,11
263.580000,53,12
263.585000,54,13
263.590000,53,12
263.595000,53,12
263.600000,53,12
263.605000,53,12
263.610000,52,12
263.615000,54,14
263.620000,53,13
263.625000,53,13
263.630000,53,13
263.635000,52,12
263.640000,53,13
263.645000,55,15
263.650000,52,12
263.655000,52,12
263.660000,53,13
263.665000,54,14
263.670000,54,14
263.675000,52,12
263.680000,53,13
263.685000,53,13
263.690000,54,14
263.695000,53,13
263.700000,53,13
263.705000,53,13
263.710000,53,13
263.715000,53,13
263.720000,54,14
263.725000,53,13
263.730000,53,13
263.735000,53,13
263.740000,53,13
263.745000,55,15
263.750000,53,13
263.755000,53,13
263.760000,53,13
263.765000,55,15
263.770000,54,14
263.775000,53,13
263.780000,53,13
263.785000,54,14
263.790000,54,14
263.795000,54,14
263.800000,54,14
263.805000,54,14
263.810000,53,13
263.815000,54,14
263.820000,53,13
263.825000,55,15
263.830000,53,13
263.835000,53,13
263.840000,55,15
263.845000,53,13
263.850000,54,14
263.855000,54,14
263.860000,53,13
263.865000,55,15
263.870000,54,14
263.875000,55,15
263.880000,54,14
263.885000,54,14
263.890000,55,15
263.895000,54,14
263.900000,55,15
263.905000,54,14
263.910000,54,14
263.915000,55,15
263.920000,54,14
263.925000,55,15
263.930000,55,15
263.935000,54,14
263.940000,55,15
263.945000,54,14
263.950000,54,14
263.955000,55,15
263.960000,54,14
263.965000,55,15
263.970000,54,14
263.975000,54,14
263.980000,55,15
263.985000,54,14
263.990000,55,15
263.995000,54,14
264.000000,54,14
264.005000,55,15
264.010000,54,14
264.015000,55,15
264.020000,54,14
264.025000,54,14
264.030000,55,15
264.035000,54,14
264.040000,55,15
264.045000,54,14
264.050000,54,14
264.055000,55,15
264.060000,54,14
264.065000,55,15
264.070000,54,14
264.075000,54,14
264.080000,55,15
264.085000,55,15
264.090000,54,14
264.095000,54,14
264.100000,53,14
264.105000,55,16
264.110000,54,15
264.115000,54,14
264.120000,54,14
264.125000,54,14
264.130000,56,16
264.135000,54,14
264.140000,54,14
264.145000,54,14
264.150000,54,14
264.155000,56,16
264.160000,54,14
264.165000,54,14
264.170000,54,15
264.175000,55,16
264.180000,55,16
264.185000,54,15
264.190000,54,15
264.195000,54,15
264.200000,55,16
264.205000,55,16
264.210000,54,15
264.215000,54,15
264.220000,55,16
264.225000,54,15
264.230000,55,16
264.235000,54,15
264.240000,54,15
264.245000,55,16
264.250000,54,15
264.255000,55,16
264.260000,54,15
264.265000,54,15
264.270000,55,16
264.275000,54,15
264.280000,55,16
264.285000,54,15
264.290000,54,15
264.295000,55,16
264.300000,54,15
264.305000,55,16
264.310000,54,15
264.315000,54,15
264.320000,55,16
264.325000,54,15
264.330000,55,16
264.335000,54,15
264.340000,54,15
264.345000,55,16
264.350000,54,15
264.355000,55,16
264.360000,54,15
264.365000,54,15
264.370000,55,16
264.375000,54,15
264.380000,55,16
264.385000,55,15
264.390000,56,16
264.395000,55,15
264.400000,55,15
264.405000,56,16
264.410000,56,16
264.415000,55,15
264.420000,55,15
264.425000,55,15
264.430000,57,17
264.435000,55,15
264.440000,55,15
264.445000,55,15
264.450000,56,16
264.455000,56,16
264.460000,55,15
264.465000,55,15
264.470000,56,16
264.475000,54,15
264.480000,55,16
264.485000,54,15
264.490000,55,16
264.495000,54,15
264.500000,54,15
264.505000,55,16
264.510000,55,16
264.515000,54,15
264.520000,54,15
264.525000,54,15
264.530000,56,17
264.535000,54,15
264.540000,54,15
264.545000,54,15
264.550000,55,16
264.555000,55,16
264.560000,54,15
264.565000,54,15
264.570000,55,16
264.575000,54,15
264.580000,55,16
264.585000,54,15
264.590000,55,16
264.595000,54,15
264.600000,54,15
264.605000,55,16
264.610000,55,16
264.615000,54,15
264.620000,54,15
264.625000,54,15
264.630000,56,17
264.635000,54,15
264.640000,54,15
264.645000,54,15
264.650000,55,16
264.655000,55,16
264.660000,54,15
264.665000,54,15
264.670000,55,16
264.675000,54,15
264.680000,55,16
264.685000,54,15
264.690000,55,16
264.695000,54,15
264.700000,54,15
264.705000,55,16
264.710000,55,16
264.715000,54,15
264.720000,54,15
264.725000,54,15
264.730000,56,17
264.735000,54,15
264.740000,54,15
264.745000,54,15
264.750000,55,16
264.755000,55,16
264.760000,54,15
264.765000,54,15
264.770000,55,16
264.775000,54,15
264.780000,55,16
264.785000,54,15
264.790000,55,16
264.795000,54,15
264.800000,54,15
264.805000,55,16
264.810000,55,16
264.815000,54,15
264.820000,54,15
264.825000,54,15
264.830000,56,17
264.835000,54,15
264.840000,54,15
264.845000,54,15
264.850000,55,16
264.855000,55,16
264.860000,54,15
264.865000,54,15
264.870000,55,16
264.875000,54,15
264.880000,55,16
264.885000,54,15
264.890000,55,16
264.895000,54,15
264.900000,54,15
264.905000,55,16
264.910000,55,16
264.915000,54,15
264.920000,54,15
264.925000,54,15
264.930000,56,17
264.935000,54,15
264.940000,54,15
264.945000,54,15
264.950000,55,16
264.955000,55,16
264.960000,54,15
264.965000,54,15
264.970000,55,16
264.975000,54,15
264.980000,55,16
264.985000,54,15
264.990000,55,16
264.995000,54,15
265.000000,54,15
265.005000,55,16
265.010000,55,16
265.015000,54,15
265.020000,54,15
265.025000,54,15
265.030000,56,17
265.035000,54,15
265.040000,54,15
265.045000,54,15
265.050000,55,16
265.055000,55,16
265.060000,54,15
265.065000,54,15
265.070000,55,16
265.075000,54,15
265.080000,55,16
265.085000,54,14
265.090000,55,15
265.095000,54,14
265.100000,54,14
265.105000,55,15
265.110000,55,15
265.115000,54,14
265.120000,54,14
265.125000,54,14
265.130000,56,16
265.135000,54,14
265.140000,54,14
265.145000,54,14
265.150000,55,15
265.155000,55,15
265.160000,54,14
265.165000,54,14
265.170000,55,15
265.175000,54,14
265.180000,55,15
265.185000,54,14
265.190000,55,15
265.195000,54,14
265.200000,54,14
265.205000,55,15
265.210000,55,15
265.215000,54,14
265.220000,54,14
265.225000,54,14
265.230000,56,16
265.235000,54,14
265.240000,54,14
265.245000,54,14
265.250000,55,15
265.255000,55,15
265.260000,54,14
265.265000,55,15
265.270000,55,15
265.275000,54,14
265.280000,55,15
265.285000,55,15
265.290000,54,14
265.295000,54,14
265.300000,55,15
265.305000,55,15
265.310000,54,14
265.315000,55,15
265.320000,54,14
265.325000,54,14
265.330000,56,16
265.335000,54,14
265.340000,54,14
265.345000,55,15
265.350000,54,14
265.355000,55,15
265.360000,55,15
265.365000,54,14
265.370000,54,14
265.375000,55,15
265.380000,55,15
265.385000,54,14
265.390000,55,15
265.395000,54,14
265.400000,54,14
265.405000,56,16
265.410000,54,14
265.415000,54,14
265.420000,55,15
265.425000,54,14
265.430000,55,15
265.435000,55,15
265.440000,54,14
265.445000,54,14
265.450000,55,15
265.455000,55,15
265.460000,54,14
265.465000,55,15
265.470000,53,14
265.475000,53,14
265.480000,56,17
265.485000,54,15
265.490000,54,15
265.495000,55,16
265.500000,54,15
265.505000,55,16
265.510000,55,16
265.515000,54,15
265.520000,54,15
265.525000,55,16
265.530000,55,16
265.535000,54,15
265.540000,55,16
265.545000,54,15
265.550000,54,15
265.555000,56,17
265.560000,54,15
265.565000,54,15
265.570000,55,16
265.575000,54,15
265.580000,55,16
265.585000,55,16
265.590000,54,15
265.595000,54,15
265.600000,55,16
265.605000,55,16
265.610000,54,15
265.615000,55,16
265.620000,55,16
265.625000,54,15
265.630000,56,17
265.635000,55,16
265.640000,54,15
265.645000,55,16
265.650000,55,16
265.655000,56,16
265.660000,56,16
265.665000,56,16
265.670000,56,16
265.675000,56,16
265.680000,57,17
265.685000,56,16
265.690000,55,15
265.695000,56,16
265.700000,56,16
265.705000,56,16
265.710000,56,16
265.715000,56,16
265.720000,55,15
265.725000,56,16
265.730000,57,17
265.735000,55,15
265.740000,55,15
265.745000,56,16
265.750000,55,16
265.755000,57,17
265.760000,56,16
265.765000,56,16
265.770000,56,16
265.775000,56,16
265.780000,57,17
265.785000,56,16
265.790000,56,16
265.795000,56,16
265.800000,56,16
265.805000,56,16
265.810000,55,15
265.815000,55,15
265.820000,55,15
265.825000,55,15
265.830000,56,16
265.835000,55,15
265.840000,55,15
265.845000,55,15
265.850000,55,15
265.855000,56,16
265.860000,55,15
265.865000,55,15
265.870000,55,15
265.875000,55,15
265.880000,56,16
265.885000,55,15
265.890000,55,15
265.895000,55,15
265.900000,55,15
265.905000,56,16
265.910000,55,15
265.915000,55,15
265.920000,55,15
265.925000,55,15
265.930000,56,16
265.935000,55,15
265.940000,55,15
265.945000,55,15
265.950000,55,15
265.955000,56,16
265.960000,55,15
265.965000,55,15
265.970000,55,15
265.975000,55,15
265.980000,56,16
265.985000,56,15
265.990000,56,15
265.995000,56,15
266.000000,56,15
266.005000,57,16
266.010000,56,15
266.015000,56,15
266.020000,56,15
266.025000,56,15
266.030000,57,16
266.035000,56,15
266.040000,56,15
266.045000,56,15
266.050000,56,15
266.055000,57,16
266.060000,56,15
266.065000,56,15
266.070000,56,15
266.075000,56,15
266.080000,57,16
266.085000,56,15
266.090000,56,15
266.095000,56,15
266.100000,56,15
266.105000,57,16
266.110000,56,15
266.115000,56,15
266.120000,56,15
266.125000,56,15
266.130000,57,16
266.135000,56,15
266.140000,56,15
266.145000,56,15
266.150000,56,15
266.155000,57,16
266.160000,56,15
266.165000,56,15
266.170000,56,15
266.175000,56,15
266.180000,57,16
266.185000,56,15
266.190000,56,15
266.195000,56,15
266.200000,56,15
266.205000,57,16
266.210000,56,15
266.215000,55,14
266.220000,55,14
266.225000,55,14
266.230000,56,15
266.235000,56,14
266.240000,56,14
266.245000,56,14
266.250000,57,15
266.255000,57,15
266.260000,56,14
266.265000,56,14
266.270000,57,14
266.275000,57,14
266.280000,58,15
266.285000,58,15
266.290000,58,15
266.295000,57,14
266.300000,57,14
266.305000,58,15
266.310000,57,14
266.315000,57,14
266.320000,57,14
266.325000,58,15
266.330000,59,16
266.335000,57,14
266.340000,57,14
266.345000,57,14
266.350000,57,14
266.355000,58,15
266.360000,57,14
266.365000,58,15
266.370000,58,16
266.375000,57,15
266.380000,58,16
266.385000,57,15
266.390000,58,15
266.395000,58,15
266.400000,58,15
266.405000,60,17
266.410000,59,16
266.415000,59,15
266.420000,59,15
266.425000,59,15
266.430000,60,16
266.435000,59,15
266.440000,59,15
266.445000,60,16
266.450000,60,16
266.455000,60,16
266.460000,59,15
266.465000,59,15
266.470000,59,15
266.475000,58,15
266.480000,59,16
266.485000,59,16
266.490000,59,16
266.495000,58,15
266.500000,58,15
266.505000,59,16
266.510000,58,15
266.515000,58,15
266.520000,58,15
266.525000,59,16
266.530000,60,17
266.535000,58,15
266.540000,58,15
266.545000,58,15
266.550000,58,15
266.555000,59,16
266.560000,58,15
266.565000,59,16
266.570000,60,16
266.575000,59,15
266.580000,60,16
266.585000,59,15
266.590000,59,15
266.595000,59,16
266.600000,59,16
266.605000,61,18
266.610000,60,17
266.615000,59,16
266.620000,59,16
266.625000,59,16
266.630000,60,17
266.635000,59,16
266.640000,59,16
266.645000,61,17
266.650000,61,17
266.655000,61,17
266.660000,60,16
266.665000,60,16
266.670000,60,16
266.675000,60,16
266.680000,61,17
266.685000,61,17
266.690000,61,17
266.695000,60,16
266.700000,60,16
266.705000,61,17
266.710000,60,16
266.715000,60,16
266.720000,60,16
266.725000,60,16
266.730000,60,16
266.735000,59,15
266.740000,59,15
266.745000,59,15
266.750000,60,16
266.755000,60,16
266.760000,60,16
266.765000,59,15
266.770000,59,15
266.775000,61,16
266.780000,61,16
266.785000,60,15
266.790000,61,15
266.795000,62,16
266.800000,62,16
266.805000,62,16
266.810000,61,15
266.815000,61,15
266.820000,61,15
266.825000,62,16
266.830000,63,17
266.835000,61,15
266.840000,61,15
266.845000,61,15
266.850000,62,16
266.855000,62,16
266.860000,61,15
266.865000,62,16
266.870000,61,15
266.875000,62,16
266.880000,62,16
266.885000,61,15
266.890000,61,15
266.895000,61,15
266.900000,63,17
266.905000,62,16
266.910000,61,15
266.915000,61,15
266.920000,61,15
266.925000,63,17
266.930000,61,15
266.935000,62,16
266.940000,61,15
266.945000,61,15
266.950000,63,17
266.955000,61,15
266.960000,61,15
266.965000,61,15
266.970000,63,17
266.975000,62,16
266.980000,61,15
266.985000,61,15
266.990000,62,16
266.995000,63,16
267.000000,63,16
267.005000,63,16
267.010000,62,15
267.015000,63,16
267.020000,62,15
267.025000,63,16
267.030000,62,15
267.035000,63,16
267.040000,63,16
267.045000,62,15
267.050000,63,16
267.055000,63,16
267.060000,63,16
267.065000,62,15
267.070000,62,15
267.075000,64,17
267.080000,63,16
267.085000,62,15
267.090000,62,15
267.095000,62,15
267.100000,64,17
267.105000,62,15
267.110000,63,16
267.115000,62,15
267.120000,63,16
267.125000,63,16
267.130000,62,15
267.135000,62,15
267.140000,63,16
267.145000,63,16
267.150000,63,16
267.155000,62,15
267.160000,63,16
267.165000,62,15
267.170000,62,15
267.175000,63,16
267.180000,64,17
267.185000,62,15
267.190000,62,15
267.195000,62,15
267.200000,64,17
267.205000,62,15
267.210000,62,15
267.215000,63,16
267.220000,63,16
267.225000,63,16
267.230000,62,15
267.235000,62,15
267.240000,63,16
267.245000,62,15
267.250000,64,17
267.255000,62,15
267.260000,63,16
267.265000,62,15
267.270000,62,15
267.275000,63,16
267.280000,63,16
267.285000,64,18
267.290000,62,16
267.295000,62,16
267.300000,63,17
267.305000,63,17
267.310000,62,16
267.315000,62,16
267.320000,63,17
267.325000,64,18
267.330000,62,16
267.335000,62,16
267.340000,62,16
267.345000,63,17
267.350000,63,17
267.355000,63,17
267.360000,62,16
267.365000,63,17
267.370000,62,16
267.375000,63,17
267.380000,62,16
267.385000,63,17
267.390000,63,17
267.395000,62,16
267.400000,63,17
267.405000,63,17
267.410000,62,16
267.415000,62,16
267.420000,62,16
267.425000,65,19
267.430000,63,16
267.435000,63,16
267.440000,63,16
267.445000,64,17
267.450000,64,17
267.455000,63,16
267.460000,64,17
267.465000,64,17
267.470000,63,16
267.475000,64,17
267.480000,63,16
267.485000,64,17
267.490000,63,16
267.495000,64,17
267.500000,64,17
267.505000,64,17
267.510000,63,16
267.515000,63,16
267.520000,63,16
267.525000,65,18
267.530000,64,17
267.535000,63,16
267.540000,63,16
267.545000,64,17
267.550000,64,17
267.555000,63,16
267.560000,63,16
267.565000,65,18
267.570000,63,16
267.575000,64,17
267.580000,63,16
267.585000,64,17
267.590000,63,16
267.595000,63,16
267.600000,65,18
267.605000,64,17
267.610000,63,16
267.615000,63,16
267.620000,64,17
267.625000,65,18
267.630000,63,16
267.635000,64,17
267.640000,63,16
267.645000,64,17
267.650000,64,17
267.655000,63,16
267.660000,63,16
267.665000,64,17
267.670000,64,17
267.675000,64,17
267.680000,63,16
267.685000,64,17
267.690000,63,16
267.695000,63,16
267.700000,64,17
267.705000,65,18
267.710000,63,16
267.715000,63,16
267.720000,64,17
267.725000,64,17
267.730000,63,16
267.735000,64,17
267.740000,64,17
267.745000,63,16
267.750000,65,18
267.755000,63,16
267.760000,63,16
267.765000,64,17
267.770000,63,16
267.775000,65,18
267.780000,64,17
267.785000,63,16
267.790000,63,16
267.795000,64,17
267.800000,64,17
267.805000,63,16
267.810000,65,18
267.815000,63,16
267.820000,63,16
267.825000,65,18
267.830000,63,16
267.835000,63,16
267.840000,64,17
267.845000,64,17
267.850000,63,16
267.855000,63,16
267.860000,62,15
267.865000,62,15
267.870000,63,16
267.875000,63,16
267.880000,64,17
267.885000,62,15
267.890000,63,16
267.895000,62,15
267.900000,64,17
267.905000,62,15
267.910000,63,16
267.915000,64,17
267.920000,62,15
267.925000,64,17
267.930000,63,16
267.935000,63,16
267.940000,63,16
267.945000,63,16
267.950000,65,18
267.955000,63,16
267.960000,63,16
267.965000,63,16
267.970000,63,16
267.975000,64,17
267.980000,63,16
267.985000,64,17
267.990000,63,16
267.995000,63,16
268.000000,64,17
268.005000,63,16
268.010000,63,16
268.015000,63,16
268.020000,64,17
268.025000,64,17
268.030000,64,16
268.035000,64,16
268.040000,64,16
268.045000,64,16
268.050000,65,17
268.055000,65,17
268.060000,63,16
268.065000,63,16
268.070000,63,16
268.075000,64,17
268.080000,63,16
268.085000,63,16
268.090000,64,17
268.095000,63,16
268.100000,64,17
268.105000,63,16
268.110000,63,16
268.115000,63,16
268.120000,63,16
268.125000,65,18
268.130000,63,16
268.135000,63,16
268.140000,63,16
268.145000,63,16
268.150000,64,17
268.155000,63,16
268.160000,64,17
268.165000,63,16
268.170000,63,16
268.175000,64,17
268.180000,63,16
268.185000,63,16
268.190000,63,16
268.195000,64,17
268.200000,64,17
268.205000,63,17
268.210000,63,17
268.215000,63,17
268.220000,63,18
268.225000,64,19
268.230000,64,19
268.235000,63,18
268.240000,63,18
268.245000,63,18
268.250000,64,19
268.255000,63,18
268.260000,63,18
268.265000,64,19
268.270000,63,18
268.275000,64,19
268.280000,63,18
268.285000,63,18
268.290000,63,18
268.295000,63,18
268.300000,65,20
268.305000,63,18
268.310000,63,18
268.315000,63,18
268.320000,63,18
268.325000,64,19
268.330000,63,18
268.335000,64,19
268.340000,63,18
268.345000,63,18
268.350000,64,19
268.355000,63,18
268.360000,63,18
268.365000,63,18
268.370000,64,19
268.375000,64,19
268.380000,63,18
268.385000,63,18
268.390000,63,18
268.395000,63,18
268.400000,64,19
268.405000,64,19
268.410000,63,18
268.415000,63,18
268.420000,63,18
268.425000,64,19
268.430000,63,18
268.435000,63,18
268.440000,64,19
268.445000,63,18
268.450000,64,19
268.455000,63,18
268.460000,63,18
268.465000,63,18
268.470000,64,19
268.475000,64,19
268.480000,63,18
268.485000,63,18
268.490000,64,19
268.495000,65,20
268.500000,64,19
268.505000,64,19
268.510000,65,20
268.515000,65,20
268.520000,64,19
268.525000,64,19
268.530000,64,19
268.535000,64,19
268.540000,64,19
268.545000,65,20
268.550000,64,19
268.555000,64,19
268.560000,65,20
268.565000,64,19
268.570000,64,19
268.575000,64,19
268.580000,66,21
268.585000,65,20
268.590000,64,19
268.595000,64,20
268.600000,64,20
268.605000,65,21
268.610000,64,20
268.615000,65,21
268.620000,64,20
268.625000,64,20
268.630000,65,21
268.635000,64,20
268.640000,64,20
268.645000,64,20
268.650000,66,22
268.655000,64,20
268.660000,64,20
268.665000,64,20
268.670000,64,20
268.675000,65,21
268.680000,64,20
268.685000,65,21
268.690000,64,20
268.695000,65,21
268.700000,64,20
268.705000,64,20
268.710000,64,20
268.715000,64,20
268.720000,66,22
268.725000,64,20
268.730000,64,20
268.735000,64,20
268.740000,65,21
268.745000,64,20
268.750000,64,20
268.755000,65,21
268.760000,65,21
268.765000,65,20
268.770000,65,20
268.775000,65,20
268.780000,66,21
268.785000,66,21
268.790000,66,21
268.795000,65,20
268.800000,65,20
268.805000,66,21
268.810000,65,20
268.815000,65,20
268.820000,65,20
268.825000,68,22
268.830000,66,20
268.835000,66,20
268.840000,66,20
268.845000,67,21
268.850000,66,20
268.855000,66,20
268.860000,66,20
268.865000,66,20
268.870000,65,20
268.875000,65,20
268.880000,66,21
268.885000,66,21
268.890000,65,20
268.895000,67,22
268.900000,65,20
268.905000,66,21
268.910000,65,20
268.915000,66,21
268.920000,65,20
268.925000,66,21
268.930000,66,21
268.935000,66,21
268.940000,65,20
268.945000,66,21
268.950000,65,20
268.955000,66,21
268.960000,65,20
268.965000,67,22
268.970000,65,20
268.975000,66,21
268.980000,65,20
268.985000,66,21
268.990000,65,20
268.995000,66,21
269.000000,66,21
269.005000,66,21
269.010000,65,20
269.015000,66,21
269.020000,65,20
269.025000,66,21
269.030000,66,21
269.035000,67,22
269.040000,65,20
269.045000,66,21
269.050000,65,20
269.055000,66,21
269.060000,65,20
269.065000,67,22
269.070000,66,21
269.075000,66,21
269.080000,65,20
269.085000,66,21
269.090000,65,20
269.095000,66,21
269.100000,66,21
269.105000,67,22
269.110000,65,20
269.115000,66,21
269.120000,65,20
269.125000,66,21
269.130000,65,20
269.135000,67,22
269.140000,66,21
269.145000,66,21
269.150000,65,20
269.155000,66,21
269.160000,65,20
269.165000,66,21
269.170000,66,21
269.175000,67,22
269.180000,65,20
269.185000,66,21
269.190000,65,20
269.195000,66,21
269.200000,65,20
269.205000,67,22
269.210000,66,21
269.215000,66,21
269.220000,65,20
269.225000,66,21
269.230000,65,20
269.235000,66,21
269.240000,66,21
269.245000,66,21
269.250000,65,20
269.255000,66,21
269.260000,65,20
269.265000,66,21
269.270000,66,21
269.275000,66,21
269.280000,65,20
269.285000,66,21
269.290000,65,20
269.295000,66,21
269.300000,66,21
269.305000,67,21
269.310000,66,20
269.315000,67,21
269.320000,66,20
269.325000,66,20
269.330000,66,19
269.335000,66,19
269.340000,65,18
269.345000,66,19
269.350000,65,18
269.355000,66,19
269.360000,67,20
269.365000,66,19
269.370000,65,18
269.375000,66,19
269.380000,65,18
269.385000,66,19
269.390000,66,19
269.395000,66,19
269.400000,66,19
269.405000,66,19
269.410000,65,18
269.415000,66,19
269.420000,66,19
269.425000,66,19
269.430000,65,18
269.435000,66,19
269.440000,66,19
269.445000,66,19
269.450000,66,19
269.455000,66,19
269.460000,65,18
269.465000,66,19
269.470000,65,18
269.475000,66,19
269.480000,67,20
269.485000,66,19
269.490000,65,18
269.495000,66,19
269.500000,65,18
269.505000,66,19
269.510000,66,19
269.515000,66,19
269.520000,66,19
269.525000,66,19
269.530000,66,18
269.535000,67,19
269.540000,67,19
269.545000,67,19
269.550000,66,18
269.555000,67,19
269.560000,67,19
269.565000,67,19
269.570000,67,19
269.575000,67,19
269.580000,66,18
269.585000,67,19
269.590000,66,18
269.595000,67,19
269.600000,67,19
269.605000,66,18
269.610000,65,17
269.615000,67,18
269.620000,67,18
269.625000,66,17
269.630000,67,18
269.635000,68,19
269.640000,67,18
269.645000,66,17
269.650000,68,18
269.655000,68,18
269.660000,68,18
269.665000,68,18
269.670000,67,17
269.675000,68,18
269.680000,69,19
269.685000,67,17
269.690000,69,18
269.695000,70,19
269.700000,68,17
269.705000,68,17
269.710000,69,18
269.715000,69,18
269.720000,70,19
269.725000,69,18
269.730000,68,17
269.735000,69,18
269.740000,69,18
269.745000,68,17
269.750000,69,18
269.755000,70,19
269.760000,69,18
269.765000,68,17
269.770000,69,18
269.775000,69,18
269.780000,69,18
269.785000,69,18
269.790000,68,17
269.795000,69,18
269.800000,70,19
269.805000,68,17
269.810000,69,18
269.815000,70,19
269.820000,68,17
269.825000,69,18
269.830000,69,18
269.835000,69,18
269.840000,71,20
269.845000,69,18
269.850000,69,18
269.855000,69,18
269.860000,69,18
269.865000,69,18
269.870000,70,19
269.875000,71,20
269.880000,70,19
269.885000,69,18
269.890000,69,18
269.895000,70,19
269.900000,70,19
269.905000,69,18
269.910000,70,19
269.915000,70,19
269.920000,70,19
269.925000,70,19
269.930000,71,20
269.935000,69,18
269.940000,69,18
269.945000,70,19
269.950000,69,18
269.955000,70,19
269.960000,72,21
269.965000,69,18
269.970000,69,17
269.975000,70,18
269.980000,69,17
269.985000,69,17
269.990000,71,20
269.995000,70,19
270.000000,70,19
270.005000,70,19
270.010000,70,19
270.015000,70,19
270.020000,72,21
270.025000,70,19
270.030000,70,19
270.035000,72,21
270.040000,71,20
270.045000,70,19
270.050000,72,21
270.055000,70,19
270.060000,70,19
270.065000,71,20
270.070000,70,19
270.075000,71,20
270.080000,73,22
270.085000,70,19
270.090000,70,19
270.095000,71,20
270.100000,70,19
270.105000,70,19
270.110000,72,21
270.115000,71,20
270.120000,71,20
270.125000,71,20
270.130000,70,19
270.135000,70,19
270.140000,72,21
270.145000,70,19
270.150000,70,19
270.155000,72,21
270.160000,71,20
270.165000,70,19
270.170000,72,21
270.175000,71,19
270.180000,71,19
270.185000,72,20
270.190000,71,19
270.195000,73,20
270.200000,75,22
270.205000,72,19
270.210000,72,19
270.215000,74,20
270.220000,73,19
270.225000,73,19
270.230000,75,21
270.235000,75,21
270.240000,74,20
270.245000,74,20
270.250000,74,20
270.255000,73,19
270.260000,75,21
270.265000,75,20
270.270000,75,20
270.275000,76,21
270.280000,76,21
270.285000,74,19
270.290000,76,21
270.295000,75,20
270.300000,75,20
270.305000,75,20
270.310000,75,19
270.315000,76,20
270.320000,77,21
270.325000,75,19
270.330000,75,19
270.335000,75,19
270.340000,75,19
270.345000,75,19
270.350000,76,20
270.355000,76,20
270.360000,75,19
270.365000,75,19
270.370000,75,19
270.375000,75,19
270.380000,76,20
270.385000,75,19
270.390000,74,19
270.395000,73,18
270.400000,74,19
270.405000,73,18
270.410000,74,19
270.415000,74,19
270.420000,73,18
270.425000,74,19
270.430000,73,18
270.435000,73,17
270.440000,74,18
270.445000,73,17
270.450000,73,17
270.455000,73,17
270.460000,74,18
270.465000,73,17
270.470000,74,18
270.475000,72,16
270.480000,72,16
270.485000,72,16
270.490000,72,16
270.495000,73,17
270.500000,73,17
270.505000,72,16
270.510000,73,17
270.515000,72,16
270.520000,72,16
270.525000,72,16
270.530000,74,18
270.535000,72,16
270.540000,72,16
270.545000,72,16
270.550000,73,17
270.555000,72,16
270.560000,73,17
270.565000,73,17
270.570000,72,16
270.575000,72,16
270.580000,73,16
270.585000,73,16
270.590000,75,19
270.595000,73,17
270.600000,74,18
270.605000,73,17
270.610000,73,17
270.615000,73,17
270.620000,75,18
270.625000,74,17
270.630000,75,18
270.635000,75,18
270.640000,74,17
270.645000,74,17
270.650000,75,18
270.655000,74,18
270.660000,74,18
270.665000,75,19
270.670000,77,20
270.675000,75,18
270.680000,76,19
270.685000,75,18
270.690000,75,18
270.695000,75,18
270.700000,75,18
270.705000,77,20
270.710000,77,20
270.715000,75,18
270.720000,75,18
270.725000,75,18
270.730000,75,18
270.735000,75,18
270.740000,76,20
270.745000,75,19
270.750000,75,19
270.755000,73,17
270.760000,73,17
270.765000,74,18
270.770000,73,17
270.775000,73,17
270.780000,73,17
270.785000,73,17
270.790000,73,17
270.795000,72,16
270.800000,73,17
270.805000,74,18
270.810000,73,17
270.815000,72,16
270.820000,72,16
270.825000,73,17
270.830000,75,18
270.835000,74,17
270.840000,74,17
270.845000,75,18
270.850000,73,16
270.855000,73,16
270.860000,74,17
270.865000,75,18
270.870000,74,17
270.875000,74,16
270.880000,76,18
270.885000,75,17
270.890000,75,17
270.895000,75,17
270.900000,74,16
270.905000,75,17
270.910000,74,16
270.915000,75,17
270.920000,76,18
270.925000,76,18
270.930000,74,16
270.935000,74,16
270.940000,75,17
270.945000,74,16
270.950000,76,18
270.955000,75,17
270.960000,75,17
270.965000,75,17
270.970000,74,16
270.975000,75,17
270.980000,75,17
270.985000,76,18
270.990000,74,16
270.995000,74,16
271.000000,75,17
271.005000,75,17
271.010000,76,18
271.015000,75,17
271.020000,75,17
271.025000,74,16
271.030000,74,16
271.035000,74,16
271.040000,76,18
271.045000,77,19
271.050000,74,16
271.055000,75,17
271.060000,74,16
271.065000,74,16
271.070000,75,17
271.075000,75,17
271.080000,76,18
271.085000,76,17
271.090000,76,17
271.095000,75,16
271.100000,76,17
271.105000,76,17
271.110000,75,16
271.115000,76,17
271.120000,76,17
271.125000,77,18
271.130000,76,17
271.135000,76,17
271.140000,75,16
271.145000,75,16
271.150000,76,17
271.155000,75,16
271.160000,78,19
271.165000,77,18
271.170000,75,16
271.175000,75,16
271.180000,75,16
271.185000,76,17
271.190000,77,17
271.195000,78,18
271.200000,77,17
271.205000,76,16
271.210000,76,16
271.215000,76,16
271.220000,78,18
271.225000,77,17
271.230000,77,17
271.235000,77,17
271.240000,76,16
271.245000,76,16
271.250000,77,17
271.255000,78,18
271.260000,76,16
271.265000,77,17
271.270000,77,17
271.275000,76,16
271.280000,77,17
271.285000,77,17
271.290000,77,17
271.295000,76,16
271.300000,77,17
271.305000,77,17
271.310000,77,17
271.315000,77,17
271.320000,76,16
271.325000,77,17
271.330000,76,16
271.335000,77,17
271.340000,78,18
271.345000,77,17
271.350000,76,16
271.355000,76,16
271.360000,77,17
271.365000,76,16
271.370000,78,18
271.375000,78,18
271.380000,76,16
271.385000,76,16
271.390000,76,16
271.395000,77,17
271.400000,77,17
271.405000,78,18
271.410000,77,17
271.415000,76,16
271.420000,76,16
271.425000,76,16
271.430000,78,18
271.435000,77,17
271.440000,77,17
271.445000,77,17
271.450000,76,16
271.455000,76,16
271.460000,77,17
271.465000,78,18
271.470000,76,16
271.475000,77,17
271.480000,77,17
271.485000,76,16
271.490000,77,17
271.495000,77,17
271.500000,77,17
271.505000,76,16
271.510000,77,17
271.515000,77,17
271.520000,77,17
271.525000,78,17
271.530000,77,16
271.535000,78,17
271.540000,77,16
271.545000,78,17
271.550000,79,18
271.555000,78,17
271.560000,77,16
271.565000,77,16
271.570000,78,17
271.575000,77,16
271.580000,78,17
271.585000,78,17
271.590000,76,15
271.595000,76,15
271.600000,76,16
271.605000,77,17
271.610000,77,17
271.615000,79,19
271.620000,78,18
271.625000,77,17
271.630000,77,17
271.635000,77,17
271.640000,79,19
271.645000,78,18
271.650000,78,18
271.655000,78,18
271.660000,77,17
271.665000,77,17
271.670000,78,18
271.675000,78,18
271.680000,76,16
271.685000,77,17
271.690000,77,17
271.695000,76,16
271.700000,77,17
271.705000,77,17
271.710000,77,18
271.715000,75,16
271.720000,76,17
271.725000,76,17
271.730000,76,17
271.735000,76,17
271.740000,75,16
271.745000,76,17
271.750000,76,17
271.755000,76,17
271.760000,77,18
271.765000,77,17
271.770000,76,16
271.775000,76,16
271.780000,77,17
271.785000,76,16
271.790000,79,19
271.795000,78,18
271.800000,76,16
271.805000,76,16
271.810000,76,16
271.815000,77,17
271.820000,77,17
271.825000,78,18
271.830000,78,18
271.835000,76,16
271.840000,76,16
271.845000,76,16
271.850000,78,18
271.855000,77,17
271.860000,77,16
271.865000,77,16
271.870000,77,16
271.875000,76,15
271.880000,77,16
271.885000,78,17
271.890000,76,15
271.895000,77,16
271.900000,77,16
271.905000,75,14
271.910000,77,16
271.915000,77,16
271.920000,76,15
271.925000,75,14
271.930000,77,16
271.935000,76,15
271.940000,77,15
271.945000,78,16
271.950000,77,15
271.955000,77,15
271.960000,76,14
271.965000,77,15
271.970000,78,16
271.975000,77,15
271.980000,76,14
271.985000,77,15
271.990000,78,16
271.995000,75,14
272.000000,77,16
272.005000,76,16
272.010000,74,14
272.015000,74,14
272.020000,74,14
272.025000,76,16
272.030000,76,16
272.035000,76,16
272.040000,75,15
272.045000,74,14
272.050000,74,14
272.055000,74,14
272.060000,76,16
272.065000,76,16
272.070000,76,16
272.075000,74,15
272.080000,73,14
272.085000,73,14
272.090000,74,15
272.095000,75,16
272.100000,73,14
272.105000,75,16
272.110000,75,16
272.115000,73,14
272.120000,74,15
272.125000,74,15
272.130000,74,15
272.135000,73,14
272.140000,74,15
272.145000,75,16
272.150000,76,16
272.155000,75,15
272.160000,74,14
272.165000,75,15
272.170000,74,14
272.175000,75,15
272.180000,76,16
272.185000,76,16
272.190000,75,15
272.195000,74,14
272.200000,75,15
272.205000,74,14
272.210000,76,16
272.215000,76,17
272.220000,73,14
272.225000,74,15
272.230000,73,14
272.235000,74,15
272.240000,74,15
272.245000,76,17
272.250000,75,16
272.255000,74,15
272.260000,75,16
272.265000,74,15
272.270000,76,17
272.275000,75,16
272.280000,75,16
272.285000,75,16
272.290000,74,15
272.295000,75,16
272.300000,75,16
272.305000,76,17
272.310000,74,15
272.315000,75,16
272.320000,75,16
272.325000,74,15
272.330000,76,17
272.335000,75,16
272.340000,75,16
272.345000,74,15
272.350000,75,16
272.355000,75,16
272.360000,75,16
272.365000,76,17
272.370000,74,15
272.375000,75,16
272.380000,74,15
272.385000,75,16
272.390000,76,17
272.395000,75,16
272.400000,75,16
272.405000,74,15
272.410000,75,16
272.415000,74,15
272.420000,76,17
272.425000,77,17
272.430000,75,15
272.435000,76,16
272.440000,75,15
272.445000,76,16
272.450000,76,16
272.455000,77,17
272.460000,76,16
272.465000,75,15
272.470000,76,17
272.475000,75,16
272.480000,77,18
272.485000,76,17
272.490000,76,17
272.495000,76,17
272.500000,75,16
272.505000,76,17
272.510000,76,17
272.515000,77,18
272.520000,75,15
272.525000,75,15
272.530000,75,15
272.535000,74,14
272.540000,77,17
272.545000,75,15
272.550000,75,15
272.555000,74,14
272.560000,75,15
272.565000,75,15
272.570000,76,16
272.575000,76,16
272.580000,74,14
272.585000,75,15
272.590000,75,15
272.595000,74,14
272.600000,77,17
272.605000,76,16
272.610000,75,15
272.615000,74,14
272.620000,76,16
272.625000,74,14
272.630000,75,15
272.635000,76,16
272.640000,75,15
272.645000,75,15
272.650000,75,15
272.655000,75,15
272.660000,75,15
272.665000,75,15
272.670000,75,15
272.675000,75,15
272.680000,76,16
272.685000,74,14
272.690000,76,16
272.695000,75,15
272.700000,74,14
272.705000,75,15
272.710000,75,15
272.715000,77,17
272.720000,76,16
272.725000,76,16
272.730000,74,14
272.735000,74,14
272.740000,75,15
272.745000,77,17
272.750000,77,17
272.755000,76,16
272.760000,75,15
272.765000,74,14
272.770000,74,14
272.775000,76,16
272.780000,76,16
272.785000,77,17
272.790000,75,15
272.795000,75,15
272.800000,74,14
272.805000,75,15
272.810000,75,15
272.815000,77,17
272.820000,75,15
272.825000,75,15
272.830000,76,16
272.835000,74,14
272.840000,74,14
272.845000,77,18
272.850000,73,14
272.855000,74,15
272.860000,75,16
272.865000,73,14
272.870000,73,14
272.875000,76,17
272.880000,74,15
272.885000,74,15
272.890000,75,16
272.895000,73,14
272.900000,73,14
272.905000,76,17
272.910000,74,15
272.915000,75,16
272.920000,74,16
272.925000,74,16
272.930000,73,15
272.935000,76,18
272.940000,74,16
272.945000,73,15
272.950000,75,17
272.955000,73,15
272.960000,74,16
272.965000,77,19
272.970000,74,16
272.975000,73,15
272.980000,74,16
272.985000,74,16
272.990000,73,15
272.995000,78,20
273.000000,73,15
273.005000,73,15
273.010000,74,16
273.015000,73,15
273.020000,75,17
273.025000,77,19
273.030000,74,16
273.035000,73,15
273.040000,74,16
273.045000,73,15
273.050000,74,16
273.055000,77,19
273.060000,73,15
273.065000,74,16
273.070000,74,16
273.075000,74,16
273.080000,73,15
273.085000,76,18
273.090000,74,16
273.095000,73,15
273.100000,76,18
273.105000,72,14
273.110000,72,14
273.115000,75,17
273.120000,72,14
273.125000,74,16
273.130000,73,15
273.135000,73,15
273.140000,73,15
273.145000,74,17
273.150000,72,15
273.155000,71,14
273.160000,73,16
273.165000,71,14
273.170000,72,15
273.175000,76,19
273.180000,72,15
273.185000,71,14
273.190000,72,15
273.195000,72,15
273.200000,72,15
273.205000,75,18
273.210000,71,14
273.215000,72,15
273.220000,73,16
273.225000,72,15
273.230000,72,15
273.235000,74,17
273.240000,72,15
273.245000,71,14
273.250000,74,16
273.255000,73,15
273.260000,73,15
273.265000,76,18
273.270000,72,14
273.275000,74,16
273.280000,73,15
273.285000,72,14
273.290000,72,14
273.295000,76,18
273.300000,75,17
273.305000,72,14
273.310000,74,16
273.315000,72,14
273.320000,72,14
273.325000,76,18
273.330000,72,14
273.335000,74,16
273.340000,74,16
273.345000,73,15
273.350000,73,15
273.355000,75,17
273.360000,72,13
273.365000,72,13
273.370000,74,15
273.375000,74,15
273.380000,74,15
273.385000,75,16
273.390000,72,13
273.395000,72,13
273.400000,74,15
273.405000,73,14
273.410000,72,13
273.415000,77,18
273.420000,73,14
273.425000,73,14
273.430000,73,14
273.435000,72,13
273.440000,73,14
273.445000,75,16
273.450000,74,15
273.455000,73,14
273.460000,74,15
273.465000,72,13
273.470000,72,13
273.475000,77,18
273.480000,72,13
273.485000,73,14
273.490000,73,14
273.495000,73,14
273.500000,74,15
273.505000,75,16
273.510000,73,14
273.515000,72,13
273.520000,74,15
273.525000,73,14
273.530000,72,13
273.535000,76,17
273.540000,73,14
273.545000,73,14
273.550000,74,15
273.555000,73,14
273.560000,72,13
273.565000,75,16
273.570000,72,13
273.575000,74,15
273.580000,75,16
273.585000,72,13
273.590000,73,14
273.595000,75,16
273.600000,73,14
273.605000,72,13
273.610000,73,14
273.615000,74,15
273.620000,73,14
273.625000,77,18
273.630000,72,13
273.635000,72,13
273.640000,73,14
273.645000,72,13
273.650000,74,15
273.655000,76,17
273.660000,74,15
273.665000,72,13
273.670000,73,14
273.675000,73,14
273.680000,72,13
273.685000,76,17
273.690000,72,13
273.695000,74,15
273.700000,75,16
273.705000,72,13
273.710000,72,13
273.715000,76,17
273.720000,73,14
273.725000,73,14
273.730000,74,15
273.735000,73,14
273.740000,72,13
273.745000,75,16
273.750000,74,15
273.755000,73,14
273.760000,73,14
273.765000,73,14
273.770000,73,14
273.775000,76,17
273.780000,72,13
273.785000,73,14
273.790000,74,15
273.795000,72,13
273.800000,74,15
273.805000,76,17
273.810000,72,13
273.815000,72,13
273.820000,75,15
273.825000,75,15
273.830000,73,13
273.835000,77,17
273.840000,74,14
273.845000,73,13
273.850000,75,15
273.855000,74,14
273.860000,74,14
273.865000,77,17
273.870000,74,14
273.875000,75,15
273.880000,74,14
273.885000,73,13
273.890000,74,14
273.895000,77,17
273.900000,75,15
273.905000,74,14
273.910000,75,15
273.915000,73,13
273.920000,73,13
273.925000,78,18
273.930000,74,14
273.935000,74,15
273.940000,75,16
273.945000,74,15
273.950000,74,15
273.955000,76,17
273.960000,74,15
273.965000,73,14
273.970000,75,16
273.975000,75,16
273.980000,75,15
273.985000,77,17
273.990000,75,15
273.995000,74,14
274.000000,76,16
274.005000,75,15
274.010000,75,16
274.015000,77,18
274.020000,74,15
274.025000,74,15
274.030000,74,15
274.035000,73,14
274.040000,75,16
274.045000,76,17
274.050000,77,18
274.055000,73,14
274.060000,74,15
274.065000,73,14
274.070000,74,15
274.075000,76,17
274.080000,75,16
274.085000,75,16
274.090000,74,15
274.095000,73,14
274.100000,75,16
274.105000,75,16
274.110000,74,15
274.115000,73,14
274.120000,76,17
274.125000,74,15
274.130000,74,15
274.135000,75,16
274.140000,74,15
274.145000,73,14
274.150000,75,16
274.155000,76,17
274.160000,73,14
274.165000,75,16
274.170000,74,15
274.175000,74,15
274.180000,74,15
274.185000,75,16
274.190000,74,15
274.195000,75,16
274.200000,75,16
274.205000,73,14
274.210000,75,16
274.215000,74,15
274.220000,74,15
274.225000,77,18
274.230000,74,15
274.235000,73,14
274.240000,75,16
274.245000,73,14
274.250000,75,16
274.255000,75,16
274.260000,75,16
274.265000,73,14
274.270000,75,16
274.275000,74,15
274.280000,74,15
274.285000,76,17
274.290000,74,15
274.295000,74,15
274.300000,76,17
274.305000,73,14
274.310000,73,14
274.315000,75,16
274.320000,75,16
274.325000,74,15
274.330000,76,17
274.335000,73,14
274.340000,73,14
274.345000,75,16
274.350000,75,16
274.355000,75,16
274.360000,74,15
274.365000,74,15
274.370000,73,14
274.375000,75,17
274.380000,74,16
274.385000,73,15
274.390000,74,17
274.395000,71,15
274.400000,73,17
274.405000,73,17
274.410000,73,17
274.415000,71,15
274.420000,73,17
274.425000,73,17
274.430000,71,14
274.435000,74,17
274.440000,73,16
274.445000,71,14
274.450000,73,16
274.455000,71,14
274.460000,72,15
274.465000,73,16
274.470000,74,17
274.475000,72,15
274.480000,73,15
274.485000,72,14
274.490000,72,14
274.495000,76,18
274.500000,74,16
274.505000,73,15
274.510000,73,15
274.515000,72,14
274.520000,73,15
274.525000,75,17
274.530000,74,16
274.535000,72,14
274.540000,74,16
274.545000,72,14
274.550000,74,16
274.555000,74,16
274.560000,73,15
274.565000,73,15
274.570000,73,15
274.575000,75,17
274.580000,72,14
274.585000,74,16
274.590000,73,15
274.595000,72,14
274.600000,76,18
274.605000,72,14
274.610000,73,15
274.615000,74,16
274.620000,73,15
274.625000,74,16
274.630000,73,15
274.635000,73,15
274.640000,72,14
274.645000,75,17
274.650000,75,17
274.655000,73,15
274.660000,73,15
274.665000,72,14
274.670000,73,15
274.675000,75,17
274.680000,75,17
274.685000,72,14
274.690000,73,15
274.695000,72,14
274.700000,73,15
274.705000,76,18
274.710000,73,15
274.715000,73,15
274.720000,73,15
274.725000,73,15
274.730000,73,15
274.735000,74,16
274.740000,74,16
274.745000,72,14
274.750000,75,17
274.755000,73,15
274.760000,72,14
274.765000,74,16
274.770000,73,15
274.775000,74,16
274.780000,74,16
274.785000,74,16
274.790000,72,14
274.795000,74,16
274.800000,74,16
274.805000,72,14
274.810000,75,17
274.815000,72,14
274.820000,73,15
274.825000,75,18
274.830000,73,16
274.835000,73,16
274.840000,73,16
274.845000,73,16
274.850000,73,16
274.855000,75,18
274.860000,74,17
274.865000,72,15
274.870000,73,16
274.875000,74,16
274.880000,74,16
274.885000,76,18
274.890000,75,17
274.895000,73,15
274.900000,75,17
274.905000,73,15
274.910000,73,15
274.915000,77,19
274.920000,74,16
274.925000,75,17
274.930000,75,16
274.935000,74,15
274.940000,75,16
274.945000,76,17
274.950000,77,18
274.955000,74,15
274.960000,76,17
274.965000,75,16
274.970000,73,15
274.975000,76,18
274.980000,74,16
274.985000,73,16
274.990000,74,17
274.995000,73,16
275.000000,73,16
275.005000,74,17
275.010000,73,16
275.015000,72,15
275.020000,75,18
275.025000,73,16
275.030000,73,16
275.035000,74,17
275.040000,73,16
275.045000,73,16
275.050000,74,17
275.055000,73,16
275.060000,72,15
275.065000,75,18
275.070000,74,17
275.075000,73,16
275.080000,73,16
275.085000,72,15
275.090000,73,16
275.095000,75,18
275.100000,75,18
275.105000,73,15
275.110000,74,16
275.115000,73,15
275.120000,73,15
275.125000,78,20
275.130000,74,16
275.135000,74,16
275.140000,74,16
275.145000,73,15
275.150000,75,17
275.155000,75,17
275.160000,75,17
275.165000,73,15
275.170000,75,17
275.175000,75,17
275.180000,73,15
275.185000,75,17
275.190000,74,16
275.195000,75,17
275.200000,76,18
275.205000,74,16
275.210000,73,15
275.215000,75,17
275.220000,75,17
275.225000,73,15
275.230000,76,18
275.235000,73,15
275.240000,74,16
275.245000,76,18
275.250000,74,16
275.255000,74,16
275.260000,74,16
275.265000,75,17
275.270000,73,15
275.275000,76,18
275.280000,75,17
275.285000,74,16
275.290000,73,16
275.295000,72,15
275.300000,73,16
275.305000,75,19
275.310000,73,17
275.315000,71,15
275.320000,72,16
275.325000,72,16
275.330000,72,16
275.335000,74,18
275.340000,72,16
275.345000,74,18
275.350000,72,16
275.355000,72,16
275.360000,71,15
275.365000,74,18
275.370000,73,17
275.375000,72,16
275.380000,74,18
275.385000,72,16
275.390000,70,15
275.395000,72,17
275.400000,71,16
275.405000,74,19
275.410000,71,16
275.415000,71,16
275.420000,70,15
275.425000,73,18
275.430000,72,18
275.435000,71,17
275.440000,71,17
275.445000,71,17
275.450000,71,17
275.455000,73,19
275.460000,71,17
275.465000,72,18
275.470000,70,16
275.475000,71,17
275.480000,71,17
275.485000,74,20
275.490000,72,18
275.495000,70,16
275.500000,70,16
275.505000,72,18
275.510000,71,17
275.515000,74,19
275.520000,74,19
275.525000,72,17
275.530000,72,17
275.535000,71,16
275.540000,71,16
275.545000,76,21
275.550000,72,17
275.555000,73,18
275.560000,71,16
275.565000,72,17
275.570000,72,17
275.575000,73,18
275.580000,74,19
275.585000,72,17
275.590000,72,17
275.595000,72,17
275.600000,72,16
275.605000,76,20
275.610000,73,17
275.615000,73,17
275.620000,73,17
275.625000,74,18
275.630000,73,17
275.635000,74,18
275.640000,72,16
275.645000,72,16
275.650000,72,16
275.655000,71,15
275.660000,71,15
275.665000,74,18
275.670000,73,17
275.675000,70,14
275.680000,72,16
275.685000,73,17
275.690000,70,14
275.695000,74,18
275.700000,71,15
275.705000,72,16
275.710000,70,14
275.715000,72,15
275.720000,73,16
275.725000,74,17
275.730000,74,17
275.735000,71,14
275.740000,71,14
275.745000,73,16
275.750000,72,15
275.755000,75,18
275.760000,72,15
275.765000,73,16
275.770000,72,15
275.775000,71,14
275.780000,73,15
275.785000,76,18
275.790000,74,16
275.795000,73,15
275.800000,73,15
275.805000,74,16
275.810000,72,14
275.815000,74,16
275.820000,75,17
275.825000,74,16
275.830000,73,15
275.835000,73,15
275.840000,72,14
275.845000,76,18
275.850000,73,15
275.855000,74,16
275.860000,73,15
275.865000,73,15
275.870000,74,16
275.875000,74,16
275.880000,74,16
275.885000,73,15
275.890000,73,15
275.895000,74,16
275.900000,72,14
275.905000,77,19
275.910000,73,15
275.915000,72,14
275.920000,73,15
275.925000,74,16
275.930000,74,16
275.935000,74,16
275.940000,74,16
275.945000,74,16
275.950000,72,14
275.955000,73,15
275.960000,73,15
275.965000,76,18
275.970000,74,16
275.975000,73,15
275.980000,73,15
275.985000,73,15
275.990000,72,14
275.995000,76,18
276.000000,74,16
276.005000,74,16
276.010000,73,15
276.015000,72,14
276.020000,74,16
276.025000,74,16
276.030000,75,17
276.035000,74,16
276.040000,74,16
276.045000,74,16
276.050000,72,14
276.055000,76,18
276.060000,73,15
276.065000,73,15
276.070000,74,16
276.075000,73,15
276.080000,75,17
276.085000,75,17
276.090000,73,15
276.095000,73,15
276.100000,74,16
276.105000,73,15
276.110000,72,14
276.115000,77,19
276.120000,75,17
276.125000,72,14
276.130000,74,16
276.135000,73,15
276.140000,72,14
276.145000,76,18
276.150000,74,16
276.155000,74,16
276.160000,74,16
276.165000,72,14
276.170000,74,16
276.175000,75,17
276.180000,74,16
276.185000,73,15
276.190000,73,15
276.195000,73,15
276.200000,73,15
276.205000,77,19
276.210000,73,15
276.215000,72,14
276.220000,75,17
276.225000,72,14
276.230000,73,16
276.235000,75,18
276.240000,75,18
276.245000,73,16
276.250000,73,16
276.255000,74,17
276.260000,72,15
276.265000,75,18
276.270000,74,17
276.275000,74,17
276.280000,75,18
276.285000,72,15
276.290000,73,16
276.295000,76,19
276.300000,73,16
276.305000,73,16
276.310000,74,17
276.315000,72,15
276.320000,74,17
276.325000,76,19
276.330000,74,17
276.335000,72,15
276.340000,73,16
276.345000,74,17
276.350000,72,15
276.355000,75,19
276.360000,74,18
276.365000,72,16
276.370000,73,17
276.375000,71,15
276.380000,74,18
276.385000,73,17
276.390000,73,17
276.395000,74,18
276.400000,71,15
276.405000,74,18
276.410000,73,17
276.415000,76,20
276.420000,75,19
276.425000,73,17
276.430000,75,19
276.435000,73,17
276.440000,73,17
276.445000,76,20
276.450000,75,19
276.455000,74,18
276.460000,73,17
276.465000,74,18
276.470000,74,18
276.475000,75,19
276.480000,75,19
276.485000,74,18
276.490000,73,17
276.495000,74,18
276.500000,75,19
276.505000,76,20
276.510000,74,18
276.515000,73,17
276.520000,75,19
276.525000,73,17
276.530000,73,17
276.535000,74,18
276.540000,73,17
276.545000,73,17
276.550000,72,16
276.555000,74,18
276.560000,71,15
276.565000,74,18
276.570000,75,19
276.575000,72,16
276.580000,73,17
276.585000,71,14
276.590000,74,17
276.595000,74,17
276.600000,72,15
276.605000,73,16
276.610000,71,14
276.615000,73,16
276.620000,73,16
276.625000,73,16
276.630000,72,16
276.635000,70,14
276.640000,71,15
276.645000,72,16
276.650000,69,13
276.655000,69,13
276.660000,70,14
276.665000,68,12
276.670000,71,15
276.675000,71,15
276.680000,69,13
276.685000,69,13
276.690000,69,13
276.695000,71,15
276.700000,70,14
276.705000,68,13
276.710000,68,13
276.715000,68,13
276.720000,70,15
276.725000,68,13
276.730000,68,13
276.735000,68,13
276.740000,69,14
276.745000,70,15
276.750000,69,14
276.755000,67,12
276.760000,67,12
276.765000,70,15
276.770000,67,13
276.775000,69,15
276.780000,67,13
276.785000,67,13
276.790000,66,12
276.795000,68,14
276.800000,68,14
276.805000,69,15
276.810000,66,12
276.815000,67,13
276.820000,67,13
276.825000,69,15
276.830000,66,12
276.835000,69,15
276.840000,66,12
276.845000,69,15
276.850000,67,13
276.855000,67,13
276.860000,66,12
276.865000,69,15
276.870000,68,14
276.875000,68,14
276.880000,66,12
276.885000,68,14
276.890000,66,12
276.895000,69,15
276.900000,68,14
276.905000,69,15
276.910000,65,12
276.915000,66,13
276.920000,66,13
276.925000,69,16
276.930000,65,12
276.935000,67,14
276.940000,66,13
276.945000,68,15
276.950000,66,13
276.955000,67,14
276.960000,65,12
276.965000,67,14
276.970000,67,14
276.975000,68,15
276.980000,65,12
276.985000,68,15
276.990000,65,12
276.995000,67,14
277.000000,66,13
277.005000,68,15
277.010000,66,13
277.015000,67,14
277.020000,66,13
277.025000,68,15
277.030000,66,13
277.035000,66,12
277.040000,66,12
277.045000,70,16
277.050000,66,12
277.055000,66,12
277.060000,66,12
277.065000,67,13
277.070000,66,12
277.075000,69,15
277.080000,66,12
277.085000,67,13
277.090000,66,12
277.095000,67,13
277.100000,66,12
277.105000,68,14
277.110000,66,12
277.115000,67,13
277.120000,67,13
277.125000,66,13
277.130000,64,11
277.135000,66,13
277.140000,64,11
277.145000,69,16
277.150000,66,13
277.155000,64,11
277.160000,64,11
277.165000,67,14
277.170000,66,13
277.175000,66,12
277.180000,65,11
277.185000,65,12
277.190000,63,10
277.195000,67,14
277.200000,64,11
277.205000,65,12
277.210000,64,10
277.215000,65,11
277.220000,67,13
277.225000,68,14
277.230000,64,10
277.235000,65,11
277.240000,64,10
277.245000,67,13
277.250000,66,12
277.255000,66,12
277.260000,64,10
277.265000,66,12
277.270000,67,12
277.275000,66,11
277.280000,66,11
277.285000,68,13
277.290000,65,10
277.295000,68,13
277.300000,66,11
277.305000,66,11
277.310000,66,11
277.315000,67,12
277.320000,67,12
277.325000,68,13
277.330000,65,10
277.335000,65,10
277.340000,66,11
277.345000,70,15
277.350000,67,11
277.355000,67,11
277.360000,66,10
277.365000,68,12
277.370000,69,13
277.375000,69,13
277.380000,66,10
277.385000,68,12
277.390000,67,11
277.395000,67,11
277.400000,68,12
277.405000,69,13
277.410000,66,10
277.415000,68,12
277.420000,67,12
277.425000,66,11
277.430000,66,11
277.435000,69,14
277.440000,65,10
277.445000,67,12
277.450000,67,12
277.455000,66,11
277.460000,66,11
277.465000,68,13
277.470000,66,11
277.475000,68,13
277.480000,66,11
277.485000,67,12
277.490000,67,12
277.495000,70,15
277.500000,68,13
277.505000,67,12
277.510000,66,11
277.515000,68,13
277.520000,68,13
277.525000,69,14
277.530000,67,12
277.535000,67,13
277.540000,65,11
277.545000,67,13
277.550000,67,13
277.555000,68,14
277.560000,66,12
277.565000,66,12
277.570000,66,12
277.575000,68,14
277.580000,66,12
277.585000,67,13
277.590000,66,12
277.595000,68,14
277.600000,66,12
277.605000,66,12
277.610000,66,12
277.615000,68,14
277.620000,67,13
277.625000,67,13
277.630000,65,11
277.635000,67,13
277.640000,66,12
277.645000,68,14
277.650000,67,13
277.655000,68,13
277.660000,67,12
277.665000,66,11
277.670000,69,14
277.675000,70,15
277.680000,67,12
277.685000,67,12
277.690000,67,12
277.695000,68,13
277.700000,69,14
277.705000,69,14
277.710000,66,12
277.715000,70,15
277.720000,68,13
277.725000,69,14
277.730000,68,13
277.735000,71,16
277.740000,67,12
277.745000,70,15
277.750000,68,13
277.755000,69,14
277.760000,69,14
277.765000,69,14
277.770000,69,14
277.775000,71,16
277.780000,68,13
277.785000,67,12
277.790000,69,14
277.795000,72,17
277.800000,69,14
277.805000,69,14
277.810000,68,12
277.815000,70,14
277.820000,71,15
277.825000,72,16
277.830000,69,13
277.835000,71,15
277.840000,69,13
277.845000,70,14
277.850000,71,15
277.855000,72,16
277.860000,69,13
277.865000,70,14
277.870000,70,14
277.875000,71,15
277.880000,70,14
277.885000,71,15
277.890000,69,13
277.895000,72,16
277.900000,70,14
277.905000,69,13
277.910000,70,14
277.915000,72,16
277.920000,70,14
277.925000,71,15
277.930000,69,13
277.935000,70,14
277.940000,70,14
277.945000,72,16
277.950000,70,14
277.955000,71,15
277.960000,69,13
277.965000,69,13
277.970000,71,15
277.975000,73,17
277.980000,69,13
277.985000,71,14
277.990000,70,13
277.995000,72,15
278.000000,72,15
278.005000,72,15
278.010000,70,13
278.015000,72,15
278.020000,71,14
278.025000,71,14
278.030000,71,14
278.035000,73,16
278.040000,70,13
278.045000,72,15
278.050000,72,15
278.055000,70,14
278.060000,71,15
278.065000,73,17
278.070000,71,15
278.075000,72,16
278.080000,71,15
278.085000,70,14
278.090000,71,15
278.095000,74,18
278.100000,71,15
278.105000,71,15
278.110000,71,15
278.115000,70,14
278.120000,73,16
278.125000,75,18
278.130000,72,15
278.135000,72,15
278.140000,72,15
278.145000,73,15
278.150000,74,16
278.155000,75,17
278.160000,73,15
278.165000,73,15
278.170000,74,16
278.175000,73,15
278.180000,74,16
278.185000,75,17
278.190000,74,16
278.195000,75,17
278.200000,74,16
278.205000,74,16
278.210000,75,17
278.215000,74,16
278.220000,74,16
278.225000,76,18
278.230000,73,15
278.235000,74,16
278.240000,74,16
278.245000,76,18
278.250000,74,16
278.255000,74,16
278.260000,74,16
278.265000,73,14
278.270000,75,16
278.275000,76,17
278.280000,73,14
278.285000,74,15
278.290000,74,15
278.295000,74,15
278.300000,75,17
278.305000,73,15
278.310000,73,15
278.315000,74,16
278.320000,73,15
278.325000,74,17
278.330000,74,17
278.335000,74,17
278.340000,73,16
278.345000,75,18
278.350000,74,17
278.355000,73,16
278.360000,74,17
278.365000,74,17
278.370000,74,17
278.375000,75,18
278.380000,73,16
278.385000,74,16
278.390000,75,17
278.395000,76,18
278.400000,76,17
278.405000,76,17
278.410000,75,16
278.415000,75,16
278.420000,77,18
278.425000,78,19
278.430000,75,16
278.435000,76,17
278.440000,74,16
278.445000,75,17
278.450000,76,18
278.455000,76,18
278.460000,74,16
278.465000,75,17
278.470000,75,17
278.475000,75,17
278.480000,75,17
278.485000,76,18
278.490000,74,16
278.495000,76,18
278.500000,75,17
278.505000,74,16
278.510000,75,17
278.515000,76,18
278.520000,75,17
278.525000,76,18
278.530000,74,16
278.535000,74,16
278.540000,75,17
278.545000,77,20
278.550000,75,18
278.555000,75,18
278.560000,74,17
278.565000,75,17
278.570000,77,19
278.575000,78,20
278.580000,75,17
278.585000,76,18
278.590000,75,17
278.595000,76,18
278.600000,77,19
278.605000,77,19
278.610000,75,17
278.615000,76,18
278.620000,76,18
278.625000,76,18
278.630000,76,18
278.635000,77,19
278.640000,75,17
278.645000,77,19
278.650000,76,18
278.655000,75,17
278.660000,76,18
278.665000,76,18
278.670000,75,17
278.675000,76,18
278.680000,74,16
278.685000,75,17
278.690000,76,18
278.695000,77,19
278.700000,76,18
278.705000,75,17
278.710000,74,16
278.715000,74,16
278.720000,77,19
278.725000,77,19
278.730000,74,16
278.735000,75,17
278.740000,74,16
278.745000,76,18
278.750000,77,19
278.755000,76,18
278.760000,74,16
278.765000,75,17
278.770000,76,18
278.775000,75,17
278.780000,77,19
278.785000,76,18
278.790000,75,16
278.795000,77,18
278.800000,74,15
278.805000,75,16
278.810000,75,16
278.815000,77,18
278.820000,75,16
278.825000,75,16
278.830000,75,16
278.835000,75,16
278.840000,76,17
278.845000,78,18
278.850000,75,15
278.855000,77,17
278.860000,76,16
278.865000,75,15
278.870000,78,18
278.875000,77,17
278.880000,76,16
278.885000,76,16
278.890000,76,16
278.895000,76,16
278.900000,78,18
278.905000,76,16
278.910000,75,15
278.915000,76,16
278.920000,78,18
278.925000,76,16
278.930000,76,16
278.935000,76,16
278.940000,76,16
278.945000,77,17
278.950000,77,17
278.955000,75,15
278.960000,77,17
278.965000,76,16
278.970000,76,16
278.975000,77,17
278.980000,77,17
278.985000,75,15
278.990000,76,16
278.995000,77,17
279.000000,77,17
279.005000,76,16
279.010000,76,16
279.015000,75,15
279.020000,78,18
279.025000,77,17
279.030000,75,15
279.035000,76,16
279.040000,77,17
279.045000,76,16
279.050000,77,17
279.055000,76,16
279.060000,76,16
279.065000,76,16
279.070000,77,17
279.075000,76,16
279.080000,77,17
279.085000,76,16
279.090000,75,15
279.095000,77,17
279.100000,78,18
279.105000,75,15
279.110000,76,16
279.115000,76,16
279.120000,77,17
279.125000,77,17
279.130000,76,16
279.135000,75,15
279.140000,77,17
279.145000,77,17
279.150000,76,16
279.155000,76,16
279.160000,77,17
279.165000,75,15
279.170000,77,17
279.175000,77,17
279.180000,76,16
279.185000,76,16
279.190000,76,16
279.195000,76,16
279.200000,78,18
279.205000,76,16
279.210000,75,15
279.215000,77,17
279.220000,77,17
279.225000,76,16
279.230000,76,16
279.235000,76,16
279.240000,77,17
279.245000,76,17
279.250000,75,16
279.255000,74,15
279.260000,76,17
279.265000,76,17
279.270000,75,16
279.275000,75,16
279.280000,76,17
279.285000,74,15
279.290000,76,17
279.295000,76,17
279.300000,76,17
279.305000,73,15
279.310000,74,16
279.315000,74,16
279.320000,76,18
279.325000,75,17
279.330000,73,15
279.335000,73,15
279.340000,75,17
279.345000,75,17
279.350000,75,17
279.355000,74,16
279.360000,74,16
279.365000,73,15
279.370000,76,18
279.375000,74,16
279.380000,75,17
279.385000,74,16
279.390000,73,15
279.395000,75,17
279.400000,76,18
279.405000,73,15
279.410000,74,16
279.415000,74,16
279.420000,76,18
279.425000,74,16
279.430000,73,15
279.435000,74,16
279.440000,75,17
279.445000,76,18
279.450000,74,16
279.455000,73,15
279.460000,74,15
279.465000,74,15
279.470000,76,17
279.475000,75,16
279.480000,74,15
279.485000,73,14
279.490000,73,14
279.495000,76,17
279.500000,77,18
279.505000,74,15
279.510000,73,14
279.515000,73,14
279.520000,76,17
279.525000,74,15
279.530000,74,15
279.535000,75,16
279.540000,74,15
279.545000,75,16
279.550000,74,15
279.555000,73,14
279.560000,75,16
279.565000,74,15
279.570000,76,17
279.575000,74,15
279.580000,74,15
279.585000,73,14
279.590000,74,15
279.595000,77,18
279.600000,75,16
279.605000,73,14
279.610000,74,15
279.615000,74,15
279.620000,76,17
279.625000,75,16
279.630000,74,15
279.635000,74,15
279.640000,74,15
279.645000,75,16
279.650000,76,17
279.655000,74,15
279.660000,72,13
279.665000,73,14
279.670000,74,15
279.675000,72,13
279.680000,73,14
279.685000,72,13
279.690000,72,13
279.695000,75,16
279.700000,74,15
279.705000,72,13
279.710000,74,15
279.715000,73,14
279.720000,74,15
279.725000,74,15
279.730000,71,12
279.735000,72,13
279.740000,73,14
279.745000,75,16
279.750000,72,13
279.755000,73,14
279.760000,74,15
279.765000,72,13
279.770000,76,17
279.775000,75,16
279.780000,73,14
279.785000,73,14
279.790000,73,14
279.795000,76,17
279.800000,76,17
279.805000,74,15
279.810000,73,14
279.815000,74,15
279.820000,75,16
279.825000,73,14
279.830000,74,15
279.835000,75,16
279.840000,72,13
279.845000,74,15
279.850000,75,16
279.855000,73,14
279.860000,74,15
279.865000,76,17
279.870000,76,17
279.875000,74,15
279.880000,73,14
279.885000,73,14
279.890000,76,16
279.895000,78,18
279.900000,78,18
279.905000,74,14
279.910000,74,14
279.915000,74,14
279.920000,77,17
279.925000,76,16
279.930000,74,14
279.935000,77,17
279.940000,74,14
279.945000,76,16
279.950000,76,16
279.955000,75,15
279.960000,74,14
279.965000,74,14
279.970000,78,18
279.975000,75,15
279.980000,74,14
279.985000,74,14
279.990000,73,13
279.995000,75,15
280.000000,76,16
280.005000,76,16
280.010000,75,15
280.015000,75,15
280.020000,75,15
280.025000,74,14
280.030000,73,13
280.035000,74,14
280.040000,77,17
280.045000,77,17
280.050000,74,14
280.055000,74,14
280.060000,73,13
280.065000,73,13
280.070000,76,16
280.075000,77,17
280.080000,74,14
280.085000,74,14
280.090000,74,14
280.095000,76,16
280.100000,75,15
280.105000,74,14
280.110000,75,15
280.115000,73,13
280.120000,76,16
280.125000,74,14
280.130000,75,15
280.135000,75,15
280.140000,73,13
280.145000,77,17
280.150000,74,14
280.155000,74,14
280.160000,74,14
280.165000,75,15
280.170000,75,15
280.175000,75,15
280.180000,75,15
280.185000,73,13
280.190000,75,15
280.195000,76,16
280.200000,74,14
280.205000,73,13
280.210000,74,14
280.215000,76,16
280.220000,76,16
280.225000,76,16
280.230000,73,13
280.235000,73,13
280.240000,73,13
280.245000,75,15
280.250000,78,18
280.255000,74,14
280.260000,74,14
280.265000,73,13
280.270000,75,15
280.275000,75,15
280.280000,73,13
280.285000,77,17
280.290000,73,13
280.295000,76,16
280.300000,74,14
280.305000,74,14
280.310000,73,13
280.315000,74,14
280.320000,78,18
280.325000,73,14
280.330000,73,14
280.335000,73,14
280.340000,73,14
280.345000,74,16
280.350000,73,15
280.355000,74,17
280.360000,72,15
280.365000,74,17
280.370000,72,16
280.375000,73,17
280.380000,71,15
280.385000,72,16
280.390000,73,17
280.395000,74,18
280.400000,73,17
280.405000,73,17
280.410000,72,16
280.415000,71,15
280.420000,73,17
280.425000,75,19
280.430000,73,17
280.435000,73,17
280.440000,71,15
280.445000,74,18
280.450000,74,18
280.455000,71,15
280.460000,74,18
280.465000,75,19
280.470000,74,18
280.475000,73,17
280.480000,73,17
280.485000,73,17
280.490000,72,16
280.495000,76,20
280.500000,74,18
280.505000,74,18
280.510000,73,17
280.515000,72,17
280.520000,73,18
280.525000,75,20
280.530000,74,19
280.535000,74,19
280.540000,74,19
280.545000,74,19
280.550000,73,18
280.555000,73,18
280.560000,72,17
280.565000,75,20
280.570000,74,19
280.575000,73,18
280.580000,71,16
280.585000,73,18
280.590000,72,17
280.595000,74,19
280.600000,75,20
280.605000,73,18
280.610000,73,18
280.615000,73,18
280.620000,73,18
280.625000,75,20
280.630000,72,17
280.635000,74,19
280.640000,74,19
280.645000,76,21
280.650000,73,18
280.655000,73,18
280.660000,72,17
280.665000,73,18
280.670000,74,19
280.675000,76,21
280.680000,74,19
280.685000,75,19
280.690000,73,17
280.695000,74,18
280.700000,74,18
280.705000,76,20
280.710000,75,19
280.715000,75,19
280.720000,74,18
280.725000,76,19
280.730000,74,17
280.735000,76,19
280.740000,75,18
280.745000,77,20
280.750000,77,20
280.755000,75,18
280.760000,74,17
280.765000,78,20
280.770000,75,17
280.775000,76,18
280.780000,75,17
280.785000,76,18
280.790000,75,17
280.795000,77,19
280.800000,75,17
280.805000,75,17
280.810000,75,17
280.815000,76,18
280.820000,77,19
280.825000,77,19
280.830000,75,17
280.835000,75,17
280.840000,75,17
280.845000,75,17
280.850000,78,20
280.855000,76,18
280.860000,75,18
280.865000,75,18
280.870000,76,19
280.875000,77,20
280.880000,75,18
280.885000,77,20
280.890000,76,19
280.895000,74,17
280.900000,75,18
280.905000,78,21
280.910000,75,18
280.915000,76,19
280.920000,75,18
280.925000,77,20
280.930000,75,18
280.935000,74,17
280.940000,75,18
280.945000,76,19
280.950000,79,22
280.955000,77,20
280.960000,75,19
280.965000,75,19
280.970000,75,19
280.975000,75,19
280.980000,74,18
280.985000,75,19
280.990000,78,22
280.995000,74,18
281.000000,74,18
281.005000,75,19
281.010000,74,18
281.015000,75,19
281.020000,75,19
281.025000,77,21
281.030000,76,20
281.035000,74,18
281.040000,74,18
281.045000,74,18
281.050000,74,19
281.055000,75,21
281.060000,76,22
281.065000,75,21
281.070000,74,20
281.075000,76,22
281.080000,73,19
281.085000,73,19
281.090000,77,23
281.095000,77,23
281.100000,75,21
281.105000,74,20
281.110000,75,21
281.115000,73,19
281.120000,74,20
281.125000,78,24
281.130000,78,24
281.135000,73,19
281.140000,73,19
281.145000,74,20
281.150000,76,22
281.155000,75,21
281.160000,77,23
281.165000,75,21
281.170000,74,20
281.175000,74,20
281.180000,74,20
281.185000,75,21
281.190000,76,22
281.195000,77,23
281.200000,77,23
281.205000,75,21
281.210000,76,22
281.215000,76,22
281.220000,75,21
281.225000,75,21
281.230000,78,24
281.235000,76,22
281.240000,73,19
281.245000,75,21
281.250000,78,24
281.255000,73,19
281.260000,74,20
281.265000,76,22
281.270000,77,23
281.275000,74,20
281.280000,74,20
281.285000,75,21
281.290000,74,20
281.295000,74,20
281.300000,77,23
281.305000,75,21
281.310000,76,22
281.315000,73,19
281.320000,74,20
281.325000,75,22
281.330000,75,22
281.335000,76,23
281.340000,77,24
281.345000,73,20
281.350000,75,22
281.355000,75,22
281.360000,74,21
281.365000,74,21
281.370000,77,24
281.375000,76,23
281.380000,74,21
281.385000,73,21
281.390000,74,22
281.395000,74,22
281.400000,75,23
281.405000,74,22
281.410000,75,23
281.415000,73,21
281.420000,74,22
281.425000,76,24
281.430000,73,21
281.435000,73,21
281.440000,76,24
281.445000,74,22
281.450000,75,23
281.455000,74,22
281.460000,73,21
281.465000,74,22
281.470000,74,22
281.475000,75,23
281.480000,75,23
281.485000,74,22
281.490000,74,22
281.495000,74,22
281.500000,75,23
281.505000,72,20
281.510000,75,23
281.515000,76,24
281.520000,74,22
281.525000,74,22
281.530000,73,21
281.535000,73,21
281.540000,74,22
281.545000,77,24
281.550000,78,25
281.555000,73,20
281.560000,74,21
281.565000,74,21
281.570000,75,22
281.575000,77,24
281.580000,76,23
281.585000,75,22
281.590000,75,22
281.595000,74,21
281.600000,77,24
281.605000,75,22
281.610000,75,22
281.615000,77,24
281.620000,77,24
281.625000,74,21
281.630000,76,23
281.635000,75,22
281.640000,75,22
281.645000,76,23
281.650000,77,24
281.655000,77,24
281.660000,74,21
281.665000,74,21
281.670000,76,23
281.675000,74,21
281.680000,76,23
281.685000,77,24
281.690000,75,22
281.695000,75,22
281.700000,75,22
281.705000,76,23
281.710000,75,22
281.715000,75,22
281.720000,76,23
281.725000,76,23
281.730000,76,23
281.735000,77,24
281.740000,74,21
281.745000,74,21
281.750000,74,21
281.755000,77,24
281.760000,78,25
281.765000,75,22
281.770000,74,21
281.775000,75,22
281.780000,75,22
281.785000,77,24
281.790000,78,25
281.795000,77,24
281.800000,75,22
281.805000,76,23
281.810000,77,24
281.815000,76,23
281.820000,76,23
281.825000,77,24
281.830000,76,23
281.835000,78,25
281.840000,78,25
281.845000,77,23
281.850000,77,23
281.855000,77,23
281.860000,78,24
281.865000,79,25
281.870000,76,22
281.875000,77,23
281.880000,78,24
281.885000,77,23
281.890000,78,24
281.895000,79,25
281.900000,77,23
281.905000,76,22
281.910000,77,23
281.915000,79,25
281.920000,77,23
281.925000,77,23
281.930000,78,24
281.935000,78,24
281.940000,79,25
281.945000,77,23
281.950000,76,22
281.955000,77,23
281.960000,78,24
281.965000,80,26
281.970000,79,25
281.975000,77,23
281.980000,76,22
281.985000,76,22
281.990000,77,23
281.995000,79,25
282.000000,80,26
282.005000,78,24
282.010000,76,22
282.015000,78,24
282.020000,77,23
282.025000,76,22
282.030000,78,24
282.035000,79,25
282.040000,79,25
282.045000,78,24
282.050000,76,22
282.055000,77,23
282.060000,77,23
282.065000,78,24
282.070000,78,24
282.075000,79,25
282.080000,77,23
282.085000,77,23
282.090000,78,24
282.095000,77,23
282.100000,78,24
282.105000,78,24
282.110000,77,23
282.115000,78,24
282.120000,78,24
282.125000,77,23
282.130000,76,22
282.135000,78,24
282.140000,78,24
282.145000,77,23
282.150000,78,24
282.155000,78,24
282.160000,76,22
282.165000,78,24
282.170000,76,22
282.175000,78,23
282.180000,79,24
282.185000,76,21
282.190000,78,23
282.195000,78,23
282.200000,76,21
282.205000,77,22
282.210000,78,22
282.215000,79,23
282.220000,76,20
282.225000,77,21
282.230000,76,20
282.235000,76,20
282.240000,77,21
282.245000,76,20
282.250000,76,20
282.255000,79,23
282.260000,77,21
282.265000,76,20
282.270000,76,20
282.275000,76,20
282.280000,76,20
282.285000,78,22
282.290000,76,20
282.295000,78,22
282.300000,76,20
282.305000,75,19
282.310000,76,20
282.315000,79,24
282.320000,76,21
282.325000,75,20
282.330000,78,23
282.335000,77,22
282.340000,76,21
282.345000,76,21
282.350000,76,21
282.355000,77,22
282.360000,77,22
282.365000,78,23
282.370000,75,20
282.375000,77,22
282.380000,75,20
282.385000,76,21
282.390000,79,24
282.395000,76,21
282.400000,77,22
282.405000,76,21
282.410000,75,20
282.415000,78,23
282.420000,77,22
282.425000,76,21
282.430000,75,20
282.435000,79,24
282.440000,77,22
282.445000,75,20
282.450000,77,22
282.455000,77,22
282.460000,76,21
282.465000,78,23
282.470000,77,22
282.475000,76,21
282.480000,76,21
282.485000,76,21
282.490000,77,22
282.495000,79,24
282.500000,75,20
282.505000,77,22
282.510000,76,21
282.515000,77,22
282.520000,77,22
282.525000,77,22
282.530000,76,21
282.535000,76,21
282.540000,79,24
282.545000,76,21
282.550000,75,21
282.555000,78,24
282.560000,76,22
282.565000,77,23
282.570000,77,23
282.575000,78,24
282.580000,75,21
282.585000,75,22
282.590000,76,23
282.595000,76,23
282.600000,76,23
282.605000,73,20
282.610000,76,23
282.615000,75,22
282.620000,73,20
282.625000,76,23
282.630000,77,24
282.635000,76,24
282.640000,73,21
282.645000,76,24
282.650000,76,24
282.655000,73,21
282.660000,75,23
282.665000,74,22
282.670000,75,24
282.675000,76,25
282.680000,75,24
282.685000,73,22
282.690000,75,24
282.695000,74,23
282.700000,75,24
282.705000,77,26
282.710000,74,23
282.715000,75,24
282.720000,74,23
282.725000,74,23
282.730000,76,25
282.735000,77,26
282.740000,76,24
282.745000,74,22
282.750000,77,25
282.755000,76,24
282.760000,75,23
282.765000,76,24
282.770000,77,25
282.775000,75,23
282.780000,76,24
282.785000,78,26
282.790000,75,23
282.795000,75,23
282.800000,76,24
282.805000,76,24
282.810000,78,26
282.815000,75,23
282.820000,77,25
282.825000,75,23
282.830000,74,22
282.835000,77,25
282.840000,78,26
282.845000,76,24
282.850000,75,23
282.855000,77,25
282.860000,76,24
282.865000,74,22
282.870000,78,26
282.875000,77,25
282.880000,75,23
282.885000,77,25
282.890000,76,24
282.895000,75,23
282.900000,76,24
282.905000,75,23
282.910000,76,24
282.915000,77,25
282.920000,76,24
282.925000,76,24
282.930000,75,23
282.935000,76,24
282.940000,76,24
282.945000,78,26
282.950000,76,24
282.955000,74,22
282.960000,79,27
282.965000,75,23
282.970000,75,23
282.975000,76,24
282.980000,75,23
282.985000,77,25
282.990000,75,23
282.995000,78,25
283.000000,76,23
283.005000,78,25
283.010000,77,24
283.015000,77,24
283.020000,79,26
283.025000,76,23
283.030000,78,25
283.035000,79,26
283.040000,76,23
283.045000,77,24
283.050000,78,25
283.055000,77,24
283.060000,77,24
283.065000,80,27
283.070000,77,24
283.075000,76,23
283.080000,77,24
283.085000,76,23
283.090000,79,26
283.095000,79,26
283.100000,78,25
283.105000,76,23
283.110000,77,24
283.115000,78,25
283.120000,78,25
283.125000,79,26
283.130000,76,23
283.135000,78,25
283.140000,78,25
283.145000,77,24
283.150000,76,23
283.155000,79,26
283.160000,77,24
283.165000,77,24
283.170000,80,27
283.175000,76,23
283.180000,76,23
283.185000,78,24
283.190000,78,24
283.195000,78,24
283.200000,77,23
283.205000,78,25
283.210000,76,23
283.215000,79,26
283.220000,77,24
283.225000,76,23
283.230000,78,25
283.235000,76,23
283.240000,79,26
283.245000,79,26
283.250000,75,23
283.255000,75,23
283.260000,76,24
283.265000,78,26
283.270000,76,24
283.275000,79,27
283.280000,75,23
283.285000,76,24
283.290000,78,26
283.295000,77,25
283.300000,76,24
283.305000,77,25
283.310000,78,26
283.315000,77,25
283.320000,77,25
283.325000,75,23
283.330000,76,24
283.335000,78,26
283.340000,77,25
283.345000,79,27
283.350000,76,24
283.355000,75,23
283.360000,75,23
283.365000,79,27
283.370000,76,24
283.375000,76,24
283.380000,80,27
283.385000,76,23
283.390000,78,24
283.395000,80,26
283.400000,78,24
283.405000,79,25
283.410000,79,24
283.415000,82,27
283.420000,79,24
283.425000,80,25
283.430000,78,23
283.435000,81,26
283.440000,81,26
283.445000,79,24
283.450000,79,25
283.455000,80,26
283.460000,77,23
283.465000,79,25
283.470000,79,25
283.475000,78,24
283.480000,78,24
283.485000,82,28
283.490000,79,25
283.495000,77,23
283.500000,77,24
283.505000,77,24
283.510000,77,24
283.515000,81,28
283.520000,80,27
283.525000,76,23
283.530000,76,23
283.535000,77,24
283.540000,79,26
283.545000,81,28
283.550000,78,25
283.555000,79,26
283.560000,77,24
283.565000,78,25
283.570000,78,25
283.575000,80,27
283.580000,78,25
283.585000,78,25
283.590000,80,27
283.595000,77,24
283.600000,78,25
283.605000,79,26
283.610000,78,25
283.615000,79,26
283.620000,77,25
283.625000,78,26
283.630000,76,24
283.635000,78,26
283.640000,77,25
283.645000,77,25
283.650000,79,27
283.655000,76,24
283.660000,78,26
283.665000,78,26
283.670000,76,24
283.675000,77,25
283.680000,77,26
283.685000,76,25
283.690000,74,23
283.695000,78,27
283.700000,75,24
283.705000,75,24
283.710000,76,25
283.715000,75,24
283.720000,75,24
283.725000,78,27
283.730000,76,25
283.735000,75,24
283.740000,76,25
283.745000,75,24
283.750000,77,26
283.755000,78,27
283.760000,74,23
283.765000,76,25
283.770000,77,25
283.775000,77,25
283.780000,76,24
283.785000,79,27
283.790000,76,24
283.795000,76,25
283.800000,79,28
283.805000,77,26
283.810000,76,25
283.815000,78,26
283.820000,77,25
283.825000,77,25
283.830000,78,26
283.835000,77,25
283.840000,76,24
283.845000,77,25
283.850000,77,25
283.855000,78,26
283.860000,77,24
283.865000,76,23
283.870000,76,23
283.875000,79,26
283.880000,77,24
283.885000,77,24
283.890000,77,24
283.895000,77,23
283.900000,78,24
283.905000,81,27
283.910000,77,23
283.915000,77,24
283.920000,79,26
283.925000,78,25
283.930000,78,25
283.935000,79,26
283.940000,78,25
283.945000,77,24
283.950000,80,27
283.955000,78,25
283.960000,77,24
283.965000,79,26
283.970000,77,24
283.975000,79,26
283.980000,80,27
283.985000,78,24
283.990000,79,25
283.995000,80,26
284.000000,79,26
284.005000,79,26
284.010000,81,28
284.015000,78,25
284.020000,79,26
284.025000,81,28
284.030000,79,26
284.035000,78,25
284.040000,80,27
284.045000,80,27
284.050000,79,26
284.055000,81,28
284.060000,78,25
284.065000,78,25
284.070000,79,26
284.075000,79,27
284.080000,80,28
284.085000,79,27
284.090000,77,25
284.095000,77,25
284.100000,79,27
284.105000,79,27
284.110000,78,26
284.115000,79,27
284.120000,77,25
284.125000,79,27
284.130000,78,26
284.135000,79,27
284.140000,79,27
284.145000,78,26
284.150000,79,27
284.155000,77,25
284.160000,78,26
284.165000,80,28
284.170000,77,25
284.175000,79,27
284.180000,77,25
284.185000,79,27
284.190000,79,27
284.195000,78,26
284.200000,79,27
284.205000,78,26
284.210000,77,25
284.215000,78,26
284.220000,80,27
284.225000,81,28
284.230000,78,25
284.235000,79,26
284.240000,79,26
284.245000,79,26
284.250000,80,27
284.255000,80,27
284.260000,79,26
284.265000,80,27
284.270000,78,25
284.275000,79,26
284.280000,79,26
284.285000,80,27
284.290000,80,27
284.295000,79,26
284.300000,79,26
284.305000,79,26
284.310000,79,26
284.315000,80,27
284.320000,79,26
284.325000,81,28
284.330000,78,25
284.335000,78,25
284.340000,80,27
284.345000,80,27
284.350000,80,26
284.355000,80,26
284.360000,80,26
284.365000,81,27
284.370000,80,26
284.375000,81,27
284.380000,80,26
284.385000,80,26
284.390000,80,26
284.395000,80,26
284.400000,81,27
284.405000,81,27
284.410000,79,25
284.415000,81,27
284.420000,79,25
284.425000,81,27
284.430000,81,27
284.435000,80,26
284.440000,81,27
284.445000,80,26
284.450000,80,26
284.455000,79,25
284.460000,80,26
284.465000,83,29
284.470000,79,25
284.475000,81,27
284.480000,79,25
284.485000,80,26
284.490000,81,27
284.495000,80,26
284.500000,81,27
284.505000,81,27
284.510000,79,25
284.515000,80,26
284.520000,80,26
284.525000,81,27
284.530000,80,26
284.535000,81,27
284.540000,80,26
284.545000,79,25
284.550000,81,27
284.555000,81,27
284.560000,79,25
284.565000,81,27
284.570000,80,26
284.575000,81,27
284.580000,80,26
284.585000,80,26
284.590000,80,26
284.595000,81,27
284.600000,80,26
284.605000,80,26
284.610000,80,26
284.615000,81,27
284.620000,80,26
284.625000,81,27
284.630000,79,25
284.635000,79,25
284.640000,82,28
284.645000,81,27
284.650000,80,26
284.655000,80,26
284.660000,80,26
284.665000,82,28
284.670000,81,27
284.675000,84,29
284.680000,81,26
284.685000,83,28
284.690000,82,27
284.695000,81,26
284.700000,83,28
284.705000,82,27
284.710000,83,28
284.715000,83,28
284.720000,81,27
284.725000,82,28
284.730000,82,28
284.735000,83,29
284.740000,82,28
284.745000,83,29
284.750000,82,28
284.755000,82,28
284.760000,82,28
284.765000,83,29
284.770000,82,28
284.775000,83,29
284.780000,82,28
284.785000,81,27
284.790000,83,29
284.795000,83,29
284.800000,82,28
284.805000,82,28
284.810000,81,27
284.815000,84,30
284.820000,82,28
284.825000,83,29
284.830000,82,28
284.835000,82,28
284.840000,82,28
284.845000,81,27
284.850000,84,30
284.855000,83,29
284.860000,81,27
284.865000,83,29
284.870000,81,27
284.875000,83,29
284.880000,82,28
284.885000,83,29
284.890000,83,29
284.895000,82,28
284.900000,82,28
284.905000,81,27
284.910000,82,28
284.915000,84,30
284.920000,82,28
284.925000,83,29
284.930000,81,27
284.935000,82,28
284.940000,83,29
284.945000,82,28
284.950000,83,29
284.955000,83,29
284.960000,81,27
284.965000,82,28
284.970000,82,28
284.975000,84,30
284.980000,81,27
284.985000,82,29
284.990000,82,29
284.995000,81,28
285.000000,82,29
285.005000,80,27
285.010000,80,27
285.015000,81,28
285.020000,81,27
285.025000,82,28
285.030000,81,27
285.035000,83,29
285.040000,82,28
285.045000,81,27
285.050000,81,27
285.055000,81,28
285.060000,81,28
285.065000,81,28
285.070000,80,26
285.075000,82,28
285.080000,80,26
285.085000,79,25
285.090000,82,28
285.095000,82,28
285.100000,80,26
285.105000,80,26
285.110000,79,25
285.115000,82,28
285.120000,81,27
285.125000,82,28
285.130000,81,27
285.135000,79,26
285.140000,79,26
285.145000,78,25
285.150000,80,27
285.155000,81,28
285.160000,80,27
285.165000,81,28
285.170000,78,25
285.175000,80,27
285.180000,79,26
285.185000,79,26
285.190000,80,27
285.195000,81,28
285.200000,81,28
285.205000,78,25
285.210000,79,26
285.215000,81,28
285.220000,78,25
285.225000,80,27
285.230000,79,26
285.235000,81,28
285.240000,81,28
285.245000,79,26
285.250000,80,27
285.255000,78,25
285.260000,77,24
285.265000,79,27
285.270000,79,27
285.275000,81,29
285.280000,78,26
285.285000,79,27
285.290000,78,26
285.295000,78,27
285.300000,80,29
285.305000,79,28
285.310000,78,27
285.315000,81,30
285.320000,77,26
285.325000,78,27
285.330000,78,27
285.335000,80,29
285.340000,79,27
285.345000,79,27
285.350000,79,27
285.355000,78,26
285.360000,78,26
285.365000,79,27
285.370000,79,27
285.375000,81,28
285.380000,77,24
285.385000,78,25
285.390000,80,27
285.395000,78,25
285.400000,78,25
285.405000,80,27
285.410000,79,26
285.415000,78,25
285.420000,78,26
285.425000,78,26
285.430000,77,25
285.435000,78,26
285.440000,78,26
285.445000,78,26
285.450000,78,26
285.455000,78,26
285.460000,77,25
285.465000,79,27
285.470000,76,24
285.475000,78,26
285.480000,79,27
285.485000,77,25
285.490000,78,26
285.495000,78,26
285.500000,78,26
285.505000,76,24
285.510000,78,26
285.515000,79,27
285.520000,77,25
285.525000,81,29
285.530000,76,24
285.535000,76,24
285.540000,78,26
285.545000,79,27
285.550000,78,26
285.555000,78,26
285.560000,77,25
285.565000,78,26
285.570000,77,25
285.575000,78,26
285.580000,78,26
285.585000,79,27
285.590000,77,25
285.595000,78,26
285.600000,78,26
285.605000,78,26
285.610000,76,24
285.615000,80,28
285.620000,76,24
285.625000,79,27
285.630000,78,26
285.635000,77,25
285.640000,78,26
285.645000,79,27
285.650000,77,25
285.655000,77,25
285.660000,77,24
285.665000,80,27
285.670000,76,23
285.675000,80,27
285.680000,76,23
285.685000,78,25
285.690000,78,25
285.695000,77,24
285.700000,79,26
285.705000,78,25
285.710000,75,22
285.715000,78,25
285.720000,76,23
285.725000,77,24
285.730000,76,23
285.735000,79,26
285.740000,78,25
285.745000,76,23
285.750000,76,23
285.755000,76,23
285.760000,76,23
285.765000,79,26
285.770000,77,24
285.775000,77,24
285.780000,75,22
285.785000,76,23
285.790000,77,24
285.795000,79,26
285.800000,76,23
285.805000,76,23
285.810000,76,23
285.815000,77,24
285.820000,76,23
285.825000,79,26
285.830000,76,23
285.835000,75,22
285.840000,77,24
285.845000,77,24
285.850000,77,24
285.855000,78,25
285.860000,75,22
285.865000,77,24
285.870000,76,23
285.875000,78,25
285.880000,76,23
285.885000,78,25
285.890000,76,23
285.895000,76,23
285.900000,77,24
285.905000,76,23
285.910000,76,23
285.915000,79,26
285.920000,77,24
285.925000,76,23
285.930000,75,22
285.935000,76,23
285.940000,77,24
285.945000,80,27
285.950000,76,23
285.955000,76,23
285.960000,75,22
285.965000,77,24
285.970000,77,24
285.975000,79,26
285.980000,76,23
285.985000,75,22
285.990000,77,24
285.995000,77,24
286.000000,77,24
286.005000,78,25
286.010000,76,23
286.015000,77,24
286.020000,76,23
286.025000,77,24
286.030000,77,24
286.035000,78,26
286.040000,76,24
286.045000,77,25
286.050000,77,25
286.055000,76,24
286.060000,77,25
286.065000,79,27
286.070000,76,24
286.075000,76,24
286.080000,76,24
286.085000,77,25
286.090000,77,25
286.095000,78,26
286.100000,77,25
286.105000,75,23
286.110000,75,23
286.115000,78,26
286.120000,78,26
286.125000,78,26
286.130000,75,23
286.135000,76,24
286.140000,77,25
286.145000,77,25
286.150000,77,25
286.155000,78,26
286.160000,75,23
286.165000,77,25
286.170000,77,25
286.175000,77,25
286.180000,75,23
286.185000,77,25
286.190000,79,27
286.195000,76,24
286.200000,76,24
286.205000,76,24
286.210000,76,25
286.215000,79,28
286.220000,76,25
286.225000,77,27
286.230000,74,24
286.235000,74,24
286.240000,76,26
286.245000,76,26
286.250000,74,24
286.255000,73,23
286.260000,75,25
286.265000,76,26
286.270000,74,24
286.275000,76,26
286.280000,74,24
286.285000,73,23
286.290000,75,25
286.295000,76,26
286.300000,75,25
286.305000,74,24
286.310000,73,23
286.315000,75,25
286.320000,73,23
286.325000,74,24
286.330000,75,25
286.335000,76,26
286.340000,73,23
286.345000,74,24
286.350000,74,24
286.355000,75,25
286.360000,74,24
286.365000,77,27
286.370000,73,24
286.375000,73,24
286.380000,74,25
286.385000,73,24
286.390000,73,24
286.395000,74,25
286.400000,74,25
286.405000,72,23
286.410000,71,22
286.415000,74,25
286.420000,74,25
286.425000,75,26
286.430000,71,22
286.435000,74,25
286.440000,73,24
286.445000,74,25
286.450000,75,26
286.455000,74,25
286.460000,72,23
286.465000,73,24
286.470000,76,27
286.475000,74,25
286.480000,72,23
286.485000,73,25
286.490000,74,26
286.495000,72,24
286.500000,72,24
286.505000,73,25
286.510000,73,25
286.515000,74,26
286.520000,72,24
286.525000,73,25
286.530000,72,24
286.535000,72,24
286.540000,74,26
286.545000,74,26
286.550000,73,25
286.555000,72,24
286.560000,71,23
286.565000,71,24
286.570000,73,26
286.575000,72,25
286.580000,69,22
286.585000,69,22
286.590000,73,26
286.595000,71,24
286.600000,69,22
286.605000,71,24
286.610000,73,26
286.615000,70,23
286.620000,70,23
286.625000,71,23
286.630000,73,25
286.635000,72,24
286.640000,71,23
286.645000,73,25
286.650000,72,24
286.655000,71,23
286.660000,71,23
286.665000,73,25
286.670000,73,25
286.675000,71,23
286.680000,71,23
286.685000,71,23
286.690000,74,26
286.695000,73,25
286.700000,69,22
286.705000,69,22
286.710000,72,25
286.715000,72,25
286.720000,69,23
286.725000,70,24
286.730000,71,25
286.735000,68,22
286.740000,69,23
286.745000,71,25
286.750000,71,25
286.755000,71,25
286.760000,68,22
286.765000,70,24
286.770000,71,25
286.775000,69,23
286.780000,69,24
286.785000,71,26
286.790000,71,26
286.795000,70,25
286.800000,68,23
286.805000,69,24
286.810000,71,26
286.815000,71,26
286.820000,71,25
286.825000,70,24
286.830000,71,25
286.835000,70,24
286.840000,71,25
286.845000,72,26
286.850000,72,26
286.855000,72,26
286.860000,70,24
286.865000,71,25
286.870000,73,27
286.875000,71,25
286.880000,69,23
286.885000,70,24
286.890000,72,27
286.895000,70,25
286.900000,69,24
286.905000,70,25
286.910000,70,25
286.915000,70,25
286.920000,70,25
286.925000,71,26
286.930000,73,27
286.935000,72,26
286.940000,71,25
286.945000,72,26
286.950000,72,26
286.955000,71,25
286.960000,72,26
286.965000,73,27
286.970000,73,27
286.975000,71,25
286.980000,70,24
286.985000,72,26
286.990000,74,28
286.995000,74,28
287.000000,70,24
287.005000,71,25
287.010000,72,26
287.015000,72,26
287.020000,72,26
287.025000,72,26
287.030000,73,27
287.035000,71,25
287.040000,71,25
287.045000,72,26
287.050000,73,27
287.055000,72,26
287.060000,70,24
287.065000,73,27
287.070000,73,27
287.075000,71,25
287.080000,71,25
287.085000,72,26
287.090000,73,27
287.095000,72,26
287.100000,71,25
287.105000,71,25
287.110000,74,28
287.115000,73,27
287.120000,71,25
287.125000,71,25
287.130000,72,26
287.135000,72,26
287.140000,73,27
287.145000,74,27
287.150000,73,26
287.155000,72,25
287.160000,72,25
287.165000,74,27
287.170000,77,30
287.175000,74,27
287.180000,71,24
287.185000,71,24
287.190000,75,28
287.195000,73,26
287.200000,73,26
287.205000,73,26
287.210000,73,26
287.215000,73,26
287.220000,74,27
287.225000,73,26
287.230000,75,28
287.235000,72,25
287.240000,73,26
287.245000,73,26
287.250000,75,28
287.255000,74,27
287.260000,72,25
287.265000,74,27
287.270000,75,28
287.275000,73,26
287.280000,74,27
287.285000,73,26
287.290000,75,28
287.295000,74,27
287.300000,72,25
287.305000,73,26
287.310000,76,29
287.315000,74,27
287.320000,73,26
287.325000,73,26
287.330000,75,27
287.335000,72,24
287.340000,74,26
287.345000,74,26
287.350000,74,26
287.355000,74,26
287.360000,72,24
287.365000,75,27
287.370000,75,27
287.375000,72,24
287.380000,75,26
287.385000,75,26
287.390000,75,26
287.395000,75,26
287.400000,74,25
287.405000,74,25
287.410000,74,25
287.415000,77,28
287.420000,75,26
287.425000,74,25
287.430000,76,27
287.435000,73,24
287.440000,74,25
287.445000,76,27
287.450000,76,27
287.455000,74,25
287.460000,74,25
287.465000,74,25
287.470000,75,26
287.475000,76,27
287.480000,75,26
287.485000,75,26
287.490000,76,27
287.495000,74,25
287.500000,73,24
287.505000,77,28
287.510000,74,25
287.515000,74,25
287.520000,76,27
287.525000,73,24
287.530000,76,27
287.535000,76,27
287.540000,74,25
287.545000,74,25
287.550000,75,26
287.555000,75,26
287.560000,74,25
287.565000,76,27
287.570000,75,26
287.575000,73,24
287.580000,75,26
287.585000,74,25
287.590000,77,28
287.595000,76,27
287.600000,73,24
287.605000,74,25
287.610000,75,26
287.615000,75,26
287.620000,75,26
287.625000,76,27
287.630000,76,27
287.635000,73,24
287.640000,75,26
287.645000,77,28
287.650000,73,24
287.655000,76,27
287.660000,76,27
287.665000,74,25
287.670000,75,26
287.675000,75,26
287.680000,75,26
287.685000,75,26
287.690000,76,27
287.695000,77,28
287.700000,75,26
287.705000,76,27
287.710000,74,25
287.715000,76,27
287.720000,75,26
287.725000,76,27
287.730000,76,27
287.735000,74,25
287.740000,75,26
287.745000,77,28
287.750000,75,26
287.755000,76,27
287.760000,74,25
287.765000,77,28
287.770000,75,26
287.775000,75,26
287.780000,77,28
287.785000,75,26
287.790000,75,26
287.795000,75,26
287.800000,76,27
287.805000,77,28
287.810000,75,26
287.815000,76,27
287.820000,75,26
287.825000,74,25
287.830000,76,27
287.835000,77,28
287.840000,75,26
287.845000,76,27
287.850000,74,25
287.855000,75,26
287.860000,76,27
287.865000,77,28
287.870000,76,27
287.875000,75,26
287.880000,75,26
287.885000,74,25
287.890000,77,28
287.895000,76,27
287.900000,74,25
287.905000,77,28
287.910000,74,25
287.915000,76,27
287.920000,76,27
287.925000,75,26
287.930000,75,26
287.935000,75,26
287.940000,77,28
287.945000,75,26
287.950000,75,26
287.955000,76,27
287.960000,74,25
287.965000,77,28
287.970000,75,26
287.975000,75,26
287.980000,76,27
287.985000,75,26
287.990000,76,27
287.995000,76,27
288.000000,74,25
288.005000,75,27
288.010000,76,28
288.015000,77,29
288.020000,74,27
288.025000,74,27
288.030000,74,27
288.035000,74,27
288.040000,76,29
288.045000,76,29
288.050000,74,27
288.055000,75,28
288.060000,74,27
288.065000,76,29
288.070000,75,28
288.075000,74,27
288.080000,76,29
288.085000,74,27
288.090000,76,29
288.095000,75,28
288.100000,74,27
288.105000,76,29
288.110000,75,28
288.115000,77,30
288.120000,75,28
288.125000,75,28
288.130000,76,29
288.135000,76,29
288.140000,77,30
288.145000,76,29
288.150000,76,29
288.155000,76,29
288.160000,76,29
288.165000,77,30
288.170000,76,29
288.175000,75,28
288.180000,76,29
288.185000,77,30
288.190000,76,30
288.195000,77,31
288.200000,75,29
288.205000,77,31
288.210000,75,29
288.215000,76,30
288.220000,77,31
288.225000,77,31
288.230000,77,31
288.235000,75,29
288.240000,76,30
288.245000,76,30
288.250000,76,30
288.255000,78,32
288.260000,75,29
288.265000,76,30
288.270000,77,31
288.275000,76,29
288.280000,76,29
288.285000,76,29
288.290000,77,30
288.295000,77,30
288.300000,75,28
288.305000,76,29
288.310000,75,28
288.315000,78,31
288.320000,77,30
288.325000,76,29
288.330000,76,29
288.335000,75,28
288.340000,77,30
288.345000,77,30
288.350000,75,28
288.355000,76,29
288.360000,77,30
288.365000,77,30
288.370000,76,29
288.375000,76,29
288.380000,76,29
288.385000,76,29
288.390000,77,29
288.395000,78,30
288.400000,76,28
288.405000,79,31
288.410000,77,28
288.415000,78,29
288.420000,78,29
288.425000,78,29
288.430000,79,30
288.435000,78,29
288.440000,78,29
288.445000,79,30
288.450000,77,28
288.455000,78,29
288.460000,77,28
288.465000,81,32
288.470000,78,29
288.475000,77,28
288.480000,78,29
288.485000,78,29
288.490000,78,29
288.495000,79,30
288.500000,78,29
288.505000,79,30
288.510000,77,28
288.515000,78,29
288.520000,78,29
288.525000,79,30
288.530000,78,29
288.535000,78,29
288.540000,78,29
288.545000,79,30
288.550000,77,28
288.555000,78,30
288.560000,76,28
288.565000,78,30
288.570000,78,30
288.575000,76,28
288.580000,77,29
288.585000,78,30
288.590000,77,29
288.595000,78,29
288.600000,77,28
288.605000,80,30
288.610000,77,27
288.615000,79,29
288.620000,78,28
288.625000,78,28
288.630000,78,28
288.635000,77,27
288.640000,79,29
288.645000,80,30
288.650000,77,27
288.655000,78,29
288.660000,77,28
288.665000,79,30
288.670000,78,29
288.675000,79,30
288.680000,78,29
288.685000,78,29
288.690000,78,29
288.695000,78,29
288.700000,77,28
288.705000,79,30
288.710000,77,28
288.715000,77,28
288.720000,77,28
288.725000,77,28
288.730000,77,27
288.735000,77,27
288.740000,79,29
288.745000,79,29
288.750000,75,26
288.755000,76,27
288.760000,75,26
288.765000,78,29
288.770000,76,27
288.775000,75,26
288.780000,78,29
288.785000,76,27
288.790000,76,27
288.795000,77,28
288.800000,75,26
288.805000,77,28
288.810000,75,26
288.815000,77,28
288.820000,78,29
288.825000,77,28
288.830000,76,27
288.835000,75,26
288.840000,76,27
288.845000,77,28
288.850000,75,26
288.855000,78,28
288.860000,77,27
288.865000,77,27
288.870000,75,26
288.875000,74,25
288.880000,75,26
288.885000,76,27
288.890000,76,27
288.895000,75,26
288.900000,76,27
288.905000,76,27
288.910000,75,26
288.915000,77,28
288.920000,74,25
288.925000,76,26
288.930000,76,26
288.935000,78,28
288.940000,78,28
288.945000,77,27
288.950000,75,25
288.955000,77,27
288.960000,75,25
288.965000,77,27
288.970000,75,25
288.975000,79,29
288.980000,78,28
288.985000,76,26
288.990000,76,26
288.995000,76,26
289.000000,76,26
289.005000,78,28
289.010000,75,25
289.015000,78,28
289.020000,78,28
289.025000,76,26
289.030000,76,26
289.035000,76,26
289.040000,76,26
289.045000,77,27
289.050000,75,25
289.055000,78,28
289.060000,77,27
289.065000,79,29
289.070000,75,25
289.075000,75,25
289.080000,76,26
289.085000,76,26
289.090000,77,27
289.095000,78,28
289.100000,77,27
289.105000,77,27
289.110000,76,26
289.115000,76,26
289.120000,75,25
289.125000,78,28
289.130000,76,26
289.135000,78,28
289.140000,79,29
289.145000,75,25
289.150000,76,26
289.155000,78,28
289.160000,75,25
289.165000,76,26
289.170000,76,26
289.175000,78,28
289.180000,78,28
289.185000,77,27
289.190000,76,26
289.195000,76,26
289.200000,77,27
289.205000,75,25
289.210000,75,25
289.215000,81,31
289.220000,78,28
289.225000,76,26
289.230000,75,25
289.235000,76,26
289.240000,77,28
289.245000,76,27
289.250000,76,27
289.255000,76,27
289.260000,77,28
289.265000,77,28
289.270000,75,26
289.275000,76,27
289.280000,77,27
289.285000,78,28
289.290000,77,27
289.295000,77,27
289.300000,78,28
289.305000,78,28
289.310000,76,26
289.315000,77,27
289.320000,78,28
289.325000,77,27
289.330000,76,26
289.335000,78,28
289.340000,79,29
289.345000,77,27
289.350000,76,26
289.355000,77,27
289.360000,77,27
289.365000,79,29
289.370000,76,26
289.375000,77,27
289.380000,78,28
289.385000,77,27
289.390000,78,28
289.395000,77,27
289.400000,77,27
289.405000,77,27
289.410000,76,26
289.415000,78,28
289.420000,78,28
289.425000,79,29
289.430000,76,26
289.435000,76,26
289.440000,78,28
289.445000,77,27
289.450000,76,26
289.455000,78,28
289.460000,79,29
289.465000,78,28
289.470000,76,26
289.475000,76,26
289.480000,77,27
289.485000,78,28
289.490000,77,27
289.495000,77,28
289.500000,77,28
289.505000,76,27
289.510000,75,26
289.515000,77,28
289.520000,76,27
289.525000,76,27
289.530000,76,27
289.535000,76,27
289.540000,78,29
289.545000,77,28
289.550000,75,26
289.555000,75,26
289.560000,76,27
289.565000,78,29
289.570000,75,26
289.575000,77,28
289.580000,77,28
289.585000,76,27
289.590000,76,27
289.595000,75,26
289.600000,77,28
289.605000,77,28
289.610000,75,26
289.615000,77,28
289.620000,77,28
289.625000,76,27
289.630000,75,26
289.635000,77,28
289.640000,77,28
289.645000,76,27
289.650000,75,26
289.655000,76,27
289.660000,77,28
289.665000,78,29
289.670000,76,27
289.675000,75,26
289.680000,76,27
289.685000,76,27
289.690000,76,27
289.695000,77,28
289.700000,77,28
289.705000,77,28
289.710000,75,26
289.715000,76,27
289.720000,76,27
289.725000,77,28
289.730000,75,26
289.735000,76,27
289.740000,79,30
289.745000,76,27
289.750000,75,26
289.755000,76,27
289.760000,76,27
289.765000,77,28
289.770000,75,26
289.775000,77,28
289.780000,77,28
289.785000,77,28
289.790000,76,27
289.795000,75,26
289.800000,76,27
289.805000,76,27
289.810000,76,27
289.815000,78,29
289.820000,76,28
289.825000,75,27
289.830000,74,26
289.835000,74,26
289.840000,77,29
289.845000,77,29
289.850000,74,26
289.855000,75,27
289.860000,76,28
289.865000,76,28
289.870000,75,27
289.875000,75,27
289.880000,76,28
289.885000,75,27
289.890000,75,27
289.895000,76,28
289.900000,76,28
289.905000,76,28
289.910000,75,27
289.915000,76,28
289.920000,74,26
289.925000,76,28
289.930000,75,27
289.935000,76,28
289.940000,76,28
289.945000,75,27
289.950000,75,27
289.955000,75,27
289.960000,75,27
289.965000,76,28
289.970000,76,28
289.975000,74,26
289.980000,74,26
289.985000,78,30
289.990000,76,28
289.995000,74,26
290.000000,75,27
290.005000,76,28
290.010000,74,26
290.015000,77,29
290.020000,75,27
290.025000,75,27
290.030000,75,27
290.035000,74,26
290.040000,78,30
290.045000,76,28
290.050000,74,26
290.055000,76,28
290.060000,75,27
290.065000,75,27
290.070000,76,28
290.075000,76,28
290.080000,74,26
290.085000,75,27
290.090000,77,29
290.095000,75,27
290.100000,75,27
290.105000,75,27
290.110000,75,27
290.115000,77,28
290.120000,76,27
290.125000,75,26
290.130000,76,27
290.135000,75,26
290.140000,76,27
290.145000,78,29
290.150000,75,26
290.155000,75,26
290.160000,77,28
290.165000,76,27
290.170000,76,27
290.175000,76,27
290.180000,76,27
290.185000,75,26
290.190000,77,28
290.195000,77,28
290.200000,75,26
290.205000,76,27
290.210000,75,26
290.215000,77,28
290.220000,77,28
290.225000,75,26
290.230000,76,27
290.235000,76,26
290.240000,76,26
290.245000,76,26
290.250000,77,27
290.255000,75,25
290.260000,75,25
290.265000,78,28
290.270000,76,26
290.275000,75,25
290.280000,76,26
290.285000,76,26
290.290000,76,25
290.295000,77,26
290.300000,76,25
290.305000,75,24
290.310000,76,25
290.315000,76,25
290.320000,77,26
290.325000,76,25
290.330000,73,22
290.335000,76,25
290.340000,77,26
290.345000,74,23
290.350000,74,23
290.355000,77,26
290.360000,76,25
290.365000,74,23
290.370000,76,25
290.375000,76,25
290.380000,74,23
290.385000,75,24
290.390000,75,24
290.395000,75,24
290.400000,77,26
290.405000,76,25
290.410000,74,23
290.415000,74,23
290.420000,74,23
290.425000,77,26
290.430000,76,25
290.435000,74,23
290.440000,75,23
290.445000,75,23
290.450000,76,24
290.455000,75,23
290.460000,75,23
290.465000,74,22
290.470000,77,25
290.475000,74,22
290.480000,75,23
290.485000,74,22
290.490000,76,24
290.495000,76,24
290.500000,75,23
290.505000,75,23
290.510000,76,24
290.515000,74,22
290.520000,74,22
290.525000,75,24
290.530000,76,25
290.535000,76,25
290.540000,75,24
290.545000,74,23
290.550000,75,24
290.555000,74,23
290.560000,76,25
290.565000,76,25
290.570000,75,24
290.575000,74,23
290.580000,74,23
290.585000,75,24
290.590000,76,25
290.595000,74,23
290.600000,76,25
290.605000,75,24
290.610000,76,25
290.615000,74,23
290.620000,74,23
290.625000,74,24
290.630000,75,25
290.635000,75,25
290.640000,73,23
290.645000,73,23
290.650000,74,24
290.655000,74,24
290.660000,74,24
290.665000,74,24
290.670000,76,26
290.675000,73,23
290.680000,73,23
290.685000,74,24
290.690000,74,24
290.695000,76,25
290.700000,74,23
290.705000,75,24
290.710000,76,25
290.715000,75,24
290.720000,73,23
290.725000,74,24
290.730000,75,25
290.735000,74,24
290.740000,74,24
290.745000,73,23
290.750000,74,24
290.755000,75,25
290.760000,74,24
290.765000,73,24
290.770000,74,25
290.775000,74,25
290.780000,74,25
290.785000,75,26
290.790000,74,25
290.795000,73,24
290.800000,73,24
290.805000,73,24
290.810000,77,28
290.815000,73,24
290.820000,74,25
290.825000,74,25
290.830000,74,25
290.835000,75,26
290.840000,73,24
290.845000,74,25
290.850000,75,25
290.855000,74,24
290.860000,74,24
290.865000,73,23
290.870000,74,24
290.875000,74,23
290.880000,76,25
290.885000,75,24
290.890000,73,22
290.895000,73,22
290.900000,74,23
290.905000,73,22
290.910000,75,24
290.915000,75,24
290.920000,74,23
290.925000,73,22
290.930000,73,22
290.935000,73,22
290.940000,75,24
290.945000,73,22
290.950000,73,22
290.955000,73,22
290.960000,74,23
290.965000,72,21
290.970000,73,22
290.975000,74,23
290.980000,74,23
290.985000,74,23
290.990000,73,22
290.995000,72,21
291.000000,74,23
291.005000,73,22
291.010000,73,23
291.015000,73,23
291.020000,74,24
291.025000,72,22
291.030000,73,23
291.035000,74,24
291.040000,73,23
291.045000,72,22
291.050000,74,24
291.055000,73,23
291.060000,75,25
291.065000,73,23
291.070000,72,22
291.075000,72,22
291.080000,73,23
291.085000,74,24
291.090000,74,24
291.095000,73,23
291.100000,73,23
291.105000,72,22
291.110000,74,24
291.115000,72,22
291.120000,75,25
291.125000,74,24
291.130000,72,22
291.135000,74,23
291.140000,73,23
291.145000,72,22
291.150000,73,23
291.155000,74,24
291.160000,75,25
291.165000,73,22
291.170000,74,23
291.175000,73,22
291.180000,75,24
291.185000,75,24
291.190000,74,23
291.195000,74,23
291.200000,74,23
291.205000,73,22
291.210000,75,24
291.215000,74,23
291.220000,74,23
291.225000,74,23
291.230000,76,24
291.235000,75,23
291.240000,77,24
291.245000,76,23
291.250000,75,22
291.255000,75,22
291.260000,78,25
291.265000,76,23
291.270000,76,23
291.275000,76,23
291.280000,76,23
291.285000,76,23
291.290000,76,23
291.295000,76,23
291.300000,78,25
291.305000,76,23
291.310000,76,23
291.315000,75,22
291.320000,76,22
291.325000,75,21
291.330000,77,23
291.335000,78,24
291.340000,76,22
291.345000,75,21
291.350000,76,22
291.355000,75,21
291.360000,78,24
291.365000,77,23
291.370000,76,22
291.375000,75,21
291.380000,76,22
291.385000,76,22
291.390000,76,22
291.395000,76,22
291.400000,77,23
291.405000,76,22
291.410000,77,23
291.415000,75,21
291.420000,77,23
291.425000,76,22
291.430000,75,21
291.435000,77,23
291.440000,77,23
291.445000,75,21
291.450000,76,22
291.455000,76,22
291.460000,77,23
291.465000,75,21
291.470000,77,23
291.475000,76,22
291.480000,77,23
291.485000,77,23
291.490000,75,21
291.495000,75,21
291.500000,77,23
291.505000,76,22
291.510000,78,24
291.515000,76,22
291.520000,76,22
291.525000,75,21
291.530000,76,22
291.535000,77,23
291.540000,78,24
291.545000,77,23
291.550000,75,21
291.555000,75,21
291.560000,77,23
291.565000,75,21
291.570000,77,23
291.575000,77,23
291.580000,77,23
291.585000,76,22
291.590000,76,22
291.595000,75,21
291.600000,77,23
291.605000,76,22
291.610000,76,22
291.615000,76,22
291.620000,75,21
291.625000,74,20
291.630000,76,22
291.635000,77,23
291.640000,76,22
291.645000,75,21
291.650000,77,23
291.655000,74,20
291.660000,77,23
291.665000,75,21
291.670000,74,20
291.675000,76,22
291.680000,76,22
291.685000,76,22
291.690000,76,22
291.695000,76,22
291.700000,74,20
291.705000,74,20
291.710000,79,25
291.715000,75,21
291.720000,76,22
291.725000,76,22
291.730000,74,20
291.735000,75,21
291.740000,76,22
291.745000,75,21
291.750000,76,22
291.755000,76,22
291.760000,76,22
291.765000,74,20
291.770000,76,22
291.775000,75,21
291.780000,76,22
291.785000,77,22
291.790000,76,21
291.795000,76,21
291.800000,76,21
291.805000,74,20
291.810000,78,24
291.815000,75,21
291.820000,74,20
291.825000,76,22
291.830000,77,23
291.835000,75,21
291.840000,76,22
291.845000,75,22
291.850000,72,19
291.855000,72,19
291.860000,76,23
291.865000,72,19
291.870000,74,21
291.875000,75,22
291.880000,73,20
291.885000,73,20
291.890000,75,22
291.895000,73,20
291.900000,73,20
291.905000,75,22
291.910000,74,21
291.915000,73,20
291.920000,73,20
291.925000,73,20
291.930000,73,21
291.935000,74,22
291.940000,72,20
291.945000,71,19
291.950000,74,22
291.955000,72,20
291.960000,73,21
291.965000,74,22
291.970000,72,20
291.975000,71,19
291.980000,73,21
291.985000,73,21
291.990000,73,21
291.995000,73,22
292.000000,73,22
292.005000,72,21
292.010000,75,24
292.015000,71,20
292.020000,74,23
292.025000,73,22
292.030000,72,21
292.035000,74,23
292.040000,72,21
292.045000,72,21
292.050000,73,22
292.055000,75,24
292.060000,73,22
292.065000,72,21
292.070000,75,24
292.075000,72,21
292.080000,73,22
292.085000,75,24
292.090000,73,22
292.095000,72,21
292.100000,73,22
292.105000,73,21
292.110000,74,22
292.115000,74,22
292.120000,72,20
292.125000,73,21
292.130000,74,22
292.135000,73,21
292.140000,74,22
292.145000,74,22
292.150000,72,20
292.155000,73,20
292.160000,76,23
292.165000,73,20
292.170000,74,21
292.175000,76,23
292.180000,73,20
292.185000,74,21
292.190000,75,22
292.195000,74,21
292.200000,75,22
292.205000,75,22
292.210000,75,22
292.215000,74,21
292.220000,75,22
292.225000,74,21
292.230000,76,23
292.235000,77,24
292.240000,74,21
292.245000,75,22
292.250000,76,23
292.255000,74,21
292.260000,76,23
292.265000,77,24
292.270000,74,21
292.275000,74,22
292.280000,76,24
292.285000,75,23
292.290000,75,23
292.295000,76,24
292.300000,75,23
292.305000,74,22
292.310000,77,25
292.315000,75,23
292.320000,75,23
292.325000,76,24
292.330000,74,22
292.335000,76,24
292.340000,75,23
292.345000,74,22
292.350000,76,24
292.355000,76,24
292.360000,75,23
292.365000,75,23
292.370000,77,25
292.375000,74,22
292.380000,75,23
292.385000,78,26
292.390000,74,22
292.395000,75,23
292.400000,74,22
292.405000,75,23
292.410000,76,24
292.415000,76,24
292.420000,76,24
292.425000,75,23
292.430000,75,23
292.435000,75,23
292.440000,76,24
292.445000,76,24
292.450000,76,24
292.455000,75,23
292.460000,75,23
292.465000,74,22
292.470000,75,23
292.475000,77,25
292.480000,75,23
292.485000,76,24
292.490000,76,24
292.495000,74,22
292.500000,75,23
292.505000,77,25
292.510000,76,24
292.515000,74,22
292.520000,75,23
292.525000,75,23
292.530000,76,24
292.535000,78,26
292.540000,74,22
292.545000,75,23
292.550000,75,23
292.555000,75,23
292.560000,78,26
292.565000,76,24
292.570000,74,22
292.575000,74,22
292.580000,75,23
292.585000,76,24
292.590000,78,26
292.595000,76,24
292.600000,74,22
292.605000,74,22
292.610000,76,24
292.615000,76,24
292.620000,76,24
292.625000,76,24
292.630000,75,23
292.635000,74,22
292.640000,75,23
292.645000,74,22
292.650000,78,26
292.655000,77,25
292.660000,74,22
292.665000,75,23
292.670000,75,23
292.675000,75,23
292.680000,76,24
292.685000,77,25
292.690000,75,23
292.695000,75,23
292.700000,74,22
292.705000,74,22
292.710000,76,24
292.715000,78,26
292.720000,75,23
292.725000,74,22
292.730000,74,22
292.735000,76,24
292.740000,77,25
292.745000,75,23
292.750000,74,22
292.755000,76,24
292.760000,74,22
292.765000,76,24
292.770000,76,24
292.775000,76,24
292.780000,75,23
292.785000,74,22
292.790000,77,25
292.795000,74,22
292.800000,77,25
292.805000,76,24
292.810000,74,22
292.815000,75,23
292.820000,74,22
292.825000,77,25
292.830000,75,23
292.835000,76,23
292.840000,75,22
292.845000,75,22
292.850000,74,21
292.855000,75,22
292.860000,78,24
292.865000,77,23
292.870000,75,22
292.875000,74,21
292.880000,74,21
292.885000,76,23
292.890000,77,24
292.895000,76,23
292.900000,74,21
292.905000,74,21
292.910000,77,24
292.915000,76,23
292.920000,75,22
292.925000,75,22
292.930000,75,22
292.935000,76,23
292.940000,76,23
292.945000,74,21
292.950000,75,22
292.955000,75,22
292.960000,76,23
292.965000,76,23
292.970000,75,22
292.975000,75,22
292.980000,76,23
292.985000,75,22
292.990000,75,22
292.995000,75,22
293.000000,75,22
293.005000,76,23
293.010000,75,22
293.015000,76,23
293.020000,74,21
293.025000,76,23
293.030000,75,22
293.035000,75,22
293.040000,76,23
293.045000,75,22
293.050000,76,23
293.055000,76,23
293.060000,74,21
293.065000,75,22
293.070000,76,24
293.075000,74,22
293.080000,75,23
293.085000,73,21
293.090000,74,22
293.095000,74,22
293.100000,74,22
293.105000,77,25
293.110000,74,22
293.115000,74,22
293.120000,74,22
293.125000,73,21
293.130000,75,23
293.135000,74,22
293.140000,76,24
293.145000,75,23
293.150000,73,21
293.155000,73,21
293.160000,74,22
293.165000,76,24
293.170000,74,22
293.175000,75,23
293.180000,73,21
293.185000,73,21
293.190000,76,24
293.195000,75,22
293.200000,74,21
293.205000,73,20
293.210000,74,21
293.215000,74,21
293.220000,76,23
293.225000,75,22
293.230000,73,20
293.235000,73,20
293.240000,75,22
293.245000,76,23
293.250000,74,21
293.255000,74,21
293.260000,73,20
293.265000,74,21
293.270000,75,22
293.275000,74,21
293.280000,75,22
293.285000,74,21
293.290000,74,21
293.295000,75,22
293.300000,73,20
293.305000,74,21
293.310000,75,22
293.315000,76,23
293.320000,74,21
293.325000,73,20
293.330000,74,21
293.335000,73,20
293.340000,76,23
293.345000,75,22
293.350000,74,21
293.355000,74,21
293.360000,73,20
293.365000,75,22
293.370000,75,22
293.375000,74,21
293.380000,75,21
293.385000,76,22
293.390000,76,22
293.395000,75,21
293.400000,75,21
293.405000,76,22
293.410000,75,21
293.415000,75,21
293.420000,76,22
293.425000,74,20
293.430000,75,21
293.435000,76,22
293.440000,76,22
293.445000,75,21
293.450000,74,20
293.455000,75,21
293.460000,76,22
293.465000,76,22
293.470000,76,21
293.475000,75,20
293.480000,74,19
293.485000,74,19
293.490000,77,22
293.495000,77,22
293.500000,74,19
293.505000,75,20
293.510000,74,19
293.515000,75,20
293.520000,77,22
293.525000,76,21
293.530000,75,20
293.535000,74,19
293.540000,75,20
293.545000,76,21
293.550000,75,20
293.555000,76,21
293.560000,75,20
293.565000,76,20
293.570000,77,21
293.575000,75,19
293.580000,77,21
293.585000,76,20
293.590000,76,20
293.595000,78,22
293.600000,75,19
293.605000,77,20
293.610000,77,20
293.615000,78,21
293.620000,78,21
293.625000,76,19
293.630000,78,22
293.635000,76,20
293.640000,78,22
293.645000,79,23
293.650000,76,20
293.655000,77,21
293.660000,76,20
293.665000,78,22
293.670000,79,23
293.675000,77,21
293.680000,77,21
293.685000,76,20
293.690000,77,21
293.695000,78,22
293.700000,78,22
293.705000,78,22
293.710000,76,20
293.715000,77,21
293.720000,78,22
293.725000,76,20
293.730000,78,22
293.735000,78,22
293.740000,78,22
293.745000,78,22
293.750000,76,20
293.755000,77,21
293.760000,77,21
293.765000,78,22
293.770000,79,23
293.775000,76,20
293.780000,77,20
293.785000,76,19
293.790000,77,20
293.795000,78,21
293.800000,75,18
293.805000,77,20
293.810000,75,18
293.815000,77,20
293.820000,79,22
293.825000,76,19
293.830000,76,19
293.835000,75,18
293.840000,78,21
293.845000,77,20
293.850000,76,19
293.855000,78,21
293.860000,75,18
293.865000,77,20
293.870000,77,20
293.875000,76,19
293.880000,77,20
293.885000,76,19
293.890000,78,21
293.895000,76,19
293.900000,75,18
293.905000,76,19
293.910000,77,21
293.915000,77,21
293.920000,75,19
293.925000,75,19
293.930000,75,19
293.935000,75,19
293.940000,76,20
293.945000,77,21
293.950000,74,18
293.955000,76,20
293.960000,75,19
293.965000,75,19
293.970000,76,20
293.975000,76,20
293.980000,76,20
293.985000,74,18
293.990000,75,19
293.995000,77,21
294.000000,75,19
294.005000,76,20
294.010000,74,18
294.015000,77,21
294.020000,75,19
294.025000,74,18
294.030000,77,21
294.035000,76,20
294.040000,75,19
294.045000,75,19
294.050000,75,19
294.055000,76,20
294.060000,75,19
294.065000,77,21
294.070000,75,19
294.075000,75,19
294.080000,75,19
294.085000,75,19
294.090000,76,20
294.095000,77,21
294.100000,75,19
294.105000,75,19
294.110000,74,18
294.115000,76,20
294.120000,77,21
294.125000,75,19
294.130000,75,19
294.135000,76,20
294.140000,75,19
294.145000,75,19
294.150000,75,19
294.155000,78,22
294.160000,74,18
294.165000,75,19
294.170000,76,20
294.175000,75,19
294.180000,76,20
294.185000,75,19
294.190000,76,20
294.195000,76,20
294.200000,74,18
294.205000,76,20
294.210000,75,19
294.215000,76,20
294.220000,74,18
294.225000,74,18
294.230000,74,18
294.235000,74,18
294.240000,76,20
294.245000,75,19
294.250000,73,17
294.255000,76,20
294.260000,75,19
294.265000,75,19
294.270000,77,21
294.275000,76,20
294.280000,75,19
294.285000,74,18
294.290000,75,19
294.295000,77,21
294.300000,76,20
294.305000,75,19
294.310000,75,19
294.315000,76,20
294.320000,74,18
294.325000,73,17
294.330000,78,22
294.335000,74,18
294.340000,74,18
294.345000,76,20
294.350000,73,17
294.355000,75,19
294.360000,75,19
294.365000,75,19
294.370000,74,18
294.375000,74,18
294.380000,75,19
294.385000,73,17
294.390000,76,20
294.395000,75,19
294.400000,74,18
294.405000,74,18
294.410000,73,17
294.415000,76,20
294.420000,76,20
294.425000,73,17
294.430000,74,18
294.435000,75,19
294.440000,74,18
294.445000,75,19
294.450000,76,20
294.455000,75,19
294.460000,73,17
294.465000,74,18
294.470000,75,19
294.475000,74,18
294.480000,76,20
294.485000,75,19
294.490000,73,17
294.495000,75,19
294.500000,73,17
294.505000,75,19
294.510000,76,20
294.515000,74,18
294.520000,75,19
294.525000,73,17
294.530000,75,19
294.535000,74,18
294.540000,76,20
294.545000,74,18
294.550000,74,18
294.555000,76,20
294.560000,73,17
294.565000,73,17
294.570000,77,21
294.575000,75,19
294.580000,74,18
294.585000,73,17
294.590000,75,19
294.595000,75,19
294.600000,75,19
294.605000,74,18
294.610000,74,18
294.615000,75,19
294.620000,74,18
294.625000,74,18
294.630000,76,20
294.635000,75,19
294.640000,73,17
294.645000,75,19
294.650000,73,17
294.655000,74,19
294.660000,76,21
294.665000,72,17
294.670000,73,18
294.675000,73,18
294.680000,75,20
294.685000,72,17
294.690000,74,19
294.695000,75,20
294.700000,73,18
294.705000,73,18
294.710000,72,17
294.715000,74,19
294.720000,76,21
294.725000,72,17
294.730000,74,19
294.735000,73,18
294.740000,73,18
294.745000,73,18
294.750000,75,20
294.755000,74,19
294.760000,73,18
294.765000,73,18
294.770000,73,18
294.775000,73,18
294.780000,76,21
294.785000,73,18
294.790000,72,17
294.795000,74,19
294.800000,74,19
294.805000,74,19
294.810000,74,19
294.815000,74,18
294.820000,77,20
294.825000,74,17
294.830000,75,18
294.835000,77,20
294.840000,77,20
294.845000,75,18
294.850000,74,17
294.855000,77,20
294.860000,74,18
294.865000,74,18
294.870000,77,21
294.875000,74,18
294.880000,75,18
294.885000,73,16
294.890000,74,17
294.895000,75,18
294.900000,76,19
294.905000,75,18
294.910000,74,17
294.915000,74,17
294.920000,75,18
294.925000,74,17
294.930000,75,18
294.935000,73,17
294.940000,75,19
294.945000,73,17
294.950000,72,16
294.955000,73,17
294.960000,76,20
294.965000,72,16
294.970000,74,18
294.975000,74,18
294.980000,73,17
294.985000,74,18
294.990000,75,19
294.995000,75,19
295.000000,73,17
295.005000,73,17
295.010000,73,17
295.015000,74,18
295.020000,78,21
295.025000,72,15
295.030000,73,16
295.035000,73,16
295.040000,73,16
295.045000,77,20
295.050000,74,17
295.055000,72,15
295.060000,73,16
295.065000,74,17
295.070000,75,18
295.075000,75,18
295.080000,76,19
295.085000,72,15
295.090000,72,15
295.095000,74,17
295.100000,75,18
295.105000,73,16
295.110000,74,17
295.115000,73,16
295.120000,74,17
295.125000,74,17
295.130000,74,17
295.135000,73,16
295.140000,75,18
295.145000,73,16
295.150000,73,16
295.155000,75,18
295.160000,74,16
295.165000,72,14
295.170000,76,18
295.175000,72,14
295.180000,74,16
295.185000,74,16
295.190000,73,15
295.195000,74,16
295.200000,75,17
295.205000,74,16
295.210000,72,14
295.215000,74,16
295.220000,75,17
295.225000,72,14
295.230000,76,18
295.235000,73,15
295.240000,73,15
295.245000,74,16
295.250000,73,16
295.255000,73,16
295.260000,73,16
295.265000,72,15
295.270000,72,15
295.275000,74,16
295.280000,75,17
295.285000,73,15
295.290000,75,17
295.295000,74,16
295.300000,72,14
295.305000,75,17
295.310000,75,17
295.315000,73,15
295.320000,75,17
295.325000,74,16
295.330000,73,15
295.335000,73,15
295.340000,74,16
295.345000,75,17
295.350000,73,15
295.355000,74,16
295.360000,73,16
295.365000,73,16
295.370000,74,17
295.375000,75,18
295.380000,76,19
295.385000,73,16
295.390000,77,19
295.395000,76,18
295.400000,77,19
295.405000,77,19
295.410000,74,16
295.415000,77,19
295.420000,76,18
295.425000,77,19
295.430000,79,21
295.435000,75,17
295.440000,76,18
295.445000,75,17
295.450000,77,19
295.455000,77,19
295.460000,77,19
295.465000,77,19
295.470000,76,18
295.475000,75,17
295.480000,76,18
295.485000,78,20
295.490000,78,20
295.495000,75,17
295.500000,76,18
295.505000,76,18
295.510000,77,19
295.515000,77,19
295.520000,77,19
295.525000,76,18
295.530000,76,19
295.535000,76,19
295.540000,77,20
295.545000,76,19
295.550000,76,19
295.555000,78,21
295.560000,76,19
295.565000,75,18
295.570000,78,21
295.575000,75,18
295.580000,78,21
295.585000,76,19
295.590000,76,19
295.595000,76,19
295.600000,77,20
295.605000,77,20
295.610000,76,19
295.615000,76,19
295.620000,78,21
295.625000,78,21
295.630000,77,20
295.635000,76,19
295.640000,79,22
295.645000,76,19
295.650000,76,19
295.655000,77,20
295.660000,77,20
295.665000,75,18
295.670000,76,19
295.675000,77,20
295.680000,78,21
295.685000,77,19
295.690000,76,18
295.695000,77,19
295.700000,79,21
295.705000,77,19
295.710000,78,20
295.715000,77,19
295.720000,77,19
295.725000,77,19
295.730000,79,21
295.735000,76,18
295.740000,78,20
295.745000,77,19
295.750000,77,19
295.755000,77,19
295.760000,78,20
295.765000,78,19
295.770000,78,19
295.775000,78,19
295.780000,80,21
295.785000,77,17
295.790000,78,18
295.795000,78,18
295.800000,80,20
295.805000,78,18
295.810000,77,17
295.815000,78,18
295.820000,80,18
295.825000,79,17
295.830000,78,16
295.835000,78,16
295.840000,78,16
295.845000,77,15
295.850000,81,19
295.855000,78,16
295.860000,78,16
295.865000,77,15
295.870000,78,16
295.875000,79,17
295.880000,80,18
295.885000,78,16
295.890000,77,15
295.895000,76,14
295.900000,79,17
295.905000,78,16
295.910000,77,15
295.915000,76,14
295.920000,78,16
295.925000,79,17
295.930000,78,16
295.935000,76,14
295.940000,79,17
295.945000,76,14
295.950000,78,17
295.955000,79,18
295.960000,77,16
295.965000,77,16
295.970000,78,17
295.975000,78,17
295.980000,79,18
295.985000,77,16
295.990000,77,16
295.995000,76,15
296.000000,79,18
296.005000,79,18
296.010000,78,17
296.015000,76,15
296.020000,78,17
296.025000,78,17
296.030000,79,18
296.035000,77,16
296.040000,76,15
296.045000,78,17
296.050000,78,16
296.055000,81,19
296.060000,79,17
296.065000,77,15
296.070000,77,15
296.075000,79,17
296.080000,81,19
296.085000,77,15
296.090000,79,17
296.095000,79,17
296.100000,78,16
296.105000,79,17
296.110000,77,15
296.115000,80,18
296.120000,78,16
296.125000,79,17
296.130000,80,18
296.135000,78,16
296.140000,77,15
296.145000,77,15
296.150000,81,19
296.155000,80,18
296.160000,78,16
296.165000,78,16
296.170000,77,15
296.175000,79,17
296.180000,80,18
296.185000,79,17
296.190000,76,15
296.195000,78,17
296.200000,78,17
296.205000,78,17
296.210000,78,17
296.215000,77,16
296.220000,77,17
296.225000,76,16
296.230000,77,17
296.235000,78,18
296.240000,76,16
296.245000,75,15
296.250000,76,16
296.255000,79,19
296.260000,75,15
296.265000,77,17
296.270000,77,17
296.275000,77,17
296.280000,76,16
296.285000,75,15
296.290000,79,19
296.295000,75,15
296.300000,78,18
296.305000,77,17
296.310000,76,16
296.315000,76,16
296.320000,76,16
296.325000,78,18
296.330000,78,18
296.335000,76,16
296.340000,76,16
296.345000,76,16
296.350000,77,17
296.355000,76,16
296.360000,78,18
296.365000,76,16
296.370000,77,17
296.375000,77,17
296.380000,77,17
296.385000,75,15
296.390000,77,17
296.395000,79,19
296.400000,76,16
296.405000,77,17
296.410000,78,17
296.415000,76,15
296.420000,78,17
296.425000,78,17
296.430000,80,19
296.435000,76,15
296.440000,77,16
296.445000,79,18
296.450000,78,17
296.455000,77,16
296.460000,77,16
296.465000,78,17
296.470000,77,16
296.475000,79,18
296.480000,79,18
296.485000,76,15
296.490000,77,16
296.495000,77,16
296.500000,79,18
296.505000,78,17
296.510000,78,17
296.515000,77,16
296.520000,78,17
296.525000,77,16
296.530000,77,16
296.535000,79,18
296.540000,77,16
296.545000,79,18
296.550000,78,17
296.555000,78,17
296.560000,77,16
296.565000,77,16
296.570000,81,20
296.575000,78,17
296.580000,78,17
296.585000,76,15
296.590000,77,16
296.595000,78,17
296.600000,79,18
296.605000,80,19
296.610000,78,17
296.615000,77,16
296.620000,78,17
296.625000,78,17
296.630000,79,18
296.635000,78,16
296.640000,81,19
296.645000,78,16
296.650000,79,17
296.655000,79,17
296.660000,79,17
296.665000,78,16
296.670000,79,17
296.675000,81,19
296.680000,79,18
296.685000,78,17
296.690000,79,18
296.695000,80,19
296.700000,79,18
296.705000,79,18
296.710000,80,19
296.715000,78,17
296.720000,81,20
296.725000,78,17
296.730000,80,19
296.735000,79,18
296.740000,79,18
296.745000,83,22
296.750000,80,19
296.755000,80,19
296.760000,80,19
296.765000,80,19
296.770000,80,19
296.775000,79,18
296.780000,83,22
296.785000,79,18
296.790000,80,19
296.795000,79,18
296.800000,78,17
296.805000,79,18
296.810000,80,19
296.815000,80,19
296.820000,81,20
296.825000,78,17
296.830000,79,18
296.835000,79,18
296.840000,79,18
296.845000,79,18
296.850000,82,21
296.855000,80,19
296.860000,78,17
296.865000,78,17
296.870000,80,19
296.875000,79,18
296.880000,81,20
296.885000,80,19
296.890000,78,17
296.895000,80,19
296.900000,79,18
296.905000,79,18
296.910000,80,19
296.915000,79,18
296.920000,81,21
296.925000,78,18
296.930000,80,20
296.935000,79,19
296.940000,80,20
296.945000,79,19
296.950000,77,18
296.955000,81,22
296.960000,78,19
296.965000,77,18
296.970000,80,21
296.975000,78,19
296.980000,78,19
296.985000,77,18
296.990000,80,21
296.995000,79,20
297.000000,79,20
297.005000,78,19
297.010000,77,18
297.015000,78,19
297.020000,79,20
297.025000,79,20
297.030000,80,21
297.035000,78,19
297.040000,77,18
297.045000,78,19
297.050000,78,19
297.055000,79,20
297.060000,81,22
297.065000,77,18
297.070000,80,19
297.075000,80,19
297.080000,81,20
297.085000,79,18
297.090000,81,20
297.095000,83,22
297.100000,79,18
297.105000,80,19
297.110000,80,19
297.115000,80,19
297.120000,82,21
297.125000,80,19
297.130000,82,21
297.135000,80,19
297.140000,80,19
297.145000,80,19
297.150000,82,21
297.155000,80,19
297.160000,79,18
297.165000,81,20
297.170000,81,20
297.175000,81,20
297.180000,81,20
297.185000,79,18
297.190000,79,18
297.195000,82,21
297.200000,82,21
297.205000,79,18
297.210000,81,20
297.215000,80,19
297.220000,81,20
297.225000,79,18
297.230000,80,19
297.235000,82,21
297.240000,82,21
297.245000,80,19
297.250000,79,18
297.255000,80,19
297.260000,80,19
297.265000,80,19
297.270000,84,23
297.275000,80,19
297.280000,79,18
297.285000,80,19
297.290000,80,19
297.295000,81,20
297.300000,81,20
297.305000,81,20
297.310000,80,19
297.315000,80,19
297.320000,81,20
297.325000,79,18
297.330000,82,21
297.335000,80,19
297.340000,81,20
297.345000,80,19
297.350000,79,19
297.355000,80,20
297.360000,80,20
297.365000,78,18
297.370000,79,19
297.375000,82,22
297.380000,79,19
297.385000,78,18
297.390000,80,20
297.395000,82,21
297.400000,79,18
297.405000,79,18
297.410000,82,21
297.415000,81,20
297.420000,83,22
297.425000,80,19
297.430000,80,19
297.435000,83,21
297.440000,82,20
297.445000,84,22
297.450000,83,21
297.455000,84,21
297.460000,82,19
297.465000,82,19
297.470000,84,21
297.475000,84,21
297.480000,86,23
297.485000,82,19
297.490000,82,19
297.495000,85,22
297.500000,83,20
297.505000,82,19
297.510000,84,21
297.515000,86,23
297.520000,84,21
297.525000,82,19
297.530000,83,20
297.535000,84,21
297.540000,84,21
297.545000,83,20
297.550000,83,20
297.555000,85,22
297.560000,84,21
297.565000,83,20
297.570000,85,22
297.575000,84,21
297.580000,82,19
297.585000,83,20
297.590000,82,19
297.595000,87,24
297.600000,85,22
297.605000,82,19
297.610000,82,19
297.615000,84,21
297.620000,84,21
297.625000,83,20
297.630000,84,21
297.635000,85,22
297.640000,83,20
297.645000,83,20
297.650000,82,19
297.655000,86,23
297.660000,84,21
297.665000,82,19
297.670000,83,20
297.675000,84,22
297.680000,82,20
297.685000,82,20
297.690000,85,23
297.695000,83,21
297.700000,81,19
297.705000,82,20
297.710000,81,19
297.715000,84,22
297.720000,86,24
297.725000,82,20
297.730000,81,19
297.735000,83,21
297.740000,81,19
297.745000,83,21
297.750000,84,22
297.755000,83,21
297.760000,84,22
297.765000,82,20
297.770000,82,20
297.775000,84,22
297.780000,83,21
297.785000,82,20
297.790000,81,19
297.795000,85,24
297.800000,82,21
297.805000,81,20
297.810000,82,21
297.815000,82,21
297.820000,81,20
297.825000,80,19
297.830000,82,21
297.835000,83,22
297.840000,84,23
297.845000,83,22
297.850000,81,20
297.855000,82,21
297.860000,83,22
297.865000,82,21
297.870000,85,24
297.875000,84,23
297.880000,81,20
297.885000,81,20
297.890000,82,21
297.895000,85,24
297.900000,84,23
297.905000,83,22
297.910000,83,22
297.915000,83,22
297.920000,83,22
297.925000,82,21
297.930000,85,24
297.935000,84,23
297.940000,82,21
297.945000,83,22
297.950000,82,21
297.955000,82,21
297.960000,84,23
297.965000,83,22
297.970000,84,23
297.975000,83,22
297.980000,82,21
297.985000,82,21
297.990000,83,22
297.995000,84,23
298.000000,83,22
298.005000,82,22
298.010000,83,23
298.015000,84,24
298.020000,84,24
298.025000,82,22
298.030000,82,22
298.035000,83,23
298.040000,82,22
298.045000,84,24
298.050000,85,25
298.055000,83,23
298.060000,82,22
298.065000,82,22
298.070000,84,24
298.075000,84,24
298.080000,85,25
298.085000,83,23
298.090000,83,23
298.095000,84,24
298.100000,82,22
298.105000,83,23
298.110000,86,26
298.115000,83,23
298.120000,84,24
298.125000,83,23
298.130000,83,23
298.135000,82,22
298.140000,85,25
298.145000,85,25
298.150000,83,23
298.155000,83,23
298.160000,83,23
298.165000,82,22
298.170000,85,25
298.175000,84,24
298.180000,82,22
298.185000,83,23
298.190000,84,24
298.195000,83,23
298.200000,84,24
298.205000,84,24
298.210000,83,23
298.215000,82,22
298.220000,84,24
298.225000,83,23
298.230000,84,24
298.235000,82,22
298.240000,82,22
298.245000,82,22
298.250000,82,22
298.255000,81,21
298.260000,85,25
298.265000,82,22
298.270000,83,23
298.275000,82,22
298.280000,82,23
298.285000,81,22
298.290000,86,27
298.295000,84,25
298.300000,83,24
298.305000,81,22
298.310000,82,23
298.315000,82,23
298.320000,86,27
298.325000,83,24
298.330000,84,25
298.335000,82,23
298.340000,82,23
298.345000,83,24
298.350000,85,26
298.355000,82,23
298.360000,83,24
298.365000,83,24
298.370000,83,24
298.375000,82,23
298.380000,85,26
298.385000,82,23
298.390000,83,24
298.395000,82,24
298.400000,82,24
298.405000,81,23
298.410000,84,26
298.415000,81,23
298.420000,83,25
298.425000,81,23
298.430000,82,24
298.435000,82,24
298.440000,84,26
298.445000,82,24
298.450000,82,24
298.455000,81,23
298.460000,81,23
298.465000,82,24
298.470000,86,28
298.475000,81,23
298.480000,82,24
298.485000,81,23
298.490000,81,23
298.495000,83,24
298.500000,84,26
298.505000,82,24
298.510000,82,24
298.515000,81,23
298.520000,82,24
298.525000,81,23
298.530000,84,26
298.535000,81,23
298.540000,83,25
298.545000,82,24
298.550000,81,23
298.555000,81,23
298.560000,83,26
298.565000,80,23
298.570000,82,25
298.575000,81,24
298.580000,80,23
298.585000,80,23
298.590000,83,26
298.595000,81,24
298.600000,81,24
298.605000,79,22
298.610000,80,23
298.615000,78,22
298.620000,82,26
298.625000,78,22
298.630000,79,23
298.635000,78,22
298.640000,78,22
298.645000,80,24
298.650000,81,25
298.655000,78,22
298.660000,79,23
298.665000,78,22
298.670000,79,23
298.675000,78,22
298.680000,82,26
298.685000,78,22
298.690000,79,23
298.695000,79,23
298.700000,78,22
298.705000,78,22
298.710000,81,26
298.715000,79,24
298.720000,80,24
298.725000,78,22
298.730000,78,22
298.735000,78,22
298.740000,81,25
298.745000,79,23
298.750000,80,24
298.755000,78,22
298.760000,78,22
298.765000,78,22
298.770000,82,26
298.775000,78,22
298.780000,79,23
298.785000,79,23
298.790000,78,22
298.795000,79,23
298.800000,81,25
298.805000,78,22
298.810000,79,23
298.815000,78,22
298.820000,80,24
298.825000,78,22
298.830000,81,25
298.835000,78,22
298.840000,79,24
298.845000,79,24
298.850000,78,23
298.855000,79,24
298.860000,81,26
298.865000,78,23
298.870000,80,25
298.875000,78,23
298.880000,78,23
298.885000,78,23
298.890000,82,27
298.895000,79,24
298.900000,79,24
298.905000,78,23
298.910000,78,23
298.915000,78,23
298.920000,82,27
298.925000,79,24
298.930000,79,24
298.935000,78,23
298.940000,78,23
298.945000,79,24
298.950000,80,25
298.955000,77,22
298.960000,79,24
298.965000,78,22
298.970000,79,23
298.975000,80,24
298.980000,81,25
298.985000,78,22
298.990000,78,22
298.995000,80,24
299.000000,79,23
299.005000,81,25
299.010000,82,26
299.015000,79,23
299.020000,80,24
299.025000,79,23
299.030000,80,24
299.035000,81,25
299.040000,82,26
299.045000,80,24
299.050000,79,23
299.055000,79,23
299.060000,80,24
299.065000,81,25
299.070000,83,27
299.075000,79,23
299.080000,79,23
299.085000,79,23
299.090000,80,24
299.095000,82,27
299.100000,82,27
299.105000,79,24
299.110000,79,24
299.115000,79,24
299.120000,81,26
299.125000,79,25
299.130000,80,26
299.135000,77,23
299.140000,77,23
299.145000,78,24
299.150000,79,25
299.155000,78,24
299.160000,80,26
299.165000,77,23
299.170000,78,24
299.175000,78,24
299.180000,78,24
299.185000,77,23
299.190000,81,27
299.195000,79,25
299.200000,77,23
299.205000,78,24
299.210000,77,23
299.215000,77,23
299.220000,82,28
299.225000,78,24
299.230000,78,24
299.235000,78,24
299.240000,77,23
299.245000,78,24
299.250000,82,28
299.255000,77,23
299.260000,77,24
299.265000,76,23
299.270000,77,24
299.275000,77,24
299.280000,81,28
299.285000,77,24
299.290000,77,24
299.295000,77,24
299.300000,76,23
299.305000,77,24
299.310000,80,27
299.315000,77,24
299.320000,77,24
299.325000,76,24
299.330000,76,24
299.335000,77,25
299.340000,81,29
299.345000,77,25
299.350000,75,23
299.355000,75,23
299.360000,75,23
299.365000,77,25
299.370000,81,29
299.375000,76,24
299.380000,76,24
299.385000,75,23
299.390000,75,23
299.395000,77,26
299.400000,78,27
299.405000,73,23
299.410000,74,24
299.415000,74,24
299.420000,75,25
299.425000,74,24
299.430000,77,27
299.435000,73,23
299.440000,73,23
299.445000,76,26
299.450000,74,24
299.455000,74,24
299.460000,77,27
299.465000,73,23
299.470000,75,25
299.475000,73,23
299.480000,74,24
299.485000,75,25
299.490000,77,27
299.495000,75,25
299.500000,73,23
299.505000,74,23
299.510000,74,23
299.515000,76,25
299.520000,81,30
299.525000,74,23
299.530000,74,23
299.535000,74,23
299.540000,74,23
299.545000,77,26
299.550000,79,28
299.555000,75,24
299.560000,74,23
299.565000,74,23
299.570000,76,25
299.575000,75,24
299.580000,78,27
299.585000,75,23
299.590000,75,23
299.595000,76,24
299.600000,74,22
299.605000,75,23
299.610000,78,26
299.615000,74,22
299.620000,77,25
299.625000,75,23
299.630000,74,22
299.635000,75,23
299.640000,78,26
299.645000,76,24
299.650000,74,22
299.655000,75,23
299.660000,75,23
299.665000,75,23
299.670000,80,28
299.675000,74,22
299.680000,74,22
299.685000,74,22
299.690000,75,23
299.695000,78,26
299.700000,78,26
299.705000,74,22
299.710000,74,22
299.715000,74,22
299.720000,76,24
299.725000,76,24
299.730000,79,27
299.735000,75,22
299.740000,75,22
299.745000,77,24
299.750000,75,22
299.755000,76,23
299.760000,80,27
299.765000,76,23
299.770000,77,24
299.775000,75,22
299.780000,75,22
299.785000,76,23
299.790000,79,26
299.795000,78,25
299.800000,76,23
299.805000,75,22
299.810000,75,22
299.815000,76,23
299.820000,81,28
299.825000,74,22
299.830000,75,23
299.835000,75,23
299.840000,74,22
299.845000,77,25
299.850000,78,26
299.855000,73,21
299.860000,73,21
299.865000,74,22
299.870000,76,24
299.875000,74,22
299.880000,77,25
299.885000,73,21
299.890000,73,21
299.895000,75,23
299.900000,74,22
299.905000,75,23
299.910000,77,25
299.915000,73,22
299.920000,75,24
299.925000,73,22
299.930000,73,22
299.935000,75,24
299.940000,77,26
299.945000,75,24
299.950000,73,22
299.955000,73,22
299.960000,73,22
299.965000,75,24
299.970000,79,28
299.975000,73,22
299.980000,72,22
299.985000,72,22
299.990000,73,22
299.995000,77,26
300.000000,76,25
