time,T_dna,T_res
205.010000,-9.31003073e+01,-6.16850784e+01
205.015000,-9.31007762e+01,-6.16855470e+01
205.020000,-9.31012293e+01,-6.16860003e+01
205.025000,-9.31016703e+01,-6.16864415e+01
205.030000,-9.31021013e+01,-6.16868724e+01
205.035000,-9.31025193e+01,-6.16872903e+01
205.040000,-9.31029722e+01,-6.16877433e+01
205.045000,-9.31036492e+01,-6.16884204e+01
205.050000,-9.31049400e+01,-6.16897115e+01
205.055000,-9.31074100e+01,-6.16921817e+01
205.060000,-9.31117184e+01,-6.16964905e+01
205.065000,-9.31185376e+01,-6.17033101e+01
205.070000,-9.31284997e+01,-6.17132727e+01
205.075000,-9.31421678e+01,-6.17269414e+01
205.080000,-9.31600194e+01,-6.17447936e+01
205.085000,-9.31824343e+01,-6.17672090e+01
205.090000,-9.32096898e+01,-6.17944650e+01
205.095000,-9.32419643e+01,-6.18267401e+01
205.100000,-9.32793474e+01,-6.18641236e+01
205.105000,-9.33218525e+01,-6.19066292e+01
205.110000,-9.33694289e+01,-6.19542060e+01
205.115000,-9.34219718e+01,-6.20067493e+01
205.120000,-9.34793323e+01,-6.20641100e+01
205.125000,-9.35413264e+01,-6.21261042e+01
205.130000,-9.36077438e+01,-6.21925217e+01
205.135000,-9.36783555e+01,-6.22631335e+01
205.140000,-9.37529199e+01,-6.23376979e+01
205.145000,-9.38311877e+01,-6.24159656e+01
205.150000,-9.39129059e+01,-6.24976836e+01
205.155000,-9.39978211e+01,-6.25825986e+01
205.160000,-9.40856831e+01,-6.26704603e+01
205.165000,-9.41762470e+01,-6.27610238e+01
205.170000,-9.42692745e+01,-6.28540509e+01
205.175000,-9.43645359e+01,-6.29493118e+01
205.180000,-9.44618104e+01,-6.30465859e+01
205.185000,-9.45608869e+01,-6.31456618e+01
205.190000,-9.46615644e+01,-6.32463387e+01
205.195000,-9.47636520e+01,-6.33484257e+01
205.200000,-9.48669691e+01,-6.34517420e+01
205.205000,-9.49713450e+01,-6.35561173e+01
205.210000,-9.50766192e+01,-6.36613908e+01
205.215000,-9.51826406e+01,-6.37674114e+01
205.220000,-9.52892674e+01,-6.38740374e+01
205.225000,-9.53963667e+01,-6.39811359e+01
205.230000,-9.55038144e+01,-6.40885828e+01
205.235000,-9.56114946e+01,-6.41962621e+01
205.240000,-9.57192996e+01,-6.43040662e+01
205.245000,-9.58271291e+01,-6.44118949e+01
205.250000,-9.59348907e+01,-6.45196555e+01
205.255000,-9.60424984e+01,-6.46272623e+01
205.260000,-9.61498731e+01,-6.47346361e+01
205.265000,-9.62569414e+01,-6.48417035e+01
205.270000,-9.63636360e+01,-6.49483971e+01
205.275000,-9.64698944e+01,-6.50546546e+01
205.280000,-9.65756598e+01,-6.51604191e+01
205.285000,-9.66808798e+01,-6.52656381e+01
205.290000,-9.67855069e+01,-6.53702642e+01
205.295000,-9.68894976e+01,-6.54742540e+01
205.300000,-9.69928127e+01,-6.55775682e+01
205.305000,-9.70954166e+01,-6.56801711e+01
205.310000,-9.71972772e+01,-6.57820308e+01
205.315000,-9.72983659e+01,-6.58831186e+01
205.320000,-9.73986571e+01,-6.59834088e+01
205.325000,-9.74981278e+01,-6.60828785e+01
205.330000,-9.75967576e+01,-6.61815075e+01
205.335000,-9.76945285e+01,-6.62792774e+01
205.340000,-9.77914244e+01,-6.63761724e+01
205.345000,-9.78874313e+01,-6.64721784e+01
205.350000,-9.79825369e+01,-6.65672830e+01
205.355000,-9.80767307e+01,-6.66614759e+01
205.360000,-9.81700038e+01,-6.67547482e+01
205.365000,-9.82623490e+01,-6.68470925e+01
205.370000,-9.83537605e+01,-6.69385030e+01
205.375000,-9.84442338e+01,-6.70289754e+01
205.380000,-9.85337658e+01,-6.71185066e+01
205.385000,-9.86223548e+01,-6.72070948e+01
205.390000,-9.87099999e+01,-6.72947390e+01
205.395000,-9.87967012e+01,-6.73814395e+01
205.400000,-9.88824597e+01,-6.74671971e+01
205.405000,-9.89672768e+01,-6.75520134e+01
205.410000,-9.90511550e+01,-6.76358908e+01
205.415000,-9.91340971e+01,-6.77188320e+01
205.420000,-9.92161065e+01,-6.78008406e+01
205.425000,-9.92971872e+01,-6.78819205e+01
205.430000,-9.93773438e+01,-6.79620764e+01
205.435000,-9.94565814e+01,-6.80413132e+01
205.440000,-9.95349057e+01,-6.81196366e+01
205.445000,-9.96123224e+01,-6.81970526e+01
205.450000,-9.96888379e+01,-6.82735673e+01
205.455000,-9.97644586e+01,-6.83491873e+01
205.460000,-9.98391913e+01,-6.84239192e+01
205.465000,-9.99130424e+01,-6.84977696e+01
205.470000,-9.99860189e+01,-6.85707454e+01
205.475000,-1.00058128e+02,-6.86428533e+01
205.480000,-1.00129376e+02,-6.87141007e+01
205.485000,-1.00199771e+02,-6.87844950e+01
205.490000,-1.00269320e+02,-6.88540441e+01
205.495000,-1.00338033e+02,-6.89227559e+01
205.500000,-1.00405917e+02,-6.89906390e+01
205.505000,-1.00472980e+02,-6.90577020e+01
205.510000,-1.00539233e+02,-6.91239535e+01
205.515000,-1.00604682e+02,-6.91894025e+01
205.520000,-1.00669338e+02,-6.92540579e+01
205.525000,-1.00733210e+02,-6.93179287e+01
205.530000,-1.00796306e+02,-6.93810240e+01
205.535000,-1.00858635e+02,-6.94433527e+01
205.540000,-1.00920207e+02,-6.95049238e+01
205.545000,-1.00981030e+02,-6.95657463e+01
205.550000,-1.01041113e+02,-6.96258288e+01
205.555000,-1.01100465e+02,-6.96851801e+01
205.560000,-1.01159094e+02,-6.97438089e+01
205.565000,-1.01217010e+02,-6.98017239e+01
205.570000,-1.01274220e+02,-6.98589336e+01
205.575000,-1.01330733e+02,-6.99154465e+01
205.580000,-1.01386559e+02,-6.99712711e+01
205.585000,-1.01441704e+02,-7.00264159e+01
205.590000,-1.01496178e+02,-7.00808892e+01
205.595000,-1.01549988e+02,-7.01346994e+01
205.600000,-1.01603144e+02,-7.01878547e+01
205.605000,-1.01655654e+02,-7.02403634e+01
205.610000,-1.01707524e+02,-7.02922336e+01
205.615000,-1.01758765e+02,-7.03434734e+01
205.620000,-1.01809382e+02,-7.03940907e+01
205.625000,-1.01859386e+02,-7.04440933e+01
205.630000,-1.01908782e+02,-7.04934892e+01
205.635000,-1.01957579e+02,-7.05422860e+01
205.640000,-1.02005785e+02,-7.05904915e+01
205.645000,-1.02053407e+02,-7.06381131e+01
205.650000,-1.02100453e+02,-7.06851585e+01
205.655000,-1.02146930e+02,-7.07316350e+01
205.660000,-1.02192846e+02,-7.07775502e+01
205.665000,-1.02238207e+02,-7.08229112e+01
205.670000,-1.02283022e+02,-7.08677254e+01
205.675000,-1.02327297e+02,-7.09119998e+01
205.680000,-1.02371039e+02,-7.09557414e+01
205.685000,-1.02414255e+02,-7.09989570e+01
205.690000,-1.02456951e+02,-7.10416533e+01
205.695000,-1.02499136e+02,-7.10838369e+01
205.700000,-1.02540813e+02,-7.11255144e+01
205.705000,-1.02581992e+02,-7.11666921e+01
205.710000,-1.02622676e+02,-7.12073761e+01
205.715000,-1.02662873e+02,-7.12475727e+01
205.720000,-1.02702589e+02,-7.12872879e+01
205.725000,-1.02741829e+02,-7.13265280e+01
205.730000,-1.02780601e+02,-7.13652993e+01
205.735000,-1.02818910e+02,-7.14036078e+01
205.740000,-1.02856762e+02,-7.14414598e+01
205.745000,-1.02894164e+02,-7.14788615e+01
205.750000,-1.02931122e+02,-7.15158189e+01
205.755000,-1.02967641e+02,-7.15523382e+01
205.760000,-1.03003729e+02,-7.15884252e+01
205.765000,-1.03039390e+02,-7.16240860e+01
205.770000,-1.03074631e+02,-7.16593263e+01
205.775000,-1.03109457e+02,-7.16941519e+01
205.780000,-1.03143874e+02,-7.17285687e+01
205.785000,-1.03177888e+02,-7.17625824e+01
205.790000,-1.03211504e+02,-7.17961988e+01
205.795000,-1.03244729e+02,-7.18294233e+01
205.800000,-1.03277568e+02,-7.18622615e+01
205.805000,-1.03310025e+02,-7.18947186e+01
205.810000,-1.03342107e+02,-7.19268001e+01
205.815000,-1.03373818e+02,-7.19585109e+01
205.820000,-1.03405164e+02,-7.19898564e+01
205.825000,-1.03436149e+02,-7.20208416e+01
205.830000,-1.03466780e+02,-7.20514715e+01
205.835000,-1.03497060e+02,-7.20817511e+01
205.840000,-1.03526994e+02,-7.21116851e+01
205.845000,-1.03556587e+02,-7.21412782e+01
205.850000,-1.03585844e+02,-7.21705348e+01
205.855000,-1.03614769e+02,-7.21994590e+01
205.860000,-1.03643365e+02,-7.22280550e+01
205.865000,-1.03671637e+02,-7.22563266e+01
205.870000,-1.03699588e+02,-7.22842779e+01
205.875000,-1.03727223e+02,-7.23119124e+01
205.880000,-1.03754545e+02,-7.23392340e+01
205.885000,-1.03781557e+02,-7.23662461e+01
205.890000,-1.03808264e+02,-7.23929525e+01
205.895000,-1.03834668e+02,-7.24193565e+01
205.900000,-1.03860774e+02,-7.24454616e+01
205.905000,-1.03886584e+02,-7.24712713e+01
205.910000,-1.03912101e+02,-7.24967887e+01
205.915000,-1.03937330e+02,-7.25220173e+01
205.920000,-1.03962273e+02,-7.25469604e+01
205.925000,-1.03986935e+02,-7.25716214e+01
205.930000,-1.04011317e+02,-7.25960037e+01
205.935000,-1.04035424e+02,-7.26201106e+01
205.940000,-1.04059259e+02,-7.26439451e+01
205.945000,-1.04082825e+02,-7.26675106e+01
205.950000,-1.04106124e+02,-7.26908100e+01
205.955000,-1.04129161e+02,-7.27138466e+01
205.960000,-1.04151939e+02,-7.27366236e+01
205.965000,-1.04174460e+02,-7.27591443e+01
205.970000,-1.04196728e+02,-7.27814122e+01
205.975000,-1.04218746e+02,-7.28034307e+01
205.980000,-1.04240519e+02,-7.28252035e+01
205.985000,-1.04262050e+02,-7.28467341e+01
205.990000,-1.04283342e+02,-7.28680261e+01
205.995000,-1.04304399e+02,-7.28890830e+01
206.000000,-1.04325225e+02,-7.29099080e+01
206.005000,-1.04345821e+02,-7.29305044e+01
206.010000,-1.04366192e+02,-7.29508752e+01
206.015000,-1.04386340e+02,-7.29710231e+01
206.020000,-1.04406268e+02,-7.29909510e+01
206.025000,-1.04425979e+02,-7.30106615e+01
206.030000,-1.04445475e+02,-7.30301570e+01
206.035000,-1.04464758e+02,-7.30494400e+01
206.040000,-1.04483831e+02,-7.30685129e+01
206.045000,-1.04502697e+02,-7.30873781e+01
206.050000,-1.04521357e+02,-7.31060380e+01
206.055000,-1.04539813e+02,-7.31244947e+01
206.060000,-1.04558069e+02,-7.31427506e+01
206.065000,-1.04576127e+02,-7.31608079e+01
206.070000,-1.04593988e+02,-7.31786689e+01
206.075000,-1.04611655e+02,-7.31963358e+01
206.080000,-1.04629130e+02,-7.32138108e+01
206.085000,-1.04646416e+02,-7.32310961e+01
206.090000,-1.04663514e+02,-7.32481936e+01
206.095000,-1.04680426e+02,-7.32651056e+01
206.100000,-1.04697154e+02,-7.32818340e+01
206.105000,-1.04713701e+02,-7.32983810e+01
206.110000,-1.04730069e+02,-7.33147483e+01
206.115000,-1.04746259e+02,-7.33309381e+01
206.120000,-1.04762273e+02,-7.33469522e+01
206.125000,-1.04778114e+02,-7.33627926e+01
206.130000,-1.04793783e+02,-7.33784615e+01
206.135000,-1.04809282e+02,-7.33939609e+01
206.140000,-1.04824615e+02,-7.34092931e+01
206.145000,-1.04839782e+02,-7.34244601e+01
206.150000,-1.04854786e+02,-7.34394642e+01
206.155000,-1.04869630e+02,-7.34543077e+01
206.160000,-1.04884315e+02,-7.34689929e+01
206.165000,-1.04898844e+02,-7.34835218e+01
206.170000,-1.04913219e+02,-7.34978968e+01
206.175000,-1.04927443e+02,-7.35121200e+01
206.180000,-1.04941516e+02,-7.35261933e+01
206.185000,-1.04955442e+02,-7.35401188e+01
206.190000,-1.04969221e+02,-7.35538984e+01
206.195000,-1.04982857e+02,-7.35675338e+01
206.200000,-1.04996350e+02,-7.35810270e+01
206.205000,-1.05009703e+02,-7.35943796e+01
206.210000,-1.05022917e+02,-7.36075933e+01
206.215000,-1.05035993e+02,-7.36206698e+01
206.220000,-1.05048935e+02,-7.36336108e+01
206.225000,-1.05061742e+02,-7.36464178e+01
206.230000,-1.05074416e+02,-7.36590921e+01
206.235000,-1.05086959e+02,-7.36716350e+01
206.240000,-1.05099372e+02,-7.36840478e+01
206.245000,-1.05111656e+02,-7.36963317e+01
206.250000,-1.05123812e+02,-7.37084878e+01
206.255000,-1.05135842e+02,-7.37205173e+01
206.260000,-1.05147746e+02,-7.37324212e+01
206.265000,-1.05159525e+02,-7.37442005e+01
206.270000,-1.05171181e+02,-7.37558563e+01
206.275000,-1.05182714e+02,-7.37673893e+01
206.280000,-1.05194126e+02,-7.37788006e+01
206.285000,-1.05205416e+02,-7.37900909e+01
206.290000,-1.05216587e+02,-7.38012613e+01
206.295000,-1.05227639e+02,-7.38123131e+01
206.300000,-1.05238573e+02,-7.38232478e+01
206.305000,-1.05249393e+02,-7.38340670e+01
206.310000,-1.05260098e+02,-7.38447725e+01
206.315000,-1.05270692e+02,-7.38553661e+01
206.320000,-1.05281176e+02,-7.38658497e+01
206.325000,-1.05291551e+02,-7.38762252e+01
206.330000,-1.05301821e+02,-7.38864947e+01
206.335000,-1.05311986e+02,-7.38966600e+01
206.340000,-1.05322049e+02,-7.39067229e+01
206.345000,-1.05332011e+02,-7.39166848e+01
206.350000,-1.05341874e+02,-7.39265471e+01
206.355000,-1.05351638e+02,-7.39363109e+01
206.360000,-1.05361304e+02,-7.39459771e+01
206.365000,-1.05370873e+02,-7.39555465e+01
206.370000,-1.05380347e+02,-7.39650198e+01
206.375000,-1.05389725e+02,-7.39743977e+01
206.380000,-1.05399008e+02,-7.39836809e+01
206.385000,-1.05408197e+02,-7.39928699e+01
206.390000,-1.05417293e+02,-7.40019654e+01
206.395000,-1.05426295e+02,-7.40109680e+01
206.400000,-1.05435206e+02,-7.40198784e+01
206.405000,-1.05444025e+02,-7.40286970e+01
206.410000,-1.05452752e+02,-7.40374246e+01
206.415000,-1.05461390e+02,-7.40460618e+01
206.420000,-1.05469937e+02,-7.40546090e+01
206.425000,-1.05478395e+02,-7.40630669e+01
206.430000,-1.05486764e+02,-7.40714358e+01
206.435000,-1.05495044e+02,-7.40797160e+01
206.440000,-1.05503236e+02,-7.40879083e+01
206.445000,-1.05511341e+02,-7.40960129e+01
206.450000,-1.05519359e+02,-7.41040306e+01
206.455000,-1.05527290e+02,-7.41119619e+01
206.460000,-1.05535136e+02,-7.41198077e+01
206.465000,-1.05542897e+02,-7.41275689e+01
206.470000,-1.05550575e+02,-7.41352465e+01
206.475000,-1.05558170e+02,-7.41428417e+01
206.480000,-1.05565685e+02,-7.41503561e+01
206.485000,-1.05573120e+02,-7.41577910e+01
206.490000,-1.05580477e+02,-7.41651483e+01
206.495000,-1.05587758e+02,-7.41724295e+01
206.500000,-1.05594965e+02,-7.41796362e+01
206.505000,-1.05602099e+02,-7.41867700e+01
206.510000,-1.05609161e+02,-7.41938321e+01
206.515000,-1.05616153e+02,-7.42008238e+01
206.520000,-1.05623075e+02,-7.42077460e+01
206.525000,-1.05629929e+02,-7.42145998e+01
206.530000,-1.05636716e+02,-7.42213862e+01
206.535000,-1.05643436e+02,-7.42281061e+01
206.540000,-1.05650090e+02,-7.42347602e+01
206.545000,-1.05656679e+02,-7.42413494e+01
206.550000,-1.05663204e+02,-7.42478743e+01
206.555000,-1.05669665e+02,-7.42543356e+01
206.560000,-1.05676063e+02,-7.42607337e+01
206.565000,-1.05682399e+02,-7.42670691e+01
206.570000,-1.05688672e+02,-7.42733421e+01
206.575000,-1.05694883e+02,-7.42795533e+01
206.580000,-1.05701033e+02,-7.42857030e+01
206.585000,-1.05707122e+02,-7.42917916e+01
206.590000,-1.05713150e+02,-7.42978197e+01
206.595000,-1.05719118e+02,-7.43037876e+01
206.600000,-1.05725026e+02,-7.43096958e+01
206.605000,-1.05730875e+02,-7.43155445e+01
206.610000,-1.05736664e+02,-7.43213340e+01
206.615000,-1.05742395e+02,-7.43270647e+01
206.620000,-1.05748067e+02,-7.43327369e+01
206.625000,-1.05753682e+02,-7.43383513e+01
206.630000,-1.05759239e+02,-7.43439083e+01
206.635000,-1.05764739e+02,-7.43494086e+01
206.640000,-1.05770184e+02,-7.43548530e+01
206.645000,-1.05775573e+02,-7.43602422e+01
206.650000,-1.05780908e+02,-7.43655767e+01
206.655000,-1.05786188e+02,-7.43708574e+01
206.660000,-1.05791416e+02,-7.43760850e+01
206.665000,-1.05796591e+02,-7.43812603e+01
206.670000,-1.05801715e+02,-7.43863840e+01
206.675000,-1.05806788e+02,-7.43914571e+01
206.680000,-1.05811811e+02,-7.43964803e+01
206.685000,-1.05816786e+02,-7.44014545e+01
206.690000,-1.05821712e+02,-7.44063804e+01
206.695000,-1.05826590e+02,-7.44112585e+01
206.700000,-1.05831420e+02,-7.44160891e+01
206.705000,-1.05836204e+02,-7.44208726e+01
206.710000,-1.05840940e+02,-7.44256091e+01
206.715000,-1.05845630e+02,-7.44302987e+01
206.720000,-1.05850273e+02,-7.44349417e+01
206.725000,-1.05854870e+02,-7.44395382e+01
206.730000,-1.05859420e+02,-7.44440881e+01
206.735000,-1.05863923e+02,-7.44485917e+01
206.740000,-1.05868381e+02,-7.44530489e+01
206.745000,-1.05872792e+02,-7.44574598e+01
206.750000,-1.05877156e+02,-7.44618243e+01
206.755000,-1.05881474e+02,-7.44661423e+01
206.760000,-1.05885745e+02,-7.44704135e+01
206.765000,-1.05889970e+02,-7.44746378e+01
206.770000,-1.05894147e+02,-7.44788153e+01
206.775000,-1.05898278e+02,-7.44829460e+01
206.780000,-1.05902362e+02,-7.44870300e+01
206.785000,-1.05906400e+02,-7.44910675e+01
206.790000,-1.05910391e+02,-7.44950587e+01
206.795000,-1.05914336e+02,-7.44990039e+01
206.800000,-1.05918236e+02,-7.45029035e+01
206.805000,-1.05922090e+02,-7.45067576e+01
206.810000,-1.05925899e+02,-7.45105668e+01
206.815000,-1.05929664e+02,-7.45143315e+01
206.820000,-1.05933384e+02,-7.45180522e+01
206.825000,-1.05937062e+02,-7.45217296e+01
206.830000,-1.05940697e+02,-7.45253645e+01
206.835000,-1.05944290e+02,-7.45289576e+01
206.840000,-1.05947842e+02,-7.45325098e+01
206.845000,-1.05951354e+02,-7.45360219e+01
206.850000,-1.05954827e+02,-7.45394949e+01
206.855000,-1.05958262e+02,-7.45429299e+01
206.860000,-1.05961660e+02,-7.45463276e+01
206.865000,-1.05965022e+02,-7.45496891e+01
206.870000,-1.05968348e+02,-7.45530150e+01
206.875000,-1.05971639e+02,-7.45563062e+01
206.880000,-1.05974896e+02,-7.45595632e+01
206.885000,-1.05978119e+02,-7.45627867e+01
206.890000,-1.05981310e+02,-7.45659772e+01
206.895000,-1.05984468e+02,-7.45691351e+01
206.900000,-1.05987594e+02,-7.45722610e+01
206.905000,-1.05990688e+02,-7.45753553e+01
206.910000,-1.05993751e+02,-7.45784184e+01
206.915000,-1.05996784e+02,-7.45814510e+01
206.920000,-1.05999786e+02,-7.45844534e+01
206.925000,-1.06002759e+02,-7.45874262e+01
206.930000,-1.06005703e+02,-7.45903700e+01
206.935000,-1.06008618e+02,-7.45932851e+01
206.940000,-1.06011505e+02,-7.45961721e+01
206.945000,-1.06014364e+02,-7.45990311e+01
206.950000,-1.06017195e+02,-7.46018624e+01
206.955000,-1.06019999e+02,-7.46046659e+01
206.960000,-1.06022775e+02,-7.46074418e+01
206.965000,-1.06025523e+02,-7.46101900e+01
206.970000,-1.06028244e+02,-7.46129106e+01
206.975000,-1.06030937e+02,-7.46156037e+01
206.980000,-1.06033602e+02,-7.46182691e+01
206.985000,-1.06036240e+02,-7.46209068e+01
206.990000,-1.06038850e+02,-7.46235168e+01
206.995000,-1.06041432e+02,-7.46260991e+01
207.000000,-1.06043987e+02,-7.46286539e+01
207.005000,-1.06046515e+02,-7.46311815e+01
207.010000,-1.06049016e+02,-7.46336822e+01
207.015000,-1.06051490e+02,-7.46361565e+01
207.020000,-1.06053938e+02,-7.46386050e+01
207.025000,-1.06056362e+02,-7.46410281e+01
207.030000,-1.06058760e+02,-7.46434261e+01
207.035000,-1.06061133e+02,-7.46457993e+01
207.040000,-1.06063481e+02,-7.46481477e+01
207.045000,-1.06065805e+02,-7.46504715e+01
207.050000,-1.06068104e+02,-7.46527704e+01
207.055000,-1.06070378e+02,-7.46550445e+01
207.060000,-1.06072627e+02,-7.46572934e+01
207.065000,-1.06074851e+02,-7.46595172e+01
207.070000,-1.06077049e+02,-7.46617156e+01
207.075000,-1.06079222e+02,-7.46638883e+01
207.080000,-1.06081369e+02,-7.46660351e+01
207.085000,-1.06083490e+02,-7.46681558e+01
207.090000,-1.06085584e+02,-7.46702499e+01
207.095000,-1.06087651e+02,-7.46723173e+01
207.100000,-1.06089692e+02,-7.46743580e+01
207.105000,-1.06091706e+02,-7.46763721e+01
207.110000,-1.06093694e+02,-7.46783598e+01
207.115000,-1.06095655e+02,-7.46803215e+01
207.120000,-1.06097591e+02,-7.46822573e+01
207.125000,-1.06099502e+02,-7.46841676e+01
207.130000,-1.06101387e+02,-7.46860528e+01
207.135000,-1.06103247e+02,-7.46879129e+01
207.140000,-1.06105082e+02,-7.46897481e+01
207.145000,-1.06106892e+02,-7.46915584e+01
207.150000,-1.06108678e+02,-7.46933438e+01
207.155000,-1.06110438e+02,-7.46951042e+01
207.160000,-1.06112173e+02,-7.46968394e+01
207.165000,-1.06113883e+02,-7.46985494e+01
207.170000,-1.06115568e+02,-7.47002340e+01
207.175000,-1.06117228e+02,-7.47018935e+01
207.180000,-1.06118862e+02,-7.47035279e+01
207.185000,-1.06120472e+02,-7.47051376e+01
207.190000,-1.06122057e+02,-7.47067229e+01
207.195000,-1.06123618e+02,-7.47082842e+01
207.200000,-1.06125156e+02,-7.47098221e+01
207.205000,-1.06126671e+02,-7.47113369e+01
207.210000,-1.06128163e+02,-7.47128291e+01
207.215000,-1.06129633e+02,-7.47142992e+01
207.220000,-1.06131082e+02,-7.47157477e+01
207.225000,-1.06132509e+02,-7.47171749e+01
207.230000,-1.06133916e+02,-7.47185815e+01
207.235000,-1.06135302e+02,-7.47199678e+01
207.240000,-1.06136669e+02,-7.47213342e+01
207.245000,-1.06138015e+02,-7.47226812e+01
207.250000,-1.06139343e+02,-7.47240090e+01
207.255000,-1.06140653e+02,-7.47253184e+01
207.260000,-1.06141944e+02,-7.47266099e+01
207.265000,-1.06143219e+02,-7.47278843e+01
207.270000,-1.06144477e+02,-7.47291424e+01
207.275000,-1.06145719e+02,-7.47303850e+01
207.280000,-1.06146947e+02,-7.47316130e+01
207.285000,-1.06148161e+02,-7.47328269e+01
207.290000,-1.06149362e+02,-7.47340275e+01
207.295000,-1.06150550e+02,-7.47352153e+01
207.300000,-1.06151725e+02,-7.47363906e+01
207.305000,-1.06152888e+02,-7.47375537e+01
207.310000,-1.06154039e+02,-7.47387049e+01
207.315000,-1.06155179e+02,-7.47398444e+01
207.320000,-1.06156307e+02,-7.47409721e+01
207.325000,-1.06157423e+02,-7.47420882e+01
207.330000,-1.06158527e+02,-7.47431924e+01
207.335000,-1.06159619e+02,-7.47442845e+01
207.340000,-1.06160699e+02,-7.47453643e+01
207.345000,-1.06161766e+02,-7.47464315e+01
207.350000,-1.06162821e+02,-7.47474860e+01
207.355000,-1.06163862e+02,-7.47485277e+01
207.360000,-1.06164891e+02,-7.47495563e+01
207.365000,-1.06165906e+02,-7.47505716e+01
207.370000,-1.06166908e+02,-7.47515733e+01
207.375000,-1.06167895e+02,-7.47525609e+01
207.380000,-1.06168868e+02,-7.47535337e+01
207.385000,-1.06169826e+02,-7.47544914e+01
207.390000,-1.06170768e+02,-7.47554331e+01
207.395000,-1.06171693e+02,-7.47563585e+01
207.400000,-1.06172601e+02,-7.47572668e+01
207.405000,-1.06173492e+02,-7.47581577e+01
207.410000,-1.06174365e+02,-7.47590306e+01
207.415000,-1.06175220e+02,-7.47598852e+01
207.420000,-1.06176056e+02,-7.47607212e+01
207.425000,-1.06176873e+02,-7.47615386e+01
207.430000,-1.06177672e+02,-7.47623374e+01
207.435000,-1.06178453e+02,-7.47631179e+01
207.440000,-1.06179215e+02,-7.47638802e+01
207.445000,-1.06179959e+02,-7.47646247e+01
207.450000,-1.06180687e+02,-7.47653519e+01
207.455000,-1.06181397e+02,-7.47660625e+01
207.460000,-1.06182092e+02,-7.47667572e+01
207.465000,-1.06182772e+02,-7.47674369e+01
207.470000,-1.06183437e+02,-7.47681024e+01
207.475000,-1.06184089e+02,-7.47687546e+01
207.480000,-1.06184729e+02,-7.47693946e+01
207.485000,-1.06185358e+02,-7.47700233e+01
207.490000,-1.06185976e+02,-7.47706414e+01
207.495000,-1.06186584e+02,-7.47712494e+01
207.500000,-1.06187182e+02,-7.47718475e+01
207.505000,-1.06187771e+02,-7.47724359e+01
207.510000,-1.06188349e+02,-7.47730146e+01
207.515000,-1.06188918e+02,-7.47735835e+01
207.520000,-1.06189477e+02,-7.47741426e+01
207.525000,-1.06190027e+02,-7.47746918e+01
207.530000,-1.06190566e+02,-7.47752307e+01
207.535000,-1.06191094e+02,-7.47757592e+01
207.540000,-1.06191612e+02,-7.47762769e+01
207.545000,-1.06192118e+02,-7.47767833e+01
207.550000,-1.06192613e+02,-7.47772781e+01
207.555000,-1.06193095e+02,-7.47777606e+01
207.560000,-1.06193565e+02,-7.47782303e+01
207.565000,-1.06194022e+02,-7.47786866e+01
207.570000,-1.06194464e+02,-7.47791291e+01
207.575000,-1.06194892e+02,-7.47795574e+01
207.580000,-1.06195307e+02,-7.47799716e+01
207.585000,-1.06195707e+02,-7.47803718e+01
207.590000,-1.06196093e+02,-7.47807581e+01
207.595000,-1.06196466e+02,-7.47811310e+01
207.600000,-1.06196826e+02,-7.47814910e+01
207.605000,-1.06197173e+02,-7.47818385e+01
207.610000,-1.06197509e+02,-7.47821741e+01
207.615000,-1.06197834e+02,-7.47824986e+01
207.620000,-1.06198148e+02,-7.47828126e+01
207.625000,-1.06198452e+02,-7.47831171e+01
207.630000,-1.06198748e+02,-7.47834130e+01
207.635000,-1.06199036e+02,-7.47837009e+01
207.640000,-1.06199317e+02,-7.47839818e+01
207.645000,-1.06199591e+02,-7.47842565e+01
207.650000,-1.06199861e+02,-7.47845256e+01
207.655000,-1.06200125e+02,-7.47847896e+01
207.660000,-1.06200384e+02,-7.47850489e+01
207.665000,-1.06200639e+02,-7.47853040e+01
207.670000,-1.06200890e+02,-7.47855550e+01
207.675000,-1.06201137e+02,-7.47858020e+01
207.680000,-1.06201380e+02,-7.47860448e+01
207.685000,-1.06201618e+02,-7.47862833e+01
207.690000,-1.06201852e+02,-7.47865172e+01
207.695000,-1.06202081e+02,-7.47867461e+01
207.700000,-1.06202304e+02,-7.47869695e+01
207.705000,-1.06202522e+02,-7.47871865e+01
207.710000,-1.06202731e+02,-7.47873964e+01
207.715000,-1.06202933e+02,-7.47875982e+01
207.720000,-1.06203126e+02,-7.47877907e+01
207.725000,-1.06203308e+02,-7.47879730e+01
207.730000,-1.06203479e+02,-7.47881441e+01
207.735000,-1.06203638e+02,-7.47883033e+01
207.740000,-1.06203785e+02,-7.47884504e+01
207.745000,-1.06203920e+02,-7.47885850e+01
207.750000,-1.06204042e+02,-7.47887073e+01
207.755000,-1.06204152e+02,-7.47888174e+01
207.760000,-1.06204250e+02,-7.47889154e+01
207.765000,-1.06204337e+02,-7.47890018e+01
207.770000,-1.06204412e+02,-7.47890767e+01
207.775000,-1.06204476e+02,-7.47891405e+01
207.780000,-1.06204528e+02,-7.47891933e+01
207.785000,-1.06204571e+02,-7.47892355e+01
207.790000,-1.06204603e+02,-7.47892675e+01
207.795000,-1.06204625e+02,-7.47892895e+01
207.800000,-1.06204637e+02,-7.47893021e+01
207.805000,-1.06204641e+02,-7.47893057e+01
207.810000,-1.06204636e+02,-7.47893009e+01
207.815000,-1.06204623e+02,-7.47892880e+01
207.820000,-1.06204603e+02,-7.47892676e+01
207.825000,-1.06204575e+02,-7.47892400e+01
207.830000,-1.06204541e+02,-7.47892055e+01
207.835000,-1.06204499e+02,-7.47891642e+01
207.840000,-1.06204452e+02,-7.47891165e+01
207.845000,-1.06204397e+02,-7.47890623e+01
207.850000,-1.06204337e+02,-7.47890017e+01
207.855000,-1.06204269e+02,-7.47889344e+01
207.860000,-1.06204195e+02,-7.47888602e+01
207.865000,-1.06204114e+02,-7.47887787e+01
207.870000,-1.06204024e+02,-7.47886892e+01
207.875000,-1.06203927e+02,-7.47885916e+01
207.880000,-1.06203821e+02,-7.47884854e+01
207.885000,-1.06203706e+02,-7.47883708e+01
207.890000,-1.06203583e+02,-7.47882476e+01
207.895000,-1.06203451e+02,-7.47881162e+01
207.900000,-1.06203312e+02,-7.47879766e+01
207.905000,-1.06203164e+02,-7.47878291e+01
207.910000,-1.06203009e+02,-7.47876740e+01
207.915000,-1.06202847e+02,-7.47875116e+01
207.920000,-1.06202677e+02,-7.47873422e+01
207.925000,-1.06202501e+02,-7.47871662e+01
207.930000,-1.06202319e+02,-7.47869841e+01
207.935000,-1.06202131e+02,-7.47867962e+01
207.940000,-1.06201938e+02,-7.47866027e+01
207.945000,-1.06201739e+02,-7.47864040e+01
207.950000,-1.06201535e+02,-7.47862002e+01
207.955000,-1.06201327e+02,-7.47859915e+01
207.960000,-1.06201113e+02,-7.47857782e+01
207.965000,-1.06200895e+02,-7.47855604e+01
207.970000,-1.06200673e+02,-7.47853383e+01
207.975000,-1.06200447e+02,-7.47851119e+01
207.980000,-1.06200216e+02,-7.47848813e+01
207.985000,-1.06199982e+02,-7.47846466e+01
207.990000,-1.06199743e+02,-7.47844076e+01
207.995000,-1.06199499e+02,-7.47841643e+01
208.000000,-1.06199252e+02,-7.47839168e+01
208.005000,-1.06199000e+02,-7.47836650e+01
208.010000,-1.06198744e+02,-7.47834090e+01
208.015000,-1.06198484e+02,-7.47831485e+01
208.020000,-1.06198219e+02,-7.47828836e+01
208.025000,-1.06197949e+02,-7.47826140e+01
208.030000,-1.06197674e+02,-7.47823392e+01
208.035000,-1.06197394e+02,-7.47820590e+01
208.040000,-1.06197108e+02,-7.47817726e+01
208.045000,-1.06196815e+02,-7.47814798e+01
208.050000,-1.06196515e+02,-7.47811800e+01
208.055000,-1.06196208e+02,-7.47808730e+01
208.060000,-1.06195893e+02,-7.47805584e+01
208.065000,-1.06195571e+02,-7.47802364e+01
208.070000,-1.06195242e+02,-7.47799070e+01
208.075000,-1.06194905e+02,-7.47795704e+01
208.080000,-1.06194562e+02,-7.47792270e+01
208.085000,-1.06194212e+02,-7.47788772e+01
208.090000,-1.06193857e+02,-7.47785215e+01
208.095000,-1.06193495e+02,-7.47781604e+01
208.100000,-1.06193129e+02,-7.47777944e+01
208.105000,-1.06192759e+02,-7.47774236e+01
208.110000,-1.06192384e+02,-7.47770485e+01
208.115000,-1.06192004e+02,-7.47766693e+01
208.120000,-1.06191621e+02,-7.47762861e+01
208.125000,-1.06191234e+02,-7.47758991e+01
208.130000,-1.06190843e+02,-7.47755083e+01
208.135000,-1.06190449e+02,-7.47751137e+01
208.140000,-1.06190050e+02,-7.47747151e+01
208.145000,-1.06189647e+02,-7.47743124e+01
208.150000,-1.06189240e+02,-7.47739052e+01
208.155000,-1.06188828e+02,-7.47734935e+01
208.160000,-1.06188412e+02,-7.47730773e+01
208.165000,-1.06187992e+02,-7.47726567e+01
208.170000,-1.06187567e+02,-7.47722319e+01
208.175000,-1.06187138e+02,-7.47718031e+01
208.180000,-1.06186705e+02,-7.47713701e+01
208.185000,-1.06186268e+02,-7.47709330e+01
208.190000,-1.06185826e+02,-7.47704915e+01
208.195000,-1.06185380e+02,-7.47700455e+01
208.200000,-1.06184930e+02,-7.47695949e+01
208.205000,-1.06184475e+02,-7.47691397e+01
208.210000,-1.06184015e+02,-7.47686799e+01
208.215000,-1.06183551e+02,-7.47682157e+01
208.220000,-1.06183082e+02,-7.47677471e+01
208.225000,-1.06182609e+02,-7.47672741e+01
208.230000,-1.06182132e+02,-7.47667966e+01
208.235000,-1.06181650e+02,-7.47663147e+01
208.240000,-1.06181163e+02,-7.47658281e+01
208.245000,-1.06180672e+02,-7.47653366e+01
208.250000,-1.06180175e+02,-7.47648401e+01
208.255000,-1.06179674e+02,-7.47643386e+01
208.260000,-1.06179167e+02,-7.47638322e+01
208.265000,-1.06178656e+02,-7.47633213e+01
208.270000,-1.06178141e+02,-7.47628064e+01
208.275000,-1.06177623e+02,-7.47622881e+01
208.280000,-1.06177102e+02,-7.47617671e+01
208.285000,-1.06176579e+02,-7.47612440e+01
208.290000,-1.06176054e+02,-7.47607193e+01
208.295000,-1.06175528e+02,-7.47601932e+01
208.300000,-1.06175001e+02,-7.47596659e+01
208.305000,-1.06174473e+02,-7.47591377e+01
208.310000,-1.06173943e+02,-7.47586085e+01
208.315000,-1.06173414e+02,-7.47580786e+01
208.320000,-1.06172883e+02,-7.47575481e+01
208.325000,-1.06172352e+02,-7.47570171e+01
208.330000,-1.06171821e+02,-7.47564858e+01
208.335000,-1.06171289e+02,-7.47559543e+01
208.340000,-1.06170757e+02,-7.47554225e+01
208.345000,-1.06170225e+02,-7.47548902e+01
208.350000,-1.06169692e+02,-7.47543572e+01
208.355000,-1.06169158e+02,-7.47538234e+01
208.360000,-1.06168624e+02,-7.47532892e+01
208.365000,-1.06168090e+02,-7.47527552e+01
208.370000,-1.06167557e+02,-7.47522226e+01
208.375000,-1.06167027e+02,-7.47516923e+01
208.380000,-1.06166500e+02,-7.47511656e+01
208.385000,-1.06165978e+02,-7.47506435e+01
208.390000,-1.06165462e+02,-7.47501272e+01
208.395000,-1.06164952e+02,-7.47496175e+01
208.400000,-1.06164450e+02,-7.47491150e+01
208.405000,-1.06163955e+02,-7.47486200e+01
208.410000,-1.06163468e+02,-7.47481328e+01
208.415000,-1.06162988e+02,-7.47476532e+01
208.420000,-1.06162516e+02,-7.47471810e+01
208.425000,-1.06162051e+02,-7.47467158e+01
208.430000,-1.06161592e+02,-7.47462575e+01
208.435000,-1.06161140e+02,-7.47458057e+01
208.440000,-1.06160695e+02,-7.47453600e+01
208.445000,-1.06160255e+02,-7.47449203e+01
208.450000,-1.06159821e+02,-7.47444864e+01
208.455000,-1.06159393e+02,-7.47440581e+01
208.460000,-1.06158970e+02,-7.47436354e+01
208.465000,-1.06158553e+02,-7.47432180e+01
208.470000,-1.06158140e+02,-7.47428057e+01
208.475000,-1.06157733e+02,-7.47423980e+01
208.480000,-1.06157329e+02,-7.47419946e+01
208.485000,-1.06156930e+02,-7.47415950e+01
208.490000,-1.06156533e+02,-7.47411987e+01
208.495000,-1.06156140e+02,-7.47408049e+01
208.500000,-1.06155748e+02,-7.47404132e+01
208.505000,-1.06155358e+02,-7.47400229e+01
208.510000,-1.06154968e+02,-7.47396332e+01
208.515000,-1.06154578e+02,-7.47392435e+01
208.520000,-1.06154188e+02,-7.47388530e+01
208.525000,-1.06153796e+02,-7.47384611e+01
208.530000,-1.06153402e+02,-7.47380671e+01
208.535000,-1.06153005e+02,-7.47376705e+01
208.540000,-1.06152605e+02,-7.47372708e+01
208.545000,-1.06152202e+02,-7.47368674e+01
208.550000,-1.06151795e+02,-7.47364599e+01
208.555000,-1.06151382e+02,-7.47360477e+01
208.560000,-1.06150965e+02,-7.47356304e+01
208.565000,-1.06150542e+02,-7.47352073e+01
208.570000,-1.06150113e+02,-7.47347781e+01
208.575000,-1.06149677e+02,-7.47343423e+01
208.580000,-1.06149235e+02,-7.47338999e+01
208.585000,-1.06148785e+02,-7.47334507e+01
208.590000,-1.06148330e+02,-7.47329950e+01
208.595000,-1.06147868e+02,-7.47325329e+01
208.600000,-1.06147400e+02,-7.47320650e+01
208.605000,-1.06146927e+02,-7.47315920e+01
208.610000,-1.06146449e+02,-7.47311145e+01
208.615000,-1.06145968e+02,-7.47306334e+01
208.620000,-1.06145484e+02,-7.47301491e+01
208.625000,-1.06144997e+02,-7.47296619e+01
208.630000,-1.06144507e+02,-7.47291724e+01
208.635000,-1.06144015e+02,-7.47286806e+01
208.640000,-1.06143522e+02,-7.47281871e+01
208.645000,-1.06143027e+02,-7.47276922e+01
208.650000,-1.06142531e+02,-7.47271961e+01
208.655000,-1.06142034e+02,-7.47266992e+01
208.660000,-1.06141536e+02,-7.47262016e+01
208.665000,-1.06141038e+02,-7.47257034e+01
208.670000,-1.06140539e+02,-7.47252046e+01
208.675000,-1.06140040e+02,-7.47247050e+01
208.680000,-1.06139539e+02,-7.47242041e+01
208.685000,-1.06139036e+02,-7.47237014e+01
208.690000,-1.06138531e+02,-7.47231965e+01
208.695000,-1.06138023e+02,-7.47226889e+01
208.700000,-1.06137513e+02,-7.47221780e+01
208.705000,-1.06136998e+02,-7.47216634e+01
208.710000,-1.06136479e+02,-7.47211448e+01
208.715000,-1.06135956e+02,-7.47206217e+01
208.720000,-1.06135429e+02,-7.47200940e+01
208.725000,-1.06134896e+02,-7.47195614e+01
208.730000,-1.06134358e+02,-7.47190238e+01
208.735000,-1.06133816e+02,-7.47184812e+01
208.740000,-1.06133268e+02,-7.47179333e+01
208.745000,-1.06132715e+02,-7.47173801e+01
208.750000,-1.06132156e+02,-7.47168214e+01
208.755000,-1.06131592e+02,-7.47162570e+01
208.760000,-1.06131021e+02,-7.47156869e+01
208.765000,-1.06130445e+02,-7.47151109e+01
208.770000,-1.06129864e+02,-7.47145291e+01
208.775000,-1.06129276e+02,-7.47139415e+01
208.780000,-1.06128683e+02,-7.47133481e+01
208.785000,-1.06128083e+02,-7.47127489e+01
208.790000,-1.06127478e+02,-7.47121438e+01
208.795000,-1.06126867e+02,-7.47115328e+01
208.800000,-1.06126251e+02,-7.47109162e+01
208.805000,-1.06125629e+02,-7.47102941e+01
208.810000,-1.06125002e+02,-7.47096672e+01
208.815000,-1.06124370e+02,-7.47090359e+01
208.820000,-1.06123735e+02,-7.47084009e+01
208.825000,-1.06123097e+02,-7.47077628e+01
208.830000,-1.06122457e+02,-7.47071223e+01
208.835000,-1.06121814e+02,-7.47064798e+01
208.840000,-1.06121170e+02,-7.47058357e+01
208.845000,-1.06120525e+02,-7.47051905e+01
208.850000,-1.06119879e+02,-7.47045445e+01
208.855000,-1.06119232e+02,-7.47038980e+01
208.860000,-1.06118586e+02,-7.47032511e+01
208.865000,-1.06117939e+02,-7.47026043e+01
208.870000,-1.06117292e+02,-7.47019575e+01
208.875000,-1.06116645e+02,-7.47013109e+01
208.880000,-1.06115999e+02,-7.47006643e+01
208.885000,-1.06115352e+02,-7.47000174e+01
208.890000,-1.06114704e+02,-7.46993697e+01
208.895000,-1.06114055e+02,-7.46987204e+01
208.900000,-1.06113403e+02,-7.46980687e+01
208.905000,-1.06112748e+02,-7.46974136e+01
208.910000,-1.06112089e+02,-7.46967542e+01
208.915000,-1.06111424e+02,-7.46960897e+01
208.920000,-1.06110754e+02,-7.46954194e+01
208.925000,-1.06110078e+02,-7.46947432e+01
208.930000,-1.06109395e+02,-7.46940609e+01
208.935000,-1.06108707e+02,-7.46933727e+01
208.940000,-1.06108013e+02,-7.46926787e+01
208.945000,-1.06107314e+02,-7.46919793e+01
208.950000,-1.06106609e+02,-7.46912745e+01
208.955000,-1.06105900e+02,-7.46905653e+01
208.960000,-1.06105186e+02,-7.46898512e+01
208.965000,-1.06104466e+02,-7.46891319e+01
208.970000,-1.06103743e+02,-7.46884083e+01
208.975000,-1.06103015e+02,-7.46876808e+01
208.980000,-1.06102285e+02,-7.46869506e+01
208.985000,-1.06101555e+02,-7.46862204e+01
208.990000,-1.06100829e+02,-7.46854945e+01
208.995000,-1.06100111e+02,-7.46847769e+01
209.000000,-1.06099406e+02,-7.46840716e+01
209.005000,-1.06098717e+02,-7.46833824e+01
209.010000,-1.06098046e+02,-7.46827117e+01
209.015000,-1.06097395e+02,-7.46820609e+01
209.020000,-1.06096765e+02,-7.46814305e+01
209.025000,-1.06096155e+02,-7.46808205e+01
209.030000,-1.06095565e+02,-7.46802305e+01
209.035000,-1.06094994e+02,-7.46796600e+01
209.040000,-1.06094442e+02,-7.46791082e+01
209.045000,-1.06093909e+02,-7.46785745e+01
209.050000,-1.06093393e+02,-7.46780583e+01
209.055000,-1.06092893e+02,-7.46775587e+01
209.060000,-1.06092409e+02,-7.46770750e+01
209.065000,-1.06091940e+02,-7.46766059e+01
209.070000,-1.06091484e+02,-7.46761503e+01
209.075000,-1.06091041e+02,-7.46757069e+01
209.080000,-1.06090609e+02,-7.46752744e+01
209.085000,-1.06090186e+02,-7.46748516e+01
209.090000,-1.06089771e+02,-7.46744372e+01
209.095000,-1.06089364e+02,-7.46740300e+01
209.100000,-1.06088963e+02,-7.46736290e+01
209.105000,-1.06088567e+02,-7.46732332e+01
209.110000,-1.06088176e+02,-7.46728415e+01
209.115000,-1.06087787e+02,-7.46724527e+01
209.120000,-1.06087400e+02,-7.46720660e+01
209.125000,-1.06087014e+02,-7.46716803e+01
209.130000,-1.06086629e+02,-7.46712951e+01
209.135000,-1.06086244e+02,-7.46709096e+01
209.140000,-1.06085858e+02,-7.46705236e+01
209.145000,-1.06085471e+02,-7.46701367e+01
209.150000,-1.06085083e+02,-7.46697488e+01
209.155000,-1.06084694e+02,-7.46693596e+01
209.160000,-1.06084303e+02,-7.46689692e+01
209.165000,-1.06083912e+02,-7.46685774e+01
209.170000,-1.06083518e+02,-7.46681842e+01
209.175000,-1.06083123e+02,-7.46677893e+01
209.180000,-1.06082727e+02,-7.46673928e+01
209.185000,-1.06082329e+02,-7.46669944e+01
209.190000,-1.06081928e+02,-7.46665940e+01
209.195000,-1.06081526e+02,-7.46661917e+01
209.200000,-1.06081122e+02,-7.46657875e+01
209.205000,-1.06080715e+02,-7.46653813e+01
209.210000,-1.06080307e+02,-7.46649731e+01
209.215000,-1.06079897e+02,-7.46645627e+01
209.220000,-1.06079483e+02,-7.46641494e+01
209.225000,-1.06079067e+02,-7.46637325e+01
209.230000,-1.06078645e+02,-7.46633114e+01
209.235000,-1.06078219e+02,-7.46628849e+01
209.240000,-1.06077786e+02,-7.46624521e+01
209.245000,-1.06077346e+02,-7.46620123e+01
209.250000,-1.06076899e+02,-7.46615647e+01
209.255000,-1.06076443e+02,-7.46611090e+01
209.260000,-1.06075979e+02,-7.46606448e+01
209.265000,-1.06075506e+02,-7.46601721e+01
209.270000,-1.06075025e+02,-7.46596908e+01
209.275000,-1.06074535e+02,-7.46592011e+01
209.280000,-1.06074037e+02,-7.46587028e+01
209.285000,-1.06073530e+02,-7.46581961e+01
209.290000,-1.06073015e+02,-7.46576811e+01
209.295000,-1.06072492e+02,-7.46571576e+01
209.300000,-1.06071960e+02,-7.46566257e+01
209.305000,-1.06071419e+02,-7.46560854e+01
209.310000,-1.06070871e+02,-7.46555368e+01
209.315000,-1.06070314e+02,-7.46549802e+01
209.320000,-1.06069750e+02,-7.46544160e+01
209.325000,-1.06069178e+02,-7.46538443e+01
209.330000,-1.06068600e+02,-7.46532656e+01
209.335000,-1.06068014e+02,-7.46526800e+01
209.340000,-1.06067422e+02,-7.46520878e+01
209.345000,-1.06066824e+02,-7.46514897e+01
209.350000,-1.06066220e+02,-7.46508863e+01
209.355000,-1.06065613e+02,-7.46502786e+01
209.360000,-1.06065002e+02,-7.46496675e+01
209.365000,-1.06064388e+02,-7.46490540e+01
209.370000,-1.06063773e+02,-7.46484388e+01
209.375000,-1.06063157e+02,-7.46478226e+01
209.380000,-1.06062539e+02,-7.46472054e+01
209.385000,-1.06061922e+02,-7.46465875e+01
209.390000,-1.06061303e+02,-7.46459687e+01
209.395000,-1.06060682e+02,-7.46453485e+01
209.400000,-1.06060060e+02,-7.46447263e+01
209.405000,-1.06059435e+02,-7.46441014e+01
209.410000,-1.06058807e+02,-7.46434729e+01
209.415000,-1.06058174e+02,-7.46428399e+01
209.420000,-1.06057536e+02,-7.46422017e+01
209.425000,-1.06056892e+02,-7.46415577e+01
209.430000,-1.06056241e+02,-7.46409074e+01
209.435000,-1.06055585e+02,-7.46402505e+01
209.440000,-1.06054921e+02,-7.46395868e+01
209.445000,-1.06054250e+02,-7.46389160e+01
209.450000,-1.06053572e+02,-7.46382379e+01
209.455000,-1.06052886e+02,-7.46375524e+01
209.460000,-1.06052193e+02,-7.46368594e+01
209.465000,-1.06051493e+02,-7.46361589e+01
209.470000,-1.06050785e+02,-7.46354510e+01
209.475000,-1.06050070e+02,-7.46347362e+01
209.480000,-1.06049349e+02,-7.46340147e+01
209.485000,-1.06048621e+02,-7.46332871e+01
209.490000,-1.06047888e+02,-7.46325538e+01
209.495000,-1.06047149e+02,-7.46318155e+01
209.500000,-1.06046407e+02,-7.46310729e+01
209.505000,-1.06045660e+02,-7.46303266e+01
209.510000,-1.06044911e+02,-7.46295773e+01
209.515000,-1.06044160e+02,-7.46288258e+01
209.520000,-1.06043406e+02,-7.46280726e+01
209.525000,-1.06042652e+02,-7.46273182e+01
209.530000,-1.06041897e+02,-7.46265630e+01
209.535000,-1.06041141e+02,-7.46258072e+01
209.540000,-1.06040385e+02,-7.46250507e+01
209.545000,-1.06039627e+02,-7.46242931e+01
209.550000,-1.06038868e+02,-7.46235342e+01
209.555000,-1.06038107e+02,-7.46227732e+01
209.560000,-1.06037343e+02,-7.46220096e+01
209.565000,-1.06036577e+02,-7.46212428e+01
209.570000,-1.06035806e+02,-7.46204721e+01
209.575000,-1.06035031e+02,-7.46196967e+01
209.580000,-1.06034250e+02,-7.46189160e+01
209.585000,-1.06033463e+02,-7.46181295e+01
209.590000,-1.06032671e+02,-7.46173368e+01
209.595000,-1.06031871e+02,-7.46165376e+01
209.600000,-1.06031065e+02,-7.46157316e+01
209.605000,-1.06030253e+02,-7.46149188e+01
209.610000,-1.06029433e+02,-7.46140992e+01
209.615000,-1.06028607e+02,-7.46132729e+01
209.620000,-1.06027774e+02,-7.46124400e+01
209.625000,-1.06026935e+02,-7.46116010e+01
209.630000,-1.06026090e+02,-7.46107563e+01
209.635000,-1.06025240e+02,-7.46099065e+01
209.640000,-1.06024386e+02,-7.46090522e+01
209.645000,-1.06023528e+02,-7.46081939e+01
209.650000,-1.06022666e+02,-7.46073323e+01
209.655000,-1.06021802e+02,-7.46064680e+01
209.660000,-1.06020935e+02,-7.46056016e+01
209.665000,-1.06020067e+02,-7.46047336e+01
209.670000,-1.06019198e+02,-7.46038644e+01
209.675000,-1.06018328e+02,-7.46029944e+01
209.680000,-1.06017458e+02,-7.46021241e+01
209.685000,-1.06016588e+02,-7.46012541e+01
209.690000,-1.06015719e+02,-7.46003851e+01
209.695000,-1.06014851e+02,-7.45995175e+01
209.700000,-1.06013985e+02,-7.45986517e+01
209.705000,-1.06013121e+02,-7.45977878e+01
209.710000,-1.06012259e+02,-7.45969255e+01
209.715000,-1.06011398e+02,-7.45960643e+01
209.720000,-1.06010537e+02,-7.45952037e+01
209.725000,-1.06009676e+02,-7.45943429e+01
209.730000,-1.06008815e+02,-7.45934810e+01
209.735000,-1.06007951e+02,-7.45926172e+01
209.740000,-1.06007084e+02,-7.45917506e+01
209.745000,-1.06006214e+02,-7.45908804e+01
209.750000,-1.06005339e+02,-7.45900057e+01
209.755000,-1.06004459e+02,-7.45891259e+01
209.760000,-1.06003574e+02,-7.45882406e+01
209.765000,-1.06002683e+02,-7.45873497e+01
209.770000,-1.06001787e+02,-7.45864532e+01
209.775000,-1.06000885e+02,-7.45855515e+01
209.780000,-1.05999978e+02,-7.45846448e+01
209.785000,-1.05999067e+02,-7.45837336e+01
209.790000,-1.05998152e+02,-7.45828183e+01
209.795000,-1.05997233e+02,-7.45818993e+01
209.800000,-1.05996311e+02,-7.45809771e+01
209.805000,-1.05995386e+02,-7.45800520e+01
209.810000,-1.05994458e+02,-7.45791245e+01
209.815000,-1.05993528e+02,-7.45781949e+01
209.820000,-1.05992597e+02,-7.45772634e+01
209.825000,-1.05991664e+02,-7.45763303e+01
209.830000,-1.05990729e+02,-7.45753955e+01
209.835000,-1.05989793e+02,-7.45744592e+01
209.840000,-1.05988855e+02,-7.45735214e+01
209.845000,-1.05987916e+02,-7.45725824e+01
209.850000,-1.05986976e+02,-7.45716425e+01
209.855000,-1.05986035e+02,-7.45707019e+01
209.860000,-1.05985094e+02,-7.45697610e+01
209.865000,-1.05984153e+02,-7.45688199e+01
209.870000,-1.05983212e+02,-7.45678786e+01
209.875000,-1.05982270e+02,-7.45669370e+01
209.880000,-1.05981329e+02,-7.45659952e+01
209.885000,-1.05980387e+02,-7.45650534e+01
209.890000,-1.05979445e+02,-7.45641117e+01
209.895000,-1.05978503e+02,-7.45631700e+01
209.900000,-1.05977562e+02,-7.45622282e+01
209.905000,-1.05976619e+02,-7.45612860e+01
209.910000,-1.05975676e+02,-7.45603429e+01
209.915000,-1.05974732e+02,-7.45593986e+01
209.920000,-1.05973786e+02,-7.45584527e+01
209.925000,-1.05972838e+02,-7.45575047e+01
209.930000,-1.05971888e+02,-7.45565546e+01
209.935000,-1.05970935e+02,-7.45556022e+01
209.940000,-1.05969981e+02,-7.45546474e+01
209.945000,-1.05969024e+02,-7.45536902e+01
209.950000,-1.05968064e+02,-7.45527308e+01
209.955000,-1.05967102e+02,-7.45517691e+01
209.960000,-1.05966139e+02,-7.45508054e+01
209.965000,-1.05965173e+02,-7.45498398e+01
209.970000,-1.05964206e+02,-7.45488728e+01
209.975000,-1.05963238e+02,-7.45479047e+01
209.980000,-1.05962269e+02,-7.45469357e+01
209.985000,-1.05961299e+02,-7.45459662e+01
209.990000,-1.05960329e+02,-7.45449962e+01
209.995000,-1.05959359e+02,-7.45440259e+01
210.000000,-1.05958388e+02,-7.45430551e+01
210.005000,-1.05957417e+02,-7.45420835e+01
210.010000,-1.05956444e+02,-7.45411108e+01
210.015000,-1.05955470e+02,-7.45401365e+01
210.020000,-1.05954493e+02,-7.45391602e+01
210.025000,-1.05953515e+02,-7.45381817e+01
210.030000,-1.05952534e+02,-7.45372006e+01
210.035000,-1.05951550e+02,-7.45362169e+01
210.040000,-1.05950564e+02,-7.45352307e+01
210.045000,-1.05949575e+02,-7.45342421e+01
210.050000,-1.05948584e+02,-7.45332512e+01
210.055000,-1.05947591e+02,-7.45322582e+01
210.060000,-1.05946596e+02,-7.45312634e+01
210.065000,-1.05945600e+02,-7.45302669e+01
210.070000,-1.05944602e+02,-7.45292691e+01
210.075000,-1.05943603e+02,-7.45282702e+01
210.080000,-1.05942603e+02,-7.45272704e+01
210.085000,-1.05941603e+02,-7.45262701e+01
210.090000,-1.05940603e+02,-7.45252696e+01
210.095000,-1.05939602e+02,-7.45242693e+01
210.100000,-1.05938602e+02,-7.45232694e+01
210.105000,-1.05937603e+02,-7.45222702e+01
210.110000,-1.05936605e+02,-7.45212720e+01
210.115000,-1.05935608e+02,-7.45202752e+01
210.120000,-1.05934613e+02,-7.45192803e+01
210.125000,-1.05933621e+02,-7.45182878e+01
210.130000,-1.05932631e+02,-7.45172982e+01
210.135000,-1.05931645e+02,-7.45163120e+01
210.140000,-1.05930662e+02,-7.45153294e+01
210.145000,-1.05929684e+02,-7.45143506e+01
210.150000,-1.05928708e+02,-7.45133754e+01
210.155000,-1.05927737e+02,-7.45124038e+01
210.160000,-1.05926768e+02,-7.45114355e+01
210.165000,-1.05925803e+02,-7.45104699e+01
210.170000,-1.05924839e+02,-7.45095063e+01
210.175000,-1.05923877e+02,-7.45085440e+01
210.180000,-1.05922915e+02,-7.45075820e+01
210.185000,-1.05921952e+02,-7.45066193e+01
210.190000,-1.05920988e+02,-7.45056549e+01
210.195000,-1.05920021e+02,-7.45046881e+01
210.200000,-1.05919051e+02,-7.45037182e+01
210.205000,-1.05918078e+02,-7.45027450e+01
210.210000,-1.05917101e+02,-7.45017680e+01
210.215000,-1.05916120e+02,-7.45007873e+01
210.220000,-1.05915136e+02,-7.44998028e+01
210.225000,-1.05914147e+02,-7.44988144e+01
210.230000,-1.05913155e+02,-7.44978217e+01
210.235000,-1.05912157e+02,-7.44968245e+01
210.240000,-1.05911155e+02,-7.44958223e+01
210.245000,-1.05910147e+02,-7.44948146e+01
210.250000,-1.05909134e+02,-7.44938009e+01
210.255000,-1.05908114e+02,-7.44927811e+01
210.260000,-1.05907088e+02,-7.44917549e+01
210.265000,-1.05906055e+02,-7.44907225e+01
210.270000,-1.05905017e+02,-7.44896842e+01
210.275000,-1.05903973e+02,-7.44886406e+01
210.280000,-1.05902925e+02,-7.44875922e+01
210.285000,-1.05901872e+02,-7.44865397e+01
210.290000,-1.05900817e+02,-7.44854839e+01
210.295000,-1.05899759e+02,-7.44844258e+01
210.300000,-1.05898699e+02,-7.44833659e+01
210.305000,-1.05897638e+02,-7.44823052e+01
210.310000,-1.05896577e+02,-7.44812441e+01
210.315000,-1.05895516e+02,-7.44801835e+01
210.320000,-1.05894456e+02,-7.44791237e+01
210.325000,-1.05893398e+02,-7.44780652e+01
210.330000,-1.05892341e+02,-7.44770084e+01
210.335000,-1.05891286e+02,-7.44759537e+01
210.340000,-1.05890234e+02,-7.44749013e+01
210.345000,-1.05889184e+02,-7.44738515e+01
210.350000,-1.05888137e+02,-7.44728044e+01
210.355000,-1.05887093e+02,-7.44717602e+01
210.360000,-1.05886051e+02,-7.44707186e+01
210.365000,-1.05885012e+02,-7.44696796e+01
210.370000,-1.05883975e+02,-7.44686428e+01
210.375000,-1.05882941e+02,-7.44676081e+01
210.380000,-1.05881908e+02,-7.44665751e+01
210.385000,-1.05880876e+02,-7.44655434e+01
210.390000,-1.05879845e+02,-7.44645126e+01
210.395000,-1.05878815e+02,-7.44634826e+01
210.400000,-1.05877785e+02,-7.44624528e+01
210.405000,-1.05876756e+02,-7.44614232e+01
210.410000,-1.05875726e+02,-7.44603934e+01
210.415000,-1.05874696e+02,-7.44593633e+01
210.420000,-1.05873665e+02,-7.44583327e+01
210.425000,-1.05872634e+02,-7.44573013e+01
210.430000,-1.05871602e+02,-7.44562693e+01
210.435000,-1.05870569e+02,-7.44552366e+01
210.440000,-1.05869536e+02,-7.44542035e+01
210.445000,-1.05868503e+02,-7.44531702e+01
210.450000,-1.05867469e+02,-7.44521369e+01
210.455000,-1.05866436e+02,-7.44511038e+01
210.460000,-1.05865403e+02,-7.44500710e+01
210.465000,-1.05864371e+02,-7.44490384e+01
210.470000,-1.05863338e+02,-7.44480059e+01
210.475000,-1.05862306e+02,-7.44469732e+01
210.480000,-1.05861272e+02,-7.44459399e+01
210.485000,-1.05860238e+02,-7.44449057e+01
210.490000,-1.05859203e+02,-7.44438703e+01
210.495000,-1.05858166e+02,-7.44428337e+01
210.500000,-1.05857128e+02,-7.44417957e+01
210.505000,-1.05856089e+02,-7.44407564e+01
210.510000,-1.05855048e+02,-7.44397156e+01
210.515000,-1.05854006e+02,-7.44386735e+01
210.520000,-1.05852962e+02,-7.44376300e+01
210.525000,-1.05851917e+02,-7.44365851e+01
210.530000,-1.05850871e+02,-7.44355388e+01
210.535000,-1.05849824e+02,-7.44344913e+01
210.540000,-1.05848775e+02,-7.44334426e+01
210.545000,-1.05847725e+02,-7.44323929e+01
210.550000,-1.05846674e+02,-7.44313420e+01
210.555000,-1.05845622e+02,-7.44302900e+01
210.560000,-1.05844569e+02,-7.44292371e+01
210.565000,-1.05843516e+02,-7.44281832e+01
210.570000,-1.05842461e+02,-7.44271286e+01
210.575000,-1.05841406e+02,-7.44260736e+01
210.580000,-1.05840351e+02,-7.44250186e+01
210.585000,-1.05839296e+02,-7.44239637e+01
210.590000,-1.05838241e+02,-7.44229091e+01
210.595000,-1.05837187e+02,-7.44218549e+01
210.600000,-1.05836133e+02,-7.44208010e+01
210.605000,-1.05835079e+02,-7.44197472e+01
210.610000,-1.05834025e+02,-7.44186931e+01
210.615000,-1.05832971e+02,-7.44176391e+01
210.620000,-1.05831917e+02,-7.44165850e+01
210.625000,-1.05830863e+02,-7.44155312e+01
210.630000,-1.05829810e+02,-7.44144776e+01
210.635000,-1.05828757e+02,-7.44134249e+01
210.640000,-1.05827706e+02,-7.44123737e+01
210.645000,-1.05826657e+02,-7.44113249e+01
210.650000,-1.05825612e+02,-7.44102798e+01
210.655000,-1.05824572e+02,-7.44092396e+01
210.660000,-1.05823538e+02,-7.44082056e+01
210.665000,-1.05822511e+02,-7.44071789e+01
210.670000,-1.05821492e+02,-7.44061603e+01
210.675000,-1.05820483e+02,-7.44051504e+01
210.680000,-1.05819482e+02,-7.44041500e+01
210.685000,-1.05818491e+02,-7.44031594e+01
210.690000,-1.05817511e+02,-7.44021791e+01
210.695000,-1.05816541e+02,-7.44012094e+01
210.700000,-1.05815583e+02,-7.44002506e+01
210.705000,-1.05814635e+02,-7.43993028e+01
210.710000,-1.05813698e+02,-7.43983659e+01
210.715000,-1.05812772e+02,-7.43974396e+01
210.720000,-1.05811856e+02,-7.43965238e+01
210.725000,-1.05810950e+02,-7.43956182e+01
210.730000,-1.05810055e+02,-7.43947227e+01
210.735000,-1.05809169e+02,-7.43938374e+01
210.740000,-1.05808294e+02,-7.43929620e+01
210.745000,-1.05807428e+02,-7.43920964e+01
210.750000,-1.05806572e+02,-7.43912402e+01
210.755000,-1.05805725e+02,-7.43903929e+01
210.760000,-1.05804886e+02,-7.43895537e+01
210.765000,-1.05804054e+02,-7.43887220e+01
210.770000,-1.05803229e+02,-7.43878970e+01
210.775000,-1.05802410e+02,-7.43870781e+01
210.780000,-1.05801597e+02,-7.43862646e+01
210.785000,-1.05800788e+02,-7.43854562e+01
210.790000,-1.05799985e+02,-7.43846526e+01
210.795000,-1.05799185e+02,-7.43838535e+01
210.800000,-1.05798390e+02,-7.43830585e+01
210.805000,-1.05797599e+02,-7.43822671e+01
210.810000,-1.05796811e+02,-7.43814790e+01
210.815000,-1.05796026e+02,-7.43806937e+01
210.820000,-1.05795243e+02,-7.43799108e+01
210.825000,-1.05794462e+02,-7.43791301e+01
210.830000,-1.05793683e+02,-7.43783512e+01
210.835000,-1.05792906e+02,-7.43775736e+01
210.840000,-1.05792129e+02,-7.43767973e+01
210.845000,-1.05791353e+02,-7.43760216e+01
210.850000,-1.05790578e+02,-7.43752463e+01
210.855000,-1.05789803e+02,-7.43744713e+01
210.860000,-1.05789028e+02,-7.43736963e+01
210.865000,-1.05788253e+02,-7.43729212e+01
210.870000,-1.05787478e+02,-7.43721460e+01
210.875000,-1.05786702e+02,-7.43713704e+01
210.880000,-1.05785926e+02,-7.43705943e+01
210.885000,-1.05785149e+02,-7.43698175e+01
210.890000,-1.05784373e+02,-7.43690409e+01
210.895000,-1.05783598e+02,-7.43682659e+01
210.900000,-1.05782826e+02,-7.43674943e+01
210.905000,-1.05782059e+02,-7.43667275e+01
210.910000,-1.05781299e+02,-7.43659668e+01
210.915000,-1.05780545e+02,-7.43652130e+01
210.920000,-1.05779798e+02,-7.43644664e+01
210.925000,-1.05779059e+02,-7.43637272e+01
210.930000,-1.05778328e+02,-7.43629959e+01
210.935000,-1.05777605e+02,-7.43622731e+01
210.940000,-1.05776891e+02,-7.43615591e+01
210.945000,-1.05776186e+02,-7.43608538e+01
210.950000,-1.05775489e+02,-7.43601570e+01
210.955000,-1.05774799e+02,-7.43594677e+01
210.960000,-1.05774117e+02,-7.43587853e+01
210.965000,-1.05773441e+02,-7.43581090e+01
210.970000,-1.05772770e+02,-7.43574378e+01
210.975000,-1.05772103e+02,-7.43567710e+01
210.980000,-1.05771440e+02,-7.43561079e+01
210.985000,-1.05770779e+02,-7.43554473e+01
210.990000,-1.05770120e+02,-7.43547884e+01
210.995000,-1.05769463e+02,-7.43541309e+01
211.000000,-1.05768807e+02,-7.43534750e+01
211.005000,-1.05768152e+02,-7.43528209e+01
211.010000,-1.05767500e+02,-7.43521688e+01
211.015000,-1.05766851e+02,-7.43515191e+01
211.020000,-1.05766203e+02,-7.43508715e+01
211.025000,-1.05765557e+02,-7.43502253e+01
211.030000,-1.05764912e+02,-7.43495800e+01
211.035000,-1.05764267e+02,-7.43489350e+01
211.040000,-1.05763621e+02,-7.43482891e+01
211.045000,-1.05762973e+02,-7.43476418e+01
211.050000,-1.05762324e+02,-7.43469924e+01
211.055000,-1.05761672e+02,-7.43463405e+01
211.060000,-1.05761017e+02,-7.43456858e+01
211.065000,-1.05760360e+02,-7.43450285e+01
211.070000,-1.05759700e+02,-7.43443688e+01
211.075000,-1.05759038e+02,-7.43437065e+01
211.080000,-1.05758373e+02,-7.43430419e+01
211.085000,-1.05757707e+02,-7.43423752e+01
211.090000,-1.05757038e+02,-7.43417068e+01
211.095000,-1.05756369e+02,-7.43410371e+01
211.100000,-1.05755698e+02,-7.43403665e+01
211.105000,-1.05755027e+02,-7.43396952e+01
211.110000,-1.05754355e+02,-7.43390240e+01
211.115000,-1.05753685e+02,-7.43383533e+01
211.120000,-1.05753015e+02,-7.43376838e+01
211.125000,-1.05752348e+02,-7.43370161e+01
211.130000,-1.05751681e+02,-7.43363499e+01
211.135000,-1.05751017e+02,-7.43356850e+01
211.140000,-1.05750353e+02,-7.43350214e+01
211.145000,-1.05749690e+02,-7.43343587e+01
211.150000,-1.05749028e+02,-7.43336966e+01
211.155000,-1.05748366e+02,-7.43330348e+01
211.160000,-1.05747704e+02,-7.43323728e+01
211.165000,-1.05747041e+02,-7.43317097e+01
211.170000,-1.05746377e+02,-7.43310454e+01
211.175000,-1.05745711e+02,-7.43303793e+01
211.180000,-1.05745043e+02,-7.43297115e+01
211.185000,-1.05744374e+02,-7.43290422e+01
211.190000,-1.05743704e+02,-7.43283721e+01
211.195000,-1.05743034e+02,-7.43277022e+01
211.200000,-1.05742365e+02,-7.43270335e+01
211.205000,-1.05741698e+02,-7.43263666e+01
211.210000,-1.05741034e+02,-7.43257025e+01
211.215000,-1.05740373e+02,-7.43250417e+01
211.220000,-1.05739716e+02,-7.43243849e+01
211.225000,-1.05739064e+02,-7.43237326e+01
211.230000,-1.05738417e+02,-7.43230854e+01
211.235000,-1.05737775e+02,-7.43224432e+01
211.240000,-1.05737138e+02,-7.43218061e+01
211.245000,-1.05736506e+02,-7.43211744e+01
211.250000,-1.05735879e+02,-7.43205479e+01
211.255000,-1.05735258e+02,-7.43199265e+01
211.260000,-1.05734642e+02,-7.43193105e+01
211.265000,-1.05734031e+02,-7.43186997e+01
211.270000,-1.05733425e+02,-7.43180934e+01
211.275000,-1.05732823e+02,-7.43174913e+01
211.280000,-1.05732224e+02,-7.43168929e+01
211.285000,-1.05731629e+02,-7.43162976e+01
211.290000,-1.05731036e+02,-7.43157052e+01
211.295000,-1.05730447e+02,-7.43151154e+01
211.300000,-1.05729859e+02,-7.43145281e+01
211.305000,-1.05729274e+02,-7.43139429e+01
211.310000,-1.05728691e+02,-7.43133594e+01
211.315000,-1.05728109e+02,-7.43127773e+01
211.320000,-1.05727527e+02,-7.43121960e+01
211.325000,-1.05726946e+02,-7.43116151e+01
211.330000,-1.05726366e+02,-7.43110344e+01
211.335000,-1.05725785e+02,-7.43104541e+01
211.340000,-1.05725206e+02,-7.43098750e+01
211.345000,-1.05724630e+02,-7.43092987e+01
211.350000,-1.05724058e+02,-7.43087267e+01
211.355000,-1.05723491e+02,-7.43081601e+01
211.360000,-1.05722931e+02,-7.43075997e+01
211.365000,-1.05722377e+02,-7.43070463e+01
211.370000,-1.05721831e+02,-7.43064999e+01
211.375000,-1.05721291e+02,-7.43059603e+01
211.380000,-1.05720758e+02,-7.43054269e+01
211.385000,-1.05720230e+02,-7.43048989e+01
211.390000,-1.05719707e+02,-7.43043753e+01
211.395000,-1.05719186e+02,-7.43038551e+01
211.400000,-1.05718669e+02,-7.43033377e+01
211.405000,-1.05718154e+02,-7.43028230e+01
211.410000,-1.05717642e+02,-7.43023104e+01
211.415000,-1.05717131e+02,-7.43017999e+01
211.420000,-1.05716623e+02,-7.43012913e+01
211.425000,-1.05716116e+02,-7.43007845e+01
211.430000,-1.05715610e+02,-7.43002791e+01
211.435000,-1.05715106e+02,-7.42997749e+01
211.440000,-1.05714603e+02,-7.42992719e+01
211.445000,-1.05714101e+02,-7.42987697e+01
211.450000,-1.05713600e+02,-7.42982684e+01
211.455000,-1.05713099e+02,-7.42977678e+01
211.460000,-1.05712599e+02,-7.42972679e+01
211.465000,-1.05712100e+02,-7.42967684e+01
211.470000,-1.05711600e+02,-7.42962692e+01
211.475000,-1.05711101e+02,-7.42957698e+01
211.480000,-1.05710601e+02,-7.42952696e+01
211.485000,-1.05710099e+02,-7.42947683e+01
211.490000,-1.05709597e+02,-7.42942660e+01
211.495000,-1.05709093e+02,-7.42937623e+01
211.500000,-1.05708588e+02,-7.42932569e+01
211.505000,-1.05708080e+02,-7.42927492e+01
211.510000,-1.05707570e+02,-7.42922387e+01
211.515000,-1.05707056e+02,-7.42917247e+01
211.520000,-1.05706538e+02,-7.42912072e+01
211.525000,-1.05706017e+02,-7.42906856e+01
211.530000,-1.05705491e+02,-7.42901601e+01
211.535000,-1.05704961e+02,-7.42896303e+01
211.540000,-1.05704427e+02,-7.42890962e+01
211.545000,-1.05703889e+02,-7.42885580e+01
211.550000,-1.05703347e+02,-7.42880156e+01
211.555000,-1.05702801e+02,-7.42874697e+01
211.560000,-1.05702252e+02,-7.42869208e+01
211.565000,-1.05701700e+02,-7.42863694e+01
211.570000,-1.05701147e+02,-7.42858156e+01
211.575000,-1.05700591e+02,-7.42852597e+01
211.580000,-1.05700033e+02,-7.42847024e+01
211.585000,-1.05699475e+02,-7.42841438e+01
211.590000,-1.05698916e+02,-7.42835852e+01
211.595000,-1.05698358e+02,-7.42830272e+01
211.600000,-1.05697802e+02,-7.42824710e+01
211.605000,-1.05697249e+02,-7.42819176e+01
211.610000,-1.05696699e+02,-7.42813680e+01
211.615000,-1.05696154e+02,-7.42808229e+01
211.620000,-1.05695613e+02,-7.42802821e+01
211.625000,-1.05695077e+02,-7.42797456e+01
211.630000,-1.05694544e+02,-7.42792127e+01
211.635000,-1.05694014e+02,-7.42786830e+01
211.640000,-1.05693487e+02,-7.42781556e+01
211.645000,-1.05692961e+02,-7.42776298e+01
211.650000,-1.05692436e+02,-7.42771052e+01
211.655000,-1.05691912e+02,-7.42765806e+01
211.660000,-1.05691386e+02,-7.42760554e+01
211.665000,-1.05690860e+02,-7.42755288e+01
211.670000,-1.05690331e+02,-7.42750002e+01
211.675000,-1.05689799e+02,-7.42744684e+01
211.680000,-1.05689264e+02,-7.42739328e+01
211.685000,-1.05688724e+02,-7.42733928e+01
211.690000,-1.05688178e+02,-7.42728474e+01
211.695000,-1.05687628e+02,-7.42722969e+01
211.700000,-1.05687072e+02,-7.42717415e+01
211.705000,-1.05686513e+02,-7.42711820e+01
211.710000,-1.05685950e+02,-7.42706187e+01
211.715000,-1.05685383e+02,-7.42700521e+01
211.720000,-1.05684813e+02,-7.42694822e+01
211.725000,-1.05684240e+02,-7.42689090e+01
211.730000,-1.05683664e+02,-7.42683327e+01
211.735000,-1.05683084e+02,-7.42677535e+01
211.740000,-1.05682503e+02,-7.42671718e+01
211.745000,-1.05681919e+02,-7.42665879e+01
211.750000,-1.05681333e+02,-7.42660023e+01
211.755000,-1.05680746e+02,-7.42654153e+01
211.760000,-1.05680158e+02,-7.42648269e+01
211.765000,-1.05679568e+02,-7.42642374e+01
211.770000,-1.05678978e+02,-7.42636467e+01
211.775000,-1.05678385e+02,-7.42630545e+01
211.780000,-1.05677791e+02,-7.42624603e+01
211.785000,-1.05677194e+02,-7.42618635e+01
211.790000,-1.05676595e+02,-7.42612640e+01
211.795000,-1.05675992e+02,-7.42606612e+01
211.800000,-1.05675386e+02,-7.42600553e+01
211.805000,-1.05674777e+02,-7.42594461e+01
211.810000,-1.05674165e+02,-7.42588339e+01
211.815000,-1.05673550e+02,-7.42582189e+01
211.820000,-1.05672932e+02,-7.42576010e+01
211.825000,-1.05672311e+02,-7.42569800e+01
211.830000,-1.05671686e+02,-7.42563553e+01
211.835000,-1.05671058e+02,-7.42557270e+01
211.840000,-1.05670426e+02,-7.42550949e+01
211.845000,-1.05669790e+02,-7.42544590e+01
211.850000,-1.05669150e+02,-7.42538194e+01
211.855000,-1.05668507e+02,-7.42531763e+01
211.860000,-1.05667860e+02,-7.42525295e+01
211.865000,-1.05667209e+02,-7.42518782e+01
211.870000,-1.05666553e+02,-7.42512221e+01
211.875000,-1.05665892e+02,-7.42505609e+01
211.880000,-1.05665226e+02,-7.42498948e+01
211.885000,-1.05664555e+02,-7.42492244e+01
211.890000,-1.05663882e+02,-7.42485511e+01
211.895000,-1.05663207e+02,-7.42478760e+01
211.900000,-1.05662531e+02,-7.42472003e+01
211.905000,-1.05661856e+02,-7.42465253e+01
211.910000,-1.05661183e+02,-7.42458520e+01
211.915000,-1.05660512e+02,-7.42451808e+01
211.920000,-1.05659843e+02,-7.42445118e+01
211.925000,-1.05659176e+02,-7.42438455e+01
211.930000,-1.05658512e+02,-7.42431817e+01
211.935000,-1.05657851e+02,-7.42425206e+01
211.940000,-1.05657193e+02,-7.42418628e+01
211.945000,-1.05656539e+02,-7.42412087e+01
211.950000,-1.05655889e+02,-7.42405584e+01
211.955000,-1.05655242e+02,-7.42399116e+01
211.960000,-1.05654598e+02,-7.42392677e+01
211.965000,-1.05653956e+02,-7.42386253e+01
211.970000,-1.05653314e+02,-7.42379832e+01
211.975000,-1.05652671e+02,-7.42373407e+01
211.980000,-1.05652028e+02,-7.42366971e+01
211.985000,-1.05651383e+02,-7.42360520e+01
211.990000,-1.05650736e+02,-7.42354048e+01
211.995000,-1.05650086e+02,-7.42347557e+01
212.000000,-1.05649435e+02,-7.42341043e+01
212.005000,-1.05648781e+02,-7.42334500e+01
212.010000,-1.05648124e+02,-7.42327932e+01
212.015000,-1.05647465e+02,-7.42321341e+01
212.020000,-1.05646804e+02,-7.42314733e+01
212.025000,-1.05646141e+02,-7.42308109e+01
212.030000,-1.05645478e+02,-7.42301473e+01
212.035000,-1.05644813e+02,-7.42294819e+01
212.040000,-1.05644145e+02,-7.42288145e+01
212.045000,-1.05643475e+02,-7.42281448e+01
212.050000,-1.05642803e+02,-7.42274726e+01
212.055000,-1.05642128e+02,-7.42267979e+01
212.060000,-1.05641451e+02,-7.42261207e+01
212.065000,-1.05640772e+02,-7.42254411e+01
212.070000,-1.05640089e+02,-7.42247587e+01
212.075000,-1.05639403e+02,-7.42240726e+01
212.080000,-1.05638713e+02,-7.42233823e+01
212.085000,-1.05638018e+02,-7.42226874e+01
212.090000,-1.05637318e+02,-7.42219874e+01
212.095000,-1.05636613e+02,-7.42212824e+01
212.100000,-1.05635904e+02,-7.42205731e+01
212.105000,-1.05635190e+02,-7.42198598e+01
212.110000,-1.05634474e+02,-7.42191431e+01
212.115000,-1.05633754e+02,-7.42184238e+01
212.120000,-1.05633034e+02,-7.42177030e+01
212.125000,-1.05632312e+02,-7.42169811e+01
212.130000,-1.05631590e+02,-7.42162591e+01
212.135000,-1.05630868e+02,-7.42155379e+01
212.140000,-1.05630148e+02,-7.42148174e+01
212.145000,-1.05629429e+02,-7.42140987e+01
212.150000,-1.05628712e+02,-7.42133814e+01
212.155000,-1.05627995e+02,-7.42126643e+01
212.160000,-1.05627277e+02,-7.42119464e+01
212.165000,-1.05626558e+02,-7.42112272e+01
212.170000,-1.05625838e+02,-7.42105073e+01
212.175000,-1.05625118e+02,-7.42097874e+01
212.180000,-1.05624399e+02,-7.42090682e+01
212.185000,-1.05623681e+02,-7.42083502e+01
212.190000,-1.05622966e+02,-7.42076353e+01
212.195000,-1.05622254e+02,-7.42069234e+01
212.200000,-1.05621544e+02,-7.42062140e+01
212.205000,-1.05620837e+02,-7.42055066e+01
212.210000,-1.05620131e+02,-7.42048005e+01
212.215000,-1.05619426e+02,-7.42040959e+01
212.220000,-1.05618724e+02,-7.42033936e+01
212.225000,-1.05618024e+02,-7.42026938e+01
212.230000,-1.05617327e+02,-7.42019964e+01
212.235000,-1.05616633e+02,-7.42013025e+01
212.240000,-1.05615942e+02,-7.42006121e+01
212.245000,-1.05615255e+02,-7.41999241e+01
212.250000,-1.05614568e+02,-7.41992377e+01
212.255000,-1.05613883e+02,-7.41985527e+01
212.260000,-1.05613200e+02,-7.41978692e+01
212.265000,-1.05612518e+02,-7.41971878e+01
212.270000,-1.05611838e+02,-7.41965081e+01
212.275000,-1.05611162e+02,-7.41958313e+01
212.280000,-1.05610487e+02,-7.41951562e+01
212.285000,-1.05609812e+02,-7.41944813e+01
212.290000,-1.05609136e+02,-7.41938053e+01
212.295000,-1.05608457e+02,-7.41931271e+01
212.300000,-1.05607777e+02,-7.41924464e+01
212.305000,-1.05607093e+02,-7.41917628e+01
212.310000,-1.05606406e+02,-7.41910756e+01
212.315000,-1.05605715e+02,-7.41903851e+01
212.320000,-1.05605020e+02,-7.41896898e+01
212.325000,-1.05604319e+02,-7.41889883e+01
212.330000,-1.05603610e+02,-7.41882796e+01
212.335000,-1.05602894e+02,-7.41875633e+01
212.340000,-1.05602171e+02,-7.41868406e+01
212.345000,-1.05601444e+02,-7.41861137e+01
212.350000,-1.05600714e+02,-7.41853837e+01
212.355000,-1.05599984e+02,-7.41846534e+01
212.360000,-1.05599254e+02,-7.41839238e+01
212.365000,-1.05598525e+02,-7.41831950e+01
212.370000,-1.05597797e+02,-7.41824670e+01
212.375000,-1.05597070e+02,-7.41817399e+01
212.380000,-1.05596345e+02,-7.41810149e+01
212.385000,-1.05595623e+02,-7.41802925e+01
212.390000,-1.05594903e+02,-7.41795728e+01
212.395000,-1.05594187e+02,-7.41788571e+01
212.400000,-1.05593475e+02,-7.41781447e+01
212.405000,-1.05592765e+02,-7.41774347e+01
212.410000,-1.05592056e+02,-7.41767254e+01
212.415000,-1.05591346e+02,-7.41760158e+01
212.420000,-1.05590636e+02,-7.41753055e+01
212.425000,-1.05589924e+02,-7.41745940e+01
212.430000,-1.05589210e+02,-7.41738803e+01
212.435000,-1.05588496e+02,-7.41731656e+01
212.440000,-1.05587779e+02,-7.41724491e+01
212.445000,-1.05587060e+02,-7.41717301e+01
212.450000,-1.05586339e+02,-7.41710084e+01
212.455000,-1.05585614e+02,-7.41702837e+01
212.460000,-1.05584887e+02,-7.41695567e+01
212.465000,-1.05584158e+02,-7.41688280e+01
212.470000,-1.05583428e+02,-7.41680975e+01
212.475000,-1.05582701e+02,-7.41673710e+01
212.480000,-1.05581974e+02,-7.41666438e+01
212.485000,-1.05581243e+02,-7.41659125e+01
212.490000,-1.05580511e+02,-7.41651808e+01
212.495000,-1.05579785e+02,-7.41644547e+01
212.500000,-1.05579073e+02,-7.41637434e+01
212.505000,-1.05578386e+02,-7.41630560e+01
212.510000,-1.05577728e+02,-7.41623978e+01
212.515000,-1.05577104e+02,-7.41617735e+01
212.520000,-1.05576513e+02,-7.41611828e+01
212.525000,-1.05575953e+02,-7.41606229e+01
212.530000,-1.05575420e+02,-7.41600899e+01
212.535000,-1.05574910e+02,-7.41595797e+01
212.540000,-1.05574420e+02,-7.41590900e+01
212.545000,-1.05573947e+02,-7.41586173e+01
212.550000,-1.05573487e+02,-7.41581568e+01
212.555000,-1.05573037e+02,-7.41577067e+01
212.560000,-1.05572593e+02,-7.41572628e+01
212.565000,-1.05572152e+02,-7.41568216e+01
212.570000,-1.05571712e+02,-7.41563821e+01
212.575000,-1.05571273e+02,-7.41559430e+01
212.580000,-1.05570834e+02,-7.41555042e+01
212.585000,-1.05570396e+02,-7.41550661e+01
212.590000,-1.05569958e+02,-7.41546281e+01
212.595000,-1.05569521e+02,-7.41541909e+01
212.600000,-1.05569085e+02,-7.41537553e+01
212.605000,-1.05568649e+02,-7.41533191e+01
212.610000,-1.05568211e+02,-7.41528808e+01
212.615000,-1.05567769e+02,-7.41524391e+01
212.620000,-1.05567324e+02,-7.41519940e+01
212.625000,-1.05566878e+02,-7.41515476e+01
212.630000,-1.05566430e+02,-7.41511003e+01
212.635000,-1.05565984e+02,-7.41506540e+01
212.640000,-1.05565541e+02,-7.41502108e+01
212.645000,-1.05565100e+02,-7.41497699e+01
212.650000,-1.05564662e+02,-7.41493316e+01
212.655000,-1.05564226e+02,-7.41488956e+01
212.660000,-1.05563793e+02,-7.41484633e+01
212.665000,-1.05563365e+02,-7.41480353e+01
212.670000,-1.05562941e+02,-7.41476114e+01
212.675000,-1.05562523e+02,-7.41471934e+01
212.680000,-1.05562108e+02,-7.41467783e+01
212.685000,-1.05561693e+02,-7.41463633e+01
212.690000,-1.05561277e+02,-7.41459467e+01
212.695000,-1.05560858e+02,-7.41455281e+01
212.700000,-1.05560440e+02,-7.41451100e+01
212.705000,-1.05560023e+02,-7.41446933e+01
212.710000,-1.05559607e+02,-7.41442773e+01
212.715000,-1.05559193e+02,-7.41438631e+01
212.720000,-1.05558779e+02,-7.41434494e+01
212.725000,-1.05558364e+02,-7.41430341e+01
212.730000,-1.05557947e+02,-7.41426171e+01
212.735000,-1.05557527e+02,-7.41421974e+01
212.740000,-1.05557105e+02,-7.41417751e+01
212.745000,-1.05556680e+02,-7.41413504e+01
212.750000,-1.05556253e+02,-7.41409229e+01
212.755000,-1.05555823e+02,-7.41404932e+01
212.760000,-1.05555392e+02,-7.41400618e+01
212.765000,-1.05554956e+02,-7.41396266e+01
212.770000,-1.05554515e+02,-7.41391856e+01
212.775000,-1.05554067e+02,-7.41387371e+01
212.780000,-1.05553611e+02,-7.41382811e+01
212.785000,-1.05553149e+02,-7.41378193e+01
212.790000,-1.05552681e+02,-7.41373516e+01
212.795000,-1.05552209e+02,-7.41368787e+01
212.800000,-1.05551731e+02,-7.41364007e+01
212.805000,-1.05551246e+02,-7.41359164e+01
212.810000,-1.05550757e+02,-7.41354272e+01
212.815000,-1.05550266e+02,-7.41349365e+01
212.820000,-1.05549779e+02,-7.41344493e+01
212.825000,-1.05549299e+02,-7.41339693e+01
212.830000,-1.05548828e+02,-7.41334985e+01
212.835000,-1.05548369e+02,-7.41330390e+01
212.840000,-1.05547917e+02,-7.41325875e+01
212.845000,-1.05547471e+02,-7.41321414e+01
212.850000,-1.05547029e+02,-7.41316988e+01
212.855000,-1.05546589e+02,-7.41312596e+01
212.860000,-1.05546155e+02,-7.41308255e+01
212.865000,-1.05545726e+02,-7.41303960e+01
212.870000,-1.05545298e+02,-7.41299686e+01
212.875000,-1.05544875e+02,-7.41295450e+01
212.880000,-1.05544450e+02,-7.41291199e+01
212.885000,-1.05544019e+02,-7.41286891e+01
212.890000,-1.05543585e+02,-7.41282552e+01
212.895000,-1.05543151e+02,-7.41278213e+01
212.900000,-1.05542721e+02,-7.41273918e+01
212.905000,-1.05542300e+02,-7.41269701e+01
212.910000,-1.05541888e+02,-7.41265578e+01
212.915000,-1.05541486e+02,-7.41261568e+01
212.920000,-1.05541096e+02,-7.41257660e+01
212.925000,-1.05540712e+02,-7.41253820e+01
212.930000,-1.05540335e+02,-7.41250050e+01
212.935000,-1.05539961e+02,-7.41246316e+01
212.940000,-1.05539590e+02,-7.41242601e+01
212.945000,-1.05539217e+02,-7.41238873e+01
212.950000,-1.05538842e+02,-7.41235118e+01
212.955000,-1.05538463e+02,-7.41231336e+01
212.960000,-1.05538083e+02,-7.41227533e+01
212.965000,-1.05537700e+02,-7.41223701e+01
212.970000,-1.05537316e+02,-7.41219868e+01
212.975000,-1.05536932e+02,-7.41216023e+01
212.980000,-1.05536545e+02,-7.41212158e+01
212.985000,-1.05536155e+02,-7.41208252e+01
212.990000,-1.05535761e+02,-7.41204317e+01
212.995000,-1.05535365e+02,-7.41200350e+01
213.000000,-1.05534963e+02,-7.41196337e+01
213.005000,-1.05534559e+02,-7.41192297e+01
213.010000,-1.05534150e+02,-7.41188204e+01
213.015000,-1.05533734e+02,-7.41184046e+01
213.020000,-1.05533310e+02,-7.41179804e+01
213.025000,-1.05532877e+02,-7.41175478e+01
213.030000,-1.05532438e+02,-7.41171088e+01
213.035000,-1.05531993e+02,-7.41166632e+01
213.040000,-1.05531544e+02,-7.41162141e+01
213.045000,-1.05531091e+02,-7.41157618e+01
213.050000,-1.05530637e+02,-7.41153073e+01
213.055000,-1.05530181e+02,-7.41148516e+01
213.060000,-1.05529727e+02,-7.41143977e+01
213.065000,-1.05529276e+02,-7.41139463e+01
213.070000,-1.05528827e+02,-7.41134973e+01
213.075000,-1.05528384e+02,-7.41130544e+01
213.080000,-1.05527946e+02,-7.41126167e+01
213.085000,-1.05527513e+02,-7.41121834e+01
213.090000,-1.05527082e+02,-7.41117521e+01
213.095000,-1.05526652e+02,-7.41113222e+01
213.100000,-1.05526224e+02,-7.41108941e+01
213.105000,-1.05525797e+02,-7.41104670e+01
213.110000,-1.05525370e+02,-7.41100400e+01
213.115000,-1.05524945e+02,-7.41096149e+01
213.120000,-1.05524517e+02,-7.41091872e+01
213.125000,-1.05524082e+02,-7.41087524e+01
213.130000,-1.05523637e+02,-7.41083074e+01
213.135000,-1.05523183e+02,-7.41078535e+01
213.140000,-1.05522722e+02,-7.41073920e+01
213.145000,-1.05522252e+02,-7.41069225e+01
213.150000,-1.05521776e+02,-7.41064467e+01
213.155000,-1.05521293e+02,-7.41059630e+01
213.160000,-1.05520800e+02,-7.41054706e+01
213.165000,-1.05520297e+02,-7.41049670e+01
213.170000,-1.05519783e+02,-7.41044530e+01
213.175000,-1.05519261e+02,-7.41039319e+01
213.180000,-1.05518736e+02,-7.41034065e+01
213.185000,-1.05518212e+02,-7.41028820e+01
213.190000,-1.05517688e+02,-7.41023582e+01
213.195000,-1.05517163e+02,-7.41018331e+01
213.200000,-1.05516634e+02,-7.41013044e+01
213.205000,-1.05516103e+02,-7.41007738e+01
213.210000,-1.05515570e+02,-7.41002404e+01
213.215000,-1.05515032e+02,-7.40997024e+01
213.220000,-1.05514491e+02,-7.40991615e+01
213.225000,-1.05513945e+02,-7.40986154e+01
213.230000,-1.05513392e+02,-7.40980625e+01
213.235000,-1.05512831e+02,-7.40975016e+01
213.240000,-1.05512264e+02,-7.40969342e+01
213.245000,-1.05511693e+02,-7.40963631e+01
213.250000,-1.05511118e+02,-7.40957880e+01
213.255000,-1.05510540e+02,-7.40952102e+01
213.260000,-1.05509957e+02,-7.40946275e+01
213.265000,-1.05509368e+02,-7.40940382e+01
213.270000,-1.05508770e+02,-7.40934406e+01
213.275000,-1.05508166e+02,-7.40928370e+01
213.280000,-1.05507558e+02,-7.40922289e+01
213.285000,-1.05506946e+02,-7.40916168e+01
213.290000,-1.05506335e+02,-7.40910051e+01
213.295000,-1.05505724e+02,-7.40903944e+01
213.300000,-1.05505114e+02,-7.40897846e+01
213.305000,-1.05504505e+02,-7.40891754e+01
213.310000,-1.05503896e+02,-7.40885668e+01
213.315000,-1.05503289e+02,-7.40879594e+01
213.320000,-1.05502682e+02,-7.40873521e+01
213.325000,-1.05502077e+02,-7.40867473e+01
213.330000,-1.05501472e+02,-7.40861428e+01
213.335000,-1.05500865e+02,-7.40855360e+01
213.340000,-1.05500254e+02,-7.40849251e+01
213.345000,-1.05499639e+02,-7.40843097e+01
213.350000,-1.05499021e+02,-7.40836920e+01
213.355000,-1.05498401e+02,-7.40830717e+01
213.360000,-1.05497780e+02,-7.40824502e+01
213.365000,-1.05497159e+02,-7.40818295e+01
213.370000,-1.05496539e+02,-7.40812100e+01
213.375000,-1.05495924e+02,-7.40805941e+01
213.380000,-1.05495314e+02,-7.40799849e+01
213.385000,-1.05494714e+02,-7.40793844e+01
213.390000,-1.05494121e+02,-7.40787920e+01
213.395000,-1.05493539e+02,-7.40782095e+01
213.400000,-1.05492961e+02,-7.40776317e+01
213.405000,-1.05492382e+02,-7.40770523e+01
213.410000,-1.05491796e+02,-7.40764670e+01
213.415000,-1.05491207e+02,-7.40758778e+01
213.420000,-1.05490614e+02,-7.40752847e+01
213.425000,-1.05490016e+02,-7.40746866e+01
213.430000,-1.05489415e+02,-7.40740860e+01
213.435000,-1.05488811e+02,-7.40734819e+01
213.440000,-1.05488202e+02,-7.40728730e+01
213.445000,-1.05487588e+02,-7.40722587e+01
213.450000,-1.05486969e+02,-7.40716401e+01
213.455000,-1.05486349e+02,-7.40710197e+01
213.460000,-1.05485727e+02,-7.40703975e+01
213.465000,-1.05485106e+02,-7.40697762e+01
213.470000,-1.05484484e+02,-7.40691547e+01
213.475000,-1.05483861e+02,-7.40685317e+01
213.480000,-1.05483235e+02,-7.40679058e+01
213.485000,-1.05482609e+02,-7.40672798e+01
213.490000,-1.05481983e+02,-7.40666541e+01
213.495000,-1.05481356e+02,-7.40660268e+01
213.500000,-1.05480728e+02,-7.40653990e+01
213.505000,-1.05480098e+02,-7.40647688e+01
213.510000,-1.05479464e+02,-7.40641351e+01
213.515000,-1.05478828e+02,-7.40634990e+01
213.520000,-1.05478192e+02,-7.40628631e+01
213.525000,-1.05477558e+02,-7.40622290e+01
213.530000,-1.05476925e+02,-7.40615960e+01
213.535000,-1.05476296e+02,-7.40609666e+01
213.540000,-1.05475668e+02,-7.40603384e+01
213.545000,-1.05475037e+02,-7.40597079e+01
213.550000,-1.05474402e+02,-7.40590725e+01
213.555000,-1.05473761e+02,-7.40584317e+01
213.560000,-1.05473115e+02,-7.40577862e+01
213.565000,-1.05472463e+02,-7.40571338e+01
213.570000,-1.05471803e+02,-7.40564738e+01
213.575000,-1.05471136e+02,-7.40558069e+01
213.580000,-1.05470461e+02,-7.40551320e+01
213.585000,-1.05469779e+02,-7.40544497e+01
213.590000,-1.05469092e+02,-7.40537630e+01
213.595000,-1.05468405e+02,-7.40530757e+01
213.600000,-1.05467718e+02,-7.40523891e+01
213.605000,-1.05467037e+02,-7.40517075e+01
213.610000,-1.05466357e+02,-7.40510276e+01
213.615000,-1.05465674e+02,-7.40503446e+01
213.620000,-1.05464986e+02,-7.40496566e+01
213.625000,-1.05464296e+02,-7.40489670e+01
213.630000,-1.05463606e+02,-7.40482766e+01
213.635000,-1.05462912e+02,-7.40475831e+01
213.640000,-1.05462217e+02,-7.40468875e+01
213.645000,-1.05461516e+02,-7.40461865e+01
213.650000,-1.05460806e+02,-7.40454770e+01
213.655000,-1.05460086e+02,-7.40447568e+01
213.660000,-1.05459356e+02,-7.40440269e+01
213.665000,-1.05458618e+02,-7.40432891e+01
213.670000,-1.05457872e+02,-7.40425428e+01
213.675000,-1.05457119e+02,-7.40417903e+01
213.680000,-1.05456359e+02,-7.40410294e+01
213.685000,-1.05455586e+02,-7.40402568e+01
213.690000,-1.05454799e+02,-7.40394697e+01
213.695000,-1.05453999e+02,-7.40386700e+01
213.700000,-1.05453187e+02,-7.40378577e+01
213.705000,-1.05452361e+02,-7.40370316e+01
213.710000,-1.05451524e+02,-7.40361953e+01
213.715000,-1.05450680e+02,-7.40353506e+01
213.720000,-1.05449828e+02,-7.40344994e+01
213.725000,-1.05448974e+02,-7.40336446e+01
213.730000,-1.05448120e+02,-7.40327908e+01
213.735000,-1.05447271e+02,-7.40319416e+01
213.740000,-1.05446427e+02,-7.40310982e+01
213.745000,-1.05445593e+02,-7.40302640e+01
213.750000,-1.05444766e+02,-7.40294370e+01
213.755000,-1.05443944e+02,-7.40286147e+01
213.760000,-1.05443125e+02,-7.40277964e+01
213.765000,-1.05442312e+02,-7.40269833e+01
213.770000,-1.05441507e+02,-7.40261781e+01
213.775000,-1.05440709e+02,-7.40253797e+01
213.780000,-1.05439916e+02,-7.40245874e+01
213.785000,-1.05439129e+02,-7.40237999e+01
213.790000,-1.05438342e+02,-7.40230131e+01
213.795000,-1.05437553e+02,-7.40222239e+01
213.800000,-1.05436762e+02,-7.40214328e+01
213.805000,-1.05435971e+02,-7.40206417e+01
213.810000,-1.05435179e+02,-7.40198504e+01
213.815000,-1.05434391e+02,-7.40190617e+01
213.820000,-1.05433600e+02,-7.40182716e+01
213.825000,-1.05432804e+02,-7.40174750e+01
213.830000,-1.05431999e+02,-7.40166702e+01
213.835000,-1.05431191e+02,-7.40158622e+01
213.840000,-1.05430383e+02,-7.40150537e+01
213.845000,-1.05429573e+02,-7.40142443e+01
213.850000,-1.05428765e+02,-7.40134364e+01
213.855000,-1.05427956e+02,-7.40126273e+01
213.860000,-1.05427144e+02,-7.40118146e+01
213.865000,-1.05426326e+02,-7.40109967e+01
213.870000,-1.05425504e+02,-7.40101754e+01
213.875000,-1.05424682e+02,-7.40093532e+01
213.880000,-1.05423859e+02,-7.40085300e+01
213.885000,-1.05423036e+02,-7.40077075e+01
213.890000,-1.05422212e+02,-7.40068828e+01
213.895000,-1.05421381e+02,-7.40060522e+01
213.900000,-1.05420542e+02,-7.40052127e+01
213.905000,-1.05419695e+02,-7.40043663e+01
213.910000,-1.05418842e+02,-7.40035132e+01
213.915000,-1.05417981e+02,-7.40026519e+01
213.920000,-1.05417114e+02,-7.40017850e+01
213.925000,-1.05416241e+02,-7.40009122e+01
213.930000,-1.05415364e+02,-7.40000348e+01
213.935000,-1.05414483e+02,-7.39991544e+01
213.940000,-1.05413604e+02,-7.39982748e+01
213.945000,-1.05412727e+02,-7.39973980e+01
213.950000,-1.05411853e+02,-7.39965238e+01
213.955000,-1.05410983e+02,-7.39956542e+01
213.960000,-1.05410118e+02,-7.39947895e+01
213.965000,-1.05409255e+02,-7.39939266e+01
213.970000,-1.05408391e+02,-7.39930626e+01
213.975000,-1.05407527e+02,-7.39921980e+01
213.980000,-1.05406665e+02,-7.39913364e+01
213.985000,-1.05405810e+02,-7.39904808e+01
213.990000,-1.05404964e+02,-7.39896356e+01
213.995000,-1.05404125e+02,-7.39887967e+01
214.000000,-1.05403287e+02,-7.39879581e+01
214.005000,-1.05402447e+02,-7.39871179e+01
214.010000,-1.05401610e+02,-7.39862817e+01
214.015000,-1.05400781e+02,-7.39854525e+01
214.020000,-1.05399957e+02,-7.39846280e+01
214.025000,-1.05399138e+02,-7.39838093e+01
214.030000,-1.05398324e+02,-7.39829949e+01
214.035000,-1.05397512e+02,-7.39821839e+01
214.040000,-1.05396706e+02,-7.39813771e+01
214.045000,-1.05395905e+02,-7.39805768e+01
214.050000,-1.05395114e+02,-7.39797856e+01
214.055000,-1.05394334e+02,-7.39790052e+01
214.060000,-1.05393569e+02,-7.39782406e+01
214.065000,-1.05392819e+02,-7.39774903e+01
214.070000,-1.05392079e+02,-7.39767503e+01
214.075000,-1.05391346e+02,-7.39760171e+01
214.080000,-1.05390620e+02,-7.39752916e+01
214.085000,-1.05389902e+02,-7.39745737e+01
214.090000,-1.05389189e+02,-7.39738608e+01
214.095000,-1.05388482e+02,-7.39731534e+01
214.100000,-1.05387777e+02,-7.39724481e+01
214.105000,-1.05387070e+02,-7.39717411e+01
214.110000,-1.05386358e+02,-7.39710290e+01
214.115000,-1.05385641e+02,-7.39703127e+01
214.120000,-1.05384923e+02,-7.39695940e+01
214.125000,-1.05384202e+02,-7.39688730e+01
214.130000,-1.05383481e+02,-7.39681528e+01
214.135000,-1.05382760e+02,-7.39674311e+01
214.140000,-1.05382032e+02,-7.39667040e+01
214.145000,-1.05381298e+02,-7.39659691e+01
214.150000,-1.05380557e+02,-7.39652290e+01
214.155000,-1.05379812e+02,-7.39644837e+01
214.160000,-1.05379064e+02,-7.39637351e+01
214.165000,-1.05378313e+02,-7.39629849e+01
214.170000,-1.05377560e+02,-7.39622312e+01
214.175000,-1.05376802e+02,-7.39614738e+01
214.180000,-1.05376043e+02,-7.39607146e+01
214.185000,-1.05375283e+02,-7.39599550e+01
214.190000,-1.05374522e+02,-7.39591936e+01
214.195000,-1.05373760e+02,-7.39584320e+01
214.200000,-1.05372994e+02,-7.39576656e+01
214.205000,-1.05372218e+02,-7.39568895e+01
214.210000,-1.05371432e+02,-7.39561034e+01
214.215000,-1.05370642e+02,-7.39553140e+01
214.220000,-1.05369854e+02,-7.39545255e+01
214.225000,-1.05369066e+02,-7.39537374e+01
214.230000,-1.05368280e+02,-7.39529512e+01
214.235000,-1.05367494e+02,-7.39521653e+01
214.240000,-1.05366706e+02,-7.39513779e+01
214.245000,-1.05365916e+02,-7.39505879e+01
214.250000,-1.05365126e+02,-7.39497979e+01
214.255000,-1.05364339e+02,-7.39490107e+01
214.260000,-1.05363555e+02,-7.39482263e+01
214.265000,-1.05362777e+02,-7.39474484e+01
214.270000,-1.05362004e+02,-7.39466756e+01
214.275000,-1.05361233e+02,-7.39459046e+01
214.280000,-1.05360462e+02,-7.39451336e+01
214.285000,-1.05359694e+02,-7.39443656e+01
214.290000,-1.05358928e+02,-7.39435992e+01
214.295000,-1.05358163e+02,-7.39428348e+01
214.300000,-1.05357400e+02,-7.39420721e+01
214.305000,-1.05356637e+02,-7.39413092e+01
214.310000,-1.05355873e+02,-7.39405450e+01
214.315000,-1.05355109e+02,-7.39397807e+01
214.320000,-1.05354345e+02,-7.39390167e+01
214.325000,-1.05353584e+02,-7.39382562e+01
214.330000,-1.05352823e+02,-7.39374952e+01
214.335000,-1.05352056e+02,-7.39367281e+01
214.340000,-1.05351281e+02,-7.39359528e+01
214.345000,-1.05350502e+02,-7.39351739e+01
214.350000,-1.05349721e+02,-7.39343934e+01
214.355000,-1.05348939e+02,-7.39336103e+01
214.360000,-1.05348156e+02,-7.39328277e+01
214.365000,-1.05347380e+02,-7.39320517e+01
214.370000,-1.05346617e+02,-7.39312891e+01
214.375000,-1.05345887e+02,-7.39305585e+01
214.380000,-1.05345208e+02,-7.39298795e+01
214.385000,-1.05344585e+02,-7.39292571e+01
214.390000,-1.05344019e+02,-7.39286902e+01
214.395000,-1.05343496e+02,-7.39281671e+01
214.400000,-1.05343001e+02,-7.39276730e+01
214.405000,-1.05342526e+02,-7.39271973e+01
214.410000,-1.05342065e+02,-7.39267363e+01
214.415000,-1.05341615e+02,-7.39262866e+01
214.420000,-1.05341175e+02,-7.39258464e+01
214.425000,-1.05340740e+02,-7.39254122e+01
214.430000,-1.05340305e+02,-7.39249766e+01
214.435000,-1.05339862e+02,-7.39245343e+01
214.440000,-1.05339411e+02,-7.39240826e+01
214.445000,-1.05338947e+02,-7.39236189e+01
214.450000,-1.05338471e+02,-7.39231431e+01
214.455000,-1.05337978e+02,-7.39226496e+01
214.460000,-1.05337461e+02,-7.39221327e+01
214.465000,-1.05336918e+02,-7.39215899e+01
214.470000,-1.05336351e+02,-7.39210229e+01
214.475000,-1.05335759e+02,-7.39204311e+01
214.480000,-1.05335144e+02,-7.39198156e+01
214.485000,-1.05334504e+02,-7.39191766e+01
214.490000,-1.05333844e+02,-7.39185162e+01
214.495000,-1.05333168e+02,-7.39178398e+01
214.500000,-1.05332487e+02,-7.39171592e+01
214.505000,-1.05331812e+02,-7.39164839e+01
214.510000,-1.05331147e+02,-7.39158193e+01
214.515000,-1.05330489e+02,-7.39151607e+01
214.520000,-1.05329830e+02,-7.39145023e+01
214.525000,-1.05329170e+02,-7.39138418e+01
214.530000,-1.05328509e+02,-7.39131807e+01
214.535000,-1.05327845e+02,-7.39125171e+01
214.540000,-1.05327182e+02,-7.39118535e+01
214.545000,-1.05326524e+02,-7.39111958e+01
214.550000,-1.05325879e+02,-7.39105511e+01
214.555000,-1.05325253e+02,-7.39099247e+01
214.560000,-1.05324649e+02,-7.39093206e+01
214.565000,-1.05324067e+02,-7.39087391e+01
214.570000,-1.05323510e+02,-7.39081817e+01
214.575000,-1.05322969e+02,-7.39076415e+01
214.580000,-1.05322441e+02,-7.39071127e+01
214.585000,-1.05321921e+02,-7.39065935e+01
214.590000,-1.05321418e+02,-7.39060902e+01
214.595000,-1.05320932e+02,-7.39056039e+01
214.600000,-1.05320460e+02,-7.39051325e+01
214.605000,-1.05319996e+02,-7.39046686e+01
214.610000,-1.05319530e+02,-7.39042017e+01
214.615000,-1.05319053e+02,-7.39037256e+01
214.620000,-1.05318567e+02,-7.39032389e+01
214.625000,-1.05318069e+02,-7.39027419e+01
214.630000,-1.05317566e+02,-7.39022382e+01
214.635000,-1.05317051e+02,-7.39017233e+01
214.640000,-1.05316525e+02,-7.39011976e+01
214.645000,-1.05315993e+02,-7.39006653e+01
214.650000,-1.05315457e+02,-7.39001292e+01
214.655000,-1.05314916e+02,-7.38995882e+01
214.660000,-1.05314370e+02,-7.38990425e+01
214.665000,-1.05313818e+02,-7.38984909e+01
214.670000,-1.05313258e+02,-7.38979302e+01
214.675000,-1.05312691e+02,-7.38973630e+01
214.680000,-1.05312122e+02,-7.38967941e+01
214.685000,-1.05311557e+02,-7.38962292e+01
214.690000,-1.05311002e+02,-7.38956743e+01
214.695000,-1.05310452e+02,-7.38951240e+01
214.700000,-1.05309902e+02,-7.38945742e+01
214.705000,-1.05309352e+02,-7.38940245e+01
214.710000,-1.05308802e+02,-7.38934748e+01
214.715000,-1.05308249e+02,-7.38929214e+01
214.720000,-1.05307690e+02,-7.38923622e+01
214.725000,-1.05307121e+02,-7.38917932e+01
214.730000,-1.05306537e+02,-7.38912098e+01
214.735000,-1.05305940e+02,-7.38906126e+01
214.740000,-1.05305332e+02,-7.38900045e+01
214.745000,-1.05304715e+02,-7.38893872e+01
214.750000,-1.05304097e+02,-7.38887694e+01
214.755000,-1.05303479e+02,-7.38881518e+01
214.760000,-1.05302861e+02,-7.38875338e+01
214.765000,-1.05302244e+02,-7.38869167e+01
214.770000,-1.05301629e+02,-7.38863011e+01
214.775000,-1.05301011e+02,-7.38856832e+01
214.780000,-1.05300388e+02,-7.38850608e+01
214.785000,-1.05299757e+02,-7.38844299e+01
214.790000,-1.05299118e+02,-7.38837910e+01
214.795000,-1.05298478e+02,-7.38831506e+01
214.800000,-1.05297842e+02,-7.38825142e+01
214.805000,-1.05297209e+02,-7.38818817e+01
214.810000,-1.05296581e+02,-7.38812532e+01
214.815000,-1.05295948e+02,-7.38806202e+01
214.820000,-1.05295305e+02,-7.38799778e+01
214.825000,-1.05294652e+02,-7.38793246e+01
214.830000,-1.05293986e+02,-7.38786587e+01
214.835000,-1.05293301e+02,-7.38779735e+01
214.840000,-1.05292595e+02,-7.38772673e+01
214.845000,-1.05291865e+02,-7.38765382e+01
214.850000,-1.05291113e+02,-7.38757860e+01
214.855000,-1.05290342e+02,-7.38750151e+01
214.860000,-1.05289558e+02,-7.38742304e+01
214.865000,-1.05288760e+02,-7.38734330e+01
214.870000,-1.05287951e+02,-7.38726244e+01
214.875000,-1.05287128e+02,-7.38718005e+01
214.880000,-1.05286290e+02,-7.38709633e+01
214.885000,-1.05285449e+02,-7.38701217e+01
214.890000,-1.05284611e+02,-7.38692841e+01
214.895000,-1.05283780e+02,-7.38684524e+01
214.900000,-1.05282959e+02,-7.38676320e+01
214.905000,-1.05282151e+02,-7.38668242e+01
214.910000,-1.05281354e+02,-7.38660269e+01
214.915000,-1.05280568e+02,-7.38652413e+01
214.920000,-1.05279796e+02,-7.38644688e+01
214.925000,-1.05279034e+02,-7.38637072e+01
214.930000,-1.05278283e+02,-7.38629560e+01
214.935000,-1.05277534e+02,-7.38622069e+01
214.940000,-1.05276782e+02,-7.38614552e+01
214.945000,-1.05276029e+02,-7.38607021e+01
214.950000,-1.05275281e+02,-7.38599541e+01
214.955000,-1.05274541e+02,-7.38592142e+01
214.960000,-1.05273809e+02,-7.38584826e+01
214.965000,-1.05273084e+02,-7.38577568e+01
214.970000,-1.05272361e+02,-7.38570341e+01
214.975000,-1.05271644e+02,-7.38563159e+01
214.980000,-1.05270930e+02,-7.38556024e+01
214.985000,-1.05270223e+02,-7.38548957e+01
214.990000,-1.05269529e+02,-7.38542011e+01
214.995000,-1.05268842e+02,-7.38535148e+01
215.000000,-1.05268161e+02,-7.38528336e+01
215.005000,-1.05267485e+02,-7.38521580e+01
215.010000,-1.05266816e+02,-7.38514888e+01
215.015000,-1.05266151e+02,-7.38508235e+01
215.020000,-1.05265489e+02,-7.38501618e+01
215.025000,-1.05264829e+02,-7.38495014e+01
215.030000,-1.05264167e+02,-7.38488400e+01
215.035000,-1.05263509e+02,-7.38481818e+01
215.040000,-1.05262857e+02,-7.38475296e+01
215.045000,-1.05262211e+02,-7.38468834e+01
215.050000,-1.05261571e+02,-7.38462441e+01
215.055000,-1.05260933e+02,-7.38456060e+01
215.060000,-1.05260293e+02,-7.38449663e+01
215.065000,-1.05259655e+02,-7.38443274e+01
215.070000,-1.05259016e+02,-7.38436889e+01
215.075000,-1.05258373e+02,-7.38430458e+01
215.080000,-1.05257722e+02,-7.38423949e+01
215.085000,-1.05257059e+02,-7.38417323e+01
215.090000,-1.05256383e+02,-7.38410560e+01
215.095000,-1.05255697e+02,-7.38403700e+01
215.100000,-1.05255005e+02,-7.38396783e+01
215.105000,-1.05254311e+02,-7.38389844e+01
215.110000,-1.05253621e+02,-7.38382936e+01
215.115000,-1.05252928e+02,-7.38376010e+01
215.120000,-1.05252231e+02,-7.38369039e+01
215.125000,-1.05251533e+02,-7.38362057e+01
215.130000,-1.05250837e+02,-7.38355094e+01
215.135000,-1.05250137e+02,-7.38348097e+01
215.140000,-1.05249429e+02,-7.38341022e+01
215.145000,-1.05248708e+02,-7.38333808e+01
215.150000,-1.05247968e+02,-7.38326414e+01
215.155000,-1.05247215e+02,-7.38318877e+01
215.160000,-1.05246451e+02,-7.38311241e+01
215.165000,-1.05245684e+02,-7.38303570e+01
215.170000,-1.05244921e+02,-7.38295941e+01
215.175000,-1.05244160e+02,-7.38288325e+01
215.180000,-1.05243400e+02,-7.38280728e+01
215.185000,-1.05242645e+02,-7.38273184e+01
215.190000,-1.05241901e+02,-7.38265737e+01
215.195000,-1.05241171e+02,-7.38258437e+01
215.200000,-1.05240465e+02,-7.38251379e+01
215.205000,-1.05239787e+02,-7.38244599e+01
215.210000,-1.05239135e+02,-7.38238084e+01
215.215000,-1.05238508e+02,-7.38231808e+01
215.220000,-1.05237898e+02,-7.38225708e+01
215.225000,-1.05237299e+02,-7.38219718e+01
215.230000,-1.05236708e+02,-7.38213807e+01
215.235000,-1.05236120e+02,-7.38207929e+01
215.240000,-1.05235537e+02,-7.38202099e+01
215.245000,-1.05234962e+02,-7.38196356e+01
215.250000,-1.05234395e+02,-7.38190685e+01
215.255000,-1.05233829e+02,-7.38185022e+01
215.260000,-1.05233259e+02,-7.38179320e+01
215.265000,-1.05232677e+02,-7.38173503e+01
215.270000,-1.05232081e+02,-7.38167544e+01
215.275000,-1.05231477e+02,-7.38161504e+01
215.280000,-1.05230869e+02,-7.38155424e+01
215.285000,-1.05230256e+02,-7.38149292e+01
215.290000,-1.05229637e+02,-7.38143106e+01
215.295000,-1.05229009e+02,-7.38136822e+01
215.300000,-1.05228372e+02,-7.38130449e+01
215.305000,-1.05227730e+02,-7.38124036e+01
215.310000,-1.05227088e+02,-7.38117610e+01
215.315000,-1.05226443e+02,-7.38111164e+01
215.320000,-1.05225798e+02,-7.38104713e+01
215.325000,-1.05225150e+02,-7.38098239e+01
215.330000,-1.05224499e+02,-7.38091728e+01
215.335000,-1.05223849e+02,-7.38085228e+01
215.340000,-1.05223203e+02,-7.38078768e+01
215.345000,-1.05222561e+02,-7.38072346e+01
215.350000,-1.05221922e+02,-7.38065960e+01
215.355000,-1.05221280e+02,-7.38059532e+01
215.360000,-1.05220633e+02,-7.38053062e+01
215.365000,-1.05219987e+02,-7.38046605e+01
215.370000,-1.05219344e+02,-7.38040179e+01
215.375000,-1.05218701e+02,-7.38033746e+01
215.380000,-1.05218055e+02,-7.38027289e+01
215.385000,-1.05217401e+02,-7.38020743e+01
215.390000,-1.05216734e+02,-7.38014078e+01
215.395000,-1.05216067e+02,-7.38007404e+01
215.400000,-1.05215414e+02,-7.38000873e+01
215.405000,-1.05214783e+02,-7.37994561e+01
215.410000,-1.05214173e+02,-7.37988472e+01
215.415000,-1.05213577e+02,-7.37982504e+01
215.420000,-1.05212984e+02,-7.37976579e+01
215.425000,-1.05212389e+02,-7.37970627e+01
215.430000,-1.05211782e+02,-7.37964550e+01
215.435000,-1.05211155e+02,-7.37958280e+01
215.440000,-1.05210508e+02,-7.37951815e+01
215.445000,-1.05209840e+02,-7.37945130e+01
215.450000,-1.05209150e+02,-7.37938227e+01
215.455000,-1.05208443e+02,-7.37931165e+01
215.460000,-1.05207725e+02,-7.37923984e+01
215.465000,-1.05206994e+02,-7.37916676e+01
215.470000,-1.05206252e+02,-7.37909252e+01
215.475000,-1.05205492e+02,-7.37901646e+01
215.480000,-1.05204713e+02,-7.37893861e+01
215.485000,-1.05203923e+02,-7.37885958e+01
215.490000,-1.05203126e+02,-7.37877989e+01
215.495000,-1.05202324e+02,-7.37869975e+01
215.500000,-1.05201522e+02,-7.37861953e+01
215.505000,-1.05200722e+02,-7.37853956e+01
215.510000,-1.05199930e+02,-7.37846030e+01
215.515000,-1.05199152e+02,-7.37838248e+01
215.520000,-1.05198391e+02,-7.37830639e+01
215.525000,-1.05197644e+02,-7.37823171e+01
215.530000,-1.05196908e+02,-7.37815812e+01
215.535000,-1.05196172e+02,-7.37808450e+01
215.540000,-1.05195432e+02,-7.37801049e+01
215.545000,-1.05194690e+02,-7.37793630e+01
215.550000,-1.05193945e+02,-7.37786186e+01
215.555000,-1.05193195e+02,-7.37778686e+01
215.560000,-1.05192441e+02,-7.37771141e+01
215.565000,-1.05191678e+02,-7.37763511e+01
215.570000,-1.05190905e+02,-7.37755781e+01
215.575000,-1.05190125e+02,-7.37747991e+01
215.580000,-1.05189344e+02,-7.37740172e+01
215.585000,-1.05188560e+02,-7.37732332e+01
215.590000,-1.05187776e+02,-7.37724497e+01
215.595000,-1.05186988e+02,-7.37716615e+01
215.600000,-1.05186195e+02,-7.37708680e+01
215.605000,-1.05185403e+02,-7.37700767e+01
215.610000,-1.05184620e+02,-7.37692938e+01
215.615000,-1.05183850e+02,-7.37685234e+01
215.620000,-1.05183094e+02,-7.37677677e+01
215.625000,-1.05182343e+02,-7.37670161e+01
215.630000,-1.05181594e+02,-7.37662676e+01
215.635000,-1.05180854e+02,-7.37655272e+01
215.640000,-1.05180122e+02,-7.37647951e+01
215.645000,-1.05179394e+02,-7.37640671e+01
215.650000,-1.05178665e+02,-7.37633389e+01
215.655000,-1.05177925e+02,-7.37625987e+01
215.660000,-1.05177170e+02,-7.37618439e+01
215.665000,-1.05176407e+02,-7.37610805e+01
215.670000,-1.05175642e+02,-7.37603149e+01
215.675000,-1.05174874e+02,-7.37595478e+01
215.680000,-1.05174109e+02,-7.37587821e+01
215.685000,-1.05173342e+02,-7.37580153e+01
215.690000,-1.05172573e+02,-7.37572461e+01
215.695000,-1.05171805e+02,-7.37564789e+01
215.700000,-1.05171042e+02,-7.37557155e+01
215.705000,-1.05170283e+02,-7.37549561e+01
215.710000,-1.05169520e+02,-7.37541934e+01
215.715000,-1.05168750e+02,-7.37534241e+01
215.720000,-1.05167982e+02,-7.37526559e+01
215.725000,-1.05167224e+02,-7.37518973e+01
215.730000,-1.05166477e+02,-7.37511512e+01
215.735000,-1.05165745e+02,-7.37504185e+01
215.740000,-1.05165019e+02,-7.37496933e+01
215.745000,-1.05164297e+02,-7.37489705e+01
215.750000,-1.05163579e+02,-7.37482532e+01
215.755000,-1.05162873e+02,-7.37475468e+01
215.760000,-1.05162181e+02,-7.37468548e+01
215.765000,-1.05161494e+02,-7.37461681e+01
215.770000,-1.05160810e+02,-7.37454838e+01
215.775000,-1.05160129e+02,-7.37448030e+01
215.780000,-1.05159450e+02,-7.37441236e+01
215.785000,-1.05158770e+02,-7.37434435e+01
215.790000,-1.05158079e+02,-7.37427529e+01
215.795000,-1.05157380e+02,-7.37420540e+01
215.800000,-1.05156682e+02,-7.37413558e+01
215.805000,-1.05155984e+02,-7.37406584e+01
215.810000,-1.05155282e+02,-7.37399557e+01
215.815000,-1.05154570e+02,-7.37392443e+01
215.820000,-1.05153845e+02,-7.37385197e+01
215.825000,-1.05153107e+02,-7.37377805e+01
215.830000,-1.05152359e+02,-7.37370330e+01
215.835000,-1.05151612e+02,-7.37362859e+01
215.840000,-1.05150871e+02,-7.37355449e+01
215.845000,-1.05150132e+02,-7.37348053e+01
215.850000,-1.05149392e+02,-7.37340663e+01
215.855000,-1.05148660e+02,-7.37333342e+01
215.860000,-1.05147934e+02,-7.37326080e+01
215.865000,-1.05147202e+02,-7.37318762e+01
215.870000,-1.05146460e+02,-7.37311339e+01
215.875000,-1.05145702e+02,-7.37303760e+01
215.880000,-1.05144929e+02,-7.37296026e+01
215.885000,-1.05144149e+02,-7.37288231e+01
215.890000,-1.05143369e+02,-7.37280434e+01
215.895000,-1.05142593e+02,-7.37272668e+01
215.900000,-1.05141814e+02,-7.37264881e+01
215.905000,-1.05141032e+02,-7.37257056e+01
215.910000,-1.05140253e+02,-7.37249267e+01
215.915000,-1.05139481e+02,-7.37241547e+01
215.920000,-1.05138713e+02,-7.37233866e+01
215.925000,-1.05137945e+02,-7.37226195e+01
215.930000,-1.05137174e+02,-7.37218475e+01
215.935000,-1.05136395e+02,-7.37210686e+01
215.940000,-1.05135618e+02,-7.37202917e+01
215.945000,-1.05134851e+02,-7.37195247e+01
215.950000,-1.05134097e+02,-7.37187708e+01
215.955000,-1.05133349e+02,-7.37180233e+01
215.960000,-1.05132605e+02,-7.37172789e+01
215.965000,-1.05131870e+02,-7.37165437e+01
215.970000,-1.05131147e+02,-7.37158207e+01
215.975000,-1.05130433e+02,-7.37151065e+01
215.980000,-1.05129722e+02,-7.37143960e+01
215.985000,-1.05129002e+02,-7.37136759e+01
215.990000,-1.05128272e+02,-7.37129460e+01
215.995000,-1.05127541e+02,-7.37122145e+01
216.000000,-1.05126810e+02,-7.37114836e+01
216.005000,-1.05126076e+02,-7.37107499e+01
216.010000,-1.05125336e+02,-7.37100104e+01
216.015000,-1.05124585e+02,-7.37092593e+01
216.020000,-1.05123822e+02,-7.37084958e+01
216.025000,-1.05123052e+02,-7.37077260e+01
216.030000,-1.05122277e+02,-7.37069515e+01
216.035000,-1.05121499e+02,-7.37061731e+01
216.040000,-1.05120712e+02,-7.37053860e+01
216.045000,-1.05119917e+02,-7.37045917e+01
216.050000,-1.05119121e+02,-7.37037950e+01
216.055000,-1.05118323e+02,-7.37029974e+01
216.060000,-1.05117524e+02,-7.37021986e+01
216.065000,-1.05116717e+02,-7.37013910e+01
216.070000,-1.05115905e+02,-7.37005795e+01
216.075000,-1.05115102e+02,-7.36997764e+01
216.080000,-1.05114309e+02,-7.36989840e+01
216.085000,-1.05113526e+02,-7.36982010e+01
216.090000,-1.05112752e+02,-7.36974267e+01
216.095000,-1.05111980e+02,-7.36966550e+01
216.100000,-1.05111213e+02,-7.36958876e+01
216.105000,-1.05110456e+02,-7.36951308e+01
216.110000,-1.05109708e+02,-7.36943823e+01
216.115000,-1.05108962e+02,-7.36936367e+01
216.120000,-1.05108212e+02,-7.36928863e+01
216.125000,-1.05107457e+02,-7.36921312e+01
216.130000,-1.05106706e+02,-7.36913798e+01
216.135000,-1.05105962e+02,-7.36906364e+01
216.140000,-1.05105226e+02,-7.36898998e+01
216.145000,-1.05104487e+02,-7.36891609e+01
216.150000,-1.05103751e+02,-7.36884247e+01
216.155000,-1.05103029e+02,-7.36877032e+01
216.160000,-1.05102322e+02,-7.36869967e+01
216.165000,-1.05101627e+02,-7.36863011e+01
216.170000,-1.05100942e+02,-7.36856166e+01
216.175000,-1.05100262e+02,-7.36849363e+01
216.180000,-1.05099586e+02,-7.36842598e+01
216.185000,-1.05098917e+02,-7.36835913e+01
216.190000,-1.05098257e+02,-7.36829314e+01
216.195000,-1.05097607e+02,-7.36822813e+01
216.200000,-1.05096962e+02,-7.36816357e+01
216.205000,-1.05096321e+02,-7.36809952e+01
216.210000,-1.05095693e+02,-7.36803670e+01
216.215000,-1.05095080e+02,-7.36797537e+01
216.220000,-1.05094476e+02,-7.36791498e+01
216.225000,-1.05093865e+02,-7.36785385e+01
216.230000,-1.05093239e+02,-7.36779130e+01
216.235000,-1.05092604e+02,-7.36772780e+01
216.240000,-1.05091960e+02,-7.36766339e+01
216.245000,-1.05091307e+02,-7.36759814e+01
216.250000,-1.05090649e+02,-7.36753230e+01
216.255000,-1.05089979e+02,-7.36746536e+01
216.260000,-1.05089301e+02,-7.36739754e+01
216.265000,-1.05088619e+02,-7.36732931e+01
216.270000,-1.05087933e+02,-7.36726070e+01
216.275000,-1.05087243e+02,-7.36719167e+01
216.280000,-1.05086542e+02,-7.36712162e+01
216.285000,-1.05085830e+02,-7.36705046e+01
216.290000,-1.05085114e+02,-7.36697886e+01
216.295000,-1.05084399e+02,-7.36690728e+01
216.300000,-1.05083684e+02,-7.36683581e+01
216.305000,-1.05082961e+02,-7.36676357e+01
216.310000,-1.05082229e+02,-7.36669030e+01
216.315000,-1.05081493e+02,-7.36661673e+01
216.320000,-1.05080756e+02,-7.36654304e+01
216.325000,-1.05080019e+02,-7.36646935e+01
216.330000,-1.05079279e+02,-7.36639535e+01
216.335000,-1.05078536e+02,-7.36632103e+01
216.340000,-1.05077796e+02,-7.36624707e+01
216.345000,-1.05077063e+02,-7.36617375e+01
216.350000,-1.05076336e+02,-7.36610111e+01
216.355000,-1.05075611e+02,-7.36602861e+01
216.360000,-1.05074889e+02,-7.36595634e+01
216.365000,-1.05074174e+02,-7.36588483e+01
216.370000,-1.05073471e+02,-7.36581454e+01
216.375000,-1.05072782e+02,-7.36574567e+01
216.380000,-1.05072099e+02,-7.36567733e+01
216.385000,-1.05071413e+02,-7.36560879e+01
216.390000,-1.05070723e+02,-7.36553979e+01
216.395000,-1.05070025e+02,-7.36546993e+01
216.400000,-1.05069315e+02,-7.36539899e+01
216.405000,-1.05068588e+02,-7.36532630e+01
216.410000,-1.05067843e+02,-7.36525172e+01
216.415000,-1.05067085e+02,-7.36517593e+01
216.420000,-1.05066319e+02,-7.36509938e+01
216.425000,-1.05065550e+02,-7.36502239e+01
216.430000,-1.05064770e+02,-7.36494448e+01
216.435000,-1.05063985e+02,-7.36486595e+01
216.440000,-1.05063202e+02,-7.36478767e+01
216.445000,-1.05062425e+02,-7.36470990e+01
216.450000,-1.05061654e+02,-7.36463280e+01
216.455000,-1.05060885e+02,-7.36455597e+01
216.460000,-1.05060119e+02,-7.36447939e+01
216.465000,-1.05059360e+02,-7.36440349e+01
216.470000,-1.05058609e+02,-7.36432836e+01
216.475000,-1.05057864e+02,-7.36425390e+01
216.480000,-1.05057118e+02,-7.36417929e+01
216.485000,-1.05056371e+02,-7.36410460e+01
216.490000,-1.05055627e+02,-7.36403018e+01
216.495000,-1.05054882e+02,-7.36395567e+01
216.500000,-1.05054133e+02,-7.36388072e+01
216.505000,-1.05053374e+02,-7.36380482e+01
216.510000,-1.05052606e+02,-7.36372809e+01
216.515000,-1.05051837e+02,-7.36365113e+01
216.520000,-1.05051067e+02,-7.36357416e+01
216.525000,-1.05050297e+02,-7.36349714e+01
216.530000,-1.05049520e+02,-7.36341947e+01
216.535000,-1.05048735e+02,-7.36334102e+01
216.540000,-1.05047948e+02,-7.36326222e+01
216.545000,-1.05047155e+02,-7.36318297e+01
216.550000,-1.05046355e+02,-7.36310293e+01
216.555000,-1.05045538e+02,-7.36302128e+01
216.560000,-1.05044708e+02,-7.36293824e+01
216.565000,-1.05043871e+02,-7.36285458e+01
216.570000,-1.05043034e+02,-7.36277080e+01
216.575000,-1.05042206e+02,-7.36268805e+01
216.580000,-1.05041398e+02,-7.36260721e+01
216.585000,-1.05040609e+02,-7.36252835e+01
216.590000,-1.05039841e+02,-7.36245155e+01
216.595000,-1.05039092e+02,-7.36237661e+01
216.600000,-1.05038358e+02,-7.36230329e+01
216.605000,-1.05037637e+02,-7.36223111e+01
216.610000,-1.05036931e+02,-7.36216056e+01
216.615000,-1.05036251e+02,-7.36209252e+01
216.620000,-1.05035597e+02,-7.36202719e+01
216.625000,-1.05034969e+02,-7.36196435e+01
216.630000,-1.05034357e+02,-7.36190317e+01
216.635000,-1.05033758e+02,-7.36184327e+01
216.640000,-1.05033172e+02,-7.36178464e+01
216.645000,-1.05032595e+02,-7.36172688e+01
216.650000,-1.05032019e+02,-7.36166930e+01
216.655000,-1.05031446e+02,-7.36161203e+01
216.660000,-1.05030887e+02,-7.36155611e+01
216.665000,-1.05030340e+02,-7.36150143e+01
216.670000,-1.05029797e+02,-7.36144713e+01
216.675000,-1.05029250e+02,-7.36139244e+01
216.680000,-1.05028689e+02,-7.36133641e+01
216.685000,-1.05028117e+02,-7.36127919e+01
216.690000,-1.05027542e+02,-7.36122165e+01
216.695000,-1.05026966e+02,-7.36116407e+01
216.700000,-1.05026389e+02,-7.36110635e+01
216.705000,-1.05025803e+02,-7.36104780e+01
216.710000,-1.05025209e+02,-7.36098840e+01
216.715000,-1.05024613e+02,-7.36092875e+01
216.720000,-1.05024017e+02,-7.36086920e+01
216.725000,-1.05023425e+02,-7.36080996e+01
216.730000,-1.05022832e+02,-7.36075064e+01
216.735000,-1.05022238e+02,-7.36069126e+01
216.740000,-1.05021648e+02,-7.36063225e+01
216.745000,-1.05021068e+02,-7.36057429e+01
216.750000,-1.05020510e+02,-7.36051850e+01
216.755000,-1.05019971e+02,-7.36046463e+01
216.760000,-1.05019451e+02,-7.36041260e+01
216.765000,-1.05018949e+02,-7.36036244e+01
216.770000,-1.05018461e+02,-7.36031363e+01
216.775000,-1.05017981e+02,-7.36026557e+01
216.780000,-1.05017500e+02,-7.36021748e+01
216.785000,-1.05017020e+02,-7.36016946e+01
216.790000,-1.05016545e+02,-7.36012200e+01
216.795000,-1.05016075e+02,-7.36007501e+01
216.800000,-1.05015609e+02,-7.36002843e+01
216.805000,-1.05015137e+02,-7.35998124e+01
216.810000,-1.05014654e+02,-7.35993293e+01
216.815000,-1.05014165e+02,-7.35988404e+01
216.820000,-1.05013675e+02,-7.35983500e+01
216.825000,-1.05013187e+02,-7.35978620e+01
216.830000,-1.05012697e+02,-7.35973709e+01
216.835000,-1.05012210e+02,-7.35968845e+01
216.840000,-1.05011754e+02,-7.35964289e+01
216.845000,-1.05011332e+02,-7.35960065e+01
216.850000,-1.05010942e+02,-7.35956160e+01
216.855000,-1.05010575e+02,-7.35952493e+01
216.860000,-1.05010218e+02,-7.35948920e+01
216.865000,-1.05009870e+02,-7.35945442e+01
216.870000,-1.05009546e+02,-7.35942205e+01
216.875000,-1.05009244e+02,-7.35939178e+01
216.880000,-1.05008949e+02,-7.35936231e+01
216.885000,-1.05008656e+02,-7.35933298e+01
216.890000,-1.05008361e+02,-7.35930354e+01
216.895000,-1.05008062e+02,-7.35927358e+01
216.900000,-1.05007753e+02,-7.35924273e+01
216.905000,-1.05007429e+02,-7.35921034e+01
216.910000,-1.05007092e+02,-7.35917658e+01
216.915000,-1.05006745e+02,-7.35914191e+01
216.920000,-1.05006389e+02,-7.35910634e+01
216.925000,-1.05006018e+02,-7.35906927e+01
216.930000,-1.05005638e+02,-7.35903127e+01
216.935000,-1.05005267e+02,-7.35899413e+01
216.940000,-1.05004903e+02,-7.35895775e+01
216.945000,-1.05004555e+02,-7.35892298e+01
216.950000,-1.05004237e+02,-7.35889114e+01
216.955000,-1.05003938e+02,-7.35886130e+01
216.960000,-1.05003656e+02,-7.35883309e+01
216.965000,-1.05003385e+02,-7.35880601e+01
216.970000,-1.05003118e+02,-7.35877924e+01
216.975000,-1.05002845e+02,-7.35875195e+01
216.980000,-1.05002557e+02,-7.35872315e+01
216.985000,-1.05002256e+02,-7.35869308e+01
216.990000,-1.05001939e+02,-7.35866139e+01
216.995000,-1.05001599e+02,-7.35862738e+01
217.000000,-1.05001233e+02,-7.35859079e+01
217.005000,-1.05000842e+02,-7.35855172e+01
217.010000,-1.05000438e+02,-7.35851129e+01
217.015000,-1.05000029e+02,-7.35847043e+01
217.020000,-1.04999618e+02,-7.35842924e+01
217.025000,-1.04999204e+02,-7.35838787e+01
217.030000,-1.04998790e+02,-7.35834640e+01
217.035000,-1.04998378e+02,-7.35830527e+01
217.040000,-1.04997977e+02,-7.35826518e+01
217.045000,-1.04997583e+02,-7.35822578e+01
217.050000,-1.04997193e+02,-7.35818679e+01
217.055000,-1.04996787e+02,-7.35814619e+01
217.060000,-1.04996350e+02,-7.35810258e+01
217.065000,-1.04995876e+02,-7.35805519e+01
217.070000,-1.04995353e+02,-7.35800291e+01
217.075000,-1.04994798e+02,-7.35794738e+01
217.080000,-1.04994230e+02,-7.35789055e+01
217.085000,-1.04993666e+02,-7.35783416e+01
217.090000,-1.04993120e+02,-7.35777957e+01
217.095000,-1.04992595e+02,-7.35772708e+01
217.100000,-1.04992086e+02,-7.35767618e+01
217.105000,-1.04991582e+02,-7.35762572e+01
217.110000,-1.04991078e+02,-7.35757538e+01
217.115000,-1.04990575e+02,-7.35752508e+01
217.120000,-1.04990071e+02,-7.35747465e+01
217.125000,-1.04989563e+02,-7.35742388e+01
217.130000,-1.04989049e+02,-7.35737243e+01
217.135000,-1.04988532e+02,-7.35732077e+01
217.140000,-1.04988026e+02,-7.35727015e+01
217.145000,-1.04987551e+02,-7.35722266e+01
217.150000,-1.04987112e+02,-7.35717879e+01
217.155000,-1.04986692e+02,-7.35713671e+01
217.160000,-1.04986279e+02,-7.35709552e+01
217.165000,-1.04985867e+02,-7.35705427e+01
217.170000,-1.04985446e+02,-7.35701217e+01
217.175000,-1.04985020e+02,-7.35696955e+01
217.180000,-1.04984591e+02,-7.35692667e+01
217.185000,-1.04984166e+02,-7.35688414e+01
217.190000,-1.04983745e+02,-7.35684205e+01
217.195000,-1.04983323e+02,-7.35679979e+01
217.200000,-1.04982891e+02,-7.35675657e+01
217.205000,-1.04982444e+02,-7.35671191e+01
217.210000,-1.04981989e+02,-7.35666639e+01
217.215000,-1.04981530e+02,-7.35662051e+01
217.220000,-1.04981069e+02,-7.35657444e+01
217.225000,-1.04980610e+02,-7.35652847e+01
217.230000,-1.04980137e+02,-7.35648117e+01
217.235000,-1.04979622e+02,-7.35642964e+01
217.240000,-1.04979051e+02,-7.35637258e+01
217.245000,-1.04978434e+02,-7.35631087e+01
217.250000,-1.04977787e+02,-7.35624612e+01
217.255000,-1.04977127e+02,-7.35618018e+01
217.260000,-1.04976474e+02,-7.35611487e+01
217.265000,-1.04975834e+02,-7.35605086e+01
217.270000,-1.04975208e+02,-7.35598826e+01
217.275000,-1.04974595e+02,-7.35592697e+01
217.280000,-1.04973990e+02,-7.35586642e+01
217.285000,-1.04973389e+02,-7.35580641e+01
217.290000,-1.04972793e+02,-7.35574676e+01
217.295000,-1.04972195e+02,-7.35568695e+01
217.300000,-1.04971590e+02,-7.35562650e+01
217.305000,-1.04970973e+02,-7.35556483e+01
217.310000,-1.04970356e+02,-7.35550309e+01
217.315000,-1.04969743e+02,-7.35544182e+01
217.320000,-1.04969131e+02,-7.35538059e+01
217.325000,-1.04968520e+02,-7.35531950e+01
217.330000,-1.04967910e+02,-7.35525853e+01
217.335000,-1.04967307e+02,-7.35519821e+01
217.340000,-1.04966716e+02,-7.35513907e+01
217.345000,-1.04966138e+02,-7.35508130e+01
217.350000,-1.04965575e+02,-7.35502506e+01
217.355000,-1.04965026e+02,-7.35497016e+01
217.360000,-1.04964492e+02,-7.35491677e+01
217.365000,-1.04963971e+02,-7.35486468e+01
217.370000,-1.04963469e+02,-7.35481441e+01
217.375000,-1.04962987e+02,-7.35476626e+01
217.380000,-1.04962523e+02,-7.35471979e+01
217.385000,-1.04962080e+02,-7.35467561e+01
217.390000,-1.04961645e+02,-7.35463204e+01
217.395000,-1.04961195e+02,-7.35458711e+01
217.400000,-1.04960722e+02,-7.35453978e+01
217.405000,-1.04960212e+02,-7.35448883e+01
217.410000,-1.04959678e+02,-7.35443546e+01
217.415000,-1.04959135e+02,-7.35438107e+01
217.420000,-1.04958588e+02,-7.35432643e+01
217.425000,-1.04958041e+02,-7.35427171e+01
217.430000,-1.04957491e+02,-7.35421666e+01
217.435000,-1.04956941e+02,-7.35416171e+01
217.440000,-1.04956396e+02,-7.35410713e+01
217.445000,-1.04955851e+02,-7.35405262e+01
217.450000,-1.04955304e+02,-7.35399798e+01
217.455000,-1.04954754e+02,-7.35394294e+01
217.460000,-1.04954205e+02,-7.35388801e+01
217.465000,-1.04953662e+02,-7.35383372e+01
217.470000,-1.04953122e+02,-7.35377978e+01
217.475000,-1.04952580e+02,-7.35372553e+01
217.480000,-1.04952030e+02,-7.35367059e+01
217.485000,-1.04951477e+02,-7.35361525e+01
217.490000,-1.04950926e+02,-7.35356012e+01
217.495000,-1.04950384e+02,-7.35350591e+01
217.500000,-1.04949853e+02,-7.35345281e+01
217.505000,-1.04949334e+02,-7.35340089e+01
217.510000,-1.04948824e+02,-7.35334989e+01
217.515000,-1.04948318e+02,-7.35329927e+01
217.520000,-1.04947809e+02,-7.35324847e+01
217.525000,-1.04947296e+02,-7.35319712e+01
217.530000,-1.04946777e+02,-7.35314517e+01
217.535000,-1.04946242e+02,-7.35309167e+01
217.540000,-1.04945678e+02,-7.35303529e+01
217.545000,-1.04945094e+02,-7.35297681e+01
217.550000,-1.04944482e+02,-7.35291568e+01
217.555000,-1.04943837e+02,-7.35285123e+01
217.560000,-1.04943171e+02,-7.35278461e+01
217.565000,-1.04942497e+02,-7.35271722e+01
217.570000,-1.04941820e+02,-7.35264949e+01
217.575000,-1.04941145e+02,-7.35258197e+01
217.580000,-1.04940474e+02,-7.35251487e+01
217.585000,-1.04939804e+02,-7.35244796e+01
217.590000,-1.04939133e+02,-7.35238084e+01
217.595000,-1.04938465e+02,-7.35231409e+01
217.600000,-1.04937809e+02,-7.35224840e+01
217.605000,-1.04937166e+02,-7.35218414e+01
217.610000,-1.04936526e+02,-7.35212015e+01
217.615000,-1.04935892e+02,-7.35205677e+01
217.620000,-1.04935281e+02,-7.35199561e+01
217.625000,-1.04934692e+02,-7.35193679e+01
217.630000,-1.04934133e+02,-7.35188089e+01
217.635000,-1.04933614e+02,-7.35182899e+01
217.640000,-1.04933131e+02,-7.35178064e+01
217.645000,-1.04932672e+02,-7.35173480e+01
217.650000,-1.04932224e+02,-7.35168992e+01
217.655000,-1.04931775e+02,-7.35164503e+01
217.660000,-1.04931320e+02,-7.35159954e+01
217.665000,-1.04930858e+02,-7.35155330e+01
217.670000,-1.04930387e+02,-7.35150620e+01
217.675000,-1.04929913e+02,-7.35145892e+01
217.680000,-1.04929432e+02,-7.35141073e+01
217.685000,-1.04928927e+02,-7.35136028e+01
217.690000,-1.04928404e+02,-7.35130796e+01
217.695000,-1.04927876e+02,-7.35125517e+01
217.700000,-1.04927339e+02,-7.35120149e+01
217.705000,-1.04926781e+02,-7.35114567e+01
217.710000,-1.04926204e+02,-7.35108803e+01
217.715000,-1.04925623e+02,-7.35102985e+01
217.720000,-1.04925045e+02,-7.35097210e+01
217.725000,-1.04924477e+02,-7.35091529e+01
217.730000,-1.04923918e+02,-7.35085936e+01
217.735000,-1.04923366e+02,-7.35080417e+01
217.740000,-1.04922824e+02,-7.35074992e+01
217.745000,-1.04922297e+02,-7.35069723e+01
217.750000,-1.04921783e+02,-7.35064587e+01
217.755000,-1.04921277e+02,-7.35059525e+01
217.760000,-1.04920775e+02,-7.35054500e+01
217.765000,-1.04920282e+02,-7.35049569e+01
217.770000,-1.04919797e+02,-7.35044723e+01
217.775000,-1.04919322e+02,-7.35039973e+01
217.780000,-1.04918855e+02,-7.35035301e+01
217.785000,-1.04918391e+02,-7.35030668e+01
217.790000,-1.04917926e+02,-7.35026014e+01
217.795000,-1.04917457e+02,-7.35021329e+01
217.800000,-1.04916986e+02,-7.35016617e+01
217.805000,-1.04916518e+02,-7.35011927e+01
217.810000,-1.04916039e+02,-7.35007142e+01
217.815000,-1.04915538e+02,-7.35002135e+01
217.820000,-1.04915019e+02,-7.34996947e+01
217.825000,-1.04914494e+02,-7.34991697e+01
217.830000,-1.04913972e+02,-7.34986472e+01
217.835000,-1.04913441e+02,-7.34981165e+01
217.840000,-1.04912887e+02,-7.34975619e+01
217.845000,-1.04912310e+02,-7.34969848e+01
217.850000,-1.04911714e+02,-7.34963891e+01
217.855000,-1.04911111e+02,-7.34957859e+01
217.860000,-1.04910510e+02,-7.34951851e+01
217.865000,-1.04909911e+02,-7.34945867e+01
217.870000,-1.04909324e+02,-7.34939991e+01
217.875000,-1.04908761e+02,-7.34934372e+01
217.880000,-1.04908225e+02,-7.34929009e+01
217.885000,-1.04907705e+02,-7.34923801e+01
217.890000,-1.04907190e+02,-7.34918657e+01
217.895000,-1.04906680e+02,-7.34913559e+01
217.900000,-1.04906184e+02,-7.34908593e+01
217.905000,-1.04905712e+02,-7.34903874e+01
217.910000,-1.04905260e+02,-7.34899360e+01
217.915000,-1.04904823e+02,-7.34894987e+01
217.920000,-1.04904393e+02,-7.34890682e+01
217.925000,-1.04903962e+02,-7.34886378e+01
217.930000,-1.04903525e+02,-7.34882010e+01
217.935000,-1.04903081e+02,-7.34877565e+01
217.940000,-1.04902631e+02,-7.34873076e+01
217.945000,-1.04902170e+02,-7.34868463e+01
217.950000,-1.04901683e+02,-7.34863586e+01
217.955000,-1.04901173e+02,-7.34858492e+01
217.960000,-1.04900650e+02,-7.34853252e+01
217.965000,-1.04900116e+02,-7.34847918e+01
217.970000,-1.04899578e+02,-7.34842546e+01
217.975000,-1.04899029e+02,-7.34837050e+01
217.980000,-1.04898453e+02,-7.34831290e+01
217.985000,-1.04897856e+02,-7.34825326e+01
217.990000,-1.04897251e+02,-7.34819267e+01
217.995000,-1.04896643e+02,-7.34813195e+01
218.000000,-1.04896037e+02,-7.34807131e+01
218.005000,-1.04895435e+02,-7.34801111e+01
218.010000,-1.04894844e+02,-7.34795201e+01
218.015000,-1.04894268e+02,-7.34789434e+01
218.020000,-1.04893703e+02,-7.34783792e+01
218.025000,-1.04893148e+02,-7.34778243e+01
218.030000,-1.04892601e+02,-7.34772763e+01
218.035000,-1.04892063e+02,-7.34767386e+01
218.040000,-1.04891542e+02,-7.34762173e+01
218.045000,-1.04891035e+02,-7.34757109e+01
218.050000,-1.04890538e+02,-7.34752133e+01
218.055000,-1.04890044e+02,-7.34747198e+01
218.060000,-1.04889551e+02,-7.34742269e+01
218.065000,-1.04889062e+02,-7.34737372e+01
218.070000,-1.04888562e+02,-7.34732376e+01
218.075000,-1.04888038e+02,-7.34727132e+01
218.080000,-1.04887493e+02,-7.34721682e+01
218.085000,-1.04886935e+02,-7.34716110e+01
218.090000,-1.04886369e+02,-7.34710443e+01
218.095000,-1.04885799e+02,-7.34704747e+01
218.100000,-1.04885238e+02,-7.34699129e+01
218.105000,-1.04884672e+02,-7.34693478e+01
218.110000,-1.04884088e+02,-7.34687630e+01
218.115000,-1.04883487e+02,-7.34681622e+01
218.120000,-1.04882884e+02,-7.34675589e+01
218.125000,-1.04882291e+02,-7.34669668e+01
218.130000,-1.04881718e+02,-7.34663929e+01
218.135000,-1.04881160e+02,-7.34658354e+01
218.140000,-1.04880612e+02,-7.34652878e+01
218.145000,-1.04880083e+02,-7.34647582e+01
218.150000,-1.04879578e+02,-7.34642535e+01
218.155000,-1.04879090e+02,-7.34637660e+01
218.160000,-1.04878616e+02,-7.34632913e+01
218.165000,-1.04878152e+02,-7.34628279e+01
218.170000,-1.04877702e+02,-7.34623774e+01
218.175000,-1.04877265e+02,-7.34619410e+01
218.180000,-1.04876837e+02,-7.34615135e+01
218.185000,-1.04876421e+02,-7.34610966e+01
218.190000,-1.04876018e+02,-7.34606938e+01
218.195000,-1.04875626e+02,-7.34603024e+01
218.200000,-1.04875233e+02,-7.34599087e+01
218.205000,-1.04874819e+02,-7.34594959e+01
218.210000,-1.04874392e+02,-7.34590682e+01
218.215000,-1.04873960e+02,-7.34586357e+01
218.220000,-1.04873531e+02,-7.34582071e+01
218.225000,-1.04873112e+02,-7.34577880e+01
218.230000,-1.04872707e+02,-7.34573838e+01
218.235000,-1.04872310e+02,-7.34569868e+01
218.240000,-1.04871907e+02,-7.34565830e+01
218.245000,-1.04871496e+02,-7.34561720e+01
218.250000,-1.04871081e+02,-7.34557573e+01
218.255000,-1.04870669e+02,-7.34553452e+01
218.260000,-1.04870268e+02,-7.34549440e+01
218.265000,-1.04869879e+02,-7.34545553e+01
218.270000,-1.04869500e+02,-7.34541758e+01
218.275000,-1.04869126e+02,-7.34538019e+01
218.280000,-1.04868756e+02,-7.34534316e+01
218.285000,-1.04868392e+02,-7.34530682e+01
218.290000,-1.04868037e+02,-7.34527133e+01
218.295000,-1.04867691e+02,-7.34523672e+01
218.300000,-1.04867352e+02,-7.34520284e+01
218.305000,-1.04867018e+02,-7.34516942e+01
218.310000,-1.04866689e+02,-7.34513650e+01
218.315000,-1.04866349e+02,-7.34510251e+01
218.320000,-1.04865978e+02,-7.34506535e+01
218.325000,-1.04865574e+02,-7.34502500e+01
218.330000,-1.04865146e+02,-7.34498209e+01
218.335000,-1.04864702e+02,-7.34493779e+01
218.340000,-1.04864258e+02,-7.34489339e+01
218.345000,-1.04863814e+02,-7.34484901e+01
218.350000,-1.04863374e+02,-7.34480497e+01
218.355000,-1.04862928e+02,-7.34476029e+01
218.360000,-1.04862462e+02,-7.34471379e+01
218.365000,-1.04861984e+02,-7.34466598e+01
218.370000,-1.04861502e+02,-7.34461770e+01
218.375000,-1.04861020e+02,-7.34456957e+01
218.380000,-1.04860550e+02,-7.34452257e+01
218.385000,-1.04860101e+02,-7.34447761e+01
218.390000,-1.04859675e+02,-7.34443503e+01
218.395000,-1.04859273e+02,-7.34439490e+01
218.400000,-1.04858885e+02,-7.34435607e+01
218.405000,-1.04858498e+02,-7.34431735e+01
218.410000,-1.04858111e+02,-7.34427870e+01
218.415000,-1.04857729e+02,-7.34424045e+01
218.420000,-1.04857353e+02,-7.34420287e+01
218.425000,-1.04856983e+02,-7.34416587e+01
218.430000,-1.04856630e+02,-7.34413069e+01
218.435000,-1.04856298e+02,-7.34409747e+01
218.440000,-1.04855965e+02,-7.34406417e+01
218.445000,-1.04855627e+02,-7.34403034e+01
218.450000,-1.04855282e+02,-7.34399587e+01
218.455000,-1.04854932e+02,-7.34396087e+01
218.460000,-1.04854580e+02,-7.34392563e+01
218.465000,-1.04854225e+02,-7.34389013e+01
218.470000,-1.04853866e+02,-7.34385417e+01
218.475000,-1.04853501e+02,-7.34381779e+01
218.480000,-1.04853126e+02,-7.34378020e+01
218.485000,-1.04852728e+02,-7.34374039e+01
218.490000,-1.04852315e+02,-7.34369909e+01
218.495000,-1.04851894e+02,-7.34365701e+01
218.500000,-1.04851482e+02,-7.34361586e+01
218.505000,-1.04851097e+02,-7.34357732e+01
218.510000,-1.04850738e+02,-7.34354140e+01
218.515000,-1.04850402e+02,-7.34350783e+01
218.520000,-1.04850081e+02,-7.34347584e+01
218.525000,-1.04849769e+02,-7.34344454e+01
218.530000,-1.04849459e+02,-7.34341354e+01
218.535000,-1.04849153e+02,-7.34338293e+01
218.540000,-1.04848836e+02,-7.34335120e+01
218.545000,-1.04848492e+02,-7.34331676e+01
218.550000,-1.04848125e+02,-7.34328012e+01
218.555000,-1.04847746e+02,-7.34324220e+01
218.560000,-1.04847361e+02,-7.34320372e+01
218.565000,-1.04846975e+02,-7.34316512e+01
218.570000,-1.04846591e+02,-7.34312674e+01
218.575000,-1.04846211e+02,-7.34308866e+01
218.580000,-1.04845834e+02,-7.34305102e+01
218.585000,-1.04845465e+02,-7.34301406e+01
218.590000,-1.04845098e+02,-7.34297736e+01
218.595000,-1.04844714e+02,-7.34293897e+01
218.600000,-1.04844296e+02,-7.34289715e+01
218.605000,-1.04843847e+02,-7.34285231e+01
218.610000,-1.04843381e+02,-7.34280563e+01
218.615000,-1.04842903e+02,-7.34275789e+01
218.620000,-1.04842421e+02,-7.34270966e+01
218.625000,-1.04841940e+02,-7.34266154e+01
218.630000,-1.04841467e+02,-7.34261424e+01
218.635000,-1.04841010e+02,-7.34256854e+01
218.640000,-1.04840568e+02,-7.34252435e+01
218.645000,-1.04840140e+02,-7.34248164e+01
218.650000,-1.04839719e+02,-7.34243958e+01
218.655000,-1.04839285e+02,-7.34239615e+01
218.660000,-1.04838835e+02,-7.34235111e+01
218.665000,-1.04838376e+02,-7.34230523e+01
218.670000,-1.04837924e+02,-7.34225998e+01
218.675000,-1.04837498e+02,-7.34221744e+01
218.680000,-1.04837105e+02,-7.34217815e+01
218.685000,-1.04836748e+02,-7.34214244e+01
218.690000,-1.04836429e+02,-7.34211052e+01
218.695000,-1.04836140e+02,-7.34208158e+01
218.700000,-1.04835870e+02,-7.34205468e+01
218.705000,-1.04835617e+02,-7.34202927e+01
218.710000,-1.04835372e+02,-7.34200484e+01
218.715000,-1.04835118e+02,-7.34197947e+01
218.720000,-1.04834833e+02,-7.34195091e+01
218.725000,-1.04834517e+02,-7.34191927e+01
218.730000,-1.04834180e+02,-7.34188560e+01
218.735000,-1.04833831e+02,-7.34185074e+01
218.740000,-1.04833493e+02,-7.34181691e+01
218.745000,-1.04833168e+02,-7.34178441e+01
218.750000,-1.04832841e+02,-7.34175171e+01
218.755000,-1.04832511e+02,-7.34171869e+01
218.760000,-1.04832182e+02,-7.34168582e+01
218.765000,-1.04831866e+02,-7.34165420e+01
218.770000,-1.04831570e+02,-7.34162457e+01
218.775000,-1.04831296e+02,-7.34159719e+01
218.780000,-1.04831045e+02,-7.34157205e+01
218.785000,-1.04830812e+02,-7.34154877e+01
218.790000,-1.04830593e+02,-7.34152685e+01
218.795000,-1.04830382e+02,-7.34150577e+01
218.800000,-1.04830177e+02,-7.34148528e+01
218.805000,-1.04829978e+02,-7.34146534e+01
218.810000,-1.04829785e+02,-7.34144607e+01
218.815000,-1.04829601e+02,-7.34142766e+01
218.820000,-1.04829430e+02,-7.34141056e+01
218.825000,-1.04829256e+02,-7.34139318e+01
218.830000,-1.04829062e+02,-7.34137382e+01
218.835000,-1.04828834e+02,-7.34135098e+01
218.840000,-1.04828552e+02,-7.34132277e+01
218.845000,-1.04828223e+02,-7.34128994e+01
218.850000,-1.04827862e+02,-7.34125378e+01
218.855000,-1.04827479e+02,-7.34121556e+01
218.860000,-1.04827087e+02,-7.34117633e+01
218.865000,-1.04826695e+02,-7.34113707e+01
218.870000,-1.04826300e+02,-7.34109760e+01
218.875000,-1.04825897e+02,-7.34105729e+01
218.880000,-1.04825488e+02,-7.34101645e+01
218.885000,-1.04825080e+02,-7.34097563e+01
218.890000,-1.04824680e+02,-7.34093563e+01
218.895000,-1.04824295e+02,-7.34089706e+01
218.900000,-1.04823932e+02,-7.34086077e+01
218.905000,-1.04823599e+02,-7.34082747e+01
218.910000,-1.04823292e+02,-7.34079682e+01
218.915000,-1.04823007e+02,-7.34076828e+01
218.920000,-1.04822734e+02,-7.34074099e+01
218.925000,-1.04822467e+02,-7.34071428e+01
218.930000,-1.04822203e+02,-7.34068790e+01
218.935000,-1.04821943e+02,-7.34066206e+01
218.940000,-1.04821682e+02,-7.34063588e+01
218.945000,-1.04821402e+02,-7.34060795e+01
218.950000,-1.04821111e+02,-7.34057876e+01
218.955000,-1.04820811e+02,-7.34054880e+01
218.960000,-1.04820510e+02,-7.34051865e+01
218.965000,-1.04820209e+02,-7.34048858e+01
218.970000,-1.04819910e+02,-7.34045867e+01
218.975000,-1.04819613e+02,-7.34042892e+01
218.980000,-1.04819317e+02,-7.34039938e+01
218.985000,-1.04819019e+02,-7.34036952e+01
218.990000,-1.04818711e+02,-7.34033870e+01
218.995000,-1.04818392e+02,-7.34030684e+01
219.000000,-1.04818066e+02,-7.34027425e+01
219.005000,-1.04817736e+02,-7.34024122e+01
219.010000,-1.04817410e+02,-7.34020865e+01
219.015000,-1.04817099e+02,-7.34017752e+01
219.020000,-1.04816803e+02,-7.34014798e+01
219.025000,-1.04816523e+02,-7.34011991e+01
219.030000,-1.04816254e+02,-7.34009305e+01
219.035000,-1.04816000e+02,-7.34006760e+01
219.040000,-1.04815743e+02,-7.34004191e+01
219.045000,-1.04815464e+02,-7.34001396e+01
219.050000,-1.04815164e+02,-7.33998403e+01
219.055000,-1.04814856e+02,-7.33995316e+01
219.060000,-1.04814548e+02,-7.33992239e+01
219.065000,-1.04814250e+02,-7.33989259e+01
219.070000,-1.04813967e+02,-7.33986425e+01
219.075000,-1.04813698e+02,-7.33983743e+01
219.080000,-1.04813438e+02,-7.33981143e+01
219.085000,-1.04813183e+02,-7.33978582e+01
219.090000,-1.04812923e+02,-7.33975987e+01
219.095000,-1.04812652e+02,-7.33973276e+01
219.100000,-1.04812365e+02,-7.33970412e+01
219.105000,-1.04812076e+02,-7.33967518e+01
219.110000,-1.04811801e+02,-7.33964770e+01
219.115000,-1.04811542e+02,-7.33962178e+01
219.120000,-1.04811293e+02,-7.33959690e+01
219.125000,-1.04811048e+02,-7.33957245e+01
219.130000,-1.04810804e+02,-7.33954804e+01
219.135000,-1.04810561e+02,-7.33952384e+01
219.140000,-1.04810311e+02,-7.33949879e+01
219.145000,-1.04810031e+02,-7.33947079e+01
219.150000,-1.04809724e+02,-7.33944015e+01
219.155000,-1.04809402e+02,-7.33940793e+01
219.160000,-1.04809077e+02,-7.33937539e+01
219.165000,-1.04808758e+02,-7.33934347e+01
219.170000,-1.04808447e+02,-7.33931238e+01
219.175000,-1.04808143e+02,-7.33928204e+01
219.180000,-1.04807848e+02,-7.33925252e+01
219.185000,-1.04807561e+02,-7.33922382e+01
219.190000,-1.04807293e+02,-7.33919704e+01
219.195000,-1.04807030e+02,-7.33917073e+01
219.200000,-1.04806741e+02,-7.33914178e+01
219.205000,-1.04806423e+02,-7.33910995e+01
219.210000,-1.04806086e+02,-7.33907629e+01
219.215000,-1.04805745e+02,-7.33904222e+01
219.220000,-1.04805410e+02,-7.33900866e+01
219.225000,-1.04805084e+02,-7.33897604e+01
219.230000,-1.04804771e+02,-7.33894480e+01
219.235000,-1.04804477e+02,-7.33891533e+01
219.240000,-1.04804201e+02,-7.33888777e+01
219.245000,-1.04803942e+02,-7.33886183e+01
219.250000,-1.04803694e+02,-7.33883704e+01
219.255000,-1.04803454e+02,-7.33881306e+01
219.260000,-1.04803218e+02,-7.33878949e+01
219.265000,-1.04802986e+02,-7.33876625e+01
219.270000,-1.04802756e+02,-7.33874326e+01
219.275000,-1.04802529e+02,-7.33872057e+01
219.280000,-1.04802308e+02,-7.33869842e+01
219.285000,-1.04802084e+02,-7.33867601e+01
219.290000,-1.04801848e+02,-7.33865245e+01
219.295000,-1.04801601e+02,-7.33862777e+01
219.300000,-1.04801346e+02,-7.33860225e+01
219.305000,-1.04801085e+02,-7.33857616e+01
219.310000,-1.04800823e+02,-7.33854993e+01
219.315000,-1.04800560e+02,-7.33852363e+01
219.320000,-1.04800296e+02,-7.33849726e+01
219.325000,-1.04800033e+02,-7.33847096e+01
219.330000,-1.04799772e+02,-7.33844483e+01
219.335000,-1.04799514e+02,-7.33841907e+01
219.340000,-1.04799263e+02,-7.33839393e+01
219.345000,-1.04799019e+02,-7.33836952e+01
219.350000,-1.04798782e+02,-7.33834583e+01
219.355000,-1.04798552e+02,-7.33832283e+01
219.360000,-1.04798329e+02,-7.33830060e+01
219.365000,-1.04798108e+02,-7.33827843e+01
219.370000,-1.04797875e+02,-7.33825521e+01
219.375000,-1.04797633e+02,-7.33823100e+01
219.380000,-1.04797385e+02,-7.33820612e+01
219.385000,-1.04797132e+02,-7.33818089e+01
219.390000,-1.04796880e+02,-7.33815563e+01
219.395000,-1.04796629e+02,-7.33813056e+01
219.400000,-1.04796380e+02,-7.33810568e+01
219.405000,-1.04796133e+02,-7.33808097e+01
219.410000,-1.04795889e+02,-7.33805650e+01
219.415000,-1.04795647e+02,-7.33803235e+01
219.420000,-1.04795407e+02,-7.33800842e+01
219.425000,-1.04795167e+02,-7.33798441e+01
219.430000,-1.04794923e+02,-7.33795994e+01
219.435000,-1.04794672e+02,-7.33793487e+01
219.440000,-1.04794417e+02,-7.33790939e+01
219.445000,-1.04794163e+02,-7.33788397e+01
219.450000,-1.04793913e+02,-7.33785899e+01
219.455000,-1.04793670e+02,-7.33783469e+01
219.460000,-1.04793436e+02,-7.33781124e+01
219.465000,-1.04793212e+02,-7.33778894e+01
219.470000,-1.04793004e+02,-7.33776805e+01
219.475000,-1.04792809e+02,-7.33774859e+01
219.480000,-1.04792626e+02,-7.33773031e+01
219.485000,-1.04792451e+02,-7.33771278e+01
219.490000,-1.04792277e+02,-7.33769533e+01
219.495000,-1.04792097e+02,-7.33767731e+01
219.500000,-1.04791907e+02,-7.33765836e+01
219.505000,-1.04791709e+02,-7.33763860e+01
219.510000,-1.04791508e+02,-7.33761842e+01
219.515000,-1.04791307e+02,-7.33759834e+01
219.520000,-1.04791112e+02,-7.33757887e+01
219.525000,-1.04790926e+02,-7.33756028e+01
219.530000,-1.04790749e+02,-7.33754256e+01
219.535000,-1.04790579e+02,-7.33752555e+01
219.540000,-1.04790416e+02,-7.33750923e+01
219.545000,-1.04790255e+02,-7.33749317e+01
219.550000,-1.04790088e+02,-7.33747642e+01
219.555000,-1.04789906e+02,-7.33745824e+01
219.560000,-1.04789710e+02,-7.33743866e+01
219.565000,-1.04789506e+02,-7.33741823e+01
219.570000,-1.04789299e+02,-7.33739753e+01
219.575000,-1.04789093e+02,-7.33737698e+01
219.580000,-1.04788890e+02,-7.33735664e+01
219.585000,-1.04788689e+02,-7.33733657e+01
219.590000,-1.04788494e+02,-7.33731704e+01
219.595000,-1.04788305e+02,-7.33729817e+01
219.600000,-1.04788123e+02,-7.33728003e+01
219.605000,-1.04787949e+02,-7.33726257e+01
219.610000,-1.04787780e+02,-7.33724572e+01
219.615000,-1.04787616e+02,-7.33722931e+01
219.620000,-1.04787454e+02,-7.33721312e+01
219.625000,-1.04787294e+02,-7.33719709e+01
219.630000,-1.04787136e+02,-7.33718125e+01
219.635000,-1.04786980e+02,-7.33716570e+01
219.640000,-1.04786829e+02,-7.33715056e+01
219.645000,-1.04786682e+02,-7.33713587e+01
219.650000,-1.04786540e+02,-7.33712173e+01
219.655000,-1.04786406e+02,-7.33710824e+01
219.660000,-1.04786276e+02,-7.33709528e+01
219.665000,-1.04786148e+02,-7.33708252e+01
219.670000,-1.04786015e+02,-7.33706914e+01
219.675000,-1.04785870e+02,-7.33705467e+01
219.680000,-1.04785715e+02,-7.33703922e+01
219.685000,-1.04785555e+02,-7.33702319e+01
219.690000,-1.04785395e+02,-7.33700716e+01
219.695000,-1.04785240e+02,-7.33699162e+01
219.700000,-1.04785089e+02,-7.33697654e+01
219.705000,-1.04784940e+02,-7.33696161e+01
219.710000,-1.04784790e+02,-7.33694668e+01
219.715000,-1.04784643e+02,-7.33693198e+01
219.720000,-1.04784503e+02,-7.33691794e+01
219.725000,-1.04784371e+02,-7.33690474e+01
219.730000,-1.04784246e+02,-7.33689224e+01
219.735000,-1.04784123e+02,-7.33687990e+01
219.740000,-1.04783998e+02,-7.33686747e+01
219.745000,-1.04783874e+02,-7.33685502e+01
219.750000,-1.04783752e+02,-7.33684281e+01
219.755000,-1.04783635e+02,-7.33683110e+01
219.760000,-1.04783524e+02,-7.33682001e+01
219.765000,-1.04783419e+02,-7.33680956e+01
219.770000,-1.04783320e+02,-7.33679958e+01
219.775000,-1.04783216e+02,-7.33678925e+01
219.780000,-1.04783102e+02,-7.33677785e+01
219.785000,-1.04782977e+02,-7.33676537e+01
219.790000,-1.04782843e+02,-7.33675194e+01
219.795000,-1.04782697e+02,-7.33673738e+01
219.800000,-1.04782538e+02,-7.33672144e+01
219.805000,-1.04782367e+02,-7.33670431e+01
219.810000,-1.04782188e+02,-7.33668646e+01
219.815000,-1.04782010e+02,-7.33666869e+01
219.820000,-1.04781840e+02,-7.33665161e+01
219.825000,-1.04781676e+02,-7.33663523e+01
219.830000,-1.04781518e+02,-7.33661949e+01
219.835000,-1.04781368e+02,-7.33660445e+01
219.840000,-1.04781227e+02,-7.33659033e+01
219.845000,-1.04781097e+02,-7.33657737e+01
219.850000,-1.04780980e+02,-7.33656566e+01
219.855000,-1.04780871e+02,-7.33655475e+01
219.860000,-1.04780764e+02,-7.33654411e+01
219.865000,-1.04780658e+02,-7.33653343e+01
219.870000,-1.04780550e+02,-7.33652265e+01
219.875000,-1.04780441e+02,-7.33651180e+01
219.880000,-1.04780335e+02,-7.33650115e+01
219.885000,-1.04780230e+02,-7.33649064e+01
219.890000,-1.04780124e+02,-7.33648011e+01
219.895000,-1.04780018e+02,-7.33646946e+01
219.900000,-1.04779911e+02,-7.33645873e+01
219.905000,-1.04779804e+02,-7.33644805e+01
219.910000,-1.04779698e+02,-7.33643744e+01
219.915000,-1.04779587e+02,-7.33642636e+01
219.920000,-1.04779465e+02,-7.33641421e+01
219.925000,-1.04779331e+02,-7.33640082e+01
219.930000,-1.04779187e+02,-7.33638639e+01
219.935000,-1.04779035e+02,-7.33637119e+01
219.940000,-1.04778879e+02,-7.33635554e+01
219.945000,-1.04778718e+02,-7.33633951e+01
219.950000,-1.04778553e+02,-7.33632300e+01
219.955000,-1.04778384e+02,-7.33630607e+01
219.960000,-1.04778215e+02,-7.33628911e+01
219.965000,-1.04778050e+02,-7.33627272e+01
219.970000,-1.04777898e+02,-7.33625747e+01
219.975000,-1.04777756e+02,-7.33624324e+01
219.980000,-1.04777621e+02,-7.33622967e+01
219.985000,-1.04777488e+02,-7.33621641e+01
219.990000,-1.04777357e+02,-7.33620336e+01
219.995000,-1.04777225e+02,-7.33619011e+01
220.000000,-1.04777087e+02,-7.33617636e+01
220.005000,-1.04776945e+02,-7.33616218e+01
220.010000,-1.04776802e+02,-7.33614785e+01
220.015000,-1.04776660e+02,-7.33613368e+01
220.020000,-1.04776523e+02,-7.33611993e+01
220.025000,-1.04776394e+02,-7.33610705e+01
220.030000,-1.04776279e+02,-7.33609555e+01
220.035000,-1.04776177e+02,-7.33608534e+01
220.040000,-1.04776083e+02,-7.33607591e+01
220.045000,-1.04775989e+02,-7.33606655e+01
220.050000,-1.04775894e+02,-7.33605706e+01
220.055000,-1.04775799e+02,-7.33604759e+01
220.060000,-1.04775708e+02,-7.33603839e+01
220.065000,-1.04775620e+02,-7.33602967e+01
220.070000,-1.04775539e+02,-7.33602151e+01
220.075000,-1.04775459e+02,-7.33601361e+01
220.080000,-1.04775381e+02,-7.33600578e+01
220.085000,-1.04775304e+02,-7.33599811e+01
220.090000,-1.04775230e+02,-7.33599072e+01
220.095000,-1.04775161e+02,-7.33598372e+01
220.100000,-1.04775092e+02,-7.33597689e+01
220.105000,-1.04775020e+02,-7.33596963e+01
220.110000,-1.04774938e+02,-7.33596145e+01
220.115000,-1.04774847e+02,-7.33595234e+01
220.120000,-1.04774750e+02,-7.33594263e+01
220.125000,-1.04774653e+02,-7.33593296e+01
220.130000,-1.04774564e+02,-7.33592402e+01
220.135000,-1.04774485e+02,-7.33591621e+01
220.140000,-1.04774421e+02,-7.33590970e+01
220.145000,-1.04774368e+02,-7.33590449e+01
220.150000,-1.04774327e+02,-7.33590036e+01
220.155000,-1.04774289e+02,-7.33589658e+01
220.160000,-1.04774249e+02,-7.33589259e+01
220.165000,-1.04774204e+02,-7.33588808e+01
220.170000,-1.04774153e+02,-7.33588296e+01
220.175000,-1.04774096e+02,-7.33587723e+01
220.180000,-1.04774034e+02,-7.33587109e+01
220.185000,-1.04773972e+02,-7.33586488e+01
220.190000,-1.04773912e+02,-7.33585882e+01
220.195000,-1.04773852e+02,-7.33585288e+01
220.200000,-1.04773794e+02,-7.33584705e+01
220.205000,-1.04773734e+02,-7.33584110e+01
220.210000,-1.04773672e+02,-7.33583488e+01
220.215000,-1.04773605e+02,-7.33582816e+01
220.220000,-1.04773535e+02,-7.33582112e+01
220.225000,-1.04773463e+02,-7.33581395e+01
220.230000,-1.04773393e+02,-7.33580700e+01
220.235000,-1.04773328e+02,-7.33580046e+01
220.240000,-1.04773269e+02,-7.33579461e+01
220.245000,-1.04773221e+02,-7.33578975e+01
220.250000,-1.04773185e+02,-7.33578613e+01
220.255000,-1.04773162e+02,-7.33578389e+01
220.260000,-1.04773155e+02,-7.33578316e+01
220.265000,-1.04773164e+02,-7.33578407e+01
220.270000,-1.04773191e+02,-7.33578678e+01
220.275000,-1.04773235e+02,-7.33579116e+01
220.280000,-1.04773292e+02,-7.33579691e+01
220.285000,-1.04773360e+02,-7.33580362e+01
220.290000,-1.04773431e+02,-7.33581081e+01
220.295000,-1.04773506e+02,-7.33581821e+01
220.300000,-1.04773578e+02,-7.33582548e+01
220.305000,-1.04773646e+02,-7.33583226e+01
220.310000,-1.04773707e+02,-7.33583836e+01
220.315000,-1.04773762e+02,-7.33584390e+01
220.320000,-1.04773813e+02,-7.33584892e+01
220.325000,-1.04773859e+02,-7.33585359e+01
220.330000,-1.04773905e+02,-7.33585812e+01
220.335000,-1.04773950e+02,-7.33586261e+01
220.340000,-1.04773995e+02,-7.33586714e+01
220.345000,-1.04774041e+02,-7.33587177e+01
220.350000,-1.04774085e+02,-7.33587621e+01
220.355000,-1.04774125e+02,-7.33588019e+01
220.360000,-1.04774160e+02,-7.33588363e+01
220.365000,-1.04774190e+02,-7.33588668e+01
220.370000,-1.04774221e+02,-7.33588977e+01
220.375000,-1.04774257e+02,-7.33589337e+01
220.380000,-1.04774303e+02,-7.33589794e+01
220.385000,-1.04774359e+02,-7.33590363e+01
220.390000,-1.04774422e+02,-7.33590991e+01
220.395000,-1.04774480e+02,-7.33591573e+01
220.400000,-1.04774528e+02,-7.33592049e+01
220.405000,-1.04774566e+02,-7.33592426e+01
220.410000,-1.04774597e+02,-7.33592741e+01
220.415000,-1.04774626e+02,-7.33593027e+01
220.420000,-1.04774654e+02,-7.33593308e+01
220.425000,-1.04774683e+02,-7.33593608e+01
220.430000,-1.04774719e+02,-7.33593958e+01
220.435000,-1.04774758e+02,-7.33594354e+01
220.440000,-1.04774801e+02,-7.33594779e+01
220.445000,-1.04774846e+02,-7.33595233e+01
220.450000,-1.04774896e+02,-7.33595734e+01
220.455000,-1.04774948e+02,-7.33596252e+01
220.460000,-1.04774994e+02,-7.33596717e+01
220.465000,-1.04775030e+02,-7.33597064e+01
220.470000,-1.04775048e+02,-7.33597253e+01
220.475000,-1.04775051e+02,-7.33597272e+01
220.480000,-1.04775036e+02,-7.33597124e+01
220.485000,-1.04775008e+02,-7.33596846e+01
220.490000,-1.04774972e+02,-7.33596491e+01
220.495000,-1.04774935e+02,-7.33596117e+01
220.500000,-1.04774901e+02,-7.33595776e+01
220.505000,-1.04774875e+02,-7.33595511e+01
220.510000,-1.04774856e+02,-7.33595324e+01
220.515000,-1.04774842e+02,-7.33595186e+01
220.520000,-1.04774831e+02,-7.33595074e+01
220.525000,-1.04774822e+02,-7.33594988e+01
220.530000,-1.04774818e+02,-7.33594949e+01
220.535000,-1.04774819e+02,-7.33594956e+01
220.540000,-1.04774824e+02,-7.33595004e+01
220.545000,-1.04774834e+02,-7.33595100e+01
220.550000,-1.04774849e+02,-7.33595254e+01
220.555000,-1.04774869e+02,-7.33595458e+01
220.560000,-1.04774891e+02,-7.33595676e+01
220.565000,-1.04774910e+02,-7.33595860e+01
220.570000,-1.04774922e+02,-7.33595984e+01
220.575000,-1.04774928e+02,-7.33596041e+01
220.580000,-1.04774929e+02,-7.33596058e+01
220.585000,-1.04774930e+02,-7.33596063e+01
220.590000,-1.04774931e+02,-7.33596078e+01
220.595000,-1.04774934e+02,-7.33596109e+01
220.600000,-1.04774935e+02,-7.33596117e+01
220.605000,-1.04774930e+02,-7.33596064e+01
220.610000,-1.04774918e+02,-7.33595949e+01
220.615000,-1.04774904e+02,-7.33595800e+01
220.620000,-1.04774888e+02,-7.33595647e+01
220.625000,-1.04774874e+02,-7.33595507e+01
220.630000,-1.04774858e+02,-7.33595347e+01
220.635000,-1.04774836e+02,-7.33595132e+01
220.640000,-1.04774810e+02,-7.33594867e+01
220.645000,-1.04774781e+02,-7.33594576e+01
220.650000,-1.04774753e+02,-7.33594302e+01
220.655000,-1.04774730e+02,-7.33594069e+01
220.660000,-1.04774711e+02,-7.33593879e+01
220.665000,-1.04774695e+02,-7.33593719e+01
220.670000,-1.04774682e+02,-7.33593586e+01
220.675000,-1.04774673e+02,-7.33593494e+01
220.680000,-1.04774667e+02,-7.33593438e+01
220.685000,-1.04774660e+02,-7.33593368e+01
220.690000,-1.04774646e+02,-7.33593229e+01
220.695000,-1.04774625e+02,-7.33593022e+01
220.700000,-1.04774603e+02,-7.33592801e+01
220.705000,-1.04774587e+02,-7.33592636e+01
220.710000,-1.04774580e+02,-7.33592568e+01
220.715000,-1.04774586e+02,-7.33592629e+01
220.720000,-1.04774604e+02,-7.33592804e+01
220.725000,-1.04774627e+02,-7.33593038e+01
220.730000,-1.04774652e+02,-7.33593286e+01
220.735000,-1.04774678e+02,-7.33593548e+01
220.740000,-1.04774710e+02,-7.33593860e+01
220.745000,-1.04774746e+02,-7.33594224e+01
220.750000,-1.04774785e+02,-7.33594611e+01
220.755000,-1.04774822e+02,-7.33594980e+01
220.760000,-1.04774856e+02,-7.33595324e+01
220.765000,-1.04774889e+02,-7.33595654e+01
220.770000,-1.04774922e+02,-7.33595985e+01
220.775000,-1.04774956e+02,-7.33596327e+01
220.780000,-1.04774992e+02,-7.33596689e+01
220.785000,-1.04775031e+02,-7.33597079e+01
220.790000,-1.04775075e+02,-7.33597510e+01
220.795000,-1.04775122e+02,-7.33597980e+01
220.800000,-1.04775170e+02,-7.33598469e+01
220.805000,-1.04775215e+02,-7.33598913e+01
220.810000,-1.04775251e+02,-7.33599274e+01
220.815000,-1.04775278e+02,-7.33599547e+01
220.820000,-1.04775298e+02,-7.33599743e+01
220.825000,-1.04775311e+02,-7.33599872e+01
220.830000,-1.04775319e+02,-7.33599949e+01
220.835000,-1.04775322e+02,-7.33599987e+01
220.840000,-1.04775323e+02,-7.33599990e+01
220.845000,-1.04775316e+02,-7.33599922e+01
220.850000,-1.04775299e+02,-7.33599760e+01
220.855000,-1.04775273e+02,-7.33599500e+01
220.860000,-1.04775235e+02,-7.33599121e+01
220.865000,-1.04775187e+02,-7.33598635e+01
220.870000,-1.04775132e+02,-7.33598087e+01
220.875000,-1.04775075e+02,-7.33597521e+01
220.880000,-1.04775020e+02,-7.33596969e+01
220.885000,-1.04774969e+02,-7.33596453e+01
220.890000,-1.04774922e+02,-7.33595993e+01
220.895000,-1.04774885e+02,-7.33595615e+01
220.900000,-1.04774855e+02,-7.33595318e+01
220.905000,-1.04774832e+02,-7.33595083e+01
220.910000,-1.04774810e+02,-7.33594875e+01
220.915000,-1.04774790e+02,-7.33594663e+01
220.920000,-1.04774764e+02,-7.33594408e+01
220.925000,-1.04774730e+02,-7.33594064e+01
220.930000,-1.04774684e+02,-7.33593610e+01
220.935000,-1.04774630e+02,-7.33593068e+01
220.940000,-1.04774571e+02,-7.33592479e+01
220.945000,-1.04774512e+02,-7.33591889e+01
220.950000,-1.04774458e+02,-7.33591342e+01
220.955000,-1.04774410e+02,-7.33590873e+01
220.960000,-1.04774375e+02,-7.33590516e+01
220.965000,-1.04774350e+02,-7.33590268e+01
220.970000,-1.04774332e+02,-7.33590080e+01
220.975000,-1.04774311e+02,-7.33589873e+01
220.980000,-1.04774283e+02,-7.33589593e+01
220.985000,-1.04774248e+02,-7.33589239e+01
220.990000,-1.04774208e+02,-7.33588840e+01
220.995000,-1.04774167e+02,-7.33588430e+01
221.000000,-1.04774128e+02,-7.33588042e+01
221.005000,-1.04774093e+02,-7.33587698e+01
221.010000,-1.04774065e+02,-7.33587415e+01
221.015000,-1.04774043e+02,-7.33587198e+01
221.020000,-1.04774028e+02,-7.33587046e+01
221.025000,-1.04774017e+02,-7.33586931e+01
221.030000,-1.04774006e+02,-7.33586826e+01
221.035000,-1.04773995e+02,-7.33586719e+01
221.040000,-1.04773986e+02,-7.33586623e+01
221.045000,-1.04773975e+02,-7.33586515e+01
221.050000,-1.04773962e+02,-7.33586389e+01
221.055000,-1.04773950e+02,-7.33586264e+01
221.060000,-1.04773941e+02,-7.33586177e+01
221.065000,-1.04773940e+02,-7.33586169e+01
221.070000,-1.04773951e+02,-7.33586272e+01
221.075000,-1.04773974e+02,-7.33586508e+01
221.080000,-1.04774012e+02,-7.33586883e+01
221.085000,-1.04774058e+02,-7.33587349e+01
221.090000,-1.04774108e+02,-7.33587845e+01
221.095000,-1.04774154e+02,-7.33588308e+01
221.100000,-1.04774193e+02,-7.33588701e+01
221.105000,-1.04774226e+02,-7.33589033e+01
221.110000,-1.04774257e+02,-7.33589337e+01
221.115000,-1.04774288e+02,-7.33589655e+01
221.120000,-1.04774327e+02,-7.33590040e+01
221.125000,-1.04774376e+02,-7.33590530e+01
221.130000,-1.04774438e+02,-7.33591157e+01
221.135000,-1.04774517e+02,-7.33591942e+01
221.140000,-1.04774609e+02,-7.33592859e+01
221.145000,-1.04774713e+02,-7.33593897e+01
221.150000,-1.04774829e+02,-7.33595062e+01
221.155000,-1.04774958e+02,-7.33596350e+01
221.160000,-1.04775099e+02,-7.33597760e+01
221.165000,-1.04775248e+02,-7.33599253e+01
221.170000,-1.04775400e+02,-7.33600768e+01
221.175000,-1.04775548e+02,-7.33602246e+01
221.180000,-1.04775690e+02,-7.33603673e+01
221.185000,-1.04775829e+02,-7.33605063e+01
221.190000,-1.04775972e+02,-7.33606483e+01
221.195000,-1.04776121e+02,-7.33607972e+01
221.200000,-1.04776276e+02,-7.33609529e+01
221.205000,-1.04776439e+02,-7.33611155e+01
221.210000,-1.04776607e+02,-7.33612839e+01
221.215000,-1.04776781e+02,-7.33614576e+01
221.220000,-1.04776961e+02,-7.33616375e+01
221.225000,-1.04777150e+02,-7.33618265e+01
221.230000,-1.04777351e+02,-7.33620277e+01
221.235000,-1.04777567e+02,-7.33622435e+01
221.240000,-1.04777799e+02,-7.33624757e+01
221.245000,-1.04778048e+02,-7.33627239e+01
221.250000,-1.04778310e+02,-7.33629857e+01
221.255000,-1.04778580e+02,-7.33632567e+01
221.260000,-1.04778856e+02,-7.33635318e+01
221.265000,-1.04779129e+02,-7.33638052e+01
221.270000,-1.04779397e+02,-7.33640730e+01
221.275000,-1.04779658e+02,-7.33643336e+01
221.280000,-1.04779911e+02,-7.33645876e+01
221.285000,-1.04780159e+02,-7.33648353e+01
221.290000,-1.04780397e+02,-7.33650738e+01
221.295000,-1.04780623e+02,-7.33652997e+01
221.300000,-1.04780831e+02,-7.33655074e+01
221.305000,-1.04781017e+02,-7.33656939e+01
221.310000,-1.04781185e+02,-7.33658610e+01
221.315000,-1.04781337e+02,-7.33660136e+01
221.320000,-1.04781481e+02,-7.33661575e+01
221.325000,-1.04781622e+02,-7.33662983e+01
221.330000,-1.04781763e+02,-7.33664400e+01
221.335000,-1.04781907e+02,-7.33665838e+01
221.340000,-1.04782050e+02,-7.33667267e+01
221.345000,-1.04782188e+02,-7.33668653e+01
221.350000,-1.04782324e+02,-7.33670005e+01
221.355000,-1.04782459e+02,-7.33671360e+01
221.360000,-1.04782599e+02,-7.33672759e+01
221.365000,-1.04782743e+02,-7.33674204e+01
221.370000,-1.04782890e+02,-7.33675675e+01
221.375000,-1.04783039e+02,-7.33677160e+01
221.380000,-1.04783189e+02,-7.33678665e+01
221.385000,-1.04783342e+02,-7.33680189e+01
221.390000,-1.04783495e+02,-7.33681722e+01
221.395000,-1.04783648e+02,-7.33683255e+01
221.400000,-1.04783800e+02,-7.33684774e+01
221.405000,-1.04783946e+02,-7.33686231e+01
221.410000,-1.04784080e+02,-7.33687568e+01
221.415000,-1.04784199e+02,-7.33688755e+01
221.420000,-1.04784304e+02,-7.33689811e+01
221.425000,-1.04784400e+02,-7.33690771e+01
221.430000,-1.04784491e+02,-7.33691677e+01
221.435000,-1.04784581e+02,-7.33692582e+01
221.440000,-1.04784676e+02,-7.33693523e+01
221.445000,-1.04784775e+02,-7.33694519e+01
221.450000,-1.04784881e+02,-7.33695577e+01
221.455000,-1.04784992e+02,-7.33696687e+01
221.460000,-1.04785103e+02,-7.33697798e+01
221.465000,-1.04785207e+02,-7.33698836e+01
221.470000,-1.04785297e+02,-7.33699735e+01
221.475000,-1.04785371e+02,-7.33700471e+01
221.480000,-1.04785429e+02,-7.33701053e+01
221.485000,-1.04785476e+02,-7.33701521e+01
221.490000,-1.04785514e+02,-7.33701906e+01
221.495000,-1.04785543e+02,-7.33702192e+01
221.500000,-1.04785559e+02,-7.33702355e+01
221.505000,-1.04785562e+02,-7.33702388e+01
221.510000,-1.04785554e+02,-7.33702309e+01
221.515000,-1.04785541e+02,-7.33702168e+01
221.520000,-1.04785527e+02,-7.33702037e+01
221.525000,-1.04785523e+02,-7.33701994e+01
221.530000,-1.04785530e+02,-7.33702066e+01
221.535000,-1.04785549e+02,-7.33702252e+01
221.540000,-1.04785578e+02,-7.33702550e+01
221.545000,-1.04785619e+02,-7.33702961e+01
221.550000,-1.04785672e+02,-7.33703483e+01
221.555000,-1.04785736e+02,-7.33704131e+01
221.560000,-1.04785815e+02,-7.33704921e+01
221.565000,-1.04785911e+02,-7.33705872e+01
221.570000,-1.04786018e+02,-7.33706942e+01
221.575000,-1.04786124e+02,-7.33708006e+01
221.580000,-1.04786214e+02,-7.33708908e+01
221.585000,-1.04786277e+02,-7.33709534e+01
221.590000,-1.04786308e+02,-7.33709844e+01
221.595000,-1.04786311e+02,-7.33709872e+01
221.600000,-1.04786293e+02,-7.33709696e+01
221.605000,-1.04786263e+02,-7.33709401e+01
221.610000,-1.04786228e+02,-7.33709052e+01
221.615000,-1.04786194e+02,-7.33708709e+01
221.620000,-1.04786167e+02,-7.33708433e+01
221.625000,-1.04786149e+02,-7.33708262e+01
221.630000,-1.04786144e+02,-7.33708208e+01
221.635000,-1.04786149e+02,-7.33708259e+01
221.640000,-1.04786167e+02,-7.33708431e+01
221.645000,-1.04786195e+02,-7.33708712e+01
221.650000,-1.04786231e+02,-7.33709077e+01
221.655000,-1.04786274e+02,-7.33709511e+01
221.660000,-1.04786326e+02,-7.33710032e+01
221.665000,-1.04786391e+02,-7.33710671e+01
221.670000,-1.04786467e+02,-7.33711437e+01
221.675000,-1.04786555e+02,-7.33712318e+01
221.680000,-1.04786652e+02,-7.33713287e+01
221.685000,-1.04786756e+02,-7.33714325e+01
221.690000,-1.04786866e+02,-7.33715421e+01
221.695000,-1.04786980e+02,-7.33716573e+01
221.700000,-1.04787103e+02,-7.33717792e+01
221.705000,-1.04787229e+02,-7.33719056e+01
221.710000,-1.04787354e+02,-7.33720304e+01
221.715000,-1.04787471e+02,-7.33721476e+01
221.720000,-1.04787579e+02,-7.33722558e+01
221.725000,-1.04787681e+02,-7.33723577e+01
221.730000,-1.04787782e+02,-7.33724577e+01
221.735000,-1.04787883e+02,-7.33725592e+01
221.740000,-1.04787987e+02,-7.33726631e+01
221.745000,-1.04788090e+02,-7.33727664e+01
221.750000,-1.04788189e+02,-7.33728649e+01
221.755000,-1.04788278e+02,-7.33729541e+01
221.760000,-1.04788355e+02,-7.33730316e+01
221.765000,-1.04788417e+02,-7.33730933e+01
221.770000,-1.04788462e+02,-7.33731382e+01
221.775000,-1.04788494e+02,-7.33731708e+01
221.780000,-1.04788523e+02,-7.33731994e+01
221.785000,-1.04788554e+02,-7.33732311e+01
221.790000,-1.04788594e+02,-7.33732711e+01
221.795000,-1.04788646e+02,-7.33733233e+01
221.800000,-1.04788713e+02,-7.33733900e+01
221.805000,-1.04788795e+02,-7.33734718e+01
221.810000,-1.04788893e+02,-7.33735694e+01
221.815000,-1.04789004e+02,-7.33736809e+01
221.820000,-1.04789125e+02,-7.33738021e+01
221.825000,-1.04789250e+02,-7.33739272e+01
221.830000,-1.04789372e+02,-7.33740493e+01
221.835000,-1.04789487e+02,-7.33741635e+01
221.840000,-1.04789593e+02,-7.33742697e+01
221.845000,-1.04789693e+02,-7.33743702e+01
221.850000,-1.04789790e+02,-7.33744673e+01
221.855000,-1.04789887e+02,-7.33745644e+01
221.860000,-1.04789985e+02,-7.33746621e+01
221.865000,-1.04790083e+02,-7.33747594e+01
221.870000,-1.04790180e+02,-7.33748568e+01
221.875000,-1.04790278e+02,-7.33749555e+01
221.880000,-1.04790380e+02,-7.33750570e+01
221.885000,-1.04790482e+02,-7.33751582e+01
221.890000,-1.04790576e+02,-7.33752527e+01
221.895000,-1.04790658e+02,-7.33753344e+01
221.900000,-1.04790725e+02,-7.33754017e+01
221.905000,-1.04790781e+02,-7.33754580e+01
221.910000,-1.04790832e+02,-7.33755083e+01
221.915000,-1.04790881e+02,-7.33755575e+01
221.920000,-1.04790933e+02,-7.33756097e+01
221.925000,-1.04790991e+02,-7.33756673e+01
221.930000,-1.04791055e+02,-7.33757317e+01
221.935000,-1.04791127e+02,-7.33758032e+01
221.940000,-1.04791206e+02,-7.33758824e+01
221.945000,-1.04791294e+02,-7.33759709e+01
221.950000,-1.04791392e+02,-7.33760680e+01
221.955000,-1.04791493e+02,-7.33761691e+01
221.960000,-1.04791593e+02,-7.33762689e+01
221.965000,-1.04791689e+02,-7.33763653e+01
221.970000,-1.04791783e+02,-7.33764589e+01
221.975000,-1.04791875e+02,-7.33765509e+01
221.980000,-1.04791965e+02,-7.33766415e+01
221.985000,-1.04792051e+02,-7.33767269e+01
221.990000,-1.04792127e+02,-7.33768032e+01
221.995000,-1.04792194e+02,-7.33768702e+01
222.000000,-1.04792252e+02,-7.33769286e+01
222.005000,-1.04792298e+02,-7.33769746e+01
222.010000,-1.04792328e+02,-7.33770041e+01
222.015000,-1.04792340e+02,-7.33770165e+01
222.020000,-1.04792337e+02,-7.33770131e+01
222.025000,-1.04792321e+02,-7.33769973e+01
222.030000,-1.04792297e+02,-7.33769730e+01
222.035000,-1.04792267e+02,-7.33769432e+01
222.040000,-1.04792235e+02,-7.33769113e+01
222.045000,-1.04792204e+02,-7.33768809e+01
222.050000,-1.04792178e+02,-7.33768547e+01
222.055000,-1.04792157e+02,-7.33768337e+01
222.060000,-1.04792142e+02,-7.33768182e+01
222.065000,-1.04792132e+02,-7.33768087e+01
222.070000,-1.04792127e+02,-7.33768041e+01
222.075000,-1.04792122e+02,-7.33767993e+01
222.080000,-1.04792114e+02,-7.33767907e+01
222.085000,-1.04792101e+02,-7.33767783e+01
222.090000,-1.04792088e+02,-7.33767653e+01
222.095000,-1.04792077e+02,-7.33767539e+01
222.100000,-1.04792068e+02,-7.33767445e+01
222.105000,-1.04792060e+02,-7.33767371e+01
222.110000,-1.04792056e+02,-7.33767333e+01
222.115000,-1.04792060e+02,-7.33767364e+01
222.120000,-1.04792071e+02,-7.33767480e+01
222.125000,-1.04792089e+02,-7.33767662e+01
222.130000,-1.04792110e+02,-7.33767868e+01
222.135000,-1.04792132e+02,-7.33768087e+01
222.140000,-1.04792155e+02,-7.33768320e+01
222.145000,-1.04792181e+02,-7.33768573e+01
222.150000,-1.04792207e+02,-7.33768840e+01
222.155000,-1.04792235e+02,-7.33769112e+01
222.160000,-1.04792262e+02,-7.33769383e+01
222.165000,-1.04792288e+02,-7.33769650e+01
222.170000,-1.04792315e+02,-7.33769913e+01
222.175000,-1.04792341e+02,-7.33770171e+01
222.180000,-1.04792365e+02,-7.33770419e+01
222.185000,-1.04792388e+02,-7.33770647e+01
222.190000,-1.04792409e+02,-7.33770857e+01
222.195000,-1.04792427e+02,-7.33771037e+01
222.200000,-1.04792439e+02,-7.33771148e+01
222.205000,-1.04792439e+02,-7.33771157e+01
222.210000,-1.04792430e+02,-7.33771060e+01
222.215000,-1.04792408e+02,-7.33770849e+01
222.220000,-1.04792376e+02,-7.33770525e+01
222.225000,-1.04792336e+02,-7.33770123e+01
222.230000,-1.04792296e+02,-7.33769724e+01
222.235000,-1.04792264e+02,-7.33769404e+01
222.240000,-1.04792239e+02,-7.33769157e+01
222.245000,-1.04792219e+02,-7.33768957e+01
222.250000,-1.04792203e+02,-7.33768800e+01
222.255000,-1.04792193e+02,-7.33768699e+01
222.260000,-1.04792191e+02,-7.33768675e+01
222.265000,-1.04792201e+02,-7.33768770e+01
222.270000,-1.04792226e+02,-7.33769021e+01
222.275000,-1.04792268e+02,-7.33769442e+01
222.280000,-1.04792326e+02,-7.33770027e+01
222.285000,-1.04792399e+02,-7.33770759e+01
222.290000,-1.04792486e+02,-7.33771622e+01
222.295000,-1.04792582e+02,-7.33772583e+01
222.300000,-1.04792685e+02,-7.33773615e+01
222.305000,-1.04792794e+02,-7.33774699e+01
222.310000,-1.04792905e+02,-7.33775817e+01
222.315000,-1.04793018e+02,-7.33776947e+01
222.320000,-1.04793126e+02,-7.33778033e+01
222.325000,-1.04793226e+02,-7.33779024e+01
222.330000,-1.04793312e+02,-7.33779883e+01
222.335000,-1.04793382e+02,-7.33780584e+01
222.340000,-1.04793434e+02,-7.33781108e+01
222.345000,-1.04793471e+02,-7.33781479e+01
222.350000,-1.04793495e+02,-7.33781711e+01
222.355000,-1.04793504e+02,-7.33781808e+01
222.360000,-1.04793502e+02,-7.33781783e+01
222.365000,-1.04793491e+02,-7.33781678e+01
222.370000,-1.04793478e+02,-7.33781548e+01
222.375000,-1.04793468e+02,-7.33781446e+01
222.380000,-1.04793465e+02,-7.33781415e+01
222.385000,-1.04793472e+02,-7.33781486e+01
222.390000,-1.04793491e+02,-7.33781676e+01
222.395000,-1.04793523e+02,-7.33781993e+01
222.400000,-1.04793567e+02,-7.33782433e+01
222.405000,-1.04793622e+02,-7.33782982e+01
222.410000,-1.04793686e+02,-7.33783626e+01
222.415000,-1.04793760e+02,-7.33784361e+01
222.420000,-1.04793842e+02,-7.33785187e+01
222.425000,-1.04793934e+02,-7.33786103e+01
222.430000,-1.04794032e+02,-7.33787091e+01
222.435000,-1.04794138e+02,-7.33788142e+01
222.440000,-1.04794244e+02,-7.33789204e+01
222.445000,-1.04794340e+02,-7.33790170e+01
222.450000,-1.04794420e+02,-7.33790960e+01
222.455000,-1.04794481e+02,-7.33791576e+01
222.460000,-1.04794532e+02,-7.33792089e+01
222.465000,-1.04794580e+02,-7.33792569e+01
222.470000,-1.04794624e+02,-7.33793000e+01
222.475000,-1.04794659e+02,-7.33793354e+01
222.480000,-1.04794685e+02,-7.33793615e+01
222.485000,-1.04794703e+02,-7.33793792e+01
222.490000,-1.04794714e+02,-7.33793907e+01
222.495000,-1.04794723e+02,-7.33793991e+01
222.500000,-1.04794731e+02,-7.33794077e+01
222.505000,-1.04794743e+02,-7.33794191e+01
222.510000,-1.04794759e+02,-7.33794355e+01
222.515000,-1.04794783e+02,-7.33794597e+01
222.520000,-1.04794817e+02,-7.33794932e+01
222.525000,-1.04794861e+02,-7.33795373e+01
222.530000,-1.04794915e+02,-7.33795918e+01
222.535000,-1.04794979e+02,-7.33796559e+01
222.540000,-1.04795051e+02,-7.33797282e+01
222.545000,-1.04795130e+02,-7.33798067e+01
222.550000,-1.04795213e+02,-7.33798895e+01
222.555000,-1.04795297e+02,-7.33799742e+01
222.560000,-1.04795380e+02,-7.33800563e+01
222.565000,-1.04795450e+02,-7.33801272e+01
222.570000,-1.04795502e+02,-7.33801795e+01
222.575000,-1.04795536e+02,-7.33802127e+01
222.580000,-1.04795550e+02,-7.33802270e+01
222.585000,-1.04795546e+02,-7.33802227e+01
222.590000,-1.04795523e+02,-7.33801997e+01
222.595000,-1.04795484e+02,-7.33801610e+01
222.600000,-1.04795434e+02,-7.33801106e+01
222.605000,-1.04795377e+02,-7.33800531e+01
222.610000,-1.04795316e+02,-7.33799923e+01
222.615000,-1.04795259e+02,-7.33799350e+01
222.620000,-1.04795211e+02,-7.33798874e+01
222.625000,-1.04795177e+02,-7.33798535e+01
222.630000,-1.04795159e+02,-7.33798356e+01
222.635000,-1.04795160e+02,-7.33798362e+01
222.640000,-1.04795179e+02,-7.33798561e+01
222.645000,-1.04795219e+02,-7.33798951e+01
222.650000,-1.04795276e+02,-7.33799523e+01
222.655000,-1.04795349e+02,-7.33800257e+01
222.660000,-1.04795434e+02,-7.33801107e+01
222.665000,-1.04795526e+02,-7.33802027e+01
222.670000,-1.04795624e+02,-7.33803002e+01
222.675000,-1.04795730e+02,-7.33804064e+01
222.680000,-1.04795849e+02,-7.33805262e+01
222.685000,-1.04795983e+02,-7.33806592e+01
222.690000,-1.04796117e+02,-7.33807931e+01
222.695000,-1.04796238e+02,-7.33809141e+01
222.700000,-1.04796339e+02,-7.33810154e+01
222.705000,-1.04796421e+02,-7.33810976e+01
222.710000,-1.04796488e+02,-7.33811643e+01
222.715000,-1.04796544e+02,-7.33812202e+01
222.720000,-1.04796593e+02,-7.33812695e+01
222.725000,-1.04796639e+02,-7.33813157e+01
222.730000,-1.04796684e+02,-7.33813606e+01
222.735000,-1.04796729e+02,-7.33814057e+01
222.740000,-1.04796776e+02,-7.33814523e+01
222.745000,-1.04796825e+02,-7.33815013e+01
222.750000,-1.04796876e+02,-7.33815523e+01
222.755000,-1.04796930e+02,-7.33816068e+01
222.760000,-1.04796988e+02,-7.33816644e+01
222.765000,-1.04797046e+02,-7.33817228e+01
222.770000,-1.04797103e+02,-7.33817791e+01
222.775000,-1.04797156e+02,-7.33818323e+01
222.780000,-1.04797207e+02,-7.33818835e+01
222.785000,-1.04797257e+02,-7.33819344e+01
222.790000,-1.04797312e+02,-7.33819880e+01
222.795000,-1.04797368e+02,-7.33820447e+01
222.800000,-1.04797427e+02,-7.33821029e+01
222.805000,-1.04797484e+02,-7.33821606e+01
222.810000,-1.04797541e+02,-7.33822170e+01
222.815000,-1.04797595e+02,-7.33822714e+01
222.820000,-1.04797649e+02,-7.33823250e+01
222.825000,-1.04797705e+02,-7.33823810e+01
222.830000,-1.04797767e+02,-7.33824429e+01
222.835000,-1.04797833e+02,-7.33825096e+01
222.840000,-1.04797901e+02,-7.33825770e+01
222.845000,-1.04797966e+02,-7.33826422e+01
222.850000,-1.04798027e+02,-7.33827037e+01
222.855000,-1.04798085e+02,-7.33827611e+01
222.860000,-1.04798138e+02,-7.33828143e+01
222.865000,-1.04798186e+02,-7.33828623e+01
222.870000,-1.04798227e+02,-7.33829039e+01
222.875000,-1.04798263e+02,-7.33829392e+01
222.880000,-1.04798291e+02,-7.33829675e+01
222.885000,-1.04798311e+02,-7.33829880e+01
222.890000,-1.04798318e+02,-7.33829944e+01
222.895000,-1.04798305e+02,-7.33829819e+01
222.900000,-1.04798274e+02,-7.33829511e+01
222.905000,-1.04798230e+02,-7.33829066e+01
222.910000,-1.04798178e+02,-7.33828547e+01
222.915000,-1.04798126e+02,-7.33828026e+01
222.920000,-1.04798079e+02,-7.33827560e+01
222.925000,-1.04798043e+02,-7.33827202e+01
222.930000,-1.04798020e+02,-7.33826966e+01
222.935000,-1.04798005e+02,-7.33826815e+01
222.940000,-1.04797994e+02,-7.33826710e+01
222.945000,-1.04797988e+02,-7.33826646e+01
222.950000,-1.04797988e+02,-7.33826647e+01
222.955000,-1.04797998e+02,-7.33826746e+01
222.960000,-1.04798020e+02,-7.33826971e+01
222.965000,-1.04798061e+02,-7.33827376e+01
222.970000,-1.04798120e+02,-7.33827963e+01
222.975000,-1.04798191e+02,-7.33828675e+01
222.980000,-1.04798266e+02,-7.33829427e+01
222.985000,-1.04798342e+02,-7.33830186e+01
222.990000,-1.04798419e+02,-7.33830948e+01
222.995000,-1.04798497e+02,-7.33831735e+01
223.000000,-1.04798580e+02,-7.33832567e+01
223.005000,-1.04798669e+02,-7.33833458e+01
223.010000,-1.04798766e+02,-7.33834420e+01
223.015000,-1.04798869e+02,-7.33835454e+01
223.020000,-1.04798980e+02,-7.33836560e+01
223.025000,-1.04799097e+02,-7.33837735e+01
223.030000,-1.04799221e+02,-7.33838973e+01
223.035000,-1.04799352e+02,-7.33840281e+01
223.040000,-1.04799490e+02,-7.33841660e+01
223.045000,-1.04799633e+02,-7.33843092e+01
223.050000,-1.04799774e+02,-7.33844509e+01
223.055000,-1.04799907e+02,-7.33845834e+01
223.060000,-1.04800025e+02,-7.33847018e+01
223.065000,-1.04800128e+02,-7.33848048e+01
223.070000,-1.04800219e+02,-7.33848953e+01
223.075000,-1.04800301e+02,-7.33849779e+01
223.080000,-1.04800380e+02,-7.33850570e+01
223.085000,-1.04800459e+02,-7.33851356e+01
223.090000,-1.04800539e+02,-7.33852160e+01
223.095000,-1.04800623e+02,-7.33853002e+01
223.100000,-1.04800714e+02,-7.33853906e+01
223.105000,-1.04800812e+02,-7.33854885e+01
223.110000,-1.04800918e+02,-7.33855946e+01
223.115000,-1.04801033e+02,-7.33857093e+01
223.120000,-1.04801156e+02,-7.33858323e+01
223.125000,-1.04801287e+02,-7.33859634e+01
223.130000,-1.04801425e+02,-7.33861020e+01
223.135000,-1.04801569e+02,-7.33862461e+01
223.140000,-1.04801717e+02,-7.33863941e+01
223.145000,-1.04801868e+02,-7.33865448e+01
223.150000,-1.04802023e+02,-7.33867001e+01
223.155000,-1.04802185e+02,-7.33868617e+01
223.160000,-1.04802356e+02,-7.33870334e+01
223.165000,-1.04802544e+02,-7.33872204e+01
223.170000,-1.04802745e+02,-7.33874220e+01
223.175000,-1.04802956e+02,-7.33876324e+01
223.180000,-1.04803167e+02,-7.33878432e+01
223.185000,-1.04803373e+02,-7.33880496e+01
223.190000,-1.04803574e+02,-7.33882499e+01
223.195000,-1.04803768e+02,-7.33884444e+01
223.200000,-1.04803958e+02,-7.33886344e+01
223.205000,-1.04804146e+02,-7.33888219e+01
223.210000,-1.04804333e+02,-7.33890090e+01
223.215000,-1.04804521e+02,-7.33891971e+01
223.220000,-1.04804711e+02,-7.33893874e+01
223.225000,-1.04804904e+02,-7.33895800e+01
223.230000,-1.04805099e+02,-7.33897750e+01
223.235000,-1.04805297e+02,-7.33899729e+01
223.240000,-1.04805498e+02,-7.33901743e+01
223.245000,-1.04805704e+02,-7.33903800e+01
223.250000,-1.04805913e+02,-7.33905892e+01
223.255000,-1.04806126e+02,-7.33908018e+01
223.260000,-1.04806341e+02,-7.33910176e+01
223.265000,-1.04806560e+02,-7.33912365e+01
223.270000,-1.04806782e+02,-7.33914584e+01
223.275000,-1.04807006e+02,-7.33916823e+01
223.280000,-1.04807232e+02,-7.33919080e+01
223.285000,-1.04807460e+02,-7.33921360e+01
223.290000,-1.04807690e+02,-7.33923664e+01
223.295000,-1.04807916e+02,-7.33925920e+01
223.300000,-1.04808127e+02,-7.33928032e+01
223.305000,-1.04808319e+02,-7.33929948e+01
223.310000,-1.04808491e+02,-7.33931676e+01
223.315000,-1.04808649e+02,-7.33933255e+01
223.320000,-1.04808797e+02,-7.33934735e+01
223.325000,-1.04808940e+02,-7.33936164e+01
223.330000,-1.04809082e+02,-7.33937582e+01
223.335000,-1.04809226e+02,-7.33939023e+01
223.340000,-1.04809375e+02,-7.33940511e+01
223.345000,-1.04809530e+02,-7.33942062e+01
223.350000,-1.04809692e+02,-7.33943682e+01
223.355000,-1.04809861e+02,-7.33945372e+01
223.360000,-1.04810038e+02,-7.33947144e+01
223.365000,-1.04810223e+02,-7.33949000e+01
223.370000,-1.04810418e+02,-7.33950947e+01
223.375000,-1.04810622e+02,-7.33952989e+01
223.380000,-1.04810836e+02,-7.33955125e+01
223.385000,-1.04811059e+02,-7.33957355e+01
223.390000,-1.04811289e+02,-7.33959656e+01
223.395000,-1.04811525e+02,-7.33962018e+01
223.400000,-1.04811766e+02,-7.33964430e+01
223.405000,-1.04812010e+02,-7.33966872e+01
223.410000,-1.04812258e+02,-7.33969345e+01
223.415000,-1.04812505e+02,-7.33971815e+01
223.420000,-1.04812745e+02,-7.33974212e+01
223.425000,-1.04812969e+02,-7.33976457e+01
223.430000,-1.04813176e+02,-7.33978526e+01
223.435000,-1.04813367e+02,-7.33980433e+01
223.440000,-1.04813545e+02,-7.33982212e+01
223.445000,-1.04813715e+02,-7.33983910e+01
223.450000,-1.04813879e+02,-7.33985554e+01
223.455000,-1.04814041e+02,-7.33987172e+01
223.460000,-1.04814201e+02,-7.33988773e+01
223.465000,-1.04814361e+02,-7.33990372e+01
223.470000,-1.04814521e+02,-7.33991971e+01
223.475000,-1.04814681e+02,-7.33993573e+01
223.480000,-1.04814841e+02,-7.33995168e+01
223.485000,-1.04814998e+02,-7.33996744e+01
223.490000,-1.04815154e+02,-7.33998302e+01
223.495000,-1.04815308e+02,-7.33999843e+01
223.500000,-1.04815462e+02,-7.34001386e+01
223.505000,-1.04815618e+02,-7.34002940e+01
223.510000,-1.04815776e+02,-7.34004520e+01
223.515000,-1.04815940e+02,-7.34006166e+01
223.520000,-1.04816115e+02,-7.34007912e+01
223.525000,-1.04816306e+02,-7.34009822e+01
223.530000,-1.04816517e+02,-7.34011929e+01
223.535000,-1.04816741e+02,-7.34014178e+01
223.540000,-1.04816970e+02,-7.34016463e+01
223.545000,-1.04817195e+02,-7.34018712e+01
223.550000,-1.04817414e+02,-7.34020899e+01
223.555000,-1.04817627e+02,-7.34023033e+01
223.560000,-1.04817838e+02,-7.34025144e+01
223.565000,-1.04818049e+02,-7.34027253e+01
223.570000,-1.04818261e+02,-7.34029372e+01
223.575000,-1.04818474e+02,-7.34031499e+01
223.580000,-1.04818686e+02,-7.34033627e+01
223.585000,-1.04818898e+02,-7.34035748e+01
223.590000,-1.04819109e+02,-7.34037853e+01
223.595000,-1.04819317e+02,-7.34039938e+01
223.600000,-1.04819524e+02,-7.34042004e+01
223.605000,-1.04819730e+02,-7.34044067e+01
223.610000,-1.04819937e+02,-7.34046138e+01
223.615000,-1.04820146e+02,-7.34048221e+01
223.620000,-1.04820355e+02,-7.34050315e+01
223.625000,-1.04820566e+02,-7.34052422e+01
223.630000,-1.04820779e+02,-7.34054551e+01
223.635000,-1.04820995e+02,-7.34056714e+01
223.640000,-1.04821215e+02,-7.34058923e+01
223.645000,-1.04821443e+02,-7.34061198e+01
223.650000,-1.04821675e+02,-7.34063519e+01
223.655000,-1.04821908e+02,-7.34065840e+01
223.660000,-1.04822133e+02,-7.34068090e+01
223.665000,-1.04822347e+02,-7.34070230e+01
223.670000,-1.04822548e+02,-7.34072238e+01
223.675000,-1.04822738e+02,-7.34074139e+01
223.680000,-1.04822920e+02,-7.34075962e+01
223.685000,-1.04823097e+02,-7.34077728e+01
223.690000,-1.04823269e+02,-7.34079454e+01
223.695000,-1.04823440e+02,-7.34081161e+01
223.700000,-1.04823611e+02,-7.34082872e+01
223.705000,-1.04823785e+02,-7.34084609e+01
223.710000,-1.04823964e+02,-7.34086396e+01
223.715000,-1.04824149e+02,-7.34088252e+01
223.720000,-1.04824341e+02,-7.34090168e+01
223.725000,-1.04824537e+02,-7.34092129e+01
223.730000,-1.04824735e+02,-7.34094110e+01
223.735000,-1.04824933e+02,-7.34096095e+01
223.740000,-1.04825131e+02,-7.34098067e+01
223.745000,-1.04825326e+02,-7.34100016e+01
223.750000,-1.04825516e+02,-7.34101925e+01
223.755000,-1.04825701e+02,-7.34103767e+01
223.760000,-1.04825870e+02,-7.34105458e+01
223.765000,-1.04826016e+02,-7.34106925e+01
223.770000,-1.04826140e+02,-7.34108160e+01
223.775000,-1.04826239e+02,-7.34109158e+01
223.780000,-1.04826318e+02,-7.34109946e+01
223.785000,-1.04826380e+02,-7.34110567e+01
223.790000,-1.04826432e+02,-7.34111081e+01
223.795000,-1.04826479e+02,-7.34111556e+01
223.800000,-1.04826529e+02,-7.34112052e+01
223.805000,-1.04826585e+02,-7.34112612e+01
223.810000,-1.04826648e+02,-7.34113250e+01
223.815000,-1.04826721e+02,-7.34113976e+01
223.820000,-1.04826803e+02,-7.34114794e+01
223.825000,-1.04826894e+02,-7.34115702e+01
223.830000,-1.04826993e+02,-7.34116697e+01
223.835000,-1.04827101e+02,-7.34117774e+01
223.840000,-1.04827217e+02,-7.34118935e+01
223.845000,-1.04827341e+02,-7.34120177e+01
223.850000,-1.04827474e+02,-7.34121501e+01
223.855000,-1.04827614e+02,-7.34122904e+01
223.860000,-1.04827760e+02,-7.34124372e+01
223.865000,-1.04827915e+02,-7.34125912e+01
223.870000,-1.04828072e+02,-7.34127480e+01
223.875000,-1.04828219e+02,-7.34128960e+01
223.880000,-1.04828345e+02,-7.34130208e+01
223.885000,-1.04828436e+02,-7.34131125e+01
223.890000,-1.04828489e+02,-7.34131648e+01
223.895000,-1.04828499e+02,-7.34131755e+01
223.900000,-1.04828472e+02,-7.34131481e+01
223.905000,-1.04828415e+02,-7.34130908e+01
223.910000,-1.04828337e+02,-7.34130129e+01
223.915000,-1.04828248e+02,-7.34129241e+01
223.920000,-1.04828157e+02,-7.34128334e+01
223.925000,-1.04828071e+02,-7.34127469e+01
223.930000,-1.04827992e+02,-7.34126683e+01
223.935000,-1.04827924e+02,-7.34125999e+01
223.940000,-1.04827866e+02,-7.34125425e+01
223.945000,-1.04827820e+02,-7.34124960e+01
223.950000,-1.04827784e+02,-7.34124604e+01
223.955000,-1.04827760e+02,-7.34124362e+01
223.960000,-1.04827747e+02,-7.34124233e+01
223.965000,-1.04827746e+02,-7.34124220e+01
223.970000,-1.04827756e+02,-7.34124321e+01
223.975000,-1.04827778e+02,-7.34124537e+01
223.980000,-1.04827812e+02,-7.34124877e+01
223.985000,-1.04827860e+02,-7.34125358e+01
223.990000,-1.04827923e+02,-7.34125991e+01
223.995000,-1.04828001e+02,-7.34126768e+01
224.000000,-1.04828091e+02,-7.34127667e+01
224.005000,-1.04828190e+02,-7.34128660e+01
224.010000,-1.04828297e+02,-7.34129735e+01
224.015000,-1.04828412e+02,-7.34130878e+01
224.020000,-1.04828531e+02,-7.34132069e+01
224.025000,-1.04828653e+02,-7.34133292e+01
224.030000,-1.04828777e+02,-7.34134527e+01
224.035000,-1.04828900e+02,-7.34135760e+01
224.040000,-1.04829023e+02,-7.34136991e+01
224.045000,-1.04829147e+02,-7.34138228e+01
224.050000,-1.04829272e+02,-7.34139482e+01
224.055000,-1.04829401e+02,-7.34140767e+01
224.060000,-1.04829533e+02,-7.34142094e+01
224.065000,-1.04829670e+02,-7.34143458e+01
224.070000,-1.04829809e+02,-7.34144850e+01
224.075000,-1.04829949e+02,-7.34146255e+01
224.080000,-1.04830089e+02,-7.34147654e+01
224.085000,-1.04830227e+02,-7.34149033e+01
224.090000,-1.04830361e+02,-7.34150373e+01
224.095000,-1.04830491e+02,-7.34151668e+01
224.100000,-1.04830616e+02,-7.34152920e+01
224.105000,-1.04830737e+02,-7.34154127e+01
224.110000,-1.04830852e+02,-7.34155282e+01
224.115000,-1.04830963e+02,-7.34156389e+01
224.120000,-1.04831069e+02,-7.34157452e+01
224.125000,-1.04831172e+02,-7.34158482e+01
224.130000,-1.04831274e+02,-7.34159499e+01
224.135000,-1.04831374e+02,-7.34160503e+01
224.140000,-1.04831472e+02,-7.34161485e+01
224.145000,-1.04831569e+02,-7.34162449e+01
224.150000,-1.04831664e+02,-7.34163405e+01
224.155000,-1.04831761e+02,-7.34164373e+01
224.160000,-1.04831860e+02,-7.34165361e+01
224.165000,-1.04831962e+02,-7.34166378e+01
224.170000,-1.04832066e+02,-7.34167417e+01
224.175000,-1.04832172e+02,-7.34168478e+01
224.180000,-1.04832279e+02,-7.34169555e+01
224.185000,-1.04832389e+02,-7.34170648e+01
224.190000,-1.04832501e+02,-7.34171767e+01
224.195000,-1.04832616e+02,-7.34172917e+01
224.200000,-1.04832735e+02,-7.34174110e+01
224.205000,-1.04832858e+02,-7.34175344e+01
224.210000,-1.04832985e+02,-7.34176607e+01
224.215000,-1.04833112e+02,-7.34177877e+01
224.220000,-1.04833238e+02,-7.34179141e+01
224.225000,-1.04833364e+02,-7.34180398e+01
224.230000,-1.04833488e+02,-7.34181640e+01
224.235000,-1.04833612e+02,-7.34182876e+01
224.240000,-1.04833734e+02,-7.34184101e+01
224.245000,-1.04833855e+02,-7.34185306e+01
224.250000,-1.04833973e+02,-7.34186489e+01
224.255000,-1.04834089e+02,-7.34187654e+01
224.260000,-1.04834205e+02,-7.34188812e+01
224.265000,-1.04834321e+02,-7.34189975e+01
224.270000,-1.04834440e+02,-7.34191157e+01
224.275000,-1.04834561e+02,-7.34192370e+01
224.280000,-1.04834686e+02,-7.34193625e+01
224.285000,-1.04834817e+02,-7.34194933e+01
224.290000,-1.04834954e+02,-7.34196303e+01
224.295000,-1.04835099e+02,-7.34197750e+01
224.300000,-1.04835251e+02,-7.34199272e+01
224.305000,-1.04835410e+02,-7.34200865e+01
224.310000,-1.04835575e+02,-7.34202512e+01
224.315000,-1.04835744e+02,-7.34204197e+01
224.320000,-1.04835914e+02,-7.34205901e+01
224.325000,-1.04836086e+02,-7.34207621e+01
224.330000,-1.04836259e+02,-7.34209354e+01
224.335000,-1.04836434e+02,-7.34211098e+01
224.340000,-1.04836610e+02,-7.34212860e+01
224.345000,-1.04836788e+02,-7.34214642e+01
224.350000,-1.04836968e+02,-7.34216443e+01
224.355000,-1.04837150e+02,-7.34218263e+01
224.360000,-1.04837334e+02,-7.34220099e+01
224.365000,-1.04837519e+02,-7.34221954e+01
224.370000,-1.04837706e+02,-7.34223823e+01
224.375000,-1.04837895e+02,-7.34225708e+01
224.380000,-1.04838084e+02,-7.34227604e+01
224.385000,-1.04838275e+02,-7.34229508e+01
224.390000,-1.04838466e+02,-7.34231424e+01
224.395000,-1.04838660e+02,-7.34233361e+01
224.400000,-1.04838858e+02,-7.34235342e+01
224.405000,-1.04839063e+02,-7.34237386e+01
224.410000,-1.04839275e+02,-7.34239515e+01
224.415000,-1.04839499e+02,-7.34241747e+01
224.420000,-1.04839732e+02,-7.34244082e+01
224.425000,-1.04839975e+02,-7.34246506e+01
224.430000,-1.04840225e+02,-7.34249007e+01
224.435000,-1.04840481e+02,-7.34251575e+01
224.440000,-1.04840744e+02,-7.34254201e+01
224.445000,-1.04841014e+02,-7.34256901e+01
224.450000,-1.04841292e+02,-7.34259685e+01
224.455000,-1.04841579e+02,-7.34262551e+01
224.460000,-1.04841872e+02,-7.34265485e+01
224.465000,-1.04842171e+02,-7.34268471e+01
224.470000,-1.04842473e+02,-7.34271495e+01
224.475000,-1.04842779e+02,-7.34274552e+01
224.480000,-1.04843087e+02,-7.34277632e+01
224.485000,-1.04843396e+02,-7.34280718e+01
224.490000,-1.04843703e+02,-7.34283786e+01
224.495000,-1.04844005e+02,-7.34286806e+01
224.500000,-1.04844299e+02,-7.34289754e+01
224.505000,-1.04844585e+02,-7.34292613e+01
224.510000,-1.04844861e+02,-7.34295368e+01
224.515000,-1.04845124e+02,-7.34298002e+01
224.520000,-1.04845373e+02,-7.34300495e+01
224.525000,-1.04845608e+02,-7.34302837e+01
224.530000,-1.04845828e+02,-7.34305044e+01
224.535000,-1.04846038e+02,-7.34307140e+01
224.540000,-1.04846239e+02,-7.34309152e+01
224.545000,-1.04846434e+02,-7.34311101e+01
224.550000,-1.04846626e+02,-7.34313016e+01
224.555000,-1.04846816e+02,-7.34314922e+01
224.560000,-1.04847008e+02,-7.34316838e+01
224.565000,-1.04847202e+02,-7.34318783e+01
224.570000,-1.04847401e+02,-7.34320768e+01
224.575000,-1.04847604e+02,-7.34322798e+01
224.580000,-1.04847811e+02,-7.34324867e+01
224.585000,-1.04848021e+02,-7.34326972e+01
224.590000,-1.04848233e+02,-7.34329095e+01
224.595000,-1.04848447e+02,-7.34331225e+01
224.600000,-1.04848659e+02,-7.34333349e+01
224.605000,-1.04848870e+02,-7.34335464e+01
224.610000,-1.04849080e+02,-7.34337565e+01
224.615000,-1.04849290e+02,-7.34339659e+01
224.620000,-1.04849498e+02,-7.34341743e+01
224.625000,-1.04849705e+02,-7.34343812e+01
224.630000,-1.04849910e+02,-7.34345859e+01
224.635000,-1.04850113e+02,-7.34347893e+01
224.640000,-1.04850317e+02,-7.34349928e+01
224.645000,-1.04850522e+02,-7.34351978e+01
224.650000,-1.04850728e+02,-7.34354043e+01
224.655000,-1.04850937e+02,-7.34356125e+01
224.660000,-1.04851146e+02,-7.34358216e+01
224.665000,-1.04851355e+02,-7.34360306e+01
224.670000,-1.04851562e+02,-7.34362384e+01
224.675000,-1.04851770e+02,-7.34364457e+01
224.680000,-1.04851976e+02,-7.34366522e+01
224.685000,-1.04852182e+02,-7.34368580e+01
224.690000,-1.04852388e+02,-7.34370638e+01
224.695000,-1.04852595e+02,-7.34372711e+01
224.700000,-1.04852805e+02,-7.34374813e+01
224.705000,-1.04853020e+02,-7.34376962e+01
224.710000,-1.04853240e+02,-7.34379157e+01
224.715000,-1.04853463e+02,-7.34381392e+01
224.720000,-1.04853689e+02,-7.34383646e+01
224.725000,-1.04853915e+02,-7.34385911e+01
224.730000,-1.04854142e+02,-7.34388182e+01
224.735000,-1.04854371e+02,-7.34390466e+01
224.740000,-1.04854601e+02,-7.34392771e+01
224.745000,-1.04854835e+02,-7.34395111e+01
224.750000,-1.04855074e+02,-7.34397496e+01
224.755000,-1.04855317e+02,-7.34399930e+01
224.760000,-1.04855565e+02,-7.34402405e+01
224.765000,-1.04855816e+02,-7.34404918e+01
224.770000,-1.04856069e+02,-7.34407454e+01
224.775000,-1.04856325e+02,-7.34410004e+01
224.780000,-1.04856580e+02,-7.34412561e+01
224.785000,-1.04856836e+02,-7.34415115e+01
224.790000,-1.04857090e+02,-7.34417662e+01
224.795000,-1.04857345e+02,-7.34420205e+01
224.800000,-1.04857598e+02,-7.34422736e+01
224.805000,-1.04857848e+02,-7.34425240e+01
224.810000,-1.04858092e+02,-7.34427684e+01
224.815000,-1.04858328e+02,-7.34430043e+01
224.820000,-1.04858554e+02,-7.34432298e+01
224.825000,-1.04858769e+02,-7.34434447e+01
224.830000,-1.04858972e+02,-7.34436474e+01
224.835000,-1.04859161e+02,-7.34438364e+01
224.840000,-1.04859334e+02,-7.34440104e+01
224.845000,-1.04859494e+02,-7.34441696e+01
224.850000,-1.04859639e+02,-7.34443150e+01
224.855000,-1.04859774e+02,-7.34444501e+01
224.860000,-1.04859901e+02,-7.34445773e+01
224.865000,-1.04860024e+02,-7.34446994e+01
224.870000,-1.04860142e+02,-7.34448179e+01
224.875000,-1.04860258e+02,-7.34449343e+01
224.880000,-1.04860373e+02,-7.34450491e+01
224.885000,-1.04860488e+02,-7.34451640e+01
224.890000,-1.04860604e+02,-7.34452799e+01
224.895000,-1.04860722e+02,-7.34453978e+01
224.900000,-1.04860843e+02,-7.34455188e+01
224.905000,-1.04860969e+02,-7.34456448e+01
224.910000,-1.04861102e+02,-7.34457780e+01
224.915000,-1.04861246e+02,-7.34459215e+01
224.920000,-1.04861401e+02,-7.34460768e+01
224.925000,-1.04861568e+02,-7.34462442e+01
224.930000,-1.04861747e+02,-7.34464231e+01
224.935000,-1.04861937e+02,-7.34466132e+01
224.940000,-1.04862138e+02,-7.34468138e+01
224.945000,-1.04862350e+02,-7.34470255e+01
224.950000,-1.04862571e+02,-7.34472468e+01
224.955000,-1.04862800e+02,-7.34474762e+01
224.960000,-1.04863035e+02,-7.34477114e+01
224.965000,-1.04863276e+02,-7.34479516e+01
224.970000,-1.04863521e+02,-7.34481965e+01
224.975000,-1.04863770e+02,-7.34484457e+01
224.980000,-1.04864023e+02,-7.34486987e+01
224.985000,-1.04864279e+02,-7.34489550e+01
224.990000,-1.04864539e+02,-7.34492150e+01
224.995000,-1.04864805e+02,-7.34494806e+01
225.000000,-1.04865078e+02,-7.34497536e+01
225.005000,-1.04865360e+02,-7.34500363e+01
225.010000,-1.04865653e+02,-7.34503289e+01
225.015000,-1.04865955e+02,-7.34506305e+01
225.020000,-1.04866263e+02,-7.34509389e+01
225.025000,-1.04866576e+02,-7.34512517e+01
225.030000,-1.04866891e+02,-7.34515664e+01
225.035000,-1.04867206e+02,-7.34518823e+01
225.040000,-1.04867523e+02,-7.34521984e+01
225.045000,-1.04867838e+02,-7.34525138e+01
225.050000,-1.04868151e+02,-7.34528271e+01
225.055000,-1.04868462e+02,-7.34531374e+01
225.060000,-1.04868768e+02,-7.34534441e+01
225.065000,-1.04869072e+02,-7.34537479e+01
225.070000,-1.04869375e+02,-7.34540507e+01
225.075000,-1.04869676e+02,-7.34543517e+01
225.080000,-1.04869974e+02,-7.34546500e+01
225.085000,-1.04870269e+02,-7.34549449e+01
225.090000,-1.04870560e+02,-7.34552356e+01
225.095000,-1.04870848e+02,-7.34555239e+01
225.100000,-1.04871136e+02,-7.34558122e+01
225.105000,-1.04871428e+02,-7.34561043e+01
225.110000,-1.04871729e+02,-7.34564050e+01
225.115000,-1.04872044e+02,-7.34567194e+01
225.120000,-1.04872376e+02,-7.34570514e+01
225.125000,-1.04872728e+02,-7.34574035e+01
225.130000,-1.04873100e+02,-7.34577760e+01
225.135000,-1.04873493e+02,-7.34581687e+01
225.140000,-1.04873905e+02,-7.34585813e+01
225.145000,-1.04874339e+02,-7.34590150e+01
225.150000,-1.04874795e+02,-7.34594705e+01
225.155000,-1.04875274e+02,-7.34599500e+01
225.160000,-1.04875780e+02,-7.34604555e+01
225.165000,-1.04876312e+02,-7.34609880e+01
225.170000,-1.04876870e+02,-7.34615454e+01
225.175000,-1.04877448e+02,-7.34621243e+01
225.180000,-1.04878046e+02,-7.34627215e+01
225.185000,-1.04878658e+02,-7.34633342e+01
225.190000,-1.04879283e+02,-7.34639584e+01
225.195000,-1.04879915e+02,-7.34645903e+01
225.200000,-1.04880550e+02,-7.34652261e+01
225.205000,-1.04881187e+02,-7.34658628e+01
225.210000,-1.04881823e+02,-7.34664988e+01
225.215000,-1.04882459e+02,-7.34671349e+01
225.220000,-1.04883095e+02,-7.34677709e+01
225.225000,-1.04883730e+02,-7.34684058e+01
225.230000,-1.04884362e+02,-7.34690373e+01
225.235000,-1.04884987e+02,-7.34696631e+01
225.240000,-1.04885606e+02,-7.34702813e+01
225.245000,-1.04886215e+02,-7.34708902e+01
225.250000,-1.04886813e+02,-7.34714882e+01
225.255000,-1.04887399e+02,-7.34720742e+01
225.260000,-1.04887973e+02,-7.34726483e+01
225.265000,-1.04888538e+02,-7.34732132e+01
225.270000,-1.04889097e+02,-7.34737722e+01
225.275000,-1.04889653e+02,-7.34743289e+01
225.280000,-1.04890211e+02,-7.34748865e+01
225.285000,-1.04890773e+02,-7.34754483e+01
225.290000,-1.04891340e+02,-7.34760154e+01
225.295000,-1.04891913e+02,-7.34765890e+01
225.300000,-1.04892493e+02,-7.34771686e+01
225.305000,-1.04893078e+02,-7.34777537e+01
225.310000,-1.04893667e+02,-7.34783428e+01
225.315000,-1.04894259e+02,-7.34789342e+01
225.320000,-1.04894852e+02,-7.34795280e+01
225.325000,-1.04895449e+02,-7.34801242e+01
225.330000,-1.04896047e+02,-7.34807227e+01
225.335000,-1.04896648e+02,-7.34813236e+01
225.340000,-1.04897250e+02,-7.34819256e+01
225.345000,-1.04897851e+02,-7.34825267e+01
225.350000,-1.04898449e+02,-7.34831249e+01
225.355000,-1.04899045e+02,-7.34837206e+01
225.360000,-1.04899639e+02,-7.34843143e+01
225.365000,-1.04900231e+02,-7.34849070e+01
225.370000,-1.04900822e+02,-7.34854972e+01
225.375000,-1.04901405e+02,-7.34860812e+01
225.380000,-1.04901980e+02,-7.34866556e+01
225.385000,-1.04902543e+02,-7.34872188e+01
225.390000,-1.04903096e+02,-7.34877711e+01
225.395000,-1.04903639e+02,-7.34883142e+01
225.400000,-1.04904173e+02,-7.34888488e+01
225.405000,-1.04904699e+02,-7.34893748e+01
225.410000,-1.04905217e+02,-7.34898924e+01
225.415000,-1.04905728e+02,-7.34904036e+01
225.420000,-1.04906234e+02,-7.34909097e+01
225.425000,-1.04906737e+02,-7.34914123e+01
225.430000,-1.04907235e+02,-7.34919107e+01
225.435000,-1.04907728e+02,-7.34924039e+01
225.440000,-1.04908215e+02,-7.34928909e+01
225.445000,-1.04908697e+02,-7.34933729e+01
225.450000,-1.04909177e+02,-7.34938520e+01
225.455000,-1.04909654e+02,-7.34943295e+01
225.460000,-1.04910130e+02,-7.34948056e+01
225.465000,-1.04910605e+02,-7.34952804e+01
225.470000,-1.04911079e+02,-7.34957542e+01
225.475000,-1.04911552e+02,-7.34962276e+01
225.480000,-1.04912025e+02,-7.34967007e+01
225.485000,-1.04912498e+02,-7.34971735e+01
225.490000,-1.04912969e+02,-7.34976447e+01
225.495000,-1.04913438e+02,-7.34981137e+01
225.500000,-1.04913904e+02,-7.34985792e+01
225.505000,-1.04914366e+02,-7.34990414e+01
225.510000,-1.04914826e+02,-7.34995010e+01
225.515000,-1.04915284e+02,-7.34999594e+01
225.520000,-1.04915741e+02,-7.35004167e+01
225.525000,-1.04916196e+02,-7.35008718e+01
225.530000,-1.04916650e+02,-7.35013250e+01
225.535000,-1.04917102e+02,-7.35017770e+01
225.540000,-1.04917553e+02,-7.35022285e+01
225.545000,-1.04918005e+02,-7.35026807e+01
225.550000,-1.04918458e+02,-7.35031331e+01
225.555000,-1.04918910e+02,-7.35035852e+01
225.560000,-1.04919360e+02,-7.35040353e+01
225.565000,-1.04919809e+02,-7.35044846e+01
225.570000,-1.04920260e+02,-7.35049353e+01
225.575000,-1.04920717e+02,-7.35053925e+01
225.580000,-1.04921182e+02,-7.35058571e+01
225.585000,-1.04921653e+02,-7.35063281e+01
225.590000,-1.04922128e+02,-7.35068040e+01
225.595000,-1.04922608e+02,-7.35072835e+01
225.600000,-1.04923091e+02,-7.35077664e+01
225.605000,-1.04923576e+02,-7.35082516e+01
225.610000,-1.04924062e+02,-7.35087378e+01
225.615000,-1.04924545e+02,-7.35092202e+01
225.620000,-1.04925016e+02,-7.35096911e+01
225.625000,-1.04925467e+02,-7.35101427e+01
225.630000,-1.04925895e+02,-7.35105702e+01
225.635000,-1.04926299e+02,-7.35109740e+01
225.640000,-1.04926680e+02,-7.35113555e+01
225.645000,-1.04927043e+02,-7.35117181e+01
225.650000,-1.04927389e+02,-7.35120648e+01
225.655000,-1.04927724e+02,-7.35123997e+01
225.660000,-1.04928051e+02,-7.35127261e+01
225.665000,-1.04928373e+02,-7.35130479e+01
225.670000,-1.04928699e+02,-7.35133747e+01
225.675000,-1.04929039e+02,-7.35137142e+01
225.680000,-1.04929395e+02,-7.35140703e+01
225.685000,-1.04929780e+02,-7.35144555e+01
225.690000,-1.04930207e+02,-7.35148824e+01
225.695000,-1.04930679e+02,-7.35153547e+01
225.700000,-1.04931193e+02,-7.35158681e+01
225.705000,-1.04931739e+02,-7.35164146e+01
225.710000,-1.04932309e+02,-7.35169839e+01
225.715000,-1.04932891e+02,-7.35175666e+01
225.720000,-1.04933479e+02,-7.35181542e+01
225.725000,-1.04934065e+02,-7.35187405e+01
225.730000,-1.04934645e+02,-7.35193204e+01
225.735000,-1.04935215e+02,-7.35198900e+01
225.740000,-1.04935773e+02,-7.35204476e+01
225.745000,-1.04936317e+02,-7.35209926e+01
225.750000,-1.04936850e+02,-7.35215253e+01
225.755000,-1.04937371e+02,-7.35220459e+01
225.760000,-1.04937879e+02,-7.35225539e+01
225.765000,-1.04938375e+02,-7.35230501e+01
225.770000,-1.04938863e+02,-7.35235378e+01
225.775000,-1.04939348e+02,-7.35240229e+01
225.780000,-1.04939834e+02,-7.35245091e+01
225.785000,-1.04940322e+02,-7.35249970e+01
225.790000,-1.04940809e+02,-7.35254840e+01
225.795000,-1.04941292e+02,-7.35259671e+01
225.800000,-1.04941770e+02,-7.35264451e+01
225.805000,-1.04942242e+02,-7.35269169e+01
225.810000,-1.04942701e+02,-7.35273761e+01
225.815000,-1.04943140e+02,-7.35278149e+01
225.820000,-1.04943553e+02,-7.35282285e+01
225.825000,-1.04943937e+02,-7.35286128e+01
225.830000,-1.04944292e+02,-7.35289670e+01
225.835000,-1.04944619e+02,-7.35292949e+01
225.840000,-1.04944928e+02,-7.35296031e+01
225.845000,-1.04945225e+02,-7.35299001e+01
225.850000,-1.04945515e+02,-7.35301907e+01
225.855000,-1.04945802e+02,-7.35304781e+01
225.860000,-1.04946090e+02,-7.35307652e+01
225.865000,-1.04946379e+02,-7.35310550e+01
225.870000,-1.04946675e+02,-7.35313502e+01
225.875000,-1.04946977e+02,-7.35316530e+01
225.880000,-1.04947288e+02,-7.35319638e+01
225.885000,-1.04947606e+02,-7.35322820e+01
225.890000,-1.04947935e+02,-7.35326102e+01
225.895000,-1.04948278e+02,-7.35329532e+01
225.900000,-1.04948642e+02,-7.35333172e+01
225.905000,-1.04949031e+02,-7.35337069e+01
225.910000,-1.04949445e+02,-7.35341203e+01
225.915000,-1.04949879e+02,-7.35345543e+01
225.920000,-1.04950328e+02,-7.35350035e+01
225.925000,-1.04950788e+02,-7.35354631e+01
225.930000,-1.04951253e+02,-7.35359286e+01
225.935000,-1.04951722e+02,-7.35363972e+01
225.940000,-1.04952191e+02,-7.35368667e+01
225.945000,-1.04952660e+02,-7.35373357e+01
225.950000,-1.04953129e+02,-7.35378039e+01
225.955000,-1.04953595e+02,-7.35382703e+01
225.960000,-1.04954058e+02,-7.35387332e+01
225.965000,-1.04954517e+02,-7.35391922e+01
225.970000,-1.04954971e+02,-7.35396460e+01
225.975000,-1.04955419e+02,-7.35400939e+01
225.980000,-1.04955860e+02,-7.35405350e+01
225.985000,-1.04956295e+02,-7.35409703e+01
225.990000,-1.04956726e+02,-7.35414010e+01
225.995000,-1.04957153e+02,-7.35418287e+01
226.000000,-1.04957577e+02,-7.35422529e+01
226.005000,-1.04958000e+02,-7.35426755e+01
226.010000,-1.04958422e+02,-7.35430972e+01
226.015000,-1.04958843e+02,-7.35435181e+01
226.020000,-1.04959259e+02,-7.35439343e+01
226.025000,-1.04959666e+02,-7.35443412e+01
226.030000,-1.04960059e+02,-7.35447339e+01
226.035000,-1.04960435e+02,-7.35451098e+01
226.040000,-1.04960794e+02,-7.35454689e+01
226.045000,-1.04961137e+02,-7.35458125e+01
226.050000,-1.04961468e+02,-7.35461428e+01
226.055000,-1.04961788e+02,-7.35464628e+01
226.060000,-1.04962099e+02,-7.35467736e+01
226.065000,-1.04962401e+02,-7.35470757e+01
226.070000,-1.04962695e+02,-7.35473699e+01
226.075000,-1.04962982e+02,-7.35476574e+01
226.080000,-1.04963264e+02,-7.35479389e+01
226.085000,-1.04963540e+02,-7.35482149e+01
226.090000,-1.04963811e+02,-7.35484861e+01
226.095000,-1.04964077e+02,-7.35487520e+01
226.100000,-1.04964337e+02,-7.35490117e+01
226.105000,-1.04964590e+02,-7.35492647e+01
226.110000,-1.04964836e+02,-7.35495108e+01
226.115000,-1.04965076e+02,-7.35497513e+01
226.120000,-1.04965314e+02,-7.35499890e+01
226.125000,-1.04965551e+02,-7.35502264e+01
226.130000,-1.04965794e+02,-7.35504689e+01
226.135000,-1.04966052e+02,-7.35507267e+01
226.140000,-1.04966332e+02,-7.35510066e+01
226.145000,-1.04966636e+02,-7.35513110e+01
226.150000,-1.04966964e+02,-7.35516391e+01
226.155000,-1.04967311e+02,-7.35519860e+01
226.160000,-1.04967671e+02,-7.35523464e+01
226.165000,-1.04968041e+02,-7.35527159e+01
226.170000,-1.04968416e+02,-7.35530909e+01
226.175000,-1.04968795e+02,-7.35534696e+01
226.180000,-1.04969177e+02,-7.35538516e+01
226.185000,-1.04969559e+02,-7.35542337e+01
226.190000,-1.04969937e+02,-7.35546121e+01
226.195000,-1.04970303e+02,-7.35549779e+01
226.200000,-1.04970647e+02,-7.35553218e+01
226.205000,-1.04970963e+02,-7.35556385e+01
226.210000,-1.04971253e+02,-7.35559279e+01
226.215000,-1.04971516e+02,-7.35561907e+01
226.220000,-1.04971754e+02,-7.35564287e+01
226.225000,-1.04971970e+02,-7.35566450e+01
226.230000,-1.04972167e+02,-7.35568416e+01
226.235000,-1.04972346e+02,-7.35570212e+01
226.240000,-1.04972512e+02,-7.35571873e+01
226.245000,-1.04972667e+02,-7.35573424e+01
226.250000,-1.04972817e+02,-7.35574918e+01
226.255000,-1.04972966e+02,-7.35576407e+01
226.260000,-1.04973118e+02,-7.35577937e+01
226.265000,-1.04973278e+02,-7.35579534e+01
226.270000,-1.04973447e+02,-7.35581219e+01
226.275000,-1.04973624e+02,-7.35582989e+01
226.280000,-1.04973809e+02,-7.35584838e+01
226.285000,-1.04974002e+02,-7.35586771e+01
226.290000,-1.04974203e+02,-7.35588788e+01
226.295000,-1.04974414e+02,-7.35590896e+01
226.300000,-1.04974634e+02,-7.35593097e+01
226.305000,-1.04974862e+02,-7.35595370e+01
226.310000,-1.04975094e+02,-7.35597695e+01
226.315000,-1.04975331e+02,-7.35600066e+01
226.320000,-1.04975573e+02,-7.35602480e+01
226.325000,-1.04975818e+02,-7.35604938e+01
226.330000,-1.04976068e+02,-7.35607434e+01
226.335000,-1.04976318e+02,-7.35609935e+01
226.340000,-1.04976565e+02,-7.35612402e+01
226.345000,-1.04976806e+02,-7.35614810e+01
226.350000,-1.04977039e+02,-7.35617139e+01
226.355000,-1.04977263e+02,-7.35619380e+01
226.360000,-1.04977476e+02,-7.35621517e+01
226.365000,-1.04977677e+02,-7.35623524e+01
226.370000,-1.04977868e+02,-7.35625432e+01
226.375000,-1.04978054e+02,-7.35627289e+01
226.380000,-1.04978237e+02,-7.35629116e+01
226.385000,-1.04978413e+02,-7.35630884e+01
226.390000,-1.04978582e+02,-7.35632574e+01
226.395000,-1.04978741e+02,-7.35634156e+01
226.400000,-1.04978887e+02,-7.35635619e+01
226.405000,-1.04979021e+02,-7.35636957e+01
226.410000,-1.04979143e+02,-7.35638178e+01
226.415000,-1.04979254e+02,-7.35639292e+01
226.420000,-1.04979357e+02,-7.35640315e+01
226.425000,-1.04979449e+02,-7.35641242e+01
226.430000,-1.04979532e+02,-7.35642072e+01
226.435000,-1.04979607e+02,-7.35642822e+01
226.440000,-1.04979677e+02,-7.35643517e+01
226.445000,-1.04979745e+02,-7.35644202e+01
226.450000,-1.04979818e+02,-7.35644928e+01
226.455000,-1.04979898e+02,-7.35645726e+01
226.460000,-1.04979987e+02,-7.35646616e+01
226.465000,-1.04980086e+02,-7.35647609e+01
226.470000,-1.04980196e+02,-7.35648707e+01
226.475000,-1.04980316e+02,-7.35649913e+01
226.480000,-1.04980449e+02,-7.35651237e+01
226.485000,-1.04980592e+02,-7.35652672e+01
226.490000,-1.04980748e+02,-7.35654228e+01
226.495000,-1.04980918e+02,-7.35655924e+01
226.500000,-1.04981103e+02,-7.35657779e+01
226.505000,-1.04981305e+02,-7.35659796e+01
226.510000,-1.04981522e+02,-7.35661965e+01
226.515000,-1.04981750e+02,-7.35664248e+01
226.520000,-1.04981987e+02,-7.35666617e+01
226.525000,-1.04982230e+02,-7.35669050e+01
226.530000,-1.04982478e+02,-7.35671532e+01
226.535000,-1.04982730e+02,-7.35674052e+01
226.540000,-1.04982986e+02,-7.35676609e+01
226.545000,-1.04983244e+02,-7.35679195e+01
226.550000,-1.04983505e+02,-7.35681798e+01
226.555000,-1.04983762e+02,-7.35684370e+01
226.560000,-1.04984012e+02,-7.35686871e+01
226.565000,-1.04984252e+02,-7.35689275e+01
226.570000,-1.04984482e+02,-7.35691576e+01
226.575000,-1.04984702e+02,-7.35693767e+01
226.580000,-1.04984910e+02,-7.35695856e+01
226.585000,-1.04985110e+02,-7.35697857e+01
226.590000,-1.04985305e+02,-7.35699798e+01
226.595000,-1.04985494e+02,-7.35701691e+01
226.600000,-1.04985680e+02,-7.35703550e+01
226.605000,-1.04985863e+02,-7.35705382e+01
226.610000,-1.04986046e+02,-7.35707214e+01
226.615000,-1.04986235e+02,-7.35709100e+01
226.620000,-1.04986438e+02,-7.35711130e+01
226.625000,-1.04986660e+02,-7.35713350e+01
226.630000,-1.04986901e+02,-7.35715765e+01
226.635000,-1.04987159e+02,-7.35718342e+01
226.640000,-1.04987429e+02,-7.35721038e+01
226.645000,-1.04987706e+02,-7.35723809e+01
226.650000,-1.04987986e+02,-7.35726609e+01
226.655000,-1.04988265e+02,-7.35729396e+01
226.660000,-1.04988538e+02,-7.35732133e+01
226.665000,-1.04988806e+02,-7.35734808e+01
226.670000,-1.04989071e+02,-7.35737459e+01
226.675000,-1.04989341e+02,-7.35740160e+01
226.680000,-1.04989620e+02,-7.35742947e+01
226.685000,-1.04989907e+02,-7.35745822e+01
226.690000,-1.04990202e+02,-7.35748772e+01
226.695000,-1.04990501e+02,-7.35751765e+01
226.700000,-1.04990802e+02,-7.35754774e+01
226.705000,-1.04991103e+02,-7.35757784e+01
226.710000,-1.04991404e+02,-7.35760797e+01
226.715000,-1.04991706e+02,-7.35763810e+01
226.720000,-1.04992008e+02,-7.35766829e+01
226.725000,-1.04992309e+02,-7.35769844e+01
226.730000,-1.04992609e+02,-7.35772844e+01
226.735000,-1.04992906e+02,-7.35775809e+01
226.740000,-1.04993195e+02,-7.35778703e+01
226.745000,-1.04993474e+02,-7.35781494e+01
226.750000,-1.04993743e+02,-7.35784180e+01
226.755000,-1.04994001e+02,-7.35786766e+01
226.760000,-1.04994252e+02,-7.35789273e+01
226.765000,-1.04994499e+02,-7.35791739e+01
226.770000,-1.04994749e+02,-7.35794240e+01
226.775000,-1.04995009e+02,-7.35796847e+01
226.780000,-1.04995283e+02,-7.35799585e+01
226.785000,-1.04995568e+02,-7.35802436e+01
226.790000,-1.04995862e+02,-7.35805374e+01
226.795000,-1.04996164e+02,-7.35808393e+01
226.800000,-1.04996475e+02,-7.35811498e+01
226.805000,-1.04996791e+02,-7.35814659e+01
226.810000,-1.04997109e+02,-7.35817838e+01
226.815000,-1.04997423e+02,-7.35820984e+01
226.820000,-1.04997730e+02,-7.35824053e+01
226.825000,-1.04998027e+02,-7.35827026e+01
226.830000,-1.04998314e+02,-7.35829894e+01
226.835000,-1.04998590e+02,-7.35832652e+01
226.840000,-1.04998855e+02,-7.35835305e+01
226.845000,-1.04999110e+02,-7.35837848e+01
226.850000,-1.04999353e+02,-7.35840286e+01
226.855000,-1.04999587e+02,-7.35842619e+01
226.860000,-1.04999810e+02,-7.35844854e+01
226.865000,-1.05000030e+02,-7.35847052e+01
226.870000,-1.05000256e+02,-7.35849305e+01
226.875000,-1.05000489e+02,-7.35851641e+01
226.880000,-1.05000729e+02,-7.35854039e+01
226.885000,-1.05000970e+02,-7.35856454e+01
226.890000,-1.05001211e+02,-7.35858860e+01
226.895000,-1.05001449e+02,-7.35861243e+01
226.900000,-1.05001687e+02,-7.35863617e+01
226.905000,-1.05001922e+02,-7.35865977e+01
226.910000,-1.05002153e+02,-7.35868277e+01
226.915000,-1.05002368e+02,-7.35870431e+01
226.920000,-1.05002560e+02,-7.35872347e+01
226.925000,-1.05002721e+02,-7.35873964e+01
226.930000,-1.05002853e+02,-7.35875280e+01
226.935000,-1.05002957e+02,-7.35876316e+01
226.940000,-1.05003036e+02,-7.35877113e+01
226.945000,-1.05003098e+02,-7.35877731e+01
226.950000,-1.05003149e+02,-7.35878242e+01
226.955000,-1.05003194e+02,-7.35878693e+01
226.960000,-1.05003236e+02,-7.35879112e+01
226.965000,-1.05003275e+02,-7.35879501e+01
226.970000,-1.05003312e+02,-7.35879868e+01
226.975000,-1.05003347e+02,-7.35880223e+01
226.980000,-1.05003388e+02,-7.35880625e+01
226.985000,-1.05003439e+02,-7.35881138e+01
226.990000,-1.05003506e+02,-7.35881812e+01
226.995000,-1.05003591e+02,-7.35882656e+01
227.000000,-1.05003695e+02,-7.35883699e+01
227.005000,-1.05003821e+02,-7.35884955e+01
227.010000,-1.05003967e+02,-7.35886414e+01
227.015000,-1.05004130e+02,-7.35888049e+01
227.020000,-1.05004310e+02,-7.35889851e+01
227.025000,-1.05004506e+02,-7.35891811e+01
227.030000,-1.05004716e+02,-7.35893910e+01
227.035000,-1.05004937e+02,-7.35896116e+01
227.040000,-1.05005165e+02,-7.35898401e+01
227.045000,-1.05005400e+02,-7.35900746e+01
227.050000,-1.05005639e+02,-7.35903143e+01
227.055000,-1.05005881e+02,-7.35905562e+01
227.060000,-1.05006122e+02,-7.35907965e+01
227.065000,-1.05006356e+02,-7.35910312e+01
227.070000,-1.05006582e+02,-7.35912572e+01
227.075000,-1.05006797e+02,-7.35914724e+01
227.080000,-1.05007001e+02,-7.35916754e+01
227.085000,-1.05007187e+02,-7.35918620e+01
227.090000,-1.05007351e+02,-7.35920255e+01
227.095000,-1.05007486e+02,-7.35921605e+01
227.100000,-1.05007594e+02,-7.35922684e+01
227.105000,-1.05007681e+02,-7.35923555e+01
227.110000,-1.05007756e+02,-7.35924313e+01
227.115000,-1.05007827e+02,-7.35925022e+01
227.120000,-1.05007896e+02,-7.35925710e+01
227.125000,-1.05007965e+02,-7.35926403e+01
227.130000,-1.05008035e+02,-7.35927100e+01
227.135000,-1.05008104e+02,-7.35927789e+01
227.140000,-1.05008171e+02,-7.35928460e+01
227.145000,-1.05008236e+02,-7.35929105e+01
227.150000,-1.05008298e+02,-7.35929731e+01
227.155000,-1.05008359e+02,-7.35930342e+01
227.160000,-1.05008419e+02,-7.35930934e+01
227.165000,-1.05008475e+02,-7.35931501e+01
227.170000,-1.05008531e+02,-7.35932057e+01
227.175000,-1.05008587e+02,-7.35932616e+01
227.180000,-1.05008644e+02,-7.35933186e+01
227.185000,-1.05008702e+02,-7.35933770e+01
227.190000,-1.05008762e+02,-7.35934374e+01
227.195000,-1.05008825e+02,-7.35934999e+01
227.200000,-1.05008890e+02,-7.35935650e+01
227.205000,-1.05008956e+02,-7.35936308e+01
227.210000,-1.05009023e+02,-7.35936982e+01
227.215000,-1.05009093e+02,-7.35937679e+01
227.220000,-1.05009165e+02,-7.35938397e+01
227.225000,-1.05009240e+02,-7.35939154e+01
227.230000,-1.05009322e+02,-7.35939972e+01
227.235000,-1.05009409e+02,-7.35940839e+01
227.240000,-1.05009498e+02,-7.35941729e+01
227.245000,-1.05009587e+02,-7.35942617e+01
227.250000,-1.05009673e+02,-7.35943484e+01
227.255000,-1.05009754e+02,-7.35944292e+01
227.260000,-1.05009823e+02,-7.35944980e+01
227.265000,-1.05009874e+02,-7.35945488e+01
227.270000,-1.05009905e+02,-7.35945806e+01
227.275000,-1.05009920e+02,-7.35945955e+01
227.280000,-1.05009922e+02,-7.35945974e+01
227.285000,-1.05009913e+02,-7.35945881e+01
227.290000,-1.05009894e+02,-7.35945690e+01
227.295000,-1.05009864e+02,-7.35945391e+01
227.300000,-1.05009824e+02,-7.35944993e+01
227.305000,-1.05009777e+02,-7.35944517e+01
227.310000,-1.05009723e+02,-7.35943974e+01
227.315000,-1.05009660e+02,-7.35943354e+01
227.320000,-1.05009592e+02,-7.35942668e+01
227.325000,-1.05009520e+02,-7.35941950e+01
227.330000,-1.05009448e+02,-7.35941233e+01
227.335000,-1.05009379e+02,-7.35940542e+01
227.340000,-1.05009315e+02,-7.35939895e+01
227.345000,-1.05009256e+02,-7.35939308e+01
227.350000,-1.05009205e+02,-7.35938797e+01
227.355000,-1.05009161e+02,-7.35938356e+01
227.360000,-1.05009126e+02,-7.35938013e+01
227.365000,-1.05009104e+02,-7.35937787e+01
227.370000,-1.05009093e+02,-7.35937678e+01
227.375000,-1.05009092e+02,-7.35937672e+01
227.380000,-1.05009099e+02,-7.35937739e+01
227.385000,-1.05009109e+02,-7.35937842e+01
227.390000,-1.05009119e+02,-7.35937943e+01
227.395000,-1.05009127e+02,-7.35938020e+01
227.400000,-1.05009130e+02,-7.35938053e+01
227.405000,-1.05009128e+02,-7.35938027e+01
227.410000,-1.05009119e+02,-7.35937937e+01
227.415000,-1.05009103e+02,-7.35937783e+01
227.420000,-1.05009082e+02,-7.35937570e+01
227.425000,-1.05009057e+02,-7.35937318e+01
227.430000,-1.05009027e+02,-7.35937020e+01
227.435000,-1.05008989e+02,-7.35936642e+01
227.440000,-1.05008942e+02,-7.35936166e+01
227.445000,-1.05008889e+02,-7.35935640e+01
227.450000,-1.05008839e+02,-7.35935136e+01
227.455000,-1.05008798e+02,-7.35934725e+01
227.460000,-1.05008770e+02,-7.35934448e+01
227.465000,-1.05008756e+02,-7.35934309e+01
227.470000,-1.05008755e+02,-7.35934290e+01
227.475000,-1.05008759e+02,-7.35934335e+01
227.480000,-1.05008764e+02,-7.35934385e+01
227.485000,-1.05008766e+02,-7.35934402e+01
227.490000,-1.05008762e+02,-7.35934368e+01
227.495000,-1.05008748e+02,-7.35934227e+01
227.500000,-1.05008720e+02,-7.35933948e+01
227.505000,-1.05008678e+02,-7.35933524e+01
227.510000,-1.05008622e+02,-7.35932969e+01
227.515000,-1.05008556e+02,-7.35932305e+01
227.520000,-1.05008480e+02,-7.35931545e+01
227.525000,-1.05008396e+02,-7.35930706e+01
227.530000,-1.05008306e+02,-7.35929808e+01
227.535000,-1.05008210e+02,-7.35928853e+01
227.540000,-1.05008109e+02,-7.35927843e+01
227.545000,-1.05008003e+02,-7.35926781e+01
227.550000,-1.05007892e+02,-7.35925672e+01
227.555000,-1.05007776e+02,-7.35924512e+01
227.560000,-1.05007656e+02,-7.35923304e+01
227.565000,-1.05007530e+02,-7.35922051e+01
227.570000,-1.05007402e+02,-7.35920770e+01
227.575000,-1.05007273e+02,-7.35919480e+01
227.580000,-1.05007145e+02,-7.35918200e+01
227.585000,-1.05007018e+02,-7.35916930e+01
227.590000,-1.05006892e+02,-7.35915672e+01
227.595000,-1.05006766e+02,-7.35914415e+01
227.600000,-1.05006640e+02,-7.35913149e+01
227.605000,-1.05006510e+02,-7.35911848e+01
227.610000,-1.05006375e+02,-7.35910505e+01
227.615000,-1.05006238e+02,-7.35909130e+01
227.620000,-1.05006100e+02,-7.35907749e+01
227.625000,-1.05005963e+02,-7.35906379e+01
227.630000,-1.05005827e+02,-7.35905025e+01
227.635000,-1.05005693e+02,-7.35903684e+01
227.640000,-1.05005560e+02,-7.35902353e+01
227.645000,-1.05005428e+02,-7.35901031e+01
227.650000,-1.05005298e+02,-7.35899733e+01
227.655000,-1.05005169e+02,-7.35898443e+01
227.660000,-1.05005037e+02,-7.35897124e+01
227.665000,-1.05004899e+02,-7.35895736e+01
227.670000,-1.05004749e+02,-7.35894242e+01
227.675000,-1.05004586e+02,-7.35892606e+01
227.680000,-1.05004407e+02,-7.35890822e+01
227.685000,-1.05004219e+02,-7.35888938e+01
227.690000,-1.05004027e+02,-7.35887022e+01
227.695000,-1.05003839e+02,-7.35885137e+01
227.700000,-1.05003657e+02,-7.35883318e+01
227.705000,-1.05003481e+02,-7.35881558e+01
227.710000,-1.05003309e+02,-7.35879842e+01
227.715000,-1.05003140e+02,-7.35878147e+01
227.720000,-1.05002971e+02,-7.35876456e+01
227.725000,-1.05002802e+02,-7.35874769e+01
227.730000,-1.05002635e+02,-7.35873101e+01
227.735000,-1.05002471e+02,-7.35871463e+01
227.740000,-1.05002312e+02,-7.35869870e+01
227.745000,-1.05002158e+02,-7.35868330e+01
227.750000,-1.05002010e+02,-7.35866851e+01
227.755000,-1.05001868e+02,-7.35865424e+01
227.760000,-1.05001729e+02,-7.35864035e+01
227.765000,-1.05001592e+02,-7.35862674e+01
227.770000,-1.05001461e+02,-7.35861360e+01
227.775000,-1.05001333e+02,-7.35860077e+01
227.780000,-1.05001204e+02,-7.35858785e+01
227.785000,-1.05001069e+02,-7.35857441e+01
227.790000,-1.05000928e+02,-7.35856029e+01
227.795000,-1.05000781e+02,-7.35854556e+01
227.800000,-1.05000631e+02,-7.35853052e+01
227.805000,-1.05000479e+02,-7.35851538e+01
227.810000,-1.05000328e+02,-7.35850023e+01
227.815000,-1.05000177e+02,-7.35848514e+01
227.820000,-1.05000027e+02,-7.35847015e+01
227.825000,-1.04999878e+02,-7.35845529e+01
227.830000,-1.04999730e+02,-7.35844047e+01
227.835000,-1.04999577e+02,-7.35842516e+01
227.840000,-1.04999413e+02,-7.35840881e+01
227.845000,-1.04999238e+02,-7.35839126e+01
227.850000,-1.04999049e+02,-7.35837237e+01
227.855000,-1.04998847e+02,-7.35835220e+01
227.860000,-1.04998637e+02,-7.35833118e+01
227.865000,-1.04998422e+02,-7.35830969e+01
227.870000,-1.04998205e+02,-7.35828799e+01
227.875000,-1.04997988e+02,-7.35826629e+01
227.880000,-1.04997772e+02,-7.35824469e+01
227.885000,-1.04997556e+02,-7.35822311e+01
227.890000,-1.04997339e+02,-7.35820142e+01
227.895000,-1.04997119e+02,-7.35817946e+01
227.900000,-1.04996896e+02,-7.35815712e+01
227.905000,-1.04996667e+02,-7.35813423e+01
227.910000,-1.04996430e+02,-7.35811058e+01
227.915000,-1.04996185e+02,-7.35808603e+01
227.920000,-1.04995932e+02,-7.35806074e+01
227.925000,-1.04995680e+02,-7.35803550e+01
227.930000,-1.04995435e+02,-7.35801102e+01
227.935000,-1.04995202e+02,-7.35798774e+01
227.940000,-1.04994982e+02,-7.35796569e+01
227.945000,-1.04994769e+02,-7.35794443e+01
227.950000,-1.04994560e+02,-7.35792351e+01
227.955000,-1.04994351e+02,-7.35790265e+01
227.960000,-1.04994142e+02,-7.35788168e+01
227.965000,-1.04993929e+02,-7.35786045e+01
227.970000,-1.04993714e+02,-7.35783883e+01
227.975000,-1.04993492e+02,-7.35781668e+01
227.980000,-1.04993276e+02,-7.35779513e+01
227.985000,-1.04993083e+02,-7.35777586e+01
227.990000,-1.04992927e+02,-7.35776020e+01
227.995000,-1.04992809e+02,-7.35774846e+01
228.000000,-1.04992730e+02,-7.35774052e+01
228.005000,-1.04992684e+02,-7.35773593e+01
228.010000,-1.04992665e+02,-7.35773405e+01
228.015000,-1.04992667e+02,-7.35773422e+01
228.020000,-1.04992681e+02,-7.35773563e+01
228.025000,-1.04992699e+02,-7.35773746e+01
228.030000,-1.04992714e+02,-7.35773893e+01
228.035000,-1.04992721e+02,-7.35773959e+01
228.040000,-1.04992719e+02,-7.35773943e+01
228.045000,-1.04992711e+02,-7.35773858e+01
228.050000,-1.04992697e+02,-7.35773728e+01
228.055000,-1.04992681e+02,-7.35773567e+01
228.060000,-1.04992664e+02,-7.35773392e+01
228.065000,-1.04992651e+02,-7.35773259e+01
228.070000,-1.04992647e+02,-7.35773227e+01
228.075000,-1.04992656e+02,-7.35773308e+01
228.080000,-1.04992672e+02,-7.35773470e+01
228.085000,-1.04992691e+02,-7.35773658e+01
228.090000,-1.04992706e+02,-7.35773811e+01
228.095000,-1.04992713e+02,-7.35773882e+01
228.100000,-1.04992710e+02,-7.35773853e+01
228.105000,-1.04992695e+02,-7.35773700e+01
228.110000,-1.04992665e+02,-7.35773400e+01
228.115000,-1.04992618e+02,-7.35772935e+01
228.120000,-1.04992557e+02,-7.35772319e+01
228.125000,-1.04992482e+02,-7.35771571e+01
228.130000,-1.04992395e+02,-7.35770703e+01
228.135000,-1.04992296e+02,-7.35769712e+01
228.140000,-1.04992184e+02,-7.35768595e+01
228.145000,-1.04992059e+02,-7.35767336e+01
228.150000,-1.04991917e+02,-7.35765917e+01
228.155000,-1.04991759e+02,-7.35764343e+01
228.160000,-1.04991594e+02,-7.35762694e+01
228.165000,-1.04991430e+02,-7.35761057e+01
228.170000,-1.04991276e+02,-7.35759512e+01
228.175000,-1.04991132e+02,-7.35758076e+01
228.180000,-1.04990997e+02,-7.35756713e+01
228.185000,-1.04990863e+02,-7.35755375e+01
228.190000,-1.04990734e+02,-7.35754085e+01
228.195000,-1.04990609e+02,-7.35752839e+01
228.200000,-1.04990487e+02,-7.35751614e+01
228.205000,-1.04990363e+02,-7.35750374e+01
228.210000,-1.04990235e+02,-7.35749095e+01
228.215000,-1.04990101e+02,-7.35747756e+01
228.220000,-1.04989962e+02,-7.35746370e+01
228.225000,-1.04989821e+02,-7.35744963e+01
228.230000,-1.04989677e+02,-7.35743520e+01
228.235000,-1.04989525e+02,-7.35742001e+01
228.240000,-1.04989365e+02,-7.35740397e+01
228.245000,-1.04989196e+02,-7.35738712e+01
228.250000,-1.04989022e+02,-7.35736973e+01
228.255000,-1.04988845e+02,-7.35735199e+01
228.260000,-1.04988663e+02,-7.35733385e+01
228.265000,-1.04988478e+02,-7.35731532e+01
228.270000,-1.04988292e+02,-7.35729675e+01
228.275000,-1.04988108e+02,-7.35727831e+01
228.280000,-1.04987923e+02,-7.35725986e+01
228.285000,-1.04987738e+02,-7.35724137e+01
228.290000,-1.04987553e+02,-7.35722282e+01
228.295000,-1.04987367e+02,-7.35720424e+01
228.300000,-1.04987182e+02,-7.35718573e+01
228.305000,-1.04986999e+02,-7.35716746e+01
228.310000,-1.04986821e+02,-7.35714969e+01
228.315000,-1.04986650e+02,-7.35713252e+01
228.320000,-1.04986484e+02,-7.35711598e+01
228.325000,-1.04986328e+02,-7.35710033e+01
228.330000,-1.04986182e+02,-7.35708579e+01
228.335000,-1.04986047e+02,-7.35707230e+01
228.340000,-1.04985924e+02,-7.35706002e+01
228.345000,-1.04985812e+02,-7.35704882e+01
228.350000,-1.04985708e+02,-7.35703836e+01
228.355000,-1.04985608e+02,-7.35702836e+01
228.360000,-1.04985510e+02,-7.35701856e+01
228.365000,-1.04985412e+02,-7.35700876e+01
228.370000,-1.04985314e+02,-7.35699889e+01
228.375000,-1.04985218e+02,-7.35698931e+01
228.380000,-1.04985126e+02,-7.35698019e+01
228.385000,-1.04985037e+02,-7.35697127e+01
228.390000,-1.04984946e+02,-7.35696219e+01
228.395000,-1.04984855e+02,-7.35695304e+01
228.400000,-1.04984766e+02,-7.35694419e+01
228.405000,-1.04984684e+02,-7.35693594e+01
228.410000,-1.04984608e+02,-7.35692835e+01
228.415000,-1.04984540e+02,-7.35692154e+01
228.420000,-1.04984482e+02,-7.35691578e+01
228.425000,-1.04984437e+02,-7.35691132e+01
228.430000,-1.04984411e+02,-7.35690863e+01
228.435000,-1.04984403e+02,-7.35690787e+01
228.440000,-1.04984412e+02,-7.35690874e+01
228.445000,-1.04984431e+02,-7.35691058e+01
228.450000,-1.04984455e+02,-7.35691301e+01
228.455000,-1.04984483e+02,-7.35691583e+01
228.460000,-1.04984513e+02,-7.35691878e+01
228.465000,-1.04984542e+02,-7.35692167e+01
228.470000,-1.04984566e+02,-7.35692414e+01
228.475000,-1.04984585e+02,-7.35692605e+01
228.480000,-1.04984597e+02,-7.35692726e+01
228.485000,-1.04984602e+02,-7.35692776e+01
228.490000,-1.04984600e+02,-7.35692752e+01
228.495000,-1.04984592e+02,-7.35692673e+01
228.500000,-1.04984585e+02,-7.35692600e+01
228.505000,-1.04984584e+02,-7.35692592e+01
228.510000,-1.04984589e+02,-7.35692642e+01
228.515000,-1.04984594e+02,-7.35692692e+01
228.520000,-1.04984592e+02,-7.35692675e+01
228.525000,-1.04984580e+02,-7.35692546e+01
228.530000,-1.04984552e+02,-7.35692272e+01
228.535000,-1.04984509e+02,-7.35691841e+01
228.540000,-1.04984452e+02,-7.35691276e+01
228.545000,-1.04984390e+02,-7.35690651e+01
228.550000,-1.04984328e+02,-7.35690035e+01
228.555000,-1.04984272e+02,-7.35689475e+01
228.560000,-1.04984226e+02,-7.35689011e+01
228.565000,-1.04984192e+02,-7.35688666e+01
228.570000,-1.04984170e+02,-7.35688453e+01
228.575000,-1.04984162e+02,-7.35688371e+01
228.580000,-1.04984162e+02,-7.35688371e+01
228.585000,-1.04984166e+02,-7.35688410e+01
228.590000,-1.04984168e+02,-7.35688436e+01
228.595000,-1.04984169e+02,-7.35688441e+01
228.600000,-1.04984167e+02,-7.35688422e+01
228.605000,-1.04984163e+02,-7.35688378e+01
228.610000,-1.04984163e+02,-7.35688378e+01
228.615000,-1.04984173e+02,-7.35688483e+01
228.620000,-1.04984196e+02,-7.35688712e+01
228.625000,-1.04984227e+02,-7.35689019e+01
228.630000,-1.04984258e+02,-7.35689337e+01
228.635000,-1.04984289e+02,-7.35689639e+01
228.640000,-1.04984316e+02,-7.35689912e+01
228.645000,-1.04984339e+02,-7.35690140e+01
228.650000,-1.04984355e+02,-7.35690308e+01
228.655000,-1.04984366e+02,-7.35690411e+01
228.660000,-1.04984368e+02,-7.35690436e+01
228.665000,-1.04984363e+02,-7.35690382e+01
228.670000,-1.04984350e+02,-7.35690247e+01
228.675000,-1.04984328e+02,-7.35690028e+01
228.680000,-1.04984297e+02,-7.35689720e+01
228.685000,-1.04984260e+02,-7.35689348e+01
228.690000,-1.04984215e+02,-7.35688908e+01
228.695000,-1.04984160e+02,-7.35688355e+01
228.700000,-1.04984087e+02,-7.35687622e+01
228.705000,-1.04983993e+02,-7.35686686e+01
228.710000,-1.04983883e+02,-7.35685586e+01
228.715000,-1.04983763e+02,-7.35684387e+01
228.720000,-1.04983640e+02,-7.35683151e+01
228.725000,-1.04983518e+02,-7.35681936e+01
228.730000,-1.04983402e+02,-7.35680776e+01
228.735000,-1.04983295e+02,-7.35679706e+01
228.740000,-1.04983199e+02,-7.35678741e+01
228.745000,-1.04983113e+02,-7.35677885e+01
228.750000,-1.04983038e+02,-7.35677138e+01
228.755000,-1.04982973e+02,-7.35676484e+01
228.760000,-1.04982914e+02,-7.35675892e+01
228.765000,-1.04982856e+02,-7.35675313e+01
228.770000,-1.04982794e+02,-7.35674699e+01
228.775000,-1.04982727e+02,-7.35674027e+01
228.780000,-1.04982655e+02,-7.35673310e+01
228.785000,-1.04982584e+02,-7.35672594e+01
228.790000,-1.04982511e+02,-7.35671873e+01
228.795000,-1.04982437e+02,-7.35671128e+01
228.800000,-1.04982357e+02,-7.35670320e+01
228.805000,-1.04982268e+02,-7.35669432e+01
228.810000,-1.04982171e+02,-7.35668461e+01
228.815000,-1.04982065e+02,-7.35667409e+01
228.820000,-1.04981953e+02,-7.35666283e+01
228.825000,-1.04981833e+02,-7.35665087e+01
228.830000,-1.04981710e+02,-7.35663856e+01
228.835000,-1.04981589e+02,-7.35662644e+01
228.840000,-1.04981470e+02,-7.35661453e+01
228.845000,-1.04981350e+02,-7.35660251e+01
228.850000,-1.04981225e+02,-7.35659005e+01
228.855000,-1.04981093e+02,-7.35657684e+01
228.860000,-1.04980954e+02,-7.35656295e+01
228.865000,-1.04980814e+02,-7.35654894e+01
228.870000,-1.04980676e+02,-7.35653516e+01
228.875000,-1.04980541e+02,-7.35652160e+01
228.880000,-1.04980405e+02,-7.35650803e+01
228.885000,-1.04980270e+02,-7.35649450e+01
228.890000,-1.04980135e+02,-7.35648102e+01
228.895000,-1.04980001e+02,-7.35646764e+01
228.900000,-1.04979869e+02,-7.35645443e+01
228.905000,-1.04979739e+02,-7.35644140e+01
228.910000,-1.04979612e+02,-7.35642866e+01
228.915000,-1.04979487e+02,-7.35641617e+01
228.920000,-1.04979362e+02,-7.35640365e+01
228.925000,-1.04979234e+02,-7.35639094e+01
228.930000,-1.04979106e+02,-7.35637811e+01
228.935000,-1.04978977e+02,-7.35636518e+01
228.940000,-1.04978845e+02,-7.35635203e+01
228.945000,-1.04978711e+02,-7.35633859e+01
228.950000,-1.04978574e+02,-7.35632494e+01
228.955000,-1.04978438e+02,-7.35631126e+01
228.960000,-1.04978303e+02,-7.35629780e+01
228.965000,-1.04978170e+02,-7.35628451e+01
228.970000,-1.04978034e+02,-7.35627091e+01
228.975000,-1.04977886e+02,-7.35625609e+01
228.980000,-1.04977719e+02,-7.35623941e+01
228.985000,-1.04977534e+02,-7.35622092e+01
228.990000,-1.04977334e+02,-7.35620092e+01
228.995000,-1.04977125e+02,-7.35618006e+01
229.000000,-1.04976913e+02,-7.35615886e+01
229.005000,-1.04976698e+02,-7.35613734e+01
229.010000,-1.04976478e+02,-7.35611538e+01
229.015000,-1.04976253e+02,-7.35609281e+01
229.020000,-1.04976020e+02,-7.35606956e+01
229.025000,-1.04975781e+02,-7.35604557e+01
229.030000,-1.04975535e+02,-7.35602106e+01
229.035000,-1.04975289e+02,-7.35599646e+01
229.040000,-1.04975043e+02,-7.35597188e+01
229.045000,-1.04974800e+02,-7.35594757e+01
229.050000,-1.04974563e+02,-7.35592386e+01
229.055000,-1.04974333e+02,-7.35590091e+01
229.060000,-1.04974112e+02,-7.35587879e+01
229.065000,-1.04973897e+02,-7.35585731e+01
229.070000,-1.04973691e+02,-7.35583666e+01
229.075000,-1.04973494e+02,-7.35581694e+01
229.080000,-1.04973304e+02,-7.35579798e+01
229.085000,-1.04973120e+02,-7.35577956e+01
229.090000,-1.04972938e+02,-7.35576135e+01
229.095000,-1.04972755e+02,-7.35574309e+01
229.100000,-1.04972571e+02,-7.35572468e+01
229.105000,-1.04972385e+02,-7.35570603e+01
229.110000,-1.04972197e+02,-7.35568722e+01
229.115000,-1.04972010e+02,-7.35566853e+01
229.120000,-1.04971826e+02,-7.35565018e+01
229.125000,-1.04971648e+02,-7.35563232e+01
229.130000,-1.04971475e+02,-7.35561506e+01
229.135000,-1.04971309e+02,-7.35559845e+01
229.140000,-1.04971145e+02,-7.35558203e+01
229.145000,-1.04970977e+02,-7.35556518e+01
229.150000,-1.04970800e+02,-7.35554755e+01
229.155000,-1.04970617e+02,-7.35552923e+01
229.160000,-1.04970431e+02,-7.35551057e+01
229.165000,-1.04970244e+02,-7.35549193e+01
229.170000,-1.04970061e+02,-7.35547366e+01
229.175000,-1.04969889e+02,-7.35545639e+01
229.180000,-1.04969733e+02,-7.35544085e+01
229.185000,-1.04969601e+02,-7.35542758e+01
229.190000,-1.04969491e+02,-7.35541664e+01
229.195000,-1.04969404e+02,-7.35540790e+01
229.200000,-1.04969335e+02,-7.35540104e+01
229.205000,-1.04969280e+02,-7.35539556e+01
229.210000,-1.04969234e+02,-7.35539095e+01
229.215000,-1.04969192e+02,-7.35538670e+01
229.220000,-1.04969149e+02,-7.35538241e+01
229.225000,-1.04969103e+02,-7.35537785e+01
229.230000,-1.04969054e+02,-7.35537293e+01
229.235000,-1.04968998e+02,-7.35536738e+01
229.240000,-1.04968935e+02,-7.35536106e+01
229.245000,-1.04968860e+02,-7.35535354e+01
229.250000,-1.04968767e+02,-7.35534422e+01
229.255000,-1.04968659e+02,-7.35533339e+01
229.260000,-1.04968546e+02,-7.35532212e+01
229.265000,-1.04968435e+02,-7.35531097e+01
229.270000,-1.04968325e+02,-7.35530006e+01
229.275000,-1.04968218e+02,-7.35528934e+01
229.280000,-1.04968112e+02,-7.35527876e+01
229.285000,-1.04968010e+02,-7.35526852e+01
229.290000,-1.04967915e+02,-7.35525894e+01
229.295000,-1.04967826e+02,-7.35525015e+01
229.300000,-1.04967744e+02,-7.35524196e+01
229.305000,-1.04967660e+02,-7.35523349e+01
229.310000,-1.04967568e+02,-7.35522429e+01
229.315000,-1.04967468e+02,-7.35521433e+01
229.320000,-1.04967361e+02,-7.35520359e+01
229.325000,-1.04967245e+02,-7.35519206e+01
229.330000,-1.04967125e+02,-7.35517998e+01
229.335000,-1.04967001e+02,-7.35516763e+01
229.340000,-1.04966875e+02,-7.35515506e+01
229.345000,-1.04966748e+02,-7.35514236e+01
229.350000,-1.04966622e+02,-7.35512977e+01
229.355000,-1.04966501e+02,-7.35511759e+01
229.360000,-1.04966383e+02,-7.35510582e+01
229.365000,-1.04966267e+02,-7.35509427e+01
229.370000,-1.04966153e+02,-7.35508285e+01
229.375000,-1.04966043e+02,-7.35507179e+01
229.380000,-1.04965936e+02,-7.35506116e+01
229.385000,-1.04965834e+02,-7.35505092e+01
229.390000,-1.04965731e+02,-7.35504067e+01
229.395000,-1.04965624e+02,-7.35502990e+01
229.400000,-1.04965508e+02,-7.35501831e+01
229.405000,-1.04965384e+02,-7.35500592e+01
229.410000,-1.04965255e+02,-7.35499309e+01
229.415000,-1.04965127e+02,-7.35498030e+01
229.420000,-1.04965005e+02,-7.35496802e+01
229.425000,-1.04964888e+02,-7.35495636e+01
229.430000,-1.04964778e+02,-7.35494537e+01
229.435000,-1.04964676e+02,-7.35493513e+01
229.440000,-1.04964580e+02,-7.35492554e+01
229.445000,-1.04964489e+02,-7.35491647e+01
229.450000,-1.04964403e+02,-7.35490787e+01
229.455000,-1.04964321e+02,-7.35489972e+01
229.460000,-1.04964243e+02,-7.35489183e+01
229.465000,-1.04964161e+02,-7.35488362e+01
229.470000,-1.04964072e+02,-7.35487479e+01
229.475000,-1.04963979e+02,-7.35486541e+01
229.480000,-1.04963881e+02,-7.35485570e+01
229.485000,-1.04963784e+02,-7.35484592e+01
229.490000,-1.04963686e+02,-7.35483614e+01
229.495000,-1.04963588e+02,-7.35482633e+01
229.500000,-1.04963489e+02,-7.35481650e+01
229.505000,-1.04963392e+02,-7.35480679e+01
229.510000,-1.04963298e+02,-7.35479735e+01
229.515000,-1.04963206e+02,-7.35478817e+01
229.520000,-1.04963115e+02,-7.35477909e+01
229.525000,-1.04963023e+02,-7.35476984e+01
229.530000,-1.04962927e+02,-7.35476022e+01
229.535000,-1.04962826e+02,-7.35475018e+01
229.540000,-1.04962723e+02,-7.35473984e+01
229.545000,-1.04962622e+02,-7.35472969e+01
229.550000,-1.04962525e+02,-7.35472002e+01
229.555000,-1.04962432e+02,-7.35471078e+01
229.560000,-1.04962341e+02,-7.35470164e+01
229.565000,-1.04962247e+02,-7.35469222e+01
229.570000,-1.04962147e+02,-7.35468224e+01
229.575000,-1.04962041e+02,-7.35467168e+01
229.580000,-1.04961931e+02,-7.35466068e+01
229.585000,-1.04961821e+02,-7.35464962e+01
229.590000,-1.04961715e+02,-7.35463905e+01
229.595000,-1.04961618e+02,-7.35462933e+01
229.600000,-1.04961533e+02,-7.35462085e+01
229.605000,-1.04961462e+02,-7.35461374e+01
229.610000,-1.04961404e+02,-7.35460795e+01
229.615000,-1.04961355e+02,-7.35460311e+01
229.620000,-1.04961310e+02,-7.35459857e+01
229.625000,-1.04961257e+02,-7.35459330e+01
229.630000,-1.04961188e+02,-7.35458637e+01
229.635000,-1.04961098e+02,-7.35457739e+01
229.640000,-1.04960988e+02,-7.35456633e+01
229.645000,-1.04960859e+02,-7.35455343e+01
229.650000,-1.04960713e+02,-7.35453889e+01
229.655000,-1.04960554e+02,-7.35452296e+01
229.660000,-1.04960386e+02,-7.35450611e+01
229.665000,-1.04960211e+02,-7.35448865e+01
229.670000,-1.04960033e+02,-7.35447080e+01
229.675000,-1.04959852e+02,-7.35445273e+01
229.680000,-1.04959672e+02,-7.35443477e+01
229.685000,-1.04959499e+02,-7.35441746e+01
229.690000,-1.04959336e+02,-7.35440109e+01
229.695000,-1.04959182e+02,-7.35438573e+01
229.700000,-1.04959037e+02,-7.35437132e+01
229.705000,-1.04958899e+02,-7.35435743e+01
229.710000,-1.04958761e+02,-7.35434372e+01
229.715000,-1.04958629e+02,-7.35433051e+01
229.720000,-1.04958507e+02,-7.35431828e+01
229.725000,-1.04958397e+02,-7.35430729e+01
229.730000,-1.04958301e+02,-7.35429766e+01
229.735000,-1.04958217e+02,-7.35428925e+01
229.740000,-1.04958140e+02,-7.35428160e+01
229.745000,-1.04958066e+02,-7.35427417e+01
229.750000,-1.04957990e+02,-7.35426660e+01
229.755000,-1.04957911e+02,-7.35425871e+01
229.760000,-1.04957830e+02,-7.35425059e+01
229.765000,-1.04957748e+02,-7.35424243e+01
229.770000,-1.04957665e+02,-7.35423414e+01
229.775000,-1.04957577e+02,-7.35422527e+01
229.780000,-1.04957475e+02,-7.35421505e+01
229.785000,-1.04957355e+02,-7.35420304e+01
229.790000,-1.04957213e+02,-7.35418892e+01
229.795000,-1.04957054e+02,-7.35417298e+01
229.800000,-1.04956880e+02,-7.35415562e+01
229.805000,-1.04956697e+02,-7.35413723e+01
229.810000,-1.04956512e+02,-7.35411880e+01
229.815000,-1.04956337e+02,-7.35410128e+01
229.820000,-1.04956176e+02,-7.35408513e+01
229.825000,-1.04956028e+02,-7.35407037e+01
229.830000,-1.04955891e+02,-7.35405665e+01
229.835000,-1.04955759e+02,-7.35404348e+01
229.840000,-1.04955628e+02,-7.35403038e+01
229.845000,-1.04955495e+02,-7.35401707e+01
229.850000,-1.04955363e+02,-7.35400386e+01
229.855000,-1.04955235e+02,-7.35399109e+01
229.860000,-1.04955114e+02,-7.35397899e+01
229.865000,-1.04955000e+02,-7.35396757e+01
229.870000,-1.04954893e+02,-7.35395684e+01
229.875000,-1.04954794e+02,-7.35394697e+01
229.880000,-1.04954705e+02,-7.35393805e+01
229.885000,-1.04954626e+02,-7.35393015e+01
229.890000,-1.04954559e+02,-7.35392346e+01
229.895000,-1.04954505e+02,-7.35391802e+01
229.900000,-1.04954461e+02,-7.35391367e+01
229.905000,-1.04954426e+02,-7.35391019e+01
229.910000,-1.04954399e+02,-7.35390747e+01
229.915000,-1.04954379e+02,-7.35390543e+01
229.920000,-1.04954365e+02,-7.35390401e+01
229.925000,-1.04954355e+02,-7.35390310e+01
229.930000,-1.04954348e+02,-7.35390233e+01
229.935000,-1.04954336e+02,-7.35390120e+01
229.940000,-1.04954317e+02,-7.35389935e+01
229.945000,-1.04954288e+02,-7.35389642e+01
229.950000,-1.04954242e+02,-7.35389177e+01
229.955000,-1.04954171e+02,-7.35388468e+01
229.960000,-1.04954073e+02,-7.35387483e+01
229.965000,-1.04953950e+02,-7.35386253e+01
229.970000,-1.04953810e+02,-7.35384863e+01
229.975000,-1.04953664e+02,-7.35383394e+01
229.980000,-1.04953513e+02,-7.35381885e+01
229.985000,-1.04953360e+02,-7.35380357e+01
229.990000,-1.04953206e+02,-7.35378818e+01
229.995000,-1.04953055e+02,-7.35377302e+01
230.000000,-1.04952909e+02,-7.35375845e+01
230.005000,-1.04952770e+02,-7.35374460e+01
230.010000,-1.04952637e+02,-7.35373125e+01
230.015000,-1.04952505e+02,-7.35371810e+01
230.020000,-1.04952372e+02,-7.35370481e+01
230.025000,-1.04952236e+02,-7.35369115e+01
230.030000,-1.04952095e+02,-7.35367716e+01
230.035000,-1.04951955e+02,-7.35366305e+01
230.040000,-1.04951814e+02,-7.35364897e+01
230.045000,-1.04951680e+02,-7.35363554e+01
230.050000,-1.04951558e+02,-7.35362337e+01
230.055000,-1.04951452e+02,-7.35361280e+01
230.060000,-1.04951364e+02,-7.35360399e+01
230.065000,-1.04951295e+02,-7.35359710e+01
230.070000,-1.04951247e+02,-7.35359229e+01
230.075000,-1.04951218e+02,-7.35358943e+01
230.080000,-1.04951205e+02,-7.35358810e+01
230.085000,-1.04951201e+02,-7.35358761e+01
230.090000,-1.04951196e+02,-7.35358715e+01
230.095000,-1.04951186e+02,-7.35358619e+01
230.100000,-1.04951170e+02,-7.35358459e+01
230.105000,-1.04951142e+02,-7.35358173e+01
230.110000,-1.04951096e+02,-7.35357714e+01
230.115000,-1.04951034e+02,-7.35357098e+01
230.120000,-1.04950964e+02,-7.35356390e+01
230.125000,-1.04950887e+02,-7.35355628e+01
230.130000,-1.04950805e+02,-7.35354809e+01
230.135000,-1.04950717e+02,-7.35353928e+01
230.140000,-1.04950624e+02,-7.35352995e+01
230.145000,-1.04950529e+02,-7.35352045e+01
230.150000,-1.04950438e+02,-7.35351130e+01
230.155000,-1.04950352e+02,-7.35350271e+01
230.160000,-1.04950270e+02,-7.35349457e+01
230.165000,-1.04950192e+02,-7.35348672e+01
230.170000,-1.04950116e+02,-7.35347908e+01
230.175000,-1.04950042e+02,-7.35347174e+01
230.180000,-1.04949972e+02,-7.35346476e+01
230.185000,-1.04949906e+02,-7.35345809e+01
230.190000,-1.04949841e+02,-7.35345164e+01
230.195000,-1.04949780e+02,-7.35344557e+01
230.200000,-1.04949726e+02,-7.35344011e+01
230.205000,-1.04949681e+02,-7.35343565e+01
230.210000,-1.04949650e+02,-7.35343257e+01
230.215000,-1.04949636e+02,-7.35343116e+01
230.220000,-1.04949638e+02,-7.35343136e+01
230.225000,-1.04949649e+02,-7.35343248e+01
230.230000,-1.04949661e+02,-7.35343368e+01
230.235000,-1.04949673e+02,-7.35343488e+01
230.240000,-1.04949686e+02,-7.35343613e+01
230.245000,-1.04949698e+02,-7.35343737e+01
230.250000,-1.04949711e+02,-7.35343867e+01
230.255000,-1.04949725e+02,-7.35344010e+01
230.260000,-1.04949740e+02,-7.35344151e+01
230.265000,-1.04949745e+02,-7.35344213e+01
230.270000,-1.04949738e+02,-7.35344141e+01
230.275000,-1.04949718e+02,-7.35343941e+01
230.280000,-1.04949692e+02,-7.35343678e+01
230.285000,-1.04949670e+02,-7.35343459e+01
230.290000,-1.04949660e+02,-7.35343362e+01
230.295000,-1.04949665e+02,-7.35343412e+01
230.300000,-1.04949683e+02,-7.35343586e+01
230.305000,-1.04949709e+02,-7.35343850e+01
230.310000,-1.04949742e+02,-7.35344183e+01
230.315000,-1.04949781e+02,-7.35344566e+01
230.320000,-1.04949823e+02,-7.35344993e+01
230.325000,-1.04949876e+02,-7.35345518e+01
230.330000,-1.04949943e+02,-7.35346189e+01
230.335000,-1.04950023e+02,-7.35346995e+01
230.340000,-1.04950115e+02,-7.35347909e+01
230.345000,-1.04950216e+02,-7.35348920e+01
230.350000,-1.04950327e+02,-7.35350033e+01
230.355000,-1.04950449e+02,-7.35351256e+01
230.360000,-1.04950584e+02,-7.35352598e+01
230.365000,-1.04950726e+02,-7.35354025e+01
230.370000,-1.04950870e+02,-7.35355463e+01
230.375000,-1.04951007e+02,-7.35356833e+01
230.380000,-1.04951135e+02,-7.35358113e+01
230.385000,-1.04951259e+02,-7.35359351e+01
230.390000,-1.04951384e+02,-7.35360595e+01
230.395000,-1.04951509e+02,-7.35361845e+01
230.400000,-1.04951631e+02,-7.35363065e+01
230.405000,-1.04951745e+02,-7.35364211e+01
230.410000,-1.04951852e+02,-7.35365278e+01
230.415000,-1.04951953e+02,-7.35366284e+01
230.420000,-1.04952047e+02,-7.35367220e+01
230.425000,-1.04952132e+02,-7.35368073e+01
230.430000,-1.04952210e+02,-7.35368858e+01
230.435000,-1.04952285e+02,-7.35369607e+01
230.440000,-1.04952358e+02,-7.35370332e+01
230.445000,-1.04952430e+02,-7.35371050e+01
230.450000,-1.04952501e+02,-7.35371759e+01
230.455000,-1.04952573e+02,-7.35372482e+01
230.460000,-1.04952650e+02,-7.35373250e+01
230.465000,-1.04952736e+02,-7.35374115e+01
230.470000,-1.04952835e+02,-7.35375107e+01
230.475000,-1.04952947e+02,-7.35376224e+01
230.480000,-1.04953069e+02,-7.35377447e+01
230.485000,-1.04953202e+02,-7.35378773e+01
230.490000,-1.04953346e+02,-7.35380215e+01
230.495000,-1.04953503e+02,-7.35381786e+01
230.500000,-1.04953672e+02,-7.35383470e+01
230.505000,-1.04953851e+02,-7.35385261e+01
230.510000,-1.04954038e+02,-7.35387134e+01
230.515000,-1.04954229e+02,-7.35389043e+01
230.520000,-1.04954420e+02,-7.35390955e+01
230.525000,-1.04954611e+02,-7.35392870e+01
230.530000,-1.04954804e+02,-7.35394797e+01
230.535000,-1.04954997e+02,-7.35396728e+01
230.540000,-1.04955191e+02,-7.35398675e+01
230.545000,-1.04955391e+02,-7.35400670e+01
230.550000,-1.04955596e+02,-7.35402712e+01
230.555000,-1.04955800e+02,-7.35404754e+01
230.560000,-1.04955993e+02,-7.35406688e+01
230.565000,-1.04956164e+02,-7.35408400e+01
230.570000,-1.04956310e+02,-7.35409856e+01
230.575000,-1.04956433e+02,-7.35411086e+01
230.580000,-1.04956540e+02,-7.35412163e+01
230.585000,-1.04956643e+02,-7.35413188e+01
230.590000,-1.04956749e+02,-7.35414252e+01
230.595000,-1.04956866e+02,-7.35415424e+01
230.600000,-1.04956997e+02,-7.35416732e+01
230.605000,-1.04957142e+02,-7.35418176e+01
230.610000,-1.04957298e+02,-7.35419744e+01
230.615000,-1.04957468e+02,-7.35421439e+01
230.620000,-1.04957652e+02,-7.35423274e+01
230.625000,-1.04957851e+02,-7.35425265e+01
230.630000,-1.04958069e+02,-7.35427446e+01
230.635000,-1.04958308e+02,-7.35429837e+01
230.640000,-1.04958566e+02,-7.35432417e+01
230.645000,-1.04958840e+02,-7.35435164e+01
230.650000,-1.04959127e+02,-7.35438028e+01
230.655000,-1.04959418e+02,-7.35440937e+01
230.660000,-1.04959707e+02,-7.35443828e+01
230.665000,-1.04959990e+02,-7.35446663e+01
230.670000,-1.04960267e+02,-7.35449433e+01
230.675000,-1.04960539e+02,-7.35452148e+01
230.680000,-1.04960807e+02,-7.35454823e+01
230.685000,-1.04961071e+02,-7.35457466e+01
230.690000,-1.04961332e+02,-7.35460082e+01
230.695000,-1.04961590e+02,-7.35462653e+01
230.700000,-1.04961834e+02,-7.35465103e+01
230.705000,-1.04962063e+02,-7.35467389e+01
230.710000,-1.04962274e+02,-7.35469497e+01
230.715000,-1.04962468e+02,-7.35471438e+01
230.720000,-1.04962651e+02,-7.35473265e+01
230.725000,-1.04962826e+02,-7.35475012e+01
230.730000,-1.04962994e+02,-7.35476694e+01
230.735000,-1.04963155e+02,-7.35478304e+01
230.740000,-1.04963308e+02,-7.35479830e+01
230.745000,-1.04963454e+02,-7.35481293e+01
230.750000,-1.04963599e+02,-7.35482747e+01
230.755000,-1.04963749e+02,-7.35484249e+01
230.760000,-1.04963909e+02,-7.35485844e+01
230.765000,-1.04964082e+02,-7.35487571e+01
230.770000,-1.04964270e+02,-7.35489451e+01
230.775000,-1.04964474e+02,-7.35491499e+01
230.780000,-1.04964699e+02,-7.35493746e+01
230.785000,-1.04964947e+02,-7.35496222e+01
230.790000,-1.04965216e+02,-7.35498911e+01
230.795000,-1.04965498e+02,-7.35501736e+01
230.800000,-1.04965789e+02,-7.35504648e+01
230.805000,-1.04966091e+02,-7.35507662e+01
230.810000,-1.04966405e+02,-7.35510802e+01
230.815000,-1.04966731e+02,-7.35514065e+01
230.820000,-1.04967067e+02,-7.35517422e+01
230.825000,-1.04967407e+02,-7.35520827e+01
230.830000,-1.04967749e+02,-7.35524247e+01
230.835000,-1.04968091e+02,-7.35527662e+01
230.840000,-1.04968429e+02,-7.35531039e+01
230.845000,-1.04968758e+02,-7.35534331e+01
230.850000,-1.04969079e+02,-7.35537543e+01
230.855000,-1.04969391e+02,-7.35540664e+01
230.860000,-1.04969693e+02,-7.35543686e+01
230.865000,-1.04969989e+02,-7.35546640e+01
230.870000,-1.04970282e+02,-7.35549579e+01
230.875000,-1.04970578e+02,-7.35552540e+01
230.880000,-1.04970874e+02,-7.35555498e+01
230.885000,-1.04971168e+02,-7.35558434e+01
230.890000,-1.04971461e+02,-7.35561371e+01
230.895000,-1.04971760e+02,-7.35564356e+01
230.900000,-1.04972067e+02,-7.35567425e+01
230.905000,-1.04972385e+02,-7.35570601e+01
230.910000,-1.04972713e+02,-7.35573889e+01
230.915000,-1.04973054e+02,-7.35577296e+01
230.920000,-1.04973406e+02,-7.35580822e+01
230.925000,-1.04973772e+02,-7.35584481e+01
230.930000,-1.04974153e+02,-7.35588283e+01
230.935000,-1.04974545e+02,-7.35592205e+01
230.940000,-1.04974944e+02,-7.35596195e+01
230.945000,-1.04975346e+02,-7.35600214e+01
230.950000,-1.04975750e+02,-7.35604260e+01
230.955000,-1.04976158e+02,-7.35608340e+01
230.960000,-1.04976569e+02,-7.35612451e+01
230.965000,-1.04976982e+02,-7.35616579e+01
230.970000,-1.04977395e+02,-7.35620706e+01
230.975000,-1.04977804e+02,-7.35624797e+01
230.980000,-1.04978207e+02,-7.35628826e+01
230.985000,-1.04978602e+02,-7.35632776e+01
230.990000,-1.04978988e+02,-7.35636633e+01
230.995000,-1.04979361e+02,-7.35640366e+01
231.000000,-1.04979719e+02,-7.35643940e+01
231.005000,-1.04980060e+02,-7.35647357e+01
231.010000,-1.04980389e+02,-7.35650649e+01
231.015000,-1.04980712e+02,-7.35653878e+01
231.020000,-1.04981035e+02,-7.35657111e+01
231.025000,-1.04981364e+02,-7.35660393e+01
231.030000,-1.04981695e+02,-7.35663709e+01
231.035000,-1.04982024e+02,-7.35666996e+01
231.040000,-1.04982344e+02,-7.35670191e+01
231.045000,-1.04982654e+02,-7.35673291e+01
231.050000,-1.04982957e+02,-7.35676322e+01
231.055000,-1.04983256e+02,-7.35679311e+01
231.060000,-1.04983554e+02,-7.35682292e+01
231.065000,-1.04983861e+02,-7.35685357e+01
231.070000,-1.04984184e+02,-7.35688596e+01
231.075000,-1.04984526e+02,-7.35692016e+01
231.080000,-1.04984883e+02,-7.35695579e+01
231.085000,-1.04985250e+02,-7.35699253e+01
231.090000,-1.04985627e+02,-7.35703022e+01
231.095000,-1.04986011e+02,-7.35706860e+01
231.100000,-1.04986400e+02,-7.35710753e+01
231.105000,-1.04986796e+02,-7.35714713e+01
231.110000,-1.04987197e+02,-7.35718724e+01
231.115000,-1.04987599e+02,-7.35722741e+01
231.120000,-1.04988000e+02,-7.35726749e+01
231.125000,-1.04988398e+02,-7.35730727e+01
231.130000,-1.04988786e+02,-7.35734615e+01
231.135000,-1.04989159e+02,-7.35738344e+01
231.140000,-1.04989512e+02,-7.35741870e+01
231.145000,-1.04989843e+02,-7.35745180e+01
231.150000,-1.04990156e+02,-7.35748313e+01
231.155000,-1.04990462e+02,-7.35751367e+01
231.160000,-1.04990772e+02,-7.35754463e+01
231.165000,-1.04991095e+02,-7.35757703e+01
231.170000,-1.04991438e+02,-7.35761127e+01
231.175000,-1.04991791e+02,-7.35764663e+01
231.180000,-1.04992147e+02,-7.35768224e+01
231.185000,-1.04992502e+02,-7.35771773e+01
231.190000,-1.04992858e+02,-7.35775329e+01
231.195000,-1.04993218e+02,-7.35778936e+01
231.200000,-1.04993589e+02,-7.35782645e+01
231.205000,-1.04993974e+02,-7.35786495e+01
231.210000,-1.04994375e+02,-7.35790504e+01
231.215000,-1.04994793e+02,-7.35794680e+01
231.220000,-1.04995228e+02,-7.35799032e+01
231.225000,-1.04995683e+02,-7.35803578e+01
231.230000,-1.04996158e+02,-7.35808338e+01
231.235000,-1.04996655e+02,-7.35813302e+01
231.240000,-1.04997170e+02,-7.35818455e+01
231.245000,-1.04997702e+02,-7.35823775e+01
231.250000,-1.04998249e+02,-7.35829247e+01
231.255000,-1.04998809e+02,-7.35834851e+01
231.260000,-1.04999379e+02,-7.35840543e+01
231.265000,-1.04999949e+02,-7.35846242e+01
231.270000,-1.05000514e+02,-7.35851899e+01
231.275000,-1.05001072e+02,-7.35857476e+01
231.280000,-1.05001620e+02,-7.35862949e+01
231.285000,-1.05002157e+02,-7.35868320e+01
231.290000,-1.05002687e+02,-7.35873625e+01
231.295000,-1.05003215e+02,-7.35878903e+01
231.300000,-1.05003743e+02,-7.35884187e+01
231.305000,-1.05004276e+02,-7.35889511e+01
231.310000,-1.05004812e+02,-7.35894874e+01
231.315000,-1.05005351e+02,-7.35900267e+01
231.320000,-1.05005890e+02,-7.35905657e+01
231.325000,-1.05006424e+02,-7.35910988e+01
231.330000,-1.05006945e+02,-7.35916206e+01
231.335000,-1.05007458e+02,-7.35921331e+01
231.340000,-1.05007966e+02,-7.35926413e+01
231.345000,-1.05008473e+02,-7.35931484e+01
231.350000,-1.05008979e+02,-7.35936539e+01
231.355000,-1.05009483e+02,-7.35941581e+01
231.360000,-1.05009989e+02,-7.35946639e+01
231.365000,-1.05010499e+02,-7.35951743e+01
231.370000,-1.05011015e+02,-7.35956905e+01
231.375000,-1.05011539e+02,-7.35962142e+01
231.380000,-1.05012073e+02,-7.35967484e+01
231.385000,-1.05012618e+02,-7.35972938e+01
231.390000,-1.05013178e+02,-7.35978531e+01
231.395000,-1.05013750e+02,-7.35984249e+01
231.400000,-1.05014328e+02,-7.35990033e+01
231.405000,-1.05014904e+02,-7.35995792e+01
231.410000,-1.05015472e+02,-7.36001470e+01
231.415000,-1.05016029e+02,-7.36007035e+01
231.420000,-1.05016570e+02,-7.36012452e+01
231.425000,-1.05017096e+02,-7.36017713e+01
231.430000,-1.05017610e+02,-7.36022851e+01
231.435000,-1.05018121e+02,-7.36027964e+01
231.440000,-1.05018640e+02,-7.36033147e+01
231.445000,-1.05019171e+02,-7.36038455e+01
231.450000,-1.05019714e+02,-7.36043887e+01
231.455000,-1.05020263e+02,-7.36049378e+01
231.460000,-1.05020808e+02,-7.36054832e+01
231.465000,-1.05021344e+02,-7.36060187e+01
231.470000,-1.05021868e+02,-7.36065432e+01
231.475000,-1.05022384e+02,-7.36070590e+01
231.480000,-1.05022891e+02,-7.36075664e+01
231.485000,-1.05023390e+02,-7.36080655e+01
231.490000,-1.05023883e+02,-7.36085585e+01
231.495000,-1.05024376e+02,-7.36090510e+01
231.500000,-1.05024875e+02,-7.36095504e+01
231.505000,-1.05025387e+02,-7.36100621e+01
231.510000,-1.05025913e+02,-7.36105883e+01
231.515000,-1.05026455e+02,-7.36111298e+01
231.520000,-1.05027012e+02,-7.36116864e+01
231.525000,-1.05027580e+02,-7.36122561e+01
231.530000,-1.05028164e+02,-7.36128391e+01
231.535000,-1.05028753e+02,-7.36134287e+01
231.540000,-1.05029341e+02,-7.36140159e+01
231.545000,-1.05029919e+02,-7.36145941e+01
231.550000,-1.05030489e+02,-7.36151646e+01
231.555000,-1.05031056e+02,-7.36157309e+01
231.560000,-1.05031620e+02,-7.36162953e+01
231.565000,-1.05032183e+02,-7.36168585e+01
231.570000,-1.05032749e+02,-7.36174239e+01
231.575000,-1.05033322e+02,-7.36179975e+01
231.580000,-1.05033911e+02,-7.36185867e+01
231.585000,-1.05034522e+02,-7.36191972e+01
231.590000,-1.05035152e+02,-7.36198278e+01
231.595000,-1.05035800e+02,-7.36204746e+01
231.600000,-1.05036455e+02,-7.36211304e+01
231.605000,-1.05037115e+02,-7.36217901e+01
231.610000,-1.05037775e+02,-7.36224498e+01
231.615000,-1.05038438e+02,-7.36231132e+01
231.620000,-1.05039108e+02,-7.36237833e+01
231.625000,-1.05039784e+02,-7.36244585e+01
231.630000,-1.05040462e+02,-7.36251371e+01
231.635000,-1.05041145e+02,-7.36258196e+01
231.640000,-1.05041832e+02,-7.36265072e+01
231.645000,-1.05042526e+02,-7.36272018e+01
231.650000,-1.05043232e+02,-7.36279075e+01
231.655000,-1.05043953e+02,-7.36286288e+01
231.660000,-1.05044696e+02,-7.36293710e+01
231.665000,-1.05045461e+02,-7.36301356e+01
231.670000,-1.05046246e+02,-7.36309210e+01
231.675000,-1.05047044e+02,-7.36317188e+01
231.680000,-1.05047846e+02,-7.36325202e+01
231.685000,-1.05048645e+02,-7.36333197e+01
231.690000,-1.05049441e+02,-7.36341155e+01
231.695000,-1.05050231e+02,-7.36349057e+01
231.700000,-1.05051015e+02,-7.36356901e+01
231.705000,-1.05051796e+02,-7.36364710e+01
231.710000,-1.05052578e+02,-7.36372529e+01
231.715000,-1.05053365e+02,-7.36380398e+01
231.720000,-1.05054159e+02,-7.36388339e+01
231.725000,-1.05054965e+02,-7.36396394e+01
231.730000,-1.05055782e+02,-7.36404573e+01
231.735000,-1.05056607e+02,-7.36412816e+01
231.740000,-1.05057428e+02,-7.36421036e+01
231.745000,-1.05058243e+02,-7.36429185e+01
231.750000,-1.05059047e+02,-7.36437221e+01
231.755000,-1.05059838e+02,-7.36445127e+01
231.760000,-1.05060615e+02,-7.36452902e+01
231.765000,-1.05061385e+02,-7.36460595e+01
231.770000,-1.05062150e+02,-7.36468253e+01
231.775000,-1.05062914e+02,-7.36475886e+01
231.780000,-1.05063674e+02,-7.36483488e+01
231.785000,-1.05064432e+02,-7.36491070e+01
231.790000,-1.05065189e+02,-7.36498638e+01
231.795000,-1.05065939e+02,-7.36506141e+01
231.800000,-1.05066680e+02,-7.36513547e+01
231.805000,-1.05067411e+02,-7.36520862e+01
231.810000,-1.05068135e+02,-7.36528101e+01
231.815000,-1.05068851e+02,-7.36535262e+01
231.820000,-1.05069562e+02,-7.36542367e+01
231.825000,-1.05070268e+02,-7.36549425e+01
231.830000,-1.05070970e+02,-7.36556447e+01
231.835000,-1.05071668e+02,-7.36563424e+01
231.840000,-1.05072362e+02,-7.36570364e+01
231.845000,-1.05073054e+02,-7.36577289e+01
231.850000,-1.05073749e+02,-7.36584235e+01
231.855000,-1.05074449e+02,-7.36591242e+01
231.860000,-1.05075159e+02,-7.36598345e+01
231.865000,-1.05075881e+02,-7.36605553e+01
231.870000,-1.05076607e+02,-7.36612818e+01
231.875000,-1.05077333e+02,-7.36620074e+01
231.880000,-1.05078051e+02,-7.36627255e+01
231.885000,-1.05078759e+02,-7.36634336e+01
231.890000,-1.05079453e+02,-7.36641273e+01
231.895000,-1.05080133e+02,-7.36648079e+01
231.900000,-1.05080806e+02,-7.36654802e+01
231.905000,-1.05081472e+02,-7.36661463e+01
231.910000,-1.05082133e+02,-7.36668076e+01
231.915000,-1.05082791e+02,-7.36674658e+01
231.920000,-1.05083450e+02,-7.36681245e+01
231.925000,-1.05084108e+02,-7.36687826e+01
231.930000,-1.05084760e+02,-7.36694343e+01
231.935000,-1.05085395e+02,-7.36700692e+01
231.940000,-1.05086010e+02,-7.36706840e+01
231.945000,-1.05086613e+02,-7.36712877e+01
231.950000,-1.05087218e+02,-7.36718922e+01
231.955000,-1.05087828e+02,-7.36725029e+01
231.960000,-1.05088445e+02,-7.36731195e+01
231.965000,-1.05089068e+02,-7.36737420e+01
231.970000,-1.05089697e+02,-7.36743715e+01
231.975000,-1.05090335e+02,-7.36750099e+01
231.980000,-1.05090984e+02,-7.36756586e+01
231.985000,-1.05091643e+02,-7.36763176e+01
231.990000,-1.05092312e+02,-7.36769864e+01
231.995000,-1.05092989e+02,-7.36776640e+01
232.000000,-1.05093673e+02,-7.36783477e+01
232.005000,-1.05094352e+02,-7.36790272e+01
232.010000,-1.05095015e+02,-7.36796908e+01
232.015000,-1.05095659e+02,-7.36803333e+01
232.020000,-1.05096277e+02,-7.36809513e+01
232.025000,-1.05096873e+02,-7.36815478e+01
232.030000,-1.05097455e+02,-7.36821296e+01
232.035000,-1.05098030e+02,-7.36827047e+01
232.040000,-1.05098606e+02,-7.36832800e+01
232.045000,-1.05099186e+02,-7.36838603e+01
232.050000,-1.05099771e+02,-7.36844458e+01
232.055000,-1.05100354e+02,-7.36850290e+01
232.060000,-1.05100928e+02,-7.36856022e+01
232.065000,-1.05101487e+02,-7.36861613e+01
232.070000,-1.05102032e+02,-7.36867062e+01
232.075000,-1.05102564e+02,-7.36872391e+01
232.080000,-1.05103092e+02,-7.36877665e+01
232.085000,-1.05103620e+02,-7.36882944e+01
232.090000,-1.05104153e+02,-7.36888276e+01
232.095000,-1.05104692e+02,-7.36893660e+01
232.100000,-1.05105233e+02,-7.36899076e+01
232.105000,-1.05105776e+02,-7.36904500e+01
232.110000,-1.05106318e+02,-7.36909921e+01
232.115000,-1.05106862e+02,-7.36915360e+01
232.120000,-1.05107411e+02,-7.36920855e+01
232.125000,-1.05107968e+02,-7.36926433e+01
232.130000,-1.05108537e+02,-7.36932114e+01
232.135000,-1.05109110e+02,-7.36937847e+01
232.140000,-1.05109681e+02,-7.36943553e+01
232.145000,-1.05110241e+02,-7.36949147e+01
232.150000,-1.05110785e+02,-7.36954593e+01
232.155000,-1.05111309e+02,-7.36959834e+01
232.160000,-1.05111811e+02,-7.36964854e+01
232.165000,-1.05112294e+02,-7.36969686e+01
232.170000,-1.05112765e+02,-7.36974393e+01
232.175000,-1.05113232e+02,-7.36979056e+01
232.180000,-1.05113700e+02,-7.36983742e+01
232.185000,-1.05114174e+02,-7.36988485e+01
232.190000,-1.05114651e+02,-7.36993248e+01
232.195000,-1.05115119e+02,-7.36997933e+01
232.200000,-1.05115572e+02,-7.37002459e+01
232.205000,-1.05116009e+02,-7.37006833e+01
232.210000,-1.05116438e+02,-7.37011117e+01
232.215000,-1.05116863e+02,-7.37015374e+01
232.220000,-1.05117292e+02,-7.37019659e+01
232.225000,-1.05117728e+02,-7.37024024e+01
232.230000,-1.05118178e+02,-7.37028521e+01
232.235000,-1.05118640e+02,-7.37033144e+01
232.240000,-1.05119112e+02,-7.37037858e+01
232.245000,-1.05119590e+02,-7.37042647e+01
232.250000,-1.05120077e+02,-7.37047509e+01
232.255000,-1.05120567e+02,-7.37052409e+01
232.260000,-1.05121055e+02,-7.37057294e+01
232.265000,-1.05121540e+02,-7.37062141e+01
232.270000,-1.05122021e+02,-7.37066950e+01
232.275000,-1.05122496e+02,-7.37071704e+01
232.280000,-1.05122965e+02,-7.37076394e+01
232.285000,-1.05123424e+02,-7.37080984e+01
232.290000,-1.05123870e+02,-7.37085442e+01
232.295000,-1.05124306e+02,-7.37089805e+01
232.300000,-1.05124735e+02,-7.37094092e+01
232.305000,-1.05125155e+02,-7.37098302e+01
232.310000,-1.05125569e+02,-7.37102441e+01
232.315000,-1.05125981e+02,-7.37106554e+01
232.320000,-1.05126396e+02,-7.37110705e+01
232.325000,-1.05126819e+02,-7.37114931e+01
232.330000,-1.05127246e+02,-7.37119206e+01
232.335000,-1.05127675e+02,-7.37123498e+01
232.340000,-1.05128105e+02,-7.37127797e+01
232.345000,-1.05128538e+02,-7.37132128e+01
232.350000,-1.05128977e+02,-7.37136517e+01
232.355000,-1.05129422e+02,-7.37140970e+01
232.360000,-1.05129877e+02,-7.37145517e+01
232.365000,-1.05130342e+02,-7.37150173e+01
232.370000,-1.05130823e+02,-7.37154972e+01
232.375000,-1.05131317e+02,-7.37159916e+01
232.380000,-1.05131824e+02,-7.37164981e+01
232.385000,-1.05132339e+02,-7.37170133e+01
232.390000,-1.05132861e+02,-7.37175349e+01
232.395000,-1.05133388e+02,-7.37180628e+01
232.400000,-1.05133926e+02,-7.37185998e+01
232.405000,-1.05134470e+02,-7.37191449e+01
232.410000,-1.05135020e+02,-7.37196935e+01
232.415000,-1.05135562e+02,-7.37202354e+01
232.420000,-1.05136088e+02,-7.37207616e+01
232.425000,-1.05136590e+02,-7.37212636e+01
232.430000,-1.05137067e+02,-7.37217408e+01
232.435000,-1.05137524e+02,-7.37221977e+01
232.440000,-1.05137967e+02,-7.37226408e+01
232.445000,-1.05138403e+02,-7.37230762e+01
232.450000,-1.05138830e+02,-7.37235041e+01
232.455000,-1.05139251e+02,-7.37239246e+01
232.460000,-1.05139662e+02,-7.37243357e+01
232.465000,-1.05140063e+02,-7.37247360e+01
232.470000,-1.05140453e+02,-7.37251266e+01
232.475000,-1.05140841e+02,-7.37255146e+01
232.480000,-1.05141224e+02,-7.37258979e+01
232.485000,-1.05141595e+02,-7.37262683e+01
232.490000,-1.05141945e+02,-7.37266193e+01
232.495000,-1.05142274e+02,-7.37269478e+01
232.500000,-1.05142581e+02,-7.37272552e+01
232.505000,-1.05142876e+02,-7.37275501e+01
232.510000,-1.05143169e+02,-7.37278428e+01
232.515000,-1.05143468e+02,-7.37281415e+01
232.520000,-1.05143776e+02,-7.37284505e+01
232.525000,-1.05144097e+02,-7.37287714e+01
232.530000,-1.05144432e+02,-7.37291058e+01
232.535000,-1.05144781e+02,-7.37294552e+01
232.540000,-1.05145140e+02,-7.37298149e+01
232.545000,-1.05145506e+02,-7.37301798e+01
232.550000,-1.05145868e+02,-7.37305425e+01
232.555000,-1.05146224e+02,-7.37308984e+01
232.560000,-1.05146572e+02,-7.37312459e+01
232.565000,-1.05146911e+02,-7.37315856e+01
232.570000,-1.05147247e+02,-7.37319216e+01
232.575000,-1.05147583e+02,-7.37322574e+01
232.580000,-1.05147921e+02,-7.37325946e+01
232.585000,-1.05148259e+02,-7.37329333e+01
232.590000,-1.05148598e+02,-7.37332722e+01
232.595000,-1.05148933e+02,-7.37336074e+01
232.600000,-1.05149262e+02,-7.37339360e+01
232.605000,-1.05149585e+02,-7.37342591e+01
232.610000,-1.05149903e+02,-7.37345772e+01
232.615000,-1.05150216e+02,-7.37348908e+01
232.620000,-1.05150528e+02,-7.37352019e+01
232.625000,-1.05150835e+02,-7.37355093e+01
232.630000,-1.05151131e+02,-7.37358053e+01
232.635000,-1.05151404e+02,-7.37360783e+01
232.640000,-1.05151650e+02,-7.37363240e+01
232.645000,-1.05151872e+02,-7.37365462e+01
232.650000,-1.05152078e+02,-7.37367520e+01
232.655000,-1.05152277e+02,-7.37369507e+01
232.660000,-1.05152475e+02,-7.37371492e+01
232.665000,-1.05152678e+02,-7.37373521e+01
232.670000,-1.05152884e+02,-7.37375580e+01
232.675000,-1.05153095e+02,-7.37377688e+01
232.680000,-1.05153312e+02,-7.37379856e+01
232.685000,-1.05153534e+02,-7.37382078e+01
232.690000,-1.05153761e+02,-7.37384341e+01
232.695000,-1.05153993e+02,-7.37386672e+01
232.700000,-1.05154236e+02,-7.37389095e+01
232.705000,-1.05154487e+02,-7.37391603e+01
232.710000,-1.05154744e+02,-7.37394179e+01
232.715000,-1.05155008e+02,-7.37396826e+01
232.720000,-1.05155285e+02,-7.37399584e+01
232.725000,-1.05155573e+02,-7.37402470e+01
232.730000,-1.05155874e+02,-7.37405481e+01
232.735000,-1.05156187e+02,-7.37408605e+01
232.740000,-1.05156510e+02,-7.37411835e+01
232.745000,-1.05156843e+02,-7.37415168e+01
232.750000,-1.05157186e+02,-7.37418601e+01
232.755000,-1.05157533e+02,-7.37422070e+01
232.760000,-1.05157876e+02,-7.37425498e+01
232.765000,-1.05158211e+02,-7.37428854e+01
232.770000,-1.05158541e+02,-7.37432147e+01
232.775000,-1.05158873e+02,-7.37435474e+01
232.780000,-1.05159219e+02,-7.37438933e+01
232.785000,-1.05159584e+02,-7.37442582e+01
232.790000,-1.05159971e+02,-7.37446448e+01
232.795000,-1.05160381e+02,-7.37450549e+01
232.800000,-1.05160813e+02,-7.37454874e+01
232.805000,-1.05161264e+02,-7.37459386e+01
232.810000,-1.05161731e+02,-7.37464047e+01
232.815000,-1.05162204e+02,-7.37468786e+01
232.820000,-1.05162680e+02,-7.37473543e+01
232.825000,-1.05163155e+02,-7.37478291e+01
232.830000,-1.05163627e+02,-7.37483008e+01
232.835000,-1.05164094e+02,-7.37487678e+01
232.840000,-1.05164558e+02,-7.37492322e+01
232.845000,-1.05165024e+02,-7.37496978e+01
232.850000,-1.05165494e+02,-7.37501681e+01
232.855000,-1.05165971e+02,-7.37506446e+01
232.860000,-1.05166451e+02,-7.37511244e+01
232.865000,-1.05166930e+02,-7.37516037e+01
232.870000,-1.05167406e+02,-7.37520805e+01
232.875000,-1.05167882e+02,-7.37525554e+01
232.880000,-1.05168355e+02,-7.37530284e+01
232.885000,-1.05168824e+02,-7.37534975e+01
232.890000,-1.05169285e+02,-7.37539591e+01
232.895000,-1.05169738e+02,-7.37544118e+01
232.900000,-1.05170181e+02,-7.37548548e+01
232.905000,-1.05170616e+02,-7.37552894e+01
232.910000,-1.05171043e+02,-7.37557165e+01
232.915000,-1.05171461e+02,-7.37561344e+01
232.920000,-1.05171870e+02,-7.37565443e+01
232.925000,-1.05172275e+02,-7.37569487e+01
232.930000,-1.05172676e+02,-7.37573495e+01
232.935000,-1.05173077e+02,-7.37577502e+01
232.940000,-1.05173479e+02,-7.37581525e+01
232.945000,-1.05173883e+02,-7.37585564e+01
232.950000,-1.05174285e+02,-7.37589583e+01
232.955000,-1.05174676e+02,-7.37593498e+01
232.960000,-1.05175052e+02,-7.37597260e+01
232.965000,-1.05175411e+02,-7.37600849e+01
232.970000,-1.05175754e+02,-7.37604279e+01
232.975000,-1.05176088e+02,-7.37607613e+01
232.980000,-1.05176415e+02,-7.37610894e+01
232.985000,-1.05176741e+02,-7.37614147e+01
232.990000,-1.05177064e+02,-7.37617374e+01
232.995000,-1.05177381e+02,-7.37620547e+01
233.000000,-1.05177697e+02,-7.37623706e+01
233.005000,-1.05178017e+02,-7.37626903e+01
233.010000,-1.05178337e+02,-7.37630106e+01
233.015000,-1.05178652e+02,-7.37633260e+01
233.020000,-1.05178962e+02,-7.37636359e+01
233.025000,-1.05179269e+02,-7.37639431e+01
233.030000,-1.05179576e+02,-7.37642504e+01
233.035000,-1.05179886e+02,-7.37645597e+01
233.040000,-1.05180197e+02,-7.37648706e+01
233.045000,-1.05180509e+02,-7.37651826e+01
233.050000,-1.05180822e+02,-7.37654961e+01
233.055000,-1.05181140e+02,-7.37658134e+01
233.060000,-1.05181462e+02,-7.37661356e+01
233.065000,-1.05181789e+02,-7.37664627e+01
233.070000,-1.05182121e+02,-7.37667956e+01
233.075000,-1.05182464e+02,-7.37671374e+01
233.080000,-1.05182812e+02,-7.37674863e+01
233.085000,-1.05183167e+02,-7.37678410e+01
233.090000,-1.05183529e+02,-7.37682026e+01
233.095000,-1.05183901e+02,-7.37685746e+01
233.100000,-1.05184285e+02,-7.37689586e+01
233.105000,-1.05184683e+02,-7.37693571e+01
233.110000,-1.05185098e+02,-7.37697714e+01
233.115000,-1.05185526e+02,-7.37701995e+01
233.120000,-1.05185965e+02,-7.37706383e+01
233.125000,-1.05186411e+02,-7.37710854e+01
233.130000,-1.05186866e+02,-7.37715393e+01
233.135000,-1.05187324e+02,-7.37719971e+01
233.140000,-1.05187779e+02,-7.37724523e+01
233.145000,-1.05188223e+02,-7.37728967e+01
233.150000,-1.05188653e+02,-7.37733260e+01
233.155000,-1.05189066e+02,-7.37737391e+01
233.160000,-1.05189463e+02,-7.37741363e+01
233.165000,-1.05189845e+02,-7.37745190e+01
233.170000,-1.05190220e+02,-7.37748934e+01
233.175000,-1.05190592e+02,-7.37752650e+01
233.180000,-1.05190964e+02,-7.37756373e+01
233.185000,-1.05191339e+02,-7.37760123e+01
233.190000,-1.05191714e+02,-7.37763875e+01
233.195000,-1.05192081e+02,-7.37767547e+01
233.200000,-1.05192436e+02,-7.37771092e+01
233.205000,-1.05192778e+02,-7.37774517e+01
233.210000,-1.05193110e+02,-7.37777838e+01
233.215000,-1.05193430e+02,-7.37781033e+01
233.220000,-1.05193738e+02,-7.37784117e+01
233.225000,-1.05194041e+02,-7.37787145e+01
233.230000,-1.05194343e+02,-7.37790164e+01
233.235000,-1.05194646e+02,-7.37793192e+01
233.240000,-1.05194951e+02,-7.37796244e+01
233.245000,-1.05195259e+02,-7.37799320e+01
233.250000,-1.05195568e+02,-7.37802418e+01
233.255000,-1.05195881e+02,-7.37805550e+01
233.260000,-1.05196190e+02,-7.37808640e+01
233.265000,-1.05196488e+02,-7.37811616e+01
233.270000,-1.05196773e+02,-7.37814460e+01
233.275000,-1.05197049e+02,-7.37817222e+01
233.280000,-1.05197324e+02,-7.37819974e+01
233.285000,-1.05197602e+02,-7.37822754e+01
233.290000,-1.05197882e+02,-7.37825552e+01
233.295000,-1.05198161e+02,-7.37828343e+01
233.300000,-1.05198439e+02,-7.37831119e+01
233.305000,-1.05198714e+02,-7.37833879e+01
233.310000,-1.05198991e+02,-7.37836642e+01
233.315000,-1.05199262e+02,-7.37839359e+01
233.320000,-1.05199523e+02,-7.37841969e+01
233.325000,-1.05199772e+02,-7.37844454e+01
233.330000,-1.05200011e+02,-7.37846849e+01
233.335000,-1.05200250e+02,-7.37849241e+01
233.340000,-1.05200499e+02,-7.37851722e+01
233.345000,-1.05200757e+02,-7.37854305e+01
233.350000,-1.05201024e+02,-7.37856976e+01
233.355000,-1.05201296e+02,-7.37859699e+01
233.360000,-1.05201576e+02,-7.37862494e+01
233.365000,-1.05201867e+02,-7.37865401e+01
233.370000,-1.05202172e+02,-7.37868458e+01
233.375000,-1.05202495e+02,-7.37871682e+01
233.380000,-1.05202832e+02,-7.37875049e+01
233.385000,-1.05203176e+02,-7.37878491e+01
233.390000,-1.05203518e+02,-7.37881918e+01
233.395000,-1.05203851e+02,-7.37885245e+01
233.400000,-1.05204173e+02,-7.37888460e+01
233.405000,-1.05204488e+02,-7.37891618e+01
233.410000,-1.05204804e+02,-7.37894772e+01
233.415000,-1.05205122e+02,-7.37897951e+01
233.420000,-1.05205444e+02,-7.37901172e+01
233.425000,-1.05205770e+02,-7.37904436e+01
233.430000,-1.05206099e+02,-7.37907731e+01
233.435000,-1.05206426e+02,-7.37910990e+01
233.440000,-1.05206740e+02,-7.37914133e+01
233.445000,-1.05207040e+02,-7.37917131e+01
233.450000,-1.05207328e+02,-7.37920011e+01
233.455000,-1.05207610e+02,-7.37922836e+01
233.460000,-1.05207891e+02,-7.37925647e+01
233.465000,-1.05208173e+02,-7.37928466e+01
233.470000,-1.05208458e+02,-7.37931308e+01
233.475000,-1.05208744e+02,-7.37934168e+01
233.480000,-1.05209026e+02,-7.37936992e+01
233.485000,-1.05209295e+02,-7.37939681e+01
233.490000,-1.05209547e+02,-7.37942198e+01
233.495000,-1.05209784e+02,-7.37944570e+01
233.500000,-1.05210010e+02,-7.37946835e+01
233.505000,-1.05210227e+02,-7.37949003e+01
233.510000,-1.05210437e+02,-7.37951104e+01
233.515000,-1.05210643e+02,-7.37953172e+01
233.520000,-1.05210854e+02,-7.37955272e+01
233.525000,-1.05211066e+02,-7.37957396e+01
233.530000,-1.05211277e+02,-7.37959507e+01
233.535000,-1.05211482e+02,-7.37961550e+01
233.540000,-1.05211679e+02,-7.37963523e+01
233.545000,-1.05211873e+02,-7.37965466e+01
233.550000,-1.05212071e+02,-7.37967438e+01
233.555000,-1.05212272e+02,-7.37969449e+01
233.560000,-1.05212472e+02,-7.37971449e+01
233.565000,-1.05212660e+02,-7.37973334e+01
233.570000,-1.05212832e+02,-7.37975057e+01
233.575000,-1.05212989e+02,-7.37976625e+01
233.580000,-1.05213135e+02,-7.37978084e+01
233.585000,-1.05213273e+02,-7.37979462e+01
233.590000,-1.05213405e+02,-7.37980784e+01
233.595000,-1.05213539e+02,-7.37982119e+01
233.600000,-1.05213680e+02,-7.37983536e+01
233.605000,-1.05213835e+02,-7.37985081e+01
233.610000,-1.05213997e+02,-7.37986709e+01
233.615000,-1.05214161e+02,-7.37988344e+01
233.620000,-1.05214315e+02,-7.37989886e+01
233.625000,-1.05214456e+02,-7.37991292e+01
233.630000,-1.05214585e+02,-7.37992584e+01
233.635000,-1.05214707e+02,-7.37993805e+01
233.640000,-1.05214826e+02,-7.37994990e+01
233.645000,-1.05214947e+02,-7.37996202e+01
233.650000,-1.05215080e+02,-7.37997533e+01
233.655000,-1.05215232e+02,-7.37999051e+01
233.660000,-1.05215399e+02,-7.38000723e+01
233.665000,-1.05215575e+02,-7.38002480e+01
233.670000,-1.05215751e+02,-7.38004243e+01
233.675000,-1.05215921e+02,-7.38005946e+01
233.680000,-1.05216085e+02,-7.38007581e+01
233.685000,-1.05216241e+02,-7.38009144e+01
233.690000,-1.05216388e+02,-7.38010615e+01
233.695000,-1.05216524e+02,-7.38011979e+01
233.700000,-1.05216654e+02,-7.38013273e+01
233.705000,-1.05216781e+02,-7.38014541e+01
233.710000,-1.05216908e+02,-7.38015816e+01
233.715000,-1.05217039e+02,-7.38017128e+01
233.720000,-1.05217178e+02,-7.38018514e+01
233.725000,-1.05217322e+02,-7.38019960e+01
233.730000,-1.05217469e+02,-7.38021426e+01
233.735000,-1.05217613e+02,-7.38022870e+01
233.740000,-1.05217750e+02,-7.38024238e+01
233.745000,-1.05217871e+02,-7.38025441e+01
233.750000,-1.05217971e+02,-7.38026452e+01
233.755000,-1.05218060e+02,-7.38027338e+01
233.760000,-1.05218141e+02,-7.38028144e+01
233.765000,-1.05218216e+02,-7.38028892e+01
233.770000,-1.05218285e+02,-7.38029587e+01
233.775000,-1.05218353e+02,-7.38030269e+01
233.780000,-1.05218423e+02,-7.38030971e+01
233.785000,-1.05218499e+02,-7.38031722e+01
233.790000,-1.05218582e+02,-7.38032553e+01
233.795000,-1.05218680e+02,-7.38033532e+01
233.800000,-1.05218797e+02,-7.38034699e+01
233.805000,-1.05218932e+02,-7.38036047e+01
233.810000,-1.05219082e+02,-7.38037552e+01
233.815000,-1.05219245e+02,-7.38039183e+01
233.820000,-1.05219420e+02,-7.38040930e+01
233.825000,-1.05219603e+02,-7.38042763e+01
233.830000,-1.05219790e+02,-7.38044635e+01
233.835000,-1.05219977e+02,-7.38046501e+01
233.840000,-1.05220159e+02,-7.38048321e+01
233.845000,-1.05220332e+02,-7.38050050e+01
233.850000,-1.05220493e+02,-7.38051662e+01
233.855000,-1.05220642e+02,-7.38053146e+01
233.860000,-1.05220778e+02,-7.38054501e+01
233.865000,-1.05220902e+02,-7.38055757e+01
233.870000,-1.05221023e+02,-7.38056958e+01
233.875000,-1.05221127e+02,-7.38057997e+01
233.880000,-1.05221202e+02,-7.38058747e+01
233.885000,-1.05221242e+02,-7.38059149e+01
233.890000,-1.05221251e+02,-7.38059237e+01
233.895000,-1.05221238e+02,-7.38059111e+01
233.900000,-1.05221213e+02,-7.38058864e+01
233.905000,-1.05221185e+02,-7.38058579e+01
233.910000,-1.05221154e+02,-7.38058268e+01
233.915000,-1.05221121e+02,-7.38057932e+01
233.920000,-1.05221086e+02,-7.38057590e+01
233.925000,-1.05221051e+02,-7.38057238e+01
233.930000,-1.05221010e+02,-7.38056829e+01
233.935000,-1.05220965e+02,-7.38056381e+01
233.940000,-1.05220925e+02,-7.38055977e+01
233.945000,-1.05220896e+02,-7.38055694e+01
233.950000,-1.05220884e+02,-7.38055577e+01
233.955000,-1.05220892e+02,-7.38055650e+01
233.960000,-1.05220919e+02,-7.38055926e+01
233.965000,-1.05220967e+02,-7.38056401e+01
233.970000,-1.05221033e+02,-7.38057060e+01
233.975000,-1.05221114e+02,-7.38057877e+01
233.980000,-1.05221211e+02,-7.38058847e+01
233.985000,-1.05221319e+02,-7.38059923e+01
233.990000,-1.05221430e+02,-7.38061031e+01
233.995000,-1.05221535e+02,-7.38062084e+01
234.000000,-1.05221631e+02,-7.38063043e+01
234.005000,-1.05221714e+02,-7.38063873e+01
234.010000,-1.05221777e+02,-7.38064501e+01
234.015000,-1.05221810e+02,-7.38064833e+01
234.020000,-1.05221814e+02,-7.38064870e+01
234.025000,-1.05221794e+02,-7.38064673e+01
234.030000,-1.05221759e+02,-7.38064321e+01
234.035000,-1.05221707e+02,-7.38063806e+01
234.040000,-1.05221637e+02,-7.38063105e+01
234.045000,-1.05221550e+02,-7.38062234e+01
234.050000,-1.05221451e+02,-7.38061244e+01
234.055000,-1.05221350e+02,-7.38060228e+01
234.060000,-1.05221249e+02,-7.38059224e+01
234.065000,-1.05221150e+02,-7.38058228e+01
234.070000,-1.05221052e+02,-7.38057250e+01
234.075000,-1.05220960e+02,-7.38056336e+01
234.080000,-1.05220886e+02,-7.38055588e+01
234.085000,-1.05220833e+02,-7.38055059e+01
234.090000,-1.05220802e+02,-7.38054750e+01
234.095000,-1.05220790e+02,-7.38054631e+01
234.100000,-1.05220792e+02,-7.38054654e+01
234.105000,-1.05220806e+02,-7.38054793e+01
234.110000,-1.05220829e+02,-7.38055020e+01
234.115000,-1.05220860e+02,-7.38055332e+01
234.120000,-1.05220901e+02,-7.38055737e+01
234.125000,-1.05220950e+02,-7.38056231e+01
234.130000,-1.05221007e+02,-7.38056811e+01
234.135000,-1.05221075e+02,-7.38057479e+01
234.140000,-1.05221146e+02,-7.38058193e+01
234.145000,-1.05221213e+02,-7.38058857e+01
234.150000,-1.05221266e+02,-7.38059382e+01
234.155000,-1.05221301e+02,-7.38059745e+01
234.160000,-1.05221326e+02,-7.38059985e+01
234.165000,-1.05221346e+02,-7.38060190e+01
234.170000,-1.05221373e+02,-7.38060456e+01
234.175000,-1.05221411e+02,-7.38060843e+01
234.180000,-1.05221466e+02,-7.38061392e+01
234.185000,-1.05221539e+02,-7.38062122e+01
234.190000,-1.05221630e+02,-7.38063027e+01
234.195000,-1.05221736e+02,-7.38064087e+01
234.200000,-1.05221851e+02,-7.38065241e+01
234.205000,-1.05221969e+02,-7.38066425e+01
234.210000,-1.05222086e+02,-7.38067592e+01
234.215000,-1.05222197e+02,-7.38068703e+01
234.220000,-1.05222307e+02,-7.38069801e+01
234.225000,-1.05222423e+02,-7.38070953e+01
234.230000,-1.05222547e+02,-7.38072203e+01
234.235000,-1.05222678e+02,-7.38073507e+01
234.240000,-1.05222801e+02,-7.38074740e+01
234.245000,-1.05222906e+02,-7.38075791e+01
234.250000,-1.05222989e+02,-7.38076625e+01
234.255000,-1.05223054e+02,-7.38077273e+01
234.260000,-1.05223103e+02,-7.38077768e+01
234.265000,-1.05223142e+02,-7.38078154e+01
234.270000,-1.05223172e+02,-7.38078458e+01
234.275000,-1.05223191e+02,-7.38078641e+01
234.280000,-1.05223190e+02,-7.38078633e+01
234.285000,-1.05223167e+02,-7.38078400e+01
234.290000,-1.05223124e+02,-7.38077978e+01
234.295000,-1.05223071e+02,-7.38077443e+01
234.300000,-1.05223014e+02,-7.38076883e+01
234.305000,-1.05222970e+02,-7.38076429e+01
234.310000,-1.05222938e+02,-7.38076117e+01
234.315000,-1.05222916e+02,-7.38075890e+01
234.320000,-1.05222890e+02,-7.38075634e+01
234.325000,-1.05222855e+02,-7.38075285e+01
234.330000,-1.05222805e+02,-7.38074786e+01
234.335000,-1.05222735e+02,-7.38074081e+01
234.340000,-1.05222641e+02,-7.38073137e+01
234.345000,-1.05222524e+02,-7.38071972e+01
234.350000,-1.05222391e+02,-7.38070640e+01
234.355000,-1.05222249e+02,-7.38069217e+01
234.360000,-1.05222105e+02,-7.38067782e+01
234.365000,-1.05221969e+02,-7.38066418e+01
234.370000,-1.05221847e+02,-7.38065203e+01
234.375000,-1.05221745e+02,-7.38064179e+01
234.380000,-1.05221663e+02,-7.38063361e+01
234.385000,-1.05221602e+02,-7.38062745e+01
234.390000,-1.05221560e+02,-7.38062325e+01
234.395000,-1.05221537e+02,-7.38062100e+01
234.400000,-1.05221533e+02,-7.38062059e+01
234.405000,-1.05221546e+02,-7.38062188e+01
234.410000,-1.05221566e+02,-7.38062386e+01
234.415000,-1.05221579e+02,-7.38062521e+01
234.420000,-1.05221580e+02,-7.38062534e+01
234.425000,-1.05221571e+02,-7.38062438e+01
234.430000,-1.05221557e+02,-7.38062299e+01
234.435000,-1.05221544e+02,-7.38062165e+01
234.440000,-1.05221532e+02,-7.38062047e+01
234.445000,-1.05221522e+02,-7.38061948e+01
234.450000,-1.05221513e+02,-7.38061861e+01
234.455000,-1.05221506e+02,-7.38061785e+01
234.460000,-1.05221497e+02,-7.38061704e+01
234.465000,-1.05221486e+02,-7.38061588e+01
234.470000,-1.05221466e+02,-7.38061393e+01
234.475000,-1.05221436e+02,-7.38061093e+01
234.480000,-1.05221398e+02,-7.38060706e+01
234.485000,-1.05221353e+02,-7.38060260e+01
234.490000,-1.05221305e+02,-7.38059780e+01
234.495000,-1.05221255e+02,-7.38059281e+01
234.500000,-1.05221205e+02,-7.38058782e+01
234.505000,-1.05221161e+02,-7.38058343e+01
234.510000,-1.05221128e+02,-7.38058015e+01
234.515000,-1.05221111e+02,-7.38057840e+01
234.520000,-1.05221111e+02,-7.38057841e+01
234.525000,-1.05221128e+02,-7.38058015e+01
234.530000,-1.05221162e+02,-7.38058357e+01
234.535000,-1.05221212e+02,-7.38058847e+01
234.540000,-1.05221269e+02,-7.38059420e+01
234.545000,-1.05221325e+02,-7.38059980e+01
234.550000,-1.05221368e+02,-7.38060415e+01
234.555000,-1.05221395e+02,-7.38060683e+01
234.560000,-1.05221408e+02,-7.38060808e+01
234.565000,-1.05221412e+02,-7.38060852e+01
234.570000,-1.05221415e+02,-7.38060880e+01
234.575000,-1.05221418e+02,-7.38060917e+01
234.580000,-1.05221423e+02,-7.38060967e+01
234.585000,-1.05221430e+02,-7.38061030e+01
234.590000,-1.05221439e+02,-7.38061126e+01
234.595000,-1.05221455e+02,-7.38061278e+01
234.600000,-1.05221472e+02,-7.38061447e+01
234.605000,-1.05221485e+02,-7.38061577e+01
234.610000,-1.05221488e+02,-7.38061606e+01
234.615000,-1.05221480e+02,-7.38061527e+01
234.620000,-1.05221464e+02,-7.38061367e+01
234.625000,-1.05221441e+02,-7.38061145e+01
234.630000,-1.05221416e+02,-7.38060887e+01
234.635000,-1.05221385e+02,-7.38060585e+01
234.640000,-1.05221352e+02,-7.38060247e+01
234.645000,-1.05221315e+02,-7.38059879e+01
234.650000,-1.05221278e+02,-7.38059509e+01
234.655000,-1.05221245e+02,-7.38059178e+01
234.660000,-1.05221219e+02,-7.38058916e+01
234.665000,-1.05221198e+02,-7.38058714e+01
234.670000,-1.05221182e+02,-7.38058553e+01
234.675000,-1.05221162e+02,-7.38058354e+01
234.680000,-1.05221131e+02,-7.38058045e+01
234.685000,-1.05221082e+02,-7.38057553e+01
234.690000,-1.05221011e+02,-7.38056845e+01
234.695000,-1.05220922e+02,-7.38055954e+01
234.700000,-1.05220822e+02,-7.38054946e+01
234.705000,-1.05220718e+02,-7.38053909e+01
234.710000,-1.05220620e+02,-7.38052928e+01
234.715000,-1.05220533e+02,-7.38052059e+01
234.720000,-1.05220461e+02,-7.38051338e+01
234.725000,-1.05220404e+02,-7.38050770e+01
234.730000,-1.05220363e+02,-7.38050357e+01
234.735000,-1.05220334e+02,-7.38050065e+01
234.740000,-1.05220310e+02,-7.38049834e+01
234.745000,-1.05220291e+02,-7.38049644e+01
234.750000,-1.05220277e+02,-7.38049500e+01
234.755000,-1.05220271e+02,-7.38049440e+01
234.760000,-1.05220276e+02,-7.38049488e+01
234.765000,-1.05220292e+02,-7.38049650e+01
234.770000,-1.05220319e+02,-7.38049923e+01
234.775000,-1.05220356e+02,-7.38050291e+01
234.780000,-1.05220403e+02,-7.38050766e+01
234.785000,-1.05220460e+02,-7.38051332e+01
234.790000,-1.05220529e+02,-7.38052019e+01
234.795000,-1.05220614e+02,-7.38052875e+01
234.800000,-1.05220718e+02,-7.38053918e+01
234.805000,-1.05220841e+02,-7.38055138e+01
234.810000,-1.05220979e+02,-7.38056526e+01
234.815000,-1.05221133e+02,-7.38058063e+01
234.820000,-1.05221296e+02,-7.38059690e+01
234.825000,-1.05221461e+02,-7.38061347e+01
234.830000,-1.05221628e+02,-7.38063014e+01
234.835000,-1.05221795e+02,-7.38064681e+01
234.840000,-1.05221962e+02,-7.38066356e+01
234.845000,-1.05222131e+02,-7.38068044e+01
234.850000,-1.05222303e+02,-7.38069762e+01
234.855000,-1.05222479e+02,-7.38071520e+01
234.860000,-1.05222657e+02,-7.38073309e+01
234.865000,-1.05222839e+02,-7.38075120e+01
234.870000,-1.05223020e+02,-7.38076930e+01
234.875000,-1.05223198e+02,-7.38078716e+01
234.880000,-1.05223374e+02,-7.38080471e+01
234.885000,-1.05223548e+02,-7.38082208e+01
234.890000,-1.05223720e+02,-7.38083935e+01
234.895000,-1.05223892e+02,-7.38085649e+01
234.900000,-1.05224061e+02,-7.38087343e+01
234.905000,-1.05224228e+02,-7.38089014e+01
234.910000,-1.05224392e+02,-7.38090652e+01
234.915000,-1.05224552e+02,-7.38092253e+01
234.920000,-1.05224709e+02,-7.38093826e+01
234.925000,-1.05224863e+02,-7.38095361e+01
234.930000,-1.05225015e+02,-7.38096883e+01
234.935000,-1.05225168e+02,-7.38098407e+01
234.940000,-1.05225322e+02,-7.38099953e+01
234.945000,-1.05225478e+02,-7.38101517e+01
234.950000,-1.05225636e+02,-7.38103086e+01
234.955000,-1.05225791e+02,-7.38104639e+01
234.960000,-1.05225940e+02,-7.38106127e+01
234.965000,-1.05226076e+02,-7.38107492e+01
234.970000,-1.05226199e+02,-7.38108721e+01
234.975000,-1.05226309e+02,-7.38109822e+01
234.980000,-1.05226409e+02,-7.38110818e+01
234.985000,-1.05226500e+02,-7.38111728e+01
234.990000,-1.05226584e+02,-7.38112569e+01
234.995000,-1.05226663e+02,-7.38113355e+01
235.000000,-1.05226736e+02,-7.38114091e+01
235.005000,-1.05226805e+02,-7.38114778e+01
235.010000,-1.05226864e+02,-7.38115371e+01
235.015000,-1.05226912e+02,-7.38115851e+01
235.020000,-1.05226950e+02,-7.38116232e+01
235.025000,-1.05226979e+02,-7.38116518e+01
235.030000,-1.05226998e+02,-7.38116715e+01
235.035000,-1.05227009e+02,-7.38116824e+01
235.040000,-1.05227011e+02,-7.38116839e+01
235.045000,-1.05227004e+02,-7.38116768e+01
235.050000,-1.05226989e+02,-7.38116624e+01
235.055000,-1.05226970e+02,-7.38116430e+01
235.060000,-1.05226947e+02,-7.38116207e+01
235.065000,-1.05226923e+02,-7.38115964e+01
235.070000,-1.05226900e+02,-7.38115736e+01
235.075000,-1.05226880e+02,-7.38115533e+01
235.080000,-1.05226861e+02,-7.38115341e+01
235.085000,-1.05226841e+02,-7.38115144e+01
235.090000,-1.05226820e+02,-7.38114931e+01
235.095000,-1.05226793e+02,-7.38114659e+01
235.100000,-1.05226756e+02,-7.38114297e+01
235.105000,-1.05226713e+02,-7.38113867e+01
235.110000,-1.05226664e+02,-7.38113370e+01
235.115000,-1.05226606e+02,-7.38112789e+01
235.120000,-1.05226538e+02,-7.38112112e+01
235.125000,-1.05226460e+02,-7.38111328e+01
235.130000,-1.05226372e+02,-7.38110452e+01
235.135000,-1.05226275e+02,-7.38109486e+01
235.140000,-1.05226170e+02,-7.38108436e+01
235.145000,-1.05226055e+02,-7.38107284e+01
235.150000,-1.05225928e+02,-7.38106008e+01
235.155000,-1.05225790e+02,-7.38104629e+01
235.160000,-1.05225644e+02,-7.38103174e+01
235.165000,-1.05225493e+02,-7.38101663e+01
235.170000,-1.05225337e+02,-7.38100099e+01
235.175000,-1.05225175e+02,-7.38098479e+01
235.180000,-1.05225008e+02,-7.38096812e+01
235.185000,-1.05224837e+02,-7.38095106e+01
235.190000,-1.05224666e+02,-7.38093389e+01
235.195000,-1.05224496e+02,-7.38091692e+01
235.200000,-1.05224329e+02,-7.38090016e+01
235.205000,-1.05224163e+02,-7.38088360e+01
235.210000,-1.05223999e+02,-7.38086720e+01
235.215000,-1.05223835e+02,-7.38085083e+01
235.220000,-1.05223670e+02,-7.38083438e+01
235.225000,-1.05223509e+02,-7.38081824e+01
235.230000,-1.05223356e+02,-7.38080289e+01
235.235000,-1.05223209e+02,-7.38078818e+01
235.240000,-1.05223063e+02,-7.38077361e+01
235.245000,-1.05222915e+02,-7.38075880e+01
235.250000,-1.05222763e+02,-7.38074360e+01
235.255000,-1.05222610e+02,-7.38072830e+01
235.260000,-1.05222459e+02,-7.38071316e+01
235.265000,-1.05222311e+02,-7.38069844e+01
235.270000,-1.05222170e+02,-7.38068430e+01
235.275000,-1.05222032e+02,-7.38067054e+01
235.280000,-1.05221896e+02,-7.38065686e+01
235.285000,-1.05221754e+02,-7.38064273e+01
235.290000,-1.05221604e+02,-7.38062767e+01
235.295000,-1.05221442e+02,-7.38061152e+01
235.300000,-1.05221270e+02,-7.38059434e+01
235.305000,-1.05221091e+02,-7.38057641e+01
235.310000,-1.05220905e+02,-7.38055786e+01
235.315000,-1.05220716e+02,-7.38053892e+01
235.320000,-1.05220524e+02,-7.38051971e+01
235.325000,-1.05220332e+02,-7.38050055e+01
235.330000,-1.05220144e+02,-7.38048168e+01
235.335000,-1.05219956e+02,-7.38046297e+01
235.340000,-1.05219768e+02,-7.38044413e+01
235.345000,-1.05219579e+02,-7.38042520e+01
235.350000,-1.05219393e+02,-7.38040661e+01
235.355000,-1.05219213e+02,-7.38038864e+01
235.360000,-1.05219039e+02,-7.38037118e+01
235.365000,-1.05218867e+02,-7.38035403e+01
235.370000,-1.05218692e+02,-7.38033648e+01
235.375000,-1.05218508e+02,-7.38031809e+01
235.380000,-1.05218314e+02,-7.38029868e+01
235.385000,-1.05218111e+02,-7.38027842e+01
235.390000,-1.05217905e+02,-7.38025785e+01
235.395000,-1.05217702e+02,-7.38023750e+01
235.400000,-1.05217505e+02,-7.38021779e+01
235.405000,-1.05217315e+02,-7.38019885e+01
235.410000,-1.05217132e+02,-7.38018061e+01
235.415000,-1.05216956e+02,-7.38016294e+01
235.420000,-1.05216780e+02,-7.38014530e+01
235.425000,-1.05216598e+02,-7.38012716e+01
235.430000,-1.05216408e+02,-7.38010808e+01
235.435000,-1.05216208e+02,-7.38008816e+01
235.440000,-1.05216006e+02,-7.38006787e+01
235.445000,-1.05215806e+02,-7.38004788e+01
235.450000,-1.05215614e+02,-7.38002873e+01
235.455000,-1.05215432e+02,-7.38001057e+01
235.460000,-1.05215261e+02,-7.37999341e+01
235.465000,-1.05215099e+02,-7.37997716e+01
235.470000,-1.05214944e+02,-7.37996163e+01
235.475000,-1.05214793e+02,-7.37994658e+01
235.480000,-1.05214643e+02,-7.37993157e+01
235.485000,-1.05214486e+02,-7.37991593e+01
235.490000,-1.05214320e+02,-7.37989928e+01
235.495000,-1.05214146e+02,-7.37988194e+01
235.500000,-1.05213972e+02,-7.37986455e+01
235.505000,-1.05213799e+02,-7.37984722e+01
235.510000,-1.05213623e+02,-7.37982957e+01
235.515000,-1.05213441e+02,-7.37981140e+01
235.520000,-1.05213255e+02,-7.37979278e+01
235.525000,-1.05213067e+02,-7.37977401e+01
235.530000,-1.05212880e+02,-7.37975527e+01
235.535000,-1.05212695e+02,-7.37973681e+01
235.540000,-1.05212516e+02,-7.37971884e+01
235.545000,-1.05212342e+02,-7.37970146e+01
235.550000,-1.05212173e+02,-7.37968464e+01
235.555000,-1.05212005e+02,-7.37966786e+01
235.560000,-1.05211829e+02,-7.37965018e+01
235.565000,-1.05211636e+02,-7.37963096e+01
235.570000,-1.05211427e+02,-7.37961000e+01
235.575000,-1.05211201e+02,-7.37958739e+01
235.580000,-1.05210959e+02,-7.37956322e+01
235.585000,-1.05210705e+02,-7.37953777e+01
235.590000,-1.05210440e+02,-7.37951128e+01
235.595000,-1.05210165e+02,-7.37948384e+01
235.600000,-1.05209879e+02,-7.37945528e+01
235.605000,-1.05209580e+02,-7.37942537e+01
235.610000,-1.05209267e+02,-7.37939404e+01
235.615000,-1.05208941e+02,-7.37936147e+01
235.620000,-1.05208602e+02,-7.37932758e+01
235.625000,-1.05208250e+02,-7.37929232e+01
235.630000,-1.05207888e+02,-7.37925611e+01
235.635000,-1.05207526e+02,-7.37921987e+01
235.640000,-1.05207169e+02,-7.37918426e+01
235.645000,-1.05206822e+02,-7.37914956e+01
235.650000,-1.05206479e+02,-7.37911528e+01
235.655000,-1.05206135e+02,-7.37908085e+01
235.660000,-1.05205787e+02,-7.37904606e+01
235.665000,-1.05205436e+02,-7.37901090e+01
235.670000,-1.05205081e+02,-7.37897548e+01
235.675000,-1.05204727e+02,-7.37894001e+01
235.680000,-1.05204374e+02,-7.37890476e+01
235.685000,-1.05204025e+02,-7.37886990e+01
235.690000,-1.05203681e+02,-7.37883544e+01
235.695000,-1.05203337e+02,-7.37880106e+01
235.700000,-1.05202991e+02,-7.37876640e+01
235.705000,-1.05202639e+02,-7.37873127e+01
235.710000,-1.05202284e+02,-7.37869571e+01
235.715000,-1.05201923e+02,-7.37865963e+01
235.720000,-1.05201558e+02,-7.37862318e+01
235.725000,-1.05201192e+02,-7.37858650e+01
235.730000,-1.05200821e+02,-7.37854946e+01
235.735000,-1.05200445e+02,-7.37851180e+01
235.740000,-1.05200062e+02,-7.37847348e+01
235.745000,-1.05199674e+02,-7.37843470e+01
235.750000,-1.05199284e+02,-7.37839571e+01
235.755000,-1.05198891e+02,-7.37835646e+01
235.760000,-1.05198493e+02,-7.37831661e+01
235.765000,-1.05198085e+02,-7.37827583e+01
235.770000,-1.05197669e+02,-7.37823423e+01
235.775000,-1.05197248e+02,-7.37819213e+01
235.780000,-1.05196826e+02,-7.37814991e+01
235.785000,-1.05196402e+02,-7.37810752e+01
235.790000,-1.05195972e+02,-7.37806456e+01
235.795000,-1.05195537e+02,-7.37802101e+01
235.800000,-1.05195097e+02,-7.37797699e+01
235.805000,-1.05194652e+02,-7.37793253e+01
235.810000,-1.05194203e+02,-7.37788760e+01
235.815000,-1.05193749e+02,-7.37784224e+01
235.820000,-1.05193293e+02,-7.37779660e+01
235.825000,-1.05192838e+02,-7.37775112e+01
235.830000,-1.05192382e+02,-7.37770555e+01
235.835000,-1.05191920e+02,-7.37765930e+01
235.840000,-1.05191449e+02,-7.37761220e+01
235.845000,-1.05190973e+02,-7.37756461e+01
235.850000,-1.05190499e+02,-7.37751721e+01
235.855000,-1.05190036e+02,-7.37747092e+01
235.860000,-1.05189593e+02,-7.37742662e+01
235.865000,-1.05189176e+02,-7.37738496e+01
235.870000,-1.05188788e+02,-7.37734615e+01
235.875000,-1.05188430e+02,-7.37731032e+01
235.880000,-1.05188102e+02,-7.37727760e+01
235.885000,-1.05187809e+02,-7.37724830e+01
235.890000,-1.05187553e+02,-7.37722271e+01
235.895000,-1.05187333e+02,-7.37720062e+01
235.900000,-1.05187141e+02,-7.37718145e+01
235.905000,-1.05186976e+02,-7.37716494e+01
235.910000,-1.05186838e+02,-7.37715118e+01
235.915000,-1.05186730e+02,-7.37714033e+01
235.920000,-1.05186648e+02,-7.37713217e+01
235.925000,-1.05186589e+02,-7.37712625e+01
235.930000,-1.05186540e+02,-7.37712132e+01
235.935000,-1.05186488e+02,-7.37711614e+01
235.940000,-1.05186424e+02,-7.37710978e+01
235.945000,-1.05186347e+02,-7.37710206e+01
235.950000,-1.05186254e+02,-7.37709283e+01
235.955000,-1.05186147e+02,-7.37708207e+01
235.960000,-1.05186024e+02,-7.37706977e+01
235.965000,-1.05185887e+02,-7.37705602e+01
235.970000,-1.05185736e+02,-7.37704094e+01
235.975000,-1.05185573e+02,-7.37702468e+01
235.980000,-1.05185399e+02,-7.37700725e+01
235.985000,-1.05185214e+02,-7.37698872e+01
235.990000,-1.05185017e+02,-7.37696905e+01
235.995000,-1.05184811e+02,-7.37694846e+01
236.000000,-1.05184598e+02,-7.37692717e+01
236.005000,-1.05184382e+02,-7.37690558e+01
236.010000,-1.05184165e+02,-7.37688387e+01
236.015000,-1.05183950e+02,-7.37686239e+01
236.020000,-1.05183740e+02,-7.37684134e+01
236.025000,-1.05183535e+02,-7.37682088e+01
236.030000,-1.05183338e+02,-7.37680111e+01
236.035000,-1.05183145e+02,-7.37678185e+01
236.040000,-1.05182955e+02,-7.37676288e+01
236.045000,-1.05182770e+02,-7.37674432e+01
236.050000,-1.05182592e+02,-7.37672656e+01
236.055000,-1.05182425e+02,-7.37670991e+01
236.060000,-1.05182272e+02,-7.37669454e+01
236.065000,-1.05182129e+02,-7.37668023e+01
236.070000,-1.05181990e+02,-7.37666637e+01
236.075000,-1.05181849e+02,-7.37665226e+01
236.080000,-1.05181704e+02,-7.37663775e+01
236.085000,-1.05181555e+02,-7.37662288e+01
236.090000,-1.05181402e+02,-7.37660756e+01
236.095000,-1.05181246e+02,-7.37659189e+01
236.100000,-1.05181085e+02,-7.37657586e+01
236.105000,-1.05180919e+02,-7.37655927e+01
236.110000,-1.05180745e+02,-7.37654187e+01
236.115000,-1.05180559e+02,-7.37652324e+01
236.120000,-1.05180357e+02,-7.37650305e+01
236.125000,-1.05180139e+02,-7.37648126e+01
236.130000,-1.05179905e+02,-7.37645788e+01
236.135000,-1.05179657e+02,-7.37643300e+01
236.140000,-1.05179392e+02,-7.37640653e+01
236.145000,-1.05179111e+02,-7.37637849e+01
236.150000,-1.05178817e+02,-7.37634911e+01
236.155000,-1.05178514e+02,-7.37631879e+01
236.160000,-1.05178205e+02,-7.37628791e+01
236.165000,-1.05177892e+02,-7.37625654e+01
236.170000,-1.05177572e+02,-7.37622455e+01
236.175000,-1.05177244e+02,-7.37619179e+01
236.180000,-1.05176914e+02,-7.37615876e+01
236.185000,-1.05176589e+02,-7.37612627e+01
236.190000,-1.05176273e+02,-7.37609465e+01
236.195000,-1.05175967e+02,-7.37606406e+01
236.200000,-1.05175670e+02,-7.37603430e+01
236.205000,-1.05175377e+02,-7.37600506e+01
236.210000,-1.05175085e+02,-7.37597586e+01
236.215000,-1.05174788e+02,-7.37594612e+01
236.220000,-1.05174479e+02,-7.37591529e+01
236.225000,-1.05174159e+02,-7.37588326e+01
236.230000,-1.05173826e+02,-7.37585001e+01
236.235000,-1.05173484e+02,-7.37581574e+01
236.240000,-1.05173131e+02,-7.37578052e+01
236.245000,-1.05172773e+02,-7.37574462e+01
236.250000,-1.05172407e+02,-7.37570805e+01
236.255000,-1.05172036e+02,-7.37567101e+01
236.260000,-1.05171663e+02,-7.37563369e+01
236.265000,-1.05171290e+02,-7.37559635e+01
236.270000,-1.05170918e+02,-7.37555917e+01
236.275000,-1.05170549e+02,-7.37552223e+01
236.280000,-1.05170182e+02,-7.37548559e+01
236.285000,-1.05169821e+02,-7.37544944e+01
236.290000,-1.05169467e+02,-7.37541402e+01
236.295000,-1.05169121e+02,-7.37537944e+01
236.300000,-1.05168782e+02,-7.37534558e+01
236.305000,-1.05168449e+02,-7.37531221e+01
236.310000,-1.05168112e+02,-7.37527855e+01
236.315000,-1.05167767e+02,-7.37524402e+01
236.320000,-1.05167411e+02,-7.37520843e+01
236.325000,-1.05167046e+02,-7.37517198e+01
236.330000,-1.05166678e+02,-7.37513513e+01
236.335000,-1.05166310e+02,-7.37509836e+01
236.340000,-1.05165944e+02,-7.37506178e+01
236.345000,-1.05165580e+02,-7.37502535e+01
236.350000,-1.05165213e+02,-7.37498869e+01
236.355000,-1.05164840e+02,-7.37495133e+01
236.360000,-1.05164456e+02,-7.37491294e+01
236.365000,-1.05164067e+02,-7.37487405e+01
236.370000,-1.05163679e+02,-7.37483528e+01
236.375000,-1.05163298e+02,-7.37479712e+01
236.380000,-1.05162925e+02,-7.37475979e+01
236.385000,-1.05162561e+02,-7.37472345e+01
236.390000,-1.05162208e+02,-7.37468815e+01
236.395000,-1.05161864e+02,-7.37465377e+01
236.400000,-1.05161527e+02,-7.37462007e+01
236.405000,-1.05161196e+02,-7.37458698e+01
236.410000,-1.05160868e+02,-7.37455421e+01
236.415000,-1.05160542e+02,-7.37452153e+01
236.420000,-1.05160215e+02,-7.37448892e+01
236.425000,-1.05159891e+02,-7.37445653e+01
236.430000,-1.05159570e+02,-7.37442443e+01
236.435000,-1.05159252e+02,-7.37439258e+01
236.440000,-1.05158935e+02,-7.37436091e+01
236.445000,-1.05158617e+02,-7.37432909e+01
236.450000,-1.05158293e+02,-7.37429671e+01
236.455000,-1.05157965e+02,-7.37426390e+01
236.460000,-1.05157637e+02,-7.37423104e+01
236.465000,-1.05157310e+02,-7.37419837e+01
236.470000,-1.05156983e+02,-7.37416571e+01
236.475000,-1.05156653e+02,-7.37413270e+01
236.480000,-1.05156315e+02,-7.37409889e+01
236.485000,-1.05155969e+02,-7.37406423e+01
236.490000,-1.05155614e+02,-7.37402877e+01
236.495000,-1.05155253e+02,-7.37399268e+01
236.500000,-1.05154883e+02,-7.37395566e+01
236.505000,-1.05154501e+02,-7.37391744e+01
236.510000,-1.05154106e+02,-7.37387798e+01
236.515000,-1.05153702e+02,-7.37383762e+01
236.520000,-1.05153291e+02,-7.37379651e+01
236.525000,-1.05152876e+02,-7.37375495e+01
236.530000,-1.05152455e+02,-7.37371292e+01
236.535000,-1.05152028e+02,-7.37367023e+01
236.540000,-1.05151594e+02,-7.37362680e+01
236.545000,-1.05151156e+02,-7.37358296e+01
236.550000,-1.05150716e+02,-7.37353893e+01
236.555000,-1.05150275e+02,-7.37349485e+01
236.560000,-1.05149834e+02,-7.37345075e+01
236.565000,-1.05149392e+02,-7.37340657e+01
236.570000,-1.05148951e+02,-7.37336242e+01
236.575000,-1.05148511e+02,-7.37331841e+01
236.580000,-1.05148073e+02,-7.37327461e+01
236.585000,-1.05147635e+02,-7.37323087e+01
236.590000,-1.05147198e+02,-7.37318719e+01
236.595000,-1.05146763e+02,-7.37314363e+01
236.600000,-1.05146330e+02,-7.37310037e+01
236.605000,-1.05145903e+02,-7.37305762e+01
236.610000,-1.05145482e+02,-7.37301557e+01
236.615000,-1.05145069e+02,-7.37297430e+01
236.620000,-1.05144664e+02,-7.37293376e+01
236.625000,-1.05144264e+02,-7.37289375e+01
236.630000,-1.05143868e+02,-7.37285426e+01
236.635000,-1.05143480e+02,-7.37281536e+01
236.640000,-1.05143095e+02,-7.37277692e+01
236.645000,-1.05142716e+02,-7.37273892e+01
236.650000,-1.05142338e+02,-7.37270121e+01
236.655000,-1.05141964e+02,-7.37266376e+01
236.660000,-1.05141590e+02,-7.37262632e+01
236.665000,-1.05141213e+02,-7.37258869e+01
236.670000,-1.05140832e+02,-7.37255056e+01
236.675000,-1.05140439e+02,-7.37251130e+01
236.680000,-1.05140028e+02,-7.37247015e+01
236.685000,-1.05139595e+02,-7.37242688e+01
236.690000,-1.05139144e+02,-7.37238181e+01
236.695000,-1.05138682e+02,-7.37233556e+01
236.700000,-1.05138210e+02,-7.37228844e+01
236.705000,-1.05137731e+02,-7.37224047e+01
236.710000,-1.05137242e+02,-7.37219166e+01
236.715000,-1.05136748e+02,-7.37214220e+01
236.720000,-1.05136248e+02,-7.37209220e+01
236.725000,-1.05135747e+02,-7.37204206e+01
236.730000,-1.05135246e+02,-7.37199197e+01
236.735000,-1.05134747e+02,-7.37194208e+01
236.740000,-1.05134251e+02,-7.37189251e+01
236.745000,-1.05133758e+02,-7.37184324e+01
236.750000,-1.05133268e+02,-7.37179422e+01
236.755000,-1.05132780e+02,-7.37174545e+01
236.760000,-1.05132296e+02,-7.37169704e+01
236.765000,-1.05131818e+02,-7.37164924e+01
236.770000,-1.05131347e+02,-7.37160208e+01
236.775000,-1.05130882e+02,-7.37155557e+01
236.780000,-1.05130422e+02,-7.37150959e+01
236.785000,-1.05129962e+02,-7.37146364e+01
236.790000,-1.05129499e+02,-7.37141731e+01
236.795000,-1.05129030e+02,-7.37137043e+01
236.800000,-1.05128554e+02,-7.37132285e+01
236.805000,-1.05128072e+02,-7.37127459e+01
236.810000,-1.05127583e+02,-7.37122571e+01
236.815000,-1.05127088e+02,-7.37117628e+01
236.820000,-1.05126587e+02,-7.37112611e+01
236.825000,-1.05126077e+02,-7.37107513e+01
236.830000,-1.05125562e+02,-7.37102363e+01
236.835000,-1.05125047e+02,-7.37097214e+01
236.840000,-1.05124537e+02,-7.37092115e+01
236.845000,-1.05124037e+02,-7.37087105e+01
236.850000,-1.05123546e+02,-7.37082198e+01
236.855000,-1.05123063e+02,-7.37077373e+01
236.860000,-1.05122580e+02,-7.37072539e+01
236.865000,-1.05122088e+02,-7.37067622e+01
236.870000,-1.05121585e+02,-7.37062588e+01
236.875000,-1.05121072e+02,-7.37057464e+01
236.880000,-1.05120554e+02,-7.37052280e+01
236.885000,-1.05120031e+02,-7.37047055e+01
236.890000,-1.05119506e+02,-7.37041797e+01
236.895000,-1.05118977e+02,-7.37036507e+01
236.900000,-1.05118445e+02,-7.37031192e+01
236.905000,-1.05117911e+02,-7.37025853e+01
236.910000,-1.05117376e+02,-7.37020497e+01
236.915000,-1.05116842e+02,-7.37015157e+01
236.920000,-1.05116313e+02,-7.37009878e+01
236.925000,-1.05115800e+02,-7.37004737e+01
236.930000,-1.05115303e+02,-7.36999772e+01
236.935000,-1.05114821e+02,-7.36994950e+01
236.940000,-1.05114345e+02,-7.36990191e+01
236.945000,-1.05113870e+02,-7.36985443e+01
236.950000,-1.05113393e+02,-7.36980673e+01
236.955000,-1.05112909e+02,-7.36975826e+01
236.960000,-1.05112411e+02,-7.36970851e+01
236.965000,-1.05111901e+02,-7.36965754e+01
236.970000,-1.05111384e+02,-7.36960584e+01
236.975000,-1.05110867e+02,-7.36955411e+01
236.980000,-1.05110356e+02,-7.36950302e+01
236.985000,-1.05109855e+02,-7.36945289e+01
236.990000,-1.05109363e+02,-7.36940377e+01
236.995000,-1.05108886e+02,-7.36935604e+01
237.000000,-1.05108424e+02,-7.36930979e+01
237.005000,-1.05107971e+02,-7.36926454e+01
237.010000,-1.05107521e+02,-7.36921951e+01
237.015000,-1.05107069e+02,-7.36917432e+01
237.020000,-1.05106613e+02,-7.36912876e+01
237.025000,-1.05106151e+02,-7.36908252e+01
237.030000,-1.05105680e+02,-7.36903543e+01
237.035000,-1.05105202e+02,-7.36898760e+01
237.040000,-1.05104722e+02,-7.36893962e+01
237.045000,-1.05104245e+02,-7.36889193e+01
237.050000,-1.05103772e+02,-7.36884459e+01
237.055000,-1.05103300e+02,-7.36879746e+01
237.060000,-1.05102830e+02,-7.36875043e+01
237.065000,-1.05102361e+02,-7.36870353e+01
237.070000,-1.05101892e+02,-7.36865662e+01
237.075000,-1.05101417e+02,-7.36860912e+01
237.080000,-1.05100929e+02,-7.36856031e+01
237.085000,-1.05100425e+02,-7.36850995e+01
237.090000,-1.05099908e+02,-7.36845824e+01
237.095000,-1.05099379e+02,-7.36840538e+01
237.100000,-1.05098838e+02,-7.36835126e+01
237.105000,-1.05098284e+02,-7.36829583e+01
237.110000,-1.05097719e+02,-7.36823929e+01
237.115000,-1.05097149e+02,-7.36818229e+01
237.120000,-1.05096580e+02,-7.36812540e+01
237.125000,-1.05096018e+02,-7.36806922e+01
237.130000,-1.05095468e+02,-7.36801419e+01
237.135000,-1.05094930e+02,-7.36796039e+01
237.140000,-1.05094401e+02,-7.36790756e+01
237.145000,-1.05093880e+02,-7.36785546e+01
237.150000,-1.05093368e+02,-7.36780426e+01
237.155000,-1.05092868e+02,-7.36775429e+01
237.160000,-1.05092384e+02,-7.36770583e+01
237.165000,-1.05091915e+02,-7.36765894e+01
237.170000,-1.05091461e+02,-7.36761350e+01
237.175000,-1.05091020e+02,-7.36756941e+01
237.180000,-1.05090591e+02,-7.36752655e+01
237.185000,-1.05090173e+02,-7.36748480e+01
237.190000,-1.05089766e+02,-7.36744408e+01
237.195000,-1.05089366e+02,-7.36740403e+01
237.200000,-1.05088965e+02,-7.36736397e+01
237.205000,-1.05088560e+02,-7.36732344e+01
237.210000,-1.05088147e+02,-7.36728218e+01
237.215000,-1.05087727e+02,-7.36724014e+01
237.220000,-1.05087295e+02,-7.36719697e+01
237.225000,-1.05086847e+02,-7.36715210e+01
237.230000,-1.05086374e+02,-7.36710481e+01
237.235000,-1.05085872e+02,-7.36705469e+01
237.240000,-1.05085342e+02,-7.36700160e+01
237.245000,-1.05084783e+02,-7.36694574e+01
237.250000,-1.05084202e+02,-7.36688769e+01
237.255000,-1.05083608e+02,-7.36682826e+01
237.260000,-1.05083010e+02,-7.36676846e+01
237.265000,-1.05082417e+02,-7.36670918e+01
237.270000,-1.05081833e+02,-7.36665073e+01
237.275000,-1.05081259e+02,-7.36659330e+01
237.280000,-1.05080695e+02,-7.36653696e+01
237.285000,-1.05080141e+02,-7.36648156e+01
237.290000,-1.05079595e+02,-7.36642689e+01
237.295000,-1.05079054e+02,-7.36637288e+01
237.300000,-1.05078521e+02,-7.36631952e+01
237.305000,-1.05077995e+02,-7.36626694e+01
237.310000,-1.05077477e+02,-7.36621515e+01
237.315000,-1.05076968e+02,-7.36616427e+01
237.320000,-1.05076470e+02,-7.36611439e+01
237.325000,-1.05075981e+02,-7.36606558e+01
237.330000,-1.05075504e+02,-7.36601782e+01
237.335000,-1.05075036e+02,-7.36597102e+01
237.340000,-1.05074578e+02,-7.36592520e+01
237.345000,-1.05074129e+02,-7.36588038e+01
237.350000,-1.05073692e+02,-7.36583667e+01
237.355000,-1.05073266e+02,-7.36579401e+01
237.360000,-1.05072843e+02,-7.36575175e+01
237.365000,-1.05072416e+02,-7.36570901e+01
237.370000,-1.05071971e+02,-7.36566457e+01
237.375000,-1.05071502e+02,-7.36561770e+01
237.380000,-1.05071008e+02,-7.36556824e+01
237.385000,-1.05070491e+02,-7.36551651e+01
237.390000,-1.05069958e+02,-7.36546326e+01
237.395000,-1.05069418e+02,-7.36540929e+01
237.400000,-1.05068880e+02,-7.36535550e+01
237.405000,-1.05068350e+02,-7.36530241e+01
237.410000,-1.05067825e+02,-7.36524998e+01
237.415000,-1.05067307e+02,-7.36519811e+01
237.420000,-1.05066790e+02,-7.36514648e+01
237.425000,-1.05066275e+02,-7.36509491e+01
237.430000,-1.05065760e+02,-7.36504349e+01
237.435000,-1.05065250e+02,-7.36499242e+01
237.440000,-1.05064746e+02,-7.36494205e+01
237.445000,-1.05064252e+02,-7.36489269e+01
237.450000,-1.05063771e+02,-7.36484455e+01
237.455000,-1.05063304e+02,-7.36479784e+01
237.460000,-1.05062851e+02,-7.36475262e+01
237.465000,-1.05062415e+02,-7.36470898e+01
237.470000,-1.05061994e+02,-7.36466688e+01
237.475000,-1.05061587e+02,-7.36462616e+01
237.480000,-1.05061192e+02,-7.36458667e+01
237.485000,-1.05060809e+02,-7.36454837e+01
237.490000,-1.05060437e+02,-7.36451120e+01
237.495000,-1.05060075e+02,-7.36447495e+01
237.500000,-1.05059718e+02,-7.36443927e+01
237.505000,-1.05059361e+02,-7.36440357e+01
237.510000,-1.05058997e+02,-7.36436716e+01
237.515000,-1.05058620e+02,-7.36432945e+01
237.520000,-1.05058222e+02,-7.36428964e+01
237.525000,-1.05057796e+02,-7.36424711e+01
237.530000,-1.05057347e+02,-7.36420220e+01
237.535000,-1.05056883e+02,-7.36415576e+01
237.540000,-1.05056413e+02,-7.36410876e+01
237.545000,-1.05055942e+02,-7.36406171e+01
237.550000,-1.05055472e+02,-7.36401474e+01
237.555000,-1.05055004e+02,-7.36396785e+01
237.560000,-1.05054533e+02,-7.36392077e+01
237.565000,-1.05054057e+02,-7.36387314e+01
237.570000,-1.05053571e+02,-7.36382460e+01
237.575000,-1.05053075e+02,-7.36377499e+01
237.580000,-1.05052569e+02,-7.36372430e+01
237.585000,-1.05052050e+02,-7.36367242e+01
237.590000,-1.05051519e+02,-7.36361938e+01
237.595000,-1.05050978e+02,-7.36356527e+01
237.600000,-1.05050429e+02,-7.36351033e+01
237.605000,-1.05049874e+02,-7.36345482e+01
237.610000,-1.05049315e+02,-7.36339898e+01
237.615000,-1.05048757e+02,-7.36334322e+01
237.620000,-1.05048206e+02,-7.36328809e+01
237.625000,-1.05047665e+02,-7.36323400e+01
237.630000,-1.05047136e+02,-7.36318107e+01
237.635000,-1.05046617e+02,-7.36312914e+01
237.640000,-1.05046107e+02,-7.36307820e+01
237.645000,-1.05045606e+02,-7.36302808e+01
237.650000,-1.05045110e+02,-7.36297841e+01
237.655000,-1.05044614e+02,-7.36292891e+01
237.660000,-1.05044124e+02,-7.36287988e+01
237.665000,-1.05043637e+02,-7.36283120e+01
237.670000,-1.05043149e+02,-7.36278237e+01
237.675000,-1.05042656e+02,-7.36273309e+01
237.680000,-1.05042162e+02,-7.36268369e+01
237.685000,-1.05041669e+02,-7.36263438e+01
237.690000,-1.05041180e+02,-7.36258539e+01
237.695000,-1.05040695e+02,-7.36253698e+01
237.700000,-1.05040218e+02,-7.36248930e+01
237.705000,-1.05039744e+02,-7.36244183e+01
237.710000,-1.05039266e+02,-7.36239406e+01
237.715000,-1.05038785e+02,-7.36234594e+01
237.720000,-1.05038301e+02,-7.36229759e+01
237.725000,-1.05037817e+02,-7.36224917e+01
237.730000,-1.05037333e+02,-7.36220082e+01
237.735000,-1.05036852e+02,-7.36215263e+01
237.740000,-1.05036372e+02,-7.36210469e+01
237.745000,-1.05035895e+02,-7.36205696e+01
237.750000,-1.05035418e+02,-7.36200934e+01
237.755000,-1.05034944e+02,-7.36196187e+01
237.760000,-1.05034471e+02,-7.36191453e+01
237.765000,-1.05034003e+02,-7.36186777e+01
237.770000,-1.05033546e+02,-7.36182208e+01
237.775000,-1.05033101e+02,-7.36177755e+01
237.780000,-1.05032665e+02,-7.36173401e+01
237.785000,-1.05032234e+02,-7.36169091e+01
237.790000,-1.05031801e+02,-7.36164763e+01
237.795000,-1.05031366e+02,-7.36160409e+01
237.800000,-1.05030930e+02,-7.36156047e+01
237.805000,-1.05030495e+02,-7.36151696e+01
237.810000,-1.05030058e+02,-7.36147327e+01
237.815000,-1.05029612e+02,-7.36142871e+01
237.820000,-1.05029152e+02,-7.36138274e+01
237.825000,-1.05028678e+02,-7.36133530e+01
237.830000,-1.05028192e+02,-7.36128677e+01
237.835000,-1.05027703e+02,-7.36123779e+01
237.840000,-1.05027215e+02,-7.36118896e+01
237.845000,-1.05026729e+02,-7.36114037e+01
237.850000,-1.05026243e+02,-7.36109182e+01
237.855000,-1.05025757e+02,-7.36104319e+01
237.860000,-1.05025271e+02,-7.36099462e+01
237.865000,-1.05024788e+02,-7.36094632e+01
237.870000,-1.05024309e+02,-7.36089836e+01
237.875000,-1.05023833e+02,-7.36085076e+01
237.880000,-1.05023360e+02,-7.36080344e+01
237.885000,-1.05022887e+02,-7.36075622e+01
237.890000,-1.05022416e+02,-7.36070912e+01
237.895000,-1.05021947e+02,-7.36066214e+01
237.900000,-1.05021479e+02,-7.36061538e+01
237.905000,-1.05021014e+02,-7.36056887e+01
237.910000,-1.05020549e+02,-7.36052243e+01
237.915000,-1.05020085e+02,-7.36047605e+01
237.920000,-1.05019620e+02,-7.36042954e+01
237.925000,-1.05019154e+02,-7.36038290e+01
237.930000,-1.05018689e+02,-7.36033639e+01
237.935000,-1.05018228e+02,-7.36029027e+01
237.940000,-1.05017774e+02,-7.36024490e+01
237.945000,-1.05017329e+02,-7.36020039e+01
237.950000,-1.05016894e+02,-7.36015687e+01
237.955000,-1.05016468e+02,-7.36011428e+01
237.960000,-1.05016047e+02,-7.36007220e+01
237.965000,-1.05015628e+02,-7.36003027e+01
237.970000,-1.05015208e+02,-7.35998822e+01
237.975000,-1.05014785e+02,-7.35994594e+01
237.980000,-1.05014361e+02,-7.35990359e+01
237.985000,-1.05013936e+02,-7.35986109e+01
237.990000,-1.05013511e+02,-7.35981860e+01
237.995000,-1.05013088e+02,-7.35977633e+01
238.000000,-1.05012669e+02,-7.35973440e+01
238.005000,-1.05012251e+02,-7.35969260e+01
238.010000,-1.05011831e+02,-7.35965063e+01
238.015000,-1.05011410e+02,-7.35960850e+01
238.020000,-1.05010992e+02,-7.35956673e+01
238.025000,-1.05010584e+02,-7.35952586e+01
238.030000,-1.05010187e+02,-7.35948615e+01
238.035000,-1.05009802e+02,-7.35944771e+01
238.040000,-1.05009434e+02,-7.35941086e+01
238.045000,-1.05009082e+02,-7.35937578e+01
238.050000,-1.05008744e+02,-7.35934183e+01
238.055000,-1.05008417e+02,-7.35930918e+01
238.060000,-1.05008186e+02,-7.35928609e+01
238.065000,-1.05008150e+02,-7.35928251e+01
238.070000,-1.05008333e+02,-7.35930077e+01
238.075000,-1.05008701e+02,-7.35933762e+01
238.080000,-1.05009204e+02,-7.35938790e+01
238.085000,-1.05009795e+02,-7.35944699e+01
238.090000,-1.05010441e+02,-7.35951158e+01
238.095000,-1.05011121e+02,-7.35957961e+01
238.100000,-1.05011822e+02,-7.35964978e+01
238.105000,-1.05012534e+02,-7.35972090e+01
238.110000,-1.05013240e+02,-7.35979157e+01
238.115000,-1.05013930e+02,-7.35986058e+01
238.120000,-1.05014595e+02,-7.35992700e+01
238.125000,-1.05015226e+02,-7.35999009e+01
238.130000,-1.05015819e+02,-7.36004948e+01
238.135000,-1.05016376e+02,-7.36010514e+01
238.140000,-1.05016901e+02,-7.36015765e+01
238.145000,-1.05017402e+02,-7.36020768e+01
238.150000,-1.05017881e+02,-7.36025567e+01
238.155000,-1.05018343e+02,-7.36030186e+01
238.160000,-1.05018786e+02,-7.36034608e+01
238.165000,-1.05019205e+02,-7.36038807e+01
238.170000,-1.05019599e+02,-7.36042746e+01
238.175000,-1.05019966e+02,-7.36046408e+01
238.180000,-1.05020303e+02,-7.36049778e+01
238.185000,-1.05020609e+02,-7.36052844e+01
238.190000,-1.05020886e+02,-7.36055619e+01
238.195000,-1.05021139e+02,-7.36058139e+01
238.200000,-1.05021368e+02,-7.36060434e+01
238.205000,-1.05021581e+02,-7.36062558e+01
238.210000,-1.05021777e+02,-7.36064528e+01
238.215000,-1.05021958e+02,-7.36066333e+01
238.220000,-1.05022120e+02,-7.36067951e+01
238.225000,-1.05022261e+02,-7.36069358e+01
238.230000,-1.05022381e+02,-7.36070561e+01
238.235000,-1.05022485e+02,-7.36071602e+01
238.240000,-1.05022579e+02,-7.36072545e+01
238.245000,-1.05022668e+02,-7.36073431e+01
238.250000,-1.05022750e+02,-7.36074246e+01
238.255000,-1.05022819e+02,-7.36074936e+01
238.260000,-1.05022874e+02,-7.36075487e+01
238.265000,-1.05022917e+02,-7.36075912e+01
238.270000,-1.05022946e+02,-7.36076208e+01
238.275000,-1.05022959e+02,-7.36076335e+01
238.280000,-1.05022948e+02,-7.36076227e+01
238.285000,-1.05022911e+02,-7.36075863e+01
238.290000,-1.05022852e+02,-7.36075272e+01
238.295000,-1.05022779e+02,-7.36074540e+01
238.300000,-1.05022701e+02,-7.36073763e+01
238.305000,-1.05022628e+02,-7.36073026e+01
238.310000,-1.05022563e+02,-7.36072384e+01
238.315000,-1.05022512e+02,-7.36071873e+01
238.320000,-1.05022477e+02,-7.36071522e+01
238.325000,-1.05022462e+02,-7.36071367e+01
238.330000,-1.05022465e+02,-7.36071402e+01
238.335000,-1.05022482e+02,-7.36071568e+01
238.340000,-1.05022505e+02,-7.36071804e+01
238.345000,-1.05022531e+02,-7.36072054e+01
238.350000,-1.05022552e+02,-7.36072270e+01
238.355000,-1.05022566e+02,-7.36072409e+01
238.360000,-1.05022563e+02,-7.36072375e+01
238.365000,-1.05022535e+02,-7.36072099e+01
238.370000,-1.05022477e+02,-7.36071524e+01
238.375000,-1.05022387e+02,-7.36070616e+01
238.380000,-1.05022264e+02,-7.36069389e+01
238.385000,-1.05022115e+02,-7.36067902e+01
238.390000,-1.05021946e+02,-7.36066209e+01
238.395000,-1.05021760e+02,-7.36064349e+01
238.400000,-1.05021559e+02,-7.36062346e+01
238.405000,-1.05021345e+02,-7.36060198e+01
238.410000,-1.05021116e+02,-7.36057916e+01
238.415000,-1.05020877e+02,-7.36055530e+01
238.420000,-1.05020633e+02,-7.36053083e+01
238.425000,-1.05020385e+02,-7.36050606e+01
238.430000,-1.05020134e+02,-7.36048088e+01
238.435000,-1.05019874e+02,-7.36045496e+01
238.440000,-1.05019605e+02,-7.36042800e+01
238.445000,-1.05019322e+02,-7.36039977e+01
238.450000,-1.05019029e+02,-7.36037038e+01
238.455000,-1.05018729e+02,-7.36034044e+01
238.460000,-1.05018431e+02,-7.36031067e+01
238.465000,-1.05018139e+02,-7.36028148e+01
238.470000,-1.05017855e+02,-7.36025299e+01
238.475000,-1.05017577e+02,-7.36022525e+01
238.480000,-1.05017307e+02,-7.36019819e+01
238.485000,-1.05017039e+02,-7.36017148e+01
238.490000,-1.05016773e+02,-7.36014485e+01
238.495000,-1.05016505e+02,-7.36011801e+01
238.500000,-1.05016233e+02,-7.36009086e+01
238.505000,-1.05015961e+02,-7.36006366e+01
238.510000,-1.05015689e+02,-7.36003640e+01
238.515000,-1.05015415e+02,-7.36000907e+01
238.520000,-1.05015145e+02,-7.35998204e+01
238.525000,-1.05014882e+02,-7.35995569e+01
238.530000,-1.05014624e+02,-7.35992991e+01
238.535000,-1.05014368e+02,-7.35990433e+01
238.540000,-1.05014112e+02,-7.35987871e+01
238.545000,-1.05013854e+02,-7.35985288e+01
238.550000,-1.05013595e+02,-7.35982697e+01
238.555000,-1.05013335e+02,-7.35980099e+01
238.560000,-1.05013074e+02,-7.35977487e+01
238.565000,-1.05012812e+02,-7.35974864e+01
238.570000,-1.05012548e+02,-7.35972228e+01
238.575000,-1.05012281e+02,-7.35969554e+01
238.580000,-1.05012007e+02,-7.35966817e+01
238.585000,-1.05011731e+02,-7.35964056e+01
238.590000,-1.05011455e+02,-7.35961294e+01
238.595000,-1.05011182e+02,-7.35958563e+01
238.600000,-1.05010913e+02,-7.35955883e+01
238.605000,-1.05010651e+02,-7.35953261e+01
238.610000,-1.05010395e+02,-7.35950699e+01
238.615000,-1.05010144e+02,-7.35948187e+01
238.620000,-1.05009896e+02,-7.35945703e+01
238.625000,-1.05009648e+02,-7.35943225e+01
238.630000,-1.05009400e+02,-7.35940743e+01
238.635000,-1.05009150e+02,-7.35938248e+01
238.640000,-1.05008900e+02,-7.35935748e+01
238.645000,-1.05008652e+02,-7.35933264e+01
238.650000,-1.05008405e+02,-7.35930803e+01
238.655000,-1.05008160e+02,-7.35928353e+01
238.660000,-1.05007914e+02,-7.35925887e+01
238.665000,-1.05007664e+02,-7.35923389e+01
238.670000,-1.05007410e+02,-7.35920847e+01
238.675000,-1.05007148e+02,-7.35918232e+01
238.680000,-1.05006877e+02,-7.35915519e+01
238.685000,-1.05006592e+02,-7.35912667e+01
238.690000,-1.05006291e+02,-7.35909660e+01
238.695000,-1.05005973e+02,-7.35906486e+01
238.700000,-1.05005636e+02,-7.35903109e+01
238.705000,-1.05005273e+02,-7.35899482e+01
238.710000,-1.05004882e+02,-7.35895583e+01
238.715000,-1.05004470e+02,-7.35891453e+01
238.720000,-1.05004037e+02,-7.35887123e+01
238.725000,-1.05003584e+02,-7.35882599e+01
238.730000,-1.05003114e+02,-7.35877897e+01
238.735000,-1.05002630e+02,-7.35873063e+01
238.740000,-1.05002142e+02,-7.35868173e+01
238.745000,-1.05001651e+02,-7.35863263e+01
238.750000,-1.05001164e+02,-7.35858394e+01
238.755000,-1.05000684e+02,-7.35853596e+01
238.760000,-1.05000214e+02,-7.35848892e+01
238.765000,-1.04999755e+02,-7.35844304e+01
238.770000,-1.04999311e+02,-7.35839867e+01
238.775000,-1.04998885e+02,-7.35835605e+01
238.780000,-1.04998478e+02,-7.35831538e+01
238.785000,-1.04998091e+02,-7.35827669e+01
238.790000,-1.04997723e+02,-7.35823983e+01
238.795000,-1.04997371e+02,-7.35820463e+01
238.800000,-1.04997034e+02,-7.35817099e+01
238.805000,-1.04996711e+02,-7.35813860e+01
238.810000,-1.04996396e+02,-7.35810711e+01
238.815000,-1.04996088e+02,-7.35807636e+01
238.820000,-1.04995788e+02,-7.35804629e+01
238.825000,-1.04995492e+02,-7.35801673e+01
238.830000,-1.04995200e+02,-7.35798750e+01
238.835000,-1.04994909e+02,-7.35795839e+01
238.840000,-1.04994615e+02,-7.35792904e+01
238.845000,-1.04994317e+02,-7.35789924e+01
238.850000,-1.04994019e+02,-7.35786938e+01
238.855000,-1.04993723e+02,-7.35783983e+01
238.860000,-1.04993431e+02,-7.35781063e+01
238.865000,-1.04993144e+02,-7.35778190e+01
238.870000,-1.04992863e+02,-7.35775379e+01
238.875000,-1.04992587e+02,-7.35772623e+01
238.880000,-1.04992316e+02,-7.35769912e+01
238.885000,-1.04992050e+02,-7.35767246e+01
238.890000,-1.04991791e+02,-7.35764653e+01
238.895000,-1.04991540e+02,-7.35762152e+01
238.900000,-1.04991300e+02,-7.35759745e+01
238.905000,-1.04991064e+02,-7.35757388e+01
238.910000,-1.04990828e+02,-7.35755030e+01
238.915000,-1.04990590e+02,-7.35752651e+01
238.920000,-1.04990350e+02,-7.35750248e+01
238.925000,-1.04990108e+02,-7.35747833e+01
238.930000,-1.04989866e+02,-7.35745410e+01
238.935000,-1.04989623e+02,-7.35742983e+01
238.940000,-1.04989382e+02,-7.35740570e+01
238.945000,-1.04989143e+02,-7.35738179e+01
238.950000,-1.04988902e+02,-7.35735771e+01
238.955000,-1.04988655e+02,-7.35733298e+01
238.960000,-1.04988398e+02,-7.35730729e+01
238.965000,-1.04988129e+02,-7.35728044e+01
238.970000,-1.04987848e+02,-7.35725234e+01
238.975000,-1.04987556e+02,-7.35722313e+01
238.980000,-1.04987257e+02,-7.35719323e+01
238.985000,-1.04986955e+02,-7.35716307e+01
238.990000,-1.04986653e+02,-7.35713281e+01
238.995000,-1.04986351e+02,-7.35710259e+01
239.000000,-1.04986052e+02,-7.35707271e+01
239.005000,-1.04985759e+02,-7.35704354e+01
239.010000,-1.04985476e+02,-7.35701519e+01
239.015000,-1.04985200e+02,-7.35698758e+01
239.020000,-1.04984931e+02,-7.35696063e+01
239.025000,-1.04984667e+02,-7.35693423e+01
239.030000,-1.04984408e+02,-7.35690840e+01
239.035000,-1.04984153e+02,-7.35688289e+01
239.040000,-1.04983900e+02,-7.35685753e+01
239.045000,-1.04983647e+02,-7.35683221e+01
239.050000,-1.04983392e+02,-7.35680677e+01
239.055000,-1.04983138e+02,-7.35678138e+01
239.060000,-1.04982883e+02,-7.35675585e+01
239.065000,-1.04982624e+02,-7.35672994e+01
239.070000,-1.04982357e+02,-7.35670326e+01
239.075000,-1.04982083e+02,-7.35667589e+01
239.080000,-1.04981807e+02,-7.35664825e+01
239.085000,-1.04981530e+02,-7.35662058e+01
239.090000,-1.04981244e+02,-7.35659193e+01
239.095000,-1.04980947e+02,-7.35656229e+01
239.100000,-1.04980651e+02,-7.35653259e+01
239.105000,-1.04980355e+02,-7.35650299e+01
239.110000,-1.04980061e+02,-7.35647361e+01
239.115000,-1.04979771e+02,-7.35644462e+01
239.120000,-1.04979485e+02,-7.35641604e+01
239.125000,-1.04979203e+02,-7.35638785e+01
239.130000,-1.04978918e+02,-7.35635935e+01
239.135000,-1.04978637e+02,-7.35633127e+01
239.140000,-1.04978376e+02,-7.35630511e+01
239.145000,-1.04978137e+02,-7.35628127e+01
239.150000,-1.04977925e+02,-7.35625997e+01
239.155000,-1.04977736e+02,-7.35624107e+01
239.160000,-1.04977566e+02,-7.35622413e+01
239.165000,-1.04977410e+02,-7.35620850e+01
239.170000,-1.04977251e+02,-7.35619263e+01
239.175000,-1.04977088e+02,-7.35617631e+01
239.180000,-1.04976931e+02,-7.35616060e+01
239.185000,-1.04976781e+02,-7.35614566e+01
239.190000,-1.04976635e+02,-7.35613104e+01
239.195000,-1.04976487e+02,-7.35611618e+01
239.200000,-1.04976331e+02,-7.35610065e+01
239.205000,-1.04976167e+02,-7.35608415e+01
239.210000,-1.04975980e+02,-7.35606549e+01
239.215000,-1.04975774e+02,-7.35604491e+01
239.220000,-1.04975560e+02,-7.35602349e+01
239.225000,-1.04975339e+02,-7.35600140e+01
239.230000,-1.04975109e+02,-7.35597846e+01
239.235000,-1.04974870e+02,-7.35595451e+01
239.240000,-1.04974622e+02,-7.35592979e+01
239.245000,-1.04974366e+02,-7.35590418e+01
239.250000,-1.04974092e+02,-7.35587678e+01
239.255000,-1.04973809e+02,-7.35584839e+01
239.260000,-1.04973533e+02,-7.35582088e+01
239.265000,-1.04973274e+02,-7.35579494e+01
239.270000,-1.04973028e+02,-7.35577033e+01
239.275000,-1.04972792e+02,-7.35574670e+01
239.280000,-1.04972563e+02,-7.35572382e+01
239.285000,-1.04972339e+02,-7.35570148e+01
239.290000,-1.04972114e+02,-7.35567899e+01
239.295000,-1.04971895e+02,-7.35565705e+01
239.300000,-1.04971696e+02,-7.35563726e+01
239.305000,-1.04971526e+02,-7.35562013e+01
239.310000,-1.04971376e+02,-7.35560512e+01
239.315000,-1.04971235e+02,-7.35559110e+01
239.320000,-1.04971095e+02,-7.35557710e+01
239.325000,-1.04970946e+02,-7.35556219e+01
239.330000,-1.04970776e+02,-7.35554516e+01
239.335000,-1.04970587e+02,-7.35552628e+01
239.340000,-1.04970394e+02,-7.35550697e+01
239.345000,-1.04970202e+02,-7.35548780e+01
239.350000,-1.04970011e+02,-7.35546862e+01
239.355000,-1.04969816e+02,-7.35544921e+01
239.360000,-1.04969620e+02,-7.35542965e+01
239.365000,-1.04969421e+02,-7.35540969e+01
239.370000,-1.04969205e+02,-7.35538808e+01
239.375000,-1.04968976e+02,-7.35536520e+01
239.380000,-1.04968752e+02,-7.35534277e+01
239.385000,-1.04968537e+02,-7.35532127e+01
239.390000,-1.04968329e+02,-7.35530044e+01
239.395000,-1.04968132e+02,-7.35528071e+01
239.400000,-1.04967953e+02,-7.35526285e+01
239.405000,-1.04967795e+02,-7.35524705e+01
239.410000,-1.04967647e+02,-7.35523223e+01
239.415000,-1.04967509e+02,-7.35521844e+01
239.420000,-1.04967390e+02,-7.35520650e+01
239.425000,-1.04967286e+02,-7.35519617e+01
239.430000,-1.04967196e+02,-7.35518712e+01
239.435000,-1.04967115e+02,-7.35517905e+01
239.440000,-1.04967043e+02,-7.35517185e+01
239.445000,-1.04966977e+02,-7.35516518e+01
239.450000,-1.04966903e+02,-7.35515786e+01
239.455000,-1.04966825e+02,-7.35515002e+01
239.460000,-1.04966747e+02,-7.35514225e+01
239.465000,-1.04966666e+02,-7.35513416e+01
239.470000,-1.04966575e+02,-7.35512506e+01
239.475000,-1.04966470e+02,-7.35511447e+01
239.480000,-1.04966347e+02,-7.35510221e+01
239.485000,-1.04966207e+02,-7.35508823e+01
239.490000,-1.04966042e+02,-7.35507171e+01
239.495000,-1.04965858e+02,-7.35505330e+01
239.500000,-1.04965672e+02,-7.35503471e+01
239.505000,-1.04965492e+02,-7.35501674e+01
239.510000,-1.04965318e+02,-7.35499938e+01
239.515000,-1.04965147e+02,-7.35498220e+01
239.520000,-1.04964975e+02,-7.35496507e+01
239.525000,-1.04964801e+02,-7.35494765e+01
239.530000,-1.04964611e+02,-7.35492862e+01
239.535000,-1.04964404e+02,-7.35490792e+01
239.540000,-1.04964193e+02,-7.35488682e+01
239.545000,-1.04963983e+02,-7.35486587e+01
239.550000,-1.04963775e+02,-7.35484503e+01
239.555000,-1.04963566e+02,-7.35482416e+01
239.560000,-1.04963358e+02,-7.35480333e+01
239.565000,-1.04963157e+02,-7.35478325e+01
239.570000,-1.04962962e+02,-7.35476374e+01
239.575000,-1.04962781e+02,-7.35474562e+01
239.580000,-1.04962630e+02,-7.35473061e+01
239.585000,-1.04962513e+02,-7.35471893e+01
239.590000,-1.04962425e+02,-7.35471004e+01
239.595000,-1.04962353e+02,-7.35470294e+01
239.600000,-1.04962293e+02,-7.35469685e+01
239.605000,-1.04962233e+02,-7.35469086e+01
239.610000,-1.04962153e+02,-7.35468290e+01
239.615000,-1.04962049e+02,-7.35467243e+01
239.620000,-1.04961929e+02,-7.35466048e+01
239.625000,-1.04961800e+02,-7.35464752e+01
239.630000,-1.04961660e+02,-7.35463359e+01
239.635000,-1.04961514e+02,-7.35461893e+01
239.640000,-1.04961361e+02,-7.35460372e+01
239.645000,-1.04961202e+02,-7.35458775e+01
239.650000,-1.04961024e+02,-7.35456999e+01
239.655000,-1.04960833e+02,-7.35455091e+01
239.660000,-1.04960647e+02,-7.35453224e+01
239.665000,-1.04960470e+02,-7.35451460e+01
239.670000,-1.04960302e+02,-7.35449777e+01
239.675000,-1.04960139e+02,-7.35448144e+01
239.680000,-1.04959976e+02,-7.35446514e+01
239.685000,-1.04959806e+02,-7.35444818e+01
239.690000,-1.04959614e+02,-7.35442893e+01
239.695000,-1.04959400e+02,-7.35440760e+01
239.700000,-1.04959183e+02,-7.35438583e+01
239.705000,-1.04958971e+02,-7.35436467e+01
239.710000,-1.04958769e+02,-7.35434445e+01
239.715000,-1.04958574e+02,-7.35432499e+01
239.720000,-1.04958386e+02,-7.35430619e+01
239.725000,-1.04958204e+02,-7.35428794e+01
239.730000,-1.04958018e+02,-7.35426934e+01
239.735000,-1.04957833e+02,-7.35425084e+01
239.740000,-1.04957663e+02,-7.35423385e+01
239.745000,-1.04957511e+02,-7.35421865e+01
239.750000,-1.04957370e+02,-7.35420458e+01
239.755000,-1.04957227e+02,-7.35419026e+01
239.760000,-1.04957072e+02,-7.35417472e+01
239.765000,-1.04956902e+02,-7.35415770e+01
239.770000,-1.04956711e+02,-7.35413862e+01
239.775000,-1.04956514e+02,-7.35411892e+01
239.780000,-1.04956334e+02,-7.35410091e+01
239.785000,-1.04956175e+02,-7.35408502e+01
239.790000,-1.04956031e+02,-7.35407070e+01
239.795000,-1.04955896e+02,-7.35405715e+01
239.800000,-1.04955764e+02,-7.35404400e+01
239.805000,-1.04955634e+02,-7.35403094e+01
239.810000,-1.04955491e+02,-7.35401656e+01
239.815000,-1.04955348e+02,-7.35400229e+01
239.820000,-1.04955248e+02,-7.35399229e+01
239.825000,-1.04955193e+02,-7.35398686e+01
239.830000,-1.04955171e+02,-7.35398458e+01
239.835000,-1.04955164e+02,-7.35398394e+01
239.840000,-1.04955164e+02,-7.35398398e+01
239.845000,-1.04955165e+02,-7.35398403e+01
239.850000,-1.04955151e+02,-7.35398266e+01
239.855000,-1.04955126e+02,-7.35398011e+01
239.860000,-1.04955102e+02,-7.35397776e+01
239.865000,-1.04955086e+02,-7.35397608e+01
239.870000,-1.04955074e+02,-7.35397489e+01
239.875000,-1.04955065e+02,-7.35397399e+01
239.880000,-1.04955060e+02,-7.35397357e+01
239.885000,-1.04955062e+02,-7.35397376e+01
239.890000,-1.04955060e+02,-7.35397353e+01
239.895000,-1.04955060e+02,-7.35397355e+01
239.900000,-1.04955077e+02,-7.35397524e+01
239.905000,-1.04955108e+02,-7.35397830e+01
239.910000,-1.04955134e+02,-7.35398096e+01
239.915000,-1.04955165e+02,-7.35398407e+01
239.920000,-1.04955221e+02,-7.35398963e+01
239.925000,-1.04955294e+02,-7.35399694e+01
239.930000,-1.04955363e+02,-7.35400390e+01
239.935000,-1.04955430e+02,-7.35401061e+01
239.940000,-1.04955505e+02,-7.35401807e+01
239.945000,-1.04955583e+02,-7.35402590e+01
239.950000,-1.04955669e+02,-7.35403444e+01
239.955000,-1.04955771e+02,-7.35404472e+01
239.960000,-1.04955885e+02,-7.35405613e+01
239.965000,-1.04955999e+02,-7.35406745e+01
239.970000,-1.04956090e+02,-7.35407660e+01
239.975000,-1.04956163e+02,-7.35408391e+01
239.980000,-1.04956229e+02,-7.35409046e+01
239.985000,-1.04956295e+02,-7.35409705e+01
239.990000,-1.04956361e+02,-7.35410366e+01
239.995000,-1.04956425e+02,-7.35411005e+01
240.000000,-1.04956492e+02,-7.35411682e+01
240.005000,-1.04956553e+02,-7.35412289e+01
240.010000,-1.04956582e+02,-7.35412579e+01
240.015000,-1.04956605e+02,-7.35412804e+01
240.020000,-1.04956640e+02,-7.35413150e+01
240.025000,-1.04956687e+02,-7.35413629e+01
240.030000,-1.04956740e+02,-7.35414149e+01
240.035000,-1.04956786e+02,-7.35414609e+01
240.040000,-1.04956826e+02,-7.35415012e+01
240.045000,-1.04956855e+02,-7.35415301e+01
240.050000,-1.04956855e+02,-7.35415299e+01
240.055000,-1.04956830e+02,-7.35415050e+01
240.060000,-1.04956791e+02,-7.35414666e+01
240.065000,-1.04956741e+02,-7.35414162e+01
240.070000,-1.04956677e+02,-7.35413519e+01
240.075000,-1.04956599e+02,-7.35412745e+01
240.080000,-1.04956511e+02,-7.35411860e+01
240.085000,-1.04956412e+02,-7.35410871e+01
240.090000,-1.04956294e+02,-7.35409696e+01
240.095000,-1.04956171e+02,-7.35408463e+01
240.100000,-1.04956058e+02,-7.35407331e+01
240.105000,-1.04955959e+02,-7.35406338e+01
240.110000,-1.04955870e+02,-7.35405456e+01
240.115000,-1.04955790e+02,-7.35404653e+01
240.120000,-1.04955718e+02,-7.35403934e+01
240.125000,-1.04955649e+02,-7.35403246e+01
240.130000,-1.04955586e+02,-7.35402613e+01
240.135000,-1.04955554e+02,-7.35402304e+01
240.140000,-1.04955573e+02,-7.35402492e+01
240.145000,-1.04955645e+02,-7.35403213e+01
240.150000,-1.04955756e+02,-7.35404326e+01
240.155000,-1.04955891e+02,-7.35405671e+01
240.160000,-1.04956036e+02,-7.35407125e+01
240.165000,-1.04956185e+02,-7.35408611e+01
240.170000,-1.04956310e+02,-7.35409863e+01
240.175000,-1.04956410e+02,-7.35410856e+01
240.180000,-1.04956496e+02,-7.35411722e+01
240.185000,-1.04956583e+02,-7.35412585e+01
240.190000,-1.04956652e+02,-7.35413273e+01
240.195000,-1.04956683e+02,-7.35413582e+01
240.200000,-1.04956680e+02,-7.35413557e+01
240.205000,-1.04956653e+02,-7.35413292e+01
240.210000,-1.04956602e+02,-7.35412777e+01
240.215000,-1.04956544e+02,-7.35412191e+01
240.220000,-1.04956495e+02,-7.35411705e+01
240.225000,-1.04956461e+02,-7.35411364e+01
240.230000,-1.04956441e+02,-7.35411159e+01
240.235000,-1.04956435e+02,-7.35411102e+01
240.240000,-1.04956452e+02,-7.35411268e+01
240.245000,-1.04956500e+02,-7.35411749e+01
240.250000,-1.04956575e+02,-7.35412495e+01
240.255000,-1.04956685e+02,-7.35413603e+01
240.260000,-1.04956841e+02,-7.35415156e+01
240.265000,-1.04957037e+02,-7.35417115e+01
240.270000,-1.04957266e+02,-7.35419404e+01
240.275000,-1.04957521e+02,-7.35421951e+01
240.280000,-1.04957795e+02,-7.35424700e+01
240.285000,-1.04958082e+02,-7.35427573e+01
240.290000,-1.04958365e+02,-7.35430395e+01
240.295000,-1.04958650e+02,-7.35433243e+01
240.300000,-1.04958946e+02,-7.35436208e+01
240.305000,-1.04959248e+02,-7.35439222e+01
240.310000,-1.04959542e+02,-7.35442167e+01
240.315000,-1.04959821e+02,-7.35444954e+01
240.320000,-1.04960081e+02,-7.35447554e+01
240.325000,-1.04960320e+02,-7.35449942e+01
240.330000,-1.04960526e+02,-7.35452005e+01
240.335000,-1.04960713e+02,-7.35453875e+01
240.340000,-1.04960891e+02,-7.35455661e+01
240.345000,-1.04961061e+02,-7.35457357e+01
240.350000,-1.04961219e+02,-7.35458933e+01
240.355000,-1.04961358e+02,-7.35460331e+01
240.360000,-1.04961488e+02,-7.35461626e+01
240.365000,-1.04961627e+02,-7.35463037e+01
240.370000,-1.04961753e+02,-7.35464290e+01
240.375000,-1.04961846e+02,-7.35465225e+01
240.380000,-1.04961928e+02,-7.35466034e+01
240.385000,-1.04962010e+02,-7.35466861e+01
240.390000,-1.04962101e+02,-7.35467771e+01
240.395000,-1.04962199e+02,-7.35468752e+01
240.400000,-1.04962303e+02,-7.35469792e+01
240.405000,-1.04962408e+02,-7.35470840e+01
240.410000,-1.04962500e+02,-7.35471757e+01
240.415000,-1.04962594e+02,-7.35472698e+01
240.420000,-1.04962707e+02,-7.35473828e+01
240.425000,-1.04962843e+02,-7.35475188e+01
240.430000,-1.04963000e+02,-7.35476758e+01
240.435000,-1.04963174e+02,-7.35478503e+01
240.440000,-1.04963364e+02,-7.35480396e+01
240.445000,-1.04963561e+02,-7.35482372e+01
240.450000,-1.04963750e+02,-7.35484262e+01
240.455000,-1.04963937e+02,-7.35486130e+01
240.460000,-1.04964129e+02,-7.35488054e+01
240.465000,-1.04964326e+02,-7.35490027e+01
240.470000,-1.04964527e+02,-7.35492036e+01
240.475000,-1.04964737e+02,-7.35494124e+01
240.480000,-1.04964961e+02,-7.35496364e+01
240.485000,-1.04965198e+02,-7.35498731e+01
240.490000,-1.04965424e+02,-7.35500995e+01
240.495000,-1.04965649e+02,-7.35503246e+01
240.500000,-1.04965880e+02,-7.35505558e+01
240.505000,-1.04966111e+02,-7.35507869e+01
240.510000,-1.04966333e+02,-7.35510085e+01
240.515000,-1.04966539e+02,-7.35512142e+01
240.520000,-1.04966728e+02,-7.35514035e+01
240.525000,-1.04966901e+02,-7.35515760e+01
240.530000,-1.04967050e+02,-7.35517254e+01
240.535000,-1.04967207e+02,-7.35518821e+01
240.540000,-1.04967378e+02,-7.35520523e+01
240.545000,-1.04967533e+02,-7.35522075e+01
240.550000,-1.04967657e+02,-7.35523321e+01
240.555000,-1.04967755e+02,-7.35524303e+01
240.560000,-1.04967839e+02,-7.35525137e+01
240.565000,-1.04967913e+02,-7.35525880e+01
240.570000,-1.04967969e+02,-7.35526440e+01
240.575000,-1.04968020e+02,-7.35526948e+01
240.580000,-1.04968081e+02,-7.35527556e+01
240.585000,-1.04968156e+02,-7.35528304e+01
240.590000,-1.04968242e+02,-7.35529165e+01
240.595000,-1.04968333e+02,-7.35530082e+01
240.600000,-1.04968429e+02,-7.35531044e+01
240.605000,-1.04968541e+02,-7.35532165e+01
240.610000,-1.04968666e+02,-7.35533408e+01
240.615000,-1.04968810e+02,-7.35534849e+01
240.620000,-1.04968975e+02,-7.35536498e+01
240.625000,-1.04969148e+02,-7.35538237e+01
240.630000,-1.04969313e+02,-7.35539879e+01
240.635000,-1.04969453e+02,-7.35541288e+01
240.640000,-1.04969567e+02,-7.35542429e+01
240.645000,-1.04969650e+02,-7.35543246e+01
240.650000,-1.04969695e+02,-7.35543693e+01
240.655000,-1.04969745e+02,-7.35544195e+01
240.660000,-1.04969816e+02,-7.35544911e+01
240.665000,-1.04969905e+02,-7.35545798e+01
240.670000,-1.04970002e+02,-7.35546765e+01
240.675000,-1.04970100e+02,-7.35547753e+01
240.680000,-1.04970199e+02,-7.35548738e+01
240.685000,-1.04970293e+02,-7.35549678e+01
240.690000,-1.04970370e+02,-7.35550450e+01
240.695000,-1.04970447e+02,-7.35551220e+01
240.700000,-1.04970536e+02,-7.35552109e+01
240.705000,-1.04970641e+02,-7.35553168e+01
240.710000,-1.04970749e+02,-7.35554243e+01
240.715000,-1.04970840e+02,-7.35555156e+01
240.720000,-1.04970916e+02,-7.35555912e+01
240.725000,-1.04970977e+02,-7.35556517e+01
240.730000,-1.04971024e+02,-7.35556993e+01
240.735000,-1.04971079e+02,-7.35557549e+01
240.740000,-1.04971166e+02,-7.35558417e+01
240.745000,-1.04971295e+02,-7.35559706e+01
240.750000,-1.04971452e+02,-7.35561275e+01
240.755000,-1.04971621e+02,-7.35562964e+01
240.760000,-1.04971789e+02,-7.35564647e+01
240.765000,-1.04971945e+02,-7.35566202e+01
240.770000,-1.04972066e+02,-7.35567413e+01
240.775000,-1.04972167e+02,-7.35568421e+01
240.780000,-1.04972258e+02,-7.35569332e+01
240.785000,-1.04972341e+02,-7.35570169e+01
240.790000,-1.04972416e+02,-7.35570917e+01
240.795000,-1.04972481e+02,-7.35571565e+01
240.800000,-1.04972534e+02,-7.35572096e+01
240.805000,-1.04972570e+02,-7.35572456e+01
240.810000,-1.04972575e+02,-7.35572509e+01
240.815000,-1.04972586e+02,-7.35572613e+01
240.820000,-1.04972632e+02,-7.35573071e+01
240.825000,-1.04972713e+02,-7.35573885e+01
240.830000,-1.04972819e+02,-7.35574941e+01
240.835000,-1.04972943e+02,-7.35576181e+01
240.840000,-1.04973088e+02,-7.35577629e+01
240.845000,-1.04973234e+02,-7.35579102e+01
240.850000,-1.04973409e+02,-7.35580843e+01
240.855000,-1.04973627e+02,-7.35583030e+01
240.860000,-1.04973878e+02,-7.35585537e+01
240.865000,-1.04974143e+02,-7.35588187e+01
240.870000,-1.04974415e+02,-7.35590905e+01
240.875000,-1.04974666e+02,-7.35593407e+01
240.880000,-1.04974855e+02,-7.35595301e+01
240.885000,-1.04975011e+02,-7.35596862e+01
240.890000,-1.04975148e+02,-7.35598231e+01
240.895000,-1.04975265e+02,-7.35599407e+01
240.900000,-1.04975366e+02,-7.35600413e+01
240.905000,-1.04975439e+02,-7.35601143e+01
240.910000,-1.04975466e+02,-7.35601411e+01
240.915000,-1.04975439e+02,-7.35601147e+01
240.920000,-1.04975391e+02,-7.35600665e+01
240.925000,-1.04975343e+02,-7.35600181e+01
240.930000,-1.04975299e+02,-7.35599740e+01
240.935000,-1.04975256e+02,-7.35599315e+01
240.940000,-1.04975210e+02,-7.35598857e+01
240.945000,-1.04975169e+02,-7.35598444e+01
240.950000,-1.04975137e+02,-7.35598120e+01
240.955000,-1.04975143e+02,-7.35598180e+01
240.960000,-1.04975203e+02,-7.35598782e+01
240.965000,-1.04975302e+02,-7.35599769e+01
240.970000,-1.04975420e+02,-7.35600946e+01
240.975000,-1.04975559e+02,-7.35602339e+01
240.980000,-1.04975710e+02,-7.35603844e+01
240.985000,-1.04975853e+02,-7.35605281e+01
240.990000,-1.04976012e+02,-7.35606865e+01
240.995000,-1.04976194e+02,-7.35608687e+01
241.000000,-1.04976393e+02,-7.35610683e+01
241.005000,-1.04976600e+02,-7.35612747e+01
241.010000,-1.04976805e+02,-7.35614799e+01
241.015000,-1.04976996e+02,-7.35616713e+01
241.020000,-1.04977164e+02,-7.35618389e+01
241.025000,-1.04977343e+02,-7.35620179e+01
241.030000,-1.04977545e+02,-7.35622204e+01
241.035000,-1.04977771e+02,-7.35624471e+01
241.040000,-1.04978001e+02,-7.35626767e+01
241.045000,-1.04978213e+02,-7.35628879e+01
241.050000,-1.04978405e+02,-7.35630806e+01
241.055000,-1.04978584e+02,-7.35632591e+01
241.060000,-1.04978773e+02,-7.35634486e+01
241.065000,-1.04978978e+02,-7.35636538e+01
241.070000,-1.04979189e+02,-7.35638645e+01
241.075000,-1.04979393e+02,-7.35640683e+01
241.080000,-1.04979592e+02,-7.35642678e+01
241.085000,-1.04979789e+02,-7.35644644e+01
241.090000,-1.04979972e+02,-7.35646473e+01
241.095000,-1.04980163e+02,-7.35648385e+01
241.100000,-1.04980368e+02,-7.35650434e+01
241.105000,-1.04980584e+02,-7.35652589e+01
241.110000,-1.04980805e+02,-7.35654805e+01
241.115000,-1.04981030e+02,-7.35657057e+01
241.120000,-1.04981248e+02,-7.35659233e+01
241.125000,-1.04981441e+02,-7.35661159e+01
241.130000,-1.04981633e+02,-7.35663084e+01
241.135000,-1.04981842e+02,-7.35665174e+01
241.140000,-1.04982064e+02,-7.35667395e+01
241.145000,-1.04982289e+02,-7.35669637e+01
241.150000,-1.04982508e+02,-7.35671831e+01
241.155000,-1.04982715e+02,-7.35673903e+01
241.160000,-1.04982891e+02,-7.35675659e+01
241.165000,-1.04983050e+02,-7.35677253e+01
241.170000,-1.04983222e+02,-7.35678980e+01
241.175000,-1.04983430e+02,-7.35681054e+01
241.180000,-1.04983666e+02,-7.35683419e+01
241.185000,-1.04983923e+02,-7.35685987e+01
241.190000,-1.04984187e+02,-7.35688625e+01
241.195000,-1.04984422e+02,-7.35690972e+01
241.200000,-1.04984638e+02,-7.35693134e+01
241.205000,-1.04984854e+02,-7.35695292e+01
241.210000,-1.04985066e+02,-7.35697412e+01
241.215000,-1.04985266e+02,-7.35699404e+01
241.220000,-1.04985445e+02,-7.35701196e+01
241.225000,-1.04985600e+02,-7.35702744e+01
241.230000,-1.04985716e+02,-7.35703906e+01
241.235000,-1.04985821e+02,-7.35704954e+01
241.240000,-1.04985926e+02,-7.35706003e+01
241.245000,-1.04986029e+02,-7.35707035e+01
241.250000,-1.04986132e+02,-7.35708067e+01
241.255000,-1.04986245e+02,-7.35709196e+01
241.260000,-1.04986360e+02,-7.35710342e+01
241.265000,-1.04986454e+02,-7.35711287e+01
241.270000,-1.04986549e+02,-7.35712232e+01
241.275000,-1.04986653e+02,-7.35713277e+01
241.280000,-1.04986756e+02,-7.35714305e+01
241.285000,-1.04986843e+02,-7.35715174e+01
241.290000,-1.04986913e+02,-7.35715877e+01
241.295000,-1.04986963e+02,-7.35716382e+01
241.300000,-1.04986985e+02,-7.35716602e+01
241.305000,-1.04987016e+02,-7.35716911e+01
241.310000,-1.04987072e+02,-7.35717471e+01
241.315000,-1.04987152e+02,-7.35718265e+01
241.320000,-1.04987247e+02,-7.35719219e+01
241.325000,-1.04987351e+02,-7.35720263e+01
241.330000,-1.04987449e+02,-7.35721240e+01
241.335000,-1.04987523e+02,-7.35721981e+01
241.340000,-1.04987595e+02,-7.35722710e+01
241.345000,-1.04987689e+02,-7.35723646e+01
241.350000,-1.04987810e+02,-7.35724849e+01
241.355000,-1.04987947e+02,-7.35726233e+01
241.360000,-1.04988084e+02,-7.35727596e+01
241.365000,-1.04988195e+02,-7.35728703e+01
241.370000,-1.04988272e+02,-7.35729477e+01
241.375000,-1.04988354e+02,-7.35730290e+01
241.380000,-1.04988457e+02,-7.35731322e+01
241.385000,-1.04988576e+02,-7.35732514e+01
241.390000,-1.04988699e+02,-7.35733750e+01
241.395000,-1.04988822e+02,-7.35734975e+01
241.400000,-1.04988940e+02,-7.35736163e+01
241.405000,-1.04989048e+02,-7.35737235e+01
241.410000,-1.04989163e+02,-7.35738387e+01
241.415000,-1.04989287e+02,-7.35739626e+01
241.420000,-1.04989409e+02,-7.35740849e+01
241.425000,-1.04989521e+02,-7.35741967e+01
241.430000,-1.04989618e+02,-7.35742936e+01
241.435000,-1.04989693e+02,-7.35743684e+01
241.440000,-1.04989732e+02,-7.35744079e+01
241.445000,-1.04989768e+02,-7.35744437e+01
241.450000,-1.04989823e+02,-7.35744986e+01
241.455000,-1.04989889e+02,-7.35745641e+01
241.460000,-1.04989942e+02,-7.35746172e+01
241.465000,-1.04989981e+02,-7.35746562e+01
241.470000,-1.04990005e+02,-7.35746796e+01
241.475000,-1.04990007e+02,-7.35746820e+01
241.480000,-1.04990022e+02,-7.35746961e+01
241.485000,-1.04990057e+02,-7.35747320e+01
241.490000,-1.04990117e+02,-7.35747921e+01
241.495000,-1.04990196e+02,-7.35748710e+01
241.500000,-1.04990273e+02,-7.35749481e+01
241.505000,-1.04990329e+02,-7.35750047e+01
241.510000,-1.04990350e+02,-7.35750246e+01
241.515000,-1.04990355e+02,-7.35750293e+01
241.520000,-1.04990349e+02,-7.35750234e+01
241.525000,-1.04990336e+02,-7.35750109e+01
241.530000,-1.04990317e+02,-7.35749917e+01
241.535000,-1.04990294e+02,-7.35749689e+01
241.540000,-1.04990256e+02,-7.35749306e+01
241.545000,-1.04990183e+02,-7.35748581e+01
241.550000,-1.04990104e+02,-7.35747788e+01
241.555000,-1.04990028e+02,-7.35747024e+01
241.560000,-1.04989950e+02,-7.35746245e+01
241.565000,-1.04989865e+02,-7.35745396e+01
241.570000,-1.04989772e+02,-7.35744465e+01
241.575000,-1.04989673e+02,-7.35743470e+01
241.580000,-1.04989561e+02,-7.35742351e+01
241.585000,-1.04989468e+02,-7.35741423e+01
241.590000,-1.04989404e+02,-7.35740782e+01
241.595000,-1.04989358e+02,-7.35740332e+01
241.600000,-1.04989330e+02,-7.35740053e+01
241.605000,-1.04989326e+02,-7.35740008e+01
241.610000,-1.04989331e+02,-7.35740051e+01
241.615000,-1.04989324e+02,-7.35739984e+01
241.620000,-1.04989331e+02,-7.35740063e+01
241.625000,-1.04989347e+02,-7.35740221e+01
241.630000,-1.04989347e+02,-7.35740232e+01
241.635000,-1.04989347e+02,-7.35740222e+01
241.640000,-1.04989363e+02,-7.35740383e+01
241.645000,-1.04989385e+02,-7.35740602e+01
241.650000,-1.04989390e+02,-7.35740656e+01
241.655000,-1.04989397e+02,-7.35740722e+01
241.660000,-1.04989400e+02,-7.35740749e+01
241.665000,-1.04989397e+02,-7.35740727e+01
241.670000,-1.04989371e+02,-7.35740473e+01
241.675000,-1.04989319e+02,-7.35739949e+01
241.680000,-1.04989251e+02,-7.35739272e+01
241.685000,-1.04989163e+02,-7.35738387e+01
241.690000,-1.04989087e+02,-7.35737631e+01
241.695000,-1.04989037e+02,-7.35737130e+01
241.700000,-1.04989011e+02,-7.35736866e+01
241.705000,-1.04988996e+02,-7.35736719e+01
241.710000,-1.04988984e+02,-7.35736598e+01
241.715000,-1.04988966e+02,-7.35736417e+01
241.720000,-1.04988925e+02,-7.35736006e+01
241.725000,-1.04988896e+02,-7.35735720e+01
241.730000,-1.04988895e+02,-7.35735713e+01
241.735000,-1.04988926e+02,-7.35736019e+01
241.740000,-1.04988991e+02,-7.35736663e+01
241.745000,-1.04989089e+02,-7.35737646e+01
241.750000,-1.04989202e+02,-7.35738769e+01
241.755000,-1.04989305e+02,-7.35739803e+01
241.760000,-1.04989431e+02,-7.35741063e+01
241.765000,-1.04989581e+02,-7.35742560e+01
241.770000,-1.04989742e+02,-7.35744167e+01
241.775000,-1.04989898e+02,-7.35745736e+01
241.780000,-1.04990044e+02,-7.35747190e+01
241.785000,-1.04990167e+02,-7.35748414e+01
241.790000,-1.04990231e+02,-7.35749054e+01
241.795000,-1.04990252e+02,-7.35749268e+01
241.800000,-1.04990243e+02,-7.35749182e+01
241.805000,-1.04990210e+02,-7.35748847e+01
241.810000,-1.04990154e+02,-7.35748290e+01
241.815000,-1.04990087e+02,-7.35747620e+01
241.820000,-1.04990007e+02,-7.35746818e+01
241.825000,-1.04989888e+02,-7.35745628e+01
241.830000,-1.04989753e+02,-7.35744285e+01
241.835000,-1.04989625e+02,-7.35743001e+01
241.840000,-1.04989515e+02,-7.35741904e+01
241.845000,-1.04989423e+02,-7.35740978e+01
241.850000,-1.04989340e+02,-7.35740155e+01
241.855000,-1.04989276e+02,-7.35739502e+01
241.860000,-1.04989215e+02,-7.35738896e+01
241.865000,-1.04989170e+02,-7.35738450e+01
241.870000,-1.04989142e+02,-7.35738175e+01
241.875000,-1.04989137e+02,-7.35738125e+01
241.880000,-1.04989157e+02,-7.35738322e+01
241.885000,-1.04989192e+02,-7.35738666e+01
241.890000,-1.04989223e+02,-7.35738976e+01
241.895000,-1.04989228e+02,-7.35739030e+01
241.900000,-1.04989240e+02,-7.35739147e+01
241.905000,-1.04989271e+02,-7.35739455e+01
241.910000,-1.04989317e+02,-7.35739921e+01
241.915000,-1.04989370e+02,-7.35740458e+01
241.920000,-1.04989428e+02,-7.35741035e+01
241.925000,-1.04989477e+02,-7.35741521e+01
241.930000,-1.04989499e+02,-7.35741744e+01
241.935000,-1.04989532e+02,-7.35742075e+01
241.940000,-1.04989582e+02,-7.35742572e+01
241.945000,-1.04989645e+02,-7.35743195e+01
241.950000,-1.04989718e+02,-7.35743922e+01
241.955000,-1.04989801e+02,-7.35744765e+01
241.960000,-1.04989874e+02,-7.35745493e+01
241.965000,-1.04989902e+02,-7.35745773e+01
241.970000,-1.04989922e+02,-7.35745973e+01
241.975000,-1.04989941e+02,-7.35746154e+01
241.980000,-1.04989947e+02,-7.35746227e+01
241.985000,-1.04989942e+02,-7.35746168e+01
241.990000,-1.04989921e+02,-7.35745958e+01
241.995000,-1.04989887e+02,-7.35745621e+01
242.000000,-1.04989838e+02,-7.35745131e+01
242.005000,-1.04989813e+02,-7.35744883e+01
242.010000,-1.04989822e+02,-7.35744963e+01
242.015000,-1.04989855e+02,-7.35745305e+01
242.020000,-1.04989899e+02,-7.35745742e+01
242.025000,-1.04989943e+02,-7.35746175e+01
242.030000,-1.04989974e+02,-7.35746486e+01
242.035000,-1.04989971e+02,-7.35746466e+01
242.040000,-1.04989971e+02,-7.35746466e+01
242.045000,-1.04989989e+02,-7.35746644e+01
242.050000,-1.04990018e+02,-7.35746928e+01
242.055000,-1.04990048e+02,-7.35747227e+01
242.060000,-1.04990074e+02,-7.35747492e+01
242.065000,-1.04990085e+02,-7.35747600e+01
242.070000,-1.04990060e+02,-7.35747353e+01
242.075000,-1.04990035e+02,-7.35747105e+01
242.080000,-1.04990020e+02,-7.35746960e+01
242.085000,-1.04990013e+02,-7.35746892e+01
242.090000,-1.04990008e+02,-7.35746835e+01
242.095000,-1.04990002e+02,-7.35746772e+01
242.100000,-1.04989981e+02,-7.35746565e+01
242.105000,-1.04989941e+02,-7.35746164e+01
242.110000,-1.04989934e+02,-7.35746099e+01
242.115000,-1.04989962e+02,-7.35746376e+01
242.120000,-1.04990005e+02,-7.35746802e+01
242.125000,-1.04990044e+02,-7.35747197e+01
242.130000,-1.04990079e+02,-7.35747545e+01
242.135000,-1.04990085e+02,-7.35747602e+01
242.140000,-1.04990024e+02,-7.35746998e+01
242.145000,-1.04989944e+02,-7.35746194e+01
242.150000,-1.04989873e+02,-7.35745487e+01
242.155000,-1.04989820e+02,-7.35744951e+01
242.160000,-1.04989778e+02,-7.35744540e+01
242.165000,-1.04989750e+02,-7.35744249e+01
242.170000,-1.04989716e+02,-7.35743912e+01
242.175000,-1.04989659e+02,-7.35743336e+01
242.180000,-1.04989617e+02,-7.35742921e+01
242.185000,-1.04989604e+02,-7.35742793e+01
242.190000,-1.04989612e+02,-7.35742866e+01
242.195000,-1.04989627e+02,-7.35743024e+01
242.200000,-1.04989645e+02,-7.35743204e+01
242.205000,-1.04989653e+02,-7.35743284e+01
242.210000,-1.04989631e+02,-7.35743063e+01
242.215000,-1.04989612e+02,-7.35742864e+01
242.220000,-1.04989598e+02,-7.35742726e+01
242.225000,-1.04989581e+02,-7.35742549e+01
242.230000,-1.04989550e+02,-7.35742250e+01
242.235000,-1.04989518e+02,-7.35741925e+01
242.240000,-1.04989487e+02,-7.35741609e+01
242.245000,-1.04989444e+02,-7.35741176e+01
242.250000,-1.04989416e+02,-7.35740910e+01
242.255000,-1.04989414e+02,-7.35740885e+01
242.260000,-1.04989424e+02,-7.35740984e+01
242.265000,-1.04989421e+02,-7.35740957e+01
242.270000,-1.04989399e+02,-7.35740730e+01
242.275000,-1.04989345e+02,-7.35740198e+01
242.280000,-1.04989237e+02,-7.35739116e+01
242.285000,-1.04989099e+02,-7.35737738e+01
242.290000,-1.04988929e+02,-7.35736039e+01
242.295000,-1.04988720e+02,-7.35733951e+01
242.300000,-1.04988483e+02,-7.35731581e+01
242.305000,-1.04988237e+02,-7.35729116e+01
242.310000,-1.04987988e+02,-7.35726635e+01
242.315000,-1.04987739e+02,-7.35724138e+01
242.320000,-1.04987534e+02,-7.35722087e+01
242.325000,-1.04987387e+02,-7.35720625e+01
242.330000,-1.04987296e+02,-7.35719712e+01
242.335000,-1.04987249e+02,-7.35719242e+01
242.340000,-1.04987241e+02,-7.35719159e+01
242.345000,-1.04987253e+02,-7.35719288e+01
242.350000,-1.04987264e+02,-7.35719396e+01
242.355000,-1.04987296e+02,-7.35719716e+01
242.360000,-1.04987360e+02,-7.35720357e+01
242.365000,-1.04987474e+02,-7.35721490e+01
242.370000,-1.04987635e+02,-7.35723108e+01
242.375000,-1.04987836e+02,-7.35725114e+01
242.380000,-1.04988050e+02,-7.35727256e+01
242.385000,-1.04988248e+02,-7.35729234e+01
242.390000,-1.04988457e+02,-7.35731319e+01
242.395000,-1.04988671e+02,-7.35733472e+01
242.400000,-1.04988884e+02,-7.35735596e+01
242.405000,-1.04989079e+02,-7.35737548e+01
242.410000,-1.04989253e+02,-7.35739278e+01
242.415000,-1.04989396e+02,-7.35740710e+01
242.420000,-1.04989497e+02,-7.35741719e+01
242.425000,-1.04989596e+02,-7.35742708e+01
242.430000,-1.04989702e+02,-7.35743774e+01
242.435000,-1.04989822e+02,-7.35744968e+01
242.440000,-1.04989925e+02,-7.35745999e+01
242.445000,-1.04989981e+02,-7.35746561e+01
242.450000,-1.04989986e+02,-7.35746607e+01
242.455000,-1.04989947e+02,-7.35746216e+01
242.460000,-1.04989919e+02,-7.35745943e+01
242.465000,-1.04989924e+02,-7.35745994e+01
242.470000,-1.04989961e+02,-7.35746360e+01
242.475000,-1.04990022e+02,-7.35746968e+01
242.480000,-1.04990087e+02,-7.35747621e+01
242.485000,-1.04990153e+02,-7.35748283e+01
242.490000,-1.04990233e+02,-7.35749080e+01
242.495000,-1.04990361e+02,-7.35750358e+01
242.500000,-1.04990528e+02,-7.35752024e+01
242.505000,-1.04990707e+02,-7.35753817e+01
242.510000,-1.04990875e+02,-7.35755494e+01
242.515000,-1.04991021e+02,-7.35756959e+01
242.520000,-1.04991137e+02,-7.35758117e+01
242.525000,-1.04991211e+02,-7.35758856e+01
242.530000,-1.04991286e+02,-7.35759605e+01
242.535000,-1.04991374e+02,-7.35760485e+01
242.540000,-1.04991470e+02,-7.35761442e+01
242.545000,-1.04991564e+02,-7.35762384e+01
242.550000,-1.04991653e+02,-7.35763273e+01
242.555000,-1.04991725e+02,-7.35763994e+01
242.560000,-1.04991763e+02,-7.35764373e+01
242.565000,-1.04991805e+02,-7.35764792e+01
242.570000,-1.04991861e+02,-7.35765360e+01
242.575000,-1.04991929e+02,-7.35766035e+01
242.580000,-1.04992006e+02,-7.35766810e+01
242.585000,-1.04992100e+02,-7.35767755e+01
242.590000,-1.04992196e+02,-7.35768713e+01
242.595000,-1.04992248e+02,-7.35769233e+01
242.600000,-1.04992274e+02,-7.35769489e+01
242.605000,-1.04992293e+02,-7.35769685e+01
242.610000,-1.04992315e+02,-7.35769904e+01
242.615000,-1.04992355e+02,-7.35770303e+01
242.620000,-1.04992425e+02,-7.35771001e+01
242.625000,-1.04992509e+02,-7.35771844e+01
242.630000,-1.04992584e+02,-7.35772598e+01
242.635000,-1.04992679e+02,-7.35773540e+01
242.640000,-1.04992785e+02,-7.35774606e+01
242.645000,-1.04992892e+02,-7.35775677e+01
242.650000,-1.04992988e+02,-7.35776635e+01
242.655000,-1.04993066e+02,-7.35777411e+01
242.660000,-1.04993111e+02,-7.35777859e+01
242.665000,-1.04993108e+02,-7.35777829e+01
242.670000,-1.04993101e+02,-7.35777763e+01
242.675000,-1.04993103e+02,-7.35777782e+01
242.680000,-1.04993108e+02,-7.35777833e+01
242.685000,-1.04993105e+02,-7.35777802e+01
242.690000,-1.04993086e+02,-7.35777608e+01
242.695000,-1.04993037e+02,-7.35777122e+01
242.700000,-1.04992946e+02,-7.35776207e+01
242.705000,-1.04992853e+02,-7.35775279e+01
242.710000,-1.04992770e+02,-7.35774449e+01
242.715000,-1.04992693e+02,-7.35773685e+01
242.720000,-1.04992627e+02,-7.35773020e+01
242.725000,-1.04992577e+02,-7.35772517e+01
242.730000,-1.04992527e+02,-7.35772016e+01
242.735000,-1.04992460e+02,-7.35771344e+01
242.740000,-1.04992411e+02,-7.35770855e+01
242.745000,-1.04992389e+02,-7.35770632e+01
242.750000,-1.04992372e+02,-7.35770463e+01
242.755000,-1.04992328e+02,-7.35770025e+01
242.760000,-1.04992256e+02,-7.35769310e+01
242.765000,-1.04992157e+02,-7.35768319e+01
242.770000,-1.04992025e+02,-7.35766996e+01
242.775000,-1.04991902e+02,-7.35765773e+01
242.780000,-1.04991793e+02,-7.35764681e+01
242.785000,-1.04991674e+02,-7.35763487e+01
242.790000,-1.04991529e+02,-7.35762034e+01
242.795000,-1.04991359e+02,-7.35760343e+01
242.800000,-1.04991164e+02,-7.35758386e+01
242.805000,-1.04990932e+02,-7.35756065e+01
242.810000,-1.04990703e+02,-7.35753776e+01
242.815000,-1.04990486e+02,-7.35751604e+01
242.820000,-1.04990277e+02,-7.35749518e+01
242.825000,-1.04990071e+02,-7.35747456e+01
242.830000,-1.04989861e+02,-7.35745358e+01
242.835000,-1.04989644e+02,-7.35743184e+01
242.840000,-1.04989414e+02,-7.35740885e+01
242.845000,-1.04989210e+02,-7.35738851e+01
242.850000,-1.04989039e+02,-7.35737141e+01
242.855000,-1.04988890e+02,-7.35735648e+01
242.860000,-1.04988760e+02,-7.35734352e+01
242.865000,-1.04988656e+02,-7.35733306e+01
242.870000,-1.04988573e+02,-7.35732481e+01
242.875000,-1.04988497e+02,-7.35731726e+01
242.880000,-1.04988458e+02,-7.35731335e+01
242.885000,-1.04988452e+02,-7.35731268e+01
242.890000,-1.04988467e+02,-7.35731422e+01
242.895000,-1.04988474e+02,-7.35731497e+01
242.900000,-1.04988446e+02,-7.35731209e+01
242.905000,-1.04988375e+02,-7.35730505e+01
242.910000,-1.04988249e+02,-7.35729246e+01
242.915000,-1.04988103e+02,-7.35727784e+01
242.920000,-1.04987953e+02,-7.35726282e+01
242.925000,-1.04987795e+02,-7.35724706e+01
242.930000,-1.04987619e+02,-7.35722945e+01
242.935000,-1.04987423e+02,-7.35720986e+01
242.940000,-1.04987187e+02,-7.35718622e+01
242.945000,-1.04986890e+02,-7.35715648e+01
242.950000,-1.04986579e+02,-7.35712541e+01
242.955000,-1.04986282e+02,-7.35709572e+01
242.960000,-1.04986008e+02,-7.35706831e+01
242.965000,-1.04985744e+02,-7.35704182e+01
242.970000,-1.04985486e+02,-7.35701615e+01
242.975000,-1.04985243e+02,-7.35699178e+01
242.980000,-1.04984997e+02,-7.35696718e+01
242.985000,-1.04984788e+02,-7.35694622e+01
242.990000,-1.04984612e+02,-7.35692871e+01
242.995000,-1.04984465e+02,-7.35691400e+01
243.000000,-1.04984345e+02,-7.35690196e+01
243.005000,-1.04984248e+02,-7.35689226e+01
243.010000,-1.04984149e+02,-7.35688238e+01
243.015000,-1.04984037e+02,-7.35687121e+01
243.020000,-1.04983968e+02,-7.35686425e+01
243.025000,-1.04983934e+02,-7.35686090e+01
243.030000,-1.04983913e+02,-7.35685878e+01
243.035000,-1.04983887e+02,-7.35685610e+01
243.040000,-1.04983834e+02,-7.35685090e+01
243.045000,-1.04983734e+02,-7.35684088e+01
243.050000,-1.04983566e+02,-7.35682414e+01
243.055000,-1.04983373e+02,-7.35680476e+01
243.060000,-1.04983155e+02,-7.35678289e+01
243.065000,-1.04982898e+02,-7.35675734e+01
243.070000,-1.04982593e+02,-7.35672680e+01
243.075000,-1.04982230e+02,-7.35669052e+01
243.080000,-1.04981818e+02,-7.35664933e+01
243.085000,-1.04981358e+02,-7.35660325e+01
243.090000,-1.04980902e+02,-7.35655772e+01
243.095000,-1.04980481e+02,-7.35651556e+01
243.100000,-1.04980093e+02,-7.35647673e+01
243.105000,-1.04979719e+02,-7.35643939e+01
243.110000,-1.04979351e+02,-7.35640265e+01
243.115000,-1.04978983e+02,-7.35636581e+01
243.120000,-1.04978598e+02,-7.35632728e+01
243.125000,-1.04978253e+02,-7.35629283e+01
243.130000,-1.04977966e+02,-7.35626414e+01
243.135000,-1.04977722e+02,-7.35623968e+01
243.140000,-1.04977499e+02,-7.35621743e+01
243.145000,-1.04977287e+02,-7.35619621e+01
243.150000,-1.04977065e+02,-7.35617398e+01
243.155000,-1.04976808e+02,-7.35614829e+01
243.160000,-1.04976552e+02,-7.35612272e+01
243.165000,-1.04976302e+02,-7.35609774e+01
243.170000,-1.04976054e+02,-7.35607293e+01
243.175000,-1.04975803e+02,-7.35604782e+01
243.180000,-1.04975550e+02,-7.35602252e+01
243.185000,-1.04975282e+02,-7.35599586e+01
243.190000,-1.04974988e+02,-7.35596637e+01
243.195000,-1.04974709e+02,-7.35593846e+01
243.200000,-1.04974448e+02,-7.35591240e+01
243.205000,-1.04974192e+02,-7.35588674e+01
243.210000,-1.04973928e+02,-7.35586044e+01
243.215000,-1.04973646e+02,-7.35583218e+01
243.220000,-1.04973320e+02,-7.35579958e+01
243.225000,-1.04972938e+02,-7.35576137e+01
243.230000,-1.04972550e+02,-7.35572251e+01
243.235000,-1.04972173e+02,-7.35568484e+01
243.240000,-1.04971801e+02,-7.35564761e+01
243.245000,-1.04971421e+02,-7.35560970e+01
243.250000,-1.04971029e+02,-7.35557045e+01
243.255000,-1.04970621e+02,-7.35552969e+01
243.260000,-1.04970244e+02,-7.35549193e+01
243.265000,-1.04969887e+02,-7.35545622e+01
243.270000,-1.04969528e+02,-7.35542033e+01
243.275000,-1.04969157e+02,-7.35538318e+01
243.280000,-1.04968754e+02,-7.35534290e+01
243.285000,-1.04968306e+02,-7.35529805e+01
243.290000,-1.04967861e+02,-7.35525365e+01
243.295000,-1.04967434e+02,-7.35521088e+01
243.300000,-1.04967001e+02,-7.35516757e+01
243.305000,-1.04966539e+02,-7.35512132e+01
243.310000,-1.04966036e+02,-7.35507101e+01
243.315000,-1.04965488e+02,-7.35501624e+01
243.320000,-1.04964951e+02,-7.35496257e+01
243.325000,-1.04964437e+02,-7.35491116e+01
243.330000,-1.04963943e+02,-7.35486176e+01
243.335000,-1.04963450e+02,-7.35481248e+01
243.340000,-1.04962934e+02,-7.35476087e+01
243.345000,-1.04962379e+02,-7.35470530e+01
243.350000,-1.04961823e+02,-7.35464979e+01
243.355000,-1.04961294e+02,-7.35459691e+01
243.360000,-1.04960804e+02,-7.35454784e+01
243.365000,-1.04960333e+02,-7.35450080e+01
243.370000,-1.04959852e+02,-7.35445262e+01
243.375000,-1.04959338e+02,-7.35440123e+01
243.380000,-1.04958849e+02,-7.35435233e+01
243.385000,-1.04958395e+02,-7.35430697e+01
243.390000,-1.04957953e+02,-7.35426278e+01
243.395000,-1.04957521e+02,-7.35421960e+01
243.400000,-1.04957097e+02,-7.35417716e+01
243.405000,-1.04956656e+02,-7.35413304e+01
243.410000,-1.04956229e+02,-7.35409035e+01
243.415000,-1.04955814e+02,-7.35404892e+01
243.420000,-1.04955399e+02,-7.35400739e+01
243.425000,-1.04954970e+02,-7.35396447e+01
243.430000,-1.04954511e+02,-7.35391858e+01
243.435000,-1.04954014e+02,-7.35386892e+01
243.440000,-1.04953533e+02,-7.35382077e+01
243.445000,-1.04953075e+02,-7.35377498e+01
243.450000,-1.04952633e+02,-7.35373078e+01
243.455000,-1.04952202e+02,-7.35368771e+01
243.460000,-1.04951767e+02,-7.35364420e+01
243.465000,-1.04951308e+02,-7.35359834e+01
243.470000,-1.04950868e+02,-7.35355425e+01
243.475000,-1.04950446e+02,-7.35351209e+01
243.480000,-1.04950038e+02,-7.35347140e+01
243.485000,-1.04949631e+02,-7.35343064e+01
243.490000,-1.04949189e+02,-7.35338650e+01
243.495000,-1.04948678e+02,-7.35333533e+01
243.500000,-1.04948138e+02,-7.35328137e+01
243.505000,-1.04947606e+02,-7.35322819e+01
243.510000,-1.04947093e+02,-7.35317684e+01
243.515000,-1.04946605e+02,-7.35312804e+01
243.520000,-1.04946118e+02,-7.35307936e+01
243.525000,-1.04945598e+02,-7.35302738e+01
243.530000,-1.04945081e+02,-7.35297571e+01
243.535000,-1.04944569e+02,-7.35292442e+01
243.540000,-1.04944052e+02,-7.35287279e+01
243.545000,-1.04943535e+02,-7.35282108e+01
243.550000,-1.04943007e+02,-7.35276821e+01
243.555000,-1.04942454e+02,-7.35271291e+01
243.560000,-1.04941921e+02,-7.35265964e+01
243.565000,-1.04941414e+02,-7.35260892e+01
243.570000,-1.04940926e+02,-7.35256009e+01
243.575000,-1.04940444e+02,-7.35251189e+01
243.580000,-1.04939946e+02,-7.35246212e+01
243.585000,-1.04939421e+02,-7.35240959e+01
243.590000,-1.04938912e+02,-7.35235875e+01
243.595000,-1.04938434e+02,-7.35231091e+01
243.600000,-1.04937978e+02,-7.35226536e+01
243.605000,-1.04937538e+02,-7.35222138e+01
243.610000,-1.04937114e+02,-7.35217898e+01
243.615000,-1.04936697e+02,-7.35213727e+01
243.620000,-1.04936312e+02,-7.35209877e+01
243.625000,-1.04935948e+02,-7.35206228e+01
243.630000,-1.04935572e+02,-7.35202470e+01
243.635000,-1.04935168e+02,-7.35198434e+01
243.640000,-1.04934724e+02,-7.35193992e+01
243.645000,-1.04934216e+02,-7.35188914e+01
243.650000,-1.04933691e+02,-7.35183669e+01
243.655000,-1.04933162e+02,-7.35178381e+01
243.660000,-1.04932636e+02,-7.35173108e+01
243.665000,-1.04932086e+02,-7.35167614e+01
243.670000,-1.04931476e+02,-7.35161513e+01
243.675000,-1.04930796e+02,-7.35154710e+01
243.680000,-1.04930102e+02,-7.35147770e+01
243.685000,-1.04929422e+02,-7.35140973e+01
243.690000,-1.04928765e+02,-7.35134397e+01
243.695000,-1.04928128e+02,-7.35128031e+01
243.700000,-1.04927496e+02,-7.35121709e+01
243.705000,-1.04926848e+02,-7.35115233e+01
243.710000,-1.04926222e+02,-7.35108968e+01
243.715000,-1.04925617e+02,-7.35102917e+01
243.720000,-1.04925029e+02,-7.35097033e+01
243.725000,-1.04924461e+02,-7.35091354e+01
243.730000,-1.04923897e+02,-7.35085717e+01
243.735000,-1.04923314e+02,-7.35079892e+01
243.740000,-1.04922751e+02,-7.35074254e+01
243.745000,-1.04922207e+02,-7.35068823e+01
243.750000,-1.04921671e+02,-7.35063464e+01
243.755000,-1.04921139e+02,-7.35058141e+01
243.760000,-1.04920603e+02,-7.35052774e+01
243.765000,-1.04920039e+02,-7.35047141e+01
243.770000,-1.04919490e+02,-7.35041659e+01
243.775000,-1.04918949e+02,-7.35036239e+01
243.780000,-1.04918394e+02,-7.35030689e+01
243.785000,-1.04917821e+02,-7.35024965e+01
243.790000,-1.04917220e+02,-7.35018949e+01
243.795000,-1.04916582e+02,-7.35012566e+01
243.800000,-1.04915955e+02,-7.35006302e+01
243.805000,-1.04915347e+02,-7.35000224e+01
243.810000,-1.04914749e+02,-7.34994243e+01
243.815000,-1.04914145e+02,-7.34988207e+01
243.820000,-1.04913512e+02,-7.34981876e+01
243.825000,-1.04912838e+02,-7.34975134e+01
243.830000,-1.04912161e+02,-7.34968373e+01
243.835000,-1.04911503e+02,-7.34961799e+01
243.840000,-1.04910868e+02,-7.34955443e+01
243.845000,-1.04910243e+02,-7.34949196e+01
243.850000,-1.04909617e+02,-7.34942937e+01
243.855000,-1.04908979e+02,-7.34936558e+01
243.860000,-1.04908377e+02,-7.34930535e+01
243.865000,-1.04907811e+02,-7.34924875e+01
243.870000,-1.04907268e+02,-7.34919443e+01
243.875000,-1.04906736e+02,-7.34914119e+01
243.880000,-1.04906200e+02,-7.34908755e+01
243.885000,-1.04905640e+02,-7.34903166e+01
243.890000,-1.04905103e+02,-7.34897791e+01
243.895000,-1.04904598e+02,-7.34892738e+01
243.900000,-1.04904112e+02,-7.34887881e+01
243.905000,-1.04903634e+02,-7.34883096e+01
243.910000,-1.04903143e+02,-7.34878190e+01
243.915000,-1.04902625e+02,-7.34873002e+01
243.920000,-1.04902113e+02,-7.34867888e+01
243.925000,-1.04901607e+02,-7.34862830e+01
243.930000,-1.04901089e+02,-7.34857652e+01
243.935000,-1.04900544e+02,-7.34852200e+01
243.940000,-1.04899962e+02,-7.34846380e+01
243.945000,-1.04899336e+02,-7.34840115e+01
243.950000,-1.04898717e+02,-7.34833929e+01
243.955000,-1.04898126e+02,-7.34828015e+01
243.960000,-1.04897561e+02,-7.34822362e+01
243.965000,-1.04897004e+02,-7.34816794e+01
243.970000,-1.04896429e+02,-7.34811046e+01
243.975000,-1.04895815e+02,-7.34804900e+01
243.980000,-1.04895199e+02,-7.34798742e+01
243.985000,-1.04894593e+02,-7.34792682e+01
243.990000,-1.04893993e+02,-7.34786681e+01
243.995000,-1.04893395e+02,-7.34780701e+01
244.000000,-1.04892790e+02,-7.34774650e+01
244.005000,-1.04892149e+02,-7.34768238e+01
244.010000,-1.04891503e+02,-7.34761778e+01
244.015000,-1.04890873e+02,-7.34755479e+01
244.020000,-1.04890263e+02,-7.34749376e+01
244.025000,-1.04889669e+02,-7.34743439e+01
244.030000,-1.04889076e+02,-7.34737514e+01
244.035000,-1.04888459e+02,-7.34731348e+01
244.040000,-1.04887842e+02,-7.34725168e+01
244.045000,-1.04887223e+02,-7.34718984e+01
244.050000,-1.04886605e+02,-7.34712800e+01
244.055000,-1.04885985e+02,-7.34706604e+01
244.060000,-1.04885347e+02,-7.34700234e+01
244.065000,-1.04884678e+02,-7.34693541e+01
244.070000,-1.04884021e+02,-7.34686969e+01
244.075000,-1.04883375e+02,-7.34680509e+01
244.080000,-1.04882724e+02,-7.34674003e+01
244.085000,-1.04882067e+02,-7.34667427e+01
244.090000,-1.04881395e+02,-7.34660713e+01
244.095000,-1.04880699e+02,-7.34653748e+01
244.100000,-1.04880022e+02,-7.34646982e+01
244.105000,-1.04879382e+02,-7.34640588e+01
244.110000,-1.04878766e+02,-7.34634425e+01
244.115000,-1.04878151e+02,-7.34628277e+01
244.120000,-1.04877522e+02,-7.34621983e+01
244.125000,-1.04876865e+02,-7.34615407e+01
244.130000,-1.04876215e+02,-7.34608916e+01
244.135000,-1.04875601e+02,-7.34602768e+01
244.140000,-1.04875041e+02,-7.34597176e+01
244.145000,-1.04874530e+02,-7.34592070e+01
244.150000,-1.04874043e+02,-7.34587196e+01
244.155000,-1.04873544e+02,-7.34582202e+01
244.160000,-1.04873061e+02,-7.34577380e+01
244.165000,-1.04872588e+02,-7.34572650e+01
244.170000,-1.04872105e+02,-7.34567820e+01
244.175000,-1.04871602e+02,-7.34562780e+01
244.180000,-1.04871065e+02,-7.34557414e+01
244.185000,-1.04870485e+02,-7.34551617e+01
244.190000,-1.04869903e+02,-7.34545796e+01
244.195000,-1.04869324e+02,-7.34539998e+01
244.200000,-1.04868739e+02,-7.34534150e+01
244.205000,-1.04868146e+02,-7.34528224e+01
244.210000,-1.04867525e+02,-7.34522008e+01
244.215000,-1.04866854e+02,-7.34515305e+01
244.220000,-1.04866181e+02,-7.34508562e+01
244.225000,-1.04865517e+02,-7.34501924e+01
244.230000,-1.04864881e+02,-7.34495567e+01
244.235000,-1.04864277e+02,-7.34489526e+01
244.240000,-1.04863686e+02,-7.34483613e+01
244.245000,-1.04863083e+02,-7.34477590e+01
244.250000,-1.04862507e+02,-7.34471825e+01
244.255000,-1.04861946e+02,-7.34466216e+01
244.260000,-1.04861367e+02,-7.34460421e+01
244.265000,-1.04860744e+02,-7.34454188e+01
244.270000,-1.04860062e+02,-7.34447368e+01
244.275000,-1.04859322e+02,-7.34439967e+01
244.280000,-1.04858575e+02,-7.34432507e+01
244.285000,-1.04857835e+02,-7.34425103e+01
244.290000,-1.04857099e+02,-7.34417743e+01
244.295000,-1.04856364e+02,-7.34410395e+01
244.300000,-1.04855632e+02,-7.34403070e+01
244.305000,-1.04854903e+02,-7.34395787e+01
244.310000,-1.04854218e+02,-7.34388936e+01
244.315000,-1.04853576e+02,-7.34382512e+01
244.320000,-1.04852944e+02,-7.34376186e+01
244.325000,-1.04852289e+02,-7.34369636e+01
244.330000,-1.04851596e+02,-7.34362710e+01
244.335000,-1.04850848e+02,-7.34355238e+01
244.340000,-1.04850099e+02,-7.34347746e+01
244.345000,-1.04849378e+02,-7.34340533e+01
244.350000,-1.04848686e+02,-7.34333626e+01
244.355000,-1.04848016e+02,-7.34326924e+01
244.360000,-1.04847340e+02,-7.34320165e+01
244.365000,-1.04846634e+02,-7.34313097e+01
244.370000,-1.04845928e+02,-7.34306043e+01
244.375000,-1.04845230e+02,-7.34299065e+01
244.380000,-1.04844536e+02,-7.34292118e+01
244.385000,-1.04843843e+02,-7.34285191e+01
244.390000,-1.04843143e+02,-7.34278188e+01
244.395000,-1.04842416e+02,-7.34270919e+01
244.400000,-1.04841710e+02,-7.34263862e+01
244.405000,-1.04841025e+02,-7.34257014e+01
244.410000,-1.04840336e+02,-7.34250122e+01
244.415000,-1.04839642e+02,-7.34243181e+01
244.420000,-1.04838938e+02,-7.34236142e+01
244.425000,-1.04838211e+02,-7.34228869e+01
244.430000,-1.04837503e+02,-7.34221802e+01
244.435000,-1.04836805e+02,-7.34214817e+01
244.440000,-1.04836082e+02,-7.34207587e+01
244.445000,-1.04835330e+02,-7.34200061e+01
244.450000,-1.04834542e+02,-7.34192179e+01
244.455000,-1.04833718e+02,-7.34183948e+01
244.460000,-1.04832909e+02,-7.34175851e+01
244.465000,-1.04832121e+02,-7.34167973e+01
244.470000,-1.04831347e+02,-7.34160232e+01
244.475000,-1.04830581e+02,-7.34152570e+01
244.480000,-1.04829791e+02,-7.34144673e+01
244.485000,-1.04828944e+02,-7.34136207e+01
244.490000,-1.04828094e+02,-7.34127698e+01
244.495000,-1.04827250e+02,-7.34119261e+01
244.500000,-1.04826408e+02,-7.34110848e+01
244.505000,-1.04825573e+02,-7.34102493e+01
244.510000,-1.04824734e+02,-7.34094101e+01
244.515000,-1.04823891e+02,-7.34085678e+01
244.520000,-1.04823095e+02,-7.34077717e+01
244.525000,-1.04822350e+02,-7.34070262e+01
244.530000,-1.04821644e+02,-7.34063205e+01
244.535000,-1.04820979e+02,-7.34056560e+01
244.540000,-1.04820357e+02,-7.34050334e+01
244.545000,-1.04819744e+02,-7.34044201e+01
244.550000,-1.04819152e+02,-7.34038285e+01
244.555000,-1.04818574e+02,-7.34032505e+01
244.560000,-1.04818003e+02,-7.34026793e+01
244.565000,-1.04817435e+02,-7.34021121e+01
244.570000,-1.04816874e+02,-7.34015509e+01
244.575000,-1.04816323e+02,-7.34010000e+01
244.580000,-1.04815820e+02,-7.34004963e+01
244.585000,-1.04815365e+02,-7.34000411e+01
244.590000,-1.04814933e+02,-7.33996088e+01
244.595000,-1.04814489e+02,-7.33991647e+01
244.600000,-1.04814018e+02,-7.33986948e+01
244.605000,-1.04813522e+02,-7.33981982e+01
244.610000,-1.04813045e+02,-7.33977214e+01
244.615000,-1.04812588e+02,-7.33972643e+01
244.620000,-1.04812139e+02,-7.33968157e+01
244.625000,-1.04811698e+02,-7.33963739e+01
244.630000,-1.04811233e+02,-7.33959088e+01
244.635000,-1.04810707e+02,-7.33953840e+01
244.640000,-1.04810168e+02,-7.33948439e+01
244.645000,-1.04809620e+02,-7.33942970e+01
244.650000,-1.04809065e+02,-7.33937408e+01
244.655000,-1.04808515e+02,-7.33931912e+01
244.660000,-1.04807974e+02,-7.33926501e+01
244.665000,-1.04807421e+02,-7.33920971e+01
244.670000,-1.04806884e+02,-7.33915606e+01
244.675000,-1.04806355e+02,-7.33910316e+01
244.680000,-1.04805816e+02,-7.33904924e+01
244.685000,-1.04805259e+02,-7.33899353e+01
244.690000,-1.04804661e+02,-7.33893382e+01
244.695000,-1.04803998e+02,-7.33886748e+01
244.700000,-1.04803312e+02,-7.33879887e+01
244.705000,-1.04802619e+02,-7.33872959e+01
244.710000,-1.04801925e+02,-7.33866019e+01
244.715000,-1.04801236e+02,-7.33859124e+01
244.720000,-1.04800545e+02,-7.33852214e+01
244.725000,-1.04799847e+02,-7.33845233e+01
244.730000,-1.04799179e+02,-7.33838548e+01
244.735000,-1.04798537e+02,-7.33832128e+01
244.740000,-1.04797907e+02,-7.33825828e+01
244.745000,-1.04797283e+02,-7.33819597e+01
244.750000,-1.04796636e+02,-7.33813128e+01
244.755000,-1.04795930e+02,-7.33806060e+01
244.760000,-1.04795201e+02,-7.33798778e+01
244.765000,-1.04794468e+02,-7.33791449e+01
244.770000,-1.04793740e+02,-7.33784159e+01
244.775000,-1.04793017e+02,-7.33776925e+01
244.780000,-1.04792293e+02,-7.33769699e+01
244.785000,-1.04791556e+02,-7.33762325e+01
244.790000,-1.04790825e+02,-7.33755023e+01
244.795000,-1.04790094e+02,-7.33747711e+01
244.800000,-1.04789353e+02,-7.33740296e+01
244.805000,-1.04788611e+02,-7.33732880e+01
244.810000,-1.04787879e+02,-7.33725560e+01
244.815000,-1.04787156e+02,-7.33718328e+01
244.820000,-1.04786486e+02,-7.33711628e+01
244.825000,-1.04785864e+02,-7.33705410e+01
244.830000,-1.04785268e+02,-7.33699443e+01
244.835000,-1.04784682e+02,-7.33693587e+01
244.840000,-1.04784099e+02,-7.33687750e+01
244.845000,-1.04783504e+02,-7.33681808e+01
244.850000,-1.04782933e+02,-7.33676099e+01
244.855000,-1.04782396e+02,-7.33670722e+01
244.860000,-1.04781894e+02,-7.33665702e+01
244.865000,-1.04781407e+02,-7.33660837e+01
244.870000,-1.04780906e+02,-7.33655829e+01
244.875000,-1.04780366e+02,-7.33650431e+01
244.880000,-1.04779822e+02,-7.33644984e+01
244.885000,-1.04779271e+02,-7.33639470e+01
244.890000,-1.04778717e+02,-7.33633927e+01
244.895000,-1.04778161e+02,-7.33628364e+01
244.900000,-1.04777552e+02,-7.33622281e+01
244.905000,-1.04776873e+02,-7.33615494e+01
244.910000,-1.04776182e+02,-7.33608577e+01
244.915000,-1.04775490e+02,-7.33601659e+01
244.920000,-1.04774790e+02,-7.33594659e+01
244.925000,-1.04774078e+02,-7.33587538e+01
244.930000,-1.04773333e+02,-7.33580090e+01
244.935000,-1.04772528e+02,-7.33572037e+01
244.940000,-1.04771705e+02,-7.33563813e+01
244.945000,-1.04770878e+02,-7.33555544e+01
244.950000,-1.04770048e+02,-7.33547247e+01
244.955000,-1.04769223e+02,-7.33538996e+01
244.960000,-1.04768403e+02,-7.33530792e+01
244.965000,-1.04767584e+02,-7.33522606e+01
244.970000,-1.04766810e+02,-7.33514873e+01
244.975000,-1.04766068e+02,-7.33507446e+01
244.980000,-1.04765332e+02,-7.33500092e+01
244.985000,-1.04764605e+02,-7.33492821e+01
244.990000,-1.04763881e+02,-7.33485577e+01
244.995000,-1.04763149e+02,-7.33478263e+01
245.000000,-1.04762445e+02,-7.33471213e+01
245.005000,-1.04761764e+02,-7.33464403e+01
245.010000,-1.04761094e+02,-7.33457705e+01
245.015000,-1.04760435e+02,-7.33451128e+01
245.020000,-1.04759799e+02,-7.33444762e+01
245.025000,-1.04759182e+02,-7.33438590e+01
245.030000,-1.04758614e+02,-7.33432914e+01
245.035000,-1.04758081e+02,-7.33427586e+01
245.040000,-1.04757570e+02,-7.33422479e+01
245.045000,-1.04757087e+02,-7.33417646e+01
245.050000,-1.04756599e+02,-7.33412770e+01
245.055000,-1.04756074e+02,-7.33407509e+01
245.060000,-1.04755539e+02,-7.33402161e+01
245.065000,-1.04754986e+02,-7.33396636e+01
245.070000,-1.04754402e+02,-7.33390791e+01
245.075000,-1.04753781e+02,-7.33384579e+01
245.080000,-1.04753114e+02,-7.33377919e+01
245.085000,-1.04752392e+02,-7.33370692e+01
245.090000,-1.04751657e+02,-7.33363343e+01
245.095000,-1.04750927e+02,-7.33356040e+01
245.100000,-1.04750201e+02,-7.33348786e+01
245.105000,-1.04749492e+02,-7.33341696e+01
245.110000,-1.04748805e+02,-7.33334816e+01
245.115000,-1.04748110e+02,-7.33327870e+01
245.120000,-1.04747424e+02,-7.33321003e+01
245.125000,-1.04746745e+02,-7.33314212e+01
245.130000,-1.04746076e+02,-7.33307521e+01
245.135000,-1.04745417e+02,-7.33300936e+01
245.140000,-1.04744754e+02,-7.33294306e+01
245.145000,-1.04744073e+02,-7.33287492e+01
245.150000,-1.04743410e+02,-7.33280865e+01
245.155000,-1.04742776e+02,-7.33274518e+01
245.160000,-1.04742171e+02,-7.33268469e+01
245.165000,-1.04741592e+02,-7.33262687e+01
245.170000,-1.04741019e+02,-7.33256947e+01
245.175000,-1.04740425e+02,-7.33251016e+01
245.180000,-1.04739844e+02,-7.33245201e+01
245.185000,-1.04739274e+02,-7.33239506e+01
245.190000,-1.04738695e+02,-7.33233712e+01
245.195000,-1.04738087e+02,-7.33227630e+01
245.200000,-1.04737435e+02,-7.33221122e+01
245.205000,-1.04736724e+02,-7.33214007e+01
245.210000,-1.04735982e+02,-7.33206589e+01
245.215000,-1.04735217e+02,-7.33198935e+01
245.220000,-1.04734441e+02,-7.33191171e+01
245.225000,-1.04733656e+02,-7.33183322e+01
245.230000,-1.04732848e+02,-7.33175244e+01
245.235000,-1.04732020e+02,-7.33166972e+01
245.240000,-1.04731224e+02,-7.33159010e+01
245.245000,-1.04730467e+02,-7.33151433e+01
245.250000,-1.04729732e+02,-7.33144099e+01
245.255000,-1.04729005e+02,-7.33136824e+01
245.260000,-1.04728268e+02,-7.33129458e+01
245.265000,-1.04727511e+02,-7.33121890e+01
245.270000,-1.04726778e+02,-7.33114557e+01
245.275000,-1.04726083e+02,-7.33107599e+01
245.280000,-1.04725420e+02,-7.33100972e+01
245.285000,-1.04724797e+02,-7.33094741e+01
245.290000,-1.04724209e+02,-7.33088862e+01
245.295000,-1.04723631e+02,-7.33083089e+01
245.300000,-1.04723086e+02,-7.33077633e+01
245.305000,-1.04722563e+02,-7.33072405e+01
245.310000,-1.04722050e+02,-7.33067277e+01
245.315000,-1.04721542e+02,-7.33062191e+01
245.320000,-1.04721026e+02,-7.33057038e+01
245.325000,-1.04720490e+02,-7.33051680e+01
245.330000,-1.04719970e+02,-7.33046470e+01
245.335000,-1.04719453e+02,-7.33041308e+01
245.340000,-1.04718907e+02,-7.33035836e+01
245.345000,-1.04718305e+02,-7.33029821e+01
245.350000,-1.04717649e+02,-7.33023267e+01
245.355000,-1.04716950e+02,-7.33016274e+01
245.360000,-1.04716256e+02,-7.33009337e+01
245.365000,-1.04715577e+02,-7.33002532e+01
245.370000,-1.04714909e+02,-7.32995865e+01
245.375000,-1.04714254e+02,-7.32989308e+01
245.380000,-1.04713588e+02,-7.32982654e+01
245.385000,-1.04712905e+02,-7.32975823e+01
245.390000,-1.04712238e+02,-7.32969149e+01
245.395000,-1.04711580e+02,-7.32962562e+01
245.400000,-1.04710923e+02,-7.32955995e+01
245.405000,-1.04710276e+02,-7.32949525e+01
245.410000,-1.04709638e+02,-7.32943149e+01
245.415000,-1.04708993e+02,-7.32936695e+01
245.420000,-1.04708364e+02,-7.32930404e+01
245.425000,-1.04707749e+02,-7.32924253e+01
245.430000,-1.04707139e+02,-7.32918160e+01
245.435000,-1.04706531e+02,-7.32912073e+01
245.440000,-1.04705908e+02,-7.32905847e+01
245.445000,-1.04705260e+02,-7.32899363e+01
245.450000,-1.04704622e+02,-7.32892985e+01
245.455000,-1.04703997e+02,-7.32886735e+01
245.460000,-1.04703386e+02,-7.32880630e+01
245.465000,-1.04702795e+02,-7.32874719e+01
245.470000,-1.04702208e+02,-7.32868857e+01
245.475000,-1.04701605e+02,-7.32862816e+01
245.480000,-1.04700984e+02,-7.32856610e+01
245.485000,-1.04700320e+02,-7.32849969e+01
245.490000,-1.04699598e+02,-7.32842754e+01
245.495000,-1.04698833e+02,-7.32835107e+01
245.500000,-1.04698043e+02,-7.32827199e+01
245.505000,-1.04697223e+02,-7.32819004e+01
245.510000,-1.04696410e+02,-7.32810874e+01
245.515000,-1.04695596e+02,-7.32802738e+01
245.520000,-1.04694774e+02,-7.32794519e+01
245.525000,-1.04693968e+02,-7.32786458e+01
245.530000,-1.04693184e+02,-7.32778622e+01
245.535000,-1.04692397e+02,-7.32770745e+01
245.540000,-1.04691623e+02,-7.32763004e+01
245.545000,-1.04690862e+02,-7.32755399e+01
245.550000,-1.04690111e+02,-7.32747884e+01
245.555000,-1.04689364e+02,-7.32740424e+01
245.560000,-1.04688613e+02,-7.32732907e+01
245.565000,-1.04687838e+02,-7.32725155e+01
245.570000,-1.04687065e+02,-7.32717427e+01
245.575000,-1.04686303e+02,-7.32709803e+01
245.580000,-1.04685547e+02,-7.32702246e+01
245.585000,-1.04684794e+02,-7.32694717e+01
245.590000,-1.04684036e+02,-7.32687139e+01
245.595000,-1.04683268e+02,-7.32679453e+01
245.600000,-1.04682529e+02,-7.32672063e+01
245.605000,-1.04681831e+02,-7.32665090e+01
245.610000,-1.04681161e+02,-7.32658385e+01
245.615000,-1.04680498e+02,-7.32651751e+01
245.620000,-1.04679812e+02,-7.32644954e+01
245.625000,-1.04679201e+02,-7.32638839e+01
245.630000,-1.04678809e+02,-7.32634922e+01
245.635000,-1.04678544e+02,-7.32632278e+01
245.640000,-1.04678336e+02,-7.32630193e+01
245.645000,-1.04678138e+02,-7.32628205e+01
245.650000,-1.04677922e+02,-7.32626045e+01
245.655000,-1.04677696e+02,-7.32623791e+01
245.660000,-1.04677443e+02,-7.32621259e+01
245.665000,-1.04677145e+02,-7.32618284e+01
245.670000,-1.04676797e+02,-7.32614801e+01
245.675000,-1.04676378e+02,-7.32610606e+01
245.680000,-1.04675873e+02,-7.32605565e+01
245.685000,-1.04675327e+02,-7.32600101e+01
245.690000,-1.04674750e+02,-7.32594298e+01
245.695000,-1.04674227e+02,-7.32589075e+01
245.700000,-1.04673839e+02,-7.32585183e+01
245.705000,-1.04673487e+02,-7.32581669e+01
245.710000,-1.04673151e+02,-7.32578297e+01
245.715000,-1.04672822e+02,-7.32574946e+01
245.720000,-1.04672350e+02,-7.32570236e+01
245.725000,-1.04671710e+02,-7.32563827e+01
245.730000,-1.04670970e+02,-7.32556437e+01
245.735000,-1.04670197e+02,-7.32548708e+01
245.740000,-1.04669454e+02,-7.32541241e+01
245.745000,-1.04668837e+02,-7.32535091e+01
245.750000,-1.04668438e+02,-7.32531091e+01
245.755000,-1.04668122e+02,-7.32527933e+01
245.760000,-1.04667816e+02,-7.32524876e+01
245.765000,-1.04667502e+02,-7.32521732e+01
245.770000,-1.04667160e+02,-7.32518317e+01
245.775000,-1.04666775e+02,-7.32514482e+01
245.780000,-1.04666363e+02,-7.32510364e+01
245.785000,-1.04665940e+02,-7.32506138e+01
245.790000,-1.04665500e+02,-7.32501742e+01
245.795000,-1.04665029e+02,-7.32497034e+01
245.800000,-1.04664511e+02,-7.32491858e+01
245.805000,-1.04663922e+02,-7.32485985e+01
245.810000,-1.04663285e+02,-7.32479625e+01
245.815000,-1.04662666e+02,-7.32473436e+01
245.820000,-1.04662044e+02,-7.32467220e+01
245.825000,-1.04661401e+02,-7.32460798e+01
245.830000,-1.04660724e+02,-7.32454027e+01
245.835000,-1.04660013e+02,-7.32446917e+01
245.840000,-1.04659291e+02,-7.32439702e+01
245.845000,-1.04658563e+02,-7.32432446e+01
245.850000,-1.04657774e+02,-7.32424558e+01
245.855000,-1.04656869e+02,-7.32415513e+01
245.860000,-1.04655911e+02,-7.32405936e+01
245.865000,-1.04654967e+02,-7.32396498e+01
245.870000,-1.04654052e+02,-7.32387349e+01
245.875000,-1.04653159e+02,-7.32378426e+01
245.880000,-1.04652279e+02,-7.32369587e+01
245.885000,-1.04651464e+02,-7.32361445e+01
245.890000,-1.04650794e+02,-7.32354738e+01
245.895000,-1.04650193e+02,-7.32348735e+01
245.900000,-1.04649625e+02,-7.32343080e+01
245.905000,-1.04648962e+02,-7.32336442e+01
245.910000,-1.04648205e+02,-7.32328868e+01
245.915000,-1.04647494e+02,-7.32321756e+01
245.920000,-1.04646824e+02,-7.32315053e+01
245.925000,-1.04646184e+02,-7.32308651e+01
245.930000,-1.04645551e+02,-7.32302325e+01
245.935000,-1.04644919e+02,-7.32296008e+01
245.940000,-1.04644289e+02,-7.32289705e+01
245.945000,-1.04643627e+02,-7.32283086e+01
245.950000,-1.04642916e+02,-7.32275975e+01
245.955000,-1.04642152e+02,-7.32268333e+01
245.960000,-1.04641347e+02,-7.32260285e+01
245.965000,-1.04640535e+02,-7.32252160e+01
245.970000,-1.04639721e+02,-7.32244018e+01
245.975000,-1.04638897e+02,-7.32235782e+01
245.980000,-1.04638058e+02,-7.32227407e+01
245.985000,-1.04637249e+02,-7.32219318e+01
245.990000,-1.04636518e+02,-7.32212009e+01
245.995000,-1.04635842e+02,-7.32205255e+01
246.000000,-1.04635201e+02,-7.32198844e+01
246.005000,-1.04634564e+02,-7.32192490e+01
246.010000,-1.04633958e+02,-7.32186436e+01
246.015000,-1.04633436e+02,-7.32181220e+01
246.020000,-1.04632956e+02,-7.32176420e+01
246.025000,-1.04632468e+02,-7.32171550e+01
246.030000,-1.04631951e+02,-7.32166372e+01
246.035000,-1.04631418e+02,-7.32161009e+01
246.040000,-1.04630829e+02,-7.32155122e+01
246.045000,-1.04630128e+02,-7.32148116e+01
246.050000,-1.04629330e+02,-7.32140132e+01
246.055000,-1.04628459e+02,-7.32131429e+01
246.060000,-1.04627549e+02,-7.32122322e+01
246.065000,-1.04626633e+02,-7.32113169e+01
246.070000,-1.04625722e+02,-7.32104055e+01
246.075000,-1.04624825e+02,-7.32095034e+01
246.080000,-1.04623823e+02,-7.32085030e+01
246.085000,-1.04622712e+02,-7.32073921e+01
246.090000,-1.04621572e+02,-7.32062492e+01
246.095000,-1.04620504e+02,-7.32051819e+01
246.100000,-1.04619583e+02,-7.32042610e+01
246.105000,-1.04618741e+02,-7.32034187e+01
246.110000,-1.04617943e+02,-7.32026202e+01
246.115000,-1.04617179e+02,-7.32018545e+01
246.120000,-1.04616482e+02,-7.32011579e+01
246.125000,-1.04615886e+02,-7.32005615e+01
246.130000,-1.04615327e+02,-7.32000029e+01
246.135000,-1.04614791e+02,-7.31994670e+01
246.140000,-1.04614277e+02,-7.31989530e+01
246.145000,-1.04613764e+02,-7.31984400e+01
246.150000,-1.04613240e+02,-7.31979153e+01
246.155000,-1.04612689e+02,-7.31973647e+01
246.160000,-1.04612105e+02,-7.31967800e+01
246.165000,-1.04611492e+02,-7.31961680e+01
246.170000,-1.04610853e+02,-7.31955286e+01
246.175000,-1.04610179e+02,-7.31948552e+01
246.180000,-1.04609471e+02,-7.31941469e+01
246.185000,-1.04608727e+02,-7.31934033e+01
246.190000,-1.04607961e+02,-7.31926385e+01
246.195000,-1.04607133e+02,-7.31918120e+01
246.200000,-1.04606221e+02,-7.31909000e+01
246.205000,-1.04605273e+02,-7.31899527e+01
246.210000,-1.04604302e+02,-7.31889816e+01
246.215000,-1.04603328e+02,-7.31880076e+01
246.220000,-1.04602353e+02,-7.31870343e+01
246.225000,-1.04601410e+02,-7.31860944e+01
246.230000,-1.04600449e+02,-7.31851334e+01
246.235000,-1.04599428e+02,-7.31841130e+01
246.240000,-1.04598417e+02,-7.31831022e+01
246.245000,-1.04597447e+02,-7.31821328e+01
246.250000,-1.04596542e+02,-7.31812276e+01
246.255000,-1.04595709e+02,-7.31803948e+01
246.260000,-1.04594944e+02,-7.31796303e+01
246.265000,-1.04594246e+02,-7.31789326e+01
246.270000,-1.04593598e+02,-7.31782841e+01
246.275000,-1.04592982e+02,-7.31776688e+01
246.280000,-1.04592376e+02,-7.31770631e+01
246.285000,-1.04591773e+02,-7.31764596e+01
246.290000,-1.04591175e+02,-7.31758624e+01
246.295000,-1.04590572e+02,-7.31752591e+01
246.300000,-1.04589947e+02,-7.31746348e+01
246.305000,-1.04589280e+02,-7.31739676e+01
246.310000,-1.04588565e+02,-7.31732507e+01
246.315000,-1.04587887e+02,-7.31725727e+01
246.320000,-1.04587288e+02,-7.31719730e+01
246.325000,-1.04586682e+02,-7.31713671e+01
246.330000,-1.04586039e+02,-7.31707240e+01
246.335000,-1.04585357e+02,-7.31700398e+01
246.340000,-1.04584686e+02,-7.31693696e+01
246.345000,-1.04584076e+02,-7.31687593e+01
246.350000,-1.04583489e+02,-7.31681695e+01
246.355000,-1.04582827e+02,-7.31675092e+01
246.360000,-1.04582091e+02,-7.31667740e+01
246.365000,-1.04581372e+02,-7.31660543e+01
246.370000,-1.04580668e+02,-7.31653502e+01
246.375000,-1.04579972e+02,-7.31646546e+01
246.380000,-1.04579294e+02,-7.31639716e+01
246.385000,-1.04578560e+02,-7.31632392e+01
246.390000,-1.04577800e+02,-7.31624786e+01
246.395000,-1.04577058e+02,-7.31617371e+01
246.400000,-1.04576342e+02,-7.31610213e+01
246.405000,-1.04575646e+02,-7.31603255e+01
246.410000,-1.04574977e+02,-7.31596564e+01
246.415000,-1.04574341e+02,-7.31590208e+01
246.420000,-1.04573719e+02,-7.31583997e+01
246.425000,-1.04573113e+02,-7.31577939e+01
246.430000,-1.04572529e+02,-7.31572105e+01
246.435000,-1.04571953e+02,-7.31566344e+01
246.440000,-1.04571386e+02,-7.31560680e+01
246.445000,-1.04570817e+02,-7.31554987e+01
246.450000,-1.04570300e+02,-7.31549824e+01
246.455000,-1.04569898e+02,-7.31545804e+01
246.460000,-1.04569539e+02,-7.31542218e+01
246.465000,-1.04569182e+02,-7.31538651e+01
246.470000,-1.04568805e+02,-7.31534882e+01
246.475000,-1.04568386e+02,-7.31530693e+01
246.480000,-1.04567915e+02,-7.31525985e+01
246.485000,-1.04567405e+02,-7.31520885e+01
246.490000,-1.04566871e+02,-7.31515552e+01
246.495000,-1.04566334e+02,-7.31510188e+01
246.500000,-1.04565762e+02,-7.31504469e+01
246.505000,-1.04565113e+02,-7.31497989e+01
246.510000,-1.04564435e+02,-7.31491208e+01
246.515000,-1.04563767e+02,-7.31484530e+01
246.520000,-1.04563134e+02,-7.31478168e+01
246.525000,-1.04562481e+02,-7.31471660e+01
246.530000,-1.04561719e+02,-7.31464031e+01
246.535000,-1.04560859e+02,-7.31455417e+01
246.540000,-1.04560026e+02,-7.31447098e+01
246.545000,-1.04559319e+02,-7.31440029e+01
246.550000,-1.04558707e+02,-7.31433917e+01
246.555000,-1.04558132e+02,-7.31428167e+01
246.560000,-1.04557566e+02,-7.31422484e+01
246.565000,-1.04557052e+02,-7.31417348e+01
246.570000,-1.04556627e+02,-7.31413102e+01
246.575000,-1.04556235e+02,-7.31409179e+01
246.580000,-1.04555846e+02,-7.31405289e+01
246.585000,-1.04555452e+02,-7.31401353e+01
246.590000,-1.04555055e+02,-7.31397371e+01
246.595000,-1.04554629e+02,-7.31393112e+01
246.600000,-1.04554146e+02,-7.31388281e+01
246.605000,-1.04553605e+02,-7.31382879e+01
246.610000,-1.04553027e+02,-7.31377092e+01
246.615000,-1.04552424e+02,-7.31371077e+01
246.620000,-1.04551808e+02,-7.31364905e+01
246.625000,-1.04551169e+02,-7.31358515e+01
246.630000,-1.04550508e+02,-7.31351906e+01
246.635000,-1.04549839e+02,-7.31345212e+01
246.640000,-1.04549176e+02,-7.31338587e+01
246.645000,-1.04548530e+02,-7.31332081e+01
246.650000,-1.04547877e+02,-7.31325564e+01
246.655000,-1.04547252e+02,-7.31319313e+01
246.660000,-1.04546667e+02,-7.31313461e+01
246.665000,-1.04546110e+02,-7.31307888e+01
246.670000,-1.04545568e+02,-7.31302434e+01
246.675000,-1.04544968e+02,-7.31296448e+01
246.680000,-1.04544343e+02,-7.31290213e+01
246.685000,-1.04543679e+02,-7.31283574e+01
246.690000,-1.04542941e+02,-7.31276193e+01
246.695000,-1.04542172e+02,-7.31268509e+01
246.700000,-1.04541396e+02,-7.31260753e+01
246.705000,-1.04540617e+02,-7.31252957e+01
246.710000,-1.04539848e+02,-7.31245276e+01
246.715000,-1.04539106e+02,-7.31237854e+01
246.720000,-1.04538364e+02,-7.31230437e+01
246.725000,-1.04537591e+02,-7.31222711e+01
246.730000,-1.04536758e+02,-7.31214389e+01
246.735000,-1.04535872e+02,-7.31205540e+01
246.740000,-1.04534970e+02,-7.31196507e+01
246.745000,-1.04534061e+02,-7.31187421e+01
246.750000,-1.04533144e+02,-7.31178260e+01
246.755000,-1.04532239e+02,-7.31169224e+01
246.760000,-1.04531392e+02,-7.31160756e+01
246.765000,-1.04530598e+02,-7.31152801e+01
246.770000,-1.04529882e+02,-7.31145645e+01
246.775000,-1.04529250e+02,-7.31139320e+01
246.780000,-1.04528639e+02,-7.31133209e+01
246.785000,-1.04528033e+02,-7.31127167e+01
246.790000,-1.04527383e+02,-7.31120658e+01
246.795000,-1.04526682e+02,-7.31113650e+01
246.800000,-1.04526001e+02,-7.31106836e+01
246.805000,-1.04525322e+02,-7.31100046e+01
246.810000,-1.04524653e+02,-7.31093382e+01
246.815000,-1.04523952e+02,-7.31086377e+01
246.820000,-1.04523202e+02,-7.31078871e+01
246.825000,-1.04522430e+02,-7.31071149e+01
246.830000,-1.04521662e+02,-7.31063470e+01
246.835000,-1.04520923e+02,-7.31056088e+01
246.840000,-1.04520231e+02,-7.31049142e+01
246.845000,-1.04519527e+02,-7.31042107e+01
246.850000,-1.04518771e+02,-7.31034535e+01
246.855000,-1.04517981e+02,-7.31026643e+01
246.860000,-1.04517181e+02,-7.31018621e+01
246.865000,-1.04516409e+02,-7.31010909e+01
246.870000,-1.04515707e+02,-7.31003891e+01
246.875000,-1.04515024e+02,-7.30997057e+01
246.880000,-1.04514326e+02,-7.30990085e+01
246.885000,-1.04513620e+02,-7.30983024e+01
246.890000,-1.04512910e+02,-7.30975923e+01
246.895000,-1.04512171e+02,-7.30968532e+01
246.900000,-1.04511384e+02,-7.30960654e+01
246.905000,-1.04510543e+02,-7.30952259e+01
246.910000,-1.04509696e+02,-7.30943788e+01
246.915000,-1.04508893e+02,-7.30935762e+01
246.920000,-1.04508130e+02,-7.30928126e+01
246.925000,-1.04507390e+02,-7.30920735e+01
246.930000,-1.04506675e+02,-7.30913557e+01
246.935000,-1.04505935e+02,-7.30906161e+01
246.940000,-1.04505138e+02,-7.30898192e+01
246.945000,-1.04504306e+02,-7.30889872e+01
246.950000,-1.04503442e+02,-7.30881232e+01
246.955000,-1.04502568e+02,-7.30872446e+01
246.960000,-1.04501643e+02,-7.30863207e+01
246.965000,-1.04500693e+02,-7.30853712e+01
246.970000,-1.04499751e+02,-7.30844302e+01
246.975000,-1.04498849e+02,-7.30835284e+01
246.980000,-1.04498015e+02,-7.30826937e+01
246.985000,-1.04497244e+02,-7.30819249e+01
246.990000,-1.04496472e+02,-7.30811531e+01
246.995000,-1.04495629e+02,-7.30803111e+01
247.000000,-1.04494738e+02,-7.30794188e+01
247.005000,-1.04493845e+02,-7.30785254e+01
247.010000,-1.04493001e+02,-7.30776822e+01
247.015000,-1.04492193e+02,-7.30768735e+01
247.020000,-1.04491404e+02,-7.30760843e+01
247.025000,-1.04490662e+02,-7.30753422e+01
247.030000,-1.04489977e+02,-7.30746535e+01
247.035000,-1.04489430e+02,-7.30741070e+01
247.040000,-1.04489170e+02,-7.30738473e+01
247.045000,-1.04489035e+02,-7.30737127e+01
247.050000,-1.04488927e+02,-7.30736042e+01
247.055000,-1.04488789e+02,-7.30734660e+01
247.060000,-1.04488601e+02,-7.30732790e+01
247.065000,-1.04488356e+02,-7.30730349e+01
247.070000,-1.04488016e+02,-7.30726944e+01
247.075000,-1.04487554e+02,-7.30722326e+01
247.080000,-1.04487007e+02,-7.30716863e+01
247.085000,-1.04486410e+02,-7.30710871e+01
247.090000,-1.04485829e+02,-7.30705083e+01
247.095000,-1.04485280e+02,-7.30699634e+01
247.100000,-1.04484551e+02,-7.30692378e+01
247.105000,-1.04483573e+02,-7.30682607e+01
247.110000,-1.04482584e+02,-7.30672714e+01
247.115000,-1.04481642e+02,-7.30663308e+01
247.120000,-1.04480774e+02,-7.30654635e+01
247.125000,-1.04479979e+02,-7.30646683e+01
247.130000,-1.04479231e+02,-7.30639180e+01
247.135000,-1.04478463e+02,-7.30631514e+01
247.140000,-1.04477664e+02,-7.30623531e+01
247.145000,-1.04476879e+02,-7.30615684e+01
247.150000,-1.04476109e+02,-7.30607986e+01
247.155000,-1.04475342e+02,-7.30600316e+01
247.160000,-1.04474572e+02,-7.30592617e+01
247.165000,-1.04473803e+02,-7.30584925e+01
247.170000,-1.04473036e+02,-7.30577266e+01
247.175000,-1.04472272e+02,-7.30569623e+01
247.180000,-1.04471506e+02,-7.30561965e+01
247.185000,-1.04470743e+02,-7.30554333e+01
247.190000,-1.04469980e+02,-7.30546707e+01
247.195000,-1.04469218e+02,-7.30539090e+01
247.200000,-1.04468454e+02,-7.30531464e+01
247.205000,-1.04467711e+02,-7.30524000e+01
247.210000,-1.04466957e+02,-7.30516444e+01
247.215000,-1.04466205e+02,-7.30508930e+01
247.220000,-1.04465553e+02,-7.30502395e+01
247.225000,-1.04464959e+02,-7.30496464e+01
247.230000,-1.04464405e+02,-7.30490879e+01
247.235000,-1.04463790e+02,-7.30484719e+01
247.240000,-1.04463142e+02,-7.30478241e+01
247.245000,-1.04462517e+02,-7.30471989e+01
247.250000,-1.04461893e+02,-7.30465742e+01
247.255000,-1.04461262e+02,-7.30459426e+01
247.260000,-1.04460662e+02,-7.30453430e+01
247.265000,-1.04460104e+02,-7.30447851e+01
247.270000,-1.04459547e+02,-7.30442286e+01
247.275000,-1.04458949e+02,-7.30436242e+01
247.280000,-1.04458150e+02,-7.30428254e+01
247.285000,-1.04457172e+02,-7.30418482e+01
247.290000,-1.04456129e+02,-7.30408054e+01
247.295000,-1.04455086e+02,-7.30397620e+01
247.300000,-1.04454077e+02,-7.30387535e+01
247.305000,-1.04453127e+02,-7.30378034e+01
247.310000,-1.04452233e+02,-7.30369105e+01
247.315000,-1.04451396e+02,-7.30360733e+01
247.320000,-1.04450663e+02,-7.30353400e+01
247.325000,-1.04450053e+02,-7.30347310e+01
247.330000,-1.04449509e+02,-7.30341868e+01
247.335000,-1.04448993e+02,-7.30336721e+01
247.340000,-1.04448450e+02,-7.30331301e+01
247.345000,-1.04447862e+02,-7.30325417e+01
247.350000,-1.04447255e+02,-7.30319360e+01
247.355000,-1.04446642e+02,-7.30313235e+01
247.360000,-1.04446019e+02,-7.30307022e+01
247.365000,-1.04445331e+02,-7.30300144e+01
247.370000,-1.04444580e+02,-7.30292633e+01
247.375000,-1.04443806e+02,-7.30284912e+01
247.380000,-1.04443049e+02,-7.30277346e+01
247.385000,-1.04442335e+02,-7.30270206e+01
247.390000,-1.04441664e+02,-7.30263500e+01
247.395000,-1.04441018e+02,-7.30257044e+01
247.400000,-1.04440374e+02,-7.30250604e+01
247.405000,-1.04439722e+02,-7.30244088e+01
247.410000,-1.04439076e+02,-7.30237604e+01
247.415000,-1.04438399e+02,-7.30230878e+01
247.420000,-1.04437569e+02,-7.30222582e+01
247.425000,-1.04436535e+02,-7.30212220e+01
247.430000,-1.04435469e+02,-7.30201569e+01
247.435000,-1.04434541e+02,-7.30192286e+01
247.440000,-1.04433742e+02,-7.30184305e+01
247.445000,-1.04433042e+02,-7.30177298e+01
247.450000,-1.04432412e+02,-7.30170994e+01
247.455000,-1.04431821e+02,-7.30165096e+01
247.460000,-1.04431257e+02,-7.30159453e+01
247.465000,-1.04430720e+02,-7.30154074e+01
247.470000,-1.04430205e+02,-7.30148927e+01
247.475000,-1.04429704e+02,-7.30143884e+01
247.480000,-1.04429188e+02,-7.30138727e+01
247.485000,-1.04428653e+02,-7.30133380e+01
247.490000,-1.04428106e+02,-7.30127904e+01
247.495000,-1.04427562e+02,-7.30122417e+01
247.500000,-1.04426974e+02,-7.30116541e+01
247.505000,-1.04426371e+02,-7.30110506e+01
247.510000,-1.04425768e+02,-7.30104475e+01
247.515000,-1.04425178e+02,-7.30098582e+01
247.520000,-1.04424602e+02,-7.30092816e+01
247.525000,-1.04424031e+02,-7.30087112e+01
247.530000,-1.04423452e+02,-7.30081332e+01
247.535000,-1.04422872e+02,-7.30075535e+01
247.540000,-1.04422319e+02,-7.30070026e+01
247.545000,-1.04421742e+02,-7.30064256e+01
247.550000,-1.04421088e+02,-7.30057711e+01
247.555000,-1.04420429e+02,-7.30051125e+01
247.560000,-1.04419829e+02,-7.30045127e+01
247.565000,-1.04419278e+02,-7.30039561e+01
247.570000,-1.04418666e+02,-7.30033446e+01
247.575000,-1.04417961e+02,-7.30026393e+01
247.580000,-1.04417224e+02,-7.30019023e+01
247.585000,-1.04416500e+02,-7.30011788e+01
247.590000,-1.04415820e+02,-7.30004990e+01
247.595000,-1.04415202e+02,-7.29998819e+01
247.600000,-1.04414633e+02,-7.29993132e+01
247.605000,-1.04414086e+02,-7.29987676e+01
247.610000,-1.04413525e+02,-7.29982076e+01
247.615000,-1.04412941e+02,-7.29976237e+01
247.620000,-1.04412375e+02,-7.29970579e+01
247.625000,-1.04411835e+02,-7.29965202e+01
247.630000,-1.04411269e+02,-7.29959540e+01
247.635000,-1.04410656e+02,-7.29953416e+01
247.640000,-1.04410035e+02,-7.29947209e+01
247.645000,-1.04409426e+02,-7.29941103e+01
247.650000,-1.04408887e+02,-7.29935720e+01
247.655000,-1.04408474e+02,-7.29931584e+01
247.660000,-1.04408098e+02,-7.29927825e+01
247.665000,-1.04407706e+02,-7.29923918e+01
247.670000,-1.04407311e+02,-7.29919962e+01
247.675000,-1.04406937e+02,-7.29916197e+01
247.680000,-1.04406521e+02,-7.29912041e+01
247.685000,-1.04406033e+02,-7.29907163e+01
247.690000,-1.04405511e+02,-7.29901949e+01
247.695000,-1.04404984e+02,-7.29896679e+01
247.700000,-1.04404463e+02,-7.29891504e+01
247.705000,-1.04403878e+02,-7.29885651e+01
247.710000,-1.04403187e+02,-7.29878742e+01
247.715000,-1.04402469e+02,-7.29871551e+01
247.720000,-1.04401798e+02,-7.29864842e+01
247.725000,-1.04401206e+02,-7.29858919e+01
247.730000,-1.04400657e+02,-7.29853435e+01
247.735000,-1.04400142e+02,-7.29848247e+01
247.740000,-1.04399647e+02,-7.29843302e+01
247.745000,-1.04399196e+02,-7.29838793e+01
247.750000,-1.04398802e+02,-7.29834853e+01
247.755000,-1.04398459e+02,-7.29831416e+01
247.760000,-1.04398158e+02,-7.29828393e+01
247.765000,-1.04397856e+02,-7.29825378e+01
247.770000,-1.04397587e+02,-7.29822684e+01
247.775000,-1.04397359e+02,-7.29820412e+01
247.780000,-1.04397165e+02,-7.29818463e+01
247.785000,-1.04396976e+02,-7.29816577e+01
247.790000,-1.04396836e+02,-7.29815179e+01
247.795000,-1.04396796e+02,-7.29814784e+01
247.800000,-1.04396812e+02,-7.29814941e+01
247.805000,-1.04396845e+02,-7.29815286e+01
247.810000,-1.04396833e+02,-7.29815170e+01
247.815000,-1.04396726e+02,-7.29814102e+01
247.820000,-1.04396564e+02,-7.29812482e+01
247.825000,-1.04396380e+02,-7.29810649e+01
247.830000,-1.04396188e+02,-7.29808736e+01
247.835000,-1.04396009e+02,-7.29806943e+01
247.840000,-1.04395858e+02,-7.29805377e+01
247.845000,-1.04395616e+02,-7.29802961e+01
247.850000,-1.04395262e+02,-7.29799433e+01
247.855000,-1.04394874e+02,-7.29795553e+01
247.860000,-1.04394503e+02,-7.29791853e+01
247.865000,-1.04394170e+02,-7.29788531e+01
247.870000,-1.04393857e+02,-7.29785403e+01
247.875000,-1.04393541e+02,-7.29782240e+01
247.880000,-1.04393242e+02,-7.29779231e+01
247.885000,-1.04393021e+02,-7.29777041e+01
247.890000,-1.04392895e+02,-7.29775777e+01
247.895000,-1.04392795e+02,-7.29774783e+01
247.900000,-1.04392725e+02,-7.29774086e+01
247.905000,-1.04392671e+02,-7.29773560e+01
247.910000,-1.04392643e+02,-7.29773273e+01
247.915000,-1.04392643e+02,-7.29773274e+01
247.920000,-1.04392643e+02,-7.29773274e+01
247.925000,-1.04392641e+02,-7.29773251e+01
247.930000,-1.04392635e+02,-7.29773194e+01
247.935000,-1.04392622e+02,-7.29773072e+01
247.940000,-1.04392612e+02,-7.29772947e+01
247.945000,-1.04392565e+02,-7.29772483e+01
247.950000,-1.04392467e+02,-7.29771501e+01
247.955000,-1.04392337e+02,-7.29770197e+01
247.960000,-1.04392218e+02,-7.29769004e+01
247.965000,-1.04392133e+02,-7.29768152e+01
247.970000,-1.04392071e+02,-7.29767568e+01
247.975000,-1.04391951e+02,-7.29766351e+01
247.980000,-1.04391726e+02,-7.29764108e+01
247.985000,-1.04391482e+02,-7.29761664e+01
247.990000,-1.04391243e+02,-7.29759286e+01
247.995000,-1.04391057e+02,-7.29757425e+01
248.000000,-1.04390906e+02,-7.29755909e+01
248.005000,-1.04390737e+02,-7.29754223e+01
248.010000,-1.04390563e+02,-7.29752490e+01
248.015000,-1.04390406e+02,-7.29750883e+01
248.020000,-1.04390205e+02,-7.29748883e+01
248.025000,-1.04389979e+02,-7.29746619e+01
248.030000,-1.04389763e+02,-7.29744446e+01
248.035000,-1.04389602e+02,-7.29742839e+01
248.040000,-1.04389533e+02,-7.29742153e+01
248.045000,-1.04389517e+02,-7.29741995e+01
248.050000,-1.04389529e+02,-7.29742113e+01
248.055000,-1.04389539e+02,-7.29742215e+01
248.060000,-1.04389536e+02,-7.29742182e+01
248.065000,-1.04389524e+02,-7.29742087e+01
248.070000,-1.04389477e+02,-7.29741617e+01
248.075000,-1.04389346e+02,-7.29740312e+01
248.080000,-1.04389172e+02,-7.29738578e+01
248.085000,-1.04388984e+02,-7.29736697e+01
248.090000,-1.04388796e+02,-7.29734815e+01
248.095000,-1.04388612e+02,-7.29732992e+01
248.100000,-1.04388446e+02,-7.29731336e+01
248.105000,-1.04388302e+02,-7.29729886e+01
248.110000,-1.04388185e+02,-7.29728674e+01
248.115000,-1.04388009e+02,-7.29726895e+01
248.120000,-1.04387790e+02,-7.29724710e+01
248.125000,-1.04387592e+02,-7.29722737e+01
248.130000,-1.04387369e+02,-7.29720502e+01
248.135000,-1.04387137e+02,-7.29718182e+01
248.140000,-1.04386912e+02,-7.29715951e+01
248.145000,-1.04386656e+02,-7.29713386e+01
248.150000,-1.04386361e+02,-7.29710447e+01
248.155000,-1.04386077e+02,-7.29707614e+01
248.160000,-1.04385834e+02,-7.29705179e+01
248.165000,-1.04385615e+02,-7.29702997e+01
248.170000,-1.04385425e+02,-7.29701096e+01
248.175000,-1.04385254e+02,-7.29699383e+01
248.180000,-1.04385085e+02,-7.29697697e+01
248.185000,-1.04384926e+02,-7.29696105e+01
248.190000,-1.04384791e+02,-7.29694759e+01
248.195000,-1.04384691e+02,-7.29693739e+01
248.200000,-1.04384576e+02,-7.29692585e+01
248.205000,-1.04384447e+02,-7.29691284e+01
248.210000,-1.04384350e+02,-7.29690317e+01
248.215000,-1.04384287e+02,-7.29689691e+01
248.220000,-1.04384266e+02,-7.29689471e+01
248.225000,-1.04384313e+02,-7.29689937e+01
248.230000,-1.04384435e+02,-7.29691169e+01
248.235000,-1.04384622e+02,-7.29693072e+01
248.240000,-1.04384798e+02,-7.29694836e+01
248.245000,-1.04384895e+02,-7.29695824e+01
248.250000,-1.04384977e+02,-7.29696620e+01
248.255000,-1.04385011e+02,-7.29696962e+01
248.260000,-1.04384991e+02,-7.29696761e+01
248.265000,-1.04384953e+02,-7.29696384e+01
248.270000,-1.04384938e+02,-7.29696193e+01
248.275000,-1.04384882e+02,-7.29695625e+01
248.280000,-1.04384825e+02,-7.29695057e+01
248.285000,-1.04384833e+02,-7.29695146e+01
248.290000,-1.04384886e+02,-7.29695680e+01
248.295000,-1.04384969e+02,-7.29696505e+01
248.300000,-1.04385068e+02,-7.29697499e+01
248.305000,-1.04385166e+02,-7.29698482e+01
248.310000,-1.04385248e+02,-7.29699302e+01
248.315000,-1.04385311e+02,-7.29699928e+01
248.320000,-1.04385358e+02,-7.29700419e+01
248.325000,-1.04385350e+02,-7.29700349e+01
248.330000,-1.04385247e+02,-7.29699322e+01
248.335000,-1.04385090e+02,-7.29697755e+01
248.340000,-1.04384905e+02,-7.29695913e+01
248.345000,-1.04384721e+02,-7.29694077e+01
248.350000,-1.04384562e+02,-7.29692487e+01
248.355000,-1.04384420e+02,-7.29691050e+01
248.360000,-1.04384318e+02,-7.29690019e+01
248.365000,-1.04384304e+02,-7.29689826e+01
248.370000,-1.04384243e+02,-7.29689229e+01
248.375000,-1.04384103e+02,-7.29687834e+01
248.380000,-1.04383902e+02,-7.29685827e+01
248.385000,-1.04383651e+02,-7.29683315e+01
248.390000,-1.04383401e+02,-7.29680821e+01
248.395000,-1.04383183e+02,-7.29678667e+01
248.400000,-1.04382969e+02,-7.29676527e+01
248.405000,-1.04382763e+02,-7.29674472e+01
248.410000,-1.04382583e+02,-7.29672676e+01
248.415000,-1.04382433e+02,-7.29671170e+01
248.420000,-1.04382311e+02,-7.29669954e+01
248.425000,-1.04382213e+02,-7.29668978e+01
248.430000,-1.04382125e+02,-7.29668095e+01
248.435000,-1.04382030e+02,-7.29667150e+01
248.440000,-1.04381924e+02,-7.29666090e+01
248.445000,-1.04381813e+02,-7.29664943e+01
248.450000,-1.04381679e+02,-7.29663606e+01
248.455000,-1.04381518e+02,-7.29661999e+01
248.460000,-1.04381330e+02,-7.29660115e+01
248.465000,-1.04381116e+02,-7.29657967e+01
248.470000,-1.04380900e+02,-7.29655822e+01
248.475000,-1.04380733e+02,-7.29654155e+01
248.480000,-1.04380595e+02,-7.29652778e+01
248.485000,-1.04380434e+02,-7.29651169e+01
248.490000,-1.04380247e+02,-7.29649331e+01
248.495000,-1.04379965e+02,-7.29646517e+01
248.500000,-1.04379543e+02,-7.29642300e+01
248.505000,-1.04379063e+02,-7.29637484e+01
248.510000,-1.04378537e+02,-7.29632222e+01
248.515000,-1.04377980e+02,-7.29626651e+01
248.520000,-1.04377446e+02,-7.29621266e+01
248.525000,-1.04376941e+02,-7.29616227e+01
248.530000,-1.04376534e+02,-7.29612156e+01
248.535000,-1.04376209e+02,-7.29608906e+01
248.540000,-1.04375952e+02,-7.29606337e+01
248.545000,-1.04375752e+02,-7.29604335e+01
248.550000,-1.04375605e+02,-7.29602865e+01
248.555000,-1.04375505e+02,-7.29601879e+01
248.560000,-1.04375434e+02,-7.29601166e+01
248.565000,-1.04375373e+02,-7.29600567e+01
248.570000,-1.04375262e+02,-7.29599458e+01
248.575000,-1.04375029e+02,-7.29597139e+01
248.580000,-1.04374715e+02,-7.29593994e+01
248.585000,-1.04374357e+02,-7.29590427e+01
248.590000,-1.04373991e+02,-7.29586771e+01
248.595000,-1.04373639e+02,-7.29583238e+01
248.600000,-1.04373351e+02,-7.29580354e+01
248.605000,-1.04373182e+02,-7.29578669e+01
248.610000,-1.04373071e+02,-7.29577553e+01
248.615000,-1.04372981e+02,-7.29576659e+01
248.620000,-1.04372909e+02,-7.29575890e+01
248.625000,-1.04372755e+02,-7.29574361e+01
248.630000,-1.04372466e+02,-7.29571468e+01
248.635000,-1.04372080e+02,-7.29567613e+01
248.640000,-1.04371672e+02,-7.29563556e+01
248.645000,-1.04371227e+02,-7.29559115e+01
248.650000,-1.04370765e+02,-7.29554492e+01
248.655000,-1.04370347e+02,-7.29550316e+01
248.660000,-1.04369981e+02,-7.29546654e+01
248.665000,-1.04369662e+02,-7.29543465e+01
248.670000,-1.04369381e+02,-7.29540656e+01
248.675000,-1.04369127e+02,-7.29538123e+01
248.680000,-1.04368899e+02,-7.29535845e+01
248.685000,-1.04368683e+02,-7.29533685e+01
248.690000,-1.04368469e+02,-7.29531515e+01
248.695000,-1.04368211e+02,-7.29528930e+01
248.700000,-1.04367916e+02,-7.29525979e+01
248.705000,-1.04367632e+02,-7.29523142e+01
248.710000,-1.04367354e+02,-7.29520353e+01
248.715000,-1.04367095e+02,-7.29517773e+01
248.720000,-1.04366894e+02,-7.29515769e+01
248.725000,-1.04366751e+02,-7.29514342e+01
248.730000,-1.04366633e+02,-7.29513163e+01
248.735000,-1.04366516e+02,-7.29511995e+01
248.740000,-1.04366399e+02,-7.29510859e+01
248.745000,-1.04366201e+02,-7.29508877e+01
248.750000,-1.04365871e+02,-7.29505561e+01
248.755000,-1.04365443e+02,-7.29501283e+01
248.760000,-1.04364955e+02,-7.29496406e+01
248.765000,-1.04364484e+02,-7.29491660e+01
248.770000,-1.04363985e+02,-7.29486655e+01
248.775000,-1.04363503e+02,-7.29481847e+01
248.780000,-1.04363115e+02,-7.29477968e+01
248.785000,-1.04362802e+02,-7.29474834e+01
248.790000,-1.04362549e+02,-7.29472303e+01
248.795000,-1.04362347e+02,-7.29470287e+01
248.800000,-1.04362189e+02,-7.29468705e+01
248.805000,-1.04362059e+02,-7.29467415e+01
248.810000,-1.04361950e+02,-7.29466338e+01
248.815000,-1.04361806e+02,-7.29464901e+01
248.820000,-1.04361580e+02,-7.29462644e+01
248.825000,-1.04361307e+02,-7.29459923e+01
248.830000,-1.04361005e+02,-7.29456912e+01
248.835000,-1.04360703e+02,-7.29453891e+01
248.840000,-1.04360426e+02,-7.29451105e+01
248.845000,-1.04360213e+02,-7.29448971e+01
248.850000,-1.04360102e+02,-7.29447866e+01
248.855000,-1.04360024e+02,-7.29447089e+01
248.860000,-1.04359943e+02,-7.29446283e+01
248.865000,-1.04359851e+02,-7.29445358e+01
248.870000,-1.04359760e+02,-7.29444404e+01
248.875000,-1.04359584e+02,-7.29442652e+01
248.880000,-1.04359279e+02,-7.29439607e+01
248.885000,-1.04358895e+02,-7.29435759e+01
248.890000,-1.04358506e+02,-7.29431897e+01
248.895000,-1.04358092e+02,-7.29427763e+01
248.900000,-1.04357665e+02,-7.29423492e+01
248.905000,-1.04357289e+02,-7.29419740e+01
248.910000,-1.04356972e+02,-7.29416574e+01
248.915000,-1.04356721e+02,-7.29414059e+01
248.920000,-1.04356529e+02,-7.29412140e+01
248.925000,-1.04356373e+02,-7.29410582e+01
248.930000,-1.04356245e+02,-7.29409302e+01
248.935000,-1.04356134e+02,-7.29408176e+01
248.940000,-1.04355978e+02,-7.29406616e+01
248.945000,-1.04355745e+02,-7.29404278e+01
248.950000,-1.04355487e+02,-7.29401698e+01
248.955000,-1.04355239e+02,-7.29399212e+01
248.960000,-1.04354984e+02,-7.29396671e+01
248.965000,-1.04354772e+02,-7.29394554e+01
248.970000,-1.04354641e+02,-7.29393240e+01
248.975000,-1.04354545e+02,-7.29392287e+01
248.980000,-1.04354452e+02,-7.29391356e+01
248.985000,-1.04354343e+02,-7.29390264e+01
248.990000,-1.04354224e+02,-7.29389105e+01
248.995000,-1.04354022e+02,-7.29387087e+01
249.000000,-1.04353693e+02,-7.29383780e+01
249.005000,-1.04353275e+02,-7.29379606e+01
249.010000,-1.04352825e+02,-7.29375063e+01
249.015000,-1.04352326e+02,-7.29370084e+01
249.020000,-1.04351819e+02,-7.29365018e+01
249.025000,-1.04351352e+02,-7.29360331e+01
249.030000,-1.04350975e+02,-7.29356565e+01
249.035000,-1.04350724e+02,-7.29354056e+01
249.040000,-1.04350564e+02,-7.29352459e+01
249.045000,-1.04350474e+02,-7.29351555e+01
249.050000,-1.04350430e+02,-7.29351130e+01
249.055000,-1.04350374e+02,-7.29350580e+01
249.060000,-1.04350245e+02,-7.29349293e+01
249.065000,-1.04350063e+02,-7.29347473e+01
249.070000,-1.04349847e+02,-7.29345316e+01
249.075000,-1.04349619e+02,-7.29343036e+01
249.080000,-1.04349390e+02,-7.29340751e+01
249.085000,-1.04349165e+02,-7.29338516e+01
249.090000,-1.04348965e+02,-7.29336497e+01
249.095000,-1.04348850e+02,-7.29335344e+01
249.100000,-1.04348854e+02,-7.29335390e+01
249.105000,-1.04348900e+02,-7.29335850e+01
249.110000,-1.04348947e+02,-7.29336317e+01
249.115000,-1.04348993e+02,-7.29336733e+01
249.120000,-1.04348944e+02,-7.29336254e+01
249.125000,-1.04348754e+02,-7.29334356e+01
249.130000,-1.04348475e+02,-7.29331581e+01
249.135000,-1.04348120e+02,-7.29328035e+01
249.140000,-1.04347716e+02,-7.29323998e+01
249.145000,-1.04347319e+02,-7.29320027e+01
249.150000,-1.04346957e+02,-7.29316409e+01
249.155000,-1.04346636e+02,-7.29313214e+01
249.160000,-1.04346382e+02,-7.29310675e+01
249.165000,-1.04346215e+02,-7.29309000e+01
249.170000,-1.04346105e+02,-7.29307905e+01
249.175000,-1.04346042e+02,-7.29307250e+01
249.180000,-1.04345967e+02,-7.29306506e+01
249.185000,-1.04345842e+02,-7.29305258e+01
249.190000,-1.04345685e+02,-7.29303681e+01
249.195000,-1.04345506e+02,-7.29301886e+01
249.200000,-1.04345339e+02,-7.29300214e+01
249.205000,-1.04345200e+02,-7.29298830e+01
249.210000,-1.04345065e+02,-7.29297472e+01
249.215000,-1.04344948e+02,-7.29296314e+01
249.220000,-1.04344894e+02,-7.29295769e+01
249.225000,-1.04344888e+02,-7.29295718e+01
249.230000,-1.04344891e+02,-7.29295742e+01
249.235000,-1.04344884e+02,-7.29295712e+01
249.240000,-1.04344790e+02,-7.29294751e+01
249.245000,-1.04344511e+02,-7.29291958e+01
249.250000,-1.04344112e+02,-7.29287969e+01
249.255000,-1.04343691e+02,-7.29283725e+01
249.260000,-1.04343218e+02,-7.29278995e+01
249.265000,-1.04342728e+02,-7.29274099e+01
249.270000,-1.04342275e+02,-7.29269576e+01
249.275000,-1.04341886e+02,-7.29265679e+01
249.280000,-1.04341561e+02,-7.29262434e+01
249.285000,-1.04341293e+02,-7.29259742e+01
249.290000,-1.04341110e+02,-7.29257931e+01
249.295000,-1.04340990e+02,-7.29256739e+01
249.300000,-1.04340839e+02,-7.29255226e+01
249.305000,-1.04340670e+02,-7.29253537e+01
249.310000,-1.04340490e+02,-7.29251739e+01
249.315000,-1.04340298e+02,-7.29249827e+01
249.320000,-1.04340100e+02,-7.29247844e+01
249.325000,-1.04339898e+02,-7.29245828e+01
249.330000,-1.04339703e+02,-7.29243878e+01
249.335000,-1.04339519e+02,-7.29242052e+01
249.340000,-1.04339359e+02,-7.29240457e+01
249.345000,-1.04339233e+02,-7.29239181e+01
249.350000,-1.04339166e+02,-7.29238516e+01
249.355000,-1.04339192e+02,-7.29238768e+01
249.360000,-1.04339265e+02,-7.29239455e+01
249.365000,-1.04339249e+02,-7.29239300e+01
249.370000,-1.04339108e+02,-7.29237914e+01
249.375000,-1.04338864e+02,-7.29235472e+01
249.380000,-1.04338560e+02,-7.29232431e+01
249.385000,-1.04338268e+02,-7.29229517e+01
249.390000,-1.04338022e+02,-7.29227059e+01
249.395000,-1.04337831e+02,-7.29225146e+01
249.400000,-1.04337697e+02,-7.29223807e+01
249.405000,-1.04337614e+02,-7.29222952e+01
249.410000,-1.04337528e+02,-7.29222097e+01
249.415000,-1.04337416e+02,-7.29220993e+01
249.420000,-1.04337314e+02,-7.29219970e+01
249.425000,-1.04337248e+02,-7.29219307e+01
249.430000,-1.04337218e+02,-7.29219004e+01
249.435000,-1.04337215e+02,-7.29218980e+01
249.440000,-1.04337231e+02,-7.29219137e+01
249.445000,-1.04337261e+02,-7.29219439e+01
249.450000,-1.04337300e+02,-7.29219832e+01
249.455000,-1.04337337e+02,-7.29220191e+01
249.460000,-1.04337385e+02,-7.29220674e+01
249.465000,-1.04337454e+02,-7.29221365e+01
249.470000,-1.04337561e+02,-7.29222437e+01
249.475000,-1.04337733e+02,-7.29224191e+01
249.480000,-1.04337852e+02,-7.29225362e+01
249.485000,-1.04337801e+02,-7.29224850e+01
249.490000,-1.04337635e+02,-7.29223153e+01
249.495000,-1.04337345e+02,-7.29220262e+01
249.500000,-1.04336988e+02,-7.29216693e+01
249.505000,-1.04336631e+02,-7.29213129e+01
249.510000,-1.04336310e+02,-7.29209916e+01
249.515000,-1.04336033e+02,-7.29207151e+01
249.520000,-1.04335798e+02,-7.29204826e+01
249.525000,-1.04335546e+02,-7.29202298e+01
249.530000,-1.04335218e+02,-7.29199022e+01
249.535000,-1.04334864e+02,-7.29195494e+01
249.540000,-1.04334518e+02,-7.29192030e+01
249.545000,-1.04334189e+02,-7.29188748e+01
249.550000,-1.04333879e+02,-7.29185635e+01
249.555000,-1.04333625e+02,-7.29183105e+01
249.560000,-1.04333467e+02,-7.29181525e+01
249.565000,-1.04333364e+02,-7.29180498e+01
249.570000,-1.04333298e+02,-7.29179840e+01
249.575000,-1.04333254e+02,-7.29179402e+01
249.580000,-1.04333223e+02,-7.29179090e+01
249.585000,-1.04333205e+02,-7.29178913e+01
249.590000,-1.04333196e+02,-7.29178836e+01
249.595000,-1.04333212e+02,-7.29178940e+01
249.600000,-1.04333155e+02,-7.29178372e+01
249.605000,-1.04333018e+02,-7.29177008e+01
249.610000,-1.04332904e+02,-7.29175882e+01
249.615000,-1.04332756e+02,-7.29174402e+01
249.620000,-1.04332568e+02,-7.29172531e+01
249.625000,-1.04332388e+02,-7.29170723e+01
249.630000,-1.04332235e+02,-7.29169194e+01
249.635000,-1.04332110e+02,-7.29167946e+01
249.640000,-1.04332017e+02,-7.29166988e+01
249.645000,-1.04331895e+02,-7.29165772e+01
249.650000,-1.04331704e+02,-7.29163869e+01
249.655000,-1.04331489e+02,-7.29161710e+01
249.660000,-1.04331285e+02,-7.29159673e+01
249.665000,-1.04331110e+02,-7.29157925e+01
249.670000,-1.04330967e+02,-7.29156497e+01
249.675000,-1.04330858e+02,-7.29155408e+01
249.680000,-1.04330767e+02,-7.29154506e+01
249.685000,-1.04330690e+02,-7.29153736e+01
249.690000,-1.04330646e+02,-7.29153298e+01
249.695000,-1.04330627e+02,-7.29153103e+01
249.700000,-1.04330618e+02,-7.29153017e+01
249.705000,-1.04330607e+02,-7.29152912e+01
249.710000,-1.04330590e+02,-7.29152759e+01
249.715000,-1.04330506e+02,-7.29151923e+01
249.720000,-1.04330318e+02,-7.29150014e+01
249.725000,-1.04330046e+02,-7.29147307e+01
249.730000,-1.04329769e+02,-7.29144488e+01
249.735000,-1.04329450e+02,-7.29141314e+01
249.740000,-1.04329100e+02,-7.29137808e+01
249.745000,-1.04328754e+02,-7.29134353e+01
249.750000,-1.04328437e+02,-7.29131205e+01
249.755000,-1.04328117e+02,-7.29128007e+01
249.760000,-1.04327746e+02,-7.29124297e+01
249.765000,-1.04327352e+02,-7.29120359e+01
249.770000,-1.04326957e+02,-7.29116410e+01
249.775000,-1.04326590e+02,-7.29112741e+01
249.780000,-1.04326270e+02,-7.29109544e+01
249.785000,-1.04326003e+02,-7.29106875e+01
249.790000,-1.04325780e+02,-7.29104653e+01
249.795000,-1.04325591e+02,-7.29102767e+01
249.800000,-1.04325427e+02,-7.29101134e+01
249.805000,-1.04325280e+02,-7.29099660e+01
249.810000,-1.04325139e+02,-7.29098260e+01
249.815000,-1.04325008e+02,-7.29096950e+01
249.820000,-1.04324884e+02,-7.29095697e+01
249.825000,-1.04324802e+02,-7.29094880e+01
249.830000,-1.04324815e+02,-7.29094956e+01
249.835000,-1.04324785e+02,-7.29094669e+01
249.840000,-1.04324630e+02,-7.29093133e+01
249.845000,-1.04324381e+02,-7.29090660e+01
249.850000,-1.04324029e+02,-7.29087151e+01
249.855000,-1.04323614e+02,-7.29083000e+01
249.860000,-1.04323220e+02,-7.29079064e+01
249.865000,-1.04322879e+02,-7.29075614e+01
249.870000,-1.04322603e+02,-7.29072859e+01
249.875000,-1.04322429e+02,-7.29071109e+01
249.880000,-1.04322324e+02,-7.29070063e+01
249.885000,-1.04322263e+02,-7.29069457e+01
249.890000,-1.04322224e+02,-7.29069063e+01
249.895000,-1.04322201e+02,-7.29068838e+01
249.900000,-1.04322194e+02,-7.29068764e+01
249.905000,-1.04322200e+02,-7.29068824e+01
249.910000,-1.04322213e+02,-7.29068959e+01
249.915000,-1.04322222e+02,-7.29069047e+01
249.920000,-1.04322217e+02,-7.29068996e+01
249.925000,-1.04322181e+02,-7.29068640e+01
249.930000,-1.04322105e+02,-7.29067884e+01
249.935000,-1.04322000e+02,-7.29066836e+01
249.940000,-1.04321881e+02,-7.29065639e+01
249.945000,-1.04321756e+02,-7.29064421e+01
249.950000,-1.04321550e+02,-7.29062366e+01
249.955000,-1.04321218e+02,-7.29059027e+01
249.960000,-1.04320795e+02,-7.29054803e+01
249.965000,-1.04320341e+02,-7.29050218e+01
249.970000,-1.04319824e+02,-7.29045057e+01
249.975000,-1.04319281e+02,-7.29039637e+01
249.980000,-1.04318750e+02,-7.29034318e+01
249.985000,-1.04318248e+02,-7.29029301e+01
249.990000,-1.04317818e+02,-7.29024999e+01
249.995000,-1.04317450e+02,-7.29021340e+01
250.000000,-1.04317174e+02,-7.29018583e+01
250.005000,-1.04317002e+02,-7.29016868e+01
