time,T_dna,T_res
250.005000,-9.30939726e+01,-6.16787435e+01
250.010000,-9.30937467e+01,-6.16785179e+01
250.015000,-9.30935105e+01,-6.16782814e+01
250.020000,-9.30932658e+01,-6.16780369e+01
250.025000,-9.30930198e+01,-6.16777908e+01
250.030000,-9.30927720e+01,-6.16775430e+01
250.035000,-9.30925568e+01,-6.16773278e+01
250.040000,-9.30924980e+01,-6.16772692e+01
250.045000,-9.30928315e+01,-6.16776028e+01
250.050000,-9.30938674e+01,-6.16786388e+01
250.055000,-9.30959322e+01,-6.16807038e+01
250.060000,-9.30993283e+01,-6.16841001e+01
250.065000,-9.31043187e+01,-6.16890907e+01
250.070000,-9.31111233e+01,-6.16958956e+01
250.075000,-9.31199164e+01,-6.17046890e+01
250.080000,-9.31308230e+01,-6.17155959e+01
250.085000,-9.31439195e+01,-6.17286926e+01
250.090000,-9.31592387e+01,-6.17440120e+01
250.095000,-9.31767782e+01,-6.17615517e+01
250.100000,-9.31965065e+01,-6.17812801e+01
250.105000,-9.32183688e+01,-6.18031426e+01
250.110000,-9.32422912e+01,-6.18270651e+01
250.115000,-9.32681849e+01,-6.18529589e+01
250.120000,-9.32959504e+01,-6.18807244e+01
250.125000,-9.33254807e+01,-6.19102548e+01
250.130000,-9.33566646e+01,-6.19414386e+01
250.135000,-9.33893883e+01,-6.19741623e+01
250.140000,-9.34235376e+01,-6.20083115e+01
250.145000,-9.34589992e+01,-6.20437731e+01
250.150000,-9.34956622e+01,-6.20804359e+01
250.155000,-9.35334185e+01,-6.21181921e+01
250.160000,-9.35721642e+01,-6.21569375e+01
250.165000,-9.36117992e+01,-6.21965723e+01
250.170000,-9.36522280e+01,-6.22370010e+01
250.175000,-9.36933598e+01,-6.22781325e+01
250.180000,-9.37351084e+01,-6.23198808e+01
250.185000,-9.37773920e+01,-6.23621642e+01
250.190000,-9.38201337e+01,-6.24049056e+01
250.195000,-9.38632610e+01,-6.24480326e+01
250.200000,-9.39067054e+01,-6.24914767e+01
250.205000,-9.39504028e+01,-6.25351738e+01
250.210000,-9.39942931e+01,-6.25790637e+01
250.215000,-9.40383199e+01,-6.26230902e+01
250.220000,-9.40824307e+01,-6.26672006e+01
250.225000,-9.41265766e+01,-6.27113462e+01
250.230000,-9.41707122e+01,-6.27554813e+01
250.235000,-9.42147951e+01,-6.27995640e+01
250.240000,-9.42587865e+01,-6.28435550e+01
250.245000,-9.43026502e+01,-6.28874182e+01
250.250000,-9.43463527e+01,-6.29311204e+01
250.255000,-9.43898635e+01,-6.29746308e+01
250.260000,-9.44331542e+01,-6.30179211e+01
250.265000,-9.44761986e+01,-6.30609652e+01
250.270000,-9.45189730e+01,-6.31037391e+01
250.275000,-9.45614553e+01,-6.31462211e+01
250.280000,-9.46036254e+01,-6.31883908e+01
250.285000,-9.46454648e+01,-6.32302297e+01
250.290000,-9.46869566e+01,-6.32717211e+01
250.295000,-9.47280853e+01,-6.33128494e+01
250.300000,-9.47688369e+01,-6.33536007e+01
250.305000,-9.48091988e+01,-6.33939621e+01
250.310000,-9.48491593e+01,-6.34339223e+01
250.315000,-9.48887083e+01,-6.34734709e+01
250.320000,-9.49278366e+01,-6.35125988e+01
250.325000,-9.49665360e+01,-6.35512978e+01
250.330000,-9.50047995e+01,-6.35895610e+01
250.335000,-9.50426209e+01,-6.36273820e+01
250.340000,-9.50799950e+01,-6.36647557e+01
250.345000,-9.51169172e+01,-6.37016776e+01
250.350000,-9.51533840e+01,-6.37381439e+01
250.355000,-9.51893922e+01,-6.37741519e+01
250.360000,-9.52249398e+01,-6.38096991e+01
250.365000,-9.52600250e+01,-6.38447839e+01
250.370000,-9.52946468e+01,-6.38794053e+01
250.375000,-9.53288045e+01,-6.39135627e+01
250.380000,-9.53624980e+01,-6.39472558e+01
250.385000,-9.53957275e+01,-6.39804850e+01
250.390000,-9.54284936e+01,-6.40132508e+01
250.395000,-9.54607972e+01,-6.40455540e+01
250.400000,-9.54926394e+01,-6.40773959e+01
250.405000,-9.55240218e+01,-6.41087779e+01
250.410000,-9.55549461e+01,-6.41397020e+01
250.415000,-9.55854144e+01,-6.41701700e+01
250.420000,-9.56154291e+01,-6.42001843e+01
250.425000,-9.56449928e+01,-6.42297477e+01
250.430000,-9.56741084e+01,-6.42588630e+01
250.435000,-9.57027790e+01,-6.42875333e+01
250.440000,-9.57310080e+01,-6.43157620e+01
250.445000,-9.57587987e+01,-6.43435524e+01
250.450000,-9.57861547e+01,-6.43709081e+01
250.455000,-9.58130796e+01,-6.43978328e+01
250.460000,-9.58395773e+01,-6.44243301e+01
250.465000,-9.58656513e+01,-6.44504039e+01
250.470000,-9.58913054e+01,-6.44760577e+01
250.475000,-9.59165435e+01,-6.45012956e+01
250.480000,-9.59413695e+01,-6.45261213e+01
250.485000,-9.59657873e+01,-6.45505388e+01
250.490000,-9.59898013e+01,-6.45745526e+01
250.495000,-9.60134159e+01,-6.45981669e+01
250.500000,-9.60366357e+01,-6.46213865e+01
250.505000,-9.60594655e+01,-6.46442161e+01
250.510000,-9.60819101e+01,-6.46666604e+01
250.515000,-9.61039742e+01,-6.46887242e+01
250.520000,-9.61256626e+01,-6.47104124e+01
250.525000,-9.61469801e+01,-6.47317296e+01
250.530000,-9.61679314e+01,-6.47526808e+01
250.535000,-9.61885214e+01,-6.47732705e+01
250.540000,-9.62087549e+01,-6.47935038e+01
250.545000,-9.62286367e+01,-6.48133854e+01
250.550000,-9.62481717e+01,-6.48329202e+01
250.555000,-9.62673646e+01,-6.48521128e+01
250.560000,-9.62862199e+01,-6.48709679e+01
250.565000,-9.63047420e+01,-6.48894899e+01
250.570000,-9.63229354e+01,-6.49076831e+01
250.575000,-9.63408042e+01,-6.49255517e+01
250.580000,-9.63583525e+01,-6.49430998e+01
250.585000,-9.63755843e+01,-6.49603314e+01
250.590000,-9.63925037e+01,-6.49772506e+01
250.595000,-9.64091147e+01,-6.49938614e+01
250.600000,-9.64254213e+01,-6.50101678e+01
250.605000,-9.64414275e+01,-6.50261739e+01
250.610000,-9.64571376e+01,-6.50418838e+01
250.615000,-9.64725555e+01,-6.50573015e+01
250.620000,-9.64876853e+01,-6.50724312e+01
250.625000,-9.65025313e+01,-6.50872770e+01
250.630000,-9.65170975e+01,-6.51018430e+01
250.635000,-9.65313879e+01,-6.51161333e+01
250.640000,-9.65454067e+01,-6.51301520e+01
250.645000,-9.65591578e+01,-6.51439029e+01
250.650000,-9.65726452e+01,-6.51573901e+01
250.655000,-9.65858727e+01,-6.51706175e+01
250.660000,-9.65988443e+01,-6.51835890e+01
250.665000,-9.66115638e+01,-6.51963084e+01
250.670000,-9.66240351e+01,-6.52087795e+01
250.675000,-9.66362619e+01,-6.52210061e+01
250.680000,-9.66482478e+01,-6.52329918e+01
250.685000,-9.66599963e+01,-6.52447403e+01
250.690000,-9.66715109e+01,-6.52562548e+01
250.695000,-9.66827950e+01,-6.52675387e+01
250.700000,-9.66938519e+01,-6.52785955e+01
250.705000,-9.67046849e+01,-6.52894283e+01
250.710000,-9.67152971e+01,-6.53000405e+01
250.715000,-9.67256919e+01,-6.53104351e+01
250.720000,-9.67358723e+01,-6.53206154e+01
250.725000,-9.67458414e+01,-6.53305844e+01
250.730000,-9.67556023e+01,-6.53403452e+01
250.735000,-9.67651580e+01,-6.53499008e+01
250.740000,-9.67745115e+01,-6.53592542e+01
250.745000,-9.67836657e+01,-6.53684083e+01
250.750000,-9.67926237e+01,-6.53773662e+01
250.755000,-9.68013885e+01,-6.53861308e+01
250.760000,-9.68099631e+01,-6.53947053e+01
250.765000,-9.68183504e+01,-6.54030926e+01
250.770000,-9.68265533e+01,-6.54112954e+01
250.775000,-9.68345746e+01,-6.54193166e+01
250.780000,-9.68424169e+01,-6.54271588e+01
250.785000,-9.68500828e+01,-6.54348246e+01
250.790000,-9.68575748e+01,-6.54423165e+01
250.795000,-9.68648956e+01,-6.54496372e+01
250.800000,-9.68720475e+01,-6.54567891e+01
250.805000,-9.68790332e+01,-6.54637747e+01
250.810000,-9.68858550e+01,-6.54705964e+01
250.815000,-9.68925155e+01,-6.54772568e+01
250.820000,-9.68990171e+01,-6.54837584e+01
250.825000,-9.69053624e+01,-6.54901036e+01
250.830000,-9.69115539e+01,-6.54962950e+01
250.835000,-9.69175941e+01,-6.55023351e+01
250.840000,-9.69234854e+01,-6.55082264e+01
250.845000,-9.69292301e+01,-6.55139710e+01
250.850000,-9.69348304e+01,-6.55195712e+01
250.855000,-9.69402886e+01,-6.55250293e+01
250.860000,-9.69456066e+01,-6.55303473e+01
250.865000,-9.69507867e+01,-6.55355273e+01
250.870000,-9.69558307e+01,-6.55405713e+01
250.875000,-9.69607410e+01,-6.55454814e+01
250.880000,-9.69655194e+01,-6.55502599e+01
250.885000,-9.69701683e+01,-6.55549086e+01
250.890000,-9.69746895e+01,-6.55594298e+01
250.895000,-9.69790852e+01,-6.55638255e+01
250.900000,-9.69833573e+01,-6.55680975e+01
250.905000,-9.69875075e+01,-6.55722477e+01
250.910000,-9.69915377e+01,-6.55762778e+01
250.915000,-9.69954496e+01,-6.55801896e+01
250.920000,-9.69992449e+01,-6.55839849e+01
250.925000,-9.70029254e+01,-6.55876653e+01
250.930000,-9.70064928e+01,-6.55912327e+01
250.935000,-9.70099490e+01,-6.55946889e+01
250.940000,-9.70132956e+01,-6.55980354e+01
250.945000,-9.70165345e+01,-6.56012743e+01
250.950000,-9.70196673e+01,-6.56044071e+01
250.955000,-9.70226958e+01,-6.56074355e+01
250.960000,-9.70256216e+01,-6.56103613e+01
250.965000,-9.70284463e+01,-6.56131859e+01
250.970000,-9.70311715e+01,-6.56159111e+01
250.975000,-9.70337988e+01,-6.56185383e+01
250.980000,-9.70363297e+01,-6.56210692e+01
250.985000,-9.70387659e+01,-6.56235054e+01
250.990000,-9.70411090e+01,-6.56258484e+01
250.995000,-9.70433603e+01,-6.56280997e+01
251.000000,-9.70455215e+01,-6.56302608e+01
251.005000,-9.70475938e+01,-6.56323331e+01
251.010000,-9.70495786e+01,-6.56343179e+01
251.015000,-9.70514772e+01,-6.56362165e+01
251.020000,-9.70532908e+01,-6.56380301e+01
251.025000,-9.70550207e+01,-6.56397599e+01
251.030000,-9.70566679e+01,-6.56414071e+01
251.035000,-9.70582337e+01,-6.56429729e+01
251.040000,-9.70597192e+01,-6.56444584e+01
251.045000,-9.70611254e+01,-6.56458646e+01
251.050000,-9.70624535e+01,-6.56471926e+01
251.055000,-9.70637045e+01,-6.56484436e+01
251.060000,-9.70648794e+01,-6.56496185e+01
251.065000,-9.70659793e+01,-6.56507184e+01
251.070000,-9.70670053e+01,-6.56517443e+01
251.075000,-9.70679584e+01,-6.56526974e+01
251.080000,-9.70688396e+01,-6.56535786e+01
251.085000,-9.70696500e+01,-6.56543889e+01
251.090000,-9.70703906e+01,-6.56551295e+01
251.095000,-9.70710625e+01,-6.56558014e+01
251.100000,-9.70716669e+01,-6.56564058e+01
251.105000,-9.70722046e+01,-6.56569436e+01
251.110000,-9.70726769e+01,-6.56574158e+01
251.115000,-9.70730847e+01,-6.56578235e+01
251.120000,-9.70734289e+01,-6.56581677e+01
251.125000,-9.70737105e+01,-6.56584493e+01
251.130000,-9.70739304e+01,-6.56586693e+01
251.135000,-9.70740898e+01,-6.56588287e+01
251.140000,-9.70741897e+01,-6.56589285e+01
251.145000,-9.70742313e+01,-6.56589701e+01
251.150000,-9.70742158e+01,-6.56589546e+01
251.155000,-9.70741444e+01,-6.56588832e+01
251.160000,-9.70740185e+01,-6.56587573e+01
251.165000,-9.70738394e+01,-6.56585782e+01
251.170000,-9.70736083e+01,-6.56583471e+01
251.175000,-9.70733264e+01,-6.56580652e+01
251.180000,-9.70729948e+01,-6.56577336e+01
251.185000,-9.70726146e+01,-6.56573533e+01
251.190000,-9.70721865e+01,-6.56569252e+01
251.195000,-9.70717112e+01,-6.56564499e+01
251.200000,-9.70711894e+01,-6.56559281e+01
251.205000,-9.70706216e+01,-6.56553604e+01
251.210000,-9.70700084e+01,-6.56547471e+01
251.215000,-9.70693502e+01,-6.56540890e+01
251.220000,-9.70686476e+01,-6.56533864e+01
251.225000,-9.70679012e+01,-6.56526400e+01
251.230000,-9.70671115e+01,-6.56518503e+01
251.235000,-9.70662791e+01,-6.56510179e+01
251.240000,-9.70654045e+01,-6.56501433e+01
251.245000,-9.70644881e+01,-6.56492269e+01
251.250000,-9.70635304e+01,-6.56482692e+01
251.255000,-9.70625317e+01,-6.56472705e+01
251.260000,-9.70614924e+01,-6.56462311e+01
251.265000,-9.70604127e+01,-6.56451514e+01
251.270000,-9.70592928e+01,-6.56440316e+01
251.275000,-9.70581332e+01,-6.56428719e+01
251.280000,-9.70569339e+01,-6.56416727e+01
251.285000,-9.70556956e+01,-6.56404343e+01
251.290000,-9.70544186e+01,-6.56391573e+01
251.295000,-9.70531035e+01,-6.56378422e+01
251.300000,-9.70517510e+01,-6.56364898e+01
251.305000,-9.70503620e+01,-6.56351008e+01
251.310000,-9.70489375e+01,-6.56336763e+01
251.315000,-9.70474786e+01,-6.56322174e+01
251.320000,-9.70459862e+01,-6.56307250e+01
251.325000,-9.70444615e+01,-6.56292003e+01
251.330000,-9.70429052e+01,-6.56276441e+01
251.335000,-9.70413183e+01,-6.56260571e+01
251.340000,-9.70397013e+01,-6.56244401e+01
251.345000,-9.70380546e+01,-6.56227934e+01
251.350000,-9.70363785e+01,-6.56211174e+01
251.355000,-9.70346734e+01,-6.56194123e+01
251.360000,-9.70329393e+01,-6.56176782e+01
251.365000,-9.70311764e+01,-6.56159153e+01
251.370000,-9.70293850e+01,-6.56141239e+01
251.375000,-9.70275653e+01,-6.56123043e+01
251.380000,-9.70257177e+01,-6.56104566e+01
251.385000,-9.70238427e+01,-6.56085816e+01
251.390000,-9.70219409e+01,-6.56066798e+01
251.395000,-9.70200131e+01,-6.56047521e+01
251.400000,-9.70180600e+01,-6.56027990e+01
251.405000,-9.70160824e+01,-6.56008214e+01
251.410000,-9.70140808e+01,-6.55988198e+01
251.415000,-9.70120556e+01,-6.55967946e+01
251.420000,-9.70100070e+01,-6.55947460e+01
251.425000,-9.70079352e+01,-6.55926742e+01
251.430000,-9.70058401e+01,-6.55905791e+01
251.435000,-9.70037217e+01,-6.55884608e+01
251.440000,-9.70015803e+01,-6.55863193e+01
251.445000,-9.69994159e+01,-6.55841550e+01
251.450000,-9.69972289e+01,-6.55819680e+01
251.455000,-9.69950197e+01,-6.55797588e+01
251.460000,-9.69927889e+01,-6.55775280e+01
251.465000,-9.69905370e+01,-6.55752762e+01
251.470000,-9.69882648e+01,-6.55730040e+01
251.475000,-9.69859728e+01,-6.55707120e+01
251.480000,-9.69836617e+01,-6.55684009e+01
251.485000,-9.69813320e+01,-6.55660712e+01
251.490000,-9.69789840e+01,-6.55637233e+01
251.495000,-9.69766181e+01,-6.55613573e+01
251.500000,-9.69742343e+01,-6.55589736e+01
251.505000,-9.69718327e+01,-6.55565720e+01
251.510000,-9.69694134e+01,-6.55541527e+01
251.515000,-9.69669763e+01,-6.55517156e+01
251.520000,-9.69645215e+01,-6.55492608e+01
251.525000,-9.69620492e+01,-6.55467886e+01
251.530000,-9.69595598e+01,-6.55442991e+01
251.535000,-9.69570535e+01,-6.55417929e+01
251.540000,-9.69545310e+01,-6.55392704e+01
251.545000,-9.69519926e+01,-6.55367320e+01
251.550000,-9.69494389e+01,-6.55341784e+01
251.555000,-9.69468706e+01,-6.55316100e+01
251.560000,-9.69442881e+01,-6.55290276e+01
251.565000,-9.69416919e+01,-6.55264314e+01
251.570000,-9.69390826e+01,-6.55238221e+01
251.575000,-9.69364603e+01,-6.55211998e+01
251.580000,-9.69338253e+01,-6.55185648e+01
251.585000,-9.69311776e+01,-6.55159171e+01
251.590000,-9.69285173e+01,-6.55132569e+01
251.595000,-9.69258446e+01,-6.55105842e+01
251.600000,-9.69231596e+01,-6.55078993e+01
251.605000,-9.69204626e+01,-6.55052023e+01
251.610000,-9.69177538e+01,-6.55024935e+01
251.615000,-9.69150334e+01,-6.54997731e+01
251.620000,-9.69123018e+01,-6.54970415e+01
251.625000,-9.69095590e+01,-6.54942987e+01
251.630000,-9.69068053e+01,-6.54915451e+01
251.635000,-9.69040408e+01,-6.54887805e+01
251.640000,-9.69012653e+01,-6.54860051e+01
251.645000,-9.68984788e+01,-6.54832187e+01
251.650000,-9.68956812e+01,-6.54804210e+01
251.655000,-9.68928720e+01,-6.54776119e+01
251.660000,-9.68900513e+01,-6.54747912e+01
251.665000,-9.68872190e+01,-6.54719589e+01
251.670000,-9.68843751e+01,-6.54691150e+01
251.675000,-9.68815198e+01,-6.54662598e+01
251.680000,-9.68786535e+01,-6.54633935e+01
251.685000,-9.68757766e+01,-6.54605166e+01
251.690000,-9.68728894e+01,-6.54576294e+01
251.695000,-9.68699925e+01,-6.54547325e+01
251.700000,-9.68670863e+01,-6.54518264e+01
251.705000,-9.68641713e+01,-6.54489114e+01
251.710000,-9.68612478e+01,-6.54459879e+01
251.715000,-9.68583162e+01,-6.54430563e+01
251.720000,-9.68553766e+01,-6.54401168e+01
251.725000,-9.68524295e+01,-6.54371696e+01
251.730000,-9.68494749e+01,-6.54342151e+01
251.735000,-9.68465131e+01,-6.54312533e+01
251.740000,-9.68435443e+01,-6.54282845e+01
251.745000,-9.68405687e+01,-6.54253090e+01
251.750000,-9.68375866e+01,-6.54223269e+01
251.755000,-9.68345982e+01,-6.54193385e+01
251.760000,-9.68316038e+01,-6.54163441e+01
251.765000,-9.68286035e+01,-6.54133438e+01
251.770000,-9.68255975e+01,-6.54103378e+01
251.775000,-9.68225858e+01,-6.54073262e+01
251.780000,-9.68195686e+01,-6.54043090e+01
251.785000,-9.68165457e+01,-6.54012862e+01
251.790000,-9.68135173e+01,-6.53982577e+01
251.795000,-9.68104830e+01,-6.53952235e+01
251.800000,-9.68074427e+01,-6.53921832e+01
251.805000,-9.68043963e+01,-6.53891369e+01
251.810000,-9.68013436e+01,-6.53860842e+01
251.815000,-9.67982844e+01,-6.53830250e+01
251.820000,-9.67952186e+01,-6.53799592e+01
251.825000,-9.67921463e+01,-6.53768869e+01
251.830000,-9.67890675e+01,-6.53738081e+01
251.835000,-9.67859823e+01,-6.53707230e+01
251.840000,-9.67828910e+01,-6.53676318e+01
251.845000,-9.67797941e+01,-6.53645348e+01
251.850000,-9.67766918e+01,-6.53614326e+01
251.855000,-9.67735848e+01,-6.53583256e+01
251.860000,-9.67704736e+01,-6.53552144e+01
251.865000,-9.67673588e+01,-6.53520996e+01
251.870000,-9.67642409e+01,-6.53489818e+01
251.875000,-9.67611203e+01,-6.53458612e+01
251.880000,-9.67579975e+01,-6.53427384e+01
251.885000,-9.67548728e+01,-6.53396137e+01
251.890000,-9.67517464e+01,-6.53364874e+01
251.895000,-9.67486186e+01,-6.53333595e+01
251.900000,-9.67454894e+01,-6.53302304e+01
251.905000,-9.67423591e+01,-6.53271001e+01
251.910000,-9.67392277e+01,-6.53239687e+01
251.915000,-9.67360952e+01,-6.53208363e+01
251.920000,-9.67329619e+01,-6.53177029e+01
251.925000,-9.67298276e+01,-6.53145687e+01
251.930000,-9.67266925e+01,-6.53114336e+01
251.935000,-9.67235565e+01,-6.53082977e+01
251.940000,-9.67204194e+01,-6.53051606e+01
251.945000,-9.67172811e+01,-6.53020223e+01
251.950000,-9.67141413e+01,-6.52988825e+01
251.955000,-9.67109997e+01,-6.52957409e+01
251.960000,-9.67078559e+01,-6.52925972e+01
251.965000,-9.67047099e+01,-6.52894512e+01
251.970000,-9.67015613e+01,-6.52863027e+01
251.975000,-9.66984100e+01,-6.52831514e+01
251.980000,-9.66952559e+01,-6.52799973e+01
251.985000,-9.66920987e+01,-6.52768401e+01
251.990000,-9.66889383e+01,-6.52736798e+01
251.995000,-9.66857749e+01,-6.52705163e+01
252.000000,-9.66826082e+01,-6.52673497e+01
252.005000,-9.66794385e+01,-6.52641800e+01
252.010000,-9.66762656e+01,-6.52610071e+01
252.015000,-9.66730897e+01,-6.52578313e+01
252.020000,-9.66699110e+01,-6.52546526e+01
252.025000,-9.66667297e+01,-6.52514713e+01
252.030000,-9.66635462e+01,-6.52482878e+01
252.035000,-9.66603609e+01,-6.52451026e+01
252.040000,-9.66571743e+01,-6.52419160e+01
252.045000,-9.66539869e+01,-6.52387286e+01
252.050000,-9.66507990e+01,-6.52355407e+01
252.055000,-9.66476107e+01,-6.52323525e+01
252.060000,-9.66444224e+01,-6.52291642e+01
252.065000,-9.66412340e+01,-6.52259759e+01
252.070000,-9.66380457e+01,-6.52227875e+01
252.075000,-9.66348574e+01,-6.52195992e+01
252.080000,-9.66316690e+01,-6.52164109e+01
252.085000,-9.66284807e+01,-6.52132226e+01
252.090000,-9.66252922e+01,-6.52100341e+01
252.095000,-9.66221036e+01,-6.52068455e+01
252.100000,-9.66189147e+01,-6.52036567e+01
252.105000,-9.66157257e+01,-6.52004677e+01
252.110000,-9.66125364e+01,-6.51972784e+01
252.115000,-9.66093468e+01,-6.51940889e+01
252.120000,-9.66061570e+01,-6.51908991e+01
252.125000,-9.66029669e+01,-6.51877090e+01
252.130000,-9.65997764e+01,-6.51845186e+01
252.135000,-9.65965855e+01,-6.51813276e+01
252.140000,-9.65933939e+01,-6.51781361e+01
252.145000,-9.65902016e+01,-6.51749438e+01
252.150000,-9.65870084e+01,-6.51717507e+01
252.155000,-9.65838144e+01,-6.51685566e+01
252.160000,-9.65806195e+01,-6.51653618e+01
252.165000,-9.65774239e+01,-6.51621662e+01
252.170000,-9.65742277e+01,-6.51589701e+01
252.175000,-9.65710314e+01,-6.51557738e+01
252.180000,-9.65678354e+01,-6.51525778e+01
252.185000,-9.65646400e+01,-6.51493825e+01
252.190000,-9.65614459e+01,-6.51461884e+01
252.195000,-9.65582536e+01,-6.51429961e+01
252.200000,-9.65550635e+01,-6.51398060e+01
252.205000,-9.65518758e+01,-6.51366184e+01
252.210000,-9.65486908e+01,-6.51334334e+01
252.215000,-9.65455084e+01,-6.51302510e+01
252.220000,-9.65423287e+01,-6.51270713e+01
252.225000,-9.65391516e+01,-6.51238943e+01
252.230000,-9.65359774e+01,-6.51207201e+01
252.235000,-9.65328060e+01,-6.51175487e+01
252.240000,-9.65296373e+01,-6.51143801e+01
252.245000,-9.65264714e+01,-6.51112142e+01
252.250000,-9.65233081e+01,-6.51080509e+01
252.255000,-9.65201474e+01,-6.51048902e+01
252.260000,-9.65169892e+01,-6.51017320e+01
252.265000,-9.65138334e+01,-6.50985762e+01
252.270000,-9.65106798e+01,-6.50954227e+01
252.275000,-9.65075285e+01,-6.50922714e+01
252.280000,-9.65043791e+01,-6.50891221e+01
252.285000,-9.65012317e+01,-6.50859747e+01
252.290000,-9.64980860e+01,-6.50828290e+01
252.295000,-9.64949419e+01,-6.50796849e+01
252.300000,-9.64917992e+01,-6.50765422e+01
252.305000,-9.64886576e+01,-6.50734007e+01
252.310000,-9.64855171e+01,-6.50702602e+01
252.315000,-9.64823774e+01,-6.50671205e+01
252.320000,-9.64792387e+01,-6.50639818e+01
252.325000,-9.64761008e+01,-6.50608440e+01
252.330000,-9.64729638e+01,-6.50577070e+01
252.335000,-9.64698278e+01,-6.50545710e+01
252.340000,-9.64666929e+01,-6.50514361e+01
252.345000,-9.64635591e+01,-6.50483023e+01
252.350000,-9.64604265e+01,-6.50451698e+01
252.355000,-9.64572954e+01,-6.50420387e+01
252.360000,-9.64541657e+01,-6.50389090e+01
252.365000,-9.64510373e+01,-6.50357806e+01
252.370000,-9.64479100e+01,-6.50326534e+01
252.375000,-9.64447838e+01,-6.50295272e+01
252.380000,-9.64416585e+01,-6.50264019e+01
252.385000,-9.64385339e+01,-6.50232774e+01
252.390000,-9.64354102e+01,-6.50201537e+01
252.395000,-9.64322871e+01,-6.50170307e+01
252.400000,-9.64291649e+01,-6.50139084e+01
252.405000,-9.64260434e+01,-6.50107870e+01
252.410000,-9.64229228e+01,-6.50076664e+01
252.415000,-9.64198032e+01,-6.50045469e+01
252.420000,-9.64166848e+01,-6.50014284e+01
252.425000,-9.64135676e+01,-6.49983113e+01
252.430000,-9.64104519e+01,-6.49951956e+01
252.435000,-9.64073377e+01,-6.49920814e+01
252.440000,-9.64042251e+01,-6.49889689e+01
252.445000,-9.64011142e+01,-6.49858580e+01
252.450000,-9.63980049e+01,-6.49827487e+01
252.455000,-9.63948971e+01,-6.49796410e+01
252.460000,-9.63917908e+01,-6.49765346e+01
252.465000,-9.63886857e+01,-6.49734296e+01
252.470000,-9.63855819e+01,-6.49703258e+01
252.475000,-9.63824794e+01,-6.49672234e+01
252.480000,-9.63793783e+01,-6.49641222e+01
252.485000,-9.63762788e+01,-6.49610228e+01
252.490000,-9.63731812e+01,-6.49579252e+01
252.495000,-9.63700862e+01,-6.49548302e+01
252.500000,-9.63669941e+01,-6.49517382e+01
252.505000,-9.63639056e+01,-6.49486497e+01
252.510000,-9.63608212e+01,-6.49455653e+01
252.515000,-9.63577413e+01,-6.49424854e+01
252.520000,-9.63546660e+01,-6.49394102e+01
252.525000,-9.63515955e+01,-6.49363397e+01
252.530000,-9.63485298e+01,-6.49332740e+01
252.535000,-9.63454688e+01,-6.49302131e+01
252.540000,-9.63424125e+01,-6.49271568e+01
252.545000,-9.63393606e+01,-6.49241049e+01
252.550000,-9.63363132e+01,-6.49210575e+01
252.555000,-9.63332700e+01,-6.49180143e+01
252.560000,-9.63302310e+01,-6.49149754e+01
252.565000,-9.63271963e+01,-6.49119407e+01
252.570000,-9.63241655e+01,-6.49089099e+01
252.575000,-9.63211386e+01,-6.49058831e+01
252.580000,-9.63181154e+01,-6.49028598e+01
252.585000,-9.63150955e+01,-6.48998400e+01
252.590000,-9.63120787e+01,-6.48968232e+01
252.595000,-9.63090648e+01,-6.48938093e+01
252.600000,-9.63060535e+01,-6.48907981e+01
252.605000,-9.63030447e+01,-6.48877892e+01
252.610000,-9.63000379e+01,-6.48847825e+01
252.615000,-9.62970330e+01,-6.48817776e+01
252.620000,-9.62940297e+01,-6.48787743e+01
252.625000,-9.62910277e+01,-6.48757724e+01
252.630000,-9.62880271e+01,-6.48727719e+01
252.635000,-9.62850278e+01,-6.48697726e+01
252.640000,-9.62820298e+01,-6.48667746e+01
252.645000,-9.62790332e+01,-6.48637780e+01
252.650000,-9.62760382e+01,-6.48607830e+01
252.655000,-9.62730449e+01,-6.48577898e+01
252.660000,-9.62700537e+01,-6.48547986e+01
252.665000,-9.62670648e+01,-6.48518097e+01
252.670000,-9.62640785e+01,-6.48488234e+01
252.675000,-9.62610947e+01,-6.48458397e+01
252.680000,-9.62581136e+01,-6.48428586e+01
252.685000,-9.62551350e+01,-6.48398800e+01
252.690000,-9.62521586e+01,-6.48369036e+01
252.695000,-9.62491843e+01,-6.48339294e+01
252.700000,-9.62462119e+01,-6.48309570e+01
252.705000,-9.62432412e+01,-6.48279863e+01
252.710000,-9.62402723e+01,-6.48250174e+01
252.715000,-9.62373051e+01,-6.48220502e+01
252.720000,-9.62343399e+01,-6.48190850e+01
252.725000,-9.62313768e+01,-6.48161220e+01
252.730000,-9.62284162e+01,-6.48131614e+01
252.735000,-9.62254582e+01,-6.48102035e+01
252.740000,-9.62225031e+01,-6.48072483e+01
252.745000,-9.62195509e+01,-6.48042962e+01
252.750000,-9.62166020e+01,-6.48013473e+01
252.755000,-9.62136566e+01,-6.47984019e+01
252.760000,-9.62107149e+01,-6.47954602e+01
252.765000,-9.62077772e+01,-6.47925226e+01
252.770000,-9.62048438e+01,-6.47895892e+01
252.775000,-9.62019147e+01,-6.47866601e+01
252.780000,-9.61989899e+01,-6.47837354e+01
252.785000,-9.61960694e+01,-6.47808149e+01
252.790000,-9.61931529e+01,-6.47778984e+01
252.795000,-9.61902403e+01,-6.47749859e+01
252.800000,-9.61873315e+01,-6.47720771e+01
252.805000,-9.61844266e+01,-6.47691721e+01
252.810000,-9.61815255e+01,-6.47662711e+01
252.815000,-9.61786287e+01,-6.47633743e+01
252.820000,-9.61757363e+01,-6.47604820e+01
252.825000,-9.61728486e+01,-6.47575943e+01
252.830000,-9.61699657e+01,-6.47547114e+01
252.835000,-9.61670877e+01,-6.47518334e+01
252.840000,-9.61642145e+01,-6.47489602e+01
252.845000,-9.61613459e+01,-6.47460917e+01
252.850000,-9.61584820e+01,-6.47432278e+01
252.855000,-9.61556224e+01,-6.47403682e+01
252.860000,-9.61527669e+01,-6.47375127e+01
252.865000,-9.61499155e+01,-6.47346614e+01
252.870000,-9.61470682e+01,-6.47318140e+01
252.875000,-9.61442249e+01,-6.47289709e+01
252.880000,-9.61413861e+01,-6.47261320e+01
252.885000,-9.61385519e+01,-6.47232978e+01
252.890000,-9.61357226e+01,-6.47204686e+01
252.895000,-9.61328984e+01,-6.47176444e+01
252.900000,-9.61300793e+01,-6.47148254e+01
252.905000,-9.61272655e+01,-6.47120115e+01
252.910000,-9.61244565e+01,-6.47092026e+01
252.915000,-9.61216521e+01,-6.47063982e+01
252.920000,-9.61188519e+01,-6.47035981e+01
252.925000,-9.61160556e+01,-6.47008017e+01
252.930000,-9.61132625e+01,-6.46980087e+01
252.935000,-9.61104724e+01,-6.46952186e+01
252.940000,-9.61076847e+01,-6.46924309e+01
252.945000,-9.61048992e+01,-6.46896454e+01
252.950000,-9.61021155e+01,-6.46868618e+01
252.955000,-9.60993335e+01,-6.46840798e+01
252.960000,-9.60965531e+01,-6.46812994e+01
252.965000,-9.60937742e+01,-6.46785205e+01
252.970000,-9.60909968e+01,-6.46757432e+01
252.975000,-9.60882209e+01,-6.46729673e+01
252.980000,-9.60854466e+01,-6.46701930e+01
252.985000,-9.60826737e+01,-6.46674201e+01
252.990000,-9.60799023e+01,-6.46646487e+01
252.995000,-9.60771324e+01,-6.46618788e+01
253.000000,-9.60743639e+01,-6.46591103e+01
253.005000,-9.60715969e+01,-6.46563434e+01
253.010000,-9.60688315e+01,-6.46535780e+01
253.015000,-9.60660678e+01,-6.46508144e+01
253.020000,-9.60633063e+01,-6.46480529e+01
253.025000,-9.60605472e+01,-6.46452938e+01
253.030000,-9.60577909e+01,-6.46425375e+01
253.035000,-9.60550379e+01,-6.46397846e+01
253.040000,-9.60522888e+01,-6.46370355e+01
253.045000,-9.60495441e+01,-6.46342908e+01
253.050000,-9.60468043e+01,-6.46315510e+01
253.055000,-9.60440700e+01,-6.46288167e+01
253.060000,-9.60413415e+01,-6.46260882e+01
253.065000,-9.60386191e+01,-6.46233659e+01
253.070000,-9.60359031e+01,-6.46206499e+01
253.075000,-9.60331933e+01,-6.46179402e+01
253.080000,-9.60304898e+01,-6.46152367e+01
253.085000,-9.60277922e+01,-6.46125391e+01
253.090000,-9.60251003e+01,-6.46098472e+01
253.095000,-9.60224136e+01,-6.46071605e+01
253.100000,-9.60197318e+01,-6.46044788e+01
253.105000,-9.60170547e+01,-6.46018016e+01
253.110000,-9.60143819e+01,-6.45991289e+01
253.115000,-9.60117133e+01,-6.45964603e+01
253.120000,-9.60090486e+01,-6.45937956e+01
253.125000,-9.60063878e+01,-6.45911348e+01
253.130000,-9.60037307e+01,-6.45884778e+01
253.135000,-9.60010774e+01,-6.45858245e+01
253.140000,-9.59984276e+01,-6.45831747e+01
253.145000,-9.59957814e+01,-6.45805285e+01
253.150000,-9.59931386e+01,-6.45778858e+01
253.155000,-9.59904993e+01,-6.45752465e+01
253.160000,-9.59878635e+01,-6.45726107e+01
253.165000,-9.59852313e+01,-6.45699785e+01
253.170000,-9.59826029e+01,-6.45673501e+01
253.175000,-9.59799784e+01,-6.45647257e+01
253.180000,-9.59773582e+01,-6.45621055e+01
253.185000,-9.59747424e+01,-6.45594897e+01
253.190000,-9.59721312e+01,-6.45568786e+01
253.195000,-9.59695249e+01,-6.45542722e+01
253.200000,-9.59669233e+01,-6.45516707e+01
253.205000,-9.59643267e+01,-6.45490741e+01
253.210000,-9.59617350e+01,-6.45464824e+01
253.215000,-9.59591482e+01,-6.45438956e+01
253.220000,-9.59565662e+01,-6.45413136e+01
253.225000,-9.59539889e+01,-6.45387364e+01
253.230000,-9.59514160e+01,-6.45361635e+01
253.235000,-9.59488474e+01,-6.45335949e+01
253.240000,-9.59462826e+01,-6.45310302e+01
253.245000,-9.59437214e+01,-6.45284690e+01
253.250000,-9.59411634e+01,-6.45259110e+01
253.255000,-9.59386084e+01,-6.45233560e+01
253.260000,-9.59360561e+01,-6.45208037e+01
253.265000,-9.59335062e+01,-6.45182538e+01
253.270000,-9.59309584e+01,-6.45157061e+01
253.275000,-9.59284126e+01,-6.45131603e+01
253.280000,-9.59258686e+01,-6.45106163e+01
253.285000,-9.59233260e+01,-6.45080738e+01
253.290000,-9.59207848e+01,-6.45055326e+01
253.295000,-9.59182448e+01,-6.45029926e+01
253.300000,-9.59157058e+01,-6.45004536e+01
253.305000,-9.59131678e+01,-6.44979156e+01
253.310000,-9.59106307e+01,-6.44953785e+01
253.315000,-9.59080945e+01,-6.44928424e+01
253.320000,-9.59055594e+01,-6.44903073e+01
253.325000,-9.59030256e+01,-6.44877735e+01
253.330000,-9.59004934e+01,-6.44852413e+01
253.335000,-9.58979631e+01,-6.44827110e+01
253.340000,-9.58954350e+01,-6.44801829e+01
253.345000,-9.58929095e+01,-6.44776575e+01
253.350000,-9.58903871e+01,-6.44751351e+01
253.355000,-9.58878681e+01,-6.44726161e+01
253.360000,-9.58853529e+01,-6.44701010e+01
253.365000,-9.58828420e+01,-6.44675901e+01
253.370000,-9.58803357e+01,-6.44650838e+01
253.375000,-9.58778345e+01,-6.44625826e+01
253.380000,-9.58753384e+01,-6.44600865e+01
253.385000,-9.58728478e+01,-6.44575959e+01
253.390000,-9.58703626e+01,-6.44551108e+01
253.395000,-9.58678831e+01,-6.44526313e+01
253.400000,-9.58654092e+01,-6.44501574e+01
253.405000,-9.58629409e+01,-6.44476891e+01
253.410000,-9.58604782e+01,-6.44452264e+01
253.415000,-9.58580210e+01,-6.44427692e+01
253.420000,-9.58555692e+01,-6.44403175e+01
253.425000,-9.58531226e+01,-6.44378709e+01
253.430000,-9.58506811e+01,-6.44354295e+01
253.435000,-9.58482445e+01,-6.44329929e+01
253.440000,-9.58458126e+01,-6.44305610e+01
253.445000,-9.58433854e+01,-6.44281338e+01
253.450000,-9.58409627e+01,-6.44257112e+01
253.455000,-9.58385447e+01,-6.44232932e+01
253.460000,-9.58361312e+01,-6.44208797e+01
253.465000,-9.58337222e+01,-6.44184707e+01
253.470000,-9.58313176e+01,-6.44160661e+01
253.475000,-9.58289172e+01,-6.44136657e+01
253.480000,-9.58265208e+01,-6.44112694e+01
253.485000,-9.58241284e+01,-6.44088770e+01
253.490000,-9.58217397e+01,-6.44064882e+01
253.495000,-9.58193545e+01,-6.44041031e+01
253.500000,-9.58169728e+01,-6.44017215e+01
253.505000,-9.58145944e+01,-6.43993431e+01
253.510000,-9.58122192e+01,-6.43969679e+01
253.515000,-9.58098470e+01,-6.43945957e+01
253.520000,-9.58074779e+01,-6.43922266e+01
253.525000,-9.58051117e+01,-6.43898605e+01
253.530000,-9.58027485e+01,-6.43874973e+01
253.535000,-9.58003881e+01,-6.43851369e+01
253.540000,-9.57980305e+01,-6.43827793e+01
253.545000,-9.57956755e+01,-6.43804243e+01
253.550000,-9.57933230e+01,-6.43780719e+01
253.555000,-9.57909732e+01,-6.43757220e+01
253.560000,-9.57886258e+01,-6.43733746e+01
253.565000,-9.57862808e+01,-6.43710297e+01
253.570000,-9.57839382e+01,-6.43686871e+01
253.575000,-9.57815978e+01,-6.43663468e+01
253.580000,-9.57792596e+01,-6.43640086e+01
253.585000,-9.57769233e+01,-6.43616723e+01
253.590000,-9.57745887e+01,-6.43593377e+01
253.595000,-9.57722555e+01,-6.43570045e+01
253.600000,-9.57699235e+01,-6.43546726e+01
253.605000,-9.57675926e+01,-6.43523417e+01
253.610000,-9.57652628e+01,-6.43500119e+01
253.615000,-9.57629341e+01,-6.43476831e+01
253.620000,-9.57606065e+01,-6.43453556e+01
253.625000,-9.57582802e+01,-6.43430293e+01
253.630000,-9.57559552e+01,-6.43407043e+01
253.635000,-9.57536316e+01,-6.43383808e+01
253.640000,-9.57513095e+01,-6.43360586e+01
253.645000,-9.57489888e+01,-6.43337380e+01
253.650000,-9.57466698e+01,-6.43314190e+01
253.655000,-9.57443525e+01,-6.43291017e+01
253.660000,-9.57420372e+01,-6.43267865e+01
253.665000,-9.57397243e+01,-6.43244735e+01
253.670000,-9.57374140e+01,-6.43221633e+01
253.675000,-9.57351068e+01,-6.43198561e+01
253.680000,-9.57328031e+01,-6.43175525e+01
253.685000,-9.57305032e+01,-6.43152525e+01
253.690000,-9.57282073e+01,-6.43129566e+01
253.695000,-9.57259155e+01,-6.43106649e+01
253.700000,-9.57236282e+01,-6.43083776e+01
253.705000,-9.57213454e+01,-6.43060948e+01
253.710000,-9.57190672e+01,-6.43038166e+01
253.715000,-9.57167937e+01,-6.43015432e+01
253.720000,-9.57145250e+01,-6.42992745e+01
253.725000,-9.57122609e+01,-6.42970104e+01
253.730000,-9.57100016e+01,-6.42947511e+01
253.735000,-9.57077470e+01,-6.42924965e+01
253.740000,-9.57054970e+01,-6.42902465e+01
253.745000,-9.57032514e+01,-6.42880010e+01
253.750000,-9.57010103e+01,-6.42857599e+01
253.755000,-9.56987735e+01,-6.42835231e+01
253.760000,-9.56965409e+01,-6.42812906e+01
253.765000,-9.56943126e+01,-6.42790623e+01
253.770000,-9.56920888e+01,-6.42768384e+01
253.775000,-9.56898694e+01,-6.42746191e+01
253.780000,-9.56876547e+01,-6.42724044e+01
253.785000,-9.56854447e+01,-6.42701944e+01
253.790000,-9.56832393e+01,-6.42679890e+01
253.795000,-9.56810383e+01,-6.42657880e+01
253.800000,-9.56788415e+01,-6.42635913e+01
253.805000,-9.56766487e+01,-6.42613984e+01
253.810000,-9.56744594e+01,-6.42592093e+01
253.815000,-9.56722736e+01,-6.42570235e+01
253.820000,-9.56700909e+01,-6.42548408e+01
253.825000,-9.56679112e+01,-6.42526611e+01
253.830000,-9.56657342e+01,-6.42504841e+01
253.835000,-9.56635599e+01,-6.42483098e+01
253.840000,-9.56613880e+01,-6.42461379e+01
253.845000,-9.56592185e+01,-6.42439684e+01
253.850000,-9.56570511e+01,-6.42418011e+01
253.855000,-9.56548859e+01,-6.42396359e+01
253.860000,-9.56527229e+01,-6.42374729e+01
253.865000,-9.56505622e+01,-6.42353122e+01
253.870000,-9.56484038e+01,-6.42331538e+01
253.875000,-9.56462476e+01,-6.42309977e+01
253.880000,-9.56440937e+01,-6.42288438e+01
253.885000,-9.56419419e+01,-6.42266920e+01
253.890000,-9.56397919e+01,-6.42245420e+01
253.895000,-9.56376435e+01,-6.42223936e+01
253.900000,-9.56354964e+01,-6.42202466e+01
253.905000,-9.56333506e+01,-6.42181007e+01
253.910000,-9.56312055e+01,-6.42159557e+01
253.915000,-9.56290614e+01,-6.42138116e+01
253.920000,-9.56269179e+01,-6.42116681e+01
253.925000,-9.56247753e+01,-6.42095255e+01
253.930000,-9.56226337e+01,-6.42073839e+01
253.935000,-9.56204932e+01,-6.42052435e+01
253.940000,-9.56183542e+01,-6.42031045e+01
253.945000,-9.56162167e+01,-6.42009670e+01
253.950000,-9.56140810e+01,-6.41988313e+01
253.955000,-9.56119471e+01,-6.41966975e+01
253.960000,-9.56098152e+01,-6.41945656e+01
253.965000,-9.56076855e+01,-6.41924358e+01
253.970000,-9.56055582e+01,-6.41903086e+01
253.975000,-9.56034338e+01,-6.41881842e+01
253.980000,-9.56013125e+01,-6.41860629e+01
253.985000,-9.55991945e+01,-6.41839450e+01
253.990000,-9.55970802e+01,-6.41818307e+01
253.995000,-9.55949696e+01,-6.41797201e+01
254.000000,-9.55928628e+01,-6.41776133e+01
254.005000,-9.55907599e+01,-6.41755104e+01
254.010000,-9.55886609e+01,-6.41734114e+01
254.015000,-9.55865660e+01,-6.41713165e+01
254.020000,-9.55844755e+01,-6.41692260e+01
254.025000,-9.55823895e+01,-6.41671401e+01
254.030000,-9.55803084e+01,-6.41650590e+01
254.035000,-9.55782323e+01,-6.41629829e+01
254.040000,-9.55761614e+01,-6.41609120e+01
254.045000,-9.55740956e+01,-6.41588463e+01
254.050000,-9.55720350e+01,-6.41567856e+01
254.055000,-9.55699793e+01,-6.41547300e+01
254.060000,-9.55679284e+01,-6.41526791e+01
254.065000,-9.55658821e+01,-6.41506328e+01
254.070000,-9.55638402e+01,-6.41485909e+01
254.075000,-9.55618027e+01,-6.41465535e+01
254.080000,-9.55597697e+01,-6.41445205e+01
254.085000,-9.55577414e+01,-6.41424921e+01
254.090000,-9.55557178e+01,-6.41404686e+01
254.095000,-9.55536992e+01,-6.41384500e+01
254.100000,-9.55516856e+01,-6.41364364e+01
254.105000,-9.55496770e+01,-6.41344279e+01
254.110000,-9.55476735e+01,-6.41324243e+01
254.115000,-9.55456748e+01,-6.41304257e+01
254.120000,-9.55436809e+01,-6.41284318e+01
254.125000,-9.55416915e+01,-6.41264424e+01
254.130000,-9.55397061e+01,-6.41244571e+01
254.135000,-9.55377244e+01,-6.41224753e+01
254.140000,-9.55357457e+01,-6.41204967e+01
254.145000,-9.55337697e+01,-6.41185207e+01
254.150000,-9.55317959e+01,-6.41165469e+01
254.155000,-9.55298241e+01,-6.41145751e+01
254.160000,-9.55278540e+01,-6.41126050e+01
254.165000,-9.55258855e+01,-6.41106365e+01
254.170000,-9.55239184e+01,-6.41086694e+01
254.175000,-9.55219526e+01,-6.41067037e+01
254.180000,-9.55199880e+01,-6.41047391e+01
254.185000,-9.55180246e+01,-6.41027757e+01
254.190000,-9.55160622e+01,-6.41008133e+01
254.195000,-9.55141007e+01,-6.40988518e+01
254.200000,-9.55121401e+01,-6.40968912e+01
254.205000,-9.55101802e+01,-6.40949314e+01
254.210000,-9.55082211e+01,-6.40929723e+01
254.215000,-9.55062628e+01,-6.40910140e+01
254.220000,-9.55043051e+01,-6.40890563e+01
254.225000,-9.55023481e+01,-6.40870993e+01
254.230000,-9.55003918e+01,-6.40851431e+01
254.235000,-9.54984365e+01,-6.40831877e+01
254.240000,-9.54964822e+01,-6.40812334e+01
254.245000,-9.54945291e+01,-6.40792805e+01
254.250000,-9.54925777e+01,-6.40773291e+01
254.255000,-9.54906282e+01,-6.40753796e+01
254.260000,-9.54886810e+01,-6.40734324e+01
254.265000,-9.54867364e+01,-6.40714878e+01
254.270000,-9.54847947e+01,-6.40695461e+01
254.275000,-9.54828562e+01,-6.40676076e+01
254.280000,-9.54809210e+01,-6.40656724e+01
254.285000,-9.54789891e+01,-6.40637405e+01
254.290000,-9.54770607e+01,-6.40618121e+01
254.295000,-9.54751358e+01,-6.40598872e+01
254.300000,-9.54732145e+01,-6.40579660e+01
254.305000,-9.54712971e+01,-6.40560486e+01
254.310000,-9.54693834e+01,-6.40541349e+01
254.315000,-9.54674737e+01,-6.40522252e+01
254.320000,-9.54655679e+01,-6.40503195e+01
254.325000,-9.54636661e+01,-6.40484177e+01
254.330000,-9.54617683e+01,-6.40465199e+01
254.335000,-9.54598747e+01,-6.40446263e+01
254.340000,-9.54579851e+01,-6.40427368e+01
254.345000,-9.54560997e+01,-6.40408513e+01
254.350000,-9.54542181e+01,-6.40389698e+01
254.355000,-9.54523404e+01,-6.40370920e+01
254.360000,-9.54504662e+01,-6.40352179e+01
254.365000,-9.54485954e+01,-6.40333471e+01
254.370000,-9.54467278e+01,-6.40314795e+01
254.375000,-9.54448633e+01,-6.40296150e+01
254.380000,-9.54430017e+01,-6.40277534e+01
254.385000,-9.54411431e+01,-6.40258948e+01
254.390000,-9.54392874e+01,-6.40240392e+01
254.395000,-9.54374349e+01,-6.40221867e+01
254.400000,-9.54355858e+01,-6.40203376e+01
254.405000,-9.54337405e+01,-6.40184923e+01
254.410000,-9.54318991e+01,-6.40166509e+01
254.415000,-9.54300619e+01,-6.40148138e+01
254.420000,-9.54282293e+01,-6.40129811e+01
254.425000,-9.54264011e+01,-6.40111530e+01
254.430000,-9.54245774e+01,-6.40093293e+01
254.435000,-9.54227579e+01,-6.40075098e+01
254.440000,-9.54209422e+01,-6.40056942e+01
254.445000,-9.54191300e+01,-6.40038819e+01
254.450000,-9.54173207e+01,-6.40020726e+01
254.455000,-9.54155139e+01,-6.40002659e+01
254.460000,-9.54137093e+01,-6.39984612e+01
254.465000,-9.54119064e+01,-6.39966584e+01
254.470000,-9.54101053e+01,-6.39948573e+01
254.475000,-9.54083056e+01,-6.39930576e+01
254.480000,-9.54065073e+01,-6.39912593e+01
254.485000,-9.54047103e+01,-6.39894624e+01
254.490000,-9.54029146e+01,-6.39876667e+01
254.495000,-9.54011201e+01,-6.39858722e+01
254.500000,-9.53993266e+01,-6.39840787e+01
254.505000,-9.53975338e+01,-6.39822859e+01
254.510000,-9.53957416e+01,-6.39804937e+01
254.515000,-9.53939497e+01,-6.39787018e+01
254.520000,-9.53921580e+01,-6.39769102e+01
254.525000,-9.53903664e+01,-6.39751186e+01
254.530000,-9.53885748e+01,-6.39733270e+01
254.535000,-9.53867832e+01,-6.39715354e+01
254.540000,-9.53849915e+01,-6.39697437e+01
254.545000,-9.53831999e+01,-6.39679521e+01
254.550000,-9.53814084e+01,-6.39661607e+01
254.555000,-9.53796173e+01,-6.39643695e+01
254.560000,-9.53778265e+01,-6.39625788e+01
254.565000,-9.53760365e+01,-6.39607887e+01
254.570000,-9.53742472e+01,-6.39589995e+01
254.575000,-9.53724589e+01,-6.39572113e+01
254.580000,-9.53706720e+01,-6.39554243e+01
254.585000,-9.53688867e+01,-6.39536390e+01
254.590000,-9.53671033e+01,-6.39518557e+01
254.595000,-9.53653221e+01,-6.39500745e+01
254.600000,-9.53635433e+01,-6.39482957e+01
254.605000,-9.53617673e+01,-6.39465197e+01
254.610000,-9.53599942e+01,-6.39447466e+01
254.615000,-9.53582243e+01,-6.39429768e+01
254.620000,-9.53564580e+01,-6.39412105e+01
254.625000,-9.53546954e+01,-6.39394479e+01
254.630000,-9.53529367e+01,-6.39376892e+01
254.635000,-9.53511820e+01,-6.39359345e+01
254.640000,-9.53494314e+01,-6.39341839e+01
254.645000,-9.53476850e+01,-6.39324375e+01
254.650000,-9.53459428e+01,-6.39306953e+01
254.655000,-9.53442047e+01,-6.39289573e+01
254.660000,-9.53424707e+01,-6.39272232e+01
254.665000,-9.53407405e+01,-6.39254931e+01
254.670000,-9.53390141e+01,-6.39237667e+01
254.675000,-9.53372912e+01,-6.39220438e+01
254.680000,-9.53355717e+01,-6.39203243e+01
254.685000,-9.53338554e+01,-6.39186081e+01
254.690000,-9.53321424e+01,-6.39168950e+01
254.695000,-9.53304326e+01,-6.39151852e+01
254.700000,-9.53287259e+01,-6.39134786e+01
254.705000,-9.53270227e+01,-6.39117753e+01
254.710000,-9.53253227e+01,-6.39100754e+01
254.715000,-9.53236262e+01,-6.39083789e+01
254.720000,-9.53219331e+01,-6.39066858e+01
254.725000,-9.53202433e+01,-6.39049961e+01
254.730000,-9.53185567e+01,-6.39033095e+01
254.735000,-9.53168731e+01,-6.39016258e+01
254.740000,-9.53151920e+01,-6.38999448e+01
254.745000,-9.53135134e+01,-6.38982662e+01
254.750000,-9.53118369e+01,-6.38965898e+01
254.755000,-9.53101625e+01,-6.38949153e+01
254.760000,-9.53084899e+01,-6.38932428e+01
254.765000,-9.53068190e+01,-6.38915719e+01
254.770000,-9.53051496e+01,-6.38899024e+01
254.775000,-9.53034814e+01,-6.38882343e+01
254.780000,-9.53018142e+01,-6.38865671e+01
254.785000,-9.53001479e+01,-6.38849008e+01
254.790000,-9.52984822e+01,-6.38832351e+01
254.795000,-9.52968170e+01,-6.38815699e+01
254.800000,-9.52951521e+01,-6.38799050e+01
254.805000,-9.52934873e+01,-6.38782403e+01
254.810000,-9.52918226e+01,-6.38765756e+01
254.815000,-9.52901579e+01,-6.38749109e+01
254.820000,-9.52884932e+01,-6.38732462e+01
254.825000,-9.52868284e+01,-6.38715815e+01
254.830000,-9.52851636e+01,-6.38699166e+01
254.835000,-9.52834986e+01,-6.38682517e+01
254.840000,-9.52818334e+01,-6.38665865e+01
254.845000,-9.52801679e+01,-6.38649209e+01
254.850000,-9.52785020e+01,-6.38632550e+01
254.855000,-9.52768357e+01,-6.38615888e+01
254.860000,-9.52751693e+01,-6.38599224e+01
254.865000,-9.52735030e+01,-6.38582561e+01
254.870000,-9.52718369e+01,-6.38565900e+01
254.875000,-9.52701712e+01,-6.38549244e+01
254.880000,-9.52685062e+01,-6.38532594e+01
254.885000,-9.52668420e+01,-6.38515952e+01
254.890000,-9.52651788e+01,-6.38499320e+01
254.895000,-9.52635169e+01,-6.38482701e+01
254.900000,-9.52618566e+01,-6.38466098e+01
254.905000,-9.52601982e+01,-6.38449514e+01
254.910000,-9.52585419e+01,-6.38432951e+01
254.915000,-9.52568879e+01,-6.38416412e+01
254.920000,-9.52552365e+01,-6.38399898e+01
254.925000,-9.52535878e+01,-6.38383411e+01
254.930000,-9.52519419e+01,-6.38366952e+01
254.935000,-9.52502988e+01,-6.38350522e+01
254.940000,-9.52486586e+01,-6.38334119e+01
254.945000,-9.52470211e+01,-6.38317744e+01
254.950000,-9.52453863e+01,-6.38301397e+01
254.955000,-9.52437543e+01,-6.38285076e+01
254.960000,-9.52421249e+01,-6.38268782e+01
254.965000,-9.52404981e+01,-6.38252515e+01
254.970000,-9.52388742e+01,-6.38236276e+01
254.975000,-9.52372530e+01,-6.38220064e+01
254.980000,-9.52356347e+01,-6.38203881e+01
254.985000,-9.52340193e+01,-6.38187727e+01
254.990000,-9.52324068e+01,-6.38171603e+01
254.995000,-9.52307974e+01,-6.38155509e+01
255.000000,-9.52291910e+01,-6.38139445e+01
255.005000,-9.52275878e+01,-6.38123413e+01
255.010000,-9.52259877e+01,-6.38107412e+01
255.015000,-9.52243908e+01,-6.38091443e+01
255.020000,-9.52227971e+01,-6.38075506e+01
255.025000,-9.52212065e+01,-6.38059601e+01
255.030000,-9.52196191e+01,-6.38043727e+01
255.035000,-9.52180350e+01,-6.38027886e+01
255.040000,-9.52164541e+01,-6.38012077e+01
255.045000,-9.52148768e+01,-6.37996304e+01
255.050000,-9.52133031e+01,-6.37980567e+01
255.055000,-9.52117334e+01,-6.37964870e+01
255.060000,-9.52101676e+01,-6.37949213e+01
255.065000,-9.52086059e+01,-6.37933595e+01
255.070000,-9.52070480e+01,-6.37918016e+01
255.075000,-9.52054937e+01,-6.37902474e+01
255.080000,-9.52039427e+01,-6.37886964e+01
255.085000,-9.52023944e+01,-6.37871481e+01
255.090000,-9.52008482e+01,-6.37856020e+01
255.095000,-9.51993038e+01,-6.37840576e+01
255.100000,-9.51977606e+01,-6.37825144e+01
255.105000,-9.51962182e+01,-6.37809720e+01
255.110000,-9.51946761e+01,-6.37794299e+01
255.115000,-9.51931339e+01,-6.37778877e+01
255.120000,-9.51915912e+01,-6.37763451e+01
255.125000,-9.51900480e+01,-6.37748019e+01
255.130000,-9.51885042e+01,-6.37732580e+01
255.135000,-9.51869599e+01,-6.37717137e+01
255.140000,-9.51854152e+01,-6.37701690e+01
255.145000,-9.51838704e+01,-6.37686242e+01
255.150000,-9.51823257e+01,-6.37670796e+01
255.155000,-9.51807815e+01,-6.37655354e+01
255.160000,-9.51792380e+01,-6.37639919e+01
255.165000,-9.51776953e+01,-6.37624493e+01
255.170000,-9.51761537e+01,-6.37609076e+01
255.175000,-9.51746131e+01,-6.37593671e+01
255.180000,-9.51730735e+01,-6.37578275e+01
255.185000,-9.51715350e+01,-6.37562890e+01
255.190000,-9.51699974e+01,-6.37547514e+01
255.195000,-9.51684608e+01,-6.37532148e+01
255.200000,-9.51669251e+01,-6.37516791e+01
255.205000,-9.51653906e+01,-6.37501446e+01
255.210000,-9.51638573e+01,-6.37486114e+01
255.215000,-9.51623257e+01,-6.37470797e+01
255.220000,-9.51607960e+01,-6.37455501e+01
255.225000,-9.51592687e+01,-6.37440228e+01
255.230000,-9.51577441e+01,-6.37424982e+01
255.235000,-9.51562225e+01,-6.37409766e+01
255.240000,-9.51547042e+01,-6.37394583e+01
255.245000,-9.51531891e+01,-6.37379432e+01
255.250000,-9.51516770e+01,-6.37364312e+01
255.255000,-9.51501678e+01,-6.37349219e+01
255.260000,-9.51486610e+01,-6.37334152e+01
255.265000,-9.51471565e+01,-6.37319107e+01
255.270000,-9.51456541e+01,-6.37304083e+01
255.275000,-9.51441537e+01,-6.37289079e+01
255.280000,-9.51426553e+01,-6.37274096e+01
255.285000,-9.51411591e+01,-6.37259133e+01
255.290000,-9.51396651e+01,-6.37244194e+01
255.295000,-9.51381738e+01,-6.37229280e+01
255.300000,-9.51366851e+01,-6.37214393e+01
255.305000,-9.51351992e+01,-6.37199535e+01
255.310000,-9.51337163e+01,-6.37184706e+01
255.315000,-9.51322362e+01,-6.37169905e+01
255.320000,-9.51307589e+01,-6.37155132e+01
255.325000,-9.51292843e+01,-6.37140386e+01
255.330000,-9.51278123e+01,-6.37125666e+01
255.335000,-9.51263428e+01,-6.37110972e+01
255.340000,-9.51248757e+01,-6.37096301e+01
255.345000,-9.51234108e+01,-6.37081652e+01
255.350000,-9.51219479e+01,-6.37067023e+01
255.355000,-9.51204869e+01,-6.37052413e+01
255.360000,-9.51190276e+01,-6.37037820e+01
255.365000,-9.51175700e+01,-6.37023244e+01
255.370000,-9.51161139e+01,-6.37008683e+01
255.375000,-9.51146592e+01,-6.36994136e+01
255.380000,-9.51132058e+01,-6.36979602e+01
255.385000,-9.51117535e+01,-6.36965080e+01
255.390000,-9.51103023e+01,-6.36950568e+01
255.395000,-9.51088519e+01,-6.36936064e+01
255.400000,-9.51074021e+01,-6.36921566e+01
255.405000,-9.51059526e+01,-6.36907072e+01
255.410000,-9.51045033e+01,-6.36892579e+01
255.415000,-9.51030540e+01,-6.36878086e+01
255.420000,-9.51016046e+01,-6.36863591e+01
255.425000,-9.51001550e+01,-6.36849095e+01
255.430000,-9.50987051e+01,-6.36834597e+01
255.435000,-9.50972550e+01,-6.36820096e+01
255.440000,-9.50958047e+01,-6.36805593e+01
255.445000,-9.50943544e+01,-6.36791090e+01
255.450000,-9.50929042e+01,-6.36776589e+01
255.455000,-9.50914544e+01,-6.36762090e+01
255.460000,-9.50900050e+01,-6.36747597e+01
255.465000,-9.50885563e+01,-6.36733109e+01
255.470000,-9.50871081e+01,-6.36718627e+01
255.475000,-9.50856604e+01,-6.36704151e+01
255.480000,-9.50842134e+01,-6.36689681e+01
255.485000,-9.50827670e+01,-6.36675217e+01
255.490000,-9.50813213e+01,-6.36660760e+01
255.495000,-9.50798764e+01,-6.36646311e+01
255.500000,-9.50784326e+01,-6.36631873e+01
255.505000,-9.50769899e+01,-6.36617447e+01
255.510000,-9.50755486e+01,-6.36603034e+01
255.515000,-9.50741088e+01,-6.36588635e+01
255.520000,-9.50726705e+01,-6.36574253e+01
255.525000,-9.50712340e+01,-6.36559888e+01
255.530000,-9.50697993e+01,-6.36545542e+01
255.535000,-9.50683667e+01,-6.36531215e+01
255.540000,-9.50669362e+01,-6.36516910e+01
255.545000,-9.50655079e+01,-6.36502627e+01
255.550000,-9.50640819e+01,-6.36488367e+01
255.555000,-9.50626583e+01,-6.36474132e+01
255.560000,-9.50612373e+01,-6.36459922e+01
255.565000,-9.50598190e+01,-6.36445739e+01
255.570000,-9.50584034e+01,-6.36431583e+01
255.575000,-9.50569907e+01,-6.36417456e+01
255.580000,-9.50555810e+01,-6.36403359e+01
255.585000,-9.50541743e+01,-6.36389293e+01
255.590000,-9.50527707e+01,-6.36375257e+01
255.595000,-9.50513702e+01,-6.36361252e+01
255.600000,-9.50499728e+01,-6.36347278e+01
255.605000,-9.50485784e+01,-6.36333334e+01
255.610000,-9.50471869e+01,-6.36319419e+01
255.615000,-9.50457980e+01,-6.36305530e+01
255.620000,-9.50444115e+01,-6.36291665e+01
255.625000,-9.50430272e+01,-6.36277822e+01
255.630000,-9.50416447e+01,-6.36263997e+01
255.635000,-9.50402639e+01,-6.36250190e+01
255.640000,-9.50388847e+01,-6.36236398e+01
255.645000,-9.50375070e+01,-6.36222620e+01
255.650000,-9.50361308e+01,-6.36208859e+01
255.655000,-9.50347562e+01,-6.36195113e+01
255.660000,-9.50333835e+01,-6.36181387e+01
255.665000,-9.50320128e+01,-6.36167679e+01
255.670000,-9.50306442e+01,-6.36153994e+01
255.675000,-9.50292778e+01,-6.36140330e+01
255.680000,-9.50279137e+01,-6.36126689e+01
255.685000,-9.50265518e+01,-6.36113070e+01
255.690000,-9.50251920e+01,-6.36099472e+01
255.695000,-9.50238342e+01,-6.36085894e+01
255.700000,-9.50224780e+01,-6.36072332e+01
255.705000,-9.50211232e+01,-6.36058785e+01
255.710000,-9.50197696e+01,-6.36045248e+01
255.715000,-9.50184169e+01,-6.36031721e+01
255.720000,-9.50170649e+01,-6.36018201e+01
255.725000,-9.50157134e+01,-6.36004687e+01
255.730000,-9.50143623e+01,-6.35991176e+01
255.735000,-9.50130117e+01,-6.35977670e+01
255.740000,-9.50116616e+01,-6.35964169e+01
255.745000,-9.50103120e+01,-6.35950673e+01
255.750000,-9.50089630e+01,-6.35937184e+01
255.755000,-9.50076147e+01,-6.35923700e+01
255.760000,-9.50062669e+01,-6.35910223e+01
255.765000,-9.50049197e+01,-6.35896751e+01
255.770000,-9.50035730e+01,-6.35883283e+01
255.775000,-9.50022266e+01,-6.35869820e+01
255.780000,-9.50008806e+01,-6.35856360e+01
255.785000,-9.49995347e+01,-6.35842901e+01
255.790000,-9.49981889e+01,-6.35829444e+01
255.795000,-9.49968433e+01,-6.35815987e+01
255.800000,-9.49954979e+01,-6.35802534e+01
255.805000,-9.49941530e+01,-6.35789085e+01
255.810000,-9.49928089e+01,-6.35775644e+01
255.815000,-9.49914661e+01,-6.35762215e+01
255.820000,-9.49901249e+01,-6.35748803e+01
255.825000,-9.49887856e+01,-6.35735411e+01
255.830000,-9.49874487e+01,-6.35722042e+01
255.835000,-9.49861143e+01,-6.35708698e+01
255.840000,-9.49847825e+01,-6.35695380e+01
255.845000,-9.49834533e+01,-6.35682088e+01
255.850000,-9.49821268e+01,-6.35668824e+01
255.855000,-9.49808029e+01,-6.35655585e+01
255.860000,-9.49794815e+01,-6.35642371e+01
255.865000,-9.49781625e+01,-6.35629180e+01
255.870000,-9.49768457e+01,-6.35616013e+01
255.875000,-9.49755311e+01,-6.35602867e+01
255.880000,-9.49742186e+01,-6.35589742e+01
255.885000,-9.49729084e+01,-6.35576640e+01
255.890000,-9.49716004e+01,-6.35563560e+01
255.895000,-9.49702948e+01,-6.35550504e+01
255.900000,-9.49689916e+01,-6.35537473e+01
255.905000,-9.49676910e+01,-6.35524466e+01
255.910000,-9.49663927e+01,-6.35511484e+01
255.915000,-9.49650967e+01,-6.35498524e+01
255.920000,-9.49638027e+01,-6.35485584e+01
255.925000,-9.49625105e+01,-6.35472662e+01
255.930000,-9.49612196e+01,-6.35459754e+01
255.935000,-9.49599299e+01,-6.35446856e+01
255.940000,-9.49586410e+01,-6.35433967e+01
255.945000,-9.49573528e+01,-6.35421086e+01
255.950000,-9.49560653e+01,-6.35408211e+01
255.955000,-9.49547785e+01,-6.35395343e+01
255.960000,-9.49534928e+01,-6.35382485e+01
255.965000,-9.49522082e+01,-6.35369640e+01
255.970000,-9.49509252e+01,-6.35356810e+01
255.975000,-9.49496439e+01,-6.35343997e+01
255.980000,-9.49483646e+01,-6.35331204e+01
255.985000,-9.49470876e+01,-6.35318434e+01
255.990000,-9.49458129e+01,-6.35305688e+01
255.995000,-9.49445409e+01,-6.35292967e+01
256.000000,-9.49432715e+01,-6.35280273e+01
256.005000,-9.49420047e+01,-6.35267606e+01
256.010000,-9.49407405e+01,-6.35254964e+01
256.015000,-9.49394789e+01,-6.35242348e+01
256.020000,-9.49382196e+01,-6.35229755e+01
256.025000,-9.49369626e+01,-6.35217185e+01
256.030000,-9.49357080e+01,-6.35204639e+01
256.035000,-9.49344555e+01,-6.35192115e+01
256.040000,-9.49332053e+01,-6.35179612e+01
256.045000,-9.49319571e+01,-6.35167130e+01
256.050000,-9.49307107e+01,-6.35154667e+01
256.055000,-9.49294659e+01,-6.35142218e+01
256.060000,-9.49282221e+01,-6.35129781e+01
256.065000,-9.49269789e+01,-6.35117349e+01
256.070000,-9.49257356e+01,-6.35104916e+01
256.075000,-9.49244917e+01,-6.35092478e+01
256.080000,-9.49232467e+01,-6.35080027e+01
256.085000,-9.49220001e+01,-6.35067561e+01
256.090000,-9.49207516e+01,-6.35055076e+01
256.095000,-9.49195012e+01,-6.35042572e+01
256.100000,-9.49182489e+01,-6.35030050e+01
256.105000,-9.49169950e+01,-6.35017511e+01
256.110000,-9.49157397e+01,-6.35004958e+01
256.115000,-9.49144834e+01,-6.34992395e+01
256.120000,-9.49132264e+01,-6.34979825e+01
256.125000,-9.49119691e+01,-6.34967252e+01
256.130000,-9.49107120e+01,-6.34954681e+01
256.135000,-9.49094552e+01,-6.34942114e+01
256.140000,-9.49081992e+01,-6.34929554e+01
256.145000,-9.49069441e+01,-6.34917003e+01
256.150000,-9.49056900e+01,-6.34904462e+01
256.155000,-9.49044371e+01,-6.34891933e+01
256.160000,-9.49031854e+01,-6.34879416e+01
256.165000,-9.49019350e+01,-6.34866912e+01
256.170000,-9.49006860e+01,-6.34854422e+01
256.175000,-9.48994384e+01,-6.34841947e+01
256.180000,-9.48981926e+01,-6.34829488e+01
256.185000,-9.48969486e+01,-6.34817049e+01
256.190000,-9.48957068e+01,-6.34804630e+01
256.195000,-9.48944672e+01,-6.34792234e+01
256.200000,-9.48932298e+01,-6.34779861e+01
256.205000,-9.48919947e+01,-6.34767510e+01
256.210000,-9.48907617e+01,-6.34755180e+01
256.215000,-9.48895306e+01,-6.34742869e+01
256.220000,-9.48883012e+01,-6.34730575e+01
256.225000,-9.48870730e+01,-6.34718294e+01
256.230000,-9.48858460e+01,-6.34706023e+01
256.235000,-9.48846195e+01,-6.34693759e+01
256.240000,-9.48833935e+01,-6.34681498e+01
256.245000,-9.48821677e+01,-6.34669241e+01
256.250000,-9.48809420e+01,-6.34656984e+01
256.255000,-9.48797165e+01,-6.34644729e+01
256.260000,-9.48784910e+01,-6.34632474e+01
256.265000,-9.48772658e+01,-6.34620222e+01
256.270000,-9.48760409e+01,-6.34607974e+01
256.275000,-9.48748165e+01,-6.34595729e+01
256.280000,-9.48735925e+01,-6.34583489e+01
256.285000,-9.48723691e+01,-6.34571256e+01
256.290000,-9.48711464e+01,-6.34559029e+01
256.295000,-9.48699244e+01,-6.34546808e+01
256.300000,-9.48687029e+01,-6.34534593e+01
256.305000,-9.48674819e+01,-6.34522384e+01
256.310000,-9.48662613e+01,-6.34510178e+01
256.315000,-9.48650413e+01,-6.34497978e+01
256.320000,-9.48638217e+01,-6.34485782e+01
256.325000,-9.48626026e+01,-6.34473591e+01
256.330000,-9.48613841e+01,-6.34461406e+01
256.335000,-9.48601662e+01,-6.34449228e+01
256.340000,-9.48589491e+01,-6.34437057e+01
256.345000,-9.48577329e+01,-6.34424894e+01
256.350000,-9.48565176e+01,-6.34412741e+01
256.355000,-9.48553032e+01,-6.34400598e+01
256.360000,-9.48540897e+01,-6.34388463e+01
256.365000,-9.48528770e+01,-6.34376336e+01
256.370000,-9.48516650e+01,-6.34364217e+01
256.375000,-9.48504537e+01,-6.34352103e+01
256.380000,-9.48492427e+01,-6.34339993e+01
256.385000,-9.48480318e+01,-6.34327885e+01
256.390000,-9.48468209e+01,-6.34315776e+01
256.395000,-9.48456098e+01,-6.34303664e+01
256.400000,-9.48443983e+01,-6.34291550e+01
256.405000,-9.48431864e+01,-6.34279431e+01
256.410000,-9.48419741e+01,-6.34267308e+01
256.415000,-9.48407613e+01,-6.34255180e+01
256.420000,-9.48395478e+01,-6.34243045e+01
256.425000,-9.48383336e+01,-6.34230903e+01
256.430000,-9.48371189e+01,-6.34218756e+01
256.435000,-9.48359036e+01,-6.34206603e+01
256.440000,-9.48346880e+01,-6.34194447e+01
256.445000,-9.48334722e+01,-6.34182290e+01
256.450000,-9.48322565e+01,-6.34170133e+01
256.455000,-9.48310410e+01,-6.34157978e+01
256.460000,-9.48298260e+01,-6.34145828e+01
256.465000,-9.48286115e+01,-6.34133683e+01
256.470000,-9.48273980e+01,-6.34121548e+01
256.475000,-9.48261856e+01,-6.34109424e+01
256.480000,-9.48249748e+01,-6.34097317e+01
256.485000,-9.48237661e+01,-6.34085229e+01
256.490000,-9.48225599e+01,-6.34073167e+01
256.495000,-9.48213567e+01,-6.34061136e+01
256.500000,-9.48201571e+01,-6.34049140e+01
256.505000,-9.48189613e+01,-6.34037182e+01
256.510000,-9.48177696e+01,-6.34025265e+01
256.515000,-9.48165820e+01,-6.34013389e+01
256.520000,-9.48153982e+01,-6.34001551e+01
256.525000,-9.48142180e+01,-6.33989749e+01
256.530000,-9.48130411e+01,-6.33977980e+01
256.535000,-9.48118669e+01,-6.33966239e+01
256.540000,-9.48106952e+01,-6.33954522e+01
256.545000,-9.48095255e+01,-6.33942825e+01
256.550000,-9.48083573e+01,-6.33931142e+01
256.555000,-9.48071902e+01,-6.33919471e+01
256.560000,-9.48060237e+01,-6.33907807e+01
256.565000,-9.48048576e+01,-6.33896146e+01
256.570000,-9.48036915e+01,-6.33884485e+01
256.575000,-9.48025253e+01,-6.33872823e+01
256.580000,-9.48013589e+01,-6.33861159e+01
256.585000,-9.48001923e+01,-6.33849493e+01
256.590000,-9.47990253e+01,-6.33837824e+01
256.595000,-9.47978583e+01,-6.33826154e+01
256.600000,-9.47966912e+01,-6.33814483e+01
256.605000,-9.47955242e+01,-6.33802813e+01
256.610000,-9.47943575e+01,-6.33791146e+01
256.615000,-9.47931914e+01,-6.33779485e+01
256.620000,-9.47920261e+01,-6.33767832e+01
256.625000,-9.47908621e+01,-6.33756192e+01
256.630000,-9.47896997e+01,-6.33744568e+01
256.635000,-9.47885392e+01,-6.33732964e+01
256.640000,-9.47873808e+01,-6.33721380e+01
256.645000,-9.47862246e+01,-6.33709817e+01
256.650000,-9.47850706e+01,-6.33698277e+01
256.655000,-9.47839188e+01,-6.33686760e+01
256.660000,-9.47827693e+01,-6.33675265e+01
256.665000,-9.47816220e+01,-6.33663792e+01
256.670000,-9.47804769e+01,-6.33652341e+01
256.675000,-9.47793338e+01,-6.33640910e+01
256.680000,-9.47781925e+01,-6.33629497e+01
256.685000,-9.47770526e+01,-6.33618099e+01
256.690000,-9.47759138e+01,-6.33606711e+01
256.695000,-9.47747757e+01,-6.33595330e+01
256.700000,-9.47736378e+01,-6.33583951e+01
256.705000,-9.47724997e+01,-6.33572570e+01
256.710000,-9.47713610e+01,-6.33561183e+01
256.715000,-9.47702213e+01,-6.33549786e+01
256.720000,-9.47690804e+01,-6.33538377e+01
256.725000,-9.47679383e+01,-6.33526956e+01
256.730000,-9.47667950e+01,-6.33515523e+01
256.735000,-9.47656507e+01,-6.33504080e+01
256.740000,-9.47645057e+01,-6.33492630e+01
256.745000,-9.47633601e+01,-6.33481175e+01
256.750000,-9.47622144e+01,-6.33469718e+01
256.755000,-9.47610688e+01,-6.33458261e+01
256.760000,-9.47599235e+01,-6.33446809e+01
256.765000,-9.47587789e+01,-6.33435363e+01
256.770000,-9.47576353e+01,-6.33423927e+01
256.775000,-9.47564929e+01,-6.33412503e+01
256.780000,-9.47553521e+01,-6.33401095e+01
256.785000,-9.47542135e+01,-6.33389709e+01
256.790000,-9.47530773e+01,-6.33378347e+01
256.795000,-9.47519439e+01,-6.33367014e+01
256.800000,-9.47508136e+01,-6.33355710e+01
256.805000,-9.47496863e+01,-6.33344437e+01
256.810000,-9.47485621e+01,-6.33333195e+01
256.815000,-9.47474408e+01,-6.33321982e+01
256.820000,-9.47463221e+01,-6.33310796e+01
256.825000,-9.47452058e+01,-6.33299633e+01
256.830000,-9.47440914e+01,-6.33288489e+01
256.835000,-9.47429786e+01,-6.33277361e+01
256.840000,-9.47418670e+01,-6.33266245e+01
256.845000,-9.47407561e+01,-6.33255136e+01
256.850000,-9.47396454e+01,-6.33244030e+01
256.855000,-9.47385345e+01,-6.33232920e+01
256.860000,-9.47374228e+01,-6.33221803e+01
256.865000,-9.47363099e+01,-6.33210674e+01
256.870000,-9.47351955e+01,-6.33199530e+01
256.875000,-9.47340794e+01,-6.33188370e+01
256.880000,-9.47329619e+01,-6.33177195e+01
256.885000,-9.47318431e+01,-6.33166007e+01
256.890000,-9.47307235e+01,-6.33154811e+01
256.895000,-9.47296033e+01,-6.33143609e+01
256.900000,-9.47284831e+01,-6.33132408e+01
256.905000,-9.47273632e+01,-6.33121208e+01
256.910000,-9.47262437e+01,-6.33110013e+01
256.915000,-9.47251248e+01,-6.33098825e+01
256.920000,-9.47240067e+01,-6.33087644e+01
256.925000,-9.47228895e+01,-6.33076472e+01
256.930000,-9.47217732e+01,-6.33065309e+01
256.935000,-9.47206581e+01,-6.33054158e+01
256.940000,-9.47195445e+01,-6.33043022e+01
256.945000,-9.47184326e+01,-6.33031903e+01
256.950000,-9.47173224e+01,-6.33020801e+01
256.955000,-9.47162142e+01,-6.33009719e+01
256.960000,-9.47151080e+01,-6.32998657e+01
256.965000,-9.47140038e+01,-6.32987615e+01
256.970000,-9.47129015e+01,-6.32976593e+01
256.975000,-9.47118010e+01,-6.32965588e+01
256.980000,-9.47107022e+01,-6.32954600e+01
256.985000,-9.47096051e+01,-6.32943629e+01
256.990000,-9.47085093e+01,-6.32932671e+01
256.995000,-9.47074148e+01,-6.32921726e+01
257.000000,-9.47063211e+01,-6.32910789e+01
257.005000,-9.47052280e+01,-6.32899859e+01
257.010000,-9.47041354e+01,-6.32888932e+01
257.015000,-9.47030428e+01,-6.32878006e+01
257.020000,-9.47019500e+01,-6.32867078e+01
257.025000,-9.47008568e+01,-6.32856147e+01
257.030000,-9.46997632e+01,-6.32845210e+01
257.035000,-9.46986691e+01,-6.32834269e+01
257.040000,-9.46975746e+01,-6.32823325e+01
257.045000,-9.46964801e+01,-6.32812379e+01
257.050000,-9.46953855e+01,-6.32801434e+01
257.055000,-9.46942912e+01,-6.32790491e+01
257.060000,-9.46931972e+01,-6.32779551e+01
257.065000,-9.46921035e+01,-6.32768614e+01
257.070000,-9.46910103e+01,-6.32757683e+01
257.075000,-9.46899178e+01,-6.32746757e+01
257.080000,-9.46888261e+01,-6.32735840e+01
257.085000,-9.46877355e+01,-6.32724935e+01
257.090000,-9.46866465e+01,-6.32714045e+01
257.095000,-9.46855592e+01,-6.32703172e+01
257.100000,-9.46844740e+01,-6.32692320e+01
257.105000,-9.46833908e+01,-6.32681488e+01
257.110000,-9.46823097e+01,-6.32670677e+01
257.115000,-9.46812306e+01,-6.32659886e+01
257.120000,-9.46801536e+01,-6.32649116e+01
257.125000,-9.46790785e+01,-6.32638366e+01
257.130000,-9.46780053e+01,-6.32627633e+01
257.135000,-9.46769338e+01,-6.32616918e+01
257.140000,-9.46758638e+01,-6.32606218e+01
257.145000,-9.46747952e+01,-6.32595533e+01
257.150000,-9.46737278e+01,-6.32584859e+01
257.155000,-9.46726615e+01,-6.32574196e+01
257.160000,-9.46715962e+01,-6.32563543e+01
257.165000,-9.46705316e+01,-6.32552897e+01
257.170000,-9.46694675e+01,-6.32542256e+01
257.175000,-9.46684039e+01,-6.32531621e+01
257.180000,-9.46673408e+01,-6.32520989e+01
257.185000,-9.46662781e+01,-6.32510363e+01
257.190000,-9.46652162e+01,-6.32499744e+01
257.195000,-9.46641553e+01,-6.32489135e+01
257.200000,-9.46630957e+01,-6.32478539e+01
257.205000,-9.46620376e+01,-6.32467958e+01
257.210000,-9.46609812e+01,-6.32457393e+01
257.215000,-9.46599265e+01,-6.32446847e+01
257.220000,-9.46588737e+01,-6.32436319e+01
257.225000,-9.46578228e+01,-6.32425810e+01
257.230000,-9.46567739e+01,-6.32415321e+01
257.235000,-9.46557269e+01,-6.32404851e+01
257.240000,-9.46546819e+01,-6.32394401e+01
257.245000,-9.46536388e+01,-6.32383970e+01
257.250000,-9.46525975e+01,-6.32373557e+01
257.255000,-9.46515578e+01,-6.32363161e+01
257.260000,-9.46505198e+01,-6.32352780e+01
257.265000,-9.46494832e+01,-6.32342415e+01
257.270000,-9.46484482e+01,-6.32332064e+01
257.275000,-9.46474147e+01,-6.32321730e+01
257.280000,-9.46463828e+01,-6.32311411e+01
257.285000,-9.46453525e+01,-6.32301108e+01
257.290000,-9.46443238e+01,-6.32290821e+01
257.295000,-9.46432966e+01,-6.32280550e+01
257.300000,-9.46422709e+01,-6.32270292e+01
257.305000,-9.46412464e+01,-6.32260047e+01
257.310000,-9.46402230e+01,-6.32249814e+01
257.315000,-9.46392006e+01,-6.32239590e+01
257.320000,-9.46381791e+01,-6.32229374e+01
257.325000,-9.46371583e+01,-6.32219166e+01
257.330000,-9.46361382e+01,-6.32208966e+01
257.335000,-9.46351188e+01,-6.32198772e+01
257.340000,-9.46341001e+01,-6.32188585e+01
257.345000,-9.46330819e+01,-6.32178403e+01
257.350000,-9.46320642e+01,-6.32168226e+01
257.355000,-9.46310468e+01,-6.32158052e+01
257.360000,-9.46300295e+01,-6.32147880e+01
257.365000,-9.46290123e+01,-6.32137708e+01
257.370000,-9.46279951e+01,-6.32127535e+01
257.375000,-9.46269776e+01,-6.32117361e+01
257.380000,-9.46259600e+01,-6.32107185e+01
257.385000,-9.46249420e+01,-6.32097005e+01
257.390000,-9.46239236e+01,-6.32086821e+01
257.395000,-9.46229047e+01,-6.32076632e+01
257.400000,-9.46218851e+01,-6.32066436e+01
257.405000,-9.46208648e+01,-6.32056234e+01
257.410000,-9.46198440e+01,-6.32046025e+01
257.415000,-9.46188226e+01,-6.32035811e+01
257.420000,-9.46178009e+01,-6.32025594e+01
257.425000,-9.46167791e+01,-6.32015377e+01
257.430000,-9.46157573e+01,-6.32005159e+01
257.435000,-9.46147355e+01,-6.31994941e+01
257.440000,-9.46137135e+01,-6.31984720e+01
257.445000,-9.46126909e+01,-6.31974495e+01
257.450000,-9.46116676e+01,-6.31964262e+01
257.455000,-9.46106434e+01,-6.31954020e+01
257.460000,-9.46096180e+01,-6.31943766e+01
257.465000,-9.46085916e+01,-6.31933502e+01
257.470000,-9.46075641e+01,-6.31923227e+01
257.475000,-9.46065356e+01,-6.31912943e+01
257.480000,-9.46055065e+01,-6.31902651e+01
257.485000,-9.46044768e+01,-6.31892354e+01
257.490000,-9.46034466e+01,-6.31882053e+01
257.495000,-9.46024161e+01,-6.31871748e+01
257.500000,-9.46013854e+01,-6.31861441e+01
257.505000,-9.46003546e+01,-6.31851133e+01
257.510000,-9.45993237e+01,-6.31840824e+01
257.515000,-9.45982928e+01,-6.31830515e+01
257.520000,-9.45972621e+01,-6.31820208e+01
257.525000,-9.45962318e+01,-6.31809905e+01
257.530000,-9.45952021e+01,-6.31799609e+01
257.535000,-9.45941734e+01,-6.31789321e+01
257.540000,-9.45931459e+01,-6.31779046e+01
257.545000,-9.45921198e+01,-6.31768785e+01
257.550000,-9.45910954e+01,-6.31758542e+01
257.555000,-9.45900729e+01,-6.31748317e+01
257.560000,-9.45890525e+01,-6.31738113e+01
257.565000,-9.45880345e+01,-6.31727932e+01
257.570000,-9.45870188e+01,-6.31717776e+01
257.575000,-9.45860057e+01,-6.31707645e+01
257.580000,-9.45849951e+01,-6.31697539e+01
257.585000,-9.45839867e+01,-6.31687456e+01
257.590000,-9.45829803e+01,-6.31677391e+01
257.595000,-9.45819754e+01,-6.31667342e+01
257.600000,-9.45809714e+01,-6.31657303e+01
257.605000,-9.45799682e+01,-6.31647270e+01
257.610000,-9.45789654e+01,-6.31637242e+01
257.615000,-9.45779627e+01,-6.31627216e+01
257.620000,-9.45769602e+01,-6.31617191e+01
257.625000,-9.45759578e+01,-6.31607167e+01
257.630000,-9.45749553e+01,-6.31597142e+01
257.635000,-9.45739529e+01,-6.31587118e+01
257.640000,-9.45729507e+01,-6.31577096e+01
257.645000,-9.45719486e+01,-6.31567076e+01
257.650000,-9.45709469e+01,-6.31557058e+01
257.655000,-9.45699454e+01,-6.31547044e+01
257.660000,-9.45689441e+01,-6.31537031e+01
257.665000,-9.45679430e+01,-6.31527019e+01
257.670000,-9.45669418e+01,-6.31517007e+01
257.675000,-9.45659406e+01,-6.31506995e+01
257.680000,-9.45649393e+01,-6.31496983e+01
257.685000,-9.45639381e+01,-6.31486971e+01
257.690000,-9.45629371e+01,-6.31476961e+01
257.695000,-9.45619366e+01,-6.31466956e+01
257.700000,-9.45609367e+01,-6.31456957e+01
257.705000,-9.45599376e+01,-6.31446966e+01
257.710000,-9.45589392e+01,-6.31436982e+01
257.715000,-9.45579416e+01,-6.31427006e+01
257.720000,-9.45569448e+01,-6.31417038e+01
257.725000,-9.45559488e+01,-6.31407079e+01
257.730000,-9.45549537e+01,-6.31397128e+01
257.735000,-9.45539593e+01,-6.31387183e+01
257.740000,-9.45529653e+01,-6.31377244e+01
257.745000,-9.45519716e+01,-6.31367306e+01
257.750000,-9.45509777e+01,-6.31357368e+01
257.755000,-9.45499834e+01,-6.31347425e+01
257.760000,-9.45489885e+01,-6.31337475e+01
257.765000,-9.45479926e+01,-6.31327517e+01
257.770000,-9.45469957e+01,-6.31317548e+01
257.775000,-9.45459978e+01,-6.31307569e+01
257.780000,-9.45449990e+01,-6.31297581e+01
257.785000,-9.45439994e+01,-6.31287585e+01
257.790000,-9.45429993e+01,-6.31277584e+01
257.795000,-9.45419989e+01,-6.31267581e+01
257.800000,-9.45409987e+01,-6.31257578e+01
257.805000,-9.45399986e+01,-6.31247578e+01
257.810000,-9.45389989e+01,-6.31237581e+01
257.815000,-9.45379997e+01,-6.31227589e+01
257.820000,-9.45370011e+01,-6.31217603e+01
257.825000,-9.45360033e+01,-6.31207626e+01
257.830000,-9.45350067e+01,-6.31197660e+01
257.835000,-9.45340117e+01,-6.31187709e+01
257.840000,-9.45330186e+01,-6.31177778e+01
257.845000,-9.45320278e+01,-6.31167871e+01
257.850000,-9.45310398e+01,-6.31157990e+01
257.855000,-9.45300547e+01,-6.31148140e+01
257.860000,-9.45290729e+01,-6.31138321e+01
257.865000,-9.45280943e+01,-6.31128536e+01
257.870000,-9.45271191e+01,-6.31118784e+01
257.875000,-9.45261472e+01,-6.31109065e+01
257.880000,-9.45251785e+01,-6.31099378e+01
257.885000,-9.45242131e+01,-6.31089724e+01
257.890000,-9.45232507e+01,-6.31080100e+01
257.895000,-9.45222911e+01,-6.31070505e+01
257.900000,-9.45213342e+01,-6.31060936e+01
257.905000,-9.45203797e+01,-6.31051391e+01
257.910000,-9.45194273e+01,-6.31041867e+01
257.915000,-9.45184766e+01,-6.31032360e+01
257.920000,-9.45175275e+01,-6.31022868e+01
257.925000,-9.45165795e+01,-6.31013389e+01
257.930000,-9.45156329e+01,-6.31003923e+01
257.935000,-9.45146874e+01,-6.30994468e+01
257.940000,-9.45137433e+01,-6.30985026e+01
257.945000,-9.45128003e+01,-6.30975597e+01
257.950000,-9.45118586e+01,-6.30966180e+01
257.955000,-9.45109179e+01,-6.30956773e+01
257.960000,-9.45099778e+01,-6.30947373e+01
257.965000,-9.45090380e+01,-6.30937975e+01
257.970000,-9.45080983e+01,-6.30928577e+01
257.975000,-9.45071583e+01,-6.30919178e+01
257.980000,-9.45062182e+01,-6.30909776e+01
257.985000,-9.45052776e+01,-6.30900371e+01
257.990000,-9.45043368e+01,-6.30890963e+01
257.995000,-9.45033958e+01,-6.30881553e+01
258.000000,-9.45024546e+01,-6.30872141e+01
258.005000,-9.45015134e+01,-6.30862728e+01
258.010000,-9.45005720e+01,-6.30853315e+01
258.015000,-9.44996305e+01,-6.30843900e+01
258.020000,-9.44986888e+01,-6.30834483e+01
258.025000,-9.44977467e+01,-6.30825062e+01
258.030000,-9.44968040e+01,-6.30815636e+01
258.035000,-9.44958608e+01,-6.30806203e+01
258.040000,-9.44949169e+01,-6.30796764e+01
258.045000,-9.44939723e+01,-6.30787318e+01
258.050000,-9.44930270e+01,-6.30777865e+01
258.055000,-9.44920809e+01,-6.30768405e+01
258.060000,-9.44911341e+01,-6.30758937e+01
258.065000,-9.44901865e+01,-6.30749461e+01
258.070000,-9.44892382e+01,-6.30739978e+01
258.075000,-9.44882891e+01,-6.30730487e+01
258.080000,-9.44873395e+01,-6.30720991e+01
258.085000,-9.44863894e+01,-6.30711490e+01
258.090000,-9.44854392e+01,-6.30701989e+01
258.095000,-9.44844892e+01,-6.30692488e+01
258.100000,-9.44835394e+01,-6.30682991e+01
258.105000,-9.44825902e+01,-6.30673498e+01
258.110000,-9.44816417e+01,-6.30664013e+01
258.115000,-9.44806940e+01,-6.30654536e+01
258.120000,-9.44797473e+01,-6.30645069e+01
258.125000,-9.44788018e+01,-6.30635614e+01
258.130000,-9.44778575e+01,-6.30626172e+01
258.135000,-9.44769147e+01,-6.30616744e+01
258.140000,-9.44759734e+01,-6.30607331e+01
258.145000,-9.44750339e+01,-6.30597936e+01
258.150000,-9.44740962e+01,-6.30588559e+01
258.155000,-9.44731605e+01,-6.30579202e+01
258.160000,-9.44722268e+01,-6.30569865e+01
258.165000,-9.44712952e+01,-6.30560549e+01
258.170000,-9.44703656e+01,-6.30551253e+01
258.175000,-9.44694381e+01,-6.30541978e+01
258.180000,-9.44685127e+01,-6.30532724e+01
258.185000,-9.44675893e+01,-6.30523491e+01
258.190000,-9.44666680e+01,-6.30514278e+01
258.195000,-9.44657487e+01,-6.30505085e+01
258.200000,-9.44648312e+01,-6.30495910e+01
258.205000,-9.44639155e+01,-6.30486753e+01
258.210000,-9.44630014e+01,-6.30477612e+01
258.215000,-9.44620887e+01,-6.30468486e+01
258.220000,-9.44611774e+01,-6.30459372e+01
258.225000,-9.44602673e+01,-6.30450271e+01
258.230000,-9.44593581e+01,-6.30441179e+01
258.235000,-9.44584496e+01,-6.30432095e+01
258.240000,-9.44575417e+01,-6.30423015e+01
258.245000,-9.44566339e+01,-6.30413938e+01
258.250000,-9.44557260e+01,-6.30404859e+01
258.255000,-9.44548179e+01,-6.30395778e+01
258.260000,-9.44539093e+01,-6.30386692e+01
258.265000,-9.44530001e+01,-6.30377600e+01
258.270000,-9.44520904e+01,-6.30368503e+01
258.275000,-9.44511802e+01,-6.30359401e+01
258.280000,-9.44502696e+01,-6.30350295e+01
258.285000,-9.44493587e+01,-6.30341187e+01
258.290000,-9.44484477e+01,-6.30332077e+01
258.295000,-9.44475366e+01,-6.30322966e+01
258.300000,-9.44466256e+01,-6.30313855e+01
258.305000,-9.44457146e+01,-6.30304746e+01
258.310000,-9.44448038e+01,-6.30295638e+01
258.315000,-9.44438932e+01,-6.30286531e+01
258.320000,-9.44429828e+01,-6.30277428e+01
258.325000,-9.44420726e+01,-6.30268326e+01
258.330000,-9.44411627e+01,-6.30259226e+01
258.335000,-9.44402528e+01,-6.30250128e+01
258.340000,-9.44393432e+01,-6.30241032e+01
258.345000,-9.44384336e+01,-6.30231936e+01
258.350000,-9.44375242e+01,-6.30222842e+01
258.355000,-9.44366149e+01,-6.30213750e+01
258.360000,-9.44357060e+01,-6.30204660e+01
258.365000,-9.44347976e+01,-6.30195576e+01
258.370000,-9.44338898e+01,-6.30186498e+01
258.375000,-9.44329829e+01,-6.30177429e+01
258.380000,-9.44320770e+01,-6.30168371e+01
258.385000,-9.44311724e+01,-6.30159325e+01
258.390000,-9.44302691e+01,-6.30150292e+01
258.395000,-9.44293672e+01,-6.30141273e+01
258.400000,-9.44284666e+01,-6.30132267e+01
258.405000,-9.44275673e+01,-6.30123274e+01
258.410000,-9.44266693e+01,-6.30114294e+01
258.415000,-9.44257726e+01,-6.30105327e+01
258.420000,-9.44248772e+01,-6.30096373e+01
258.425000,-9.44239829e+01,-6.30087430e+01
258.430000,-9.44230895e+01,-6.30078496e+01
258.435000,-9.44221969e+01,-6.30069571e+01
258.440000,-9.44213050e+01,-6.30060652e+01
258.445000,-9.44204136e+01,-6.30051738e+01
258.450000,-9.44195229e+01,-6.30042830e+01
258.455000,-9.44186328e+01,-6.30033930e+01
258.460000,-9.44177437e+01,-6.30025039e+01
258.465000,-9.44168558e+01,-6.30016160e+01
258.470000,-9.44159694e+01,-6.30007295e+01
258.475000,-9.44150846e+01,-6.29998448e+01
258.480000,-9.44142018e+01,-6.29989620e+01
258.485000,-9.44133209e+01,-6.29980811e+01
258.490000,-9.44124419e+01,-6.29972022e+01
258.495000,-9.44115645e+01,-6.29963248e+01
258.500000,-9.44106884e+01,-6.29954487e+01
258.505000,-9.44098132e+01,-6.29945734e+01
258.510000,-9.44089385e+01,-6.29936988e+01
258.515000,-9.44080643e+01,-6.29928246e+01
258.520000,-9.44071906e+01,-6.29919508e+01
258.525000,-9.44063174e+01,-6.29910776e+01
258.530000,-9.44054449e+01,-6.29902052e+01
258.535000,-9.44045732e+01,-6.29893335e+01
258.540000,-9.44037024e+01,-6.29884627e+01
258.545000,-9.44028324e+01,-6.29875927e+01
258.550000,-9.44019630e+01,-6.29867233e+01
258.555000,-9.44010941e+01,-6.29858544e+01
258.560000,-9.44002254e+01,-6.29849857e+01
258.565000,-9.43993567e+01,-6.29841170e+01
258.570000,-9.43984877e+01,-6.29832480e+01
258.575000,-9.43976182e+01,-6.29823785e+01
258.580000,-9.43967480e+01,-6.29815084e+01
258.585000,-9.43958771e+01,-6.29806374e+01
258.590000,-9.43950053e+01,-6.29797657e+01
258.595000,-9.43941329e+01,-6.29788933e+01
258.600000,-9.43932599e+01,-6.29780203e+01
258.605000,-9.43923866e+01,-6.29771470e+01
258.610000,-9.43915132e+01,-6.29762736e+01
258.615000,-9.43906401e+01,-6.29754005e+01
258.620000,-9.43897675e+01,-6.29745279e+01
258.625000,-9.43888959e+01,-6.29736563e+01
258.630000,-9.43880253e+01,-6.29727857e+01
258.635000,-9.43871559e+01,-6.29719163e+01
258.640000,-9.43862875e+01,-6.29710479e+01
258.645000,-9.43854201e+01,-6.29701805e+01
258.650000,-9.43845535e+01,-6.29693140e+01
258.655000,-9.43836879e+01,-6.29684483e+01
258.660000,-9.43828231e+01,-6.29675836e+01
258.665000,-9.43819596e+01,-6.29667201e+01
258.670000,-9.43810975e+01,-6.29658580e+01
258.675000,-9.43802372e+01,-6.29649977e+01
258.680000,-9.43793788e+01,-6.29641393e+01
258.685000,-9.43785225e+01,-6.29632830e+01
258.690000,-9.43776680e+01,-6.29624285e+01
258.695000,-9.43768151e+01,-6.29615756e+01
258.700000,-9.43759635e+01,-6.29607241e+01
258.705000,-9.43751129e+01,-6.29598734e+01
258.710000,-9.43742629e+01,-6.29590235e+01
258.715000,-9.43734133e+01,-6.29581738e+01
258.720000,-9.43725637e+01,-6.29573243e+01
258.725000,-9.43717140e+01,-6.29564746e+01
258.730000,-9.43708639e+01,-6.29556245e+01
258.735000,-9.43700134e+01,-6.29547740e+01
258.740000,-9.43691622e+01,-6.29539228e+01
258.745000,-9.43683104e+01,-6.29530709e+01
258.750000,-9.43674578e+01,-6.29522184e+01
258.755000,-9.43666046e+01,-6.29513652e+01
258.760000,-9.43657510e+01,-6.29505116e+01
258.765000,-9.43648971e+01,-6.29496577e+01
258.770000,-9.43640431e+01,-6.29488037e+01
258.775000,-9.43631891e+01,-6.29479498e+01
258.780000,-9.43623353e+01,-6.29470960e+01
258.785000,-9.43614816e+01,-6.29462423e+01
258.790000,-9.43606279e+01,-6.29453886e+01
258.795000,-9.43597742e+01,-6.29445349e+01
258.800000,-9.43589203e+01,-6.29436810e+01
258.805000,-9.43580663e+01,-6.29428270e+01
258.810000,-9.43572122e+01,-6.29419729e+01
258.815000,-9.43563582e+01,-6.29411189e+01
258.820000,-9.43555042e+01,-6.29402649e+01
258.825000,-9.43546503e+01,-6.29394110e+01
258.830000,-9.43537965e+01,-6.29385572e+01
258.835000,-9.43529429e+01,-6.29377036e+01
258.840000,-9.43520895e+01,-6.29368502e+01
258.845000,-9.43512361e+01,-6.29359968e+01
258.850000,-9.43503827e+01,-6.29351435e+01
258.855000,-9.43495291e+01,-6.29342899e+01
258.860000,-9.43486752e+01,-6.29334359e+01
258.865000,-9.43478207e+01,-6.29325815e+01
258.870000,-9.43469655e+01,-6.29317263e+01
258.875000,-9.43461094e+01,-6.29308701e+01
258.880000,-9.43452520e+01,-6.29300128e+01
258.885000,-9.43443933e+01,-6.29291540e+01
258.890000,-9.43435329e+01,-6.29282937e+01
258.895000,-9.43426707e+01,-6.29274315e+01
258.900000,-9.43418068e+01,-6.29265676e+01
258.905000,-9.43409413e+01,-6.29257021e+01
258.910000,-9.43400744e+01,-6.29248352e+01
258.915000,-9.43392067e+01,-6.29239675e+01
258.920000,-9.43383386e+01,-6.29230994e+01
258.925000,-9.43374704e+01,-6.29222312e+01
258.930000,-9.43366025e+01,-6.29213633e+01
258.935000,-9.43357351e+01,-6.29204959e+01
258.940000,-9.43348684e+01,-6.29196293e+01
258.945000,-9.43340027e+01,-6.29187635e+01
258.950000,-9.43331381e+01,-6.29178990e+01
258.955000,-9.43322752e+01,-6.29170360e+01
258.960000,-9.43314140e+01,-6.29161749e+01
258.965000,-9.43305551e+01,-6.29153160e+01
258.970000,-9.43296986e+01,-6.29144595e+01
258.975000,-9.43288447e+01,-6.29136056e+01
258.980000,-9.43279935e+01,-6.29127544e+01
258.985000,-9.43271450e+01,-6.29119059e+01
258.990000,-9.43262991e+01,-6.29110600e+01
258.995000,-9.43254556e+01,-6.29102165e+01
259.000000,-9.43246143e+01,-6.29093752e+01
259.005000,-9.43237750e+01,-6.29085359e+01
259.010000,-9.43229373e+01,-6.29076983e+01
259.015000,-9.43221009e+01,-6.29068619e+01
259.020000,-9.43212653e+01,-6.29060263e+01
259.025000,-9.43204298e+01,-6.29051908e+01
259.030000,-9.43195940e+01,-6.29043549e+01
259.035000,-9.43187571e+01,-6.29035181e+01
259.040000,-9.43179190e+01,-6.29026800e+01
259.045000,-9.43170793e+01,-6.29018403e+01
259.050000,-9.43162383e+01,-6.29009993e+01
259.055000,-9.43153961e+01,-6.29001571e+01
259.060000,-9.43145532e+01,-6.28993142e+01
259.065000,-9.43137099e+01,-6.28984709e+01
259.070000,-9.43128667e+01,-6.28976277e+01
259.075000,-9.43120238e+01,-6.28967848e+01
259.080000,-9.43111815e+01,-6.28959425e+01
259.085000,-9.43103399e+01,-6.28951010e+01
259.090000,-9.43094992e+01,-6.28942602e+01
259.095000,-9.43086593e+01,-6.28934203e+01
259.100000,-9.43078202e+01,-6.28925813e+01
259.105000,-9.43069819e+01,-6.28917430e+01
259.110000,-9.43061443e+01,-6.28909054e+01
259.115000,-9.43053074e+01,-6.28900685e+01
259.120000,-9.43044710e+01,-6.28892321e+01
259.125000,-9.43036352e+01,-6.28883963e+01
259.130000,-9.43027998e+01,-6.28875610e+01
259.135000,-9.43019651e+01,-6.28867262e+01
259.140000,-9.43011309e+01,-6.28858921e+01
259.145000,-9.43002975e+01,-6.28850586e+01
259.150000,-9.42994646e+01,-6.28842258e+01
259.155000,-9.42986323e+01,-6.28833934e+01
259.160000,-9.42978003e+01,-6.28825615e+01
259.165000,-9.42969685e+01,-6.28817296e+01
259.170000,-9.42961365e+01,-6.28808977e+01
259.175000,-9.42953040e+01,-6.28800652e+01
259.180000,-9.42944707e+01,-6.28792319e+01
259.185000,-9.42936362e+01,-6.28783974e+01
259.190000,-9.42928002e+01,-6.28775614e+01
259.195000,-9.42919624e+01,-6.28767237e+01
259.200000,-9.42911230e+01,-6.28758842e+01
259.205000,-9.42902820e+01,-6.28750432e+01
259.210000,-9.42894398e+01,-6.28742010e+01
259.215000,-9.42885969e+01,-6.28733581e+01
259.220000,-9.42877540e+01,-6.28725153e+01
259.225000,-9.42869117e+01,-6.28716729e+01
259.230000,-9.42860705e+01,-6.28708318e+01
259.235000,-9.42852312e+01,-6.28699924e+01
259.240000,-9.42843939e+01,-6.28691552e+01
259.245000,-9.42835591e+01,-6.28683204e+01
259.250000,-9.42827270e+01,-6.28674882e+01
259.255000,-9.42818974e+01,-6.28666587e+01
259.260000,-9.42810703e+01,-6.28658316e+01
259.265000,-9.42802456e+01,-6.28650069e+01
259.270000,-9.42794231e+01,-6.28641844e+01
259.275000,-9.42786025e+01,-6.28633638e+01
259.280000,-9.42777838e+01,-6.28625451e+01
259.285000,-9.42769670e+01,-6.28617283e+01
259.290000,-9.42761522e+01,-6.28609135e+01
259.295000,-9.42753395e+01,-6.28601008e+01
259.300000,-9.42745291e+01,-6.28592904e+01
259.305000,-9.42737209e+01,-6.28584823e+01
259.310000,-9.42729151e+01,-6.28576765e+01
259.315000,-9.42721116e+01,-6.28568729e+01
259.320000,-9.42713100e+01,-6.28560714e+01
259.325000,-9.42705104e+01,-6.28552717e+01
259.330000,-9.42697122e+01,-6.28544736e+01
259.335000,-9.42689154e+01,-6.28536768e+01
259.340000,-9.42681195e+01,-6.28528809e+01
259.345000,-9.42673244e+01,-6.28520858e+01
259.350000,-9.42665300e+01,-6.28512914e+01
259.355000,-9.42657361e+01,-6.28504975e+01
259.360000,-9.42649429e+01,-6.28497044e+01
259.365000,-9.42641507e+01,-6.28489121e+01
259.370000,-9.42633596e+01,-6.28481211e+01
259.375000,-9.42625701e+01,-6.28473315e+01
259.380000,-9.42617822e+01,-6.28465437e+01
259.385000,-9.42609962e+01,-6.28457577e+01
259.390000,-9.42602120e+01,-6.28449735e+01
259.395000,-9.42594295e+01,-6.28441909e+01
259.400000,-9.42586482e+01,-6.28434097e+01
259.405000,-9.42578681e+01,-6.28426295e+01
259.410000,-9.42570885e+01,-6.28418500e+01
259.415000,-9.42563094e+01,-6.28410709e+01
259.420000,-9.42555303e+01,-6.28402918e+01
259.425000,-9.42547510e+01,-6.28395125e+01
259.430000,-9.42539712e+01,-6.28387327e+01
259.435000,-9.42531908e+01,-6.28379523e+01
259.440000,-9.42524096e+01,-6.28371712e+01
259.445000,-9.42516277e+01,-6.28363892e+01
259.450000,-9.42508449e+01,-6.28356065e+01
259.455000,-9.42500614e+01,-6.28348229e+01
259.460000,-9.42492771e+01,-6.28340386e+01
259.465000,-9.42484921e+01,-6.28332536e+01
259.470000,-9.42477063e+01,-6.28324679e+01
259.475000,-9.42469200e+01,-6.28316815e+01
259.480000,-9.42461329e+01,-6.28308945e+01
259.485000,-9.42453452e+01,-6.28301068e+01
259.490000,-9.42445568e+01,-6.28293184e+01
259.495000,-9.42437679e+01,-6.28285295e+01
259.500000,-9.42429784e+01,-6.28277400e+01
259.505000,-9.42421888e+01,-6.28269504e+01
259.510000,-9.42413991e+01,-6.28261607e+01
259.515000,-9.42406096e+01,-6.28253712e+01
259.520000,-9.42398205e+01,-6.28245822e+01
259.525000,-9.42390319e+01,-6.28237935e+01
259.530000,-9.42382439e+01,-6.28230055e+01
259.535000,-9.42374565e+01,-6.28222181e+01
259.540000,-9.42366697e+01,-6.28214314e+01
259.545000,-9.42358839e+01,-6.28206455e+01
259.550000,-9.42350989e+01,-6.28198606e+01
259.555000,-9.42343152e+01,-6.28190769e+01
259.560000,-9.42335328e+01,-6.28182944e+01
259.565000,-9.42327518e+01,-6.28175135e+01
259.570000,-9.42319725e+01,-6.28167342e+01
259.575000,-9.42311947e+01,-6.28159564e+01
259.580000,-9.42304186e+01,-6.28151803e+01
259.585000,-9.42296441e+01,-6.28144059e+01
259.590000,-9.42288713e+01,-6.28136331e+01
259.595000,-9.42281003e+01,-6.28128620e+01
259.600000,-9.42273312e+01,-6.28120929e+01
259.605000,-9.42265642e+01,-6.28113259e+01
259.610000,-9.42257993e+01,-6.28105611e+01
259.615000,-9.42250366e+01,-6.28097984e+01
259.620000,-9.42242759e+01,-6.28090376e+01
259.625000,-9.42235169e+01,-6.28082787e+01
259.630000,-9.42227596e+01,-6.28075214e+01
259.635000,-9.42220038e+01,-6.28067656e+01
259.640000,-9.42212495e+01,-6.28060113e+01
259.645000,-9.42204970e+01,-6.28052588e+01
259.650000,-9.42197462e+01,-6.28045080e+01
259.655000,-9.42189974e+01,-6.28037592e+01
259.660000,-9.42182504e+01,-6.28030123e+01
259.665000,-9.42175054e+01,-6.28022672e+01
259.670000,-9.42167620e+01,-6.28015239e+01
259.675000,-9.42160201e+01,-6.28007819e+01
259.680000,-9.42152793e+01,-6.28000411e+01
259.685000,-9.42145394e+01,-6.27993012e+01
259.690000,-9.42138001e+01,-6.27985619e+01
259.695000,-9.42130612e+01,-6.27978230e+01
259.700000,-9.42123223e+01,-6.27970842e+01
259.705000,-9.42115833e+01,-6.27963452e+01
259.710000,-9.42108440e+01,-6.27956058e+01
259.715000,-9.42101040e+01,-6.27948659e+01
259.720000,-9.42093632e+01,-6.27941251e+01
259.725000,-9.42086214e+01,-6.27933833e+01
259.730000,-9.42078783e+01,-6.27926402e+01
259.735000,-9.42071338e+01,-6.27918957e+01
259.740000,-9.42063877e+01,-6.27911496e+01
259.745000,-9.42056401e+01,-6.27904020e+01
259.750000,-9.42048911e+01,-6.27896530e+01
259.755000,-9.42041410e+01,-6.27889029e+01
259.760000,-9.42033901e+01,-6.27881520e+01
259.765000,-9.42026386e+01,-6.27874006e+01
259.770000,-9.42018869e+01,-6.27866488e+01
259.775000,-9.42011353e+01,-6.27858972e+01
259.780000,-9.42003841e+01,-6.27851461e+01
259.785000,-9.41996337e+01,-6.27843956e+01
259.790000,-9.41988842e+01,-6.27836462e+01
259.795000,-9.41981358e+01,-6.27828978e+01
259.800000,-9.41973886e+01,-6.27821506e+01
259.805000,-9.41966424e+01,-6.27814044e+01
259.810000,-9.41958972e+01,-6.27806592e+01
259.815000,-9.41951526e+01,-6.27799146e+01
259.820000,-9.41944087e+01,-6.27791707e+01
259.825000,-9.41936651e+01,-6.27784271e+01
259.830000,-9.41929218e+01,-6.27776838e+01
259.835000,-9.41921787e+01,-6.27769407e+01
259.840000,-9.41914357e+01,-6.27761978e+01
259.845000,-9.41906929e+01,-6.27754550e+01
259.850000,-9.41899503e+01,-6.27747123e+01
259.855000,-9.41892077e+01,-6.27739698e+01
259.860000,-9.41884652e+01,-6.27732272e+01
259.865000,-9.41877227e+01,-6.27724847e+01
259.870000,-9.41869801e+01,-6.27717422e+01
259.875000,-9.41862374e+01,-6.27709994e+01
259.880000,-9.41854944e+01,-6.27702565e+01
259.885000,-9.41847511e+01,-6.27695131e+01
259.890000,-9.41840072e+01,-6.27687693e+01
259.895000,-9.41832629e+01,-6.27680250e+01
259.900000,-9.41825180e+01,-6.27672801e+01
259.905000,-9.41817726e+01,-6.27665347e+01
259.910000,-9.41810270e+01,-6.27657891e+01
259.915000,-9.41802815e+01,-6.27650436e+01
259.920000,-9.41795366e+01,-6.27642987e+01
259.925000,-9.41787925e+01,-6.27635546e+01
259.930000,-9.41780497e+01,-6.27628119e+01
259.935000,-9.41773085e+01,-6.27620707e+01
259.940000,-9.41765693e+01,-6.27613315e+01
259.945000,-9.41758323e+01,-6.27605945e+01
259.950000,-9.41750978e+01,-6.27598599e+01
259.955000,-9.41743657e+01,-6.27591279e+01
259.960000,-9.41736362e+01,-6.27583984e+01
259.965000,-9.41729090e+01,-6.27576712e+01
259.970000,-9.41721838e+01,-6.27569460e+01
259.975000,-9.41714603e+01,-6.27562225e+01
259.980000,-9.41707383e+01,-6.27555005e+01
259.985000,-9.41700173e+01,-6.27547795e+01
259.990000,-9.41692972e+01,-6.27540594e+01
259.995000,-9.41685776e+01,-6.27533398e+01
260.000000,-9.41678582e+01,-6.27526205e+01
260.005000,-9.41671388e+01,-6.27519011e+01
260.010000,-9.41664191e+01,-6.27511813e+01
260.015000,-9.41656986e+01,-6.27504608e+01
260.020000,-9.41649768e+01,-6.27497390e+01
260.025000,-9.41642532e+01,-6.27490155e+01
260.030000,-9.41635274e+01,-6.27482896e+01
260.035000,-9.41627988e+01,-6.27475611e+01
260.040000,-9.41620672e+01,-6.27468294e+01
260.045000,-9.41613324e+01,-6.27460947e+01
260.050000,-9.41605946e+01,-6.27453569e+01
260.055000,-9.41598539e+01,-6.27446162e+01
260.060000,-9.41591108e+01,-6.27438731e+01
260.065000,-9.41583655e+01,-6.27431278e+01
260.070000,-9.41576187e+01,-6.27423810e+01
260.075000,-9.41568708e+01,-6.27416331e+01
260.080000,-9.41561223e+01,-6.27408846e+01
260.085000,-9.41553739e+01,-6.27401362e+01
260.090000,-9.41546261e+01,-6.27393885e+01
260.095000,-9.41538795e+01,-6.27386418e+01
260.100000,-9.41531345e+01,-6.27378968e+01
260.105000,-9.41523914e+01,-6.27371538e+01
260.110000,-9.41516505e+01,-6.27364128e+01
260.115000,-9.41509116e+01,-6.27356740e+01
260.120000,-9.41501749e+01,-6.27349372e+01
260.125000,-9.41494401e+01,-6.27342025e+01
260.130000,-9.41487072e+01,-6.27334696e+01
260.135000,-9.41479763e+01,-6.27327387e+01
260.140000,-9.41472472e+01,-6.27320096e+01
260.145000,-9.41465201e+01,-6.27312825e+01
260.150000,-9.41457949e+01,-6.27305573e+01
260.155000,-9.41450713e+01,-6.27298337e+01
260.160000,-9.41443493e+01,-6.27291117e+01
260.165000,-9.41436283e+01,-6.27283907e+01
260.170000,-9.41429079e+01,-6.27276703e+01
260.175000,-9.41421875e+01,-6.27269499e+01
260.180000,-9.41414668e+01,-6.27262292e+01
260.185000,-9.41407452e+01,-6.27255076e+01
260.190000,-9.41400225e+01,-6.27247850e+01
260.195000,-9.41392985e+01,-6.27240610e+01
260.200000,-9.41385730e+01,-6.27233354e+01
260.205000,-9.41378458e+01,-6.27226083e+01
260.210000,-9.41371173e+01,-6.27218798e+01
260.215000,-9.41363874e+01,-6.27211499e+01
260.220000,-9.41356567e+01,-6.27204192e+01
260.225000,-9.41349254e+01,-6.27196879e+01
260.230000,-9.41341941e+01,-6.27189566e+01
260.235000,-9.41334635e+01,-6.27182260e+01
260.240000,-9.41327340e+01,-6.27174965e+01
260.245000,-9.41320063e+01,-6.27167688e+01
260.250000,-9.41312808e+01,-6.27160433e+01
260.255000,-9.41305578e+01,-6.27153203e+01
260.260000,-9.41298375e+01,-6.27146000e+01
260.265000,-9.41291199e+01,-6.27138825e+01
260.270000,-9.41284051e+01,-6.27131676e+01
260.275000,-9.41276928e+01,-6.27124554e+01
260.280000,-9.41269830e+01,-6.27117456e+01
260.285000,-9.41262755e+01,-6.27110381e+01
260.290000,-9.41255703e+01,-6.27103329e+01
260.295000,-9.41248671e+01,-6.27096296e+01
260.300000,-9.41241656e+01,-6.27089282e+01
260.305000,-9.41234654e+01,-6.27082280e+01
260.310000,-9.41227660e+01,-6.27075286e+01
260.315000,-9.41220669e+01,-6.27068295e+01
260.320000,-9.41213672e+01,-6.27061298e+01
260.325000,-9.41206665e+01,-6.27054291e+01
260.330000,-9.41199643e+01,-6.27047269e+01
260.335000,-9.41192602e+01,-6.27040228e+01
260.340000,-9.41185539e+01,-6.27033165e+01
260.345000,-9.41178452e+01,-6.27026079e+01
260.350000,-9.41171341e+01,-6.27018967e+01
260.355000,-9.41164205e+01,-6.27011831e+01
260.360000,-9.41157043e+01,-6.27004670e+01
260.365000,-9.41149859e+01,-6.26997486e+01
260.370000,-9.41142653e+01,-6.26990280e+01
260.375000,-9.41135430e+01,-6.26983057e+01
260.380000,-9.41128193e+01,-6.26975820e+01
260.385000,-9.41120948e+01,-6.26968575e+01
260.390000,-9.41113699e+01,-6.26961326e+01
260.395000,-9.41106451e+01,-6.26954078e+01
260.400000,-9.41099211e+01,-6.26946838e+01
260.405000,-9.41091984e+01,-6.26939611e+01
260.410000,-9.41084773e+01,-6.26932400e+01
260.415000,-9.41077584e+01,-6.26925211e+01
260.420000,-9.41070418e+01,-6.26918045e+01
260.425000,-9.41063278e+01,-6.26910905e+01
260.430000,-9.41056166e+01,-6.26903793e+01
260.435000,-9.41049082e+01,-6.26896710e+01
260.440000,-9.41042027e+01,-6.26889655e+01
260.445000,-9.41035000e+01,-6.26882627e+01
260.450000,-9.41027997e+01,-6.26875625e+01
260.455000,-9.41021017e+01,-6.26868644e+01
260.460000,-9.41014054e+01,-6.26861682e+01
260.465000,-9.41007106e+01,-6.26854734e+01
260.470000,-9.41000169e+01,-6.26847797e+01
260.475000,-9.40993240e+01,-6.26840868e+01
260.480000,-9.40986317e+01,-6.26833945e+01
260.485000,-9.40979399e+01,-6.26827027e+01
260.490000,-9.40972483e+01,-6.26820111e+01
260.495000,-9.40965570e+01,-6.26813198e+01
260.500000,-9.40958658e+01,-6.26806286e+01
260.505000,-9.40951748e+01,-6.26799376e+01
260.510000,-9.40944838e+01,-6.26792466e+01
260.515000,-9.40937928e+01,-6.26785556e+01
260.520000,-9.40931018e+01,-6.26778647e+01
260.525000,-9.40924109e+01,-6.26771738e+01
260.530000,-9.40917202e+01,-6.26764830e+01
260.535000,-9.40910298e+01,-6.26757927e+01
260.540000,-9.40903401e+01,-6.26751030e+01
260.545000,-9.40896515e+01,-6.26744144e+01
260.550000,-9.40889643e+01,-6.26737272e+01
260.555000,-9.40882789e+01,-6.26730418e+01
260.560000,-9.40875956e+01,-6.26723585e+01
260.565000,-9.40869144e+01,-6.26716773e+01
260.570000,-9.40862353e+01,-6.26709982e+01
260.575000,-9.40855581e+01,-6.26703210e+01
260.580000,-9.40848825e+01,-6.26696454e+01
260.585000,-9.40842084e+01,-6.26689713e+01
260.590000,-9.40835357e+01,-6.26682987e+01
260.595000,-9.40828644e+01,-6.26676273e+01
260.600000,-9.40821942e+01,-6.26669571e+01
260.605000,-9.40815251e+01,-6.26662881e+01
260.610000,-9.40808568e+01,-6.26656198e+01
260.615000,-9.40801891e+01,-6.26649521e+01
260.620000,-9.40795216e+01,-6.26642845e+01
260.625000,-9.40788538e+01,-6.26636168e+01
260.630000,-9.40781856e+01,-6.26629485e+01
260.635000,-9.40775166e+01,-6.26622795e+01
260.640000,-9.40768466e+01,-6.26616095e+01
260.645000,-9.40761755e+01,-6.26609385e+01
260.650000,-9.40755033e+01,-6.26602663e+01
260.655000,-9.40748299e+01,-6.26595929e+01
260.660000,-9.40741554e+01,-6.26589184e+01
260.665000,-9.40734798e+01,-6.26582428e+01
260.670000,-9.40728031e+01,-6.26575661e+01
260.675000,-9.40721254e+01,-6.26568884e+01
260.680000,-9.40714467e+01,-6.26562097e+01
260.685000,-9.40707673e+01,-6.26555303e+01
260.690000,-9.40700872e+01,-6.26548502e+01
260.695000,-9.40694068e+01,-6.26541698e+01
260.700000,-9.40687262e+01,-6.26534893e+01
260.705000,-9.40680458e+01,-6.26528088e+01
260.710000,-9.40673656e+01,-6.26521287e+01
260.715000,-9.40666860e+01,-6.26514491e+01
260.720000,-9.40660069e+01,-6.26507700e+01
260.725000,-9.40653284e+01,-6.26500915e+01
260.730000,-9.40646505e+01,-6.26494136e+01
260.735000,-9.40639730e+01,-6.26487361e+01
260.740000,-9.40632960e+01,-6.26480590e+01
260.745000,-9.40626193e+01,-6.26473824e+01
260.750000,-9.40619431e+01,-6.26467062e+01
260.755000,-9.40612674e+01,-6.26460305e+01
260.760000,-9.40605926e+01,-6.26453557e+01
260.765000,-9.40599188e+01,-6.26446819e+01
260.770000,-9.40592463e+01,-6.26440094e+01
260.775000,-9.40585755e+01,-6.26433386e+01
260.780000,-9.40579064e+01,-6.26426695e+01
260.785000,-9.40572393e+01,-6.26420024e+01
260.790000,-9.40565742e+01,-6.26413373e+01
260.795000,-9.40559111e+01,-6.26406743e+01
260.800000,-9.40552500e+01,-6.26400131e+01
260.805000,-9.40545906e+01,-6.26393537e+01
260.810000,-9.40539326e+01,-6.26386958e+01
260.815000,-9.40532759e+01,-6.26380390e+01
260.820000,-9.40526202e+01,-6.26373833e+01
260.825000,-9.40519653e+01,-6.26367285e+01
260.830000,-9.40513113e+01,-6.26360745e+01
260.835000,-9.40506580e+01,-6.26354212e+01
260.840000,-9.40500055e+01,-6.26347687e+01
260.845000,-9.40493536e+01,-6.26341168e+01
260.850000,-9.40487024e+01,-6.26334656e+01
260.855000,-9.40480518e+01,-6.26328150e+01
260.860000,-9.40474017e+01,-6.26321649e+01
260.865000,-9.40467521e+01,-6.26315153e+01
260.870000,-9.40461028e+01,-6.26308661e+01
260.875000,-9.40454539e+01,-6.26302171e+01
260.880000,-9.40448051e+01,-6.26295683e+01
260.885000,-9.40441563e+01,-6.26289196e+01
260.890000,-9.40435074e+01,-6.26282706e+01
260.895000,-9.40428582e+01,-6.26276215e+01
260.900000,-9.40422088e+01,-6.26269720e+01
260.905000,-9.40415591e+01,-6.26263224e+01
260.910000,-9.40409093e+01,-6.26256726e+01
260.915000,-9.40402596e+01,-6.26250229e+01
260.920000,-9.40396102e+01,-6.26243735e+01
260.925000,-9.40389612e+01,-6.26237245e+01
260.930000,-9.40383129e+01,-6.26230762e+01
260.935000,-9.40376652e+01,-6.26224285e+01
260.940000,-9.40370181e+01,-6.26217814e+01
260.945000,-9.40363716e+01,-6.26211349e+01
260.950000,-9.40357255e+01,-6.26204888e+01
260.955000,-9.40350797e+01,-6.26198431e+01
260.960000,-9.40344341e+01,-6.26191975e+01
260.965000,-9.40337886e+01,-6.26185519e+01
260.970000,-9.40331428e+01,-6.26179062e+01
260.975000,-9.40324969e+01,-6.26172602e+01
260.980000,-9.40318508e+01,-6.26166141e+01
260.985000,-9.40312044e+01,-6.26159677e+01
260.990000,-9.40305578e+01,-6.26153211e+01
260.995000,-9.40299110e+01,-6.26146743e+01
261.000000,-9.40292640e+01,-6.26140273e+01
261.005000,-9.40286168e+01,-6.26133802e+01
261.010000,-9.40279696e+01,-6.26127330e+01
261.015000,-9.40273223e+01,-6.26120857e+01
261.020000,-9.40266750e+01,-6.26114383e+01
261.025000,-9.40260275e+01,-6.26107909e+01
261.030000,-9.40253797e+01,-6.26101431e+01
261.035000,-9.40247314e+01,-6.26094948e+01
261.040000,-9.40240823e+01,-6.26088457e+01
261.045000,-9.40234322e+01,-6.26081956e+01
261.050000,-9.40227808e+01,-6.26075443e+01
261.055000,-9.40221284e+01,-6.26068918e+01
261.060000,-9.40214751e+01,-6.26062385e+01
261.065000,-9.40208213e+01,-6.26055847e+01
261.070000,-9.40201675e+01,-6.26049309e+01
261.075000,-9.40195141e+01,-6.26042776e+01
261.080000,-9.40188617e+01,-6.26036251e+01
261.085000,-9.40182105e+01,-6.26029739e+01
261.090000,-9.40175608e+01,-6.26023243e+01
261.095000,-9.40169128e+01,-6.26016763e+01
261.100000,-9.40162665e+01,-6.26010300e+01
261.105000,-9.40156218e+01,-6.26003853e+01
261.110000,-9.40149785e+01,-6.25997420e+01
261.115000,-9.40143364e+01,-6.25990999e+01
261.120000,-9.40136954e+01,-6.25984589e+01
261.125000,-9.40130552e+01,-6.25978187e+01
261.130000,-9.40124157e+01,-6.25971792e+01
261.135000,-9.40117768e+01,-6.25965403e+01
261.140000,-9.40111383e+01,-6.25959018e+01
261.145000,-9.40105003e+01,-6.25952638e+01
261.150000,-9.40098625e+01,-6.25946260e+01
261.155000,-9.40092250e+01,-6.25939885e+01
261.160000,-9.40085877e+01,-6.25933512e+01
261.165000,-9.40079504e+01,-6.25927139e+01
261.170000,-9.40073131e+01,-6.25920766e+01
261.175000,-9.40066755e+01,-6.25914391e+01
261.180000,-9.40060376e+01,-6.25908012e+01
261.185000,-9.40053991e+01,-6.25901627e+01
261.190000,-9.40047598e+01,-6.25895234e+01
261.195000,-9.40041194e+01,-6.25888829e+01
261.200000,-9.40034777e+01,-6.25882413e+01
261.205000,-9.40028348e+01,-6.25875983e+01
261.210000,-9.40021906e+01,-6.25869542e+01
261.215000,-9.40015454e+01,-6.25863090e+01
261.220000,-9.40008994e+01,-6.25856630e+01
261.225000,-9.40002525e+01,-6.25850160e+01
261.230000,-9.39996047e+01,-6.25843683e+01
261.235000,-9.39989560e+01,-6.25837196e+01
261.240000,-9.39983063e+01,-6.25830699e+01
261.245000,-9.39976558e+01,-6.25824194e+01
261.250000,-9.39970044e+01,-6.25817680e+01
261.255000,-9.39963525e+01,-6.25811161e+01
261.260000,-9.39957003e+01,-6.25804639e+01
261.265000,-9.39950480e+01,-6.25798117e+01
261.270000,-9.39943962e+01,-6.25791598e+01
261.275000,-9.39937449e+01,-6.25785086e+01
261.280000,-9.39930947e+01,-6.25778583e+01
261.285000,-9.39924457e+01,-6.25772094e+01
261.290000,-9.39917984e+01,-6.25765620e+01
261.295000,-9.39911528e+01,-6.25759165e+01
261.300000,-9.39905092e+01,-6.25752729e+01
261.305000,-9.39898677e+01,-6.25746314e+01
261.310000,-9.39892282e+01,-6.25739919e+01
261.315000,-9.39885907e+01,-6.25733544e+01
261.320000,-9.39879549e+01,-6.25727186e+01
261.325000,-9.39873204e+01,-6.25720841e+01
261.330000,-9.39866867e+01,-6.25714504e+01
261.335000,-9.39860532e+01,-6.25708169e+01
261.340000,-9.39854194e+01,-6.25701831e+01
261.345000,-9.39847849e+01,-6.25695486e+01
261.350000,-9.39841493e+01,-6.25689131e+01
261.355000,-9.39835126e+01,-6.25682763e+01
261.360000,-9.39828747e+01,-6.25676384e+01
261.365000,-9.39822357e+01,-6.25669994e+01
261.370000,-9.39815957e+01,-6.25663594e+01
261.375000,-9.39809551e+01,-6.25657188e+01
261.380000,-9.39803140e+01,-6.25650778e+01
261.385000,-9.39796729e+01,-6.25644366e+01
261.390000,-9.39790319e+01,-6.25637957e+01
261.395000,-9.39783916e+01,-6.25631553e+01
261.400000,-9.39777520e+01,-6.25625158e+01
261.405000,-9.39771138e+01,-6.25618776e+01
261.410000,-9.39764771e+01,-6.25612408e+01
261.415000,-9.39758421e+01,-6.25606059e+01
261.420000,-9.39752091e+01,-6.25599729e+01
261.425000,-9.39745781e+01,-6.25593419e+01
261.430000,-9.39739491e+01,-6.25587129e+01
261.435000,-9.39733219e+01,-6.25580858e+01
261.440000,-9.39726965e+01,-6.25574603e+01
261.445000,-9.39720726e+01,-6.25568364e+01
261.450000,-9.39714503e+01,-6.25562141e+01
261.455000,-9.39708293e+01,-6.25555932e+01
261.460000,-9.39702098e+01,-6.25549736e+01
261.465000,-9.39695914e+01,-6.25543552e+01
261.470000,-9.39689739e+01,-6.25537377e+01
261.475000,-9.39683569e+01,-6.25531208e+01
261.480000,-9.39677398e+01,-6.25525037e+01
261.485000,-9.39671220e+01,-6.25518858e+01
261.490000,-9.39665028e+01,-6.25512666e+01
261.495000,-9.39658818e+01,-6.25506457e+01
261.500000,-9.39652589e+01,-6.25500228e+01
261.505000,-9.39646340e+01,-6.25493979e+01
261.510000,-9.39640073e+01,-6.25487712e+01
261.515000,-9.39633791e+01,-6.25481430e+01
261.520000,-9.39627499e+01,-6.25475138e+01
261.525000,-9.39621201e+01,-6.25468840e+01
261.530000,-9.39614900e+01,-6.25462539e+01
261.535000,-9.39608598e+01,-6.25456237e+01
261.540000,-9.39602298e+01,-6.25449937e+01
261.545000,-9.39595999e+01,-6.25443639e+01
261.550000,-9.39589703e+01,-6.25437343e+01
261.555000,-9.39583409e+01,-6.25431049e+01
261.560000,-9.39577119e+01,-6.25424758e+01
261.565000,-9.39570831e+01,-6.25418471e+01
261.570000,-9.39564548e+01,-6.25412188e+01
261.575000,-9.39558271e+01,-6.25405911e+01
261.580000,-9.39552001e+01,-6.25399641e+01
261.585000,-9.39545739e+01,-6.25393378e+01
261.590000,-9.39539486e+01,-6.25387126e+01
261.595000,-9.39533245e+01,-6.25380884e+01
261.600000,-9.39527016e+01,-6.25374656e+01
261.605000,-9.39520803e+01,-6.25368443e+01
261.610000,-9.39514607e+01,-6.25362247e+01
261.615000,-9.39508431e+01,-6.25356071e+01
261.620000,-9.39502275e+01,-6.25349915e+01
261.625000,-9.39496142e+01,-6.25343782e+01
261.630000,-9.39490032e+01,-6.25337672e+01
261.635000,-9.39483943e+01,-6.25331583e+01
261.640000,-9.39477872e+01,-6.25325513e+01
261.645000,-9.39471817e+01,-6.25319457e+01
261.650000,-9.39465771e+01,-6.25313412e+01
261.655000,-9.39459733e+01,-6.25307374e+01
261.660000,-9.39453699e+01,-6.25301340e+01
261.665000,-9.39447668e+01,-6.25295308e+01
261.670000,-9.39441638e+01,-6.25289278e+01
261.675000,-9.39435608e+01,-6.25283249e+01
261.680000,-9.39429580e+01,-6.25277221e+01
261.685000,-9.39423555e+01,-6.25271196e+01
261.690000,-9.39417535e+01,-6.25265176e+01
261.695000,-9.39411522e+01,-6.25259163e+01
261.700000,-9.39405518e+01,-6.25253159e+01
261.705000,-9.39399522e+01,-6.25247163e+01
261.710000,-9.39393536e+01,-6.25241177e+01
261.715000,-9.39387558e+01,-6.25235199e+01
261.720000,-9.39381587e+01,-6.25229228e+01
261.725000,-9.39375622e+01,-6.25223263e+01
261.730000,-9.39369659e+01,-6.25217301e+01
261.735000,-9.39363696e+01,-6.25211338e+01
261.740000,-9.39357732e+01,-6.25205373e+01
261.745000,-9.39351765e+01,-6.25199407e+01
261.750000,-9.39345798e+01,-6.25193439e+01
261.755000,-9.39339830e+01,-6.25187471e+01
261.760000,-9.39333866e+01,-6.25181507e+01
261.765000,-9.39327910e+01,-6.25175552e+01
261.770000,-9.39321968e+01,-6.25169610e+01
261.775000,-9.39316043e+01,-6.25163685e+01
261.780000,-9.39310137e+01,-6.25157779e+01
261.785000,-9.39304253e+01,-6.25151894e+01
261.790000,-9.39298388e+01,-6.25146030e+01
261.795000,-9.39292543e+01,-6.25140185e+01
261.800000,-9.39286716e+01,-6.25134358e+01
261.805000,-9.39280905e+01,-6.25128547e+01
261.810000,-9.39275107e+01,-6.25122749e+01
261.815000,-9.39269321e+01,-6.25116963e+01
261.820000,-9.39263544e+01,-6.25111186e+01
261.825000,-9.39257773e+01,-6.25105415e+01
261.830000,-9.39252004e+01,-6.25099647e+01
261.835000,-9.39246237e+01,-6.25093879e+01
261.840000,-9.39240467e+01,-6.25088109e+01
261.845000,-9.39234692e+01,-6.25082334e+01
261.850000,-9.39228912e+01,-6.25076554e+01
261.855000,-9.39223124e+01,-6.25070766e+01
261.860000,-9.39217331e+01,-6.25064973e+01
261.865000,-9.39211533e+01,-6.25059176e+01
261.870000,-9.39205735e+01,-6.25053377e+01
261.875000,-9.39199939e+01,-6.25047582e+01
261.880000,-9.39194149e+01,-6.25041792e+01
261.885000,-9.39188370e+01,-6.25036012e+01
261.890000,-9.39182604e+01,-6.25030247e+01
261.895000,-9.39176858e+01,-6.25024501e+01
261.900000,-9.39171134e+01,-6.25018777e+01
261.905000,-9.39165435e+01,-6.25013078e+01
261.910000,-9.39159764e+01,-6.25007407e+01
261.915000,-9.39154124e+01,-6.25001767e+01
261.920000,-9.39148514e+01,-6.24996157e+01
261.925000,-9.39142936e+01,-6.24990579e+01
261.930000,-9.39137388e+01,-6.24985031e+01
261.935000,-9.39131866e+01,-6.24979510e+01
261.940000,-9.39126368e+01,-6.24974011e+01
261.945000,-9.39120886e+01,-6.24968529e+01
261.950000,-9.39115411e+01,-6.24963055e+01
261.955000,-9.39109938e+01,-6.24957581e+01
261.960000,-9.39104457e+01,-6.24952100e+01
261.965000,-9.39098965e+01,-6.24946608e+01
261.970000,-9.39093457e+01,-6.24941100e+01
261.975000,-9.39087931e+01,-6.24935574e+01
261.980000,-9.39082384e+01,-6.24930027e+01
261.985000,-9.39076816e+01,-6.24924460e+01
261.990000,-9.39071227e+01,-6.24918871e+01
261.995000,-9.39065619e+01,-6.24913262e+01
262.000000,-9.39059992e+01,-6.24907636e+01
262.005000,-9.39054350e+01,-6.24901993e+01
262.010000,-9.39048694e+01,-6.24896338e+01
262.015000,-9.39043028e+01,-6.24890672e+01
262.020000,-9.39037354e+01,-6.24884998e+01
262.025000,-9.39031676e+01,-6.24879320e+01
262.030000,-9.39025999e+01,-6.24873643e+01
262.035000,-9.39020324e+01,-6.24867968e+01
262.040000,-9.39014657e+01,-6.24862301e+01
262.045000,-9.39009000e+01,-6.24856644e+01
262.050000,-9.39003355e+01,-6.24850999e+01
262.055000,-9.38997725e+01,-6.24845369e+01
262.060000,-9.38992110e+01,-6.24839755e+01
262.065000,-9.38986512e+01,-6.24834156e+01
262.070000,-9.38980930e+01,-6.24828575e+01
262.075000,-9.38975367e+01,-6.24823011e+01
262.080000,-9.38969823e+01,-6.24817467e+01
262.085000,-9.38964296e+01,-6.24811940e+01
262.090000,-9.38958785e+01,-6.24806430e+01
262.095000,-9.38953285e+01,-6.24800930e+01
262.100000,-9.38947791e+01,-6.24795436e+01
262.105000,-9.38942296e+01,-6.24789941e+01
262.110000,-9.38936794e+01,-6.24784439e+01
262.115000,-9.38931279e+01,-6.24778924e+01
262.120000,-9.38925744e+01,-6.24773389e+01
262.125000,-9.38920185e+01,-6.24767830e+01
262.130000,-9.38914598e+01,-6.24762242e+01
262.135000,-9.38908978e+01,-6.24756622e+01
262.140000,-9.38903323e+01,-6.24750968e+01
262.145000,-9.38897633e+01,-6.24745278e+01
262.150000,-9.38891909e+01,-6.24739554e+01
262.155000,-9.38886151e+01,-6.24733796e+01
262.160000,-9.38880364e+01,-6.24728009e+01
262.165000,-9.38874552e+01,-6.24722197e+01
262.170000,-9.38868719e+01,-6.24716364e+01
262.175000,-9.38862871e+01,-6.24710516e+01
262.180000,-9.38857012e+01,-6.24704658e+01
262.185000,-9.38851150e+01,-6.24698795e+01
262.190000,-9.38845289e+01,-6.24692934e+01
262.195000,-9.38839435e+01,-6.24687080e+01
262.200000,-9.38833593e+01,-6.24681238e+01
262.205000,-9.38827767e+01,-6.24675413e+01
262.210000,-9.38821962e+01,-6.24669608e+01
262.215000,-9.38816181e+01,-6.24663827e+01
262.220000,-9.38810428e+01,-6.24658074e+01
262.225000,-9.38804706e+01,-6.24652351e+01
262.230000,-9.38799016e+01,-6.24646662e+01
262.235000,-9.38793359e+01,-6.24641005e+01
262.240000,-9.38787733e+01,-6.24635379e+01
262.245000,-9.38782134e+01,-6.24629780e+01
262.250000,-9.38776559e+01,-6.24624205e+01
262.255000,-9.38771003e+01,-6.24618650e+01
262.260000,-9.38765464e+01,-6.24613110e+01
262.265000,-9.38759937e+01,-6.24607583e+01
262.270000,-9.38754417e+01,-6.24602063e+01
262.275000,-9.38748901e+01,-6.24596547e+01
262.280000,-9.38743385e+01,-6.24591031e+01
262.285000,-9.38737868e+01,-6.24585514e+01
262.290000,-9.38732348e+01,-6.24579994e+01
262.295000,-9.38726824e+01,-6.24574470e+01
262.300000,-9.38721296e+01,-6.24568943e+01
262.305000,-9.38715763e+01,-6.24563410e+01
262.310000,-9.38710226e+01,-6.24557873e+01
262.315000,-9.38704685e+01,-6.24552332e+01
262.320000,-9.38699141e+01,-6.24546788e+01
262.325000,-9.38693596e+01,-6.24541242e+01
262.330000,-9.38688050e+01,-6.24535697e+01
262.335000,-9.38682508e+01,-6.24530155e+01
262.340000,-9.38676972e+01,-6.24524618e+01
262.345000,-9.38671445e+01,-6.24519092e+01
262.350000,-9.38665930e+01,-6.24513577e+01
262.355000,-9.38660429e+01,-6.24508076e+01
262.360000,-9.38654945e+01,-6.24502592e+01
262.365000,-9.38649479e+01,-6.24497126e+01
262.370000,-9.38644032e+01,-6.24491679e+01
262.375000,-9.38638604e+01,-6.24486251e+01
262.380000,-9.38633195e+01,-6.24480842e+01
262.385000,-9.38627802e+01,-6.24475449e+01
262.390000,-9.38622423e+01,-6.24470071e+01
262.395000,-9.38617054e+01,-6.24464701e+01
262.400000,-9.38611690e+01,-6.24459337e+01
262.405000,-9.38606325e+01,-6.24453973e+01
262.410000,-9.38600956e+01,-6.24448604e+01
262.415000,-9.38595579e+01,-6.24443226e+01
262.420000,-9.38590189e+01,-6.24437837e+01
262.425000,-9.38584784e+01,-6.24432432e+01
262.430000,-9.38579362e+01,-6.24427010e+01
262.435000,-9.38573922e+01,-6.24421570e+01
262.440000,-9.38568463e+01,-6.24416111e+01
262.445000,-9.38562985e+01,-6.24410633e+01
262.450000,-9.38557491e+01,-6.24405139e+01
262.455000,-9.38551980e+01,-6.24399628e+01
262.460000,-9.38546456e+01,-6.24394104e+01
262.465000,-9.38540920e+01,-6.24388568e+01
262.470000,-9.38535374e+01,-6.24383022e+01
262.475000,-9.38529822e+01,-6.24377471e+01
262.480000,-9.38524267e+01,-6.24371915e+01
262.485000,-9.38518711e+01,-6.24366359e+01
262.490000,-9.38513158e+01,-6.24360806e+01
262.495000,-9.38507611e+01,-6.24355259e+01
262.500000,-9.38502074e+01,-6.24349723e+01
262.505000,-9.38496551e+01,-6.24344200e+01
262.510000,-9.38491046e+01,-6.24338694e+01
262.515000,-9.38485559e+01,-6.24333208e+01
262.520000,-9.38480094e+01,-6.24327742e+01
262.525000,-9.38474650e+01,-6.24322298e+01
262.530000,-9.38469226e+01,-6.24316874e+01
262.535000,-9.38463819e+01,-6.24311468e+01
262.540000,-9.38458428e+01,-6.24306077e+01
262.545000,-9.38453049e+01,-6.24300698e+01
262.550000,-9.38447680e+01,-6.24295329e+01
262.555000,-9.38442317e+01,-6.24289966e+01
262.560000,-9.38436959e+01,-6.24284607e+01
262.565000,-9.38431602e+01,-6.24279250e+01
262.570000,-9.38426245e+01,-6.24273894e+01
262.575000,-9.38420888e+01,-6.24268537e+01
262.580000,-9.38415532e+01,-6.24263181e+01
262.585000,-9.38410178e+01,-6.24257827e+01
262.590000,-9.38404829e+01,-6.24252478e+01
262.595000,-9.38399484e+01,-6.24247133e+01
262.600000,-9.38394145e+01,-6.24241794e+01
262.605000,-9.38388811e+01,-6.24236461e+01
262.610000,-9.38383482e+01,-6.24231131e+01
262.615000,-9.38378157e+01,-6.24225806e+01
262.620000,-9.38372835e+01,-6.24220484e+01
262.625000,-9.38367517e+01,-6.24215166e+01
262.630000,-9.38362203e+01,-6.24209852e+01
262.635000,-9.38356895e+01,-6.24204544e+01
262.640000,-9.38351593e+01,-6.24199242e+01
262.645000,-9.38346299e+01,-6.24193948e+01
262.650000,-9.38341015e+01,-6.24188664e+01
262.655000,-9.38335742e+01,-6.24183391e+01
262.660000,-9.38330483e+01,-6.24178132e+01
262.665000,-9.38325239e+01,-6.24172889e+01
262.670000,-9.38320012e+01,-6.24167662e+01
262.675000,-9.38314801e+01,-6.24162451e+01
262.680000,-9.38309605e+01,-6.24157255e+01
262.685000,-9.38304422e+01,-6.24152072e+01
262.690000,-9.38299247e+01,-6.24146897e+01
262.695000,-9.38294078e+01,-6.24141728e+01
262.700000,-9.38288911e+01,-6.24136561e+01
262.705000,-9.38283739e+01,-6.24131390e+01
262.710000,-9.38278561e+01,-6.24126212e+01
262.715000,-9.38273375e+01,-6.24121025e+01
262.720000,-9.38268179e+01,-6.24115829e+01
262.725000,-9.38262974e+01,-6.24110625e+01
262.730000,-9.38257764e+01,-6.24105414e+01
262.735000,-9.38252549e+01,-6.24100199e+01
262.740000,-9.38247333e+01,-6.24094983e+01
262.745000,-9.38242116e+01,-6.24089767e+01
262.750000,-9.38236901e+01,-6.24084551e+01
262.755000,-9.38231687e+01,-6.24079337e+01
262.760000,-9.38226474e+01,-6.24074124e+01
262.765000,-9.38221261e+01,-6.24068912e+01
262.770000,-9.38216049e+01,-6.24063699e+01
262.775000,-9.38210837e+01,-6.24058488e+01
262.780000,-9.38205627e+01,-6.24053278e+01
262.785000,-9.38200421e+01,-6.24048071e+01
262.790000,-9.38195219e+01,-6.24042870e+01
262.795000,-9.38190026e+01,-6.24037677e+01
262.800000,-9.38184843e+01,-6.24032494e+01
262.805000,-9.38179674e+01,-6.24027325e+01
262.810000,-9.38174523e+01,-6.24022174e+01
262.815000,-9.38169391e+01,-6.24017042e+01
262.820000,-9.38164280e+01,-6.24011931e+01
262.825000,-9.38159189e+01,-6.24006840e+01
262.830000,-9.38154116e+01,-6.24001767e+01
262.835000,-9.38149059e+01,-6.23996711e+01
262.840000,-9.38144015e+01,-6.23991667e+01
262.845000,-9.38138982e+01,-6.23986633e+01
262.850000,-9.38133956e+01,-6.23981607e+01
262.855000,-9.38128937e+01,-6.23976588e+01
262.860000,-9.38123925e+01,-6.23971576e+01
262.865000,-9.38118920e+01,-6.23966572e+01
262.870000,-9.38113925e+01,-6.23961576e+01
262.875000,-9.38108943e+01,-6.23956594e+01
262.880000,-9.38103977e+01,-6.23951628e+01
262.885000,-9.38099031e+01,-6.23946683e+01
262.890000,-9.38094109e+01,-6.23941761e+01
262.895000,-9.38089214e+01,-6.23936865e+01
262.900000,-9.38084345e+01,-6.23931997e+01
262.905000,-9.38079505e+01,-6.23927156e+01
262.910000,-9.38074690e+01,-6.23922342e+01
262.915000,-9.38069901e+01,-6.23917553e+01
262.920000,-9.38065135e+01,-6.23912787e+01
262.925000,-9.38060389e+01,-6.23908041e+01
262.930000,-9.38055657e+01,-6.23903309e+01
262.935000,-9.38050938e+01,-6.23898590e+01
262.940000,-9.38046227e+01,-6.23893879e+01
262.945000,-9.38041522e+01,-6.23889174e+01
262.950000,-9.38036822e+01,-6.23884474e+01
262.955000,-9.38032126e+01,-6.23879778e+01
262.960000,-9.38027433e+01,-6.23875085e+01
262.965000,-9.38022744e+01,-6.23870396e+01
262.970000,-9.38018056e+01,-6.23865709e+01
262.975000,-9.38013369e+01,-6.23861022e+01
262.980000,-9.38008679e+01,-6.23856332e+01
262.985000,-9.38003983e+01,-6.23851635e+01
262.990000,-9.37999275e+01,-6.23846928e+01
262.995000,-9.37994555e+01,-6.23842207e+01
263.000000,-9.37989820e+01,-6.23837472e+01
263.005000,-9.37985069e+01,-6.23832721e+01
263.010000,-9.37980303e+01,-6.23827956e+01
263.015000,-9.37975524e+01,-6.23823177e+01
263.020000,-9.37970735e+01,-6.23818387e+01
263.025000,-9.37965938e+01,-6.23813591e+01
263.030000,-9.37961137e+01,-6.23808790e+01
263.035000,-9.37956336e+01,-6.23803989e+01
263.040000,-9.37951538e+01,-6.23799190e+01
263.045000,-9.37946745e+01,-6.23794398e+01
263.050000,-9.37941962e+01,-6.23789615e+01
263.055000,-9.37937188e+01,-6.23784841e+01
263.060000,-9.37932424e+01,-6.23780077e+01
263.065000,-9.37927669e+01,-6.23775322e+01
263.070000,-9.37922922e+01,-6.23770575e+01
263.075000,-9.37918182e+01,-6.23765835e+01
263.080000,-9.37913449e+01,-6.23761103e+01
263.085000,-9.37908724e+01,-6.23756377e+01
263.090000,-9.37904007e+01,-6.23751661e+01
263.095000,-9.37899301e+01,-6.23746954e+01
263.100000,-9.37894608e+01,-6.23742261e+01
263.105000,-9.37889930e+01,-6.23737583e+01
263.110000,-9.37885270e+01,-6.23732923e+01
263.115000,-9.37880629e+01,-6.23728282e+01
263.120000,-9.37876007e+01,-6.23723660e+01
263.125000,-9.37871403e+01,-6.23719056e+01
263.130000,-9.37866814e+01,-6.23714468e+01
263.135000,-9.37862239e+01,-6.23709892e+01
263.140000,-9.37857673e+01,-6.23705327e+01
263.145000,-9.37853116e+01,-6.23700769e+01
263.150000,-9.37848564e+01,-6.23696218e+01
263.155000,-9.37844018e+01,-6.23691671e+01
263.160000,-9.37839475e+01,-6.23687129e+01
263.165000,-9.37834938e+01,-6.23682592e+01
263.170000,-9.37830407e+01,-6.23678061e+01
263.175000,-9.37825882e+01,-6.23673536e+01
263.180000,-9.37821365e+01,-6.23669019e+01
263.185000,-9.37816856e+01,-6.23664510e+01
263.190000,-9.37812356e+01,-6.23660010e+01
263.195000,-9.37807868e+01,-6.23655522e+01
263.200000,-9.37803392e+01,-6.23651046e+01
263.205000,-9.37798929e+01,-6.23646583e+01
263.210000,-9.37794480e+01,-6.23642134e+01
263.215000,-9.37790043e+01,-6.23637697e+01
263.220000,-9.37785620e+01,-6.23633274e+01
263.225000,-9.37781208e+01,-6.23628862e+01
263.230000,-9.37776808e+01,-6.23624462e+01
263.235000,-9.37772419e+01,-6.23620073e+01
263.240000,-9.37768042e+01,-6.23615697e+01
263.245000,-9.37763678e+01,-6.23611333e+01
263.250000,-9.37759327e+01,-6.23606981e+01
263.255000,-9.37754988e+01,-6.23602643e+01
263.260000,-9.37750662e+01,-6.23598316e+01
263.265000,-9.37746347e+01,-6.23594002e+01
263.270000,-9.37742042e+01,-6.23589697e+01
263.275000,-9.37737745e+01,-6.23585400e+01
263.280000,-9.37733454e+01,-6.23581109e+01
263.285000,-9.37729164e+01,-6.23576819e+01
263.290000,-9.37724872e+01,-6.23572527e+01
263.295000,-9.37720573e+01,-6.23568228e+01
263.300000,-9.37716262e+01,-6.23563917e+01
263.305000,-9.37711936e+01,-6.23559590e+01
263.310000,-9.37707591e+01,-6.23555246e+01
263.315000,-9.37703227e+01,-6.23550882e+01
263.320000,-9.37698844e+01,-6.23546499e+01
263.325000,-9.37694444e+01,-6.23542099e+01
263.330000,-9.37690028e+01,-6.23537683e+01
263.335000,-9.37685600e+01,-6.23533255e+01
263.340000,-9.37681162e+01,-6.23528817e+01
263.345000,-9.37676717e+01,-6.23524372e+01
263.350000,-9.37672268e+01,-6.23519924e+01
263.355000,-9.37667817e+01,-6.23515472e+01
263.360000,-9.37663365e+01,-6.23511020e+01
263.365000,-9.37658912e+01,-6.23506567e+01
263.370000,-9.37654459e+01,-6.23502114e+01
263.375000,-9.37650007e+01,-6.23497663e+01
263.380000,-9.37645557e+01,-6.23493212e+01
263.385000,-9.37641109e+01,-6.23488764e+01
263.390000,-9.37636663e+01,-6.23484318e+01
263.395000,-9.37632218e+01,-6.23479874e+01
263.400000,-9.37627777e+01,-6.23475432e+01
263.405000,-9.37623338e+01,-6.23470993e+01
263.410000,-9.37618902e+01,-6.23466557e+01
263.415000,-9.37614470e+01,-6.23462125e+01
263.420000,-9.37610044e+01,-6.23457699e+01
263.425000,-9.37605624e+01,-6.23453280e+01
263.430000,-9.37601213e+01,-6.23448869e+01
263.435000,-9.37596811e+01,-6.23444466e+01
263.440000,-9.37592417e+01,-6.23440073e+01
263.445000,-9.37588032e+01,-6.23435688e+01
263.450000,-9.37583656e+01,-6.23431312e+01
263.455000,-9.37579291e+01,-6.23426947e+01
263.460000,-9.37574936e+01,-6.23422592e+01
263.465000,-9.37570592e+01,-6.23418248e+01
263.470000,-9.37566262e+01,-6.23413918e+01
263.475000,-9.37561944e+01,-6.23409600e+01
263.480000,-9.37557639e+01,-6.23405295e+01
263.485000,-9.37553347e+01,-6.23401003e+01
263.490000,-9.37549069e+01,-6.23396725e+01
263.495000,-9.37544805e+01,-6.23392461e+01
263.500000,-9.37540553e+01,-6.23388209e+01
263.505000,-9.37536315e+01,-6.23383971e+01
263.510000,-9.37532088e+01,-6.23379744e+01
263.515000,-9.37527874e+01,-6.23375530e+01
263.520000,-9.37523669e+01,-6.23371326e+01
263.525000,-9.37519476e+01,-6.23367132e+01
263.530000,-9.37515291e+01,-6.23362947e+01
263.535000,-9.37511114e+01,-6.23358770e+01
263.540000,-9.37506944e+01,-6.23354601e+01
263.545000,-9.37502782e+01,-6.23350438e+01
263.550000,-9.37498626e+01,-6.23346282e+01
263.555000,-9.37494476e+01,-6.23342133e+01
263.560000,-9.37490332e+01,-6.23337989e+01
263.565000,-9.37486193e+01,-6.23333850e+01
263.570000,-9.37482057e+01,-6.23329713e+01
263.575000,-9.37477921e+01,-6.23325578e+01
263.580000,-9.37473784e+01,-6.23321441e+01
263.585000,-9.37469645e+01,-6.23317302e+01
263.590000,-9.37465502e+01,-6.23313159e+01
263.595000,-9.37461354e+01,-6.23309011e+01
263.600000,-9.37457204e+01,-6.23304861e+01
263.605000,-9.37453051e+01,-6.23300708e+01
263.610000,-9.37448897e+01,-6.23296554e+01
263.615000,-9.37444745e+01,-6.23292402e+01
263.620000,-9.37440595e+01,-6.23288252e+01
263.625000,-9.37436448e+01,-6.23284105e+01
263.630000,-9.37432303e+01,-6.23279960e+01
263.635000,-9.37428160e+01,-6.23275817e+01
263.640000,-9.37424017e+01,-6.23271674e+01
263.645000,-9.37419873e+01,-6.23267530e+01
263.650000,-9.37415727e+01,-6.23263385e+01
263.655000,-9.37411579e+01,-6.23259236e+01
263.660000,-9.37407427e+01,-6.23255084e+01
263.665000,-9.37403272e+01,-6.23250930e+01
263.670000,-9.37399114e+01,-6.23246772e+01
263.675000,-9.37394954e+01,-6.23242612e+01
263.680000,-9.37390793e+01,-6.23238450e+01
263.685000,-9.37386631e+01,-6.23234289e+01
263.690000,-9.37382473e+01,-6.23230130e+01
263.695000,-9.37378319e+01,-6.23225977e+01
263.700000,-9.37374173e+01,-6.23221831e+01
263.705000,-9.37370035e+01,-6.23217693e+01
263.710000,-9.37365906e+01,-6.23213563e+01
263.715000,-9.37361786e+01,-6.23209444e+01
263.720000,-9.37357676e+01,-6.23205334e+01
263.725000,-9.37353577e+01,-6.23201234e+01
263.730000,-9.37349488e+01,-6.23197146e+01
263.735000,-9.37345411e+01,-6.23193069e+01
263.740000,-9.37341345e+01,-6.23189003e+01
263.745000,-9.37337293e+01,-6.23184951e+01
263.750000,-9.37333254e+01,-6.23180912e+01
263.755000,-9.37329231e+01,-6.23176889e+01
263.760000,-9.37325226e+01,-6.23172884e+01
263.765000,-9.37321239e+01,-6.23168897e+01
263.770000,-9.37317272e+01,-6.23164930e+01
263.775000,-9.37313326e+01,-6.23160984e+01
263.780000,-9.37309399e+01,-6.23157058e+01
263.785000,-9.37305491e+01,-6.23153149e+01
263.790000,-9.37301598e+01,-6.23149257e+01
263.795000,-9.37297720e+01,-6.23145378e+01
263.800000,-9.37293851e+01,-6.23141509e+01
263.805000,-9.37289990e+01,-6.23137649e+01
263.810000,-9.37286135e+01,-6.23133794e+01
263.815000,-9.37282283e+01,-6.23129942e+01
263.820000,-9.37278434e+01,-6.23126092e+01
263.825000,-9.37274584e+01,-6.23122243e+01
263.830000,-9.37270734e+01,-6.23118393e+01
263.835000,-9.37266882e+01,-6.23114540e+01
263.840000,-9.37263024e+01,-6.23110683e+01
263.845000,-9.37259160e+01,-6.23106819e+01
263.850000,-9.37255288e+01,-6.23102947e+01
263.855000,-9.37251406e+01,-6.23099065e+01
263.860000,-9.37247514e+01,-6.23095173e+01
263.865000,-9.37243612e+01,-6.23091270e+01
263.870000,-9.37239699e+01,-6.23087358e+01
263.875000,-9.37235778e+01,-6.23083437e+01
263.880000,-9.37231851e+01,-6.23079510e+01
263.885000,-9.37227919e+01,-6.23075578e+01
263.890000,-9.37223985e+01,-6.23071644e+01
263.895000,-9.37220052e+01,-6.23067710e+01
263.900000,-9.37216121e+01,-6.23063780e+01
263.905000,-9.37212196e+01,-6.23059855e+01
263.910000,-9.37208279e+01,-6.23055938e+01
263.915000,-9.37204373e+01,-6.23052032e+01
263.920000,-9.37200477e+01,-6.23048136e+01
263.925000,-9.37196593e+01,-6.23044252e+01
263.930000,-9.37192721e+01,-6.23040380e+01
263.935000,-9.37188861e+01,-6.23036520e+01
263.940000,-9.37185012e+01,-6.23032671e+01
263.945000,-9.37181172e+01,-6.23028832e+01
263.950000,-9.37177341e+01,-6.23025000e+01
263.955000,-9.37173515e+01,-6.23021174e+01
263.960000,-9.37169694e+01,-6.23017354e+01
263.965000,-9.37165879e+01,-6.23013538e+01
263.970000,-9.37162069e+01,-6.23009728e+01
263.975000,-9.37158264e+01,-6.23005924e+01
263.980000,-9.37154466e+01,-6.23002125e+01
263.985000,-9.37150674e+01,-6.22998334e+01
263.990000,-9.37146891e+01,-6.22994550e+01
263.995000,-9.37143117e+01,-6.22990776e+01
264.000000,-9.37139354e+01,-6.22987014e+01
264.005000,-9.37135605e+01,-6.22983264e+01
264.010000,-9.37131869e+01,-6.22979529e+01
264.015000,-9.37128149e+01,-6.22975809e+01
264.020000,-9.37124447e+01,-6.22972106e+01
264.025000,-9.37120763e+01,-6.22968423e+01
264.030000,-9.37117102e+01,-6.22964761e+01
264.035000,-9.37113465e+01,-6.22961124e+01
264.040000,-9.37109855e+01,-6.22957514e+01
264.045000,-9.37106275e+01,-6.22953935e+01
264.050000,-9.37102728e+01,-6.22950388e+01
264.055000,-9.37099216e+01,-6.22946876e+01
264.060000,-9.37095742e+01,-6.22943402e+01
264.065000,-9.37092305e+01,-6.22939965e+01
264.070000,-9.37088906e+01,-6.22936566e+01
264.075000,-9.37085544e+01,-6.22933205e+01
264.080000,-9.37082219e+01,-6.22929879e+01
264.085000,-9.37078926e+01,-6.22926587e+01
264.090000,-9.37075665e+01,-6.22923325e+01
264.095000,-9.37072430e+01,-6.22920090e+01
264.100000,-9.37069216e+01,-6.22916876e+01
264.105000,-9.37066020e+01,-6.22913680e+01
264.110000,-9.37062836e+01,-6.22910497e+01
264.115000,-9.37059662e+01,-6.22907322e+01
264.120000,-9.37056494e+01,-6.22904154e+01
264.125000,-9.37053328e+01,-6.22900988e+01
264.130000,-9.37050161e+01,-6.22897822e+01
264.135000,-9.37046992e+01,-6.22894652e+01
264.140000,-9.37043819e+01,-6.22891479e+01
264.145000,-9.37040641e+01,-6.22888301e+01
264.150000,-9.37037458e+01,-6.22885119e+01
264.155000,-9.37034272e+01,-6.22881933e+01
264.160000,-9.37031084e+01,-6.22878744e+01
264.165000,-9.37027896e+01,-6.22875556e+01
264.170000,-9.37024709e+01,-6.22872370e+01
264.175000,-9.37021527e+01,-6.22869188e+01
264.180000,-9.37018350e+01,-6.22866011e+01
264.185000,-9.37015180e+01,-6.22862841e+01
264.190000,-9.37012018e+01,-6.22859678e+01
264.195000,-9.37008863e+01,-6.22856523e+01
264.200000,-9.37005716e+01,-6.22853377e+01
264.205000,-9.37002577e+01,-6.22850237e+01
264.210000,-9.36999445e+01,-6.22847106e+01
264.215000,-9.36996322e+01,-6.22843983e+01
264.220000,-9.36993208e+01,-6.22840869e+01
264.225000,-9.36990103e+01,-6.22837764e+01
264.230000,-9.36987007e+01,-6.22834668e+01
264.235000,-9.36983920e+01,-6.22831580e+01
264.240000,-9.36980839e+01,-6.22828500e+01
264.245000,-9.36977766e+01,-6.22825426e+01
264.250000,-9.36974697e+01,-6.22822358e+01
264.255000,-9.36971633e+01,-6.22819294e+01
264.260000,-9.36968573e+01,-6.22816234e+01
264.265000,-9.36965516e+01,-6.22813178e+01
264.270000,-9.36962464e+01,-6.22810125e+01
264.275000,-9.36959414e+01,-6.22807075e+01
264.280000,-9.36956369e+01,-6.22804030e+01
264.285000,-9.36953329e+01,-6.22800990e+01
264.290000,-9.36950295e+01,-6.22797956e+01
264.295000,-9.36947268e+01,-6.22794929e+01
264.300000,-9.36944251e+01,-6.22791912e+01
264.305000,-9.36941246e+01,-6.22788907e+01
264.310000,-9.36938254e+01,-6.22785915e+01
264.315000,-9.36935278e+01,-6.22782939e+01
264.320000,-9.36932319e+01,-6.22779980e+01
264.325000,-9.36929378e+01,-6.22777040e+01
264.330000,-9.36926457e+01,-6.22774118e+01
264.335000,-9.36923557e+01,-6.22771218e+01
264.340000,-9.36920679e+01,-6.22768341e+01
264.345000,-9.36917826e+01,-6.22765487e+01
264.350000,-9.36914996e+01,-6.22762658e+01
264.355000,-9.36912192e+01,-6.22759853e+01
264.360000,-9.36909412e+01,-6.22757074e+01
264.365000,-9.36906657e+01,-6.22754318e+01
264.370000,-9.36903925e+01,-6.22751587e+01
264.375000,-9.36901216e+01,-6.22748878e+01
264.380000,-9.36898529e+01,-6.22746191e+01
264.385000,-9.36895861e+01,-6.22743523e+01
264.390000,-9.36893210e+01,-6.22740872e+01
264.395000,-9.36890577e+01,-6.22738239e+01
264.400000,-9.36887957e+01,-6.22735619e+01
264.405000,-9.36885350e+01,-6.22733012e+01
264.410000,-9.36882753e+01,-6.22730415e+01
264.415000,-9.36880164e+01,-6.22727826e+01
264.420000,-9.36877583e+01,-6.22725244e+01
264.425000,-9.36875007e+01,-6.22722669e+01
264.430000,-9.36872437e+01,-6.22720099e+01
264.435000,-9.36869871e+01,-6.22717533e+01
264.440000,-9.36867309e+01,-6.22714971e+01
264.445000,-9.36864751e+01,-6.22712412e+01
264.450000,-9.36862195e+01,-6.22709857e+01
264.455000,-9.36859644e+01,-6.22707306e+01
264.460000,-9.36857099e+01,-6.22704761e+01
264.465000,-9.36854562e+01,-6.22702224e+01
264.470000,-9.36852034e+01,-6.22699696e+01
264.475000,-9.36849516e+01,-6.22697178e+01
264.480000,-9.36847008e+01,-6.22694670e+01
264.485000,-9.36844510e+01,-6.22692172e+01
264.490000,-9.36842020e+01,-6.22689682e+01
264.495000,-9.36839537e+01,-6.22687199e+01
264.500000,-9.36837059e+01,-6.22684721e+01
264.505000,-9.36834587e+01,-6.22682249e+01
264.510000,-9.36832119e+01,-6.22679781e+01
264.515000,-9.36829654e+01,-6.22677316e+01
264.520000,-9.36827190e+01,-6.22674853e+01
264.525000,-9.36824728e+01,-6.22672390e+01
264.530000,-9.36822263e+01,-6.22669926e+01
264.535000,-9.36819797e+01,-6.22667459e+01
264.540000,-9.36817326e+01,-6.22664988e+01
264.545000,-9.36814849e+01,-6.22662512e+01
264.550000,-9.36812367e+01,-6.22660029e+01
264.555000,-9.36809877e+01,-6.22657540e+01
264.560000,-9.36807380e+01,-6.22655043e+01
264.565000,-9.36804875e+01,-6.22652537e+01
264.570000,-9.36802359e+01,-6.22650022e+01
264.575000,-9.36799834e+01,-6.22647496e+01
264.580000,-9.36797295e+01,-6.22644958e+01
264.585000,-9.36794745e+01,-6.22642408e+01
264.590000,-9.36792182e+01,-6.22639845e+01
264.595000,-9.36789608e+01,-6.22637270e+01
264.600000,-9.36787023e+01,-6.22634686e+01
264.605000,-9.36784430e+01,-6.22632092e+01
264.610000,-9.36781829e+01,-6.22629492e+01
264.615000,-9.36779224e+01,-6.22626887e+01
264.620000,-9.36776616e+01,-6.22624279e+01
264.625000,-9.36774007e+01,-6.22621670e+01
264.630000,-9.36771398e+01,-6.22619061e+01
264.635000,-9.36768792e+01,-6.22616455e+01
264.640000,-9.36766191e+01,-6.22613854e+01
264.645000,-9.36763596e+01,-6.22611259e+01
264.650000,-9.36761009e+01,-6.22608672e+01
264.655000,-9.36758432e+01,-6.22606095e+01
264.660000,-9.36755864e+01,-6.22603526e+01
264.665000,-9.36753305e+01,-6.22600968e+01
264.670000,-9.36750755e+01,-6.22598418e+01
264.675000,-9.36748215e+01,-6.22595878e+01
264.680000,-9.36745685e+01,-6.22593348e+01
264.685000,-9.36743164e+01,-6.22590827e+01
264.690000,-9.36740654e+01,-6.22588317e+01
264.695000,-9.36738156e+01,-6.22585819e+01
264.700000,-9.36735670e+01,-6.22583333e+01
264.705000,-9.36733200e+01,-6.22580863e+01
264.710000,-9.36730748e+01,-6.22578411e+01
264.715000,-9.36728318e+01,-6.22575981e+01
264.720000,-9.36725911e+01,-6.22573574e+01
264.725000,-9.36723528e+01,-6.22571191e+01
264.730000,-9.36721170e+01,-6.22568833e+01
264.735000,-9.36718833e+01,-6.22566496e+01
264.740000,-9.36716516e+01,-6.22564179e+01
264.745000,-9.36714215e+01,-6.22561879e+01
264.750000,-9.36711929e+01,-6.22559592e+01
264.755000,-9.36709653e+01,-6.22557316e+01
264.760000,-9.36707386e+01,-6.22555049e+01
264.765000,-9.36705126e+01,-6.22552789e+01
264.770000,-9.36702870e+01,-6.22550533e+01
264.775000,-9.36700617e+01,-6.22548280e+01
264.780000,-9.36698364e+01,-6.22546027e+01
264.785000,-9.36696108e+01,-6.22543772e+01
264.790000,-9.36693848e+01,-6.22541511e+01
264.795000,-9.36691582e+01,-6.22539245e+01
264.800000,-9.36689310e+01,-6.22536973e+01
264.805000,-9.36687031e+01,-6.22534695e+01
264.810000,-9.36684748e+01,-6.22532412e+01
264.815000,-9.36682463e+01,-6.22530127e+01
264.820000,-9.36680178e+01,-6.22527841e+01
264.825000,-9.36677894e+01,-6.22525558e+01
264.830000,-9.36675615e+01,-6.22523279e+01
264.835000,-9.36673342e+01,-6.22521006e+01
264.840000,-9.36671076e+01,-6.22518740e+01
264.845000,-9.36668818e+01,-6.22516482e+01
264.850000,-9.36666570e+01,-6.22514234e+01
264.855000,-9.36664334e+01,-6.22511998e+01
264.860000,-9.36662110e+01,-6.22509774e+01
264.865000,-9.36659901e+01,-6.22507565e+01
264.870000,-9.36657707e+01,-6.22505371e+01
264.875000,-9.36655528e+01,-6.22503192e+01
264.880000,-9.36653365e+01,-6.22501028e+01
264.885000,-9.36651215e+01,-6.22498878e+01
264.890000,-9.36649076e+01,-6.22496740e+01
264.895000,-9.36646947e+01,-6.22494611e+01
264.900000,-9.36644822e+01,-6.22492486e+01
264.905000,-9.36642699e+01,-6.22490362e+01
264.910000,-9.36640571e+01,-6.22488235e+01
264.915000,-9.36638436e+01,-6.22486100e+01
264.920000,-9.36636289e+01,-6.22483953e+01
264.925000,-9.36634124e+01,-6.22481788e+01
264.930000,-9.36631937e+01,-6.22479601e+01
264.935000,-9.36629726e+01,-6.22477390e+01
264.940000,-9.36627490e+01,-6.22475154e+01
264.945000,-9.36625230e+01,-6.22472894e+01
264.950000,-9.36622951e+01,-6.22470615e+01
264.955000,-9.36620657e+01,-6.22468321e+01
264.960000,-9.36618354e+01,-6.22466018e+01
264.965000,-9.36616049e+01,-6.22463713e+01
264.970000,-9.36613746e+01,-6.22461410e+01
264.975000,-9.36611451e+01,-6.22459115e+01
264.980000,-9.36609167e+01,-6.22456831e+01
264.985000,-9.36606896e+01,-6.22454560e+01
264.990000,-9.36604641e+01,-6.22452305e+01
264.995000,-9.36602403e+01,-6.22450068e+01
265.000000,-9.36600183e+01,-6.22447848e+01
265.005000,-9.36597983e+01,-6.22445647e+01
265.010000,-9.36595801e+01,-6.22443465e+01
265.015000,-9.36593639e+01,-6.22441304e+01
265.020000,-9.36591497e+01,-6.22439161e+01
265.025000,-9.36589373e+01,-6.22437038e+01
265.030000,-9.36587267e+01,-6.22434931e+01
265.035000,-9.36585178e+01,-6.22432842e+01
265.040000,-9.36583103e+01,-6.22430767e+01
265.045000,-9.36581041e+01,-6.22428705e+01
265.050000,-9.36578990e+01,-6.22426654e+01
265.055000,-9.36576944e+01,-6.22424608e+01
265.060000,-9.36574900e+01,-6.22422564e+01
265.065000,-9.36572852e+01,-6.22420517e+01
265.070000,-9.36570796e+01,-6.22418460e+01
265.075000,-9.36568726e+01,-6.22416391e+01
265.080000,-9.36566639e+01,-6.22414303e+01
265.085000,-9.36564531e+01,-6.22412196e+01
265.090000,-9.36562402e+01,-6.22410066e+01
265.095000,-9.36560251e+01,-6.22407915e+01
265.100000,-9.36558081e+01,-6.22405745e+01
265.105000,-9.36555895e+01,-6.22403560e+01
265.110000,-9.36553701e+01,-6.22401365e+01
265.115000,-9.36551505e+01,-6.22399169e+01
265.120000,-9.36549314e+01,-6.22396978e+01
265.125000,-9.36547134e+01,-6.22394798e+01
265.130000,-9.36544970e+01,-6.22392635e+01
265.135000,-9.36542827e+01,-6.22390491e+01
265.140000,-9.36540706e+01,-6.22388371e+01
265.145000,-9.36538612e+01,-6.22386276e+01
265.150000,-9.36536543e+01,-6.22384208e+01
265.155000,-9.36534502e+01,-6.22382166e+01
265.160000,-9.36532488e+01,-6.22380153e+01
265.165000,-9.36530501e+01,-6.22378166e+01
265.170000,-9.36528541e+01,-6.22376206e+01
265.175000,-9.36526606e+01,-6.22374271e+01
265.180000,-9.36524695e+01,-6.22372360e+01
265.185000,-9.36522807e+01,-6.22370472e+01
265.190000,-9.36520938e+01,-6.22368603e+01
265.195000,-9.36519087e+01,-6.22366751e+01
265.200000,-9.36517247e+01,-6.22364911e+01
265.205000,-9.36515413e+01,-6.22363078e+01
265.210000,-9.36513582e+01,-6.22361247e+01
265.215000,-9.36511745e+01,-6.22359410e+01
265.220000,-9.36509899e+01,-6.22357564e+01
265.225000,-9.36508040e+01,-6.22355705e+01
265.230000,-9.36506163e+01,-6.22353828e+01
265.235000,-9.36504267e+01,-6.22351932e+01
265.240000,-9.36502349e+01,-6.22350014e+01
265.245000,-9.36500412e+01,-6.22348077e+01
265.250000,-9.36498456e+01,-6.22346121e+01
265.255000,-9.36496485e+01,-6.22344150e+01
265.260000,-9.36494504e+01,-6.22342169e+01
265.265000,-9.36492517e+01,-6.22340182e+01
265.270000,-9.36490530e+01,-6.22338195e+01
265.275000,-9.36488547e+01,-6.22336212e+01
265.280000,-9.36486572e+01,-6.22334237e+01
265.285000,-9.36484610e+01,-6.22332275e+01
265.290000,-9.36482663e+01,-6.22330329e+01
265.295000,-9.36480736e+01,-6.22328401e+01
265.300000,-9.36478831e+01,-6.22326496e+01
265.305000,-9.36476950e+01,-6.22324615e+01
265.310000,-9.36475093e+01,-6.22322759e+01
265.315000,-9.36473261e+01,-6.22320926e+01
265.320000,-9.36471452e+01,-6.22319117e+01
265.325000,-9.36469665e+01,-6.22317330e+01
265.330000,-9.36467900e+01,-6.22315565e+01
265.335000,-9.36466154e+01,-6.22313819e+01
265.340000,-9.36464425e+01,-6.22312090e+01
265.345000,-9.36462709e+01,-6.22310374e+01
265.350000,-9.36461001e+01,-6.22308667e+01
265.355000,-9.36459296e+01,-6.22306962e+01
265.360000,-9.36457588e+01,-6.22305253e+01
265.365000,-9.36455871e+01,-6.22303537e+01
265.370000,-9.36454141e+01,-6.22301807e+01
265.375000,-9.36452395e+01,-6.22300060e+01
265.380000,-9.36450628e+01,-6.22298294e+01
265.385000,-9.36448841e+01,-6.22296506e+01
265.390000,-9.36447032e+01,-6.22294697e+01
265.395000,-9.36445203e+01,-6.22292868e+01
265.400000,-9.36443355e+01,-6.22291021e+01
265.405000,-9.36441495e+01,-6.22289160e+01
265.410000,-9.36439625e+01,-6.22287291e+01
265.415000,-9.36437752e+01,-6.22285418e+01
265.420000,-9.36435883e+01,-6.22283548e+01
265.425000,-9.36434022e+01,-6.22281688e+01
265.430000,-9.36432176e+01,-6.22279842e+01
265.435000,-9.36430352e+01,-6.22278018e+01
265.440000,-9.36428555e+01,-6.22276220e+01
265.445000,-9.36426788e+01,-6.22274454e+01
265.450000,-9.36425054e+01,-6.22272720e+01
265.455000,-9.36423354e+01,-6.22271020e+01
265.460000,-9.36421687e+01,-6.22269353e+01
265.465000,-9.36420052e+01,-6.22267718e+01
265.470000,-9.36418445e+01,-6.22266111e+01
265.475000,-9.36416864e+01,-6.22264530e+01
265.480000,-9.36415304e+01,-6.22262970e+01
265.485000,-9.36413761e+01,-6.22261427e+01
265.490000,-9.36412231e+01,-6.22259896e+01
265.495000,-9.36410706e+01,-6.22258371e+01
265.500000,-9.36409180e+01,-6.22256846e+01
265.505000,-9.36407648e+01,-6.22255314e+01
265.510000,-9.36406103e+01,-6.22253769e+01
265.515000,-9.36404540e+01,-6.22252206e+01
265.520000,-9.36402956e+01,-6.22250621e+01
265.525000,-9.36401348e+01,-6.22249014e+01
265.530000,-9.36399717e+01,-6.22247383e+01
265.535000,-9.36398063e+01,-6.22245729e+01
265.540000,-9.36396390e+01,-6.22244056e+01
265.545000,-9.36394703e+01,-6.22242369e+01
265.550000,-9.36393006e+01,-6.22240671e+01
265.555000,-9.36391303e+01,-6.22238969e+01
265.560000,-9.36389601e+01,-6.22237267e+01
265.565000,-9.36387901e+01,-6.22235567e+01
265.570000,-9.36386207e+01,-6.22233873e+01
265.575000,-9.36384520e+01,-6.22232186e+01
265.580000,-9.36382844e+01,-6.22230510e+01
265.585000,-9.36381183e+01,-6.22228849e+01
265.590000,-9.36379541e+01,-6.22227207e+01
265.595000,-9.36377922e+01,-6.22225588e+01
265.600000,-9.36376329e+01,-6.22223995e+01
265.605000,-9.36374763e+01,-6.22222429e+01
265.610000,-9.36373224e+01,-6.22220890e+01
265.615000,-9.36371711e+01,-6.22219377e+01
265.620000,-9.36370222e+01,-6.22217888e+01
265.625000,-9.36368755e+01,-6.22216421e+01
265.630000,-9.36367307e+01,-6.22214973e+01
265.635000,-9.36365873e+01,-6.22213540e+01
265.640000,-9.36364452e+01,-6.22212118e+01
265.645000,-9.36363036e+01,-6.22210703e+01
265.650000,-9.36361624e+01,-6.22209290e+01
265.655000,-9.36360210e+01,-6.22207876e+01
265.660000,-9.36358791e+01,-6.22206457e+01
265.665000,-9.36357366e+01,-6.22205032e+01
265.670000,-9.36355931e+01,-6.22203597e+01
265.675000,-9.36354486e+01,-6.22202152e+01
265.680000,-9.36353029e+01,-6.22200695e+01
265.685000,-9.36351559e+01,-6.22199226e+01
265.690000,-9.36350078e+01,-6.22197744e+01
265.695000,-9.36348585e+01,-6.22196251e+01
265.700000,-9.36347082e+01,-6.22194748e+01
265.705000,-9.36345567e+01,-6.22193234e+01
265.710000,-9.36344042e+01,-6.22191708e+01
265.715000,-9.36342504e+01,-6.22190171e+01
265.720000,-9.36340956e+01,-6.22188622e+01
265.725000,-9.36339395e+01,-6.22187062e+01
265.730000,-9.36337826e+01,-6.22185492e+01
265.735000,-9.36336249e+01,-6.22183915e+01
265.740000,-9.36334669e+01,-6.22182336e+01
265.745000,-9.36333090e+01,-6.22180757e+01
265.750000,-9.36331516e+01,-6.22179182e+01
265.755000,-9.36329948e+01,-6.22177614e+01
265.760000,-9.36328389e+01,-6.22176055e+01
265.765000,-9.36326840e+01,-6.22174507e+01
265.770000,-9.36325303e+01,-6.22172970e+01
265.775000,-9.36323778e+01,-6.22171445e+01
265.780000,-9.36322266e+01,-6.22169932e+01
265.785000,-9.36320765e+01,-6.22168432e+01
265.790000,-9.36319275e+01,-6.22166941e+01
265.795000,-9.36317795e+01,-6.22165461e+01
265.800000,-9.36316323e+01,-6.22163989e+01
265.805000,-9.36314859e+01,-6.22162525e+01
265.810000,-9.36313402e+01,-6.22161069e+01
265.815000,-9.36311952e+01,-6.22159619e+01
265.820000,-9.36310509e+01,-6.22158175e+01
265.825000,-9.36309070e+01,-6.22156736e+01
265.830000,-9.36307634e+01,-6.22155300e+01
265.835000,-9.36306198e+01,-6.22153865e+01
265.840000,-9.36304761e+01,-6.22152428e+01
265.845000,-9.36303319e+01,-6.22150986e+01
265.850000,-9.36301871e+01,-6.22149538e+01
265.855000,-9.36300415e+01,-6.22148082e+01
265.860000,-9.36298951e+01,-6.22146618e+01
265.865000,-9.36297482e+01,-6.22145149e+01
265.870000,-9.36296010e+01,-6.22143677e+01
265.875000,-9.36294539e+01,-6.22142206e+01
265.880000,-9.36293072e+01,-6.22140739e+01
265.885000,-9.36291613e+01,-6.22139279e+01
265.890000,-9.36290164e+01,-6.22137831e+01
265.895000,-9.36288728e+01,-6.22136395e+01
265.900000,-9.36287307e+01,-6.22134974e+01
265.905000,-9.36285901e+01,-6.22133568e+01
265.910000,-9.36284510e+01,-6.22132177e+01
265.915000,-9.36283134e+01,-6.22130801e+01
265.920000,-9.36281770e+01,-6.22129437e+01
265.925000,-9.36280416e+01,-6.22128083e+01
265.930000,-9.36279069e+01,-6.22126736e+01
265.935000,-9.36277723e+01,-6.22125390e+01
265.940000,-9.36276376e+01,-6.22124043e+01
265.945000,-9.36275023e+01,-6.22122690e+01
265.950000,-9.36273661e+01,-6.22121328e+01
265.955000,-9.36272287e+01,-6.22119954e+01
265.960000,-9.36270898e+01,-6.22118565e+01
265.965000,-9.36269494e+01,-6.22117161e+01
265.970000,-9.36268076e+01,-6.22115743e+01
265.975000,-9.36266643e+01,-6.22114310e+01
265.980000,-9.36265198e+01,-6.22112865e+01
265.985000,-9.36263740e+01,-6.22111407e+01
265.990000,-9.36262272e+01,-6.22109939e+01
265.995000,-9.36260794e+01,-6.22108462e+01
266.000000,-9.36259309e+01,-6.22106976e+01
266.005000,-9.36257818e+01,-6.22105485e+01
266.010000,-9.36256321e+01,-6.22103988e+01
266.015000,-9.36254821e+01,-6.22102488e+01
266.020000,-9.36253318e+01,-6.22100985e+01
266.025000,-9.36251816e+01,-6.22099483e+01
266.030000,-9.36250318e+01,-6.22097985e+01
266.035000,-9.36248827e+01,-6.22096494e+01
266.040000,-9.36247346e+01,-6.22095013e+01
266.045000,-9.36245878e+01,-6.22093545e+01
266.050000,-9.36244425e+01,-6.22092092e+01
266.055000,-9.36242987e+01,-6.22090654e+01
266.060000,-9.36241563e+01,-6.22089231e+01
266.065000,-9.36240153e+01,-6.22087820e+01
266.070000,-9.36238753e+01,-6.22086420e+01
266.075000,-9.36237360e+01,-6.22085027e+01
266.080000,-9.36235973e+01,-6.22083640e+01
266.085000,-9.36234589e+01,-6.22082256e+01
266.090000,-9.36233207e+01,-6.22080874e+01
266.095000,-9.36231827e+01,-6.22079495e+01
266.100000,-9.36230449e+01,-6.22078116e+01
266.105000,-9.36229072e+01,-6.22076740e+01
266.110000,-9.36227698e+01,-6.22075365e+01
266.115000,-9.36226326e+01,-6.22073994e+01
266.120000,-9.36224958e+01,-6.22072625e+01
266.125000,-9.36223593e+01,-6.22071260e+01
266.130000,-9.36222230e+01,-6.22069898e+01
266.135000,-9.36220869e+01,-6.22068536e+01
266.140000,-9.36219508e+01,-6.22067175e+01
266.145000,-9.36218146e+01,-6.22065814e+01
266.150000,-9.36216785e+01,-6.22064453e+01
266.155000,-9.36215428e+01,-6.22063095e+01
266.160000,-9.36214076e+01,-6.22061744e+01
266.165000,-9.36212734e+01,-6.22060402e+01
266.170000,-9.36211403e+01,-6.22059070e+01
266.175000,-9.36210084e+01,-6.22057751e+01
266.180000,-9.36208777e+01,-6.22056444e+01
266.185000,-9.36207482e+01,-6.22055149e+01
266.190000,-9.36206199e+01,-6.22053866e+01
266.195000,-9.36204926e+01,-6.22052594e+01
266.200000,-9.36203664e+01,-6.22051331e+01
266.205000,-9.36202410e+01,-6.22050077e+01
266.210000,-9.36201164e+01,-6.22048831e+01
266.215000,-9.36199924e+01,-6.22047592e+01
266.220000,-9.36198691e+01,-6.22046359e+01
266.225000,-9.36197462e+01,-6.22045130e+01
266.230000,-9.36196238e+01,-6.22043905e+01
266.235000,-9.36195016e+01,-6.22042684e+01
266.240000,-9.36193797e+01,-6.22041465e+01
266.245000,-9.36192580e+01,-6.22040247e+01
266.250000,-9.36191365e+01,-6.22039032e+01
266.255000,-9.36190153e+01,-6.22037820e+01
266.260000,-9.36188945e+01,-6.22036613e+01
266.265000,-9.36187743e+01,-6.22035411e+01
266.270000,-9.36186548e+01,-6.22034216e+01
266.275000,-9.36185362e+01,-6.22033029e+01
266.280000,-9.36184184e+01,-6.22031852e+01
266.285000,-9.36183016e+01,-6.22030684e+01
266.290000,-9.36181857e+01,-6.22029525e+01
266.295000,-9.36180706e+01,-6.22028373e+01
266.300000,-9.36179560e+01,-6.22027228e+01
266.305000,-9.36178418e+01,-6.22026086e+01
266.310000,-9.36177278e+01,-6.22024946e+01
266.315000,-9.36176137e+01,-6.22023805e+01
266.320000,-9.36174995e+01,-6.22022663e+01
266.325000,-9.36173851e+01,-6.22021519e+01
266.330000,-9.36172705e+01,-6.22020373e+01
266.335000,-9.36171559e+01,-6.22019227e+01
266.340000,-9.36170411e+01,-6.22018079e+01
266.345000,-9.36169262e+01,-6.22016930e+01
266.350000,-9.36168110e+01,-6.22015777e+01
266.355000,-9.36166952e+01,-6.22014620e+01
266.360000,-9.36165789e+01,-6.22013457e+01
266.365000,-9.36164617e+01,-6.22012284e+01
266.370000,-9.36163435e+01,-6.22011103e+01
266.375000,-9.36162245e+01,-6.22009912e+01
266.380000,-9.36161046e+01,-6.22008714e+01
266.385000,-9.36159841e+01,-6.22007509e+01
266.390000,-9.36158633e+01,-6.22006301e+01
266.395000,-9.36157426e+01,-6.22005093e+01
266.400000,-9.36156222e+01,-6.22003890e+01
266.405000,-9.36155026e+01,-6.22002694e+01
266.410000,-9.36153840e+01,-6.22001508e+01
266.415000,-9.36152669e+01,-6.22000337e+01
266.420000,-9.36151513e+01,-6.21999181e+01
266.425000,-9.36150373e+01,-6.21998041e+01
266.430000,-9.36149249e+01,-6.21996917e+01
266.435000,-9.36148141e+01,-6.21995809e+01
266.440000,-9.36147049e+01,-6.21994717e+01
266.445000,-9.36145971e+01,-6.21993639e+01
266.450000,-9.36144909e+01,-6.21992577e+01
266.455000,-9.36143863e+01,-6.21991531e+01
266.460000,-9.36142832e+01,-6.21990500e+01
266.465000,-9.36141816e+01,-6.21989484e+01
266.470000,-9.36140815e+01,-6.21988483e+01
266.475000,-9.36139829e+01,-6.21987497e+01
266.480000,-9.36138854e+01,-6.21986522e+01
266.485000,-9.36137890e+01,-6.21985558e+01
266.490000,-9.36136932e+01,-6.21984600e+01
266.495000,-9.36135979e+01,-6.21983647e+01
266.500000,-9.36135026e+01,-6.21982694e+01
266.505000,-9.36134070e+01,-6.21981738e+01
266.510000,-9.36133108e+01,-6.21980776e+01
266.515000,-9.36132137e+01,-6.21979805e+01
266.520000,-9.36131154e+01,-6.21978822e+01
266.525000,-9.36130159e+01,-6.21977827e+01
266.530000,-9.36129150e+01,-6.21976818e+01
266.535000,-9.36128129e+01,-6.21975797e+01
266.540000,-9.36127099e+01,-6.21974767e+01
266.545000,-9.36126061e+01,-6.21973730e+01
266.550000,-9.36125022e+01,-6.21972690e+01
266.555000,-9.36123984e+01,-6.21971652e+01
266.560000,-9.36122953e+01,-6.21970621e+01
266.565000,-9.36121933e+01,-6.21969601e+01
266.570000,-9.36120927e+01,-6.21968595e+01
266.575000,-9.36119938e+01,-6.21967606e+01
266.580000,-9.36118966e+01,-6.21966634e+01
266.585000,-9.36118012e+01,-6.21965681e+01
266.590000,-9.36117075e+01,-6.21964744e+01
266.595000,-9.36116153e+01,-6.21963821e+01
266.600000,-9.36115241e+01,-6.21962910e+01
266.605000,-9.36114338e+01,-6.21962007e+01
266.610000,-9.36113440e+01,-6.21961109e+01
266.615000,-9.36112545e+01,-6.21960213e+01
266.620000,-9.36111649e+01,-6.21959318e+01
266.625000,-9.36110752e+01,-6.21958421e+01
266.630000,-9.36109852e+01,-6.21957521e+01
266.635000,-9.36108948e+01,-6.21956616e+01
266.640000,-9.36108037e+01,-6.21955706e+01
266.645000,-9.36107120e+01,-6.21954788e+01
266.650000,-9.36106193e+01,-6.21953862e+01
266.655000,-9.36105258e+01,-6.21952927e+01
266.660000,-9.36104314e+01,-6.21951982e+01
266.665000,-9.36103360e+01,-6.21951028e+01
266.670000,-9.36102398e+01,-6.21950067e+01
266.675000,-9.36101430e+01,-6.21949098e+01
266.680000,-9.36100455e+01,-6.21948124e+01
266.685000,-9.36099478e+01,-6.21947147e+01
266.690000,-9.36098501e+01,-6.21946169e+01
266.695000,-9.36097526e+01,-6.21945195e+01
266.700000,-9.36096559e+01,-6.21944227e+01
266.705000,-9.36095603e+01,-6.21943271e+01
266.710000,-9.36094661e+01,-6.21942330e+01
266.715000,-9.36093738e+01,-6.21941406e+01
266.720000,-9.36092834e+01,-6.21940502e+01
266.725000,-9.36091951e+01,-6.21939620e+01
266.730000,-9.36091091e+01,-6.21938760e+01
266.735000,-9.36090257e+01,-6.21937926e+01
266.740000,-9.36089450e+01,-6.21937119e+01
266.745000,-9.36088673e+01,-6.21936342e+01
266.750000,-9.36087926e+01,-6.21935595e+01
266.755000,-9.36087209e+01,-6.21934877e+01
266.760000,-9.36086519e+01,-6.21934187e+01
266.765000,-9.36085854e+01,-6.21933523e+01
266.770000,-9.36085212e+01,-6.21932880e+01
266.775000,-9.36084589e+01,-6.21932257e+01
266.780000,-9.36083982e+01,-6.21931651e+01
266.785000,-9.36083390e+01,-6.21931059e+01
266.790000,-9.36082810e+01,-6.21930479e+01
266.795000,-9.36082240e+01,-6.21929909e+01
266.800000,-9.36081678e+01,-6.21929347e+01
266.805000,-9.36081122e+01,-6.21928790e+01
266.810000,-9.36080568e+01,-6.21928237e+01
266.815000,-9.36080016e+01,-6.21927685e+01
266.820000,-9.36079464e+01,-6.21927133e+01
266.825000,-9.36078911e+01,-6.21926580e+01
266.830000,-9.36078358e+01,-6.21926026e+01
266.835000,-9.36077804e+01,-6.21925472e+01
266.840000,-9.36077250e+01,-6.21924919e+01
266.845000,-9.36076699e+01,-6.21924367e+01
266.850000,-9.36076150e+01,-6.21923818e+01
266.855000,-9.36075604e+01,-6.21923273e+01
266.860000,-9.36075063e+01,-6.21922731e+01
266.865000,-9.36074526e+01,-6.21922195e+01
266.870000,-9.36073996e+01,-6.21921664e+01
266.875000,-9.36073474e+01,-6.21921142e+01
266.880000,-9.36072963e+01,-6.21920631e+01
266.885000,-9.36072465e+01,-6.21920134e+01
266.890000,-9.36071983e+01,-6.21919652e+01
266.895000,-9.36071517e+01,-6.21919186e+01
266.900000,-9.36071068e+01,-6.21918737e+01
266.905000,-9.36070634e+01,-6.21918302e+01
266.910000,-9.36070213e+01,-6.21917882e+01
266.915000,-9.36069804e+01,-6.21917472e+01
266.920000,-9.36069402e+01,-6.21917070e+01
266.925000,-9.36069004e+01,-6.21916673e+01
266.930000,-9.36068609e+01,-6.21916278e+01
266.935000,-9.36068213e+01,-6.21915882e+01
266.940000,-9.36067816e+01,-6.21915485e+01
266.945000,-9.36067417e+01,-6.21915086e+01
266.950000,-9.36067016e+01,-6.21914685e+01
266.955000,-9.36066613e+01,-6.21914281e+01
266.960000,-9.36066208e+01,-6.21913877e+01
266.965000,-9.36065803e+01,-6.21913472e+01
266.970000,-9.36065400e+01,-6.21913069e+01
266.975000,-9.36065002e+01,-6.21912670e+01
266.980000,-9.36064608e+01,-6.21912277e+01
266.985000,-9.36064222e+01,-6.21911891e+01
266.990000,-9.36063843e+01,-6.21911511e+01
266.995000,-9.36063470e+01,-6.21911139e+01
267.000000,-9.36063104e+01,-6.21910773e+01
267.005000,-9.36062742e+01,-6.21910411e+01
267.010000,-9.36062386e+01,-6.21910055e+01
267.015000,-9.36062033e+01,-6.21909702e+01
267.020000,-9.36061685e+01,-6.21909354e+01
267.025000,-9.36061342e+01,-6.21909011e+01
267.030000,-9.36061006e+01,-6.21908674e+01
267.035000,-9.36060674e+01,-6.21908343e+01
267.040000,-9.36060347e+01,-6.21908016e+01
267.045000,-9.36060024e+01,-6.21907693e+01
267.050000,-9.36059706e+01,-6.21907375e+01
267.055000,-9.36059394e+01,-6.21907062e+01
267.060000,-9.36059086e+01,-6.21906755e+01
267.065000,-9.36058783e+01,-6.21906452e+01
267.070000,-9.36058485e+01,-6.21906154e+01
267.075000,-9.36058189e+01,-6.21905858e+01
267.080000,-9.36057896e+01,-6.21905565e+01
267.085000,-9.36057605e+01,-6.21905273e+01
267.090000,-9.36057314e+01,-6.21904983e+01
267.095000,-9.36057025e+01,-6.21904694e+01
267.100000,-9.36056740e+01,-6.21904408e+01
267.105000,-9.36056459e+01,-6.21904128e+01
267.110000,-9.36056185e+01,-6.21903853e+01
267.115000,-9.36055920e+01,-6.21903588e+01
267.120000,-9.36055666e+01,-6.21903335e+01
267.125000,-9.36055425e+01,-6.21903094e+01
267.130000,-9.36055199e+01,-6.21902868e+01
267.135000,-9.36054990e+01,-6.21902659e+01
267.140000,-9.36054798e+01,-6.21902467e+01
267.145000,-9.36054626e+01,-6.21902295e+01
267.150000,-9.36054473e+01,-6.21902141e+01
267.155000,-9.36054336e+01,-6.21902005e+01
267.160000,-9.36054213e+01,-6.21901882e+01
267.165000,-9.36054100e+01,-6.21901769e+01
267.170000,-9.36053993e+01,-6.21901662e+01
267.175000,-9.36053887e+01,-6.21901556e+01
267.180000,-9.36053779e+01,-6.21901448e+01
267.185000,-9.36053666e+01,-6.21901335e+01
267.190000,-9.36053547e+01,-6.21901216e+01
267.195000,-9.36053421e+01,-6.21901090e+01
267.200000,-9.36053286e+01,-6.21900955e+01
267.205000,-9.36053142e+01,-6.21900811e+01
267.210000,-9.36052986e+01,-6.21900655e+01
267.215000,-9.36052819e+01,-6.21900488e+01
267.220000,-9.36052639e+01,-6.21900308e+01
267.225000,-9.36052444e+01,-6.21900113e+01
267.230000,-9.36052235e+01,-6.21899904e+01
267.235000,-9.36052013e+01,-6.21899681e+01
267.240000,-9.36051776e+01,-6.21899445e+01
267.245000,-9.36051530e+01,-6.21899199e+01
267.250000,-9.36051277e+01,-6.21898945e+01
267.255000,-9.36051021e+01,-6.21898690e+01
267.260000,-9.36050767e+01,-6.21898436e+01
267.265000,-9.36050520e+01,-6.21898189e+01
267.270000,-9.36050283e+01,-6.21897952e+01
267.275000,-9.36050058e+01,-6.21897727e+01
267.280000,-9.36049848e+01,-6.21897517e+01
267.285000,-9.36049654e+01,-6.21897323e+01
267.290000,-9.36049478e+01,-6.21897147e+01
267.295000,-9.36049321e+01,-6.21896990e+01
267.300000,-9.36049183e+01,-6.21896852e+01
267.305000,-9.36049063e+01,-6.21896732e+01
267.310000,-9.36048958e+01,-6.21896627e+01
267.315000,-9.36048864e+01,-6.21896533e+01
267.320000,-9.36048776e+01,-6.21896445e+01
267.325000,-9.36048690e+01,-6.21896359e+01
267.330000,-9.36048602e+01,-6.21896271e+01
267.335000,-9.36048507e+01,-6.21896176e+01
267.340000,-9.36048403e+01,-6.21896072e+01
267.345000,-9.36048288e+01,-6.21895957e+01
267.350000,-9.36048162e+01,-6.21895831e+01
267.355000,-9.36048025e+01,-6.21895693e+01
267.360000,-9.36047876e+01,-6.21895545e+01
267.365000,-9.36047720e+01,-6.21895388e+01
267.370000,-9.36047555e+01,-6.21895224e+01
267.375000,-9.36047385e+01,-6.21895054e+01
267.380000,-9.36047211e+01,-6.21894880e+01
267.385000,-9.36047032e+01,-6.21894701e+01
267.390000,-9.36046849e+01,-6.21894518e+01
267.395000,-9.36046665e+01,-6.21894334e+01
267.400000,-9.36046481e+01,-6.21894150e+01
267.405000,-9.36046300e+01,-6.21893968e+01
267.410000,-9.36046125e+01,-6.21893794e+01
267.415000,-9.36045961e+01,-6.21893630e+01
267.420000,-9.36045813e+01,-6.21893482e+01
267.425000,-9.36045684e+01,-6.21893353e+01
267.430000,-9.36045579e+01,-6.21893248e+01
267.435000,-9.36045501e+01,-6.21893170e+01
267.440000,-9.36045451e+01,-6.21893120e+01
267.445000,-9.36045432e+01,-6.21893101e+01
267.450000,-9.36045443e+01,-6.21893112e+01
267.455000,-9.36045482e+01,-6.21893151e+01
267.460000,-9.36045548e+01,-6.21893217e+01
267.465000,-9.36045637e+01,-6.21893306e+01
267.470000,-9.36045746e+01,-6.21893415e+01
267.475000,-9.36045870e+01,-6.21893539e+01
267.480000,-9.36046004e+01,-6.21893673e+01
267.485000,-9.36046143e+01,-6.21893812e+01
267.490000,-9.36046282e+01,-6.21893951e+01
267.495000,-9.36046415e+01,-6.21894084e+01
267.500000,-9.36046539e+01,-6.21894208e+01
267.505000,-9.36046652e+01,-6.21894321e+01
267.510000,-9.36046750e+01,-6.21894419e+01
267.515000,-9.36046833e+01,-6.21894502e+01
267.520000,-9.36046901e+01,-6.21894570e+01
267.525000,-9.36046952e+01,-6.21894621e+01
267.530000,-9.36046987e+01,-6.21894656e+01
267.535000,-9.36047007e+01,-6.21894676e+01
267.540000,-9.36047011e+01,-6.21894680e+01
267.545000,-9.36047002e+01,-6.21894671e+01
267.550000,-9.36046982e+01,-6.21894651e+01
267.555000,-9.36046953e+01,-6.21894622e+01
267.560000,-9.36046920e+01,-6.21894588e+01
267.565000,-9.36046884e+01,-6.21894553e+01
267.570000,-9.36046852e+01,-6.21894521e+01
267.575000,-9.36046826e+01,-6.21894496e+01
267.580000,-9.36046811e+01,-6.21894480e+01
267.585000,-9.36046809e+01,-6.21894478e+01
267.590000,-9.36046822e+01,-6.21894491e+01
267.595000,-9.36046849e+01,-6.21894518e+01
267.600000,-9.36046891e+01,-6.21894560e+01
267.605000,-9.36046944e+01,-6.21894613e+01
267.610000,-9.36047007e+01,-6.21894676e+01
267.615000,-9.36047075e+01,-6.21894744e+01
267.620000,-9.36047145e+01,-6.21894814e+01
267.625000,-9.36047216e+01,-6.21894885e+01
267.630000,-9.36047285e+01,-6.21894954e+01
267.635000,-9.36047350e+01,-6.21895019e+01
267.640000,-9.36047411e+01,-6.21895080e+01
267.645000,-9.36047465e+01,-6.21895134e+01
267.650000,-9.36047514e+01,-6.21895183e+01
267.655000,-9.36047559e+01,-6.21895228e+01
267.660000,-9.36047602e+01,-6.21895271e+01
267.665000,-9.36047645e+01,-6.21895314e+01
267.670000,-9.36047693e+01,-6.21895362e+01
267.675000,-9.36047749e+01,-6.21895418e+01
267.680000,-9.36047820e+01,-6.21895488e+01
267.685000,-9.36047907e+01,-6.21895576e+01
267.690000,-9.36048017e+01,-6.21895686e+01
267.695000,-9.36048151e+01,-6.21895820e+01
267.700000,-9.36048311e+01,-6.21895980e+01
267.705000,-9.36048501e+01,-6.21896170e+01
267.710000,-9.36048721e+01,-6.21896390e+01
267.715000,-9.36048973e+01,-6.21896642e+01
267.720000,-9.36049259e+01,-6.21896928e+01
267.725000,-9.36049578e+01,-6.21897247e+01
267.730000,-9.36049929e+01,-6.21897598e+01
267.735000,-9.36050312e+01,-6.21897981e+01
267.740000,-9.36050722e+01,-6.21898391e+01
267.745000,-9.36051157e+01,-6.21898826e+01
267.750000,-9.36051613e+01,-6.21899282e+01
267.755000,-9.36052084e+01,-6.21899753e+01
267.760000,-9.36052568e+01,-6.21900237e+01
267.765000,-9.36053061e+01,-6.21900730e+01
267.770000,-9.36053562e+01,-6.21901231e+01
267.775000,-9.36054069e+01,-6.21901738e+01
267.780000,-9.36054584e+01,-6.21902253e+01
267.785000,-9.36055105e+01,-6.21902774e+01
267.790000,-9.36055632e+01,-6.21903301e+01
267.795000,-9.36056166e+01,-6.21903835e+01
267.800000,-9.36056706e+01,-6.21904375e+01
267.805000,-9.36057252e+01,-6.21904921e+01
267.810000,-9.36057804e+01,-6.21905473e+01
267.815000,-9.36058363e+01,-6.21906032e+01
267.820000,-9.36058929e+01,-6.21906598e+01
267.825000,-9.36059503e+01,-6.21907172e+01
267.830000,-9.36060085e+01,-6.21907754e+01
267.835000,-9.36060677e+01,-6.21908345e+01
267.840000,-9.36061277e+01,-6.21908946e+01
267.845000,-9.36061887e+01,-6.21909556e+01
267.850000,-9.36062505e+01,-6.21910174e+01
267.855000,-9.36063133e+01,-6.21910802e+01
267.860000,-9.36063769e+01,-6.21911438e+01
267.865000,-9.36064411e+01,-6.21912080e+01
267.870000,-9.36065057e+01,-6.21912726e+01
267.875000,-9.36065706e+01,-6.21913375e+01
267.880000,-9.36066354e+01,-6.21914023e+01
267.885000,-9.36067000e+01,-6.21914669e+01
267.890000,-9.36067642e+01,-6.21915311e+01
267.895000,-9.36068279e+01,-6.21915948e+01
267.900000,-9.36068909e+01,-6.21916578e+01
267.905000,-9.36069532e+01,-6.21917201e+01
267.910000,-9.36070147e+01,-6.21917816e+01
267.915000,-9.36070751e+01,-6.21918420e+01
267.920000,-9.36071346e+01,-6.21919015e+01
267.925000,-9.36071931e+01,-6.21919600e+01
267.930000,-9.36072507e+01,-6.21920176e+01
267.935000,-9.36073076e+01,-6.21920744e+01
267.940000,-9.36073640e+01,-6.21921308e+01
267.945000,-9.36074202e+01,-6.21921871e+01
267.950000,-9.36074768e+01,-6.21922437e+01
267.955000,-9.36075341e+01,-6.21923010e+01
267.960000,-9.36075927e+01,-6.21923595e+01
267.965000,-9.36076529e+01,-6.21924197e+01
267.970000,-9.36077151e+01,-6.21924820e+01
267.975000,-9.36077797e+01,-6.21925465e+01
267.980000,-9.36078467e+01,-6.21926136e+01
267.985000,-9.36079163e+01,-6.21926831e+01
267.990000,-9.36079883e+01,-6.21927552e+01
267.995000,-9.36080627e+01,-6.21928296e+01
268.000000,-9.36081392e+01,-6.21929061e+01
268.005000,-9.36082174e+01,-6.21929843e+01
268.010000,-9.36082972e+01,-6.21930641e+01
268.015000,-9.36083783e+01,-6.21931452e+01
268.020000,-9.36084607e+01,-6.21932275e+01
268.025000,-9.36085443e+01,-6.21933112e+01
268.030000,-9.36086291e+01,-6.21933960e+01
268.035000,-9.36087153e+01,-6.21934822e+01
268.040000,-9.36088026e+01,-6.21935695e+01
268.045000,-9.36088911e+01,-6.21936580e+01
268.050000,-9.36089807e+01,-6.21937476e+01
268.055000,-9.36090712e+01,-6.21938381e+01
268.060000,-9.36091625e+01,-6.21939294e+01
268.065000,-9.36092546e+01,-6.21940215e+01
268.070000,-9.36093475e+01,-6.21941144e+01
268.075000,-9.36094412e+01,-6.21942081e+01
268.080000,-9.36095359e+01,-6.21943027e+01
268.085000,-9.36096316e+01,-6.21943985e+01
268.090000,-9.36097285e+01,-6.21944954e+01
268.095000,-9.36098268e+01,-6.21945936e+01
268.100000,-9.36099263e+01,-6.21946932e+01
268.105000,-9.36100270e+01,-6.21947938e+01
268.110000,-9.36101286e+01,-6.21948955e+01
268.115000,-9.36102310e+01,-6.21949979e+01
268.120000,-9.36103339e+01,-6.21951008e+01
268.125000,-9.36104370e+01,-6.21952038e+01
268.130000,-9.36105398e+01,-6.21953067e+01
268.135000,-9.36106422e+01,-6.21954091e+01
268.140000,-9.36107437e+01,-6.21955106e+01
268.145000,-9.36108439e+01,-6.21956108e+01
268.150000,-9.36109427e+01,-6.21957095e+01
268.155000,-9.36110397e+01,-6.21958065e+01
268.160000,-9.36111347e+01,-6.21959016e+01
268.165000,-9.36112278e+01,-6.21959946e+01
268.170000,-9.36113188e+01,-6.21960856e+01
268.175000,-9.36114077e+01,-6.21961746e+01
268.180000,-9.36114945e+01,-6.21962613e+01
268.185000,-9.36115790e+01,-6.21963458e+01
268.190000,-9.36116610e+01,-6.21964278e+01
268.195000,-9.36117403e+01,-6.21965071e+01
268.200000,-9.36118166e+01,-6.21965835e+01
268.205000,-9.36118900e+01,-6.21966568e+01
268.210000,-9.36119603e+01,-6.21967271e+01
268.215000,-9.36120277e+01,-6.21967945e+01
268.220000,-9.36120925e+01,-6.21968593e+01
268.225000,-9.36121550e+01,-6.21969218e+01
268.230000,-9.36122158e+01,-6.21969826e+01
268.235000,-9.36122754e+01,-6.21970423e+01
268.240000,-9.36123345e+01,-6.21971013e+01
268.245000,-9.36123936e+01,-6.21971604e+01
268.250000,-9.36124534e+01,-6.21972202e+01
268.255000,-9.36125145e+01,-6.21972814e+01
268.260000,-9.36125776e+01,-6.21973444e+01
268.265000,-9.36126429e+01,-6.21974098e+01
268.270000,-9.36127109e+01,-6.21974777e+01
268.275000,-9.36127816e+01,-6.21975485e+01
268.280000,-9.36128553e+01,-6.21976221e+01
268.285000,-9.36129319e+01,-6.21976988e+01
268.290000,-9.36130116e+01,-6.21977784e+01
268.295000,-9.36130942e+01,-6.21978611e+01
268.300000,-9.36131797e+01,-6.21979466e+01
268.305000,-9.36132680e+01,-6.21980348e+01
268.310000,-9.36133588e+01,-6.21981257e+01
268.315000,-9.36134521e+01,-6.21982190e+01
268.320000,-9.36135476e+01,-6.21983145e+01
268.325000,-9.36136451e+01,-6.21984119e+01
268.330000,-9.36137442e+01,-6.21985111e+01
268.335000,-9.36138447e+01,-6.21986115e+01
268.340000,-9.36139461e+01,-6.21987129e+01
268.345000,-9.36140481e+01,-6.21988149e+01
268.350000,-9.36141504e+01,-6.21989172e+01
268.355000,-9.36142527e+01,-6.21990195e+01
268.360000,-9.36143549e+01,-6.21991217e+01
268.365000,-9.36144567e+01,-6.21992236e+01
268.370000,-9.36145581e+01,-6.21993250e+01
268.375000,-9.36146591e+01,-6.21994260e+01
268.380000,-9.36147598e+01,-6.21995267e+01
268.385000,-9.36148605e+01,-6.21996273e+01
268.390000,-9.36149614e+01,-6.21997283e+01
268.395000,-9.36150630e+01,-6.21998298e+01
268.400000,-9.36151655e+01,-6.21999323e+01
268.405000,-9.36152693e+01,-6.22000361e+01
268.410000,-9.36153746e+01,-6.22001414e+01
268.415000,-9.36154817e+01,-6.22002485e+01
268.420000,-9.36155905e+01,-6.22003574e+01
268.425000,-9.36157011e+01,-6.22004680e+01
268.430000,-9.36158135e+01,-6.22005803e+01
268.435000,-9.36159274e+01,-6.22006942e+01
268.440000,-9.36160428e+01,-6.22008096e+01
268.445000,-9.36161596e+01,-6.22009264e+01
268.450000,-9.36162778e+01,-6.22010446e+01
268.455000,-9.36163973e+01,-6.22011641e+01
268.460000,-9.36165180e+01,-6.22012848e+01
268.465000,-9.36166399e+01,-6.22014067e+01
268.470000,-9.36167628e+01,-6.22015296e+01
268.475000,-9.36168867e+01,-6.22016535e+01
268.480000,-9.36170112e+01,-6.22017780e+01
268.485000,-9.36171360e+01,-6.22019028e+01
268.490000,-9.36172609e+01,-6.22020277e+01
268.495000,-9.36173854e+01,-6.22021522e+01
268.500000,-9.36175093e+01,-6.22022761e+01
268.505000,-9.36176319e+01,-6.22023987e+01
268.510000,-9.36177530e+01,-6.22025198e+01
268.515000,-9.36178722e+01,-6.22026390e+01
268.520000,-9.36179890e+01,-6.22027558e+01
268.525000,-9.36181035e+01,-6.22028703e+01
268.530000,-9.36182153e+01,-6.22029821e+01
268.535000,-9.36183247e+01,-6.22030915e+01
268.540000,-9.36184315e+01,-6.22031983e+01
268.545000,-9.36185359e+01,-6.22033027e+01
268.550000,-9.36186381e+01,-6.22034049e+01
268.555000,-9.36187384e+01,-6.22035052e+01
268.560000,-9.36188370e+01,-6.22036038e+01
268.565000,-9.36189344e+01,-6.22037012e+01
268.570000,-9.36190310e+01,-6.22037978e+01
268.575000,-9.36191274e+01,-6.22038942e+01
268.580000,-9.36192240e+01,-6.22039908e+01
268.585000,-9.36193212e+01,-6.22040880e+01
268.590000,-9.36194196e+01,-6.22041863e+01
268.595000,-9.36195193e+01,-6.22042861e+01
268.600000,-9.36196206e+01,-6.22043874e+01
268.605000,-9.36197238e+01,-6.22044906e+01
268.610000,-9.36198290e+01,-6.22045958e+01
268.615000,-9.36199359e+01,-6.22047027e+01
268.620000,-9.36200447e+01,-6.22048115e+01
268.625000,-9.36201550e+01,-6.22049218e+01
268.630000,-9.36202666e+01,-6.22050334e+01
268.635000,-9.36203794e+01,-6.22051462e+01
268.640000,-9.36204931e+01,-6.22052598e+01
268.645000,-9.36206073e+01,-6.22053741e+01
268.650000,-9.36207220e+01,-6.22054888e+01
268.655000,-9.36208368e+01,-6.22056036e+01
268.660000,-9.36209513e+01,-6.22057181e+01
268.665000,-9.36210654e+01,-6.22058321e+01
268.670000,-9.36211786e+01,-6.22059454e+01
268.675000,-9.36212910e+01,-6.22060577e+01
268.680000,-9.36214023e+01,-6.22061690e+01
268.685000,-9.36215125e+01,-6.22062793e+01
268.690000,-9.36216219e+01,-6.22063886e+01
268.695000,-9.36217304e+01,-6.22064972e+01
268.700000,-9.36218383e+01,-6.22066051e+01
268.705000,-9.36219459e+01,-6.22067127e+01
268.710000,-9.36220535e+01,-6.22068203e+01
268.715000,-9.36221616e+01,-6.22069284e+01
268.720000,-9.36222706e+01,-6.22070374e+01
268.725000,-9.36223808e+01,-6.22071476e+01
268.730000,-9.36224926e+01,-6.22072593e+01
268.735000,-9.36226059e+01,-6.22073727e+01
268.740000,-9.36227210e+01,-6.22074877e+01
268.745000,-9.36228377e+01,-6.22076044e+01
268.750000,-9.36229559e+01,-6.22077227e+01
268.755000,-9.36230758e+01,-6.22078426e+01
268.760000,-9.36231971e+01,-6.22079638e+01
268.765000,-9.36233197e+01,-6.22080865e+01
268.770000,-9.36234435e+01,-6.22082103e+01
268.775000,-9.36235683e+01,-6.22083351e+01
268.780000,-9.36236938e+01,-6.22084605e+01
268.785000,-9.36238196e+01,-6.22085864e+01
268.790000,-9.36239454e+01,-6.22087122e+01
268.795000,-9.36240709e+01,-6.22088376e+01
268.800000,-9.36241956e+01,-6.22089624e+01
268.805000,-9.36243194e+01,-6.22090861e+01
268.810000,-9.36244419e+01,-6.22092087e+01
268.815000,-9.36245630e+01,-6.22093297e+01
268.820000,-9.36246824e+01,-6.22094492e+01
268.825000,-9.36248001e+01,-6.22095668e+01
268.830000,-9.36249156e+01,-6.22096824e+01
268.835000,-9.36250289e+01,-6.22097957e+01
268.840000,-9.36251397e+01,-6.22099064e+01
268.845000,-9.36252476e+01,-6.22100144e+01
268.850000,-9.36253527e+01,-6.22101195e+01
268.855000,-9.36254549e+01,-6.22102216e+01
268.860000,-9.36255542e+01,-6.22103210e+01
268.865000,-9.36256511e+01,-6.22104178e+01
268.870000,-9.36257459e+01,-6.22105127e+01
268.875000,-9.36258391e+01,-6.22106059e+01
268.880000,-9.36259312e+01,-6.22106979e+01
268.885000,-9.36260226e+01,-6.22107893e+01
268.890000,-9.36261136e+01,-6.22108804e+01
268.895000,-9.36262047e+01,-6.22109714e+01
268.900000,-9.36262959e+01,-6.22110626e+01
268.905000,-9.36263874e+01,-6.22111541e+01
268.910000,-9.36264792e+01,-6.22112459e+01
268.915000,-9.36265713e+01,-6.22113380e+01
268.920000,-9.36266635e+01,-6.22114302e+01
268.925000,-9.36267557e+01,-6.22115224e+01
268.930000,-9.36268479e+01,-6.22116146e+01
268.935000,-9.36269400e+01,-6.22117067e+01
268.940000,-9.36270318e+01,-6.22117986e+01
268.945000,-9.36271235e+01,-6.22118902e+01
268.950000,-9.36272148e+01,-6.22119815e+01
268.955000,-9.36273058e+01,-6.22120725e+01
268.960000,-9.36273964e+01,-6.22121631e+01
268.965000,-9.36274864e+01,-6.22122532e+01
268.970000,-9.36275758e+01,-6.22123426e+01
268.975000,-9.36276643e+01,-6.22124311e+01
268.980000,-9.36277517e+01,-6.22125185e+01
268.985000,-9.36278379e+01,-6.22126046e+01
268.990000,-9.36279226e+01,-6.22126894e+01
268.995000,-9.36280059e+01,-6.22127726e+01
269.000000,-9.36280878e+01,-6.22128545e+01
269.005000,-9.36281683e+01,-6.22129350e+01
269.010000,-9.36282475e+01,-6.22130142e+01
269.015000,-9.36283256e+01,-6.22130923e+01
269.020000,-9.36284027e+01,-6.22131694e+01
269.025000,-9.36284790e+01,-6.22132457e+01
269.030000,-9.36285548e+01,-6.22133215e+01
269.035000,-9.36286303e+01,-6.22133970e+01
269.040000,-9.36287058e+01,-6.22134725e+01
269.045000,-9.36287816e+01,-6.22135483e+01
269.050000,-9.36288578e+01,-6.22136246e+01
269.055000,-9.36289348e+01,-6.22137015e+01
269.060000,-9.36290127e+01,-6.22137794e+01
269.065000,-9.36290915e+01,-6.22138582e+01
269.070000,-9.36291714e+01,-6.22139381e+01
269.075000,-9.36292524e+01,-6.22140191e+01
269.080000,-9.36293344e+01,-6.22141011e+01
269.085000,-9.36294173e+01,-6.22141840e+01
269.090000,-9.36295010e+01,-6.22142677e+01
269.095000,-9.36295851e+01,-6.22143518e+01
269.100000,-9.36296692e+01,-6.22144359e+01
269.105000,-9.36297529e+01,-6.22145196e+01
269.110000,-9.36298358e+01,-6.22146025e+01
269.115000,-9.36299174e+01,-6.22146841e+01
269.120000,-9.36299972e+01,-6.22147640e+01
269.125000,-9.36300752e+01,-6.22148419e+01
269.130000,-9.36301512e+01,-6.22149179e+01
269.135000,-9.36302251e+01,-6.22149918e+01
269.140000,-9.36302971e+01,-6.22150638e+01
269.145000,-9.36303673e+01,-6.22151340e+01
269.150000,-9.36304360e+01,-6.22152027e+01
269.155000,-9.36305034e+01,-6.22152701e+01
269.160000,-9.36305700e+01,-6.22153367e+01
269.165000,-9.36306360e+01,-6.22154027e+01
269.170000,-9.36307019e+01,-6.22154686e+01
269.175000,-9.36307681e+01,-6.22155348e+01
269.180000,-9.36308351e+01,-6.22156018e+01
269.185000,-9.36309031e+01,-6.22156698e+01
269.190000,-9.36309725e+01,-6.22157392e+01
269.195000,-9.36310436e+01,-6.22158103e+01
269.200000,-9.36311164e+01,-6.22158831e+01
269.205000,-9.36311912e+01,-6.22159579e+01
269.210000,-9.36312678e+01,-6.22160345e+01
269.215000,-9.36313463e+01,-6.22161130e+01
269.220000,-9.36314265e+01,-6.22161931e+01
269.225000,-9.36315081e+01,-6.22162748e+01
269.230000,-9.36315908e+01,-6.22163575e+01
269.235000,-9.36316742e+01,-6.22164409e+01
269.240000,-9.36317580e+01,-6.22165247e+01
269.245000,-9.36318415e+01,-6.22166082e+01
269.250000,-9.36319245e+01,-6.22166912e+01
269.255000,-9.36320066e+01,-6.22167733e+01
269.260000,-9.36320875e+01,-6.22168542e+01
269.265000,-9.36321670e+01,-6.22169337e+01
269.270000,-9.36322451e+01,-6.22170118e+01
269.275000,-9.36323218e+01,-6.22170884e+01
269.280000,-9.36323971e+01,-6.22171638e+01
269.285000,-9.36324713e+01,-6.22172380e+01
269.290000,-9.36325447e+01,-6.22173113e+01
269.295000,-9.36326174e+01,-6.22173841e+01
269.300000,-9.36326898e+01,-6.22174565e+01
269.305000,-9.36327621e+01,-6.22175287e+01
269.310000,-9.36328343e+01,-6.22176009e+01
269.315000,-9.36329065e+01,-6.22176732e+01
269.320000,-9.36329790e+01,-6.22177456e+01
269.325000,-9.36330516e+01,-6.22178183e+01
269.330000,-9.36331245e+01,-6.22178912e+01
269.335000,-9.36331978e+01,-6.22179645e+01
269.340000,-9.36332715e+01,-6.22180381e+01
269.345000,-9.36333455e+01,-6.22181122e+01
269.350000,-9.36334199e+01,-6.22181866e+01
269.355000,-9.36334946e+01,-6.22182613e+01
269.360000,-9.36335695e+01,-6.22183362e+01
269.365000,-9.36336444e+01,-6.22184111e+01
269.370000,-9.36337191e+01,-6.22184858e+01
269.375000,-9.36337934e+01,-6.22185601e+01
269.380000,-9.36338670e+01,-6.22186337e+01
269.385000,-9.36339395e+01,-6.22187062e+01
269.390000,-9.36340108e+01,-6.22187775e+01
269.395000,-9.36340806e+01,-6.22188472e+01
269.400000,-9.36341487e+01,-6.22189154e+01
269.405000,-9.36342151e+01,-6.22189818e+01
269.410000,-9.36342798e+01,-6.22190465e+01
269.415000,-9.36343428e+01,-6.22191095e+01
269.420000,-9.36344043e+01,-6.22191709e+01
269.425000,-9.36344643e+01,-6.22192309e+01
269.430000,-9.36345230e+01,-6.22192897e+01
269.435000,-9.36345808e+01,-6.22193475e+01
269.440000,-9.36346378e+01,-6.22194045e+01
269.445000,-9.36346943e+01,-6.22194609e+01
269.450000,-9.36347504e+01,-6.22195171e+01
269.455000,-9.36348066e+01,-6.22195732e+01
269.460000,-9.36348630e+01,-6.22196297e+01
269.465000,-9.36349201e+01,-6.22196867e+01
269.470000,-9.36349780e+01,-6.22197447e+01
269.475000,-9.36350373e+01,-6.22198039e+01
269.480000,-9.36350981e+01,-6.22198648e+01
269.485000,-9.36351608e+01,-6.22199275e+01
269.490000,-9.36352256e+01,-6.22199923e+01
269.495000,-9.36352926e+01,-6.22200593e+01
269.500000,-9.36353619e+01,-6.22201286e+01
269.505000,-9.36354333e+01,-6.22202000e+01
269.510000,-9.36355067e+01,-6.22202734e+01
269.515000,-9.36355818e+01,-6.22203485e+01
269.520000,-9.36356583e+01,-6.22204250e+01
269.525000,-9.36357359e+01,-6.22205026e+01
269.530000,-9.36358142e+01,-6.22205809e+01
269.535000,-9.36358928e+01,-6.22206595e+01
269.540000,-9.36359714e+01,-6.22207380e+01
269.545000,-9.36360495e+01,-6.22208161e+01
269.550000,-9.36361268e+01,-6.22208934e+01
269.555000,-9.36362030e+01,-6.22209697e+01
269.560000,-9.36362780e+01,-6.22210447e+01
269.565000,-9.36363517e+01,-6.22211183e+01
269.570000,-9.36364240e+01,-6.22211906e+01
269.575000,-9.36364950e+01,-6.22212616e+01
269.580000,-9.36365648e+01,-6.22213315e+01
269.585000,-9.36366338e+01,-6.22214004e+01
269.590000,-9.36367020e+01,-6.22214687e+01
269.595000,-9.36367697e+01,-6.22215363e+01
269.600000,-9.36368370e+01,-6.22216036e+01
269.605000,-9.36369040e+01,-6.22216706e+01
269.610000,-9.36369710e+01,-6.22217377e+01
269.615000,-9.36370382e+01,-6.22218048e+01
269.620000,-9.36371055e+01,-6.22218722e+01
269.625000,-9.36371734e+01,-6.22219401e+01
269.630000,-9.36372421e+01,-6.22220088e+01
269.635000,-9.36373118e+01,-6.22220784e+01
269.640000,-9.36373825e+01,-6.22221492e+01
269.645000,-9.36374542e+01,-6.22222209e+01
269.650000,-9.36375268e+01,-6.22222934e+01
269.655000,-9.36376000e+01,-6.22223666e+01
269.660000,-9.36376736e+01,-6.22224403e+01
269.665000,-9.36377475e+01,-6.22225141e+01
269.670000,-9.36378215e+01,-6.22225881e+01
269.675000,-9.36378955e+01,-6.22226621e+01
269.680000,-9.36379693e+01,-6.22227360e+01
269.685000,-9.36380428e+01,-6.22228094e+01
269.690000,-9.36381155e+01,-6.22228821e+01
269.695000,-9.36381873e+01,-6.22229539e+01
269.700000,-9.36382578e+01,-6.22230244e+01
269.705000,-9.36383267e+01,-6.22230934e+01
269.710000,-9.36383939e+01,-6.22231605e+01
269.715000,-9.36384592e+01,-6.22232258e+01
269.720000,-9.36385227e+01,-6.22232894e+01
269.725000,-9.36385846e+01,-6.22233513e+01
269.730000,-9.36386453e+01,-6.22234119e+01
269.735000,-9.36387050e+01,-6.22234717e+01
269.740000,-9.36387643e+01,-6.22235309e+01
269.745000,-9.36388234e+01,-6.22235901e+01
269.750000,-9.36388827e+01,-6.22236494e+01
269.755000,-9.36389425e+01,-6.22237091e+01
269.760000,-9.36390028e+01,-6.22237694e+01
269.765000,-9.36390640e+01,-6.22238306e+01
269.770000,-9.36391262e+01,-6.22238929e+01
269.775000,-9.36391896e+01,-6.22239563e+01
269.780000,-9.36392543e+01,-6.22240210e+01
269.785000,-9.36393204e+01,-6.22240871e+01
269.790000,-9.36393880e+01,-6.22241547e+01
269.795000,-9.36394572e+01,-6.22242238e+01
269.800000,-9.36395280e+01,-6.22242946e+01
269.805000,-9.36396004e+01,-6.22243671e+01
269.810000,-9.36396747e+01,-6.22244413e+01
269.815000,-9.36397506e+01,-6.22245172e+01
269.820000,-9.36398284e+01,-6.22245950e+01
269.825000,-9.36399080e+01,-6.22246746e+01
269.830000,-9.36399893e+01,-6.22247559e+01
269.835000,-9.36400722e+01,-6.22248388e+01
269.840000,-9.36401564e+01,-6.22249230e+01
269.845000,-9.36402415e+01,-6.22250081e+01
269.850000,-9.36403274e+01,-6.22250940e+01
269.855000,-9.36404137e+01,-6.22251803e+01
269.860000,-9.36405003e+01,-6.22252669e+01
269.865000,-9.36405871e+01,-6.22253537e+01
269.870000,-9.36406741e+01,-6.22254407e+01
269.875000,-9.36407614e+01,-6.22255280e+01
269.880000,-9.36408493e+01,-6.22256159e+01
269.885000,-9.36409379e+01,-6.22257045e+01
269.890000,-9.36410273e+01,-6.22257939e+01
269.895000,-9.36411176e+01,-6.22258842e+01
269.900000,-9.36412089e+01,-6.22259755e+01
269.905000,-9.36413012e+01,-6.22260678e+01
269.910000,-9.36413943e+01,-6.22261610e+01
269.915000,-9.36414884e+01,-6.22262550e+01
269.920000,-9.36415831e+01,-6.22263497e+01
269.925000,-9.36416782e+01,-6.22264449e+01
269.930000,-9.36417738e+01,-6.22265405e+01
269.935000,-9.36418697e+01,-6.22266363e+01
269.940000,-9.36419656e+01,-6.22267322e+01
269.945000,-9.36420616e+01,-6.22268282e+01
269.950000,-9.36421577e+01,-6.22269243e+01
269.955000,-9.36422537e+01,-6.22270203e+01
269.960000,-9.36423499e+01,-6.22271165e+01
269.965000,-9.36424462e+01,-6.22272128e+01
269.970000,-9.36425427e+01,-6.22273093e+01
269.975000,-9.36426396e+01,-6.22274062e+01
269.980000,-9.36427369e+01,-6.22275035e+01
269.985000,-9.36428345e+01,-6.22276011e+01
269.990000,-9.36429324e+01,-6.22276990e+01
269.995000,-9.36430303e+01,-6.22277969e+01
270.000000,-9.36431280e+01,-6.22278946e+01
270.005000,-9.36432253e+01,-6.22279919e+01
270.010000,-9.36433220e+01,-6.22280886e+01
270.015000,-9.36434180e+01,-6.22281846e+01
270.020000,-9.36435133e+01,-6.22282799e+01
270.025000,-9.36436080e+01,-6.22283746e+01
270.030000,-9.36437024e+01,-6.22284690e+01
270.035000,-9.36437965e+01,-6.22285631e+01
270.040000,-9.36438906e+01,-6.22286572e+01
270.045000,-9.36439849e+01,-6.22287515e+01
270.050000,-9.36440795e+01,-6.22288461e+01
270.055000,-9.36441744e+01,-6.22289410e+01
270.060000,-9.36442698e+01,-6.22290364e+01
270.065000,-9.36443655e+01,-6.22291321e+01
270.070000,-9.36444617e+01,-6.22292283e+01
270.075000,-9.36445582e+01,-6.22293248e+01
270.080000,-9.36446552e+01,-6.22294218e+01
270.085000,-9.36447527e+01,-6.22295193e+01
270.090000,-9.36448507e+01,-6.22296173e+01
270.095000,-9.36449494e+01,-6.22297160e+01
270.100000,-9.36450489e+01,-6.22298155e+01
270.105000,-9.36451492e+01,-6.22299158e+01
270.110000,-9.36452505e+01,-6.22300170e+01
270.115000,-9.36453527e+01,-6.22301192e+01
270.120000,-9.36454558e+01,-6.22302224e+01
270.125000,-9.36455599e+01,-6.22303265e+01
270.130000,-9.36456649e+01,-6.22304314e+01
270.135000,-9.36457706e+01,-6.22305372e+01
270.140000,-9.36458770e+01,-6.22306436e+01
270.145000,-9.36459837e+01,-6.22307502e+01
270.150000,-9.36460903e+01,-6.22308569e+01
270.155000,-9.36461965e+01,-6.22309631e+01
270.160000,-9.36463021e+01,-6.22310687e+01
270.165000,-9.36464067e+01,-6.22311733e+01
270.170000,-9.36465104e+01,-6.22312770e+01
270.175000,-9.36466130e+01,-6.22313796e+01
270.180000,-9.36467147e+01,-6.22314813e+01
270.185000,-9.36468155e+01,-6.22315821e+01
270.190000,-9.36469158e+01,-6.22316823e+01
270.195000,-9.36470155e+01,-6.22317821e+01
270.200000,-9.36471150e+01,-6.22318815e+01
270.205000,-9.36472142e+01,-6.22319808e+01
270.210000,-9.36473134e+01,-6.22320799e+01
270.215000,-9.36474124e+01,-6.22321789e+01
270.220000,-9.36475111e+01,-6.22322777e+01
270.225000,-9.36476095e+01,-6.22323761e+01
270.230000,-9.36477073e+01,-6.22324739e+01
270.235000,-9.36478045e+01,-6.22325710e+01
270.240000,-9.36479008e+01,-6.22326673e+01
270.245000,-9.36479961e+01,-6.22327626e+01
270.250000,-9.36480903e+01,-6.22328569e+01
270.255000,-9.36481834e+01,-6.22329500e+01
270.260000,-9.36482755e+01,-6.22330420e+01
270.265000,-9.36483665e+01,-6.22331330e+01
270.270000,-9.36484565e+01,-6.22332230e+01
270.275000,-9.36485456e+01,-6.22333121e+01
270.280000,-9.36486339e+01,-6.22334004e+01
270.285000,-9.36487214e+01,-6.22334879e+01
270.290000,-9.36488081e+01,-6.22335747e+01
270.295000,-9.36488940e+01,-6.22336605e+01
270.300000,-9.36489787e+01,-6.22337452e+01
270.305000,-9.36490620e+01,-6.22338286e+01
270.310000,-9.36491438e+01,-6.22339104e+01
270.315000,-9.36492240e+01,-6.22339906e+01
270.320000,-9.36493027e+01,-6.22340692e+01
270.325000,-9.36493799e+01,-6.22341464e+01
270.330000,-9.36494559e+01,-6.22342225e+01
270.335000,-9.36495311e+01,-6.22342976e+01
270.340000,-9.36496058e+01,-6.22343723e+01
270.345000,-9.36496802e+01,-6.22344468e+01
270.350000,-9.36497548e+01,-6.22345214e+01
270.355000,-9.36498298e+01,-6.22345963e+01
270.360000,-9.36499052e+01,-6.22346718e+01
270.365000,-9.36499812e+01,-6.22347477e+01
270.370000,-9.36500576e+01,-6.22348242e+01
270.375000,-9.36501343e+01,-6.22349009e+01
270.380000,-9.36502110e+01,-6.22349775e+01
270.385000,-9.36502874e+01,-6.22350539e+01
270.390000,-9.36503631e+01,-6.22351297e+01
270.395000,-9.36504380e+01,-6.22352045e+01
270.400000,-9.36505118e+01,-6.22352783e+01
270.405000,-9.36505843e+01,-6.22353508e+01
270.410000,-9.36506554e+01,-6.22354220e+01
270.415000,-9.36507254e+01,-6.22354919e+01
270.420000,-9.36507941e+01,-6.22355607e+01
270.425000,-9.36508617e+01,-6.22356283e+01
270.430000,-9.36509283e+01,-6.22356948e+01
270.435000,-9.36509938e+01,-6.22357604e+01
270.440000,-9.36510582e+01,-6.22358248e+01
270.445000,-9.36511214e+01,-6.22358880e+01
270.450000,-9.36511833e+01,-6.22359499e+01
270.455000,-9.36512438e+01,-6.22360104e+01
270.460000,-9.36513029e+01,-6.22360694e+01
270.465000,-9.36513604e+01,-6.22361269e+01
270.470000,-9.36514166e+01,-6.22361831e+01
270.475000,-9.36514716e+01,-6.22362381e+01
270.480000,-9.36515256e+01,-6.22362921e+01
270.485000,-9.36515792e+01,-6.22363457e+01
270.490000,-9.36516328e+01,-6.22363993e+01
270.495000,-9.36516867e+01,-6.22364532e+01
270.500000,-9.36517414e+01,-6.22365079e+01
270.505000,-9.36517970e+01,-6.22365636e+01
270.510000,-9.36518539e+01,-6.22366204e+01
270.515000,-9.36519118e+01,-6.22366784e+01
270.520000,-9.36519707e+01,-6.22367372e+01
270.525000,-9.36520302e+01,-6.22367967e+01
270.530000,-9.36520898e+01,-6.22368563e+01
270.535000,-9.36521492e+01,-6.22369158e+01
270.540000,-9.36522081e+01,-6.22369746e+01
270.545000,-9.36522661e+01,-6.22370327e+01
270.550000,-9.36523232e+01,-6.22370897e+01
270.555000,-9.36523792e+01,-6.22371457e+01
270.560000,-9.36524338e+01,-6.22372003e+01
270.565000,-9.36524871e+01,-6.22372536e+01
270.570000,-9.36525388e+01,-6.22373053e+01
270.575000,-9.36525886e+01,-6.22373552e+01
270.580000,-9.36526366e+01,-6.22374031e+01
270.585000,-9.36526824e+01,-6.22374489e+01
270.590000,-9.36527260e+01,-6.22374925e+01
270.595000,-9.36527674e+01,-6.22375339e+01
270.600000,-9.36528066e+01,-6.22375732e+01
270.605000,-9.36528439e+01,-6.22376104e+01
270.610000,-9.36528795e+01,-6.22376460e+01
270.615000,-9.36529135e+01,-6.22376800e+01
270.620000,-9.36529462e+01,-6.22377127e+01
270.625000,-9.36529780e+01,-6.22377445e+01
270.630000,-9.36530091e+01,-6.22377756e+01
270.635000,-9.36530399e+01,-6.22378064e+01
270.640000,-9.36530707e+01,-6.22378372e+01
270.645000,-9.36531020e+01,-6.22378685e+01
270.650000,-9.36531340e+01,-6.22379005e+01
270.655000,-9.36531668e+01,-6.22379333e+01
270.660000,-9.36532005e+01,-6.22379670e+01
270.665000,-9.36532350e+01,-6.22380016e+01
270.670000,-9.36532702e+01,-6.22380367e+01
270.675000,-9.36533058e+01,-6.22380723e+01
270.680000,-9.36533414e+01,-6.22381080e+01
270.685000,-9.36533768e+01,-6.22381433e+01
270.690000,-9.36534115e+01,-6.22381780e+01
270.695000,-9.36534451e+01,-6.22382116e+01
270.700000,-9.36534774e+01,-6.22382439e+01
270.705000,-9.36535081e+01,-6.22382746e+01
270.710000,-9.36535370e+01,-6.22383035e+01
270.715000,-9.36535640e+01,-6.22383305e+01
270.720000,-9.36535891e+01,-6.22383556e+01
270.725000,-9.36536123e+01,-6.22383788e+01
270.730000,-9.36536337e+01,-6.22384002e+01
270.735000,-9.36536532e+01,-6.22384197e+01
270.740000,-9.36536709e+01,-6.22384374e+01
270.745000,-9.36536867e+01,-6.22384532e+01
270.750000,-9.36537007e+01,-6.22384672e+01
270.755000,-9.36537131e+01,-6.22384796e+01
270.760000,-9.36537240e+01,-6.22384905e+01
270.765000,-9.36537339e+01,-6.22385004e+01
270.770000,-9.36537431e+01,-6.22385096e+01
270.775000,-9.36537519e+01,-6.22385184e+01
270.780000,-9.36537608e+01,-6.22385273e+01
270.785000,-9.36537702e+01,-6.22385367e+01
270.790000,-9.36537804e+01,-6.22385469e+01
270.795000,-9.36537918e+01,-6.22385584e+01
270.800000,-9.36538048e+01,-6.22385713e+01
270.805000,-9.36538195e+01,-6.22385860e+01
270.810000,-9.36538361e+01,-6.22386026e+01
270.815000,-9.36538547e+01,-6.22386212e+01
270.820000,-9.36538750e+01,-6.22386415e+01
270.825000,-9.36538968e+01,-6.22386633e+01
270.830000,-9.36539197e+01,-6.22386862e+01
270.835000,-9.36539433e+01,-6.22387098e+01
270.840000,-9.36539668e+01,-6.22387333e+01
270.845000,-9.36539899e+01,-6.22387564e+01
270.850000,-9.36540119e+01,-6.22387784e+01
270.855000,-9.36540324e+01,-6.22387989e+01
270.860000,-9.36540511e+01,-6.22388176e+01
270.865000,-9.36540677e+01,-6.22388342e+01
270.870000,-9.36540822e+01,-6.22388487e+01
270.875000,-9.36540946e+01,-6.22388611e+01
270.880000,-9.36541050e+01,-6.22388715e+01
270.885000,-9.36541133e+01,-6.22388798e+01
270.890000,-9.36541199e+01,-6.22388864e+01
270.895000,-9.36541249e+01,-6.22388914e+01
270.900000,-9.36541285e+01,-6.22388950e+01
270.905000,-9.36541310e+01,-6.22388975e+01
270.910000,-9.36541327e+01,-6.22388992e+01
270.915000,-9.36541337e+01,-6.22389002e+01
270.920000,-9.36541343e+01,-6.22389008e+01
270.925000,-9.36541346e+01,-6.22389011e+01
270.930000,-9.36541347e+01,-6.22389012e+01
270.935000,-9.36541348e+01,-6.22389013e+01
270.940000,-9.36541351e+01,-6.22389016e+01
270.945000,-9.36541357e+01,-6.22389022e+01
270.950000,-9.36541365e+01,-6.22389030e+01
270.955000,-9.36541378e+01,-6.22389043e+01
270.960000,-9.36541395e+01,-6.22389060e+01
270.965000,-9.36541416e+01,-6.22389081e+01
270.970000,-9.36541439e+01,-6.22389104e+01
270.975000,-9.36541462e+01,-6.22389127e+01
270.980000,-9.36541484e+01,-6.22389149e+01
270.985000,-9.36541499e+01,-6.22389164e+01
270.990000,-9.36541505e+01,-6.22389170e+01
270.995000,-9.36541495e+01,-6.22389160e+01
271.000000,-9.36541464e+01,-6.22389129e+01
271.005000,-9.36541406e+01,-6.22389071e+01
271.010000,-9.36541319e+01,-6.22388984e+01
271.015000,-9.36541201e+01,-6.22388866e+01
271.020000,-9.36541052e+01,-6.22388717e+01
271.025000,-9.36540873e+01,-6.22388538e+01
271.030000,-9.36540667e+01,-6.22388332e+01
271.035000,-9.36540436e+01,-6.22388101e+01
271.040000,-9.36540183e+01,-6.22387848e+01
271.045000,-9.36539909e+01,-6.22387574e+01
271.050000,-9.36539619e+01,-6.22387284e+01
271.055000,-9.36539316e+01,-6.22386980e+01
271.060000,-9.36539002e+01,-6.22386667e+01
271.065000,-9.36538682e+01,-6.22386347e+01
271.070000,-9.36538358e+01,-6.22386023e+01
271.075000,-9.36538035e+01,-6.22385700e+01
271.080000,-9.36537715e+01,-6.22385380e+01
271.085000,-9.36537403e+01,-6.22385068e+01
271.090000,-9.36537100e+01,-6.22384765e+01
271.095000,-9.36536808e+01,-6.22384473e+01
271.100000,-9.36536528e+01,-6.22384193e+01
271.105000,-9.36536260e+01,-6.22383925e+01
271.110000,-9.36536003e+01,-6.22383668e+01
271.115000,-9.36535754e+01,-6.22383419e+01
271.120000,-9.36535514e+01,-6.22383178e+01
271.125000,-9.36535277e+01,-6.22382942e+01
271.130000,-9.36535042e+01,-6.22382707e+01
271.135000,-9.36534802e+01,-6.22382467e+01
271.140000,-9.36534554e+01,-6.22382219e+01
271.145000,-9.36534288e+01,-6.22381953e+01
271.150000,-9.36533999e+01,-6.22381664e+01
271.155000,-9.36533679e+01,-6.22381344e+01
271.160000,-9.36533324e+01,-6.22380989e+01
271.165000,-9.36532930e+01,-6.22380595e+01
271.170000,-9.36532496e+01,-6.22380161e+01
271.175000,-9.36532022e+01,-6.22379687e+01
271.180000,-9.36531513e+01,-6.22379178e+01
271.185000,-9.36530973e+01,-6.22378638e+01
271.190000,-9.36530410e+01,-6.22378075e+01
271.195000,-9.36529830e+01,-6.22377495e+01
271.200000,-9.36529241e+01,-6.22376906e+01
271.205000,-9.36528652e+01,-6.22376317e+01
271.210000,-9.36528067e+01,-6.22375732e+01
271.215000,-9.36527493e+01,-6.22375158e+01
271.220000,-9.36526933e+01,-6.22374598e+01
271.225000,-9.36526391e+01,-6.22374056e+01
271.230000,-9.36525866e+01,-6.22373531e+01
271.235000,-9.36525361e+01,-6.22373026e+01
271.240000,-9.36524873e+01,-6.22372538e+01
271.245000,-9.36524402e+01,-6.22372067e+01
271.250000,-9.36523943e+01,-6.22371608e+01
271.255000,-9.36523495e+01,-6.22371160e+01
271.260000,-9.36523053e+01,-6.22370718e+01
271.265000,-9.36522613e+01,-6.22370278e+01
271.270000,-9.36522170e+01,-6.22369835e+01
271.275000,-9.36521717e+01,-6.22369382e+01
271.280000,-9.36521247e+01,-6.22368912e+01
271.285000,-9.36520752e+01,-6.22368417e+01
271.290000,-9.36520225e+01,-6.22367890e+01
271.295000,-9.36519660e+01,-6.22367325e+01
271.300000,-9.36519053e+01,-6.22366718e+01
271.305000,-9.36518399e+01,-6.22366064e+01
271.310000,-9.36517695e+01,-6.22365360e+01
271.315000,-9.36516940e+01,-6.22364605e+01
271.320000,-9.36516134e+01,-6.22363799e+01
271.325000,-9.36515279e+01,-6.22362944e+01
271.330000,-9.36514378e+01,-6.22362043e+01
271.335000,-9.36513436e+01,-6.22361101e+01
271.340000,-9.36512461e+01,-6.22360126e+01
271.345000,-9.36511457e+01,-6.22359122e+01
271.350000,-9.36510432e+01,-6.22358097e+01
271.355000,-9.36509391e+01,-6.22357056e+01
271.360000,-9.36508340e+01,-6.22356005e+01
271.365000,-9.36507284e+01,-6.22354949e+01
271.370000,-9.36506227e+01,-6.22353892e+01
271.375000,-9.36505173e+01,-6.22352839e+01
271.380000,-9.36504124e+01,-6.22351789e+01
271.385000,-9.36503081e+01,-6.22350747e+01
271.390000,-9.36502046e+01,-6.22349711e+01
271.395000,-9.36501018e+01,-6.22348683e+01
271.400000,-9.36499998e+01,-6.22347663e+01
271.405000,-9.36498986e+01,-6.22346651e+01
271.410000,-9.36497979e+01,-6.22345645e+01
271.415000,-9.36496978e+01,-6.22344643e+01
271.420000,-9.36495978e+01,-6.22343643e+01
271.425000,-9.36494975e+01,-6.22342640e+01
271.430000,-9.36493965e+01,-6.22341630e+01
271.435000,-9.36492942e+01,-6.22340608e+01
271.440000,-9.36491903e+01,-6.22339568e+01
271.445000,-9.36490842e+01,-6.22338507e+01
271.450000,-9.36489755e+01,-6.22337420e+01
271.455000,-9.36488639e+01,-6.22336305e+01
271.460000,-9.36487495e+01,-6.22335160e+01
271.465000,-9.36486321e+01,-6.22333987e+01
271.470000,-9.36485122e+01,-6.22332788e+01
271.475000,-9.36483901e+01,-6.22331567e+01
271.480000,-9.36482664e+01,-6.22330330e+01
271.485000,-9.36481417e+01,-6.22329082e+01
271.490000,-9.36480164e+01,-6.22327830e+01
271.495000,-9.36478914e+01,-6.22326579e+01
271.500000,-9.36477672e+01,-6.22325337e+01
271.505000,-9.36476443e+01,-6.22324108e+01
271.510000,-9.36475234e+01,-6.22322899e+01
271.515000,-9.36474049e+01,-6.22321715e+01
271.520000,-9.36472893e+01,-6.22320558e+01
271.525000,-9.36471768e+01,-6.22319433e+01
271.530000,-9.36470676e+01,-6.22318341e+01
271.535000,-9.36469618e+01,-6.22317283e+01
271.540000,-9.36468594e+01,-6.22316259e+01
271.545000,-9.36467602e+01,-6.22315268e+01
271.550000,-9.36466643e+01,-6.22314308e+01
271.555000,-9.36465712e+01,-6.22313377e+01
271.560000,-9.36464807e+01,-6.22312473e+01
271.565000,-9.36463925e+01,-6.22311590e+01
271.570000,-9.36463060e+01,-6.22310725e+01
271.575000,-9.36462207e+01,-6.22309873e+01
271.580000,-9.36461363e+01,-6.22309028e+01
271.585000,-9.36460521e+01,-6.22308187e+01
271.590000,-9.36459678e+01,-6.22307344e+01
271.595000,-9.36458830e+01,-6.22306496e+01
271.600000,-9.36457972e+01,-6.22305637e+01
271.605000,-9.36457100e+01,-6.22304765e+01
271.610000,-9.36456210e+01,-6.22303875e+01
271.615000,-9.36455299e+01,-6.22302964e+01
271.620000,-9.36454365e+01,-6.22302031e+01
271.625000,-9.36453407e+01,-6.22301073e+01
271.630000,-9.36452426e+01,-6.22300092e+01
271.635000,-9.36451424e+01,-6.22299090e+01
271.640000,-9.36450404e+01,-6.22298070e+01
271.645000,-9.36449372e+01,-6.22297037e+01
271.650000,-9.36448332e+01,-6.22295998e+01
271.655000,-9.36447293e+01,-6.22294959e+01
271.660000,-9.36446260e+01,-6.22293926e+01
271.665000,-9.36445240e+01,-6.22292906e+01
271.670000,-9.36444238e+01,-6.22291904e+01
271.675000,-9.36443258e+01,-6.22290924e+01
271.680000,-9.36442304e+01,-6.22289970e+01
271.685000,-9.36441378e+01,-6.22289043e+01
271.690000,-9.36440481e+01,-6.22288146e+01
271.695000,-9.36439613e+01,-6.22287279e+01
271.700000,-9.36438776e+01,-6.22286442e+01
271.705000,-9.36437969e+01,-6.22285635e+01
271.710000,-9.36437192e+01,-6.22284857e+01
271.715000,-9.36436442e+01,-6.22284108e+01
271.720000,-9.36435717e+01,-6.22283383e+01
271.725000,-9.36435016e+01,-6.22282682e+01
271.730000,-9.36434337e+01,-6.22282002e+01
271.735000,-9.36433676e+01,-6.22281342e+01
271.740000,-9.36433034e+01,-6.22280700e+01
271.745000,-9.36432409e+01,-6.22280075e+01
271.750000,-9.36431803e+01,-6.22279468e+01
271.755000,-9.36431214e+01,-6.22278880e+01
271.760000,-9.36430646e+01,-6.22278312e+01
271.765000,-9.36430099e+01,-6.22277765e+01
271.770000,-9.36429575e+01,-6.22277240e+01
271.775000,-9.36429075e+01,-6.22276741e+01
271.780000,-9.36428602e+01,-6.22276268e+01
271.785000,-9.36428158e+01,-6.22275824e+01
271.790000,-9.36427744e+01,-6.22275410e+01
271.795000,-9.36427364e+01,-6.22275030e+01
271.800000,-9.36427019e+01,-6.22274685e+01
271.805000,-9.36426711e+01,-6.22274377e+01
271.810000,-9.36426442e+01,-6.22274107e+01
271.815000,-9.36426212e+01,-6.22273878e+01
271.820000,-9.36426022e+01,-6.22273688e+01
271.825000,-9.36425873e+01,-6.22273538e+01
271.830000,-9.36425763e+01,-6.22273428e+01
271.835000,-9.36425690e+01,-6.22273356e+01
271.840000,-9.36425652e+01,-6.22273317e+01
271.845000,-9.36425645e+01,-6.22273311e+01
271.850000,-9.36425666e+01,-6.22273332e+01
271.855000,-9.36425712e+01,-6.22273378e+01
271.860000,-9.36425778e+01,-6.22273444e+01
271.865000,-9.36425860e+01,-6.22273526e+01
271.870000,-9.36425956e+01,-6.22273622e+01
271.875000,-9.36426060e+01,-6.22273726e+01
271.880000,-9.36426168e+01,-6.22273834e+01
271.885000,-9.36426277e+01,-6.22273943e+01
271.890000,-9.36426382e+01,-6.22274048e+01
271.895000,-9.36426480e+01,-6.22274146e+01
271.900000,-9.36426570e+01,-6.22274236e+01
271.905000,-9.36426652e+01,-6.22274317e+01
271.910000,-9.36426723e+01,-6.22274389e+01
271.915000,-9.36426787e+01,-6.22274453e+01
271.920000,-9.36426845e+01,-6.22274511e+01
271.925000,-9.36426898e+01,-6.22274564e+01
271.930000,-9.36426949e+01,-6.22274615e+01
271.935000,-9.36427000e+01,-6.22274666e+01
271.940000,-9.36427053e+01,-6.22274719e+01
271.945000,-9.36427109e+01,-6.22274775e+01
271.950000,-9.36427171e+01,-6.22274836e+01
271.955000,-9.36427240e+01,-6.22274906e+01
271.960000,-9.36427319e+01,-6.22274985e+01
271.965000,-9.36427408e+01,-6.22275074e+01
271.970000,-9.36427511e+01,-6.22275177e+01
271.975000,-9.36427627e+01,-6.22275292e+01
271.980000,-9.36427756e+01,-6.22275422e+01
271.985000,-9.36427900e+01,-6.22275566e+01
271.990000,-9.36428058e+01,-6.22275724e+01
271.995000,-9.36428230e+01,-6.22275896e+01
272.000000,-9.36428415e+01,-6.22276081e+01
272.005000,-9.36428612e+01,-6.22276278e+01
272.010000,-9.36428819e+01,-6.22276485e+01
272.015000,-9.36429035e+01,-6.22276701e+01
272.020000,-9.36429259e+01,-6.22276925e+01
272.025000,-9.36429489e+01,-6.22277155e+01
272.030000,-9.36429726e+01,-6.22277392e+01
272.035000,-9.36429969e+01,-6.22277635e+01
272.040000,-9.36430218e+01,-6.22277884e+01
272.045000,-9.36430473e+01,-6.22278139e+01
272.050000,-9.36430736e+01,-6.22278402e+01
272.055000,-9.36431005e+01,-6.22278671e+01
272.060000,-9.36431281e+01,-6.22278947e+01
272.065000,-9.36431566e+01,-6.22279232e+01
272.070000,-9.36431860e+01,-6.22279526e+01
272.075000,-9.36432165e+01,-6.22279831e+01
272.080000,-9.36432480e+01,-6.22280146e+01
272.085000,-9.36432808e+01,-6.22280474e+01
272.090000,-9.36433148e+01,-6.22280813e+01
272.095000,-9.36433500e+01,-6.22281166e+01
272.100000,-9.36433865e+01,-6.22281531e+01
272.105000,-9.36434243e+01,-6.22281909e+01
272.110000,-9.36434637e+01,-6.22282303e+01
272.115000,-9.36435045e+01,-6.22282711e+01
272.120000,-9.36435467e+01,-6.22283133e+01
272.125000,-9.36435901e+01,-6.22283567e+01
272.130000,-9.36436343e+01,-6.22284009e+01
272.135000,-9.36436790e+01,-6.22284456e+01
272.140000,-9.36437239e+01,-6.22284905e+01
272.145000,-9.36437689e+01,-6.22285354e+01
272.150000,-9.36438136e+01,-6.22285802e+01
272.155000,-9.36438581e+01,-6.22286247e+01
272.160000,-9.36439022e+01,-6.22286688e+01
272.165000,-9.36439461e+01,-6.22287127e+01
272.170000,-9.36439897e+01,-6.22287563e+01
272.175000,-9.36440329e+01,-6.22287995e+01
272.180000,-9.36440759e+01,-6.22288425e+01
272.185000,-9.36441186e+01,-6.22288851e+01
272.190000,-9.36441610e+01,-6.22289275e+01
272.195000,-9.36442031e+01,-6.22289697e+01
272.200000,-9.36442451e+01,-6.22290117e+01
272.205000,-9.36442869e+01,-6.22290535e+01
272.210000,-9.36443285e+01,-6.22290951e+01
272.215000,-9.36443702e+01,-6.22291367e+01
272.220000,-9.36444117e+01,-6.22291783e+01
272.225000,-9.36444531e+01,-6.22292197e+01
272.230000,-9.36444946e+01,-6.22292612e+01
272.235000,-9.36445361e+01,-6.22293027e+01
272.240000,-9.36445781e+01,-6.22293446e+01
272.245000,-9.36446205e+01,-6.22293871e+01
272.250000,-9.36446638e+01,-6.22294304e+01
272.255000,-9.36447082e+01,-6.22294748e+01
272.260000,-9.36447538e+01,-6.22295204e+01
272.265000,-9.36448008e+01,-6.22295674e+01
272.270000,-9.36448493e+01,-6.22296158e+01
272.275000,-9.36448991e+01,-6.22296656e+01
272.280000,-9.36449501e+01,-6.22297166e+01
272.285000,-9.36450021e+01,-6.22297687e+01
272.290000,-9.36450549e+01,-6.22298215e+01
272.295000,-9.36451080e+01,-6.22298746e+01
272.300000,-9.36451612e+01,-6.22299278e+01
272.305000,-9.36452139e+01,-6.22299805e+01
272.310000,-9.36452657e+01,-6.22300322e+01
272.315000,-9.36453161e+01,-6.22300826e+01
272.320000,-9.36453648e+01,-6.22301314e+01
272.325000,-9.36454116e+01,-6.22301781e+01
272.330000,-9.36454563e+01,-6.22302228e+01
272.335000,-9.36454990e+01,-6.22302656e+01
272.340000,-9.36455399e+01,-6.22303065e+01
272.345000,-9.36455793e+01,-6.22303459e+01
272.350000,-9.36456174e+01,-6.22303840e+01
272.355000,-9.36456547e+01,-6.22304213e+01
272.360000,-9.36456914e+01,-6.22304580e+01
272.365000,-9.36457279e+01,-6.22304945e+01
272.370000,-9.36457644e+01,-6.22305310e+01
272.375000,-9.36458012e+01,-6.22305678e+01
272.380000,-9.36458386e+01,-6.22306052e+01
272.385000,-9.36458768e+01,-6.22306434e+01
272.390000,-9.36459161e+01,-6.22306826e+01
272.395000,-9.36459566e+01,-6.22307231e+01
272.400000,-9.36459985e+01,-6.22307651e+01
272.405000,-9.36460422e+01,-6.22308087e+01
272.410000,-9.36460876e+01,-6.22308542e+01
272.415000,-9.36461349e+01,-6.22309015e+01
272.420000,-9.36461840e+01,-6.22309505e+01
272.425000,-9.36462346e+01,-6.22310012e+01
272.430000,-9.36462865e+01,-6.22310530e+01
272.435000,-9.36463391e+01,-6.22311057e+01
272.440000,-9.36463923e+01,-6.22311589e+01
272.445000,-9.36464457e+01,-6.22312122e+01
272.450000,-9.36464989e+01,-6.22312655e+01
272.455000,-9.36465518e+01,-6.22313184e+01
272.460000,-9.36466043e+01,-6.22313709e+01
272.465000,-9.36466564e+01,-6.22314229e+01
272.470000,-9.36467078e+01,-6.22314744e+01
272.475000,-9.36467588e+01,-6.22315254e+01
272.480000,-9.36468093e+01,-6.22315759e+01
272.485000,-9.36468594e+01,-6.22316259e+01
272.490000,-9.36469089e+01,-6.22316755e+01
272.495000,-9.36469579e+01,-6.22317245e+01
272.500000,-9.36470063e+01,-6.22317729e+01
272.505000,-9.36470541e+01,-6.22318206e+01
272.510000,-9.36471011e+01,-6.22318677e+01
272.515000,-9.36471474e+01,-6.22319139e+01
272.520000,-9.36471929e+01,-6.22319595e+01
272.525000,-9.36472377e+01,-6.22320043e+01
272.530000,-9.36472820e+01,-6.22320486e+01
272.535000,-9.36473267e+01,-6.22320932e+01
272.540000,-9.36473716e+01,-6.22321381e+01
272.545000,-9.36474166e+01,-6.22321832e+01
272.550000,-9.36474620e+01,-6.22322286e+01
272.555000,-9.36475083e+01,-6.22322748e+01
272.560000,-9.36475555e+01,-6.22323220e+01
272.565000,-9.36476037e+01,-6.22323702e+01
272.570000,-9.36476530e+01,-6.22324195e+01
272.575000,-9.36477038e+01,-6.22324704e+01
272.580000,-9.36477568e+01,-6.22325233e+01
272.585000,-9.36478127e+01,-6.22325793e+01
272.590000,-9.36478726e+01,-6.22326392e+01
272.595000,-9.36479377e+01,-6.22327042e+01
272.600000,-9.36480088e+01,-6.22327753e+01
272.605000,-9.36480870e+01,-6.22328536e+01
272.610000,-9.36481730e+01,-6.22329396e+01
272.615000,-9.36482672e+01,-6.22330338e+01
272.620000,-9.36483702e+01,-6.22331367e+01
272.625000,-9.36484820e+01,-6.22332486e+01
272.630000,-9.36486026e+01,-6.22333692e+01
272.635000,-9.36487323e+01,-6.22334988e+01
272.640000,-9.36488706e+01,-6.22336371e+01
272.645000,-9.36490174e+01,-6.22337840e+01
272.650000,-9.36491726e+01,-6.22339392e+01
272.655000,-9.36493361e+01,-6.22341027e+01
272.660000,-9.36495078e+01,-6.22342743e+01
272.665000,-9.36496876e+01,-6.22344542e+01
272.670000,-9.36498758e+01,-6.22346423e+01
272.675000,-9.36500722e+01,-6.22348388e+01
272.680000,-9.36502770e+01,-6.22350436e+01
272.685000,-9.36504903e+01,-6.22352569e+01
272.690000,-9.36507121e+01,-6.22354786e+01
272.695000,-9.36509426e+01,-6.22357091e+01
272.700000,-9.36511815e+01,-6.22359480e+01
272.705000,-9.36514285e+01,-6.22361951e+01
272.710000,-9.36516831e+01,-6.22364497e+01
272.715000,-9.36519448e+01,-6.22367113e+01
272.720000,-9.36522128e+01,-6.22369793e+01
272.725000,-9.36524863e+01,-6.22372528e+01
272.730000,-9.36527650e+01,-6.22375316e+01
272.735000,-9.36530482e+01,-6.22378147e+01
272.740000,-9.36533353e+01,-6.22381019e+01
272.745000,-9.36536262e+01,-6.22383927e+01
272.750000,-9.36539205e+01,-6.22386870e+01
272.755000,-9.36542183e+01,-6.22389848e+01
272.760000,-9.36545194e+01,-6.22392859e+01
272.765000,-9.36548241e+01,-6.22395906e+01
272.770000,-9.36551322e+01,-6.22398987e+01
272.775000,-9.36554438e+01,-6.22402103e+01
272.780000,-9.36557588e+01,-6.22405254e+01
272.785000,-9.36560774e+01,-6.22408439e+01
272.790000,-9.36563993e+01,-6.22411659e+01
272.795000,-9.36567247e+01,-6.22414912e+01
272.800000,-9.36570537e+01,-6.22418202e+01
272.805000,-9.36573859e+01,-6.22421524e+01
272.810000,-9.36577211e+01,-6.22424877e+01
272.815000,-9.36580593e+01,-6.22428258e+01
272.820000,-9.36584001e+01,-6.22431666e+01
272.825000,-9.36587432e+01,-6.22435097e+01
272.830000,-9.36590887e+01,-6.22438552e+01
272.835000,-9.36594361e+01,-6.22442026e+01
272.840000,-9.36597852e+01,-6.22445517e+01
272.845000,-9.36601357e+01,-6.22449022e+01
272.850000,-9.36604874e+01,-6.22452539e+01
272.855000,-9.36608397e+01,-6.22456062e+01
272.860000,-9.36611925e+01,-6.22459590e+01
272.865000,-9.36615451e+01,-6.22463116e+01
272.870000,-9.36618972e+01,-6.22466637e+01
272.875000,-9.36622483e+01,-6.22470148e+01
272.880000,-9.36625982e+01,-6.22473647e+01
272.885000,-9.36629463e+01,-6.22477128e+01
272.890000,-9.36632925e+01,-6.22480590e+01
272.895000,-9.36636365e+01,-6.22484029e+01
272.900000,-9.36639779e+01,-6.22487443e+01
272.905000,-9.36643166e+01,-6.22490831e+01
272.910000,-9.36646526e+01,-6.22494190e+01
272.915000,-9.36649854e+01,-6.22497519e+01
272.920000,-9.36653152e+01,-6.22500817e+01
272.925000,-9.36656419e+01,-6.22504083e+01
272.930000,-9.36659652e+01,-6.22507317e+01
272.935000,-9.36662857e+01,-6.22510521e+01
272.940000,-9.36666034e+01,-6.22513699e+01
272.945000,-9.36669187e+01,-6.22516851e+01
272.950000,-9.36672320e+01,-6.22519984e+01
272.955000,-9.36675436e+01,-6.22523100e+01
272.960000,-9.36678536e+01,-6.22526200e+01
272.965000,-9.36681623e+01,-6.22529287e+01
272.970000,-9.36684699e+01,-6.22532363e+01
272.975000,-9.36687764e+01,-6.22535429e+01
272.980000,-9.36690824e+01,-6.22538488e+01
272.985000,-9.36693878e+01,-6.22541543e+01
272.990000,-9.36696928e+01,-6.22544593e+01
272.995000,-9.36699977e+01,-6.22547641e+01
273.000000,-9.36703024e+01,-6.22550688e+01
273.005000,-9.36706067e+01,-6.22553731e+01
273.010000,-9.36709107e+01,-6.22556771e+01
273.015000,-9.36712140e+01,-6.22559804e+01
273.020000,-9.36715162e+01,-6.22562826e+01
273.025000,-9.36718169e+01,-6.22565833e+01
273.030000,-9.36721159e+01,-6.22568823e+01
273.035000,-9.36724126e+01,-6.22571790e+01
273.040000,-9.36727070e+01,-6.22574734e+01
273.045000,-9.36729989e+01,-6.22577653e+01
273.050000,-9.36732881e+01,-6.22580545e+01
273.055000,-9.36735747e+01,-6.22583411e+01
273.060000,-9.36738588e+01,-6.22586252e+01
273.065000,-9.36741403e+01,-6.22589066e+01
273.070000,-9.36744194e+01,-6.22591857e+01
273.075000,-9.36746961e+01,-6.22594625e+01
273.080000,-9.36749707e+01,-6.22597371e+01
273.085000,-9.36752434e+01,-6.22600098e+01
273.090000,-9.36755145e+01,-6.22602808e+01
273.095000,-9.36757839e+01,-6.22605503e+01
273.100000,-9.36760521e+01,-6.22608184e+01
273.105000,-9.36763189e+01,-6.22610852e+01
273.110000,-9.36765843e+01,-6.22613507e+01
273.115000,-9.36768485e+01,-6.22616148e+01
273.120000,-9.36771114e+01,-6.22618777e+01
273.125000,-9.36773729e+01,-6.22621392e+01
273.130000,-9.36776333e+01,-6.22623996e+01
273.135000,-9.36778924e+01,-6.22626587e+01
273.140000,-9.36781503e+01,-6.22629166e+01
273.145000,-9.36784070e+01,-6.22631733e+01
273.150000,-9.36786625e+01,-6.22634288e+01
273.155000,-9.36789166e+01,-6.22636829e+01
273.160000,-9.36791693e+01,-6.22639356e+01
273.165000,-9.36794202e+01,-6.22641865e+01
273.170000,-9.36796690e+01,-6.22644354e+01
273.175000,-9.36799155e+01,-6.22646819e+01
273.180000,-9.36801595e+01,-6.22649258e+01
273.185000,-9.36804006e+01,-6.22651669e+01
273.190000,-9.36806391e+01,-6.22654054e+01
273.195000,-9.36808750e+01,-6.22656413e+01
273.200000,-9.36811084e+01,-6.22658747e+01
273.205000,-9.36813398e+01,-6.22661062e+01
273.210000,-9.36815697e+01,-6.22663360e+01
273.215000,-9.36817982e+01,-6.22665645e+01
273.220000,-9.36820261e+01,-6.22667924e+01
273.225000,-9.36822537e+01,-6.22670200e+01
273.230000,-9.36824812e+01,-6.22672475e+01
273.235000,-9.36827092e+01,-6.22674755e+01
273.240000,-9.36829379e+01,-6.22677042e+01
273.245000,-9.36831674e+01,-6.22679337e+01
273.250000,-9.36833980e+01,-6.22681643e+01
273.255000,-9.36836295e+01,-6.22683958e+01
273.260000,-9.36838617e+01,-6.22686280e+01
273.265000,-9.36840946e+01,-6.22688609e+01
273.270000,-9.36843278e+01,-6.22690941e+01
273.275000,-9.36845611e+01,-6.22693274e+01
273.280000,-9.36847943e+01,-6.22695606e+01
273.285000,-9.36850271e+01,-6.22697933e+01
273.290000,-9.36852592e+01,-6.22700254e+01
273.295000,-9.36854904e+01,-6.22702567e+01
273.300000,-9.36857206e+01,-6.22704868e+01
273.305000,-9.36859492e+01,-6.22707154e+01
273.310000,-9.36861762e+01,-6.22709425e+01
273.315000,-9.36864013e+01,-6.22711676e+01
273.320000,-9.36866242e+01,-6.22713905e+01
273.325000,-9.36868449e+01,-6.22716112e+01
273.330000,-9.36870631e+01,-6.22718294e+01
273.335000,-9.36872787e+01,-6.22720450e+01
273.340000,-9.36874919e+01,-6.22722582e+01
273.345000,-9.36877024e+01,-6.22724687e+01
273.350000,-9.36879103e+01,-6.22726766e+01
273.355000,-9.36881157e+01,-6.22728819e+01
273.360000,-9.36883185e+01,-6.22730848e+01
273.365000,-9.36885188e+01,-6.22732851e+01
273.370000,-9.36887170e+01,-6.22734832e+01
273.375000,-9.36889130e+01,-6.22736792e+01
273.380000,-9.36891069e+01,-6.22738732e+01
273.385000,-9.36892992e+01,-6.22740655e+01
273.390000,-9.36894901e+01,-6.22742563e+01
273.395000,-9.36896795e+01,-6.22744457e+01
273.400000,-9.36898678e+01,-6.22746341e+01
273.405000,-9.36900550e+01,-6.22748213e+01
273.410000,-9.36902410e+01,-6.22750072e+01
273.415000,-9.36904256e+01,-6.22751918e+01
273.420000,-9.36906087e+01,-6.22753750e+01
273.425000,-9.36907901e+01,-6.22755563e+01
273.430000,-9.36909698e+01,-6.22757361e+01
273.435000,-9.36911476e+01,-6.22759138e+01
273.440000,-9.36913231e+01,-6.22760894e+01
273.445000,-9.36914964e+01,-6.22762626e+01
273.450000,-9.36916673e+01,-6.22764335e+01
273.455000,-9.36918355e+01,-6.22766018e+01
273.460000,-9.36920015e+01,-6.22767677e+01
273.465000,-9.36921649e+01,-6.22769312e+01
273.470000,-9.36923261e+01,-6.22770923e+01
273.475000,-9.36924851e+01,-6.22772513e+01
273.480000,-9.36926422e+01,-6.22774084e+01
273.485000,-9.36927975e+01,-6.22775637e+01
273.490000,-9.36929516e+01,-6.22777178e+01
273.495000,-9.36931044e+01,-6.22778706e+01
273.500000,-9.36932561e+01,-6.22780223e+01
273.505000,-9.36934069e+01,-6.22781731e+01
273.510000,-9.36935569e+01,-6.22783231e+01
273.515000,-9.36937060e+01,-6.22784722e+01
273.520000,-9.36938544e+01,-6.22786206e+01
273.525000,-9.36940022e+01,-6.22787684e+01
273.530000,-9.36941493e+01,-6.22789155e+01
273.535000,-9.36942962e+01,-6.22790624e+01
273.540000,-9.36944429e+01,-6.22792091e+01
273.545000,-9.36945894e+01,-6.22793556e+01
273.550000,-9.36947361e+01,-6.22795023e+01
273.555000,-9.36948830e+01,-6.22796492e+01
273.560000,-9.36950301e+01,-6.22797963e+01
273.565000,-9.36951776e+01,-6.22799438e+01
273.570000,-9.36953255e+01,-6.22800917e+01
273.575000,-9.36954736e+01,-6.22802398e+01
273.580000,-9.36956220e+01,-6.22803882e+01
273.585000,-9.36957706e+01,-6.22805367e+01
273.590000,-9.36959191e+01,-6.22806853e+01
273.595000,-9.36960677e+01,-6.22808338e+01
273.600000,-9.36962162e+01,-6.22809824e+01
273.605000,-9.36963646e+01,-6.22811307e+01
273.610000,-9.36965130e+01,-6.22812791e+01
273.615000,-9.36966613e+01,-6.22814275e+01
273.620000,-9.36968095e+01,-6.22815757e+01
273.625000,-9.36969579e+01,-6.22817241e+01
273.630000,-9.36971066e+01,-6.22818728e+01
273.635000,-9.36972557e+01,-6.22820219e+01
273.640000,-9.36974056e+01,-6.22821718e+01
273.645000,-9.36975564e+01,-6.22823226e+01
273.650000,-9.36977083e+01,-6.22824744e+01
273.655000,-9.36978614e+01,-6.22826275e+01
273.660000,-9.36980158e+01,-6.22827820e+01
273.665000,-9.36981715e+01,-6.22829377e+01
273.670000,-9.36983286e+01,-6.22830948e+01
273.675000,-9.36984870e+01,-6.22832532e+01
273.680000,-9.36986463e+01,-6.22834124e+01
273.685000,-9.36988062e+01,-6.22835724e+01
273.690000,-9.36989664e+01,-6.22837326e+01
273.695000,-9.36991262e+01,-6.22838923e+01
273.700000,-9.36992853e+01,-6.22840514e+01
273.705000,-9.36994430e+01,-6.22842091e+01
273.710000,-9.36995987e+01,-6.22843649e+01
273.715000,-9.36997520e+01,-6.22845182e+01
273.720000,-9.36999024e+01,-6.22846686e+01
273.725000,-9.37000493e+01,-6.22848155e+01
273.730000,-9.37001928e+01,-6.22849589e+01
273.735000,-9.37003325e+01,-6.22850986e+01
273.740000,-9.37004684e+01,-6.22852346e+01
273.745000,-9.37006009e+01,-6.22853670e+01
273.750000,-9.37007301e+01,-6.22854962e+01
273.755000,-9.37008563e+01,-6.22856224e+01
273.760000,-9.37009801e+01,-6.22857463e+01
273.765000,-9.37011020e+01,-6.22858681e+01
273.770000,-9.37012221e+01,-6.22859882e+01
273.775000,-9.37013411e+01,-6.22861072e+01
273.780000,-9.37014591e+01,-6.22862253e+01
273.785000,-9.37015763e+01,-6.22863424e+01
273.790000,-9.37016929e+01,-6.22864590e+01
273.795000,-9.37018088e+01,-6.22865749e+01
273.800000,-9.37019241e+01,-6.22866902e+01
273.805000,-9.37020390e+01,-6.22868052e+01
273.810000,-9.37021537e+01,-6.22869199e+01
273.815000,-9.37022682e+01,-6.22870343e+01
273.820000,-9.37023829e+01,-6.22871490e+01
273.825000,-9.37024978e+01,-6.22872639e+01
273.830000,-9.37026129e+01,-6.22873790e+01
273.835000,-9.37027283e+01,-6.22874944e+01
273.840000,-9.37028442e+01,-6.22876104e+01
273.845000,-9.37029604e+01,-6.22877265e+01
273.850000,-9.37030769e+01,-6.22878431e+01
273.855000,-9.37031936e+01,-6.22879597e+01
273.860000,-9.37033098e+01,-6.22880759e+01
273.865000,-9.37034255e+01,-6.22881916e+01
273.870000,-9.37035403e+01,-6.22883064e+01
273.875000,-9.37036536e+01,-6.22884197e+01
273.880000,-9.37037653e+01,-6.22885314e+01
273.885000,-9.37038753e+01,-6.22886414e+01
273.890000,-9.37039833e+01,-6.22887494e+01
273.895000,-9.37040894e+01,-6.22888555e+01
273.900000,-9.37041936e+01,-6.22889597e+01
273.905000,-9.37042959e+01,-6.22890620e+01
273.910000,-9.37043965e+01,-6.22891626e+01
273.915000,-9.37044954e+01,-6.22892615e+01
273.920000,-9.37045926e+01,-6.22893587e+01
273.925000,-9.37046881e+01,-6.22894542e+01
273.930000,-9.37047819e+01,-6.22895480e+01
273.935000,-9.37048737e+01,-6.22896398e+01
273.940000,-9.37049637e+01,-6.22897298e+01
273.945000,-9.37050518e+01,-6.22898178e+01
273.950000,-9.37051378e+01,-6.22899039e+01
273.955000,-9.37052222e+01,-6.22899883e+01
273.960000,-9.37053050e+01,-6.22900711e+01
273.965000,-9.37053863e+01,-6.22901524e+01
273.970000,-9.37054668e+01,-6.22902329e+01
273.975000,-9.37055467e+01,-6.22903128e+01
273.980000,-9.37056261e+01,-6.22903922e+01
273.985000,-9.37057054e+01,-6.22904715e+01
273.990000,-9.37057847e+01,-6.22905508e+01
273.995000,-9.37058638e+01,-6.22906299e+01
274.000000,-9.37059427e+01,-6.22907088e+01
274.005000,-9.37060210e+01,-6.22907871e+01
274.010000,-9.37060982e+01,-6.22908642e+01
274.015000,-9.37061740e+01,-6.22909401e+01
274.020000,-9.37062483e+01,-6.22910143e+01
274.025000,-9.37063205e+01,-6.22910866e+01
274.030000,-9.37063908e+01,-6.22911569e+01
274.035000,-9.37064592e+01,-6.22912253e+01
274.040000,-9.37065256e+01,-6.22912916e+01
274.045000,-9.37065903e+01,-6.22913564e+01
274.050000,-9.37066535e+01,-6.22914196e+01
274.055000,-9.37067158e+01,-6.22914818e+01
274.060000,-9.37067773e+01,-6.22915433e+01
274.065000,-9.37068384e+01,-6.22916045e+01
274.070000,-9.37068997e+01,-6.22916657e+01
274.075000,-9.37069614e+01,-6.22917275e+01
274.080000,-9.37070238e+01,-6.22917899e+01
274.085000,-9.37070874e+01,-6.22918535e+01
274.090000,-9.37071523e+01,-6.22919184e+01
274.095000,-9.37072184e+01,-6.22919844e+01
274.100000,-9.37072858e+01,-6.22920519e+01
274.105000,-9.37073546e+01,-6.22921207e+01
274.110000,-9.37074248e+01,-6.22921909e+01
274.115000,-9.37074964e+01,-6.22922625e+01
274.120000,-9.37075696e+01,-6.22923356e+01
274.125000,-9.37076439e+01,-6.22924100e+01
274.130000,-9.37077194e+01,-6.22924855e+01
274.135000,-9.37077959e+01,-6.22925620e+01
274.140000,-9.37078732e+01,-6.22926393e+01
274.145000,-9.37079510e+01,-6.22927171e+01
274.150000,-9.37080292e+01,-6.22927953e+01
274.155000,-9.37081074e+01,-6.22928735e+01
274.160000,-9.37081853e+01,-6.22929514e+01
274.165000,-9.37082626e+01,-6.22930286e+01
274.170000,-9.37083392e+01,-6.22931052e+01
274.175000,-9.37084147e+01,-6.22931807e+01
274.180000,-9.37084888e+01,-6.22932549e+01
274.185000,-9.37085617e+01,-6.22933277e+01
274.190000,-9.37086331e+01,-6.22933992e+01
274.195000,-9.37087031e+01,-6.22934692e+01
274.200000,-9.37087722e+01,-6.22935383e+01
274.205000,-9.37088404e+01,-6.22936064e+01
274.210000,-9.37089079e+01,-6.22936739e+01
274.215000,-9.37089749e+01,-6.22937410e+01
274.220000,-9.37090415e+01,-6.22938075e+01
274.225000,-9.37091078e+01,-6.22938739e+01
274.230000,-9.37091737e+01,-6.22939397e+01
274.235000,-9.37092388e+01,-6.22940049e+01
274.240000,-9.37093032e+01,-6.22940692e+01
274.245000,-9.37093665e+01,-6.22941326e+01
274.250000,-9.37094285e+01,-6.22941945e+01
274.255000,-9.37094892e+01,-6.22942553e+01
274.260000,-9.37095484e+01,-6.22943145e+01
274.265000,-9.37096059e+01,-6.22943720e+01
274.270000,-9.37096617e+01,-6.22944278e+01
274.275000,-9.37097158e+01,-6.22944818e+01
274.280000,-9.37097678e+01,-6.22945339e+01
274.285000,-9.37098182e+01,-6.22945843e+01
274.290000,-9.37098667e+01,-6.22946328e+01
274.295000,-9.37099133e+01,-6.22946793e+01
274.300000,-9.37099581e+01,-6.22947241e+01
274.305000,-9.37100013e+01,-6.22947673e+01
274.310000,-9.37100427e+01,-6.22948088e+01
274.315000,-9.37100829e+01,-6.22948489e+01
274.320000,-9.37101217e+01,-6.22948877e+01
274.325000,-9.37101591e+01,-6.22949252e+01
274.330000,-9.37101954e+01,-6.22949614e+01
274.335000,-9.37102305e+01,-6.22949966e+01
274.340000,-9.37102646e+01,-6.22950307e+01
274.345000,-9.37102981e+01,-6.22950641e+01
274.350000,-9.37103309e+01,-6.22950969e+01
274.355000,-9.37103633e+01,-6.22951293e+01
274.360000,-9.37103955e+01,-6.22951616e+01
274.365000,-9.37104278e+01,-6.22951939e+01
274.370000,-9.37104608e+01,-6.22952268e+01
274.375000,-9.37104945e+01,-6.22952605e+01
274.380000,-9.37105292e+01,-6.22952953e+01
274.385000,-9.37105652e+01,-6.22953313e+01
274.390000,-9.37106026e+01,-6.22953686e+01
274.395000,-9.37106416e+01,-6.22954076e+01
274.400000,-9.37106820e+01,-6.22954480e+01
274.405000,-9.37107239e+01,-6.22954900e+01
274.410000,-9.37107672e+01,-6.22955333e+01
274.415000,-9.37108118e+01,-6.22955778e+01
274.420000,-9.37108573e+01,-6.22956234e+01
274.425000,-9.37109039e+01,-6.22956700e+01
274.430000,-9.37109512e+01,-6.22957173e+01
274.435000,-9.37109991e+01,-6.22957651e+01
274.440000,-9.37110474e+01,-6.22958135e+01
274.445000,-9.37110960e+01,-6.22958620e+01
274.450000,-9.37111447e+01,-6.22959107e+01
274.455000,-9.37111937e+01,-6.22959597e+01
274.460000,-9.37112428e+01,-6.22960088e+01
274.465000,-9.37112921e+01,-6.22960582e+01
274.470000,-9.37113416e+01,-6.22961076e+01
274.475000,-9.37113911e+01,-6.22961571e+01
274.480000,-9.37114403e+01,-6.22962064e+01
274.485000,-9.37114893e+01,-6.22962554e+01
274.490000,-9.37115376e+01,-6.22963037e+01
274.495000,-9.37115850e+01,-6.22963511e+01
274.500000,-9.37116313e+01,-6.22963974e+01
274.505000,-9.37116763e+01,-6.22964423e+01
274.510000,-9.37117202e+01,-6.22964862e+01
274.515000,-9.37117629e+01,-6.22965290e+01
274.520000,-9.37118046e+01,-6.22965706e+01
274.525000,-9.37118454e+01,-6.22966115e+01
274.530000,-9.37118854e+01,-6.22966514e+01
274.535000,-9.37119247e+01,-6.22966907e+01
274.540000,-9.37119632e+01,-6.22967292e+01
274.545000,-9.37120010e+01,-6.22967670e+01
274.550000,-9.37120379e+01,-6.22968040e+01
274.555000,-9.37120740e+01,-6.22968401e+01
274.560000,-9.37121091e+01,-6.22968751e+01
274.565000,-9.37121432e+01,-6.22969093e+01
274.570000,-9.37121764e+01,-6.22969424e+01
274.575000,-9.37122084e+01,-6.22969745e+01
274.580000,-9.37122394e+01,-6.22970055e+01
274.585000,-9.37122693e+01,-6.22970354e+01
274.590000,-9.37122984e+01,-6.22970644e+01
274.595000,-9.37123267e+01,-6.22970927e+01
274.600000,-9.37123544e+01,-6.22971204e+01
274.605000,-9.37123817e+01,-6.22971478e+01
274.610000,-9.37124086e+01,-6.22971746e+01
274.615000,-9.37124355e+01,-6.22972015e+01
274.620000,-9.37124622e+01,-6.22972283e+01
274.625000,-9.37124887e+01,-6.22972547e+01
274.630000,-9.37125148e+01,-6.22972809e+01
274.635000,-9.37125403e+01,-6.22973064e+01
274.640000,-9.37125652e+01,-6.22973312e+01
274.645000,-9.37125892e+01,-6.22973552e+01
274.650000,-9.37126120e+01,-6.22973780e+01
274.655000,-9.37126335e+01,-6.22973996e+01
274.660000,-9.37126537e+01,-6.22974197e+01
274.665000,-9.37126722e+01,-6.22974382e+01
274.670000,-9.37126891e+01,-6.22974552e+01
274.675000,-9.37127045e+01,-6.22974706e+01
274.680000,-9.37127185e+01,-6.22974845e+01
274.685000,-9.37127313e+01,-6.22974974e+01
274.690000,-9.37127433e+01,-6.22975093e+01
274.695000,-9.37127549e+01,-6.22975209e+01
274.700000,-9.37127661e+01,-6.22975321e+01
274.705000,-9.37127772e+01,-6.22975432e+01
274.710000,-9.37127884e+01,-6.22975544e+01
274.715000,-9.37127998e+01,-6.22975658e+01
274.720000,-9.37128120e+01,-6.22975780e+01
274.725000,-9.37128254e+01,-6.22975915e+01
274.730000,-9.37128406e+01,-6.22976066e+01
274.735000,-9.37128582e+01,-6.22976242e+01
274.740000,-9.37128785e+01,-6.22976446e+01
274.745000,-9.37129022e+01,-6.22976682e+01
274.750000,-9.37129292e+01,-6.22976952e+01
274.755000,-9.37129595e+01,-6.22977255e+01
274.760000,-9.37129928e+01,-6.22977589e+01
274.765000,-9.37130288e+01,-6.22977948e+01
274.770000,-9.37130672e+01,-6.22978332e+01
274.775000,-9.37131072e+01,-6.22978732e+01
274.780000,-9.37131484e+01,-6.22979144e+01
274.785000,-9.37131902e+01,-6.22979562e+01
274.790000,-9.37132321e+01,-6.22979982e+01
274.795000,-9.37132738e+01,-6.22980398e+01
274.800000,-9.37133151e+01,-6.22980811e+01
274.805000,-9.37133558e+01,-6.22981219e+01
274.810000,-9.37133963e+01,-6.22981623e+01
274.815000,-9.37134366e+01,-6.22982027e+01
274.820000,-9.37134770e+01,-6.22982430e+01
274.825000,-9.37135177e+01,-6.22982837e+01
274.830000,-9.37135587e+01,-6.22983247e+01
274.835000,-9.37135998e+01,-6.22983659e+01
274.840000,-9.37136412e+01,-6.22984072e+01
274.845000,-9.37136824e+01,-6.22984484e+01
274.850000,-9.37137236e+01,-6.22984896e+01
274.855000,-9.37137644e+01,-6.22985304e+01
274.860000,-9.37138046e+01,-6.22985706e+01
274.865000,-9.37138439e+01,-6.22986099e+01
274.870000,-9.37138819e+01,-6.22986479e+01
274.875000,-9.37139187e+01,-6.22986847e+01
274.880000,-9.37139537e+01,-6.22987197e+01
274.885000,-9.37139871e+01,-6.22987531e+01
274.890000,-9.37140188e+01,-6.22987848e+01
274.895000,-9.37140488e+01,-6.22988148e+01
274.900000,-9.37140777e+01,-6.22988437e+01
274.905000,-9.37141055e+01,-6.22988715e+01
274.910000,-9.37141322e+01,-6.22988982e+01
274.915000,-9.37141580e+01,-6.22989240e+01
274.920000,-9.37141829e+01,-6.22989490e+01
274.925000,-9.37142070e+01,-6.22989730e+01
274.930000,-9.37142304e+01,-6.22989964e+01
274.935000,-9.37142530e+01,-6.22990190e+01
274.940000,-9.37142750e+01,-6.22990410e+01
274.945000,-9.37142964e+01,-6.22990624e+01
274.950000,-9.37143172e+01,-6.22990833e+01
274.955000,-9.37143379e+01,-6.22991039e+01
274.960000,-9.37143585e+01,-6.22991245e+01
274.965000,-9.37143795e+01,-6.22991455e+01
274.970000,-9.37144010e+01,-6.22991670e+01
274.975000,-9.37144235e+01,-6.22991895e+01
274.980000,-9.37144473e+01,-6.22992134e+01
274.985000,-9.37144726e+01,-6.22992386e+01
274.990000,-9.37144994e+01,-6.22992655e+01
274.995000,-9.37145279e+01,-6.22992939e+01
275.000000,-9.37145580e+01,-6.22993240e+01
275.005000,-9.37145900e+01,-6.22993560e+01
275.010000,-9.37146239e+01,-6.22993899e+01
275.015000,-9.37146596e+01,-6.22994256e+01
275.020000,-9.37146973e+01,-6.22994633e+01
275.025000,-9.37147368e+01,-6.22995028e+01
275.030000,-9.37147780e+01,-6.22995440e+01
275.035000,-9.37148210e+01,-6.22995870e+01
275.040000,-9.37148654e+01,-6.22996314e+01
275.045000,-9.37149110e+01,-6.22996770e+01
275.050000,-9.37149575e+01,-6.22997235e+01
275.055000,-9.37150047e+01,-6.22997707e+01
275.060000,-9.37150522e+01,-6.22998182e+01
275.065000,-9.37150997e+01,-6.22998657e+01
275.070000,-9.37151467e+01,-6.22999127e+01
275.075000,-9.37151926e+01,-6.22999586e+01
275.080000,-9.37152372e+01,-6.23000032e+01
275.085000,-9.37152803e+01,-6.23000463e+01
275.090000,-9.37153216e+01,-6.23000876e+01
275.095000,-9.37153612e+01,-6.23001272e+01
275.100000,-9.37153993e+01,-6.23001653e+01
275.105000,-9.37154359e+01,-6.23002019e+01
275.110000,-9.37154717e+01,-6.23002377e+01
275.115000,-9.37155069e+01,-6.23002729e+01
275.120000,-9.37155417e+01,-6.23003077e+01
275.125000,-9.37155765e+01,-6.23003425e+01
275.130000,-9.37156114e+01,-6.23003774e+01
275.135000,-9.37156465e+01,-6.23004125e+01
275.140000,-9.37156821e+01,-6.23004481e+01
275.145000,-9.37157184e+01,-6.23004844e+01
275.150000,-9.37157552e+01,-6.23005212e+01
275.155000,-9.37157927e+01,-6.23005587e+01
275.160000,-9.37158304e+01,-6.23005964e+01
275.165000,-9.37158681e+01,-6.23006341e+01
275.170000,-9.37159056e+01,-6.23006716e+01
275.175000,-9.37159422e+01,-6.23007082e+01
275.180000,-9.37159776e+01,-6.23007436e+01
275.185000,-9.37160113e+01,-6.23007773e+01
275.190000,-9.37160429e+01,-6.23008089e+01
275.195000,-9.37160719e+01,-6.23008379e+01
275.200000,-9.37160982e+01,-6.23008642e+01
275.205000,-9.37161214e+01,-6.23008874e+01
275.210000,-9.37161415e+01,-6.23009075e+01
275.215000,-9.37161587e+01,-6.23009247e+01
275.220000,-9.37161731e+01,-6.23009391e+01
275.225000,-9.37161845e+01,-6.23009505e+01
275.230000,-9.37161933e+01,-6.23009593e+01
275.235000,-9.37161996e+01,-6.23009656e+01
275.240000,-9.37162039e+01,-6.23009698e+01
275.245000,-9.37162064e+01,-6.23009724e+01
275.250000,-9.37162076e+01,-6.23009736e+01
275.255000,-9.37162076e+01,-6.23009736e+01
275.260000,-9.37162065e+01,-6.23009724e+01
275.265000,-9.37162042e+01,-6.23009702e+01
275.270000,-9.37162009e+01,-6.23009669e+01
275.275000,-9.37161965e+01,-6.23009625e+01
275.280000,-9.37161909e+01,-6.23009569e+01
275.285000,-9.37161841e+01,-6.23009501e+01
275.290000,-9.37161759e+01,-6.23009419e+01
275.295000,-9.37161666e+01,-6.23009326e+01
275.300000,-9.37161560e+01,-6.23009220e+01
275.305000,-9.37161440e+01,-6.23009100e+01
275.310000,-9.37161304e+01,-6.23008964e+01
275.315000,-9.37161149e+01,-6.23008809e+01
275.320000,-9.37160976e+01,-6.23008635e+01
275.325000,-9.37160780e+01,-6.23008440e+01
275.330000,-9.37160559e+01,-6.23008219e+01
275.335000,-9.37160312e+01,-6.23007972e+01
275.340000,-9.37160037e+01,-6.23007697e+01
275.345000,-9.37159736e+01,-6.23007396e+01
275.350000,-9.37159410e+01,-6.23007070e+01
275.355000,-9.37159060e+01,-6.23006720e+01
275.360000,-9.37158688e+01,-6.23006348e+01
275.365000,-9.37158296e+01,-6.23005956e+01
275.370000,-9.37157892e+01,-6.23005552e+01
275.375000,-9.37157477e+01,-6.23005137e+01
275.380000,-9.37157056e+01,-6.23004716e+01
275.385000,-9.37156632e+01,-6.23004292e+01
275.390000,-9.37156208e+01,-6.23003868e+01
275.395000,-9.37155789e+01,-6.23003449e+01
275.400000,-9.37155376e+01,-6.23003036e+01
275.405000,-9.37154971e+01,-6.23002631e+01
275.410000,-9.37154578e+01,-6.23002238e+01
275.415000,-9.37154197e+01,-6.23001857e+01
275.420000,-9.37153831e+01,-6.23001491e+01
275.425000,-9.37153479e+01,-6.23001139e+01
275.430000,-9.37153140e+01,-6.23000800e+01
275.435000,-9.37152811e+01,-6.23000471e+01
275.440000,-9.37152492e+01,-6.23000152e+01
275.445000,-9.37152182e+01,-6.22999842e+01
275.450000,-9.37151879e+01,-6.22999539e+01
275.455000,-9.37151579e+01,-6.22999239e+01
275.460000,-9.37151280e+01,-6.22998940e+01
275.465000,-9.37150977e+01,-6.22998637e+01
275.470000,-9.37150669e+01,-6.22998329e+01
275.475000,-9.37150353e+01,-6.22998013e+01
275.480000,-9.37150026e+01,-6.22997686e+01
275.485000,-9.37149685e+01,-6.22997345e+01
275.490000,-9.37149329e+01,-6.22996989e+01
275.495000,-9.37148960e+01,-6.22996620e+01
275.500000,-9.37148577e+01,-6.22996237e+01
275.505000,-9.37148180e+01,-6.22995840e+01
275.510000,-9.37147772e+01,-6.22995432e+01
275.515000,-9.37147352e+01,-6.22995012e+01
275.520000,-9.37146924e+01,-6.22994584e+01
275.525000,-9.37146488e+01,-6.22994148e+01
275.530000,-9.37146048e+01,-6.22993708e+01
275.535000,-9.37145608e+01,-6.22993268e+01
275.540000,-9.37145171e+01,-6.22992832e+01
275.545000,-9.37144745e+01,-6.22992405e+01
275.550000,-9.37144332e+01,-6.22991992e+01
275.555000,-9.37143936e+01,-6.22991597e+01
275.560000,-9.37143564e+01,-6.22991224e+01
275.565000,-9.37143216e+01,-6.22990876e+01
275.570000,-9.37142896e+01,-6.22990556e+01
275.575000,-9.37142604e+01,-6.22990264e+01
275.580000,-9.37142336e+01,-6.22989997e+01
275.585000,-9.37142093e+01,-6.22989753e+01
275.590000,-9.37141870e+01,-6.22989530e+01
275.595000,-9.37141664e+01,-6.22989324e+01
275.600000,-9.37141470e+01,-6.22989130e+01
275.605000,-9.37141282e+01,-6.22988942e+01
275.610000,-9.37141099e+01,-6.22988760e+01
275.615000,-9.37140916e+01,-6.22988576e+01
275.620000,-9.37140733e+01,-6.22988393e+01
275.625000,-9.37140546e+01,-6.22988207e+01
275.630000,-9.37140353e+01,-6.22988013e+01
275.635000,-9.37140149e+01,-6.22987809e+01
275.640000,-9.37139931e+01,-6.22987591e+01
275.645000,-9.37139699e+01,-6.22987359e+01
275.650000,-9.37139451e+01,-6.22987111e+01
275.655000,-9.37139189e+01,-6.22986849e+01
275.660000,-9.37138916e+01,-6.22986576e+01
275.665000,-9.37138633e+01,-6.22986293e+01
275.670000,-9.37138343e+01,-6.22986003e+01
275.675000,-9.37138047e+01,-6.22985708e+01
275.680000,-9.37137747e+01,-6.22985407e+01
275.685000,-9.37137443e+01,-6.22985103e+01
275.690000,-9.37137136e+01,-6.22984796e+01
275.695000,-9.37136830e+01,-6.22984490e+01
275.700000,-9.37136526e+01,-6.22984187e+01
275.705000,-9.37136227e+01,-6.22983887e+01
275.710000,-9.37135936e+01,-6.22983596e+01
275.715000,-9.37135653e+01,-6.22983313e+01
275.720000,-9.37135379e+01,-6.22983040e+01
275.725000,-9.37135114e+01,-6.22982773e+01
275.730000,-9.37134854e+01,-6.22982514e+01
275.735000,-9.37134602e+01,-6.22982262e+01
275.740000,-9.37134358e+01,-6.22982018e+01
275.745000,-9.37134125e+01,-6.22981785e+01
275.750000,-9.37133900e+01,-6.22981560e+01
275.755000,-9.37133682e+01,-6.22981342e+01
275.760000,-9.37133470e+01,-6.22981130e+01
275.765000,-9.37133259e+01,-6.22980919e+01
275.770000,-9.37133047e+01,-6.22980707e+01
275.775000,-9.37132832e+01,-6.22980492e+01
275.780000,-9.37132610e+01,-6.22980270e+01
275.785000,-9.37132381e+01,-6.22980041e+01
275.790000,-9.37132144e+01,-6.22979804e+01
275.795000,-9.37131901e+01,-6.22979561e+01
275.800000,-9.37131652e+01,-6.22979312e+01
275.805000,-9.37131400e+01,-6.22979060e+01
275.810000,-9.37131148e+01,-6.22978808e+01
275.815000,-9.37130896e+01,-6.22978556e+01
275.820000,-9.37130649e+01,-6.22978309e+01
275.825000,-9.37130406e+01,-6.22978066e+01
275.830000,-9.37130169e+01,-6.22977829e+01
275.835000,-9.37129936e+01,-6.22977596e+01
275.840000,-9.37129707e+01,-6.22977367e+01
275.845000,-9.37129482e+01,-6.22977142e+01
275.850000,-9.37129260e+01,-6.22976921e+01
275.855000,-9.37129043e+01,-6.22976703e+01
275.860000,-9.37128830e+01,-6.22976490e+01
275.865000,-9.37128623e+01,-6.22976283e+01
275.870000,-9.37128423e+01,-6.22976083e+01
275.875000,-9.37128230e+01,-6.22975890e+01
275.880000,-9.37128044e+01,-6.22975704e+01
275.885000,-9.37127867e+01,-6.22975527e+01
275.890000,-9.37127698e+01,-6.22975358e+01
275.895000,-9.37127538e+01,-6.22975198e+01
275.900000,-9.37127386e+01,-6.22975047e+01
275.905000,-9.37127242e+01,-6.22974902e+01
275.910000,-9.37127104e+01,-6.22974765e+01
275.915000,-9.37126969e+01,-6.22974630e+01
275.920000,-9.37126834e+01,-6.22974494e+01
275.925000,-9.37126692e+01,-6.22974352e+01
275.930000,-9.37126538e+01,-6.22974198e+01
275.935000,-9.37126372e+01,-6.22974032e+01
275.940000,-9.37126190e+01,-6.22973851e+01
275.945000,-9.37125996e+01,-6.22973657e+01
275.950000,-9.37125791e+01,-6.22973451e+01
275.955000,-9.37125578e+01,-6.22973239e+01
275.960000,-9.37125363e+01,-6.22973023e+01
275.965000,-9.37125150e+01,-6.22972811e+01
275.970000,-9.37124946e+01,-6.22972607e+01
275.975000,-9.37124755e+01,-6.22972415e+01
275.980000,-9.37124581e+01,-6.22972241e+01
275.985000,-9.37124424e+01,-6.22972085e+01
275.990000,-9.37124286e+01,-6.22971947e+01
275.995000,-9.37124169e+01,-6.22971829e+01
276.000000,-9.37124070e+01,-6.22971730e+01
276.005000,-9.37123992e+01,-6.22971652e+01
276.010000,-9.37123934e+01,-6.22971595e+01
276.015000,-9.37123893e+01,-6.22971553e+01
276.020000,-9.37123865e+01,-6.22971525e+01
276.025000,-9.37123843e+01,-6.22971503e+01
276.030000,-9.37123818e+01,-6.22971478e+01
276.035000,-9.37123783e+01,-6.22971443e+01
276.040000,-9.37123729e+01,-6.22971389e+01
276.045000,-9.37123653e+01,-6.22971313e+01
276.050000,-9.37123547e+01,-6.22971207e+01
276.055000,-9.37123409e+01,-6.22971069e+01
276.060000,-9.37123240e+01,-6.22970901e+01
276.065000,-9.37123041e+01,-6.22970701e+01
276.070000,-9.37122815e+01,-6.22970475e+01
276.075000,-9.37122567e+01,-6.22970228e+01
276.080000,-9.37122301e+01,-6.22969961e+01
276.085000,-9.37122021e+01,-6.22969681e+01
276.090000,-9.37121728e+01,-6.22969389e+01
276.095000,-9.37121428e+01,-6.22969089e+01
276.100000,-9.37121122e+01,-6.22968782e+01
276.105000,-9.37120810e+01,-6.22968470e+01
276.110000,-9.37120494e+01,-6.22968155e+01
276.115000,-9.37120175e+01,-6.22967835e+01
276.120000,-9.37119854e+01,-6.22967515e+01
276.125000,-9.37119533e+01,-6.22967193e+01
276.130000,-9.37119213e+01,-6.22966873e+01
276.135000,-9.37118893e+01,-6.22966554e+01
276.140000,-9.37118575e+01,-6.22966235e+01
276.145000,-9.37118256e+01,-6.22965916e+01
276.150000,-9.37117934e+01,-6.22965594e+01
276.155000,-9.37117607e+01,-6.22965267e+01
276.160000,-9.37117274e+01,-6.22964934e+01
276.165000,-9.37116932e+01,-6.22964592e+01
276.170000,-9.37116580e+01,-6.22964240e+01
276.175000,-9.37116217e+01,-6.22963877e+01
276.180000,-9.37115842e+01,-6.22963502e+01
276.185000,-9.37115454e+01,-6.22963115e+01
276.190000,-9.37115054e+01,-6.22962714e+01
276.195000,-9.37114642e+01,-6.22962302e+01
276.200000,-9.37114217e+01,-6.22961877e+01
276.205000,-9.37113778e+01,-6.22961438e+01
276.210000,-9.37113327e+01,-6.22960987e+01
276.215000,-9.37112862e+01,-6.22960523e+01
276.220000,-9.37112388e+01,-6.22960048e+01
276.225000,-9.37111902e+01,-6.22959562e+01
276.230000,-9.37111404e+01,-6.22959065e+01
276.235000,-9.37110897e+01,-6.22958557e+01
276.240000,-9.37110378e+01,-6.22958038e+01
276.245000,-9.37109849e+01,-6.22957509e+01
276.250000,-9.37109309e+01,-6.22956969e+01
276.255000,-9.37108758e+01,-6.22956418e+01
276.260000,-9.37108197e+01,-6.22955857e+01
276.265000,-9.37107624e+01,-6.22955284e+01
276.270000,-9.37107041e+01,-6.22954702e+01
276.275000,-9.37106448e+01,-6.22954109e+01
276.280000,-9.37105846e+01,-6.22953506e+01
276.285000,-9.37105235e+01,-6.22952896e+01
276.290000,-9.37104617e+01,-6.22952277e+01
276.295000,-9.37103989e+01,-6.22951649e+01
276.300000,-9.37103353e+01,-6.22951013e+01
276.305000,-9.37102705e+01,-6.22950365e+01
276.310000,-9.37102047e+01,-6.22949707e+01
276.315000,-9.37101375e+01,-6.22949035e+01
276.320000,-9.37100691e+01,-6.22948351e+01
276.325000,-9.37099993e+01,-6.22947654e+01
276.330000,-9.37099280e+01,-6.22946941e+01
276.335000,-9.37098551e+01,-6.22946212e+01
276.340000,-9.37097804e+01,-6.22945465e+01
276.345000,-9.37097038e+01,-6.22944698e+01
276.350000,-9.37096252e+01,-6.22943913e+01
276.355000,-9.37095450e+01,-6.22943110e+01
276.360000,-9.37094633e+01,-6.22942293e+01
276.365000,-9.37093805e+01,-6.22941466e+01
276.370000,-9.37092972e+01,-6.22940632e+01
276.375000,-9.37092135e+01,-6.22939796e+01
276.380000,-9.37091297e+01,-6.22938957e+01
276.385000,-9.37090459e+01,-6.22938119e+01
276.390000,-9.37089621e+01,-6.22937282e+01
276.395000,-9.37088788e+01,-6.22936448e+01
276.400000,-9.37087962e+01,-6.22935622e+01
276.405000,-9.37087146e+01,-6.22934807e+01
276.410000,-9.37086346e+01,-6.22934007e+01
276.415000,-9.37085564e+01,-6.22933225e+01
276.420000,-9.37084806e+01,-6.22932467e+01
276.425000,-9.37084074e+01,-6.22931734e+01
276.430000,-9.37083370e+01,-6.22931030e+01
276.435000,-9.37082694e+01,-6.22930354e+01
276.440000,-9.37082044e+01,-6.22929705e+01
276.445000,-9.37081418e+01,-6.22929079e+01
276.450000,-9.37080809e+01,-6.22928470e+01
276.455000,-9.37080211e+01,-6.22927871e+01
276.460000,-9.37079619e+01,-6.22927280e+01
276.465000,-9.37079027e+01,-6.22926688e+01
276.470000,-9.37078430e+01,-6.22926090e+01
276.475000,-9.37077821e+01,-6.22925481e+01
276.480000,-9.37077193e+01,-6.22924853e+01
276.485000,-9.37076540e+01,-6.22924200e+01
276.490000,-9.37075855e+01,-6.22923516e+01
276.495000,-9.37075137e+01,-6.22922798e+01
276.500000,-9.37074382e+01,-6.22922043e+01
276.505000,-9.37073591e+01,-6.22921252e+01
276.510000,-9.37072767e+01,-6.22920428e+01
276.515000,-9.37071915e+01,-6.22919576e+01
276.520000,-9.37071043e+01,-6.22918704e+01
276.525000,-9.37070160e+01,-6.22917820e+01
276.530000,-9.37069273e+01,-6.22916933e+01
276.535000,-9.37068392e+01,-6.22916053e+01
276.540000,-9.37067525e+01,-6.22915186e+01
276.545000,-9.37066678e+01,-6.22914339e+01
276.550000,-9.37065857e+01,-6.22913518e+01
276.555000,-9.37065065e+01,-6.22912726e+01
276.560000,-9.37064307e+01,-6.22911968e+01
276.565000,-9.37063587e+01,-6.22911248e+01
276.570000,-9.37062909e+01,-6.22910569e+01
276.575000,-9.37062275e+01,-6.22909935e+01
276.580000,-9.37061688e+01,-6.22909349e+01
276.585000,-9.37061150e+01,-6.22908811e+01
276.590000,-9.37060660e+01,-6.22908320e+01
276.595000,-9.37060214e+01,-6.22907874e+01
276.600000,-9.37059808e+01,-6.22907468e+01
276.605000,-9.37059436e+01,-6.22907096e+01
276.610000,-9.37059091e+01,-6.22906752e+01
276.615000,-9.37058764e+01,-6.22906425e+01
276.620000,-9.37058447e+01,-6.22906108e+01
276.625000,-9.37058131e+01,-6.22905792e+01
276.630000,-9.37057809e+01,-6.22905469e+01
276.635000,-9.37057477e+01,-6.22905138e+01
276.640000,-9.37057132e+01,-6.22904793e+01
276.645000,-9.37056772e+01,-6.22904432e+01
276.650000,-9.37056395e+01,-6.22904056e+01
276.655000,-9.37056000e+01,-6.22903660e+01
276.660000,-9.37055608e+01,-6.22903269e+01
276.665000,-9.37055204e+01,-6.22902865e+01
276.670000,-9.37054782e+01,-6.22902443e+01
276.675000,-9.37054343e+01,-6.22902004e+01
276.680000,-9.37053890e+01,-6.22901551e+01
276.685000,-9.37053442e+01,-6.22901103e+01
276.690000,-9.37053024e+01,-6.22900685e+01
276.695000,-9.37052679e+01,-6.22900340e+01
276.700000,-9.37052443e+01,-6.22900104e+01
276.705000,-9.37052349e+01,-6.22900010e+01
276.710000,-9.37052419e+01,-6.22900080e+01
276.715000,-9.37052668e+01,-6.22900329e+01
276.720000,-9.37053096e+01,-6.22900757e+01
276.725000,-9.37053709e+01,-6.22901370e+01
276.730000,-9.37054499e+01,-6.22902160e+01
276.735000,-9.37055461e+01,-6.22903122e+01
276.740000,-9.37056587e+01,-6.22904248e+01
276.745000,-9.37057868e+01,-6.22905529e+01
276.750000,-9.37059293e+01,-6.22906954e+01
276.755000,-9.37060849e+01,-6.22908510e+01
276.760000,-9.37062533e+01,-6.22910194e+01
276.765000,-9.37064334e+01,-6.22911995e+01
276.770000,-9.37066240e+01,-6.22913901e+01
276.775000,-9.37068239e+01,-6.22915900e+01
276.780000,-9.37070320e+01,-6.22917981e+01
276.785000,-9.37072467e+01,-6.22920128e+01
276.790000,-9.37074675e+01,-6.22922336e+01
276.795000,-9.37076934e+01,-6.22924595e+01
276.800000,-9.37079236e+01,-6.22926897e+01
276.805000,-9.37081574e+01,-6.22929235e+01
276.810000,-9.37083942e+01,-6.22931603e+01
276.815000,-9.37086330e+01,-6.22933991e+01
276.820000,-9.37088740e+01,-6.22936401e+01
276.825000,-9.37091164e+01,-6.22938825e+01
276.830000,-9.37093601e+01,-6.22941262e+01
276.835000,-9.37096049e+01,-6.22943710e+01
276.840000,-9.37098506e+01,-6.22946167e+01
276.845000,-9.37100964e+01,-6.22948625e+01
276.850000,-9.37103423e+01,-6.22951083e+01
276.855000,-9.37105873e+01,-6.22953534e+01
276.860000,-9.37108312e+01,-6.22955972e+01
276.865000,-9.37110734e+01,-6.22958394e+01
276.870000,-9.37113135e+01,-6.22960796e+01
276.875000,-9.37115512e+01,-6.22963172e+01
276.880000,-9.37117869e+01,-6.22965529e+01
276.885000,-9.37120204e+01,-6.22967865e+01
276.890000,-9.37122522e+01,-6.22970183e+01
276.895000,-9.37124824e+01,-6.22972485e+01
276.900000,-9.37127112e+01,-6.22974773e+01
276.905000,-9.37129385e+01,-6.22977046e+01
276.910000,-9.37131651e+01,-6.22979312e+01
276.915000,-9.37133910e+01,-6.22981570e+01
276.920000,-9.37136164e+01,-6.22983825e+01
276.925000,-9.37138414e+01,-6.22986075e+01
276.930000,-9.37140659e+01,-6.22988319e+01
276.935000,-9.37142891e+01,-6.22990551e+01
276.940000,-9.37145115e+01,-6.22992775e+01
276.945000,-9.37147324e+01,-6.22994984e+01
276.950000,-9.37149517e+01,-6.22997178e+01
276.955000,-9.37151693e+01,-6.22999354e+01
276.960000,-9.37153851e+01,-6.23001511e+01
276.965000,-9.37155987e+01,-6.23003647e+01
276.970000,-9.37158105e+01,-6.23005765e+01
276.975000,-9.37160202e+01,-6.23007862e+01
276.980000,-9.37162275e+01,-6.23009935e+01
276.985000,-9.37164321e+01,-6.23011981e+01
276.990000,-9.37166336e+01,-6.23013996e+01
276.995000,-9.37168309e+01,-6.23015969e+01
277.000000,-9.37170245e+01,-6.23017905e+01
277.005000,-9.37172137e+01,-6.23019797e+01
277.010000,-9.37173988e+01,-6.23021648e+01
277.015000,-9.37175799e+01,-6.23023459e+01
277.020000,-9.37177572e+01,-6.23025232e+01
277.025000,-9.37179304e+01,-6.23026964e+01
277.030000,-9.37181003e+01,-6.23028663e+01
277.035000,-9.37182669e+01,-6.23030329e+01
277.040000,-9.37184306e+01,-6.23031966e+01
277.045000,-9.37185915e+01,-6.23033575e+01
277.050000,-9.37187495e+01,-6.23035155e+01
277.055000,-9.37189042e+01,-6.23036702e+01
277.060000,-9.37190563e+01,-6.23038222e+01
277.065000,-9.37192053e+01,-6.23039713e+01
277.070000,-9.37193515e+01,-6.23041175e+01
277.075000,-9.37194949e+01,-6.23042609e+01
277.080000,-9.37196355e+01,-6.23044015e+01
277.085000,-9.37197733e+01,-6.23045393e+01
277.090000,-9.37199090e+01,-6.23046749e+01
277.095000,-9.37200423e+01,-6.23048082e+01
277.100000,-9.37201734e+01,-6.23049394e+01
277.105000,-9.37203023e+01,-6.23050683e+01
277.110000,-9.37204289e+01,-6.23051949e+01
277.115000,-9.37205526e+01,-6.23053186e+01
277.120000,-9.37206742e+01,-6.23054402e+01
277.125000,-9.37207932e+01,-6.23055592e+01
277.130000,-9.37209098e+01,-6.23056757e+01
277.135000,-9.37210239e+01,-6.23057899e+01
277.140000,-9.37211355e+01,-6.23059015e+01
277.145000,-9.37212437e+01,-6.23060097e+01
277.150000,-9.37213487e+01,-6.23061147e+01
277.155000,-9.37214496e+01,-6.23062156e+01
277.160000,-9.37215465e+01,-6.23063124e+01
277.165000,-9.37216390e+01,-6.23064049e+01
277.170000,-9.37217272e+01,-6.23064932e+01
277.175000,-9.37218109e+01,-6.23065769e+01
277.180000,-9.37218911e+01,-6.23066571e+01
277.185000,-9.37219679e+01,-6.23067338e+01
277.190000,-9.37220418e+01,-6.23068078e+01
277.195000,-9.37221133e+01,-6.23068793e+01
277.200000,-9.37221827e+01,-6.23069486e+01
277.205000,-9.37222496e+01,-6.23070156e+01
277.210000,-9.37223148e+01,-6.23070808e+01
277.215000,-9.37223779e+01,-6.23071439e+01
277.220000,-9.37224390e+01,-6.23072049e+01
277.225000,-9.37224978e+01,-6.23072638e+01
277.230000,-9.37225544e+01,-6.23073203e+01
277.235000,-9.37226082e+01,-6.23073742e+01
277.240000,-9.37226603e+01,-6.23074262e+01
277.245000,-9.37227102e+01,-6.23074761e+01
277.250000,-9.37227582e+01,-6.23075241e+01
277.255000,-9.37228046e+01,-6.23075706e+01
277.260000,-9.37228496e+01,-6.23076156e+01
277.265000,-9.37228931e+01,-6.23076590e+01
277.270000,-9.37229355e+01,-6.23077014e+01
277.275000,-9.37229764e+01,-6.23077424e+01
277.280000,-9.37230158e+01,-6.23077818e+01
277.285000,-9.37230534e+01,-6.23078194e+01
277.290000,-9.37230892e+01,-6.23078551e+01
277.295000,-9.37231225e+01,-6.23078885e+01
277.300000,-9.37231540e+01,-6.23079200e+01
277.305000,-9.37231831e+01,-6.23079491e+01
277.310000,-9.37232098e+01,-6.23079757e+01
277.315000,-9.37232337e+01,-6.23079997e+01
277.320000,-9.37232547e+01,-6.23080207e+01
277.325000,-9.37232723e+01,-6.23080382e+01
277.330000,-9.37232870e+01,-6.23080530e+01
277.335000,-9.37232988e+01,-6.23080647e+01
277.340000,-9.37233081e+01,-6.23080740e+01
277.345000,-9.37233152e+01,-6.23080811e+01
277.350000,-9.37233205e+01,-6.23080865e+01
277.355000,-9.37233241e+01,-6.23080900e+01
277.360000,-9.37233268e+01,-6.23080928e+01
277.365000,-9.37233288e+01,-6.23080948e+01
277.370000,-9.37233306e+01,-6.23080965e+01
277.375000,-9.37233323e+01,-6.23080982e+01
277.380000,-9.37233341e+01,-6.23081001e+01
277.385000,-9.37233359e+01,-6.23081018e+01
277.390000,-9.37233382e+01,-6.23081041e+01
277.395000,-9.37233405e+01,-6.23081064e+01
277.400000,-9.37233426e+01,-6.23081086e+01
277.405000,-9.37233444e+01,-6.23081103e+01
277.410000,-9.37233452e+01,-6.23081111e+01
277.415000,-9.37233444e+01,-6.23081103e+01
277.420000,-9.37233422e+01,-6.23081081e+01
277.425000,-9.37233382e+01,-6.23081041e+01
277.430000,-9.37233324e+01,-6.23080983e+01
277.435000,-9.37233247e+01,-6.23080906e+01
277.440000,-9.37233151e+01,-6.23080810e+01
277.445000,-9.37233030e+01,-6.23080689e+01
277.450000,-9.37232891e+01,-6.23080550e+01
277.455000,-9.37232732e+01,-6.23080391e+01
277.460000,-9.37232554e+01,-6.23080213e+01
277.465000,-9.37232359e+01,-6.23080018e+01
277.470000,-9.37232145e+01,-6.23079804e+01
277.475000,-9.37231908e+01,-6.23079567e+01
277.480000,-9.37231652e+01,-6.23079311e+01
277.485000,-9.37231374e+01,-6.23079034e+01
277.490000,-9.37231076e+01,-6.23078735e+01
277.495000,-9.37230757e+01,-6.23078416e+01
277.500000,-9.37230417e+01,-6.23078076e+01
277.505000,-9.37230055e+01,-6.23077714e+01
277.510000,-9.37229680e+01,-6.23077339e+01
277.515000,-9.37229294e+01,-6.23076953e+01
277.520000,-9.37228902e+01,-6.23076561e+01
277.525000,-9.37228506e+01,-6.23076165e+01
277.530000,-9.37228110e+01,-6.23075769e+01
277.535000,-9.37227710e+01,-6.23075370e+01
277.540000,-9.37227315e+01,-6.23074974e+01
277.545000,-9.37226920e+01,-6.23074580e+01
277.550000,-9.37226527e+01,-6.23074186e+01
277.555000,-9.37226132e+01,-6.23073791e+01
277.560000,-9.37225735e+01,-6.23073395e+01
277.565000,-9.37225332e+01,-6.23072991e+01
277.570000,-9.37224928e+01,-6.23072588e+01
277.575000,-9.37224521e+01,-6.23072181e+01
277.580000,-9.37224113e+01,-6.23071772e+01
277.585000,-9.37223702e+01,-6.23071362e+01
277.590000,-9.37223292e+01,-6.23070952e+01
277.595000,-9.37222879e+01,-6.23070538e+01
277.600000,-9.37222467e+01,-6.23070127e+01
277.605000,-9.37222056e+01,-6.23069716e+01
277.610000,-9.37221647e+01,-6.23069307e+01
277.615000,-9.37221242e+01,-6.23068901e+01
277.620000,-9.37220839e+01,-6.23068499e+01
277.625000,-9.37220436e+01,-6.23068096e+01
277.630000,-9.37220039e+01,-6.23067698e+01
277.635000,-9.37219643e+01,-6.23067302e+01
277.640000,-9.37219247e+01,-6.23066907e+01
277.645000,-9.37218849e+01,-6.23066508e+01
277.650000,-9.37218444e+01,-6.23066104e+01
277.655000,-9.37218027e+01,-6.23065687e+01
277.660000,-9.37217602e+01,-6.23065262e+01
277.665000,-9.37217168e+01,-6.23064827e+01
277.670000,-9.37216724e+01,-6.23064384e+01
277.675000,-9.37216279e+01,-6.23063938e+01
277.680000,-9.37215836e+01,-6.23063495e+01
277.685000,-9.37215400e+01,-6.23063059e+01
277.690000,-9.37214991e+01,-6.23062650e+01
277.695000,-9.37214622e+01,-6.23062281e+01
277.700000,-9.37214309e+01,-6.23061969e+01
277.705000,-9.37214062e+01,-6.23061721e+01
277.710000,-9.37213883e+01,-6.23061542e+01
277.715000,-9.37213768e+01,-6.23061427e+01
277.720000,-9.37213717e+01,-6.23061376e+01
277.725000,-9.37213718e+01,-6.23061378e+01
277.730000,-9.37213764e+01,-6.23061424e+01
277.735000,-9.37213846e+01,-6.23061506e+01
277.740000,-9.37213958e+01,-6.23061617e+01
277.745000,-9.37214088e+01,-6.23061748e+01
277.750000,-9.37214238e+01,-6.23061898e+01
277.755000,-9.37214398e+01,-6.23062058e+01
277.760000,-9.37214561e+01,-6.23062220e+01
277.765000,-9.37214720e+01,-6.23062379e+01
277.770000,-9.37214867e+01,-6.23062526e+01
277.775000,-9.37214993e+01,-6.23062652e+01
277.780000,-9.37215099e+01,-6.23062759e+01
277.785000,-9.37215178e+01,-6.23062838e+01
277.790000,-9.37215228e+01,-6.23062887e+01
277.795000,-9.37215243e+01,-6.23062903e+01
277.800000,-9.37215218e+01,-6.23062878e+01
277.805000,-9.37215148e+01,-6.23062807e+01
277.810000,-9.37215038e+01,-6.23062697e+01
277.815000,-9.37214890e+01,-6.23062549e+01
277.820000,-9.37214710e+01,-6.23062369e+01
277.825000,-9.37214504e+01,-6.23062164e+01
277.830000,-9.37214279e+01,-6.23061939e+01
277.835000,-9.37214037e+01,-6.23061696e+01
277.840000,-9.37213787e+01,-6.23061446e+01
277.845000,-9.37213530e+01,-6.23061190e+01
277.850000,-9.37213270e+01,-6.23060929e+01
277.855000,-9.37213005e+01,-6.23060664e+01
277.860000,-9.37212732e+01,-6.23060392e+01
277.865000,-9.37212446e+01,-6.23060106e+01
277.870000,-9.37212150e+01,-6.23059809e+01
277.875000,-9.37211836e+01,-6.23059496e+01
277.880000,-9.37211506e+01,-6.23059165e+01
277.885000,-9.37211152e+01,-6.23058811e+01
277.890000,-9.37210775e+01,-6.23058435e+01
277.895000,-9.37210372e+01,-6.23058032e+01
277.900000,-9.37209956e+01,-6.23057615e+01
277.905000,-9.37209534e+01,-6.23057193e+01
277.910000,-9.37209119e+01,-6.23056778e+01
277.915000,-9.37208719e+01,-6.23056379e+01
277.920000,-9.37208339e+01,-6.23055999e+01
277.925000,-9.37207977e+01,-6.23055637e+01
277.930000,-9.37207643e+01,-6.23055303e+01
277.935000,-9.37207337e+01,-6.23054996e+01
277.940000,-9.37207061e+01,-6.23054720e+01
277.945000,-9.37206812e+01,-6.23054471e+01
277.950000,-9.37206588e+01,-6.23054248e+01
277.955000,-9.37206382e+01,-6.23054042e+01
277.960000,-9.37206196e+01,-6.23053856e+01
277.965000,-9.37206024e+01,-6.23053684e+01
277.970000,-9.37205864e+01,-6.23053524e+01
277.975000,-9.37205709e+01,-6.23053369e+01
277.980000,-9.37205553e+01,-6.23053213e+01
277.985000,-9.37205387e+01,-6.23053046e+01
277.990000,-9.37205212e+01,-6.23052872e+01
277.995000,-9.37205026e+01,-6.23052686e+01
278.000000,-9.37204828e+01,-6.23052488e+01
278.005000,-9.37204621e+01,-6.23052281e+01
278.010000,-9.37204411e+01,-6.23052070e+01
278.015000,-9.37204202e+01,-6.23051861e+01
278.020000,-9.37204007e+01,-6.23051666e+01
278.025000,-9.37203827e+01,-6.23051487e+01
278.030000,-9.37203665e+01,-6.23051325e+01
278.035000,-9.37203517e+01,-6.23051176e+01
278.040000,-9.37203377e+01,-6.23051037e+01
278.045000,-9.37203237e+01,-6.23050897e+01
278.050000,-9.37203096e+01,-6.23050756e+01
278.055000,-9.37202945e+01,-6.23050605e+01
278.060000,-9.37202777e+01,-6.23050436e+01
278.065000,-9.37202582e+01,-6.23050242e+01
278.070000,-9.37202353e+01,-6.23050012e+01
278.075000,-9.37202077e+01,-6.23049736e+01
278.080000,-9.37201751e+01,-6.23049410e+01
278.085000,-9.37201363e+01,-6.23049023e+01
278.090000,-9.37200907e+01,-6.23048567e+01
278.095000,-9.37200381e+01,-6.23048040e+01
278.100000,-9.37199782e+01,-6.23047442e+01
278.105000,-9.37199115e+01,-6.23046775e+01
278.110000,-9.37198396e+01,-6.23046056e+01
278.115000,-9.37197633e+01,-6.23045293e+01
278.120000,-9.37196838e+01,-6.23044497e+01
278.125000,-9.37196014e+01,-6.23043674e+01
278.130000,-9.37195165e+01,-6.23042825e+01
278.135000,-9.37194292e+01,-6.23041951e+01
278.140000,-9.37193406e+01,-6.23041065e+01
278.145000,-9.37192508e+01,-6.23040168e+01
278.150000,-9.37191606e+01,-6.23039266e+01
278.155000,-9.37190701e+01,-6.23038361e+01
278.160000,-9.37189795e+01,-6.23037455e+01
278.165000,-9.37188887e+01,-6.23036547e+01
278.170000,-9.37187985e+01,-6.23035645e+01
278.175000,-9.37187085e+01,-6.23034745e+01
278.180000,-9.37186188e+01,-6.23033848e+01
278.185000,-9.37185294e+01,-6.23032954e+01
278.190000,-9.37184402e+01,-6.23032061e+01
278.195000,-9.37183509e+01,-6.23031168e+01
278.200000,-9.37182622e+01,-6.23030282e+01
278.205000,-9.37181738e+01,-6.23029398e+01
278.210000,-9.37180854e+01,-6.23028514e+01
278.215000,-9.37179966e+01,-6.23027625e+01
278.220000,-9.37179067e+01,-6.23026726e+01
278.225000,-9.37178152e+01,-6.23025812e+01
278.230000,-9.37177229e+01,-6.23024889e+01
278.235000,-9.37176297e+01,-6.23023957e+01
278.240000,-9.37175357e+01,-6.23023017e+01
278.245000,-9.37174408e+01,-6.23022067e+01
278.250000,-9.37173450e+01,-6.23021109e+01
278.255000,-9.37172481e+01,-6.23020141e+01
278.260000,-9.37171513e+01,-6.23019173e+01
278.265000,-9.37170546e+01,-6.23018205e+01
278.270000,-9.37169579e+01,-6.23017239e+01
278.275000,-9.37168608e+01,-6.23016268e+01
278.280000,-9.37167630e+01,-6.23015290e+01
278.285000,-9.37166637e+01,-6.23014296e+01
278.290000,-9.37165637e+01,-6.23013296e+01
278.295000,-9.37164630e+01,-6.23012290e+01
278.300000,-9.37163619e+01,-6.23011279e+01
278.305000,-9.37162604e+01,-6.23010264e+01
278.310000,-9.37161588e+01,-6.23009247e+01
278.315000,-9.37160569e+01,-6.23008229e+01
278.320000,-9.37159559e+01,-6.23007219e+01
278.325000,-9.37158553e+01,-6.23006213e+01
278.330000,-9.37157550e+01,-6.23005210e+01
278.335000,-9.37156543e+01,-6.23004203e+01
278.340000,-9.37155527e+01,-6.23003187e+01
278.345000,-9.37154496e+01,-6.23002155e+01
278.350000,-9.37153456e+01,-6.23001115e+01
278.355000,-9.37152403e+01,-6.23000062e+01
278.360000,-9.37151335e+01,-6.22998995e+01
278.365000,-9.37150248e+01,-6.22997908e+01
278.370000,-9.37149134e+01,-6.22996794e+01
278.375000,-9.37147985e+01,-6.22995645e+01
278.380000,-9.37146804e+01,-6.22994464e+01
278.385000,-9.37145586e+01,-6.22993246e+01
278.390000,-9.37144328e+01,-6.22991988e+01
278.395000,-9.37143028e+01,-6.22990688e+01
278.400000,-9.37141684e+01,-6.22989345e+01
278.405000,-9.37140301e+01,-6.22987961e+01
278.410000,-9.37138891e+01,-6.22986551e+01
278.415000,-9.37137464e+01,-6.22985124e+01
278.420000,-9.37136029e+01,-6.22983689e+01
278.425000,-9.37134593e+01,-6.22982253e+01
278.430000,-9.37133155e+01,-6.22980816e+01
278.435000,-9.37131716e+01,-6.22979376e+01
278.440000,-9.37130282e+01,-6.22977942e+01
278.445000,-9.37128849e+01,-6.22976509e+01
278.450000,-9.37127420e+01,-6.22975080e+01
278.455000,-9.37125994e+01,-6.22973654e+01
278.460000,-9.37124575e+01,-6.22972235e+01
278.465000,-9.37123165e+01,-6.22970825e+01
278.470000,-9.37121775e+01,-6.22969435e+01
278.475000,-9.37120403e+01,-6.22968064e+01
278.480000,-9.37119050e+01,-6.22966710e+01
278.485000,-9.37117708e+01,-6.22965369e+01
278.490000,-9.37116379e+01,-6.22964039e+01
278.495000,-9.37115056e+01,-6.22962717e+01
278.500000,-9.37113748e+01,-6.22961408e+01
278.505000,-9.37112451e+01,-6.22960111e+01
278.510000,-9.37111168e+01,-6.22958829e+01
278.515000,-9.37109903e+01,-6.22957563e+01
278.520000,-9.37108659e+01,-6.22956319e+01
278.525000,-9.37107436e+01,-6.22955096e+01
278.530000,-9.37106247e+01,-6.22953907e+01
278.535000,-9.37105088e+01,-6.22952748e+01
278.540000,-9.37103957e+01,-6.22951617e+01
278.545000,-9.37102849e+01,-6.22950509e+01
278.550000,-9.37101761e+01,-6.22949421e+01
278.555000,-9.37100688e+01,-6.22948349e+01
278.560000,-9.37099637e+01,-6.22947297e+01
278.565000,-9.37098601e+01,-6.22946262e+01
278.570000,-9.37097577e+01,-6.22945238e+01
278.575000,-9.37096557e+01,-6.22944217e+01
278.580000,-9.37095532e+01,-6.22943192e+01
278.585000,-9.37094494e+01,-6.22942155e+01
278.590000,-9.37093447e+01,-6.22941107e+01
278.595000,-9.37092382e+01,-6.22940042e+01
278.600000,-9.37091293e+01,-6.22938954e+01
278.605000,-9.37090173e+01,-6.22937833e+01
278.610000,-9.37089014e+01,-6.22936675e+01
278.615000,-9.37087812e+01,-6.22935473e+01
278.620000,-9.37086573e+01,-6.22934233e+01
278.625000,-9.37085293e+01,-6.22932954e+01
278.630000,-9.37083975e+01,-6.22931635e+01
278.635000,-9.37082617e+01,-6.22930277e+01
278.640000,-9.37081221e+01,-6.22928882e+01
278.645000,-9.37079785e+01,-6.22927446e+01
278.650000,-9.37078316e+01,-6.22925976e+01
278.655000,-9.37076809e+01,-6.22924470e+01
278.660000,-9.37075263e+01,-6.22922924e+01
278.665000,-9.37073672e+01,-6.22921333e+01
278.670000,-9.37072034e+01,-6.22919695e+01
278.675000,-9.37070349e+01,-6.22918010e+01
278.680000,-9.37068627e+01,-6.22916287e+01
278.685000,-9.37066870e+01,-6.22914531e+01
278.690000,-9.37065088e+01,-6.22912748e+01
278.695000,-9.37063282e+01,-6.22910943e+01
278.700000,-9.37061459e+01,-6.22909120e+01
278.705000,-9.37059625e+01,-6.22907286e+01
278.710000,-9.37057796e+01,-6.22905456e+01
278.715000,-9.37055975e+01,-6.22903635e+01
278.720000,-9.37054163e+01,-6.22901824e+01
278.725000,-9.37052356e+01,-6.22900016e+01
278.730000,-9.37050542e+01,-6.22898202e+01
278.735000,-9.37048724e+01,-6.22896385e+01
278.740000,-9.37046901e+01,-6.22894561e+01
278.745000,-9.37045069e+01,-6.22892729e+01
278.750000,-9.37043233e+01,-6.22890893e+01
278.755000,-9.37041394e+01,-6.22889054e+01
278.760000,-9.37039555e+01,-6.22887215e+01
278.765000,-9.37037728e+01,-6.22885389e+01
278.770000,-9.37035918e+01,-6.22883578e+01
278.775000,-9.37034123e+01,-6.22881784e+01
278.780000,-9.37032348e+01,-6.22880009e+01
278.785000,-9.37030593e+01,-6.22878254e+01
278.790000,-9.37028856e+01,-6.22876517e+01
278.795000,-9.37027146e+01,-6.22874807e+01
278.800000,-9.37025460e+01,-6.22873121e+01
278.805000,-9.37023795e+01,-6.22871455e+01
278.810000,-9.37022144e+01,-6.22869805e+01
278.815000,-9.37020502e+01,-6.22868163e+01
278.820000,-9.37018869e+01,-6.22866531e+01
278.825000,-9.37017243e+01,-6.22864904e+01
278.830000,-9.37015618e+01,-6.22863279e+01
278.835000,-9.37013991e+01,-6.22861652e+01
278.840000,-9.37012356e+01,-6.22860017e+01
278.845000,-9.37010717e+01,-6.22858378e+01
278.850000,-9.37009066e+01,-6.22856727e+01
278.855000,-9.37007396e+01,-6.22855057e+01
278.860000,-9.37005697e+01,-6.22853358e+01
278.865000,-9.37003965e+01,-6.22851626e+01
278.870000,-9.37002199e+01,-6.22849861e+01
278.875000,-9.37000411e+01,-6.22848072e+01
278.880000,-9.36998600e+01,-6.22846261e+01
278.885000,-9.36996769e+01,-6.22844430e+01
278.890000,-9.36994919e+01,-6.22842580e+01
278.895000,-9.36993051e+01,-6.22840713e+01
278.900000,-9.36991166e+01,-6.22838827e+01
278.905000,-9.36989276e+01,-6.22836937e+01
278.910000,-9.36987380e+01,-6.22835041e+01
278.915000,-9.36985480e+01,-6.22833141e+01
278.920000,-9.36983574e+01,-6.22831236e+01
278.925000,-9.36981663e+01,-6.22829324e+01
278.930000,-9.36979744e+01,-6.22827405e+01
278.935000,-9.36977832e+01,-6.22825493e+01
278.940000,-9.36975923e+01,-6.22823585e+01
278.945000,-9.36974017e+01,-6.22821678e+01
278.950000,-9.36972110e+01,-6.22819771e+01
278.955000,-9.36970201e+01,-6.22817862e+01
278.960000,-9.36968289e+01,-6.22815950e+01
278.965000,-9.36966385e+01,-6.22814046e+01
278.970000,-9.36964480e+01,-6.22812141e+01
278.975000,-9.36962568e+01,-6.22810229e+01
278.980000,-9.36960640e+01,-6.22808302e+01
278.985000,-9.36958696e+01,-6.22806357e+01
278.990000,-9.36956738e+01,-6.22804399e+01
278.995000,-9.36954781e+01,-6.22802443e+01
279.000000,-9.36952830e+01,-6.22800492e+01
279.005000,-9.36950886e+01,-6.22798548e+01
279.010000,-9.36948949e+01,-6.22796611e+01
279.015000,-9.36947021e+01,-6.22794683e+01
279.020000,-9.36945101e+01,-6.22792762e+01
279.025000,-9.36943197e+01,-6.22790858e+01
279.030000,-9.36941303e+01,-6.22788964e+01
279.035000,-9.36939412e+01,-6.22787073e+01
279.040000,-9.36937514e+01,-6.22785176e+01
279.045000,-9.36935603e+01,-6.22783265e+01
279.050000,-9.36933675e+01,-6.22781336e+01
279.055000,-9.36931736e+01,-6.22779398e+01
279.060000,-9.36929788e+01,-6.22777450e+01
279.065000,-9.36927829e+01,-6.22775490e+01
279.070000,-9.36925857e+01,-6.22773519e+01
279.075000,-9.36923875e+01,-6.22771537e+01
279.080000,-9.36921884e+01,-6.22769546e+01
279.085000,-9.36919895e+01,-6.22767556e+01
279.090000,-9.36917908e+01,-6.22765570e+01
279.095000,-9.36915923e+01,-6.22763585e+01
279.100000,-9.36913939e+01,-6.22761601e+01
279.105000,-9.36911960e+01,-6.22759622e+01
279.110000,-9.36909988e+01,-6.22757650e+01
279.115000,-9.36908040e+01,-6.22755702e+01
279.120000,-9.36906115e+01,-6.22753777e+01
279.125000,-9.36904214e+01,-6.22751876e+01
279.130000,-9.36902335e+01,-6.22749997e+01
279.135000,-9.36900478e+01,-6.22748140e+01
279.140000,-9.36898646e+01,-6.22746308e+01
279.145000,-9.36896846e+01,-6.22744508e+01
279.150000,-9.36895072e+01,-6.22742734e+01
279.155000,-9.36893317e+01,-6.22740979e+01
279.160000,-9.36891573e+01,-6.22739235e+01
279.165000,-9.36889833e+01,-6.22737495e+01
279.170000,-9.36888095e+01,-6.22735757e+01
279.175000,-9.36886365e+01,-6.22734027e+01
279.180000,-9.36884641e+01,-6.22732303e+01
279.185000,-9.36882917e+01,-6.22730579e+01
279.190000,-9.36881187e+01,-6.22728849e+01
279.195000,-9.36879446e+01,-6.22727108e+01
279.200000,-9.36877692e+01,-6.22725354e+01
279.205000,-9.36875929e+01,-6.22723591e+01
279.210000,-9.36874155e+01,-6.22721817e+01
279.215000,-9.36872361e+01,-6.22720023e+01
279.220000,-9.36870547e+01,-6.22718209e+01
279.225000,-9.36868710e+01,-6.22716372e+01
279.230000,-9.36866862e+01,-6.22714524e+01
279.235000,-9.36865007e+01,-6.22712669e+01
279.240000,-9.36863148e+01,-6.22710810e+01
279.245000,-9.36861284e+01,-6.22708946e+01
279.250000,-9.36859410e+01,-6.22707072e+01
279.255000,-9.36857535e+01,-6.22705197e+01
279.260000,-9.36855659e+01,-6.22703321e+01
279.265000,-9.36853780e+01,-6.22701442e+01
279.270000,-9.36851894e+01,-6.22699556e+01
279.275000,-9.36849992e+01,-6.22697655e+01
279.280000,-9.36848084e+01,-6.22695746e+01
279.285000,-9.36846164e+01,-6.22693827e+01
279.290000,-9.36844234e+01,-6.22691896e+01
279.295000,-9.36842291e+01,-6.22689954e+01
279.300000,-9.36840333e+01,-6.22687996e+01
279.305000,-9.36838368e+01,-6.22686030e+01
279.310000,-9.36836396e+01,-6.22684059e+01
279.315000,-9.36834421e+01,-6.22682084e+01
279.320000,-9.36832443e+01,-6.22680105e+01
279.325000,-9.36830458e+01,-6.22678121e+01
279.330000,-9.36828476e+01,-6.22676139e+01
279.335000,-9.36826498e+01,-6.22674160e+01
279.340000,-9.36824525e+01,-6.22672187e+01
279.345000,-9.36822565e+01,-6.22670228e+01
279.350000,-9.36820628e+01,-6.22668291e+01
279.355000,-9.36818725e+01,-6.22666388e+01
279.360000,-9.36816876e+01,-6.22664539e+01
279.365000,-9.36815089e+01,-6.22662752e+01
279.370000,-9.36813365e+01,-6.22661028e+01
279.375000,-9.36811701e+01,-6.22659364e+01
279.380000,-9.36810090e+01,-6.22657752e+01
279.385000,-9.36808531e+01,-6.22656194e+01
279.390000,-9.36807017e+01,-6.22654680e+01
279.395000,-9.36805539e+01,-6.22653201e+01
279.400000,-9.36804085e+01,-6.22651748e+01
279.405000,-9.36802645e+01,-6.22650308e+01
279.410000,-9.36801219e+01,-6.22648882e+01
279.415000,-9.36799802e+01,-6.22647464e+01
279.420000,-9.36798383e+01,-6.22646046e+01
279.425000,-9.36796955e+01,-6.22644618e+01
279.430000,-9.36795508e+01,-6.22643171e+01
279.435000,-9.36794046e+01,-6.22641709e+01
279.440000,-9.36792568e+01,-6.22640231e+01
279.445000,-9.36791073e+01,-6.22638735e+01
279.450000,-9.36789557e+01,-6.22637221e+01
279.455000,-9.36788018e+01,-6.22635681e+01
279.460000,-9.36786457e+01,-6.22634120e+01
279.465000,-9.36784875e+01,-6.22632537e+01
279.470000,-9.36783268e+01,-6.22630931e+01
279.475000,-9.36781640e+01,-6.22629303e+01
279.480000,-9.36779988e+01,-6.22627651e+01
279.485000,-9.36778327e+01,-6.22625990e+01
279.490000,-9.36776656e+01,-6.22624319e+01
279.495000,-9.36774977e+01,-6.22622640e+01
279.500000,-9.36773287e+01,-6.22620950e+01
279.505000,-9.36771583e+01,-6.22619246e+01
279.510000,-9.36769869e+01,-6.22617532e+01
279.515000,-9.36768145e+01,-6.22615808e+01
279.520000,-9.36766405e+01,-6.22614068e+01
279.525000,-9.36764646e+01,-6.22612309e+01
279.530000,-9.36762864e+01,-6.22610527e+01
279.535000,-9.36761067e+01,-6.22608730e+01
279.540000,-9.36759257e+01,-6.22606920e+01
279.545000,-9.36757435e+01,-6.22605098e+01
279.550000,-9.36755600e+01,-6.22603263e+01
279.555000,-9.36753745e+01,-6.22601407e+01
279.560000,-9.36751871e+01,-6.22599534e+01
279.565000,-9.36749972e+01,-6.22597635e+01
279.570000,-9.36748042e+01,-6.22595705e+01
279.575000,-9.36746072e+01,-6.22593734e+01
279.580000,-9.36744053e+01,-6.22591716e+01
279.585000,-9.36741993e+01,-6.22589656e+01
279.590000,-9.36739892e+01,-6.22587555e+01
279.595000,-9.36737754e+01,-6.22585417e+01
279.600000,-9.36735585e+01,-6.22583248e+01
279.605000,-9.36733391e+01,-6.22581054e+01
279.610000,-9.36731190e+01,-6.22578853e+01
279.615000,-9.36728994e+01,-6.22576657e+01
279.620000,-9.36726805e+01,-6.22574468e+01
279.625000,-9.36724622e+01,-6.22572285e+01
279.630000,-9.36722440e+01,-6.22570103e+01
279.635000,-9.36720265e+01,-6.22567928e+01
279.640000,-9.36718096e+01,-6.22565759e+01
279.645000,-9.36715934e+01,-6.22563597e+01
279.650000,-9.36713779e+01,-6.22561442e+01
279.655000,-9.36711628e+01,-6.22559292e+01
279.660000,-9.36709488e+01,-6.22557152e+01
279.665000,-9.36707358e+01,-6.22555022e+01
279.670000,-9.36705236e+01,-6.22552900e+01
279.675000,-9.36703121e+01,-6.22550784e+01
279.680000,-9.36701009e+01,-6.22548672e+01
279.685000,-9.36698909e+01,-6.22546573e+01
279.690000,-9.36696824e+01,-6.22544487e+01
279.695000,-9.36694752e+01,-6.22542416e+01
279.700000,-9.36692693e+01,-6.22540357e+01
279.705000,-9.36690643e+01,-6.22538307e+01
279.710000,-9.36688608e+01,-6.22536272e+01
279.715000,-9.36686588e+01,-6.22534251e+01
279.720000,-9.36684577e+01,-6.22532241e+01
279.725000,-9.36682570e+01,-6.22530233e+01
279.730000,-9.36680558e+01,-6.22528222e+01
279.735000,-9.36678546e+01,-6.22526210e+01
279.740000,-9.36676531e+01,-6.22524195e+01
279.745000,-9.36674509e+01,-6.22522173e+01
279.750000,-9.36672477e+01,-6.22520141e+01
279.755000,-9.36670429e+01,-6.22518093e+01
279.760000,-9.36668369e+01,-6.22516032e+01
279.765000,-9.36666291e+01,-6.22513955e+01
279.770000,-9.36664193e+01,-6.22511857e+01
279.775000,-9.36662067e+01,-6.22509731e+01
279.780000,-9.36659906e+01,-6.22507570e+01
279.785000,-9.36657713e+01,-6.22505377e+01
279.790000,-9.36655483e+01,-6.22503147e+01
279.795000,-9.36653211e+01,-6.22500875e+01
279.800000,-9.36650891e+01,-6.22498555e+01
279.805000,-9.36648522e+01,-6.22496186e+01
279.810000,-9.36646113e+01,-6.22493777e+01
279.815000,-9.36643671e+01,-6.22491335e+01
279.820000,-9.36641201e+01,-6.22488865e+01
279.825000,-9.36638707e+01,-6.22486371e+01
279.830000,-9.36636190e+01,-6.22483854e+01
279.835000,-9.36633661e+01,-6.22481325e+01
279.840000,-9.36631126e+01,-6.22478790e+01
279.845000,-9.36628589e+01,-6.22476253e+01
279.850000,-9.36626056e+01,-6.22473720e+01
279.855000,-9.36623528e+01,-6.22471193e+01
279.860000,-9.36621015e+01,-6.22468679e+01
279.865000,-9.36618513e+01,-6.22466177e+01
279.870000,-9.36616021e+01,-6.22463686e+01
279.875000,-9.36613533e+01,-6.22461198e+01
279.880000,-9.36611042e+01,-6.22458706e+01
279.885000,-9.36608547e+01,-6.22456212e+01
279.890000,-9.36606047e+01,-6.22453711e+01
279.895000,-9.36603536e+01,-6.22451200e+01
279.900000,-9.36601010e+01,-6.22448675e+01
279.905000,-9.36598464e+01,-6.22446128e+01
279.910000,-9.36595903e+01,-6.22443567e+01
279.915000,-9.36593327e+01,-6.22440992e+01
279.920000,-9.36590736e+01,-6.22438400e+01
279.925000,-9.36588125e+01,-6.22435789e+01
279.930000,-9.36585490e+01,-6.22433154e+01
279.935000,-9.36582840e+01,-6.22430504e+01
279.940000,-9.36580181e+01,-6.22427845e+01
279.945000,-9.36577516e+01,-6.22425181e+01
279.950000,-9.36574849e+01,-6.22422513e+01
279.955000,-9.36572180e+01,-6.22419844e+01
279.960000,-9.36569521e+01,-6.22417185e+01
279.965000,-9.36566874e+01,-6.22414539e+01
279.970000,-9.36564245e+01,-6.22411910e+01
279.975000,-9.36561636e+01,-6.22409300e+01
279.980000,-9.36559045e+01,-6.22406709e+01
279.985000,-9.36556480e+01,-6.22404144e+01
279.990000,-9.36553940e+01,-6.22401605e+01
279.995000,-9.36551423e+01,-6.22399088e+01
280.000000,-9.36548925e+01,-6.22396590e+01
280.005000,-9.36546442e+01,-6.22394107e+01
280.010000,-9.36543980e+01,-6.22391645e+01
280.015000,-9.36541538e+01,-6.22389202e+01
280.020000,-9.36539112e+01,-6.22386777e+01
280.025000,-9.36536700e+01,-6.22384365e+01
280.030000,-9.36534297e+01,-6.22381962e+01
280.035000,-9.36531908e+01,-6.22379573e+01
280.040000,-9.36529535e+01,-6.22377200e+01
280.045000,-9.36527181e+01,-6.22374846e+01
280.050000,-9.36524853e+01,-6.22372517e+01
280.055000,-9.36522544e+01,-6.22370210e+01
280.060000,-9.36520266e+01,-6.22367931e+01
280.065000,-9.36518019e+01,-6.22365684e+01
280.070000,-9.36515816e+01,-6.22363481e+01
280.075000,-9.36513660e+01,-6.22361325e+01
280.080000,-9.36511552e+01,-6.22359217e+01
280.085000,-9.36509492e+01,-6.22357156e+01
280.090000,-9.36507472e+01,-6.22355138e+01
280.095000,-9.36505485e+01,-6.22353150e+01
280.100000,-9.36503515e+01,-6.22351180e+01
280.105000,-9.36501553e+01,-6.22349218e+01
280.110000,-9.36499596e+01,-6.22347261e+01
280.115000,-9.36497641e+01,-6.22345306e+01
280.120000,-9.36495685e+01,-6.22343350e+01
280.125000,-9.36493722e+01,-6.22341387e+01
280.130000,-9.36491744e+01,-6.22339409e+01
280.135000,-9.36489753e+01,-6.22337418e+01
280.140000,-9.36487749e+01,-6.22335414e+01
280.145000,-9.36485730e+01,-6.22333395e+01
280.150000,-9.36483695e+01,-6.22331360e+01
280.155000,-9.36481642e+01,-6.22329307e+01
280.160000,-9.36479573e+01,-6.22327238e+01
280.165000,-9.36477484e+01,-6.22325149e+01
280.170000,-9.36475367e+01,-6.22323033e+01
280.175000,-9.36473219e+01,-6.22320885e+01
280.180000,-9.36471037e+01,-6.22318702e+01
280.185000,-9.36468827e+01,-6.22316493e+01
280.190000,-9.36466593e+01,-6.22314259e+01
280.195000,-9.36464340e+01,-6.22312006e+01
280.200000,-9.36462070e+01,-6.22309735e+01
280.205000,-9.36459790e+01,-6.22307455e+01
280.210000,-9.36457518e+01,-6.22305184e+01
280.215000,-9.36455270e+01,-6.22302936e+01
280.220000,-9.36453053e+01,-6.22300718e+01
280.225000,-9.36450865e+01,-6.22298530e+01
280.230000,-9.36448702e+01,-6.22296367e+01
280.235000,-9.36446562e+01,-6.22294227e+01
280.240000,-9.36444431e+01,-6.22292096e+01
280.245000,-9.36442287e+01,-6.22289952e+01
280.250000,-9.36440113e+01,-6.22287779e+01
280.255000,-9.36437900e+01,-6.22285565e+01
280.260000,-9.36435647e+01,-6.22283312e+01
280.265000,-9.36433354e+01,-6.22281019e+01
280.270000,-9.36431022e+01,-6.22278687e+01
280.275000,-9.36428655e+01,-6.22276320e+01
280.280000,-9.36426257e+01,-6.22273923e+01
280.285000,-9.36423845e+01,-6.22271510e+01
280.290000,-9.36421425e+01,-6.22269090e+01
280.295000,-9.36419007e+01,-6.22266672e+01
280.300000,-9.36416597e+01,-6.22264262e+01
280.305000,-9.36414203e+01,-6.22261868e+01
280.310000,-9.36411838e+01,-6.22259504e+01
280.315000,-9.36409511e+01,-6.22257176e+01
280.320000,-9.36407220e+01,-6.22254885e+01
280.325000,-9.36404961e+01,-6.22252627e+01
280.330000,-9.36402727e+01,-6.22250393e+01
280.335000,-9.36400517e+01,-6.22248182e+01
280.340000,-9.36398324e+01,-6.22245989e+01
280.345000,-9.36396143e+01,-6.22243809e+01
280.350000,-9.36393970e+01,-6.22241635e+01
280.355000,-9.36391797e+01,-6.22239462e+01
280.360000,-9.36389625e+01,-6.22237291e+01
280.365000,-9.36387449e+01,-6.22235114e+01
280.370000,-9.36385259e+01,-6.22232925e+01
280.375000,-9.36383044e+01,-6.22230710e+01
280.380000,-9.36380793e+01,-6.22228458e+01
280.385000,-9.36378502e+01,-6.22226168e+01
280.390000,-9.36376167e+01,-6.22223833e+01
280.395000,-9.36373784e+01,-6.22221450e+01
280.400000,-9.36371347e+01,-6.22219014e+01
280.405000,-9.36368859e+01,-6.22216525e+01
280.410000,-9.36366334e+01,-6.22214000e+01
280.415000,-9.36363789e+01,-6.22211455e+01
280.420000,-9.36361233e+01,-6.22208899e+01
280.425000,-9.36358674e+01,-6.22206341e+01
280.430000,-9.36356115e+01,-6.22203781e+01
280.435000,-9.36353561e+01,-6.22201228e+01
280.440000,-9.36351015e+01,-6.22198681e+01
280.445000,-9.36348470e+01,-6.22196137e+01
280.450000,-9.36345925e+01,-6.22193592e+01
280.455000,-9.36343365e+01,-6.22191032e+01
280.460000,-9.36340788e+01,-6.22188454e+01
280.465000,-9.36338182e+01,-6.22185849e+01
280.470000,-9.36335544e+01,-6.22183210e+01
280.475000,-9.36332870e+01,-6.22180536e+01
280.480000,-9.36330164e+01,-6.22177830e+01
280.485000,-9.36327436e+01,-6.22175103e+01
280.490000,-9.36324697e+01,-6.22172363e+01
280.495000,-9.36321946e+01,-6.22169612e+01
280.500000,-9.36319192e+01,-6.22166858e+01
280.505000,-9.36316445e+01,-6.22164111e+01
280.510000,-9.36313722e+01,-6.22161388e+01
280.515000,-9.36311031e+01,-6.22158697e+01
280.520000,-9.36308376e+01,-6.22156043e+01
280.525000,-9.36305759e+01,-6.22153426e+01
280.530000,-9.36303176e+01,-6.22150843e+01
280.535000,-9.36300629e+01,-6.22148295e+01
280.540000,-9.36298110e+01,-6.22145777e+01
280.545000,-9.36295613e+01,-6.22143279e+01
280.550000,-9.36293121e+01,-6.22140788e+01
280.555000,-9.36290627e+01,-6.22138294e+01
280.560000,-9.36288137e+01,-6.22135804e+01
280.565000,-9.36285658e+01,-6.22133325e+01
280.570000,-9.36283196e+01,-6.22130863e+01
280.575000,-9.36280751e+01,-6.22128418e+01
280.580000,-9.36278322e+01,-6.22125989e+01
280.585000,-9.36275912e+01,-6.22123580e+01
280.590000,-9.36273525e+01,-6.22121191e+01
280.595000,-9.36271154e+01,-6.22118821e+01
280.600000,-9.36268801e+01,-6.22116468e+01
280.605000,-9.36266463e+01,-6.22114130e+01
280.610000,-9.36264139e+01,-6.22111806e+01
280.615000,-9.36261826e+01,-6.22109493e+01
280.620000,-9.36259523e+01,-6.22107189e+01
280.625000,-9.36257222e+01,-6.22104889e+01
280.630000,-9.36254924e+01,-6.22102591e+01
280.635000,-9.36252634e+01,-6.22100301e+01
280.640000,-9.36250356e+01,-6.22098022e+01
280.645000,-9.36248087e+01,-6.22095754e+01
280.650000,-9.36245826e+01,-6.22093493e+01
280.655000,-9.36243569e+01,-6.22091235e+01
280.660000,-9.36241315e+01,-6.22088982e+01
280.665000,-9.36239061e+01,-6.22086728e+01
280.670000,-9.36236795e+01,-6.22084462e+01
280.675000,-9.36234509e+01,-6.22082176e+01
280.680000,-9.36232197e+01,-6.22079864e+01
280.685000,-9.36229858e+01,-6.22077525e+01
280.690000,-9.36227485e+01,-6.22075152e+01
280.695000,-9.36225070e+01,-6.22072737e+01
280.700000,-9.36222605e+01,-6.22070272e+01
280.705000,-9.36220083e+01,-6.22067750e+01
280.710000,-9.36217505e+01,-6.22065172e+01
280.715000,-9.36214874e+01,-6.22062541e+01
280.720000,-9.36212195e+01,-6.22059862e+01
280.725000,-9.36209471e+01,-6.22057138e+01
280.730000,-9.36206711e+01,-6.22054378e+01
280.735000,-9.36203927e+01,-6.22051595e+01
280.740000,-9.36201127e+01,-6.22048794e+01
280.745000,-9.36198312e+01,-6.22045979e+01
280.750000,-9.36195494e+01,-6.22043161e+01
280.755000,-9.36192687e+01,-6.22040354e+01
280.760000,-9.36189912e+01,-6.22037579e+01
280.765000,-9.36187180e+01,-6.22034847e+01
280.770000,-9.36184490e+01,-6.22032158e+01
280.775000,-9.36181840e+01,-6.22029507e+01
280.780000,-9.36179225e+01,-6.22026892e+01
280.785000,-9.36176648e+01,-6.22024316e+01
280.790000,-9.36174111e+01,-6.22021779e+01
280.795000,-9.36171607e+01,-6.22019275e+01
280.800000,-9.36169130e+01,-6.22016797e+01
280.805000,-9.36166661e+01,-6.22014328e+01
280.810000,-9.36164177e+01,-6.22011844e+01
280.815000,-9.36161648e+01,-6.22009315e+01
280.820000,-9.36159052e+01,-6.22006720e+01
280.825000,-9.36156379e+01,-6.22004047e+01
280.830000,-9.36153634e+01,-6.22001302e+01
280.835000,-9.36150826e+01,-6.21998493e+01
280.840000,-9.36147962e+01,-6.21995630e+01
280.845000,-9.36145052e+01,-6.21992719e+01
280.850000,-9.36142103e+01,-6.21989771e+01
280.855000,-9.36139134e+01,-6.21986802e+01
280.860000,-9.36136159e+01,-6.21983827e+01
280.865000,-9.36133191e+01,-6.21980859e+01
280.870000,-9.36130240e+01,-6.21977908e+01
280.875000,-9.36127327e+01,-6.21974995e+01
280.880000,-9.36124467e+01,-6.21972135e+01
280.885000,-9.36121668e+01,-6.21969336e+01
280.890000,-9.36118928e+01,-6.21966596e+01
280.895000,-9.36116244e+01,-6.21963912e+01
280.900000,-9.36113617e+01,-6.21961285e+01
280.905000,-9.36111040e+01,-6.21958708e+01
280.910000,-9.36108509e+01,-6.21956177e+01
280.915000,-9.36106013e+01,-6.21953682e+01
280.920000,-9.36103550e+01,-6.21951219e+01
280.925000,-9.36101113e+01,-6.21948781e+01
280.930000,-9.36098691e+01,-6.21946359e+01
280.935000,-9.36096273e+01,-6.21943941e+01
280.940000,-9.36093852e+01,-6.21941520e+01
280.945000,-9.36091422e+01,-6.21939090e+01
280.950000,-9.36088977e+01,-6.21936646e+01
280.955000,-9.36086507e+01,-6.21934175e+01
280.960000,-9.36083995e+01,-6.21931664e+01
280.965000,-9.36081433e+01,-6.21929102e+01
280.970000,-9.36078811e+01,-6.21926480e+01
280.975000,-9.36076129e+01,-6.21923797e+01
280.980000,-9.36073388e+01,-6.21921057e+01
280.985000,-9.36070607e+01,-6.21918276e+01
280.990000,-9.36067791e+01,-6.21915460e+01
280.995000,-9.36064948e+01,-6.21912616e+01
281.000000,-9.36062079e+01,-6.21909747e+01
281.005000,-9.36059194e+01,-6.21906863e+01
281.010000,-9.36056300e+01,-6.21903969e+01
281.015000,-9.36053402e+01,-6.21901071e+01
281.020000,-9.36050506e+01,-6.21898174e+01
281.025000,-9.36047619e+01,-6.21895288e+01
281.030000,-9.36044750e+01,-6.21892419e+01
281.035000,-9.36041906e+01,-6.21889574e+01
281.040000,-9.36039090e+01,-6.21886759e+01
281.045000,-9.36036312e+01,-6.21883981e+01
281.050000,-9.36033577e+01,-6.21881246e+01
281.055000,-9.36030885e+01,-6.21878554e+01
281.060000,-9.36028232e+01,-6.21875900e+01
281.065000,-9.36025615e+01,-6.21873284e+01
281.070000,-9.36023028e+01,-6.21870697e+01
281.075000,-9.36020460e+01,-6.21868129e+01
281.080000,-9.36017897e+01,-6.21865566e+01
281.085000,-9.36015330e+01,-6.21862999e+01
281.090000,-9.36012749e+01,-6.21860418e+01
281.095000,-9.36010144e+01,-6.21857813e+01
281.100000,-9.36007505e+01,-6.21855174e+01
281.105000,-9.36004835e+01,-6.21852504e+01
281.110000,-9.36002137e+01,-6.21849806e+01
281.115000,-9.35999423e+01,-6.21847092e+01
281.120000,-9.35996699e+01,-6.21844369e+01
281.125000,-9.35993978e+01,-6.21841647e+01
281.130000,-9.35991261e+01,-6.21838929e+01
281.135000,-9.35988544e+01,-6.21836214e+01
281.140000,-9.35985828e+01,-6.21833497e+01
281.145000,-9.35983115e+01,-6.21830784e+01
281.150000,-9.35980402e+01,-6.21828071e+01
281.155000,-9.35977681e+01,-6.21825350e+01
281.160000,-9.35974944e+01,-6.21822613e+01
281.165000,-9.35972189e+01,-6.21819858e+01
281.170000,-9.35969420e+01,-6.21817089e+01
281.175000,-9.35966642e+01,-6.21814312e+01
281.180000,-9.35963861e+01,-6.21811531e+01
281.185000,-9.35961087e+01,-6.21808757e+01
281.190000,-9.35958328e+01,-6.21805998e+01
281.195000,-9.35955590e+01,-6.21803260e+01
281.200000,-9.35952876e+01,-6.21800545e+01
281.205000,-9.35950187e+01,-6.21797857e+01
281.210000,-9.35947527e+01,-6.21795196e+01
281.215000,-9.35944895e+01,-6.21792564e+01
281.220000,-9.35942290e+01,-6.21789960e+01
281.225000,-9.35939716e+01,-6.21787386e+01
281.230000,-9.35937168e+01,-6.21784838e+01
281.235000,-9.35934644e+01,-6.21782313e+01
281.240000,-9.35932136e+01,-6.21779806e+01
281.245000,-9.35929647e+01,-6.21777317e+01
281.250000,-9.35927178e+01,-6.21774847e+01
281.255000,-9.35924727e+01,-6.21772397e+01
281.260000,-9.35922293e+01,-6.21769962e+01
281.265000,-9.35919870e+01,-6.21767539e+01
281.270000,-9.35917448e+01,-6.21765117e+01
281.275000,-9.35915014e+01,-6.21762684e+01
281.280000,-9.35912559e+01,-6.21760229e+01
281.285000,-9.35910080e+01,-6.21757750e+01
281.290000,-9.35907580e+01,-6.21755249e+01
281.295000,-9.35905052e+01,-6.21752723e+01
281.300000,-9.35902496e+01,-6.21750166e+01
281.305000,-9.35899903e+01,-6.21747573e+01
281.310000,-9.35897268e+01,-6.21744938e+01
281.315000,-9.35894589e+01,-6.21742258e+01
281.320000,-9.35891868e+01,-6.21739537e+01
281.325000,-9.35889117e+01,-6.21736787e+01
281.330000,-9.35886352e+01,-6.21734022e+01
281.335000,-9.35883585e+01,-6.21731255e+01
281.340000,-9.35880828e+01,-6.21728498e+01
281.345000,-9.35878094e+01,-6.21725764e+01
281.350000,-9.35875393e+01,-6.21723063e+01
281.355000,-9.35872732e+01,-6.21720402e+01
281.360000,-9.35870109e+01,-6.21717779e+01
281.365000,-9.35867522e+01,-6.21715193e+01
281.370000,-9.35864971e+01,-6.21712641e+01
281.375000,-9.35862453e+01,-6.21710123e+01
281.380000,-9.35859967e+01,-6.21707637e+01
281.385000,-9.35857512e+01,-6.21705182e+01
281.390000,-9.35855084e+01,-6.21702754e+01
281.395000,-9.35852677e+01,-6.21700348e+01
281.400000,-9.35850288e+01,-6.21697959e+01
281.405000,-9.35847914e+01,-6.21695585e+01
281.410000,-9.35845558e+01,-6.21693228e+01
281.415000,-9.35843210e+01,-6.21690881e+01
281.420000,-9.35840860e+01,-6.21688531e+01
281.425000,-9.35838499e+01,-6.21686170e+01
281.430000,-9.35836125e+01,-6.21683795e+01
281.435000,-9.35833735e+01,-6.21681406e+01
281.440000,-9.35831331e+01,-6.21679001e+01
281.445000,-9.35828910e+01,-6.21676580e+01
281.450000,-9.35826465e+01,-6.21674136e+01
281.455000,-9.35823991e+01,-6.21671661e+01
281.460000,-9.35821482e+01,-6.21669153e+01
281.465000,-9.35818942e+01,-6.21666612e+01
281.470000,-9.35816383e+01,-6.21664054e+01
281.475000,-9.35813826e+01,-6.21661497e+01
281.480000,-9.35811290e+01,-6.21658960e+01
281.485000,-9.35808786e+01,-6.21656456e+01
281.490000,-9.35806322e+01,-6.21653992e+01
281.495000,-9.35803896e+01,-6.21651567e+01
281.500000,-9.35801507e+01,-6.21649178e+01
281.505000,-9.35799153e+01,-6.21646824e+01
281.510000,-9.35796830e+01,-6.21644501e+01
281.515000,-9.35794534e+01,-6.21642205e+01
281.520000,-9.35792262e+01,-6.21639932e+01
281.525000,-9.35790004e+01,-6.21637674e+01
281.530000,-9.35787755e+01,-6.21635426e+01
281.535000,-9.35785512e+01,-6.21633182e+01
281.540000,-9.35783270e+01,-6.21630940e+01
281.545000,-9.35781033e+01,-6.21628704e+01
281.550000,-9.35778805e+01,-6.21626476e+01
281.555000,-9.35776583e+01,-6.21624254e+01
281.560000,-9.35774355e+01,-6.21622025e+01
281.565000,-9.35772110e+01,-6.21619781e+01
281.570000,-9.35769842e+01,-6.21617513e+01
281.575000,-9.35767551e+01,-6.21615222e+01
281.580000,-9.35765243e+01,-6.21612913e+01
281.585000,-9.35762923e+01,-6.21610594e+01
281.590000,-9.35760601e+01,-6.21608272e+01
281.595000,-9.35758278e+01,-6.21605949e+01
281.600000,-9.35755956e+01,-6.21603627e+01
281.605000,-9.35753643e+01,-6.21601314e+01
281.610000,-9.35751345e+01,-6.21599016e+01
281.615000,-9.35749068e+01,-6.21596739e+01
281.620000,-9.35746817e+01,-6.21594488e+01
281.625000,-9.35744587e+01,-6.21592258e+01
281.630000,-9.35742371e+01,-6.21590042e+01
281.635000,-9.35740164e+01,-6.21587836e+01
281.640000,-9.35737962e+01,-6.21585633e+01
281.645000,-9.35735760e+01,-6.21583431e+01
281.650000,-9.35733554e+01,-6.21581226e+01
281.655000,-9.35731341e+01,-6.21579012e+01
281.660000,-9.35729113e+01,-6.21576784e+01
281.665000,-9.35726866e+01,-6.21574537e+01
281.670000,-9.35724595e+01,-6.21572266e+01
281.675000,-9.35722298e+01,-6.21569969e+01
281.680000,-9.35719971e+01,-6.21567643e+01
281.685000,-9.35717619e+01,-6.21565290e+01
281.690000,-9.35715243e+01,-6.21562914e+01
281.695000,-9.35712846e+01,-6.21560518e+01
281.700000,-9.35710421e+01,-6.21558093e+01
281.705000,-9.35707955e+01,-6.21555626e+01
281.710000,-9.35705438e+01,-6.21553109e+01
281.715000,-9.35702869e+01,-6.21550541e+01
281.720000,-9.35700258e+01,-6.21547929e+01
281.725000,-9.35697609e+01,-6.21545281e+01
281.730000,-9.35694931e+01,-6.21542602e+01
281.735000,-9.35692226e+01,-6.21539897e+01
281.740000,-9.35689509e+01,-6.21537180e+01
281.745000,-9.35686796e+01,-6.21534468e+01
281.750000,-9.35684102e+01,-6.21531774e+01
281.755000,-9.35681436e+01,-6.21529108e+01
281.760000,-9.35678804e+01,-6.21526476e+01
281.765000,-9.35676211e+01,-6.21523882e+01
281.770000,-9.35673657e+01,-6.21521328e+01
281.775000,-9.35671140e+01,-6.21518812e+01
281.780000,-9.35668660e+01,-6.21516332e+01
281.785000,-9.35666213e+01,-6.21513885e+01
281.790000,-9.35663797e+01,-6.21511469e+01
281.795000,-9.35661405e+01,-6.21509076e+01
281.800000,-9.35659026e+01,-6.21506698e+01
281.805000,-9.35656650e+01,-6.21504322e+01
281.810000,-9.35654272e+01,-6.21501943e+01
281.815000,-9.35651889e+01,-6.21499560e+01
281.820000,-9.35649504e+01,-6.21497175e+01
281.825000,-9.35647123e+01,-6.21494795e+01
281.830000,-9.35644749e+01,-6.21492420e+01
281.835000,-9.35642372e+01,-6.21490043e+01
281.840000,-9.35639978e+01,-6.21487649e+01
281.845000,-9.35637555e+01,-6.21485226e+01
281.850000,-9.35635099e+01,-6.21482772e+01
281.855000,-9.35632618e+01,-6.21480290e+01
281.860000,-9.35630116e+01,-6.21477788e+01
281.865000,-9.35627611e+01,-6.21475283e+01
281.870000,-9.35625110e+01,-6.21472782e+01
281.875000,-9.35622618e+01,-6.21470290e+01
281.880000,-9.35620137e+01,-6.21467809e+01
281.885000,-9.35617674e+01,-6.21465346e+01
281.890000,-9.35615229e+01,-6.21462902e+01
281.895000,-9.35612809e+01,-6.21460481e+01
281.900000,-9.35610416e+01,-6.21458088e+01
281.905000,-9.35608058e+01,-6.21455731e+01
281.910000,-9.35605737e+01,-6.21453409e+01
281.915000,-9.35603450e+01,-6.21451122e+01
281.920000,-9.35601193e+01,-6.21448865e+01
281.925000,-9.35598959e+01,-6.21446631e+01
281.930000,-9.35596739e+01,-6.21444412e+01
281.935000,-9.35594523e+01,-6.21442195e+01
281.940000,-9.35592300e+01,-6.21439973e+01
281.945000,-9.35590066e+01,-6.21437738e+01
281.950000,-9.35587819e+01,-6.21435491e+01
281.955000,-9.35585561e+01,-6.21433235e+01
281.960000,-9.35583303e+01,-6.21430975e+01
281.965000,-9.35581047e+01,-6.21428719e+01
281.970000,-9.35578799e+01,-6.21426472e+01
281.975000,-9.35576553e+01,-6.21424226e+01
281.980000,-9.35574297e+01,-6.21421970e+01
281.985000,-9.35572025e+01,-6.21419698e+01
281.990000,-9.35569734e+01,-6.21417407e+01
281.995000,-9.35567429e+01,-6.21415102e+01
282.000000,-9.35565119e+01,-6.21412792e+01
282.005000,-9.35562812e+01,-6.21410485e+01
282.010000,-9.35560513e+01,-6.21408185e+01
282.015000,-9.35558225e+01,-6.21405897e+01
282.020000,-9.35555951e+01,-6.21403624e+01
282.025000,-9.35553694e+01,-6.21401367e+01
282.030000,-9.35551454e+01,-6.21399127e+01
282.035000,-9.35549234e+01,-6.21396907e+01
282.040000,-9.35547035e+01,-6.21394707e+01
282.045000,-9.35544855e+01,-6.21392527e+01
282.050000,-9.35542695e+01,-6.21390368e+01
282.055000,-9.35540554e+01,-6.21388226e+01
282.060000,-9.35538431e+01,-6.21386104e+01
282.065000,-9.35536324e+01,-6.21383996e+01
282.070000,-9.35534227e+01,-6.21381900e+01
282.075000,-9.35532139e+01,-6.21379811e+01
282.080000,-9.35530053e+01,-6.21377726e+01
282.085000,-9.35527974e+01,-6.21375647e+01
282.090000,-9.35525904e+01,-6.21373577e+01
282.095000,-9.35523853e+01,-6.21371525e+01
282.100000,-9.35521825e+01,-6.21369498e+01
282.105000,-9.35519819e+01,-6.21367492e+01
282.110000,-9.35517824e+01,-6.21365496e+01
282.115000,-9.35515829e+01,-6.21363501e+01
282.120000,-9.35513830e+01,-6.21361503e+01
282.125000,-9.35511831e+01,-6.21359503e+01
282.130000,-9.35509837e+01,-6.21357510e+01
282.135000,-9.35507859e+01,-6.21355532e+01
282.140000,-9.35505905e+01,-6.21353578e+01
282.145000,-9.35503978e+01,-6.21351651e+01
282.150000,-9.35502077e+01,-6.21349750e+01
282.155000,-9.35500201e+01,-6.21347875e+01
282.160000,-9.35498350e+01,-6.21346023e+01
282.165000,-9.35496517e+01,-6.21344191e+01
282.170000,-9.35494702e+01,-6.21342375e+01
282.175000,-9.35492904e+01,-6.21340577e+01
282.180000,-9.35491125e+01,-6.21338798e+01
282.185000,-9.35489367e+01,-6.21337040e+01
282.190000,-9.35487627e+01,-6.21335300e+01
282.195000,-9.35485899e+01,-6.21333572e+01
282.200000,-9.35484174e+01,-6.21331848e+01
282.205000,-9.35482445e+01,-6.21330118e+01
282.210000,-9.35480705e+01,-6.21328379e+01
282.215000,-9.35478952e+01,-6.21326625e+01
282.220000,-9.35477184e+01,-6.21324858e+01
282.225000,-9.35475406e+01,-6.21323080e+01
282.230000,-9.35473623e+01,-6.21321296e+01
282.235000,-9.35471840e+01,-6.21319514e+01
282.240000,-9.35470061e+01,-6.21317734e+01
282.245000,-9.35468278e+01,-6.21315951e+01
282.250000,-9.35466482e+01,-6.21314155e+01
282.255000,-9.35464664e+01,-6.21312338e+01
282.260000,-9.35462827e+01,-6.21310501e+01
282.265000,-9.35460973e+01,-6.21308647e+01
282.270000,-9.35459107e+01,-6.21306781e+01
282.275000,-9.35457230e+01,-6.21304903e+01
282.280000,-9.35455346e+01,-6.21303020e+01
282.285000,-9.35453466e+01,-6.21301139e+01
282.290000,-9.35451601e+01,-6.21299274e+01
282.295000,-9.35449761e+01,-6.21297435e+01
282.300000,-9.35447954e+01,-6.21295628e+01
282.305000,-9.35446184e+01,-6.21293857e+01
282.310000,-9.35444450e+01,-6.21292124e+01
282.315000,-9.35442757e+01,-6.21290431e+01
282.320000,-9.35441106e+01,-6.21288779e+01
282.325000,-9.35439496e+01,-6.21287170e+01
282.330000,-9.35437926e+01,-6.21285600e+01
282.335000,-9.35436391e+01,-6.21284064e+01
282.340000,-9.35434884e+01,-6.21282558e+01
282.345000,-9.35433402e+01,-6.21281076e+01
282.350000,-9.35431939e+01,-6.21279612e+01
282.355000,-9.35430493e+01,-6.21278166e+01
282.360000,-9.35429065e+01,-6.21276739e+01
282.365000,-9.35427664e+01,-6.21275337e+01
282.370000,-9.35426289e+01,-6.21273963e+01
282.375000,-9.35424937e+01,-6.21272611e+01
282.380000,-9.35423596e+01,-6.21271270e+01
282.385000,-9.35422255e+01,-6.21269929e+01
282.390000,-9.35420906e+01,-6.21268581e+01
282.395000,-9.35419549e+01,-6.21267223e+01
282.400000,-9.35418179e+01,-6.21265853e+01
282.405000,-9.35416795e+01,-6.21264469e+01
282.410000,-9.35415395e+01,-6.21263069e+01
282.415000,-9.35413982e+01,-6.21261656e+01
282.420000,-9.35412563e+01,-6.21260237e+01
282.425000,-9.35411148e+01,-6.21258822e+01
282.430000,-9.35409750e+01,-6.21257424e+01
282.435000,-9.35408375e+01,-6.21256049e+01
282.440000,-9.35407030e+01,-6.21254704e+01
282.445000,-9.35405711e+01,-6.21253385e+01
282.450000,-9.35404419e+01,-6.21252093e+01
282.455000,-9.35403153e+01,-6.21250827e+01
282.460000,-9.35401918e+01,-6.21249592e+01
282.465000,-9.35400711e+01,-6.21248385e+01
282.470000,-9.35399528e+01,-6.21247202e+01
282.475000,-9.35398366e+01,-6.21246040e+01
282.480000,-9.35397219e+01,-6.21244893e+01
282.485000,-9.35396081e+01,-6.21243756e+01
282.490000,-9.35394951e+01,-6.21242626e+01
282.495000,-9.35393825e+01,-6.21241500e+01
282.500000,-9.35392702e+01,-6.21240377e+01
282.505000,-9.35391580e+01,-6.21239254e+01
282.510000,-9.35390447e+01,-6.21238121e+01
282.515000,-9.35389298e+01,-6.21236972e+01
282.520000,-9.35388124e+01,-6.21235798e+01
282.525000,-9.35386916e+01,-6.21234590e+01
282.530000,-9.35385666e+01,-6.21233340e+01
282.535000,-9.35384369e+01,-6.21232043e+01
282.540000,-9.35383022e+01,-6.21230697e+01
282.545000,-9.35381630e+01,-6.21229304e+01
282.550000,-9.35380195e+01,-6.21227870e+01
282.555000,-9.35378731e+01,-6.21226405e+01
282.560000,-9.35377252e+01,-6.21224926e+01
282.565000,-9.35375774e+01,-6.21223448e+01
282.570000,-9.35374312e+01,-6.21221986e+01
282.575000,-9.35372881e+01,-6.21220555e+01
282.580000,-9.35371495e+01,-6.21219169e+01
282.585000,-9.35370164e+01,-6.21217839e+01
282.590000,-9.35368892e+01,-6.21216567e+01
282.595000,-9.35367680e+01,-6.21215354e+01
282.600000,-9.35366525e+01,-6.21214199e+01
282.605000,-9.35365425e+01,-6.21213100e+01
282.610000,-9.35364376e+01,-6.21212050e+01
282.615000,-9.35363370e+01,-6.21211044e+01
282.620000,-9.35362403e+01,-6.21210077e+01
282.625000,-9.35361469e+01,-6.21209143e+01
282.630000,-9.35360564e+01,-6.21208238e+01
282.635000,-9.35359676e+01,-6.21207351e+01
282.640000,-9.35358797e+01,-6.21206471e+01
282.645000,-9.35357913e+01,-6.21205587e+01
282.650000,-9.35357021e+01,-6.21204695e+01
282.655000,-9.35356112e+01,-6.21203786e+01
282.660000,-9.35355178e+01,-6.21202853e+01
282.665000,-9.35354217e+01,-6.21201892e+01
282.670000,-9.35353229e+01,-6.21200904e+01
282.675000,-9.35352218e+01,-6.21199892e+01
282.680000,-9.35351189e+01,-6.21198863e+01
282.685000,-9.35350153e+01,-6.21197827e+01
282.690000,-9.35349118e+01,-6.21196792e+01
282.695000,-9.35348095e+01,-6.21195770e+01
282.700000,-9.35347094e+01,-6.21194768e+01
282.705000,-9.35346123e+01,-6.21193797e+01
282.710000,-9.35345189e+01,-6.21192864e+01
282.715000,-9.35344295e+01,-6.21191970e+01
282.720000,-9.35343440e+01,-6.21191114e+01
282.725000,-9.35342617e+01,-6.21190292e+01
282.730000,-9.35341826e+01,-6.21189500e+01
282.735000,-9.35341061e+01,-6.21188736e+01
282.740000,-9.35340327e+01,-6.21188001e+01
282.745000,-9.35339621e+01,-6.21187296e+01
282.750000,-9.35338946e+01,-6.21186621e+01
282.755000,-9.35338298e+01,-6.21185972e+01
282.760000,-9.35337667e+01,-6.21185342e+01
282.765000,-9.35337041e+01,-6.21184716e+01
282.770000,-9.35336405e+01,-6.21184079e+01
282.775000,-9.35335743e+01,-6.21183417e+01
282.780000,-9.35335041e+01,-6.21182716e+01
282.785000,-9.35334294e+01,-6.21181968e+01
282.790000,-9.35333502e+01,-6.21181177e+01
282.795000,-9.35332667e+01,-6.21180342e+01
282.800000,-9.35331794e+01,-6.21179468e+01
282.805000,-9.35330889e+01,-6.21178563e+01
282.810000,-9.35329964e+01,-6.21177639e+01
282.815000,-9.35329034e+01,-6.21176708e+01
282.820000,-9.35328112e+01,-6.21175786e+01
282.825000,-9.35327210e+01,-6.21174884e+01
282.830000,-9.35326338e+01,-6.21174013e+01
282.835000,-9.35325504e+01,-6.21173178e+01
282.840000,-9.35324711e+01,-6.21172386e+01
282.845000,-9.35323961e+01,-6.21171636e+01
282.850000,-9.35323255e+01,-6.21170930e+01
282.855000,-9.35322592e+01,-6.21170267e+01
282.860000,-9.35321969e+01,-6.21169643e+01
282.865000,-9.35321378e+01,-6.21169053e+01
282.870000,-9.35320813e+01,-6.21168487e+01
282.875000,-9.35320266e+01,-6.21167941e+01
282.880000,-9.35319742e+01,-6.21167417e+01
282.885000,-9.35319241e+01,-6.21166916e+01
282.890000,-9.35318759e+01,-6.21166434e+01
282.895000,-9.35318283e+01,-6.21165958e+01
282.900000,-9.35317794e+01,-6.21165468e+01
282.905000,-9.35317279e+01,-6.21164954e+01
282.910000,-9.35316732e+01,-6.21164407e+01
282.915000,-9.35316149e+01,-6.21163824e+01
282.920000,-9.35315530e+01,-6.21163205e+01
282.925000,-9.35314874e+01,-6.21162549e+01
282.930000,-9.35314186e+01,-6.21161860e+01
282.935000,-9.35313472e+01,-6.21161147e+01
282.940000,-9.35312746e+01,-6.21160420e+01
282.945000,-9.35312020e+01,-6.21159694e+01
282.950000,-9.35311310e+01,-6.21158985e+01
282.955000,-9.35310632e+01,-6.21158306e+01
282.960000,-9.35309993e+01,-6.21157668e+01
282.965000,-9.35309405e+01,-6.21157080e+01
282.970000,-9.35308868e+01,-6.21156543e+01
282.975000,-9.35308383e+01,-6.21156058e+01
282.980000,-9.35307944e+01,-6.21155619e+01
282.985000,-9.35307545e+01,-6.21155220e+01
282.990000,-9.35307177e+01,-6.21154851e+01
282.995000,-9.35306827e+01,-6.21154502e+01
283.000000,-9.35306489e+01,-6.21154164e+01
283.005000,-9.35306153e+01,-6.21153827e+01
283.010000,-9.35305806e+01,-6.21153481e+01
283.015000,-9.35305434e+01,-6.21153109e+01
283.020000,-9.35305017e+01,-6.21152692e+01
283.025000,-9.35304542e+01,-6.21152217e+01
283.030000,-9.35304010e+01,-6.21151685e+01
283.035000,-9.35303430e+01,-6.21151105e+01
283.040000,-9.35302816e+01,-6.21150491e+01
283.045000,-9.35302176e+01,-6.21149851e+01
283.050000,-9.35301517e+01,-6.21149192e+01
283.055000,-9.35300846e+01,-6.21148521e+01
283.060000,-9.35300167e+01,-6.21147842e+01
283.065000,-9.35299484e+01,-6.21147159e+01
283.070000,-9.35298802e+01,-6.21146477e+01
283.075000,-9.35298124e+01,-6.21145799e+01
283.080000,-9.35297459e+01,-6.21145134e+01
283.085000,-9.35296814e+01,-6.21144488e+01
283.090000,-9.35296196e+01,-6.21143871e+01
283.095000,-9.35295615e+01,-6.21143290e+01
283.100000,-9.35295074e+01,-6.21142749e+01
283.105000,-9.35294574e+01,-6.21142249e+01
283.110000,-9.35294113e+01,-6.21141789e+01
283.115000,-9.35293691e+01,-6.21141365e+01
283.120000,-9.35293297e+01,-6.21140972e+01
283.125000,-9.35292928e+01,-6.21140603e+01
283.130000,-9.35292569e+01,-6.21140244e+01
283.135000,-9.35292200e+01,-6.21139875e+01
283.140000,-9.35291799e+01,-6.21139473e+01
283.145000,-9.35291346e+01,-6.21139021e+01
283.150000,-9.35290835e+01,-6.21138510e+01
283.155000,-9.35290266e+01,-6.21137942e+01
283.160000,-9.35289652e+01,-6.21137327e+01
283.165000,-9.35288998e+01,-6.21136673e+01
283.170000,-9.35288311e+01,-6.21135986e+01
283.175000,-9.35287592e+01,-6.21135267e+01
283.180000,-9.35286845e+01,-6.21134519e+01
283.185000,-9.35286074e+01,-6.21133749e+01
283.190000,-9.35285289e+01,-6.21132964e+01
283.195000,-9.35284500e+01,-6.21132174e+01
283.200000,-9.35283713e+01,-6.21131388e+01
283.205000,-9.35282940e+01,-6.21130615e+01
283.210000,-9.35282189e+01,-6.21129864e+01
283.215000,-9.35281478e+01,-6.21129153e+01
283.220000,-9.35280820e+01,-6.21128494e+01
283.225000,-9.35280218e+01,-6.21127894e+01
283.230000,-9.35279680e+01,-6.21127355e+01
283.235000,-9.35279204e+01,-6.21126879e+01
283.240000,-9.35278781e+01,-6.21126457e+01
283.245000,-9.35278405e+01,-6.21126080e+01
283.250000,-9.35278064e+01,-6.21125739e+01
283.255000,-9.35277757e+01,-6.21125432e+01
283.260000,-9.35277475e+01,-6.21125150e+01
283.265000,-9.35277209e+01,-6.21124884e+01
283.270000,-9.35276943e+01,-6.21124618e+01
283.275000,-9.35276662e+01,-6.21124338e+01
283.280000,-9.35276355e+01,-6.21124030e+01
283.285000,-9.35276012e+01,-6.21123687e+01
283.290000,-9.35275630e+01,-6.21123306e+01
283.295000,-9.35275214e+01,-6.21122889e+01
283.300000,-9.35274767e+01,-6.21122442e+01
283.305000,-9.35274295e+01,-6.21121970e+01
283.310000,-9.35273802e+01,-6.21121477e+01
283.315000,-9.35273294e+01,-6.21120969e+01
283.320000,-9.35272777e+01,-6.21120452e+01
283.325000,-9.35272257e+01,-6.21119932e+01
283.330000,-9.35271739e+01,-6.21119415e+01
283.335000,-9.35271232e+01,-6.21118908e+01
283.340000,-9.35270743e+01,-6.21118418e+01
283.345000,-9.35270280e+01,-6.21117955e+01
283.350000,-9.35269842e+01,-6.21117517e+01
283.355000,-9.35269422e+01,-6.21117098e+01
283.360000,-9.35269015e+01,-6.21116690e+01
283.365000,-9.35268618e+01,-6.21116294e+01
283.370000,-9.35268237e+01,-6.21115912e+01
283.375000,-9.35267874e+01,-6.21115549e+01
283.380000,-9.35267533e+01,-6.21115208e+01
283.385000,-9.35267210e+01,-6.21114886e+01
283.390000,-9.35266900e+01,-6.21114576e+01
283.395000,-9.35266594e+01,-6.21114269e+01
283.400000,-9.35266286e+01,-6.21113961e+01
283.405000,-9.35265975e+01,-6.21113650e+01
283.410000,-9.35265661e+01,-6.21113336e+01
283.415000,-9.35265347e+01,-6.21113023e+01
283.420000,-9.35265037e+01,-6.21112712e+01
283.425000,-9.35264730e+01,-6.21112406e+01
283.430000,-9.35264434e+01,-6.21112109e+01
283.435000,-9.35264146e+01,-6.21111822e+01
283.440000,-9.35263863e+01,-6.21111538e+01
283.445000,-9.35263573e+01,-6.21111248e+01
283.450000,-9.35263269e+01,-6.21110944e+01
283.455000,-9.35262948e+01,-6.21110623e+01
283.460000,-9.35262613e+01,-6.21110288e+01
283.465000,-9.35262271e+01,-6.21109946e+01
283.470000,-9.35261923e+01,-6.21109598e+01
283.475000,-9.35261574e+01,-6.21109249e+01
283.480000,-9.35261225e+01,-6.21108901e+01
283.485000,-9.35260882e+01,-6.21108557e+01
283.490000,-9.35260549e+01,-6.21108224e+01
283.495000,-9.35260239e+01,-6.21107915e+01
283.500000,-9.35259961e+01,-6.21107636e+01
283.505000,-9.35259715e+01,-6.21107391e+01
283.510000,-9.35259498e+01,-6.21107173e+01
283.515000,-9.35259290e+01,-6.21106965e+01
283.520000,-9.35259073e+01,-6.21106749e+01
283.525000,-9.35258835e+01,-6.21106510e+01
283.530000,-9.35258568e+01,-6.21106244e+01
283.535000,-9.35258275e+01,-6.21105950e+01
283.540000,-9.35257960e+01,-6.21105636e+01
283.545000,-9.35257633e+01,-6.21105308e+01
283.550000,-9.35257301e+01,-6.21104977e+01
283.555000,-9.35256977e+01,-6.21104652e+01
283.560000,-9.35256667e+01,-6.21104343e+01
283.565000,-9.35256378e+01,-6.21104053e+01
283.570000,-9.35256109e+01,-6.21103785e+01
283.575000,-9.35255860e+01,-6.21103535e+01
283.580000,-9.35255629e+01,-6.21103304e+01
283.585000,-9.35255418e+01,-6.21103093e+01
283.590000,-9.35255227e+01,-6.21102902e+01
283.595000,-9.35255054e+01,-6.21102730e+01
283.600000,-9.35254897e+01,-6.21102572e+01
283.605000,-9.35254752e+01,-6.21102427e+01
283.610000,-9.35254617e+01,-6.21102292e+01
283.615000,-9.35254487e+01,-6.21102163e+01
283.620000,-9.35254353e+01,-6.21102028e+01
283.625000,-9.35254198e+01,-6.21101874e+01
283.630000,-9.35254013e+01,-6.21101688e+01
283.635000,-9.35253792e+01,-6.21101467e+01
283.640000,-9.35253536e+01,-6.21101211e+01
283.645000,-9.35253254e+01,-6.21100929e+01
283.650000,-9.35252956e+01,-6.21100631e+01
283.655000,-9.35252656e+01,-6.21100332e+01
283.660000,-9.35252362e+01,-6.21100038e+01
283.665000,-9.35252080e+01,-6.21099756e+01
283.670000,-9.35251814e+01,-6.21099489e+01
283.675000,-9.35251568e+01,-6.21099243e+01
283.680000,-9.35251347e+01,-6.21099022e+01
283.685000,-9.35251153e+01,-6.21098828e+01
283.690000,-9.35250988e+01,-6.21098663e+01
283.695000,-9.35250853e+01,-6.21098528e+01
283.700000,-9.35250741e+01,-6.21098416e+01
283.705000,-9.35250646e+01,-6.21098321e+01
283.710000,-9.35250564e+01,-6.21098239e+01
283.715000,-9.35250493e+01,-6.21098168e+01
283.720000,-9.35250428e+01,-6.21098104e+01
283.725000,-9.35250370e+01,-6.21098046e+01
283.730000,-9.35250316e+01,-6.21097991e+01
283.735000,-9.35250261e+01,-6.21097937e+01
283.740000,-9.35250206e+01,-6.21097881e+01
283.745000,-9.35250145e+01,-6.21097820e+01
283.750000,-9.35250074e+01,-6.21097750e+01
283.755000,-9.35249991e+01,-6.21097667e+01
283.760000,-9.35249894e+01,-6.21097569e+01
283.765000,-9.35249784e+01,-6.21097460e+01
283.770000,-9.35249669e+01,-6.21097345e+01
283.775000,-9.35249556e+01,-6.21097231e+01
283.780000,-9.35249451e+01,-6.21097127e+01
283.785000,-9.35249363e+01,-6.21097039e+01
283.790000,-9.35249298e+01,-6.21096973e+01
283.795000,-9.35249257e+01,-6.21096933e+01
283.800000,-9.35249241e+01,-6.21096917e+01
283.805000,-9.35249250e+01,-6.21096925e+01
283.810000,-9.35249279e+01,-6.21096955e+01
283.815000,-9.35249332e+01,-6.21097008e+01
283.820000,-9.35249412e+01,-6.21097087e+01
283.825000,-9.35249516e+01,-6.21097192e+01
283.830000,-9.35249645e+01,-6.21097321e+01
283.835000,-9.35249795e+01,-6.21097470e+01
283.840000,-9.35249958e+01,-6.21097633e+01
283.845000,-9.35250130e+01,-6.21097805e+01
283.850000,-9.35250305e+01,-6.21097980e+01
283.855000,-9.35250473e+01,-6.21098148e+01
283.860000,-9.35250624e+01,-6.21098299e+01
283.865000,-9.35250752e+01,-6.21098427e+01
283.870000,-9.35250861e+01,-6.21098536e+01
283.875000,-9.35250957e+01,-6.21098632e+01
283.880000,-9.35251047e+01,-6.21098722e+01
283.885000,-9.35251141e+01,-6.21098816e+01
283.890000,-9.35251244e+01,-6.21098919e+01
283.895000,-9.35251363e+01,-6.21099038e+01
283.900000,-9.35251499e+01,-6.21099174e+01
283.905000,-9.35251656e+01,-6.21099331e+01
283.910000,-9.35251835e+01,-6.21099510e+01
283.915000,-9.35252040e+01,-6.21099716e+01
283.920000,-9.35252274e+01,-6.21099949e+01
283.925000,-9.35252538e+01,-6.21100213e+01
283.930000,-9.35252831e+01,-6.21100507e+01
283.935000,-9.35253160e+01,-6.21100835e+01
283.940000,-9.35253517e+01,-6.21101193e+01
283.945000,-9.35253907e+01,-6.21101582e+01
283.950000,-9.35254315e+01,-6.21101991e+01
283.955000,-9.35254727e+01,-6.21102403e+01
283.960000,-9.35255121e+01,-6.21102797e+01
283.965000,-9.35255484e+01,-6.21103159e+01
283.970000,-9.35255802e+01,-6.21103477e+01
283.975000,-9.35256068e+01,-6.21103743e+01
283.980000,-9.35256282e+01,-6.21103958e+01
283.985000,-9.35256456e+01,-6.21104131e+01
283.990000,-9.35256598e+01,-6.21104274e+01
283.995000,-9.35256726e+01,-6.21104401e+01
284.000000,-9.35256854e+01,-6.21104529e+01
284.005000,-9.35257000e+01,-6.21104675e+01
284.010000,-9.35257175e+01,-6.21104851e+01
284.015000,-9.35257385e+01,-6.21105061e+01
284.020000,-9.35257633e+01,-6.21105309e+01
284.025000,-9.35257917e+01,-6.21105593e+01
284.030000,-9.35258234e+01,-6.21105909e+01
284.035000,-9.35258576e+01,-6.21106252e+01
284.040000,-9.35258945e+01,-6.21106621e+01
284.045000,-9.35259342e+01,-6.21107018e+01
284.050000,-9.35259767e+01,-6.21107442e+01
284.055000,-9.35260217e+01,-6.21107892e+01
284.060000,-9.35260688e+01,-6.21108363e+01
284.065000,-9.35261183e+01,-6.21108858e+01
284.070000,-9.35261699e+01,-6.21109374e+01
284.075000,-9.35262229e+01,-6.21109904e+01
284.080000,-9.35262756e+01,-6.21110431e+01
284.085000,-9.35263266e+01,-6.21110942e+01
284.090000,-9.35263747e+01,-6.21111423e+01
284.095000,-9.35264194e+01,-6.21111869e+01
284.100000,-9.35264604e+01,-6.21112279e+01
284.105000,-9.35264983e+01,-6.21112658e+01
284.110000,-9.35265338e+01,-6.21113013e+01
284.115000,-9.35265678e+01,-6.21113353e+01
284.120000,-9.35266014e+01,-6.21113689e+01
284.125000,-9.35266354e+01,-6.21114029e+01
284.130000,-9.35266705e+01,-6.21114381e+01
284.135000,-9.35267071e+01,-6.21114747e+01
284.140000,-9.35267455e+01,-6.21115130e+01
284.145000,-9.35267854e+01,-6.21115530e+01
284.150000,-9.35268263e+01,-6.21115939e+01
284.155000,-9.35268670e+01,-6.21116345e+01
284.160000,-9.35269060e+01,-6.21116736e+01
284.165000,-9.35269430e+01,-6.21117105e+01
284.170000,-9.35269774e+01,-6.21117450e+01
284.175000,-9.35270095e+01,-6.21117770e+01
284.180000,-9.35270387e+01,-6.21118062e+01
284.185000,-9.35270643e+01,-6.21118318e+01
284.190000,-9.35270858e+01,-6.21118533e+01
284.195000,-9.35271036e+01,-6.21118711e+01
284.200000,-9.35271185e+01,-6.21118860e+01
284.205000,-9.35271324e+01,-6.21118999e+01
284.210000,-9.35271470e+01,-6.21119146e+01
284.215000,-9.35271635e+01,-6.21119310e+01
284.220000,-9.35271818e+01,-6.21119493e+01
284.225000,-9.35272014e+01,-6.21119690e+01
284.230000,-9.35272224e+01,-6.21119899e+01
284.235000,-9.35272446e+01,-6.21120121e+01
284.240000,-9.35272684e+01,-6.21120359e+01
284.245000,-9.35272942e+01,-6.21120617e+01
284.250000,-9.35273223e+01,-6.21120898e+01
284.255000,-9.35273534e+01,-6.21121209e+01
284.260000,-9.35273877e+01,-6.21121552e+01
284.265000,-9.35274248e+01,-6.21121923e+01
284.270000,-9.35274636e+01,-6.21122311e+01
284.275000,-9.35275031e+01,-6.21122706e+01
284.280000,-9.35275422e+01,-6.21123097e+01
284.285000,-9.35275803e+01,-6.21123478e+01
284.290000,-9.35276166e+01,-6.21123841e+01
284.295000,-9.35276506e+01,-6.21124181e+01
284.300000,-9.35276817e+01,-6.21124492e+01
284.305000,-9.35277095e+01,-6.21124770e+01
284.310000,-9.35277335e+01,-6.21125011e+01
284.315000,-9.35277543e+01,-6.21125218e+01
284.320000,-9.35277719e+01,-6.21125395e+01
284.325000,-9.35277874e+01,-6.21125550e+01
284.330000,-9.35278006e+01,-6.21125681e+01
284.335000,-9.35278106e+01,-6.21125782e+01
284.340000,-9.35278167e+01,-6.21125842e+01
284.345000,-9.35278181e+01,-6.21125856e+01
284.350000,-9.35278148e+01,-6.21125824e+01
284.355000,-9.35278073e+01,-6.21125749e+01
284.360000,-9.35277965e+01,-6.21125640e+01
284.365000,-9.35277834e+01,-6.21125509e+01
284.370000,-9.35277688e+01,-6.21125364e+01
284.375000,-9.35277540e+01,-6.21125215e+01
284.380000,-9.35277395e+01,-6.21125071e+01
284.385000,-9.35277268e+01,-6.21124943e+01
284.390000,-9.35277168e+01,-6.21124843e+01
284.395000,-9.35277108e+01,-6.21124784e+01
284.400000,-9.35277098e+01,-6.21124773e+01
284.405000,-9.35277141e+01,-6.21124816e+01
284.410000,-9.35277237e+01,-6.21124912e+01
284.415000,-9.35277379e+01,-6.21125055e+01
284.420000,-9.35277562e+01,-6.21125238e+01
284.425000,-9.35277777e+01,-6.21125452e+01
284.430000,-9.35278015e+01,-6.21125690e+01
284.435000,-9.35278270e+01,-6.21125946e+01
284.440000,-9.35278539e+01,-6.21126215e+01
284.445000,-9.35278819e+01,-6.21126494e+01
284.450000,-9.35279109e+01,-6.21126784e+01
284.455000,-9.35279409e+01,-6.21127085e+01
284.460000,-9.35279723e+01,-6.21127398e+01
284.465000,-9.35280050e+01,-6.21127725e+01
284.470000,-9.35280391e+01,-6.21128066e+01
284.475000,-9.35280744e+01,-6.21128419e+01
284.480000,-9.35281107e+01,-6.21128783e+01
284.485000,-9.35281482e+01,-6.21129158e+01
284.490000,-9.35281872e+01,-6.21129547e+01
284.495000,-9.35282280e+01,-6.21129955e+01
284.500000,-9.35282713e+01,-6.21130388e+01
284.505000,-9.35283176e+01,-6.21130851e+01
284.510000,-9.35283672e+01,-6.21131347e+01
284.515000,-9.35284204e+01,-6.21131879e+01
284.520000,-9.35284769e+01,-6.21132444e+01
284.525000,-9.35285366e+01,-6.21133041e+01
284.530000,-9.35285993e+01,-6.21133669e+01
284.535000,-9.35286650e+01,-6.21134325e+01
284.540000,-9.35287335e+01,-6.21135011e+01
284.545000,-9.35288049e+01,-6.21135725e+01
284.550000,-9.35288792e+01,-6.21136467e+01
284.555000,-9.35289563e+01,-6.21137239e+01
284.560000,-9.35290362e+01,-6.21138037e+01
284.565000,-9.35291184e+01,-6.21138859e+01
284.570000,-9.35292027e+01,-6.21139703e+01
284.575000,-9.35292886e+01,-6.21140562e+01
284.580000,-9.35293759e+01,-6.21141434e+01
284.585000,-9.35294641e+01,-6.21142316e+01
284.590000,-9.35295531e+01,-6.21143206e+01
284.595000,-9.35296422e+01,-6.21144098e+01
284.600000,-9.35297313e+01,-6.21144988e+01
284.605000,-9.35298199e+01,-6.21145874e+01
284.610000,-9.35299079e+01,-6.21146754e+01
284.615000,-9.35299951e+01,-6.21147626e+01
284.620000,-9.35300816e+01,-6.21148492e+01
284.625000,-9.35301678e+01,-6.21149353e+01
284.630000,-9.35302541e+01,-6.21150217e+01
284.635000,-9.35303414e+01,-6.21151089e+01
284.640000,-9.35304302e+01,-6.21151977e+01
284.645000,-9.35305211e+01,-6.21152887e+01
284.650000,-9.35306145e+01,-6.21153821e+01
284.655000,-9.35307107e+01,-6.21154782e+01
284.660000,-9.35308097e+01,-6.21155772e+01
284.665000,-9.35309116e+01,-6.21156791e+01
284.670000,-9.35310160e+01,-6.21157835e+01
284.675000,-9.35311228e+01,-6.21158903e+01
284.680000,-9.35312317e+01,-6.21159992e+01
284.685000,-9.35313427e+01,-6.21161102e+01
284.690000,-9.35314561e+01,-6.21162236e+01
284.695000,-9.35315720e+01,-6.21163395e+01
284.700000,-9.35316903e+01,-6.21164578e+01
284.705000,-9.35318106e+01,-6.21165781e+01
284.710000,-9.35319324e+01,-6.21166999e+01
284.715000,-9.35320552e+01,-6.21168227e+01
284.720000,-9.35321785e+01,-6.21169460e+01
284.725000,-9.35323016e+01,-6.21170691e+01
284.730000,-9.35324240e+01,-6.21171915e+01
284.735000,-9.35325453e+01,-6.21173128e+01
284.740000,-9.35326656e+01,-6.21174331e+01
284.745000,-9.35327849e+01,-6.21175524e+01
284.750000,-9.35329030e+01,-6.21176705e+01
284.755000,-9.35330193e+01,-6.21177868e+01
284.760000,-9.35331333e+01,-6.21179008e+01
284.765000,-9.35332443e+01,-6.21180118e+01
284.770000,-9.35333523e+01,-6.21181198e+01
284.775000,-9.35334572e+01,-6.21182247e+01
284.780000,-9.35335595e+01,-6.21183270e+01
284.785000,-9.35336598e+01,-6.21184273e+01
284.790000,-9.35337584e+01,-6.21185259e+01
284.795000,-9.35338554e+01,-6.21186229e+01
284.800000,-9.35339511e+01,-6.21187186e+01
284.805000,-9.35340454e+01,-6.21188129e+01
284.810000,-9.35341386e+01,-6.21189061e+01
284.815000,-9.35342306e+01,-6.21189981e+01
284.820000,-9.35343217e+01,-6.21190892e+01
284.825000,-9.35344122e+01,-6.21191796e+01
284.830000,-9.35345022e+01,-6.21192698e+01
284.835000,-9.35345927e+01,-6.21193602e+01
284.840000,-9.35346838e+01,-6.21194513e+01
284.845000,-9.35347757e+01,-6.21195432e+01
284.850000,-9.35348684e+01,-6.21196359e+01
284.855000,-9.35349613e+01,-6.21197287e+01
284.860000,-9.35350535e+01,-6.21198210e+01
284.865000,-9.35351447e+01,-6.21199122e+01
284.870000,-9.35352347e+01,-6.21200022e+01
284.875000,-9.35353233e+01,-6.21200908e+01
284.880000,-9.35354104e+01,-6.21201779e+01
284.885000,-9.35354963e+01,-6.21202638e+01
284.890000,-9.35355814e+01,-6.21203488e+01
284.895000,-9.35356658e+01,-6.21204333e+01
284.900000,-9.35357506e+01,-6.21205180e+01
284.905000,-9.35358360e+01,-6.21206035e+01
284.910000,-9.35359225e+01,-6.21206900e+01
284.915000,-9.35360100e+01,-6.21207775e+01
284.920000,-9.35360985e+01,-6.21208659e+01
284.925000,-9.35361878e+01,-6.21209553e+01
284.930000,-9.35362784e+01,-6.21210459e+01
284.935000,-9.35363707e+01,-6.21211382e+01
284.940000,-9.35364654e+01,-6.21212328e+01
284.945000,-9.35365628e+01,-6.21213303e+01
284.950000,-9.35366635e+01,-6.21214309e+01
284.955000,-9.35367673e+01,-6.21215348e+01
284.960000,-9.35368747e+01,-6.21216422e+01
284.965000,-9.35369855e+01,-6.21217530e+01
284.970000,-9.35370999e+01,-6.21218674e+01
284.975000,-9.35372173e+01,-6.21219848e+01
284.980000,-9.35373372e+01,-6.21221046e+01
284.985000,-9.35374588e+01,-6.21222262e+01
284.990000,-9.35375813e+01,-6.21223487e+01
284.995000,-9.35377040e+01,-6.21224715e+01
285.000000,-9.35378264e+01,-6.21225939e+01
285.005000,-9.35379485e+01,-6.21227159e+01
285.010000,-9.35380704e+01,-6.21228378e+01
285.015000,-9.35381928e+01,-6.21229603e+01
285.020000,-9.35383167e+01,-6.21230842e+01
285.025000,-9.35384426e+01,-6.21232100e+01
285.030000,-9.35385709e+01,-6.21233383e+01
285.035000,-9.35387018e+01,-6.21234693e+01
285.040000,-9.35388352e+01,-6.21236027e+01
285.045000,-9.35389709e+01,-6.21237383e+01
285.050000,-9.35391085e+01,-6.21238759e+01
285.055000,-9.35392477e+01,-6.21240152e+01
285.060000,-9.35393886e+01,-6.21241560e+01
285.065000,-9.35395310e+01,-6.21242984e+01
285.070000,-9.35396747e+01,-6.21244421e+01
285.075000,-9.35398196e+01,-6.21245871e+01
285.080000,-9.35399660e+01,-6.21247334e+01
285.085000,-9.35401136e+01,-6.21248811e+01
285.090000,-9.35402627e+01,-6.21250301e+01
285.095000,-9.35404129e+01,-6.21251803e+01
285.100000,-9.35405636e+01,-6.21253311e+01
285.105000,-9.35407142e+01,-6.21254817e+01
285.110000,-9.35408638e+01,-6.21256313e+01
285.115000,-9.35410117e+01,-6.21257791e+01
285.120000,-9.35411575e+01,-6.21259249e+01
285.125000,-9.35413011e+01,-6.21260686e+01
285.130000,-9.35414429e+01,-6.21262103e+01
285.135000,-9.35415830e+01,-6.21263504e+01
285.140000,-9.35417218e+01,-6.21264893e+01
285.145000,-9.35418596e+01,-6.21266271e+01
285.150000,-9.35419968e+01,-6.21267642e+01
285.155000,-9.35421333e+01,-6.21269007e+01
285.160000,-9.35422693e+01,-6.21270368e+01
285.165000,-9.35424050e+01,-6.21271724e+01
285.170000,-9.35425401e+01,-6.21273076e+01
285.175000,-9.35426748e+01,-6.21274422e+01
285.180000,-9.35428090e+01,-6.21275764e+01
285.185000,-9.35429430e+01,-6.21277104e+01
285.190000,-9.35430770e+01,-6.21278444e+01
285.195000,-9.35432115e+01,-6.21279790e+01
285.200000,-9.35433470e+01,-6.21281144e+01
285.205000,-9.35434834e+01,-6.21282508e+01
285.210000,-9.35436209e+01,-6.21283883e+01
285.215000,-9.35437590e+01,-6.21285263e+01
285.220000,-9.35438969e+01,-6.21286643e+01
285.225000,-9.35440339e+01,-6.21288013e+01
285.230000,-9.35441691e+01,-6.21289365e+01
285.235000,-9.35443018e+01,-6.21290692e+01
285.240000,-9.35444318e+01,-6.21291992e+01
285.245000,-9.35445588e+01,-6.21293262e+01
285.250000,-9.35446833e+01,-6.21294507e+01
285.255000,-9.35448059e+01,-6.21295733e+01
285.260000,-9.35449274e+01,-6.21296949e+01
285.265000,-9.35450491e+01,-6.21298165e+01
285.270000,-9.35451715e+01,-6.21299389e+01
285.275000,-9.35452955e+01,-6.21300629e+01
285.280000,-9.35454215e+01,-6.21301889e+01
285.285000,-9.35455499e+01,-6.21303173e+01
285.290000,-9.35456807e+01,-6.21304481e+01
285.295000,-9.35458141e+01,-6.21305815e+01
285.300000,-9.35459500e+01,-6.21307174e+01
285.305000,-9.35460887e+01,-6.21308561e+01
285.310000,-9.35462304e+01,-6.21309978e+01
285.315000,-9.35463755e+01,-6.21311429e+01
285.320000,-9.35465244e+01,-6.21312918e+01
285.325000,-9.35466769e+01,-6.21314444e+01
285.330000,-9.35468336e+01,-6.21316010e+01
285.335000,-9.35469943e+01,-6.21317617e+01
285.340000,-9.35471594e+01,-6.21319268e+01
285.345000,-9.35473287e+01,-6.21320961e+01
285.350000,-9.35475018e+01,-6.21322692e+01
285.355000,-9.35476781e+01,-6.21324456e+01
285.360000,-9.35478573e+01,-6.21326247e+01
285.365000,-9.35480384e+01,-6.21328058e+01
285.370000,-9.35482210e+01,-6.21329884e+01
285.375000,-9.35484045e+01,-6.21331719e+01
285.380000,-9.35485886e+01,-6.21333560e+01
285.385000,-9.35487729e+01,-6.21335403e+01
285.390000,-9.35489573e+01,-6.21337247e+01
285.395000,-9.35491418e+01,-6.21339092e+01
285.400000,-9.35493265e+01,-6.21340939e+01
285.405000,-9.35495115e+01,-6.21342788e+01
285.410000,-9.35496962e+01,-6.21344636e+01
285.415000,-9.35498804e+01,-6.21346478e+01
285.420000,-9.35500638e+01,-6.21348312e+01
285.425000,-9.35502465e+01,-6.21350139e+01
285.430000,-9.35504288e+01,-6.21351962e+01
285.435000,-9.35506112e+01,-6.21353786e+01
285.440000,-9.35507941e+01,-6.21355615e+01
285.445000,-9.35509777e+01,-6.21357451e+01
285.450000,-9.35511621e+01,-6.21359295e+01
285.455000,-9.35513474e+01,-6.21361148e+01
285.460000,-9.35515333e+01,-6.21363007e+01
285.465000,-9.35517197e+01,-6.21364871e+01
285.470000,-9.35519060e+01,-6.21366733e+01
285.475000,-9.35520919e+01,-6.21368593e+01
285.480000,-9.35522772e+01,-6.21370445e+01
285.485000,-9.35524614e+01,-6.21372288e+01
285.490000,-9.35526444e+01,-6.21374117e+01
285.495000,-9.35528254e+01,-6.21375928e+01
285.500000,-9.35530043e+01,-6.21377716e+01
285.505000,-9.35531808e+01,-6.21379482e+01
285.510000,-9.35533553e+01,-6.21381227e+01
285.515000,-9.35535284e+01,-6.21382957e+01
285.520000,-9.35537006e+01,-6.21384680e+01
285.525000,-9.35538727e+01,-6.21386400e+01
285.530000,-9.35540451e+01,-6.21388124e+01
285.535000,-9.35542180e+01,-6.21389853e+01
285.540000,-9.35543916e+01,-6.21391590e+01
285.545000,-9.35545660e+01,-6.21393333e+01
285.550000,-9.35547409e+01,-6.21395083e+01
285.555000,-9.35549163e+01,-6.21396836e+01
285.560000,-9.35550920e+01,-6.21398593e+01
285.565000,-9.35552682e+01,-6.21400355e+01
285.570000,-9.35554449e+01,-6.21402122e+01
285.575000,-9.35556223e+01,-6.21403896e+01
285.580000,-9.35558002e+01,-6.21405675e+01
285.585000,-9.35559786e+01,-6.21407459e+01
285.590000,-9.35561573e+01,-6.21409246e+01
285.595000,-9.35563363e+01,-6.21411036e+01
285.600000,-9.35565153e+01,-6.21412826e+01
285.605000,-9.35566942e+01,-6.21414615e+01
285.610000,-9.35568726e+01,-6.21416400e+01
285.615000,-9.35570504e+01,-6.21418177e+01
285.620000,-9.35572270e+01,-6.21419943e+01
285.625000,-9.35574022e+01,-6.21421696e+01
285.630000,-9.35575762e+01,-6.21423435e+01
285.635000,-9.35577489e+01,-6.21425162e+01
285.640000,-9.35579206e+01,-6.21426879e+01
285.645000,-9.35580916e+01,-6.21428589e+01
285.650000,-9.35582622e+01,-6.21430295e+01
285.655000,-9.35584326e+01,-6.21431999e+01
285.660000,-9.35586027e+01,-6.21433700e+01
285.665000,-9.35587728e+01,-6.21435401e+01
285.670000,-9.35589431e+01,-6.21437104e+01
285.675000,-9.35591143e+01,-6.21438816e+01
285.680000,-9.35592868e+01,-6.21440541e+01
285.685000,-9.35594610e+01,-6.21442284e+01
285.690000,-9.35596373e+01,-6.21444046e+01
285.695000,-9.35598154e+01,-6.21445827e+01
285.700000,-9.35599952e+01,-6.21447625e+01
285.705000,-9.35601761e+01,-6.21449434e+01
285.710000,-9.35603575e+01,-6.21451248e+01
285.715000,-9.35605385e+01,-6.21453058e+01
285.720000,-9.35607180e+01,-6.21454853e+01
285.725000,-9.35608952e+01,-6.21456625e+01
285.730000,-9.35610693e+01,-6.21458366e+01
285.735000,-9.35612401e+01,-6.21460073e+01
285.740000,-9.35614071e+01,-6.21461743e+01
285.745000,-9.35615701e+01,-6.21463374e+01
285.750000,-9.35617291e+01,-6.21464964e+01
285.755000,-9.35618844e+01,-6.21466517e+01
285.760000,-9.35620362e+01,-6.21468035e+01
285.765000,-9.35621852e+01,-6.21469525e+01
285.770000,-9.35623321e+01,-6.21470994e+01
285.775000,-9.35624773e+01,-6.21472446e+01
285.780000,-9.35626208e+01,-6.21473881e+01
285.785000,-9.35627626e+01,-6.21475299e+01
285.790000,-9.35629026e+01,-6.21476699e+01
285.795000,-9.35630409e+01,-6.21478082e+01
285.800000,-9.35631777e+01,-6.21479450e+01
285.805000,-9.35633134e+01,-6.21480806e+01
285.810000,-9.35634482e+01,-6.21482154e+01
285.815000,-9.35635829e+01,-6.21483501e+01
285.820000,-9.35637176e+01,-6.21484848e+01
285.825000,-9.35638522e+01,-6.21486194e+01
285.830000,-9.35639861e+01,-6.21487534e+01
285.835000,-9.35641188e+01,-6.21488860e+01
285.840000,-9.35642497e+01,-6.21490170e+01
285.845000,-9.35643788e+01,-6.21491460e+01
285.850000,-9.35645059e+01,-6.21492731e+01
285.855000,-9.35646310e+01,-6.21493983e+01
285.860000,-9.35647543e+01,-6.21495215e+01
285.865000,-9.35648754e+01,-6.21496427e+01
285.870000,-9.35649944e+01,-6.21497616e+01
285.875000,-9.35651106e+01,-6.21498779e+01
285.880000,-9.35652245e+01,-6.21499917e+01
285.885000,-9.35653360e+01,-6.21501033e+01
285.890000,-9.35654456e+01,-6.21502129e+01
285.895000,-9.35655535e+01,-6.21503207e+01
285.900000,-9.35656598e+01,-6.21504271e+01
285.905000,-9.35657648e+01,-6.21505320e+01
285.910000,-9.35658686e+01,-6.21506358e+01
285.915000,-9.35659717e+01,-6.21507389e+01
285.920000,-9.35660742e+01,-6.21508415e+01
285.925000,-9.35661764e+01,-6.21509436e+01
285.930000,-9.35662782e+01,-6.21510454e+01
285.935000,-9.35663799e+01,-6.21511471e+01
285.940000,-9.35664816e+01,-6.21512488e+01
285.945000,-9.35665836e+01,-6.21513508e+01
285.950000,-9.35666859e+01,-6.21514531e+01
285.955000,-9.35667886e+01,-6.21515558e+01
285.960000,-9.35668917e+01,-6.21516589e+01
285.965000,-9.35669955e+01,-6.21517627e+01
285.970000,-9.35670997e+01,-6.21518669e+01
285.975000,-9.35672046e+01,-6.21519718e+01
285.980000,-9.35673100e+01,-6.21520772e+01
285.985000,-9.35674159e+01,-6.21521831e+01
285.990000,-9.35675218e+01,-6.21522891e+01
285.995000,-9.35676277e+01,-6.21523949e+01
286.000000,-9.35677332e+01,-6.21525004e+01
286.005000,-9.35678383e+01,-6.21526055e+01
286.010000,-9.35679429e+01,-6.21527101e+01
286.015000,-9.35680467e+01,-6.21528139e+01
286.020000,-9.35681495e+01,-6.21529167e+01
286.025000,-9.35682512e+01,-6.21530184e+01
286.030000,-9.35683521e+01,-6.21531193e+01
286.035000,-9.35684527e+01,-6.21532199e+01
286.040000,-9.35685535e+01,-6.21533207e+01
286.045000,-9.35686550e+01,-6.21534222e+01
286.050000,-9.35687579e+01,-6.21535251e+01
286.055000,-9.35688625e+01,-6.21536297e+01
286.060000,-9.35689691e+01,-6.21537363e+01
286.065000,-9.35690775e+01,-6.21538448e+01
286.070000,-9.35691875e+01,-6.21539547e+01
286.075000,-9.35692981e+01,-6.21540653e+01
286.080000,-9.35694090e+01,-6.21541762e+01
286.085000,-9.35695199e+01,-6.21542871e+01
286.090000,-9.35696304e+01,-6.21543977e+01
286.095000,-9.35697406e+01,-6.21545078e+01
286.100000,-9.35698500e+01,-6.21546172e+01
286.105000,-9.35699583e+01,-6.21547255e+01
286.110000,-9.35700654e+01,-6.21548326e+01
286.115000,-9.35701705e+01,-6.21549377e+01
286.120000,-9.35702734e+01,-6.21550406e+01
286.125000,-9.35703736e+01,-6.21551408e+01
286.130000,-9.35704713e+01,-6.21552385e+01
286.135000,-9.35705667e+01,-6.21553339e+01
286.140000,-9.35706600e+01,-6.21554272e+01
286.145000,-9.35707514e+01,-6.21555186e+01
286.150000,-9.35708411e+01,-6.21556083e+01
286.155000,-9.35709293e+01,-6.21556965e+01
286.160000,-9.35710165e+01,-6.21557837e+01
286.165000,-9.35711032e+01,-6.21558704e+01
286.170000,-9.35711899e+01,-6.21559570e+01
286.175000,-9.35712767e+01,-6.21560439e+01
286.180000,-9.35713640e+01,-6.21561312e+01
286.185000,-9.35714514e+01,-6.21562186e+01
286.190000,-9.35715389e+01,-6.21563061e+01
286.195000,-9.35716265e+01,-6.21563936e+01
286.200000,-9.35717139e+01,-6.21564811e+01
286.205000,-9.35718015e+01,-6.21565687e+01
286.210000,-9.35718893e+01,-6.21566564e+01
286.215000,-9.35719774e+01,-6.21567445e+01
286.220000,-9.35720658e+01,-6.21568330e+01
286.225000,-9.35721548e+01,-6.21569219e+01
286.230000,-9.35722445e+01,-6.21570117e+01
286.235000,-9.35723350e+01,-6.21571021e+01
286.240000,-9.35724261e+01,-6.21571933e+01
286.245000,-9.35725176e+01,-6.21572848e+01
286.250000,-9.35726089e+01,-6.21573761e+01
286.255000,-9.35726996e+01,-6.21574668e+01
286.260000,-9.35727892e+01,-6.21575564e+01
286.265000,-9.35728778e+01,-6.21576449e+01
286.270000,-9.35729652e+01,-6.21577324e+01
286.275000,-9.35730520e+01,-6.21578191e+01
286.280000,-9.35731384e+01,-6.21579056e+01
286.285000,-9.35732250e+01,-6.21579922e+01
286.290000,-9.35733121e+01,-6.21580793e+01
286.295000,-9.35733999e+01,-6.21581671e+01
286.300000,-9.35734884e+01,-6.21582556e+01
286.305000,-9.35735778e+01,-6.21583449e+01
286.310000,-9.35736681e+01,-6.21584353e+01
286.315000,-9.35737595e+01,-6.21585266e+01
286.320000,-9.35738520e+01,-6.21586191e+01
286.325000,-9.35739457e+01,-6.21587129e+01
286.330000,-9.35740408e+01,-6.21588080e+01
286.335000,-9.35741374e+01,-6.21589046e+01
286.340000,-9.35742356e+01,-6.21590027e+01
286.345000,-9.35743350e+01,-6.21591022e+01
286.350000,-9.35744358e+01,-6.21592029e+01
286.355000,-9.35745374e+01,-6.21593045e+01
286.360000,-9.35746391e+01,-6.21594063e+01
286.365000,-9.35747402e+01,-6.21595074e+01
286.370000,-9.35748399e+01,-6.21596071e+01
286.375000,-9.35749377e+01,-6.21597049e+01
286.380000,-9.35750334e+01,-6.21598006e+01
286.385000,-9.35751271e+01,-6.21598943e+01
286.390000,-9.35752193e+01,-6.21599864e+01
286.395000,-9.35753103e+01,-6.21600775e+01
286.400000,-9.35754005e+01,-6.21601677e+01
286.405000,-9.35754900e+01,-6.21602572e+01
286.410000,-9.35755789e+01,-6.21603460e+01
286.415000,-9.35756670e+01,-6.21604342e+01
286.420000,-9.35757548e+01,-6.21605219e+01
286.425000,-9.35758424e+01,-6.21606095e+01
286.430000,-9.35759300e+01,-6.21606972e+01
286.435000,-9.35760180e+01,-6.21607851e+01
286.440000,-9.35761062e+01,-6.21608733e+01
286.445000,-9.35761947e+01,-6.21609619e+01
286.450000,-9.35762836e+01,-6.21610507e+01
286.455000,-9.35763730e+01,-6.21611401e+01
286.460000,-9.35764628e+01,-6.21612300e+01
286.465000,-9.35765534e+01,-6.21613205e+01
286.470000,-9.35766444e+01,-6.21614115e+01
286.475000,-9.35767354e+01,-6.21615026e+01
286.480000,-9.35768254e+01,-6.21615925e+01
286.485000,-9.35769133e+01,-6.21616804e+01
286.490000,-9.35769982e+01,-6.21617654e+01
286.495000,-9.35770797e+01,-6.21618468e+01
286.500000,-9.35771575e+01,-6.21619246e+01
286.505000,-9.35772315e+01,-6.21619986e+01
286.510000,-9.35773017e+01,-6.21620689e+01
286.515000,-9.35773681e+01,-6.21621352e+01
286.520000,-9.35774307e+01,-6.21621978e+01
286.525000,-9.35774897e+01,-6.21622569e+01
286.530000,-9.35775459e+01,-6.21623130e+01
286.535000,-9.35775997e+01,-6.21623669e+01
286.540000,-9.35776521e+01,-6.21624192e+01
286.545000,-9.35777039e+01,-6.21624710e+01
286.550000,-9.35777559e+01,-6.21625230e+01
286.555000,-9.35778089e+01,-6.21625761e+01
286.560000,-9.35778635e+01,-6.21626306e+01
286.565000,-9.35779200e+01,-6.21626871e+01
286.570000,-9.35779787e+01,-6.21627458e+01
286.575000,-9.35780398e+01,-6.21628070e+01
286.580000,-9.35781034e+01,-6.21628705e+01
286.585000,-9.35781691e+01,-6.21629363e+01
286.590000,-9.35782368e+01,-6.21630039e+01
286.595000,-9.35783058e+01,-6.21630729e+01
286.600000,-9.35783753e+01,-6.21631424e+01
286.605000,-9.35784444e+01,-6.21632115e+01
286.610000,-9.35785122e+01,-6.21632793e+01
286.615000,-9.35785780e+01,-6.21633451e+01
286.620000,-9.35786414e+01,-6.21634085e+01
286.625000,-9.35787023e+01,-6.21634694e+01
286.630000,-9.35787606e+01,-6.21635278e+01
286.635000,-9.35788166e+01,-6.21635837e+01
286.640000,-9.35788703e+01,-6.21636374e+01
286.645000,-9.35789219e+01,-6.21636890e+01
286.650000,-9.35789715e+01,-6.21637386e+01
286.655000,-9.35790195e+01,-6.21637866e+01
286.660000,-9.35790660e+01,-6.21638331e+01
286.665000,-9.35791112e+01,-6.21638783e+01
286.670000,-9.35791550e+01,-6.21639221e+01
286.675000,-9.35791976e+01,-6.21639647e+01
286.680000,-9.35792386e+01,-6.21640058e+01
286.685000,-9.35792786e+01,-6.21640457e+01
286.690000,-9.35793171e+01,-6.21640842e+01
286.695000,-9.35793538e+01,-6.21641210e+01
286.700000,-9.35793880e+01,-6.21641551e+01
286.705000,-9.35794181e+01,-6.21641853e+01
286.710000,-9.35794437e+01,-6.21642108e+01
286.715000,-9.35794639e+01,-6.21642310e+01
286.720000,-9.35794784e+01,-6.21642455e+01
286.725000,-9.35794872e+01,-6.21642543e+01
286.730000,-9.35794904e+01,-6.21642576e+01
286.735000,-9.35794885e+01,-6.21642556e+01
286.740000,-9.35794818e+01,-6.21642489e+01
286.745000,-9.35794711e+01,-6.21642382e+01
286.750000,-9.35794569e+01,-6.21642240e+01
286.755000,-9.35794394e+01,-6.21642065e+01
286.760000,-9.35794185e+01,-6.21641856e+01
286.765000,-9.35793942e+01,-6.21641613e+01
286.770000,-9.35793663e+01,-6.21641334e+01
286.775000,-9.35793351e+01,-6.21641021e+01
286.780000,-9.35793005e+01,-6.21640677e+01
286.785000,-9.35792632e+01,-6.21640303e+01
286.790000,-9.35792230e+01,-6.21639901e+01
286.795000,-9.35791803e+01,-6.21639474e+01
286.800000,-9.35791350e+01,-6.21639021e+01
286.805000,-9.35790871e+01,-6.21638542e+01
286.810000,-9.35790368e+01,-6.21638039e+01
286.815000,-9.35789839e+01,-6.21637510e+01
286.820000,-9.35789288e+01,-6.21636959e+01
286.825000,-9.35788716e+01,-6.21636387e+01
286.830000,-9.35788130e+01,-6.21635801e+01
286.835000,-9.35787535e+01,-6.21635206e+01
286.840000,-9.35786935e+01,-6.21634606e+01
286.845000,-9.35786331e+01,-6.21634003e+01
286.850000,-9.35785726e+01,-6.21633397e+01
286.855000,-9.35785119e+01,-6.21632790e+01
286.860000,-9.35784510e+01,-6.21632181e+01
286.865000,-9.35783900e+01,-6.21631571e+01
286.870000,-9.35783288e+01,-6.21630959e+01
286.875000,-9.35782674e+01,-6.21630345e+01
286.880000,-9.35782057e+01,-6.21629728e+01
286.885000,-9.35781438e+01,-6.21629109e+01
286.890000,-9.35780816e+01,-6.21628487e+01
286.895000,-9.35780189e+01,-6.21627860e+01
286.900000,-9.35779553e+01,-6.21627225e+01
286.905000,-9.35778905e+01,-6.21626576e+01
286.910000,-9.35778240e+01,-6.21625911e+01
286.915000,-9.35777559e+01,-6.21625230e+01
286.920000,-9.35776861e+01,-6.21624532e+01
286.925000,-9.35776151e+01,-6.21623822e+01
286.930000,-9.35775428e+01,-6.21623099e+01
286.935000,-9.35774696e+01,-6.21622367e+01
286.940000,-9.35773953e+01,-6.21621624e+01
286.945000,-9.35773204e+01,-6.21620875e+01
286.950000,-9.35772453e+01,-6.21620124e+01
286.955000,-9.35771701e+01,-6.21619372e+01
286.960000,-9.35770946e+01,-6.21618618e+01
286.965000,-9.35770191e+01,-6.21617862e+01
286.970000,-9.35769432e+01,-6.21617103e+01
286.975000,-9.35768667e+01,-6.21616338e+01
286.980000,-9.35767893e+01,-6.21615564e+01
286.985000,-9.35767106e+01,-6.21614777e+01
286.990000,-9.35766301e+01,-6.21613972e+01
286.995000,-9.35765477e+01,-6.21613148e+01
287.000000,-9.35764633e+01,-6.21612304e+01
287.005000,-9.35763768e+01,-6.21611439e+01
287.010000,-9.35762884e+01,-6.21610555e+01
287.015000,-9.35761978e+01,-6.21609649e+01
287.020000,-9.35761052e+01,-6.21608723e+01
287.025000,-9.35760106e+01,-6.21607777e+01
287.030000,-9.35759138e+01,-6.21606810e+01
287.035000,-9.35758145e+01,-6.21605816e+01
287.040000,-9.35757123e+01,-6.21604794e+01
287.045000,-9.35756067e+01,-6.21603738e+01
287.050000,-9.35754976e+01,-6.21602648e+01
287.055000,-9.35753855e+01,-6.21601526e+01
287.060000,-9.35752706e+01,-6.21600377e+01
287.065000,-9.35751537e+01,-6.21599208e+01
287.070000,-9.35750355e+01,-6.21598026e+01
287.075000,-9.35749165e+01,-6.21596836e+01
287.080000,-9.35747969e+01,-6.21595641e+01
287.085000,-9.35746772e+01,-6.21594443e+01
287.090000,-9.35745576e+01,-6.21593247e+01
287.095000,-9.35744384e+01,-6.21592056e+01
287.100000,-9.35743201e+01,-6.21590872e+01
287.105000,-9.35742027e+01,-6.21589699e+01
287.110000,-9.35740868e+01,-6.21588539e+01
287.115000,-9.35739722e+01,-6.21587394e+01
287.120000,-9.35738593e+01,-6.21586264e+01
287.125000,-9.35737478e+01,-6.21585149e+01
287.130000,-9.35736373e+01,-6.21584044e+01
287.135000,-9.35735273e+01,-6.21582945e+01
287.140000,-9.35734176e+01,-6.21581847e+01
287.145000,-9.35733076e+01,-6.21580747e+01
287.150000,-9.35731971e+01,-6.21579642e+01
287.155000,-9.35730858e+01,-6.21578529e+01
287.160000,-9.35729734e+01,-6.21577405e+01
287.165000,-9.35728598e+01,-6.21576269e+01
287.170000,-9.35727447e+01,-6.21575119e+01
287.175000,-9.35726288e+01,-6.21573960e+01
287.180000,-9.35725123e+01,-6.21572794e+01
287.185000,-9.35723955e+01,-6.21571627e+01
287.190000,-9.35722789e+01,-6.21570460e+01
287.195000,-9.35721625e+01,-6.21569296e+01
287.200000,-9.35720465e+01,-6.21568137e+01
287.205000,-9.35719314e+01,-6.21566985e+01
287.210000,-9.35718174e+01,-6.21565845e+01
287.215000,-9.35717051e+01,-6.21564722e+01
287.220000,-9.35715947e+01,-6.21563618e+01
287.225000,-9.35714863e+01,-6.21562534e+01
287.230000,-9.35713797e+01,-6.21561469e+01
287.235000,-9.35712746e+01,-6.21560418e+01
287.240000,-9.35711707e+01,-6.21559379e+01
287.245000,-9.35710677e+01,-6.21558348e+01
287.250000,-9.35709652e+01,-6.21557323e+01
287.255000,-9.35708629e+01,-6.21556301e+01
287.260000,-9.35707604e+01,-6.21555276e+01
287.265000,-9.35706572e+01,-6.21554244e+01
287.270000,-9.35705527e+01,-6.21553198e+01
287.275000,-9.35704464e+01,-6.21552135e+01
287.280000,-9.35703379e+01,-6.21551051e+01
287.285000,-9.35702272e+01,-6.21549944e+01
287.290000,-9.35701144e+01,-6.21548815e+01
287.295000,-9.35699992e+01,-6.21547664e+01
287.300000,-9.35698817e+01,-6.21546488e+01
287.305000,-9.35697615e+01,-6.21545286e+01
287.310000,-9.35696387e+01,-6.21544059e+01
287.315000,-9.35695137e+01,-6.21542809e+01
287.320000,-9.35693868e+01,-6.21541540e+01
287.325000,-9.35692583e+01,-6.21540255e+01
287.330000,-9.35691285e+01,-6.21538957e+01
287.335000,-9.35689978e+01,-6.21537650e+01
287.340000,-9.35688665e+01,-6.21536337e+01
287.345000,-9.35687353e+01,-6.21535025e+01
287.350000,-9.35686048e+01,-6.21533720e+01
287.355000,-9.35684756e+01,-6.21532428e+01
287.360000,-9.35683484e+01,-6.21531155e+01
287.365000,-9.35682234e+01,-6.21529906e+01
287.370000,-9.35681010e+01,-6.21528682e+01
287.375000,-9.35679812e+01,-6.21527484e+01
287.380000,-9.35678642e+01,-6.21526313e+01
287.385000,-9.35677500e+01,-6.21525171e+01
287.390000,-9.35676388e+01,-6.21524060e+01
287.395000,-9.35675306e+01,-6.21522978e+01
287.400000,-9.35674253e+01,-6.21521925e+01
287.405000,-9.35673221e+01,-6.21520893e+01
287.410000,-9.35672201e+01,-6.21519873e+01
287.415000,-9.35671182e+01,-6.21518854e+01
287.420000,-9.35670156e+01,-6.21517828e+01
287.425000,-9.35669118e+01,-6.21516790e+01
287.430000,-9.35668063e+01,-6.21515735e+01
287.435000,-9.35666993e+01,-6.21514665e+01
287.440000,-9.35665906e+01,-6.21513578e+01
287.445000,-9.35664807e+01,-6.21512479e+01
287.450000,-9.35663700e+01,-6.21511372e+01
287.455000,-9.35662584e+01,-6.21510256e+01
287.460000,-9.35661458e+01,-6.21509130e+01
287.465000,-9.35660318e+01,-6.21507990e+01
287.470000,-9.35659160e+01,-6.21506832e+01
287.475000,-9.35657983e+01,-6.21505655e+01
287.480000,-9.35656788e+01,-6.21504460e+01
287.485000,-9.35655578e+01,-6.21503250e+01
287.490000,-9.35654355e+01,-6.21502027e+01
287.495000,-9.35653127e+01,-6.21500799e+01
287.500000,-9.35651898e+01,-6.21499570e+01
287.505000,-9.35650670e+01,-6.21498342e+01
287.510000,-9.35649444e+01,-6.21497116e+01
287.515000,-9.35648216e+01,-6.21495888e+01
287.520000,-9.35646990e+01,-6.21494662e+01
287.525000,-9.35645764e+01,-6.21493436e+01
287.530000,-9.35644542e+01,-6.21492214e+01
287.535000,-9.35643324e+01,-6.21490996e+01
287.540000,-9.35642107e+01,-6.21489779e+01
287.545000,-9.35640888e+01,-6.21488560e+01
287.550000,-9.35639664e+01,-6.21487336e+01
287.555000,-9.35638429e+01,-6.21486101e+01
287.560000,-9.35637183e+01,-6.21484855e+01
287.565000,-9.35635922e+01,-6.21483594e+01
287.570000,-9.35634647e+01,-6.21482319e+01
287.575000,-9.35633361e+01,-6.21481033e+01
287.580000,-9.35632067e+01,-6.21479739e+01
287.585000,-9.35630767e+01,-6.21478439e+01
287.590000,-9.35629467e+01,-6.21477139e+01
287.595000,-9.35628167e+01,-6.21475840e+01
287.600000,-9.35626872e+01,-6.21474544e+01
287.605000,-9.35625577e+01,-6.21473249e+01
287.610000,-9.35624281e+01,-6.21471954e+01
287.615000,-9.35622981e+01,-6.21470653e+01
287.620000,-9.35621677e+01,-6.21469349e+01
287.625000,-9.35620371e+01,-6.21468043e+01
287.630000,-9.35619068e+01,-6.21466740e+01
287.635000,-9.35617775e+01,-6.21465447e+01
287.640000,-9.35616497e+01,-6.21464169e+01
287.645000,-9.35615240e+01,-6.21462913e+01
287.650000,-9.35614011e+01,-6.21461684e+01
287.655000,-9.35612815e+01,-6.21460487e+01
287.660000,-9.35611655e+01,-6.21459327e+01
287.665000,-9.35610533e+01,-6.21458206e+01
287.670000,-9.35609454e+01,-6.21457126e+01
287.675000,-9.35608414e+01,-6.21456086e+01
287.680000,-9.35607406e+01,-6.21455078e+01
287.685000,-9.35606417e+01,-6.21454090e+01
287.690000,-9.35605434e+01,-6.21453106e+01
287.695000,-9.35604443e+01,-6.21452115e+01
287.700000,-9.35603434e+01,-6.21451107e+01
287.705000,-9.35602396e+01,-6.21450069e+01
287.710000,-9.35601316e+01,-6.21448988e+01
287.715000,-9.35600183e+01,-6.21447855e+01
287.720000,-9.35598990e+01,-6.21446663e+01
287.725000,-9.35597734e+01,-6.21445406e+01
287.730000,-9.35596411e+01,-6.21444083e+01
287.735000,-9.35595024e+01,-6.21442697e+01
287.740000,-9.35593577e+01,-6.21441249e+01
287.745000,-9.35592073e+01,-6.21439745e+01
287.750000,-9.35590519e+01,-6.21438191e+01
287.755000,-9.35588920e+01,-6.21436593e+01
287.760000,-9.35587284e+01,-6.21434956e+01
287.765000,-9.35585615e+01,-6.21433288e+01
287.770000,-9.35583921e+01,-6.21431593e+01
287.775000,-9.35582207e+01,-6.21429879e+01
287.780000,-9.35580479e+01,-6.21428152e+01
287.785000,-9.35578745e+01,-6.21426418e+01
287.790000,-9.35577012e+01,-6.21424685e+01
287.795000,-9.35575287e+01,-6.21422959e+01
287.800000,-9.35573576e+01,-6.21421248e+01
287.805000,-9.35571884e+01,-6.21419557e+01
287.810000,-9.35570218e+01,-6.21417891e+01
287.815000,-9.35568580e+01,-6.21416252e+01
287.820000,-9.35566973e+01,-6.21414645e+01
287.825000,-9.35565397e+01,-6.21413070e+01
287.830000,-9.35563853e+01,-6.21411526e+01
287.835000,-9.35562340e+01,-6.21410013e+01
287.840000,-9.35560856e+01,-6.21408528e+01
287.845000,-9.35559398e+01,-6.21407071e+01
287.850000,-9.35557965e+01,-6.21405637e+01
287.855000,-9.35556552e+01,-6.21404225e+01
287.860000,-9.35555158e+01,-6.21402831e+01
287.865000,-9.35553778e+01,-6.21401451e+01
287.870000,-9.35552409e+01,-6.21400082e+01
287.875000,-9.35551049e+01,-6.21398722e+01
287.880000,-9.35549695e+01,-6.21397367e+01
287.885000,-9.35548344e+01,-6.21396016e+01
287.890000,-9.35546994e+01,-6.21394667e+01
287.895000,-9.35545646e+01,-6.21393319e+01
287.900000,-9.35544298e+01,-6.21391971e+01
287.905000,-9.35542951e+01,-6.21390624e+01
287.910000,-9.35541608e+01,-6.21389281e+01
287.915000,-9.35540269e+01,-6.21387942e+01
287.920000,-9.35538937e+01,-6.21386610e+01
287.925000,-9.35537615e+01,-6.21385288e+01
287.930000,-9.35536305e+01,-6.21383978e+01
287.935000,-9.35535012e+01,-6.21382685e+01
287.940000,-9.35533737e+01,-6.21381410e+01
287.945000,-9.35532482e+01,-6.21380155e+01
287.950000,-9.35531249e+01,-6.21378922e+01
287.955000,-9.35530037e+01,-6.21377710e+01
287.960000,-9.35528848e+01,-6.21376521e+01
287.965000,-9.35527681e+01,-6.21375354e+01
287.970000,-9.35526537e+01,-6.21374210e+01
287.975000,-9.35525415e+01,-6.21373088e+01
287.980000,-9.35524315e+01,-6.21371988e+01
287.985000,-9.35523234e+01,-6.21370907e+01
287.990000,-9.35522174e+01,-6.21369846e+01
287.995000,-9.35521131e+01,-6.21368804e+01
288.000000,-9.35520105e+01,-6.21367777e+01
288.005000,-9.35519090e+01,-6.21366763e+01
288.010000,-9.35518085e+01,-6.21365758e+01
288.015000,-9.35517084e+01,-6.21364757e+01
288.020000,-9.35516084e+01,-6.21363757e+01
288.025000,-9.35515082e+01,-6.21362755e+01
288.030000,-9.35514071e+01,-6.21361744e+01
288.035000,-9.35513050e+01,-6.21360723e+01
288.040000,-9.35512014e+01,-6.21359687e+01
288.045000,-9.35510962e+01,-6.21358635e+01
288.050000,-9.35509893e+01,-6.21357566e+01
288.055000,-9.35508804e+01,-6.21356477e+01
288.060000,-9.35507699e+01,-6.21355372e+01
288.065000,-9.35506579e+01,-6.21354252e+01
288.070000,-9.35505447e+01,-6.21353120e+01
288.075000,-9.35504308e+01,-6.21351981e+01
288.080000,-9.35503165e+01,-6.21350838e+01
288.085000,-9.35502022e+01,-6.21349695e+01
288.090000,-9.35500884e+01,-6.21348557e+01
288.095000,-9.35499752e+01,-6.21347425e+01
288.100000,-9.35498629e+01,-6.21346302e+01
288.105000,-9.35497517e+01,-6.21345191e+01
288.110000,-9.35496419e+01,-6.21344092e+01
288.115000,-9.35495335e+01,-6.21343009e+01
288.120000,-9.35494268e+01,-6.21341941e+01
288.125000,-9.35493217e+01,-6.21340890e+01
288.130000,-9.35492182e+01,-6.21339855e+01
288.135000,-9.35491162e+01,-6.21338835e+01
288.140000,-9.35490155e+01,-6.21337828e+01
288.145000,-9.35489158e+01,-6.21336832e+01
288.150000,-9.35488171e+01,-6.21335844e+01
288.155000,-9.35487188e+01,-6.21334861e+01
288.160000,-9.35486206e+01,-6.21333880e+01
288.165000,-9.35485223e+01,-6.21332896e+01
288.170000,-9.35484233e+01,-6.21331907e+01
288.175000,-9.35483233e+01,-6.21330906e+01
288.180000,-9.35482216e+01,-6.21329889e+01
288.185000,-9.35481178e+01,-6.21328852e+01
288.190000,-9.35480117e+01,-6.21327791e+01
288.195000,-9.35479030e+01,-6.21326704e+01
288.200000,-9.35477916e+01,-6.21325589e+01
288.205000,-9.35476775e+01,-6.21324448e+01
288.210000,-9.35475607e+01,-6.21323281e+01
288.215000,-9.35474417e+01,-6.21322090e+01
288.220000,-9.35473208e+01,-6.21320881e+01
288.225000,-9.35471986e+01,-6.21319659e+01
288.230000,-9.35470755e+01,-6.21318429e+01
288.235000,-9.35469524e+01,-6.21317197e+01
288.240000,-9.35468297e+01,-6.21315970e+01
288.245000,-9.35467080e+01,-6.21314753e+01
288.250000,-9.35465876e+01,-6.21313550e+01
288.255000,-9.35464689e+01,-6.21312363e+01
288.260000,-9.35463520e+01,-6.21311194e+01
288.265000,-9.35462369e+01,-6.21310043e+01
288.270000,-9.35461236e+01,-6.21308910e+01
288.275000,-9.35460119e+01,-6.21307792e+01
288.280000,-9.35459014e+01,-6.21306688e+01
288.285000,-9.35457919e+01,-6.21305593e+01
288.290000,-9.35456831e+01,-6.21304505e+01
288.295000,-9.35455746e+01,-6.21303419e+01
288.300000,-9.35454659e+01,-6.21302332e+01
288.305000,-9.35453566e+01,-6.21301240e+01
288.310000,-9.35452462e+01,-6.21300136e+01
288.315000,-9.35451342e+01,-6.21299015e+01
288.320000,-9.35450203e+01,-6.21297876e+01
288.325000,-9.35449044e+01,-6.21296717e+01
288.330000,-9.35447864e+01,-6.21295538e+01
288.335000,-9.35446664e+01,-6.21294338e+01
288.340000,-9.35445444e+01,-6.21293118e+01
288.345000,-9.35444206e+01,-6.21291879e+01
288.350000,-9.35442948e+01,-6.21290622e+01
288.355000,-9.35441673e+01,-6.21289347e+01
288.360000,-9.35440381e+01,-6.21288055e+01
288.365000,-9.35439074e+01,-6.21286747e+01
288.370000,-9.35437752e+01,-6.21285426e+01
288.375000,-9.35436420e+01,-6.21284093e+01
288.380000,-9.35435076e+01,-6.21282750e+01
288.385000,-9.35433723e+01,-6.21281397e+01
288.390000,-9.35432361e+01,-6.21280035e+01
288.395000,-9.35430990e+01,-6.21278664e+01
288.400000,-9.35429610e+01,-6.21277284e+01
288.405000,-9.35428220e+01,-6.21275894e+01
288.410000,-9.35426819e+01,-6.21274493e+01
288.415000,-9.35425407e+01,-6.21273081e+01
288.420000,-9.35423984e+01,-6.21271658e+01
288.425000,-9.35422550e+01,-6.21270223e+01
288.430000,-9.35421103e+01,-6.21268777e+01
288.435000,-9.35419645e+01,-6.21267319e+01
288.440000,-9.35418174e+01,-6.21265848e+01
288.445000,-9.35416693e+01,-6.21264367e+01
288.450000,-9.35415202e+01,-6.21262876e+01
288.455000,-9.35413702e+01,-6.21261376e+01
288.460000,-9.35412196e+01,-6.21259870e+01
288.465000,-9.35410685e+01,-6.21258359e+01
288.470000,-9.35409173e+01,-6.21256847e+01
288.475000,-9.35407660e+01,-6.21255334e+01
288.480000,-9.35406149e+01,-6.21253823e+01
288.485000,-9.35404639e+01,-6.21252313e+01
288.490000,-9.35403133e+01,-6.21250807e+01
288.495000,-9.35401632e+01,-6.21249306e+01
288.500000,-9.35400137e+01,-6.21247811e+01
288.505000,-9.35398651e+01,-6.21246325e+01
288.510000,-9.35397175e+01,-6.21244849e+01
288.515000,-9.35395710e+01,-6.21243384e+01
288.520000,-9.35394258e+01,-6.21241932e+01
288.525000,-9.35392819e+01,-6.21240493e+01
288.530000,-9.35391395e+01,-6.21239069e+01
288.535000,-9.35389983e+01,-6.21237657e+01
288.540000,-9.35388583e+01,-6.21236258e+01
288.545000,-9.35387194e+01,-6.21234868e+01
288.550000,-9.35385813e+01,-6.21233487e+01
288.555000,-9.35384440e+01,-6.21232114e+01
288.560000,-9.35383074e+01,-6.21230749e+01
288.565000,-9.35381715e+01,-6.21229389e+01
288.570000,-9.35380361e+01,-6.21228035e+01
288.575000,-9.35379009e+01,-6.21226684e+01
288.580000,-9.35377660e+01,-6.21225334e+01
288.585000,-9.35376310e+01,-6.21223985e+01
288.590000,-9.35374960e+01,-6.21222634e+01
288.595000,-9.35373606e+01,-6.21221281e+01
288.600000,-9.35372250e+01,-6.21219924e+01
288.605000,-9.35370890e+01,-6.21218564e+01
288.610000,-9.35369527e+01,-6.21217201e+01
288.615000,-9.35368160e+01,-6.21215834e+01
288.620000,-9.35366789e+01,-6.21214464e+01
288.625000,-9.35365416e+01,-6.21213090e+01
288.630000,-9.35364039e+01,-6.21211713e+01
288.635000,-9.35362660e+01,-6.21210334e+01
288.640000,-9.35361278e+01,-6.21208952e+01
288.645000,-9.35359894e+01,-6.21207568e+01
288.650000,-9.35358507e+01,-6.21206182e+01
288.655000,-9.35357117e+01,-6.21204791e+01
288.660000,-9.35355721e+01,-6.21203395e+01
288.665000,-9.35354317e+01,-6.21201992e+01
288.670000,-9.35352904e+01,-6.21200579e+01
288.675000,-9.35351480e+01,-6.21199154e+01
288.680000,-9.35350043e+01,-6.21197717e+01
288.685000,-9.35348591e+01,-6.21196265e+01
288.690000,-9.35347123e+01,-6.21194798e+01
288.695000,-9.35345638e+01,-6.21193313e+01
288.700000,-9.35344134e+01,-6.21191808e+01
288.705000,-9.35342609e+01,-6.21190283e+01
288.710000,-9.35341061e+01,-6.21188736e+01
288.715000,-9.35339489e+01,-6.21187164e+01
288.720000,-9.35337889e+01,-6.21185564e+01
288.725000,-9.35336259e+01,-6.21183934e+01
288.730000,-9.35334597e+01,-6.21182272e+01
288.735000,-9.35332903e+01,-6.21180578e+01
288.740000,-9.35331179e+01,-6.21178854e+01
288.745000,-9.35329428e+01,-6.21177102e+01
288.750000,-9.35327651e+01,-6.21175325e+01
288.755000,-9.35325853e+01,-6.21173528e+01
288.760000,-9.35324039e+01,-6.21171714e+01
288.765000,-9.35322211e+01,-6.21169886e+01
288.770000,-9.35320374e+01,-6.21168048e+01
288.775000,-9.35318528e+01,-6.21166203e+01
288.780000,-9.35316677e+01,-6.21164351e+01
288.785000,-9.35314820e+01,-6.21162494e+01
288.790000,-9.35312959e+01,-6.21160633e+01
288.795000,-9.35311095e+01,-6.21158770e+01
288.800000,-9.35309230e+01,-6.21156905e+01
288.805000,-9.35307363e+01,-6.21155038e+01
288.810000,-9.35305494e+01,-6.21153169e+01
288.815000,-9.35303622e+01,-6.21151297e+01
288.820000,-9.35301748e+01,-6.21149423e+01
288.825000,-9.35299870e+01,-6.21147545e+01
288.830000,-9.35297988e+01,-6.21145663e+01
288.835000,-9.35296102e+01,-6.21143777e+01
288.840000,-9.35294214e+01,-6.21141888e+01
288.845000,-9.35292324e+01,-6.21139999e+01
288.850000,-9.35290437e+01,-6.21138112e+01
288.855000,-9.35288555e+01,-6.21136229e+01
288.860000,-9.35286680e+01,-6.21134355e+01
288.865000,-9.35284816e+01,-6.21132491e+01
288.870000,-9.35282965e+01,-6.21130640e+01
288.875000,-9.35281130e+01,-6.21128804e+01
288.880000,-9.35279312e+01,-6.21126987e+01
288.885000,-9.35277513e+01,-6.21125188e+01
288.890000,-9.35275735e+01,-6.21123410e+01
288.895000,-9.35273979e+01,-6.21121654e+01
288.900000,-9.35272244e+01,-6.21119919e+01
288.905000,-9.35270531e+01,-6.21118206e+01
288.910000,-9.35268837e+01,-6.21116512e+01
288.915000,-9.35267161e+01,-6.21114836e+01
288.920000,-9.35265499e+01,-6.21113174e+01
288.925000,-9.35263845e+01,-6.21111521e+01
288.930000,-9.35262196e+01,-6.21109871e+01
288.935000,-9.35260546e+01,-6.21108221e+01
288.940000,-9.35258891e+01,-6.21106566e+01
288.945000,-9.35257225e+01,-6.21104900e+01
288.950000,-9.35255545e+01,-6.21103220e+01
288.955000,-9.35253846e+01,-6.21101521e+01
288.960000,-9.35252123e+01,-6.21099798e+01
288.965000,-9.35250373e+01,-6.21098048e+01
288.970000,-9.35248592e+01,-6.21096267e+01
288.975000,-9.35246780e+01,-6.21094455e+01
288.980000,-9.35244934e+01,-6.21092609e+01
288.985000,-9.35243055e+01,-6.21090730e+01
288.990000,-9.35241143e+01,-6.21088819e+01
288.995000,-9.35239202e+01,-6.21086877e+01
289.000000,-9.35237232e+01,-6.21084908e+01
289.005000,-9.35235237e+01,-6.21082913e+01
289.010000,-9.35233219e+01,-6.21080895e+01
289.015000,-9.35231181e+01,-6.21078857e+01
289.020000,-9.35229126e+01,-6.21076802e+01
289.025000,-9.35227058e+01,-6.21074734e+01
289.030000,-9.35224981e+01,-6.21072656e+01
289.035000,-9.35222899e+01,-6.21070574e+01
289.040000,-9.35220816e+01,-6.21068491e+01
289.045000,-9.35218737e+01,-6.21066412e+01
289.050000,-9.35216662e+01,-6.21064338e+01
289.055000,-9.35214593e+01,-6.21062269e+01
289.060000,-9.35212527e+01,-6.21060202e+01
289.065000,-9.35210460e+01,-6.21058135e+01
289.070000,-9.35208388e+01,-6.21056063e+01
289.075000,-9.35206306e+01,-6.21053982e+01
289.080000,-9.35204209e+01,-6.21051885e+01
289.085000,-9.35202090e+01,-6.21049765e+01
289.090000,-9.35199942e+01,-6.21047618e+01
289.095000,-9.35197761e+01,-6.21045437e+01
289.100000,-9.35195544e+01,-6.21043220e+01
289.105000,-9.35193288e+01,-6.21040964e+01
289.110000,-9.35190993e+01,-6.21038668e+01
289.115000,-9.35188660e+01,-6.21036336e+01
289.120000,-9.35186294e+01,-6.21033970e+01
289.125000,-9.35183898e+01,-6.21031573e+01
289.130000,-9.35181475e+01,-6.21029151e+01
289.135000,-9.35179032e+01,-6.21026707e+01
289.140000,-9.35176571e+01,-6.21024246e+01
289.145000,-9.35174097e+01,-6.21021773e+01
289.150000,-9.35171616e+01,-6.21019291e+01
289.155000,-9.35169132e+01,-6.21016807e+01
289.160000,-9.35166650e+01,-6.21014325e+01
289.165000,-9.35164174e+01,-6.21011850e+01
289.170000,-9.35161709e+01,-6.21009385e+01
289.175000,-9.35159261e+01,-6.21006936e+01
289.180000,-9.35156832e+01,-6.21004507e+01
289.185000,-9.35154427e+01,-6.21002103e+01
289.190000,-9.35152050e+01,-6.20999726e+01
289.195000,-9.35149704e+01,-6.20997380e+01
289.200000,-9.35147389e+01,-6.20995065e+01
289.205000,-9.35145104e+01,-6.20992780e+01
289.210000,-9.35142844e+01,-6.20990520e+01
289.215000,-9.35140605e+01,-6.20988281e+01
289.220000,-9.35138379e+01,-6.20986055e+01
289.225000,-9.35136155e+01,-6.20983831e+01
289.230000,-9.35133924e+01,-6.20981600e+01
289.235000,-9.35131679e+01,-6.20979355e+01
289.240000,-9.35129412e+01,-6.20977088e+01
289.245000,-9.35127117e+01,-6.20974793e+01
289.250000,-9.35124793e+01,-6.20972469e+01
289.255000,-9.35122437e+01,-6.20970113e+01
289.260000,-9.35120051e+01,-6.20967727e+01
289.265000,-9.35117635e+01,-6.20965312e+01
289.270000,-9.35115193e+01,-6.20962869e+01
289.275000,-9.35112724e+01,-6.20960400e+01
289.280000,-9.35110232e+01,-6.20957908e+01
289.285000,-9.35107719e+01,-6.20955395e+01
289.290000,-9.35105187e+01,-6.20952864e+01
289.295000,-9.35102641e+01,-6.20950317e+01
289.300000,-9.35100082e+01,-6.20947758e+01
289.305000,-9.35097515e+01,-6.20945192e+01
289.310000,-9.35094943e+01,-6.20942619e+01
289.315000,-9.35092366e+01,-6.20940042e+01
289.320000,-9.35089788e+01,-6.20937464e+01
289.325000,-9.35087211e+01,-6.20934887e+01
289.330000,-9.35084636e+01,-6.20932313e+01
289.335000,-9.35082067e+01,-6.20929743e+01
289.340000,-9.35079505e+01,-6.20927181e+01
289.345000,-9.35076949e+01,-6.20924625e+01
289.350000,-9.35074398e+01,-6.20922075e+01
289.355000,-9.35071849e+01,-6.20919526e+01
289.360000,-9.35069298e+01,-6.20916974e+01
289.365000,-9.35066739e+01,-6.20914416e+01
289.370000,-9.35064170e+01,-6.20911847e+01
289.375000,-9.35061587e+01,-6.20909263e+01
289.380000,-9.35058986e+01,-6.20906663e+01
289.385000,-9.35056367e+01,-6.20904044e+01
289.390000,-9.35053728e+01,-6.20901405e+01
289.395000,-9.35051070e+01,-6.20898747e+01
289.400000,-9.35048392e+01,-6.20896069e+01
289.405000,-9.35045693e+01,-6.20893370e+01
289.410000,-9.35042975e+01,-6.20890651e+01
289.415000,-9.35040237e+01,-6.20887913e+01
289.420000,-9.35037482e+01,-6.20885158e+01
289.425000,-9.35034713e+01,-6.20882389e+01
289.430000,-9.35031932e+01,-6.20879609e+01
289.435000,-9.35029144e+01,-6.20876821e+01
289.440000,-9.35026352e+01,-6.20874029e+01
289.445000,-9.35023561e+01,-6.20871237e+01
289.450000,-9.35020772e+01,-6.20868449e+01
289.455000,-9.35017989e+01,-6.20865666e+01
289.460000,-9.35015214e+01,-6.20862891e+01
289.465000,-9.35012449e+01,-6.20860126e+01
289.470000,-9.35009696e+01,-6.20857373e+01
289.475000,-9.35006956e+01,-6.20854633e+01
289.480000,-9.35004231e+01,-6.20851908e+01
289.485000,-9.35001521e+01,-6.20849198e+01
289.490000,-9.34998828e+01,-6.20846505e+01
289.495000,-9.34996153e+01,-6.20843830e+01
289.500000,-9.34993497e+01,-6.20841174e+01
289.505000,-9.34990861e+01,-6.20838538e+01
289.510000,-9.34988244e+01,-6.20835921e+01
289.515000,-9.34985645e+01,-6.20833323e+01
289.520000,-9.34983064e+01,-6.20830741e+01
289.525000,-9.34980496e+01,-6.20828173e+01
289.530000,-9.34977937e+01,-6.20825615e+01
289.535000,-9.34975385e+01,-6.20823063e+01
289.540000,-9.34972836e+01,-6.20820513e+01
289.545000,-9.34970285e+01,-6.20817962e+01
289.550000,-9.34967729e+01,-6.20815406e+01
289.555000,-9.34965166e+01,-6.20812843e+01
289.560000,-9.34962595e+01,-6.20810272e+01
289.565000,-9.34960016e+01,-6.20807693e+01
289.570000,-9.34957430e+01,-6.20805108e+01
289.575000,-9.34954840e+01,-6.20802517e+01
289.580000,-9.34952245e+01,-6.20799922e+01
289.585000,-9.34949645e+01,-6.20797323e+01
289.590000,-9.34947041e+01,-6.20794718e+01
289.595000,-9.34944432e+01,-6.20792109e+01
289.600000,-9.34941816e+01,-6.20789494e+01
289.605000,-9.34939193e+01,-6.20786870e+01
289.610000,-9.34936559e+01,-6.20784236e+01
289.615000,-9.34933913e+01,-6.20781590e+01
289.620000,-9.34931254e+01,-6.20778931e+01
289.625000,-9.34928580e+01,-6.20776258e+01
289.630000,-9.34925892e+01,-6.20773570e+01
289.635000,-9.34923193e+01,-6.20770871e+01
289.640000,-9.34920486e+01,-6.20768164e+01
289.645000,-9.34917775e+01,-6.20765452e+01
289.650000,-9.34915062e+01,-6.20762740e+01
289.655000,-9.34912351e+01,-6.20760029e+01
289.660000,-9.34909643e+01,-6.20757320e+01
289.665000,-9.34906937e+01,-6.20754614e+01
289.670000,-9.34904232e+01,-6.20751910e+01
289.675000,-9.34901528e+01,-6.20749205e+01
289.680000,-9.34898821e+01,-6.20746499e+01
289.685000,-9.34896113e+01,-6.20743791e+01
289.690000,-9.34893400e+01,-6.20741078e+01
289.695000,-9.34890683e+01,-6.20738361e+01
289.700000,-9.34887962e+01,-6.20735640e+01
289.705000,-9.34885235e+01,-6.20732913e+01
289.710000,-9.34882503e+01,-6.20730181e+01
289.715000,-9.34879763e+01,-6.20727442e+01
289.720000,-9.34877018e+01,-6.20724696e+01
289.725000,-9.34874266e+01,-6.20721944e+01
289.730000,-9.34871509e+01,-6.20719187e+01
289.735000,-9.34868748e+01,-6.20716426e+01
289.740000,-9.34865987e+01,-6.20713665e+01
289.745000,-9.34863227e+01,-6.20710905e+01
289.750000,-9.34860468e+01,-6.20708146e+01
289.755000,-9.34857713e+01,-6.20705391e+01
289.760000,-9.34854960e+01,-6.20702639e+01
289.765000,-9.34852212e+01,-6.20699890e+01
289.770000,-9.34849469e+01,-6.20697147e+01
289.775000,-9.34846732e+01,-6.20694410e+01
289.780000,-9.34844003e+01,-6.20691681e+01
289.785000,-9.34841286e+01,-6.20688965e+01
289.790000,-9.34838586e+01,-6.20686264e+01
289.795000,-9.34835904e+01,-6.20683583e+01
289.800000,-9.34833245e+01,-6.20680924e+01
289.805000,-9.34830610e+01,-6.20678288e+01
289.810000,-9.34827997e+01,-6.20675676e+01
289.815000,-9.34825407e+01,-6.20673085e+01
289.820000,-9.34822835e+01,-6.20670513e+01
289.825000,-9.34820277e+01,-6.20667956e+01
289.830000,-9.34817731e+01,-6.20665410e+01
289.835000,-9.34815192e+01,-6.20662871e+01
289.840000,-9.34812660e+01,-6.20660338e+01
289.845000,-9.34810131e+01,-6.20657810e+01
289.850000,-9.34807609e+01,-6.20655288e+01
289.855000,-9.34805094e+01,-6.20652773e+01
289.860000,-9.34802591e+01,-6.20650269e+01
289.865000,-9.34800101e+01,-6.20647780e+01
289.870000,-9.34797628e+01,-6.20645306e+01
289.875000,-9.34795171e+01,-6.20642850e+01
289.880000,-9.34792733e+01,-6.20640411e+01
289.885000,-9.34790310e+01,-6.20637989e+01
289.890000,-9.34787902e+01,-6.20635580e+01
289.895000,-9.34785505e+01,-6.20633184e+01
289.900000,-9.34783118e+01,-6.20630797e+01
289.905000,-9.34780738e+01,-6.20628417e+01
289.910000,-9.34778365e+01,-6.20626044e+01
289.915000,-9.34775996e+01,-6.20623675e+01
289.920000,-9.34773631e+01,-6.20621310e+01
289.925000,-9.34771268e+01,-6.20618947e+01
289.930000,-9.34768907e+01,-6.20616586e+01
289.935000,-9.34766545e+01,-6.20614224e+01
289.940000,-9.34764179e+01,-6.20611858e+01
289.945000,-9.34761808e+01,-6.20609486e+01
289.950000,-9.34759426e+01,-6.20607105e+01
289.955000,-9.34757033e+01,-6.20604712e+01
289.960000,-9.34754622e+01,-6.20602301e+01
289.965000,-9.34752191e+01,-6.20599870e+01
289.970000,-9.34749736e+01,-6.20597415e+01
289.975000,-9.34747254e+01,-6.20594933e+01
289.980000,-9.34744745e+01,-6.20592424e+01
289.985000,-9.34742210e+01,-6.20589889e+01
289.990000,-9.34739652e+01,-6.20587331e+01
289.995000,-9.34737073e+01,-6.20584752e+01
290.000000,-9.34734479e+01,-6.20582158e+01
290.005000,-9.34731873e+01,-6.20579552e+01
290.010000,-9.34729261e+01,-6.20576940e+01
290.015000,-9.34726647e+01,-6.20574326e+01
290.020000,-9.34724035e+01,-6.20571714e+01
290.025000,-9.34721430e+01,-6.20569110e+01
290.030000,-9.34718836e+01,-6.20566515e+01
290.035000,-9.34716254e+01,-6.20563934e+01
290.040000,-9.34713690e+01,-6.20561369e+01
290.045000,-9.34711144e+01,-6.20558824e+01
290.050000,-9.34708621e+01,-6.20556300e+01
290.055000,-9.34706122e+01,-6.20553801e+01
290.060000,-9.34703649e+01,-6.20551328e+01
290.065000,-9.34701203e+01,-6.20548882e+01
290.070000,-9.34698783e+01,-6.20546463e+01
290.075000,-9.34696389e+01,-6.20544068e+01
290.080000,-9.34694014e+01,-6.20541694e+01
290.085000,-9.34691656e+01,-6.20539336e+01
290.090000,-9.34689310e+01,-6.20536989e+01
290.095000,-9.34686970e+01,-6.20534650e+01
290.100000,-9.34684634e+01,-6.20532314e+01
290.105000,-9.34682299e+01,-6.20529979e+01
290.110000,-9.34679962e+01,-6.20527642e+01
290.115000,-9.34677623e+01,-6.20525303e+01
290.120000,-9.34675282e+01,-6.20522962e+01
290.125000,-9.34672940e+01,-6.20520619e+01
290.130000,-9.34670596e+01,-6.20518276e+01
290.135000,-9.34668254e+01,-6.20515934e+01
290.140000,-9.34665916e+01,-6.20513596e+01
290.145000,-9.34663586e+01,-6.20511266e+01
290.150000,-9.34661267e+01,-6.20508947e+01
290.155000,-9.34658962e+01,-6.20506641e+01
290.160000,-9.34656671e+01,-6.20504351e+01
290.165000,-9.34654397e+01,-6.20502077e+01
290.170000,-9.34652137e+01,-6.20499817e+01
290.175000,-9.34649889e+01,-6.20497569e+01
290.180000,-9.34647650e+01,-6.20495330e+01
290.185000,-9.34645417e+01,-6.20493097e+01
290.190000,-9.34643186e+01,-6.20490866e+01
290.195000,-9.34640954e+01,-6.20488634e+01
290.200000,-9.34638720e+01,-6.20486400e+01
290.205000,-9.34636482e+01,-6.20484162e+01
290.210000,-9.34634242e+01,-6.20481922e+01
290.215000,-9.34632000e+01,-6.20479680e+01
290.220000,-9.34629758e+01,-6.20477438e+01
290.225000,-9.34627514e+01,-6.20475194e+01
290.230000,-9.34625269e+01,-6.20472950e+01
290.235000,-9.34623023e+01,-6.20470703e+01
290.240000,-9.34620774e+01,-6.20468454e+01
290.245000,-9.34618523e+01,-6.20466203e+01
290.250000,-9.34616270e+01,-6.20463950e+01
290.255000,-9.34614016e+01,-6.20461696e+01
290.260000,-9.34611762e+01,-6.20459442e+01
290.265000,-9.34609507e+01,-6.20457187e+01
290.270000,-9.34607253e+01,-6.20454934e+01
290.275000,-9.34605001e+01,-6.20452681e+01
290.280000,-9.34602751e+01,-6.20450431e+01
290.285000,-9.34600504e+01,-6.20448184e+01
290.290000,-9.34598260e+01,-6.20445940e+01
290.295000,-9.34596017e+01,-6.20443698e+01
290.300000,-9.34593775e+01,-6.20441456e+01
290.305000,-9.34591532e+01,-6.20439213e+01
290.310000,-9.34589285e+01,-6.20436966e+01
290.315000,-9.34587033e+01,-6.20434714e+01
290.320000,-9.34584776e+01,-6.20432456e+01
290.325000,-9.34582511e+01,-6.20430192e+01
290.330000,-9.34580239e+01,-6.20427920e+01
290.335000,-9.34577959e+01,-6.20425640e+01
290.340000,-9.34575670e+01,-6.20423351e+01
290.345000,-9.34573371e+01,-6.20421051e+01
290.350000,-9.34571060e+01,-6.20418740e+01
290.355000,-9.34568734e+01,-6.20416415e+01
290.360000,-9.34566394e+01,-6.20414074e+01
290.365000,-9.34564038e+01,-6.20411718e+01
290.370000,-9.34561667e+01,-6.20409347e+01
290.375000,-9.34559281e+01,-6.20406962e+01
290.380000,-9.34556880e+01,-6.20404561e+01
290.385000,-9.34554466e+01,-6.20402146e+01
290.390000,-9.34552036e+01,-6.20399717e+01
290.395000,-9.34549591e+01,-6.20397271e+01
290.400000,-9.34547128e+01,-6.20394809e+01
290.405000,-9.34544650e+01,-6.20392331e+01
290.410000,-9.34542156e+01,-6.20389836e+01
290.415000,-9.34539648e+01,-6.20387328e+01
290.420000,-9.34537130e+01,-6.20384810e+01
290.425000,-9.34534605e+01,-6.20382286e+01
290.430000,-9.34532078e+01,-6.20379759e+01
290.435000,-9.34529552e+01,-6.20377232e+01
290.440000,-9.34527029e+01,-6.20374710e+01
290.445000,-9.34524514e+01,-6.20372195e+01
290.450000,-9.34522010e+01,-6.20369691e+01
290.455000,-9.34519519e+01,-6.20367200e+01
290.460000,-9.34517042e+01,-6.20364723e+01
290.465000,-9.34514581e+01,-6.20362262e+01
290.470000,-9.34512136e+01,-6.20359817e+01
290.475000,-9.34509707e+01,-6.20357388e+01
290.480000,-9.34507293e+01,-6.20354975e+01
290.485000,-9.34504894e+01,-6.20352575e+01
290.490000,-9.34502508e+01,-6.20350189e+01
290.495000,-9.34500132e+01,-6.20347813e+01
290.500000,-9.34497764e+01,-6.20345445e+01
290.505000,-9.34495404e+01,-6.20343085e+01
290.510000,-9.34493049e+01,-6.20340731e+01
290.515000,-9.34490701e+01,-6.20338382e+01
290.520000,-9.34488357e+01,-6.20336039e+01
290.525000,-9.34486017e+01,-6.20333698e+01
290.530000,-9.34483679e+01,-6.20331361e+01
290.535000,-9.34481344e+01,-6.20329026e+01
290.540000,-9.34479013e+01,-6.20326694e+01
290.545000,-9.34476684e+01,-6.20324365e+01
290.550000,-9.34474361e+01,-6.20322042e+01
290.555000,-9.34472043e+01,-6.20319725e+01
290.560000,-9.34469733e+01,-6.20317415e+01
290.565000,-9.34467431e+01,-6.20315113e+01
290.570000,-9.34465137e+01,-6.20312818e+01
290.575000,-9.34462848e+01,-6.20310529e+01
290.580000,-9.34460563e+01,-6.20308244e+01
290.585000,-9.34458280e+01,-6.20305961e+01
290.590000,-9.34455995e+01,-6.20303677e+01
290.595000,-9.34453708e+01,-6.20301389e+01
290.600000,-9.34451416e+01,-6.20299097e+01
290.605000,-9.34449118e+01,-6.20296800e+01
290.610000,-9.34446814e+01,-6.20294496e+01
290.615000,-9.34444506e+01,-6.20292188e+01
290.620000,-9.34442196e+01,-6.20289878e+01
290.625000,-9.34439886e+01,-6.20287568e+01
290.630000,-9.34437579e+01,-6.20285260e+01
290.635000,-9.34435275e+01,-6.20282957e+01
290.640000,-9.34432974e+01,-6.20280656e+01
290.645000,-9.34430676e+01,-6.20278358e+01
290.650000,-9.34428379e+01,-6.20276061e+01
290.655000,-9.34426081e+01,-6.20273763e+01
290.660000,-9.34423781e+01,-6.20271463e+01
290.665000,-9.34421480e+01,-6.20269161e+01
290.670000,-9.34419177e+01,-6.20266859e+01
290.675000,-9.34416873e+01,-6.20264555e+01
290.680000,-9.34414568e+01,-6.20262250e+01
290.685000,-9.34412263e+01,-6.20259945e+01
290.690000,-9.34409955e+01,-6.20257637e+01
290.695000,-9.34407644e+01,-6.20255326e+01
290.700000,-9.34405327e+01,-6.20253009e+01
290.705000,-9.34403001e+01,-6.20250683e+01
290.710000,-9.34400662e+01,-6.20248344e+01
290.715000,-9.34398306e+01,-6.20245988e+01
290.720000,-9.34395931e+01,-6.20243613e+01
290.725000,-9.34393532e+01,-6.20241214e+01
290.730000,-9.34391110e+01,-6.20238792e+01
290.735000,-9.34388663e+01,-6.20236345e+01
290.740000,-9.34386196e+01,-6.20233878e+01
290.745000,-9.34383712e+01,-6.20231394e+01
290.750000,-9.34381216e+01,-6.20228898e+01
290.755000,-9.34378714e+01,-6.20226396e+01
290.760000,-9.34376213e+01,-6.20223895e+01
290.765000,-9.34373719e+01,-6.20221401e+01
290.770000,-9.34371237e+01,-6.20218919e+01
290.775000,-9.34368770e+01,-6.20216452e+01
290.780000,-9.34366320e+01,-6.20214003e+01
290.785000,-9.34363888e+01,-6.20211570e+01
290.790000,-9.34361472e+01,-6.20209154e+01
290.795000,-9.34359072e+01,-6.20206754e+01
290.800000,-9.34356689e+01,-6.20204371e+01
290.805000,-9.34354322e+01,-6.20202005e+01
290.810000,-9.34351974e+01,-6.20199657e+01
290.815000,-9.34349646e+01,-6.20197328e+01
290.820000,-9.34347338e+01,-6.20195020e+01
290.825000,-9.34345051e+01,-6.20192733e+01
290.830000,-9.34342784e+01,-6.20190466e+01
290.835000,-9.34340537e+01,-6.20188219e+01
290.840000,-9.34338305e+01,-6.20185987e+01
290.845000,-9.34336085e+01,-6.20183767e+01
290.850000,-9.34333870e+01,-6.20181553e+01
290.855000,-9.34331657e+01,-6.20179340e+01
290.860000,-9.34329440e+01,-6.20177123e+01
290.865000,-9.34327215e+01,-6.20174898e+01
290.870000,-9.34324978e+01,-6.20172661e+01
290.875000,-9.34322726e+01,-6.20170409e+01
290.880000,-9.34320457e+01,-6.20168140e+01
290.885000,-9.34318171e+01,-6.20165853e+01
290.890000,-9.34315866e+01,-6.20163549e+01
290.895000,-9.34313545e+01,-6.20161227e+01
290.900000,-9.34311206e+01,-6.20158888e+01
290.905000,-9.34308849e+01,-6.20156532e+01
290.910000,-9.34306477e+01,-6.20154160e+01
290.915000,-9.34304090e+01,-6.20151773e+01
290.920000,-9.34301691e+01,-6.20149374e+01
290.925000,-9.34299283e+01,-6.20146965e+01
290.930000,-9.34296868e+01,-6.20144550e+01
290.935000,-9.34294448e+01,-6.20142131e+01
290.940000,-9.34292028e+01,-6.20139711e+01
290.945000,-9.34289610e+01,-6.20137293e+01
290.950000,-9.34287198e+01,-6.20134881e+01
290.955000,-9.34284795e+01,-6.20132478e+01
290.960000,-9.34282404e+01,-6.20130087e+01
290.965000,-9.34280028e+01,-6.20127711e+01
290.970000,-9.34277667e+01,-6.20125350e+01
290.975000,-9.34275320e+01,-6.20123003e+01
290.980000,-9.34272985e+01,-6.20120668e+01
290.985000,-9.34270661e+01,-6.20118344e+01
290.990000,-9.34268344e+01,-6.20116027e+01
290.995000,-9.34266034e+01,-6.20113717e+01
291.000000,-9.34263726e+01,-6.20111409e+01
291.005000,-9.34261417e+01,-6.20109101e+01
291.010000,-9.34259107e+01,-6.20106790e+01
291.015000,-9.34256792e+01,-6.20104475e+01
291.020000,-9.34254470e+01,-6.20102154e+01
291.025000,-9.34252142e+01,-6.20099825e+01
291.030000,-9.34249806e+01,-6.20097489e+01
291.035000,-9.34247463e+01,-6.20095146e+01
291.040000,-9.34245114e+01,-6.20092797e+01
291.045000,-9.34242762e+01,-6.20090445e+01
291.050000,-9.34240408e+01,-6.20088091e+01
291.055000,-9.34238057e+01,-6.20085740e+01
291.060000,-9.34235708e+01,-6.20083391e+01
291.065000,-9.34233364e+01,-6.20081048e+01
291.070000,-9.34231025e+01,-6.20078709e+01
291.075000,-9.34228692e+01,-6.20076375e+01
291.080000,-9.34226362e+01,-6.20074045e+01
291.085000,-9.34224036e+01,-6.20071720e+01
291.090000,-9.34221715e+01,-6.20069398e+01
291.095000,-9.34219400e+01,-6.20067083e+01
291.100000,-9.34217093e+01,-6.20064776e+01
291.105000,-9.34214798e+01,-6.20062481e+01
291.110000,-9.34212518e+01,-6.20060201e+01
291.115000,-9.34210256e+01,-6.20057939e+01
291.120000,-9.34208013e+01,-6.20055697e+01
291.125000,-9.34205792e+01,-6.20053476e+01
291.130000,-9.34203592e+01,-6.20051275e+01
291.135000,-9.34201410e+01,-6.20049094e+01
291.140000,-9.34199246e+01,-6.20046930e+01
291.145000,-9.34197095e+01,-6.20044779e+01
291.150000,-9.34194953e+01,-6.20042637e+01
291.155000,-9.34192815e+01,-6.20040498e+01
291.160000,-9.34190676e+01,-6.20038360e+01
291.165000,-9.34188535e+01,-6.20036219e+01
291.170000,-9.34186387e+01,-6.20034070e+01
291.175000,-9.34184228e+01,-6.20031912e+01
291.180000,-9.34182056e+01,-6.20029740e+01
291.185000,-9.34179868e+01,-6.20027552e+01
291.190000,-9.34177663e+01,-6.20025347e+01
291.195000,-9.34175438e+01,-6.20023122e+01
291.200000,-9.34173194e+01,-6.20020878e+01
291.205000,-9.34170929e+01,-6.20018613e+01
291.210000,-9.34168644e+01,-6.20016328e+01
291.215000,-9.34166340e+01,-6.20014024e+01
291.220000,-9.34164020e+01,-6.20011704e+01
291.225000,-9.34161688e+01,-6.20009372e+01
291.230000,-9.34159347e+01,-6.20007031e+01
291.235000,-9.34157002e+01,-6.20004686e+01
291.240000,-9.34154657e+01,-6.20002341e+01
291.245000,-9.34152316e+01,-6.20000000e+01
291.250000,-9.34149982e+01,-6.19997666e+01
291.255000,-9.34147659e+01,-6.19995343e+01
291.260000,-9.34145351e+01,-6.19993035e+01
291.265000,-9.34143060e+01,-6.19990744e+01
291.270000,-9.34140787e+01,-6.19988471e+01
291.275000,-9.34138532e+01,-6.19986216e+01
291.280000,-9.34136291e+01,-6.19983975e+01
291.285000,-9.34134062e+01,-6.19981747e+01
291.290000,-9.34131841e+01,-6.19979525e+01
291.295000,-9.34129622e+01,-6.19977306e+01
291.300000,-9.34127400e+01,-6.19975085e+01
291.305000,-9.34125172e+01,-6.19972856e+01
291.310000,-9.34122931e+01,-6.19970615e+01
291.315000,-9.34120675e+01,-6.19968360e+01
291.320000,-9.34118401e+01,-6.19966085e+01
291.325000,-9.34116107e+01,-6.19963792e+01
291.330000,-9.34113795e+01,-6.19961479e+01
291.335000,-9.34111468e+01,-6.19959152e+01
291.340000,-9.34109129e+01,-6.19956813e+01
291.345000,-9.34106785e+01,-6.19954469e+01
291.350000,-9.34104439e+01,-6.19952123e+01
291.355000,-9.34102096e+01,-6.19949781e+01
291.360000,-9.34099761e+01,-6.19947445e+01
291.365000,-9.34097437e+01,-6.19945121e+01
291.370000,-9.34095127e+01,-6.19942811e+01
291.375000,-9.34092836e+01,-6.19940521e+01
291.380000,-9.34090567e+01,-6.19938251e+01
291.385000,-9.34088320e+01,-6.19936005e+01
291.390000,-9.34086096e+01,-6.19933781e+01
291.395000,-9.34083892e+01,-6.19931576e+01
291.400000,-9.34081703e+01,-6.19929388e+01
291.405000,-9.34079527e+01,-6.19927212e+01
291.410000,-9.34077360e+01,-6.19925044e+01
291.415000,-9.34075195e+01,-6.19922880e+01
291.420000,-9.34073030e+01,-6.19920714e+01
291.425000,-9.34070860e+01,-6.19918545e+01
291.430000,-9.34068683e+01,-6.19916367e+01
291.435000,-9.34066496e+01,-6.19914181e+01
291.440000,-9.34064300e+01,-6.19911985e+01
291.445000,-9.34062094e+01,-6.19909779e+01
291.450000,-9.34059878e+01,-6.19907563e+01
291.455000,-9.34057651e+01,-6.19905336e+01
291.460000,-9.34055413e+01,-6.19903098e+01
291.465000,-9.34053164e+01,-6.19900849e+01
291.470000,-9.34050905e+01,-6.19898590e+01
291.475000,-9.34048636e+01,-6.19896321e+01
291.480000,-9.34046359e+01,-6.19894044e+01
291.485000,-9.34044075e+01,-6.19891759e+01
291.490000,-9.34041785e+01,-6.19889469e+01
291.495000,-9.34039492e+01,-6.19887176e+01
291.500000,-9.34037197e+01,-6.19884882e+01
291.505000,-9.34034903e+01,-6.19882588e+01
291.510000,-9.34032612e+01,-6.19880297e+01
291.515000,-9.34030326e+01,-6.19878011e+01
291.520000,-9.34028048e+01,-6.19875733e+01
291.525000,-9.34025779e+01,-6.19873464e+01
291.530000,-9.34023520e+01,-6.19871205e+01
291.535000,-9.34021272e+01,-6.19868957e+01
291.540000,-9.34019035e+01,-6.19866720e+01
291.545000,-9.34016810e+01,-6.19864495e+01
291.550000,-9.34014600e+01,-6.19862285e+01
291.555000,-9.34012404e+01,-6.19860089e+01
291.560000,-9.34010223e+01,-6.19857908e+01
291.565000,-9.34008057e+01,-6.19855742e+01
291.570000,-9.34005904e+01,-6.19853589e+01
291.575000,-9.34003762e+01,-6.19851447e+01
291.580000,-9.34001630e+01,-6.19849315e+01
291.585000,-9.33999508e+01,-6.19847193e+01
291.590000,-9.33997395e+01,-6.19845080e+01
291.595000,-9.33995291e+01,-6.19842976e+01
291.600000,-9.33993196e+01,-6.19840881e+01
291.605000,-9.33991109e+01,-6.19838794e+01
291.610000,-9.33989029e+01,-6.19836714e+01
291.615000,-9.33986956e+01,-6.19834642e+01
291.620000,-9.33984887e+01,-6.19832572e+01
291.625000,-9.33982816e+01,-6.19830501e+01
291.630000,-9.33980742e+01,-6.19828428e+01
291.635000,-9.33978663e+01,-6.19826349e+01
291.640000,-9.33976578e+01,-6.19824263e+01
291.645000,-9.33974486e+01,-6.19822171e+01
291.650000,-9.33972390e+01,-6.19820076e+01
291.655000,-9.33970292e+01,-6.19817977e+01
291.660000,-9.33968192e+01,-6.19815877e+01
291.665000,-9.33966094e+01,-6.19813780e+01
291.670000,-9.33964002e+01,-6.19811687e+01
291.675000,-9.33961917e+01,-6.19809602e+01
291.680000,-9.33959844e+01,-6.19807529e+01
291.685000,-9.33957786e+01,-6.19805471e+01
291.690000,-9.33955747e+01,-6.19803433e+01
291.695000,-9.33953732e+01,-6.19801417e+01
291.700000,-9.33951741e+01,-6.19799427e+01
291.705000,-9.33949778e+01,-6.19797464e+01
291.710000,-9.33947842e+01,-6.19795527e+01
291.715000,-9.33945931e+01,-6.19793617e+01
291.720000,-9.33944043e+01,-6.19791729e+01
291.725000,-9.33942174e+01,-6.19789860e+01
291.730000,-9.33940320e+01,-6.19788006e+01
291.735000,-9.33938476e+01,-6.19786162e+01
291.740000,-9.33936639e+01,-6.19784325e+01
291.745000,-9.33934806e+01,-6.19782492e+01
291.750000,-9.33932975e+01,-6.19780661e+01
291.755000,-9.33931144e+01,-6.19778830e+01
291.760000,-9.33929313e+01,-6.19776999e+01
291.765000,-9.33927482e+01,-6.19775168e+01
291.770000,-9.33925651e+01,-6.19773336e+01
291.775000,-9.33923817e+01,-6.19771503e+01
291.780000,-9.33921980e+01,-6.19769666e+01
291.785000,-9.33920138e+01,-6.19767824e+01
291.790000,-9.33918290e+01,-6.19765976e+01
291.795000,-9.33916435e+01,-6.19764121e+01
291.800000,-9.33914573e+01,-6.19762259e+01
291.805000,-9.33912703e+01,-6.19760389e+01
291.810000,-9.33910826e+01,-6.19758512e+01
291.815000,-9.33908945e+01,-6.19756631e+01
291.820000,-9.33907061e+01,-6.19754747e+01
291.825000,-9.33905173e+01,-6.19752859e+01
291.830000,-9.33903283e+01,-6.19750969e+01
291.835000,-9.33901389e+01,-6.19749075e+01
291.840000,-9.33899490e+01,-6.19747176e+01
291.845000,-9.33897585e+01,-6.19745271e+01
291.850000,-9.33895672e+01,-6.19743358e+01
291.855000,-9.33893752e+01,-6.19741438e+01
291.860000,-9.33891824e+01,-6.19739510e+01
291.865000,-9.33889889e+01,-6.19737575e+01
291.870000,-9.33887945e+01,-6.19735631e+01
291.875000,-9.33885995e+01,-6.19733681e+01
291.880000,-9.33884038e+01,-6.19731724e+01
291.885000,-9.33882074e+01,-6.19729760e+01
291.890000,-9.33880103e+01,-6.19727789e+01
291.895000,-9.33878128e+01,-6.19725814e+01
291.900000,-9.33876150e+01,-6.19723836e+01
291.905000,-9.33874171e+01,-6.19721857e+01
291.910000,-9.33872195e+01,-6.19719881e+01
291.915000,-9.33870223e+01,-6.19717910e+01
291.920000,-9.33868260e+01,-6.19715946e+01
291.925000,-9.33866307e+01,-6.19713994e+01
291.930000,-9.33864369e+01,-6.19712055e+01
291.935000,-9.33862449e+01,-6.19710135e+01
291.940000,-9.33860551e+01,-6.19708237e+01
291.945000,-9.33858678e+01,-6.19706365e+01
291.950000,-9.33856835e+01,-6.19704522e+01
291.955000,-9.33855025e+01,-6.19702712e+01
291.960000,-9.33853251e+01,-6.19700937e+01
291.965000,-9.33851514e+01,-6.19699200e+01
291.970000,-9.33849816e+01,-6.19697502e+01
291.975000,-9.33848157e+01,-6.19695843e+01
291.980000,-9.33846536e+01,-6.19694222e+01
291.985000,-9.33844950e+01,-6.19692637e+01
291.990000,-9.33843397e+01,-6.19691084e+01
291.995000,-9.33841875e+01,-6.19689561e+01
292.000000,-9.33840378e+01,-6.19688065e+01
292.005000,-9.33838907e+01,-6.19686593e+01
292.010000,-9.33837456e+01,-6.19685142e+01
292.015000,-9.33836024e+01,-6.19683710e+01
292.020000,-9.33834607e+01,-6.19682294e+01
292.025000,-9.33833204e+01,-6.19680891e+01
292.030000,-9.33831813e+01,-6.19679499e+01
292.035000,-9.33830431e+01,-6.19678118e+01
292.040000,-9.33829058e+01,-6.19676745e+01
292.045000,-9.33827692e+01,-6.19675378e+01
292.050000,-9.33826330e+01,-6.19674017e+01
292.055000,-9.33824973e+01,-6.19672660e+01
292.060000,-9.33823619e+01,-6.19671306e+01
292.065000,-9.33822267e+01,-6.19669954e+01
292.070000,-9.33820915e+01,-6.19668602e+01
292.075000,-9.33819563e+01,-6.19667250e+01
292.080000,-9.33818210e+01,-6.19665896e+01
292.085000,-9.33816855e+01,-6.19664542e+01
292.090000,-9.33815499e+01,-6.19663186e+01
292.095000,-9.33814143e+01,-6.19661830e+01
292.100000,-9.33812787e+01,-6.19660473e+01
292.105000,-9.33811431e+01,-6.19659118e+01
292.110000,-9.33810077e+01,-6.19657764e+01
292.115000,-9.33808726e+01,-6.19656413e+01
292.120000,-9.33807379e+01,-6.19655066e+01
292.125000,-9.33806036e+01,-6.19653723e+01
292.130000,-9.33804697e+01,-6.19652384e+01
292.135000,-9.33803362e+01,-6.19651049e+01
292.140000,-9.33802029e+01,-6.19649716e+01
292.145000,-9.33800697e+01,-6.19648384e+01
292.150000,-9.33799365e+01,-6.19647052e+01
292.155000,-9.33798032e+01,-6.19645719e+01
292.160000,-9.33796696e+01,-6.19644383e+01
292.165000,-9.33795359e+01,-6.19643046e+01
292.170000,-9.33794018e+01,-6.19641705e+01
292.175000,-9.33792675e+01,-6.19640362e+01
292.180000,-9.33791328e+01,-6.19639015e+01
292.185000,-9.33789979e+01,-6.19637666e+01
292.190000,-9.33788627e+01,-6.19636314e+01
292.195000,-9.33787270e+01,-6.19634957e+01
292.200000,-9.33785908e+01,-6.19633595e+01
292.205000,-9.33784540e+01,-6.19632227e+01
292.210000,-9.33783164e+01,-6.19630851e+01
292.215000,-9.33781778e+01,-6.19629465e+01
292.220000,-9.33780381e+01,-6.19628068e+01
292.225000,-9.33778969e+01,-6.19626656e+01
292.230000,-9.33777543e+01,-6.19625230e+01
292.235000,-9.33776104e+01,-6.19623791e+01
292.240000,-9.33774653e+01,-6.19622340e+01
292.245000,-9.33773192e+01,-6.19620879e+01
292.250000,-9.33771724e+01,-6.19619411e+01
292.255000,-9.33770251e+01,-6.19617938e+01
292.260000,-9.33768776e+01,-6.19616463e+01
292.265000,-9.33767304e+01,-6.19614991e+01
292.270000,-9.33765836e+01,-6.19613523e+01
292.275000,-9.33764378e+01,-6.19612065e+01
292.280000,-9.33762932e+01,-6.19610620e+01
292.285000,-9.33761502e+01,-6.19609190e+01
292.290000,-9.33760090e+01,-6.19607777e+01
292.295000,-9.33758697e+01,-6.19606384e+01
292.300000,-9.33757324e+01,-6.19605011e+01
292.305000,-9.33755971e+01,-6.19603658e+01
292.310000,-9.33754636e+01,-6.19602323e+01
292.315000,-9.33753317e+01,-6.19601005e+01
292.320000,-9.33752013e+01,-6.19599701e+01
292.325000,-9.33750722e+01,-6.19598409e+01
292.330000,-9.33749439e+01,-6.19597126e+01
292.335000,-9.33748163e+01,-6.19595851e+01
292.340000,-9.33746891e+01,-6.19594578e+01
292.345000,-9.33745617e+01,-6.19593305e+01
292.350000,-9.33744338e+01,-6.19592026e+01
292.355000,-9.33743050e+01,-6.19590737e+01
292.360000,-9.33741749e+01,-6.19589436e+01
292.365000,-9.33740433e+01,-6.19588120e+01
292.370000,-9.33739101e+01,-6.19586788e+01
292.375000,-9.33737750e+01,-6.19585438e+01
292.380000,-9.33736382e+01,-6.19584069e+01
292.385000,-9.33734995e+01,-6.19582683e+01
292.390000,-9.33733592e+01,-6.19581279e+01
292.395000,-9.33732172e+01,-6.19579859e+01
292.400000,-9.33730738e+01,-6.19578425e+01
292.405000,-9.33729291e+01,-6.19576978e+01
292.410000,-9.33727834e+01,-6.19575522e+01
292.415000,-9.33726371e+01,-6.19574058e+01
292.420000,-9.33724903e+01,-6.19572591e+01
292.425000,-9.33723434e+01,-6.19571121e+01
292.430000,-9.33721966e+01,-6.19569653e+01
292.435000,-9.33720500e+01,-6.19568187e+01
292.440000,-9.33719039e+01,-6.19566727e+01
292.445000,-9.33717584e+01,-6.19565272e+01
292.450000,-9.33716138e+01,-6.19563826e+01
292.455000,-9.33714702e+01,-6.19562389e+01
292.460000,-9.33713276e+01,-6.19560964e+01
292.465000,-9.33711863e+01,-6.19559550e+01
292.470000,-9.33710463e+01,-6.19558151e+01
292.475000,-9.33709078e+01,-6.19556765e+01
292.480000,-9.33707705e+01,-6.19555393e+01
292.485000,-9.33706346e+01,-6.19554034e+01
292.490000,-9.33704998e+01,-6.19552685e+01
292.495000,-9.33703657e+01,-6.19551345e+01
292.500000,-9.33702321e+01,-6.19550009e+01
292.505000,-9.33700988e+01,-6.19548676e+01
292.510000,-9.33699656e+01,-6.19547344e+01
292.515000,-9.33698324e+01,-6.19546011e+01
292.520000,-9.33696991e+01,-6.19544679e+01
292.525000,-9.33695658e+01,-6.19543346e+01
292.530000,-9.33694324e+01,-6.19542011e+01
292.535000,-9.33692989e+01,-6.19540677e+01
292.540000,-9.33691654e+01,-6.19539342e+01
292.545000,-9.33690322e+01,-6.19538010e+01
292.550000,-9.33688993e+01,-6.19536681e+01
292.555000,-9.33687670e+01,-6.19535358e+01
292.560000,-9.33686354e+01,-6.19534042e+01
292.565000,-9.33685047e+01,-6.19532735e+01
292.570000,-9.33683751e+01,-6.19531439e+01
292.575000,-9.33682469e+01,-6.19530157e+01
292.580000,-9.33681202e+01,-6.19528890e+01
292.585000,-9.33679952e+01,-6.19527640e+01
292.590000,-9.33678722e+01,-6.19526409e+01
292.595000,-9.33677511e+01,-6.19525199e+01
292.600000,-9.33676319e+01,-6.19524007e+01
292.605000,-9.33675149e+01,-6.19522837e+01
292.610000,-9.33673998e+01,-6.19521686e+01
292.615000,-9.33672866e+01,-6.19520553e+01
292.620000,-9.33671750e+01,-6.19519438e+01
292.625000,-9.33670650e+01,-6.19518338e+01
292.630000,-9.33669561e+01,-6.19517249e+01
292.635000,-9.33668480e+01,-6.19516168e+01
292.640000,-9.33667404e+01,-6.19515092e+01
292.645000,-9.33666329e+01,-6.19514017e+01
292.650000,-9.33665251e+01,-6.19512939e+01
292.655000,-9.33664170e+01,-6.19511858e+01
292.660000,-9.33663083e+01,-6.19510771e+01
292.665000,-9.33661990e+01,-6.19509678e+01
292.670000,-9.33660889e+01,-6.19508577e+01
292.675000,-9.33659778e+01,-6.19507466e+01
292.680000,-9.33658658e+01,-6.19506346e+01
292.685000,-9.33657526e+01,-6.19505214e+01
292.690000,-9.33656383e+01,-6.19504071e+01
292.695000,-9.33655231e+01,-6.19502919e+01
292.700000,-9.33654070e+01,-6.19501758e+01
292.705000,-9.33652903e+01,-6.19500591e+01
292.710000,-9.33651730e+01,-6.19499419e+01
292.715000,-9.33650556e+01,-6.19498244e+01
292.720000,-9.33649381e+01,-6.19497069e+01
292.725000,-9.33648210e+01,-6.19495898e+01
292.730000,-9.33647046e+01,-6.19494734e+01
292.735000,-9.33645892e+01,-6.19493580e+01
292.740000,-9.33644750e+01,-6.19492438e+01
292.745000,-9.33643622e+01,-6.19491311e+01
292.750000,-9.33642512e+01,-6.19490200e+01
292.755000,-9.33641421e+01,-6.19489109e+01
292.760000,-9.33640349e+01,-6.19488038e+01
292.765000,-9.33639298e+01,-6.19486986e+01
292.770000,-9.33638267e+01,-6.19485955e+01
292.775000,-9.33637255e+01,-6.19484943e+01
292.780000,-9.33636262e+01,-6.19483950e+01
292.785000,-9.33635286e+01,-6.19482974e+01
292.790000,-9.33634326e+01,-6.19482014e+01
292.795000,-9.33633379e+01,-6.19481067e+01
292.800000,-9.33632445e+01,-6.19480133e+01
292.805000,-9.33631523e+01,-6.19479211e+01
292.810000,-9.33630613e+01,-6.19478301e+01
292.815000,-9.33629714e+01,-6.19477402e+01
292.820000,-9.33628825e+01,-6.19476514e+01
292.825000,-9.33627945e+01,-6.19475634e+01
292.830000,-9.33627072e+01,-6.19474761e+01
292.835000,-9.33626205e+01,-6.19473894e+01
292.840000,-9.33625344e+01,-6.19473032e+01
292.845000,-9.33624487e+01,-6.19472175e+01
292.850000,-9.33623635e+01,-6.19471323e+01
292.855000,-9.33622787e+01,-6.19470475e+01
292.860000,-9.33621943e+01,-6.19469632e+01
292.865000,-9.33621104e+01,-6.19468793e+01
292.870000,-9.33620271e+01,-6.19467959e+01
292.875000,-9.33619444e+01,-6.19467132e+01
292.880000,-9.33618625e+01,-6.19466314e+01
292.885000,-9.33617816e+01,-6.19465505e+01
292.890000,-9.33617020e+01,-6.19464708e+01
292.895000,-9.33616237e+01,-6.19463926e+01
292.900000,-9.33615472e+01,-6.19463160e+01
292.905000,-9.33614725e+01,-6.19462414e+01
292.910000,-9.33613997e+01,-6.19461686e+01
292.915000,-9.33613286e+01,-6.19460975e+01
292.920000,-9.33612590e+01,-6.19460279e+01
292.925000,-9.33611906e+01,-6.19459595e+01
292.930000,-9.33611231e+01,-6.19458920e+01
292.935000,-9.33610564e+01,-6.19458252e+01
292.940000,-9.33609900e+01,-6.19457589e+01
292.945000,-9.33609239e+01,-6.19456927e+01
292.950000,-9.33608577e+01,-6.19456266e+01
292.955000,-9.33607915e+01,-6.19455603e+01
292.960000,-9.33607249e+01,-6.19454938e+01
292.965000,-9.33606579e+01,-6.19454267e+01
292.970000,-9.33605901e+01,-6.19453590e+01
292.975000,-9.33605213e+01,-6.19452902e+01
292.980000,-9.33604512e+01,-6.19452201e+01
292.985000,-9.33603797e+01,-6.19451485e+01
292.990000,-9.33603065e+01,-6.19450754e+01
292.995000,-9.33602316e+01,-6.19450005e+01
293.000000,-9.33601549e+01,-6.19449238e+01
293.005000,-9.33600765e+01,-6.19448453e+01
293.010000,-9.33599961e+01,-6.19447650e+01
293.015000,-9.33599139e+01,-6.19446828e+01
293.020000,-9.33598299e+01,-6.19445987e+01
293.025000,-9.33597441e+01,-6.19445129e+01
293.030000,-9.33596565e+01,-6.19444254e+01
293.035000,-9.33595675e+01,-6.19443364e+01
293.040000,-9.33594773e+01,-6.19442462e+01
293.045000,-9.33593861e+01,-6.19441550e+01
293.050000,-9.33592942e+01,-6.19440630e+01
293.055000,-9.33592017e+01,-6.19439706e+01
293.060000,-9.33591090e+01,-6.19438778e+01
293.065000,-9.33590160e+01,-6.19437849e+01
293.070000,-9.33589231e+01,-6.19436920e+01
293.075000,-9.33588304e+01,-6.19435993e+01
293.080000,-9.33587382e+01,-6.19435071e+01
293.085000,-9.33586467e+01,-6.19434155e+01
293.090000,-9.33585560e+01,-6.19433249e+01
293.095000,-9.33584665e+01,-6.19432354e+01
293.100000,-9.33583782e+01,-6.19431470e+01
293.105000,-9.33582911e+01,-6.19430600e+01
293.110000,-9.33582052e+01,-6.19429741e+01
293.115000,-9.33581205e+01,-6.19428894e+01
293.120000,-9.33580368e+01,-6.19428057e+01
293.125000,-9.33579540e+01,-6.19427229e+01
293.130000,-9.33578722e+01,-6.19426411e+01
293.135000,-9.33577914e+01,-6.19425603e+01
293.140000,-9.33577118e+01,-6.19424807e+01
293.145000,-9.33576337e+01,-6.19424025e+01
293.150000,-9.33575570e+01,-6.19423259e+01
293.155000,-9.33574821e+01,-6.19422510e+01
293.160000,-9.33574089e+01,-6.19421777e+01
293.165000,-9.33573373e+01,-6.19421062e+01
293.170000,-9.33572674e+01,-6.19420363e+01
293.175000,-9.33571991e+01,-6.19419680e+01
293.180000,-9.33571322e+01,-6.19419011e+01
293.185000,-9.33570667e+01,-6.19418356e+01
293.190000,-9.33570023e+01,-6.19417712e+01
293.195000,-9.33569387e+01,-6.19417076e+01
293.200000,-9.33568756e+01,-6.19416445e+01
293.205000,-9.33568127e+01,-6.19415816e+01
293.210000,-9.33567497e+01,-6.19415186e+01
293.215000,-9.33566861e+01,-6.19414550e+01
293.220000,-9.33566218e+01,-6.19413907e+01
293.225000,-9.33565566e+01,-6.19413255e+01
293.230000,-9.33564904e+01,-6.19412593e+01
293.235000,-9.33564232e+01,-6.19411921e+01
293.240000,-9.33563549e+01,-6.19411238e+01
293.245000,-9.33562856e+01,-6.19410545e+01
293.250000,-9.33562151e+01,-6.19409840e+01
293.255000,-9.33561434e+01,-6.19409123e+01
293.260000,-9.33560705e+01,-6.19408394e+01
293.265000,-9.33559963e+01,-6.19407652e+01
293.270000,-9.33559208e+01,-6.19406897e+01
293.275000,-9.33558440e+01,-6.19406129e+01
293.280000,-9.33557660e+01,-6.19405349e+01
293.285000,-9.33556870e+01,-6.19404559e+01
293.290000,-9.33556072e+01,-6.19403761e+01
293.295000,-9.33555267e+01,-6.19402956e+01
293.300000,-9.33554455e+01,-6.19402144e+01
293.305000,-9.33553637e+01,-6.19401326e+01
293.310000,-9.33552814e+01,-6.19400503e+01
293.315000,-9.33551987e+01,-6.19399676e+01
293.320000,-9.33551157e+01,-6.19398846e+01
293.325000,-9.33550325e+01,-6.19398014e+01
293.330000,-9.33549492e+01,-6.19397181e+01
293.335000,-9.33548658e+01,-6.19396347e+01
293.340000,-9.33547823e+01,-6.19395512e+01
293.345000,-9.33546987e+01,-6.19394676e+01
293.350000,-9.33546148e+01,-6.19393837e+01
293.355000,-9.33545303e+01,-6.19392992e+01
293.360000,-9.33544451e+01,-6.19392140e+01
293.365000,-9.33543589e+01,-6.19391278e+01
293.370000,-9.33542717e+01,-6.19390406e+01
293.375000,-9.33541835e+01,-6.19389524e+01
293.380000,-9.33540942e+01,-6.19388631e+01
293.385000,-9.33540040e+01,-6.19387729e+01
293.390000,-9.33539129e+01,-6.19386819e+01
293.395000,-9.33538212e+01,-6.19385901e+01
293.400000,-9.33537288e+01,-6.19384978e+01
293.405000,-9.33536361e+01,-6.19384050e+01
293.410000,-9.33535431e+01,-6.19383120e+01
293.415000,-9.33534499e+01,-6.19382188e+01
293.420000,-9.33533569e+01,-6.19381258e+01
293.425000,-9.33532644e+01,-6.19380333e+01
293.430000,-9.33531728e+01,-6.19379417e+01
293.435000,-9.33530822e+01,-6.19378511e+01
293.440000,-9.33529928e+01,-6.19377617e+01
293.445000,-9.33529049e+01,-6.19376738e+01
293.450000,-9.33528184e+01,-6.19375873e+01
293.455000,-9.33527336e+01,-6.19375025e+01
293.460000,-9.33526503e+01,-6.19374192e+01
293.465000,-9.33525687e+01,-6.19373376e+01
293.470000,-9.33524886e+01,-6.19372576e+01
293.475000,-9.33524101e+01,-6.19371790e+01
293.480000,-9.33523328e+01,-6.19371017e+01
293.485000,-9.33522567e+01,-6.19370256e+01
293.490000,-9.33521812e+01,-6.19369502e+01
293.495000,-9.33521061e+01,-6.19368751e+01
293.500000,-9.33520311e+01,-6.19368000e+01
293.505000,-9.33519559e+01,-6.19367248e+01
293.510000,-9.33518806e+01,-6.19366495e+01
293.515000,-9.33518050e+01,-6.19365739e+01
293.520000,-9.33517292e+01,-6.19364981e+01
293.525000,-9.33516532e+01,-6.19364221e+01
293.530000,-9.33515769e+01,-6.19363459e+01
293.535000,-9.33515004e+01,-6.19362694e+01
293.540000,-9.33514236e+01,-6.19361925e+01
293.545000,-9.33513461e+01,-6.19361150e+01
293.550000,-9.33512677e+01,-6.19360367e+01
293.555000,-9.33511883e+01,-6.19359573e+01
293.560000,-9.33511077e+01,-6.19358767e+01
293.565000,-9.33510258e+01,-6.19357948e+01
293.570000,-9.33509426e+01,-6.19357116e+01
293.575000,-9.33508581e+01,-6.19356270e+01
293.580000,-9.33507722e+01,-6.19355412e+01
293.585000,-9.33506852e+01,-6.19354542e+01
293.590000,-9.33505971e+01,-6.19353661e+01
293.595000,-9.33505079e+01,-6.19352769e+01
293.600000,-9.33504178e+01,-6.19351868e+01
293.605000,-9.33503270e+01,-6.19350959e+01
293.610000,-9.33502354e+01,-6.19350044e+01
293.615000,-9.33501434e+01,-6.19349124e+01
293.620000,-9.33500510e+01,-6.19348199e+01
293.625000,-9.33499582e+01,-6.19347271e+01
293.630000,-9.33498651e+01,-6.19346341e+01
293.635000,-9.33497719e+01,-6.19345408e+01
293.640000,-9.33496784e+01,-6.19344474e+01
293.645000,-9.33495848e+01,-6.19343537e+01
293.650000,-9.33494909e+01,-6.19342599e+01
293.655000,-9.33493971e+01,-6.19341660e+01
293.660000,-9.33493034e+01,-6.19340723e+01
293.665000,-9.33492099e+01,-6.19339789e+01
293.670000,-9.33491169e+01,-6.19338858e+01
293.675000,-9.33490245e+01,-6.19337934e+01
293.680000,-9.33489328e+01,-6.19337018e+01
293.685000,-9.33488422e+01,-6.19336111e+01
293.690000,-9.33487528e+01,-6.19335217e+01
293.695000,-9.33486646e+01,-6.19334336e+01
293.700000,-9.33485780e+01,-6.19333470e+01
293.705000,-9.33484931e+01,-6.19332621e+01
293.710000,-9.33484102e+01,-6.19331791e+01
293.715000,-9.33483294e+01,-6.19330984e+01
293.720000,-9.33482511e+01,-6.19330200e+01
293.725000,-9.33481752e+01,-6.19329441e+01
293.730000,-9.33481019e+01,-6.19328708e+01
293.735000,-9.33480312e+01,-6.19328001e+01
293.740000,-9.33479630e+01,-6.19327320e+01
293.745000,-9.33478972e+01,-6.19326662e+01
293.750000,-9.33478336e+01,-6.19326026e+01
293.755000,-9.33477718e+01,-6.19325408e+01
293.760000,-9.33477116e+01,-6.19324806e+01
293.765000,-9.33476528e+01,-6.19324218e+01
293.770000,-9.33475952e+01,-6.19323641e+01
293.775000,-9.33475386e+01,-6.19323075e+01
293.780000,-9.33474829e+01,-6.19322518e+01
293.785000,-9.33474280e+01,-6.19321969e+01
293.790000,-9.33473736e+01,-6.19321426e+01
293.795000,-9.33473197e+01,-6.19320886e+01
293.800000,-9.33472659e+01,-6.19320348e+01
293.805000,-9.33472121e+01,-6.19319810e+01
293.810000,-9.33471582e+01,-6.19319272e+01
293.815000,-9.33471044e+01,-6.19318733e+01
293.820000,-9.33470505e+01,-6.19318194e+01
293.825000,-9.33469966e+01,-6.19317656e+01
293.830000,-9.33469428e+01,-6.19317118e+01
293.835000,-9.33468893e+01,-6.19316583e+01
293.840000,-9.33468360e+01,-6.19316050e+01
293.845000,-9.33467832e+01,-6.19315521e+01
293.850000,-9.33467308e+01,-6.19314998e+01
293.855000,-9.33466791e+01,-6.19314481e+01
293.860000,-9.33466283e+01,-6.19313973e+01
293.865000,-9.33465785e+01,-6.19313475e+01
293.870000,-9.33465297e+01,-6.19312987e+01
293.875000,-9.33464819e+01,-6.19312508e+01
293.880000,-9.33464349e+01,-6.19312038e+01
293.885000,-9.33463887e+01,-6.19311577e+01
293.890000,-9.33463431e+01,-6.19311121e+01
293.895000,-9.33462980e+01,-6.19310670e+01
293.900000,-9.33462529e+01,-6.19310219e+01
293.905000,-9.33462076e+01,-6.19309766e+01
293.910000,-9.33461619e+01,-6.19309309e+01
293.915000,-9.33461153e+01,-6.19308843e+01
293.920000,-9.33460677e+01,-6.19308367e+01
293.925000,-9.33460189e+01,-6.19307879e+01
293.930000,-9.33459686e+01,-6.19307376e+01
293.935000,-9.33459168e+01,-6.19306858e+01
293.940000,-9.33458631e+01,-6.19306321e+01
293.945000,-9.33458076e+01,-6.19305765e+01
293.950000,-9.33457501e+01,-6.19305191e+01
293.955000,-9.33456911e+01,-6.19304601e+01
293.960000,-9.33456307e+01,-6.19303997e+01
293.965000,-9.33455695e+01,-6.19303385e+01
293.970000,-9.33455078e+01,-6.19302768e+01
293.975000,-9.33454461e+01,-6.19302151e+01
293.980000,-9.33453849e+01,-6.19301539e+01
293.985000,-9.33453248e+01,-6.19300938e+01
293.990000,-9.33452662e+01,-6.19300352e+01
293.995000,-9.33452096e+01,-6.19299786e+01
294.000000,-9.33451551e+01,-6.19299241e+01
294.005000,-9.33451031e+01,-6.19298721e+01
294.010000,-9.33450537e+01,-6.19298227e+01
294.015000,-9.33450071e+01,-6.19297761e+01
294.020000,-9.33449633e+01,-6.19297323e+01
294.025000,-9.33449224e+01,-6.19296914e+01
294.030000,-9.33448844e+01,-6.19296534e+01
294.035000,-9.33448493e+01,-6.19296183e+01
294.040000,-9.33448170e+01,-6.19295860e+01
294.045000,-9.33447873e+01,-6.19295563e+01
294.050000,-9.33447600e+01,-6.19295290e+01
294.055000,-9.33447346e+01,-6.19295036e+01
294.060000,-9.33447109e+01,-6.19294799e+01
294.065000,-9.33446885e+01,-6.19294575e+01
294.070000,-9.33446671e+01,-6.19294361e+01
294.075000,-9.33446462e+01,-6.19294152e+01
294.080000,-9.33446255e+01,-6.19293945e+01
294.085000,-9.33446046e+01,-6.19293736e+01
294.090000,-9.33445833e+01,-6.19293523e+01
294.095000,-9.33445613e+01,-6.19293303e+01
294.100000,-9.33445385e+01,-6.19293075e+01
294.105000,-9.33445150e+01,-6.19292840e+01
294.110000,-9.33444910e+01,-6.19292600e+01
294.115000,-9.33444665e+01,-6.19292355e+01
294.120000,-9.33444418e+01,-6.19292108e+01
294.125000,-9.33444173e+01,-6.19291863e+01
294.130000,-9.33443931e+01,-6.19291621e+01
294.135000,-9.33443698e+01,-6.19291388e+01
294.140000,-9.33443476e+01,-6.19291166e+01
294.145000,-9.33443267e+01,-6.19290957e+01
294.150000,-9.33443073e+01,-6.19290763e+01
294.155000,-9.33442893e+01,-6.19290583e+01
294.160000,-9.33442727e+01,-6.19290417e+01
294.165000,-9.33442574e+01,-6.19290264e+01
294.170000,-9.33442432e+01,-6.19290122e+01
294.175000,-9.33442299e+01,-6.19289989e+01
294.180000,-9.33442175e+01,-6.19289865e+01
294.185000,-9.33442058e+01,-6.19289748e+01
294.190000,-9.33441944e+01,-6.19289634e+01
294.195000,-9.33441831e+01,-6.19289521e+01
294.200000,-9.33441715e+01,-6.19289405e+01
294.205000,-9.33441593e+01,-6.19289283e+01
294.210000,-9.33441462e+01,-6.19289152e+01
294.215000,-9.33441319e+01,-6.19289009e+01
294.220000,-9.33441162e+01,-6.19288852e+01
294.225000,-9.33440988e+01,-6.19288678e+01
294.230000,-9.33440797e+01,-6.19288487e+01
294.235000,-9.33440588e+01,-6.19288277e+01
294.240000,-9.33440360e+01,-6.19288050e+01
294.245000,-9.33440116e+01,-6.19287805e+01
294.250000,-9.33439855e+01,-6.19287545e+01
294.255000,-9.33439581e+01,-6.19287271e+01
294.260000,-9.33439297e+01,-6.19286988e+01
294.265000,-9.33439007e+01,-6.19286697e+01
294.270000,-9.33438714e+01,-6.19286404e+01
294.275000,-9.33438422e+01,-6.19286112e+01
294.280000,-9.33438136e+01,-6.19285826e+01
294.285000,-9.33437861e+01,-6.19285552e+01
294.290000,-9.33437601e+01,-6.19285291e+01
294.295000,-9.33437357e+01,-6.19285047e+01
294.300000,-9.33437130e+01,-6.19284820e+01
294.305000,-9.33436921e+01,-6.19284611e+01
294.310000,-9.33436727e+01,-6.19284417e+01
294.315000,-9.33436548e+01,-6.19284238e+01
294.320000,-9.33436382e+01,-6.19284072e+01
294.325000,-9.33436227e+01,-6.19283917e+01
294.330000,-9.33436080e+01,-6.19283770e+01
294.335000,-9.33435940e+01,-6.19283630e+01
294.340000,-9.33435807e+01,-6.19283497e+01
294.345000,-9.33435679e+01,-6.19283369e+01
294.350000,-9.33435554e+01,-6.19283245e+01
294.355000,-9.33435435e+01,-6.19283125e+01
294.360000,-9.33435319e+01,-6.19283009e+01
294.365000,-9.33435207e+01,-6.19282897e+01
294.370000,-9.33435098e+01,-6.19282788e+01
294.375000,-9.33434991e+01,-6.19282681e+01
294.380000,-9.33434884e+01,-6.19282574e+01
294.385000,-9.33434779e+01,-6.19282469e+01
294.390000,-9.33434675e+01,-6.19282365e+01
294.395000,-9.33434575e+01,-6.19282265e+01
294.400000,-9.33434480e+01,-6.19282170e+01
294.405000,-9.33434393e+01,-6.19282083e+01
294.410000,-9.33434317e+01,-6.19282007e+01
294.415000,-9.33434255e+01,-6.19281945e+01
294.420000,-9.33434210e+01,-6.19281900e+01
294.425000,-9.33434184e+01,-6.19281874e+01
294.430000,-9.33434178e+01,-6.19281868e+01
294.435000,-9.33434193e+01,-6.19281884e+01
294.440000,-9.33434228e+01,-6.19281918e+01
294.445000,-9.33434278e+01,-6.19281968e+01
294.450000,-9.33434341e+01,-6.19282031e+01
294.455000,-9.33434413e+01,-6.19282104e+01
294.460000,-9.33434491e+01,-6.19282181e+01
294.465000,-9.33434571e+01,-6.19282261e+01
294.470000,-9.33434650e+01,-6.19282340e+01
294.475000,-9.33434725e+01,-6.19282415e+01
294.480000,-9.33434794e+01,-6.19282484e+01
294.485000,-9.33434855e+01,-6.19282546e+01
294.490000,-9.33434909e+01,-6.19282599e+01
294.495000,-9.33434954e+01,-6.19282644e+01
294.500000,-9.33434991e+01,-6.19282681e+01
294.505000,-9.33435018e+01,-6.19282708e+01
294.510000,-9.33435034e+01,-6.19282724e+01
294.515000,-9.33435035e+01,-6.19282725e+01
294.520000,-9.33435018e+01,-6.19282709e+01
294.525000,-9.33434981e+01,-6.19282671e+01
294.530000,-9.33434918e+01,-6.19282608e+01
294.535000,-9.33434830e+01,-6.19282520e+01
294.540000,-9.33434716e+01,-6.19282406e+01
294.545000,-9.33434577e+01,-6.19282267e+01
294.550000,-9.33434417e+01,-6.19282107e+01
294.555000,-9.33434239e+01,-6.19281929e+01
294.560000,-9.33434047e+01,-6.19281737e+01
294.565000,-9.33433846e+01,-6.19281536e+01
294.570000,-9.33433641e+01,-6.19281331e+01
294.575000,-9.33433437e+01,-6.19281127e+01
294.580000,-9.33433237e+01,-6.19280927e+01
294.585000,-9.33433046e+01,-6.19280736e+01
294.590000,-9.33432866e+01,-6.19280557e+01
294.595000,-9.33432699e+01,-6.19280389e+01
294.600000,-9.33432544e+01,-6.19280234e+01
294.605000,-9.33432400e+01,-6.19280090e+01
294.610000,-9.33432269e+01,-6.19279959e+01
294.615000,-9.33432149e+01,-6.19279839e+01
294.620000,-9.33432039e+01,-6.19279729e+01
294.625000,-9.33431937e+01,-6.19279627e+01
294.630000,-9.33431842e+01,-6.19279532e+01
294.635000,-9.33431753e+01,-6.19279443e+01
294.640000,-9.33431670e+01,-6.19279360e+01
294.645000,-9.33431592e+01,-6.19279282e+01
294.650000,-9.33431520e+01,-6.19279210e+01
294.655000,-9.33431453e+01,-6.19279144e+01
294.660000,-9.33431391e+01,-6.19279081e+01
294.665000,-9.33431331e+01,-6.19279022e+01
294.670000,-9.33431272e+01,-6.19278962e+01
294.675000,-9.33431210e+01,-6.19278900e+01
294.680000,-9.33431143e+01,-6.19278833e+01
294.685000,-9.33431072e+01,-6.19278762e+01
294.690000,-9.33430996e+01,-6.19278686e+01
294.695000,-9.33430918e+01,-6.19278608e+01
294.700000,-9.33430842e+01,-6.19278532e+01
294.705000,-9.33430771e+01,-6.19278461e+01
294.710000,-9.33430710e+01,-6.19278400e+01
294.715000,-9.33430663e+01,-6.19278353e+01
294.720000,-9.33430633e+01,-6.19278323e+01
294.725000,-9.33430620e+01,-6.19278310e+01
294.730000,-9.33430625e+01,-6.19278315e+01
294.735000,-9.33430648e+01,-6.19278339e+01
294.740000,-9.33430688e+01,-6.19278378e+01
294.745000,-9.33430741e+01,-6.19278431e+01
294.750000,-9.33430804e+01,-6.19278494e+01
294.755000,-9.33430876e+01,-6.19278566e+01
294.760000,-9.33430952e+01,-6.19278642e+01
294.765000,-9.33431031e+01,-6.19278721e+01
294.770000,-9.33431109e+01,-6.19278800e+01
294.775000,-9.33431184e+01,-6.19278875e+01
294.780000,-9.33431254e+01,-6.19278945e+01
294.785000,-9.33431318e+01,-6.19279008e+01
294.790000,-9.33431374e+01,-6.19279065e+01
294.795000,-9.33431423e+01,-6.19279113e+01
294.800000,-9.33431463e+01,-6.19279153e+01
294.805000,-9.33431493e+01,-6.19279184e+01
294.810000,-9.33431514e+01,-6.19279204e+01
294.815000,-9.33431526e+01,-6.19279216e+01
294.820000,-9.33431528e+01,-6.19279219e+01
294.825000,-9.33431523e+01,-6.19279213e+01
294.830000,-9.33431512e+01,-6.19279202e+01
294.835000,-9.33431496e+01,-6.19279186e+01
294.840000,-9.33431476e+01,-6.19279167e+01
294.845000,-9.33431457e+01,-6.19279147e+01
294.850000,-9.33431439e+01,-6.19279129e+01
294.855000,-9.33431426e+01,-6.19279116e+01
294.860000,-9.33431421e+01,-6.19279111e+01
294.865000,-9.33431427e+01,-6.19279117e+01
294.870000,-9.33431445e+01,-6.19279135e+01
294.875000,-9.33431477e+01,-6.19279167e+01
294.880000,-9.33431521e+01,-6.19279211e+01
294.885000,-9.33431578e+01,-6.19279268e+01
294.890000,-9.33431645e+01,-6.19279335e+01
294.895000,-9.33431720e+01,-6.19279410e+01
294.900000,-9.33431800e+01,-6.19279490e+01
294.905000,-9.33431883e+01,-6.19279573e+01
294.910000,-9.33431966e+01,-6.19279656e+01
294.915000,-9.33432048e+01,-6.19279739e+01
294.920000,-9.33432129e+01,-6.19279819e+01
294.925000,-9.33432207e+01,-6.19279897e+01
294.930000,-9.33432280e+01,-6.19279971e+01
294.935000,-9.33432351e+01,-6.19280041e+01
294.940000,-9.33432418e+01,-6.19280108e+01
294.945000,-9.33432480e+01,-6.19280171e+01
294.950000,-9.33432538e+01,-6.19280228e+01
294.955000,-9.33432590e+01,-6.19280280e+01
294.960000,-9.33432638e+01,-6.19280328e+01
294.965000,-9.33432680e+01,-6.19280370e+01
294.970000,-9.33432719e+01,-6.19280409e+01
294.975000,-9.33432757e+01,-6.19280447e+01
294.980000,-9.33432793e+01,-6.19280483e+01
294.985000,-9.33432831e+01,-6.19280521e+01
294.990000,-9.33432872e+01,-6.19280562e+01
294.995000,-9.33432917e+01,-6.19280607e+01
295.000000,-9.33432969e+01,-6.19280659e+01
295.005000,-9.33433030e+01,-6.19280720e+01
295.010000,-9.33433100e+01,-6.19280790e+01
295.015000,-9.33433182e+01,-6.19280872e+01
295.020000,-9.33433275e+01,-6.19280965e+01
295.025000,-9.33433380e+01,-6.19281070e+01
295.030000,-9.33433495e+01,-6.19281185e+01
295.035000,-9.33433619e+01,-6.19281309e+01
295.040000,-9.33433750e+01,-6.19281440e+01
295.045000,-9.33433884e+01,-6.19281574e+01
295.050000,-9.33434018e+01,-6.19281708e+01
295.055000,-9.33434150e+01,-6.19281840e+01
295.060000,-9.33434278e+01,-6.19281968e+01
295.065000,-9.33434400e+01,-6.19282090e+01
295.070000,-9.33434512e+01,-6.19282203e+01
295.075000,-9.33434616e+01,-6.19282306e+01
295.080000,-9.33434709e+01,-6.19282400e+01
295.085000,-9.33434793e+01,-6.19282483e+01
295.090000,-9.33434865e+01,-6.19282555e+01
295.095000,-9.33434925e+01,-6.19282615e+01
295.100000,-9.33434973e+01,-6.19282664e+01
295.105000,-9.33435009e+01,-6.19282699e+01
295.110000,-9.33435032e+01,-6.19282722e+01
295.115000,-9.33435043e+01,-6.19282733e+01
295.120000,-9.33435044e+01,-6.19282734e+01
295.125000,-9.33435034e+01,-6.19282724e+01
295.130000,-9.33435014e+01,-6.19282705e+01
295.135000,-9.33434986e+01,-6.19282676e+01
295.140000,-9.33434950e+01,-6.19282640e+01
295.145000,-9.33434907e+01,-6.19282597e+01
295.150000,-9.33434859e+01,-6.19282549e+01
295.155000,-9.33434806e+01,-6.19282496e+01
295.160000,-9.33434752e+01,-6.19282442e+01
295.165000,-9.33434699e+01,-6.19282389e+01
295.170000,-9.33434648e+01,-6.19282338e+01
295.175000,-9.33434599e+01,-6.19282289e+01
295.180000,-9.33434554e+01,-6.19282244e+01
295.185000,-9.33434510e+01,-6.19282200e+01
295.190000,-9.33434467e+01,-6.19282157e+01
295.195000,-9.33434423e+01,-6.19282113e+01
295.200000,-9.33434378e+01,-6.19282068e+01
295.205000,-9.33434331e+01,-6.19282021e+01
295.210000,-9.33434281e+01,-6.19281971e+01
295.215000,-9.33434229e+01,-6.19281919e+01
295.220000,-9.33434175e+01,-6.19281865e+01
295.225000,-9.33434117e+01,-6.19281807e+01
295.230000,-9.33434055e+01,-6.19281745e+01
295.235000,-9.33433990e+01,-6.19281680e+01
295.240000,-9.33433920e+01,-6.19281610e+01
295.245000,-9.33433847e+01,-6.19281537e+01
295.250000,-9.33433768e+01,-6.19281458e+01
295.255000,-9.33433684e+01,-6.19281374e+01
295.260000,-9.33433595e+01,-6.19281285e+01
295.265000,-9.33433501e+01,-6.19281191e+01
295.270000,-9.33433406e+01,-6.19281096e+01
295.275000,-9.33433312e+01,-6.19281003e+01
295.280000,-9.33433223e+01,-6.19280914e+01
295.285000,-9.33433141e+01,-6.19280831e+01
295.290000,-9.33433068e+01,-6.19280758e+01
295.295000,-9.33433003e+01,-6.19280693e+01
295.300000,-9.33432950e+01,-6.19280640e+01
295.305000,-9.33432908e+01,-6.19280598e+01
295.310000,-9.33432880e+01,-6.19280570e+01
295.315000,-9.33432867e+01,-6.19280557e+01
295.320000,-9.33432871e+01,-6.19280562e+01
295.325000,-9.33432893e+01,-6.19280583e+01
295.330000,-9.33432932e+01,-6.19280622e+01
295.335000,-9.33432987e+01,-6.19280677e+01
295.340000,-9.33433057e+01,-6.19280747e+01
295.345000,-9.33433141e+01,-6.19280832e+01
295.350000,-9.33433237e+01,-6.19280928e+01
295.355000,-9.33433344e+01,-6.19281034e+01
295.360000,-9.33433458e+01,-6.19281148e+01
295.365000,-9.33433577e+01,-6.19281268e+01
295.370000,-9.33433699e+01,-6.19281389e+01
295.375000,-9.33433818e+01,-6.19281508e+01
295.380000,-9.33433933e+01,-6.19281623e+01
295.385000,-9.33434041e+01,-6.19281731e+01
295.390000,-9.33434139e+01,-6.19281829e+01
295.395000,-9.33434225e+01,-6.19281915e+01
295.400000,-9.33434298e+01,-6.19281988e+01
295.405000,-9.33434356e+01,-6.19282046e+01
295.410000,-9.33434398e+01,-6.19282088e+01
295.415000,-9.33434426e+01,-6.19282116e+01
295.420000,-9.33434439e+01,-6.19282129e+01
295.425000,-9.33434439e+01,-6.19282129e+01
295.430000,-9.33434429e+01,-6.19282119e+01
295.435000,-9.33434409e+01,-6.19282099e+01
295.440000,-9.33434381e+01,-6.19282071e+01
295.445000,-9.33434345e+01,-6.19282035e+01
295.450000,-9.33434301e+01,-6.19281991e+01
295.455000,-9.33434250e+01,-6.19281940e+01
295.460000,-9.33434194e+01,-6.19281884e+01
295.465000,-9.33434134e+01,-6.19281824e+01
295.470000,-9.33434072e+01,-6.19281762e+01
295.475000,-9.33434009e+01,-6.19281699e+01
295.480000,-9.33433946e+01,-6.19281636e+01
295.485000,-9.33433886e+01,-6.19281577e+01
295.490000,-9.33433830e+01,-6.19281520e+01
295.495000,-9.33433779e+01,-6.19281469e+01
295.500000,-9.33433733e+01,-6.19281423e+01
295.505000,-9.33433693e+01,-6.19281383e+01
295.510000,-9.33433659e+01,-6.19281349e+01
295.515000,-9.33433629e+01,-6.19281319e+01
295.520000,-9.33433602e+01,-6.19281293e+01
295.525000,-9.33433577e+01,-6.19281267e+01
295.530000,-9.33433549e+01,-6.19281239e+01
295.535000,-9.33433517e+01,-6.19281207e+01
295.540000,-9.33433476e+01,-6.19281167e+01
295.545000,-9.33433426e+01,-6.19281116e+01
295.550000,-9.33433363e+01,-6.19281053e+01
295.555000,-9.33433287e+01,-6.19280977e+01
295.560000,-9.33433193e+01,-6.19280883e+01
295.565000,-9.33433082e+01,-6.19280772e+01
295.570000,-9.33432951e+01,-6.19280641e+01
295.575000,-9.33432799e+01,-6.19280489e+01
295.580000,-9.33432627e+01,-6.19280317e+01
295.585000,-9.33432435e+01,-6.19280125e+01
295.590000,-9.33432224e+01,-6.19279914e+01
295.595000,-9.33431996e+01,-6.19279686e+01
295.600000,-9.33431754e+01,-6.19279444e+01
295.605000,-9.33431502e+01,-6.19279192e+01
295.610000,-9.33431242e+01,-6.19278932e+01
295.615000,-9.33430979e+01,-6.19278669e+01
295.620000,-9.33430717e+01,-6.19278407e+01
295.625000,-9.33430457e+01,-6.19278147e+01
295.630000,-9.33430203e+01,-6.19277893e+01
295.635000,-9.33429957e+01,-6.19277648e+01
295.640000,-9.33429723e+01,-6.19277413e+01
295.645000,-9.33429501e+01,-6.19277191e+01
295.650000,-9.33429295e+01,-6.19276985e+01
295.655000,-9.33429105e+01,-6.19276795e+01
295.660000,-9.33428930e+01,-6.19276620e+01
295.665000,-9.33428772e+01,-6.19276462e+01
295.670000,-9.33428628e+01,-6.19276319e+01
295.675000,-9.33428497e+01,-6.19276187e+01
295.680000,-9.33428375e+01,-6.19276065e+01
295.685000,-9.33428259e+01,-6.19275949e+01
295.690000,-9.33428146e+01,-6.19275836e+01
295.695000,-9.33428034e+01,-6.19275724e+01
295.700000,-9.33427920e+01,-6.19275610e+01
295.705000,-9.33427803e+01,-6.19275493e+01
295.710000,-9.33427682e+01,-6.19275372e+01
295.715000,-9.33427555e+01,-6.19275245e+01
295.720000,-9.33427423e+01,-6.19275113e+01
295.725000,-9.33427285e+01,-6.19274976e+01
295.730000,-9.33427144e+01,-6.19274834e+01
295.735000,-9.33426999e+01,-6.19274689e+01
295.740000,-9.33426851e+01,-6.19274542e+01
295.745000,-9.33426703e+01,-6.19274393e+01
295.750000,-9.33426554e+01,-6.19274244e+01
295.755000,-9.33426406e+01,-6.19274096e+01
295.760000,-9.33426260e+01,-6.19273951e+01
295.765000,-9.33426119e+01,-6.19273809e+01
295.770000,-9.33425981e+01,-6.19273671e+01
295.775000,-9.33425848e+01,-6.19273538e+01
295.780000,-9.33425718e+01,-6.19273408e+01
295.785000,-9.33425592e+01,-6.19273282e+01
295.790000,-9.33425468e+01,-6.19273158e+01
295.795000,-9.33425346e+01,-6.19273036e+01
295.800000,-9.33425225e+01,-6.19272915e+01
295.805000,-9.33425102e+01,-6.19272792e+01
295.810000,-9.33424977e+01,-6.19272667e+01
295.815000,-9.33424846e+01,-6.19272536e+01
295.820000,-9.33424709e+01,-6.19272399e+01
295.825000,-9.33424564e+01,-6.19272254e+01
295.830000,-9.33424410e+01,-6.19272100e+01
295.835000,-9.33424246e+01,-6.19271936e+01
295.840000,-9.33424072e+01,-6.19271762e+01
295.845000,-9.33423888e+01,-6.19271578e+01
295.850000,-9.33423694e+01,-6.19271385e+01
295.855000,-9.33423492e+01,-6.19271182e+01
295.860000,-9.33423280e+01,-6.19270970e+01
295.865000,-9.33423061e+01,-6.19270752e+01
295.870000,-9.33422837e+01,-6.19270527e+01
295.875000,-9.33422608e+01,-6.19270298e+01
295.880000,-9.33422379e+01,-6.19270069e+01
295.885000,-9.33422152e+01,-6.19269842e+01
295.890000,-9.33421927e+01,-6.19269618e+01
295.895000,-9.33421710e+01,-6.19269400e+01
295.900000,-9.33421500e+01,-6.19269190e+01
295.905000,-9.33421300e+01,-6.19268990e+01
295.910000,-9.33421112e+01,-6.19268802e+01
295.915000,-9.33420939e+01,-6.19268629e+01
295.920000,-9.33420783e+01,-6.19268473e+01
295.925000,-9.33420644e+01,-6.19268335e+01
295.930000,-9.33420525e+01,-6.19268215e+01
295.935000,-9.33420425e+01,-6.19268115e+01
295.940000,-9.33420344e+01,-6.19268034e+01
295.945000,-9.33420280e+01,-6.19267970e+01
295.950000,-9.33420230e+01,-6.19267920e+01
295.955000,-9.33420191e+01,-6.19267882e+01
295.960000,-9.33420159e+01,-6.19267850e+01
295.965000,-9.33420131e+01,-6.19267821e+01
295.970000,-9.33420101e+01,-6.19267791e+01
295.975000,-9.33420067e+01,-6.19267757e+01
295.980000,-9.33420027e+01,-6.19267717e+01
295.985000,-9.33419978e+01,-6.19267668e+01
295.990000,-9.33419918e+01,-6.19267608e+01
295.995000,-9.33419846e+01,-6.19267536e+01
296.000000,-9.33419763e+01,-6.19267453e+01
296.005000,-9.33419668e+01,-6.19267358e+01
296.010000,-9.33419563e+01,-6.19267253e+01
296.015000,-9.33419450e+01,-6.19267140e+01
296.020000,-9.33419331e+01,-6.19267021e+01
296.025000,-9.33419208e+01,-6.19266898e+01
296.030000,-9.33419084e+01,-6.19266775e+01
296.035000,-9.33418963e+01,-6.19266653e+01
296.040000,-9.33418845e+01,-6.19266536e+01
296.045000,-9.33418734e+01,-6.19266424e+01
296.050000,-9.33418630e+01,-6.19266320e+01
296.055000,-9.33418535e+01,-6.19266225e+01
296.060000,-9.33418448e+01,-6.19266138e+01
296.065000,-9.33418370e+01,-6.19266061e+01
296.070000,-9.33418301e+01,-6.19265991e+01
296.075000,-9.33418239e+01,-6.19265929e+01
296.080000,-9.33418183e+01,-6.19265873e+01
296.085000,-9.33418131e+01,-6.19265822e+01
296.090000,-9.33418081e+01,-6.19265772e+01
296.095000,-9.33418031e+01,-6.19265721e+01
296.100000,-9.33417976e+01,-6.19265666e+01
296.105000,-9.33417915e+01,-6.19265605e+01
296.110000,-9.33417844e+01,-6.19265534e+01
296.115000,-9.33417760e+01,-6.19265450e+01
296.120000,-9.33417659e+01,-6.19265349e+01
296.125000,-9.33417537e+01,-6.19265227e+01
296.130000,-9.33417390e+01,-6.19265080e+01
296.135000,-9.33417214e+01,-6.19264905e+01
296.140000,-9.33417008e+01,-6.19264698e+01
296.145000,-9.33416768e+01,-6.19264458e+01
296.150000,-9.33416495e+01,-6.19264185e+01
296.155000,-9.33416189e+01,-6.19263879e+01
296.160000,-9.33415851e+01,-6.19263541e+01
296.165000,-9.33415484e+01,-6.19263175e+01
296.170000,-9.33415092e+01,-6.19262782e+01
296.175000,-9.33414678e+01,-6.19262369e+01
296.180000,-9.33414248e+01,-6.19261938e+01
296.185000,-9.33413804e+01,-6.19261494e+01
296.190000,-9.33413352e+01,-6.19261042e+01
296.195000,-9.33412896e+01,-6.19260586e+01
296.200000,-9.33412440e+01,-6.19260130e+01
296.205000,-9.33411988e+01,-6.19259678e+01
296.210000,-9.33411543e+01,-6.19259233e+01
296.215000,-9.33411110e+01,-6.19258801e+01
296.220000,-9.33410692e+01,-6.19258382e+01
296.225000,-9.33410288e+01,-6.19257978e+01
296.230000,-9.33409900e+01,-6.19257591e+01
296.235000,-9.33409528e+01,-6.19257218e+01
296.240000,-9.33409169e+01,-6.19256860e+01
296.245000,-9.33408823e+01,-6.19256513e+01
296.250000,-9.33408487e+01,-6.19256177e+01
296.255000,-9.33408159e+01,-6.19255849e+01
296.260000,-9.33407836e+01,-6.19255526e+01
296.265000,-9.33407516e+01,-6.19255206e+01
296.270000,-9.33407196e+01,-6.19254886e+01
296.275000,-9.33406873e+01,-6.19254563e+01
296.280000,-9.33406544e+01,-6.19254235e+01
296.285000,-9.33406209e+01,-6.19253900e+01
296.290000,-9.33405866e+01,-6.19253557e+01
296.295000,-9.33405515e+01,-6.19253205e+01
296.300000,-9.33405153e+01,-6.19252843e+01
296.305000,-9.33404781e+01,-6.19252472e+01
296.310000,-9.33404399e+01,-6.19252089e+01
296.315000,-9.33404007e+01,-6.19251697e+01
296.320000,-9.33403606e+01,-6.19251296e+01
296.325000,-9.33403199e+01,-6.19250889e+01
296.330000,-9.33402788e+01,-6.19250478e+01
296.335000,-9.33402376e+01,-6.19250067e+01
296.340000,-9.33401968e+01,-6.19249658e+01
296.345000,-9.33401566e+01,-6.19249256e+01
296.350000,-9.33401172e+01,-6.19248863e+01
296.355000,-9.33400790e+01,-6.19248480e+01
296.360000,-9.33400419e+01,-6.19248109e+01
296.365000,-9.33400060e+01,-6.19247750e+01
296.370000,-9.33399712e+01,-6.19247402e+01
296.375000,-9.33399374e+01,-6.19247064e+01
296.380000,-9.33399045e+01,-6.19246735e+01
296.385000,-9.33398724e+01,-6.19246415e+01
296.390000,-9.33398410e+01,-6.19246100e+01
296.395000,-9.33398101e+01,-6.19245792e+01
296.400000,-9.33397796e+01,-6.19245486e+01
296.405000,-9.33397491e+01,-6.19245181e+01
296.410000,-9.33397184e+01,-6.19244874e+01
296.415000,-9.33396871e+01,-6.19244562e+01
296.420000,-9.33396550e+01,-6.19244240e+01
296.425000,-9.33396215e+01,-6.19243905e+01
296.430000,-9.33395865e+01,-6.19243555e+01
296.435000,-9.33395496e+01,-6.19243187e+01
296.440000,-9.33395107e+01,-6.19242798e+01
296.445000,-9.33394695e+01,-6.19242385e+01
296.450000,-9.33394257e+01,-6.19241947e+01
296.455000,-9.33393789e+01,-6.19241480e+01
296.460000,-9.33393292e+01,-6.19240983e+01
296.465000,-9.33392763e+01,-6.19240454e+01
296.470000,-9.33392203e+01,-6.19239893e+01
296.475000,-9.33391612e+01,-6.19239302e+01
296.480000,-9.33390992e+01,-6.19238683e+01
296.485000,-9.33390346e+01,-6.19238037e+01
296.490000,-9.33389677e+01,-6.19237367e+01
296.495000,-9.33388988e+01,-6.19236678e+01
296.500000,-9.33388282e+01,-6.19235972e+01
296.505000,-9.33387562e+01,-6.19235253e+01
296.510000,-9.33386835e+01,-6.19234525e+01
296.515000,-9.33386102e+01,-6.19233792e+01
296.520000,-9.33385368e+01,-6.19233058e+01
296.525000,-9.33384637e+01,-6.19232327e+01
296.530000,-9.33383912e+01,-6.19231602e+01
296.535000,-9.33383195e+01,-6.19230885e+01
296.540000,-9.33382489e+01,-6.19230179e+01
296.545000,-9.33381796e+01,-6.19229487e+01
296.550000,-9.33381118e+01,-6.19228808e+01
296.555000,-9.33380454e+01,-6.19228145e+01
296.560000,-9.33379806e+01,-6.19227497e+01
296.565000,-9.33379174e+01,-6.19226864e+01
296.570000,-9.33378556e+01,-6.19226247e+01
296.575000,-9.33377953e+01,-6.19225643e+01
296.580000,-9.33377362e+01,-6.19225053e+01
296.585000,-9.33376784e+01,-6.19224474e+01
296.590000,-9.33376215e+01,-6.19223905e+01
296.595000,-9.33375653e+01,-6.19223343e+01
296.600000,-9.33375096e+01,-6.19222787e+01
296.605000,-9.33374542e+01,-6.19222233e+01
296.610000,-9.33373988e+01,-6.19221679e+01
296.615000,-9.33373433e+01,-6.19221123e+01
296.620000,-9.33372874e+01,-6.19220565e+01
296.625000,-9.33372311e+01,-6.19220002e+01
296.630000,-9.33371744e+01,-6.19219434e+01
296.635000,-9.33371171e+01,-6.19218862e+01
296.640000,-9.33370594e+01,-6.19218284e+01
296.645000,-9.33370012e+01,-6.19217703e+01
296.650000,-9.33369428e+01,-6.19217118e+01
296.655000,-9.33368841e+01,-6.19216532e+01
296.660000,-9.33368253e+01,-6.19215944e+01
296.665000,-9.33367665e+01,-6.19215356e+01
296.670000,-9.33367076e+01,-6.19214766e+01
296.675000,-9.33366485e+01,-6.19214176e+01
296.680000,-9.33365892e+01,-6.19213582e+01
296.685000,-9.33365295e+01,-6.19212986e+01
296.690000,-9.33364694e+01,-6.19212384e+01
296.695000,-9.33364087e+01,-6.19211778e+01
296.700000,-9.33363475e+01,-6.19211166e+01
296.705000,-9.33362858e+01,-6.19210549e+01
296.710000,-9.33362237e+01,-6.19209927e+01
296.715000,-9.33361611e+01,-6.19209301e+01
296.720000,-9.33360980e+01,-6.19208671e+01
296.725000,-9.33360344e+01,-6.19208034e+01
296.730000,-9.33359702e+01,-6.19207393e+01
296.735000,-9.33359055e+01,-6.19206746e+01
296.740000,-9.33358402e+01,-6.19206093e+01
296.745000,-9.33357744e+01,-6.19205434e+01
296.750000,-9.33357080e+01,-6.19204771e+01
296.755000,-9.33356412e+01,-6.19204103e+01
296.760000,-9.33355739e+01,-6.19203430e+01
296.765000,-9.33355062e+01,-6.19202753e+01
296.770000,-9.33354381e+01,-6.19202071e+01
296.775000,-9.33353694e+01,-6.19201385e+01
296.780000,-9.33353001e+01,-6.19200691e+01
296.785000,-9.33352300e+01,-6.19199991e+01
296.790000,-9.33351589e+01,-6.19199279e+01
296.795000,-9.33350864e+01,-6.19198555e+01
296.800000,-9.33350123e+01,-6.19197813e+01
296.805000,-9.33349363e+01,-6.19197054e+01
296.810000,-9.33348583e+01,-6.19196273e+01
296.815000,-9.33347781e+01,-6.19195471e+01
296.820000,-9.33346956e+01,-6.19194647e+01
296.825000,-9.33346109e+01,-6.19193799e+01
296.830000,-9.33345239e+01,-6.19192930e+01
296.835000,-9.33344350e+01,-6.19192041e+01
296.840000,-9.33343443e+01,-6.19191134e+01
296.845000,-9.33342524e+01,-6.19190215e+01
296.850000,-9.33341598e+01,-6.19189288e+01
296.855000,-9.33340668e+01,-6.19188359e+01
296.860000,-9.33339740e+01,-6.19187431e+01
296.865000,-9.33338818e+01,-6.19186508e+01
296.870000,-9.33337905e+01,-6.19185595e+01
296.875000,-9.33337005e+01,-6.19184695e+01
296.880000,-9.33336121e+01,-6.19183812e+01
296.885000,-9.33335257e+01,-6.19182948e+01
296.890000,-9.33334414e+01,-6.19182104e+01
296.895000,-9.33333593e+01,-6.19181284e+01
296.900000,-9.33332795e+01,-6.19180486e+01
296.905000,-9.33332021e+01,-6.19179712e+01
296.910000,-9.33331272e+01,-6.19178963e+01
296.915000,-9.33330548e+01,-6.19178239e+01
296.920000,-9.33329848e+01,-6.19177539e+01
296.925000,-9.33329173e+01,-6.19176863e+01
296.930000,-9.33328520e+01,-6.19176211e+01
296.935000,-9.33327890e+01,-6.19175581e+01
296.940000,-9.33327282e+01,-6.19174973e+01
296.945000,-9.33326695e+01,-6.19174386e+01
296.950000,-9.33326129e+01,-6.19173819e+01
296.955000,-9.33325580e+01,-6.19173271e+01
296.960000,-9.33325049e+01,-6.19172740e+01
296.965000,-9.33324533e+01,-6.19172224e+01
296.970000,-9.33324031e+01,-6.19171722e+01
296.975000,-9.33323543e+01,-6.19171234e+01
296.980000,-9.33323065e+01,-6.19170756e+01
296.985000,-9.33322596e+01,-6.19170287e+01
296.990000,-9.33322132e+01,-6.19169823e+01
296.995000,-9.33321669e+01,-6.19169360e+01
297.000000,-9.33321203e+01,-6.19168893e+01
297.005000,-9.33320729e+01,-6.19168420e+01
297.010000,-9.33320245e+01,-6.19167936e+01
297.015000,-9.33319747e+01,-6.19167438e+01
297.020000,-9.33319234e+01,-6.19166925e+01
297.025000,-9.33318704e+01,-6.19166395e+01
297.030000,-9.33318156e+01,-6.19165847e+01
297.035000,-9.33317590e+01,-6.19165281e+01
297.040000,-9.33317007e+01,-6.19164697e+01
297.045000,-9.33316405e+01,-6.19164096e+01
297.050000,-9.33315788e+01,-6.19163479e+01
297.055000,-9.33315158e+01,-6.19162849e+01
297.060000,-9.33314517e+01,-6.19162208e+01
297.065000,-9.33313867e+01,-6.19161558e+01
297.070000,-9.33313211e+01,-6.19160902e+01
297.075000,-9.33312550e+01,-6.19160241e+01
297.080000,-9.33311886e+01,-6.19159577e+01
297.085000,-9.33311219e+01,-6.19158910e+01
297.090000,-9.33310551e+01,-6.19158242e+01
297.095000,-9.33309881e+01,-6.19157572e+01
297.100000,-9.33309208e+01,-6.19156899e+01
297.105000,-9.33308531e+01,-6.19156222e+01
297.110000,-9.33307846e+01,-6.19155537e+01
297.115000,-9.33307152e+01,-6.19154843e+01
297.120000,-9.33306447e+01,-6.19154138e+01
297.125000,-9.33305729e+01,-6.19153420e+01
297.130000,-9.33304996e+01,-6.19152687e+01
297.135000,-9.33304249e+01,-6.19151940e+01
297.140000,-9.33303487e+01,-6.19151178e+01
297.145000,-9.33302710e+01,-6.19150401e+01
297.150000,-9.33301917e+01,-6.19149608e+01
297.155000,-9.33301107e+01,-6.19148798e+01
297.160000,-9.33300280e+01,-6.19147971e+01
297.165000,-9.33299436e+01,-6.19147128e+01
297.170000,-9.33298575e+01,-6.19146266e+01
297.175000,-9.33297697e+01,-6.19145388e+01
297.180000,-9.33296801e+01,-6.19144492e+01
297.185000,-9.33295886e+01,-6.19143577e+01
297.190000,-9.33294952e+01,-6.19142643e+01
297.195000,-9.33294000e+01,-6.19141691e+01
297.200000,-9.33293030e+01,-6.19140721e+01
297.205000,-9.33292045e+01,-6.19139736e+01
297.210000,-9.33291050e+01,-6.19138742e+01
297.215000,-9.33290050e+01,-6.19137741e+01
297.220000,-9.33289049e+01,-6.19136740e+01
297.225000,-9.33288052e+01,-6.19135743e+01
297.230000,-9.33287062e+01,-6.19134753e+01
297.235000,-9.33286083e+01,-6.19133775e+01
297.240000,-9.33285119e+01,-6.19132810e+01
297.245000,-9.33284169e+01,-6.19131860e+01
297.250000,-9.33283235e+01,-6.19130926e+01
297.255000,-9.33282318e+01,-6.19130009e+01
297.260000,-9.33281417e+01,-6.19129108e+01
297.265000,-9.33280533e+01,-6.19128224e+01
297.270000,-9.33279666e+01,-6.19127357e+01
297.275000,-9.33278815e+01,-6.19126507e+01
297.280000,-9.33277981e+01,-6.19125672e+01
297.285000,-9.33277160e+01,-6.19124851e+01
297.290000,-9.33276351e+01,-6.19124042e+01
297.295000,-9.33275552e+01,-6.19123243e+01
297.300000,-9.33274760e+01,-6.19122452e+01
297.305000,-9.33273973e+01,-6.19121664e+01
297.310000,-9.33273187e+01,-6.19120878e+01
297.315000,-9.33272398e+01,-6.19120090e+01
297.320000,-9.33271605e+01,-6.19119296e+01
297.325000,-9.33270806e+01,-6.19118497e+01
297.330000,-9.33269997e+01,-6.19117689e+01
297.335000,-9.33269179e+01,-6.19116870e+01
297.340000,-9.33268349e+01,-6.19116040e+01
297.345000,-9.33267505e+01,-6.19115197e+01
297.350000,-9.33266648e+01,-6.19114339e+01
297.355000,-9.33265777e+01,-6.19113468e+01
297.360000,-9.33264893e+01,-6.19112584e+01
297.365000,-9.33263998e+01,-6.19111689e+01
297.370000,-9.33263092e+01,-6.19110783e+01
297.375000,-9.33262176e+01,-6.19109868e+01
297.380000,-9.33261253e+01,-6.19108944e+01
297.385000,-9.33260320e+01,-6.19108012e+01
297.390000,-9.33259378e+01,-6.19107070e+01
297.395000,-9.33258425e+01,-6.19106116e+01
297.400000,-9.33257457e+01,-6.19105149e+01
297.405000,-9.33256473e+01,-6.19104164e+01
297.410000,-9.33255468e+01,-6.19103160e+01
297.415000,-9.33254443e+01,-6.19102135e+01
297.420000,-9.33253396e+01,-6.19101087e+01
297.425000,-9.33252326e+01,-6.19100018e+01
297.430000,-9.33251235e+01,-6.19098926e+01
297.435000,-9.33250122e+01,-6.19097813e+01
297.440000,-9.33248989e+01,-6.19096681e+01
297.445000,-9.33247838e+01,-6.19095529e+01
297.450000,-9.33246670e+01,-6.19094361e+01
297.455000,-9.33245486e+01,-6.19093178e+01
297.460000,-9.33244291e+01,-6.19091983e+01
297.465000,-9.33243087e+01,-6.19090779e+01
297.470000,-9.33241877e+01,-6.19089569e+01
297.475000,-9.33240662e+01,-6.19088354e+01
297.480000,-9.33239443e+01,-6.19087135e+01
297.485000,-9.33238220e+01,-6.19085911e+01
297.490000,-9.33236992e+01,-6.19084683e+01
297.495000,-9.33235759e+01,-6.19083450e+01
297.500000,-9.33234522e+01,-6.19082213e+01
297.505000,-9.33233283e+01,-6.19080975e+01
297.510000,-9.33232047e+01,-6.19079738e+01
297.515000,-9.33230816e+01,-6.19078508e+01
297.520000,-9.33229595e+01,-6.19077287e+01
297.525000,-9.33228389e+01,-6.19076081e+01
297.530000,-9.33227201e+01,-6.19074893e+01
297.535000,-9.33226033e+01,-6.19073724e+01
297.540000,-9.33224884e+01,-6.19072576e+01
297.545000,-9.33223754e+01,-6.19071446e+01
297.550000,-9.33222639e+01,-6.19070330e+01
297.555000,-9.33221536e+01,-6.19069227e+01
297.560000,-9.33220442e+01,-6.19068133e+01
297.565000,-9.33219356e+01,-6.19067047e+01
297.570000,-9.33218277e+01,-6.19065968e+01
297.575000,-9.33217205e+01,-6.19064897e+01
297.580000,-9.33216141e+01,-6.19063832e+01
297.585000,-9.33215083e+01,-6.19062775e+01
297.590000,-9.33214033e+01,-6.19061724e+01
297.595000,-9.33212987e+01,-6.19060679e+01
297.600000,-9.33211945e+01,-6.19059636e+01
297.605000,-9.33210904e+01,-6.19058596e+01
297.610000,-9.33209865e+01,-6.19057557e+01
297.615000,-9.33208827e+01,-6.19056518e+01
297.620000,-9.33207788e+01,-6.19055480e+01
297.625000,-9.33206748e+01,-6.19054440e+01
297.630000,-9.33205706e+01,-6.19053398e+01
297.635000,-9.33204660e+01,-6.19052351e+01
297.640000,-9.33203608e+01,-6.19051300e+01
297.645000,-9.33202550e+01,-6.19050241e+01
297.650000,-9.33201484e+01,-6.19049176e+01
297.655000,-9.33200411e+01,-6.19048103e+01
297.660000,-9.33199331e+01,-6.19047023e+01
297.665000,-9.33198246e+01,-6.19045937e+01
297.670000,-9.33197156e+01,-6.19044848e+01
297.675000,-9.33196065e+01,-6.19043757e+01
297.680000,-9.33194974e+01,-6.19042666e+01
297.685000,-9.33193883e+01,-6.19041575e+01
297.690000,-9.33192793e+01,-6.19040485e+01
297.695000,-9.33191703e+01,-6.19039395e+01
297.700000,-9.33190610e+01,-6.19038302e+01
297.705000,-9.33189514e+01,-6.19037205e+01
297.710000,-9.33188412e+01,-6.19036104e+01
297.715000,-9.33187303e+01,-6.19034995e+01
297.720000,-9.33186186e+01,-6.19033878e+01
297.725000,-9.33185057e+01,-6.19032749e+01
297.730000,-9.33183917e+01,-6.19031609e+01
297.735000,-9.33182764e+01,-6.19030456e+01
297.740000,-9.33181596e+01,-6.19029288e+01
297.745000,-9.33180416e+01,-6.19028108e+01
297.750000,-9.33179224e+01,-6.19026916e+01
297.755000,-9.33178024e+01,-6.19025716e+01
297.760000,-9.33176817e+01,-6.19024509e+01
297.765000,-9.33175607e+01,-6.19023299e+01
297.770000,-9.33174398e+01,-6.19022090e+01
297.775000,-9.33173192e+01,-6.19020884e+01
297.780000,-9.33171991e+01,-6.19019683e+01
297.785000,-9.33170799e+01,-6.19018491e+01
297.790000,-9.33169615e+01,-6.19017307e+01
297.795000,-9.33168441e+01,-6.19016133e+01
297.800000,-9.33167279e+01,-6.19014971e+01
297.805000,-9.33166129e+01,-6.19013821e+01
297.810000,-9.33164994e+01,-6.19012686e+01
297.815000,-9.33163875e+01,-6.19011567e+01
297.820000,-9.33162773e+01,-6.19010465e+01
297.825000,-9.33161690e+01,-6.19009382e+01
297.830000,-9.33160627e+01,-6.19008319e+01
297.835000,-9.33159584e+01,-6.19007276e+01
297.840000,-9.33158562e+01,-6.19006254e+01
297.845000,-9.33157559e+01,-6.19005251e+01
297.850000,-9.33156574e+01,-6.19004266e+01
297.855000,-9.33155606e+01,-6.19003298e+01
297.860000,-9.33154654e+01,-6.19002346e+01
297.865000,-9.33153716e+01,-6.19001409e+01
297.870000,-9.33152793e+01,-6.19000485e+01
297.875000,-9.33151884e+01,-6.18999576e+01
297.880000,-9.33150989e+01,-6.18998681e+01
297.885000,-9.33150107e+01,-6.18997799e+01
297.890000,-9.33149239e+01,-6.18996931e+01
297.895000,-9.33148383e+01,-6.18996075e+01
297.900000,-9.33147538e+01,-6.18995230e+01
297.905000,-9.33146703e+01,-6.18994396e+01
297.910000,-9.33145880e+01,-6.18993573e+01
297.915000,-9.33145069e+01,-6.18992761e+01
297.920000,-9.33144270e+01,-6.18991963e+01
297.925000,-9.33143486e+01,-6.18991179e+01
297.930000,-9.33142717e+01,-6.18990410e+01
297.935000,-9.33141966e+01,-6.18989658e+01
297.940000,-9.33141231e+01,-6.18988923e+01
297.945000,-9.33140515e+01,-6.18988207e+01
297.950000,-9.33139818e+01,-6.18987510e+01
297.955000,-9.33139141e+01,-6.18986833e+01
297.960000,-9.33138485e+01,-6.18986177e+01
297.965000,-9.33137850e+01,-6.18985542e+01
297.970000,-9.33137237e+01,-6.18984930e+01
297.975000,-9.33136647e+01,-6.18984339e+01
297.980000,-9.33136080e+01,-6.18983772e+01
297.985000,-9.33135534e+01,-6.18983226e+01
297.990000,-9.33135008e+01,-6.18982700e+01
297.995000,-9.33134500e+01,-6.18982192e+01
298.000000,-9.33134005e+01,-6.18981697e+01
298.005000,-9.33133520e+01,-6.18981213e+01
298.010000,-9.33133042e+01,-6.18980734e+01
298.015000,-9.33132565e+01,-6.18980257e+01
298.020000,-9.33132085e+01,-6.18979777e+01
298.025000,-9.33131599e+01,-6.18979291e+01
298.030000,-9.33131105e+01,-6.18978797e+01
298.035000,-9.33130600e+01,-6.18978292e+01
298.040000,-9.33130085e+01,-6.18977778e+01
298.045000,-9.33129561e+01,-6.18977253e+01
298.050000,-9.33129030e+01,-6.18976722e+01
298.055000,-9.33128493e+01,-6.18976185e+01
298.060000,-9.33127952e+01,-6.18975644e+01
298.065000,-9.33127408e+01,-6.18975100e+01
298.070000,-9.33126861e+01,-6.18974554e+01
298.075000,-9.33126311e+01,-6.18974003e+01
298.080000,-9.33125757e+01,-6.18973449e+01
298.085000,-9.33125199e+01,-6.18972892e+01
298.090000,-9.33124638e+01,-6.18972330e+01
298.095000,-9.33124074e+01,-6.18971766e+01
298.100000,-9.33123509e+01,-6.18971202e+01
298.105000,-9.33122946e+01,-6.18970638e+01
298.110000,-9.33122386e+01,-6.18970079e+01
298.115000,-9.33121834e+01,-6.18969526e+01
298.120000,-9.33121292e+01,-6.18968984e+01
298.125000,-9.33120762e+01,-6.18968454e+01
298.130000,-9.33120244e+01,-6.18967937e+01
298.135000,-9.33119739e+01,-6.18967431e+01
298.140000,-9.33119244e+01,-6.18966936e+01
298.145000,-9.33118756e+01,-6.18966449e+01
298.150000,-9.33118274e+01,-6.18965966e+01
298.155000,-9.33117794e+01,-6.18965486e+01
298.160000,-9.33117312e+01,-6.18965005e+01
298.165000,-9.33116828e+01,-6.18964520e+01
298.170000,-9.33116338e+01,-6.18964030e+01
298.175000,-9.33115840e+01,-6.18963532e+01
298.180000,-9.33115332e+01,-6.18963025e+01
298.185000,-9.33114814e+01,-6.18962507e+01
298.190000,-9.33114283e+01,-6.18961976e+01
298.195000,-9.33113740e+01,-6.18961433e+01
298.200000,-9.33113184e+01,-6.18960877e+01
298.205000,-9.33112616e+01,-6.18960308e+01
298.210000,-9.33112037e+01,-6.18959730e+01
298.215000,-9.33111451e+01,-6.18959144e+01
298.220000,-9.33110860e+01,-6.18958553e+01
298.225000,-9.33110269e+01,-6.18957961e+01
298.230000,-9.33109678e+01,-6.18957371e+01
298.235000,-9.33109093e+01,-6.18956785e+01
298.240000,-9.33108512e+01,-6.18956205e+01
298.245000,-9.33107940e+01,-6.18955633e+01
298.250000,-9.33107378e+01,-6.18955070e+01
298.255000,-9.33106827e+01,-6.18954519e+01
298.260000,-9.33106289e+01,-6.18953982e+01
298.265000,-9.33105767e+01,-6.18953459e+01
298.270000,-9.33105258e+01,-6.18952951e+01
298.275000,-9.33104763e+01,-6.18952456e+01
298.280000,-9.33104278e+01,-6.18951971e+01
298.285000,-9.33103798e+01,-6.18951491e+01
298.290000,-9.33103319e+01,-6.18951012e+01
298.295000,-9.33102839e+01,-6.18950531e+01
298.300000,-9.33102350e+01,-6.18950043e+01
298.305000,-9.33101850e+01,-6.18949543e+01
298.310000,-9.33101335e+01,-6.18949028e+01
298.315000,-9.33100802e+01,-6.18948495e+01
298.320000,-9.33100249e+01,-6.18947942e+01
298.325000,-9.33099675e+01,-6.18947368e+01
298.330000,-9.33099078e+01,-6.18946770e+01
298.335000,-9.33098457e+01,-6.18946150e+01
298.340000,-9.33097813e+01,-6.18945506e+01
298.345000,-9.33097145e+01,-6.18944838e+01
298.350000,-9.33096454e+01,-6.18944147e+01
298.355000,-9.33095741e+01,-6.18943433e+01
298.360000,-9.33095006e+01,-6.18942699e+01
298.365000,-9.33094253e+01,-6.18941946e+01
298.370000,-9.33093484e+01,-6.18941176e+01
298.375000,-9.33092700e+01,-6.18940393e+01
298.380000,-9.33091904e+01,-6.18939597e+01
298.385000,-9.33091100e+01,-6.18938793e+01
298.390000,-9.33090289e+01,-6.18937982e+01
298.395000,-9.33089475e+01,-6.18937168e+01
298.400000,-9.33088661e+01,-6.18936353e+01
298.405000,-9.33087847e+01,-6.18935540e+01
298.410000,-9.33087036e+01,-6.18934728e+01
298.415000,-9.33086227e+01,-6.18933920e+01
298.420000,-9.33085423e+01,-6.18933115e+01
298.425000,-9.33084621e+01,-6.18932314e+01
298.430000,-9.33083822e+01,-6.18931515e+01
298.435000,-9.33083023e+01,-6.18930716e+01
298.440000,-9.33082223e+01,-6.18929916e+01
298.445000,-9.33081419e+01,-6.18929112e+01
298.450000,-9.33080608e+01,-6.18928301e+01
298.455000,-9.33079788e+01,-6.18927481e+01
298.460000,-9.33078956e+01,-6.18926648e+01
298.465000,-9.33078110e+01,-6.18925803e+01
298.470000,-9.33077250e+01,-6.18924943e+01
298.475000,-9.33076375e+01,-6.18924068e+01
298.480000,-9.33075487e+01,-6.18923180e+01
298.485000,-9.33074588e+01,-6.18922281e+01
298.490000,-9.33073680e+01,-6.18921373e+01
298.495000,-9.33072766e+01,-6.18920459e+01
298.500000,-9.33071849e+01,-6.18919542e+01
298.505000,-9.33070932e+01,-6.18918625e+01
298.510000,-9.33070016e+01,-6.18917709e+01
298.515000,-9.33069104e+01,-6.18916797e+01
298.520000,-9.33068197e+01,-6.18915890e+01
298.525000,-9.33067298e+01,-6.18914991e+01
298.530000,-9.33066409e+01,-6.18914102e+01
298.535000,-9.33065532e+01,-6.18913225e+01
298.540000,-9.33064669e+01,-6.18912362e+01
298.545000,-9.33063820e+01,-6.18911513e+01
298.550000,-9.33062986e+01,-6.18910680e+01
298.555000,-9.33062169e+01,-6.18909862e+01
298.560000,-9.33061366e+01,-6.18909059e+01
298.565000,-9.33060578e+01,-6.18908271e+01
298.570000,-9.33059801e+01,-6.18907494e+01
298.575000,-9.33059033e+01,-6.18906726e+01
298.580000,-9.33058272e+01,-6.18905965e+01
298.585000,-9.33057514e+01,-6.18905207e+01
298.590000,-9.33056757e+01,-6.18904450e+01
298.595000,-9.33055998e+01,-6.18903691e+01
298.600000,-9.33055235e+01,-6.18902928e+01
298.605000,-9.33054465e+01,-6.18902158e+01
298.610000,-9.33053686e+01,-6.18901379e+01
298.615000,-9.33052896e+01,-6.18900589e+01
298.620000,-9.33052094e+01,-6.18899787e+01
298.625000,-9.33051280e+01,-6.18898974e+01
298.630000,-9.33050454e+01,-6.18898147e+01
298.635000,-9.33049615e+01,-6.18897308e+01
298.640000,-9.33048764e+01,-6.18896458e+01
298.645000,-9.33047903e+01,-6.18895596e+01
298.650000,-9.33047032e+01,-6.18894725e+01
298.655000,-9.33046154e+01,-6.18893847e+01
298.660000,-9.33045270e+01,-6.18892963e+01
298.665000,-9.33044382e+01,-6.18892075e+01
298.670000,-9.33043493e+01,-6.18891186e+01
298.675000,-9.33042604e+01,-6.18890297e+01
298.680000,-9.33041717e+01,-6.18889410e+01
298.685000,-9.33040834e+01,-6.18888527e+01
298.690000,-9.33039954e+01,-6.18887647e+01
298.695000,-9.33039078e+01,-6.18886771e+01
298.700000,-9.33038204e+01,-6.18885897e+01
298.705000,-9.33037328e+01,-6.18885021e+01
298.710000,-9.33036447e+01,-6.18884140e+01
298.715000,-9.33035559e+01,-6.18883252e+01
298.720000,-9.33034660e+01,-6.18882353e+01
298.725000,-9.33033746e+01,-6.18881439e+01
298.730000,-9.33032814e+01,-6.18880507e+01
298.735000,-9.33031861e+01,-6.18879554e+01
298.740000,-9.33030882e+01,-6.18878576e+01
298.745000,-9.33029876e+01,-6.18877569e+01
298.750000,-9.33028840e+01,-6.18876533e+01
298.755000,-9.33027774e+01,-6.18875467e+01
298.760000,-9.33026680e+01,-6.18874374e+01
298.765000,-9.33025563e+01,-6.18873256e+01
298.770000,-9.33024424e+01,-6.18872117e+01
298.775000,-9.33023269e+01,-6.18870962e+01
298.780000,-9.33022103e+01,-6.18869796e+01
298.785000,-9.33020929e+01,-6.18868623e+01
298.790000,-9.33019754e+01,-6.18867447e+01
298.795000,-9.33018580e+01,-6.18866274e+01
298.800000,-9.33017413e+01,-6.18865106e+01
298.805000,-9.33016255e+01,-6.18863949e+01
298.810000,-9.33015112e+01,-6.18862806e+01
298.815000,-9.33013987e+01,-6.18861680e+01
298.820000,-9.33012882e+01,-6.18860576e+01
298.825000,-9.33011800e+01,-6.18859493e+01
298.830000,-9.33010742e+01,-6.18858435e+01
298.835000,-9.33009707e+01,-6.18857401e+01
298.840000,-9.33008697e+01,-6.18856390e+01
298.845000,-9.33007708e+01,-6.18855402e+01
298.850000,-9.33006739e+01,-6.18854432e+01
298.855000,-9.33005784e+01,-6.18853478e+01
298.860000,-9.33004842e+01,-6.18852535e+01
298.865000,-9.33003905e+01,-6.18851599e+01
298.870000,-9.33002970e+01,-6.18850663e+01
298.875000,-9.33002028e+01,-6.18849721e+01
298.880000,-9.33001075e+01,-6.18848768e+01
298.885000,-9.33000104e+01,-6.18847798e+01
298.890000,-9.32999115e+01,-6.18846808e+01
298.895000,-9.32998103e+01,-6.18845797e+01
298.900000,-9.32997069e+01,-6.18844762e+01
298.905000,-9.32996011e+01,-6.18843704e+01
298.910000,-9.32994930e+01,-6.18842623e+01
298.915000,-9.32993826e+01,-6.18841519e+01
298.920000,-9.32992701e+01,-6.18840395e+01
298.925000,-9.32991557e+01,-6.18839251e+01
298.930000,-9.32990395e+01,-6.18838088e+01
298.935000,-9.32989215e+01,-6.18836909e+01
298.940000,-9.32988020e+01,-6.18835713e+01
298.945000,-9.32986809e+01,-6.18834503e+01
298.950000,-9.32985585e+01,-6.18833278e+01
298.955000,-9.32984347e+01,-6.18832041e+01
298.960000,-9.32983097e+01,-6.18830791e+01
298.965000,-9.32981833e+01,-6.18829527e+01
298.970000,-9.32980556e+01,-6.18828250e+01
298.975000,-9.32979264e+01,-6.18826958e+01
298.980000,-9.32977958e+01,-6.18825652e+01
298.985000,-9.32976639e+01,-6.18824332e+01
298.990000,-9.32975306e+01,-6.18823000e+01
298.995000,-9.32973963e+01,-6.18821656e+01
299.000000,-9.32972609e+01,-6.18820302e+01
299.005000,-9.32971244e+01,-6.18818937e+01
299.010000,-9.32969867e+01,-6.18817560e+01
299.015000,-9.32968476e+01,-6.18816170e+01
299.020000,-9.32967069e+01,-6.18814762e+01
299.025000,-9.32965643e+01,-6.18813336e+01
299.030000,-9.32964196e+01,-6.18811890e+01
299.035000,-9.32962726e+01,-6.18810420e+01
299.040000,-9.32961232e+01,-6.18808926e+01
299.045000,-9.32959712e+01,-6.18807406e+01
299.050000,-9.32958167e+01,-6.18805861e+01
299.055000,-9.32956597e+01,-6.18804291e+01
299.060000,-9.32955004e+01,-6.18802698e+01
299.065000,-9.32953390e+01,-6.18801084e+01
299.070000,-9.32951757e+01,-6.18799451e+01
299.075000,-9.32950107e+01,-6.18797801e+01
299.080000,-9.32948442e+01,-6.18796136e+01
299.085000,-9.32946766e+01,-6.18794460e+01
299.090000,-9.32945084e+01,-6.18792778e+01
299.095000,-9.32943399e+01,-6.18791093e+01
299.100000,-9.32941717e+01,-6.18789411e+01
299.105000,-9.32940041e+01,-6.18787735e+01
299.110000,-9.32938376e+01,-6.18786070e+01
299.115000,-9.32936725e+01,-6.18784418e+01
299.120000,-9.32935088e+01,-6.18782782e+01
299.125000,-9.32933470e+01,-6.18781164e+01
299.130000,-9.32931868e+01,-6.18779562e+01
299.135000,-9.32930284e+01,-6.18777978e+01
299.140000,-9.32928715e+01,-6.18776409e+01
299.145000,-9.32927159e+01,-6.18774853e+01
299.150000,-9.32925612e+01,-6.18773306e+01
299.155000,-9.32924070e+01,-6.18771764e+01
299.160000,-9.32922532e+01,-6.18770226e+01
299.165000,-9.32920997e+01,-6.18768691e+01
299.170000,-9.32919464e+01,-6.18767158e+01
299.175000,-9.32917934e+01,-6.18765628e+01
299.180000,-9.32916407e+01,-6.18764101e+01
299.185000,-9.32914883e+01,-6.18762577e+01
299.190000,-9.32913365e+01,-6.18761059e+01
299.195000,-9.32911850e+01,-6.18759544e+01
299.200000,-9.32910340e+01,-6.18758034e+01
299.205000,-9.32908833e+01,-6.18756527e+01
299.210000,-9.32907330e+01,-6.18755024e+01
299.215000,-9.32905828e+01,-6.18753522e+01
299.220000,-9.32904327e+01,-6.18752021e+01
299.225000,-9.32902826e+01,-6.18750520e+01
299.230000,-9.32901325e+01,-6.18749019e+01
299.235000,-9.32899823e+01,-6.18747518e+01
299.240000,-9.32898322e+01,-6.18746016e+01
299.245000,-9.32896822e+01,-6.18744516e+01
299.250000,-9.32895323e+01,-6.18743017e+01
299.255000,-9.32893825e+01,-6.18741520e+01
299.260000,-9.32892328e+01,-6.18740023e+01
299.265000,-9.32890830e+01,-6.18738524e+01
299.270000,-9.32889326e+01,-6.18737021e+01
299.275000,-9.32887816e+01,-6.18735510e+01
299.280000,-9.32886294e+01,-6.18733988e+01
299.285000,-9.32884758e+01,-6.18732452e+01
299.290000,-9.32883204e+01,-6.18730899e+01
299.295000,-9.32881631e+01,-6.18729326e+01
299.300000,-9.32880037e+01,-6.18727731e+01
299.305000,-9.32878419e+01,-6.18726113e+01
299.310000,-9.32876778e+01,-6.18724472e+01
299.315000,-9.32875112e+01,-6.18722806e+01
299.320000,-9.32873421e+01,-6.18721115e+01
299.325000,-9.32871702e+01,-6.18719397e+01
299.330000,-9.32869957e+01,-6.18717652e+01
299.335000,-9.32868186e+01,-6.18715880e+01
299.340000,-9.32866390e+01,-6.18714084e+01
299.345000,-9.32864571e+01,-6.18712265e+01
299.350000,-9.32862733e+01,-6.18710427e+01
299.355000,-9.32860878e+01,-6.18708573e+01
299.360000,-9.32859010e+01,-6.18706705e+01
299.365000,-9.32857131e+01,-6.18704826e+01
299.370000,-9.32855245e+01,-6.18702939e+01
299.375000,-9.32853355e+01,-6.18701050e+01
299.380000,-9.32851467e+01,-6.18699162e+01
299.385000,-9.32849585e+01,-6.18697279e+01
299.390000,-9.32847711e+01,-6.18695406e+01
299.395000,-9.32845851e+01,-6.18693545e+01
299.400000,-9.32844005e+01,-6.18691700e+01
299.405000,-9.32842178e+01,-6.18689872e+01
299.410000,-9.32840368e+01,-6.18688063e+01
299.415000,-9.32838579e+01,-6.18686273e+01
299.420000,-9.32836808e+01,-6.18684503e+01
299.425000,-9.32835056e+01,-6.18682751e+01
299.430000,-9.32833321e+01,-6.18681016e+01
299.435000,-9.32831601e+01,-6.18679296e+01
299.440000,-9.32829893e+01,-6.18677588e+01
299.445000,-9.32828195e+01,-6.18675890e+01
299.450000,-9.32826505e+01,-6.18674199e+01
299.455000,-9.32824821e+01,-6.18672516e+01
299.460000,-9.32823143e+01,-6.18670837e+01
299.465000,-9.32821469e+01,-6.18669164e+01
299.470000,-9.32819800e+01,-6.18667495e+01
299.475000,-9.32818136e+01,-6.18665831e+01
299.480000,-9.32816476e+01,-6.18664170e+01
299.485000,-9.32814819e+01,-6.18662514e+01
299.490000,-9.32813166e+01,-6.18660861e+01
299.495000,-9.32811514e+01,-6.18659209e+01
299.500000,-9.32809859e+01,-6.18657554e+01
299.505000,-9.32808199e+01,-6.18655893e+01
299.510000,-9.32806531e+01,-6.18654226e+01
299.515000,-9.32804855e+01,-6.18652550e+01
299.520000,-9.32803172e+01,-6.18650867e+01
299.525000,-9.32801481e+01,-6.18649176e+01
299.530000,-9.32799783e+01,-6.18647478e+01
299.535000,-9.32798080e+01,-6.18645775e+01
299.540000,-9.32796370e+01,-6.18644065e+01
299.545000,-9.32794653e+01,-6.18642348e+01
299.550000,-9.32792927e+01,-6.18640622e+01
299.555000,-9.32791190e+01,-6.18638885e+01
299.560000,-9.32789439e+01,-6.18637135e+01
299.565000,-9.32787672e+01,-6.18635367e+01
299.570000,-9.32785887e+01,-6.18633582e+01
299.575000,-9.32784080e+01,-6.18631775e+01
299.580000,-9.32782251e+01,-6.18629946e+01
299.585000,-9.32780396e+01,-6.18628091e+01
299.590000,-9.32778513e+01,-6.18626208e+01
299.595000,-9.32776602e+01,-6.18624297e+01
299.600000,-9.32774662e+01,-6.18622357e+01
299.605000,-9.32772694e+01,-6.18620389e+01
299.610000,-9.32770701e+01,-6.18618396e+01
299.615000,-9.32768685e+01,-6.18616380e+01
299.620000,-9.32766650e+01,-6.18614346e+01
299.625000,-9.32764600e+01,-6.18612295e+01
299.630000,-9.32762536e+01,-6.18610231e+01
299.635000,-9.32760462e+01,-6.18608157e+01
299.640000,-9.32758379e+01,-6.18606074e+01
299.645000,-9.32756288e+01,-6.18603984e+01
299.650000,-9.32754191e+01,-6.18601887e+01
299.655000,-9.32752090e+01,-6.18599786e+01
299.660000,-9.32749989e+01,-6.18597684e+01
299.665000,-9.32747889e+01,-6.18595584e+01
299.670000,-9.32745794e+01,-6.18593489e+01
299.675000,-9.32743708e+01,-6.18591403e+01
299.680000,-9.32741634e+01,-6.18589329e+01
299.685000,-9.32739574e+01,-6.18587269e+01
299.690000,-9.32737532e+01,-6.18585227e+01
299.695000,-9.32735510e+01,-6.18583206e+01
299.700000,-9.32733512e+01,-6.18581207e+01
299.705000,-9.32731538e+01,-6.18579234e+01
299.710000,-9.32729589e+01,-6.18577285e+01
299.715000,-9.32727663e+01,-6.18575359e+01
299.720000,-9.32725756e+01,-6.18573452e+01
299.725000,-9.32723864e+01,-6.18571559e+01
299.730000,-9.32721981e+01,-6.18569677e+01
299.735000,-9.32720105e+01,-6.18567800e+01
299.740000,-9.32718231e+01,-6.18565926e+01
299.745000,-9.32716357e+01,-6.18564052e+01
299.750000,-9.32714481e+01,-6.18562176e+01
299.755000,-9.32712600e+01,-6.18560296e+01
299.760000,-9.32710715e+01,-6.18558410e+01
299.765000,-9.32708823e+01,-6.18556518e+01
299.770000,-9.32706924e+01,-6.18554619e+01
299.775000,-9.32705016e+01,-6.18552712e+01
299.780000,-9.32703100e+01,-6.18550795e+01
299.785000,-9.32701172e+01,-6.18548868e+01
299.790000,-9.32699232e+01,-6.18546928e+01
299.795000,-9.32697281e+01,-6.18544976e+01
299.800000,-9.32695316e+01,-6.18543012e+01
299.805000,-9.32693341e+01,-6.18541037e+01
299.810000,-9.32691356e+01,-6.18539052e+01
299.815000,-9.32689364e+01,-6.18537060e+01
299.820000,-9.32687367e+01,-6.18535063e+01
299.825000,-9.32685369e+01,-6.18533065e+01
299.830000,-9.32683373e+01,-6.18531069e+01
299.835000,-9.32681381e+01,-6.18529077e+01
299.840000,-9.32679396e+01,-6.18527092e+01
299.845000,-9.32677421e+01,-6.18525117e+01
299.850000,-9.32675455e+01,-6.18523151e+01
299.855000,-9.32673500e+01,-6.18521195e+01
299.860000,-9.32671553e+01,-6.18519249e+01
299.865000,-9.32669613e+01,-6.18517309e+01
299.870000,-9.32667678e+01,-6.18515374e+01
299.875000,-9.32665745e+01,-6.18513441e+01
299.880000,-9.32663809e+01,-6.18511505e+01
299.885000,-9.32661869e+01,-6.18509565e+01
299.890000,-9.32659919e+01,-6.18507615e+01
299.895000,-9.32657956e+01,-6.18505652e+01
299.900000,-9.32655977e+01,-6.18503673e+01
299.905000,-9.32653978e+01,-6.18501674e+01
299.910000,-9.32651957e+01,-6.18499654e+01
299.915000,-9.32649914e+01,-6.18497610e+01
299.920000,-9.32647845e+01,-6.18495541e+01
299.925000,-9.32645751e+01,-6.18493447e+01
299.930000,-9.32643630e+01,-6.18491327e+01
299.935000,-9.32641484e+01,-6.18489181e+01
299.940000,-9.32639314e+01,-6.18487011e+01
299.945000,-9.32637123e+01,-6.18484820e+01
299.950000,-9.32634915e+01,-6.18482611e+01
299.955000,-9.32632692e+01,-6.18480389e+01
299.960000,-9.32630462e+01,-6.18478158e+01
299.965000,-9.32628230e+01,-6.18475926e+01
299.970000,-9.32626001e+01,-6.18473697e+01
299.975000,-9.32623781e+01,-6.18471478e+01
299.980000,-9.32621576e+01,-6.18469272e+01
299.985000,-9.32619388e+01,-6.18467085e+01
299.990000,-9.32617222e+01,-6.18464918e+01
299.995000,-9.32615079e+01,-6.18462775e+01
300.000000,-9.32612958e+01,-6.18460655e+01
