time,T_dna,T_res
0.050000,-2.89108847e+02,-2.55458525e+02
0.100000,-9.34353889e+02,-8.95071589e+02
0.150000,-4.05574359e+02,-3.70908389e+02
0.200000,-5.81154686e+02,-5.44950610e+02
0.250000,-3.87432395e+02,-3.52923705e+02
0.300000,-4.49833778e+02,-4.14774524e+02
0.350000,-3.58436054e+02,-3.24179304e+02
0.400000,-3.81606087e+02,-3.47141944e+02
0.450000,-3.32543043e+02,-2.98511270e+02
0.500000,-3.39465668e+02,-3.05369246e+02
0.550000,-3.10755067e+02,-2.76912606e+02
0.600000,-3.10598689e+02,-2.76754223e+02
0.650000,-2.92500640e+02,-2.58816800e+02
0.700000,-2.89360583e+02,-2.55701500e+02
0.750000,-2.77119614e+02,-2.43569440e+02
0.800000,-2.72889433e+02,-2.39374114e+02
0.850000,-2.64050303e+02,-2.30613719e+02
0.900000,-2.59598241e+02,-2.26198912e+02
0.950000,-2.52840134e+02,-2.19500995e+02
1.000000,-2.48546011e+02,-2.15243112e+02
1.050000,-2.43131121e+02,-2.09876390e+02
1.100000,-2.39142437e+02,-2.05921563e+02
1.150000,-2.34642321e+02,-2.01461401e+02
1.200000,-2.30998336e+02,-1.97848480e+02
1.250000,-2.27153662e+02,-1.94037865e+02
1.300000,-2.23845598e+02,-1.90758101e+02
1.350000,-2.20492342e+02,-1.87434480e+02
1.400000,-2.17492316e+02,-1.84460194e+02
1.450000,-2.14521952e+02,-1.81516023e+02
1.500000,-2.11796546e+02,-1.78814057e+02
1.550000,-2.09134026e+02,-1.76174967e+02
1.600000,-2.06650344e+02,-1.73712692e+02
1.650000,-2.04241591e+02,-1.71325097e+02
1.700000,-2.01969689e+02,-1.69072809e+02
1.750000,-1.99774284e+02,-1.66896658e+02
1.800000,-1.97687886e+02,-1.64828299e+02
1.850000,-1.95674654e+02,-1.62832700e+02
1.900000,-1.93751112e+02,-1.60925809e+02
1.950000,-1.91895377e+02,-1.59086308e+02
2.000000,-1.90115322e+02,-1.57321677e+02
2.050000,-1.88397125e+02,-1.55618498e+02
2.100000,-1.86744030e+02,-1.53979738e+02
2.150000,-1.85146951e+02,-1.52396607e+02
2.200000,-1.83606697e+02,-1.50869719e+02
2.250000,-1.82117031e+02,-1.49393054e+02
2.300000,-1.80677525e+02,-1.47966047e+02
2.350000,-1.79283700e+02,-1.46584381e+02
2.400000,-1.77934542e+02,-1.45246942e+02
2.450000,-1.76626692e+02,-1.43950495e+02
2.500000,-1.75358897e+02,-1.42693718e+02
2.550000,-1.74128540e+02,-1.41474084e+02
2.600000,-1.72934311e+02,-1.40290235e+02
2.650000,-1.71774101e+02,-1.39140135e+02
2.700000,-1.70646637e+02,-1.38022474e+02
2.750000,-1.69550175e+02,-1.36935564e+02
2.800000,-1.68483518e+02,-1.35878183e+02
2.850000,-1.67445195e+02,-1.34848904e+02
2.900000,-1.66434104e+02,-1.33846606e+02
2.950000,-1.65448981e+02,-1.32870062e+02
3.000000,-1.64488820e+02,-1.31918253e+02
3.050000,-1.63552526e+02,-1.30990111e+02
3.100000,-1.62639185e+02,-1.30084716e+02
3.150000,-1.61747836e+02,-1.29201127e+02
3.200000,-1.60877652e+02,-1.28338514e+02
3.250000,-1.60027783e+02,-1.27496044e+02
3.300000,-1.59197482e+02,-1.26672967e+02
3.350000,-1.58385991e+02,-1.25868540e+02
3.400000,-1.57592634e+02,-1.25082087e+02
3.450000,-1.56816735e+02,-1.24312941e+02
3.500000,-1.56057679e+02,-1.23560490e+02
3.550000,-1.55314859e+02,-1.22824136e+02
3.600000,-1.54587718e+02,-1.22103322e+02
3.650000,-1.53875706e+02,-1.21397507e+02
3.700000,-1.53178317e+02,-1.20706188e+02
3.750000,-1.52495056e+02,-1.20028873e+02
3.800000,-1.51825459e+02,-1.19365103e+02
3.850000,-1.51169075e+02,-1.18714432e+02
3.900000,-1.50525484e+02,-1.18076441e+02
3.950000,-1.49894274e+02,-1.17450725e+02
4.000000,-1.49275059e+02,-1.16836899e+02
4.050000,-1.48667464e+02,-1.16234592e+02
4.100000,-1.48071135e+02,-1.15643453e+02
4.150000,-1.47485729e+02,-1.15063142e+02
4.200000,-1.46910921e+02,-1.14493336e+02
4.250000,-1.46346396e+02,-1.13933723e+02
4.300000,-1.45791853e+02,-1.13384007e+02
4.350000,-1.45247005e+02,-1.12843900e+02
4.400000,-1.44711574e+02,-1.12313129e+02
4.450000,-1.44185294e+02,-1.11791429e+02
4.500000,-1.43667909e+02,-1.11278547e+02
4.550000,-1.43159174e+02,-1.10774239e+02
4.600000,-1.42658853e+02,-1.10278272e+02
4.650000,-1.42166716e+02,-1.09790419e+02
4.700000,-1.41682547e+02,-1.09310463e+02
4.750000,-1.41206134e+02,-1.08838196e+02
4.800000,-1.40737274e+02,-1.08373416e+02
4.850000,-1.40275770e+02,-1.07915929e+02
4.900000,-1.39821435e+02,-1.07465548e+02
4.950000,-1.39374086e+02,-1.07022092e+02
5.000000,-1.38933547e+02,-1.06585387e+02
5.050000,-1.38499649e+02,-1.06155265e+02
5.100000,-1.38072229e+02,-1.05731564e+02
5.150000,-1.37651127e+02,-1.05314127e+02
5.200000,-1.37236192e+02,-1.04902803e+02
5.250000,-1.36827275e+02,-1.04497445e+02
5.300000,-1.36424233e+02,-1.04097911e+02
5.350000,-1.36026930e+02,-1.03704065e+02
5.400000,-1.35635230e+02,-1.03315774e+02
5.450000,-1.35249005e+02,-1.02932911e+02
5.500000,-1.34868130e+02,-1.02555350e+02
5.550000,-1.34492483e+02,-1.02182972e+02
5.600000,-1.34121947e+02,-1.01815661e+02
5.650000,-1.33756409e+02,-1.01453304e+02
5.700000,-1.33395757e+02,-1.01095790e+02
5.750000,-1.33039885e+02,-1.00743016e+02
5.800000,-1.32688689e+02,-1.00394876e+02
5.850000,-1.32342070e+02,-1.00051273e+02
5.900000,-1.31999929e+02,-9.97121097e+01
5.950000,-1.31662171e+02,-9.93772916e+01
6.000000,-1.31328705e+02,-9.90467279e+01
6.050000,-1.30999442e+02,-9.87203301e+01
6.100000,-1.30674295e+02,-9.83980125e+01
6.150000,-1.30353179e+02,-9.80796915e+01
6.200000,-1.30036014e+02,-9.77652861e+01
6.250000,-1.29722719e+02,-9.74547175e+01
6.300000,-1.29413217e+02,-9.71479091e+01
6.350000,-1.29107433e+02,-9.68447863e+01
6.400000,-1.28805294e+02,-9.65452768e+01
6.450000,-1.28506729e+02,-9.62493101e+01
6.500000,-1.28211669e+02,-9.59568176e+01
6.550000,-1.27920046e+02,-9.56677327e+01
6.600000,-1.27631795e+02,-9.53819903e+01
6.650000,-1.27346852e+02,-9.50995272e+01
6.700000,-1.27065155e+02,-9.48202819e+01
6.750000,-1.26786644e+02,-9.45441945e+01
6.800000,-1.26511259e+02,-9.42712063e+01
6.850000,-1.26238944e+02,-9.40012607e+01
6.900000,-1.25969641e+02,-9.37343020e+01
6.950000,-1.25703298e+02,-9.34702763e+01
7.000000,-1.25439860e+02,-9.32091308e+01
7.050000,-1.25179275e+02,-9.29508141e+01
7.100000,-1.24921494e+02,-9.26952760e+01
7.150000,-1.24666466e+02,-9.24424678e+01
7.200000,-1.24414144e+02,-9.21923417e+01
7.250000,-1.24164481e+02,-9.19448511e+01
7.300000,-1.23917430e+02,-9.16999506e+01
7.350000,-1.23672948e+02,-9.14575960e+01
7.400000,-1.23430990e+02,-9.12177438e+01
7.450000,-1.23191514e+02,-9.09803519e+01
7.500000,-1.22954478e+02,-9.07453790e+01
7.550000,-1.22719842e+02,-9.05127847e+01
7.600000,-1.22487566e+02,-9.02825297e+01
7.650000,-1.22257610e+02,-9.00545755e+01
7.700000,-1.22029938e+02,-8.98288846e+01
7.750000,-1.21804512e+02,-8.96054201e+01
7.800000,-1.21581295e+02,-8.93841461e+01
7.850000,-1.21360253e+02,-8.91650277e+01
7.900000,-1.21141351e+02,-8.89480303e+01
7.950000,-1.20924554e+02,-8.87331205e+01
8.000000,-1.20709830e+02,-8.85202654e+01
8.050000,-1.20497147e+02,-8.83094329e+01
8.100000,-1.20286472e+02,-8.81005916e+01
8.150000,-1.20077775e+02,-8.78937108e+01
8.200000,-1.19871026e+02,-8.76887604e+01
8.250000,-1.19666193e+02,-8.74857108e+01
8.300000,-1.19463250e+02,-8.72845335e+01
8.350000,-1.19262167e+02,-8.70852000e+01
8.400000,-1.19062915e+02,-8.68876829e+01
8.450000,-1.18865469e+02,-8.66919550e+01
8.500000,-1.18669801e+02,-8.64979899e+01
8.550000,-1.18475885e+02,-8.63057617e+01
8.600000,-1.18283696e+02,-8.61152449e+01
8.650000,-1.18093208e+02,-8.59264148e+01
8.700000,-1.17904397e+02,-8.57392468e+01
8.750000,-1.17717239e+02,-8.55537171e+01
8.800000,-1.17531709e+02,-8.53698023e+01
8.850000,-1.17347786e+02,-8.51874794e+01
8.900000,-1.17165445e+02,-8.50067260e+01
8.950000,-1.16984666e+02,-8.48275200e+01
9.000000,-1.16805426e+02,-8.46498398e+01
9.050000,-1.16627704e+02,-8.44736642e+01
9.100000,-1.16451478e+02,-8.42989723e+01
9.150000,-1.16276729e+02,-8.41257440e+01
9.200000,-1.16103436e+02,-8.39539590e+01
9.250000,-1.15931580e+02,-8.37835979e+01
9.300000,-1.15761140e+02,-8.36146414e+01
9.350000,-1.15592098e+02,-8.34470705e+01
9.400000,-1.15424435e+02,-8.32808669e+01
9.450000,-1.15258133e+02,-8.31160123e+01
9.500000,-1.15093174e+02,-8.29524888e+01
9.550000,-1.14929540e+02,-8.27902791e+01
9.600000,-1.14767214e+02,-8.26293658e+01
9.650000,-1.14606179e+02,-8.24697321e+01
9.700000,-1.14446418e+02,-8.23113615e+01
9.750000,-1.14287915e+02,-8.21542377e+01
9.800000,-1.14130654e+02,-8.19983447e+01
9.850000,-1.13974618e+02,-8.18436669e+01
9.900000,-1.13819792e+02,-8.16901888e+01
9.950000,-1.13666162e+02,-8.15378953e+01
10.000000,-1.13513711e+02,-8.13867716e+01
10.050000,-1.13362426e+02,-8.12368031e+01
10.100000,-1.13212292e+02,-8.10879754e+01
10.150000,-1.13063294e+02,-8.09402745e+01
10.200000,-1.12915420e+02,-8.07936864e+01
10.250000,-1.12768653e+02,-8.06481976e+01
10.300000,-1.12622983e+02,-8.05037948e+01
10.350000,-1.12478395e+02,-8.03604647e+01
10.400000,-1.12334875e+02,-8.02181945e+01
10.450000,-1.12192413e+02,-8.00769715e+01
10.500000,-1.12050993e+02,-7.99367831e+01
10.550000,-1.11910606e+02,-7.97976172e+01
10.600000,-1.11771237e+02,-7.96594616e+01
10.650000,-1.11632876e+02,-7.95223044e+01
10.700000,-1.11495510e+02,-7.93861341e+01
10.750000,-1.11359128e+02,-7.92509392e+01
10.800000,-1.11223719e+02,-7.91167083e+01
10.850000,-1.11089271e+02,-7.89834303e+01
10.900000,-1.10955774e+02,-7.88510944e+01
10.950000,-1.10823215e+02,-7.87196898e+01
11.000000,-1.10691586e+02,-7.85892060e+01
11.050000,-1.10560875e+02,-7.84596324e+01
11.100000,-1.10431072e+02,-7.83309590e+01
11.150000,-1.10302167e+02,-7.82031757e+01
11.200000,-1.10174149e+02,-7.80762724e+01
11.250000,-1.10047010e+02,-7.79502396e+01
11.300000,-1.09920739e+02,-7.78250676e+01
11.350000,-1.09795327e+02,-7.77007469e+01
11.400000,-1.09670764e+02,-7.75772683e+01
11.450000,-1.09547042e+02,-7.74546226e+01
11.500000,-1.09424151e+02,-7.73328009e+01
11.550000,-1.09302082e+02,-7.72117942e+01
11.600000,-1.09180826e+02,-7.70915938e+01
11.650000,-1.09060375e+02,-7.69721911e+01
11.700000,-1.08940721e+02,-7.68535777e+01
11.750000,-1.08821854e+02,-7.67357453e+01
11.800000,-1.08703766e+02,-7.66186855e+01
11.850000,-1.08586450e+02,-7.65023904e+01
11.900000,-1.08469897e+02,-7.63868520e+01
11.950000,-1.08354100e+02,-7.62720624e+01
12.000000,-1.08239050e+02,-7.61580140e+01
12.050000,-1.08124741e+02,-7.60446990e+01
12.100000,-1.08011163e+02,-7.59321101e+01
12.150000,-1.07898311e+02,-7.58202398e+01
12.200000,-1.07786176e+02,-7.57090808e+01
12.250000,-1.07674752e+02,-7.55986260e+01
12.300000,-1.07564030e+02,-7.54888684e+01
12.350000,-1.07454005e+02,-7.53798009e+01
12.400000,-1.07344670e+02,-7.52714167e+01
12.450000,-1.07236017e+02,-7.51637090e+01
12.500000,-1.07128039e+02,-7.50566712e+01
12.550000,-1.07020731e+02,-7.49502968e+01
12.600000,-1.06914085e+02,-7.48445792e+01
12.650000,-1.06808095e+02,-7.47395120e+01
12.700000,-1.06702756e+02,-7.46350890e+01
12.750000,-1.06598060e+02,-7.45313040e+01
12.800000,-1.06494001e+02,-7.44281508e+01
12.850000,-1.06390573e+02,-7.43256235e+01
12.900000,-1.06287771e+02,-7.42237161e+01
12.950000,-1.06185589e+02,-7.41224227e+01
13.000000,-1.06084020e+02,-7.40217375e+01
13.050000,-1.05983058e+02,-7.39216549e+01
13.100000,-1.05882699e+02,-7.38221693e+01
13.150000,-1.05782937e+02,-7.37232750e+01
13.200000,-1.05683766e+02,-7.36249666e+01
13.250000,-1.05585180e+02,-7.35272388e+01
13.300000,-1.05487174e+02,-7.34300863e+01
13.350000,-1.05389744e+02,-7.33335037e+01
13.400000,-1.05292883e+02,-7.32374859e+01
13.450000,-1.05196587e+02,-7.31420278e+01
13.500000,-1.05100850e+02,-7.30471244e+01
13.550000,-1.05005668e+02,-7.29527706e+01
13.600000,-1.04911036e+02,-7.28589617e+01
13.650000,-1.04816948e+02,-7.27656927e+01
13.700000,-1.04723400e+02,-7.26729589e+01
13.750000,-1.04630387e+02,-7.25807555e+01
13.800000,-1.04537905e+02,-7.24890780e+01
13.850000,-1.04445948e+02,-7.23979218e+01
13.900000,-1.04354513e+02,-7.23072822e+01
13.950000,-1.04263595e+02,-7.22171549e+01
14.000000,-1.04173188e+02,-7.21275355e+01
14.050000,-1.04083290e+02,-7.20384195e+01
14.100000,-1.03993895e+02,-7.19498027e+01
14.150000,-1.03905000e+02,-7.18616808e+01
14.200000,-1.03816599e+02,-7.17740497e+01
14.250000,-1.03728690e+02,-7.16869053e+01
14.300000,-1.03641267e+02,-7.16002433e+01
14.350000,-1.03554327e+02,-7.15140599e+01
14.400000,-1.03467866e+02,-7.14283510e+01
14.450000,-1.03381879e+02,-7.13431127e+01
14.500000,-1.03296363e+02,-7.12583412e+01
14.550000,-1.03211315e+02,-7.11740325e+01
14.600000,-1.03126729e+02,-7.10901830e+01
14.650000,-1.03042603e+02,-7.10067888e+01
14.700000,-1.02958932e+02,-7.09238463e+01
14.750000,-1.02875713e+02,-7.08413519e+01
14.800000,-1.02792943e+02,-7.07593018e+01
14.850000,-1.02710617e+02,-7.06776927e+01
14.900000,-1.02628733e+02,-7.05965210e+01
14.950000,-1.02547286e+02,-7.05157831e+01
15.000000,-1.02466274e+02,-7.04354757e+01
15.050000,-1.02385692e+02,-7.03555954e+01
15.100000,-1.02305538e+02,-7.02761389e+01
15.150000,-1.02225808e+02,-7.01971027e+01
15.200000,-1.02146499e+02,-7.01184838e+01
15.250000,-1.02067608e+02,-7.00402788e+01
15.300000,-1.01989130e+02,-6.99624845e+01
15.350000,-1.01911064e+02,-6.98850978e+01
15.400000,-1.01833406e+02,-6.98081156e+01
15.450000,-1.01756153e+02,-6.97315349e+01
15.500000,-1.01679302e+02,-6.96553524e+01
15.550000,-1.01602850e+02,-6.95795654e+01
15.600000,-1.01526793e+02,-6.95041707e+01
15.650000,-1.01451129e+02,-6.94291655e+01
15.700000,-1.01375856e+02,-6.93545468e+01
15.750000,-1.01300969e+02,-6.92803118e+01
15.800000,-1.01226466e+02,-6.92064577e+01
15.850000,-1.01152345e+02,-6.91329815e+01
15.900000,-1.01078603e+02,-6.90598807e+01
15.950000,-1.01005236e+02,-6.89871523e+01
16.000000,-1.00932242e+02,-6.89147938e+01
16.050000,-1.00859619e+02,-6.88428023e+01
16.100000,-1.00787363e+02,-6.87711754e+01
16.150000,-1.00715472e+02,-6.86999103e+01
16.200000,-1.00643944e+02,-6.86290045e+01
16.250000,-1.00572775e+02,-6.85584553e+01
16.300000,-1.00501964e+02,-6.84882604e+01
16.350000,-1.00431508e+02,-6.84184171e+01
16.400000,-1.00361403e+02,-6.83489229e+01
16.450000,-1.00291649e+02,-6.82797755e+01
16.500000,-1.00222242e+02,-6.82109724e+01
16.550000,-1.00153180e+02,-6.81425112e+01
16.600000,-1.00084460e+02,-6.80743895e+01
16.650000,-1.00016080e+02,-6.80066051e+01
16.700000,-9.99480386e+01,-6.79391554e+01
16.750000,-9.98803323e+01,-6.78720383e+01
16.800000,-9.98129592e+01,-6.78052515e+01
16.850000,-9.97459170e+01,-6.77387928e+01
16.900000,-9.96792034e+01,-6.76726598e+01
16.950000,-9.96128164e+01,-6.76068505e+01
17.000000,-9.95467535e+01,-6.75413626e+01
17.050000,-9.94810128e+01,-6.74761939e+01
17.100000,-9.94155919e+01,-6.74113424e+01
17.150000,-9.93504889e+01,-6.73468060e+01
17.200000,-9.92857015e+01,-6.72825824e+01
17.250000,-9.92212278e+01,-6.72186697e+01
17.300000,-9.91570655e+01,-6.71550659e+01
17.350000,-9.90932128e+01,-6.70917688e+01
17.400000,-9.90296675e+01,-6.70287765e+01
17.450000,-9.89664277e+01,-6.69660871e+01
17.500000,-9.89034913e+01,-6.69036984e+01
17.550000,-9.88408565e+01,-6.68416087e+01
17.600000,-9.87785212e+01,-6.67798159e+01
17.650000,-9.87164836e+01,-6.67183181e+01
17.700000,-9.86547417e+01,-6.66571136e+01
17.750000,-9.85932937e+01,-6.65962003e+01
17.800000,-9.85321377e+01,-6.65355765e+01
17.850000,-9.84712718e+01,-6.64752403e+01
17.900000,-9.84106942e+01,-6.64151899e+01
17.950000,-9.83504031e+01,-6.63554235e+01
18.000000,-9.82903967e+01,-6.62959393e+01
18.050000,-9.82306732e+01,-6.62367356e+01
18.100000,-9.81712309e+01,-6.61778105e+01
18.150000,-9.81120680e+01,-6.61191625e+01
18.200000,-9.80531828e+01,-6.60607898e+01
18.250000,-9.79945735e+01,-6.60026906e+01
18.300000,-9.79362386e+01,-6.59448633e+01
18.350000,-9.78781763e+01,-6.58873063e+01
18.400000,-9.78203849e+01,-6.58300178e+01
18.450000,-9.77628628e+01,-6.57729963e+01
18.500000,-9.77056083e+01,-6.57162401e+01
18.550000,-9.76486199e+01,-6.56597476e+01
18.600000,-9.75918960e+01,-6.56035173e+01
18.650000,-9.75354349e+01,-6.55475476e+01
18.700000,-9.74792351e+01,-6.54918369e+01
18.750000,-9.74232950e+01,-6.54363836e+01
18.800000,-9.73676131e+01,-6.53811863e+01
18.850000,-9.73121879e+01,-6.53262434e+01
18.900000,-9.72570178e+01,-6.52715535e+01
18.950000,-9.72021013e+01,-6.52171149e+01
19.000000,-9.71474370e+01,-6.51629263e+01
19.050000,-9.70930234e+01,-6.51089862e+01
19.100000,-9.70388589e+01,-6.50552932e+01
19.150000,-9.69849423e+01,-6.50018457e+01
19.200000,-9.69312719e+01,-6.49486424e+01
19.250000,-9.68778465e+01,-6.48956819e+01
19.300000,-9.68246645e+01,-6.48429628e+01
19.350000,-9.67717247e+01,-6.47904836e+01
19.400000,-9.67190255e+01,-6.47382431e+01
19.450000,-9.66665657e+01,-6.46862398e+01
19.500000,-9.66143438e+01,-6.46344724e+01
19.550000,-9.65623586e+01,-6.45829396e+01
19.600000,-9.65106086e+01,-6.45316400e+01
19.650000,-9.64590926e+01,-6.44805723e+01
19.700000,-9.64078092e+01,-6.44297352e+01
19.750000,-9.63567571e+01,-6.43791274e+01
19.800000,-9.63059351e+01,-6.43287476e+01
19.850000,-9.62553418e+01,-6.42785947e+01
19.900000,-9.62049760e+01,-6.42286672e+01
19.950000,-9.61548364e+01,-6.41789639e+01
20.000000,-9.61049218e+01,-6.41294836e+01
20.050000,-9.60552308e+01,-6.40802252e+01
20.100000,-9.60057624e+01,-6.40311872e+01
20.150000,-9.59565152e+01,-6.39823686e+01
20.200000,-9.59074881e+01,-6.39337682e+01
20.250000,-9.58586798e+01,-6.38853847e+01
20.300000,-9.58100892e+01,-6.38372169e+01
20.350000,-9.57617151e+01,-6.37892638e+01
20.400000,-9.57135563e+01,-6.37415241e+01
20.450000,-9.56656116e+01,-6.36939966e+01
20.500000,-9.56178799e+01,-6.36466803e+01
20.550000,-9.55703601e+01,-6.35995740e+01
20.600000,-9.55230509e+01,-6.35526766e+01
20.650000,-9.54759514e+01,-6.35059869e+01
20.700000,-9.54290603e+01,-6.34595039e+01
20.750000,-9.53823765e+01,-6.34132264e+01
20.800000,-9.53358990e+01,-6.33671534e+01
20.850000,-9.52896267e+01,-6.33212838e+01
20.900000,-9.52435584e+01,-6.32756164e+01
20.950000,-9.51976932e+01,-6.32301503e+01
21.000000,-9.51520299e+01,-6.31848844e+01
21.050000,-9.51065674e+01,-6.31398176e+01
21.100000,-9.50613048e+01,-6.30949489e+01
21.150000,-9.50162410e+01,-6.30502772e+01
21.200000,-9.49713749e+01,-6.30058016e+01
21.250000,-9.49267055e+01,-6.29615209e+01
21.300000,-9.48822319e+01,-6.29174343e+01
21.350000,-9.48379529e+01,-6.28735407e+01
21.400000,-9.47938676e+01,-6.28298390e+01
21.450000,-9.47499750e+01,-6.27863284e+01
21.500000,-9.47062741e+01,-6.27430078e+01
21.550000,-9.46627639e+01,-6.26998763e+01
21.600000,-9.46194434e+01,-6.26569328e+01
21.650000,-9.45763117e+01,-6.26141765e+01
21.700000,-9.45333679e+01,-6.25716063e+01
21.750000,-9.44906109e+01,-6.25292214e+01
21.800000,-9.44480397e+01,-6.24870208e+01
21.850000,-9.44056536e+01,-6.24450035e+01
21.900000,-9.43634515e+01,-6.24031687e+01
21.950000,-9.43214325e+01,-6.23615154e+01
22.000000,-9.42795957e+01,-6.23200426e+01
22.050000,-9.42379402e+01,-6.22787496e+01
22.100000,-9.41964650e+01,-6.22376354e+01
22.150000,-9.41551693e+01,-6.21966991e+01
22.200000,-9.41140522e+01,-6.21559398e+01
22.250000,-9.40731127e+01,-6.21153566e+01
22.300000,-9.40323501e+01,-6.20749487e+01
22.350000,-9.39917633e+01,-6.20347152e+01
22.400000,-9.39513517e+01,-6.19946552e+01
22.450000,-9.39111142e+01,-6.19547679e+01
22.500000,-9.38710500e+01,-6.19150524e+01
22.550000,-9.38311583e+01,-6.18755078e+01
22.600000,-9.37914383e+01,-6.18361335e+01
22.650000,-9.37518890e+01,-6.17969284e+01
22.700000,-9.37125097e+01,-6.17578918e+01
22.750000,-9.36732995e+01,-6.17190228e+01
22.800000,-9.36342577e+01,-6.16803207e+01
22.850000,-9.35953833e+01,-6.16417846e+01
22.900000,-9.35566755e+01,-6.16034137e+01
22.950000,-9.35181336e+01,-6.15652073e+01
23.000000,-9.34797568e+01,-6.15271644e+01
23.050000,-9.34415443e+01,-6.14892844e+01
23.100000,-9.34034952e+01,-6.14515664e+01
23.150000,-9.33656088e+01,-6.14140097e+01
23.200000,-9.33278842e+01,-6.13766135e+01
23.250000,-9.32903208e+01,-6.13393770e+01
23.300000,-9.32529178e+01,-6.13022995e+01
23.350000,-9.32156743e+01,-6.12653801e+01
23.400000,-9.31785897e+01,-6.12286182e+01
23.450000,-9.31416631e+01,-6.11920130e+01
23.500000,-9.31048939e+01,-6.11555637e+01
23.550000,-9.30682812e+01,-6.11192697e+01
23.600000,-9.30318243e+01,-6.10831301e+01
23.650000,-9.29955225e+01,-6.10471442e+01
23.700000,-9.29593751e+01,-6.10113113e+01
23.750000,-9.29233812e+01,-6.09756307e+01
23.800000,-9.28875403e+01,-6.09401017e+01
23.850000,-9.28518516e+01,-6.09047235e+01
23.900000,-9.28163143e+01,-6.08694955e+01
23.950000,-9.27809277e+01,-6.08344169e+01
24.000000,-9.27456912e+01,-6.07994871e+01
24.050000,-9.27106041e+01,-6.07647053e+01
24.100000,-9.26756656e+01,-6.07300709e+01
24.150000,-9.26408750e+01,-6.06955831e+01
24.200000,-9.26062317e+01,-6.06612413e+01
24.250000,-9.25717350e+01,-6.06270447e+01
24.300000,-9.25373842e+01,-6.05929929e+01
24.350000,-9.25031786e+01,-6.05590849e+01
24.400000,-9.24691175e+01,-6.05253203e+01
24.450000,-9.24352004e+01,-6.04916983e+01
24.500000,-9.24014264e+01,-6.04582182e+01
24.550000,-9.23677950e+01,-6.04248795e+01
24.600000,-9.23343054e+01,-6.03916814e+01
24.650000,-9.23009571e+01,-6.03586233e+01
24.700000,-9.22677494e+01,-6.03257046e+01
24.750000,-9.22346817e+01,-6.02929246e+01
24.800000,-9.22017532e+01,-6.02602827e+01
24.850000,-9.21689634e+01,-6.02277783e+01
24.900000,-9.21363117e+01,-6.01954107e+01
24.950000,-9.21037973e+01,-6.01631793e+01
25.000000,-9.20714197e+01,-6.01310835e+01
25.050000,-9.20391783e+01,-6.00991226e+01
25.100000,-9.20070723e+01,-6.00672961e+01
25.150000,-9.19751013e+01,-6.00356033e+01
25.200000,-9.19432646e+01,-6.00040437e+01
25.250000,-9.19115616e+01,-5.99726166e+01
25.300000,-9.18799917e+01,-5.99413214e+01
25.350000,-9.18485543e+01,-5.99101575e+01
25.400000,-9.18172487e+01,-5.98791244e+01
25.450000,-9.17860744e+01,-5.98482214e+01
25.500000,-9.17550309e+01,-5.98174480e+01
25.550000,-9.17241174e+01,-5.97868036e+01
25.600000,-9.16933334e+01,-5.97562875e+01
25.650000,-9.16626784e+01,-5.97258993e+01
25.700000,-9.16321518e+01,-5.96956383e+01
25.750000,-9.16017529e+01,-5.96655040e+01
25.800000,-9.15714812e+01,-5.96354957e+01
25.850000,-9.15413362e+01,-5.96056131e+01
25.900000,-9.15113173e+01,-5.95758554e+01
25.950000,-9.14814238e+01,-5.95462221e+01
26.000000,-9.14516553e+01,-5.95167127e+01
26.050000,-9.14220113e+01,-5.94873265e+01
26.100000,-9.13924910e+01,-5.94580632e+01
26.150000,-9.13630940e+01,-5.94289220e+01
26.200000,-9.13338198e+01,-5.93999026e+01
26.250000,-9.13046678e+01,-5.93710042e+01
26.300000,-9.12756374e+01,-5.93422265e+01
26.350000,-9.12467281e+01,-5.93135688e+01
26.400000,-9.12179394e+01,-5.92850307e+01
26.450000,-9.11892708e+01,-5.92566115e+01
26.500000,-9.11607216e+01,-5.92283108e+01
26.550000,-9.11322914e+01,-5.92001280e+01
26.600000,-9.11039797e+01,-5.91720627e+01
26.650000,-9.10757860e+01,-5.91441143e+01
26.700000,-9.10477096e+01,-5.91162823e+01
26.750000,-9.10197501e+01,-5.90885661e+01
26.800000,-9.09919071e+01,-5.90609654e+01
26.850000,-9.09641799e+01,-5.90334795e+01
26.900000,-9.09365680e+01,-5.90061079e+01
26.950000,-9.09090710e+01,-5.89788502e+01
27.000000,-9.08816884e+01,-5.89517059e+01
27.050000,-9.08544196e+01,-5.89246744e+01
27.100000,-9.08272642e+01,-5.88977553e+01
27.150000,-9.08002216e+01,-5.88709481e+01
27.200000,-9.07732914e+01,-5.88442522e+01
27.250000,-9.07464731e+01,-5.88176673e+01
27.300000,-9.07197661e+01,-5.87911927e+01
27.350000,-9.06931700e+01,-5.87648281e+01
27.400000,-9.06666844e+01,-5.87385730e+01
27.450000,-9.06403087e+01,-5.87124268e+01
27.500000,-9.06140425e+01,-5.86863892e+01
27.550000,-9.05878852e+01,-5.86604595e+01
27.600000,-9.05618364e+01,-5.86346374e+01
27.650000,-9.05358957e+01,-5.86089225e+01
27.700000,-9.05100625e+01,-5.85833141e+01
27.750000,-9.04843365e+01,-5.85578119e+01
27.800000,-9.04587170e+01,-5.85324155e+01
27.850000,-9.04332038e+01,-5.85071243e+01
27.900000,-9.04077963e+01,-5.84819378e+01
27.950000,-9.03824940e+01,-5.84568557e+01
28.000000,-9.03572965e+01,-5.84318776e+01
28.050000,-9.03322034e+01,-5.84070028e+01
28.100000,-9.03072141e+01,-5.83822310e+01
28.150000,-9.02823284e+01,-5.83575618e+01
28.200000,-9.02575456e+01,-5.83329947e+01
28.250000,-9.02328654e+01,-5.83085293e+01
28.300000,-9.02082873e+01,-5.82841651e+01
28.350000,-9.01838109e+01,-5.82599017e+01
28.400000,-9.01594357e+01,-5.82357387e+01
28.450000,-9.01351614e+01,-5.82116756e+01
28.500000,-9.01109874e+01,-5.81877119e+01
28.550000,-9.00869133e+01,-5.81638474e+01
28.600000,-9.00629388e+01,-5.81400815e+01
28.650000,-9.00390634e+01,-5.81164139e+01
28.700000,-9.00152866e+01,-5.80928440e+01
28.750000,-8.99916081e+01,-5.80693715e+01
28.800000,-8.99680273e+01,-5.80459960e+01
28.850000,-8.99445440e+01,-5.80227171e+01
28.900000,-8.99211577e+01,-5.79995343e+01
28.950000,-8.98978680e+01,-5.79764472e+01
29.000000,-8.98746744e+01,-5.79534555e+01
29.050000,-8.98515765e+01,-5.79305586e+01
29.100000,-8.98285740e+01,-5.79077563e+01
29.150000,-8.98056664e+01,-5.78850481e+01
29.200000,-8.97828534e+01,-5.78624336e+01
29.250000,-8.97601345e+01,-5.78399124e+01
29.300000,-8.97375093e+01,-5.78174841e+01
29.350000,-8.97149774e+01,-5.77951483e+01
29.400000,-8.96925384e+01,-5.77729046e+01
29.450000,-8.96701920e+01,-5.77507527e+01
29.500000,-8.96479378e+01,-5.77286921e+01
29.550000,-8.96257752e+01,-5.77067224e+01
29.600000,-8.96037041e+01,-5.76848433e+01
29.650000,-8.95817239e+01,-5.76630544e+01
29.700000,-8.95598343e+01,-5.76413553e+01
29.750000,-8.95380349e+01,-5.76197456e+01
29.800000,-8.95163253e+01,-5.75982250e+01
29.850000,-8.94947051e+01,-5.75767930e+01
29.900000,-8.94731741e+01,-5.75554493e+01
29.950000,-8.94517317e+01,-5.75341935e+01
30.000000,-8.94303776e+01,-5.75130252e+01
30.050000,-8.94091114e+01,-5.74919441e+01
30.100000,-8.93879328e+01,-5.74709498e+01
30.150000,-8.93668414e+01,-5.74500419e+01
30.200001,-8.93458368e+01,-5.74292201e+01
30.250000,-8.93249187e+01,-5.74084841e+01
30.300000,-8.93040866e+01,-5.73878333e+01
30.350001,-8.92833403e+01,-5.73672675e+01
30.400001,-8.92626794e+01,-5.73467864e+01
30.450001,-8.92421034e+01,-5.73263895e+01
30.500000,-8.92216121e+01,-5.73060766e+01
30.550000,-8.92012051e+01,-5.72858472e+01
30.600001,-8.91808821e+01,-5.72657010e+01
30.650001,-8.91606426e+01,-5.72456376e+01
30.700001,-8.91404864e+01,-5.72256568e+01
30.750000,-8.91204130e+01,-5.72057581e+01
30.800000,-8.91004222e+01,-5.71859413e+01
30.850001,-8.90805135e+01,-5.71662059e+01
30.900001,-8.90606867e+01,-5.71465516e+01
30.950001,-8.90409414e+01,-5.71269782e+01
31.000000,-8.90212773e+01,-5.71074851e+01
31.050000,-8.90016939e+01,-5.70880722e+01
31.100001,-8.89821911e+01,-5.70687391e+01
31.150001,-8.89627684e+01,-5.70494854e+01
31.200001,-8.89434254e+01,-5.70303108e+01
31.250000,-8.89241620e+01,-5.70112150e+01
31.300000,-8.89049777e+01,-5.69921976e+01
31.350001,-8.88858721e+01,-5.69732584e+01
31.400001,-8.88668451e+01,-5.69543969e+01
31.450001,-8.88478962e+01,-5.69356129e+01
31.500000,-8.88290251e+01,-5.69169061e+01
31.550000,-8.88102315e+01,-5.68982760e+01
31.600001,-8.87915151e+01,-5.68797225e+01
31.650001,-8.87728755e+01,-5.68612451e+01
31.700001,-8.87543124e+01,-5.68428436e+01
31.750000,-8.87358256e+01,-5.68245176e+01
31.800000,-8.87174146e+01,-5.68062668e+01
31.850001,-8.86990792e+01,-5.67880910e+01
31.900001,-8.86808190e+01,-5.67699897e+01
31.950001,-8.86626338e+01,-5.67519628e+01
32.000000,-8.86445232e+01,-5.67340098e+01
32.050001,-8.86264869e+01,-5.67161305e+01
32.100001,-8.86085246e+01,-5.66983245e+01
32.150000,-8.85906360e+01,-5.66805916e+01
32.200001,-8.85728208e+01,-5.66629314e+01
32.250000,-8.85550787e+01,-5.66453437e+01
32.300001,-8.85374093e+01,-5.66278281e+01
32.350001,-8.85198125e+01,-5.66103844e+01
32.400000,-8.85022878e+01,-5.65930122e+01
32.450001,-8.84848349e+01,-5.65757112e+01
32.500000,-8.84674537e+01,-5.65584812e+01
32.550001,-8.84501437e+01,-5.65413219e+01
32.600001,-8.84329047e+01,-5.65242329e+01
32.650000,-8.84157363e+01,-5.65072140e+01
32.700001,-8.83986384e+01,-5.64902648e+01
32.750000,-8.83816106e+01,-5.64733852e+01
32.800001,-8.83646525e+01,-5.64565747e+01
32.850001,-8.83477640e+01,-5.64398331e+01
32.900000,-8.83309447e+01,-5.64231602e+01
32.950001,-8.83141943e+01,-5.64065556e+01
33.000000,-8.82975126e+01,-5.63900190e+01
33.050001,-8.82808992e+01,-5.63735503e+01
33.100001,-8.82643539e+01,-5.63571490e+01
33.150000,-8.82478764e+01,-5.63408149e+01
33.200001,-8.82314665e+01,-5.63245477e+01
33.250000,-8.82151238e+01,-5.63083472e+01
33.300001,-8.81988480e+01,-5.62922131e+01
33.350001,-8.81826389e+01,-5.62761451e+01
33.400000,-8.81664962e+01,-5.62601429e+01
33.450001,-8.81504197e+01,-5.62442062e+01
33.500000,-8.81344090e+01,-5.62283349e+01
33.550001,-8.81184638e+01,-5.62125285e+01
33.600001,-8.81025840e+01,-5.61967869e+01
33.650000,-8.80867692e+01,-5.61811097e+01
33.700001,-8.80710192e+01,-5.61654968e+01
33.750000,-8.80553337e+01,-5.61499478e+01
33.800001,-8.80397124e+01,-5.61344625e+01
33.850001,-8.80241551e+01,-5.61190405e+01
33.900000,-8.80086615e+01,-5.61036818e+01
33.950001,-8.79932314e+01,-5.60883859e+01
34.000000,-8.79778644e+01,-5.60731526e+01
34.050001,-8.79625603e+01,-5.60579817e+01
34.100001,-8.79473189e+01,-5.60428730e+01
34.150000,-8.79321399e+01,-5.60278260e+01
34.200001,-8.79170230e+01,-5.60128407e+01
34.250000,-8.79019680e+01,-5.59979167e+01
34.300001,-8.78869746e+01,-5.59830538e+01
34.350001,-8.78720426e+01,-5.59682518e+01
34.400000,-8.78571717e+01,-5.59535103e+01
34.450001,-8.78423617e+01,-5.59388291e+01
34.500000,-8.78276122e+01,-5.59242081e+01
34.550001,-8.78129232e+01,-5.59096468e+01
34.600001,-8.77982942e+01,-5.58951452e+01
34.650000,-8.77837252e+01,-5.58807029e+01
34.700001,-8.77692157e+01,-5.58663197e+01
34.750000,-8.77547656e+01,-5.58519954e+01
34.800001,-8.77403746e+01,-5.58377296e+01
34.850001,-8.77260425e+01,-5.58235223e+01
34.900000,-8.77117691e+01,-5.58093731e+01
34.950001,-8.76975540e+01,-5.57952817e+01
35.000000,-8.76833971e+01,-5.57812480e+01
35.050001,-8.76692982e+01,-5.57672717e+01
35.100001,-8.76552569e+01,-5.57533526e+01
35.150000,-8.76412730e+01,-5.57394905e+01
35.200001,-8.76273463e+01,-5.57256850e+01
35.250000,-8.76134766e+01,-5.57119360e+01
35.300001,-8.75996637e+01,-5.56982432e+01
35.350001,-8.75859072e+01,-5.56846065e+01
35.400000,-8.75722070e+01,-5.56710255e+01
35.450001,-8.75585628e+01,-5.56575001e+01
35.500000,-8.75449745e+01,-5.56440300e+01
35.550001,-8.75314417e+01,-5.56306149e+01
35.600001,-8.75179642e+01,-5.56172548e+01
35.650000,-8.75045419e+01,-5.56039493e+01
35.700001,-8.74911744e+01,-5.55906981e+01
35.750000,-8.74778616e+01,-5.55775012e+01
35.800001,-8.74646033e+01,-5.55643582e+01
35.850001,-8.74513991e+01,-5.55512690e+01
35.900000,-8.74382490e+01,-5.55382333e+01
35.950001,-8.74251526e+01,-5.55252509e+01
36.000000,-8.74121098e+01,-5.55123215e+01
36.050001,-8.73991203e+01,-5.54994451e+01
36.100001,-8.73861839e+01,-5.54866213e+01
36.150000,-8.73733003e+01,-5.54738499e+01
36.200001,-8.73604695e+01,-5.54611307e+01
36.250000,-8.73476911e+01,-5.54484635e+01
36.300001,-8.73349649e+01,-5.54358481e+01
36.350001,-8.73222908e+01,-5.54232842e+01
36.400000,-8.73096685e+01,-5.54107717e+01
36.450001,-8.72970977e+01,-5.53983104e+01
36.500000,-8.72845784e+01,-5.53859000e+01
36.550001,-8.72721102e+01,-5.53735403e+01
36.600001,-8.72596930e+01,-5.53612312e+01
36.650000,-8.72473265e+01,-5.53489724e+01
36.700001,-8.72350106e+01,-5.53367636e+01
36.750000,-8.72227450e+01,-5.53246048e+01
36.800001,-8.72105296e+01,-5.53124956e+01
36.850001,-8.71983641e+01,-5.53004360e+01
36.900000,-8.71862482e+01,-5.52884256e+01
36.950001,-8.71741819e+01,-5.52764643e+01
37.000001,-8.71621650e+01,-5.52645519e+01
37.050001,-8.71501971e+01,-5.52526882e+01
37.100001,-8.71382781e+01,-5.52408729e+01
37.150001,-8.71264078e+01,-5.52291059e+01
37.200001,-8.71145861e+01,-5.52173870e+01
37.250001,-8.71028126e+01,-5.52057160e+01
37.300001,-8.70910872e+01,-5.51940927e+01
37.350001,-8.70794098e+01,-5.51825169e+01
37.400001,-8.70677801e+01,-5.51709884e+01
37.450001,-8.70561978e+01,-5.51595070e+01
37.500001,-8.70446630e+01,-5.51480725e+01
37.550001,-8.70331752e+01,-5.51366847e+01
37.600001,-8.70217344e+01,-5.51253434e+01
37.650001,-8.70103403e+01,-5.51140485e+01
37.700001,-8.69989927e+01,-5.51027997e+01
37.750001,-8.69876916e+01,-5.50915969e+01
37.800001,-8.69764366e+01,-5.50804398e+01
37.850001,-8.69652275e+01,-5.50693283e+01
37.900001,-8.69540643e+01,-5.50582622e+01
37.950001,-8.69429466e+01,-5.50472413e+01
38.000001,-8.69318744e+01,-5.50362655e+01
38.050001,-8.69208474e+01,-5.50253345e+01
38.100001,-8.69098655e+01,-5.50144481e+01
38.150001,-8.68989284e+01,-5.50036062e+01
38.200001,-8.68880360e+01,-5.49928085e+01
38.250001,-8.68771881e+01,-5.49820550e+01
38.300001,-8.68663844e+01,-5.49713454e+01
38.350001,-8.68556250e+01,-5.49606796e+01
38.400001,-8.68449094e+01,-5.49500573e+01
38.450001,-8.68342377e+01,-5.49394784e+01
38.500001,-8.68236095e+01,-5.49289427e+01
38.550001,-8.68130247e+01,-5.49184501e+01
38.600001,-8.68024832e+01,-5.49080002e+01
38.650001,-8.67919847e+01,-5.48975931e+01
38.700001,-8.67815290e+01,-5.48872285e+01
38.750001,-8.67711161e+01,-5.48769062e+01
38.800001,-8.67607458e+01,-5.48666261e+01
38.850001,-8.67504177e+01,-5.48563879e+01
38.900001,-8.67401319e+01,-5.48461916e+01
38.950001,-8.67298880e+01,-5.48360369e+01
39.000001,-8.67196860e+01,-5.48259236e+01
39.050001,-8.67095256e+01,-5.48158517e+01
39.100001,-8.66994068e+01,-5.48058209e+01
39.150001,-8.66893292e+01,-5.47958311e+01
39.200001,-8.66792928e+01,-5.47858820e+01
39.250001,-8.66692974e+01,-5.47759736e+01
39.300001,-8.66593429e+01,-5.47661056e+01
39.350001,-8.66494289e+01,-5.47562780e+01
39.400001,-8.66395555e+01,-5.47464904e+01
39.450001,-8.66297223e+01,-5.47367429e+01
39.500001,-8.66199293e+01,-5.47270351e+01
39.550001,-8.66101763e+01,-5.47173670e+01
39.600001,-8.66004631e+01,-5.47077383e+01
39.650001,-8.65907896e+01,-5.46981490e+01
39.700001,-8.65811556e+01,-5.46885988e+01
39.750001,-8.65715609e+01,-5.46790876e+01
39.800001,-8.65620054e+01,-5.46696153e+01
39.850001,-8.65524889e+01,-5.46601816e+01
39.900001,-8.65430112e+01,-5.46507864e+01
39.950001,-8.65335723e+01,-5.46414296e+01
40.000001,-8.65241719e+01,-5.46321110e+01
40.050001,-8.65148098e+01,-5.46228304e+01
40.100001,-8.65054860e+01,-5.46135878e+01
40.150001,-8.64962003e+01,-5.46043828e+01
40.200001,-8.64869525e+01,-5.45952155e+01
40.250001,-8.64777424e+01,-5.45860856e+01
40.300001,-8.64685699e+01,-5.45769929e+01
40.350001,-8.64594349e+01,-5.45679374e+01
40.400001,-8.64503371e+01,-5.45589188e+01
40.450001,-8.64412765e+01,-5.45499371e+01
40.500001,-8.64322529e+01,-5.45409920e+01
40.550001,-8.64232662e+01,-5.45320834e+01
40.600001,-8.64143161e+01,-5.45232112e+01
40.650001,-8.64054025e+01,-5.45143752e+01
40.700001,-8.63965254e+01,-5.45055753e+01
40.750001,-8.63876844e+01,-5.44968114e+01
40.800001,-8.63788796e+01,-5.44880831e+01
40.850001,-8.63701107e+01,-5.44793906e+01
40.900001,-8.63613776e+01,-5.44707335e+01
40.950001,-8.63526802e+01,-5.44621117e+01
41.000001,-8.63440182e+01,-5.44535252e+01
41.050001,-8.63353916e+01,-5.44449736e+01
41.100001,-8.63268003e+01,-5.44364570e+01
41.150001,-8.63182440e+01,-5.44279752e+01
41.200001,-8.63097226e+01,-5.44195280e+01
41.250001,-8.63012360e+01,-5.44111152e+01
41.300001,-8.62927840e+01,-5.44027368e+01
41.350001,-8.62843666e+01,-5.43943926e+01
41.400001,-8.62759835e+01,-5.43860825e+01
41.450001,-8.62676346e+01,-5.43778063e+01
41.500001,-8.62593198e+01,-5.43695638e+01
41.550001,-8.62510390e+01,-5.43613550e+01
41.600001,-8.62427919e+01,-5.43531797e+01
41.650001,-8.62345785e+01,-5.43450378e+01
41.700001,-8.62263986e+01,-5.43369291e+01
41.750001,-8.62182521e+01,-5.43288535e+01
41.800001,-8.62101389e+01,-5.43208109e+01
41.850001,-8.62020587e+01,-5.43128011e+01
41.900001,-8.61940116e+01,-5.43048240e+01
41.950001,-8.61859973e+01,-5.42968794e+01
42.000001,-8.61780157e+01,-5.42889673e+01
42.050001,-8.61700667e+01,-5.42810874e+01
42.100001,-8.61621501e+01,-5.42732397e+01
42.150001,-8.61542658e+01,-5.42654241e+01
42.200001,-8.61464137e+01,-5.42576403e+01
42.250001,-8.61385937e+01,-5.42498883e+01
42.300001,-8.61308056e+01,-5.42421680e+01
42.350001,-8.61230492e+01,-5.42344791e+01
42.400001,-8.61153245e+01,-5.42268217e+01
42.450001,-8.61076314e+01,-5.42191955e+01
42.500001,-8.60999696e+01,-5.42116004e+01
42.550001,-8.60923391e+01,-5.42040363e+01
42.600001,-8.60847398e+01,-5.41965031e+01
42.650001,-8.60771714e+01,-5.41890006e+01
42.700001,-8.60696340e+01,-5.41815287e+01
42.750001,-8.60621273e+01,-5.41740874e+01
42.800001,-8.60546512e+01,-5.41666764e+01
42.850001,-8.60472056e+01,-5.41592956e+01
42.900001,-8.60397905e+01,-5.41519450e+01
42.950001,-8.60324056e+01,-5.41446243e+01
43.000001,-8.60250508e+01,-5.41373336e+01
43.050001,-8.60177261e+01,-5.41300726e+01
43.100001,-8.60104312e+01,-5.41228412e+01
43.150001,-8.60031661e+01,-5.41156393e+01
43.200001,-8.59959307e+01,-5.41084668e+01
43.250001,-8.59887247e+01,-5.41013236e+01
43.300001,-8.59815482e+01,-5.40942096e+01
43.350001,-8.59744010e+01,-5.40871245e+01
43.400001,-8.59672829e+01,-5.40800684e+01
43.450001,-8.59601939e+01,-5.40730411e+01
43.500001,-8.59531338e+01,-5.40660425e+01
43.550001,-8.59461026e+01,-5.40590724e+01
43.600001,-8.59391000e+01,-5.40521307e+01
43.650001,-8.59321260e+01,-5.40452174e+01
43.700001,-8.59251804e+01,-5.40383323e+01
43.750001,-8.59182632e+01,-5.40314753e+01
43.800001,-8.59113742e+01,-5.40246463e+01
43.850001,-8.59045134e+01,-5.40178451e+01
43.900001,-8.58976805e+01,-5.40110717e+01
43.950001,-8.58908755e+01,-5.40043259e+01
44.000001,-8.58840983e+01,-5.39976077e+01
44.050001,-8.58773487e+01,-5.39909169e+01
44.100001,-8.58706267e+01,-5.39842533e+01
44.150001,-8.58639321e+01,-5.39776170e+01
44.200001,-8.58572648e+01,-5.39710077e+01
44.250001,-8.58506247e+01,-5.39644254e+01
44.300001,-8.58440117e+01,-5.39578700e+01
44.350001,-8.58374257e+01,-5.39513413e+01
44.400001,-8.58308666e+01,-5.39448393e+01
44.450001,-8.58243343e+01,-5.39383638e+01
44.500001,-8.58178286e+01,-5.39319147e+01
44.550001,-8.58113494e+01,-5.39254919e+01
44.600001,-8.58048967e+01,-5.39190953e+01
44.650001,-8.57984703e+01,-5.39127249e+01
44.700001,-8.57920701e+01,-5.39063804e+01
44.750001,-8.57856960e+01,-5.39000618e+01
44.800001,-8.57793480e+01,-5.38937690e+01
44.850001,-8.57730259e+01,-5.38875019e+01
44.900001,-8.57667295e+01,-5.38812603e+01
44.950001,-8.57604588e+01,-5.38750442e+01
45.000001,-8.57542138e+01,-5.38688535e+01
45.050001,-8.57479942e+01,-5.38626880e+01
45.100001,-8.57418000e+01,-5.38565477e+01
45.150001,-8.57356310e+01,-5.38504325e+01
45.200001,-8.57294872e+01,-5.38443422e+01
45.250001,-8.57233685e+01,-5.38382767e+01
45.300001,-8.57172748e+01,-5.38322360e+01
45.350001,-8.57112059e+01,-5.38262199e+01
45.400001,-8.57051618e+01,-5.38202284e+01
45.450001,-8.56991423e+01,-5.38142614e+01
45.500001,-8.56931475e+01,-5.38083186e+01
45.550001,-8.56871770e+01,-5.38024002e+01
45.600001,-8.56812309e+01,-5.37965058e+01
45.650001,-8.56753091e+01,-5.37906355e+01
45.700001,-8.56694115e+01,-5.37847892e+01
45.750001,-8.56635379e+01,-5.37789667e+01
45.800001,-8.56576883e+01,-5.37731680e+01
45.850001,-8.56518625e+01,-5.37673930e+01
45.900001,-8.56460605e+01,-5.37616415e+01
45.950001,-8.56402822e+01,-5.37559134e+01
46.000001,-8.56345275e+01,-5.37502088e+01
46.050001,-8.56287962e+01,-5.37445274e+01
46.100001,-8.56230883e+01,-5.37388692e+01
46.150001,-8.56174037e+01,-5.37332341e+01
46.200001,-8.56117423e+01,-5.37276219e+01
46.250001,-8.56061040e+01,-5.37220327e+01
46.300001,-8.56004887e+01,-5.37164663e+01
46.350001,-8.55948963e+01,-5.37109226e+01
46.400001,-8.55893268e+01,-5.37054015e+01
46.450001,-8.55837799e+01,-5.36999029e+01
46.500001,-8.55782557e+01,-5.36944267e+01
46.550001,-8.55727540e+01,-5.36889730e+01
46.600001,-8.55672748e+01,-5.36835414e+01
46.650001,-8.55618179e+01,-5.36781320e+01
46.700001,-8.55563833e+01,-5.36727447e+01
46.750001,-8.55509709e+01,-5.36673794e+01
46.800001,-8.55455805e+01,-5.36620359e+01
46.850001,-8.55402122e+01,-5.36567143e+01
46.900001,-8.55348657e+01,-5.36514143e+01
46.950001,-8.55295410e+01,-5.36461360e+01
47.000001,-8.55242381e+01,-5.36408792e+01
47.050001,-8.55189568e+01,-5.36356439e+01
47.100001,-8.55136971e+01,-5.36304299e+01
47.150001,-8.55084588e+01,-5.36252372e+01
47.200001,-8.55032419e+01,-5.36200657e+01
47.250001,-8.54980462e+01,-5.36149153e+01
47.300001,-8.54928718e+01,-5.36097859e+01
47.350001,-8.54877185e+01,-5.36046774e+01
47.400001,-8.54825862e+01,-5.35995898e+01
47.450001,-8.54774748e+01,-5.35945229e+01
47.500001,-8.54723843e+01,-5.35894767e+01
47.550001,-8.54673145e+01,-5.35844510e+01
47.600001,-8.54622655e+01,-5.35794459e+01
47.650001,-8.54572370e+01,-5.35744612e+01
47.700001,-8.54522291e+01,-5.35694969e+01
47.750001,-8.54472416e+01,-5.35645528e+01
47.800001,-8.54422744e+01,-5.35596288e+01
47.850001,-8.54373275e+01,-5.35547250e+01
47.900001,-8.54324008e+01,-5.35498411e+01
47.950001,-8.54274941e+01,-5.35449772e+01
48.000001,-8.54226075e+01,-5.35401331e+01
48.050001,-8.54177409e+01,-5.35353088e+01
48.100001,-8.54128941e+01,-5.35305042e+01
48.150001,-8.54080670e+01,-5.35257191e+01
48.200001,-8.54032597e+01,-5.35209536e+01
48.250001,-8.53984719e+01,-5.35162075e+01
48.300001,-8.53937037e+01,-5.35114808e+01
48.350001,-8.53889550e+01,-5.35067734e+01
48.400001,-8.53842256e+01,-5.35020852e+01
48.450001,-8.53795155e+01,-5.34974161e+01
48.500001,-8.53748246e+01,-5.34927660e+01
48.550001,-8.53701529e+01,-5.34881350e+01
48.600001,-8.53655002e+01,-5.34835228e+01
48.650001,-8.53608665e+01,-5.34789294e+01
48.700001,-8.53562517e+01,-5.34743548e+01
48.750001,-8.53516558e+01,-5.34697988e+01
48.800001,-8.53470786e+01,-5.34652614e+01
48.850001,-8.53425200e+01,-5.34607426e+01
48.900001,-8.53379801e+01,-5.34562421e+01
48.950001,-8.53334587e+01,-5.34517601e+01
49.000001,-8.53289557e+01,-5.34472963e+01
49.050001,-8.53244711e+01,-5.34428507e+01
49.100001,-8.53200048e+01,-5.34384232e+01
49.150001,-8.53155567e+01,-5.34340139e+01
49.200001,-8.53111267e+01,-5.34296225e+01
49.250001,-8.53067149e+01,-5.34252490e+01
49.300001,-8.53023210e+01,-5.34208933e+01
49.350001,-8.52979450e+01,-5.34165555e+01
49.400001,-8.52935869e+01,-5.34122353e+01
49.450001,-8.52892466e+01,-5.34079328e+01
49.500001,-8.52849240e+01,-5.34036478e+01
49.550001,-8.52806190e+01,-5.33993802e+01
49.600001,-8.52763316e+01,-5.33951301e+01
49.650001,-8.52720617e+01,-5.33908974e+01
49.700001,-8.52678092e+01,-5.33866819e+01
49.750001,-8.52635740e+01,-5.33824836e+01
49.800001,-8.52593561e+01,-5.33783024e+01
49.850001,-8.52551554e+01,-5.33741383e+01
49.900001,-8.52509719e+01,-5.33699911e+01
49.950001,-8.52468054e+01,-5.33658609e+01
50.000001,-8.52426560e+01,-5.33617476e+01
50.050001,-8.52385234e+01,-5.33576510e+01
50.100001,-8.52344077e+01,-5.33535711e+01
50.150001,-8.52303088e+01,-5.33495079e+01
50.200001,-8.52262266e+01,-5.33454612e+01
50.250001,-8.52221611e+01,-5.33414311e+01
50.300001,-8.52181122e+01,-5.33374174e+01
50.350001,-8.52140797e+01,-5.33334200e+01
50.400001,-8.52100638e+01,-5.33294390e+01
50.450001,-8.52060642e+01,-5.33254742e+01
50.500001,-8.52020809e+01,-5.33215256e+01
50.550001,-8.51981139e+01,-5.33175931e+01
50.600001,-8.51941630e+01,-5.33136767e+01
50.650001,-8.51902283e+01,-5.33097762e+01
50.700001,-8.51863096e+01,-5.33058916e+01
50.750001,-8.51824069e+01,-5.33020229e+01
50.800001,-8.51785202e+01,-5.32981699e+01
50.850001,-8.51746493e+01,-5.32943327e+01
50.900001,-8.51707941e+01,-5.32905111e+01
50.950001,-8.51669548e+01,-5.32867052e+01
51.000001,-8.51631310e+01,-5.32829147e+01
51.050001,-8.51593229e+01,-5.32791397e+01
51.100001,-8.51555303e+01,-5.32753801e+01
51.150001,-8.51517532e+01,-5.32716359e+01
51.200001,-8.51479914e+01,-5.32679069e+01
51.250001,-8.51442451e+01,-5.32641931e+01
51.300001,-8.51405140e+01,-5.32604945e+01
51.350001,-8.51367981e+01,-5.32568110e+01
51.400001,-8.51330974e+01,-5.32531425e+01
51.450001,-8.51294118e+01,-5.32494889e+01
51.500001,-8.51257412e+01,-5.32458503e+01
51.550001,-8.51220856e+01,-5.32422265e+01
51.600001,-8.51184449e+01,-5.32386175e+01
51.650001,-8.51148191e+01,-5.32350232e+01
51.700001,-8.51112080e+01,-5.32314436e+01
51.750001,-8.51076117e+01,-5.32278785e+01
51.800001,-8.51040300e+01,-5.32243280e+01
51.850001,-8.51004630e+01,-5.32207921e+01
51.900001,-8.50969105e+01,-5.32172705e+01
51.950001,-8.50933725e+01,-5.32137633e+01
52.000001,-8.50898489e+01,-5.32102704e+01
52.050001,-8.50863398e+01,-5.32067917e+01
52.100001,-8.50828449e+01,-5.32033273e+01
52.150001,-8.50793643e+01,-5.31998769e+01
52.200001,-8.50758978e+01,-5.31964407e+01
52.250001,-8.50724456e+01,-5.31930184e+01
52.300001,-8.50690074e+01,-5.31896102e+01
52.350001,-8.50655832e+01,-5.31862158e+01
52.400001,-8.50621730e+01,-5.31828353e+01
52.450001,-8.50587767e+01,-5.31794685e+01
52.500001,-8.50553943e+01,-5.31761155e+01
52.550001,-8.50520256e+01,-5.31727762e+01
52.600001,-8.50486707e+01,-5.31694505e+01
52.650001,-8.50453295e+01,-5.31661384e+01
52.700001,-8.50420019e+01,-5.31628398e+01
52.750001,-8.50386879e+01,-5.31595546e+01
52.800001,-8.50353874e+01,-5.31562828e+01
52.850001,-8.50321004e+01,-5.31530244e+01
52.900001,-8.50288268e+01,-5.31497793e+01
52.950001,-8.50255665e+01,-5.31465474e+01
53.000001,-8.50223196e+01,-5.31433287e+01
53.050001,-8.50190858e+01,-5.31401231e+01
53.100001,-8.50158653e+01,-5.31369306e+01
53.150001,-8.50126579e+01,-5.31337511e+01
53.200001,-8.50094636e+01,-5.31305846e+01
53.250001,-8.50062824e+01,-5.31274310e+01
53.300001,-8.50031141e+01,-5.31242903e+01
53.350001,-8.49999587e+01,-5.31211624e+01
53.400001,-8.49968162e+01,-5.31180472e+01
53.450001,-8.49936865e+01,-5.31149448e+01
53.500001,-8.49905696e+01,-5.31118550e+01
53.550001,-8.49874654e+01,-5.31087778e+01
53.600001,-8.49843738e+01,-5.31057132e+01
53.650001,-8.49812949e+01,-5.31026610e+01
53.700001,-8.49782285e+01,-5.30996214e+01
53.750001,-8.49751747e+01,-5.30965941e+01
53.800001,-8.49721333e+01,-5.30935791e+01
53.850001,-8.49691043e+01,-5.30905765e+01
53.900001,-8.49660877e+01,-5.30875861e+01
53.950001,-8.49630833e+01,-5.30846079e+01
54.000001,-8.49600912e+01,-5.30816419e+01
54.050001,-8.49571114e+01,-5.30786880e+01
54.100001,-8.49541437e+01,-5.30757461e+01
54.150001,-8.49511880e+01,-5.30728162e+01
54.200001,-8.49482445e+01,-5.30698982e+01
54.250001,-8.49453129e+01,-5.30669922e+01
54.300001,-8.49423934e+01,-5.30640980e+01
54.350001,-8.49394857e+01,-5.30612157e+01
54.400001,-8.49365899e+01,-5.30583450e+01
54.450001,-8.49337059e+01,-5.30554861e+01
54.500001,-8.49308336e+01,-5.30526389e+01
54.550001,-8.49279731e+01,-5.30498033e+01
54.600001,-8.49251242e+01,-5.30469792e+01
54.650001,-8.49222870e+01,-5.30441666e+01
54.700001,-8.49194613e+01,-5.30413656e+01
54.750001,-8.49166472e+01,-5.30385759e+01
54.800001,-8.49138446e+01,-5.30357977e+01
54.850001,-8.49110533e+01,-5.30330307e+01
54.900001,-8.49082735e+01,-5.30302751e+01
54.950001,-8.49055050e+01,-5.30275307e+01
55.000001,-8.49027478e+01,-5.30247975e+01
55.050001,-8.49000018e+01,-5.30220754e+01
55.100001,-8.48972671e+01,-5.30193645e+01
55.150001,-8.48945435e+01,-5.30166646e+01
55.200001,-8.48918310e+01,-5.30139757e+01
55.250001,-8.48891296e+01,-5.30112978e+01
55.300001,-8.48864392e+01,-5.30086308e+01
55.350001,-8.48837597e+01,-5.30059747e+01
55.400001,-8.48810912e+01,-5.30033294e+01
55.450001,-8.48784336e+01,-5.30006949e+01
55.500001,-8.48757869e+01,-5.29980712e+01
55.550001,-8.48731509e+01,-5.29954581e+01
55.600001,-8.48705257e+01,-5.29928558e+01
55.650001,-8.48679111e+01,-5.29902640e+01
55.700001,-8.48653073e+01,-5.29876828e+01
55.750001,-8.48627141e+01,-5.29851122e+01
55.800001,-8.48601314e+01,-5.29825520e+01
55.850001,-8.48575593e+01,-5.29800022e+01
55.900001,-8.48549977e+01,-5.29774629e+01
55.950001,-8.48524465e+01,-5.29749339e+01
56.000001,-8.48499057e+01,-5.29724153e+01
56.050001,-8.48473753e+01,-5.29699069e+01
56.100001,-8.48448553e+01,-5.29674088e+01
56.150001,-8.48423455e+01,-5.29649208e+01
56.200001,-8.48398459e+01,-5.29624430e+01
56.250001,-8.48373565e+01,-5.29599753e+01
56.300001,-8.48348773e+01,-5.29575177e+01
56.350001,-8.48324082e+01,-5.29550700e+01
56.400001,-8.48299492e+01,-5.29526324e+01
56.450001,-8.48275002e+01,-5.29502047e+01
56.500001,-8.48250612e+01,-5.29477870e+01
56.550001,-8.48226321e+01,-5.29453790e+01
56.600001,-8.48202130e+01,-5.29429809e+01
56.650001,-8.48178037e+01,-5.29405926e+01
56.700001,-8.48154043e+01,-5.29382141e+01
56.750001,-8.48130146e+01,-5.29358452e+01
56.800001,-8.48106347e+01,-5.29334860e+01
56.850001,-8.48082645e+01,-5.29311364e+01
56.900001,-8.48059039e+01,-5.29287964e+01
56.950001,-8.48035530e+01,-5.29264660e+01
57.000001,-8.48012117e+01,-5.29241450e+01
57.050001,-8.47988799e+01,-5.29218335e+01
57.100001,-8.47965577e+01,-5.29195315e+01
57.150001,-8.47942449e+01,-5.29172388e+01
57.200001,-8.47919415e+01,-5.29149555e+01
57.250001,-8.47896476e+01,-5.29126815e+01
57.300001,-8.47873630e+01,-5.29104168e+01
57.350001,-8.47850877e+01,-5.29081613e+01
57.400001,-8.47828217e+01,-5.29059151e+01
57.450001,-8.47805650e+01,-5.29036780e+01
57.500001,-8.47783174e+01,-5.29014500e+01
57.550001,-8.47760790e+01,-5.28992311e+01
57.600001,-8.47738498e+01,-5.28970212e+01
57.650001,-8.47716296e+01,-5.28948204e+01
57.700001,-8.47694185e+01,-5.28926285e+01
57.750001,-8.47672164e+01,-5.28904456e+01
57.800001,-8.47650233e+01,-5.28882716e+01
57.850001,-8.47628392e+01,-5.28861064e+01
57.900001,-8.47606640e+01,-5.28839501e+01
57.950001,-8.47584976e+01,-5.28818026e+01
58.000001,-8.47563400e+01,-5.28796639e+01
58.050001,-8.47541913e+01,-5.28775338e+01
58.100001,-8.47520514e+01,-5.28754125e+01
58.150001,-8.47499201e+01,-5.28732998e+01
58.200001,-8.47477976e+01,-5.28711957e+01
58.250001,-8.47456837e+01,-5.28691002e+01
58.300001,-8.47435784e+01,-5.28670133e+01
58.350001,-8.47414818e+01,-5.28649349e+01
58.400001,-8.47393936e+01,-5.28628649e+01
58.450001,-8.47373140e+01,-5.28608034e+01
58.500001,-8.47352429e+01,-5.28587503e+01
58.550001,-8.47331802e+01,-5.28567056e+01
58.600001,-8.47311260e+01,-5.28546692e+01
58.650001,-8.47290801e+01,-5.28526411e+01
58.700001,-8.47270426e+01,-5.28506213e+01
58.750001,-8.47250133e+01,-5.28486098e+01
58.800001,-8.47229924e+01,-5.28466064e+01
58.850001,-8.47209797e+01,-5.28446112e+01
58.900001,-8.47189752e+01,-5.28426242e+01
58.950001,-8.47169789e+01,-5.28406453e+01
59.000001,-8.47149907e+01,-5.28386744e+01
59.050001,-8.47130107e+01,-5.28367116e+01
59.100001,-8.47110387e+01,-5.28347567e+01
59.150001,-8.47090747e+01,-5.28328099e+01
59.200001,-8.47071188e+01,-5.28308710e+01
59.250001,-8.47051709e+01,-5.28289400e+01
59.300001,-8.47032309e+01,-5.28270169e+01
59.350001,-8.47012988e+01,-5.28251016e+01
59.400001,-8.46993746e+01,-5.28231941e+01
59.450001,-8.46974582e+01,-5.28212944e+01
59.500001,-8.46955497e+01,-5.28194025e+01
59.550001,-8.46936489e+01,-5.28175183e+01
59.600001,-8.46917559e+01,-5.28156418e+01
59.650001,-8.46898706e+01,-5.28137729e+01
59.700001,-8.46879930e+01,-5.28119116e+01
59.750001,-8.46861231e+01,-5.28100580e+01
59.800001,-8.46842608e+01,-5.28082119e+01
59.850001,-8.46824061e+01,-5.28063733e+01
59.900001,-8.46805589e+01,-5.28045422e+01
59.950001,-8.46787193e+01,-5.28027186e+01
60.000001,-8.46768872e+01,-5.28009025e+01
60.050001,-8.46750626e+01,-5.27990937e+01
60.100001,-8.46732454e+01,-5.27972924e+01
60.150001,-8.46714356e+01,-5.27954983e+01
60.200001,-8.46696332e+01,-5.27937116e+01
60.250001,-8.46678382e+01,-5.27919322e+01
60.300001,-8.46660505e+01,-5.27901600e+01
60.350001,-8.46642700e+01,-5.27883951e+01
60.400001,-8.46624969e+01,-5.27866374e+01
60.450001,-8.46607310e+01,-5.27848868e+01
60.500001,-8.46589722e+01,-5.27831434e+01
60.550001,-8.46572207e+01,-5.27814071e+01
60.600001,-8.46554763e+01,-5.27796779e+01
60.650001,-8.46537390e+01,-5.27779557e+01
60.700001,-8.46520088e+01,-5.27762405e+01
60.750001,-8.46502856e+01,-5.27745324e+01
60.800001,-8.46485695e+01,-5.27728312e+01
60.850001,-8.46468604e+01,-5.27711370e+01
60.900001,-8.46451582e+01,-5.27694496e+01
60.950001,-8.46434630e+01,-5.27677692e+01
61.000001,-8.46417747e+01,-5.27660956e+01
61.050001,-8.46400933e+01,-5.27644288e+01
61.100001,-8.46384188e+01,-5.27627688e+01
61.150001,-8.46367511e+01,-5.27611156e+01
61.200001,-8.46350902e+01,-5.27594692e+01
61.250001,-8.46334360e+01,-5.27578294e+01
61.300001,-8.46317887e+01,-5.27561964e+01
61.350001,-8.46301480e+01,-5.27545700e+01
61.400001,-8.46285140e+01,-5.27529502e+01
61.450001,-8.46268867e+01,-5.27513371e+01
61.500001,-8.46252660e+01,-5.27497305e+01
61.550001,-8.46236520e+01,-5.27481305e+01
61.600001,-8.46220445e+01,-5.27465370e+01
61.650001,-8.46204436e+01,-5.27449500e+01
61.700001,-8.46188492e+01,-5.27433695e+01
61.750001,-8.46172613e+01,-5.27417955e+01
61.800001,-8.46156799e+01,-5.27402278e+01
61.850001,-8.46141049e+01,-5.27386666e+01
61.900001,-8.46125364e+01,-5.27371117e+01
61.950001,-8.46109743e+01,-5.27355631e+01
62.000001,-8.46094185e+01,-5.27340209e+01
62.050001,-8.46078691e+01,-5.27324850e+01
62.100001,-8.46063260e+01,-5.27309553e+01
62.150001,-8.46047892e+01,-5.27294319e+01
62.200001,-8.46032587e+01,-5.27279147e+01
62.250001,-8.46017344e+01,-5.27264036e+01
62.300001,-8.46002163e+01,-5.27248988e+01
62.350001,-8.45987044e+01,-5.27234001e+01
62.400001,-8.45971987e+01,-5.27219075e+01
62.450001,-8.45956991e+01,-5.27204209e+01
62.500001,-8.45942057e+01,-5.27189405e+01
62.550001,-8.45927183e+01,-5.27174661e+01
62.600001,-8.45912370e+01,-5.27159977e+01
62.650001,-8.45897618e+01,-5.27145352e+01
62.700001,-8.45882925e+01,-5.27130788e+01
62.750001,-8.45868293e+01,-5.27116283e+01
62.800001,-8.45853720e+01,-5.27101837e+01
62.850001,-8.45839207e+01,-5.27087450e+01
62.900001,-8.45824753e+01,-5.27073122e+01
62.950001,-8.45810358e+01,-5.27058852e+01
63.000001,-8.45796021e+01,-5.27044640e+01
63.050001,-8.45781743e+01,-5.27030487e+01
63.100001,-8.45767524e+01,-5.27016391e+01
63.150001,-8.45753362e+01,-5.27002352e+01
63.200001,-8.45739258e+01,-5.26988371e+01
63.250001,-8.45725212e+01,-5.26974447e+01
63.300001,-8.45711223e+01,-5.26960580e+01
63.350001,-8.45697291e+01,-5.26946769e+01
63.400001,-8.45683416e+01,-5.26933014e+01
63.450001,-8.45669597e+01,-5.26919316e+01
63.500001,-8.45655835e+01,-5.26905674e+01
63.550001,-8.45642129e+01,-5.26892087e+01
63.600001,-8.45628478e+01,-5.26878555e+01
63.650001,-8.45614884e+01,-5.26865079e+01
63.700001,-8.45601345e+01,-5.26851658e+01
63.750001,-8.45587861e+01,-5.26838292e+01
63.800001,-8.45574432e+01,-5.26824980e+01
63.850001,-8.45561058e+01,-5.26811722e+01
63.900001,-8.45547739e+01,-5.26798518e+01
63.950001,-8.45534474e+01,-5.26785369e+01
64.000001,-8.45521263e+01,-5.26772273e+01
64.050001,-8.45508106e+01,-5.26759230e+01
64.100001,-8.45495002e+01,-5.26746241e+01
64.150001,-8.45481952e+01,-5.26733304e+01
64.200001,-8.45468955e+01,-5.26720420e+01
64.250001,-8.45456011e+01,-5.26707589e+01
64.300001,-8.45443121e+01,-5.26694811e+01
64.350001,-8.45430282e+01,-5.26682084e+01
64.400001,-8.45417496e+01,-5.26669409e+01
64.450001,-8.45404762e+01,-5.26656786e+01
64.500001,-8.45392080e+01,-5.26644215e+01
64.550001,-8.45379450e+01,-5.26631694e+01
64.600001,-8.45366871e+01,-5.26619225e+01
64.650001,-8.45354344e+01,-5.26606807e+01
64.700001,-8.45341868e+01,-5.26594439e+01
64.750001,-8.45329442e+01,-5.26582122e+01
64.800001,-8.45317068e+01,-5.26569855e+01
64.850001,-8.45304744e+01,-5.26557638e+01
64.900001,-8.45292470e+01,-5.26545471e+01
64.950001,-8.45280246e+01,-5.26533353e+01
65.000001,-8.45268072e+01,-5.26521285e+01
65.050001,-8.45255947e+01,-5.26509266e+01
65.100001,-8.45243873e+01,-5.26497297e+01
65.150001,-8.45231847e+01,-5.26485376e+01
65.200001,-8.45219870e+01,-5.26473503e+01
65.250001,-8.45207943e+01,-5.26461679e+01
65.300001,-8.45196064e+01,-5.26449904e+01
65.350001,-8.45184233e+01,-5.26438176e+01
65.400001,-8.45172451e+01,-5.26426496e+01
65.450001,-8.45160716e+01,-5.26414864e+01
65.500001,-8.45149030e+01,-5.26403279e+01
65.550001,-8.45137391e+01,-5.26391742e+01
65.600001,-8.45125800e+01,-5.26380251e+01
65.650001,-8.45114256e+01,-5.26368808e+01
65.700001,-8.45102759e+01,-5.26357411e+01
65.750001,-8.45091309e+01,-5.26346061e+01
65.800001,-8.45079906e+01,-5.26334757e+01
65.850001,-8.45068549e+01,-5.26323499e+01
65.900001,-8.45057238e+01,-5.26312287e+01
65.950001,-8.45045974e+01,-5.26301120e+01
66.000001,-8.45034756e+01,-5.26289999e+01
66.050001,-8.45023583e+01,-5.26278924e+01
66.100001,-8.45012456e+01,-5.26267894e+01
66.150001,-8.45001374e+01,-5.26256909e+01
66.200001,-8.44990338e+01,-5.26245968e+01
66.250001,-8.44979346e+01,-5.26235072e+01
66.300001,-8.44968400e+01,-5.26224221e+01
66.350001,-8.44957498e+01,-5.26213414e+01
66.400001,-8.44946640e+01,-5.26202651e+01
66.450001,-8.44935827e+01,-5.26191932e+01
66.500001,-8.44925058e+01,-5.26181257e+01
66.550001,-8.44914333e+01,-5.26170625e+01
66.600001,-8.44903652e+01,-5.26160036e+01
66.650001,-8.44893014e+01,-5.26149491e+01
66.700001,-8.44882419e+01,-5.26138989e+01
66.750001,-8.44871868e+01,-5.26128529e+01
66.800001,-8.44861360e+01,-5.26118113e+01
66.850001,-8.44850895e+01,-5.26107738e+01
66.900001,-8.44840472e+01,-5.26097407e+01
66.950001,-8.44830092e+01,-5.26087117e+01
67.000001,-8.44819754e+01,-5.26076869e+01
67.050001,-8.44809458e+01,-5.26066663e+01
67.100001,-8.44799205e+01,-5.26056499e+01
67.150001,-8.44788993e+01,-5.26046376e+01
67.200001,-8.44778823e+01,-5.26036294e+01
67.250001,-8.44768694e+01,-5.26026254e+01
67.300001,-8.44758607e+01,-5.26016254e+01
67.350001,-8.44748561e+01,-5.26006295e+01
67.400001,-8.44738556e+01,-5.25996377e+01
67.450001,-8.44728591e+01,-5.25986499e+01
67.500001,-8.44718667e+01,-5.25976662e+01
67.550001,-8.44708784e+01,-5.25966865e+01
67.600001,-8.44698941e+01,-5.25957108e+01
67.650001,-8.44689138e+01,-5.25947390e+01
67.700001,-8.44679376e+01,-5.25937712e+01
67.750001,-8.44669653e+01,-5.25928074e+01
67.800001,-8.44659969e+01,-5.25918475e+01
67.850001,-8.44650326e+01,-5.25908915e+01
67.900001,-8.44640721e+01,-5.25899394e+01
67.950001,-8.44631156e+01,-5.25889912e+01
68.000001,-8.44621629e+01,-5.25880469e+01
68.050001,-8.44612142e+01,-5.25871064e+01
68.100001,-8.44602693e+01,-5.25861697e+01
68.150001,-8.44593283e+01,-5.25852369e+01
68.200001,-8.44583911e+01,-5.25843079e+01
68.250001,-8.44574578e+01,-5.25833826e+01
68.300001,-8.44565282e+01,-5.25824612e+01
68.350001,-8.44556025e+01,-5.25815435e+01
68.400001,-8.44546805e+01,-5.25806295e+01
68.450001,-8.44537623e+01,-5.25797193e+01
68.500001,-8.44528478e+01,-5.25788128e+01
68.550001,-8.44519370e+01,-5.25779099e+01
68.600001,-8.44510300e+01,-5.25770108e+01
68.650001,-8.44501267e+01,-5.25761153e+01
68.700001,-8.44492270e+01,-5.25752235e+01
68.750001,-8.44483311e+01,-5.25743353e+01
68.800001,-8.44474387e+01,-5.25734508e+01
68.850001,-8.44465501e+01,-5.25725698e+01
68.900001,-8.44456650e+01,-5.25716925e+01
68.950001,-8.44447836e+01,-5.25708187e+01
69.000001,-8.44439057e+01,-5.25699485e+01
69.050001,-8.44430314e+01,-5.25690818e+01
69.100001,-8.44421607e+01,-5.25682187e+01
69.150001,-8.44412936e+01,-5.25673591e+01
69.200001,-8.44404300e+01,-5.25665030e+01
69.250001,-8.44395699e+01,-5.25656504e+01
69.300001,-8.44387133e+01,-5.25648013e+01
69.350001,-8.44378602e+01,-5.25639556e+01
69.400001,-8.44370106e+01,-5.25631134e+01
69.450001,-8.44361644e+01,-5.25622746e+01
69.500001,-8.44353218e+01,-5.25614393e+01
69.550001,-8.44344825e+01,-5.25606073e+01
69.600001,-8.44336467e+01,-5.25597787e+01
69.650001,-8.44328142e+01,-5.25589536e+01
69.700001,-8.44319852e+01,-5.25581318e+01
69.750001,-8.44311596e+01,-5.25573133e+01
69.800001,-8.44303373e+01,-5.25564982e+01
69.850001,-8.44295184e+01,-5.25556864e+01
69.900001,-8.44287028e+01,-5.25548779e+01
69.950001,-8.44278905e+01,-5.25540727e+01
70.000001,-8.44270816e+01,-5.25532708e+01
70.050001,-8.44262760e+01,-5.25524722e+01
70.100001,-8.44254736e+01,-5.25516768e+01
70.150001,-8.44246745e+01,-5.25508847e+01
70.200001,-8.44238787e+01,-5.25500958e+01
70.250001,-8.44230861e+01,-5.25493101e+01
70.300001,-8.44222968e+01,-5.25485276e+01
70.350001,-8.44215106e+01,-5.25477483e+01
70.400001,-8.44207277e+01,-5.25469722e+01
70.450001,-8.44199480e+01,-5.25461993e+01
70.500001,-8.44191715e+01,-5.25454295e+01
70.550001,-8.44183981e+01,-5.25446629e+01
70.600001,-8.44176279e+01,-5.25438994e+01
70.650001,-8.44168608e+01,-5.25431389e+01
70.700001,-8.44160968e+01,-5.25423816e+01
70.750001,-8.44153360e+01,-5.25416274e+01
70.800001,-8.44145783e+01,-5.25408763e+01
70.850001,-8.44138236e+01,-5.25401282e+01
70.900001,-8.44130721e+01,-5.25393832e+01
70.950001,-8.44123236e+01,-5.25386412e+01
71.000001,-8.44115781e+01,-5.25379023e+01
71.050001,-8.44108357e+01,-5.25371663e+01
71.100001,-8.44100964e+01,-5.25364334e+01
71.150001,-8.44093600e+01,-5.25357034e+01
71.200001,-8.44086266e+01,-5.25349765e+01
71.250001,-8.44078963e+01,-5.25342525e+01
71.300001,-8.44071689e+01,-5.25335314e+01
71.350001,-8.44064445e+01,-5.25328133e+01
71.400001,-8.44057230e+01,-5.25320981e+01
71.450001,-8.44050045e+01,-5.25313858e+01
71.500001,-8.44042889e+01,-5.25306765e+01
71.550001,-8.44035763e+01,-5.25299700e+01
71.600001,-8.44028665e+01,-5.25292664e+01
71.650001,-8.44021596e+01,-5.25285657e+01
71.700001,-8.44014556e+01,-5.25278679e+01
71.750001,-8.44007545e+01,-5.25271729e+01
71.800001,-8.44000563e+01,-5.25264807e+01
71.850001,-8.43993609e+01,-5.25257913e+01
71.900001,-8.43986683e+01,-5.25251048e+01
71.950001,-8.43979786e+01,-5.25244211e+01
72.000001,-8.43972916e+01,-5.25237401e+01
72.050001,-8.43966075e+01,-5.25230619e+01
72.100001,-8.43959262e+01,-5.25223865e+01
72.150001,-8.43952476e+01,-5.25217139e+01
72.200001,-8.43945718e+01,-5.25210440e+01
72.250001,-8.43938988e+01,-5.25203768e+01
72.300001,-8.43932285e+01,-5.25197123e+01
72.350001,-8.43925610e+01,-5.25190506e+01
72.400001,-8.43918961e+01,-5.25183916e+01
72.450001,-8.43912340e+01,-5.25177352e+01
72.500001,-8.43905746e+01,-5.25170815e+01
72.550001,-8.43899179e+01,-5.25164305e+01
72.600001,-8.43892638e+01,-5.25157822e+01
72.650001,-8.43886125e+01,-5.25151365e+01
72.700001,-8.43879637e+01,-5.25144934e+01
72.750001,-8.43873177e+01,-5.25138529e+01
72.800001,-8.43866742e+01,-5.25132151e+01
72.850001,-8.43860334e+01,-5.25125798e+01
72.900001,-8.43853952e+01,-5.25119472e+01
72.950001,-8.43847596e+01,-5.25113171e+01
73.000001,-8.43841266e+01,-5.25106896e+01
73.050001,-8.43834962e+01,-5.25100647e+01
73.100001,-8.43828683e+01,-5.25094423e+01
73.150001,-8.43822430e+01,-5.25088225e+01
73.200001,-8.43816203e+01,-5.25082051e+01
73.250001,-8.43810001e+01,-5.25075903e+01
73.300001,-8.43803824e+01,-5.25069780e+01
73.350001,-8.43797673e+01,-5.25063682e+01
73.400001,-8.43791546e+01,-5.25057609e+01
73.450001,-8.43785445e+01,-5.25051561e+01
73.500001,-8.43779368e+01,-5.25045537e+01
73.550001,-8.43773317e+01,-5.25039538e+01
73.600001,-8.43767289e+01,-5.25033564e+01
73.650001,-8.43761287e+01,-5.25027613e+01
73.700001,-8.43755309e+01,-5.25021687e+01
73.750001,-8.43749355e+01,-5.25015786e+01
73.800001,-8.43743426e+01,-5.25009908e+01
73.850001,-8.43737521e+01,-5.25004054e+01
73.900001,-8.43731640e+01,-5.24998224e+01
73.950001,-8.43725783e+01,-5.24992418e+01
74.000001,-8.43719950e+01,-5.24986636e+01
74.050001,-8.43714140e+01,-5.24980877e+01
74.100001,-8.43708355e+01,-5.24975142e+01
74.150001,-8.43702593e+01,-5.24969430e+01
74.200001,-8.43696854e+01,-5.24963741e+01
74.250001,-8.43691139e+01,-5.24958076e+01
74.300001,-8.43685447e+01,-5.24952433e+01
74.350001,-8.43679778e+01,-5.24946814e+01
74.400001,-8.43674133e+01,-5.24941218e+01
74.450001,-8.43668510e+01,-5.24935644e+01
74.500001,-8.43662911e+01,-5.24930093e+01
74.550001,-8.43657334e+01,-5.24924565e+01
74.600001,-8.43651780e+01,-5.24919059e+01
74.650001,-8.43646249e+01,-5.24913576e+01
74.700001,-8.43640740e+01,-5.24908115e+01
74.750001,-8.43635254e+01,-5.24902677e+01
74.800001,-8.43629790e+01,-5.24897261e+01
74.850001,-8.43624348e+01,-5.24891866e+01
74.900001,-8.43618929e+01,-5.24886494e+01
74.950001,-8.43613532e+01,-5.24881144e+01
75.000001,-8.43608156e+01,-5.24875815e+01
75.050001,-8.43602803e+01,-5.24870509e+01
75.100001,-8.43597471e+01,-5.24865223e+01
75.150001,-8.43592162e+01,-5.24859960e+01
75.200001,-8.43586874e+01,-5.24854718e+01
75.250001,-8.43581607e+01,-5.24849497e+01
75.300001,-8.43576362e+01,-5.24844298e+01
75.350001,-8.43571138e+01,-5.24839119e+01
75.400001,-8.43565936e+01,-5.24833962e+01
75.450001,-8.43560755e+01,-5.24828826e+01
75.500001,-8.43555595e+01,-5.24823711e+01
75.550001,-8.43550456e+01,-5.24818617e+01
75.600001,-8.43545338e+01,-5.24813544e+01
75.650001,-8.43540241e+01,-5.24808491e+01
75.700001,-8.43535164e+01,-5.24803459e+01
75.750001,-8.43530109e+01,-5.24798447e+01
75.800001,-8.43525074e+01,-5.24793456e+01
75.850001,-8.43520059e+01,-5.24788485e+01
75.900001,-8.43515065e+01,-5.24783534e+01
75.950001,-8.43510092e+01,-5.24778604e+01
76.000001,-8.43505138e+01,-5.24773694e+01
76.050001,-8.43500205e+01,-5.24768804e+01
76.100001,-8.43495292e+01,-5.24763933e+01
76.150001,-8.43490399e+01,-5.24759083e+01
76.200001,-8.43485526e+01,-5.24754252e+01
76.250001,-8.43480673e+01,-5.24749442e+01
76.300001,-8.43475840e+01,-5.24744650e+01
76.350001,-8.43471026e+01,-5.24739879e+01
76.400001,-8.43466232e+01,-5.24735126e+01
76.450001,-8.43461458e+01,-5.24730393e+01
76.500001,-8.43456703e+01,-5.24725680e+01
76.550001,-8.43451967e+01,-5.24720985e+01
76.600001,-8.43447251e+01,-5.24716310e+01
76.650001,-8.43442554e+01,-5.24711654e+01
76.700001,-8.43437876e+01,-5.24707017e+01
76.750001,-8.43433217e+01,-5.24702399e+01
76.800001,-8.43428578e+01,-5.24697799e+01
76.850001,-8.43423957e+01,-5.24693219e+01
76.900001,-8.43419355e+01,-5.24688657e+01
76.950001,-8.43414772e+01,-5.24684113e+01
77.000001,-8.43410207e+01,-5.24679589e+01
77.050001,-8.43405661e+01,-5.24675082e+01
77.100001,-8.43401134e+01,-5.24670594e+01
77.150001,-8.43396625e+01,-5.24666125e+01
77.200001,-8.43392134e+01,-5.24661673e+01
77.250001,-8.43387662e+01,-5.24657240e+01
77.300001,-8.43383208e+01,-5.24652825e+01
77.350001,-8.43378773e+01,-5.24648428e+01
77.400001,-8.43374355e+01,-5.24644049e+01
77.450001,-8.43369955e+01,-5.24639687e+01
77.500001,-8.43365573e+01,-5.24635344e+01
77.550001,-8.43361210e+01,-5.24631018e+01
77.600001,-8.43356864e+01,-5.24626709e+01
77.650001,-8.43352535e+01,-5.24622419e+01
77.700001,-8.43348225e+01,-5.24618146e+01
77.750001,-8.43343932e+01,-5.24613890e+01
77.800001,-8.43339656e+01,-5.24609652e+01
77.850001,-8.43335398e+01,-5.24605431e+01
77.900001,-8.43331157e+01,-5.24601227e+01
77.950001,-8.43326934e+01,-5.24597040e+01
78.000001,-8.43322728e+01,-5.24592870e+01
78.050001,-8.43318538e+01,-5.24588718e+01
78.100001,-8.43314366e+01,-5.24584582e+01
78.150001,-8.43310212e+01,-5.24580463e+01
78.200001,-8.43306074e+01,-5.24576361e+01
78.250001,-8.43301952e+01,-5.24572276e+01
78.300001,-8.43297848e+01,-5.24568208e+01
78.350001,-8.43293761e+01,-5.24564156e+01
78.400001,-8.43289690e+01,-5.24560120e+01
78.450001,-8.43285635e+01,-5.24556101e+01
78.500001,-8.43281598e+01,-5.24552098e+01
78.550001,-8.43277576e+01,-5.24548112e+01
78.600001,-8.43273571e+01,-5.24544142e+01
78.650001,-8.43269583e+01,-5.24540188e+01
78.700001,-8.43265611e+01,-5.24536251e+01
78.750001,-8.43261654e+01,-5.24532329e+01
78.800001,-8.43257715e+01,-5.24528423e+01
78.850001,-8.43253791e+01,-5.24524534e+01
78.900001,-8.43249883e+01,-5.24520660e+01
78.950001,-8.43245991e+01,-5.24516802e+01
79.000001,-8.43242115e+01,-5.24512959e+01
79.050001,-8.43238255e+01,-5.24509133e+01
79.100001,-8.43234410e+01,-5.24505322e+01
79.150001,-8.43230581e+01,-5.24501526e+01
79.200001,-8.43226768e+01,-5.24497746e+01
79.250001,-8.43222971e+01,-5.24493982e+01
79.300001,-8.43219188e+01,-5.24490232e+01
79.350001,-8.43215422e+01,-5.24486498e+01
79.400001,-8.43211670e+01,-5.24482780e+01
79.450001,-8.43207934e+01,-5.24479076e+01
79.500001,-8.43204213e+01,-5.24475388e+01
79.550001,-8.43200508e+01,-5.24471714e+01
79.600001,-8.43196817e+01,-5.24468056e+01
79.650001,-8.43193142e+01,-5.24464413e+01
79.700001,-8.43189481e+01,-5.24460784e+01
79.750001,-8.43185836e+01,-5.24457170e+01
79.800001,-8.43182205e+01,-5.24453571e+01
79.850001,-8.43178589e+01,-5.24449987e+01
79.900001,-8.43174988e+01,-5.24446417e+01
79.950001,-8.43171402e+01,-5.24442862e+01
80.000001,-8.43167830e+01,-5.24439321e+01
80.050001,-8.43164273e+01,-5.24435795e+01
80.100001,-8.43160730e+01,-5.24432283e+01
80.150001,-8.43157202e+01,-5.24428785e+01
80.200001,-8.43153688e+01,-5.24425302e+01
80.250001,-8.43150188e+01,-5.24421833e+01
80.300001,-8.43146703e+01,-5.24418378e+01
80.350001,-8.43143232e+01,-5.24414937e+01
80.400001,-8.43139775e+01,-5.24411510e+01
80.450001,-8.43136333e+01,-5.24408098e+01
80.500001,-8.43132904e+01,-5.24404699e+01
80.550001,-8.43129489e+01,-5.24401314e+01
80.600001,-8.43126088e+01,-5.24397942e+01
80.650001,-8.43122701e+01,-5.24394585e+01
80.700001,-8.43119328e+01,-5.24391241e+01
80.750001,-8.43115969e+01,-5.24387911e+01
80.800001,-8.43112623e+01,-5.24384595e+01
80.850001,-8.43109291e+01,-5.24381291e+01
80.900001,-8.43105973e+01,-5.24378002e+01
80.950001,-8.43102668e+01,-5.24374726e+01
81.000001,-8.43099376e+01,-5.24371463e+01
81.050001,-8.43096098e+01,-5.24368214e+01
81.100001,-8.43092834e+01,-5.24364977e+01
81.150001,-8.43089582e+01,-5.24361754e+01
81.200001,-8.43086344e+01,-5.24358545e+01
81.250001,-8.43083120e+01,-5.24355348e+01
81.300001,-8.43079908e+01,-5.24352164e+01
81.350001,-8.43076709e+01,-5.24348993e+01
81.400001,-8.43073524e+01,-5.24345835e+01
81.450001,-8.43070351e+01,-5.24342691e+01
81.500001,-8.43067192e+01,-5.24339558e+01
81.550001,-8.43064045e+01,-5.24336439e+01
81.600001,-8.43060911e+01,-5.24333333e+01
81.650001,-8.43057790e+01,-5.24330239e+01
81.700001,-8.43054682e+01,-5.24327157e+01
81.750001,-8.43051586e+01,-5.24324089e+01
81.800001,-8.43048503e+01,-5.24321032e+01
81.850001,-8.43045433e+01,-5.24317989e+01
81.900001,-8.43042375e+01,-5.24314957e+01
81.950001,-8.43039329e+01,-5.24311938e+01
82.000001,-8.43036296e+01,-5.24308932e+01
82.050001,-8.43033275e+01,-5.24305937e+01
82.100001,-8.43030267e+01,-5.24302955e+01
82.150001,-8.43027271e+01,-5.24299985e+01
82.200001,-8.43024287e+01,-5.24297027e+01
82.250001,-8.43021315e+01,-5.24294081e+01
82.300001,-8.43018356e+01,-5.24291148e+01
82.350001,-8.43015408e+01,-5.24288226e+01
82.400001,-8.43012473e+01,-5.24285316e+01
82.450001,-8.43009549e+01,-5.24282418e+01
82.500001,-8.43006638e+01,-5.24279532e+01
82.550001,-8.43003738e+01,-5.24276657e+01
82.600001,-8.43000850e+01,-5.24273794e+01
82.650001,-8.42997974e+01,-5.24270943e+01
82.700001,-8.42995110e+01,-5.24268104e+01
82.750001,-8.42992257e+01,-5.24265276e+01
82.800001,-8.42989416e+01,-5.24262460e+01
82.850001,-8.42986587e+01,-5.24259655e+01
82.900001,-8.42983769e+01,-5.24256862e+01
82.950001,-8.42980962e+01,-5.24254080e+01
83.000001,-8.42978167e+01,-5.24251309e+01
83.050001,-8.42975384e+01,-5.24248550e+01
83.100001,-8.42972612e+01,-5.24245801e+01
83.150001,-8.42969851e+01,-5.24243065e+01
83.200001,-8.42967101e+01,-5.24240339e+01
83.250001,-8.42964363e+01,-5.24237624e+01
83.300001,-8.42961635e+01,-5.24234921e+01
83.350001,-8.42958919e+01,-5.24232228e+01
83.400001,-8.42956214e+01,-5.24229547e+01
83.450001,-8.42953520e+01,-5.24226876e+01
83.500001,-8.42950837e+01,-5.24224217e+01
83.550001,-8.42948165e+01,-5.24221568e+01
83.600001,-8.42945504e+01,-5.24218930e+01
83.650001,-8.42942854e+01,-5.24216302e+01
83.700001,-8.42940214e+01,-5.24213686e+01
83.750001,-8.42937585e+01,-5.24211080e+01
83.800001,-8.42934967e+01,-5.24208485e+01
83.850001,-8.42932360e+01,-5.24205900e+01
83.900001,-8.42929763e+01,-5.24203326e+01
83.950001,-8.42927177e+01,-5.24200762e+01
84.000001,-8.42924602e+01,-5.24198209e+01
84.050001,-8.42922037e+01,-5.24195667e+01
84.100001,-8.42919482e+01,-5.24193134e+01
84.150001,-8.42916938e+01,-5.24190612e+01
84.200001,-8.42914404e+01,-5.24188100e+01
84.250001,-8.42911881e+01,-5.24185599e+01
84.300001,-8.42909367e+01,-5.24183108e+01
84.350001,-8.42906864e+01,-5.24180626e+01
84.400001,-8.42904372e+01,-5.24178155e+01
84.450001,-8.42901889e+01,-5.24175694e+01
84.500001,-8.42899417e+01,-5.24173244e+01
84.550001,-8.42896954e+01,-5.24170803e+01
84.600001,-8.42894502e+01,-5.24168372e+01
84.650001,-8.42892060e+01,-5.24165951e+01
84.700001,-8.42889628e+01,-5.24163540e+01
84.750001,-8.42887205e+01,-5.24161138e+01
84.800001,-8.42884793e+01,-5.24158747e+01
84.850001,-8.42882390e+01,-5.24156365e+01
84.900001,-8.42879997e+01,-5.24153993e+01
84.950001,-8.42877614e+01,-5.24151631e+01
85.000001,-8.42875241e+01,-5.24149278e+01
85.050001,-8.42872877e+01,-5.24146935e+01
85.100001,-8.42870523e+01,-5.24144601e+01
85.150001,-8.42868178e+01,-5.24142277e+01
85.200001,-8.42865843e+01,-5.24139962e+01
85.250001,-8.42863518e+01,-5.24137657e+01
85.300001,-8.42861202e+01,-5.24135362e+01
85.350001,-8.42858896e+01,-5.24133075e+01
85.400001,-8.42856599e+01,-5.24130798e+01
85.450001,-8.42854311e+01,-5.24128530e+01
85.500001,-8.42852033e+01,-5.24126272e+01
85.550001,-8.42849764e+01,-5.24124023e+01
85.600001,-8.42847504e+01,-5.24121782e+01
85.650001,-8.42845253e+01,-5.24119551e+01
85.700001,-8.42843012e+01,-5.24117330e+01
85.750001,-8.42840780e+01,-5.24115117e+01
85.800001,-8.42838556e+01,-5.24112913e+01
85.850001,-8.42836342e+01,-5.24110718e+01
85.900001,-8.42834137e+01,-5.24108532e+01
85.950001,-8.42831941e+01,-5.24106355e+01
86.000001,-8.42829754e+01,-5.24104187e+01
86.050001,-8.42827576e+01,-5.24102028e+01
86.100001,-8.42825407e+01,-5.24099878e+01
86.150001,-8.42823246e+01,-5.24097736e+01
86.200001,-8.42821095e+01,-5.24095603e+01
86.250001,-8.42818952e+01,-5.24093479e+01
86.300001,-8.42816818e+01,-5.24091363e+01
86.350001,-8.42814692e+01,-5.24089257e+01
86.400001,-8.42812576e+01,-5.24087158e+01
86.450001,-8.42810468e+01,-5.24085068e+01
86.500001,-8.42808368e+01,-5.24082987e+01
86.550001,-8.42806277e+01,-5.24080915e+01
86.600001,-8.42804195e+01,-5.24078850e+01
86.650001,-8.42802121e+01,-5.24076794e+01
86.700001,-8.42800055e+01,-5.24074747e+01
86.750001,-8.42797998e+01,-5.24072708e+01
86.800001,-8.42795950e+01,-5.24070677e+01
86.850001,-8.42793909e+01,-5.24068654e+01
86.900001,-8.42791878e+01,-5.24066640e+01
86.950001,-8.42789854e+01,-5.24064634e+01
87.000001,-8.42787838e+01,-5.24062636e+01
87.050001,-8.42785831e+01,-5.24060647e+01
87.100001,-8.42783832e+01,-5.24058665e+01
87.150001,-8.42781841e+01,-5.24056691e+01
87.200001,-8.42779859e+01,-5.24054726e+01
87.250001,-8.42777884e+01,-5.24052769e+01
87.300001,-8.42775917e+01,-5.24050819e+01
87.350001,-8.42773959e+01,-5.24048878e+01
87.400001,-8.42772008e+01,-5.24046944e+01
87.450001,-8.42770066e+01,-5.24045018e+01
87.500001,-8.42768131e+01,-5.24043100e+01
87.550001,-8.42766204e+01,-5.24041190e+01
87.600001,-8.42764285e+01,-5.24039288e+01
87.650001,-8.42762374e+01,-5.24037394e+01
87.700001,-8.42760471e+01,-5.24035507e+01
87.750001,-8.42758575e+01,-5.24033628e+01
87.800001,-8.42756687e+01,-5.24031756e+01
87.850001,-8.42754807e+01,-5.24029893e+01
87.900001,-8.42752935e+01,-5.24028037e+01
87.950001,-8.42751070e+01,-5.24026188e+01
88.000001,-8.42749213e+01,-5.24024347e+01
88.050001,-8.42747363e+01,-5.24022513e+01
88.100001,-8.42745521e+01,-5.24020687e+01
88.150001,-8.42743687e+01,-5.24018869e+01
88.200001,-8.42741860e+01,-5.24017058e+01
88.250001,-8.42740040e+01,-5.24015254e+01
88.300001,-8.42738228e+01,-5.24013457e+01
88.350001,-8.42736423e+01,-5.24011668e+01
88.400001,-8.42734625e+01,-5.24009886e+01
88.450001,-8.42732835e+01,-5.24008112e+01
88.500001,-8.42731052e+01,-5.24006344e+01
88.550001,-8.42729277e+01,-5.24004584e+01
88.600001,-8.42727509e+01,-5.24002831e+01
88.650001,-8.42725747e+01,-5.24001086e+01
88.700001,-8.42723994e+01,-5.23999347e+01
88.750001,-8.42722247e+01,-5.23997615e+01
88.800001,-8.42720507e+01,-5.23995891e+01
88.850001,-8.42718775e+01,-5.23994174e+01
88.900001,-8.42717049e+01,-5.23992463e+01
88.950001,-8.42715331e+01,-5.23990760e+01
89.000001,-8.42713619e+01,-5.23989063e+01
89.050001,-8.42711915e+01,-5.23987373e+01
89.100001,-8.42710217e+01,-5.23985691e+01
89.150001,-8.42708527e+01,-5.23984015e+01
89.200001,-8.42706843e+01,-5.23982346e+01
89.250001,-8.42705166e+01,-5.23980684e+01
89.300001,-8.42703496e+01,-5.23979028e+01
89.350001,-8.42701833e+01,-5.23977380e+01
89.400001,-8.42700177e+01,-5.23975738e+01
89.450001,-8.42698527e+01,-5.23974102e+01
89.500001,-8.42696884e+01,-5.23972474e+01
89.550001,-8.42695248e+01,-5.23970852e+01
89.600001,-8.42693619e+01,-5.23969237e+01
89.650001,-8.42691996e+01,-5.23967628e+01
89.700001,-8.42690380e+01,-5.23966026e+01
89.750001,-8.42688770e+01,-5.23964430e+01
89.800001,-8.42687167e+01,-5.23962841e+01
89.850001,-8.42685570e+01,-5.23961258e+01
89.900001,-8.42683980e+01,-5.23959682e+01
89.950001,-8.42682397e+01,-5.23958112e+01
90.000001,-8.42680820e+01,-5.23956549e+01
90.050001,-8.42679249e+01,-5.23954992e+01
90.100001,-8.42677685e+01,-5.23953441e+01
90.150001,-8.42676127e+01,-5.23951897e+01
90.200001,-8.42674575e+01,-5.23950359e+01
90.250001,-8.42673030e+01,-5.23948827e+01
90.300001,-8.42671491e+01,-5.23947302e+01
90.350001,-8.42669959e+01,-5.23945783e+01
90.400001,-8.42668433e+01,-5.23944270e+01
90.450001,-8.42666912e+01,-5.23942763e+01
90.500001,-8.42665398e+01,-5.23941262e+01
90.550001,-8.42663891e+01,-5.23939767e+01
90.600001,-8.42662389e+01,-5.23938279e+01
90.650001,-8.42660894e+01,-5.23936796e+01
90.700001,-8.42659404e+01,-5.23935320e+01
90.750001,-8.42657921e+01,-5.23933849e+01
90.800001,-8.42656444e+01,-5.23932385e+01
90.850001,-8.42654973e+01,-5.23930927e+01
90.900001,-8.42653507e+01,-5.23929474e+01
90.950001,-8.42652048e+01,-5.23928028e+01
91.000001,-8.42650595e+01,-5.23926587e+01
91.050001,-8.42649147e+01,-5.23925152e+01
91.100001,-8.42647706e+01,-5.23923723e+01
91.150001,-8.42646270e+01,-5.23922300e+01
91.200001,-8.42644841e+01,-5.23920883e+01
91.250001,-8.42643417e+01,-5.23919472e+01
91.300001,-8.42641999e+01,-5.23918066e+01
91.350001,-8.42640586e+01,-5.23916666e+01
91.400001,-8.42639180e+01,-5.23915272e+01
91.450001,-8.42637779e+01,-5.23913883e+01
91.500001,-8.42636384e+01,-5.23912500e+01
91.550001,-8.42634995e+01,-5.23911123e+01
91.600001,-8.42633611e+01,-5.23909751e+01
91.650001,-8.42632233e+01,-5.23908385e+01
91.700001,-8.42630860e+01,-5.23907024e+01
91.750001,-8.42629494e+01,-5.23905669e+01
91.800001,-8.42628132e+01,-5.23904320e+01
91.850001,-8.42626777e+01,-5.23902976e+01
91.900001,-8.42625426e+01,-5.23901638e+01
91.950001,-8.42624082e+01,-5.23900305e+01
92.000001,-8.42622742e+01,-5.23898977e+01
92.050001,-8.42621409e+01,-5.23897655e+01
92.100001,-8.42620080e+01,-5.23896338e+01
92.150001,-8.42618758e+01,-5.23895027e+01
92.200001,-8.42617440e+01,-5.23893721e+01
92.250001,-8.42616128e+01,-5.23892420e+01
92.300001,-8.42614821e+01,-5.23891125e+01
92.350001,-8.42613520e+01,-5.23889835e+01
92.400001,-8.42612224e+01,-5.23888550e+01
92.450001,-8.42610933e+01,-5.23887270e+01
92.500001,-8.42609647e+01,-5.23885996e+01
92.550001,-8.42608367e+01,-5.23884727e+01
92.600001,-8.42607092e+01,-5.23883463e+01
92.650001,-8.42605822e+01,-5.23882204e+01
92.700001,-8.42604557e+01,-5.23880950e+01
92.750001,-8.42603298e+01,-5.23879701e+01
92.800001,-8.42602043e+01,-5.23878458e+01
92.850001,-8.42600794e+01,-5.23877220e+01
92.900001,-8.42599550e+01,-5.23875986e+01
92.950001,-8.42598311e+01,-5.23874758e+01
93.000001,-8.42597076e+01,-5.23873534e+01
93.050001,-8.42595847e+01,-5.23872316e+01
93.100001,-8.42594623e+01,-5.23871103e+01
93.150001,-8.42593404e+01,-5.23869894e+01
93.200001,-8.42592190e+01,-5.23868691e+01
93.250001,-8.42590981e+01,-5.23867492e+01
93.300001,-8.42589777e+01,-5.23866298e+01
93.350001,-8.42588578e+01,-5.23865110e+01
93.400001,-8.42587383e+01,-5.23863926e+01
93.450001,-8.42586194e+01,-5.23862746e+01
93.500001,-8.42585009e+01,-5.23861572e+01
93.550001,-8.42583829e+01,-5.23860403e+01
93.600001,-8.42582654e+01,-5.23859238e+01
93.650001,-8.42581484e+01,-5.23858078e+01
93.700001,-8.42580319e+01,-5.23856922e+01
93.750001,-8.42579158e+01,-5.23855772e+01
93.800001,-8.42578002e+01,-5.23854626e+01
93.850001,-8.42576851e+01,-5.23853485e+01
93.900001,-8.42575704e+01,-5.23852348e+01
93.950001,-8.42574562e+01,-5.23851216e+01
94.000001,-8.42573425e+01,-5.23850089e+01
94.050001,-8.42572293e+01,-5.23848966e+01
94.100001,-8.42571165e+01,-5.23847848e+01
94.150001,-8.42570041e+01,-5.23846734e+01
94.200001,-8.42568922e+01,-5.23845625e+01
94.250001,-8.42567808e+01,-5.23844521e+01
94.300001,-8.42566699e+01,-5.23843421e+01
94.350001,-8.42565593e+01,-5.23842325e+01
94.400001,-8.42564493e+01,-5.23841234e+01
94.450001,-8.42563397e+01,-5.23840148e+01
94.500001,-8.42562305e+01,-5.23839066e+01
94.550001,-8.42561218e+01,-5.23837988e+01
94.600001,-8.42560135e+01,-5.23836915e+01
94.650001,-8.42559057e+01,-5.23835846e+01
94.700001,-8.42557983e+01,-5.23834781e+01
94.750001,-8.42556913e+01,-5.23833721e+01
94.800001,-8.42555848e+01,-5.23832665e+01
94.850001,-8.42554787e+01,-5.23831613e+01
94.900001,-8.42553731e+01,-5.23830566e+01
94.950001,-8.42552678e+01,-5.23829523e+01
95.000001,-8.42551630e+01,-5.23828484e+01
95.050001,-8.42550587e+01,-5.23827449e+01
95.100001,-8.42549547e+01,-5.23826419e+01
95.150001,-8.42548512e+01,-5.23825393e+01
95.200001,-8.42547481e+01,-5.23824371e+01
95.250001,-8.42546454e+01,-5.23823353e+01
95.300001,-8.42545432e+01,-5.23822339e+01
95.350001,-8.42544413e+01,-5.23821330e+01
95.400001,-8.42543399e+01,-5.23820324e+01
95.450001,-8.42542389e+01,-5.23819323e+01
95.500001,-8.42541383e+01,-5.23818326e+01
95.550001,-8.42540381e+01,-5.23817333e+01
95.600001,-8.42539384e+01,-5.23816344e+01
95.650001,-8.42538390e+01,-5.23815358e+01
95.700001,-8.42537400e+01,-5.23814377e+01
95.750001,-8.42536415e+01,-5.23813400e+01
95.800001,-8.42535433e+01,-5.23812427e+01
95.850001,-8.42534455e+01,-5.23811458e+01
95.900001,-8.42533482e+01,-5.23810493e+01
95.950001,-8.42532512e+01,-5.23809532e+01
96.000001,-8.42531546e+01,-5.23808575e+01
96.050001,-8.42530585e+01,-5.23807621e+01
96.100001,-8.42529627e+01,-5.23806672e+01
96.150001,-8.42528673e+01,-5.23805726e+01
96.200001,-8.42527723e+01,-5.23804784e+01
96.250001,-8.42526777e+01,-5.23803847e+01
96.300001,-8.42525834e+01,-5.23802912e+01
96.350001,-8.42524896e+01,-5.23801982e+01
96.400001,-8.42523961e+01,-5.23801056e+01
96.450001,-8.42523031e+01,-5.23800133e+01
96.500001,-8.42522104e+01,-5.23799214e+01
96.550001,-8.42521180e+01,-5.23798299e+01
96.600001,-8.42520261e+01,-5.23797387e+01
96.650001,-8.42519345e+01,-5.23796480e+01
96.700001,-8.42518433e+01,-5.23795576e+01
96.750001,-8.42517525e+01,-5.23794675e+01
96.800001,-8.42516620e+01,-5.23793779e+01
96.850001,-8.42515720e+01,-5.23792886e+01
96.900001,-8.42514822e+01,-5.23791996e+01
96.950001,-8.42513929e+01,-5.23791110e+01
97.000001,-8.42513039e+01,-5.23790228e+01
97.050001,-8.42512153e+01,-5.23789350e+01
97.100001,-8.42511270e+01,-5.23788475e+01
97.150001,-8.42510391e+01,-5.23787603e+01
97.200001,-8.42509516e+01,-5.23786736e+01
97.250001,-8.42508644e+01,-5.23785871e+01
97.300001,-8.42507775e+01,-5.23785011e+01
97.350002,-8.42506911e+01,-5.23784153e+01
97.400002,-8.42506049e+01,-5.23783300e+01
97.450001,-8.42505192e+01,-5.23782449e+01
97.500001,-8.42504337e+01,-5.23781602e+01
97.550001,-8.42503487e+01,-5.23780759e+01
97.600002,-8.42502639e+01,-5.23779919e+01
97.650002,-8.42501796e+01,-5.23779083e+01
97.700001,-8.42500955e+01,-5.23778250e+01
97.750001,-8.42500118e+01,-5.23777420e+01
97.800001,-8.42499285e+01,-5.23776594e+01
97.850002,-8.42498454e+01,-5.23775771e+01
97.900002,-8.42497628e+01,-5.23774951e+01
97.950001,-8.42496804e+01,-5.23774135e+01
98.000001,-8.42495984e+01,-5.23773322e+01
98.050001,-8.42495168e+01,-5.23772512e+01
98.100002,-8.42494354e+01,-5.23771706e+01
98.150002,-8.42493544e+01,-5.23770903e+01
98.200001,-8.42492738e+01,-5.23770104e+01
98.250001,-8.42491934e+01,-5.23769307e+01
98.300001,-8.42491134e+01,-5.23768514e+01
98.350002,-8.42490337e+01,-5.23767724e+01
98.400002,-8.42489543e+01,-5.23766937e+01
98.450001,-8.42488753e+01,-5.23766154e+01
98.500001,-8.42487966e+01,-5.23765373e+01
98.550001,-8.42487182e+01,-5.23764596e+01
98.600002,-8.42486401e+01,-5.23763822e+01
98.650002,-8.42485623e+01,-5.23763051e+01
98.700001,-8.42484849e+01,-5.23762284e+01
98.750001,-8.42484078e+01,-5.23761519e+01
98.800001,-8.42483310e+01,-5.23760758e+01
98.850002,-8.42482545e+01,-5.23759999e+01
98.900002,-8.42481783e+01,-5.23759244e+01
98.950001,-8.42481024e+01,-5.23758492e+01
99.000001,-8.42480268e+01,-5.23757743e+01
99.050001,-8.42479516e+01,-5.23756997e+01
99.100002,-8.42478766e+01,-5.23756254e+01
99.150002,-8.42478020e+01,-5.23755514e+01
99.200001,-8.42477276e+01,-5.23754777e+01
99.250001,-8.42476536e+01,-5.23754043e+01
99.300001,-8.42475799e+01,-5.23753312e+01
99.350002,-8.42475064e+01,-5.23752584e+01
99.400002,-8.42474333e+01,-5.23751859e+01
99.450001,-8.42473605e+01,-5.23751137e+01
99.500001,-8.42472879e+01,-5.23750418e+01
99.550001,-8.42472157e+01,-5.23749702e+01
99.600002,-8.42471437e+01,-5.23748989e+01
99.650002,-8.42470721e+01,-5.23748278e+01
99.700001,-8.42470007e+01,-5.23747571e+01
99.750001,-8.42469296e+01,-5.23746866e+01
99.800001,-8.42468589e+01,-5.23746165e+01
99.850002,-8.42467884e+01,-5.23745466e+01
99.900002,-8.42467182e+01,-5.23744770e+01
99.950001,-8.42466482e+01,-5.23744077e+01
100.000001,-8.42465786e+01,-5.23743387e+01
100.050001,-8.42465093e+01,-5.23742699e+01
100.100001,-8.42464402e+01,-5.23742015e+01
100.150001,-8.42463714e+01,-5.23741333e+01
100.200001,-8.42463029e+01,-5.23740654e+01
100.250001,-8.42462347e+01,-5.23739977e+01
100.300001,-8.42461667e+01,-5.23739304e+01
100.350001,-8.42460991e+01,-5.23738633e+01
100.400001,-8.42460317e+01,-5.23737965e+01
100.450001,-8.42459645e+01,-5.23737299e+01
100.500001,-8.42458977e+01,-5.23736637e+01
100.550001,-8.42458311e+01,-5.23735977e+01
100.600001,-8.42457648e+01,-5.23735320e+01
100.650001,-8.42456988e+01,-5.23734665e+01
100.700002,-8.42456330e+01,-5.23734013e+01
100.750002,-8.42455675e+01,-5.23733364e+01
100.800002,-8.42455023e+01,-5.23732717e+01
100.850002,-8.42454374e+01,-5.23732073e+01
100.900002,-8.42453727e+01,-5.23731432e+01
100.950002,-8.42453082e+01,-5.23730793e+01
101.000002,-8.42452441e+01,-5.23730157e+01
101.050002,-8.42451802e+01,-5.23729524e+01
101.100002,-8.42451165e+01,-5.23728893e+01
101.150002,-8.42450531e+01,-5.23728265e+01
101.200002,-8.42449900e+01,-5.23727639e+01
101.250002,-8.42449271e+01,-5.23727016e+01
101.300002,-8.42448645e+01,-5.23726395e+01
101.350002,-8.42448022e+01,-5.23725777e+01
101.400002,-8.42447401e+01,-5.23725161e+01
101.450002,-8.42446782e+01,-5.23724548e+01
101.500002,-8.42446166e+01,-5.23723937e+01
101.550002,-8.42445553e+01,-5.23723329e+01
101.600002,-8.42444942e+01,-5.23722724e+01
101.650002,-8.42444333e+01,-5.23722120e+01
101.700002,-8.42443727e+01,-5.23721520e+01
101.750002,-8.42443124e+01,-5.23720921e+01
101.800002,-8.42442523e+01,-5.23720326e+01
101.850002,-8.42441924e+01,-5.23719732e+01
101.900002,-8.42441328e+01,-5.23719141e+01
101.950002,-8.42440734e+01,-5.23718553e+01
102.000002,-8.42440143e+01,-5.23717967e+01
102.050002,-8.42439554e+01,-5.23717383e+01
102.100002,-8.42438967e+01,-5.23716801e+01
102.150002,-8.42438383e+01,-5.23716222e+01
102.200002,-8.42437802e+01,-5.23715646e+01
102.250002,-8.42437222e+01,-5.23715071e+01
102.300002,-8.42436645e+01,-5.23714499e+01
102.350002,-8.42436071e+01,-5.23713930e+01
102.400002,-8.42435498e+01,-5.23713362e+01
102.450002,-8.42434928e+01,-5.23712797e+01
102.500002,-8.42434361e+01,-5.23712235e+01
102.550002,-8.42433795e+01,-5.23711674e+01
102.600002,-8.42433232e+01,-5.23711116e+01
102.650002,-8.42432672e+01,-5.23710560e+01
102.700002,-8.42432113e+01,-5.23710007e+01
102.750002,-8.42431557e+01,-5.23709456e+01
102.800002,-8.42431003e+01,-5.23708907e+01
102.850002,-8.42430452e+01,-5.23708360e+01
102.900002,-8.42429902e+01,-5.23707815e+01
102.950002,-8.42429355e+01,-5.23707273e+01
103.000002,-8.42428810e+01,-5.23706733e+01
103.050002,-8.42428268e+01,-5.23706195e+01
103.100002,-8.42427727e+01,-5.23705659e+01
103.150002,-8.42427189e+01,-5.23705125e+01
103.200002,-8.42426653e+01,-5.23704594e+01
103.250002,-8.42426119e+01,-5.23704065e+01
103.300002,-8.42425587e+01,-5.23703538e+01
103.350002,-8.42425058e+01,-5.23703013e+01
103.400002,-8.42424530e+01,-5.23702490e+01
103.450002,-8.42424005e+01,-5.23701969e+01
103.500002,-8.42423482e+01,-5.23701451e+01
103.550002,-8.42422961e+01,-5.23700934e+01
103.600002,-8.42422442e+01,-5.23700420e+01
103.650002,-8.42421926e+01,-5.23699908e+01
103.700002,-8.42421411e+01,-5.23699398e+01
103.750002,-8.42420899e+01,-5.23698890e+01
103.800002,-8.42420388e+01,-5.23698384e+01
103.850002,-8.42419880e+01,-5.23697880e+01
103.900002,-8.42419374e+01,-5.23697378e+01
103.950002,-8.42418869e+01,-5.23696878e+01
104.000002,-8.42418367e+01,-5.23696381e+01
104.050002,-8.42417867e+01,-5.23695885e+01
104.100002,-8.42417369e+01,-5.23695391e+01
104.150002,-8.42416873e+01,-5.23694899e+01
104.200002,-8.42416379e+01,-5.23694410e+01
104.250002,-8.42415887e+01,-5.23693922e+01
104.300002,-8.42415397e+01,-5.23693436e+01
104.350002,-8.42414909e+01,-5.23692953e+01
104.400002,-8.42414423e+01,-5.23692471e+01
104.450002,-8.42413939e+01,-5.23691991e+01
104.500002,-8.42413457e+01,-5.23691513e+01
104.550002,-8.42412977e+01,-5.23691037e+01
104.600002,-8.42412499e+01,-5.23690564e+01
104.650002,-8.42412023e+01,-5.23690092e+01
104.700002,-8.42411549e+01,-5.23689621e+01
104.750002,-8.42411077e+01,-5.23689153e+01
104.800002,-8.42410606e+01,-5.23688687e+01
104.850002,-8.42410138e+01,-5.23688223e+01
104.900002,-8.42409671e+01,-5.23687760e+01
104.950002,-8.42409207e+01,-5.23687300e+01
105.000002,-8.42408744e+01,-5.23686841e+01
105.050002,-8.42408283e+01,-5.23686384e+01
105.100002,-8.42407824e+01,-5.23685929e+01
105.150002,-8.42407367e+01,-5.23685476e+01
105.200002,-8.42406912e+01,-5.23685025e+01
105.250002,-8.42406459e+01,-5.23684576e+01
105.300002,-8.42406007e+01,-5.23684128e+01
105.350002,-8.42405558e+01,-5.23683682e+01
105.400002,-8.42405110e+01,-5.23683238e+01
105.450002,-8.42404664e+01,-5.23682796e+01
105.500002,-8.42404220e+01,-5.23682356e+01
105.550002,-8.42403777e+01,-5.23681917e+01
105.600002,-8.42403337e+01,-5.23681481e+01
105.650002,-8.42402898e+01,-5.23681046e+01
105.700002,-8.42402461e+01,-5.23680613e+01
105.750002,-8.42402026e+01,-5.23680181e+01
105.800002,-8.42401592e+01,-5.23679751e+01
105.850002,-8.42401161e+01,-5.23679324e+01
105.900002,-8.42400731e+01,-5.23678897e+01
105.950002,-8.42400303e+01,-5.23678473e+01
106.000002,-8.42399876e+01,-5.23678050e+01
106.050002,-8.42399452e+01,-5.23677629e+01
106.100002,-8.42399029e+01,-5.23677210e+01
106.150002,-8.42398607e+01,-5.23676793e+01
106.200002,-8.42398188e+01,-5.23676377e+01
106.250002,-8.42397770e+01,-5.23675963e+01
106.300002,-8.42397354e+01,-5.23675550e+01
106.350002,-8.42396940e+01,-5.23675140e+01
106.400002,-8.42396527e+01,-5.23674730e+01
106.450002,-8.42396116e+01,-5.23674323e+01
106.500002,-8.42395707e+01,-5.23673917e+01
106.550002,-8.42395299e+01,-5.23673513e+01
106.600002,-8.42394893e+01,-5.23673111e+01
106.650002,-8.42394489e+01,-5.23672710e+01
106.700002,-8.42394086e+01,-5.23672311e+01
106.750002,-8.42393685e+01,-5.23671913e+01
106.800002,-8.42393286e+01,-5.23671517e+01
106.850002,-8.42392888e+01,-5.23671123e+01
106.900002,-8.42392492e+01,-5.23670730e+01
106.950002,-8.42392097e+01,-5.23670339e+01
107.000002,-8.42391705e+01,-5.23669950e+01
107.050002,-8.42391313e+01,-5.23669562e+01
107.100002,-8.42390923e+01,-5.23669176e+01
107.150002,-8.42390535e+01,-5.23668791e+01
107.200002,-8.42390149e+01,-5.23668408e+01
107.250002,-8.42389764e+01,-5.23668026e+01
107.300002,-8.42389380e+01,-5.23667646e+01
107.350002,-8.42388999e+01,-5.23667267e+01
107.400002,-8.42388618e+01,-5.23666890e+01
107.450002,-8.42388240e+01,-5.23666515e+01
107.500002,-8.42387862e+01,-5.23666141e+01
107.550002,-8.42387487e+01,-5.23665769e+01
107.600002,-8.42387113e+01,-5.23665398e+01
107.650002,-8.42386740e+01,-5.23665029e+01
107.700002,-8.42386369e+01,-5.23664661e+01
107.750002,-8.42385999e+01,-5.23664294e+01
107.800002,-8.42385631e+01,-5.23663930e+01
107.850002,-8.42385265e+01,-5.23663566e+01
107.900002,-8.42384900e+01,-5.23663204e+01
107.950002,-8.42384536e+01,-5.23662844e+01
108.000002,-8.42384174e+01,-5.23662485e+01
108.050002,-8.42383814e+01,-5.23662128e+01
108.100002,-8.42383455e+01,-5.23661772e+01
108.150002,-8.42383097e+01,-5.23661417e+01
108.200002,-8.42382741e+01,-5.23661064e+01
108.250002,-8.42382386e+01,-5.23660712e+01
108.300002,-8.42382033e+01,-5.23660362e+01
108.350002,-8.42381681e+01,-5.23660013e+01
108.400002,-8.42381330e+01,-5.23659666e+01
108.450002,-8.42380981e+01,-5.23659320e+01
108.500002,-8.42380634e+01,-5.23658975e+01
108.550002,-8.42380288e+01,-5.23658632e+01
108.600002,-8.42379943e+01,-5.23658290e+01
108.650002,-8.42379600e+01,-5.23657950e+01
108.700002,-8.42379258e+01,-5.23657611e+01
108.750002,-8.42378917e+01,-5.23657274e+01
108.800002,-8.42378578e+01,-5.23656937e+01
108.850002,-8.42378240e+01,-5.23656603e+01
108.900002,-8.42377904e+01,-5.23656269e+01
108.950002,-8.42377569e+01,-5.23655937e+01
109.000002,-8.42377235e+01,-5.23655606e+01
109.050002,-8.42376903e+01,-5.23655277e+01
109.100002,-8.42376572e+01,-5.23654949e+01
109.150002,-8.42376242e+01,-5.23654622e+01
109.200002,-8.42375914e+01,-5.23654297e+01
109.250002,-8.42375587e+01,-5.23653973e+01
109.300002,-8.42375262e+01,-5.23653650e+01
109.350002,-8.42374937e+01,-5.23653328e+01
109.400002,-8.42374614e+01,-5.23653008e+01
109.450002,-8.42374293e+01,-5.23652690e+01
109.500002,-8.42373972e+01,-5.23652372e+01
109.550002,-8.42373654e+01,-5.23652056e+01
109.600002,-8.42373336e+01,-5.23651741e+01
109.650002,-8.42373019e+01,-5.23651427e+01
109.700002,-8.42372704e+01,-5.23651115e+01
109.750002,-8.42372391e+01,-5.23650804e+01
109.800002,-8.42372078e+01,-5.23650494e+01
109.850002,-8.42371767e+01,-5.23650186e+01
109.900002,-8.42371457e+01,-5.23649878e+01
109.950002,-8.42371148e+01,-5.23649572e+01
110.000002,-8.42370841e+01,-5.23649267e+01
110.050002,-8.42370534e+01,-5.23648964e+01
110.100002,-8.42370229e+01,-5.23648662e+01
110.150002,-8.42369926e+01,-5.23648360e+01
110.200002,-8.42369623e+01,-5.23648061e+01
110.250002,-8.42369322e+01,-5.23647762e+01
110.300002,-8.42369022e+01,-5.23647465e+01
110.350002,-8.42368723e+01,-5.23647168e+01
110.400002,-8.42368426e+01,-5.23646873e+01
110.450002,-8.42368129e+01,-5.23646580e+01
110.500002,-8.42367834e+01,-5.23646287e+01
110.550002,-8.42367540e+01,-5.23645996e+01
110.600002,-8.42367247e+01,-5.23645706e+01
110.650002,-8.42366956e+01,-5.23645417e+01
110.700002,-8.42366666e+01,-5.23645129e+01
110.750002,-8.42366376e+01,-5.23644842e+01
110.800002,-8.42366088e+01,-5.23644557e+01
110.850002,-8.42365802e+01,-5.23644272e+01
110.900002,-8.42365516e+01,-5.23643989e+01
110.950002,-8.42365231e+01,-5.23643707e+01
111.000002,-8.42364948e+01,-5.23643426e+01
111.050002,-8.42364666e+01,-5.23643146e+01
111.100002,-8.42364385e+01,-5.23642868e+01
111.150002,-8.42364105e+01,-5.23642590e+01
111.200002,-8.42363826e+01,-5.23642314e+01
111.250002,-8.42363549e+01,-5.23642039e+01
111.300002,-8.42363272e+01,-5.23641765e+01
111.350002,-8.42362997e+01,-5.23641492e+01
111.400002,-8.42362723e+01,-5.23641220e+01
111.450002,-8.42362450e+01,-5.23640949e+01
111.500002,-8.42362178e+01,-5.23640680e+01
111.550002,-8.42361907e+01,-5.23640411e+01
111.600002,-8.42361637e+01,-5.23640144e+01
111.650002,-8.42361368e+01,-5.23639878e+01
111.700002,-8.42361101e+01,-5.23639612e+01
111.750002,-8.42360834e+01,-5.23639348e+01
111.800002,-8.42360569e+01,-5.23639085e+01
111.850002,-8.42360305e+01,-5.23638823e+01
111.900002,-8.42360041e+01,-5.23638562e+01
111.950002,-8.42359779e+01,-5.23638302e+01
112.000002,-8.42359518e+01,-5.23638043e+01
112.050002,-8.42359258e+01,-5.23637786e+01
112.100002,-8.42358999e+01,-5.23637529e+01
112.150002,-8.42358741e+01,-5.23637273e+01
112.200002,-8.42358484e+01,-5.23637019e+01
112.250002,-8.42358229e+01,-5.23636765e+01
112.300002,-8.42357974e+01,-5.23636513e+01
112.350002,-8.42357720e+01,-5.23636261e+01
112.400002,-8.42357467e+01,-5.23636011e+01
112.450002,-8.42357216e+01,-5.23635761e+01
112.500002,-8.42356965e+01,-5.23635513e+01
112.550002,-8.42356715e+01,-5.23635265e+01
112.600002,-8.42356467e+01,-5.23635019e+01
112.650002,-8.42356219e+01,-5.23634773e+01
112.700002,-8.42355973e+01,-5.23634529e+01
112.750002,-8.42355727e+01,-5.23634286e+01
112.800002,-8.42355483e+01,-5.23634043e+01
112.850002,-8.42355239e+01,-5.23633802e+01
112.900002,-8.42354996e+01,-5.23633561e+01
112.950002,-8.42354755e+01,-5.23633322e+01
113.000002,-8.42354514e+01,-5.23633083e+01
113.050002,-8.42354275e+01,-5.23632846e+01
113.100002,-8.42354036e+01,-5.23632609e+01
113.150002,-8.42353798e+01,-5.23632374e+01
113.200002,-8.42353562e+01,-5.23632139e+01
113.250002,-8.42353326e+01,-5.23631905e+01
113.300002,-8.42353091e+01,-5.23631673e+01
113.350002,-8.42352857e+01,-5.23631441e+01
113.400002,-8.42352625e+01,-5.23631210e+01
113.450002,-8.42352393e+01,-5.23630980e+01
113.500002,-8.42352162e+01,-5.23630751e+01
113.550002,-8.42351932e+01,-5.23630523e+01
113.600002,-8.42351703e+01,-5.23630296e+01
113.650002,-8.42351475e+01,-5.23630070e+01
113.700002,-8.42351247e+01,-5.23629845e+01
113.750002,-8.42351021e+01,-5.23629620e+01
113.800002,-8.42350796e+01,-5.23629397e+01
113.850002,-8.42350571e+01,-5.23629174e+01
113.900002,-8.42350348e+01,-5.23628953e+01
113.950002,-8.42350125e+01,-5.23628732e+01
114.000002,-8.42349903e+01,-5.23628512e+01
114.050002,-8.42349683e+01,-5.23628294e+01
114.100002,-8.42349463e+01,-5.23628076e+01
114.150002,-8.42349244e+01,-5.23627858e+01
114.200002,-8.42349026e+01,-5.23627642e+01
114.250002,-8.42348808e+01,-5.23627427e+01
114.300002,-8.42348592e+01,-5.23627212e+01
114.350002,-8.42348377e+01,-5.23626999e+01
114.400002,-8.42348162e+01,-5.23626786e+01
114.450002,-8.42347948e+01,-5.23626574e+01
114.500002,-8.42347735e+01,-5.23626363e+01
114.550002,-8.42347523e+01,-5.23626153e+01
114.600002,-8.42347312e+01,-5.23625944e+01
114.650002,-8.42347102e+01,-5.23625736e+01
114.700002,-8.42346893e+01,-5.23625528e+01
114.750002,-8.42346684e+01,-5.23625321e+01
114.800002,-8.42346477e+01,-5.23625115e+01
114.850002,-8.42346270e+01,-5.23624910e+01
114.900002,-8.42346064e+01,-5.23624706e+01
114.950002,-8.42345859e+01,-5.23624503e+01
115.000002,-8.42345654e+01,-5.23624300e+01
115.050002,-8.42345451e+01,-5.23624099e+01
115.100002,-8.42345248e+01,-5.23623898e+01
115.150002,-8.42345046e+01,-5.23623698e+01
115.200002,-8.42344845e+01,-5.23623498e+01
115.250002,-8.42344645e+01,-5.23623300e+01
115.300002,-8.42344446e+01,-5.23623102e+01
115.350002,-8.42344247e+01,-5.23622906e+01
115.400002,-8.42344050e+01,-5.23622710e+01
115.450002,-8.42343853e+01,-5.23622514e+01
115.500002,-8.42343657e+01,-5.23622320e+01
115.550002,-8.42343461e+01,-5.23622126e+01
115.600002,-8.42343267e+01,-5.23621934e+01
115.650002,-8.42343073e+01,-5.23621741e+01
115.700002,-8.42342880e+01,-5.23621550e+01
115.750002,-8.42342688e+01,-5.23621360e+01
115.800002,-8.42342497e+01,-5.23621170e+01
115.850002,-8.42342306e+01,-5.23620981e+01
115.900002,-8.42342116e+01,-5.23620793e+01
115.950002,-8.42341927e+01,-5.23620606e+01
116.000002,-8.42341739e+01,-5.23620419e+01
116.050002,-8.42341551e+01,-5.23620233e+01
116.100002,-8.42341365e+01,-5.23620048e+01
116.150002,-8.42341179e+01,-5.23619864e+01
116.200002,-8.42340993e+01,-5.23619680e+01
116.250002,-8.42340809e+01,-5.23619497e+01
116.300002,-8.42340625e+01,-5.23619315e+01
116.350002,-8.42340442e+01,-5.23619134e+01
116.400002,-8.42340260e+01,-5.23618953e+01
116.450002,-8.42340079e+01,-5.23618773e+01
116.500002,-8.42339898e+01,-5.23618594e+01
116.550002,-8.42339718e+01,-5.23618416e+01
116.600002,-8.42339539e+01,-5.23618238e+01
116.650002,-8.42339360e+01,-5.23618061e+01
116.700002,-8.42339182e+01,-5.23617885e+01
116.750002,-8.42339005e+01,-5.23617709e+01
116.800002,-8.42338829e+01,-5.23617534e+01
116.850002,-8.42338653e+01,-5.23617360e+01
116.900002,-8.42338478e+01,-5.23617187e+01
116.950002,-8.42338304e+01,-5.23617014e+01
117.000002,-8.42338131e+01,-5.23616842e+01
117.050002,-8.42337958e+01,-5.23616671e+01
117.100002,-8.42337786e+01,-5.23616500e+01
117.150002,-8.42337614e+01,-5.23616330e+01
117.200002,-8.42337444e+01,-5.23616161e+01
117.250002,-8.42337274e+01,-5.23615993e+01
117.300002,-8.42337105e+01,-5.23615825e+01
117.350002,-8.42336936e+01,-5.23615658e+01
117.400002,-8.42336768e+01,-5.23615491e+01
117.450002,-8.42336601e+01,-5.23615326e+01
117.500002,-8.42336434e+01,-5.23615161e+01
117.550002,-8.42336268e+01,-5.23614996e+01
117.600002,-8.42336103e+01,-5.23614832e+01
117.650002,-8.42335939e+01,-5.23614669e+01
117.700002,-8.42335775e+01,-5.23614507e+01
117.750002,-8.42335612e+01,-5.23614345e+01
117.800002,-8.42335449e+01,-5.23614184e+01
117.850002,-8.42335287e+01,-5.23614024e+01
117.900002,-8.42335126e+01,-5.23613864e+01
117.950002,-8.42334966e+01,-5.23613705e+01
118.000002,-8.42334806e+01,-5.23613546e+01
118.050002,-8.42334647e+01,-5.23613388e+01
118.100002,-8.42334488e+01,-5.23613231e+01
118.150002,-8.42334330e+01,-5.23613075e+01
118.200002,-8.42334173e+01,-5.23612919e+01
118.250002,-8.42334016e+01,-5.23612763e+01
118.300002,-8.42333860e+01,-5.23612609e+01
118.350002,-8.42333705e+01,-5.23612455e+01
118.400002,-8.42333550e+01,-5.23612301e+01
118.450002,-8.42333396e+01,-5.23612149e+01
118.500002,-8.42333243e+01,-5.23611997e+01
118.550002,-8.42333090e+01,-5.23611845e+01
118.600002,-8.42332937e+01,-5.23611694e+01
118.650002,-8.42332786e+01,-5.23611544e+01
118.700002,-8.42332635e+01,-5.23611394e+01
118.750002,-8.42332485e+01,-5.23611245e+01
118.800002,-8.42332335e+01,-5.23611097e+01
118.850002,-8.42332186e+01,-5.23610949e+01
118.900002,-8.42332037e+01,-5.23610802e+01
118.950002,-8.42331889e+01,-5.23610655e+01
119.000002,-8.42331742e+01,-5.23610509e+01
119.050002,-8.42331595e+01,-5.23610364e+01
119.100002,-8.42331449e+01,-5.23610219e+01
119.150002,-8.42331304e+01,-5.23610074e+01
119.200002,-8.42331159e+01,-5.23609931e+01
119.250002,-8.42331014e+01,-5.23609788e+01
119.300002,-8.42330871e+01,-5.23609645e+01
119.350002,-8.42330727e+01,-5.23609503e+01
119.400002,-8.42330585e+01,-5.23609362e+01
119.450002,-8.42330443e+01,-5.23609221e+01
119.500002,-8.42330301e+01,-5.23609081e+01
119.550002,-8.42330161e+01,-5.23608941e+01
119.600002,-8.42330020e+01,-5.23608802e+01
119.650002,-8.42329881e+01,-5.23608664e+01
119.700002,-8.42329741e+01,-5.23608526e+01
119.750002,-8.42329603e+01,-5.23608389e+01
119.800002,-8.42329465e+01,-5.23608252e+01
119.850002,-8.42329327e+01,-5.23608116e+01
119.900002,-8.42329191e+01,-5.23607980e+01
119.950002,-8.42329054e+01,-5.23607845e+01
120.000002,-8.42328919e+01,-5.23607710e+01
120.050002,-8.42328783e+01,-5.23607576e+01
120.100002,-8.42328649e+01,-5.23607443e+01
120.150002,-8.42328515e+01,-5.23607310e+01
120.200002,-8.42328381e+01,-5.23607177e+01
120.250002,-8.42328248e+01,-5.23607045e+01
120.300002,-8.42328116e+01,-5.23606914e+01
120.350002,-8.42327984e+01,-5.23606783e+01
120.400002,-8.42327852e+01,-5.23606653e+01
120.450002,-8.42327721e+01,-5.23606523e+01
120.500002,-8.42327591e+01,-5.23606394e+01
120.550002,-8.42327461e+01,-5.23606266e+01
120.600002,-8.42327332e+01,-5.23606137e+01
120.650002,-8.42327203e+01,-5.23606010e+01
120.700002,-8.42327075e+01,-5.23605883e+01
120.750002,-8.42326947e+01,-5.23605756e+01
120.800002,-8.42326820e+01,-5.23605630e+01
120.850002,-8.42326694e+01,-5.23605505e+01
120.900002,-8.42326567e+01,-5.23605380e+01
120.950002,-8.42326442e+01,-5.23605255e+01
121.000002,-8.42326317e+01,-5.23605131e+01
121.050002,-8.42326192e+01,-5.23605008e+01
121.100002,-8.42326068e+01,-5.23604885e+01
121.150002,-8.42325944e+01,-5.23604762e+01
121.200002,-8.42325821e+01,-5.23604640e+01
121.250002,-8.42325699e+01,-5.23604519e+01
121.300002,-8.42325577e+01,-5.23604398e+01
121.350002,-8.42325455e+01,-5.23604277e+01
121.400002,-8.42325334e+01,-5.23604157e+01
121.450002,-8.42325214e+01,-5.23604037e+01
121.500002,-8.42325093e+01,-5.23603918e+01
121.550002,-8.42324974e+01,-5.23603800e+01
121.600002,-8.42324855e+01,-5.23603682e+01
121.650002,-8.42324736e+01,-5.23603564e+01
121.700002,-8.42324618e+01,-5.23603447e+01
121.750002,-8.42324500e+01,-5.23603330e+01
121.800002,-8.42324383e+01,-5.23603214e+01
121.850002,-8.42324266e+01,-5.23603099e+01
121.900002,-8.42324150e+01,-5.23602983e+01
121.950002,-8.42324034e+01,-5.23602869e+01
122.000002,-8.42323919e+01,-5.23602754e+01
122.050002,-8.42323804e+01,-5.23602641e+01
122.100002,-8.42323690e+01,-5.23602527e+01
122.150002,-8.42323576e+01,-5.23602414e+01
122.200002,-8.42323463e+01,-5.23602302e+01
122.250002,-8.42323350e+01,-5.23602190e+01
122.300002,-8.42323237e+01,-5.23602078e+01
122.350002,-8.42323125e+01,-5.23601967e+01
122.400002,-8.42323014e+01,-5.23601857e+01
122.450002,-8.42322903e+01,-5.23601747e+01
122.500002,-8.42322792e+01,-5.23601637e+01
122.550002,-8.42322682e+01,-5.23601528e+01
122.600002,-8.42322572e+01,-5.23601419e+01
122.650002,-8.42322463e+01,-5.23601310e+01
122.700002,-8.42322354e+01,-5.23601203e+01
122.750002,-8.42322245e+01,-5.23601095e+01
122.800002,-8.42322137e+01,-5.23600988e+01
122.850002,-8.42322030e+01,-5.23600881e+01
122.900002,-8.42321923e+01,-5.23600775e+01
122.950002,-8.42321816e+01,-5.23600670e+01
123.000002,-8.42321710e+01,-5.23600564e+01
123.050002,-8.42321604e+01,-5.23600459e+01
123.100002,-8.42321499e+01,-5.23600355e+01
123.150002,-8.42321394e+01,-5.23600251e+01
123.200002,-8.42321289e+01,-5.23600147e+01
123.250002,-8.42321185e+01,-5.23600044e+01
123.300002,-8.42321081e+01,-5.23599941e+01
123.350002,-8.42320978e+01,-5.23599839e+01
123.400002,-8.42320875e+01,-5.23599737e+01
123.450002,-8.42320773e+01,-5.23599636e+01
123.500002,-8.42320671e+01,-5.23599535e+01
123.550002,-8.42320570e+01,-5.23599434e+01
123.600002,-8.42320468e+01,-5.23599334e+01
123.650002,-8.42320368e+01,-5.23599234e+01
123.700002,-8.42320267e+01,-5.23599134e+01
123.750002,-8.42320167e+01,-5.23599035e+01
123.800002,-8.42320068e+01,-5.23598937e+01
123.850002,-8.42319969e+01,-5.23598838e+01
123.900002,-8.42319870e+01,-5.23598740e+01
123.950002,-8.42319772e+01,-5.23598643e+01
124.000002,-8.42319674e+01,-5.23598546e+01
124.050002,-8.42319576e+01,-5.23598449e+01
124.100002,-8.42319479e+01,-5.23598353e+01
124.150002,-8.42319383e+01,-5.23598257e+01
124.200002,-8.42319286e+01,-5.23598162e+01
124.250002,-8.42319190e+01,-5.23598067e+01
124.300002,-8.42319095e+01,-5.23597972e+01
124.350002,-8.42319000e+01,-5.23597878e+01
124.400002,-8.42318905e+01,-5.23597784e+01
124.450002,-8.42318811e+01,-5.23597690e+01
124.500002,-8.42318717e+01,-5.23597597e+01
124.550002,-8.42318623e+01,-5.23597504e+01
124.600002,-8.42318530e+01,-5.23597412e+01
124.650002,-8.42318437e+01,-5.23597320e+01
124.700002,-8.42318345e+01,-5.23597228e+01
124.750002,-8.42318253e+01,-5.23597137e+01
124.800002,-8.42318161e+01,-5.23597046e+01
124.850002,-8.42318070e+01,-5.23596956e+01
124.900002,-8.42317979e+01,-5.23596865e+01
124.950002,-8.42317888e+01,-5.23596776e+01
125.000002,-8.42317798e+01,-5.23596686e+01
125.050002,-8.42317708e+01,-5.23596597e+01
125.100002,-8.42317619e+01,-5.23596508e+01
125.150002,-8.42317529e+01,-5.23596420e+01
125.200002,-8.42317441e+01,-5.23596332e+01
125.250002,-8.42317352e+01,-5.23596245e+01
125.300002,-8.42317264e+01,-5.23596157e+01
125.350002,-8.42317177e+01,-5.23596070e+01
125.400002,-8.42317089e+01,-5.23595984e+01
125.450002,-8.42317002e+01,-5.23595898e+01
125.500002,-8.42316916e+01,-5.23595812e+01
125.550002,-8.42316829e+01,-5.23595726e+01
125.600002,-8.42316744e+01,-5.23595641e+01
125.650002,-8.42316658e+01,-5.23595556e+01
125.700002,-8.42316573e+01,-5.23595472e+01
125.750002,-8.42316488e+01,-5.23595388e+01
125.800002,-8.42316404e+01,-5.23595304e+01
125.850002,-8.42316319e+01,-5.23595221e+01
125.900002,-8.42316236e+01,-5.23595138e+01
125.950002,-8.42316152e+01,-5.23595055e+01
126.000002,-8.42316069e+01,-5.23594972e+01
126.050002,-8.42315986e+01,-5.23594890e+01
126.100002,-8.42315904e+01,-5.23594809e+01
126.150002,-8.42315822e+01,-5.23594727e+01
126.200002,-8.42315740e+01,-5.23594646e+01
126.250002,-8.42315658e+01,-5.23594565e+01
126.300002,-8.42315577e+01,-5.23594485e+01
126.350002,-8.42315497e+01,-5.23594405e+01
126.400002,-8.42315416e+01,-5.23594325e+01
126.450002,-8.42315336e+01,-5.23594246e+01
126.500002,-8.42315256e+01,-5.23594167e+01
126.550002,-8.42315177e+01,-5.23594088e+01
126.600002,-8.42315098e+01,-5.23594009e+01
126.650002,-8.42315019e+01,-5.23593931e+01
126.700002,-8.42314940e+01,-5.23593853e+01
126.750002,-8.42314862e+01,-5.23593776e+01
126.800002,-8.42314784e+01,-5.23593699e+01
126.850002,-8.42314707e+01,-5.23593622e+01
126.900002,-8.42314629e+01,-5.23593545e+01
126.950002,-8.42314552e+01,-5.23593469e+01
127.000002,-8.42314476e+01,-5.23593393e+01
127.050002,-8.42314400e+01,-5.23593318e+01
127.100002,-8.42314324e+01,-5.23593242e+01
127.150002,-8.42314248e+01,-5.23593167e+01
127.200002,-8.42314173e+01,-5.23593093e+01
127.250002,-8.42314098e+01,-5.23593018e+01
127.300002,-8.42314023e+01,-5.23592944e+01
127.350002,-8.42313948e+01,-5.23592870e+01
127.400002,-8.42313874e+01,-5.23592797e+01
127.450002,-8.42313800e+01,-5.23592724e+01
127.500002,-8.42313727e+01,-5.23592651e+01
127.550002,-8.42313654e+01,-5.23592578e+01
127.600002,-8.42313581e+01,-5.23592506e+01
127.650002,-8.42313508e+01,-5.23592434e+01
127.700002,-8.42313436e+01,-5.23592362e+01
127.750002,-8.42313364e+01,-5.23592291e+01
127.800002,-8.42313292e+01,-5.23592220e+01
127.850002,-8.42313220e+01,-5.23592149e+01
127.900002,-8.42313149e+01,-5.23592078e+01
127.950002,-8.42313078e+01,-5.23592008e+01
128.000002,-8.42313008e+01,-5.23591938e+01
128.050002,-8.42312937e+01,-5.23591868e+01
128.100002,-8.42312867e+01,-5.23591799e+01
128.150002,-8.42312798e+01,-5.23591730e+01
128.200002,-8.42312728e+01,-5.23591661e+01
128.250002,-8.42312659e+01,-5.23591592e+01
128.300002,-8.42312590e+01,-5.23591524e+01
128.350002,-8.42312522e+01,-5.23591456e+01
128.400002,-8.42312453e+01,-5.23591388e+01
128.450002,-8.42312385e+01,-5.23591321e+01
128.500002,-8.42312318e+01,-5.23591254e+01
128.550002,-8.42312250e+01,-5.23591187e+01
128.600002,-8.42312183e+01,-5.23591120e+01
128.650002,-8.42312116e+01,-5.23591054e+01
128.700002,-8.42312049e+01,-5.23590988e+01
128.750002,-8.42311983e+01,-5.23590922e+01
128.800002,-8.42311917e+01,-5.23590856e+01
128.850002,-8.42311851e+01,-5.23590791e+01
128.900002,-8.42311785e+01,-5.23590726e+01
128.950002,-8.42311720e+01,-5.23590661e+01
129.000002,-8.42311655e+01,-5.23590597e+01
129.050002,-8.42311590e+01,-5.23590533e+01
129.100002,-8.42311526e+01,-5.23590469e+01
129.150002,-8.42311461e+01,-5.23590405e+01
129.200002,-8.42311397e+01,-5.23590342e+01
129.250002,-8.42311334e+01,-5.23590278e+01
129.300002,-8.42311270e+01,-5.23590215e+01
129.350002,-8.42311207e+01,-5.23590153e+01
129.400002,-8.42311144e+01,-5.23590090e+01
129.450002,-8.42311081e+01,-5.23590028e+01
129.500002,-8.42311019e+01,-5.23589966e+01
129.550002,-8.42310957e+01,-5.23589905e+01
129.600002,-8.42310895e+01,-5.23589843e+01
129.650002,-8.42310833e+01,-5.23589782e+01
129.700002,-8.42310772e+01,-5.23589721e+01
129.750002,-8.42310710e+01,-5.23589661e+01
129.800002,-8.42310650e+01,-5.23589600e+01
129.850002,-8.42310589e+01,-5.23589540e+01
129.900002,-8.42310528e+01,-5.23589480e+01
129.950002,-8.42310468e+01,-5.23589420e+01
130.000002,-8.42310408e+01,-5.23589361e+01
130.050002,-8.42310349e+01,-5.23589302e+01
130.100002,-8.42310289e+01,-5.23589243e+01
130.150002,-8.42310230e+01,-5.23589184e+01
130.200002,-8.42310171e+01,-5.23589126e+01
130.250002,-8.42310112e+01,-5.23589068e+01
130.300002,-8.42310054e+01,-5.23589010e+01
130.350002,-8.42309996e+01,-5.23588952e+01
130.400002,-8.42309937e+01,-5.23588894e+01
130.450002,-8.42309880e+01,-5.23588837e+01
130.500002,-8.42309822e+01,-5.23588780e+01
130.550002,-8.42309765e+01,-5.23588723e+01
130.600002,-8.42309708e+01,-5.23588667e+01
130.650002,-8.42309651e+01,-5.23588610e+01
130.700002,-8.42309594e+01,-5.23588554e+01
130.750002,-8.42309538e+01,-5.23588498e+01
130.800002,-8.42309482e+01,-5.23588443e+01
130.850002,-8.42309426e+01,-5.23588387e+01
130.900002,-8.42309370e+01,-5.23588332e+01
130.950002,-8.42309315e+01,-5.23588277e+01
131.000002,-8.42309260e+01,-5.23588222e+01
131.050002,-8.42309205e+01,-5.23588168e+01
131.100002,-8.42309150e+01,-5.23588113e+01
131.150002,-8.42309095e+01,-5.23588059e+01
131.200002,-8.42309041e+01,-5.23588005e+01
131.250002,-8.42308987e+01,-5.23587952e+01
131.300002,-8.42308933e+01,-5.23587898e+01
131.350002,-8.42308879e+01,-5.23587845e+01
131.400002,-8.42308826e+01,-5.23587792e+01
131.450002,-8.42308772e+01,-5.23587739e+01
131.500002,-8.42308719e+01,-5.23587687e+01
131.550002,-8.42308667e+01,-5.23587634e+01
131.600002,-8.42308614e+01,-5.23587582e+01
131.650002,-8.42308562e+01,-5.23587530e+01
131.700002,-8.42308509e+01,-5.23587479e+01
131.750002,-8.42308458e+01,-5.23587427e+01
131.800002,-8.42308406e+01,-5.23587376e+01
131.850002,-8.42308354e+01,-5.23587325e+01
131.900002,-8.42308303e+01,-5.23587274e+01
131.950002,-8.42308252e+01,-5.23587223e+01
132.000002,-8.42308201e+01,-5.23587173e+01
132.050002,-8.42308150e+01,-5.23587123e+01
132.100002,-8.42308100e+01,-5.23587073e+01
132.150002,-8.42308049e+01,-5.23587023e+01
132.200002,-8.42307999e+01,-5.23586973e+01
132.250002,-8.42307950e+01,-5.23586924e+01
132.300002,-8.42307900e+01,-5.23586874e+01
132.350002,-8.42307850e+01,-5.23586825e+01
132.400002,-8.42307801e+01,-5.23586777e+01
132.450002,-8.42307752e+01,-5.23586728e+01
132.500002,-8.42307703e+01,-5.23586679e+01
132.550002,-8.42307655e+01,-5.23586631e+01
132.600002,-8.42307606e+01,-5.23586583e+01
132.650002,-8.42307558e+01,-5.23586535e+01
132.700002,-8.42307510e+01,-5.23586488e+01
132.750002,-8.42307462e+01,-5.23586440e+01
132.800002,-8.42307414e+01,-5.23586393e+01
132.850002,-8.42307367e+01,-5.23586346e+01
132.900002,-8.42307319e+01,-5.23586299e+01
132.950002,-8.42307272e+01,-5.23586252e+01
133.000002,-8.42307225e+01,-5.23586206e+01
133.050002,-8.42307179e+01,-5.23586160e+01
133.100002,-8.42307132e+01,-5.23586113e+01
133.150002,-8.42307086e+01,-5.23586067e+01
133.200002,-8.42307040e+01,-5.23586022e+01
133.250002,-8.42306994e+01,-5.23585976e+01
133.300002,-8.42306948e+01,-5.23585931e+01
133.350002,-8.42306902e+01,-5.23585886e+01
133.400002,-8.42306857e+01,-5.23585841e+01
133.450002,-8.42306812e+01,-5.23585796e+01
133.500002,-8.42306767e+01,-5.23585751e+01
133.550002,-8.42306722e+01,-5.23585707e+01
133.600002,-8.42306677e+01,-5.23585662e+01
133.650002,-8.42306633e+01,-5.23585618e+01
133.700002,-8.42306588e+01,-5.23585574e+01
133.750002,-8.42306544e+01,-5.23585531e+01
133.800002,-8.42306500e+01,-5.23585487e+01
133.850002,-8.42306457e+01,-5.23585444e+01
133.900002,-8.42306413e+01,-5.23585401e+01
133.950002,-8.42306370e+01,-5.23585358e+01
134.000002,-8.42306326e+01,-5.23585315e+01
134.050002,-8.42306283e+01,-5.23585272e+01
134.100002,-8.42306241e+01,-5.23585230e+01
134.150002,-8.42306198e+01,-5.23585187e+01
134.200002,-8.42306155e+01,-5.23585145e+01
134.250002,-8.42306113e+01,-5.23585103e+01
134.300002,-8.42306071e+01,-5.23585061e+01
134.350002,-8.42306029e+01,-5.23585020e+01
134.400002,-8.42305987e+01,-5.23584978e+01
134.450002,-8.42305945e+01,-5.23584937e+01
134.500002,-8.42305904e+01,-5.23584896e+01
134.550002,-8.42305863e+01,-5.23584855e+01
134.600002,-8.42305821e+01,-5.23584814e+01
134.650002,-8.42305780e+01,-5.23584773e+01
134.700002,-8.42305740e+01,-5.23584733e+01
134.750002,-8.42305699e+01,-5.23584693e+01
134.800002,-8.42305658e+01,-5.23584652e+01
134.850002,-8.42305618e+01,-5.23584613e+01
134.900002,-8.42305578e+01,-5.23584573e+01
134.950002,-8.42305538e+01,-5.23584533e+01
135.000002,-8.42305498e+01,-5.23584494e+01
135.050002,-8.42305458e+01,-5.23584454e+01
135.100002,-8.42305419e+01,-5.23584415e+01
135.150002,-8.42305380e+01,-5.23584376e+01
135.200002,-8.42305340e+01,-5.23584337e+01
135.250002,-8.42305301e+01,-5.23584299e+01
135.300002,-8.42305263e+01,-5.23584260e+01
135.350002,-8.42305224e+01,-5.23584222e+01
135.400002,-8.42305185e+01,-5.23584183e+01
135.450002,-8.42305147e+01,-5.23584145e+01
135.500002,-8.42305109e+01,-5.23584107e+01
135.550002,-8.42305071e+01,-5.23584070e+01
135.600002,-8.42305033e+01,-5.23584032e+01
135.650002,-8.42304995e+01,-5.23583995e+01
135.700002,-8.42304957e+01,-5.23583957e+01
135.750002,-8.42304920e+01,-5.23583920e+01
135.800002,-8.42304882e+01,-5.23583883e+01
135.850002,-8.42304845e+01,-5.23583846e+01
135.900002,-8.42304808e+01,-5.23583810e+01
135.950002,-8.42304771e+01,-5.23583773e+01
136.000002,-8.42304735e+01,-5.23583737e+01
136.050002,-8.42304698e+01,-5.23583701e+01
136.100002,-8.42304662e+01,-5.23583665e+01
136.150002,-8.42304626e+01,-5.23583629e+01
136.200002,-8.42304589e+01,-5.23583593e+01
136.250002,-8.42304553e+01,-5.23583557e+01
136.300002,-8.42304518e+01,-5.23583522e+01
136.350002,-8.42304482e+01,-5.23583486e+01
136.400002,-8.42304446e+01,-5.23583451e+01
136.450002,-8.42304411e+01,-5.23583416e+01
136.500002,-8.42304376e+01,-5.23583381e+01
136.550002,-8.42304341e+01,-5.23583346e+01
136.600002,-8.42304306e+01,-5.23583312e+01
136.650002,-8.42304271e+01,-5.23583277e+01
136.700002,-8.42304236e+01,-5.23583243e+01
136.750002,-8.42304202e+01,-5.23583209e+01
136.800002,-8.42304167e+01,-5.23583174e+01
136.850002,-8.42304133e+01,-5.23583141e+01
136.900002,-8.42304099e+01,-5.23583107e+01
136.950002,-8.42304065e+01,-5.23583073e+01
137.000002,-8.42304031e+01,-5.23583040e+01
137.050002,-8.42303998e+01,-5.23583006e+01
137.100002,-8.42303964e+01,-5.23582973e+01
137.150002,-8.42303931e+01,-5.23582940e+01
137.200002,-8.42303897e+01,-5.23582907e+01
137.250002,-8.42303864e+01,-5.23582874e+01
137.300002,-8.42303831e+01,-5.23582841e+01
137.350002,-8.42303798e+01,-5.23582809e+01
137.400002,-8.42303766e+01,-5.23582776e+01
137.450002,-8.42303733e+01,-5.23582744e+01
137.500002,-8.42303701e+01,-5.23582712e+01
137.550002,-8.42303668e+01,-5.23582680e+01
137.600002,-8.42303636e+01,-5.23582648e+01
137.650002,-8.42303604e+01,-5.23582616e+01
137.700002,-8.42303572e+01,-5.23582584e+01
137.750002,-8.42303540e+01,-5.23582553e+01
137.800002,-8.42303509e+01,-5.23582521e+01
137.850002,-8.42303477e+01,-5.23582490e+01
137.900002,-8.42303446e+01,-5.23582459e+01
137.950002,-8.42303414e+01,-5.23582428e+01
138.000002,-8.42303383e+01,-5.23582397e+01
138.050002,-8.42303352e+01,-5.23582366e+01
138.100002,-8.42303321e+01,-5.23582336e+01
138.150002,-8.42303290e+01,-5.23582305e+01
138.200002,-8.42303260e+01,-5.23582275e+01
138.250002,-8.42303229e+01,-5.23582244e+01
138.300002,-8.42303199e+01,-5.23582214e+01
138.350002,-8.42303168e+01,-5.23582184e+01
138.400002,-8.42303138e+01,-5.23582154e+01
138.450002,-8.42303108e+01,-5.23582125e+01
138.500002,-8.42303078e+01,-5.23582095e+01
138.550002,-8.42303049e+01,-5.23582065e+01
138.600002,-8.42303019e+01,-5.23582036e+01
138.650002,-8.42302989e+01,-5.23582007e+01
138.700002,-8.42302960e+01,-5.23581977e+01
138.750002,-8.42302931e+01,-5.23581948e+01
138.800002,-8.42302901e+01,-5.23581919e+01
138.850002,-8.42302872e+01,-5.23581891e+01
138.900002,-8.42302843e+01,-5.23581862e+01
138.950002,-8.42302815e+01,-5.23581833e+01
139.000002,-8.42302786e+01,-5.23581805e+01
139.050002,-8.42302757e+01,-5.23581777e+01
139.100002,-8.42302729e+01,-5.23581748e+01
139.150002,-8.42302700e+01,-5.23581720e+01
139.200002,-8.42302672e+01,-5.23581692e+01
139.250002,-8.42302644e+01,-5.23581664e+01
139.300002,-8.42302616e+01,-5.23581636e+01
139.350002,-8.42302588e+01,-5.23581609e+01
139.400002,-8.42302560e+01,-5.23581581e+01
139.450002,-8.42302533e+01,-5.23581554e+01
139.500002,-8.42302505e+01,-5.23581526e+01
139.550002,-8.42302477e+01,-5.23581499e+01
139.600002,-8.42302450e+01,-5.23581472e+01
139.650002,-8.42302423e+01,-5.23581445e+01
139.700002,-8.42302396e+01,-5.23581418e+01
139.750002,-8.42302369e+01,-5.23581391e+01
139.800002,-8.42302342e+01,-5.23581365e+01
139.850002,-8.42302315e+01,-5.23581338e+01
139.900002,-8.42302288e+01,-5.23581312e+01
139.950002,-8.42302262e+01,-5.23581285e+01
140.000002,-8.42302235e+01,-5.23581259e+01
140.050002,-8.42302209e+01,-5.23581233e+01
140.100002,-8.42302183e+01,-5.23581207e+01
140.150002,-8.42302157e+01,-5.23581181e+01
140.200002,-8.42302131e+01,-5.23581155e+01
140.250002,-8.42302105e+01,-5.23581130e+01
140.300002,-8.42302079e+01,-5.23581104e+01
140.350002,-8.42302053e+01,-5.23581079e+01
140.400002,-8.42302027e+01,-5.23581053e+01
140.450002,-8.42302002e+01,-5.23581028e+01
140.500002,-8.42301977e+01,-5.23581003e+01
140.550002,-8.42301951e+01,-5.23580978e+01
140.600002,-8.42301926e+01,-5.23580953e+01
140.650002,-8.42301901e+01,-5.23580928e+01
140.700002,-8.42301876e+01,-5.23580903e+01
140.750002,-8.42301851e+01,-5.23580878e+01
140.800002,-8.42301826e+01,-5.23580854e+01
140.850002,-8.42301802e+01,-5.23580829e+01
140.900002,-8.42301777e+01,-5.23580805e+01
140.950002,-8.42301753e+01,-5.23580781e+01
141.000002,-8.42301728e+01,-5.23580756e+01
141.050002,-8.42301704e+01,-5.23580732e+01
141.100002,-8.42301680e+01,-5.23580708e+01
141.150002,-8.42301656e+01,-5.23580684e+01
141.200002,-8.42301632e+01,-5.23580661e+01
141.250002,-8.42301608e+01,-5.23580637e+01
141.300002,-8.42301584e+01,-5.23580613e+01
141.350002,-8.42301560e+01,-5.23580590e+01
141.400002,-8.42301537e+01,-5.23580566e+01
141.450002,-8.42301513e+01,-5.23580543e+01
141.500002,-8.42301490e+01,-5.23580520e+01
141.550002,-8.42301466e+01,-5.23580497e+01
141.600002,-8.42301443e+01,-5.23580474e+01
141.650002,-8.42301420e+01,-5.23580451e+01
141.700002,-8.42301397e+01,-5.23580428e+01
141.750002,-8.42301374e+01,-5.23580405e+01
141.800002,-8.42301351e+01,-5.23580383e+01
141.850002,-8.42301328e+01,-5.23580360e+01
141.900002,-8.42301306e+01,-5.23580338e+01
141.950002,-8.42301283e+01,-5.23580315e+01
142.000002,-8.42301261e+01,-5.23580293e+01
142.050002,-8.42301238e+01,-5.23580271e+01
142.100002,-8.42301216e+01,-5.23580249e+01
142.150002,-8.42301194e+01,-5.23580227e+01
142.200002,-8.42301172e+01,-5.23580205e+01
142.250002,-8.42301150e+01,-5.23580183e+01
142.300002,-8.42301128e+01,-5.23580161e+01
142.350002,-8.42301106e+01,-5.23580140e+01
142.400002,-8.42301084e+01,-5.23580118e+01
142.450002,-8.42301063e+01,-5.23580097e+01
142.500002,-8.42301041e+01,-5.23580075e+01
142.550002,-8.42301019e+01,-5.23580054e+01
142.600002,-8.42300998e+01,-5.23580033e+01
142.650002,-8.42300977e+01,-5.23580012e+01
142.700002,-8.42300956e+01,-5.23579991e+01
142.750002,-8.42300934e+01,-5.23579970e+01
142.800002,-8.42300913e+01,-5.23579949e+01
142.850002,-8.42300892e+01,-5.23579928e+01
142.900002,-8.42300871e+01,-5.23579907e+01
142.950002,-8.42300851e+01,-5.23579887e+01
143.000002,-8.42300830e+01,-5.23579866e+01
143.050002,-8.42300809e+01,-5.23579846e+01
143.100002,-8.42300789e+01,-5.23579825e+01
143.150002,-8.42300768e+01,-5.23579805e+01
143.200002,-8.42300748e+01,-5.23579785e+01
143.250002,-8.42300728e+01,-5.23579765e+01
143.300002,-8.42300707e+01,-5.23579745e+01
143.350002,-8.42300687e+01,-5.23579725e+01
143.400002,-8.42300667e+01,-5.23579705e+01
143.450002,-8.42300647e+01,-5.23579685e+01
143.500002,-8.42300627e+01,-5.23579665e+01
143.550002,-8.42300608e+01,-5.23579646e+01
143.600002,-8.42300588e+01,-5.23579626e+01
143.650002,-8.42300568e+01,-5.23579607e+01
143.700002,-8.42300549e+01,-5.23579587e+01
143.750002,-8.42300529e+01,-5.23579568e+01
143.800002,-8.42300510e+01,-5.23579549e+01
143.850002,-8.42300491e+01,-5.23579530e+01
143.900002,-8.42300471e+01,-5.23579511e+01
143.950002,-8.42300452e+01,-5.23579492e+01
144.000002,-8.42300433e+01,-5.23579473e+01
144.050002,-8.42300414e+01,-5.23579454e+01
144.100002,-8.42300395e+01,-5.23579435e+01
144.150002,-8.42300376e+01,-5.23579416e+01
144.200002,-8.42300358e+01,-5.23579398e+01
144.250002,-8.42300339e+01,-5.23579379e+01
144.300002,-8.42300320e+01,-5.23579361e+01
144.350002,-8.42300302e+01,-5.23579342e+01
144.400002,-8.42300283e+01,-5.23579324e+01
144.450002,-8.42300265e+01,-5.23579306e+01
144.500002,-8.42300246e+01,-5.23579288e+01
144.550002,-8.42300228e+01,-5.23579270e+01
144.600002,-8.42300210e+01,-5.23579252e+01
144.650002,-8.42300192e+01,-5.23579234e+01
144.700002,-8.42300174e+01,-5.23579216e+01
144.750002,-8.42300156e+01,-5.23579198e+01
144.800002,-8.42300138e+01,-5.23579180e+01
144.850002,-8.42300120e+01,-5.23579163e+01
144.900002,-8.42300103e+01,-5.23579145e+01
144.950002,-8.42300085e+01,-5.23579127e+01
145.000002,-8.42300067e+01,-5.23579110e+01
145.050002,-8.42300050e+01,-5.23579093e+01
145.100002,-8.42300032e+01,-5.23579075e+01
145.150002,-8.42300015e+01,-5.23579058e+01
145.200002,-8.42299998e+01,-5.23579041e+01
145.250002,-8.42299980e+01,-5.23579024e+01
145.300002,-8.42299963e+01,-5.23579007e+01
145.350002,-8.42299946e+01,-5.23578990e+01
145.400002,-8.42299929e+01,-5.23578973e+01
145.450002,-8.42299912e+01,-5.23578956e+01
145.500002,-8.42299895e+01,-5.23578940e+01
145.550002,-8.42299879e+01,-5.23578923e+01
145.600002,-8.42299862e+01,-5.23578906e+01
145.650002,-8.42299845e+01,-5.23578890e+01
145.700002,-8.42299828e+01,-5.23578873e+01
145.750002,-8.42299812e+01,-5.23578857e+01
145.800002,-8.42299795e+01,-5.23578841e+01
145.850002,-8.42299779e+01,-5.23578824e+01
145.900002,-8.42299763e+01,-5.23578808e+01
145.950002,-8.42299746e+01,-5.23578792e+01
146.000002,-8.42299730e+01,-5.23578776e+01
146.050002,-8.42299714e+01,-5.23578760e+01
146.100002,-8.42299698e+01,-5.23578744e+01
146.150002,-8.42299682e+01,-5.23578728e+01
146.200002,-8.42299666e+01,-5.23578712e+01
146.250002,-8.42299650e+01,-5.23578697e+01
146.300002,-8.42299634e+01,-5.23578681e+01
146.350002,-8.42299619e+01,-5.23578665e+01
146.400002,-8.42299603e+01,-5.23578650e+01
146.450002,-8.42299587e+01,-5.23578634e+01
146.500002,-8.42299572e+01,-5.23578619e+01
146.550002,-8.42299556e+01,-5.23578603e+01
146.600002,-8.42299541e+01,-5.23578588e+01
146.650002,-8.42299526e+01,-5.23578573e+01
146.700002,-8.42299510e+01,-5.23578558e+01
146.750002,-8.42299495e+01,-5.23578543e+01
146.800002,-8.42299480e+01,-5.23578528e+01
146.850002,-8.42299465e+01,-5.23578513e+01
146.900002,-8.42299450e+01,-5.23578498e+01
146.950002,-8.42299435e+01,-5.23578483e+01
147.000002,-8.42299420e+01,-5.23578468e+01
147.050002,-8.42299405e+01,-5.23578453e+01
147.100002,-8.42299390e+01,-5.23578439e+01
147.150002,-8.42299375e+01,-5.23578424e+01
147.200002,-8.42299361e+01,-5.23578409e+01
147.250002,-8.42299346e+01,-5.23578395e+01
147.300002,-8.42299331e+01,-5.23578380e+01
147.350002,-8.42299317e+01,-5.23578366e+01
147.400002,-8.42299302e+01,-5.23578352e+01
147.450002,-8.42299288e+01,-5.23578337e+01
147.500002,-8.42299274e+01,-5.23578323e+01
147.550002,-8.42299259e+01,-5.23578309e+01
147.600002,-8.42299245e+01,-5.23578295e+01
147.650002,-8.42299231e+01,-5.23578281e+01
147.700002,-8.42299217e+01,-5.23578267e+01
147.750002,-8.42299203e+01,-5.23578253e+01
147.800002,-8.42299189e+01,-5.23578239e+01
147.850002,-8.42299175e+01,-5.23578225e+01
147.900002,-8.42299161e+01,-5.23578212e+01
147.950002,-8.42299147e+01,-5.23578198e+01
148.000002,-8.42299133e+01,-5.23578184e+01
148.050002,-8.42299120e+01,-5.23578171e+01
148.100002,-8.42299106e+01,-5.23578157e+01
148.150002,-8.42299093e+01,-5.23578144e+01
148.200002,-8.42299079e+01,-5.23578130e+01
148.250002,-8.42299065e+01,-5.23578117e+01
148.300002,-8.42299052e+01,-5.23578104e+01
148.350002,-8.42299039e+01,-5.23578090e+01
148.400002,-8.42299025e+01,-5.23578077e+01
148.450002,-8.42299012e+01,-5.23578064e+01
148.500002,-8.42298999e+01,-5.23578051e+01
148.550002,-8.42298986e+01,-5.23578038e+01
148.600002,-8.42298973e+01,-5.23578025e+01
148.650002,-8.42298960e+01,-5.23578012e+01
148.700002,-8.42298947e+01,-5.23577999e+01
148.750002,-8.42298934e+01,-5.23577986e+01
148.800002,-8.42298921e+01,-5.23577973e+01
148.850002,-8.42298908e+01,-5.23577961e+01
148.900002,-8.42298895e+01,-5.23577948e+01
148.950002,-8.42298882e+01,-5.23577935e+01
149.000002,-8.42298870e+01,-5.23577923e+01
149.050002,-8.42298857e+01,-5.23577910e+01
149.100002,-8.42298845e+01,-5.23577898e+01
149.150002,-8.42298832e+01,-5.23577885e+01
149.200002,-8.42298820e+01,-5.23577873e+01
149.250002,-8.42298807e+01,-5.23577861e+01
149.300002,-8.42298795e+01,-5.23577849e+01
149.350002,-8.42298782e+01,-5.23577836e+01
149.400002,-8.42298770e+01,-5.23577824e+01
149.450002,-8.42298758e+01,-5.23577812e+01
149.500002,-8.42298746e+01,-5.23577800e+01
149.550002,-8.42298734e+01,-5.23577788e+01
149.600002,-8.42298722e+01,-5.23577776e+01
149.650002,-8.42298709e+01,-5.23577764e+01
149.700002,-8.42298698e+01,-5.23577752e+01
149.750002,-8.42298686e+01,-5.23577740e+01
149.800002,-8.42298674e+01,-5.23577729e+01
149.850002,-8.42298662e+01,-5.23577717e+01
149.900002,-8.42298650e+01,-5.23577705e+01
149.950002,-8.42298638e+01,-5.23577694e+01
150.000002,-8.42298627e+01,-5.23577682e+01
150.050002,-8.42298615e+01,-5.23577670e+01
150.100002,-8.42298603e+01,-5.23577659e+01
150.150002,-8.42298592e+01,-5.23577647e+01
150.200002,-8.42298580e+01,-5.23577636e+01
150.250002,-8.42298569e+01,-5.23577625e+01
150.300002,-8.42298558e+01,-5.23577613e+01
150.350002,-8.42298546e+01,-5.23577602e+01
150.400002,-8.42298535e+01,-5.23577591e+01
150.450002,-8.42298524e+01,-5.23577580e+01
150.500002,-8.42298512e+01,-5.23577569e+01
150.550002,-8.42298501e+01,-5.23577558e+01
150.600002,-8.42298490e+01,-5.23577547e+01
150.650002,-8.42298479e+01,-5.23577536e+01
150.700002,-8.42298468e+01,-5.23577525e+01
150.750002,-8.42298457e+01,-5.23577514e+01
150.800002,-8.42298446e+01,-5.23577503e+01
150.850002,-8.42298435e+01,-5.23577492e+01
150.900002,-8.42298424e+01,-5.23577481e+01
150.950002,-8.42298413e+01,-5.23577471e+01
151.000002,-8.42298403e+01,-5.23577460e+01
151.050002,-8.42298392e+01,-5.23577449e+01
151.100002,-8.42298381e+01,-5.23577439e+01
151.150002,-8.42298371e+01,-5.23577428e+01
151.200002,-8.42298360e+01,-5.23577418e+01
151.250002,-8.42298350e+01,-5.23577407e+01
151.300002,-8.42298339e+01,-5.23577397e+01
151.350002,-8.42298329e+01,-5.23577386e+01
151.400002,-8.42298318e+01,-5.23577376e+01
151.450002,-8.42298308e+01,-5.23577366e+01
151.500002,-8.42298297e+01,-5.23577356e+01
151.550002,-8.42298287e+01,-5.23577345e+01
151.600002,-8.42298277e+01,-5.23577335e+01
151.650002,-8.42298267e+01,-5.23577325e+01
151.700002,-8.42298256e+01,-5.23577315e+01
151.750002,-8.42298246e+01,-5.23577305e+01
151.800002,-8.42298236e+01,-5.23577295e+01
151.850002,-8.42298226e+01,-5.23577285e+01
151.900002,-8.42298216e+01,-5.23577275e+01
151.950002,-8.42298206e+01,-5.23577265e+01
152.000002,-8.42298196e+01,-5.23577255e+01
152.050002,-8.42298186e+01,-5.23577246e+01
152.100002,-8.42298177e+01,-5.23577236e+01
152.150002,-8.42298167e+01,-5.23577226e+01
152.200002,-8.42298157e+01,-5.23577216e+01
152.250002,-8.42298147e+01,-5.23577207e+01
152.300002,-8.42298138e+01,-5.23577197e+01
152.350002,-8.42298128e+01,-5.23577188e+01
152.400002,-8.42298118e+01,-5.23577178e+01
152.450002,-8.42298109e+01,-5.23577169e+01
152.500002,-8.42298099e+01,-5.23577159e+01
152.550002,-8.42298090e+01,-5.23577150e+01
152.600002,-8.42298080e+01,-5.23577140e+01
152.650002,-8.42298071e+01,-5.23577131e+01
152.700002,-8.42298062e+01,-5.23577122e+01
152.750002,-8.42298052e+01,-5.23577113e+01
152.800002,-8.42298043e+01,-5.23577103e+01
152.850002,-8.42298034e+01,-5.23577094e+01
152.900002,-8.42298024e+01,-5.23577085e+01
152.950002,-8.42298015e+01,-5.23577076e+01
153.000002,-8.42298006e+01,-5.23577067e+01
153.050002,-8.42297997e+01,-5.23577058e+01
153.100002,-8.42297988e+01,-5.23577049e+01
153.150002,-8.42297979e+01,-5.23577040e+01
153.200002,-8.42297970e+01,-5.23577031e+01
153.250002,-8.42297961e+01,-5.23577022e+01
153.300002,-8.42297952e+01,-5.23577013e+01
153.350002,-8.42297943e+01,-5.23577004e+01
153.400002,-8.42297934e+01,-5.23576996e+01
153.450002,-8.42297926e+01,-5.23576987e+01
153.500002,-8.42297917e+01,-5.23576978e+01
153.550002,-8.42297908e+01,-5.23576970e+01
153.600002,-8.42297899e+01,-5.23576961e+01
153.650002,-8.42297891e+01,-5.23576952e+01
153.700002,-8.42297882e+01,-5.23576944e+01
153.750002,-8.42297873e+01,-5.23576935e+01
153.800002,-8.42297865e+01,-5.23576927e+01
153.850002,-8.42297856e+01,-5.23576918e+01
153.900002,-8.42297848e+01,-5.23576910e+01
153.950002,-8.42297839e+01,-5.23576901e+01
154.000002,-8.42297831e+01,-5.23576893e+01
154.050002,-8.42297823e+01,-5.23576885e+01
154.100002,-8.42297814e+01,-5.23576876e+01
154.150002,-8.42297806e+01,-5.23576868e+01
154.200002,-8.42297798e+01,-5.23576860e+01
154.250002,-8.42297789e+01,-5.23576852e+01
154.300002,-8.42297781e+01,-5.23576844e+01
154.350002,-8.42297773e+01,-5.23576836e+01
154.400002,-8.42297765e+01,-5.23576827e+01
154.450002,-8.42297757e+01,-5.23576819e+01
154.500002,-8.42297749e+01,-5.23576811e+01
154.550002,-8.42297740e+01,-5.23576803e+01
154.600002,-8.42297732e+01,-5.23576795e+01
154.650002,-8.42297724e+01,-5.23576788e+01
154.700002,-8.42297716e+01,-5.23576780e+01
154.750002,-8.42297709e+01,-5.23576772e+01
154.800002,-8.42297701e+01,-5.23576764e+01
154.850002,-8.42297693e+01,-5.23576756e+01
154.900002,-8.42297685e+01,-5.23576748e+01
154.950002,-8.42297677e+01,-5.23576741e+01
155.000002,-8.42297669e+01,-5.23576733e+01
155.050002,-8.42297662e+01,-5.23576725e+01
155.100002,-8.42297654e+01,-5.23576718e+01
155.150002,-8.42297646e+01,-5.23576710e+01
155.200002,-8.42297639e+01,-5.23576703e+01
155.250002,-8.42297631e+01,-5.23576695e+01
155.300002,-8.42297623e+01,-5.23576687e+01
155.350002,-8.42297616e+01,-5.23576680e+01
155.400002,-8.42297608e+01,-5.23576673e+01
155.450002,-8.42297601e+01,-5.23576665e+01
155.500002,-8.42297593e+01,-5.23576658e+01
155.550002,-8.42297586e+01,-5.23576650e+01
155.600002,-8.42297579e+01,-5.23576643e+01
155.650002,-8.42297571e+01,-5.23576636e+01
155.700002,-8.42297564e+01,-5.23576628e+01
155.750002,-8.42297557e+01,-5.23576621e+01
155.800002,-8.42297549e+01,-5.23576614e+01
155.850002,-8.42297542e+01,-5.23576607e+01
155.900002,-8.42297535e+01,-5.23576600e+01
155.950002,-8.42297528e+01,-5.23576593e+01
156.000002,-8.42297521e+01,-5.23576585e+01
156.050002,-8.42297513e+01,-5.23576578e+01
156.100002,-8.42297506e+01,-5.23576571e+01
156.150002,-8.42297499e+01,-5.23576564e+01
156.200002,-8.42297492e+01,-5.23576557e+01
156.250002,-8.42297485e+01,-5.23576550e+01
156.300002,-8.42297478e+01,-5.23576544e+01
156.350002,-8.42297471e+01,-5.23576537e+01
156.400002,-8.42297464e+01,-5.23576530e+01
156.450002,-8.42297457e+01,-5.23576523e+01
156.500002,-8.42297451e+01,-5.23576516e+01
156.550002,-8.42297444e+01,-5.23576509e+01
156.600002,-8.42297437e+01,-5.23576503e+01
156.650002,-8.42297430e+01,-5.23576496e+01
156.700002,-8.42297423e+01,-5.23576489e+01
156.750002,-8.42297417e+01,-5.23576482e+01
156.800002,-8.42297410e+01,-5.23576476e+01
156.850002,-8.42297403e+01,-5.23576469e+01
156.900002,-8.42297397e+01,-5.23576463e+01
156.950002,-8.42297390e+01,-5.23576456e+01
157.000002,-8.42297383e+01,-5.23576450e+01
157.050002,-8.42297377e+01,-5.23576443e+01
157.100002,-8.42297370e+01,-5.23576437e+01
157.150002,-8.42297364e+01,-5.23576430e+01
157.200002,-8.42297357e+01,-5.23576424e+01
157.250002,-8.42297351e+01,-5.23576417e+01
157.300002,-8.42297344e+01,-5.23576411e+01
157.350002,-8.42297338e+01,-5.23576405e+01
157.400002,-8.42297332e+01,-5.23576398e+01
157.450002,-8.42297325e+01,-5.23576392e+01
157.500002,-8.42297319e+01,-5.23576386e+01
157.550002,-8.42297313e+01,-5.23576379e+01
157.600002,-8.42297306e+01,-5.23576373e+01
157.650002,-8.42297300e+01,-5.23576367e+01
157.700002,-8.42297294e+01,-5.23576361e+01
157.750002,-8.42297288e+01,-5.23576355e+01
157.800002,-8.42297282e+01,-5.23576349e+01
157.850002,-8.42297275e+01,-5.23576342e+01
157.900002,-8.42297269e+01,-5.23576336e+01
157.950002,-8.42297263e+01,-5.23576330e+01
158.000002,-8.42297257e+01,-5.23576324e+01
158.050002,-8.42297251e+01,-5.23576318e+01
158.100002,-8.42297245e+01,-5.23576312e+01
158.150002,-8.42297239e+01,-5.23576306e+01
158.200002,-8.42297233e+01,-5.23576300e+01
158.250002,-8.42297227e+01,-5.23576295e+01
158.300002,-8.42297221e+01,-5.23576289e+01
158.350002,-8.42297215e+01,-5.23576283e+01
158.400002,-8.42297209e+01,-5.23576277e+01
158.450002,-8.42297203e+01,-5.23576271e+01
158.500002,-8.42297198e+01,-5.23576265e+01
158.550002,-8.42297192e+01,-5.23576260e+01
158.600002,-8.42297186e+01,-5.23576254e+01
158.650002,-8.42297180e+01,-5.23576248e+01
158.700002,-8.42297175e+01,-5.23576242e+01
158.750002,-8.42297169e+01,-5.23576237e+01
158.800002,-8.42297163e+01,-5.23576231e+01
158.850002,-8.42297157e+01,-5.23576226e+01
158.900002,-8.42297152e+01,-5.23576220e+01
158.950002,-8.42297146e+01,-5.23576214e+01
159.000002,-8.42297141e+01,-5.23576209e+01
159.050002,-8.42297135e+01,-5.23576203e+01
159.100002,-8.42297129e+01,-5.23576198e+01
159.150002,-8.42297124e+01,-5.23576192e+01
159.200002,-8.42297118e+01,-5.23576187e+01
159.250002,-8.42297113e+01,-5.23576181e+01
159.300002,-8.42297108e+01,-5.23576176e+01
159.350002,-8.42297102e+01,-5.23576171e+01
159.400002,-8.42297097e+01,-5.23576165e+01
159.450002,-8.42297091e+01,-5.23576160e+01
159.500002,-8.42297086e+01,-5.23576155e+01
159.550002,-8.42297081e+01,-5.23576149e+01
159.600002,-8.42297075e+01,-5.23576144e+01
159.650002,-8.42297070e+01,-5.23576139e+01
159.700002,-8.42297065e+01,-5.23576133e+01
159.750002,-8.42297059e+01,-5.23576128e+01
159.800002,-8.42297054e+01,-5.23576123e+01
159.850002,-8.42297049e+01,-5.23576118e+01
159.900002,-8.42297044e+01,-5.23576113e+01
159.950002,-8.42297038e+01,-5.23576108e+01
160.000002,-8.42297033e+01,-5.23576102e+01
160.050002,-8.42297028e+01,-5.23576097e+01
160.100002,-8.42297023e+01,-5.23576092e+01
160.150002,-8.42297018e+01,-5.23576087e+01
160.200002,-8.42297013e+01,-5.23576082e+01
160.250002,-8.42297008e+01,-5.23576077e+01
160.300002,-8.42297003e+01,-5.23576072e+01
160.350002,-8.42296998e+01,-5.23576067e+01
160.400002,-8.42296993e+01,-5.23576062e+01
160.450002,-8.42296988e+01,-5.23576057e+01
160.500002,-8.42296983e+01,-5.23576052e+01
160.550002,-8.42296978e+01,-5.23576048e+01
160.600002,-8.42296973e+01,-5.23576043e+01
160.650002,-8.42296968e+01,-5.23576038e+01
160.700002,-8.42296963e+01,-5.23576033e+01
160.750002,-8.42296958e+01,-5.23576028e+01
160.800002,-8.42296954e+01,-5.23576023e+01
160.850002,-8.42296949e+01,-5.23576019e+01
160.900002,-8.42296944e+01,-5.23576014e+01
160.950002,-8.42296939e+01,-5.23576009e+01
161.000002,-8.42296934e+01,-5.23576004e+01
161.050002,-8.42296930e+01,-5.23576000e+01
161.100002,-8.42296925e+01,-5.23575995e+01
161.150002,-8.42296920e+01,-5.23575990e+01
161.200002,-8.42296916e+01,-5.23575986e+01
161.250002,-8.42296911e+01,-5.23575981e+01
161.300002,-8.42296906e+01,-5.23575977e+01
161.350002,-8.42296902e+01,-5.23575972e+01
161.400002,-8.42296897e+01,-5.23575967e+01
161.450002,-8.42296892e+01,-5.23575963e+01
161.500002,-8.42296888e+01,-5.23575958e+01
161.550002,-8.42296883e+01,-5.23575954e+01
161.600002,-8.42296879e+01,-5.23575949e+01
161.650002,-8.42296874e+01,-5.23575945e+01
161.700002,-8.42296870e+01,-5.23575940e+01
161.750002,-8.42296865e+01,-5.23575936e+01
161.800002,-8.42296861e+01,-5.23575932e+01
161.850002,-8.42296856e+01,-5.23575927e+01
161.900002,-8.42296852e+01,-5.23575923e+01
161.950002,-8.42296848e+01,-5.23575918e+01
162.000002,-8.42296843e+01,-5.23575914e+01
162.050002,-8.42296839e+01,-5.23575910e+01
162.100002,-8.42296835e+01,-5.23575905e+01
162.150002,-8.42296830e+01,-5.23575901e+01
162.200002,-8.42296826e+01,-5.23575897e+01
162.250002,-8.42296822e+01,-5.23575893e+01
162.300002,-8.42296817e+01,-5.23575888e+01
162.350002,-8.42296813e+01,-5.23575884e+01
162.400002,-8.42296809e+01,-5.23575880e+01
162.450002,-8.42296805e+01,-5.23575876e+01
162.500002,-8.42296800e+01,-5.23575872e+01
162.550002,-8.42296796e+01,-5.23575867e+01
162.600002,-8.42296792e+01,-5.23575863e+01
162.650002,-8.42296788e+01,-5.23575859e+01
162.700002,-8.42296784e+01,-5.23575855e+01
162.750002,-8.42296780e+01,-5.23575851e+01
162.800002,-8.42296776e+01,-5.23575847e+01
162.850002,-8.42296771e+01,-5.23575843e+01
162.900002,-8.42296767e+01,-5.23575839e+01
162.950002,-8.42296763e+01,-5.23575835e+01
163.000002,-8.42296759e+01,-5.23575831e+01
163.050002,-8.42296755e+01,-5.23575827e+01
163.100002,-8.42296751e+01,-5.23575823e+01
163.150002,-8.42296747e+01,-5.23575819e+01
163.200002,-8.42296743e+01,-5.23575815e+01
163.250002,-8.42296739e+01,-5.23575811e+01
163.300002,-8.42296735e+01,-5.23575807e+01
163.350002,-8.42296732e+01,-5.23575803e+01
163.400002,-8.42296728e+01,-5.23575799e+01
163.450002,-8.42296724e+01,-5.23575796e+01
163.500002,-8.42296720e+01,-5.23575792e+01
163.550002,-8.42296716e+01,-5.23575788e+01
163.600002,-8.42296712e+01,-5.23575784e+01
163.650002,-8.42296708e+01,-5.23575780e+01
163.700002,-8.42296704e+01,-5.23575776e+01
163.750002,-8.42296701e+01,-5.23575773e+01
163.800002,-8.42296697e+01,-5.23575769e+01
163.850002,-8.42296693e+01,-5.23575765e+01
163.900002,-8.42296689e+01,-5.23575762e+01
163.950002,-8.42296686e+01,-5.23575758e+01
164.000002,-8.42296682e+01,-5.23575754e+01
164.050002,-8.42296678e+01,-5.23575750e+01
164.100002,-8.42296675e+01,-5.23575747e+01
164.150002,-8.42296671e+01,-5.23575743e+01
164.200002,-8.42296667e+01,-5.23575740e+01
164.250002,-8.42296664e+01,-5.23575736e+01
164.300002,-8.42296660e+01,-5.23575732e+01
164.350002,-8.42296656e+01,-5.23575729e+01
164.400002,-8.42296653e+01,-5.23575725e+01
164.450002,-8.42296649e+01,-5.23575722e+01
164.500002,-8.42296646e+01,-5.23575718e+01
164.550002,-8.42296642e+01,-5.23575715e+01
164.600002,-8.42296638e+01,-5.23575711e+01
164.650002,-8.42296635e+01,-5.23575708e+01
164.700002,-8.42296631e+01,-5.23575704e+01
164.750002,-8.42296628e+01,-5.23575701e+01
164.800002,-8.42296624e+01,-5.23575697e+01
164.850002,-8.42296621e+01,-5.23575694e+01
164.900002,-8.42296618e+01,-5.23575690e+01
164.950002,-8.42296614e+01,-5.23575687e+01
165.000002,-8.42296611e+01,-5.23575683e+01
165.050002,-8.42296607e+01,-5.23575680e+01
165.100002,-8.42296604e+01,-5.23575677e+01
165.150002,-8.42296600e+01,-5.23575673e+01
165.200002,-8.42296597e+01,-5.23575670e+01
165.250002,-8.42296594e+01,-5.23575667e+01
165.300002,-8.42296590e+01,-5.23575663e+01
165.350002,-8.42296587e+01,-5.23575660e+01
165.400002,-8.42296584e+01,-5.23575657e+01
165.450002,-8.42296580e+01,-5.23575653e+01
165.500002,-8.42296577e+01,-5.23575650e+01
165.550002,-8.42296574e+01,-5.23575647e+01
165.600002,-8.42296571e+01,-5.23575644e+01
165.650002,-8.42296567e+01,-5.23575641e+01
165.700002,-8.42296564e+01,-5.23575637e+01
165.750002,-8.42296561e+01,-5.23575634e+01
165.800002,-8.42296558e+01,-5.23575631e+01
165.850002,-8.42296554e+01,-5.23575628e+01
165.900002,-8.42296551e+01,-5.23575625e+01
165.950002,-8.42296548e+01,-5.23575621e+01
166.000002,-8.42296545e+01,-5.23575618e+01
166.050002,-8.42296542e+01,-5.23575615e+01
166.100002,-8.42296539e+01,-5.23575612e+01
166.150002,-8.42296536e+01,-5.23575609e+01
166.200002,-8.42296532e+01,-5.23575606e+01
166.250002,-8.42296529e+01,-5.23575603e+01
166.300002,-8.42296526e+01,-5.23575600e+01
166.350002,-8.42296523e+01,-5.23575597e+01
166.400002,-8.42296520e+01,-5.23575594e+01
166.450002,-8.42296517e+01,-5.23575591e+01
166.500002,-8.42296514e+01,-5.23575588e+01
166.550002,-8.42296511e+01,-5.23575585e+01
166.600002,-8.42296508e+01,-5.23575582e+01
166.650002,-8.42296505e+01,-5.23575579e+01
166.700002,-8.42296502e+01,-5.23575576e+01
166.750002,-8.42296499e+01,-5.23575573e+01
166.800002,-8.42296496e+01,-5.23575570e+01
166.850002,-8.42296493e+01,-5.23575567e+01
166.900002,-8.42296490e+01,-5.23575564e+01
166.950002,-8.42296487e+01,-5.23575561e+01
167.000002,-8.42296484e+01,-5.23575558e+01
167.050002,-8.42296481e+01,-5.23575555e+01
167.100002,-8.42296479e+01,-5.23575553e+01
167.150002,-8.42296476e+01,-5.23575550e+01
167.200002,-8.42296473e+01,-5.23575547e+01
167.250002,-8.42296470e+01,-5.23575544e+01
167.300002,-8.42296467e+01,-5.23575541e+01
167.350002,-8.42296464e+01,-5.23575538e+01
167.400002,-8.42296462e+01,-5.23575536e+01
167.450002,-8.42296459e+01,-5.23575533e+01
167.500002,-8.42296456e+01,-5.23575530e+01
167.550002,-8.42296453e+01,-5.23575527e+01
167.600002,-8.42296450e+01,-5.23575525e+01
167.650002,-8.42296448e+01,-5.23575522e+01
167.700002,-8.42296445e+01,-5.23575519e+01
167.750002,-8.42296442e+01,-5.23575516e+01
167.800003,-8.42296439e+01,-5.23575514e+01
167.850003,-8.42296437e+01,-5.23575511e+01
167.900003,-8.42296434e+01,-5.23575508e+01
167.950003,-8.42296431e+01,-5.23575506e+01
168.000003,-8.42296429e+01,-5.23575503e+01
168.050003,-8.42296426e+01,-5.23575500e+01
168.100003,-8.42296423e+01,-5.23575498e+01
168.150003,-8.42296421e+01,-5.23575495e+01
168.200003,-8.42296418e+01,-5.23575492e+01
168.250003,-8.42296415e+01,-5.23575490e+01
168.300003,-8.42296413e+01,-5.23575487e+01
168.350003,-8.42296410e+01,-5.23575485e+01
168.400003,-8.42296408e+01,-5.23575482e+01
168.450003,-8.42296405e+01,-5.23575480e+01
168.500003,-8.42296402e+01,-5.23575477e+01
168.550003,-8.42296400e+01,-5.23575474e+01
168.600003,-8.42296397e+01,-5.23575472e+01
168.650003,-8.42296395e+01,-5.23575469e+01
168.700003,-8.42296392e+01,-5.23575467e+01
168.750003,-8.42296390e+01,-5.23575464e+01
168.800003,-8.42296387e+01,-5.23575462e+01
168.850003,-8.42296385e+01,-5.23575459e+01
168.900003,-8.42296382e+01,-5.23575457e+01
168.950003,-8.42296380e+01,-5.23575454e+01
169.000003,-8.42296377e+01,-5.23575452e+01
169.050003,-8.42296375e+01,-5.23575450e+01
169.100003,-8.42296372e+01,-5.23575447e+01
169.150003,-8.42296370e+01,-5.23575445e+01
169.200003,-8.42296367e+01,-5.23575442e+01
169.250003,-8.42296365e+01,-5.23575440e+01
169.300003,-8.42296363e+01,-5.23575438e+01
169.350003,-8.42296360e+01,-5.23575435e+01
169.400003,-8.42296358e+01,-5.23575433e+01
169.450003,-8.42296355e+01,-5.23575430e+01
169.500003,-8.42296353e+01,-5.23575428e+01
169.550003,-8.42296351e+01,-5.23575426e+01
169.600003,-8.42296348e+01,-5.23575423e+01
169.650003,-8.42296346e+01,-5.23575421e+01
169.700003,-8.42296344e+01,-5.23575419e+01
169.750003,-8.42296341e+01,-5.23575416e+01
169.800003,-8.42296339e+01,-5.23575414e+01
169.850003,-8.42296337e+01,-5.23575412e+01
169.900003,-8.42296334e+01,-5.23575410e+01
169.950003,-8.42296332e+01,-5.23575407e+01
170.000003,-8.42296330e+01,-5.23575405e+01
170.050003,-8.42296328e+01,-5.23575403e+01
170.100003,-8.42296325e+01,-5.23575401e+01
170.150003,-8.42296323e+01,-5.23575398e+01
170.200003,-8.42296321e+01,-5.23575396e+01
170.250003,-8.42296319e+01,-5.23575394e+01
170.300003,-8.42296316e+01,-5.23575392e+01
170.350003,-8.42296314e+01,-5.23575389e+01
170.400003,-8.42296312e+01,-5.23575387e+01
170.450003,-8.42296310e+01,-5.23575385e+01
170.500003,-8.42296308e+01,-5.23575383e+01
170.550003,-8.42296305e+01,-5.23575381e+01
170.600003,-8.42296303e+01,-5.23575379e+01
170.650003,-8.42296301e+01,-5.23575377e+01
170.700003,-8.42296299e+01,-5.23575374e+01
170.750003,-8.42296297e+01,-5.23575372e+01
170.800003,-8.42296295e+01,-5.23575370e+01
170.850003,-8.42296292e+01,-5.23575368e+01
170.900003,-8.42296290e+01,-5.23575366e+01
170.950003,-8.42296288e+01,-5.23575364e+01
171.000003,-8.42296286e+01,-5.23575362e+01
171.050003,-8.42296284e+01,-5.23575360e+01
171.100003,-8.42296282e+01,-5.23575358e+01
171.150003,-8.42296280e+01,-5.23575356e+01
171.200003,-8.42296278e+01,-5.23575354e+01
171.250003,-8.42296276e+01,-5.23575351e+01
171.300003,-8.42296274e+01,-5.23575349e+01
171.350003,-8.42296272e+01,-5.23575347e+01
171.400003,-8.42296270e+01,-5.23575345e+01
171.450003,-8.42296268e+01,-5.23575343e+01
171.500003,-8.42296266e+01,-5.23575341e+01
171.550003,-8.42296264e+01,-5.23575339e+01
171.600003,-8.42296262e+01,-5.23575337e+01
171.650003,-8.42296260e+01,-5.23575335e+01
171.700003,-8.42296258e+01,-5.23575333e+01
171.750003,-8.42296256e+01,-5.23575332e+01
171.800003,-8.42296254e+01,-5.23575330e+01
171.850003,-8.42296252e+01,-5.23575328e+01
171.900003,-8.42296250e+01,-5.23575326e+01
171.950003,-8.42296248e+01,-5.23575324e+01
172.000003,-8.42296246e+01,-5.23575322e+01
172.050003,-8.42296244e+01,-5.23575320e+01
172.100003,-8.42296242e+01,-5.23575318e+01
172.150003,-8.42296240e+01,-5.23575316e+01
172.200003,-8.42296238e+01,-5.23575314e+01
172.250003,-8.42296236e+01,-5.23575312e+01
172.300003,-8.42296234e+01,-5.23575311e+01
172.350003,-8.42296233e+01,-5.23575309e+01
172.400003,-8.42296231e+01,-5.23575307e+01
172.450003,-8.42296229e+01,-5.23575305e+01
172.500003,-8.42296227e+01,-5.23575303e+01
172.550003,-8.42296225e+01,-5.23575301e+01
172.600003,-8.42296223e+01,-5.23575299e+01
172.650003,-8.42296221e+01,-5.23575298e+01
172.700003,-8.42296220e+01,-5.23575296e+01
172.750003,-8.42296218e+01,-5.23575294e+01
172.800003,-8.42296216e+01,-5.23575292e+01
172.850003,-8.42296214e+01,-5.23575290e+01
172.900003,-8.42296212e+01,-5.23575289e+01
172.950003,-8.42296211e+01,-5.23575287e+01
173.000003,-8.42296209e+01,-5.23575285e+01
173.050003,-8.42296207e+01,-5.23575283e+01
173.100003,-8.42296205e+01,-5.23575282e+01
173.150003,-8.42296203e+01,-5.23575280e+01
173.200003,-8.42296202e+01,-5.23575278e+01
173.250003,-8.42296200e+01,-5.23575276e+01
173.300003,-8.42296198e+01,-5.23575275e+01
173.350003,-8.42296197e+01,-5.23575273e+01
173.400003,-8.42296195e+01,-5.23575271e+01
173.450003,-8.42296193e+01,-5.23575270e+01
173.500003,-8.42296191e+01,-5.23575268e+01
173.550003,-8.42296190e+01,-5.23575266e+01
173.600003,-8.42296188e+01,-5.23575264e+01
173.650003,-8.42296186e+01,-5.23575263e+01
173.700003,-8.42296185e+01,-5.23575261e+01
173.750003,-8.42296183e+01,-5.23575259e+01
173.800003,-8.42296181e+01,-5.23575258e+01
173.850003,-8.42296180e+01,-5.23575256e+01
173.900003,-8.42296178e+01,-5.23575255e+01
173.950003,-8.42296176e+01,-5.23575253e+01
174.000003,-8.42296175e+01,-5.23575251e+01
174.050003,-8.42296173e+01,-5.23575250e+01
174.100003,-8.42296171e+01,-5.23575248e+01
174.150003,-8.42296170e+01,-5.23575246e+01
174.200003,-8.42296168e+01,-5.23575245e+01
174.250003,-8.42296167e+01,-5.23575243e+01
174.300003,-8.42296165e+01,-5.23575242e+01
174.350003,-8.42296163e+01,-5.23575240e+01
174.400003,-8.42296162e+01,-5.23575238e+01
174.450003,-8.42296160e+01,-5.23575237e+01
174.500003,-8.42296159e+01,-5.23575235e+01
174.550003,-8.42296157e+01,-5.23575234e+01
174.600003,-8.42296155e+01,-5.23575232e+01
174.650003,-8.42296154e+01,-5.23575231e+01
174.700003,-8.42296152e+01,-5.23575229e+01
174.750003,-8.42296151e+01,-5.23575228e+01
174.800003,-8.42296149e+01,-5.23575226e+01
174.850003,-8.42296148e+01,-5.23575225e+01
174.900003,-8.42296146e+01,-5.23575223e+01
174.950003,-8.42296145e+01,-5.23575222e+01
175.000003,-8.42296143e+01,-5.23575220e+01
175.050003,-8.42296142e+01,-5.23575219e+01
175.100003,-8.42296140e+01,-5.23575217e+01
175.150003,-8.42296139e+01,-5.23575216e+01
175.200003,-8.42296137e+01,-5.23575214e+01
175.250003,-8.42296136e+01,-5.23575213e+01
175.300003,-8.42296134e+01,-5.23575211e+01
175.350003,-8.42296133e+01,-5.23575210e+01
175.400003,-8.42296131e+01,-5.23575208e+01
175.450003,-8.42296130e+01,-5.23575207e+01
175.500003,-8.42296128e+01,-5.23575205e+01
175.550003,-8.42296127e+01,-5.23575204e+01
175.600003,-8.42296125e+01,-5.23575202e+01
175.650003,-8.42296124e+01,-5.23575201e+01
175.700003,-8.42296123e+01,-5.23575200e+01
175.750003,-8.42296121e+01,-5.23575198e+01
175.800003,-8.42296120e+01,-5.23575197e+01
175.850003,-8.42296118e+01,-5.23575195e+01
175.900003,-8.42296117e+01,-5.23575194e+01
175.950003,-8.42296116e+01,-5.23575193e+01
176.000003,-8.42296114e+01,-5.23575191e+01
176.050003,-8.42296113e+01,-5.23575190e+01
176.100003,-8.42296111e+01,-5.23575189e+01
176.150003,-8.42296110e+01,-5.23575187e+01
176.200003,-8.42296109e+01,-5.23575186e+01
176.250003,-8.42296107e+01,-5.23575184e+01
176.300003,-8.42296106e+01,-5.23575183e+01
176.350003,-8.42296105e+01,-5.23575182e+01
176.400003,-8.42296103e+01,-5.23575180e+01
176.450003,-8.42296102e+01,-5.23575179e+01
176.500003,-8.42296100e+01,-5.23575178e+01
176.550003,-8.42296099e+01,-5.23575176e+01
176.600003,-8.42296098e+01,-5.23575175e+01
176.650003,-8.42296097e+01,-5.23575174e+01
176.700003,-8.42296095e+01,-5.23575172e+01
176.750003,-8.42296094e+01,-5.23575171e+01
176.800003,-8.42296093e+01,-5.23575170e+01
176.850003,-8.42296091e+01,-5.23575169e+01
176.900003,-8.42296090e+01,-5.23575167e+01
176.950003,-8.42296089e+01,-5.23575166e+01
177.000003,-8.42296087e+01,-5.23575165e+01
177.050003,-8.42296086e+01,-5.23575163e+01
177.100003,-8.42296085e+01,-5.23575162e+01
177.150003,-8.42296084e+01,-5.23575161e+01
177.200003,-8.42296082e+01,-5.23575160e+01
177.250003,-8.42296081e+01,-5.23575158e+01
177.300003,-8.42296080e+01,-5.23575157e+01
177.350003,-8.42296079e+01,-5.23575156e+01
177.400003,-8.42296077e+01,-5.23575155e+01
177.450003,-8.42296076e+01,-5.23575154e+01
177.500003,-8.42296075e+01,-5.23575152e+01
177.550003,-8.42296074e+01,-5.23575151e+01
177.600003,-8.42296072e+01,-5.23575150e+01
177.650003,-8.42296071e+01,-5.23575149e+01
177.700003,-8.42296070e+01,-5.23575147e+01
177.750003,-8.42296069e+01,-5.23575146e+01
177.800003,-8.42296068e+01,-5.23575145e+01
177.850003,-8.42296066e+01,-5.23575144e+01
177.900003,-8.42296065e+01,-5.23575143e+01
177.950003,-8.42296064e+01,-5.23575142e+01
178.000003,-8.42296063e+01,-5.23575140e+01
178.050003,-8.42296062e+01,-5.23575139e+01
178.100003,-8.42296060e+01,-5.23575138e+01
178.150003,-8.42296059e+01,-5.23575137e+01
178.200003,-8.42296058e+01,-5.23575136e+01
178.250003,-8.42296057e+01,-5.23575135e+01
178.300003,-8.42296056e+01,-5.23575133e+01
178.350003,-8.42296055e+01,-5.23575132e+01
178.400003,-8.42296053e+01,-5.23575131e+01
178.450003,-8.42296052e+01,-5.23575130e+01
178.500003,-8.42296051e+01,-5.23575129e+01
178.550003,-8.42296050e+01,-5.23575128e+01
178.600003,-8.42296049e+01,-5.23575127e+01
178.650003,-8.42296048e+01,-5.23575126e+01
178.700003,-8.42296047e+01,-5.23575124e+01
178.750003,-8.42296046e+01,-5.23575123e+01
178.800003,-8.42296044e+01,-5.23575122e+01
178.850003,-8.42296043e+01,-5.23575121e+01
178.900003,-8.42296042e+01,-5.23575120e+01
178.950003,-8.42296041e+01,-5.23575119e+01
179.000003,-8.42296040e+01,-5.23575118e+01
179.050003,-8.42296039e+01,-5.23575117e+01
179.100003,-8.42296038e+01,-5.23575116e+01
179.150003,-8.42296037e+01,-5.23575115e+01
179.200003,-8.42296036e+01,-5.23575114e+01
179.250003,-8.42296035e+01,-5.23575112e+01
179.300003,-8.42296034e+01,-5.23575111e+01
179.350003,-8.42296033e+01,-5.23575110e+01
179.400003,-8.42296031e+01,-5.23575109e+01
179.450003,-8.42296030e+01,-5.23575108e+01
179.500003,-8.42296029e+01,-5.23575107e+01
179.550003,-8.42296028e+01,-5.23575106e+01
179.600003,-8.42296027e+01,-5.23575105e+01
179.650003,-8.42296026e+01,-5.23575104e+01
179.700003,-8.42296025e+01,-5.23575103e+01
179.750003,-8.42296024e+01,-5.23575102e+01
179.800003,-8.42296023e+01,-5.23575101e+01
179.850003,-8.42296022e+01,-5.23575100e+01
179.900003,-8.42296021e+01,-5.23575099e+01
179.950003,-8.42296020e+01,-5.23575098e+01
180.000003,-8.42296019e+01,-5.23575097e+01
180.050003,-8.42296018e+01,-5.23575096e+01
180.100003,-8.42296017e+01,-5.23575095e+01
180.150003,-8.42296016e+01,-5.23575094e+01
180.200003,-8.42296015e+01,-5.23575093e+01
180.250003,-8.42296014e+01,-5.23575092e+01
180.300003,-8.42296013e+01,-5.23575091e+01
180.350003,-8.42296012e+01,-5.23575090e+01
180.400003,-8.42296011e+01,-5.23575089e+01
180.450003,-8.42296010e+01,-5.23575088e+01
180.500003,-8.42296009e+01,-5.23575087e+01
180.550003,-8.42296008e+01,-5.23575086e+01
180.600003,-8.42296007e+01,-5.23575085e+01
180.650003,-8.42296006e+01,-5.23575085e+01
180.700003,-8.42296005e+01,-5.23575084e+01
180.750003,-8.42296005e+01,-5.23575083e+01
180.800003,-8.42296004e+01,-5.23575082e+01
180.850003,-8.42296003e+01,-5.23575081e+01
180.900003,-8.42296002e+01,-5.23575080e+01
180.950003,-8.42296001e+01,-5.23575079e+01
181.000003,-8.42296000e+01,-5.23575078e+01
181.050003,-8.42295999e+01,-5.23575077e+01
181.100003,-8.42295998e+01,-5.23575076e+01
181.150003,-8.42295997e+01,-5.23575075e+01
181.200003,-8.42295996e+01,-5.23575074e+01
181.250003,-8.42295995e+01,-5.23575073e+01
181.300003,-8.42295994e+01,-5.23575073e+01
181.350003,-8.42295993e+01,-5.23575072e+01
181.400003,-8.42295993e+01,-5.23575071e+01
181.450003,-8.42295992e+01,-5.23575070e+01
181.500003,-8.42295991e+01,-5.23575069e+01
181.550003,-8.42295990e+01,-5.23575068e+01
181.600003,-8.42295989e+01,-5.23575067e+01
181.650003,-8.42295988e+01,-5.23575066e+01
181.700003,-8.42295987e+01,-5.23575066e+01
181.750003,-8.42295986e+01,-5.23575065e+01
181.800003,-8.42295986e+01,-5.23575064e+01
181.850003,-8.42295985e+01,-5.23575063e+01
181.900003,-8.42295984e+01,-5.23575062e+01
181.950003,-8.42295983e+01,-5.23575061e+01
182.000003,-8.42295982e+01,-5.23575060e+01
182.050003,-8.42295981e+01,-5.23575060e+01
182.100003,-8.42295980e+01,-5.23575059e+01
182.150003,-8.42295980e+01,-5.23575058e+01
182.200003,-8.42295979e+01,-5.23575057e+01
182.250003,-8.42295978e+01,-5.23575056e+01
182.300003,-8.42295977e+01,-5.23575055e+01
182.350003,-8.42295976e+01,-5.23575055e+01
182.400003,-8.42295975e+01,-5.23575054e+01
182.450003,-8.42295975e+01,-5.23575053e+01
182.500003,-8.42295974e+01,-5.23575052e+01
182.550003,-8.42295973e+01,-5.23575051e+01
182.600003,-8.42295972e+01,-5.23575050e+01
182.650003,-8.42295971e+01,-5.23575050e+01
182.700003,-8.42295970e+01,-5.23575049e+01
182.750003,-8.42295970e+01,-5.23575048e+01
182.800003,-8.42295969e+01,-5.23575047e+01
182.850003,-8.42295968e+01,-5.23575047e+01
182.900003,-8.42295967e+01,-5.23575046e+01
182.950003,-8.42295967e+01,-5.23575045e+01
183.000003,-8.42295966e+01,-5.23575044e+01
183.050003,-8.42295965e+01,-5.23575043e+01
183.100003,-8.42295964e+01,-5.23575043e+01
183.150003,-8.42295963e+01,-5.23575042e+01
183.200003,-8.42295963e+01,-5.23575041e+01
183.250003,-8.42295962e+01,-5.23575040e+01
183.300003,-8.42295961e+01,-5.23575040e+01
183.350003,-8.42295960e+01,-5.23575039e+01
183.400003,-8.42295960e+01,-5.23575038e+01
183.450003,-8.42295959e+01,-5.23575037e+01
183.500003,-8.42295958e+01,-5.23575037e+01
183.550003,-8.42295957e+01,-5.23575036e+01
183.600003,-8.42295957e+01,-5.23575035e+01
183.650003,-8.42295956e+01,-5.23575034e+01
183.700003,-8.42295955e+01,-5.23575034e+01
183.750003,-8.42295954e+01,-5.23575033e+01
183.800003,-8.42295954e+01,-5.23575032e+01
183.850003,-8.42295953e+01,-5.23575031e+01
183.900003,-8.42295952e+01,-5.23575031e+01
183.950003,-8.42295951e+01,-5.23575030e+01
184.000003,-8.42295951e+01,-5.23575029e+01
184.050003,-8.42295950e+01,-5.23575028e+01
184.100003,-8.42295949e+01,-5.23575028e+01
184.150003,-8.42295948e+01,-5.23575027e+01
184.200003,-8.42295948e+01,-5.23575026e+01
184.250003,-8.42295947e+01,-5.23575026e+01
184.300003,-8.42295946e+01,-5.23575025e+01
184.350003,-8.42295946e+01,-5.23575024e+01
184.400003,-8.42295945e+01,-5.23575024e+01
184.450003,-8.42295944e+01,-5.23575023e+01
184.500003,-8.42295944e+01,-5.23575022e+01
184.550003,-8.42295943e+01,-5.23575021e+01
184.600003,-8.42295942e+01,-5.23575021e+01
184.650003,-8.42295941e+01,-5.23575020e+01
184.700003,-8.42295941e+01,-5.23575019e+01
184.750003,-8.42295940e+01,-5.23575019e+01
184.800003,-8.42295939e+01,-5.23575018e+01
184.850003,-8.42295939e+01,-5.23575017e+01
184.900003,-8.42295938e+01,-5.23575017e+01
184.950003,-8.42295937e+01,-5.23575016e+01
185.000003,-8.42295937e+01,-5.23575015e+01
185.050003,-8.42295936e+01,-5.23575015e+01
185.100003,-8.42295935e+01,-5.23575014e+01
185.150003,-8.42295935e+01,-5.23575013e+01
185.200003,-8.42295934e+01,-5.23575013e+01
185.250003,-8.42295933e+01,-5.23575012e+01
185.300003,-8.42295933e+01,-5.23575011e+01
185.350003,-8.42295932e+01,-5.23575011e+01
185.400003,-8.42295931e+01,-5.23575010e+01
185.450003,-8.42295931e+01,-5.23575010e+01
185.500003,-8.42295930e+01,-5.23575009e+01
185.550003,-8.42295930e+01,-5.23575008e+01
185.600003,-8.42295929e+01,-5.23575008e+01
185.650003,-8.42295928e+01,-5.23575007e+01
185.700003,-8.42295928e+01,-5.23575006e+01
185.750003,-8.42295927e+01,-5.23575006e+01
185.800003,-8.42295926e+01,-5.23575005e+01
185.850003,-8.42295926e+01,-5.23575005e+01
185.900003,-8.42295925e+01,-5.23575004e+01
185.950003,-8.42295925e+01,-5.23575003e+01
186.000003,-8.42295924e+01,-5.23575003e+01
186.050003,-8.42295923e+01,-5.23575002e+01
186.100003,-8.42295923e+01,-5.23575002e+01
186.150003,-8.42295922e+01,-5.23575001e+01
186.200003,-8.42295921e+01,-5.23575000e+01
186.250003,-8.42295921e+01,-5.23575000e+01
186.300003,-8.42295920e+01,-5.23574999e+01
186.350003,-8.42295920e+01,-5.23574999e+01
186.400003,-8.42295919e+01,-5.23574998e+01
186.450003,-8.42295918e+01,-5.23574997e+01
186.500003,-8.42295918e+01,-5.23574997e+01
186.550003,-8.42295917e+01,-5.23574996e+01
186.600003,-8.42295917e+01,-5.23574996e+01
186.650003,-8.42295916e+01,-5.23574995e+01
186.700003,-8.42295916e+01,-5.23574994e+01
186.750003,-8.42295915e+01,-5.23574994e+01
186.800003,-8.42295914e+01,-5.23574993e+01
186.850003,-8.42295914e+01,-5.23574993e+01
186.900003,-8.42295913e+01,-5.23574992e+01
186.950003,-8.42295913e+01,-5.23574992e+01
187.000003,-8.42295912e+01,-5.23574991e+01
187.050003,-8.42295912e+01,-5.23574990e+01
187.100003,-8.42295911e+01,-5.23574990e+01
187.150003,-8.42295910e+01,-5.23574989e+01
187.200003,-8.42295910e+01,-5.23574989e+01
187.250003,-8.42295909e+01,-5.23574988e+01
187.300003,-8.42295909e+01,-5.23574988e+01
187.350003,-8.42295908e+01,-5.23574987e+01
187.400003,-8.42295908e+01,-5.23574987e+01
187.450003,-8.42295907e+01,-5.23574986e+01
187.500003,-8.42295907e+01,-5.23574986e+01
187.550003,-8.42295906e+01,-5.23574985e+01
187.600003,-8.42295905e+01,-5.23574984e+01
187.650003,-8.42295905e+01,-5.23574984e+01
187.700003,-8.42295904e+01,-5.23574983e+01
187.750003,-8.42295904e+01,-5.23574983e+01
187.800003,-8.42295903e+01,-5.23574982e+01
187.850003,-8.42295903e+01,-5.23574982e+01
187.900003,-8.42295902e+01,-5.23574981e+01
187.950003,-8.42295902e+01,-5.23574981e+01
188.000003,-8.42295901e+01,-5.23574980e+01
188.050003,-8.42295901e+01,-5.23574980e+01
188.100003,-8.42295900e+01,-5.23574979e+01
188.150003,-8.42295900e+01,-5.23574979e+01
188.200003,-8.42295899e+01,-5.23574978e+01
188.250003,-8.42295899e+01,-5.23574978e+01
188.300003,-8.42295898e+01,-5.23574977e+01
188.350003,-8.42295898e+01,-5.23574977e+01
188.400003,-8.42295897e+01,-5.23574976e+01
188.450003,-8.42295897e+01,-5.23574976e+01
188.500003,-8.42295896e+01,-5.23574975e+01
188.550003,-8.42295896e+01,-5.23574975e+01
188.600003,-8.42295895e+01,-5.23574974e+01
188.650003,-8.42295895e+01,-5.23574974e+01
188.700003,-8.42295894e+01,-5.23574973e+01
188.750003,-8.42295894e+01,-5.23574973e+01
188.800003,-8.42295893e+01,-5.23574972e+01
188.850003,-8.42295893e+01,-5.23574972e+01
188.900003,-8.42295892e+01,-5.23574971e+01
188.950003,-8.42295892e+01,-5.23574971e+01
189.000003,-8.42295891e+01,-5.23574970e+01
189.050003,-8.42295891e+01,-5.23574970e+01
189.100003,-8.42295890e+01,-5.23574969e+01
189.150003,-8.42295890e+01,-5.23574969e+01
189.200003,-8.42295889e+01,-5.23574968e+01
189.250003,-8.42295889e+01,-5.23574968e+01
189.300003,-8.42295888e+01,-5.23574967e+01
189.350003,-8.42295888e+01,-5.23574967e+01
189.400003,-8.42295887e+01,-5.23574967e+01
189.450003,-8.42295887e+01,-5.23574966e+01
189.500003,-8.42295887e+01,-5.23574966e+01
189.550003,-8.42295886e+01,-5.23574965e+01
189.600003,-8.42295886e+01,-5.23574965e+01
189.650003,-8.42295885e+01,-5.23574964e+01
189.700003,-8.42295885e+01,-5.23574964e+01
189.750003,-8.42295884e+01,-5.23574963e+01
189.800003,-8.42295884e+01,-5.23574963e+01
189.850003,-8.42295883e+01,-5.23574962e+01
189.900003,-8.42295883e+01,-5.23574962e+01
189.950003,-8.42295882e+01,-5.23574962e+01
190.000003,-8.42295882e+01,-5.23574961e+01
190.050003,-8.42295882e+01,-5.23574961e+01
190.100003,-8.42295881e+01,-5.23574960e+01
190.150003,-8.42295881e+01,-5.23574960e+01
190.200003,-8.42295880e+01,-5.23574959e+01
190.250003,-8.42295880e+01,-5.23574959e+01
190.300003,-8.42295879e+01,-5.23574959e+01
190.350003,-8.42295879e+01,-5.23574958e+01
190.400003,-8.42295878e+01,-5.23574958e+01
190.450003,-8.42295878e+01,-5.23574957e+01
190.500003,-8.42295878e+01,-5.23574957e+01
190.550003,-8.42295877e+01,-5.23574956e+01
190.600003,-8.42295877e+01,-5.23574956e+01
190.650003,-8.42295876e+01,-5.23574956e+01
190.700003,-8.42295876e+01,-5.23574955e+01
190.750003,-8.42295876e+01,-5.23574955e+01
190.800003,-8.42295875e+01,-5.23574954e+01
190.850003,-8.42295875e+01,-5.23574954e+01
190.900003,-8.42295874e+01,-5.23574954e+01
190.950003,-8.42295874e+01,-5.23574953e+01
191.000003,-8.42295873e+01,-5.23574953e+01
191.050003,-8.42295873e+01,-5.23574952e+01
191.100003,-8.42295873e+01,-5.23574952e+01
191.150003,-8.42295872e+01,-5.23574951e+01
191.200003,-8.42295872e+01,-5.23574951e+01
191.250003,-8.42295871e+01,-5.23574951e+01
191.300003,-8.42295871e+01,-5.23574950e+01
191.350003,-8.42295871e+01,-5.23574950e+01
191.400003,-8.42295870e+01,-5.23574950e+01
191.450003,-8.42295870e+01,-5.23574949e+01
191.500003,-8.42295869e+01,-5.23574949e+01
191.550003,-8.42295869e+01,-5.23574948e+01
191.600003,-8.42295869e+01,-5.23574948e+01
191.650003,-8.42295868e+01,-5.23574948e+01
191.700003,-8.42295868e+01,-5.23574947e+01
191.750003,-8.42295868e+01,-5.23574947e+01
191.800003,-8.42295867e+01,-5.23574946e+01
191.850003,-8.42295867e+01,-5.23574946e+01
191.900003,-8.42295866e+01,-5.23574946e+01
191.950003,-8.42295866e+01,-5.23574945e+01
192.000003,-8.42295866e+01,-5.23574945e+01
192.050003,-8.42295865e+01,-5.23574945e+01
192.100003,-8.42295865e+01,-5.23574944e+01
192.150003,-8.42295865e+01,-5.23574944e+01
192.200003,-8.42295864e+01,-5.23574943e+01
192.250003,-8.42295864e+01,-5.23574943e+01
192.300003,-8.42295863e+01,-5.23574943e+01
192.350003,-8.42295863e+01,-5.23574942e+01
192.400003,-8.42295863e+01,-5.23574942e+01
192.450003,-8.42295862e+01,-5.23574942e+01
192.500003,-8.42295862e+01,-5.23574941e+01
192.550003,-8.42295862e+01,-5.23574941e+01
192.600003,-8.42295861e+01,-5.23574941e+01
192.650003,-8.42295861e+01,-5.23574940e+01
192.700003,-8.42295861e+01,-5.23574940e+01
192.750003,-8.42295860e+01,-5.23574939e+01
192.800003,-8.42295860e+01,-5.23574939e+01
192.850003,-8.42295859e+01,-5.23574939e+01
192.900003,-8.42295859e+01,-5.23574938e+01
192.950003,-8.42295859e+01,-5.23574938e+01
193.000003,-8.42295858e+01,-5.23574938e+01
193.050003,-8.42295858e+01,-5.23574937e+01
193.100003,-8.42295858e+01,-5.23574937e+01
193.150003,-8.42295857e+01,-5.23574937e+01
193.200003,-8.42295857e+01,-5.23574936e+01
193.250003,-8.42295857e+01,-5.23574936e+01
193.300003,-8.42295856e+01,-5.23574936e+01
193.350003,-8.42295856e+01,-5.23574935e+01
193.400003,-8.42295856e+01,-5.23574935e+01
193.450003,-8.42295855e+01,-5.23574935e+01
193.500003,-8.42295855e+01,-5.23574934e+01
193.550003,-8.42295855e+01,-5.23574934e+01
193.600003,-8.42295854e+01,-5.23574934e+01
193.650003,-8.42295854e+01,-5.23574933e+01
193.700003,-8.42295854e+01,-5.23574933e+01
193.750003,-8.42295853e+01,-5.23574933e+01
193.800003,-8.42295853e+01,-5.23574932e+01
193.850003,-8.42295853e+01,-5.23574932e+01
193.900003,-8.42295852e+01,-5.23574932e+01
193.950003,-8.42295852e+01,-5.23574931e+01
194.000003,-8.42295852e+01,-5.23574931e+01
194.050003,-8.42295851e+01,-5.23574931e+01
194.100003,-8.42295851e+01,-5.23574931e+01
194.150003,-8.42295851e+01,-5.23574930e+01
194.200003,-8.42295850e+01,-5.23574930e+01
194.250003,-8.42295850e+01,-5.23574930e+01
194.300003,-8.42295850e+01,-5.23574929e+01
194.350003,-8.42295850e+01,-5.23574929e+01
194.400003,-8.42295849e+01,-5.23574929e+01
194.450003,-8.42295849e+01,-5.23574928e+01
194.500003,-8.42295849e+01,-5.23574928e+01
194.550003,-8.42295848e+01,-5.23574928e+01
194.600003,-8.42295848e+01,-5.23574927e+01
194.650003,-8.42295848e+01,-5.23574927e+01
194.700003,-8.42295847e+01,-5.23574927e+01
194.750003,-8.42295847e+01,-5.23574927e+01
194.800003,-8.42295847e+01,-5.23574926e+01
194.850003,-8.42295846e+01,-5.23574926e+01
194.900003,-8.42295846e+01,-5.23574926e+01
194.950003,-8.42295846e+01,-5.23574925e+01
195.000003,-8.42295846e+01,-5.23574925e+01
195.050003,-8.42295845e+01,-5.23574925e+01
195.100003,-8.42295845e+01,-5.23574924e+01
195.150003,-8.42295845e+01,-5.23574924e+01
195.200003,-8.42295844e+01,-5.23574924e+01
195.250003,-8.42295844e+01,-5.23574924e+01
195.300003,-8.42295844e+01,-5.23574923e+01
195.350003,-8.42295844e+01,-5.23574923e+01
195.400003,-8.42295843e+01,-5.23574923e+01
195.450003,-8.42295843e+01,-5.23574922e+01
195.500003,-8.42295843e+01,-5.23574922e+01
195.550003,-8.42295842e+01,-5.23574922e+01
195.600003,-8.42295842e+01,-5.23574922e+01
195.650003,-8.42295842e+01,-5.23574921e+01
195.700003,-8.42295842e+01,-5.23574921e+01
195.750003,-8.42295841e+01,-5.23574921e+01
195.800003,-8.42295841e+01,-5.23574921e+01
195.850003,-8.42295841e+01,-5.23574920e+01
195.900003,-8.42295840e+01,-5.23574920e+01
195.950003,-8.42295840e+01,-5.23574920e+01
196.000003,-8.42295840e+01,-5.23574919e+01
196.050003,-8.42295840e+01,-5.23574919e+01
196.100003,-8.42295839e+01,-5.23574919e+01
196.150003,-8.42295839e+01,-5.23574919e+01
196.200003,-8.42295839e+01,-5.23574918e+01
196.250003,-8.42295839e+01,-5.23574918e+01
196.300003,-8.42295838e+01,-5.23574918e+01
196.350003,-8.42295838e+01,-5.23574918e+01
196.400003,-8.42295838e+01,-5.23574917e+01
196.450003,-8.42295838e+01,-5.23574917e+01
196.500003,-8.42295837e+01,-5.23574917e+01
196.550003,-8.42295837e+01,-5.23574917e+01
196.600003,-8.42295837e+01,-5.23574916e+01
196.650003,-8.42295837e+01,-5.23574916e+01
196.700003,-8.42295836e+01,-5.23574916e+01
196.750003,-8.42295836e+01,-5.23574916e+01
196.800003,-8.42295836e+01,-5.23574915e+01
196.850003,-8.42295835e+01,-5.23574915e+01
196.900003,-8.42295835e+01,-5.23574915e+01
196.950003,-8.42295835e+01,-5.23574915e+01
197.000003,-8.42295835e+01,-5.23574914e+01
197.050003,-8.42295834e+01,-5.23574914e+01
197.100003,-8.42295834e+01,-5.23574914e+01
197.150003,-8.42295834e+01,-5.23574914e+01
197.200003,-8.42295834e+01,-5.23574913e+01
197.250003,-8.42295833e+01,-5.23574913e+01
197.300003,-8.42295833e+01,-5.23574913e+01
197.350003,-8.42295833e+01,-5.23574913e+01
197.400003,-8.42295833e+01,-5.23574912e+01
197.450003,-8.42295833e+01,-5.23574912e+01
197.500003,-8.42295832e+01,-5.23574912e+01
197.550003,-8.42295832e+01,-5.23574912e+01
197.600003,-8.42295832e+01,-5.23574911e+01
197.650003,-8.42295832e+01,-5.23574911e+01
197.700003,-8.42295831e+01,-5.23574911e+01
197.750003,-8.42295831e+01,-5.23574911e+01
197.800003,-8.42295831e+01,-5.23574910e+01
197.850003,-8.42295831e+01,-5.23574910e+01
197.900003,-8.42295830e+01,-5.23574910e+01
197.950003,-8.42295830e+01,-5.23574910e+01
198.000003,-8.42295830e+01,-5.23574910e+01
198.050003,-8.42295830e+01,-5.23574909e+01
198.100003,-8.42295829e+01,-5.23574909e+01
198.150003,-8.42295829e+01,-5.23574909e+01
198.200003,-8.42295829e+01,-5.23574909e+01
198.250003,-8.42295829e+01,-5.23574908e+01
198.300003,-8.42295829e+01,-5.23574908e+01
198.350003,-8.42295828e+01,-5.23574908e+01
198.400003,-8.42295828e+01,-5.23574908e+01
198.450003,-8.42295828e+01,-5.23574908e+01
198.500003,-8.42295828e+01,-5.23574907e+01
198.550003,-8.42295827e+01,-5.23574907e+01
198.600003,-8.42295827e+01,-5.23574907e+01
198.650003,-8.42295827e+01,-5.23574907e+01
198.700003,-8.42295827e+01,-5.23574906e+01
198.750003,-8.42295827e+01,-5.23574906e+01
198.800003,-8.42295826e+01,-5.23574906e+01
198.850003,-8.42295826e+01,-5.23574906e+01
198.900003,-8.42295826e+01,-5.23574906e+01
198.950003,-8.42295826e+01,-5.23574905e+01
199.000003,-8.42295826e+01,-5.23574905e+01
199.050003,-8.42295825e+01,-5.23574905e+01
199.100003,-8.42295825e+01,-5.23574905e+01
199.150003,-8.42295825e+01,-5.23574905e+01
199.200003,-8.42295825e+01,-5.23574904e+01
199.250003,-8.42295824e+01,-5.23574904e+01
199.300003,-8.42295824e+01,-5.23574904e+01
199.350003,-8.42295824e+01,-5.23574904e+01
199.400003,-8.42295824e+01,-5.23574903e+01
199.450003,-8.42295824e+01,-5.23574903e+01
199.500003,-8.42295823e+01,-5.23574903e+01
199.550003,-8.42295823e+01,-5.23574903e+01
199.600003,-8.42295823e+01,-5.23574903e+01
199.650003,-8.42295823e+01,-5.23574902e+01
199.700003,-8.42295823e+01,-5.23574902e+01
199.750003,-8.42295822e+01,-5.23574902e+01
199.800003,-8.42295822e+01,-5.23574902e+01
199.850003,-8.42295822e+01,-5.23574902e+01
199.900003,-8.42295822e+01,-5.23574901e+01
199.950003,-8.42295822e+01,-5.23574901e+01
200.000003,-8.42295821e+01,-5.23574901e+01
