time,T_dna,T_res
200.005000,-8.42281881e+01,-5.28130213e+01
200.010000,-8.42111294e+01,-5.27959738e+01
200.015000,-8.41933601e+01,-5.27782016e+01
200.020000,-8.41777638e+01,-5.27626057e+01
200.025000,-8.41645331e+01,-5.27493749e+01
200.030000,-8.41532989e+01,-5.27381410e+01
200.035000,-8.41436889e+01,-5.27285312e+01
200.040000,-8.41354956e+01,-5.27203382e+01
200.045000,-8.41287088e+01,-5.27135516e+01
200.050000,-8.41234631e+01,-5.27083062e+01
200.055000,-8.41199620e+01,-5.27048055e+01
200.060000,-8.41184235e+01,-5.27032673e+01
200.065000,-8.41190534e+01,-5.27038976e+01
200.070000,-8.41220345e+01,-5.27068791e+01
200.075000,-8.41275176e+01,-5.27123625e+01
200.080000,-8.41356137e+01,-5.27204590e+01
200.085000,-8.41463917e+01,-5.27312374e+01
200.090000,-8.41598814e+01,-5.27447273e+01
200.095000,-8.41760795e+01,-5.27609257e+01
200.100000,-8.41949556e+01,-5.27798021e+01
200.105000,-8.42164565e+01,-5.28013032e+01
200.110000,-8.42405096e+01,-5.28253565e+01
200.115000,-8.42670270e+01,-5.28518741e+01
200.120000,-8.42959093e+01,-5.28807565e+01
200.125000,-8.43270490e+01,-5.29118962e+01
200.130000,-8.43603333e+01,-5.29451805e+01
200.135000,-8.43956461e+01,-5.29804934e+01
200.140000,-8.44328702e+01,-5.30177174e+01
200.145000,-8.44718883e+01,-5.30567355e+01
200.150000,-8.45125846e+01,-5.30974317e+01
200.155000,-8.45548459e+01,-5.31396928e+01
200.160000,-8.45985616e+01,-5.31834084e+01
200.165000,-8.46436251e+01,-5.32284717e+01
200.170000,-8.46899333e+01,-5.32747798e+01
200.175000,-8.47373875e+01,-5.33222338e+01
200.180000,-8.47858931e+01,-5.33707391e+01
200.185000,-8.48353598e+01,-5.34202055e+01
200.190000,-8.48857014e+01,-5.34705468e+01
200.195000,-8.49368359e+01,-5.35216811e+01
200.200000,-8.49886856e+01,-5.35735304e+01
200.205000,-8.50411762e+01,-5.36260207e+01
200.210000,-8.50942378e+01,-5.36790820e+01
200.215000,-8.51478041e+01,-5.37326479e+01
200.220000,-8.52018124e+01,-5.37866558e+01
200.225000,-8.52562037e+01,-5.38410467e+01
200.230000,-8.53109221e+01,-5.38957647e+01
200.235000,-8.53659153e+01,-5.39507575e+01
200.240000,-8.54211340e+01,-5.40059758e+01
200.245000,-8.54765319e+01,-5.40613733e+01
200.250000,-8.55320658e+01,-5.41169067e+01
200.255000,-8.55876948e+01,-5.41725352e+01
200.260000,-8.56433809e+01,-5.42282209e+01
200.265000,-8.56990886e+01,-5.42839281e+01
200.270000,-8.57547846e+01,-5.43396237e+01
200.275000,-8.58104378e+01,-5.43952764e+01
200.280000,-8.58660192e+01,-5.44508573e+01
200.285000,-8.59215017e+01,-5.45063394e+01
200.290000,-8.59768600e+01,-5.45616972e+01
200.295000,-8.60320707e+01,-5.46169075e+01
200.300000,-8.60871119e+01,-5.46719481e+01
200.305000,-8.61419632e+01,-5.47267990e+01
200.310000,-8.61966058e+01,-5.47814411e+01
200.315000,-8.62510221e+01,-5.48358570e+01
200.320000,-8.63051959e+01,-5.48900303e+01
200.325000,-8.63591121e+01,-5.49439460e+01
200.330000,-8.64127570e+01,-5.49975904e+01
200.335000,-8.64661177e+01,-5.50509507e+01
200.340000,-8.65191827e+01,-5.51040152e+01
200.345000,-8.65719412e+01,-5.51567732e+01
200.350000,-8.66243833e+01,-5.52092148e+01
200.355000,-8.66764997e+01,-5.52613307e+01
200.360000,-8.67282821e+01,-5.53131127e+01
200.365000,-8.67797227e+01,-5.53645528e+01
200.370000,-8.68308142e+01,-5.54156438e+01
200.375000,-8.68815500e+01,-5.54663792e+01
200.380000,-8.69319242e+01,-5.55167529e+01
200.385000,-8.69819314e+01,-5.55667597e+01
200.390000,-8.70315669e+01,-5.56163947e+01
200.395000,-8.70808264e+01,-5.56656537e+01
200.400000,-8.71297061e+01,-5.57145329e+01
200.405000,-8.71782029e+01,-5.57630293e+01
200.410000,-8.72263141e+01,-5.58111401e+01
200.415000,-8.72740374e+01,-5.58588629e+01
200.420000,-8.73213709e+01,-5.59061959e+01
200.425000,-8.73683128e+01,-5.59531375e+01
200.430000,-8.74148620e+01,-5.59996862e+01
200.435000,-8.74610172e+01,-5.60458410e+01
200.440000,-8.75067776e+01,-5.60916009e+01
200.445000,-8.75521425e+01,-5.61369654e+01
200.450000,-8.75971115e+01,-5.61819340e+01
200.455000,-8.76416847e+01,-5.62265067e+01
200.460000,-8.76858622e+01,-5.62706838e+01
200.465000,-8.77296449e+01,-5.63144661e+01
200.470000,-8.77730335e+01,-5.63578543e+01
200.475000,-8.78160295e+01,-5.64008499e+01
200.480000,-8.78586342e+01,-5.64434542e+01
200.485000,-8.79008493e+01,-5.64856689e+01
200.490000,-8.79426766e+01,-5.65274958e+01
200.495000,-8.79841181e+01,-5.65689369e+01
200.500000,-8.80251759e+01,-5.66099943e+01
200.505000,-8.80658522e+01,-5.66506702e+01
200.510000,-8.81061492e+01,-5.66909668e+01
200.515000,-8.81460693e+01,-5.67308866e+01
200.520000,-8.81856149e+01,-5.67704318e+01
200.525000,-8.82247884e+01,-5.68096049e+01
200.530000,-8.82635923e+01,-5.68484084e+01
200.535000,-8.83020292e+01,-5.68868449e+01
200.540000,-8.83401015e+01,-5.69249169e+01
200.545000,-8.83778119e+01,-5.69626269e+01
200.550000,-8.84151630e+01,-5.69999777e+01
200.555000,-8.84521574e+01,-5.70369717e+01
200.560000,-8.84887978e+01,-5.70736118e+01
200.565000,-8.85250871e+01,-5.71099007e+01
200.570000,-8.85610280e+01,-5.71458413e+01
200.575000,-8.85966237e+01,-5.71814366e+01
200.580000,-8.86318769e+01,-5.72166895e+01
200.585000,-8.86667907e+01,-5.72516029e+01
200.590000,-8.87013680e+01,-5.72861799e+01
200.595000,-8.87356116e+01,-5.73204231e+01
200.600000,-8.87695242e+01,-5.73543355e+01
200.605000,-8.88031087e+01,-5.73879196e+01
200.610000,-8.88363677e+01,-5.74211783e+01
200.615000,-8.88693039e+01,-5.74541142e+01
200.620000,-8.89019204e+01,-5.74867304e+01
200.625000,-8.89342199e+01,-5.75190296e+01
200.630000,-8.89662054e+01,-5.75510148e+01
200.635000,-8.89978798e+01,-5.75826889e+01
200.640000,-8.90292461e+01,-5.76140549e+01
200.645000,-8.90603073e+01,-5.76451157e+01
200.650000,-8.90910663e+01,-5.76758745e+01
200.655000,-8.91215263e+01,-5.77063342e+01
200.660000,-8.91516902e+01,-5.77364978e+01
200.665000,-8.91815611e+01,-5.77663684e+01
200.670000,-8.92111420e+01,-5.77959490e+01
200.675000,-8.92404358e+01,-5.78252425e+01
200.680000,-8.92694455e+01,-5.78542519e+01
200.685000,-8.92981739e+01,-5.78829801e+01
200.690000,-8.93266241e+01,-5.79114300e+01
200.695000,-8.93547987e+01,-5.79396043e+01
200.700000,-8.93827007e+01,-5.79675060e+01
200.705000,-8.94103327e+01,-5.79951378e+01
200.710000,-8.94376977e+01,-5.80225025e+01
200.715000,-8.94647983e+01,-5.80496029e+01
200.720000,-8.94916375e+01,-5.80764418e+01
200.725000,-8.95182179e+01,-5.81030219e+01
200.730000,-8.95445423e+01,-5.81293461e+01
200.735000,-8.95706134e+01,-5.81554169e+01
200.740000,-8.95964338e+01,-5.81812371e+01
200.745000,-8.96220061e+01,-5.82068091e+01
200.750000,-8.96473327e+01,-5.82321355e+01
200.755000,-8.96724160e+01,-5.82572186e+01
200.760000,-8.96972585e+01,-5.82820609e+01
200.765000,-8.97218625e+01,-5.83066646e+01
200.770000,-8.97462304e+01,-5.83310323e+01
200.775000,-8.97703648e+01,-5.83551664e+01
200.780000,-8.97942682e+01,-5.83790696e+01
200.785000,-8.98179434e+01,-5.84027446e+01
200.790000,-8.98413930e+01,-5.84261940e+01
200.795000,-8.98646199e+01,-5.84494207e+01
200.800000,-8.98876269e+01,-5.84724274e+01
200.805000,-8.99104166e+01,-5.84952169e+01
200.810000,-8.99329917e+01,-5.85177918e+01
200.815000,-8.99553550e+01,-5.85401548e+01
200.820000,-8.99775088e+01,-5.85623085e+01
200.825000,-8.99994557e+01,-5.85842551e+01
200.830000,-9.00211979e+01,-5.86059971e+01
200.835000,-9.00427377e+01,-5.86275368e+01
200.840000,-9.00640775e+01,-5.86488764e+01
200.845000,-9.00852195e+01,-5.86700182e+01
200.850000,-9.01061660e+01,-5.86909644e+01
200.855000,-9.01269191e+01,-5.87117174e+01
200.860000,-9.01474810e+01,-5.87322791e+01
200.865000,-9.01678537e+01,-5.87526516e+01
200.870000,-9.01880393e+01,-5.87728369e+01
200.875000,-9.02080397e+01,-5.87928372e+01
200.880000,-9.02278570e+01,-5.88126542e+01
200.885000,-9.02474931e+01,-5.88322902e+01
200.890000,-9.02669501e+01,-5.88517470e+01
200.895000,-9.02862299e+01,-5.88710266e+01
200.900000,-9.03053343e+01,-5.88901308e+01
200.905000,-9.03242649e+01,-5.89090613e+01
200.910000,-9.03430233e+01,-5.89278195e+01
200.915000,-9.03616109e+01,-5.89464069e+01
200.920000,-9.03800292e+01,-5.89648250e+01
200.925000,-9.03982798e+01,-5.89830754e+01
200.930000,-9.04163643e+01,-5.90011598e+01
200.935000,-9.04342845e+01,-5.90190799e+01
200.940000,-9.04520425e+01,-5.90368376e+01
200.945000,-9.04696401e+01,-5.90544351e+01
200.950000,-9.04870795e+01,-5.90718743e+01
200.955000,-9.05043626e+01,-5.90891573e+01
200.960000,-9.05214916e+01,-5.91062861e+01
200.965000,-9.05384685e+01,-5.91232628e+01
200.970000,-9.05552950e+01,-5.91400892e+01
200.975000,-9.05719733e+01,-5.91567673e+01
200.980000,-9.05885048e+01,-5.91732987e+01
200.985000,-9.06048914e+01,-5.91896851e+01
200.990000,-9.06211343e+01,-5.92059279e+01
200.995000,-9.06372351e+01,-5.92220284e+01
201.000000,-9.06531948e+01,-5.92379880e+01
201.005000,-9.06690147e+01,-5.92538078e+01
201.010000,-9.06846959e+01,-5.92694889e+01
201.015000,-9.07002395e+01,-5.92850323e+01
201.020000,-9.07156465e+01,-5.93004391e+01
201.025000,-9.07309180e+01,-5.93157105e+01
201.030000,-9.07460554e+01,-5.93308478e+01
201.035000,-9.07610599e+01,-5.93458521e+01
201.040000,-9.07759329e+01,-5.93607250e+01
201.045000,-9.07906760e+01,-5.93754679e+01
201.050000,-9.08052904e+01,-5.93900822e+01
201.055000,-9.08197776e+01,-5.94045693e+01
201.060000,-9.08341389e+01,-5.94189304e+01
201.065000,-9.08483755e+01,-5.94331669e+01
201.070000,-9.08624886e+01,-5.94472798e+01
201.075000,-9.08764795e+01,-5.94612706e+01
201.080000,-9.08903496e+01,-5.94751406e+01
201.085000,-9.09041003e+01,-5.94888912e+01
201.090000,-9.09177331e+01,-5.95025238e+01
201.095000,-9.09312493e+01,-5.95160399e+01
201.100000,-9.09446505e+01,-5.95294410e+01
201.105000,-9.09579383e+01,-5.95427286e+01
201.110000,-9.09711141e+01,-5.95559043e+01
201.115000,-9.09841796e+01,-5.95689697e+01
201.120000,-9.09971366e+01,-5.95819266e+01
201.125000,-9.10099867e+01,-5.95947766e+01
201.130000,-9.10227317e+01,-5.96075215e+01
201.135000,-9.10353732e+01,-5.96201628e+01
201.140000,-9.10479126e+01,-5.96327021e+01
201.145000,-9.10603511e+01,-5.96451405e+01
201.150000,-9.10726899e+01,-5.96574792e+01
201.155000,-9.10849300e+01,-5.96697192e+01
201.160000,-9.10970722e+01,-5.96818613e+01
201.165000,-9.11091173e+01,-5.96939062e+01
201.170000,-9.11210660e+01,-5.97058548e+01
201.175000,-9.11329189e+01,-5.97177076e+01
201.180000,-9.11446766e+01,-5.97294652e+01
201.185000,-9.11563395e+01,-5.97411280e+01
201.190000,-9.11679082e+01,-5.97526966e+01
201.195000,-9.11793832e+01,-5.97641715e+01
201.200000,-9.11907651e+01,-5.97755533e+01
201.205000,-9.12020547e+01,-5.97868428e+01
201.210000,-9.12132526e+01,-5.97980406e+01
201.215000,-9.12243597e+01,-5.98091476e+01
201.220000,-9.12353768e+01,-5.98201646e+01
201.225000,-9.12463048e+01,-5.98310925e+01
201.230000,-9.12571447e+01,-5.98419323e+01
201.235000,-9.12678973e+01,-5.98526847e+01
201.240000,-9.12785635e+01,-5.98633509e+01
201.245000,-9.12891444e+01,-5.98739317e+01
201.250000,-9.12996410e+01,-5.98844282e+01
201.255000,-9.13100544e+01,-5.98948415e+01
201.260000,-9.13203859e+01,-5.99051729e+01
201.265000,-9.13306366e+01,-5.99154235e+01
201.270000,-9.13408076e+01,-5.99255944e+01
201.275000,-9.13509001e+01,-5.99356868e+01
201.280000,-9.13609150e+01,-5.99457016e+01
201.285000,-9.13708530e+01,-5.99556396e+01
201.290000,-9.13807151e+01,-5.99655015e+01
201.295000,-9.13905017e+01,-5.99752880e+01
201.300000,-9.14002135e+01,-5.99849997e+01
201.305000,-9.14098509e+01,-5.99946370e+01
201.310000,-9.14194143e+01,-6.00042004e+01
201.315000,-9.14289043e+01,-6.00136903e+01
201.320000,-9.14383212e+01,-6.00231071e+01
201.325000,-9.14476655e+01,-6.00324513e+01
201.330000,-9.14569378e+01,-6.00417236e+01
201.335000,-9.14661388e+01,-6.00509244e+01
201.340000,-9.14752690e+01,-6.00600545e+01
201.345000,-9.14843290e+01,-6.00691145e+01
201.350000,-9.14933197e+01,-6.00781050e+01
201.355000,-9.15022414e+01,-6.00870267e+01
201.360000,-9.15110949e+01,-6.00958801e+01
201.365000,-9.15198807e+01,-6.01046658e+01
201.370000,-9.15285993e+01,-6.01133844e+01
201.375000,-9.15372517e+01,-6.01220366e+01
201.380000,-9.15458382e+01,-6.01306231e+01
201.385000,-9.15543598e+01,-6.01391446e+01
201.390000,-9.15628170e+01,-6.01476017e+01
201.395000,-9.15712108e+01,-6.01559954e+01
201.400000,-9.15795418e+01,-6.01643264e+01
201.405000,-9.15878111e+01,-6.01725956e+01
201.410000,-9.15960194e+01,-6.01808038e+01
201.415000,-9.16041675e+01,-6.01889518e+01
201.420000,-9.16122563e+01,-6.01970406e+01
201.425000,-9.16202866e+01,-6.02050708e+01
201.430000,-9.16282590e+01,-6.02130431e+01
201.435000,-9.16361743e+01,-6.02209583e+01
201.440000,-9.16440329e+01,-6.02288169e+01
201.445000,-9.16518356e+01,-6.02366195e+01
201.450000,-9.16595827e+01,-6.02443665e+01
201.455000,-9.16672749e+01,-6.02520587e+01
201.460000,-9.16749127e+01,-6.02596964e+01
201.465000,-9.16824965e+01,-6.02672802e+01
201.470000,-9.16900268e+01,-6.02748103e+01
201.475000,-9.16975039e+01,-6.02822873e+01
201.480000,-9.17049282e+01,-6.02897117e+01
201.485000,-9.17123004e+01,-6.02970837e+01
201.490000,-9.17196207e+01,-6.03044040e+01
201.495000,-9.17268896e+01,-6.03116728e+01
201.500000,-9.17341076e+01,-6.03188908e+01
201.505000,-9.17412752e+01,-6.03260583e+01
201.510000,-9.17483927e+01,-6.03331757e+01
201.515000,-9.17554608e+01,-6.03402438e+01
201.520000,-9.17624801e+01,-6.03472630e+01
201.525000,-9.17694511e+01,-6.03542339e+01
201.530000,-9.17763745e+01,-6.03611572e+01
201.535000,-9.17832508e+01,-6.03680335e+01
201.540000,-9.17900808e+01,-6.03748634e+01
201.545000,-9.17968649e+01,-6.03816475e+01
201.550000,-9.18036036e+01,-6.03883861e+01
201.555000,-9.18102973e+01,-6.03950798e+01
201.560000,-9.18169463e+01,-6.04017287e+01
201.565000,-9.18235509e+01,-6.04083332e+01
201.570000,-9.18301112e+01,-6.04148934e+01
201.575000,-9.18366273e+01,-6.04214095e+01
201.580000,-9.18430993e+01,-6.04278815e+01
201.585000,-9.18495275e+01,-6.04343096e+01
201.590000,-9.18559120e+01,-6.04406940e+01
201.595000,-9.18622529e+01,-6.04470349e+01
201.600000,-9.18685506e+01,-6.04533326e+01
201.605000,-9.18748053e+01,-6.04595872e+01
201.610000,-9.18810173e+01,-6.04657991e+01
201.615000,-9.18871868e+01,-6.04719686e+01
201.620000,-9.18933142e+01,-6.04780959e+01
201.625000,-9.18993998e+01,-6.04841814e+01
201.630000,-9.19054440e+01,-6.04902256e+01
201.635000,-9.19114473e+01,-6.04962288e+01
201.640000,-9.19174102e+01,-6.05021917e+01
201.645000,-9.19233332e+01,-6.05081146e+01
201.650000,-9.19292169e+01,-6.05139982e+01
201.655000,-9.19350617e+01,-6.05198430e+01
201.660000,-9.19408680e+01,-6.05256493e+01
201.665000,-9.19466364e+01,-6.05314176e+01
201.670000,-9.19523671e+01,-6.05371483e+01
201.675000,-9.19580607e+01,-6.05428418e+01
201.680000,-9.19637176e+01,-6.05484986e+01
201.685000,-9.19693381e+01,-6.05541191e+01
201.690000,-9.19749228e+01,-6.05597038e+01
201.695000,-9.19804722e+01,-6.05652531e+01
201.700000,-9.19859866e+01,-6.05707675e+01
201.705000,-9.19914666e+01,-6.05762473e+01
201.710000,-9.19969124e+01,-6.05816931e+01
201.715000,-9.20023243e+01,-6.05871050e+01
201.720000,-9.20077025e+01,-6.05924831e+01
201.725000,-9.20130471e+01,-6.05978277e+01
201.730000,-9.20183581e+01,-6.06031387e+01
201.735000,-9.20236358e+01,-6.06084163e+01
201.740000,-9.20288801e+01,-6.06136605e+01
201.745000,-9.20340912e+01,-6.06188716e+01
201.750000,-9.20392694e+01,-6.06240498e+01
201.755000,-9.20444150e+01,-6.06291953e+01
201.760000,-9.20495281e+01,-6.06343084e+01
201.765000,-9.20546091e+01,-6.06393893e+01
201.770000,-9.20596582e+01,-6.06444384e+01
201.775000,-9.20646757e+01,-6.06494558e+01
201.780000,-9.20696619e+01,-6.06544420e+01
201.785000,-9.20746174e+01,-6.06593974e+01
201.790000,-9.20795424e+01,-6.06643224e+01
201.795000,-9.20844376e+01,-6.06692176e+01
201.800000,-9.20893034e+01,-6.06740833e+01
201.805000,-9.20941402e+01,-6.06789200e+01
201.810000,-9.20989483e+01,-6.06837281e+01
201.815000,-9.21037280e+01,-6.06885078e+01
201.820000,-9.21084797e+01,-6.06932594e+01
201.825000,-9.21132036e+01,-6.06979833e+01
201.830000,-9.21178999e+01,-6.07026796e+01
201.835000,-9.21225692e+01,-6.07073488e+01
201.840000,-9.21272117e+01,-6.07119912e+01
201.845000,-9.21318278e+01,-6.07166073e+01
201.850000,-9.21364180e+01,-6.07211975e+01
201.855000,-9.21409825e+01,-6.07257619e+01
201.860000,-9.21455215e+01,-6.07303009e+01
201.865000,-9.21500350e+01,-6.07348144e+01
201.870000,-9.21545232e+01,-6.07393025e+01
201.875000,-9.21589859e+01,-6.07437652e+01
201.880000,-9.21634233e+01,-6.07482026e+01
201.885000,-9.21678353e+01,-6.07526146e+01
201.890000,-9.21722222e+01,-6.07570013e+01
201.895000,-9.21765839e+01,-6.07613630e+01
201.900000,-9.21809205e+01,-6.07656996e+01
201.905000,-9.21852321e+01,-6.07700112e+01
201.910000,-9.21895187e+01,-6.07742977e+01
201.915000,-9.21937802e+01,-6.07785592e+01
201.920000,-9.21980164e+01,-6.07827953e+01
201.925000,-9.22022272e+01,-6.07870061e+01
201.930000,-9.22064125e+01,-6.07911914e+01
201.935000,-9.22105723e+01,-6.07953511e+01
201.940000,-9.22147067e+01,-6.07994854e+01
201.945000,-9.22188158e+01,-6.08035945e+01
201.950000,-9.22228999e+01,-6.08076786e+01
201.955000,-9.22269593e+01,-6.08117380e+01
201.960000,-9.22309941e+01,-6.08157727e+01
201.965000,-9.22350045e+01,-6.08197831e+01
201.970000,-9.22389906e+01,-6.08237692e+01
201.975000,-9.22429525e+01,-6.08277310e+01
201.980000,-9.22468903e+01,-6.08316688e+01
201.985000,-9.22508041e+01,-6.08355826e+01
201.990000,-9.22546943e+01,-6.08394727e+01
201.995000,-9.22585612e+01,-6.08433396e+01
202.000000,-9.22624055e+01,-6.08471839e+01
202.005000,-9.22662277e+01,-6.08510060e+01
202.010000,-9.22700284e+01,-6.08548066e+01
202.015000,-9.22738081e+01,-6.08585864e+01
202.020000,-9.22775675e+01,-6.08623457e+01
202.025000,-9.22813068e+01,-6.08660850e+01
202.030000,-9.22850263e+01,-6.08698045e+01
202.035000,-9.22887264e+01,-6.08735045e+01
202.040000,-9.22924072e+01,-6.08771853e+01
202.045000,-9.22960690e+01,-6.08808471e+01
202.050000,-9.22997123e+01,-6.08844903e+01
202.055000,-9.23033371e+01,-6.08881151e+01
202.060000,-9.23069437e+01,-6.08917216e+01
202.065000,-9.23105320e+01,-6.08953099e+01
202.070000,-9.23141021e+01,-6.08988800e+01
202.075000,-9.23176539e+01,-6.09024318e+01
202.080000,-9.23211873e+01,-6.09059652e+01
202.085000,-9.23247024e+01,-6.09094801e+01
202.090000,-9.23281990e+01,-6.09129767e+01
202.095000,-9.23316772e+01,-6.09164549e+01
202.100000,-9.23351370e+01,-6.09199147e+01
202.105000,-9.23385785e+01,-6.09233562e+01
202.110000,-9.23420017e+01,-6.09267794e+01
202.115000,-9.23454066e+01,-6.09301842e+01
202.120000,-9.23487933e+01,-6.09335709e+01
202.125000,-9.23521618e+01,-6.09369394e+01
202.130000,-9.23555122e+01,-6.09402898e+01
202.135000,-9.23588448e+01,-6.09436223e+01
202.140000,-9.23621597e+01,-6.09469371e+01
202.145000,-9.23654571e+01,-6.09502346e+01
202.150000,-9.23687375e+01,-6.09535149e+01
202.155000,-9.23720011e+01,-6.09567785e+01
202.160000,-9.23752483e+01,-6.09600256e+01
202.165000,-9.23784793e+01,-6.09632566e+01
202.170000,-9.23816946e+01,-6.09664719e+01
202.175000,-9.23848944e+01,-6.09696717e+01
202.180000,-9.23880790e+01,-6.09728563e+01
202.185000,-9.23912488e+01,-6.09760260e+01
202.190000,-9.23944037e+01,-6.09791809e+01
202.195000,-9.23975441e+01,-6.09823212e+01
202.200000,-9.24006698e+01,-6.09854470e+01
202.205000,-9.24037809e+01,-6.09885580e+01
202.210000,-9.24068771e+01,-6.09916542e+01
202.215000,-9.24099582e+01,-6.09947352e+01
202.220000,-9.24130237e+01,-6.09978008e+01
202.225000,-9.24160735e+01,-6.10008505e+01
202.230000,-9.24191070e+01,-6.10038839e+01
202.235000,-9.24221240e+01,-6.10069009e+01
202.240000,-9.24251243e+01,-6.10099012e+01
202.245000,-9.24281075e+01,-6.10128844e+01
202.250000,-9.24310735e+01,-6.10158504e+01
202.255000,-9.24340219e+01,-6.10187988e+01
202.260000,-9.24369527e+01,-6.10217295e+01
202.265000,-9.24398655e+01,-6.10246422e+01
202.270000,-9.24427603e+01,-6.10275370e+01
202.275000,-9.24456371e+01,-6.10304138e+01
202.280000,-9.24484961e+01,-6.10332728e+01
202.285000,-9.24513373e+01,-6.10361140e+01
202.290000,-9.24541611e+01,-6.10389378e+01
202.295000,-9.24569680e+01,-6.10417446e+01
202.300000,-9.24597585e+01,-6.10445351e+01
202.305000,-9.24625332e+01,-6.10473097e+01
202.310000,-9.24652928e+01,-6.10500693e+01
202.315000,-9.24680379e+01,-6.10528144e+01
202.320000,-9.24707692e+01,-6.10555457e+01
202.325000,-9.24734871e+01,-6.10582636e+01
202.330000,-9.24761921e+01,-6.10609685e+01
202.335000,-9.24788846e+01,-6.10636610e+01
202.340000,-9.24815651e+01,-6.10663415e+01
202.345000,-9.24842339e+01,-6.10690103e+01
202.350000,-9.24868917e+01,-6.10716680e+01
202.355000,-9.24895387e+01,-6.10743150e+01
202.360000,-9.24921753e+01,-6.10769516e+01
202.365000,-9.24948019e+01,-6.10795782e+01
202.370000,-9.24974185e+01,-6.10821948e+01
202.375000,-9.25000252e+01,-6.10848014e+01
202.380000,-9.25026218e+01,-6.10873980e+01
202.385000,-9.25052082e+01,-6.10899844e+01
202.390000,-9.25077842e+01,-6.10925604e+01
202.395000,-9.25103495e+01,-6.10951256e+01
202.400000,-9.25129037e+01,-6.10976798e+01
202.405000,-9.25154463e+01,-6.11002224e+01
202.410000,-9.25179770e+01,-6.11027531e+01
202.415000,-9.25204952e+01,-6.11052713e+01
202.420000,-9.25230007e+01,-6.11077768e+01
202.425000,-9.25254934e+01,-6.11102694e+01
202.430000,-9.25279732e+01,-6.11127492e+01
202.435000,-9.25304401e+01,-6.11152161e+01
202.440000,-9.25328943e+01,-6.11176703e+01
202.445000,-9.25353359e+01,-6.11201118e+01
202.450000,-9.25377651e+01,-6.11225410e+01
202.455000,-9.25401820e+01,-6.11249579e+01
202.460000,-9.25425869e+01,-6.11273628e+01
202.465000,-9.25449801e+01,-6.11297559e+01
202.470000,-9.25473619e+01,-6.11321378e+01
202.475000,-9.25497329e+01,-6.11345087e+01
202.480000,-9.25520935e+01,-6.11368693e+01
202.485000,-9.25544441e+01,-6.11392199e+01
202.490000,-9.25567854e+01,-6.11415611e+01
202.495000,-9.25591175e+01,-6.11438933e+01
202.500000,-9.25614410e+01,-6.11462167e+01
202.505000,-9.25637558e+01,-6.11485315e+01
202.510000,-9.25660620e+01,-6.11508376e+01
202.515000,-9.25683593e+01,-6.11531349e+01
202.520000,-9.25706473e+01,-6.11554230e+01
202.525000,-9.25729257e+01,-6.11577013e+01
202.530000,-9.25751937e+01,-6.11599693e+01
202.535000,-9.25774508e+01,-6.11622264e+01
202.540000,-9.25796966e+01,-6.11644721e+01
202.545000,-9.25819304e+01,-6.11667059e+01
202.550000,-9.25841518e+01,-6.11689273e+01
202.555000,-9.25863606e+01,-6.11711361e+01
202.560000,-9.25885563e+01,-6.11733318e+01
202.565000,-9.25907389e+01,-6.11755143e+01
202.570000,-9.25929080e+01,-6.11776834e+01
202.575000,-9.25950635e+01,-6.11798389e+01
202.580000,-9.25972054e+01,-6.11819807e+01
202.585000,-9.25993337e+01,-6.11841091e+01
202.590000,-9.26014487e+01,-6.11862241e+01
202.595000,-9.26035509e+01,-6.11883262e+01
202.600000,-9.26056405e+01,-6.11904158e+01
202.605000,-9.26077184e+01,-6.11924937e+01
202.610000,-9.26097852e+01,-6.11945605e+01
202.615000,-9.26118417e+01,-6.11966170e+01
202.620000,-9.26138886e+01,-6.11986638e+01
202.625000,-9.26159267e+01,-6.12007019e+01
202.630000,-9.26179566e+01,-6.12027318e+01
202.635000,-9.26199791e+01,-6.12047543e+01
202.640000,-9.26219949e+01,-6.12067700e+01
202.645000,-9.26240045e+01,-6.12087796e+01
202.650000,-9.26260084e+01,-6.12107836e+01
202.655000,-9.26280072e+01,-6.12127824e+01
202.660000,-9.26300012e+01,-6.12147763e+01
202.665000,-9.26319904e+01,-6.12167655e+01
202.670000,-9.26339750e+01,-6.12187501e+01
202.675000,-9.26359547e+01,-6.12207297e+01
202.680000,-9.26379293e+01,-6.12227043e+01
202.685000,-9.26398984e+01,-6.12246734e+01
202.690000,-9.26418616e+01,-6.12266366e+01
202.695000,-9.26438186e+01,-6.12285936e+01
202.700000,-9.26457690e+01,-6.12305440e+01
202.705000,-9.26477126e+01,-6.12324875e+01
202.710000,-9.26496489e+01,-6.12344238e+01
202.715000,-9.26515778e+01,-6.12363527e+01
202.720000,-9.26534990e+01,-6.12382739e+01
202.725000,-9.26554123e+01,-6.12401872e+01
202.730000,-9.26573175e+01,-6.12420924e+01
202.735000,-9.26592145e+01,-6.12439894e+01
202.740000,-9.26611033e+01,-6.12458781e+01
202.745000,-9.26629839e+01,-6.12477587e+01
202.750000,-9.26648565e+01,-6.12496313e+01
202.755000,-9.26667213e+01,-6.12514961e+01
202.760000,-9.26685786e+01,-6.12533533e+01
202.765000,-9.26704285e+01,-6.12552033e+01
202.770000,-9.26722713e+01,-6.12570460e+01
202.775000,-9.26741071e+01,-6.12588818e+01
202.780000,-9.26759361e+01,-6.12607108e+01
202.785000,-9.26777586e+01,-6.12625333e+01
202.790000,-9.26795748e+01,-6.12643495e+01
202.795000,-9.26813849e+01,-6.12661596e+01
202.800000,-9.26831891e+01,-6.12679638e+01
202.805000,-9.26849877e+01,-6.12697623e+01
202.810000,-9.26867807e+01,-6.12715553e+01
202.815000,-9.26885680e+01,-6.12733426e+01
202.820000,-9.26903495e+01,-6.12751240e+01
202.825000,-9.26921248e+01,-6.12768994e+01
202.830000,-9.26938936e+01,-6.12786681e+01
202.835000,-9.26956554e+01,-6.12804299e+01
202.840000,-9.26974096e+01,-6.12821841e+01
202.845000,-9.26991556e+01,-6.12839301e+01
202.850000,-9.27008928e+01,-6.12856673e+01
202.855000,-9.27026207e+01,-6.12873951e+01
202.860000,-9.27043387e+01,-6.12891131e+01
202.865000,-9.27060463e+01,-6.12908208e+01
202.870000,-9.27077435e+01,-6.12925179e+01
202.875000,-9.27094299e+01,-6.12942043e+01
202.880000,-9.27111058e+01,-6.12958801e+01
202.885000,-9.27127712e+01,-6.12975456e+01
202.890000,-9.27144267e+01,-6.12992010e+01
202.895000,-9.27160726e+01,-6.13008470e+01
202.900000,-9.27177096e+01,-6.13024839e+01
202.905000,-9.27193380e+01,-6.13041123e+01
202.910000,-9.27209585e+01,-6.13057328e+01
202.915000,-9.27225717e+01,-6.13073460e+01
202.920000,-9.27241781e+01,-6.13089524e+01
202.925000,-9.27257784e+01,-6.13105527e+01
202.930000,-9.27273731e+01,-6.13121474e+01
202.935000,-9.27289629e+01,-6.13137372e+01
202.940000,-9.27305483e+01,-6.13153225e+01
202.945000,-9.27321297e+01,-6.13169039e+01
202.950000,-9.27337077e+01,-6.13184819e+01
202.955000,-9.27352828e+01,-6.13200570e+01
202.960000,-9.27368554e+01,-6.13216295e+01
202.965000,-9.27384258e+01,-6.13231999e+01
202.970000,-9.27399942e+01,-6.13247684e+01
202.975000,-9.27415608e+01,-6.13263349e+01
202.980000,-9.27431253e+01,-6.13278994e+01
202.985000,-9.27446875e+01,-6.13294616e+01
202.990000,-9.27462471e+01,-6.13310212e+01
202.995000,-9.27478037e+01,-6.13325778e+01
203.000000,-9.27493566e+01,-6.13341307e+01
203.005000,-9.27509053e+01,-6.13356793e+01
203.010000,-9.27524490e+01,-6.13372231e+01
203.015000,-9.27539872e+01,-6.13387612e+01
203.020000,-9.27555192e+01,-6.13402932e+01
203.025000,-9.27570448e+01,-6.13418188e+01
203.030000,-9.27585638e+01,-6.13433377e+01
203.035000,-9.27600759e+01,-6.13448499e+01
203.040000,-9.27615814e+01,-6.13463554e+01
203.045000,-9.27630804e+01,-6.13478543e+01
203.050000,-9.27645731e+01,-6.13493471e+01
203.055000,-9.27660600e+01,-6.13508339e+01
203.060000,-9.27675412e+01,-6.13523151e+01
203.065000,-9.27690171e+01,-6.13537910e+01
203.070000,-9.27704880e+01,-6.13552619e+01
203.075000,-9.27719539e+01,-6.13567278e+01
203.080000,-9.27734150e+01,-6.13581889e+01
203.085000,-9.27748715e+01,-6.13596453e+01
203.090000,-9.27763233e+01,-6.13610971e+01
203.095000,-9.27777708e+01,-6.13625446e+01
203.100000,-9.27792141e+01,-6.13639879e+01
203.105000,-9.27806534e+01,-6.13654272e+01
203.110000,-9.27820889e+01,-6.13668627e+01
203.115000,-9.27835205e+01,-6.13682942e+01
203.120000,-9.27849481e+01,-6.13697218e+01
203.125000,-9.27863714e+01,-6.13711451e+01
203.130000,-9.27877900e+01,-6.13725637e+01
203.135000,-9.27892033e+01,-6.13739770e+01
203.140000,-9.27906107e+01,-6.13753844e+01
203.145000,-9.27920116e+01,-6.13767853e+01
203.150000,-9.27934052e+01,-6.13781789e+01
203.155000,-9.27947909e+01,-6.13795645e+01
203.160000,-9.27961678e+01,-6.13809415e+01
203.165000,-9.27975356e+01,-6.13823092e+01
203.170000,-9.27988936e+01,-6.13836673e+01
203.175000,-9.28002419e+01,-6.13850155e+01
203.180000,-9.28015802e+01,-6.13863538e+01
203.185000,-9.28029087e+01,-6.13876823e+01
203.190000,-9.28042279e+01,-6.13890015e+01
203.195000,-9.28055383e+01,-6.13903119e+01
203.200000,-9.28068406e+01,-6.13916142e+01
203.205000,-9.28081355e+01,-6.13929090e+01
203.210000,-9.28094238e+01,-6.13941973e+01
203.215000,-9.28107063e+01,-6.13954798e+01
203.220000,-9.28119838e+01,-6.13967573e+01
203.225000,-9.28132571e+01,-6.13980306e+01
203.230000,-9.28145270e+01,-6.13993004e+01
203.235000,-9.28157938e+01,-6.14005673e+01
203.240000,-9.28170582e+01,-6.14018317e+01
203.245000,-9.28183206e+01,-6.14030940e+01
203.250000,-9.28195811e+01,-6.14043546e+01
203.255000,-9.28208403e+01,-6.14056137e+01
203.260000,-9.28220982e+01,-6.14068717e+01
203.265000,-9.28233552e+01,-6.14081286e+01
203.270000,-9.28246112e+01,-6.14093846e+01
203.275000,-9.28258662e+01,-6.14106396e+01
203.280000,-9.28271201e+01,-6.14118935e+01
203.285000,-9.28283724e+01,-6.14131458e+01
203.290000,-9.28296231e+01,-6.14143964e+01
203.295000,-9.28308716e+01,-6.14156449e+01
203.300000,-9.28321175e+01,-6.14168909e+01
203.305000,-9.28333604e+01,-6.14181338e+01
203.310000,-9.28345998e+01,-6.14193731e+01
203.315000,-9.28358350e+01,-6.14206083e+01
203.320000,-9.28370656e+01,-6.14218389e+01
203.325000,-9.28382911e+01,-6.14230644e+01
203.330000,-9.28395114e+01,-6.14242847e+01
203.335000,-9.28407264e+01,-6.14254996e+01
203.340000,-9.28419361e+01,-6.14267094e+01
203.345000,-9.28431410e+01,-6.14279142e+01
203.350000,-9.28443412e+01,-6.14291145e+01
203.355000,-9.28455372e+01,-6.14303104e+01
203.360000,-9.28467293e+01,-6.14315026e+01
203.365000,-9.28479180e+01,-6.14326912e+01
203.370000,-9.28491034e+01,-6.14338766e+01
203.375000,-9.28502859e+01,-6.14350591e+01
203.380000,-9.28514658e+01,-6.14362390e+01
203.385000,-9.28526433e+01,-6.14374165e+01
203.390000,-9.28538185e+01,-6.14385917e+01
203.395000,-9.28549916e+01,-6.14397648e+01
203.400000,-9.28561626e+01,-6.14409357e+01
203.405000,-9.28573314e+01,-6.14421045e+01
203.410000,-9.28584978e+01,-6.14432710e+01
203.415000,-9.28596618e+01,-6.14444349e+01
203.420000,-9.28608230e+01,-6.14455961e+01
203.425000,-9.28619810e+01,-6.14467541e+01
203.430000,-9.28631352e+01,-6.14479083e+01
203.435000,-9.28642851e+01,-6.14490582e+01
203.440000,-9.28654301e+01,-6.14502032e+01
203.445000,-9.28665697e+01,-6.14513427e+01
203.450000,-9.28677033e+01,-6.14524763e+01
203.455000,-9.28688302e+01,-6.14536033e+01
203.460000,-9.28699501e+01,-6.14547231e+01
203.465000,-9.28710624e+01,-6.14558354e+01
203.470000,-9.28721666e+01,-6.14569396e+01
203.475000,-9.28732626e+01,-6.14580356e+01
203.480000,-9.28743502e+01,-6.14591232e+01
203.485000,-9.28754295e+01,-6.14602025e+01
203.490000,-9.28765008e+01,-6.14612737e+01
203.495000,-9.28775643e+01,-6.14623373e+01
203.500000,-9.28786207e+01,-6.14633937e+01
203.505000,-9.28796707e+01,-6.14644436e+01
203.510000,-9.28807147e+01,-6.14654877e+01
203.515000,-9.28817537e+01,-6.14665266e+01
203.520000,-9.28827884e+01,-6.14675613e+01
203.525000,-9.28838195e+01,-6.14685924e+01
203.530000,-9.28848478e+01,-6.14696207e+01
203.535000,-9.28858739e+01,-6.14706468e+01
203.540000,-9.28868984e+01,-6.14716713e+01
203.545000,-9.28879219e+01,-6.14726947e+01
203.550000,-9.28889448e+01,-6.14737176e+01
203.555000,-9.28899674e+01,-6.14747403e+01
203.560000,-9.28909903e+01,-6.14757631e+01
203.565000,-9.28920134e+01,-6.14767862e+01
203.570000,-9.28930368e+01,-6.14778096e+01
203.575000,-9.28940605e+01,-6.14788333e+01
203.580000,-9.28950842e+01,-6.14798570e+01
203.585000,-9.28961079e+01,-6.14808807e+01
203.590000,-9.28971313e+01,-6.14819040e+01
203.595000,-9.28981542e+01,-6.14829270e+01
203.600000,-9.28991765e+01,-6.14839493e+01
203.605000,-9.29001980e+01,-6.14849708e+01
203.610000,-9.29012184e+01,-6.14859912e+01
203.615000,-9.29022374e+01,-6.14870101e+01
203.620000,-9.29032545e+01,-6.14880273e+01
203.625000,-9.29042695e+01,-6.14890422e+01
203.630000,-9.29052820e+01,-6.14900547e+01
203.635000,-9.29062917e+01,-6.14910644e+01
203.640000,-9.29072985e+01,-6.14920712e+01
203.645000,-9.29083024e+01,-6.14930751e+01
203.650000,-9.29093035e+01,-6.14940762e+01
203.655000,-9.29103017e+01,-6.14950744e+01
203.660000,-9.29112973e+01,-6.14960700e+01
203.665000,-9.29122905e+01,-6.14970631e+01
203.670000,-9.29132813e+01,-6.14980540e+01
203.675000,-9.29142702e+01,-6.14990428e+01
203.680000,-9.29152575e+01,-6.15000301e+01
203.685000,-9.29162436e+01,-6.15010162e+01
203.690000,-9.29172289e+01,-6.15020015e+01
203.695000,-9.29182133e+01,-6.15029859e+01
203.700000,-9.29191969e+01,-6.15039695e+01
203.705000,-9.29201795e+01,-6.15049521e+01
203.710000,-9.29211610e+01,-6.15059335e+01
203.715000,-9.29221408e+01,-6.15069134e+01
203.720000,-9.29231186e+01,-6.15078912e+01
203.725000,-9.29240939e+01,-6.15088664e+01
203.730000,-9.29250659e+01,-6.15098385e+01
203.735000,-9.29260340e+01,-6.15108066e+01
203.740000,-9.29269976e+01,-6.15117701e+01
203.745000,-9.29279561e+01,-6.15127286e+01
203.750000,-9.29289090e+01,-6.15136815e+01
203.755000,-9.29298561e+01,-6.15146286e+01
203.760000,-9.29307970e+01,-6.15155695e+01
203.765000,-9.29317314e+01,-6.15165039e+01
203.770000,-9.29326590e+01,-6.15174315e+01
203.775000,-9.29335798e+01,-6.15183523e+01
203.780000,-9.29344935e+01,-6.15192660e+01
203.785000,-9.29354004e+01,-6.15201729e+01
203.790000,-9.29363007e+01,-6.15210732e+01
203.795000,-9.29371948e+01,-6.15219672e+01
203.800000,-9.29380830e+01,-6.15228554e+01
203.805000,-9.29389660e+01,-6.15237384e+01
203.810000,-9.29398441e+01,-6.15246165e+01
203.815000,-9.29407180e+01,-6.15254904e+01
203.820000,-9.29415883e+01,-6.15263607e+01
203.825000,-9.29424555e+01,-6.15272279e+01
203.830000,-9.29433204e+01,-6.15280928e+01
203.835000,-9.29441835e+01,-6.15289559e+01
203.840000,-9.29450456e+01,-6.15298179e+01
203.845000,-9.29459071e+01,-6.15306795e+01
203.850000,-9.29467688e+01,-6.15315411e+01
203.855000,-9.29476310e+01,-6.15324033e+01
203.860000,-9.29484940e+01,-6.15332664e+01
203.865000,-9.29493581e+01,-6.15341304e+01
203.870000,-9.29502232e+01,-6.15349956e+01
203.875000,-9.29510893e+01,-6.15358616e+01
203.880000,-9.29519561e+01,-6.15367284e+01
203.885000,-9.29528232e+01,-6.15375955e+01
203.890000,-9.29536904e+01,-6.15384627e+01
203.895000,-9.29545571e+01,-6.15393294e+01
203.900000,-9.29554232e+01,-6.15401955e+01
203.905000,-9.29562884e+01,-6.15410607e+01
203.910000,-9.29571526e+01,-6.15419249e+01
203.915000,-9.29580158e+01,-6.15427881e+01
203.920000,-9.29588779e+01,-6.15436502e+01
203.925000,-9.29597389e+01,-6.15445112e+01
203.930000,-9.29605988e+01,-6.15453710e+01
203.935000,-9.29614576e+01,-6.15462298e+01
203.940000,-9.29623154e+01,-6.15470876e+01
203.945000,-9.29631722e+01,-6.15479444e+01
203.950000,-9.29640280e+01,-6.15488002e+01
203.955000,-9.29648828e+01,-6.15496550e+01
203.960000,-9.29657365e+01,-6.15505087e+01
203.965000,-9.29665893e+01,-6.15513615e+01
203.970000,-9.29674409e+01,-6.15522131e+01
203.975000,-9.29682914e+01,-6.15530636e+01
203.980000,-9.29691408e+01,-6.15539130e+01
203.985000,-9.29699891e+01,-6.15547612e+01
203.990000,-9.29708362e+01,-6.15556084e+01
203.995000,-9.29716822e+01,-6.15564543e+01
204.000000,-9.29725270e+01,-6.15572991e+01
204.005000,-9.29733705e+01,-6.15581426e+01
204.010000,-9.29742125e+01,-6.15589846e+01
204.015000,-9.29750527e+01,-6.15598248e+01
204.020000,-9.29758908e+01,-6.15606629e+01
204.025000,-9.29767264e+01,-6.15614985e+01
204.030000,-9.29775589e+01,-6.15623310e+01
204.035000,-9.29783882e+01,-6.15631603e+01
204.040000,-9.29792138e+01,-6.15639859e+01
204.045000,-9.29800355e+01,-6.15648076e+01
204.050000,-9.29808530e+01,-6.15656251e+01
204.055000,-9.29816661e+01,-6.15664382e+01
204.060000,-9.29824746e+01,-6.15672466e+01
204.065000,-9.29832782e+01,-6.15680503e+01
204.070000,-9.29840769e+01,-6.15688490e+01
204.075000,-9.29848707e+01,-6.15696428e+01
204.080000,-9.29856596e+01,-6.15704316e+01
204.085000,-9.29864435e+01,-6.15712156e+01
204.090000,-9.29872227e+01,-6.15719947e+01
204.095000,-9.29879972e+01,-6.15727693e+01
204.100000,-9.29887674e+01,-6.15735394e+01
204.105000,-9.29895334e+01,-6.15743054e+01
204.110000,-9.29902955e+01,-6.15750675e+01
204.115000,-9.29910539e+01,-6.15758259e+01
204.120000,-9.29918089e+01,-6.15765809e+01
204.125000,-9.29925607e+01,-6.15773327e+01
204.130000,-9.29933095e+01,-6.15780815e+01
204.135000,-9.29940556e+01,-6.15788276e+01
204.140000,-9.29947994e+01,-6.15795714e+01
204.145000,-9.29955412e+01,-6.15803132e+01
204.150000,-9.29962815e+01,-6.15810534e+01
204.155000,-9.29970205e+01,-6.15817925e+01
204.160000,-9.29977590e+01,-6.15825309e+01
204.165000,-9.29984972e+01,-6.15832691e+01
204.170000,-9.29992355e+01,-6.15840074e+01
204.175000,-9.29999743e+01,-6.15847462e+01
204.180000,-9.30007136e+01,-6.15854855e+01
204.185000,-9.30014534e+01,-6.15862253e+01
204.190000,-9.30021936e+01,-6.15869655e+01
204.195000,-9.30029338e+01,-6.15877057e+01
204.200000,-9.30036738e+01,-6.15884457e+01
204.205000,-9.30044132e+01,-6.15891851e+01
204.210000,-9.30051520e+01,-6.15899238e+01
204.215000,-9.30058898e+01,-6.15906616e+01
204.220000,-9.30066265e+01,-6.15913984e+01
204.225000,-9.30073621e+01,-6.15921339e+01
204.230000,-9.30080963e+01,-6.15928682e+01
204.235000,-9.30088293e+01,-6.15936011e+01
204.240000,-9.30095610e+01,-6.15943328e+01
204.245000,-9.30102913e+01,-6.15950631e+01
204.250000,-9.30110204e+01,-6.15957922e+01
204.255000,-9.30117483e+01,-6.15965201e+01
204.260000,-9.30124751e+01,-6.15972469e+01
204.265000,-9.30132010e+01,-6.15979728e+01
204.270000,-9.30139260e+01,-6.15986978e+01
204.275000,-9.30146503e+01,-6.15994221e+01
204.280000,-9.30153739e+01,-6.16001456e+01
204.285000,-9.30160968e+01,-6.16008685e+01
204.290000,-9.30168191e+01,-6.16015908e+01
204.295000,-9.30175408e+01,-6.16023126e+01
204.300000,-9.30182620e+01,-6.16030338e+01
204.305000,-9.30189826e+01,-6.16037544e+01
204.310000,-9.30197026e+01,-6.16044744e+01
204.315000,-9.30204219e+01,-6.16051937e+01
204.320000,-9.30211403e+01,-6.16059121e+01
204.325000,-9.30218577e+01,-6.16066294e+01
204.330000,-9.30225737e+01,-6.16073454e+01
204.335000,-9.30232880e+01,-6.16080597e+01
204.340000,-9.30240000e+01,-6.16087717e+01
204.345000,-9.30247093e+01,-6.16094810e+01
204.350000,-9.30254154e+01,-6.16101871e+01
204.355000,-9.30261178e+01,-6.16108895e+01
204.360000,-9.30268162e+01,-6.16115879e+01
204.365000,-9.30275104e+01,-6.16122821e+01
204.370000,-9.30282000e+01,-6.16129717e+01
204.375000,-9.30288848e+01,-6.16136564e+01
204.380000,-9.30295645e+01,-6.16143361e+01
204.385000,-9.30302389e+01,-6.16150105e+01
204.390000,-9.30309079e+01,-6.16156796e+01
204.395000,-9.30315717e+01,-6.16163434e+01
204.400000,-9.30322304e+01,-6.16170021e+01
204.405000,-9.30328843e+01,-6.16176560e+01
204.410000,-9.30335339e+01,-6.16183055e+01
204.415000,-9.30341795e+01,-6.16189511e+01
204.420000,-9.30348217e+01,-6.16195933e+01
204.425000,-9.30354611e+01,-6.16202327e+01
204.430000,-9.30360981e+01,-6.16208697e+01
204.435000,-9.30367333e+01,-6.16215048e+01
204.440000,-9.30373668e+01,-6.16221384e+01
204.445000,-9.30379991e+01,-6.16227707e+01
204.450000,-9.30386306e+01,-6.16234021e+01
204.455000,-9.30392613e+01,-6.16240329e+01
204.460000,-9.30398916e+01,-6.16246631e+01
204.465000,-9.30405215e+01,-6.16252930e+01
204.470000,-9.30411512e+01,-6.16259228e+01
204.475000,-9.30417810e+01,-6.16265525e+01
204.480000,-9.30424108e+01,-6.16271824e+01
204.485000,-9.30430407e+01,-6.16278123e+01
204.490000,-9.30436708e+01,-6.16284423e+01
204.495000,-9.30443007e+01,-6.16290723e+01
204.500000,-9.30449305e+01,-6.16297020e+01
204.505000,-9.30455598e+01,-6.16303314e+01
204.510000,-9.30461885e+01,-6.16309600e+01
204.515000,-9.30468163e+01,-6.16315878e+01
204.520000,-9.30474431e+01,-6.16322146e+01
204.525000,-9.30480687e+01,-6.16328402e+01
204.530000,-9.30486931e+01,-6.16334646e+01
204.535000,-9.30493163e+01,-6.16340878e+01
204.540000,-9.30499385e+01,-6.16347100e+01
204.545000,-9.30505597e+01,-6.16353312e+01
204.550000,-9.30511802e+01,-6.16359517e+01
204.555000,-9.30518001e+01,-6.16365715e+01
204.560000,-9.30524194e+01,-6.16371909e+01
204.565000,-9.30530384e+01,-6.16378099e+01
204.570000,-9.30536573e+01,-6.16384288e+01
204.575000,-9.30542761e+01,-6.16390476e+01
204.580000,-9.30548951e+01,-6.16396665e+01
204.585000,-9.30555141e+01,-6.16402856e+01
204.590000,-9.30561332e+01,-6.16409046e+01
204.595000,-9.30567520e+01,-6.16415234e+01
204.600000,-9.30573703e+01,-6.16421417e+01
204.605000,-9.30579877e+01,-6.16427591e+01
204.610000,-9.30586038e+01,-6.16433752e+01
204.615000,-9.30592184e+01,-6.16439898e+01
204.620000,-9.30598312e+01,-6.16446026e+01
204.625000,-9.30604417e+01,-6.16452131e+01
204.630000,-9.30610496e+01,-6.16458210e+01
204.635000,-9.30616543e+01,-6.16464257e+01
204.640000,-9.30622553e+01,-6.16470267e+01
204.645000,-9.30628521e+01,-6.16476234e+01
204.650000,-9.30634440e+01,-6.16482154e+01
204.655000,-9.30640308e+01,-6.16488022e+01
204.660000,-9.30646120e+01,-6.16493834e+01
204.665000,-9.30651875e+01,-6.16499589e+01
204.670000,-9.30657573e+01,-6.16505286e+01
204.675000,-9.30663213e+01,-6.16510927e+01
204.680000,-9.30668799e+01,-6.16516513e+01
204.685000,-9.30674335e+01,-6.16522048e+01
204.690000,-9.30679824e+01,-6.16527537e+01
204.695000,-9.30685271e+01,-6.16532984e+01
204.700000,-9.30690679e+01,-6.16538392e+01
204.705000,-9.30696053e+01,-6.16543766e+01
204.710000,-9.30701395e+01,-6.16549108e+01
204.715000,-9.30706707e+01,-6.16554420e+01
204.720000,-9.30711991e+01,-6.16559704e+01
204.725000,-9.30717251e+01,-6.16564964e+01
204.730000,-9.30722489e+01,-6.16570202e+01
204.735000,-9.30727708e+01,-6.16575421e+01
204.740000,-9.30732910e+01,-6.16580622e+01
204.745000,-9.30738095e+01,-6.16585808e+01
204.750000,-9.30743267e+01,-6.16590980e+01
204.755000,-9.30748426e+01,-6.16596139e+01
204.760000,-9.30753576e+01,-6.16601288e+01
204.765000,-9.30758718e+01,-6.16606431e+01
204.770000,-9.30763856e+01,-6.16611568e+01
204.775000,-9.30768991e+01,-6.16616703e+01
204.780000,-9.30774124e+01,-6.16621836e+01
204.785000,-9.30779255e+01,-6.16626968e+01
204.790000,-9.30784385e+01,-6.16632098e+01
204.795000,-9.30789514e+01,-6.16637226e+01
204.800000,-9.30794641e+01,-6.16642353e+01
204.805000,-9.30799766e+01,-6.16647478e+01
204.810000,-9.30804890e+01,-6.16652602e+01
204.815000,-9.30810011e+01,-6.16657723e+01
204.820000,-9.30815129e+01,-6.16662841e+01
204.825000,-9.30820243e+01,-6.16667955e+01
204.830000,-9.30825353e+01,-6.16673065e+01
204.835000,-9.30830458e+01,-6.16678170e+01
204.840000,-9.30835560e+01,-6.16683272e+01
204.845000,-9.30840657e+01,-6.16688369e+01
204.850000,-9.30845752e+01,-6.16693464e+01
204.855000,-9.30850844e+01,-6.16698556e+01
204.860000,-9.30855937e+01,-6.16703649e+01
204.865000,-9.30861029e+01,-6.16708741e+01
204.870000,-9.30866123e+01,-6.16713835e+01
204.875000,-9.30871218e+01,-6.16718929e+01
204.880000,-9.30876313e+01,-6.16724024e+01
204.885000,-9.30881409e+01,-6.16729120e+01
204.890000,-9.30886504e+01,-6.16734215e+01
204.895000,-9.30891597e+01,-6.16739309e+01
204.900000,-9.30896687e+01,-6.16744399e+01
204.905000,-9.30901772e+01,-6.16749484e+01
204.910000,-9.30906851e+01,-6.16754562e+01
204.915000,-9.30911920e+01,-6.16759632e+01
204.920000,-9.30916978e+01,-6.16764690e+01
204.925000,-9.30922020e+01,-6.16769731e+01
204.930000,-9.30927042e+01,-6.16774753e+01
204.935000,-9.30932039e+01,-6.16779750e+01
204.940000,-9.30937009e+01,-6.16784720e+01
204.945000,-9.30941950e+01,-6.16789661e+01
204.950000,-9.30946861e+01,-6.16794572e+01
204.955000,-9.30951740e+01,-6.16799451e+01
204.960000,-9.30956587e+01,-6.16804298e+01
204.965000,-9.30961400e+01,-6.16809111e+01
204.970000,-9.30966177e+01,-6.16813888e+01
204.975000,-9.30970916e+01,-6.16818627e+01
204.980000,-9.30975617e+01,-6.16823328e+01
204.985000,-9.30980280e+01,-6.16827991e+01
204.990000,-9.30984905e+01,-6.16832616e+01
204.995000,-9.30989495e+01,-6.16837206e+01
205.000000,-9.30994052e+01,-6.16841762e+01
205.005000,-9.30998578e+01,-6.16846288e+01
205.010000,-9.31003074e+01,-6.16850785e+01
205.015000,-9.31007543e+01,-6.16855253e+01
205.020000,-9.31011984e+01,-6.16859695e+01
205.025000,-9.31016401e+01,-6.16864111e+01
205.030000,-9.31020793e+01,-6.16868503e+01
205.035000,-9.31025164e+01,-6.16872875e+01
205.040000,-9.31029517e+01,-6.16877227e+01
205.045000,-9.31033854e+01,-6.16881564e+01
205.050000,-9.31038179e+01,-6.16885889e+01
205.055000,-9.31042493e+01,-6.16890204e+01
205.060000,-9.31046801e+01,-6.16894511e+01
205.065000,-9.31051103e+01,-6.16898813e+01
205.070000,-9.31055403e+01,-6.16903113e+01
205.075000,-9.31059700e+01,-6.16907410e+01
205.080000,-9.31063999e+01,-6.16911708e+01
205.085000,-9.31068299e+01,-6.16916009e+01
205.090000,-9.31072603e+01,-6.16920312e+01
205.095000,-9.31076912e+01,-6.16924621e+01
205.100000,-9.31081227e+01,-6.16928937e+01
205.105000,-9.31085551e+01,-6.16933261e+01
205.110000,-9.31089883e+01,-6.16937593e+01
205.115000,-9.31094223e+01,-6.16941933e+01
205.120000,-9.31098570e+01,-6.16946280e+01
205.125000,-9.31102922e+01,-6.16950632e+01
205.130000,-9.31107279e+01,-6.16954988e+01
205.135000,-9.31111638e+01,-6.16959348e+01
205.140000,-9.31116002e+01,-6.16963711e+01
205.145000,-9.31120370e+01,-6.16968080e+01
205.150000,-9.31124746e+01,-6.16972455e+01
205.155000,-9.31129129e+01,-6.16976839e+01
205.160000,-9.31133524e+01,-6.16981233e+01
205.165000,-9.31137929e+01,-6.16985638e+01
205.170000,-9.31142345e+01,-6.16990054e+01
205.175000,-9.31146770e+01,-6.16994479e+01
205.180000,-9.31151203e+01,-6.16998912e+01
205.185000,-9.31155640e+01,-6.17003349e+01
205.190000,-9.31160078e+01,-6.17007787e+01
205.195000,-9.31164513e+01,-6.17012222e+01
205.200000,-9.31168940e+01,-6.17016649e+01
205.205000,-9.31173356e+01,-6.17021065e+01
205.210000,-9.31177758e+01,-6.17025467e+01
205.215000,-9.31182145e+01,-6.17029854e+01
205.220000,-9.31186516e+01,-6.17034225e+01
205.225000,-9.31190868e+01,-6.17038577e+01
205.230000,-9.31195202e+01,-6.17042911e+01
205.235000,-9.31199519e+01,-6.17047227e+01
205.240000,-9.31203816e+01,-6.17051524e+01
205.245000,-9.31208092e+01,-6.17055801e+01
205.250000,-9.31212347e+01,-6.17060056e+01
205.255000,-9.31216578e+01,-6.17064287e+01
205.260000,-9.31220783e+01,-6.17068492e+01
205.265000,-9.31224962e+01,-6.17072671e+01
205.270000,-9.31229113e+01,-6.17076822e+01
205.275000,-9.31233235e+01,-6.17080944e+01
205.280000,-9.31237329e+01,-6.17085038e+01
205.285000,-9.31241397e+01,-6.17089105e+01
205.290000,-9.31245439e+01,-6.17093148e+01
205.295000,-9.31249460e+01,-6.17097169e+01
205.300000,-9.31253461e+01,-6.17101170e+01
205.305000,-9.31257445e+01,-6.17105154e+01
205.310000,-9.31261414e+01,-6.17109123e+01
205.315000,-9.31265369e+01,-6.17113078e+01
205.320000,-9.31269310e+01,-6.17117018e+01
205.325000,-9.31273233e+01,-6.17120941e+01
205.330000,-9.31277137e+01,-6.17124845e+01
205.335000,-9.31281020e+01,-6.17128728e+01
205.340000,-9.31284880e+01,-6.17132588e+01
205.345000,-9.31288718e+01,-6.17136426e+01
205.350000,-9.31292534e+01,-6.17140242e+01
205.355000,-9.31296329e+01,-6.17144037e+01
205.360000,-9.31300104e+01,-6.17147812e+01
205.365000,-9.31303861e+01,-6.17151569e+01
205.370000,-9.31307601e+01,-6.17155309e+01
205.375000,-9.31311328e+01,-6.17159036e+01
205.380000,-9.31315046e+01,-6.17162754e+01
205.385000,-9.31318759e+01,-6.17166466e+01
205.390000,-9.31322469e+01,-6.17170176e+01
205.395000,-9.31326180e+01,-6.17173887e+01
205.400000,-9.31329893e+01,-6.17177601e+01
205.405000,-9.31333609e+01,-6.17181317e+01
205.410000,-9.31337327e+01,-6.17185035e+01
205.415000,-9.31341045e+01,-6.17188752e+01
205.420000,-9.31344762e+01,-6.17192469e+01
205.425000,-9.31348479e+01,-6.17196186e+01
205.430000,-9.31352196e+01,-6.17199903e+01
205.435000,-9.31355915e+01,-6.17203622e+01
205.440000,-9.31359637e+01,-6.17207344e+01
205.445000,-9.31363361e+01,-6.17211069e+01
205.450000,-9.31367089e+01,-6.17214796e+01
205.455000,-9.31370819e+01,-6.17218526e+01
205.460000,-9.31374550e+01,-6.17222257e+01
205.465000,-9.31378281e+01,-6.17225988e+01
205.470000,-9.31382010e+01,-6.17229717e+01
205.475000,-9.31385736e+01,-6.17233444e+01
205.480000,-9.31389459e+01,-6.17237166e+01
205.485000,-9.31393176e+01,-6.17240884e+01
205.490000,-9.31396888e+01,-6.17244595e+01
205.495000,-9.31400592e+01,-6.17248299e+01
205.500000,-9.31404288e+01,-6.17251995e+01
205.505000,-9.31407974e+01,-6.17255681e+01
205.510000,-9.31411649e+01,-6.17259356e+01
205.515000,-9.31415311e+01,-6.17263018e+01
205.520000,-9.31418958e+01,-6.17266665e+01
205.525000,-9.31422591e+01,-6.17270298e+01
205.530000,-9.31426210e+01,-6.17273917e+01
205.535000,-9.31429817e+01,-6.17277524e+01
205.540000,-9.31433415e+01,-6.17281122e+01
205.545000,-9.31437006e+01,-6.17284713e+01
205.550000,-9.31440593e+01,-6.17288300e+01
205.555000,-9.31444178e+01,-6.17291884e+01
205.560000,-9.31447757e+01,-6.17295464e+01
205.565000,-9.31451330e+01,-6.17299037e+01
205.570000,-9.31454894e+01,-6.17302600e+01
205.575000,-9.31458443e+01,-6.17306149e+01
205.580000,-9.31461975e+01,-6.17309681e+01
205.585000,-9.31465486e+01,-6.17313193e+01
205.590000,-9.31468975e+01,-6.17316682e+01
205.595000,-9.31472441e+01,-6.17320147e+01
205.600000,-9.31475882e+01,-6.17323589e+01
205.605000,-9.31479300e+01,-6.17327007e+01
205.610000,-9.31482696e+01,-6.17330402e+01
205.615000,-9.31486071e+01,-6.17333777e+01
205.620000,-9.31489426e+01,-6.17337133e+01
205.625000,-9.31492763e+01,-6.17340470e+01
205.630000,-9.31496083e+01,-6.17343789e+01
205.635000,-9.31499387e+01,-6.17347093e+01
205.640000,-9.31502675e+01,-6.17350381e+01
205.645000,-9.31505947e+01,-6.17353653e+01
205.650000,-9.31509204e+01,-6.17356910e+01
205.655000,-9.31512442e+01,-6.17360149e+01
205.660000,-9.31515662e+01,-6.17363369e+01
205.665000,-9.31518862e+01,-6.17366568e+01
205.670000,-9.31522038e+01,-6.17369744e+01
205.675000,-9.31525191e+01,-6.17372897e+01
205.680000,-9.31528319e+01,-6.17376025e+01
205.685000,-9.31531425e+01,-6.17379131e+01
205.690000,-9.31534509e+01,-6.17382215e+01
205.695000,-9.31537574e+01,-6.17385280e+01
205.700000,-9.31540624e+01,-6.17388330e+01
205.705000,-9.31543661e+01,-6.17391367e+01
205.710000,-9.31546687e+01,-6.17394393e+01
205.715000,-9.31549705e+01,-6.17397411e+01
205.720000,-9.31552718e+01,-6.17400424e+01
205.725000,-9.31555728e+01,-6.17403433e+01
205.730000,-9.31558735e+01,-6.17406441e+01
205.735000,-9.31561743e+01,-6.17409449e+01
205.740000,-9.31564751e+01,-6.17412457e+01
205.745000,-9.31567761e+01,-6.17415467e+01
205.750000,-9.31570773e+01,-6.17418479e+01
205.755000,-9.31573789e+01,-6.17421494e+01
205.760000,-9.31576808e+01,-6.17424514e+01
205.765000,-9.31579834e+01,-6.17427539e+01
205.770000,-9.31582865e+01,-6.17430570e+01
205.775000,-9.31585901e+01,-6.17433606e+01
205.780000,-9.31588941e+01,-6.17436646e+01
205.785000,-9.31591983e+01,-6.17439688e+01
205.790000,-9.31595024e+01,-6.17442729e+01
205.795000,-9.31598060e+01,-6.17445765e+01
205.800000,-9.31601089e+01,-6.17448794e+01
205.805000,-9.31604107e+01,-6.17451813e+01
205.810000,-9.31607113e+01,-6.17454818e+01
205.815000,-9.31610104e+01,-6.17457809e+01
205.820000,-9.31613079e+01,-6.17460784e+01
205.825000,-9.31616037e+01,-6.17463742e+01
205.830000,-9.31618981e+01,-6.17466686e+01
205.835000,-9.31621910e+01,-6.17469615e+01
205.840000,-9.31624827e+01,-6.17472532e+01
205.845000,-9.31627734e+01,-6.17475439e+01
205.850000,-9.31630633e+01,-6.17478338e+01
205.855000,-9.31633525e+01,-6.17481230e+01
205.860000,-9.31636413e+01,-6.17484118e+01
205.865000,-9.31639298e+01,-6.17487003e+01
205.870000,-9.31642181e+01,-6.17489886e+01
205.875000,-9.31645062e+01,-6.17492768e+01
205.880000,-9.31647941e+01,-6.17495646e+01
205.885000,-9.31650816e+01,-6.17498521e+01
205.890000,-9.31653685e+01,-6.17501390e+01
205.895000,-9.31656546e+01,-6.17504251e+01
205.900000,-9.31659397e+01,-6.17507102e+01
205.905000,-9.31662236e+01,-6.17509941e+01
205.910000,-9.31665061e+01,-6.17512766e+01
205.915000,-9.31667871e+01,-6.17515576e+01
205.920000,-9.31670666e+01,-6.17518371e+01
205.925000,-9.31673445e+01,-6.17521150e+01
205.930000,-9.31676209e+01,-6.17523914e+01
205.935000,-9.31678957e+01,-6.17526662e+01
205.940000,-9.31681690e+01,-6.17529394e+01
205.945000,-9.31684405e+01,-6.17532110e+01
205.950000,-9.31687102e+01,-6.17534807e+01
205.955000,-9.31689779e+01,-6.17537484e+01
205.960000,-9.31692435e+01,-6.17540139e+01
205.965000,-9.31695068e+01,-6.17542773e+01
205.970000,-9.31697682e+01,-6.17545386e+01
205.975000,-9.31700277e+01,-6.17547981e+01
205.980000,-9.31702855e+01,-6.17550560e+01
205.985000,-9.31705419e+01,-6.17553124e+01
205.990000,-9.31707971e+01,-6.17555675e+01
205.995000,-9.31710513e+01,-6.17558217e+01
206.000000,-9.31713047e+01,-6.17560751e+01
206.005000,-9.31715576e+01,-6.17563280e+01
206.010000,-9.31718103e+01,-6.17565808e+01
206.015000,-9.31720632e+01,-6.17568336e+01
206.020000,-9.31723166e+01,-6.17570870e+01
206.025000,-9.31725708e+01,-6.17573412e+01
206.030000,-9.31728261e+01,-6.17575965e+01
206.035000,-9.31730826e+01,-6.17578530e+01
206.040000,-9.31733401e+01,-6.17581106e+01
206.045000,-9.31735986e+01,-6.17583690e+01
206.050000,-9.31738576e+01,-6.17586281e+01
206.055000,-9.31741170e+01,-6.17588874e+01
206.060000,-9.31743762e+01,-6.17591466e+01
206.065000,-9.31746351e+01,-6.17594055e+01
206.070000,-9.31748934e+01,-6.17596638e+01
206.075000,-9.31751511e+01,-6.17599215e+01
206.080000,-9.31754081e+01,-6.17601785e+01
206.085000,-9.31756641e+01,-6.17604345e+01
206.090000,-9.31759191e+01,-6.17606895e+01
206.095000,-9.31761726e+01,-6.17609430e+01
206.100000,-9.31764244e+01,-6.17611948e+01
206.105000,-9.31766741e+01,-6.17614445e+01
206.110000,-9.31769216e+01,-6.17616920e+01
206.115000,-9.31771668e+01,-6.17619372e+01
206.120000,-9.31774099e+01,-6.17621803e+01
206.125000,-9.31776511e+01,-6.17624215e+01
206.130000,-9.31778906e+01,-6.17626609e+01
206.135000,-9.31781286e+01,-6.17628990e+01
206.140000,-9.31783653e+01,-6.17631357e+01
206.145000,-9.31786011e+01,-6.17633715e+01
206.150000,-9.31788361e+01,-6.17636065e+01
206.155000,-9.31790707e+01,-6.17638411e+01
206.160000,-9.31793050e+01,-6.17640754e+01
206.165000,-9.31795395e+01,-6.17643098e+01
206.170000,-9.31797742e+01,-6.17645446e+01
206.175000,-9.31800093e+01,-6.17647797e+01
206.180000,-9.31802448e+01,-6.17650152e+01
206.185000,-9.31804807e+01,-6.17652510e+01
206.190000,-9.31807167e+01,-6.17654870e+01
206.195000,-9.31809527e+01,-6.17657231e+01
206.200000,-9.31811888e+01,-6.17659592e+01
206.205000,-9.31814248e+01,-6.17661952e+01
206.210000,-9.31816606e+01,-6.17664310e+01
206.215000,-9.31818962e+01,-6.17666666e+01
206.220000,-9.31821315e+01,-6.17669018e+01
206.225000,-9.31823662e+01,-6.17671366e+01
206.230000,-9.31826004e+01,-6.17673707e+01
206.235000,-9.31828339e+01,-6.17676043e+01
206.240000,-9.31830666e+01,-6.17678369e+01
206.245000,-9.31832982e+01,-6.17680686e+01
206.250000,-9.31835286e+01,-6.17682990e+01
206.255000,-9.31837576e+01,-6.17685280e+01
206.260000,-9.31839851e+01,-6.17687554e+01
206.265000,-9.31842109e+01,-6.17689813e+01
206.270000,-9.31844352e+01,-6.17692055e+01
206.275000,-9.31846578e+01,-6.17694281e+01
206.280000,-9.31848787e+01,-6.17696491e+01
206.285000,-9.31850979e+01,-6.17698682e+01
206.290000,-9.31853152e+01,-6.17700856e+01
206.295000,-9.31855307e+01,-6.17703010e+01
206.300000,-9.31857446e+01,-6.17705149e+01
206.305000,-9.31859572e+01,-6.17707275e+01
206.310000,-9.31861689e+01,-6.17709392e+01
206.315000,-9.31863801e+01,-6.17711504e+01
206.320000,-9.31865912e+01,-6.17713615e+01
206.325000,-9.31868026e+01,-6.17715729e+01
206.330000,-9.31870144e+01,-6.17717848e+01
206.335000,-9.31872270e+01,-6.17719973e+01
206.340000,-9.31874402e+01,-6.17722105e+01
206.345000,-9.31876540e+01,-6.17724243e+01
206.350000,-9.31878685e+01,-6.17726388e+01
206.355000,-9.31880834e+01,-6.17728537e+01
206.360000,-9.31882985e+01,-6.17730688e+01
206.365000,-9.31885135e+01,-6.17732838e+01
206.370000,-9.31887283e+01,-6.17734986e+01
206.375000,-9.31889425e+01,-6.17737128e+01
206.380000,-9.31891558e+01,-6.17739261e+01
206.385000,-9.31893681e+01,-6.17741384e+01
206.390000,-9.31895791e+01,-6.17743494e+01
206.395000,-9.31897884e+01,-6.17745587e+01
206.400000,-9.31899959e+01,-6.17747662e+01
206.405000,-9.31902014e+01,-6.17749717e+01
206.410000,-9.31904050e+01,-6.17751753e+01
206.415000,-9.31906066e+01,-6.17753769e+01
206.420000,-9.31908065e+01,-6.17755768e+01
206.425000,-9.31910047e+01,-6.17757750e+01
206.430000,-9.31912014e+01,-6.17759717e+01
206.435000,-9.31913968e+01,-6.17761671e+01
206.440000,-9.31915908e+01,-6.17763611e+01
206.445000,-9.31917837e+01,-6.17765540e+01
206.450000,-9.31919755e+01,-6.17767458e+01
206.455000,-9.31921664e+01,-6.17769366e+01
206.460000,-9.31923564e+01,-6.17771267e+01
206.465000,-9.31925459e+01,-6.17773162e+01
206.470000,-9.31927349e+01,-6.17775052e+01
206.475000,-9.31929237e+01,-6.17776939e+01
206.480000,-9.31931124e+01,-6.17778826e+01
206.485000,-9.31933012e+01,-6.17780714e+01
206.490000,-9.31934902e+01,-6.17782605e+01
206.495000,-9.31936796e+01,-6.17784498e+01
206.500000,-9.31938692e+01,-6.17786395e+01
206.505000,-9.31940590e+01,-6.17788293e+01
206.510000,-9.31942488e+01,-6.17790190e+01
206.515000,-9.31944383e+01,-6.17792085e+01
206.520000,-9.31946272e+01,-6.17793975e+01
206.525000,-9.31948155e+01,-6.17795858e+01
206.530000,-9.31950031e+01,-6.17797733e+01
206.535000,-9.31951896e+01,-6.17799599e+01
206.540000,-9.31953751e+01,-6.17801454e+01
206.545000,-9.31955594e+01,-6.17803296e+01
206.550000,-9.31957422e+01,-6.17805124e+01
206.555000,-9.31959236e+01,-6.17806938e+01
206.560000,-9.31961034e+01,-6.17808736e+01
206.565000,-9.31962815e+01,-6.17810518e+01
206.570000,-9.31964581e+01,-6.17812283e+01
206.575000,-9.31966331e+01,-6.17814034e+01
206.580000,-9.31968067e+01,-6.17815770e+01
206.585000,-9.31969792e+01,-6.17817494e+01
206.590000,-9.31971506e+01,-6.17819208e+01
206.595000,-9.31973212e+01,-6.17820914e+01
206.600000,-9.31974913e+01,-6.17822615e+01
206.605000,-9.31976609e+01,-6.17824311e+01
206.610000,-9.31978303e+01,-6.17826005e+01
206.615000,-9.31979995e+01,-6.17827697e+01
206.620000,-9.31981689e+01,-6.17829391e+01
206.625000,-9.31983388e+01,-6.17831090e+01
206.630000,-9.31985096e+01,-6.17832798e+01
206.635000,-9.31986816e+01,-6.17834519e+01
206.640000,-9.31988551e+01,-6.17836253e+01
206.645000,-9.31990299e+01,-6.17838001e+01
206.650000,-9.31992061e+01,-6.17839763e+01
206.655000,-9.31993834e+01,-6.17841536e+01
206.660000,-9.31995615e+01,-6.17843317e+01
206.665000,-9.31997402e+01,-6.17845104e+01
206.670000,-9.31999190e+01,-6.17846892e+01
206.675000,-9.32000979e+01,-6.17848681e+01
206.680000,-9.32002765e+01,-6.17850467e+01
206.685000,-9.32004546e+01,-6.17852248e+01
206.690000,-9.32006321e+01,-6.17854023e+01
206.695000,-9.32008089e+01,-6.17855791e+01
206.700000,-9.32009850e+01,-6.17857552e+01
206.705000,-9.32011603e+01,-6.17859305e+01
206.710000,-9.32013349e+01,-6.17861051e+01
206.715000,-9.32015086e+01,-6.17862788e+01
206.720000,-9.32016814e+01,-6.17864516e+01
206.725000,-9.32018531e+01,-6.17866233e+01
206.730000,-9.32020236e+01,-6.17867937e+01
206.735000,-9.32021927e+01,-6.17869629e+01
206.740000,-9.32023604e+01,-6.17871306e+01
206.745000,-9.32025266e+01,-6.17872968e+01
206.750000,-9.32026912e+01,-6.17874614e+01
206.755000,-9.32028545e+01,-6.17876247e+01
206.760000,-9.32030166e+01,-6.17877868e+01
206.765000,-9.32031777e+01,-6.17879479e+01
206.770000,-9.32033383e+01,-6.17881084e+01
206.775000,-9.32034985e+01,-6.17882686e+01
206.780000,-9.32036586e+01,-6.17884287e+01
206.785000,-9.32038187e+01,-6.17885889e+01
206.790000,-9.32039790e+01,-6.17887492e+01
206.795000,-9.32041394e+01,-6.17889095e+01
206.800000,-9.32042997e+01,-6.17890698e+01
206.805000,-9.32044597e+01,-6.17892298e+01
206.810000,-9.32046191e+01,-6.17893893e+01
206.815000,-9.32047777e+01,-6.17895479e+01
206.820000,-9.32049354e+01,-6.17897055e+01
206.825000,-9.32050918e+01,-6.17898620e+01
206.830000,-9.32052471e+01,-6.17900173e+01
206.835000,-9.32054012e+01,-6.17901714e+01
206.840000,-9.32055542e+01,-6.17903243e+01
206.845000,-9.32057061e+01,-6.17904762e+01
206.850000,-9.32058570e+01,-6.17906271e+01
206.855000,-9.32060069e+01,-6.17907770e+01
206.860000,-9.32061560e+01,-6.17909261e+01
206.865000,-9.32063043e+01,-6.17910744e+01
206.870000,-9.32064518e+01,-6.17912219e+01
206.875000,-9.32065985e+01,-6.17913686e+01
206.880000,-9.32067445e+01,-6.17915146e+01
206.885000,-9.32068898e+01,-6.17916600e+01
206.890000,-9.32070348e+01,-6.17918049e+01
206.895000,-9.32071796e+01,-6.17919497e+01
206.900000,-9.32073248e+01,-6.17920949e+01
206.905000,-9.32074707e+01,-6.17922409e+01
206.910000,-9.32076180e+01,-6.17923881e+01
206.915000,-9.32077667e+01,-6.17925368e+01
206.920000,-9.32079171e+01,-6.17926872e+01
206.925000,-9.32080690e+01,-6.17928392e+01
206.930000,-9.32082223e+01,-6.17929924e+01
206.935000,-9.32083767e+01,-6.17931468e+01
206.940000,-9.32085318e+01,-6.17933020e+01
206.945000,-9.32086874e+01,-6.17934575e+01
206.950000,-9.32088428e+01,-6.17936129e+01
206.955000,-9.32089978e+01,-6.17937679e+01
206.960000,-9.32091519e+01,-6.17939220e+01
206.965000,-9.32093047e+01,-6.17940748e+01
206.970000,-9.32094560e+01,-6.17942261e+01
206.975000,-9.32096054e+01,-6.17943755e+01
206.980000,-9.32097530e+01,-6.17945231e+01
206.985000,-9.32098987e+01,-6.17946688e+01
206.990000,-9.32100425e+01,-6.17948126e+01
206.995000,-9.32101846e+01,-6.17949547e+01
207.000000,-9.32103253e+01,-6.17950954e+01
207.005000,-9.32104646e+01,-6.17952347e+01
207.010000,-9.32106028e+01,-6.17953729e+01
207.015000,-9.32107401e+01,-6.17955102e+01
207.020000,-9.32108766e+01,-6.17956467e+01
207.025000,-9.32110123e+01,-6.17957824e+01
207.030000,-9.32111474e+01,-6.17959175e+01
207.035000,-9.32112819e+01,-6.17960520e+01
207.040000,-9.32114159e+01,-6.17961860e+01
207.045000,-9.32115494e+01,-6.17963195e+01
207.050000,-9.32116824e+01,-6.17964525e+01
207.055000,-9.32118150e+01,-6.17965851e+01
207.060000,-9.32119470e+01,-6.17967171e+01
207.065000,-9.32120786e+01,-6.17968487e+01
207.070000,-9.32122097e+01,-6.17969798e+01
207.075000,-9.32123404e+01,-6.17971105e+01
207.080000,-9.32124708e+01,-6.17972409e+01
207.085000,-9.32126009e+01,-6.17973710e+01
207.090000,-9.32127306e+01,-6.17975007e+01
207.095000,-9.32128598e+01,-6.17976299e+01
207.100000,-9.32129885e+01,-6.17977586e+01
207.105000,-9.32131164e+01,-6.17978865e+01
207.110000,-9.32132436e+01,-6.17980136e+01
207.115000,-9.32133698e+01,-6.17981399e+01
207.120000,-9.32134951e+01,-6.17982652e+01
207.125000,-9.32136196e+01,-6.17983897e+01
207.130000,-9.32137434e+01,-6.17985135e+01
207.135000,-9.32138665e+01,-6.17986366e+01
207.140000,-9.32139890e+01,-6.17987591e+01
207.145000,-9.32141108e+01,-6.17988809e+01
207.150000,-9.32142317e+01,-6.17990018e+01
207.155000,-9.32143517e+01,-6.17991217e+01
207.160000,-9.32144704e+01,-6.17992404e+01
207.165000,-9.32145880e+01,-6.17993580e+01
207.170000,-9.32147045e+01,-6.17994746e+01
207.175000,-9.32148204e+01,-6.17995905e+01
207.180000,-9.32149359e+01,-6.17997060e+01
207.185000,-9.32150516e+01,-6.17998217e+01
207.190000,-9.32151677e+01,-6.17999378e+01
207.195000,-9.32152847e+01,-6.18000548e+01
207.200000,-9.32154027e+01,-6.18001728e+01
207.205000,-9.32155219e+01,-6.18002920e+01
207.210000,-9.32156423e+01,-6.18004123e+01
207.215000,-9.32157636e+01,-6.18005337e+01
207.220000,-9.32158857e+01,-6.18006557e+01
207.225000,-9.32160082e+01,-6.18007783e+01
207.230000,-9.32161309e+01,-6.18009010e+01
207.235000,-9.32162535e+01,-6.18010235e+01
207.240000,-9.32163755e+01,-6.18011456e+01
207.245000,-9.32164968e+01,-6.18012668e+01
207.250000,-9.32166168e+01,-6.18013869e+01
207.255000,-9.32167354e+01,-6.18015054e+01
207.260000,-9.32168521e+01,-6.18016221e+01
207.265000,-9.32169668e+01,-6.18017368e+01
207.270000,-9.32170793e+01,-6.18018493e+01
207.275000,-9.32171895e+01,-6.18019596e+01
207.280000,-9.32172975e+01,-6.18020675e+01
207.285000,-9.32174032e+01,-6.18021732e+01
207.290000,-9.32175066e+01,-6.18022767e+01
207.295000,-9.32176080e+01,-6.18023781e+01
207.300000,-9.32177076e+01,-6.18024777e+01
207.305000,-9.32178057e+01,-6.18025757e+01
207.310000,-9.32179027e+01,-6.18026727e+01
207.315000,-9.32179990e+01,-6.18027690e+01
207.320000,-9.32180950e+01,-6.18028651e+01
207.325000,-9.32181911e+01,-6.18029611e+01
207.330000,-9.32182874e+01,-6.18030575e+01
207.335000,-9.32183842e+01,-6.18031542e+01
207.340000,-9.32184815e+01,-6.18032516e+01
207.345000,-9.32185795e+01,-6.18033496e+01
207.350000,-9.32186782e+01,-6.18034483e+01
207.355000,-9.32187775e+01,-6.18035476e+01
207.360000,-9.32188773e+01,-6.18036473e+01
207.365000,-9.32189772e+01,-6.18037472e+01
207.370000,-9.32190769e+01,-6.18038469e+01
207.375000,-9.32191762e+01,-6.18039462e+01
207.380000,-9.32192747e+01,-6.18040447e+01
207.385000,-9.32193719e+01,-6.18041420e+01
207.390000,-9.32194675e+01,-6.18042376e+01
207.395000,-9.32195610e+01,-6.18043310e+01
207.400000,-9.32196519e+01,-6.18044219e+01
207.405000,-9.32197399e+01,-6.18045099e+01
207.410000,-9.32198249e+01,-6.18045949e+01
207.415000,-9.32199068e+01,-6.18046769e+01
207.420000,-9.32199859e+01,-6.18047559e+01
207.425000,-9.32200623e+01,-6.18048323e+01
207.430000,-9.32201363e+01,-6.18049063e+01
207.435000,-9.32202081e+01,-6.18049781e+01
207.440000,-9.32202781e+01,-6.18050481e+01
207.445000,-9.32203465e+01,-6.18051165e+01
207.450000,-9.32204137e+01,-6.18051837e+01
207.455000,-9.32204799e+01,-6.18052499e+01
207.460000,-9.32205454e+01,-6.18053155e+01
207.465000,-9.32206107e+01,-6.18053807e+01
207.470000,-9.32206759e+01,-6.18054459e+01
207.475000,-9.32207414e+01,-6.18055115e+01
207.480000,-9.32208076e+01,-6.18055776e+01
207.485000,-9.32208746e+01,-6.18056446e+01
207.490000,-9.32209427e+01,-6.18057127e+01
207.495000,-9.32210121e+01,-6.18057821e+01
207.500000,-9.32210828e+01,-6.18058528e+01
207.505000,-9.32211548e+01,-6.18059249e+01
207.510000,-9.32212280e+01,-6.18059980e+01
207.515000,-9.32213018e+01,-6.18060718e+01
207.520000,-9.32213760e+01,-6.18061460e+01
207.525000,-9.32214502e+01,-6.18062202e+01
207.530000,-9.32215239e+01,-6.18062939e+01
207.535000,-9.32215967e+01,-6.18063667e+01
207.540000,-9.32216681e+01,-6.18064381e+01
207.545000,-9.32217376e+01,-6.18065076e+01
207.550000,-9.32218047e+01,-6.18065747e+01
207.555000,-9.32218692e+01,-6.18066392e+01
207.560000,-9.32219310e+01,-6.18067010e+01
207.565000,-9.32219901e+01,-6.18067601e+01
207.570000,-9.32220465e+01,-6.18068165e+01
207.575000,-9.32221004e+01,-6.18068704e+01
207.580000,-9.32221522e+01,-6.18069222e+01
207.585000,-9.32222023e+01,-6.18069723e+01
207.590000,-9.32222511e+01,-6.18070211e+01
207.595000,-9.32222991e+01,-6.18070691e+01
207.600000,-9.32223467e+01,-6.18071167e+01
207.605000,-9.32223944e+01,-6.18071644e+01
207.610000,-9.32224425e+01,-6.18072125e+01
207.615000,-9.32224913e+01,-6.18072613e+01
207.620000,-9.32225412e+01,-6.18073112e+01
207.625000,-9.32225926e+01,-6.18073626e+01
207.630000,-9.32226457e+01,-6.18074157e+01
207.635000,-9.32227011e+01,-6.18074711e+01
207.640000,-9.32227588e+01,-6.18075288e+01
207.645000,-9.32228193e+01,-6.18075893e+01
207.650000,-9.32228825e+01,-6.18076525e+01
207.655000,-9.32229483e+01,-6.18077183e+01
207.660000,-9.32230166e+01,-6.18077866e+01
207.665000,-9.32230870e+01,-6.18078570e+01
207.670000,-9.32231592e+01,-6.18079292e+01
207.675000,-9.32232328e+01,-6.18080028e+01
207.680000,-9.32233071e+01,-6.18080771e+01
207.685000,-9.32233815e+01,-6.18081515e+01
207.690000,-9.32234555e+01,-6.18082255e+01
207.695000,-9.32235284e+01,-6.18082984e+01
207.700000,-9.32236002e+01,-6.18083702e+01
207.705000,-9.32236707e+01,-6.18084407e+01
207.710000,-9.32237399e+01,-6.18085099e+01
207.715000,-9.32238081e+01,-6.18085781e+01
207.720000,-9.32238754e+01,-6.18086454e+01
207.725000,-9.32239419e+01,-6.18087119e+01
207.730000,-9.32240078e+01,-6.18087777e+01
207.735000,-9.32240730e+01,-6.18088430e+01
207.740000,-9.32241378e+01,-6.18089078e+01
207.745000,-9.32242022e+01,-6.18089722e+01
207.750000,-9.32242663e+01,-6.18090363e+01
207.755000,-9.32243302e+01,-6.18091002e+01
207.760000,-9.32243940e+01,-6.18091640e+01
207.765000,-9.32244577e+01,-6.18092277e+01
207.770000,-9.32245213e+01,-6.18092913e+01
207.775000,-9.32245849e+01,-6.18093549e+01
207.780000,-9.32246486e+01,-6.18094186e+01
207.785000,-9.32247125e+01,-6.18094825e+01
207.790000,-9.32247766e+01,-6.18095465e+01
207.795000,-9.32248408e+01,-6.18096108e+01
207.800000,-9.32249053e+01,-6.18096753e+01
207.805000,-9.32249698e+01,-6.18097398e+01
207.810000,-9.32250341e+01,-6.18098041e+01
207.815000,-9.32250979e+01,-6.18098679e+01
207.820000,-9.32251609e+01,-6.18099308e+01
207.825000,-9.32252227e+01,-6.18099927e+01
207.830000,-9.32252832e+01,-6.18100531e+01
207.835000,-9.32253419e+01,-6.18101119e+01
207.840000,-9.32253987e+01,-6.18101687e+01
207.845000,-9.32254536e+01,-6.18102235e+01
207.850000,-9.32255064e+01,-6.18102764e+01
207.855000,-9.32255575e+01,-6.18103275e+01
207.860000,-9.32256070e+01,-6.18103770e+01
207.865000,-9.32256552e+01,-6.18104252e+01
207.870000,-9.32257024e+01,-6.18104724e+01
207.875000,-9.32257490e+01,-6.18105189e+01
207.880000,-9.32257950e+01,-6.18105650e+01
207.885000,-9.32258410e+01,-6.18106110e+01
207.890000,-9.32258869e+01,-6.18106569e+01
207.895000,-9.32259329e+01,-6.18107029e+01
207.900000,-9.32259790e+01,-6.18107489e+01
207.905000,-9.32260249e+01,-6.18107949e+01
207.910000,-9.32260707e+01,-6.18108407e+01
207.915000,-9.32261163e+01,-6.18108862e+01
207.920000,-9.32261616e+01,-6.18109316e+01
207.925000,-9.32262066e+01,-6.18109766e+01
207.930000,-9.32262514e+01,-6.18110214e+01
207.935000,-9.32262960e+01,-6.18110659e+01
207.940000,-9.32263403e+01,-6.18111103e+01
207.945000,-9.32263846e+01,-6.18111545e+01
207.950000,-9.32264288e+01,-6.18111987e+01
207.955000,-9.32264729e+01,-6.18112428e+01
207.960000,-9.32265168e+01,-6.18112867e+01
207.965000,-9.32265603e+01,-6.18113303e+01
207.970000,-9.32266031e+01,-6.18113730e+01
207.975000,-9.32266448e+01,-6.18114148e+01
207.980000,-9.32266851e+01,-6.18114551e+01
207.985000,-9.32267239e+01,-6.18114938e+01
207.990000,-9.32267609e+01,-6.18115309e+01
207.995000,-9.32267962e+01,-6.18115662e+01
208.000000,-9.32268299e+01,-6.18115999e+01
208.005000,-9.32268621e+01,-6.18116321e+01
208.010000,-9.32268929e+01,-6.18116629e+01
208.015000,-9.32269223e+01,-6.18116923e+01
208.020000,-9.32269505e+01,-6.18117205e+01
208.025000,-9.32269774e+01,-6.18117474e+01
208.030000,-9.32270032e+01,-6.18117731e+01
208.035000,-9.32270278e+01,-6.18117978e+01
208.040000,-9.32270515e+01,-6.18118215e+01
208.045000,-9.32270746e+01,-6.18118445e+01
208.050000,-9.32270971e+01,-6.18118671e+01
208.055000,-9.32271193e+01,-6.18118893e+01
208.060000,-9.32271414e+01,-6.18119114e+01
208.065000,-9.32271634e+01,-6.18119333e+01
208.070000,-9.32271853e+01,-6.18119552e+01
208.075000,-9.32272071e+01,-6.18119771e+01
208.080000,-9.32272287e+01,-6.18119987e+01
208.085000,-9.32272501e+01,-6.18120201e+01
208.090000,-9.32272713e+01,-6.18120412e+01
208.095000,-9.32272923e+01,-6.18120623e+01
208.100000,-9.32273132e+01,-6.18120832e+01
208.105000,-9.32273340e+01,-6.18121040e+01
208.110000,-9.32273547e+01,-6.18121247e+01
208.115000,-9.32273752e+01,-6.18121451e+01
208.120000,-9.32273951e+01,-6.18121651e+01
208.125000,-9.32274143e+01,-6.18121843e+01
208.130000,-9.32274325e+01,-6.18122025e+01
208.135000,-9.32274497e+01,-6.18122196e+01
208.140000,-9.32274657e+01,-6.18122357e+01
208.145000,-9.32274808e+01,-6.18122508e+01
208.150000,-9.32274951e+01,-6.18122651e+01
208.155000,-9.32275088e+01,-6.18122787e+01
208.160000,-9.32275219e+01,-6.18122919e+01
208.165000,-9.32275346e+01,-6.18123045e+01
208.170000,-9.32275468e+01,-6.18123167e+01
208.175000,-9.32275585e+01,-6.18123285e+01
208.180000,-9.32275699e+01,-6.18123399e+01
208.185000,-9.32275810e+01,-6.18123509e+01
208.190000,-9.32275919e+01,-6.18123618e+01
208.195000,-9.32276025e+01,-6.18123724e+01
208.200000,-9.32276129e+01,-6.18123828e+01
208.205000,-9.32276228e+01,-6.18123928e+01
208.210000,-9.32276324e+01,-6.18124024e+01
208.215000,-9.32276416e+01,-6.18124116e+01
208.220000,-9.32276506e+01,-6.18124205e+01
208.225000,-9.32276595e+01,-6.18124295e+01
208.230000,-9.32276687e+01,-6.18124387e+01
208.235000,-9.32276784e+01,-6.18124484e+01
208.240000,-9.32276888e+01,-6.18124588e+01
208.245000,-9.32277001e+01,-6.18124701e+01
208.250000,-9.32277122e+01,-6.18124822e+01
208.255000,-9.32277251e+01,-6.18124951e+01
208.260000,-9.32277385e+01,-6.18125085e+01
208.265000,-9.32277520e+01,-6.18125220e+01
208.270000,-9.32277653e+01,-6.18125352e+01
208.275000,-9.32277780e+01,-6.18125479e+01
208.280000,-9.32277898e+01,-6.18125597e+01
208.285000,-9.32278006e+01,-6.18125706e+01
208.290000,-9.32278104e+01,-6.18125803e+01
208.295000,-9.32278191e+01,-6.18125890e+01
208.300000,-9.32278268e+01,-6.18125968e+01
208.305000,-9.32278337e+01,-6.18126036e+01
208.310000,-9.32278396e+01,-6.18126095e+01
208.315000,-9.32278447e+01,-6.18126146e+01
208.320000,-9.32278488e+01,-6.18126187e+01
208.325000,-9.32278520e+01,-6.18126219e+01
208.330000,-9.32278542e+01,-6.18126241e+01
208.335000,-9.32278551e+01,-6.18126251e+01
208.340000,-9.32278547e+01,-6.18126246e+01
208.345000,-9.32278525e+01,-6.18126225e+01
208.350000,-9.32278486e+01,-6.18126185e+01
208.355000,-9.32278428e+01,-6.18126127e+01
208.360000,-9.32278352e+01,-6.18126052e+01
208.365000,-9.32278261e+01,-6.18125960e+01
208.370000,-9.32278157e+01,-6.18125856e+01
208.375000,-9.32278042e+01,-6.18125741e+01
208.380000,-9.32277919e+01,-6.18125618e+01
208.385000,-9.32277792e+01,-6.18125492e+01
208.390000,-9.32277666e+01,-6.18125365e+01
208.395000,-9.32277541e+01,-6.18125241e+01
208.400000,-9.32277421e+01,-6.18125121e+01
208.405000,-9.32277305e+01,-6.18125005e+01
208.410000,-9.32277193e+01,-6.18124892e+01
208.415000,-9.32277083e+01,-6.18124782e+01
208.420000,-9.32276974e+01,-6.18124673e+01
208.425000,-9.32276865e+01,-6.18124565e+01
208.430000,-9.32276756e+01,-6.18124455e+01
208.435000,-9.32276644e+01,-6.18124343e+01
208.440000,-9.32276530e+01,-6.18124229e+01
208.445000,-9.32276411e+01,-6.18124111e+01
208.450000,-9.32276288e+01,-6.18123987e+01
208.455000,-9.32276156e+01,-6.18123856e+01
208.460000,-9.32276015e+01,-6.18123714e+01
208.465000,-9.32275861e+01,-6.18123560e+01
208.470000,-9.32275693e+01,-6.18123392e+01
208.475000,-9.32275510e+01,-6.18123210e+01
208.480000,-9.32275313e+01,-6.18123013e+01
208.485000,-9.32275102e+01,-6.18122801e+01
208.490000,-9.32274877e+01,-6.18122577e+01
208.495000,-9.32274643e+01,-6.18122343e+01
208.500000,-9.32274405e+01,-6.18122104e+01
208.505000,-9.32274166e+01,-6.18121866e+01
208.510000,-9.32273933e+01,-6.18121632e+01
208.515000,-9.32273708e+01,-6.18121408e+01
208.520000,-9.32273496e+01,-6.18121196e+01
208.525000,-9.32273299e+01,-6.18120998e+01
208.530000,-9.32273117e+01,-6.18120816e+01
208.535000,-9.32272950e+01,-6.18120650e+01
208.540000,-9.32272799e+01,-6.18120498e+01
208.545000,-9.32272659e+01,-6.18120359e+01
208.550000,-9.32272527e+01,-6.18120227e+01
208.555000,-9.32272400e+01,-6.18120099e+01
208.560000,-9.32272272e+01,-6.18119971e+01
208.565000,-9.32272140e+01,-6.18119839e+01
208.570000,-9.32272001e+01,-6.18119700e+01
208.575000,-9.32271852e+01,-6.18119552e+01
208.580000,-9.32271691e+01,-6.18119390e+01
208.585000,-9.32271514e+01,-6.18119214e+01
208.590000,-9.32271322e+01,-6.18119021e+01
208.595000,-9.32271111e+01,-6.18118810e+01
208.600000,-9.32270879e+01,-6.18118579e+01
208.605000,-9.32270627e+01,-6.18118326e+01
208.610000,-9.32270351e+01,-6.18118050e+01
208.615000,-9.32270051e+01,-6.18117750e+01
208.620000,-9.32269725e+01,-6.18117425e+01
208.625000,-9.32269375e+01,-6.18117074e+01
208.630000,-9.32269000e+01,-6.18116699e+01
208.635000,-9.32268601e+01,-6.18116301e+01
208.640000,-9.32268182e+01,-6.18115881e+01
208.645000,-9.32267744e+01,-6.18115443e+01
208.650000,-9.32267290e+01,-6.18114990e+01
208.655000,-9.32266824e+01,-6.18114524e+01
208.660000,-9.32266349e+01,-6.18114048e+01
208.665000,-9.32265866e+01,-6.18113566e+01
208.670000,-9.32265379e+01,-6.18113079e+01
208.675000,-9.32264889e+01,-6.18112588e+01
208.680000,-9.32264398e+01,-6.18112097e+01
208.685000,-9.32263905e+01,-6.18111605e+01
208.690000,-9.32263410e+01,-6.18111110e+01
208.695000,-9.32262910e+01,-6.18110610e+01
208.700000,-9.32262403e+01,-6.18110103e+01
208.705000,-9.32261886e+01,-6.18109586e+01
208.710000,-9.32261359e+01,-6.18109058e+01
208.715000,-9.32260821e+01,-6.18108520e+01
208.720000,-9.32260272e+01,-6.18107972e+01
208.725000,-9.32259714e+01,-6.18107413e+01
208.730000,-9.32259145e+01,-6.18106845e+01
208.735000,-9.32258566e+01,-6.18106266e+01
208.740000,-9.32257976e+01,-6.18105676e+01
208.745000,-9.32257374e+01,-6.18105073e+01
208.750000,-9.32256757e+01,-6.18104456e+01
208.755000,-9.32256123e+01,-6.18103822e+01
208.760000,-9.32255471e+01,-6.18103170e+01
208.765000,-9.32254799e+01,-6.18102499e+01
208.770000,-9.32254108e+01,-6.18101808e+01
208.775000,-9.32253397e+01,-6.18101097e+01
208.780000,-9.32252669e+01,-6.18100368e+01
208.785000,-9.32251924e+01,-6.18099623e+01
208.790000,-9.32251166e+01,-6.18098865e+01
208.795000,-9.32250397e+01,-6.18098097e+01
208.800000,-9.32249622e+01,-6.18097321e+01
208.805000,-9.32248843e+01,-6.18096543e+01
208.810000,-9.32248064e+01,-6.18095764e+01
208.815000,-9.32247288e+01,-6.18094987e+01
208.820000,-9.32246515e+01,-6.18094215e+01
208.825000,-9.32245749e+01,-6.18093449e+01
208.830000,-9.32244988e+01,-6.18092688e+01
208.835000,-9.32244232e+01,-6.18091932e+01
208.840000,-9.32243480e+01,-6.18091179e+01
208.845000,-9.32242730e+01,-6.18090430e+01
208.850000,-9.32241983e+01,-6.18089683e+01
208.855000,-9.32241239e+01,-6.18088939e+01
208.860000,-9.32240499e+01,-6.18088199e+01
208.865000,-9.32239763e+01,-6.18087463e+01
208.870000,-9.32239033e+01,-6.18086733e+01
208.875000,-9.32238309e+01,-6.18086009e+01
208.880000,-9.32237592e+01,-6.18085291e+01
208.885000,-9.32236879e+01,-6.18084578e+01
208.890000,-9.32236169e+01,-6.18083869e+01
208.895000,-9.32235461e+01,-6.18083160e+01
208.900000,-9.32234751e+01,-6.18082451e+01
208.905000,-9.32234039e+01,-6.18081738e+01
208.910000,-9.32233321e+01,-6.18081021e+01
208.915000,-9.32232598e+01,-6.18080298e+01
208.920000,-9.32231869e+01,-6.18079569e+01
208.925000,-9.32231133e+01,-6.18078833e+01
208.930000,-9.32230392e+01,-6.18078091e+01
208.935000,-9.32229644e+01,-6.18077344e+01
208.940000,-9.32228892e+01,-6.18076592e+01
208.945000,-9.32228136e+01,-6.18075836e+01
208.950000,-9.32227378e+01,-6.18075078e+01
208.955000,-9.32226619e+01,-6.18074319e+01
208.960000,-9.32225859e+01,-6.18073559e+01
208.965000,-9.32225098e+01,-6.18072798e+01
208.970000,-9.32224334e+01,-6.18072034e+01
208.975000,-9.32223566e+01,-6.18071266e+01
208.980000,-9.32222790e+01,-6.18070489e+01
208.985000,-9.32222001e+01,-6.18069701e+01
208.990000,-9.32221199e+01,-6.18068899e+01
208.995000,-9.32220381e+01,-6.18068081e+01
209.000000,-9.32219546e+01,-6.18067246e+01
209.005000,-9.32218695e+01,-6.18066394e+01
209.010000,-9.32217827e+01,-6.18065527e+01
209.015000,-9.32216946e+01,-6.18064646e+01
209.020000,-9.32216053e+01,-6.18063752e+01
209.025000,-9.32215150e+01,-6.18062850e+01
209.030000,-9.32214240e+01,-6.18061940e+01
209.035000,-9.32213323e+01,-6.18061023e+01
209.040000,-9.32212401e+01,-6.18060101e+01
209.045000,-9.32211472e+01,-6.18059172e+01
209.050000,-9.32210535e+01,-6.18058235e+01
209.055000,-9.32209591e+01,-6.18057291e+01
209.060000,-9.32208639e+01,-6.18056339e+01
209.065000,-9.32207681e+01,-6.18055381e+01
209.070000,-9.32206720e+01,-6.18054420e+01
209.075000,-9.32205756e+01,-6.18053456e+01
209.080000,-9.32204793e+01,-6.18052493e+01
209.085000,-9.32203830e+01,-6.18051530e+01
209.090000,-9.32202870e+01,-6.18050570e+01
209.095000,-9.32201915e+01,-6.18049615e+01
209.100000,-9.32200967e+01,-6.18048667e+01
209.105000,-9.32200027e+01,-6.18047727e+01
209.110000,-9.32199096e+01,-6.18046796e+01
209.115000,-9.32198173e+01,-6.18045873e+01
209.120000,-9.32197258e+01,-6.18044958e+01
209.125000,-9.32196350e+01,-6.18044050e+01
209.130000,-9.32195448e+01,-6.18043148e+01
209.135000,-9.32194553e+01,-6.18042253e+01
209.140000,-9.32193663e+01,-6.18041363e+01
209.145000,-9.32192780e+01,-6.18040480e+01
209.150000,-9.32191904e+01,-6.18039604e+01
209.155000,-9.32191033e+01,-6.18038733e+01
209.160000,-9.32190169e+01,-6.18037869e+01
209.165000,-9.32189309e+01,-6.18037009e+01
209.170000,-9.32188456e+01,-6.18036156e+01
209.175000,-9.32187607e+01,-6.18035308e+01
209.180000,-9.32186764e+01,-6.18034464e+01
209.185000,-9.32185926e+01,-6.18033626e+01
209.190000,-9.32185091e+01,-6.18032791e+01
209.195000,-9.32184260e+01,-6.18031960e+01
209.200000,-9.32183432e+01,-6.18031132e+01
209.205000,-9.32182607e+01,-6.18030307e+01
209.210000,-9.32181784e+01,-6.18029484e+01
209.215000,-9.32180965e+01,-6.18028665e+01
209.220000,-9.32180148e+01,-6.18027848e+01
209.225000,-9.32179334e+01,-6.18027034e+01
209.230000,-9.32178522e+01,-6.18026222e+01
209.235000,-9.32177712e+01,-6.18025412e+01
209.240000,-9.32176903e+01,-6.18024603e+01
209.245000,-9.32176096e+01,-6.18023796e+01
209.250000,-9.32175289e+01,-6.18022989e+01
209.255000,-9.32174481e+01,-6.18022181e+01
209.260000,-9.32173669e+01,-6.18021369e+01
209.265000,-9.32172850e+01,-6.18020551e+01
209.270000,-9.32172025e+01,-6.18019725e+01
209.275000,-9.32171189e+01,-6.18018890e+01
209.280000,-9.32170344e+01,-6.18018045e+01
209.285000,-9.32169488e+01,-6.18017188e+01
209.290000,-9.32168621e+01,-6.18016321e+01
209.295000,-9.32167741e+01,-6.18015442e+01
209.300000,-9.32166849e+01,-6.18014550e+01
209.305000,-9.32165945e+01,-6.18013645e+01
209.310000,-9.32165028e+01,-6.18012728e+01
209.315000,-9.32164100e+01,-6.18011801e+01
209.320000,-9.32163163e+01,-6.18010863e+01
209.325000,-9.32162217e+01,-6.18009917e+01
209.330000,-9.32161263e+01,-6.18008963e+01
209.335000,-9.32160303e+01,-6.18008003e+01
209.340000,-9.32159337e+01,-6.18007038e+01
209.345000,-9.32158368e+01,-6.18006068e+01
209.350000,-9.32157395e+01,-6.18005095e+01
209.355000,-9.32156421e+01,-6.18004121e+01
209.360000,-9.32155447e+01,-6.18003148e+01
209.365000,-9.32154476e+01,-6.18002176e+01
209.370000,-9.32153508e+01,-6.18001209e+01
209.375000,-9.32152545e+01,-6.18000246e+01
209.380000,-9.32151588e+01,-6.17999289e+01
209.385000,-9.32150636e+01,-6.17998337e+01
209.390000,-9.32149688e+01,-6.17997389e+01
209.395000,-9.32148743e+01,-6.17996444e+01
209.400000,-9.32147799e+01,-6.17995500e+01
209.405000,-9.32146854e+01,-6.17994554e+01
209.410000,-9.32145906e+01,-6.17993607e+01
209.415000,-9.32144954e+01,-6.17992655e+01
209.420000,-9.32143997e+01,-6.17991697e+01
209.425000,-9.32143033e+01,-6.17990733e+01
209.430000,-9.32142060e+01,-6.17989761e+01
209.435000,-9.32141078e+01,-6.17988779e+01
209.440000,-9.32140087e+01,-6.17987787e+01
209.445000,-9.32139085e+01,-6.17986786e+01
209.450000,-9.32138076e+01,-6.17985776e+01
209.455000,-9.32137059e+01,-6.17984760e+01
209.460000,-9.32136041e+01,-6.17983741e+01
209.465000,-9.32135021e+01,-6.17982722e+01
209.470000,-9.32134001e+01,-6.17981702e+01
209.475000,-9.32132981e+01,-6.17980681e+01
209.480000,-9.32131961e+01,-6.17979662e+01
209.485000,-9.32130944e+01,-6.17978644e+01
209.490000,-9.32129929e+01,-6.17977629e+01
209.495000,-9.32128920e+01,-6.17976620e+01
209.500000,-9.32127920e+01,-6.17975620e+01
209.505000,-9.32126933e+01,-6.17974634e+01
209.510000,-9.32125964e+01,-6.17973665e+01
209.515000,-9.32125016e+01,-6.17972716e+01
209.520000,-9.32124089e+01,-6.17971790e+01
209.525000,-9.32123187e+01,-6.17970887e+01
209.530000,-9.32122308e+01,-6.17970009e+01
209.535000,-9.32121454e+01,-6.17969154e+01
209.540000,-9.32120624e+01,-6.17968325e+01
209.545000,-9.32119820e+01,-6.17967521e+01
209.550000,-9.32119042e+01,-6.17966742e+01
209.555000,-9.32118291e+01,-6.17965992e+01
209.560000,-9.32117568e+01,-6.17965269e+01
209.565000,-9.32116872e+01,-6.17964573e+01
209.570000,-9.32116202e+01,-6.17963902e+01
209.575000,-9.32115555e+01,-6.17963256e+01
209.580000,-9.32114929e+01,-6.17962630e+01
209.585000,-9.32114321e+01,-6.17962022e+01
209.590000,-9.32113727e+01,-6.17961428e+01
209.595000,-9.32113145e+01,-6.17960846e+01
209.600000,-9.32112573e+01,-6.17960274e+01
209.605000,-9.32112011e+01,-6.17959712e+01
209.610000,-9.32111459e+01,-6.17959160e+01
209.615000,-9.32110918e+01,-6.17958619e+01
209.620000,-9.32110389e+01,-6.17958090e+01
209.625000,-9.32109873e+01,-6.17957574e+01
209.630000,-9.32109373e+01,-6.17957074e+01
209.635000,-9.32108890e+01,-6.17956591e+01
209.640000,-9.32108428e+01,-6.17956129e+01
209.645000,-9.32107989e+01,-6.17955689e+01
209.650000,-9.32107573e+01,-6.17955274e+01
209.655000,-9.32107181e+01,-6.17954882e+01
209.660000,-9.32106812e+01,-6.17954513e+01
209.665000,-9.32106463e+01,-6.17954164e+01
209.670000,-9.32106129e+01,-6.17953830e+01
209.675000,-9.32105806e+01,-6.17953507e+01
209.680000,-9.32105488e+01,-6.17953189e+01
209.685000,-9.32105170e+01,-6.17952871e+01
209.690000,-9.32104848e+01,-6.17952549e+01
209.695000,-9.32104518e+01,-6.17952219e+01
209.700000,-9.32104178e+01,-6.17951879e+01
209.705000,-9.32103827e+01,-6.17951527e+01
209.710000,-9.32103460e+01,-6.17951161e+01
209.715000,-9.32103078e+01,-6.17950779e+01
209.720000,-9.32102678e+01,-6.17950378e+01
209.725000,-9.32102258e+01,-6.17949959e+01
209.730000,-9.32101817e+01,-6.17949518e+01
209.735000,-9.32101356e+01,-6.17949057e+01
209.740000,-9.32100875e+01,-6.17948576e+01
209.745000,-9.32100377e+01,-6.17948078e+01
209.750000,-9.32099864e+01,-6.17947565e+01
209.755000,-9.32099341e+01,-6.17947042e+01
209.760000,-9.32098812e+01,-6.17946512e+01
209.765000,-9.32098279e+01,-6.17945980e+01
209.770000,-9.32097748e+01,-6.17945449e+01
209.775000,-9.32097219e+01,-6.17944920e+01
209.780000,-9.32096696e+01,-6.17944396e+01
209.785000,-9.32096180e+01,-6.17943881e+01
209.790000,-9.32095672e+01,-6.17943373e+01
209.795000,-9.32095172e+01,-6.17942873e+01
209.800000,-9.32094677e+01,-6.17942378e+01
209.805000,-9.32094183e+01,-6.17941884e+01
209.810000,-9.32093686e+01,-6.17941387e+01
209.815000,-9.32093181e+01,-6.17940882e+01
209.820000,-9.32092664e+01,-6.17940365e+01
209.825000,-9.32092132e+01,-6.17939833e+01
209.830000,-9.32091583e+01,-6.17939284e+01
209.835000,-9.32091015e+01,-6.17938716e+01
209.840000,-9.32090430e+01,-6.17938131e+01
209.845000,-9.32089828e+01,-6.17937529e+01
209.850000,-9.32089210e+01,-6.17936910e+01
209.855000,-9.32088577e+01,-6.17936278e+01
209.860000,-9.32087931e+01,-6.17935632e+01
209.865000,-9.32087271e+01,-6.17934972e+01
209.870000,-9.32086597e+01,-6.17934298e+01
209.875000,-9.32085908e+01,-6.17933609e+01
209.880000,-9.32085203e+01,-6.17932904e+01
209.885000,-9.32084481e+01,-6.17932182e+01
209.890000,-9.32083742e+01,-6.17931443e+01
209.895000,-9.32082986e+01,-6.17930687e+01
209.900000,-9.32082213e+01,-6.17929914e+01
209.905000,-9.32081426e+01,-6.17929127e+01
209.910000,-9.32080625e+01,-6.17928326e+01
209.915000,-9.32079813e+01,-6.17927514e+01
209.920000,-9.32078991e+01,-6.17926692e+01
209.925000,-9.32078159e+01,-6.17925860e+01
209.930000,-9.32077319e+01,-6.17925020e+01
209.935000,-9.32076469e+01,-6.17924170e+01
209.940000,-9.32075609e+01,-6.17923310e+01
209.945000,-9.32074738e+01,-6.17922439e+01
209.950000,-9.32073857e+01,-6.17921558e+01
209.955000,-9.32072964e+01,-6.17920664e+01
209.960000,-9.32072059e+01,-6.17919760e+01
209.965000,-9.32071144e+01,-6.17918845e+01
209.970000,-9.32070218e+01,-6.17917919e+01
209.975000,-9.32069282e+01,-6.17916983e+01
209.980000,-9.32068336e+01,-6.17916037e+01
209.985000,-9.32067381e+01,-6.17915082e+01
209.990000,-9.32066416e+01,-6.17914117e+01
209.995000,-9.32065442e+01,-6.17913143e+01
210.000000,-9.32064458e+01,-6.17912159e+01
210.005000,-9.32063466e+01,-6.17911167e+01
210.010000,-9.32062464e+01,-6.17910165e+01
210.015000,-9.32061452e+01,-6.17909153e+01
210.020000,-9.32060427e+01,-6.17908129e+01
210.025000,-9.32059390e+01,-6.17907091e+01
210.030000,-9.32058339e+01,-6.17906040e+01
210.035000,-9.32057275e+01,-6.17904976e+01
210.040000,-9.32056197e+01,-6.17903898e+01
210.045000,-9.32055109e+01,-6.17902810e+01
210.050000,-9.32054011e+01,-6.17901712e+01
210.055000,-9.32052904e+01,-6.17900606e+01
210.060000,-9.32051790e+01,-6.17899492e+01
210.065000,-9.32050670e+01,-6.17898371e+01
210.070000,-9.32049542e+01,-6.17897243e+01
210.075000,-9.32048406e+01,-6.17896107e+01
210.080000,-9.32047260e+01,-6.17894961e+01
210.085000,-9.32046102e+01,-6.17893804e+01
210.090000,-9.32044931e+01,-6.17892632e+01
210.095000,-9.32043746e+01,-6.17891447e+01
210.100000,-9.32042545e+01,-6.17890246e+01
210.105000,-9.32041329e+01,-6.17889030e+01
210.110000,-9.32040099e+01,-6.17887800e+01
210.115000,-9.32038856e+01,-6.17886557e+01
210.120000,-9.32037599e+01,-6.17885300e+01
210.125000,-9.32036329e+01,-6.17884031e+01
210.130000,-9.32035047e+01,-6.17882748e+01
210.135000,-9.32033750e+01,-6.17881451e+01
210.140000,-9.32032440e+01,-6.17880141e+01
210.145000,-9.32031115e+01,-6.17878816e+01
210.150000,-9.32029778e+01,-6.17877479e+01
210.155000,-9.32028430e+01,-6.17876131e+01
210.160000,-9.32027072e+01,-6.17874773e+01
210.165000,-9.32025706e+01,-6.17873408e+01
210.170000,-9.32024333e+01,-6.17872034e+01
210.175000,-9.32022953e+01,-6.17870655e+01
210.180000,-9.32021566e+01,-6.17869268e+01
210.185000,-9.32020172e+01,-6.17867873e+01
210.190000,-9.32018769e+01,-6.17866470e+01
210.195000,-9.32017356e+01,-6.17865057e+01
210.200000,-9.32015932e+01,-6.17863633e+01
210.205000,-9.32014499e+01,-6.17862200e+01
210.210000,-9.32013058e+01,-6.17860759e+01
210.215000,-9.32011609e+01,-6.17859310e+01
210.220000,-9.32010155e+01,-6.17857856e+01
210.225000,-9.32008694e+01,-6.17856396e+01
210.230000,-9.32007228e+01,-6.17854930e+01
210.235000,-9.32005758e+01,-6.17853459e+01
210.240000,-9.32004283e+01,-6.17851984e+01
210.245000,-9.32002805e+01,-6.17850507e+01
210.250000,-9.32001327e+01,-6.17849028e+01
210.255000,-9.31999848e+01,-6.17847549e+01
210.260000,-9.31998369e+01,-6.17846071e+01
210.265000,-9.31996891e+01,-6.17844593e+01
210.270000,-9.31995413e+01,-6.17843115e+01
210.275000,-9.31993934e+01,-6.17841636e+01
210.280000,-9.31992454e+01,-6.17840155e+01
210.285000,-9.31990970e+01,-6.17838672e+01
210.290000,-9.31989484e+01,-6.17837186e+01
210.295000,-9.31987995e+01,-6.17835697e+01
210.300000,-9.31986504e+01,-6.17834206e+01
210.305000,-9.31985012e+01,-6.17832714e+01
210.310000,-9.31983518e+01,-6.17831220e+01
210.315000,-9.31982021e+01,-6.17829723e+01
210.320000,-9.31980519e+01,-6.17828221e+01
210.325000,-9.31979010e+01,-6.17826711e+01
210.330000,-9.31977490e+01,-6.17825192e+01
210.335000,-9.31975959e+01,-6.17823660e+01
210.340000,-9.31974414e+01,-6.17822116e+01
210.345000,-9.31972856e+01,-6.17820557e+01
210.350000,-9.31971285e+01,-6.17818986e+01
210.355000,-9.31969704e+01,-6.17817405e+01
210.360000,-9.31968116e+01,-6.17815817e+01
210.365000,-9.31966524e+01,-6.17814226e+01
210.370000,-9.31964934e+01,-6.17812635e+01
210.375000,-9.31963346e+01,-6.17811048e+01
210.380000,-9.31961764e+01,-6.17809466e+01
210.385000,-9.31960189e+01,-6.17807891e+01
210.390000,-9.31958622e+01,-6.17806324e+01
210.395000,-9.31957064e+01,-6.17804766e+01
210.400000,-9.31955516e+01,-6.17803218e+01
210.405000,-9.31953977e+01,-6.17801679e+01
210.410000,-9.31952447e+01,-6.17800149e+01
210.415000,-9.31950926e+01,-6.17798628e+01
210.420000,-9.31949412e+01,-6.17797114e+01
210.425000,-9.31947905e+01,-6.17795607e+01
210.430000,-9.31946403e+01,-6.17794105e+01
210.435000,-9.31944903e+01,-6.17792605e+01
210.440000,-9.31943402e+01,-6.17791104e+01
210.445000,-9.31941898e+01,-6.17789600e+01
210.450000,-9.31940387e+01,-6.17788089e+01
210.455000,-9.31938869e+01,-6.17786571e+01
210.460000,-9.31937343e+01,-6.17785045e+01
210.465000,-9.31935805e+01,-6.17783507e+01
210.470000,-9.31934255e+01,-6.17781957e+01
210.475000,-9.31932691e+01,-6.17780393e+01
210.480000,-9.31931110e+01,-6.17778812e+01
210.485000,-9.31929511e+01,-6.17777214e+01
210.490000,-9.31927895e+01,-6.17775597e+01
210.495000,-9.31926262e+01,-6.17773964e+01
210.500000,-9.31924615e+01,-6.17772317e+01
210.505000,-9.31922956e+01,-6.17770658e+01
210.510000,-9.31921290e+01,-6.17768992e+01
210.515000,-9.31919623e+01,-6.17767325e+01
210.520000,-9.31917957e+01,-6.17765659e+01
210.525000,-9.31916296e+01,-6.17763999e+01
210.530000,-9.31914643e+01,-6.17762345e+01
210.535000,-9.31912997e+01,-6.17760700e+01
210.540000,-9.31911360e+01,-6.17759062e+01
210.545000,-9.31909730e+01,-6.17757432e+01
210.550000,-9.31908105e+01,-6.17755808e+01
210.555000,-9.31906485e+01,-6.17754187e+01
210.560000,-9.31904867e+01,-6.17752570e+01
210.565000,-9.31903253e+01,-6.17750956e+01
210.570000,-9.31901643e+01,-6.17749345e+01
210.575000,-9.31900038e+01,-6.17747740e+01
210.580000,-9.31898438e+01,-6.17746140e+01
210.585000,-9.31896844e+01,-6.17744546e+01
210.590000,-9.31895254e+01,-6.17742956e+01
210.595000,-9.31893668e+01,-6.17741371e+01
210.600000,-9.31892085e+01,-6.17739787e+01
210.605000,-9.31890503e+01,-6.17738205e+01
210.610000,-9.31888920e+01,-6.17736623e+01
210.615000,-9.31887335e+01,-6.17735038e+01
210.620000,-9.31885746e+01,-6.17733448e+01
210.625000,-9.31884150e+01,-6.17731852e+01
210.630000,-9.31882545e+01,-6.17730247e+01
210.635000,-9.31880928e+01,-6.17728631e+01
210.640000,-9.31879300e+01,-6.17727002e+01
210.645000,-9.31877659e+01,-6.17725362e+01
210.650000,-9.31876009e+01,-6.17723711e+01
210.655000,-9.31874351e+01,-6.17722054e+01
210.660000,-9.31872690e+01,-6.17720393e+01
210.665000,-9.31871028e+01,-6.17718730e+01
210.670000,-9.31869366e+01,-6.17717068e+01
210.675000,-9.31867706e+01,-6.17715409e+01
210.680000,-9.31866050e+01,-6.17713752e+01
210.685000,-9.31864397e+01,-6.17712100e+01
210.690000,-9.31862750e+01,-6.17710452e+01
210.695000,-9.31861108e+01,-6.17708810e+01
210.700000,-9.31859471e+01,-6.17707174e+01
210.705000,-9.31857842e+01,-6.17705544e+01
210.710000,-9.31856221e+01,-6.17703923e+01
210.715000,-9.31854610e+01,-6.17702313e+01
210.720000,-9.31853010e+01,-6.17700713e+01
210.725000,-9.31851420e+01,-6.17699122e+01
210.730000,-9.31849837e+01,-6.17697540e+01
210.735000,-9.31848259e+01,-6.17695961e+01
210.740000,-9.31846681e+01,-6.17694384e+01
210.745000,-9.31845100e+01,-6.17692803e+01
210.750000,-9.31843511e+01,-6.17691214e+01
210.755000,-9.31841908e+01,-6.17689611e+01
210.760000,-9.31840286e+01,-6.17687989e+01
210.765000,-9.31838640e+01,-6.17686343e+01
210.770000,-9.31836965e+01,-6.17684668e+01
210.775000,-9.31835259e+01,-6.17682962e+01
210.780000,-9.31833519e+01,-6.17681221e+01
210.785000,-9.31831742e+01,-6.17679445e+01
210.790000,-9.31829928e+01,-6.17677631e+01
210.795000,-9.31828077e+01,-6.17675780e+01
210.800000,-9.31826191e+01,-6.17673893e+01
210.805000,-9.31824270e+01,-6.17671972e+01
210.810000,-9.31822317e+01,-6.17670020e+01
210.815000,-9.31820337e+01,-6.17668040e+01
210.820000,-9.31818334e+01,-6.17666037e+01
210.825000,-9.31816312e+01,-6.17664015e+01
210.830000,-9.31814277e+01,-6.17661980e+01
210.835000,-9.31812233e+01,-6.17659936e+01
210.840000,-9.31810184e+01,-6.17657887e+01
210.845000,-9.31808135e+01,-6.17655838e+01
210.850000,-9.31806091e+01,-6.17653794e+01
210.855000,-9.31804054e+01,-6.17651757e+01
210.860000,-9.31802030e+01,-6.17649733e+01
210.865000,-9.31800020e+01,-6.17647723e+01
210.870000,-9.31798028e+01,-6.17645731e+01
210.875000,-9.31796055e+01,-6.17643758e+01
210.880000,-9.31794102e+01,-6.17641805e+01
210.885000,-9.31792167e+01,-6.17639870e+01
210.890000,-9.31790249e+01,-6.17637952e+01
210.895000,-9.31788348e+01,-6.17636051e+01
210.900000,-9.31786460e+01,-6.17634164e+01
210.905000,-9.31784585e+01,-6.17632288e+01
210.910000,-9.31782720e+01,-6.17630423e+01
210.915000,-9.31780860e+01,-6.17628563e+01
210.920000,-9.31779001e+01,-6.17626704e+01
210.925000,-9.31777137e+01,-6.17624840e+01
210.930000,-9.31775263e+01,-6.17622966e+01
210.935000,-9.31773376e+01,-6.17621079e+01
210.940000,-9.31771470e+01,-6.17619174e+01
210.945000,-9.31769546e+01,-6.17617249e+01
210.950000,-9.31767602e+01,-6.17615305e+01
210.955000,-9.31765639e+01,-6.17613342e+01
210.960000,-9.31763659e+01,-6.17611363e+01
210.965000,-9.31761666e+01,-6.17609369e+01
210.970000,-9.31759662e+01,-6.17607365e+01
210.975000,-9.31757649e+01,-6.17605353e+01
210.980000,-9.31755630e+01,-6.17603334e+01
210.985000,-9.31753606e+01,-6.17601310e+01
210.990000,-9.31751578e+01,-6.17599281e+01
210.995000,-9.31749547e+01,-6.17597251e+01
211.000000,-9.31747516e+01,-6.17595219e+01
211.005000,-9.31745486e+01,-6.17593190e+01
211.010000,-9.31743460e+01,-6.17591164e+01
211.015000,-9.31741439e+01,-6.17589143e+01
211.020000,-9.31739425e+01,-6.17587129e+01
211.025000,-9.31737419e+01,-6.17585123e+01
211.030000,-9.31735422e+01,-6.17583126e+01
211.035000,-9.31733434e+01,-6.17581137e+01
211.040000,-9.31731454e+01,-6.17579158e+01
211.045000,-9.31729483e+01,-6.17577187e+01
211.050000,-9.31727519e+01,-6.17575223e+01
211.055000,-9.31725559e+01,-6.17573263e+01
211.060000,-9.31723599e+01,-6.17571303e+01
211.065000,-9.31721637e+01,-6.17569340e+01
211.070000,-9.31719667e+01,-6.17567371e+01
211.075000,-9.31717687e+01,-6.17565391e+01
211.080000,-9.31715694e+01,-6.17563398e+01
211.085000,-9.31713686e+01,-6.17561390e+01
211.090000,-9.31711664e+01,-6.17559367e+01
211.095000,-9.31709626e+01,-6.17557330e+01
211.100000,-9.31707574e+01,-6.17555278e+01
211.105000,-9.31705509e+01,-6.17553213e+01
211.110000,-9.31703433e+01,-6.17551137e+01
211.115000,-9.31701346e+01,-6.17549050e+01
211.120000,-9.31699251e+01,-6.17546955e+01
211.125000,-9.31697149e+01,-6.17544853e+01
211.130000,-9.31695042e+01,-6.17542746e+01
211.135000,-9.31692931e+01,-6.17540635e+01
211.140000,-9.31690817e+01,-6.17538521e+01
211.145000,-9.31688701e+01,-6.17536405e+01
211.150000,-9.31686583e+01,-6.17534286e+01
211.155000,-9.31684464e+01,-6.17532168e+01
211.160000,-9.31682346e+01,-6.17530050e+01
211.165000,-9.31680229e+01,-6.17527933e+01
211.170000,-9.31678114e+01,-6.17525818e+01
211.175000,-9.31676002e+01,-6.17523706e+01
211.180000,-9.31673893e+01,-6.17521597e+01
211.185000,-9.31671787e+01,-6.17519491e+01
211.190000,-9.31669684e+01,-6.17517388e+01
211.195000,-9.31667584e+01,-6.17515288e+01
211.200000,-9.31665485e+01,-6.17513189e+01
211.205000,-9.31663385e+01,-6.17511090e+01
211.210000,-9.31661283e+01,-6.17508987e+01
211.215000,-9.31659176e+01,-6.17506880e+01
211.220000,-9.31657062e+01,-6.17504766e+01
211.225000,-9.31654942e+01,-6.17502647e+01
211.230000,-9.31652816e+01,-6.17500520e+01
211.235000,-9.31650684e+01,-6.17498388e+01
211.240000,-9.31648545e+01,-6.17496249e+01
211.245000,-9.31646399e+01,-6.17494104e+01
211.250000,-9.31644246e+01,-6.17491951e+01
211.255000,-9.31642086e+01,-6.17489790e+01
211.260000,-9.31639917e+01,-6.17487621e+01
211.265000,-9.31637741e+01,-6.17485446e+01
211.270000,-9.31635560e+01,-6.17483265e+01
211.275000,-9.31633376e+01,-6.17481080e+01
211.280000,-9.31631190e+01,-6.17478894e+01
211.285000,-9.31629004e+01,-6.17476708e+01
211.290000,-9.31626819e+01,-6.17474524e+01
211.295000,-9.31624637e+01,-6.17472342e+01
211.300000,-9.31622459e+01,-6.17470163e+01
211.305000,-9.31620283e+01,-6.17467988e+01
211.310000,-9.31618113e+01,-6.17465817e+01
211.315000,-9.31615946e+01,-6.17463651e+01
211.320000,-9.31613786e+01,-6.17461490e+01
211.325000,-9.31611631e+01,-6.17459336e+01
211.330000,-9.31609486e+01,-6.17457190e+01
211.335000,-9.31607350e+01,-6.17455054e+01
211.340000,-9.31605225e+01,-6.17452929e+01
211.345000,-9.31603113e+01,-6.17450817e+01
211.350000,-9.31601014e+01,-6.17448718e+01
211.355000,-9.31598928e+01,-6.17446632e+01
211.360000,-9.31596854e+01,-6.17444558e+01
211.365000,-9.31594792e+01,-6.17442496e+01
211.370000,-9.31592741e+01,-6.17440446e+01
211.375000,-9.31590702e+01,-6.17438407e+01
211.380000,-9.31588676e+01,-6.17436381e+01
211.385000,-9.31586664e+01,-6.17434369e+01
211.390000,-9.31584666e+01,-6.17432371e+01
211.395000,-9.31582684e+01,-6.17430389e+01
211.400000,-9.31580716e+01,-6.17428421e+01
211.405000,-9.31578761e+01,-6.17426466e+01
211.410000,-9.31576817e+01,-6.17424522e+01
211.415000,-9.31574882e+01,-6.17422587e+01
211.420000,-9.31572955e+01,-6.17420660e+01
211.425000,-9.31571035e+01,-6.17418740e+01
211.430000,-9.31569122e+01,-6.17416826e+01
211.435000,-9.31567214e+01,-6.17414919e+01
211.440000,-9.31565310e+01,-6.17413015e+01
211.445000,-9.31563410e+01,-6.17411115e+01
211.450000,-9.31561512e+01,-6.17409217e+01
211.455000,-9.31559614e+01,-6.17407319e+01
211.460000,-9.31557715e+01,-6.17405420e+01
211.465000,-9.31555815e+01,-6.17403520e+01
211.470000,-9.31553913e+01,-6.17401618e+01
211.475000,-9.31552010e+01,-6.17399715e+01
211.480000,-9.31550106e+01,-6.17397811e+01
211.485000,-9.31548202e+01,-6.17395907e+01
211.490000,-9.31546297e+01,-6.17394002e+01
211.495000,-9.31544392e+01,-6.17392097e+01
211.500000,-9.31542486e+01,-6.17390191e+01
211.505000,-9.31540575e+01,-6.17388280e+01
211.510000,-9.31538657e+01,-6.17386362e+01
211.515000,-9.31536729e+01,-6.17384434e+01
211.520000,-9.31534788e+01,-6.17382494e+01
211.525000,-9.31532832e+01,-6.17380537e+01
211.530000,-9.31530857e+01,-6.17378562e+01
211.535000,-9.31528863e+01,-6.17376568e+01
211.540000,-9.31526848e+01,-6.17374553e+01
211.545000,-9.31524814e+01,-6.17372519e+01
211.550000,-9.31522763e+01,-6.17370469e+01
211.555000,-9.31520699e+01,-6.17368404e+01
211.560000,-9.31518622e+01,-6.17366327e+01
211.565000,-9.31516537e+01,-6.17364242e+01
211.570000,-9.31514446e+01,-6.17362151e+01
211.575000,-9.31512351e+01,-6.17360056e+01
211.580000,-9.31510252e+01,-6.17357958e+01
211.585000,-9.31508151e+01,-6.17355857e+01
211.590000,-9.31506045e+01,-6.17353751e+01
211.595000,-9.31503935e+01,-6.17351641e+01
211.600000,-9.31501819e+01,-6.17349524e+01
211.605000,-9.31499697e+01,-6.17347402e+01
211.610000,-9.31497567e+01,-6.17345272e+01
211.615000,-9.31495429e+01,-6.17343135e+01
211.620000,-9.31493285e+01,-6.17340991e+01
211.625000,-9.31491136e+01,-6.17338841e+01
211.630000,-9.31488983e+01,-6.17336689e+01
211.635000,-9.31486830e+01,-6.17334536e+01
211.640000,-9.31484680e+01,-6.17332385e+01
211.645000,-9.31482535e+01,-6.17330241e+01
211.650000,-9.31480397e+01,-6.17328103e+01
211.655000,-9.31478267e+01,-6.17325972e+01
211.660000,-9.31476143e+01,-6.17323849e+01
211.665000,-9.31474027e+01,-6.17321732e+01
211.670000,-9.31471917e+01,-6.17319623e+01
211.675000,-9.31469815e+01,-6.17317521e+01
211.680000,-9.31467721e+01,-6.17315427e+01
211.685000,-9.31465636e+01,-6.17313342e+01
211.690000,-9.31463561e+01,-6.17311267e+01
211.695000,-9.31461496e+01,-6.17309202e+01
211.700000,-9.31459443e+01,-6.17307149e+01
211.705000,-9.31457401e+01,-6.17305107e+01
211.710000,-9.31455372e+01,-6.17303078e+01
211.715000,-9.31453356e+01,-6.17301062e+01
211.720000,-9.31451354e+01,-6.17299060e+01
211.725000,-9.31449365e+01,-6.17297071e+01
211.730000,-9.31447388e+01,-6.17295093e+01
211.735000,-9.31445420e+01,-6.17293126e+01
211.740000,-9.31443461e+01,-6.17291167e+01
211.745000,-9.31441509e+01,-6.17289215e+01
211.750000,-9.31439562e+01,-6.17287268e+01
211.755000,-9.31437617e+01,-6.17285323e+01
211.760000,-9.31435676e+01,-6.17283381e+01
211.765000,-9.31433734e+01,-6.17281440e+01
211.770000,-9.31431793e+01,-6.17279499e+01
211.775000,-9.31429852e+01,-6.17277558e+01
211.780000,-9.31427910e+01,-6.17275616e+01
211.785000,-9.31425966e+01,-6.17273672e+01
211.790000,-9.31424019e+01,-6.17271725e+01
211.795000,-9.31422071e+01,-6.17269777e+01
211.800000,-9.31420121e+01,-6.17267827e+01
211.805000,-9.31418169e+01,-6.17265875e+01
211.810000,-9.31416212e+01,-6.17263919e+01
211.815000,-9.31414252e+01,-6.17261958e+01
211.820000,-9.31412286e+01,-6.17259992e+01
211.825000,-9.31410313e+01,-6.17258019e+01
211.830000,-9.31408332e+01,-6.17256039e+01
211.835000,-9.31406342e+01,-6.17254048e+01
211.840000,-9.31404342e+01,-6.17252048e+01
211.845000,-9.31402332e+01,-6.17250038e+01
211.850000,-9.31400314e+01,-6.17248020e+01
211.855000,-9.31398292e+01,-6.17245999e+01
211.860000,-9.31396270e+01,-6.17243976e+01
211.865000,-9.31394251e+01,-6.17241958e+01
211.870000,-9.31392240e+01,-6.17239947e+01
211.875000,-9.31390239e+01,-6.17237945e+01
211.880000,-9.31388245e+01,-6.17235952e+01
211.885000,-9.31386259e+01,-6.17233965e+01
211.890000,-9.31384276e+01,-6.17231983e+01
211.895000,-9.31382293e+01,-6.17229999e+01
211.900000,-9.31380306e+01,-6.17228012e+01
211.905000,-9.31378310e+01,-6.17226016e+01
211.910000,-9.31376303e+01,-6.17224009e+01
211.915000,-9.31374284e+01,-6.17221990e+01
211.920000,-9.31372253e+01,-6.17219959e+01
211.925000,-9.31370210e+01,-6.17217917e+01
211.930000,-9.31368158e+01,-6.17215864e+01
211.935000,-9.31366097e+01,-6.17213804e+01
211.940000,-9.31364030e+01,-6.17211736e+01
211.945000,-9.31361959e+01,-6.17209665e+01
211.950000,-9.31359886e+01,-6.17207592e+01
211.955000,-9.31357812e+01,-6.17205519e+01
211.960000,-9.31355741e+01,-6.17203447e+01
211.965000,-9.31353671e+01,-6.17201378e+01
211.970000,-9.31351605e+01,-6.17199312e+01
211.975000,-9.31349543e+01,-6.17197250e+01
211.980000,-9.31347486e+01,-6.17195193e+01
211.985000,-9.31345437e+01,-6.17193144e+01
211.990000,-9.31343398e+01,-6.17191104e+01
211.995000,-9.31341371e+01,-6.17189078e+01
212.000000,-9.31339362e+01,-6.17187068e+01
212.005000,-9.31337372e+01,-6.17185078e+01
212.010000,-9.31335404e+01,-6.17183111e+01
212.015000,-9.31333461e+01,-6.17181168e+01
212.020000,-9.31331544e+01,-6.17179250e+01
212.025000,-9.31329651e+01,-6.17177358e+01
212.030000,-9.31327781e+01,-6.17175488e+01
212.035000,-9.31325931e+01,-6.17173638e+01
212.040000,-9.31324095e+01,-6.17171802e+01
212.045000,-9.31322272e+01,-6.17169979e+01
212.050000,-9.31320457e+01,-6.17168164e+01
212.055000,-9.31318646e+01,-6.17166353e+01
212.060000,-9.31316836e+01,-6.17164543e+01
212.065000,-9.31315026e+01,-6.17162733e+01
212.070000,-9.31313216e+01,-6.17160923e+01
212.075000,-9.31311405e+01,-6.17159112e+01
212.080000,-9.31309595e+01,-6.17157302e+01
212.085000,-9.31307787e+01,-6.17155494e+01
212.090000,-9.31305981e+01,-6.17153688e+01
212.095000,-9.31304180e+01,-6.17151887e+01
212.100000,-9.31302381e+01,-6.17150088e+01
212.105000,-9.31300585e+01,-6.17148292e+01
212.110000,-9.31298789e+01,-6.17146496e+01
212.115000,-9.31296991e+01,-6.17144698e+01
212.120000,-9.31295189e+01,-6.17142896e+01
212.125000,-9.31293382e+01,-6.17141090e+01
212.130000,-9.31291571e+01,-6.17139278e+01
212.135000,-9.31289754e+01,-6.17137461e+01
212.140000,-9.31287933e+01,-6.17135640e+01
212.145000,-9.31286111e+01,-6.17133818e+01
212.150000,-9.31284289e+01,-6.17131996e+01
212.155000,-9.31282469e+01,-6.17130177e+01
212.160000,-9.31280655e+01,-6.17128362e+01
212.165000,-9.31278845e+01,-6.17126552e+01
212.170000,-9.31277042e+01,-6.17124749e+01
212.175000,-9.31275243e+01,-6.17122950e+01
212.180000,-9.31273448e+01,-6.17121155e+01
212.185000,-9.31271654e+01,-6.17119361e+01
212.190000,-9.31269859e+01,-6.17117566e+01
212.195000,-9.31268059e+01,-6.17115766e+01
212.200000,-9.31266252e+01,-6.17113960e+01
212.205000,-9.31264436e+01,-6.17112144e+01
212.210000,-9.31262608e+01,-6.17110316e+01
212.215000,-9.31260767e+01,-6.17108475e+01
212.220000,-9.31258914e+01,-6.17106621e+01
212.225000,-9.31257047e+01,-6.17104755e+01
212.230000,-9.31255168e+01,-6.17102876e+01
212.235000,-9.31253278e+01,-6.17100985e+01
212.240000,-9.31251376e+01,-6.17099083e+01
212.245000,-9.31249463e+01,-6.17097170e+01
212.250000,-9.31247539e+01,-6.17095246e+01
212.255000,-9.31245603e+01,-6.17093311e+01
212.260000,-9.31243656e+01,-6.17091364e+01
212.265000,-9.31241700e+01,-6.17089407e+01
212.270000,-9.31239736e+01,-6.17087443e+01
212.275000,-9.31237768e+01,-6.17085476e+01
212.280000,-9.31235801e+01,-6.17083509e+01
212.285000,-9.31233839e+01,-6.17081546e+01
212.290000,-9.31231884e+01,-6.17079591e+01
212.295000,-9.31229940e+01,-6.17077648e+01
212.300000,-9.31228009e+01,-6.17075716e+01
212.305000,-9.31226092e+01,-6.17073799e+01
212.310000,-9.31224189e+01,-6.17071897e+01
212.315000,-9.31222300e+01,-6.17070007e+01
212.320000,-9.31220423e+01,-6.17068130e+01
212.325000,-9.31218555e+01,-6.17066263e+01
212.330000,-9.31216694e+01,-6.17064402e+01
212.335000,-9.31214836e+01,-6.17062544e+01
212.340000,-9.31212980e+01,-6.17060688e+01
212.345000,-9.31211124e+01,-6.17058832e+01
212.350000,-9.31209267e+01,-6.17056975e+01
212.355000,-9.31207408e+01,-6.17055116e+01
212.360000,-9.31205549e+01,-6.17053257e+01
212.365000,-9.31203690e+01,-6.17051398e+01
212.370000,-9.31201832e+01,-6.17049540e+01
212.375000,-9.31199976e+01,-6.17047684e+01
212.380000,-9.31198124e+01,-6.17045832e+01
212.385000,-9.31196275e+01,-6.17043983e+01
212.390000,-9.31194429e+01,-6.17042137e+01
212.395000,-9.31192586e+01,-6.17040294e+01
212.400000,-9.31190743e+01,-6.17038451e+01
212.405000,-9.31188901e+01,-6.17036609e+01
212.410000,-9.31187057e+01,-6.17034765e+01
212.415000,-9.31185210e+01,-6.17032918e+01
212.420000,-9.31183362e+01,-6.17031070e+01
212.425000,-9.31181512e+01,-6.17029220e+01
212.430000,-9.31179662e+01,-6.17027370e+01
212.435000,-9.31177814e+01,-6.17025522e+01
212.440000,-9.31175968e+01,-6.17023676e+01
212.445000,-9.31174126e+01,-6.17021835e+01
212.450000,-9.31172289e+01,-6.17019997e+01
212.455000,-9.31170456e+01,-6.17018165e+01
212.460000,-9.31168628e+01,-6.17016336e+01
212.465000,-9.31166802e+01,-6.17014510e+01
212.470000,-9.31164979e+01,-6.17012687e+01
212.475000,-9.31163156e+01,-6.17010864e+01
212.480000,-9.31161331e+01,-6.17009039e+01
212.485000,-9.31159504e+01,-6.17007213e+01
212.490000,-9.31157674e+01,-6.17005383e+01
212.495000,-9.31155843e+01,-6.17003551e+01
212.500000,-9.31154011e+01,-6.17001720e+01
212.505000,-9.31152182e+01,-6.16999890e+01
212.510000,-9.31150357e+01,-6.16998065e+01
212.515000,-9.31148538e+01,-6.16996246e+01
212.520000,-9.31146728e+01,-6.16994436e+01
212.525000,-9.31144927e+01,-6.16992635e+01
212.530000,-9.31143137e+01,-6.16990846e+01
212.535000,-9.31141359e+01,-6.16989067e+01
212.540000,-9.31139591e+01,-6.16987300e+01
212.545000,-9.31137834e+01,-6.16985543e+01
212.550000,-9.31136087e+01,-6.16983795e+01
212.555000,-9.31134348e+01,-6.16982056e+01
212.560000,-9.31132616e+01,-6.16980325e+01
212.565000,-9.31130893e+01,-6.16978602e+01
212.570000,-9.31129178e+01,-6.16976887e+01
212.575000,-9.31127473e+01,-6.16975181e+01
212.580000,-9.31125777e+01,-6.16973485e+01
212.585000,-9.31124093e+01,-6.16971801e+01
212.590000,-9.31122421e+01,-6.16970129e+01
212.595000,-9.31120763e+01,-6.16968472e+01
212.600000,-9.31119120e+01,-6.16966828e+01
212.605000,-9.31117490e+01,-6.16965199e+01
212.610000,-9.31115872e+01,-6.16963581e+01
212.615000,-9.31114264e+01,-6.16961972e+01
212.620000,-9.31112661e+01,-6.16960369e+01
212.625000,-9.31111059e+01,-6.16958768e+01
212.630000,-9.31109458e+01,-6.16957167e+01
212.635000,-9.31107855e+01,-6.16955564e+01
212.640000,-9.31106250e+01,-6.16953958e+01
212.645000,-9.31104642e+01,-6.16952351e+01
212.650000,-9.31103033e+01,-6.16950742e+01
212.655000,-9.31101424e+01,-6.16949133e+01
212.660000,-9.31099818e+01,-6.16947527e+01
212.665000,-9.31098217e+01,-6.16945926e+01
212.670000,-9.31096624e+01,-6.16944333e+01
212.675000,-9.31095040e+01,-6.16942749e+01
212.680000,-9.31093468e+01,-6.16941177e+01
212.685000,-9.31091909e+01,-6.16939617e+01
212.690000,-9.31090362e+01,-6.16938071e+01
212.695000,-9.31088829e+01,-6.16936538e+01
212.700000,-9.31087309e+01,-6.16935017e+01
212.705000,-9.31085799e+01,-6.16933508e+01
212.710000,-9.31084300e+01,-6.16932009e+01
212.715000,-9.31082810e+01,-6.16930519e+01
212.720000,-9.31081328e+01,-6.16929037e+01
212.725000,-9.31079852e+01,-6.16927561e+01
212.730000,-9.31078383e+01,-6.16926092e+01
212.735000,-9.31076920e+01,-6.16924629e+01
212.740000,-9.31075464e+01,-6.16923173e+01
212.745000,-9.31074014e+01,-6.16921723e+01
212.750000,-9.31072569e+01,-6.16920278e+01
212.755000,-9.31071128e+01,-6.16918837e+01
212.760000,-9.31069686e+01,-6.16917395e+01
212.765000,-9.31068239e+01,-6.16915948e+01
212.770000,-9.31066782e+01,-6.16914491e+01
212.775000,-9.31065313e+01,-6.16913023e+01
212.780000,-9.31063830e+01,-6.16911539e+01
212.785000,-9.31062333e+01,-6.16910042e+01
212.790000,-9.31060822e+01,-6.16908531e+01
212.795000,-9.31059303e+01,-6.16907012e+01
212.800000,-9.31057777e+01,-6.16905487e+01
212.805000,-9.31056251e+01,-6.16903960e+01
212.810000,-9.31054728e+01,-6.16902437e+01
212.815000,-9.31053211e+01,-6.16900920e+01
212.820000,-9.31051703e+01,-6.16899412e+01
212.825000,-9.31050204e+01,-6.16897913e+01
212.830000,-9.31048715e+01,-6.16896424e+01
212.835000,-9.31047236e+01,-6.16894945e+01
212.840000,-9.31045765e+01,-6.16893474e+01
212.845000,-9.31044301e+01,-6.16892011e+01
212.850000,-9.31042845e+01,-6.16890554e+01
212.855000,-9.31041394e+01,-6.16889103e+01
212.860000,-9.31039948e+01,-6.16887657e+01
212.865000,-9.31038508e+01,-6.16886217e+01
212.870000,-9.31037073e+01,-6.16884783e+01
212.875000,-9.31035645e+01,-6.16883354e+01
212.880000,-9.31034223e+01,-6.16881932e+01
212.885000,-9.31032807e+01,-6.16880516e+01
212.890000,-9.31031397e+01,-6.16879107e+01
212.895000,-9.31029994e+01,-6.16877703e+01
212.900000,-9.31028595e+01,-6.16876305e+01
212.905000,-9.31027200e+01,-6.16874909e+01
212.910000,-9.31025803e+01,-6.16873513e+01
212.915000,-9.31024403e+01,-6.16872112e+01
212.920000,-9.31022994e+01,-6.16870704e+01
212.925000,-9.31021576e+01,-6.16869285e+01
212.930000,-9.31020145e+01,-6.16867854e+01
212.935000,-9.31018703e+01,-6.16866412e+01
212.940000,-9.31017252e+01,-6.16864961e+01
212.945000,-9.31015794e+01,-6.16863503e+01
212.950000,-9.31014334e+01,-6.16862043e+01
212.955000,-9.31012876e+01,-6.16860585e+01
212.960000,-9.31011422e+01,-6.16859132e+01
212.965000,-9.31009977e+01,-6.16857687e+01
212.970000,-9.31008543e+01,-6.16856253e+01
212.975000,-9.31007122e+01,-6.16854832e+01
212.980000,-9.31005717e+01,-6.16853426e+01
212.985000,-9.31004327e+01,-6.16852037e+01
212.990000,-9.31002956e+01,-6.16850665e+01
212.995000,-9.31001601e+01,-6.16849311e+01
213.000000,-9.31000263e+01,-6.16847972e+01
213.005000,-9.30998938e+01,-6.16846648e+01
213.010000,-9.30997625e+01,-6.16845335e+01
213.015000,-9.30996321e+01,-6.16844031e+01
213.020000,-9.30995024e+01,-6.16842733e+01
213.025000,-9.30993731e+01,-6.16841440e+01
213.030000,-9.30992441e+01,-6.16840151e+01
213.035000,-9.30991154e+01,-6.16838864e+01
213.040000,-9.30989870e+01,-6.16837579e+01
213.045000,-9.30988585e+01,-6.16836295e+01
213.050000,-9.30987299e+01,-6.16835009e+01
213.055000,-9.30986011e+01,-6.16833720e+01
213.060000,-9.30984717e+01,-6.16832427e+01
213.065000,-9.30983415e+01,-6.16831125e+01
213.070000,-9.30982103e+01,-6.16829813e+01
213.075000,-9.30980778e+01,-6.16828488e+01
213.080000,-9.30979441e+01,-6.16827150e+01
213.085000,-9.30978091e+01,-6.16825801e+01
213.090000,-9.30976732e+01,-6.16824442e+01
213.095000,-9.30975368e+01,-6.16823078e+01
213.100000,-9.30974002e+01,-6.16821712e+01
213.105000,-9.30972640e+01,-6.16820349e+01
213.110000,-9.30971283e+01,-6.16818993e+01
213.115000,-9.30969935e+01,-6.16817645e+01
213.120000,-9.30968596e+01,-6.16816306e+01
213.125000,-9.30967268e+01,-6.16814978e+01
213.130000,-9.30965949e+01,-6.16813659e+01
213.135000,-9.30964639e+01,-6.16812349e+01
213.140000,-9.30963336e+01,-6.16811046e+01
213.145000,-9.30962040e+01,-6.16809750e+01
213.150000,-9.30960749e+01,-6.16808459e+01
213.155000,-9.30959460e+01,-6.16807170e+01
213.160000,-9.30958174e+01,-6.16805884e+01
213.165000,-9.30956890e+01,-6.16804600e+01
213.170000,-9.30955606e+01,-6.16803316e+01
213.175000,-9.30954324e+01,-6.16802034e+01
213.180000,-9.30953044e+01,-6.16800754e+01
213.185000,-9.30951767e+01,-6.16799477e+01
213.190000,-9.30950492e+01,-6.16798202e+01
213.195000,-9.30949220e+01,-6.16796930e+01
213.200000,-9.30947949e+01,-6.16795659e+01
213.205000,-9.30946678e+01,-6.16794388e+01
213.210000,-9.30945405e+01,-6.16793115e+01
213.215000,-9.30944128e+01,-6.16791838e+01
213.220000,-9.30942848e+01,-6.16790558e+01
213.225000,-9.30941564e+01,-6.16789274e+01
213.230000,-9.30940276e+01,-6.16787986e+01
213.235000,-9.30938985e+01,-6.16786695e+01
213.240000,-9.30937692e+01,-6.16785403e+01
213.245000,-9.30936400e+01,-6.16784111e+01
213.250000,-9.30935111e+01,-6.16782821e+01
213.255000,-9.30933825e+01,-6.16781535e+01
213.260000,-9.30932545e+01,-6.16780255e+01
213.265000,-9.30931270e+01,-6.16778981e+01
213.270000,-9.30930004e+01,-6.16777714e+01
213.275000,-9.30928745e+01,-6.16776455e+01
213.280000,-9.30927496e+01,-6.16775207e+01
213.285000,-9.30926258e+01,-6.16773969e+01
213.290000,-9.30925032e+01,-6.16772743e+01
213.295000,-9.30923819e+01,-6.16771530e+01
213.300000,-9.30922620e+01,-6.16770330e+01
213.305000,-9.30921433e+01,-6.16769143e+01
213.310000,-9.30920259e+01,-6.16767970e+01
213.315000,-9.30919098e+01,-6.16766808e+01
213.320000,-9.30917948e+01,-6.16765658e+01
213.325000,-9.30916807e+01,-6.16764518e+01
213.330000,-9.30915675e+01,-6.16763386e+01
213.335000,-9.30914549e+01,-6.16762260e+01
213.340000,-9.30913427e+01,-6.16761137e+01
213.345000,-9.30912304e+01,-6.16760014e+01
213.350000,-9.30911177e+01,-6.16758888e+01
213.355000,-9.30910044e+01,-6.16757754e+01
213.360000,-9.30908899e+01,-6.16756610e+01
213.365000,-9.30907741e+01,-6.16755451e+01
213.370000,-9.30906565e+01,-6.16754275e+01
213.375000,-9.30905371e+01,-6.16753081e+01
213.380000,-9.30904158e+01,-6.16751869e+01
213.385000,-9.30902927e+01,-6.16750638e+01
213.390000,-9.30901680e+01,-6.16749391e+01
213.395000,-9.30900420e+01,-6.16748130e+01
213.400000,-9.30899149e+01,-6.16746860e+01
213.405000,-9.30897872e+01,-6.16745582e+01
213.410000,-9.30896589e+01,-6.16744300e+01
213.415000,-9.30895304e+01,-6.16743014e+01
213.420000,-9.30894017e+01,-6.16741727e+01
213.425000,-9.30892729e+01,-6.16740439e+01
213.430000,-9.30891441e+01,-6.16739152e+01
213.435000,-9.30890154e+01,-6.16737865e+01
213.440000,-9.30888869e+01,-6.16736580e+01
213.445000,-9.30887586e+01,-6.16735297e+01
213.450000,-9.30886305e+01,-6.16734016e+01
213.455000,-9.30885027e+01,-6.16732738e+01
213.460000,-9.30883752e+01,-6.16731463e+01
213.465000,-9.30882480e+01,-6.16730191e+01
213.470000,-9.30881213e+01,-6.16728923e+01
213.475000,-9.30879949e+01,-6.16727659e+01
213.480000,-9.30878689e+01,-6.16726400e+01
213.485000,-9.30877434e+01,-6.16725144e+01
213.490000,-9.30876182e+01,-6.16723893e+01
213.495000,-9.30874935e+01,-6.16722645e+01
213.500000,-9.30873691e+01,-6.16721402e+01
213.505000,-9.30872451e+01,-6.16720162e+01
213.510000,-9.30871214e+01,-6.16718925e+01
213.515000,-9.30869981e+01,-6.16717692e+01
213.520000,-9.30868751e+01,-6.16716462e+01
213.525000,-9.30867526e+01,-6.16715237e+01
213.530000,-9.30866306e+01,-6.16714017e+01
213.535000,-9.30865093e+01,-6.16712804e+01
213.540000,-9.30863887e+01,-6.16711598e+01
213.545000,-9.30862690e+01,-6.16710401e+01
213.550000,-9.30861503e+01,-6.16709214e+01
213.555000,-9.30860326e+01,-6.16708037e+01
213.560000,-9.30859159e+01,-6.16706870e+01
213.565000,-9.30858002e+01,-6.16705713e+01
213.570000,-9.30856856e+01,-6.16704567e+01
213.575000,-9.30855721e+01,-6.16703432e+01
213.580000,-9.30854596e+01,-6.16702307e+01
213.585000,-9.30853482e+01,-6.16701193e+01
213.590000,-9.30852378e+01,-6.16700088e+01
213.595000,-9.30851282e+01,-6.16698992e+01
213.600000,-9.30850193e+01,-6.16697904e+01
213.605000,-9.30849109e+01,-6.16696820e+01
213.610000,-9.30848030e+01,-6.16695741e+01
213.615000,-9.30846952e+01,-6.16694663e+01
213.620000,-9.30845875e+01,-6.16693586e+01
213.625000,-9.30844799e+01,-6.16692510e+01
213.630000,-9.30843723e+01,-6.16691433e+01
213.635000,-9.30842646e+01,-6.16690357e+01
213.640000,-9.30841570e+01,-6.16689281e+01
213.645000,-9.30840494e+01,-6.16688205e+01
213.650000,-9.30839416e+01,-6.16687127e+01
213.655000,-9.30838336e+01,-6.16686046e+01
213.660000,-9.30837250e+01,-6.16684961e+01
213.665000,-9.30836158e+01,-6.16683869e+01
213.670000,-9.30835058e+01,-6.16682769e+01
213.675000,-9.30833950e+01,-6.16681661e+01
213.680000,-9.30832834e+01,-6.16680545e+01
213.685000,-9.30831712e+01,-6.16679423e+01
213.690000,-9.30830583e+01,-6.16678294e+01
213.695000,-9.30829450e+01,-6.16677161e+01
213.700000,-9.30828312e+01,-6.16676023e+01
213.705000,-9.30827169e+01,-6.16674880e+01
213.710000,-9.30826021e+01,-6.16673732e+01
213.715000,-9.30824869e+01,-6.16672580e+01
213.720000,-9.30823711e+01,-6.16671422e+01
213.725000,-9.30822550e+01,-6.16670261e+01
213.730000,-9.30821387e+01,-6.16669098e+01
213.735000,-9.30820223e+01,-6.16667934e+01
213.740000,-9.30819059e+01,-6.16666770e+01
213.745000,-9.30817898e+01,-6.16665609e+01
213.750000,-9.30816740e+01,-6.16664451e+01
213.755000,-9.30815586e+01,-6.16663297e+01
213.760000,-9.30814437e+01,-6.16662148e+01
213.765000,-9.30813292e+01,-6.16661003e+01
213.770000,-9.30812152e+01,-6.16659864e+01
213.775000,-9.30811017e+01,-6.16658729e+01
213.780000,-9.30809887e+01,-6.16657598e+01
213.785000,-9.30808762e+01,-6.16656473e+01
213.790000,-9.30807643e+01,-6.16655354e+01
213.795000,-9.30806530e+01,-6.16654241e+01
213.800000,-9.30805424e+01,-6.16653135e+01
213.805000,-9.30804325e+01,-6.16652037e+01
213.810000,-9.30803236e+01,-6.16650947e+01
213.815000,-9.30802155e+01,-6.16649867e+01
213.820000,-9.30801085e+01,-6.16648797e+01
213.825000,-9.30800027e+01,-6.16647739e+01
213.830000,-9.30798982e+01,-6.16646694e+01
213.835000,-9.30797952e+01,-6.16645663e+01
213.840000,-9.30796938e+01,-6.16644649e+01
213.845000,-9.30795941e+01,-6.16643652e+01
213.850000,-9.30794962e+01,-6.16642674e+01
213.855000,-9.30794003e+01,-6.16641714e+01
213.860000,-9.30793063e+01,-6.16640775e+01
213.865000,-9.30792143e+01,-6.16639854e+01
213.870000,-9.30791241e+01,-6.16638952e+01
213.875000,-9.30790357e+01,-6.16638069e+01
213.880000,-9.30789491e+01,-6.16637202e+01
213.885000,-9.30788640e+01,-6.16636352e+01
213.890000,-9.30787803e+01,-6.16635514e+01
213.895000,-9.30786977e+01,-6.16634688e+01
213.900000,-9.30786159e+01,-6.16633871e+01
213.905000,-9.30785349e+01,-6.16633060e+01
213.910000,-9.30784543e+01,-6.16632254e+01
213.915000,-9.30783740e+01,-6.16631451e+01
213.920000,-9.30782937e+01,-6.16630649e+01
213.925000,-9.30782135e+01,-6.16629846e+01
213.930000,-9.30781331e+01,-6.16629042e+01
213.935000,-9.30780525e+01,-6.16628236e+01
213.940000,-9.30779716e+01,-6.16627428e+01
213.945000,-9.30778904e+01,-6.16626616e+01
213.950000,-9.30778089e+01,-6.16625801e+01
213.955000,-9.30777269e+01,-6.16624981e+01
213.960000,-9.30776445e+01,-6.16624156e+01
213.965000,-9.30775613e+01,-6.16623325e+01
213.970000,-9.30774774e+01,-6.16622485e+01
213.975000,-9.30773924e+01,-6.16621636e+01
213.980000,-9.30773065e+01,-6.16620777e+01
213.985000,-9.30772196e+01,-6.16619907e+01
213.990000,-9.30771315e+01,-6.16619027e+01
213.995000,-9.30770424e+01,-6.16618136e+01
214.000000,-9.30769523e+01,-6.16617235e+01
214.005000,-9.30768613e+01,-6.16616325e+01
214.010000,-9.30767696e+01,-6.16615408e+01
214.015000,-9.30766773e+01,-6.16614485e+01
214.020000,-9.30765845e+01,-6.16613557e+01
214.025000,-9.30764914e+01,-6.16612625e+01
214.030000,-9.30763979e+01,-6.16611691e+01
214.035000,-9.30763042e+01,-6.16610754e+01
214.040000,-9.30762105e+01,-6.16609816e+01
214.045000,-9.30761166e+01,-6.16608878e+01
214.050000,-9.30760228e+01,-6.16607940e+01
214.055000,-9.30759291e+01,-6.16607002e+01
214.060000,-9.30758354e+01,-6.16606065e+01
214.065000,-9.30757418e+01,-6.16605129e+01
214.070000,-9.30756483e+01,-6.16604194e+01
214.075000,-9.30755550e+01,-6.16603262e+01
214.080000,-9.30754621e+01,-6.16602333e+01
214.085000,-9.30753698e+01,-6.16601410e+01
214.090000,-9.30752784e+01,-6.16600495e+01
214.095000,-9.30751879e+01,-6.16599591e+01
214.100000,-9.30750987e+01,-6.16598699e+01
214.105000,-9.30750110e+01,-6.16597821e+01
214.110000,-9.30749248e+01,-6.16596960e+01
214.115000,-9.30748404e+01,-6.16596116e+01
214.120000,-9.30747579e+01,-6.16595291e+01
214.125000,-9.30746775e+01,-6.16594487e+01
214.130000,-9.30745993e+01,-6.16593705e+01
214.135000,-9.30745235e+01,-6.16592946e+01
214.140000,-9.30744500e+01,-6.16592212e+01
214.145000,-9.30743790e+01,-6.16591502e+01
214.150000,-9.30743105e+01,-6.16590817e+01
214.155000,-9.30742444e+01,-6.16590156e+01
214.160000,-9.30741807e+01,-6.16589519e+01
214.165000,-9.30741193e+01,-6.16588905e+01
214.170000,-9.30740602e+01,-6.16588314e+01
214.175000,-9.30740031e+01,-6.16587743e+01
214.180000,-9.30739480e+01,-6.16587192e+01
214.185000,-9.30738945e+01,-6.16586657e+01
214.190000,-9.30738423e+01,-6.16586135e+01
214.195000,-9.30737912e+01,-6.16585624e+01
214.200000,-9.30737406e+01,-6.16585118e+01
214.205000,-9.30736903e+01,-6.16584615e+01
214.210000,-9.30736399e+01,-6.16584111e+01
214.215000,-9.30735890e+01,-6.16583602e+01
214.220000,-9.30735373e+01,-6.16583085e+01
214.225000,-9.30734846e+01,-6.16582558e+01
214.230000,-9.30734309e+01,-6.16582021e+01
214.235000,-9.30733759e+01,-6.16581471e+01
214.240000,-9.30733196e+01,-6.16580908e+01
214.245000,-9.30732621e+01,-6.16580333e+01
214.250000,-9.30732032e+01,-6.16579744e+01
214.255000,-9.30731432e+01,-6.16579144e+01
214.260000,-9.30730821e+01,-6.16578532e+01
214.265000,-9.30730200e+01,-6.16577912e+01
214.270000,-9.30729571e+01,-6.16577282e+01
214.275000,-9.30728933e+01,-6.16576645e+01
214.280000,-9.30728288e+01,-6.16576000e+01
214.285000,-9.30727636e+01,-6.16575348e+01
214.290000,-9.30726976e+01,-6.16574688e+01
214.295000,-9.30726310e+01,-6.16574022e+01
214.300000,-9.30725638e+01,-6.16573350e+01
214.305000,-9.30724961e+01,-6.16572673e+01
214.310000,-9.30724280e+01,-6.16571992e+01
214.315000,-9.30723595e+01,-6.16571307e+01
214.320000,-9.30722906e+01,-6.16570618e+01
214.325000,-9.30722213e+01,-6.16569925e+01
214.330000,-9.30721516e+01,-6.16569228e+01
214.335000,-9.30720812e+01,-6.16568524e+01
214.340000,-9.30720102e+01,-6.16567814e+01
214.345000,-9.30719382e+01,-6.16567094e+01
214.350000,-9.30718653e+01,-6.16566365e+01
214.355000,-9.30717915e+01,-6.16565627e+01
214.360000,-9.30717169e+01,-6.16564881e+01
214.365000,-9.30716416e+01,-6.16564128e+01
214.370000,-9.30715658e+01,-6.16563370e+01
214.375000,-9.30714899e+01,-6.16562611e+01
214.380000,-9.30714140e+01,-6.16561852e+01
214.385000,-9.30713383e+01,-6.16561095e+01
214.390000,-9.30712630e+01,-6.16560342e+01
214.395000,-9.30711883e+01,-6.16559595e+01
214.400000,-9.30711141e+01,-6.16558853e+01
214.405000,-9.30710407e+01,-6.16558119e+01
214.410000,-9.30709682e+01,-6.16557395e+01
214.415000,-9.30708970e+01,-6.16556682e+01
214.420000,-9.30708271e+01,-6.16555983e+01
214.425000,-9.30707586e+01,-6.16555298e+01
214.430000,-9.30706916e+01,-6.16554628e+01
214.435000,-9.30706261e+01,-6.16553973e+01
214.440000,-9.30705622e+01,-6.16553334e+01
214.445000,-9.30704998e+01,-6.16552710e+01
214.450000,-9.30704392e+01,-6.16552104e+01
214.455000,-9.30703803e+01,-6.16551515e+01
214.460000,-9.30703234e+01,-6.16550946e+01
214.465000,-9.30702684e+01,-6.16550396e+01
214.470000,-9.30702154e+01,-6.16549866e+01
214.475000,-9.30701645e+01,-6.16549357e+01
214.480000,-9.30701156e+01,-6.16548868e+01
214.485000,-9.30700684e+01,-6.16548396e+01
214.490000,-9.30700228e+01,-6.16547941e+01
214.495000,-9.30699787e+01,-6.16547499e+01
214.500000,-9.30699356e+01,-6.16547069e+01
214.505000,-9.30698936e+01,-6.16546648e+01
214.510000,-9.30698523e+01,-6.16546236e+01
214.515000,-9.30698118e+01,-6.16545830e+01
214.520000,-9.30697717e+01,-6.16545430e+01
214.525000,-9.30697323e+01,-6.16545035e+01
214.530000,-9.30696933e+01,-6.16544646e+01
214.535000,-9.30696549e+01,-6.16544261e+01
214.540000,-9.30696170e+01,-6.16543882e+01
214.545000,-9.30695794e+01,-6.16543506e+01
214.550000,-9.30695418e+01,-6.16543131e+01
214.555000,-9.30695042e+01,-6.16542754e+01
214.560000,-9.30694662e+01,-6.16542374e+01
214.565000,-9.30694275e+01,-6.16541987e+01
214.570000,-9.30693877e+01,-6.16541589e+01
214.575000,-9.30693466e+01,-6.16541179e+01
214.580000,-9.30693040e+01,-6.16540752e+01
214.585000,-9.30692596e+01,-6.16540309e+01
214.590000,-9.30692134e+01,-6.16539846e+01
214.595000,-9.30691652e+01,-6.16539365e+01
214.600000,-9.30691153e+01,-6.16538865e+01
214.605000,-9.30690636e+01,-6.16538348e+01
214.610000,-9.30690106e+01,-6.16537818e+01
214.615000,-9.30689564e+01,-6.16537277e+01
214.620000,-9.30689016e+01,-6.16536729e+01
214.625000,-9.30688465e+01,-6.16536177e+01
214.630000,-9.30687912e+01,-6.16535624e+01
214.635000,-9.30687361e+01,-6.16535073e+01
214.640000,-9.30686812e+01,-6.16534524e+01
214.645000,-9.30686267e+01,-6.16533979e+01
214.650000,-9.30685725e+01,-6.16533437e+01
214.655000,-9.30685186e+01,-6.16532898e+01
214.660000,-9.30684647e+01,-6.16532359e+01
214.665000,-9.30684109e+01,-6.16531821e+01
214.670000,-9.30683569e+01,-6.16531281e+01
214.675000,-9.30683028e+01,-6.16530741e+01
214.680000,-9.30682486e+01,-6.16530198e+01
214.685000,-9.30681942e+01,-6.16529654e+01
214.690000,-9.30681397e+01,-6.16529109e+01
214.695000,-9.30680850e+01,-6.16528563e+01
214.700000,-9.30680303e+01,-6.16528016e+01
214.705000,-9.30679756e+01,-6.16527468e+01
214.710000,-9.30679208e+01,-6.16526921e+01
214.715000,-9.30678660e+01,-6.16526372e+01
214.720000,-9.30678110e+01,-6.16525822e+01
214.725000,-9.30677559e+01,-6.16525271e+01
214.730000,-9.30677009e+01,-6.16524721e+01
214.735000,-9.30676460e+01,-6.16524173e+01
214.740000,-9.30675916e+01,-6.16523628e+01
214.745000,-9.30675377e+01,-6.16523090e+01
214.750000,-9.30674848e+01,-6.16522560e+01
214.755000,-9.30674329e+01,-6.16522042e+01
214.760000,-9.30673825e+01,-6.16521537e+01
214.765000,-9.30673337e+01,-6.16521049e+01
214.770000,-9.30672868e+01,-6.16520581e+01
214.775000,-9.30672422e+01,-6.16520134e+01
214.780000,-9.30672000e+01,-6.16519712e+01
214.785000,-9.30671604e+01,-6.16519316e+01
214.790000,-9.30671235e+01,-6.16518948e+01
214.795000,-9.30670894e+01,-6.16518607e+01
214.800000,-9.30670580e+01,-6.16518293e+01
214.805000,-9.30670294e+01,-6.16518006e+01
214.810000,-9.30670033e+01,-6.16517745e+01
214.815000,-9.30669796e+01,-6.16517508e+01
214.820000,-9.30669581e+01,-6.16517294e+01
214.825000,-9.30669386e+01,-6.16517099e+01
214.830000,-9.30669208e+01,-6.16516921e+01
214.835000,-9.30669043e+01,-6.16516756e+01
214.840000,-9.30668888e+01,-6.16516601e+01
214.845000,-9.30668739e+01,-6.16516451e+01
214.850000,-9.30668591e+01,-6.16516303e+01
214.855000,-9.30668440e+01,-6.16516153e+01
214.860000,-9.30668283e+01,-6.16515996e+01
214.865000,-9.30668117e+01,-6.16515829e+01
214.870000,-9.30667939e+01,-6.16515652e+01
214.875000,-9.30667749e+01,-6.16515461e+01
214.880000,-9.30667547e+01,-6.16515259e+01
214.885000,-9.30667333e+01,-6.16515046e+01
214.890000,-9.30667111e+01,-6.16514823e+01
214.895000,-9.30666882e+01,-6.16514595e+01
214.900000,-9.30666650e+01,-6.16514363e+01
214.905000,-9.30666419e+01,-6.16514131e+01
214.910000,-9.30666189e+01,-6.16513902e+01
214.915000,-9.30665965e+01,-6.16513678e+01
214.920000,-9.30665749e+01,-6.16513462e+01
214.925000,-9.30665543e+01,-6.16513256e+01
214.930000,-9.30665350e+01,-6.16513063e+01
214.935000,-9.30665172e+01,-6.16512885e+01
214.940000,-9.30665011e+01,-6.16512724e+01
214.945000,-9.30664869e+01,-6.16512582e+01
214.950000,-9.30664747e+01,-6.16512460e+01
214.955000,-9.30664647e+01,-6.16512359e+01
214.960000,-9.30664568e+01,-6.16512281e+01
214.965000,-9.30664511e+01,-6.16512224e+01
214.970000,-9.30664473e+01,-6.16512186e+01
214.975000,-9.30664450e+01,-6.16512163e+01
214.980000,-9.30664437e+01,-6.16512150e+01
214.985000,-9.30664429e+01,-6.16512142e+01
214.990000,-9.30664422e+01,-6.16512134e+01
214.995000,-9.30664409e+01,-6.16512122e+01
215.000000,-9.30664390e+01,-6.16512102e+01
215.005000,-9.30664362e+01,-6.16512074e+01
215.010000,-9.30664323e+01,-6.16512036e+01
215.015000,-9.30664274e+01,-6.16511987e+01
215.020000,-9.30664215e+01,-6.16511928e+01
215.025000,-9.30664148e+01,-6.16511861e+01
215.030000,-9.30664075e+01,-6.16511787e+01
215.035000,-9.30663997e+01,-6.16511710e+01
215.040000,-9.30663920e+01,-6.16511632e+01
215.045000,-9.30663845e+01,-6.16511558e+01
215.050000,-9.30663779e+01,-6.16511492e+01
215.055000,-9.30663727e+01,-6.16511440e+01
215.060000,-9.30663694e+01,-6.16511407e+01
215.065000,-9.30663686e+01,-6.16511399e+01
215.070000,-9.30663708e+01,-6.16511421e+01
215.075000,-9.30663764e+01,-6.16511477e+01
215.080000,-9.30663858e+01,-6.16511570e+01
215.085000,-9.30663991e+01,-6.16511703e+01
215.090000,-9.30664164e+01,-6.16511876e+01
215.095000,-9.30664375e+01,-6.16512088e+01
215.100000,-9.30664623e+01,-6.16512335e+01
215.105000,-9.30664901e+01,-6.16512614e+01
215.110000,-9.30665206e+01,-6.16512918e+01
215.115000,-9.30665530e+01,-6.16513242e+01
215.120000,-9.30665867e+01,-6.16513579e+01
215.125000,-9.30666209e+01,-6.16513921e+01
215.130000,-9.30666550e+01,-6.16514262e+01
215.135000,-9.30666883e+01,-6.16514596e+01
215.140000,-9.30667205e+01,-6.16514918e+01
215.145000,-9.30667512e+01,-6.16515224e+01
215.150000,-9.30667801e+01,-6.16515514e+01
215.155000,-9.30668074e+01,-6.16515786e+01
215.160000,-9.30668330e+01,-6.16516042e+01
215.165000,-9.30668572e+01,-6.16516284e+01
215.170000,-9.30668801e+01,-6.16516513e+01
215.175000,-9.30669021e+01,-6.16516734e+01
215.180000,-9.30669236e+01,-6.16516949e+01
215.185000,-9.30669450e+01,-6.16517162e+01
215.190000,-9.30669666e+01,-6.16517379e+01
215.195000,-9.30669889e+01,-6.16517602e+01
215.200000,-9.30670121e+01,-6.16517834e+01
215.205000,-9.30670366e+01,-6.16518078e+01
215.210000,-9.30670626e+01,-6.16518338e+01
215.215000,-9.30670902e+01,-6.16518615e+01
215.220000,-9.30671199e+01,-6.16518911e+01
215.225000,-9.30671516e+01,-6.16519229e+01
215.230000,-9.30671857e+01,-6.16519569e+01
215.235000,-9.30672221e+01,-6.16519934e+01
215.240000,-9.30672612e+01,-6.16520324e+01
215.245000,-9.30673028e+01,-6.16520741e+01
215.250000,-9.30673468e+01,-6.16521181e+01
215.255000,-9.30673929e+01,-6.16521641e+01
215.260000,-9.30674404e+01,-6.16522117e+01
215.265000,-9.30674890e+01,-6.16522602e+01
215.270000,-9.30675378e+01,-6.16523091e+01
215.275000,-9.30675863e+01,-6.16523576e+01
215.280000,-9.30676339e+01,-6.16524052e+01
215.285000,-9.30676802e+01,-6.16524515e+01
215.290000,-9.30677250e+01,-6.16524962e+01
215.295000,-9.30677680e+01,-6.16525393e+01
215.300000,-9.30678095e+01,-6.16525807e+01
215.305000,-9.30678494e+01,-6.16526207e+01
215.310000,-9.30678881e+01,-6.16526593e+01
215.315000,-9.30679258e+01,-6.16526970e+01
215.320000,-9.30679628e+01,-6.16527340e+01
215.325000,-9.30679993e+01,-6.16527705e+01
215.330000,-9.30680354e+01,-6.16528067e+01
215.335000,-9.30680713e+01,-6.16528426e+01
215.340000,-9.30681071e+01,-6.16528783e+01
215.345000,-9.30681427e+01,-6.16529140e+01
215.350000,-9.30681784e+01,-6.16529496e+01
215.355000,-9.30682141e+01,-6.16529854e+01
215.360000,-9.30682501e+01,-6.16530213e+01
215.365000,-9.30682865e+01,-6.16530577e+01
215.370000,-9.30683236e+01,-6.16530948e+01
215.375000,-9.30683616e+01,-6.16531328e+01
215.380000,-9.30684008e+01,-6.16531720e+01
215.385000,-9.30684413e+01,-6.16532126e+01
215.390000,-9.30684833e+01,-6.16532546e+01
215.395000,-9.30685267e+01,-6.16532979e+01
215.400000,-9.30685712e+01,-6.16533424e+01
215.405000,-9.30686166e+01,-6.16533878e+01
215.410000,-9.30686625e+01,-6.16534338e+01
215.415000,-9.30687086e+01,-6.16534799e+01
215.420000,-9.30687545e+01,-6.16535258e+01
215.425000,-9.30687999e+01,-6.16535711e+01
215.430000,-9.30688445e+01,-6.16536158e+01
215.435000,-9.30688884e+01,-6.16536596e+01
215.440000,-9.30689313e+01,-6.16537025e+01
215.445000,-9.30689731e+01,-6.16537443e+01
215.450000,-9.30690137e+01,-6.16537849e+01
215.455000,-9.30690531e+01,-6.16538244e+01
215.460000,-9.30690915e+01,-6.16538627e+01
215.465000,-9.30691287e+01,-6.16538999e+01
215.470000,-9.30691650e+01,-6.16539362e+01
215.475000,-9.30692004e+01,-6.16539716e+01
215.480000,-9.30692350e+01,-6.16540062e+01
215.485000,-9.30692690e+01,-6.16540402e+01
215.490000,-9.30693026e+01,-6.16540738e+01
215.495000,-9.30693360e+01,-6.16541073e+01
215.500000,-9.30693697e+01,-6.16541410e+01
215.505000,-9.30694041e+01,-6.16541753e+01
215.510000,-9.30694394e+01,-6.16542106e+01
215.515000,-9.30694761e+01,-6.16542473e+01
215.520000,-9.30695144e+01,-6.16542856e+01
215.525000,-9.30695546e+01,-6.16543259e+01
215.530000,-9.30695969e+01,-6.16543681e+01
215.535000,-9.30696412e+01,-6.16544124e+01
215.540000,-9.30696874e+01,-6.16544587e+01
215.545000,-9.30697355e+01,-6.16545068e+01
215.550000,-9.30697853e+01,-6.16545565e+01
215.555000,-9.30698366e+01,-6.16546078e+01
215.560000,-9.30698892e+01,-6.16546604e+01
215.565000,-9.30699430e+01,-6.16547142e+01
215.570000,-9.30699977e+01,-6.16547690e+01
215.575000,-9.30700531e+01,-6.16548244e+01
215.580000,-9.30701090e+01,-6.16548803e+01
215.585000,-9.30701651e+01,-6.16549363e+01
215.590000,-9.30702209e+01,-6.16549922e+01
215.595000,-9.30702763e+01,-6.16550475e+01
215.600000,-9.30703308e+01,-6.16551021e+01
215.605000,-9.30703843e+01,-6.16551555e+01
215.610000,-9.30704365e+01,-6.16552078e+01
215.615000,-9.30704875e+01,-6.16552587e+01
215.620000,-9.30705371e+01,-6.16553083e+01
215.625000,-9.30705854e+01,-6.16553567e+01
215.630000,-9.30706326e+01,-6.16554038e+01
215.635000,-9.30706788e+01,-6.16554500e+01
215.640000,-9.30707242e+01,-6.16554955e+01
215.645000,-9.30707692e+01,-6.16555404e+01
215.650000,-9.30708139e+01,-6.16555851e+01
215.655000,-9.30708586e+01,-6.16556298e+01
215.660000,-9.30709036e+01,-6.16556748e+01
215.665000,-9.30709488e+01,-6.16557200e+01
215.670000,-9.30709941e+01,-6.16557654e+01
215.675000,-9.30710395e+01,-6.16558107e+01
215.680000,-9.30710847e+01,-6.16558559e+01
215.685000,-9.30711295e+01,-6.16559007e+01
215.690000,-9.30711739e+01,-6.16559452e+01
215.695000,-9.30712180e+01,-6.16559892e+01
215.700000,-9.30712617e+01,-6.16560329e+01
215.705000,-9.30713050e+01,-6.16560763e+01
215.710000,-9.30713481e+01,-6.16561194e+01
215.715000,-9.30713910e+01,-6.16561622e+01
215.720000,-9.30714334e+01,-6.16562047e+01
215.725000,-9.30714757e+01,-6.16562469e+01
215.730000,-9.30715177e+01,-6.16562890e+01
215.735000,-9.30715597e+01,-6.16563309e+01
215.740000,-9.30716017e+01,-6.16563729e+01
215.745000,-9.30716437e+01,-6.16564149e+01
215.750000,-9.30716859e+01,-6.16564571e+01
215.755000,-9.30717281e+01,-6.16564993e+01
215.760000,-9.30717703e+01,-6.16565415e+01
215.765000,-9.30718126e+01,-6.16565838e+01
215.770000,-9.30718549e+01,-6.16566261e+01
215.775000,-9.30718973e+01,-6.16566685e+01
215.780000,-9.30719400e+01,-6.16567112e+01
215.785000,-9.30719832e+01,-6.16567544e+01
215.790000,-9.30720268e+01,-6.16567981e+01
215.795000,-9.30720711e+01,-6.16568423e+01
215.800000,-9.30721159e+01,-6.16568871e+01
215.805000,-9.30721612e+01,-6.16569324e+01
215.810000,-9.30722069e+01,-6.16569781e+01
215.815000,-9.30722528e+01,-6.16570240e+01
215.820000,-9.30722987e+01,-6.16570699e+01
215.825000,-9.30723445e+01,-6.16571157e+01
215.830000,-9.30723903e+01,-6.16571615e+01
215.835000,-9.30724362e+01,-6.16572075e+01
215.840000,-9.30724826e+01,-6.16572538e+01
215.845000,-9.30725296e+01,-6.16573008e+01
215.850000,-9.30725776e+01,-6.16573488e+01
215.855000,-9.30726268e+01,-6.16573980e+01
215.860000,-9.30726773e+01,-6.16574485e+01
215.865000,-9.30727292e+01,-6.16575004e+01
215.870000,-9.30727826e+01,-6.16575538e+01
215.875000,-9.30728373e+01,-6.16576085e+01
215.880000,-9.30728934e+01,-6.16576646e+01
215.885000,-9.30729509e+01,-6.16577221e+01
215.890000,-9.30730097e+01,-6.16577809e+01
215.895000,-9.30730697e+01,-6.16578409e+01
215.900000,-9.30731309e+01,-6.16579021e+01
215.905000,-9.30731931e+01,-6.16579644e+01
215.910000,-9.30732565e+01,-6.16580277e+01
215.915000,-9.30733209e+01,-6.16580921e+01
215.920000,-9.30733863e+01,-6.16581575e+01
215.925000,-9.30734526e+01,-6.16582238e+01
215.930000,-9.30735196e+01,-6.16582908e+01
215.935000,-9.30735871e+01,-6.16583583e+01
215.940000,-9.30736550e+01,-6.16584262e+01
215.945000,-9.30737229e+01,-6.16584941e+01
215.950000,-9.30737907e+01,-6.16585619e+01
215.955000,-9.30738582e+01,-6.16586294e+01
215.960000,-9.30739252e+01,-6.16586964e+01
215.965000,-9.30739915e+01,-6.16587627e+01
215.970000,-9.30740573e+01,-6.16588285e+01
215.975000,-9.30741225e+01,-6.16588937e+01
215.980000,-9.30741874e+01,-6.16589587e+01
215.985000,-9.30742524e+01,-6.16590235e+01
215.990000,-9.30743173e+01,-6.16590885e+01
215.995000,-9.30743825e+01,-6.16591537e+01
216.000000,-9.30744479e+01,-6.16592191e+01
216.005000,-9.30745135e+01,-6.16592847e+01
216.010000,-9.30745792e+01,-6.16593504e+01
216.015000,-9.30746450e+01,-6.16594162e+01
216.020000,-9.30747109e+01,-6.16594821e+01
216.025000,-9.30747769e+01,-6.16595481e+01
216.030000,-9.30748428e+01,-6.16596140e+01
216.035000,-9.30749087e+01,-6.16596799e+01
216.040000,-9.30749746e+01,-6.16597458e+01
216.045000,-9.30750405e+01,-6.16598116e+01
216.050000,-9.30751064e+01,-6.16598776e+01
216.055000,-9.30751726e+01,-6.16599438e+01
216.060000,-9.30752391e+01,-6.16600103e+01
216.065000,-9.30753059e+01,-6.16600771e+01
216.070000,-9.30753731e+01,-6.16601443e+01
216.075000,-9.30754409e+01,-6.16602121e+01
216.080000,-9.30755092e+01,-6.16602804e+01
216.085000,-9.30755783e+01,-6.16603494e+01
216.090000,-9.30756479e+01,-6.16604191e+01
216.095000,-9.30757180e+01,-6.16604892e+01
216.100000,-9.30757884e+01,-6.16605596e+01
216.105000,-9.30758591e+01,-6.16606302e+01
216.110000,-9.30759298e+01,-6.16607010e+01
216.115000,-9.30760006e+01,-6.16607718e+01
216.120000,-9.30760717e+01,-6.16608429e+01
216.125000,-9.30761432e+01,-6.16609144e+01
216.130000,-9.30762154e+01,-6.16609866e+01
216.135000,-9.30762884e+01,-6.16610596e+01
216.140000,-9.30763626e+01,-6.16611337e+01
216.145000,-9.30764380e+01,-6.16612091e+01
216.150000,-9.30765147e+01,-6.16612859e+01
216.155000,-9.30765929e+01,-6.16613640e+01
216.160000,-9.30766724e+01,-6.16614436e+01
216.165000,-9.30767533e+01,-6.16615245e+01
216.170000,-9.30768354e+01,-6.16616066e+01
216.175000,-9.30769186e+01,-6.16616898e+01
216.180000,-9.30770026e+01,-6.16617738e+01
216.185000,-9.30770873e+01,-6.16618585e+01
216.190000,-9.30771724e+01,-6.16619436e+01
216.195000,-9.30772577e+01,-6.16620289e+01
216.200000,-9.30773430e+01,-6.16621142e+01
216.205000,-9.30774283e+01,-6.16621995e+01
216.210000,-9.30775136e+01,-6.16622847e+01
216.215000,-9.30775988e+01,-6.16623700e+01
216.220000,-9.30776842e+01,-6.16624553e+01
216.225000,-9.30777696e+01,-6.16625408e+01
216.230000,-9.30778551e+01,-6.16626262e+01
216.235000,-9.30779404e+01,-6.16627115e+01
216.240000,-9.30780252e+01,-6.16627964e+01
216.245000,-9.30781093e+01,-6.16628805e+01
216.250000,-9.30781927e+01,-6.16629638e+01
216.255000,-9.30782752e+01,-6.16630463e+01
216.260000,-9.30783570e+01,-6.16631282e+01
216.265000,-9.30784386e+01,-6.16632098e+01
216.270000,-9.30785201e+01,-6.16632913e+01
216.275000,-9.30786019e+01,-6.16633731e+01
216.280000,-9.30786842e+01,-6.16634553e+01
216.285000,-9.30787671e+01,-6.16635382e+01
216.290000,-9.30788506e+01,-6.16636218e+01
216.295000,-9.30789349e+01,-6.16637060e+01
216.300000,-9.30790198e+01,-6.16637910e+01
216.305000,-9.30791055e+01,-6.16638767e+01
216.310000,-9.30791918e+01,-6.16639629e+01
216.315000,-9.30792785e+01,-6.16640497e+01
216.320000,-9.30793657e+01,-6.16641369e+01
216.325000,-9.30794532e+01,-6.16642243e+01
216.330000,-9.30795408e+01,-6.16643119e+01
216.335000,-9.30796285e+01,-6.16643997e+01
216.340000,-9.30797163e+01,-6.16644875e+01
216.345000,-9.30798042e+01,-6.16645754e+01
216.350000,-9.30798923e+01,-6.16646634e+01
216.355000,-9.30799805e+01,-6.16647517e+01
216.360000,-9.30800691e+01,-6.16648402e+01
216.365000,-9.30801579e+01,-6.16649290e+01
216.370000,-9.30802469e+01,-6.16650180e+01
216.375000,-9.30803359e+01,-6.16651071e+01
216.380000,-9.30804248e+01,-6.16651960e+01
216.385000,-9.30805134e+01,-6.16652845e+01
216.390000,-9.30806013e+01,-6.16653725e+01
216.395000,-9.30806885e+01,-6.16654597e+01
216.400000,-9.30807750e+01,-6.16655461e+01
216.405000,-9.30808606e+01,-6.16656318e+01
216.410000,-9.30809456e+01,-6.16657168e+01
216.415000,-9.30810303e+01,-6.16658015e+01
216.420000,-9.30811148e+01,-6.16658859e+01
216.425000,-9.30811993e+01,-6.16659704e+01
216.430000,-9.30812839e+01,-6.16660551e+01
216.435000,-9.30813689e+01,-6.16661400e+01
216.440000,-9.30814541e+01,-6.16662252e+01
216.445000,-9.30815395e+01,-6.16663107e+01
216.450000,-9.30816251e+01,-6.16663963e+01
216.455000,-9.30817106e+01,-6.16664817e+01
216.460000,-9.30817958e+01,-6.16665670e+01
216.465000,-9.30818807e+01,-6.16666519e+01
216.470000,-9.30819653e+01,-6.16667364e+01
216.475000,-9.30820495e+01,-6.16668207e+01
216.480000,-9.30821337e+01,-6.16669048e+01
216.485000,-9.30822180e+01,-6.16669891e+01
216.490000,-9.30823027e+01,-6.16670738e+01
216.495000,-9.30823881e+01,-6.16671592e+01
216.500000,-9.30824741e+01,-6.16672452e+01
216.505000,-9.30825608e+01,-6.16673319e+01
216.510000,-9.30826480e+01,-6.16674191e+01
216.515000,-9.30827357e+01,-6.16675068e+01
216.520000,-9.30828237e+01,-6.16675948e+01
216.525000,-9.30829118e+01,-6.16676830e+01
216.530000,-9.30830002e+01,-6.16677713e+01
216.535000,-9.30830886e+01,-6.16678597e+01
216.540000,-9.30831771e+01,-6.16679483e+01
216.545000,-9.30832658e+01,-6.16680369e+01
216.550000,-9.30833545e+01,-6.16681256e+01
216.555000,-9.30834432e+01,-6.16682143e+01
216.560000,-9.30835318e+01,-6.16683029e+01
216.565000,-9.30836202e+01,-6.16683913e+01
216.570000,-9.30837082e+01,-6.16684793e+01
216.575000,-9.30837956e+01,-6.16685667e+01
216.580000,-9.30838822e+01,-6.16686533e+01
216.585000,-9.30839677e+01,-6.16687388e+01
216.590000,-9.30840520e+01,-6.16688231e+01
216.595000,-9.30841349e+01,-6.16689060e+01
216.600000,-9.30842162e+01,-6.16689873e+01
216.605000,-9.30842959e+01,-6.16690670e+01
216.610000,-9.30843743e+01,-6.16691454e+01
216.615000,-9.30844516e+01,-6.16692227e+01
216.620000,-9.30845283e+01,-6.16692994e+01
216.625000,-9.30846049e+01,-6.16693761e+01
216.630000,-9.30846820e+01,-6.16694531e+01
216.635000,-9.30847599e+01,-6.16695310e+01
216.640000,-9.30848389e+01,-6.16696100e+01
216.645000,-9.30849191e+01,-6.16696903e+01
216.650000,-9.30850007e+01,-6.16697718e+01
216.655000,-9.30850835e+01,-6.16698546e+01
216.660000,-9.30851672e+01,-6.16699383e+01
216.665000,-9.30852515e+01,-6.16700226e+01
216.670000,-9.30853362e+01,-6.16701073e+01
216.675000,-9.30854209e+01,-6.16701920e+01
216.680000,-9.30855057e+01,-6.16702768e+01
216.685000,-9.30855905e+01,-6.16703616e+01
216.690000,-9.30856753e+01,-6.16704464e+01
216.695000,-9.30857603e+01,-6.16705314e+01
216.700000,-9.30858455e+01,-6.16706166e+01
216.705000,-9.30859310e+01,-6.16707021e+01
216.710000,-9.30860168e+01,-6.16707879e+01
216.715000,-9.30861028e+01,-6.16708740e+01
216.720000,-9.30861891e+01,-6.16709602e+01
216.725000,-9.30862755e+01,-6.16710466e+01
216.730000,-9.30863618e+01,-6.16711329e+01
216.735000,-9.30864480e+01,-6.16712191e+01
216.740000,-9.30865338e+01,-6.16713049e+01
216.745000,-9.30866192e+01,-6.16713903e+01
216.750000,-9.30867042e+01,-6.16714753e+01
216.755000,-9.30867890e+01,-6.16715601e+01
216.760000,-9.30868739e+01,-6.16716450e+01
216.765000,-9.30869591e+01,-6.16717302e+01
216.770000,-9.30870451e+01,-6.16718162e+01
216.775000,-9.30871322e+01,-6.16719033e+01
216.780000,-9.30872206e+01,-6.16719917e+01
216.785000,-9.30873106e+01,-6.16720817e+01
216.790000,-9.30874023e+01,-6.16721734e+01
216.795000,-9.30874956e+01,-6.16722667e+01
216.800000,-9.30875905e+01,-6.16723616e+01
216.805000,-9.30876868e+01,-6.16724579e+01
216.810000,-9.30877844e+01,-6.16725555e+01
216.815000,-9.30878832e+01,-6.16726543e+01
216.820000,-9.30879833e+01,-6.16727544e+01
216.825000,-9.30880846e+01,-6.16728557e+01
216.830000,-9.30881870e+01,-6.16729581e+01
216.835000,-9.30882908e+01,-6.16730619e+01
216.840000,-9.30883958e+01,-6.16731669e+01
216.845000,-9.30885022e+01,-6.16732732e+01
216.850000,-9.30886095e+01,-6.16733806e+01
216.855000,-9.30887176e+01,-6.16734887e+01
216.860000,-9.30888260e+01,-6.16735971e+01
216.865000,-9.30889345e+01,-6.16737056e+01
216.870000,-9.30890426e+01,-6.16738137e+01
216.875000,-9.30891501e+01,-6.16739212e+01
216.880000,-9.30892566e+01,-6.16740277e+01
216.885000,-9.30893620e+01,-6.16741331e+01
216.890000,-9.30894664e+01,-6.16742375e+01
216.895000,-9.30895699e+01,-6.16743410e+01
216.900000,-9.30896725e+01,-6.16744436e+01
216.905000,-9.30897745e+01,-6.16745456e+01
216.910000,-9.30898761e+01,-6.16746472e+01
216.915000,-9.30899775e+01,-6.16747485e+01
216.920000,-9.30900788e+01,-6.16748499e+01
216.925000,-9.30901804e+01,-6.16749515e+01
216.930000,-9.30902825e+01,-6.16750535e+01
216.935000,-9.30903852e+01,-6.16751563e+01
216.940000,-9.30904888e+01,-6.16752599e+01
216.945000,-9.30905933e+01,-6.16753644e+01
216.950000,-9.30906986e+01,-6.16754697e+01
216.955000,-9.30908047e+01,-6.16755757e+01
216.960000,-9.30909114e+01,-6.16756824e+01
216.965000,-9.30910186e+01,-6.16757897e+01
216.970000,-9.30911265e+01,-6.16758976e+01
216.975000,-9.30912351e+01,-6.16760061e+01
216.980000,-9.30913443e+01,-6.16761154e+01
216.985000,-9.30914542e+01,-6.16762253e+01
216.990000,-9.30915648e+01,-6.16763358e+01
216.995000,-9.30916758e+01,-6.16764468e+01
217.000000,-9.30917871e+01,-6.16765582e+01
217.005000,-9.30918985e+01,-6.16766696e+01
217.010000,-9.30920099e+01,-6.16767810e+01
217.015000,-9.30921211e+01,-6.16768921e+01
217.020000,-9.30922319e+01,-6.16770029e+01
217.025000,-9.30923421e+01,-6.16771132e+01
217.030000,-9.30924518e+01,-6.16772228e+01
217.035000,-9.30925609e+01,-6.16773319e+01
217.040000,-9.30926694e+01,-6.16774405e+01
217.045000,-9.30927775e+01,-6.16775486e+01
217.050000,-9.30928854e+01,-6.16776564e+01
217.055000,-9.30929931e+01,-6.16777641e+01
217.060000,-9.30931009e+01,-6.16778720e+01
217.065000,-9.30932091e+01,-6.16779802e+01
217.070000,-9.30933180e+01,-6.16780890e+01
217.075000,-9.30934276e+01,-6.16781987e+01
217.080000,-9.30935382e+01,-6.16783092e+01
217.085000,-9.30936497e+01,-6.16784207e+01
217.090000,-9.30937620e+01,-6.16785331e+01
217.095000,-9.30938752e+01,-6.16786463e+01
217.100000,-9.30939891e+01,-6.16787601e+01
217.105000,-9.30941037e+01,-6.16788747e+01
217.110000,-9.30942190e+01,-6.16789900e+01
217.115000,-9.30943351e+01,-6.16791061e+01
217.120000,-9.30944522e+01,-6.16792232e+01
217.125000,-9.30945704e+01,-6.16793415e+01
217.130000,-9.30946900e+01,-6.16794611e+01
217.135000,-9.30948110e+01,-6.16795821e+01
217.140000,-9.30949333e+01,-6.16797043e+01
217.145000,-9.30950566e+01,-6.16798277e+01
217.150000,-9.30951807e+01,-6.16799517e+01
217.155000,-9.30953051e+01,-6.16800761e+01
217.160000,-9.30954294e+01,-6.16802005e+01
217.165000,-9.30955534e+01,-6.16803245e+01
217.170000,-9.30956767e+01,-6.16804478e+01
217.175000,-9.30957991e+01,-6.16805701e+01
217.180000,-9.30959203e+01,-6.16806914e+01
217.185000,-9.30960405e+01,-6.16808115e+01
217.190000,-9.30961596e+01,-6.16809306e+01
217.195000,-9.30962780e+01,-6.16810490e+01
217.200000,-9.30963961e+01,-6.16811671e+01
217.205000,-9.30965143e+01,-6.16812853e+01
217.210000,-9.30966331e+01,-6.16814041e+01
217.215000,-9.30967529e+01,-6.16815240e+01
217.220000,-9.30968741e+01,-6.16816451e+01
217.225000,-9.30969968e+01,-6.16817678e+01
217.230000,-9.30971209e+01,-6.16818919e+01
217.235000,-9.30972463e+01,-6.16820173e+01
217.240000,-9.30973725e+01,-6.16821435e+01
217.245000,-9.30974993e+01,-6.16822703e+01
217.250000,-9.30976263e+01,-6.16823973e+01
217.255000,-9.30977533e+01,-6.16825243e+01
217.260000,-9.30978803e+01,-6.16826513e+01
217.265000,-9.30980072e+01,-6.16827782e+01
217.270000,-9.30981341e+01,-6.16829051e+01
217.275000,-9.30982609e+01,-6.16830319e+01
217.280000,-9.30983877e+01,-6.16831587e+01
217.285000,-9.30985143e+01,-6.16832853e+01
217.290000,-9.30986406e+01,-6.16834116e+01
217.295000,-9.30987666e+01,-6.16835376e+01
217.300000,-9.30988919e+01,-6.16836630e+01
217.305000,-9.30990165e+01,-6.16837875e+01
217.310000,-9.30991400e+01,-6.16839110e+01
217.315000,-9.30992623e+01,-6.16840333e+01
217.320000,-9.30993831e+01,-6.16841541e+01
217.325000,-9.30995024e+01,-6.16842734e+01
217.330000,-9.30996200e+01,-6.16843910e+01
217.335000,-9.30997363e+01,-6.16845073e+01
217.340000,-9.30998513e+01,-6.16846223e+01
217.345000,-9.30999655e+01,-6.16847365e+01
217.350000,-9.31000794e+01,-6.16848504e+01
217.355000,-9.31001933e+01,-6.16849643e+01
217.360000,-9.31003077e+01,-6.16850787e+01
217.365000,-9.31004228e+01,-6.16851938e+01
217.370000,-9.31005389e+01,-6.16853099e+01
217.375000,-9.31006562e+01,-6.16854272e+01
217.380000,-9.31007746e+01,-6.16855456e+01
217.385000,-9.31008944e+01,-6.16856654e+01
217.390000,-9.31010155e+01,-6.16857865e+01
217.395000,-9.31011380e+01,-6.16859089e+01
217.400000,-9.31012617e+01,-6.16860327e+01
217.405000,-9.31013867e+01,-6.16861577e+01
217.410000,-9.31015129e+01,-6.16862839e+01
217.415000,-9.31016403e+01,-6.16864113e+01
217.420000,-9.31017688e+01,-6.16865398e+01
217.425000,-9.31018985e+01,-6.16866695e+01
217.430000,-9.31020293e+01,-6.16868003e+01
217.435000,-9.31021611e+01,-6.16869320e+01
217.440000,-9.31022936e+01,-6.16870646e+01
217.445000,-9.31024267e+01,-6.16871977e+01
217.450000,-9.31025600e+01,-6.16873309e+01
217.455000,-9.31026931e+01,-6.16874641e+01
217.460000,-9.31028258e+01,-6.16875968e+01
217.465000,-9.31029577e+01,-6.16877287e+01
217.470000,-9.31030888e+01,-6.16878598e+01
217.475000,-9.31032190e+01,-6.16879900e+01
217.480000,-9.31033486e+01,-6.16881196e+01
217.485000,-9.31034777e+01,-6.16882487e+01
217.490000,-9.31036067e+01,-6.16883777e+01
217.495000,-9.31037360e+01,-6.16885070e+01
217.500000,-9.31038660e+01,-6.16886370e+01
217.505000,-9.31039970e+01,-6.16887680e+01
217.510000,-9.31041293e+01,-6.16889003e+01
217.515000,-9.31042630e+01,-6.16890340e+01
217.520000,-9.31043981e+01,-6.16891691e+01
217.525000,-9.31045347e+01,-6.16893057e+01
217.530000,-9.31046728e+01,-6.16894438e+01
217.535000,-9.31048125e+01,-6.16895835e+01
217.540000,-9.31049538e+01,-6.16897248e+01
217.545000,-9.31050967e+01,-6.16898677e+01
217.550000,-9.31052411e+01,-6.16900121e+01
217.555000,-9.31053869e+01,-6.16901578e+01
217.560000,-9.31055336e+01,-6.16903045e+01
217.565000,-9.31056809e+01,-6.16904519e+01
217.570000,-9.31058285e+01,-6.16905995e+01
217.575000,-9.31059759e+01,-6.16907469e+01
217.580000,-9.31061227e+01,-6.16908936e+01
217.585000,-9.31062684e+01,-6.16910394e+01
217.590000,-9.31064128e+01,-6.16911838e+01
217.595000,-9.31065555e+01,-6.16913265e+01
217.600000,-9.31066963e+01,-6.16914673e+01
217.605000,-9.31068350e+01,-6.16916060e+01
217.610000,-9.31069716e+01,-6.16917426e+01
217.615000,-9.31071063e+01,-6.16918772e+01
217.620000,-9.31072391e+01,-6.16920100e+01
217.625000,-9.31073705e+01,-6.16921414e+01
217.630000,-9.31075009e+01,-6.16922719e+01
217.635000,-9.31076309e+01,-6.16924018e+01
217.640000,-9.31077608e+01,-6.16925317e+01
217.645000,-9.31078911e+01,-6.16926621e+01
217.650000,-9.31080222e+01,-6.16927932e+01
217.655000,-9.31081542e+01,-6.16929251e+01
217.660000,-9.31082873e+01,-6.16930583e+01
217.665000,-9.31084219e+01,-6.16931928e+01
217.670000,-9.31085582e+01,-6.16933292e+01
217.675000,-9.31086968e+01,-6.16934677e+01
217.680000,-9.31088381e+01,-6.16936090e+01
217.685000,-9.31089826e+01,-6.16937535e+01
217.690000,-9.31091306e+01,-6.16939015e+01
217.695000,-9.31092824e+01,-6.16940533e+01
217.700000,-9.31094378e+01,-6.16942087e+01
217.705000,-9.31095965e+01,-6.16943674e+01
217.710000,-9.31097580e+01,-6.16945289e+01
217.715000,-9.31099216e+01,-6.16946926e+01
217.720000,-9.31100869e+01,-6.16948578e+01
217.725000,-9.31102533e+01,-6.16950242e+01
217.730000,-9.31104202e+01,-6.16951911e+01
217.735000,-9.31105874e+01,-6.16953583e+01
217.740000,-9.31107545e+01,-6.16955254e+01
217.745000,-9.31109214e+01,-6.16956923e+01
217.750000,-9.31110878e+01,-6.16958587e+01
217.755000,-9.31112538e+01,-6.16960247e+01
217.760000,-9.31114191e+01,-6.16961900e+01
217.765000,-9.31115839e+01,-6.16963548e+01
217.770000,-9.31117481e+01,-6.16965190e+01
217.775000,-9.31119118e+01,-6.16966827e+01
217.780000,-9.31120750e+01,-6.16968459e+01
217.785000,-9.31122378e+01,-6.16970087e+01
217.790000,-9.31124003e+01,-6.16971712e+01
217.795000,-9.31125626e+01,-6.16973336e+01
217.800000,-9.31127250e+01,-6.16974959e+01
217.805000,-9.31128874e+01,-6.16976583e+01
217.810000,-9.31130500e+01,-6.16978209e+01
217.815000,-9.31132130e+01,-6.16979839e+01
217.820000,-9.31133766e+01,-6.16981475e+01
217.825000,-9.31135409e+01,-6.16983118e+01
217.830000,-9.31137058e+01,-6.16984767e+01
217.835000,-9.31138714e+01,-6.16986423e+01
217.840000,-9.31140375e+01,-6.16988083e+01
217.845000,-9.31142038e+01,-6.16989747e+01
217.850000,-9.31143703e+01,-6.16991412e+01
217.855000,-9.31145368e+01,-6.16993077e+01
217.860000,-9.31147031e+01,-6.16994740e+01
217.865000,-9.31148693e+01,-6.16996402e+01
217.870000,-9.31150353e+01,-6.16998062e+01
217.875000,-9.31152011e+01,-6.16999719e+01
217.880000,-9.31153666e+01,-6.17001375e+01
217.885000,-9.31155320e+01,-6.17003029e+01
217.890000,-9.31156973e+01,-6.17004682e+01
217.895000,-9.31158623e+01,-6.17006332e+01
217.900000,-9.31160269e+01,-6.17007978e+01
217.905000,-9.31161910e+01,-6.17009618e+01
217.910000,-9.31163543e+01,-6.17011251e+01
217.915000,-9.31165167e+01,-6.17012875e+01
217.920000,-9.31166781e+01,-6.17014490e+01
217.925000,-9.31168385e+01,-6.17016094e+01
217.930000,-9.31169979e+01,-6.17017687e+01
217.935000,-9.31171560e+01,-6.17019269e+01
217.940000,-9.31173129e+01,-6.17020838e+01
217.945000,-9.31174686e+01,-6.17022395e+01
217.950000,-9.31176231e+01,-6.17023940e+01
217.955000,-9.31177764e+01,-6.17025473e+01
217.960000,-9.31179287e+01,-6.17026996e+01
217.965000,-9.31180800e+01,-6.17028509e+01
217.970000,-9.31182305e+01,-6.17030013e+01
217.975000,-9.31183803e+01,-6.17031511e+01
217.980000,-9.31185296e+01,-6.17033005e+01
217.985000,-9.31186787e+01,-6.17034496e+01
217.990000,-9.31188277e+01,-6.17035986e+01
217.995000,-9.31189768e+01,-6.17037477e+01
218.000000,-9.31191262e+01,-6.17038970e+01
218.005000,-9.31192758e+01,-6.17040467e+01
218.010000,-9.31194259e+01,-6.17041967e+01
218.015000,-9.31195761e+01,-6.17043470e+01
218.020000,-9.31197266e+01,-6.17044974e+01
218.025000,-9.31198772e+01,-6.17046481e+01
218.030000,-9.31200281e+01,-6.17047989e+01
218.035000,-9.31201793e+01,-6.17049501e+01
218.040000,-9.31203310e+01,-6.17051018e+01
218.045000,-9.31204835e+01,-6.17052544e+01
218.050000,-9.31206369e+01,-6.17054078e+01
218.055000,-9.31207914e+01,-6.17055622e+01
218.060000,-9.31209469e+01,-6.17057177e+01
218.065000,-9.31211035e+01,-6.17058744e+01
218.070000,-9.31212613e+01,-6.17060321e+01
218.075000,-9.31214200e+01,-6.17061908e+01
218.080000,-9.31215796e+01,-6.17063504e+01
218.085000,-9.31217398e+01,-6.17065107e+01
218.090000,-9.31219008e+01,-6.17066717e+01
218.095000,-9.31220625e+01,-6.17068333e+01
218.100000,-9.31222249e+01,-6.17069957e+01
218.105000,-9.31223879e+01,-6.17071588e+01
218.110000,-9.31225517e+01,-6.17073225e+01
218.115000,-9.31227160e+01,-6.17074868e+01
218.120000,-9.31228808e+01,-6.17076516e+01
218.125000,-9.31230459e+01,-6.17078168e+01
218.130000,-9.31232112e+01,-6.17079820e+01
218.135000,-9.31233763e+01,-6.17081471e+01
218.140000,-9.31235411e+01,-6.17083120e+01
218.145000,-9.31237055e+01,-6.17084763e+01
218.150000,-9.31238693e+01,-6.17086401e+01
218.155000,-9.31240323e+01,-6.17088031e+01
218.160000,-9.31241943e+01,-6.17089651e+01
218.165000,-9.31243552e+01,-6.17091260e+01
218.170000,-9.31245147e+01,-6.17092855e+01
218.175000,-9.31246727e+01,-6.17094435e+01
218.180000,-9.31248290e+01,-6.17095998e+01
218.185000,-9.31249834e+01,-6.17097542e+01
218.190000,-9.31251357e+01,-6.17099065e+01
218.195000,-9.31252857e+01,-6.17100565e+01
218.200000,-9.31254334e+01,-6.17102041e+01
218.205000,-9.31255784e+01,-6.17103492e+01
218.210000,-9.31257209e+01,-6.17104917e+01
218.215000,-9.31258610e+01,-6.17106318e+01
218.220000,-9.31259987e+01,-6.17107694e+01
218.225000,-9.31261342e+01,-6.17109050e+01
218.230000,-9.31262677e+01,-6.17110385e+01
218.235000,-9.31263995e+01,-6.17111703e+01
218.240000,-9.31265299e+01,-6.17113007e+01
218.245000,-9.31266593e+01,-6.17114300e+01
218.250000,-9.31267878e+01,-6.17115586e+01
218.255000,-9.31269158e+01,-6.17116866e+01
218.260000,-9.31270434e+01,-6.17118142e+01
218.265000,-9.31271707e+01,-6.17119415e+01
218.270000,-9.31272979e+01,-6.17120687e+01
218.275000,-9.31274250e+01,-6.17121958e+01
218.280000,-9.31275520e+01,-6.17123228e+01
218.285000,-9.31276790e+01,-6.17124498e+01
218.290000,-9.31278059e+01,-6.17125767e+01
218.295000,-9.31279327e+01,-6.17127035e+01
218.300000,-9.31280594e+01,-6.17128302e+01
218.305000,-9.31281861e+01,-6.17129568e+01
218.310000,-9.31283125e+01,-6.17130832e+01
218.315000,-9.31284387e+01,-6.17132094e+01
218.320000,-9.31285647e+01,-6.17133354e+01
218.325000,-9.31286903e+01,-6.17134611e+01
218.330000,-9.31288156e+01,-6.17135864e+01
218.335000,-9.31289403e+01,-6.17137111e+01
218.340000,-9.31290643e+01,-6.17138351e+01
218.345000,-9.31291876e+01,-6.17139584e+01
218.350000,-9.31293101e+01,-6.17140809e+01
218.355000,-9.31294318e+01,-6.17142026e+01
218.360000,-9.31295528e+01,-6.17143236e+01
218.365000,-9.31296731e+01,-6.17144439e+01
218.370000,-9.31297931e+01,-6.17145639e+01
218.375000,-9.31299129e+01,-6.17146836e+01
218.380000,-9.31300327e+01,-6.17148034e+01
218.385000,-9.31301529e+01,-6.17149237e+01
218.390000,-9.31302741e+01,-6.17150449e+01
218.395000,-9.31303967e+01,-6.17151675e+01
218.400000,-9.31305212e+01,-6.17152919e+01
218.405000,-9.31306478e+01,-6.17154185e+01
218.410000,-9.31307769e+01,-6.17155476e+01
218.415000,-9.31309086e+01,-6.17156794e+01
218.420000,-9.31310432e+01,-6.17158139e+01
218.425000,-9.31311803e+01,-6.17159511e+01
218.430000,-9.31313199e+01,-6.17160906e+01
218.435000,-9.31314613e+01,-6.17162321e+01
218.440000,-9.31316042e+01,-6.17163749e+01
218.445000,-9.31317480e+01,-6.17165187e+01
218.450000,-9.31318922e+01,-6.17166630e+01
218.455000,-9.31320364e+01,-6.17168072e+01
218.460000,-9.31321801e+01,-6.17169509e+01
218.465000,-9.31323231e+01,-6.17170938e+01
218.470000,-9.31324650e+01,-6.17172357e+01
218.475000,-9.31326057e+01,-6.17173765e+01
218.480000,-9.31327453e+01,-6.17175161e+01
218.485000,-9.31328838e+01,-6.17176545e+01
218.490000,-9.31330212e+01,-6.17177919e+01
218.495000,-9.31331578e+01,-6.17179285e+01
218.500000,-9.31332937e+01,-6.17180644e+01
218.505000,-9.31334291e+01,-6.17181998e+01
218.510000,-9.31335642e+01,-6.17183349e+01
218.515000,-9.31336991e+01,-6.17184698e+01
218.520000,-9.31338338e+01,-6.17186045e+01
218.525000,-9.31339685e+01,-6.17187393e+01
218.530000,-9.31341033e+01,-6.17188740e+01
218.535000,-9.31342382e+01,-6.17190089e+01
218.540000,-9.31343734e+01,-6.17191442e+01
218.545000,-9.31345092e+01,-6.17192799e+01
218.550000,-9.31346456e+01,-6.17194163e+01
218.555000,-9.31347828e+01,-6.17195536e+01
218.560000,-9.31349211e+01,-6.17196918e+01
218.565000,-9.31350604e+01,-6.17198312e+01
218.570000,-9.31352011e+01,-6.17199718e+01
218.575000,-9.31353431e+01,-6.17201138e+01
218.580000,-9.31354866e+01,-6.17202573e+01
218.585000,-9.31356316e+01,-6.17204023e+01
218.590000,-9.31357782e+01,-6.17205489e+01
218.595000,-9.31359264e+01,-6.17206971e+01
218.600000,-9.31360761e+01,-6.17208468e+01
218.605000,-9.31362274e+01,-6.17209981e+01
218.610000,-9.31363801e+01,-6.17211509e+01
218.615000,-9.31365343e+01,-6.17213050e+01
218.620000,-9.31366898e+01,-6.17214605e+01
218.625000,-9.31368465e+01,-6.17216172e+01
218.630000,-9.31370045e+01,-6.17217752e+01
218.635000,-9.31371639e+01,-6.17219346e+01
218.640000,-9.31373246e+01,-6.17220953e+01
218.645000,-9.31374869e+01,-6.17222576e+01
218.650000,-9.31376510e+01,-6.17224217e+01
218.655000,-9.31378168e+01,-6.17225875e+01
218.660000,-9.31379844e+01,-6.17227551e+01
218.665000,-9.31381537e+01,-6.17229244e+01
218.670000,-9.31383245e+01,-6.17230952e+01
218.675000,-9.31384966e+01,-6.17232673e+01
218.680000,-9.31386700e+01,-6.17234407e+01
218.685000,-9.31388446e+01,-6.17236153e+01
218.690000,-9.31390204e+01,-6.17237911e+01
218.695000,-9.31391977e+01,-6.17239684e+01
218.700000,-9.31393767e+01,-6.17241473e+01
218.705000,-9.31395576e+01,-6.17243283e+01
218.710000,-9.31397408e+01,-6.17245115e+01
218.715000,-9.31399266e+01,-6.17246972e+01
218.720000,-9.31401150e+01,-6.17248857e+01
218.725000,-9.31403061e+01,-6.17250768e+01
218.730000,-9.31405001e+01,-6.17252708e+01
218.735000,-9.31406967e+01,-6.17254674e+01
218.740000,-9.31408960e+01,-6.17256667e+01
218.745000,-9.31410977e+01,-6.17258684e+01
218.750000,-9.31413018e+01,-6.17260725e+01
218.755000,-9.31415079e+01,-6.17262786e+01
218.760000,-9.31417160e+01,-6.17264867e+01
218.765000,-9.31419258e+01,-6.17266964e+01
218.770000,-9.31421368e+01,-6.17269075e+01
218.775000,-9.31423490e+01,-6.17271196e+01
218.780000,-9.31425616e+01,-6.17273323e+01
218.785000,-9.31427745e+01,-6.17275451e+01
218.790000,-9.31429870e+01,-6.17277577e+01
218.795000,-9.31431988e+01,-6.17279695e+01
218.800000,-9.31434095e+01,-6.17281801e+01
218.805000,-9.31436186e+01,-6.17283892e+01
218.810000,-9.31438258e+01,-6.17285965e+01
218.815000,-9.31440311e+01,-6.17288017e+01
218.820000,-9.31442342e+01,-6.17290049e+01
218.825000,-9.31444353e+01,-6.17292060e+01
218.830000,-9.31446345e+01,-6.17294052e+01
218.835000,-9.31448321e+01,-6.17296028e+01
218.840000,-9.31450283e+01,-6.17297990e+01
218.845000,-9.31452236e+01,-6.17299943e+01
218.850000,-9.31454185e+01,-6.17301891e+01
218.855000,-9.31456134e+01,-6.17303840e+01
218.860000,-9.31458088e+01,-6.17305794e+01
218.865000,-9.31460052e+01,-6.17307758e+01
218.870000,-9.31462028e+01,-6.17309735e+01
218.875000,-9.31464020e+01,-6.17311727e+01
218.880000,-9.31466028e+01,-6.17313735e+01
218.885000,-9.31468053e+01,-6.17315760e+01
218.890000,-9.31470095e+01,-6.17317801e+01
218.895000,-9.31472154e+01,-6.17319860e+01
218.900000,-9.31474228e+01,-6.17321935e+01
218.905000,-9.31476320e+01,-6.17324026e+01
218.910000,-9.31478427e+01,-6.17326133e+01
218.915000,-9.31480550e+01,-6.17328256e+01
218.920000,-9.31482688e+01,-6.17330394e+01
218.925000,-9.31484839e+01,-6.17332545e+01
218.930000,-9.31487000e+01,-6.17334706e+01
218.935000,-9.31489168e+01,-6.17336874e+01
218.940000,-9.31491338e+01,-6.17339044e+01
218.945000,-9.31493507e+01,-6.17341213e+01
218.950000,-9.31495670e+01,-6.17343376e+01
218.955000,-9.31497825e+01,-6.17345532e+01
218.960000,-9.31499972e+01,-6.17347678e+01
218.965000,-9.31502108e+01,-6.17349815e+01
218.970000,-9.31504237e+01,-6.17351943e+01
218.975000,-9.31506359e+01,-6.17354065e+01
218.980000,-9.31508476e+01,-6.17356182e+01
218.985000,-9.31510591e+01,-6.17358297e+01
218.990000,-9.31512706e+01,-6.17360412e+01
218.995000,-9.31514825e+01,-6.17362531e+01
219.000000,-9.31516949e+01,-6.17364655e+01
219.005000,-9.31519083e+01,-6.17366789e+01
219.010000,-9.31521227e+01,-6.17368933e+01
219.015000,-9.31523383e+01,-6.17371089e+01
219.020000,-9.31525552e+01,-6.17373258e+01
219.025000,-9.31527735e+01,-6.17375441e+01
219.030000,-9.31529931e+01,-6.17377637e+01
219.035000,-9.31532139e+01,-6.17379844e+01
219.040000,-9.31534357e+01,-6.17382063e+01
219.045000,-9.31536586e+01,-6.17384292e+01
219.050000,-9.31538824e+01,-6.17386530e+01
219.055000,-9.31541071e+01,-6.17388777e+01
219.060000,-9.31543327e+01,-6.17391032e+01
219.065000,-9.31545590e+01,-6.17393296e+01
219.070000,-9.31547859e+01,-6.17395565e+01
219.075000,-9.31550130e+01,-6.17397836e+01
219.080000,-9.31552400e+01,-6.17400106e+01
219.085000,-9.31554663e+01,-6.17402369e+01
219.090000,-9.31556915e+01,-6.17404620e+01
219.095000,-9.31559151e+01,-6.17406857e+01
219.100000,-9.31561371e+01,-6.17409077e+01
219.105000,-9.31563573e+01,-6.17411279e+01
219.110000,-9.31565757e+01,-6.17413463e+01
219.115000,-9.31567924e+01,-6.17415630e+01
219.120000,-9.31570076e+01,-6.17417782e+01
219.125000,-9.31572214e+01,-6.17419920e+01
219.130000,-9.31574340e+01,-6.17422046e+01
219.135000,-9.31576457e+01,-6.17424162e+01
219.140000,-9.31578565e+01,-6.17426270e+01
219.145000,-9.31580666e+01,-6.17428372e+01
219.150000,-9.31582763e+01,-6.17430468e+01
219.155000,-9.31584854e+01,-6.17432560e+01
219.160000,-9.31586941e+01,-6.17434647e+01
219.165000,-9.31589023e+01,-6.17436729e+01
219.170000,-9.31591101e+01,-6.17438806e+01
219.175000,-9.31593175e+01,-6.17440881e+01
219.180000,-9.31595248e+01,-6.17442953e+01
219.185000,-9.31597320e+01,-6.17445025e+01
219.190000,-9.31599394e+01,-6.17447100e+01
219.195000,-9.31601471e+01,-6.17449177e+01
219.200000,-9.31603553e+01,-6.17451258e+01
219.205000,-9.31605637e+01,-6.17453342e+01
219.210000,-9.31607723e+01,-6.17455428e+01
219.215000,-9.31609808e+01,-6.17457513e+01
219.220000,-9.31611890e+01,-6.17459595e+01
219.225000,-9.31613965e+01,-6.17461670e+01
219.230000,-9.31616031e+01,-6.17463736e+01
219.235000,-9.31618085e+01,-6.17465791e+01
219.240000,-9.31620129e+01,-6.17467834e+01
219.245000,-9.31622161e+01,-6.17469866e+01
219.250000,-9.31624184e+01,-6.17471889e+01
219.255000,-9.31626199e+01,-6.17473904e+01
219.260000,-9.31628208e+01,-6.17475913e+01
219.265000,-9.31630215e+01,-6.17477920e+01
219.270000,-9.31632221e+01,-6.17479926e+01
219.275000,-9.31634228e+01,-6.17481933e+01
219.280000,-9.31636237e+01,-6.17483942e+01
219.285000,-9.31638248e+01,-6.17485953e+01
219.290000,-9.31640262e+01,-6.17487967e+01
219.295000,-9.31642277e+01,-6.17489982e+01
219.300000,-9.31644293e+01,-6.17491997e+01
219.305000,-9.31646308e+01,-6.17494013e+01
219.310000,-9.31648322e+01,-6.17496027e+01
219.315000,-9.31650335e+01,-6.17498040e+01
219.320000,-9.31652349e+01,-6.17500054e+01
219.325000,-9.31654364e+01,-6.17502069e+01
219.330000,-9.31656382e+01,-6.17504087e+01
219.335000,-9.31658404e+01,-6.17506109e+01
219.340000,-9.31660431e+01,-6.17508136e+01
219.345000,-9.31662464e+01,-6.17510169e+01
219.350000,-9.31664503e+01,-6.17512208e+01
219.355000,-9.31666546e+01,-6.17514251e+01
219.360000,-9.31668592e+01,-6.17516297e+01
219.365000,-9.31670637e+01,-6.17518342e+01
219.370000,-9.31672680e+01,-6.17520384e+01
219.375000,-9.31674716e+01,-6.17522421e+01
219.380000,-9.31676743e+01,-6.17524448e+01
219.385000,-9.31678759e+01,-6.17526464e+01
219.390000,-9.31680763e+01,-6.17528468e+01
219.395000,-9.31682754e+01,-6.17530458e+01
219.400000,-9.31684732e+01,-6.17532437e+01
219.405000,-9.31686700e+01,-6.17534404e+01
219.410000,-9.31688657e+01,-6.17536362e+01
219.415000,-9.31690606e+01,-6.17538310e+01
219.420000,-9.31692547e+01,-6.17540251e+01
219.425000,-9.31694480e+01,-6.17542185e+01
219.430000,-9.31696406e+01,-6.17544111e+01
219.435000,-9.31698323e+01,-6.17546027e+01
219.440000,-9.31700229e+01,-6.17547933e+01
219.445000,-9.31702122e+01,-6.17549826e+01
219.450000,-9.31703999e+01,-6.17551704e+01
219.455000,-9.31705859e+01,-6.17553564e+01
219.460000,-9.31707700e+01,-6.17555405e+01
219.465000,-9.31709522e+01,-6.17557226e+01
219.470000,-9.31711324e+01,-6.17559029e+01
219.475000,-9.31713109e+01,-6.17560813e+01
219.480000,-9.31714877e+01,-6.17562582e+01
219.485000,-9.31716632e+01,-6.17564336e+01
219.490000,-9.31718373e+01,-6.17566078e+01
219.495000,-9.31720105e+01,-6.17567809e+01
219.500000,-9.31721827e+01,-6.17569531e+01
219.505000,-9.31723541e+01,-6.17571245e+01
219.510000,-9.31725248e+01,-6.17572952e+01
219.515000,-9.31726948e+01,-6.17574652e+01
219.520000,-9.31728641e+01,-6.17576345e+01
219.525000,-9.31730329e+01,-6.17578033e+01
219.530000,-9.31732012e+01,-6.17579716e+01
219.535000,-9.31733692e+01,-6.17581396e+01
219.540000,-9.31735372e+01,-6.17583076e+01
219.545000,-9.31737054e+01,-6.17584758e+01
219.550000,-9.31738741e+01,-6.17586445e+01
219.555000,-9.31740435e+01,-6.17588139e+01
219.560000,-9.31742136e+01,-6.17589840e+01
219.565000,-9.31743845e+01,-6.17591549e+01
219.570000,-9.31745564e+01,-6.17593268e+01
219.575000,-9.31747291e+01,-6.17594995e+01
219.580000,-9.31749027e+01,-6.17596731e+01
219.585000,-9.31750771e+01,-6.17598475e+01
219.590000,-9.31752522e+01,-6.17600226e+01
219.595000,-9.31754278e+01,-6.17601982e+01
219.600000,-9.31756040e+01,-6.17603744e+01
219.605000,-9.31757806e+01,-6.17605510e+01
219.610000,-9.31759576e+01,-6.17607280e+01
219.615000,-9.31761351e+01,-6.17609055e+01
219.620000,-9.31763132e+01,-6.17610836e+01
219.625000,-9.31764922e+01,-6.17612626e+01
219.630000,-9.31766721e+01,-6.17614425e+01
219.635000,-9.31768531e+01,-6.17616235e+01
219.640000,-9.31770352e+01,-6.17618056e+01
219.645000,-9.31772185e+01,-6.17619889e+01
219.650000,-9.31774027e+01,-6.17621731e+01
219.655000,-9.31775878e+01,-6.17623582e+01
219.660000,-9.31777734e+01,-6.17625438e+01
219.665000,-9.31779595e+01,-6.17627299e+01
219.670000,-9.31781458e+01,-6.17629162e+01
219.675000,-9.31783324e+01,-6.17631028e+01
219.680000,-9.31785192e+01,-6.17632895e+01
219.685000,-9.31787062e+01,-6.17634766e+01
219.690000,-9.31788936e+01,-6.17636639e+01
219.695000,-9.31790814e+01,-6.17638517e+01
219.700000,-9.31792695e+01,-6.17640399e+01
219.705000,-9.31794581e+01,-6.17642285e+01
219.710000,-9.31796470e+01,-6.17644174e+01
219.715000,-9.31798361e+01,-6.17646064e+01
219.720000,-9.31800251e+01,-6.17647955e+01
219.725000,-9.31802139e+01,-6.17649842e+01
219.730000,-9.31804021e+01,-6.17651725e+01
219.735000,-9.31805896e+01,-6.17653600e+01
219.740000,-9.31807760e+01,-6.17655464e+01
219.745000,-9.31809613e+01,-6.17657316e+01
219.750000,-9.31811451e+01,-6.17659155e+01
219.755000,-9.31813275e+01,-6.17660979e+01
219.760000,-9.31815085e+01,-6.17662789e+01
219.765000,-9.31816881e+01,-6.17664585e+01
219.770000,-9.31818664e+01,-6.17666368e+01
219.775000,-9.31820436e+01,-6.17668140e+01
219.780000,-9.31822197e+01,-6.17669901e+01
219.785000,-9.31823949e+01,-6.17671652e+01
219.790000,-9.31825692e+01,-6.17673396e+01
219.795000,-9.31827429e+01,-6.17675132e+01
219.800000,-9.31829160e+01,-6.17676863e+01
219.805000,-9.31830887e+01,-6.17678590e+01
219.810000,-9.31832610e+01,-6.17680314e+01
219.815000,-9.31834332e+01,-6.17682035e+01
219.820000,-9.31836054e+01,-6.17683757e+01
219.825000,-9.31837777e+01,-6.17685480e+01
219.830000,-9.31839504e+01,-6.17687208e+01
219.835000,-9.31841239e+01,-6.17688942e+01
219.840000,-9.31842984e+01,-6.17690687e+01
219.845000,-9.31844742e+01,-6.17692445e+01
219.850000,-9.31846516e+01,-6.17694219e+01
219.855000,-9.31848308e+01,-6.17696011e+01
219.860000,-9.31850116e+01,-6.17697819e+01
219.865000,-9.31851941e+01,-6.17699644e+01
219.870000,-9.31853781e+01,-6.17701484e+01
219.875000,-9.31855633e+01,-6.17703336e+01
219.880000,-9.31857494e+01,-6.17705197e+01
219.885000,-9.31859361e+01,-6.17707064e+01
219.890000,-9.31861230e+01,-6.17708933e+01
219.895000,-9.31863099e+01,-6.17710802e+01
219.900000,-9.31864966e+01,-6.17712669e+01
219.905000,-9.31866830e+01,-6.17714533e+01
219.910000,-9.31868689e+01,-6.17716392e+01
219.915000,-9.31870544e+01,-6.17718247e+01
219.920000,-9.31872394e+01,-6.17720097e+01
219.925000,-9.31874238e+01,-6.17721941e+01
219.930000,-9.31876074e+01,-6.17723777e+01
219.935000,-9.31877896e+01,-6.17725599e+01
219.940000,-9.31879701e+01,-6.17727404e+01
219.945000,-9.31881485e+01,-6.17729188e+01
219.950000,-9.31883243e+01,-6.17730946e+01
219.955000,-9.31884973e+01,-6.17732676e+01
219.960000,-9.31886677e+01,-6.17734380e+01
219.965000,-9.31888356e+01,-6.17736058e+01
219.970000,-9.31890014e+01,-6.17737717e+01
219.975000,-9.31891658e+01,-6.17739361e+01
219.980000,-9.31893293e+01,-6.17740996e+01
219.985000,-9.31894925e+01,-6.17742628e+01
219.990000,-9.31896560e+01,-6.17744263e+01
219.995000,-9.31898203e+01,-6.17745906e+01
220.000000,-9.31899857e+01,-6.17747559e+01
220.005000,-9.31901523e+01,-6.17749225e+01
220.010000,-9.31903201e+01,-6.17750903e+01
220.015000,-9.31904890e+01,-6.17752592e+01
220.020000,-9.31906587e+01,-6.17754290e+01
220.025000,-9.31908289e+01,-6.17755992e+01
220.030000,-9.31909993e+01,-6.17757695e+01
220.035000,-9.31911694e+01,-6.17759397e+01
220.040000,-9.31913390e+01,-6.17761092e+01
220.045000,-9.31915077e+01,-6.17762780e+01
220.050000,-9.31916754e+01,-6.17764457e+01
220.055000,-9.31918419e+01,-6.17766122e+01
220.060000,-9.31920073e+01,-6.17767775e+01
220.065000,-9.31921713e+01,-6.17769416e+01
220.070000,-9.31923340e+01,-6.17771043e+01
220.075000,-9.31924954e+01,-6.17772656e+01
220.080000,-9.31926553e+01,-6.17774256e+01
220.085000,-9.31928138e+01,-6.17775840e+01
220.090000,-9.31929709e+01,-6.17777411e+01
220.095000,-9.31931265e+01,-6.17778967e+01
220.100000,-9.31932807e+01,-6.17780510e+01
220.105000,-9.31934337e+01,-6.17782040e+01
220.110000,-9.31935857e+01,-6.17783560e+01
220.115000,-9.31937371e+01,-6.17785073e+01
220.120000,-9.31938882e+01,-6.17786585e+01
220.125000,-9.31940397e+01,-6.17788099e+01
220.130000,-9.31941919e+01,-6.17789621e+01
220.135000,-9.31943453e+01,-6.17791155e+01
220.140000,-9.31945001e+01,-6.17792703e+01
220.145000,-9.31946566e+01,-6.17794269e+01
220.150000,-9.31948148e+01,-6.17795851e+01
220.155000,-9.31949746e+01,-6.17797449e+01
220.160000,-9.31951358e+01,-6.17799060e+01
220.165000,-9.31952979e+01,-6.17800681e+01
220.170000,-9.31954604e+01,-6.17802307e+01
220.175000,-9.31956229e+01,-6.17803931e+01
220.180000,-9.31957848e+01,-6.17805550e+01
220.185000,-9.31959458e+01,-6.17807160e+01
220.190000,-9.31961055e+01,-6.17808757e+01
220.195000,-9.31962637e+01,-6.17810339e+01
220.200000,-9.31964204e+01,-6.17811906e+01
220.205000,-9.31965755e+01,-6.17813458e+01
220.210000,-9.31967293e+01,-6.17814995e+01
220.215000,-9.31968817e+01,-6.17816519e+01
220.220000,-9.31970328e+01,-6.17818030e+01
220.225000,-9.31971826e+01,-6.17819528e+01
220.230000,-9.31973309e+01,-6.17821011e+01
220.235000,-9.31974777e+01,-6.17822479e+01
220.240000,-9.31976228e+01,-6.17823930e+01
220.245000,-9.31977662e+01,-6.17825364e+01
220.250000,-9.31979080e+01,-6.17826782e+01
220.255000,-9.31980485e+01,-6.17828187e+01
220.260000,-9.31981880e+01,-6.17829582e+01
220.265000,-9.31983271e+01,-6.17830973e+01
220.270000,-9.31984663e+01,-6.17832365e+01
220.275000,-9.31986061e+01,-6.17833763e+01
220.280000,-9.31987470e+01,-6.17835172e+01
220.285000,-9.31988893e+01,-6.17836595e+01
220.290000,-9.31990331e+01,-6.17838033e+01
220.295000,-9.31991785e+01,-6.17839487e+01
220.300000,-9.31993254e+01,-6.17840956e+01
220.305000,-9.31994736e+01,-6.17842438e+01
220.310000,-9.31996230e+01,-6.17843931e+01
220.315000,-9.31997732e+01,-6.17845434e+01
220.320000,-9.31999238e+01,-6.17846940e+01
220.325000,-9.32000743e+01,-6.17848445e+01
220.330000,-9.32002242e+01,-6.17849944e+01
220.335000,-9.32003730e+01,-6.17851432e+01
220.340000,-9.32005203e+01,-6.17852905e+01
220.345000,-9.32006658e+01,-6.17854360e+01
220.350000,-9.32008095e+01,-6.17855796e+01
220.355000,-9.32009511e+01,-6.17857212e+01
220.360000,-9.32010907e+01,-6.17858609e+01
220.365000,-9.32012284e+01,-6.17859985e+01
220.370000,-9.32013643e+01,-6.17861344e+01
220.375000,-9.32014985e+01,-6.17862687e+01
220.380000,-9.32016311e+01,-6.17864013e+01
220.385000,-9.32017624e+01,-6.17865325e+01
220.390000,-9.32018923e+01,-6.17866625e+01
220.395000,-9.32020212e+01,-6.17867914e+01
220.400000,-9.32021494e+01,-6.17869196e+01
220.405000,-9.32022771e+01,-6.17870473e+01
220.410000,-9.32024048e+01,-6.17871750e+01
220.415000,-9.32025330e+01,-6.17873031e+01
220.420000,-9.32026618e+01,-6.17874320e+01
220.425000,-9.32027918e+01,-6.17875620e+01
220.430000,-9.32029231e+01,-6.17876933e+01
220.435000,-9.32030558e+01,-6.17878260e+01
220.440000,-9.32031899e+01,-6.17879601e+01
220.445000,-9.32033252e+01,-6.17880954e+01
220.450000,-9.32034615e+01,-6.17882317e+01
220.455000,-9.32035988e+01,-6.17883690e+01
220.460000,-9.32037368e+01,-6.17885069e+01
220.465000,-9.32038755e+01,-6.17886456e+01
220.470000,-9.32040148e+01,-6.17887849e+01
220.475000,-9.32041548e+01,-6.17889249e+01
220.480000,-9.32042955e+01,-6.17890657e+01
220.485000,-9.32044370e+01,-6.17892072e+01
220.490000,-9.32045794e+01,-6.17893496e+01
220.495000,-9.32047228e+01,-6.17894929e+01
220.500000,-9.32048671e+01,-6.17896372e+01
220.505000,-9.32050121e+01,-6.17897823e+01
220.510000,-9.32051578e+01,-6.17899279e+01
220.515000,-9.32053037e+01,-6.17900738e+01
220.520000,-9.32054493e+01,-6.17902195e+01
220.525000,-9.32055945e+01,-6.17903646e+01
220.530000,-9.32057389e+01,-6.17905090e+01
220.535000,-9.32058823e+01,-6.17906525e+01
220.540000,-9.32060249e+01,-6.17907951e+01
220.545000,-9.32061668e+01,-6.17909370e+01
220.550000,-9.32063082e+01,-6.17910784e+01
220.555000,-9.32064496e+01,-6.17912197e+01
220.560000,-9.32065911e+01,-6.17913613e+01
220.565000,-9.32067334e+01,-6.17915035e+01
220.570000,-9.32068767e+01,-6.17916468e+01
220.575000,-9.32070215e+01,-6.17917916e+01
220.580000,-9.32071681e+01,-6.17919382e+01
220.585000,-9.32073167e+01,-6.17920869e+01
220.590000,-9.32074677e+01,-6.17922379e+01
220.595000,-9.32076212e+01,-6.17923913e+01
220.600000,-9.32077772e+01,-6.17925473e+01
220.605000,-9.32079357e+01,-6.17927059e+01
220.610000,-9.32080968e+01,-6.17928670e+01
220.615000,-9.32082603e+01,-6.17930304e+01
220.620000,-9.32084261e+01,-6.17931962e+01
220.625000,-9.32085939e+01,-6.17933640e+01
220.630000,-9.32087637e+01,-6.17935338e+01
220.635000,-9.32089352e+01,-6.17937053e+01
220.640000,-9.32091081e+01,-6.17938783e+01
220.645000,-9.32092824e+01,-6.17940525e+01
220.650000,-9.32094575e+01,-6.17942276e+01
220.655000,-9.32096334e+01,-6.17944035e+01
220.660000,-9.32098097e+01,-6.17945798e+01
220.665000,-9.32099862e+01,-6.17947564e+01
220.670000,-9.32101628e+01,-6.17949329e+01
220.675000,-9.32103392e+01,-6.17951093e+01
220.680000,-9.32105153e+01,-6.17952855e+01
220.685000,-9.32106912e+01,-6.17954613e+01
220.690000,-9.32108670e+01,-6.17956371e+01
220.695000,-9.32110430e+01,-6.17958131e+01
220.700000,-9.32112197e+01,-6.17959898e+01
220.705000,-9.32113975e+01,-6.17961676e+01
220.710000,-9.32115769e+01,-6.17963470e+01
220.715000,-9.32117584e+01,-6.17965285e+01
220.720000,-9.32119425e+01,-6.17967126e+01
220.725000,-9.32121295e+01,-6.17968996e+01
220.730000,-9.32123198e+01,-6.17970899e+01
220.735000,-9.32125136e+01,-6.17972837e+01
220.740000,-9.32127111e+01,-6.17974812e+01
220.745000,-9.32129124e+01,-6.17976825e+01
220.750000,-9.32131172e+01,-6.17978873e+01
220.755000,-9.32133257e+01,-6.17980958e+01
220.760000,-9.32135375e+01,-6.17983076e+01
220.765000,-9.32137525e+01,-6.17985226e+01
220.770000,-9.32139706e+01,-6.17987407e+01
220.775000,-9.32141912e+01,-6.17989613e+01
220.780000,-9.32144142e+01,-6.17991843e+01
220.785000,-9.32146392e+01,-6.17994092e+01
220.790000,-9.32148658e+01,-6.17996358e+01
220.795000,-9.32150937e+01,-6.17998638e+01
220.800000,-9.32153225e+01,-6.18000926e+01
220.805000,-9.32155519e+01,-6.18003220e+01
220.810000,-9.32157815e+01,-6.18005516e+01
220.815000,-9.32160108e+01,-6.18007809e+01
220.820000,-9.32162397e+01,-6.18010098e+01
220.825000,-9.32164679e+01,-6.18012380e+01
220.830000,-9.32166953e+01,-6.18014654e+01
220.835000,-9.32169220e+01,-6.18016921e+01
220.840000,-9.32171478e+01,-6.18019179e+01
220.845000,-9.32173731e+01,-6.18021431e+01
220.850000,-9.32175978e+01,-6.18023678e+01
220.855000,-9.32178221e+01,-6.18025921e+01
220.860000,-9.32180462e+01,-6.18028163e+01
220.865000,-9.32182704e+01,-6.18030404e+01
220.870000,-9.32184947e+01,-6.18032648e+01
220.875000,-9.32187194e+01,-6.18034895e+01
220.880000,-9.32189445e+01,-6.18037146e+01
220.885000,-9.32191701e+01,-6.18039402e+01
220.890000,-9.32193962e+01,-6.18041662e+01
220.895000,-9.32196227e+01,-6.18043927e+01
220.900000,-9.32198496e+01,-6.18046196e+01
220.905000,-9.32200768e+01,-6.18048469e+01
220.910000,-9.32203044e+01,-6.18050744e+01
220.915000,-9.32205320e+01,-6.18053021e+01
220.920000,-9.32207596e+01,-6.18055297e+01
220.925000,-9.32209868e+01,-6.18057568e+01
220.930000,-9.32212131e+01,-6.18059832e+01
220.935000,-9.32214382e+01,-6.18062082e+01
220.940000,-9.32216616e+01,-6.18064316e+01
220.945000,-9.32218830e+01,-6.18066531e+01
220.950000,-9.32221023e+01,-6.18068723e+01
220.955000,-9.32223193e+01,-6.18070893e+01
220.960000,-9.32225340e+01,-6.18073040e+01
220.965000,-9.32227464e+01,-6.18075164e+01
220.970000,-9.32229566e+01,-6.18077267e+01
220.975000,-9.32231647e+01,-6.18079347e+01
220.980000,-9.32233708e+01,-6.18081408e+01
220.985000,-9.32235750e+01,-6.18083450e+01
220.990000,-9.32237776e+01,-6.18085476e+01
220.995000,-9.32239787e+01,-6.18087487e+01
221.000000,-9.32241788e+01,-6.18089488e+01
221.005000,-9.32243780e+01,-6.18091480e+01
221.010000,-9.32245767e+01,-6.18093467e+01
221.015000,-9.32247751e+01,-6.18095451e+01
221.020000,-9.32249733e+01,-6.18097433e+01
221.025000,-9.32251714e+01,-6.18099414e+01
221.030000,-9.32253693e+01,-6.18101393e+01
221.035000,-9.32255669e+01,-6.18103369e+01
221.040000,-9.32257642e+01,-6.18105342e+01
221.045000,-9.32259608e+01,-6.18107308e+01
221.050000,-9.32261566e+01,-6.18109266e+01
221.055000,-9.32263512e+01,-6.18111212e+01
221.060000,-9.32265446e+01,-6.18113146e+01
221.065000,-9.32267364e+01,-6.18115064e+01
221.070000,-9.32269266e+01,-6.18116966e+01
221.075000,-9.32271150e+01,-6.18118850e+01
221.080000,-9.32273013e+01,-6.18120713e+01
221.085000,-9.32274855e+01,-6.18122554e+01
221.090000,-9.32276670e+01,-6.18124370e+01
221.095000,-9.32278457e+01,-6.18126157e+01
221.100000,-9.32280212e+01,-6.18127912e+01
221.105000,-9.32281934e+01,-6.18129633e+01
221.110000,-9.32283620e+01,-6.18131320e+01
221.115000,-9.32285273e+01,-6.18132973e+01
221.120000,-9.32286894e+01,-6.18134594e+01
221.125000,-9.32288487e+01,-6.18136187e+01
221.130000,-9.32290058e+01,-6.18137757e+01
221.135000,-9.32291611e+01,-6.18139310e+01
221.140000,-9.32293152e+01,-6.18140852e+01
221.145000,-9.32294687e+01,-6.18142387e+01
221.150000,-9.32296221e+01,-6.18143920e+01
221.155000,-9.32297758e+01,-6.18145457e+01
221.160000,-9.32299300e+01,-6.18147000e+01
221.165000,-9.32300852e+01,-6.18148552e+01
221.170000,-9.32302415e+01,-6.18150114e+01
221.175000,-9.32303989e+01,-6.18151688e+01
221.180000,-9.32305573e+01,-6.18153273e+01
221.185000,-9.32307168e+01,-6.18154867e+01
221.190000,-9.32308770e+01,-6.18156469e+01
221.195000,-9.32310377e+01,-6.18158076e+01
221.200000,-9.32311985e+01,-6.18159684e+01
221.205000,-9.32313592e+01,-6.18161291e+01
221.210000,-9.32315195e+01,-6.18162894e+01
221.215000,-9.32316791e+01,-6.18164490e+01
221.220000,-9.32318380e+01,-6.18166080e+01
221.225000,-9.32319962e+01,-6.18167661e+01
221.230000,-9.32321535e+01,-6.18169235e+01
221.235000,-9.32323101e+01,-6.18170800e+01
221.240000,-9.32324658e+01,-6.18172358e+01
221.245000,-9.32326208e+01,-6.18173908e+01
221.250000,-9.32327751e+01,-6.18175450e+01
221.255000,-9.32329286e+01,-6.18176985e+01
221.260000,-9.32330816e+01,-6.18178515e+01
221.265000,-9.32332342e+01,-6.18180041e+01
221.270000,-9.32333866e+01,-6.18181565e+01
221.275000,-9.32335392e+01,-6.18183091e+01
221.280000,-9.32336920e+01,-6.18184620e+01
221.285000,-9.32338457e+01,-6.18186156e+01
221.290000,-9.32340003e+01,-6.18187702e+01
221.295000,-9.32341562e+01,-6.18189261e+01
221.300000,-9.32343136e+01,-6.18190835e+01
221.305000,-9.32344728e+01,-6.18192427e+01
221.310000,-9.32346338e+01,-6.18194037e+01
221.315000,-9.32347968e+01,-6.18195667e+01
221.320000,-9.32349615e+01,-6.18197314e+01
221.325000,-9.32351280e+01,-6.18198979e+01
221.330000,-9.32352959e+01,-6.18200658e+01
221.335000,-9.32354649e+01,-6.18202349e+01
221.340000,-9.32356348e+01,-6.18204047e+01
221.345000,-9.32358051e+01,-6.18205750e+01
221.350000,-9.32359755e+01,-6.18207454e+01
221.355000,-9.32361458e+01,-6.18209157e+01
221.360000,-9.32363156e+01,-6.18210855e+01
221.365000,-9.32364850e+01,-6.18212549e+01
221.370000,-9.32366538e+01,-6.18214237e+01
221.375000,-9.32368220e+01,-6.18215918e+01
221.380000,-9.32369893e+01,-6.18217592e+01
221.385000,-9.32371559e+01,-6.18219258e+01
221.390000,-9.32373217e+01,-6.18220916e+01
221.395000,-9.32374866e+01,-6.18222565e+01
221.400000,-9.32376504e+01,-6.18224203e+01
221.405000,-9.32378132e+01,-6.18225831e+01
221.410000,-9.32379747e+01,-6.18227446e+01
221.415000,-9.32381349e+01,-6.18229048e+01
221.420000,-9.32382937e+01,-6.18230636e+01
221.425000,-9.32384510e+01,-6.18232209e+01
221.430000,-9.32386070e+01,-6.18233769e+01
221.435000,-9.32387616e+01,-6.18235315e+01
221.440000,-9.32389150e+01,-6.18236849e+01
221.445000,-9.32390672e+01,-6.18238371e+01
221.450000,-9.32392185e+01,-6.18239883e+01
221.455000,-9.32393688e+01,-6.18241387e+01
221.460000,-9.32395184e+01,-6.18242883e+01
221.465000,-9.32396673e+01,-6.18244372e+01
221.470000,-9.32398154e+01,-6.18245853e+01
221.475000,-9.32399626e+01,-6.18247325e+01
221.480000,-9.32401086e+01,-6.18248784e+01
221.485000,-9.32402531e+01,-6.18250229e+01
221.490000,-9.32403957e+01,-6.18251656e+01
221.495000,-9.32405364e+01,-6.18253063e+01
221.500000,-9.32406748e+01,-6.18254447e+01
221.505000,-9.32408110e+01,-6.18255809e+01
221.510000,-9.32409449e+01,-6.18257148e+01
221.515000,-9.32410768e+01,-6.18258467e+01
221.520000,-9.32412068e+01,-6.18259767e+01
221.525000,-9.32413354e+01,-6.18261052e+01
221.530000,-9.32414626e+01,-6.18262324e+01
221.535000,-9.32415888e+01,-6.18263587e+01
221.540000,-9.32417144e+01,-6.18264842e+01
221.545000,-9.32418397e+01,-6.18266095e+01
221.550000,-9.32419649e+01,-6.18267348e+01
221.555000,-9.32420906e+01,-6.18268605e+01
221.560000,-9.32422171e+01,-6.18269869e+01
221.565000,-9.32423445e+01,-6.18271144e+01
221.570000,-9.32424733e+01,-6.18272432e+01
221.575000,-9.32426037e+01,-6.18273735e+01
221.580000,-9.32427358e+01,-6.18275056e+01
221.585000,-9.32428698e+01,-6.18276396e+01
221.590000,-9.32430059e+01,-6.18277758e+01
221.595000,-9.32431444e+01,-6.18279142e+01
221.600000,-9.32432853e+01,-6.18280551e+01
221.605000,-9.32434289e+01,-6.18281987e+01
221.610000,-9.32435751e+01,-6.18283450e+01
221.615000,-9.32437240e+01,-6.18284939e+01
221.620000,-9.32438754e+01,-6.18286452e+01
221.625000,-9.32440291e+01,-6.18287989e+01
221.630000,-9.32441846e+01,-6.18289544e+01
221.635000,-9.32443415e+01,-6.18291113e+01
221.640000,-9.32444992e+01,-6.18292691e+01
221.645000,-9.32446573e+01,-6.18294271e+01
221.650000,-9.32448150e+01,-6.18295848e+01
221.655000,-9.32449718e+01,-6.18297417e+01
221.660000,-9.32451275e+01,-6.18298973e+01
221.665000,-9.32452814e+01,-6.18300512e+01
221.670000,-9.32454335e+01,-6.18302033e+01
221.675000,-9.32455836e+01,-6.18303534e+01
221.680000,-9.32457317e+01,-6.18305016e+01
221.685000,-9.32458780e+01,-6.18306479e+01
221.690000,-9.32460226e+01,-6.18307924e+01
221.695000,-9.32461657e+01,-6.18309355e+01
221.700000,-9.32463074e+01,-6.18310773e+01
221.705000,-9.32464480e+01,-6.18312179e+01
221.710000,-9.32465877e+01,-6.18313575e+01
221.715000,-9.32467266e+01,-6.18314965e+01
221.720000,-9.32468651e+01,-6.18316349e+01
221.725000,-9.32470032e+01,-6.18317730e+01
221.730000,-9.32471411e+01,-6.18319109e+01
221.735000,-9.32472791e+01,-6.18320489e+01
221.740000,-9.32474170e+01,-6.18321869e+01
221.745000,-9.32475550e+01,-6.18323248e+01
221.750000,-9.32476929e+01,-6.18324627e+01
221.755000,-9.32478304e+01,-6.18326002e+01
221.760000,-9.32479672e+01,-6.18327370e+01
221.765000,-9.32481031e+01,-6.18328729e+01
221.770000,-9.32482377e+01,-6.18330075e+01
221.775000,-9.32483706e+01,-6.18331404e+01
221.780000,-9.32485015e+01,-6.18332713e+01
221.785000,-9.32486301e+01,-6.18333999e+01
221.790000,-9.32487562e+01,-6.18335260e+01
221.795000,-9.32488796e+01,-6.18336494e+01
221.800000,-9.32490004e+01,-6.18337702e+01
221.805000,-9.32491185e+01,-6.18338883e+01
221.810000,-9.32492341e+01,-6.18340039e+01
221.815000,-9.32493473e+01,-6.18341171e+01
221.820000,-9.32494582e+01,-6.18342280e+01
221.825000,-9.32495671e+01,-6.18343369e+01
221.830000,-9.32496741e+01,-6.18344439e+01
221.835000,-9.32497796e+01,-6.18345494e+01
221.840000,-9.32498836e+01,-6.18346534e+01
221.845000,-9.32499866e+01,-6.18347563e+01
221.850000,-9.32500886e+01,-6.18348584e+01
221.855000,-9.32501903e+01,-6.18349601e+01
221.860000,-9.32502928e+01,-6.18350626e+01
221.865000,-9.32503960e+01,-6.18351658e+01
221.870000,-9.32505003e+01,-6.18352701e+01
221.875000,-9.32506062e+01,-6.18353759e+01
221.880000,-9.32507139e+01,-6.18354837e+01
221.885000,-9.32508241e+01,-6.18355938e+01
221.890000,-9.32509367e+01,-6.18357065e+01
221.895000,-9.32510524e+01,-6.18358222e+01
221.900000,-9.32511713e+01,-6.18359411e+01
221.905000,-9.32512939e+01,-6.18360637e+01
221.910000,-9.32514208e+01,-6.18361906e+01
221.915000,-9.32515525e+01,-6.18363223e+01
221.920000,-9.32516896e+01,-6.18364594e+01
221.925000,-9.32518325e+01,-6.18366023e+01
221.930000,-9.32519819e+01,-6.18367517e+01
221.935000,-9.32521382e+01,-6.18369080e+01
221.940000,-9.32523018e+01,-6.18370716e+01
221.945000,-9.32524730e+01,-6.18372428e+01
221.950000,-9.32526521e+01,-6.18374219e+01
221.955000,-9.32528394e+01,-6.18376092e+01
221.960000,-9.32530351e+01,-6.18378049e+01
221.965000,-9.32532394e+01,-6.18380092e+01
221.970000,-9.32534524e+01,-6.18382222e+01
221.975000,-9.32536742e+01,-6.18384440e+01
221.980000,-9.32539045e+01,-6.18386742e+01
221.985000,-9.32541431e+01,-6.18389128e+01
221.990000,-9.32543896e+01,-6.18391594e+01
221.995000,-9.32546438e+01,-6.18394135e+01
222.000000,-9.32549051e+01,-6.18396749e+01
222.005000,-9.32551733e+01,-6.18399430e+01
222.010000,-9.32554478e+01,-6.18402175e+01
222.015000,-9.32557282e+01,-6.18404979e+01
222.020000,-9.32560140e+01,-6.18407837e+01
222.025000,-9.32563048e+01,-6.18410745e+01
222.030000,-9.32565999e+01,-6.18413697e+01
222.035000,-9.32568994e+01,-6.18416691e+01
222.040000,-9.32572027e+01,-6.18419725e+01
222.045000,-9.32575097e+01,-6.18422795e+01
222.050000,-9.32578201e+01,-6.18425899e+01
222.055000,-9.32581337e+01,-6.18429035e+01
222.060000,-9.32584504e+01,-6.18432201e+01
222.065000,-9.32587696e+01,-6.18435394e+01
222.070000,-9.32590912e+01,-6.18438610e+01
222.075000,-9.32594147e+01,-6.18441845e+01
222.080000,-9.32597397e+01,-6.18445095e+01
222.085000,-9.32600656e+01,-6.18448354e+01
222.090000,-9.32603921e+01,-6.18451619e+01
222.095000,-9.32607189e+01,-6.18454886e+01
222.100000,-9.32610455e+01,-6.18458152e+01
222.105000,-9.32613718e+01,-6.18461416e+01
222.110000,-9.32616978e+01,-6.18464675e+01
222.115000,-9.32620233e+01,-6.18467930e+01
222.120000,-9.32623483e+01,-6.18471180e+01
222.125000,-9.32626728e+01,-6.18474425e+01
222.130000,-9.32629970e+01,-6.18477667e+01
222.135000,-9.32633207e+01,-6.18480905e+01
222.140000,-9.32636446e+01,-6.18484143e+01
222.145000,-9.32639686e+01,-6.18487383e+01
222.150000,-9.32642931e+01,-6.18490628e+01
222.155000,-9.32646184e+01,-6.18493881e+01
222.160000,-9.32649446e+01,-6.18497143e+01
222.165000,-9.32652721e+01,-6.18500418e+01
222.170000,-9.32656009e+01,-6.18503706e+01
222.175000,-9.32659311e+01,-6.18507008e+01
222.180000,-9.32662628e+01,-6.18510325e+01
222.185000,-9.32665959e+01,-6.18513655e+01
222.190000,-9.32669303e+01,-6.18517000e+01
222.195000,-9.32672661e+01,-6.18520358e+01
222.200000,-9.32676033e+01,-6.18523730e+01
222.205000,-9.32679418e+01,-6.18527115e+01
222.210000,-9.32682816e+01,-6.18530513e+01
222.215000,-9.32686225e+01,-6.18533922e+01
222.220000,-9.32689643e+01,-6.18537340e+01
222.225000,-9.32693067e+01,-6.18540764e+01
222.230000,-9.32696495e+01,-6.18544192e+01
222.235000,-9.32699926e+01,-6.18547622e+01
222.240000,-9.32703356e+01,-6.18551053e+01
222.245000,-9.32706786e+01,-6.18554483e+01
222.250000,-9.32710214e+01,-6.18557910e+01
222.255000,-9.32713637e+01,-6.18561333e+01
222.260000,-9.32717054e+01,-6.18564750e+01
222.265000,-9.32720461e+01,-6.18568158e+01
222.270000,-9.32723859e+01,-6.18571556e+01
222.275000,-9.32727245e+01,-6.18574941e+01
222.280000,-9.32730617e+01,-6.18578314e+01
222.285000,-9.32733976e+01,-6.18581672e+01
222.290000,-9.32737320e+01,-6.18585017e+01
222.295000,-9.32740650e+01,-6.18588346e+01
222.300000,-9.32743965e+01,-6.18591661e+01
222.305000,-9.32747266e+01,-6.18594962e+01
222.310000,-9.32750554e+01,-6.18598250e+01
222.315000,-9.32753830e+01,-6.18601526e+01
222.320000,-9.32757096e+01,-6.18604792e+01
222.325000,-9.32760353e+01,-6.18608049e+01
222.330000,-9.32763598e+01,-6.18611294e+01
222.335000,-9.32766833e+01,-6.18614529e+01
222.340000,-9.32770056e+01,-6.18617752e+01
222.345000,-9.32773266e+01,-6.18620962e+01
222.350000,-9.32776462e+01,-6.18624158e+01
222.355000,-9.32779642e+01,-6.18627338e+01
222.360000,-9.32782805e+01,-6.18630501e+01
222.365000,-9.32785948e+01,-6.18633644e+01
222.369999,-9.32789068e+01,-6.18636764e+01
222.374999,-9.32792164e+01,-6.18639860e+01
222.379999,-9.32795232e+01,-6.18642928e+01
222.384999,-9.32798273e+01,-6.18645969e+01
222.389999,-9.32801285e+01,-6.18648981e+01
222.394999,-9.32804267e+01,-6.18651963e+01
222.399999,-9.32807219e+01,-6.18654915e+01
222.404999,-9.32810142e+01,-6.18657838e+01
222.409999,-9.32813036e+01,-6.18660732e+01
222.414999,-9.32815902e+01,-6.18663598e+01
222.419999,-9.32818743e+01,-6.18666438e+01
222.424999,-9.32821558e+01,-6.18669254e+01
222.429999,-9.32824349e+01,-6.18672044e+01
222.434999,-9.32827115e+01,-6.18674811e+01
222.439999,-9.32829860e+01,-6.18677556e+01
222.444999,-9.32832587e+01,-6.18680282e+01
222.449999,-9.32835297e+01,-6.18682993e+01
222.454999,-9.32837997e+01,-6.18685692e+01
222.459999,-9.32840687e+01,-6.18688383e+01
222.464999,-9.32843373e+01,-6.18691068e+01
222.469999,-9.32846056e+01,-6.18693751e+01
222.474999,-9.32848738e+01,-6.18696433e+01
222.479999,-9.32851423e+01,-6.18699118e+01
222.484999,-9.32854111e+01,-6.18701807e+01
222.489999,-9.32856804e+01,-6.18704499e+01
222.494999,-9.32859501e+01,-6.18707196e+01
222.499999,-9.32862200e+01,-6.18709895e+01
222.504999,-9.32864899e+01,-6.18712594e+01
222.509999,-9.32867596e+01,-6.18715291e+01
222.514999,-9.32870291e+01,-6.18717986e+01
222.519999,-9.32872985e+01,-6.18720680e+01
222.524999,-9.32875676e+01,-6.18723371e+01
222.529999,-9.32878363e+01,-6.18726057e+01
222.534999,-9.32881045e+01,-6.18728740e+01
222.539999,-9.32883722e+01,-6.18731417e+01
222.544999,-9.32886390e+01,-6.18734085e+01
222.549999,-9.32889050e+01,-6.18736745e+01
222.554999,-9.32891697e+01,-6.18739392e+01
222.559999,-9.32894330e+01,-6.18742024e+01
222.564999,-9.32896945e+01,-6.18744640e+01
222.569999,-9.32899541e+01,-6.18747236e+01
222.574999,-9.32902115e+01,-6.18749810e+01
222.579999,-9.32904667e+01,-6.18752361e+01
222.584999,-9.32907193e+01,-6.18754888e+01
222.589999,-9.32909694e+01,-6.18757389e+01
222.594999,-9.32912169e+01,-6.18759864e+01
222.599999,-9.32914618e+01,-6.18762312e+01
222.604999,-9.32917040e+01,-6.18764735e+01
222.609999,-9.32919440e+01,-6.18767135e+01
222.614999,-9.32921816e+01,-6.18769510e+01
222.619999,-9.32924169e+01,-6.18771864e+01
222.624999,-9.32926500e+01,-6.18774195e+01
222.629999,-9.32928810e+01,-6.18776505e+01
222.634999,-9.32931098e+01,-6.18778793e+01
222.639999,-9.32933367e+01,-6.18781061e+01
222.644999,-9.32935613e+01,-6.18783307e+01
222.649999,-9.32937835e+01,-6.18785530e+01
222.654999,-9.32940033e+01,-6.18787728e+01
222.659999,-9.32942206e+01,-6.18789900e+01
222.664999,-9.32944353e+01,-6.18792048e+01
222.669999,-9.32946477e+01,-6.18794171e+01
222.674999,-9.32948577e+01,-6.18796271e+01
222.679999,-9.32950652e+01,-6.18798347e+01
222.684999,-9.32952703e+01,-6.18800397e+01
222.689999,-9.32954729e+01,-6.18802423e+01
222.694999,-9.32956729e+01,-6.18804423e+01
222.699999,-9.32958704e+01,-6.18806399e+01
222.704999,-9.32960654e+01,-6.18808349e+01
222.709999,-9.32962580e+01,-6.18810274e+01
222.714999,-9.32964481e+01,-6.18812176e+01
222.719999,-9.32966359e+01,-6.18814053e+01
222.724999,-9.32968214e+01,-6.18815908e+01
222.729999,-9.32970050e+01,-6.18817744e+01
222.734999,-9.32971869e+01,-6.18819563e+01
222.739999,-9.32973673e+01,-6.18821367e+01
222.744999,-9.32975467e+01,-6.18823162e+01
222.749999,-9.32977256e+01,-6.18824950e+01
222.754999,-9.32979041e+01,-6.18826735e+01
222.759999,-9.32980829e+01,-6.18828523e+01
222.764999,-9.32982620e+01,-6.18830314e+01
222.769999,-9.32984416e+01,-6.18832110e+01
222.774999,-9.32986219e+01,-6.18833913e+01
222.779999,-9.32988029e+01,-6.18835723e+01
222.784999,-9.32989845e+01,-6.18837539e+01
222.789999,-9.32991669e+01,-6.18839363e+01
222.794999,-9.32993499e+01,-6.18841192e+01
222.799999,-9.32995332e+01,-6.18843026e+01
222.804999,-9.32997167e+01,-6.18844861e+01
222.809999,-9.32999003e+01,-6.18846697e+01
222.814999,-9.33000838e+01,-6.18848532e+01
222.819999,-9.33002676e+01,-6.18850370e+01
222.824999,-9.33004515e+01,-6.18852209e+01
222.829999,-9.33006355e+01,-6.18854049e+01
222.834999,-9.33008198e+01,-6.18855892e+01
222.839999,-9.33010044e+01,-6.18857738e+01
222.844999,-9.33011893e+01,-6.18859587e+01
222.849999,-9.33013748e+01,-6.18861442e+01
222.854999,-9.33015608e+01,-6.18863301e+01
222.859999,-9.33017470e+01,-6.18865163e+01
222.864999,-9.33019332e+01,-6.18867026e+01
222.869999,-9.33021193e+01,-6.18868887e+01
222.874999,-9.33023048e+01,-6.18870742e+01
222.879999,-9.33024897e+01,-6.18872590e+01
222.884999,-9.33026736e+01,-6.18874430e+01
222.889999,-9.33028563e+01,-6.18876257e+01
222.894999,-9.33030376e+01,-6.18878069e+01
222.899999,-9.33032172e+01,-6.18879866e+01
222.904999,-9.33033952e+01,-6.18881645e+01
222.909999,-9.33035714e+01,-6.18883408e+01
222.914999,-9.33037459e+01,-6.18885153e+01
222.919999,-9.33039186e+01,-6.18886880e+01
222.924999,-9.33040896e+01,-6.18888589e+01
222.929999,-9.33042587e+01,-6.18890280e+01
222.934999,-9.33044258e+01,-6.18891951e+01
222.939999,-9.33045909e+01,-6.18893602e+01
222.944999,-9.33047536e+01,-6.18895229e+01
222.949999,-9.33049136e+01,-6.18896829e+01
222.954999,-9.33050707e+01,-6.18898400e+01
222.959999,-9.33052249e+01,-6.18899942e+01
222.964999,-9.33053760e+01,-6.18901454e+01
222.969999,-9.33055246e+01,-6.18902940e+01
222.974999,-9.33056708e+01,-6.18904401e+01
222.979999,-9.33058149e+01,-6.18905842e+01
222.984999,-9.33059572e+01,-6.18907266e+01
222.989999,-9.33060985e+01,-6.18908678e+01
222.994999,-9.33062389e+01,-6.18910083e+01
222.999999,-9.33063794e+01,-6.18911487e+01
223.004999,-9.33065203e+01,-6.18912896e+01
223.009999,-9.33066620e+01,-6.18914313e+01
223.014999,-9.33068051e+01,-6.18915744e+01
223.019999,-9.33069498e+01,-6.18917192e+01
223.024999,-9.33070966e+01,-6.18918659e+01
223.029999,-9.33072459e+01,-6.18920152e+01
223.034999,-9.33073975e+01,-6.18921668e+01
223.039999,-9.33075517e+01,-6.18923211e+01
223.044999,-9.33077085e+01,-6.18924778e+01
223.049999,-9.33078677e+01,-6.18926371e+01
223.054999,-9.33080293e+01,-6.18927986e+01
223.059999,-9.33081934e+01,-6.18929627e+01
223.064999,-9.33083598e+01,-6.18931291e+01
223.069999,-9.33085283e+01,-6.18932976e+01
223.074999,-9.33086987e+01,-6.18934680e+01
223.079999,-9.33088711e+01,-6.18936404e+01
223.084999,-9.33090453e+01,-6.18938146e+01
223.089999,-9.33092215e+01,-6.18939908e+01
223.094999,-9.33093997e+01,-6.18941691e+01
223.099999,-9.33095800e+01,-6.18943493e+01
223.104999,-9.33097623e+01,-6.18945316e+01
223.109999,-9.33099466e+01,-6.18947159e+01
223.114999,-9.33101329e+01,-6.18949023e+01
223.119999,-9.33103214e+01,-6.18950907e+01
223.124999,-9.33105118e+01,-6.18952811e+01
223.129999,-9.33107041e+01,-6.18954734e+01
223.134999,-9.33108984e+01,-6.18956677e+01
223.139999,-9.33110945e+01,-6.18958638e+01
223.144999,-9.33112923e+01,-6.18960616e+01
223.149999,-9.33114921e+01,-6.18962614e+01
223.154999,-9.33116937e+01,-6.18964630e+01
223.159999,-9.33118968e+01,-6.18966661e+01
223.164999,-9.33121014e+01,-6.18968707e+01
223.169999,-9.33123074e+01,-6.18970767e+01
223.174999,-9.33125143e+01,-6.18972835e+01
223.179999,-9.33127220e+01,-6.18974913e+01
223.184999,-9.33129302e+01,-6.18976995e+01
223.189999,-9.33131384e+01,-6.18979077e+01
223.194999,-9.33133462e+01,-6.18981155e+01
223.199999,-9.33135532e+01,-6.18983225e+01
223.204999,-9.33137589e+01,-6.18985282e+01
223.209999,-9.33139632e+01,-6.18987324e+01
223.214999,-9.33141655e+01,-6.18989348e+01
223.219999,-9.33143658e+01,-6.18991351e+01
223.224999,-9.33145640e+01,-6.18993333e+01
223.229999,-9.33147600e+01,-6.18995292e+01
223.234999,-9.33149537e+01,-6.18997230e+01
223.239999,-9.33151455e+01,-6.18999147e+01
223.244999,-9.33153351e+01,-6.19001043e+01
223.249999,-9.33155226e+01,-6.19002919e+01
223.254999,-9.33157083e+01,-6.19004776e+01
223.259999,-9.33158922e+01,-6.19006615e+01
223.264999,-9.33160744e+01,-6.19008436e+01
223.269999,-9.33162554e+01,-6.19010247e+01
223.274999,-9.33164353e+01,-6.19012045e+01
223.279999,-9.33166142e+01,-6.19013835e+01
223.284999,-9.33167925e+01,-6.19015617e+01
223.289999,-9.33169702e+01,-6.19017395e+01
223.294999,-9.33171475e+01,-6.19019168e+01
223.299999,-9.33173247e+01,-6.19020939e+01
223.304999,-9.33175017e+01,-6.19022709e+01
223.309999,-9.33176784e+01,-6.19024477e+01
223.314999,-9.33178549e+01,-6.19026242e+01
223.319999,-9.33180313e+01,-6.19028006e+01
223.324999,-9.33182075e+01,-6.19029767e+01
223.329999,-9.33183839e+01,-6.19031531e+01
223.334999,-9.33185603e+01,-6.19033295e+01
223.339999,-9.33187371e+01,-6.19035063e+01
223.344999,-9.33189141e+01,-6.19036833e+01
223.349999,-9.33190913e+01,-6.19038606e+01
223.354999,-9.33192687e+01,-6.19040379e+01
223.359999,-9.33194462e+01,-6.19042155e+01
223.364999,-9.33196237e+01,-6.19043929e+01
223.369999,-9.33198008e+01,-6.19045701e+01
223.374999,-9.33199775e+01,-6.19047467e+01
223.379999,-9.33201534e+01,-6.19049226e+01
223.384999,-9.33203280e+01,-6.19050972e+01
223.389999,-9.33205013e+01,-6.19052705e+01
223.394999,-9.33206730e+01,-6.19054422e+01
223.399999,-9.33208427e+01,-6.19056119e+01
223.404999,-9.33210105e+01,-6.19057798e+01
223.409999,-9.33211766e+01,-6.19059458e+01
223.414999,-9.33213408e+01,-6.19061101e+01
223.419999,-9.33215037e+01,-6.19062730e+01
223.424999,-9.33216654e+01,-6.19064346e+01
223.429999,-9.33218261e+01,-6.19065953e+01
223.434999,-9.33219862e+01,-6.19067554e+01
223.439999,-9.33221459e+01,-6.19069152e+01
223.444999,-9.33223056e+01,-6.19070748e+01
223.449999,-9.33224655e+01,-6.19072347e+01
223.454999,-9.33226257e+01,-6.19073949e+01
223.459999,-9.33227864e+01,-6.19075556e+01
223.464999,-9.33229478e+01,-6.19077170e+01
223.469999,-9.33231101e+01,-6.19078793e+01
223.474999,-9.33232732e+01,-6.19080424e+01
223.479999,-9.33234376e+01,-6.19082068e+01
223.484999,-9.33236031e+01,-6.19083723e+01
223.489999,-9.33237694e+01,-6.19085386e+01
223.494999,-9.33239363e+01,-6.19087055e+01
223.499999,-9.33241031e+01,-6.19088723e+01
223.504999,-9.33242692e+01,-6.19090384e+01
223.509999,-9.33244342e+01,-6.19092034e+01
223.514999,-9.33245972e+01,-6.19093663e+01
223.519999,-9.33247575e+01,-6.19095267e+01
223.524999,-9.33249146e+01,-6.19096838e+01
223.529999,-9.33250682e+01,-6.19098373e+01
223.534999,-9.33252176e+01,-6.19099868e+01
223.539999,-9.33253630e+01,-6.19101322e+01
223.544999,-9.33255042e+01,-6.19102734e+01
223.549999,-9.33256410e+01,-6.19104102e+01
223.554999,-9.33257735e+01,-6.19105427e+01
223.559999,-9.33259018e+01,-6.19106709e+01
223.564999,-9.33260259e+01,-6.19107950e+01
223.569999,-9.33261464e+01,-6.19109156e+01
223.574999,-9.33262636e+01,-6.19110328e+01
223.579999,-9.33263777e+01,-6.19111469e+01
223.584999,-9.33264893e+01,-6.19112585e+01
223.589999,-9.33265988e+01,-6.19113679e+01
223.594999,-9.33267063e+01,-6.19114755e+01
223.599999,-9.33268127e+01,-6.19115819e+01
223.604999,-9.33269180e+01,-6.19116872e+01
223.609999,-9.33270226e+01,-6.19117918e+01
223.614999,-9.33271268e+01,-6.19118959e+01
223.619999,-9.33272309e+01,-6.19120000e+01
223.624999,-9.33273350e+01,-6.19121042e+01
223.629999,-9.33274399e+01,-6.19122090e+01
223.634999,-9.33275453e+01,-6.19123144e+01
223.639999,-9.33276514e+01,-6.19124205e+01
223.644999,-9.33277580e+01,-6.19125271e+01
223.649999,-9.33278650e+01,-6.19126342e+01
223.654999,-9.33279722e+01,-6.19127413e+01
223.659999,-9.33280794e+01,-6.19128486e+01
223.664999,-9.33281864e+01,-6.19129555e+01
223.669999,-9.33282927e+01,-6.19130619e+01
223.674999,-9.33283983e+01,-6.19131675e+01
223.679999,-9.33285031e+01,-6.19132722e+01
223.684999,-9.33286068e+01,-6.19133760e+01
223.689999,-9.33287102e+01,-6.19134793e+01
223.694999,-9.33288130e+01,-6.19135821e+01
223.699999,-9.33289156e+01,-6.19136847e+01
223.704999,-9.33290183e+01,-6.19137874e+01
223.709999,-9.33291214e+01,-6.19138905e+01
223.714999,-9.33292252e+01,-6.19139943e+01
223.719999,-9.33293303e+01,-6.19140995e+01
223.724999,-9.33294369e+01,-6.19142060e+01
223.729999,-9.33295450e+01,-6.19143142e+01
223.734999,-9.33296549e+01,-6.19144241e+01
223.739999,-9.33297667e+01,-6.19145358e+01
223.744999,-9.33298802e+01,-6.19146493e+01
223.749999,-9.33299959e+01,-6.19147650e+01
223.754999,-9.33301135e+01,-6.19148826e+01
223.759999,-9.33302332e+01,-6.19150023e+01
223.764999,-9.33303549e+01,-6.19151241e+01
223.769999,-9.33304786e+01,-6.19152478e+01
223.774999,-9.33306041e+01,-6.19153732e+01
223.779999,-9.33307315e+01,-6.19155006e+01
223.784999,-9.33308605e+01,-6.19156296e+01
223.789999,-9.33309909e+01,-6.19157600e+01
223.794999,-9.33311224e+01,-6.19158915e+01
223.799999,-9.33312547e+01,-6.19160238e+01
223.804999,-9.33313872e+01,-6.19161563e+01
223.809999,-9.33315197e+01,-6.19162888e+01
223.814999,-9.33316517e+01,-6.19164208e+01
223.819999,-9.33317827e+01,-6.19165518e+01
223.824999,-9.33319124e+01,-6.19166815e+01
223.829999,-9.33320406e+01,-6.19168097e+01
223.834999,-9.33321671e+01,-6.19169362e+01
223.839999,-9.33322921e+01,-6.19170612e+01
223.844999,-9.33324156e+01,-6.19171847e+01
223.849999,-9.33325376e+01,-6.19173067e+01
223.854999,-9.33326582e+01,-6.19174274e+01
223.859999,-9.33327777e+01,-6.19175468e+01
223.864999,-9.33328959e+01,-6.19176650e+01
223.869999,-9.33330133e+01,-6.19177824e+01
223.874999,-9.33331297e+01,-6.19178988e+01
223.879999,-9.33332451e+01,-6.19180142e+01
223.884999,-9.33333595e+01,-6.19181286e+01
223.889999,-9.33334729e+01,-6.19182420e+01
223.894999,-9.33335852e+01,-6.19183543e+01
223.899999,-9.33336966e+01,-6.19184657e+01
223.904999,-9.33338070e+01,-6.19185761e+01
223.909999,-9.33339164e+01,-6.19186855e+01
223.914999,-9.33340251e+01,-6.19187942e+01
223.919999,-9.33341331e+01,-6.19189022e+01
223.924999,-9.33342406e+01,-6.19190097e+01
223.929999,-9.33343480e+01,-6.19191171e+01
223.934999,-9.33344554e+01,-6.19192245e+01
223.939999,-9.33345628e+01,-6.19193319e+01
223.944999,-9.33346703e+01,-6.19194394e+01
223.949999,-9.33347779e+01,-6.19195470e+01
223.954999,-9.33348854e+01,-6.19196545e+01
223.959999,-9.33349931e+01,-6.19197622e+01
223.964999,-9.33351005e+01,-6.19198696e+01
223.969999,-9.33352078e+01,-6.19199769e+01
223.974999,-9.33353147e+01,-6.19200838e+01
223.979999,-9.33354214e+01,-6.19201905e+01
223.984999,-9.33355278e+01,-6.19202969e+01
223.989999,-9.33356344e+01,-6.19204034e+01
223.994999,-9.33357410e+01,-6.19205101e+01
223.999999,-9.33358480e+01,-6.19206171e+01
224.004999,-9.33359555e+01,-6.19207245e+01
224.009999,-9.33360638e+01,-6.19208329e+01
224.014999,-9.33361732e+01,-6.19209423e+01
224.019999,-9.33362847e+01,-6.19210537e+01
224.024999,-9.33363983e+01,-6.19211674e+01
224.029999,-9.33365147e+01,-6.19212838e+01
224.034999,-9.33366341e+01,-6.19214032e+01
224.039999,-9.33367570e+01,-6.19215261e+01
224.044999,-9.33368832e+01,-6.19216523e+01
224.049999,-9.33370130e+01,-6.19217821e+01
224.054999,-9.33371461e+01,-6.19219152e+01
224.059999,-9.33372821e+01,-6.19220512e+01
224.064999,-9.33374208e+01,-6.19221899e+01
224.069999,-9.33375618e+01,-6.19223308e+01
224.074999,-9.33377045e+01,-6.19224736e+01
224.079999,-9.33378489e+01,-6.19226180e+01
224.084999,-9.33379942e+01,-6.19227632e+01
224.089999,-9.33381397e+01,-6.19229088e+01
224.094999,-9.33382849e+01,-6.19230540e+01
224.099999,-9.33384292e+01,-6.19231982e+01
224.104999,-9.33385717e+01,-6.19233408e+01
224.109999,-9.33387126e+01,-6.19234817e+01
224.114999,-9.33388512e+01,-6.19236202e+01
224.119999,-9.33389873e+01,-6.19237564e+01
224.124999,-9.33391210e+01,-6.19238901e+01
224.129999,-9.33392523e+01,-6.19240214e+01
224.134999,-9.33393812e+01,-6.19241503e+01
224.139999,-9.33395082e+01,-6.19242772e+01
224.144999,-9.33396332e+01,-6.19244023e+01
224.149999,-9.33397566e+01,-6.19245257e+01
224.154999,-9.33398786e+01,-6.19246477e+01
224.159999,-9.33399996e+01,-6.19247686e+01
224.164999,-9.33401197e+01,-6.19248887e+01
224.169999,-9.33402395e+01,-6.19250085e+01
224.174999,-9.33403588e+01,-6.19251279e+01
224.179999,-9.33404780e+01,-6.19252470e+01
224.184999,-9.33405968e+01,-6.19253658e+01
224.189999,-9.33407152e+01,-6.19254843e+01
224.194999,-9.33408331e+01,-6.19256022e+01
224.199999,-9.33409507e+01,-6.19257198e+01
224.204999,-9.33410678e+01,-6.19258369e+01
224.209999,-9.33411844e+01,-6.19259535e+01
224.214999,-9.33413008e+01,-6.19260698e+01
224.219999,-9.33414169e+01,-6.19261860e+01
224.224999,-9.33415328e+01,-6.19263018e+01
224.229999,-9.33416488e+01,-6.19264178e+01
224.234999,-9.33417648e+01,-6.19265339e+01
224.239999,-9.33418808e+01,-6.19266499e+01
224.244999,-9.33419969e+01,-6.19267660e+01
224.249999,-9.33421131e+01,-6.19268821e+01
224.254999,-9.33422292e+01,-6.19269982e+01
224.259999,-9.33423453e+01,-6.19271143e+01
224.264999,-9.33424611e+01,-6.19272301e+01
224.269999,-9.33425765e+01,-6.19273455e+01
224.274999,-9.33426913e+01,-6.19274603e+01
224.279999,-9.33428054e+01,-6.19275744e+01
224.284999,-9.33429187e+01,-6.19276877e+01
224.289999,-9.33430315e+01,-6.19278005e+01
224.294999,-9.33431436e+01,-6.19279126e+01
224.299999,-9.33432551e+01,-6.19280241e+01
224.304999,-9.33433660e+01,-6.19281351e+01
224.309999,-9.33434765e+01,-6.19282456e+01
224.314999,-9.33435865e+01,-6.19283555e+01
224.319999,-9.33436962e+01,-6.19284652e+01
224.324999,-9.33438055e+01,-6.19285745e+01
224.329999,-9.33439143e+01,-6.19286833e+01
224.334999,-9.33440227e+01,-6.19287917e+01
224.339999,-9.33441307e+01,-6.19288998e+01
224.344999,-9.33442385e+01,-6.19290075e+01
224.349999,-9.33443465e+01,-6.19291155e+01
224.354999,-9.33444550e+01,-6.19292240e+01
224.359999,-9.33445641e+01,-6.19293331e+01
224.364999,-9.33446741e+01,-6.19294431e+01
224.369999,-9.33447849e+01,-6.19295540e+01
224.374999,-9.33448966e+01,-6.19296656e+01
224.379999,-9.33450093e+01,-6.19297783e+01
224.384999,-9.33451227e+01,-6.19298917e+01
224.389999,-9.33452368e+01,-6.19300058e+01
224.394999,-9.33453513e+01,-6.19301203e+01
224.399999,-9.33454660e+01,-6.19302350e+01
224.404999,-9.33455805e+01,-6.19303495e+01
224.409999,-9.33456949e+01,-6.19304639e+01
224.414999,-9.33458088e+01,-6.19305778e+01
224.419999,-9.33459221e+01,-6.19306911e+01
224.424999,-9.33460349e+01,-6.19308039e+01
224.429999,-9.33461471e+01,-6.19309161e+01
224.434999,-9.33462587e+01,-6.19310278e+01
224.439999,-9.33463701e+01,-6.19311392e+01
224.444999,-9.33464812e+01,-6.19312502e+01
224.449999,-9.33465920e+01,-6.19313610e+01
224.454999,-9.33467024e+01,-6.19314714e+01
224.459999,-9.33468126e+01,-6.19315816e+01
224.464999,-9.33469225e+01,-6.19316915e+01
224.469999,-9.33470323e+01,-6.19318013e+01
224.474999,-9.33471420e+01,-6.19319110e+01
224.479999,-9.33472513e+01,-6.19320203e+01
224.484999,-9.33473604e+01,-6.19321294e+01
224.489999,-9.33474690e+01,-6.19322380e+01
224.494999,-9.33475768e+01,-6.19323458e+01
224.499999,-9.33476840e+01,-6.19324530e+01
224.504999,-9.33477901e+01,-6.19325591e+01
224.509999,-9.33478951e+01,-6.19326640e+01
224.514999,-9.33479985e+01,-6.19327675e+01
224.519999,-9.33481006e+01,-6.19328696e+01
224.524999,-9.33482010e+01,-6.19329700e+01
224.529999,-9.33483003e+01,-6.19330692e+01
224.534999,-9.33483983e+01,-6.19331673e+01
224.539999,-9.33484952e+01,-6.19332642e+01
224.544999,-9.33485913e+01,-6.19333603e+01
224.549999,-9.33486867e+01,-6.19334557e+01
224.554999,-9.33487814e+01,-6.19335504e+01
224.559999,-9.33488760e+01,-6.19336450e+01
224.564999,-9.33489704e+01,-6.19337394e+01
224.569999,-9.33490647e+01,-6.19338337e+01
224.574999,-9.33491590e+01,-6.19339280e+01
224.579999,-9.33492533e+01,-6.19340223e+01
224.584999,-9.33493473e+01,-6.19341163e+01
224.589999,-9.33494413e+01,-6.19342103e+01
224.594999,-9.33495349e+01,-6.19343039e+01
224.599999,-9.33496278e+01,-6.19343968e+01
224.604999,-9.33497199e+01,-6.19344889e+01
224.609999,-9.33498109e+01,-6.19345799e+01
224.614999,-9.33499005e+01,-6.19346695e+01
224.619999,-9.33499890e+01,-6.19347580e+01
224.624999,-9.33500761e+01,-6.19348451e+01
224.629999,-9.33501620e+01,-6.19349309e+01
224.634999,-9.33502466e+01,-6.19350155e+01
224.639999,-9.33503304e+01,-6.19350993e+01
224.644999,-9.33504134e+01,-6.19351824e+01
224.649999,-9.33504964e+01,-6.19352653e+01
224.654999,-9.33505794e+01,-6.19353484e+01
224.659999,-9.33506629e+01,-6.19354319e+01
224.664999,-9.33507472e+01,-6.19355162e+01
224.669999,-9.33508327e+01,-6.19356016e+01
224.674999,-9.33509200e+01,-6.19356890e+01
224.679999,-9.33510096e+01,-6.19357785e+01
224.684999,-9.33511018e+01,-6.19358708e+01
224.689999,-9.33511970e+01,-6.19359660e+01
224.694999,-9.33512955e+01,-6.19360644e+01
224.699999,-9.33513971e+01,-6.19361661e+01
224.704999,-9.33515022e+01,-6.19362711e+01
224.709999,-9.33516104e+01,-6.19363794e+01
224.714999,-9.33517216e+01,-6.19364905e+01
224.719999,-9.33518351e+01,-6.19366041e+01
224.724999,-9.33519506e+01,-6.19367196e+01
224.729999,-9.33520676e+01,-6.19368366e+01
224.734999,-9.33521853e+01,-6.19369543e+01
224.739999,-9.33523034e+01,-6.19370724e+01
224.744999,-9.33524212e+01,-6.19371902e+01
224.749999,-9.33525384e+01,-6.19373074e+01
224.754999,-9.33526545e+01,-6.19374234e+01
224.759999,-9.33527694e+01,-6.19375384e+01
224.764999,-9.33528829e+01,-6.19376518e+01
224.769999,-9.33529948e+01,-6.19377638e+01
224.774999,-9.33531052e+01,-6.19378741e+01
224.779999,-9.33532137e+01,-6.19379827e+01
224.784999,-9.33533204e+01,-6.19380894e+01
224.789999,-9.33534255e+01,-6.19381944e+01
224.794999,-9.33535287e+01,-6.19382976e+01
224.799999,-9.33536302e+01,-6.19383991e+01
224.804999,-9.33537300e+01,-6.19384989e+01
224.809999,-9.33538283e+01,-6.19385972e+01
224.814999,-9.33539251e+01,-6.19386941e+01
224.819999,-9.33540210e+01,-6.19387899e+01
224.824999,-9.33541161e+01,-6.19388850e+01
224.829999,-9.33542108e+01,-6.19389797e+01
224.834999,-9.33543054e+01,-6.19390743e+01
224.839999,-9.33543998e+01,-6.19391688e+01
224.844999,-9.33544945e+01,-6.19392635e+01
224.849999,-9.33545893e+01,-6.19393582e+01
224.854999,-9.33546839e+01,-6.19394528e+01
224.859999,-9.33547785e+01,-6.19395474e+01
224.864999,-9.33548727e+01,-6.19396416e+01
224.869999,-9.33549666e+01,-6.19397355e+01
224.874999,-9.33550600e+01,-6.19398289e+01
224.879999,-9.33551528e+01,-6.19399218e+01
224.884999,-9.33552450e+01,-6.19400140e+01
224.889999,-9.33553368e+01,-6.19401057e+01
224.894999,-9.33554280e+01,-6.19401969e+01
224.899999,-9.33555189e+01,-6.19402878e+01
224.904999,-9.33556092e+01,-6.19403781e+01
224.909999,-9.33556987e+01,-6.19404676e+01
224.914999,-9.33557872e+01,-6.19405561e+01
224.919999,-9.33558747e+01,-6.19406436e+01
224.924999,-9.33559611e+01,-6.19407300e+01
224.929999,-9.33560468e+01,-6.19408157e+01
224.934999,-9.33561320e+01,-6.19409009e+01
224.939999,-9.33562169e+01,-6.19409858e+01
224.944999,-9.33563018e+01,-6.19410707e+01
224.949999,-9.33563872e+01,-6.19411561e+01
224.954999,-9.33564730e+01,-6.19412419e+01
224.959999,-9.33565597e+01,-6.19413286e+01
224.964999,-9.33566472e+01,-6.19414161e+01
224.969999,-9.33567359e+01,-6.19415048e+01
224.974999,-9.33568257e+01,-6.19415946e+01
224.979999,-9.33569169e+01,-6.19416858e+01
224.984999,-9.33570094e+01,-6.19417783e+01
224.989999,-9.33571033e+01,-6.19418722e+01
224.994999,-9.33571986e+01,-6.19419675e+01
224.999999,-9.33572951e+01,-6.19420641e+01
225.004999,-9.33573929e+01,-6.19421618e+01
225.009999,-9.33574922e+01,-6.19422611e+01
225.014999,-9.33575928e+01,-6.19423617e+01
225.019999,-9.33576949e+01,-6.19424638e+01
225.024999,-9.33577984e+01,-6.19425673e+01
225.029999,-9.33579035e+01,-6.19426724e+01
225.034999,-9.33580100e+01,-6.19427790e+01
225.039999,-9.33581184e+01,-6.19428873e+01
225.044999,-9.33582284e+01,-6.19429973e+01
225.049999,-9.33583399e+01,-6.19431088e+01
225.054999,-9.33584527e+01,-6.19432216e+01
225.059999,-9.33585667e+01,-6.19433356e+01
225.064999,-9.33586817e+01,-6.19434506e+01
225.069999,-9.33587975e+01,-6.19435664e+01
225.074999,-9.33589137e+01,-6.19436826e+01
225.079999,-9.33590302e+01,-6.19437991e+01
225.084999,-9.33591465e+01,-6.19439154e+01
225.089999,-9.33592629e+01,-6.19440318e+01
225.094999,-9.33593789e+01,-6.19441478e+01
225.099999,-9.33594945e+01,-6.19442634e+01
225.104999,-9.33596096e+01,-6.19443785e+01
225.109999,-9.33597238e+01,-6.19444927e+01
225.114999,-9.33598372e+01,-6.19446061e+01
225.119999,-9.33599496e+01,-6.19447185e+01
225.124999,-9.33600606e+01,-6.19448295e+01
225.129999,-9.33601702e+01,-6.19449391e+01
225.134999,-9.33602780e+01,-6.19450469e+01
225.139999,-9.33603840e+01,-6.19451529e+01
225.144999,-9.33604879e+01,-6.19452568e+01
225.149999,-9.33605895e+01,-6.19453584e+01
225.154999,-9.33606889e+01,-6.19454578e+01
225.159999,-9.33607864e+01,-6.19455552e+01
225.164999,-9.33608821e+01,-6.19456510e+01
225.169999,-9.33609767e+01,-6.19457456e+01
225.174999,-9.33610706e+01,-6.19458395e+01
225.179999,-9.33611643e+01,-6.19459332e+01
225.184999,-9.33612582e+01,-6.19460271e+01
225.189999,-9.33613528e+01,-6.19461217e+01
225.194999,-9.33614485e+01,-6.19462174e+01
225.199999,-9.33615453e+01,-6.19463142e+01
225.204999,-9.33616433e+01,-6.19464122e+01
225.209999,-9.33617427e+01,-6.19465115e+01
225.214999,-9.33618433e+01,-6.19466122e+01
225.219999,-9.33619457e+01,-6.19467146e+01
225.224999,-9.33620496e+01,-6.19468185e+01
225.229999,-9.33621549e+01,-6.19469238e+01
225.234999,-9.33622615e+01,-6.19470304e+01
225.239999,-9.33623692e+01,-6.19471380e+01
225.244999,-9.33624778e+01,-6.19472467e+01
225.249999,-9.33625873e+01,-6.19473561e+01
225.254999,-9.33626972e+01,-6.19474661e+01
225.259999,-9.33628073e+01,-6.19475762e+01
225.264999,-9.33629174e+01,-6.19476862e+01
225.269999,-9.33630275e+01,-6.19477963e+01
225.274999,-9.33631372e+01,-6.19479061e+01
225.279999,-9.33632467e+01,-6.19480155e+01
225.284999,-9.33633558e+01,-6.19481246e+01
225.289999,-9.33634646e+01,-6.19482335e+01
225.294999,-9.33635734e+01,-6.19483422e+01
225.299999,-9.33636824e+01,-6.19484513e+01
225.304999,-9.33637920e+01,-6.19485608e+01
225.309999,-9.33639023e+01,-6.19486712e+01
225.314999,-9.33640139e+01,-6.19487828e+01
225.319999,-9.33641267e+01,-6.19488956e+01
225.324999,-9.33642414e+01,-6.19490102e+01
225.329999,-9.33643580e+01,-6.19491269e+01
225.334999,-9.33644770e+01,-6.19492458e+01
225.339999,-9.33645985e+01,-6.19493674e+01
225.344999,-9.33647226e+01,-6.19494914e+01
225.349999,-9.33648492e+01,-6.19496181e+01
225.354999,-9.33649781e+01,-6.19497469e+01
225.359999,-9.33651087e+01,-6.19498775e+01
225.364999,-9.33652405e+01,-6.19500093e+01
225.369999,-9.33653731e+01,-6.19501420e+01
225.374999,-9.33655064e+01,-6.19502752e+01
225.379999,-9.33656395e+01,-6.19504084e+01
225.384999,-9.33657722e+01,-6.19505410e+01
225.389999,-9.33659042e+01,-6.19506730e+01
225.394999,-9.33660351e+01,-6.19508040e+01
225.399999,-9.33661650e+01,-6.19509338e+01
225.404999,-9.33662935e+01,-6.19510624e+01
225.409999,-9.33664205e+01,-6.19511894e+01
225.414999,-9.33665457e+01,-6.19513145e+01
225.419999,-9.33666687e+01,-6.19514375e+01
225.424999,-9.33667891e+01,-6.19515580e+01
225.429999,-9.33669070e+01,-6.19516759e+01
225.434999,-9.33670220e+01,-6.19517908e+01
225.439999,-9.33671338e+01,-6.19519026e+01
225.444999,-9.33672426e+01,-6.19520114e+01
225.449999,-9.33673482e+01,-6.19521170e+01
225.454999,-9.33674510e+01,-6.19522198e+01
225.459999,-9.33675510e+01,-6.19523199e+01
225.464999,-9.33676484e+01,-6.19524172e+01
225.469999,-9.33677431e+01,-6.19525119e+01
225.474999,-9.33678353e+01,-6.19526041e+01
225.479999,-9.33679253e+01,-6.19526941e+01
225.484999,-9.33680132e+01,-6.19527820e+01
225.489999,-9.33680994e+01,-6.19528683e+01
225.494999,-9.33681844e+01,-6.19529532e+01
225.499999,-9.33682686e+01,-6.19530374e+01
225.504999,-9.33683525e+01,-6.19531213e+01
225.509999,-9.33684391e+01,-6.19532079e+01
225.514999,-9.33685275e+01,-6.19532963e+01
225.519999,-9.33686181e+01,-6.19533869e+01
225.524999,-9.33687114e+01,-6.19534803e+01
225.529999,-9.33688080e+01,-6.19535768e+01
225.534999,-9.33689090e+01,-6.19536778e+01
225.539999,-9.33690161e+01,-6.19537849e+01
225.544999,-9.33691328e+01,-6.19539017e+01
225.549999,-9.33692621e+01,-6.19540309e+01
225.554999,-9.33694065e+01,-6.19541753e+01
225.559999,-9.33695685e+01,-6.19543374e+01
225.564999,-9.33697494e+01,-6.19545182e+01
225.569999,-9.33699498e+01,-6.19547187e+01
225.574999,-9.33701697e+01,-6.19549385e+01
225.579999,-9.33704091e+01,-6.19551780e+01
225.584999,-9.33706679e+01,-6.19554368e+01
225.589999,-9.33709450e+01,-6.19557138e+01
225.594999,-9.33712393e+01,-6.19560081e+01
225.599999,-9.33715498e+01,-6.19563186e+01
225.604999,-9.33718753e+01,-6.19566442e+01
225.609999,-9.33722148e+01,-6.19569836e+01
225.614999,-9.33725678e+01,-6.19573367e+01
225.619999,-9.33729336e+01,-6.19577024e+01
225.624999,-9.33733113e+01,-6.19580802e+01
225.629999,-9.33737006e+01,-6.19584694e+01
225.634999,-9.33741005e+01,-6.19588694e+01
225.639999,-9.33745108e+01,-6.19592796e+01
225.644999,-9.33749302e+01,-6.19596991e+01
225.649999,-9.33753584e+01,-6.19601272e+01
225.654999,-9.33757945e+01,-6.19605633e+01
225.659999,-9.33762375e+01,-6.19610063e+01
225.664999,-9.33766864e+01,-6.19614552e+01
225.669999,-9.33771402e+01,-6.19619090e+01
225.674999,-9.33775976e+01,-6.19623664e+01
225.679999,-9.33780577e+01,-6.19628266e+01
225.684999,-9.33785197e+01,-6.19632885e+01
225.689999,-9.33789827e+01,-6.19637515e+01
225.694999,-9.33794459e+01,-6.19642147e+01
225.699999,-9.33799085e+01,-6.19646773e+01
225.704999,-9.33803697e+01,-6.19651385e+01
225.709999,-9.33808286e+01,-6.19655974e+01
225.714999,-9.33812850e+01,-6.19660538e+01
225.719999,-9.33817383e+01,-6.19665070e+01
225.724999,-9.33821877e+01,-6.19669565e+01
225.729999,-9.33826333e+01,-6.19674020e+01
225.734999,-9.33830744e+01,-6.19678431e+01
225.739999,-9.33835105e+01,-6.19682793e+01
225.744999,-9.33839423e+01,-6.19687111e+01
225.749999,-9.33843693e+01,-6.19691380e+01
225.754999,-9.33847912e+01,-6.19695600e+01
225.759999,-9.33852085e+01,-6.19699772e+01
225.764999,-9.33856209e+01,-6.19703896e+01
225.769999,-9.33860284e+01,-6.19707972e+01
225.774999,-9.33864308e+01,-6.19711996e+01
225.779999,-9.33868287e+01,-6.19715974e+01
225.784999,-9.33872223e+01,-6.19719910e+01
225.789999,-9.33876119e+01,-6.19723806e+01
225.794999,-9.33879980e+01,-6.19727667e+01
225.799999,-9.33883809e+01,-6.19731496e+01
225.804999,-9.33887609e+01,-6.19735296e+01
225.809999,-9.33891389e+01,-6.19739076e+01
225.814999,-9.33895155e+01,-6.19742842e+01
225.819999,-9.33898910e+01,-6.19746597e+01
225.824999,-9.33902657e+01,-6.19750343e+01
225.829999,-9.33906395e+01,-6.19754082e+01
225.834999,-9.33910123e+01,-6.19757810e+01
225.839999,-9.33913845e+01,-6.19761532e+01
225.844999,-9.33917560e+01,-6.19765247e+01
225.849999,-9.33921270e+01,-6.19768956e+01
225.854999,-9.33924973e+01,-6.19772660e+01
225.859999,-9.33928670e+01,-6.19776357e+01
225.864999,-9.33932357e+01,-6.19780044e+01
225.869999,-9.33936036e+01,-6.19783722e+01
225.874999,-9.33939700e+01,-6.19787387e+01
225.879999,-9.33943349e+01,-6.19791035e+01
225.884999,-9.33946977e+01,-6.19794664e+01
225.889999,-9.33950584e+01,-6.19798270e+01
225.894999,-9.33954162e+01,-6.19801848e+01
225.899999,-9.33957713e+01,-6.19805400e+01
225.904999,-9.33961235e+01,-6.19808921e+01
225.909999,-9.33964724e+01,-6.19812410e+01
225.914999,-9.33968181e+01,-6.19815868e+01
225.919999,-9.33971603e+01,-6.19819290e+01
225.924999,-9.33974986e+01,-6.19822672e+01
225.929999,-9.33978330e+01,-6.19826017e+01
225.934999,-9.33981637e+01,-6.19829323e+01
225.939999,-9.33984906e+01,-6.19832592e+01
225.944999,-9.33988139e+01,-6.19835825e+01
225.949999,-9.33991339e+01,-6.19839025e+01
225.954999,-9.33994507e+01,-6.19842193e+01
225.959999,-9.33997654e+01,-6.19845340e+01
225.964999,-9.34000785e+01,-6.19848471e+01
225.969999,-9.34003910e+01,-6.19851596e+01
225.974999,-9.34007035e+01,-6.19854721e+01
225.979999,-9.34010167e+01,-6.19857853e+01
225.984999,-9.34013307e+01,-6.19860993e+01
225.989999,-9.34016465e+01,-6.19864150e+01
225.994999,-9.34019640e+01,-6.19867325e+01
225.999999,-9.34022830e+01,-6.19870516e+01
226.004999,-9.34026033e+01,-6.19873719e+01
226.009999,-9.34029241e+01,-6.19876927e+01
226.014999,-9.34032448e+01,-6.19880134e+01
226.019999,-9.34035650e+01,-6.19883335e+01
226.024999,-9.34038841e+01,-6.19886526e+01
226.029999,-9.34042015e+01,-6.19889700e+01
226.034999,-9.34045165e+01,-6.19892851e+01
226.039999,-9.34048289e+01,-6.19895974e+01
226.044999,-9.34051373e+01,-6.19899059e+01
226.049999,-9.34054418e+01,-6.19902104e+01
226.054999,-9.34057419e+01,-6.19905104e+01
226.059999,-9.34060372e+01,-6.19908058e+01
226.064999,-9.34063279e+01,-6.19910965e+01
226.069999,-9.34066141e+01,-6.19913826e+01
226.074999,-9.34068954e+01,-6.19916640e+01
226.079999,-9.34071728e+01,-6.19919413e+01
226.084999,-9.34074462e+01,-6.19922148e+01
226.089999,-9.34077161e+01,-6.19924847e+01
226.094999,-9.34079828e+01,-6.19927513e+01
226.099999,-9.34082465e+01,-6.19930150e+01
226.104999,-9.34085073e+01,-6.19932758e+01
226.109999,-9.34087662e+01,-6.19935348e+01
226.114999,-9.34090238e+01,-6.19937924e+01
226.119999,-9.34092806e+01,-6.19940491e+01
226.124999,-9.34095369e+01,-6.19943054e+01
226.129999,-9.34097930e+01,-6.19945616e+01
226.134999,-9.34100488e+01,-6.19948173e+01
226.139999,-9.34103048e+01,-6.19950733e+01
226.144999,-9.34105609e+01,-6.19953294e+01
226.149999,-9.34108171e+01,-6.19955856e+01
226.154999,-9.34110733e+01,-6.19958418e+01
226.159999,-9.34113294e+01,-6.19960979e+01
226.164999,-9.34115849e+01,-6.19963534e+01
226.169999,-9.34118398e+01,-6.19966083e+01
226.174999,-9.34120939e+01,-6.19968624e+01
226.179999,-9.34123468e+01,-6.19971153e+01
226.184999,-9.34125981e+01,-6.19973666e+01
226.189999,-9.34128475e+01,-6.19976160e+01
226.194999,-9.34130943e+01,-6.19978628e+01
226.199999,-9.34133388e+01,-6.19981072e+01
226.204999,-9.34135807e+01,-6.19983491e+01
226.209999,-9.34138198e+01,-6.19985883e+01
226.214999,-9.34140565e+01,-6.19988250e+01
226.219999,-9.34142905e+01,-6.19990590e+01
226.224999,-9.34145216e+01,-6.19992901e+01
226.229999,-9.34147501e+01,-6.19995186e+01
226.234999,-9.34149759e+01,-6.19997443e+01
226.239999,-9.34151987e+01,-6.19999671e+01
226.244999,-9.34154183e+01,-6.20001867e+01
226.249999,-9.34156343e+01,-6.20004028e+01
226.254999,-9.34158464e+01,-6.20006148e+01
226.259999,-9.34160544e+01,-6.20008229e+01
226.264999,-9.34162584e+01,-6.20010268e+01
226.269999,-9.34164578e+01,-6.20012262e+01
226.274999,-9.34166525e+01,-6.20014209e+01
226.279999,-9.34168425e+01,-6.20016109e+01
226.284999,-9.34170273e+01,-6.20017958e+01
226.289999,-9.34172078e+01,-6.20019762e+01
226.294999,-9.34173837e+01,-6.20021521e+01
226.299999,-9.34175551e+01,-6.20023235e+01
226.304999,-9.34177221e+01,-6.20024905e+01
226.309999,-9.34178847e+01,-6.20026532e+01
226.314999,-9.34180428e+01,-6.20028112e+01
226.319999,-9.34181967e+01,-6.20029652e+01
226.324999,-9.34183467e+01,-6.20031152e+01
226.329999,-9.34184929e+01,-6.20032613e+01
226.334999,-9.34186355e+01,-6.20034039e+01
226.339999,-9.34187748e+01,-6.20035432e+01
226.344999,-9.34189106e+01,-6.20036790e+01
226.349999,-9.34190433e+01,-6.20038117e+01
226.354999,-9.34191733e+01,-6.20039417e+01
226.359999,-9.34193005e+01,-6.20040689e+01
226.364999,-9.34194251e+01,-6.20041935e+01
226.369999,-9.34195469e+01,-6.20043153e+01
226.374999,-9.34196654e+01,-6.20044338e+01
226.379999,-9.34197809e+01,-6.20045493e+01
226.384999,-9.34198932e+01,-6.20046616e+01
226.389999,-9.34200023e+01,-6.20047707e+01
226.394999,-9.34201084e+01,-6.20048768e+01
226.399999,-9.34202118e+01,-6.20049801e+01
226.404999,-9.34203122e+01,-6.20050806e+01
226.409999,-9.34204103e+01,-6.20051787e+01
226.414999,-9.34205065e+01,-6.20052749e+01
226.419999,-9.34206009e+01,-6.20053693e+01
226.424999,-9.34206939e+01,-6.20054623e+01
226.429999,-9.34207858e+01,-6.20055542e+01
226.434999,-9.34208763e+01,-6.20056447e+01
226.439999,-9.34209661e+01,-6.20057345e+01
226.444999,-9.34210552e+01,-6.20058236e+01
226.449999,-9.34211432e+01,-6.20059116e+01
226.454999,-9.34212300e+01,-6.20059984e+01
226.459999,-9.34213152e+01,-6.20060836e+01
226.464999,-9.34213982e+01,-6.20061666e+01
226.469999,-9.34214793e+01,-6.20062477e+01
226.474999,-9.34215585e+01,-6.20063269e+01
226.479999,-9.34216361e+01,-6.20064045e+01
226.484999,-9.34217120e+01,-6.20064804e+01
226.489999,-9.34217865e+01,-6.20065549e+01
226.494999,-9.34218591e+01,-6.20066274e+01
226.499999,-9.34219302e+01,-6.20066986e+01
226.504999,-9.34219998e+01,-6.20067682e+01
226.509999,-9.34220678e+01,-6.20068362e+01
226.514999,-9.34221342e+01,-6.20069026e+01
226.519999,-9.34221989e+01,-6.20069673e+01
226.524999,-9.34222614e+01,-6.20070298e+01
226.529999,-9.34223222e+01,-6.20070906e+01
226.534999,-9.34223812e+01,-6.20071496e+01
226.539999,-9.34224388e+01,-6.20072072e+01
226.544999,-9.34224950e+01,-6.20072634e+01
226.549999,-9.34225502e+01,-6.20073186e+01
226.554999,-9.34226042e+01,-6.20073726e+01
226.559999,-9.34226576e+01,-6.20074260e+01
226.564999,-9.34227107e+01,-6.20074791e+01
226.569999,-9.34227637e+01,-6.20075321e+01
226.574999,-9.34228169e+01,-6.20075852e+01
226.579999,-9.34228705e+01,-6.20076389e+01
226.584999,-9.34229244e+01,-6.20076928e+01
226.589999,-9.34229794e+01,-6.20077478e+01
226.594999,-9.34230355e+01,-6.20078039e+01
226.599999,-9.34230928e+01,-6.20078612e+01
226.604999,-9.34231511e+01,-6.20079195e+01
226.609999,-9.34232098e+01,-6.20079782e+01
226.614999,-9.34232681e+01,-6.20080365e+01
226.619999,-9.34233259e+01,-6.20080943e+01
226.624999,-9.34233826e+01,-6.20081509e+01
226.629999,-9.34234376e+01,-6.20082060e+01
226.634999,-9.34234908e+01,-6.20082592e+01
226.639999,-9.34235420e+01,-6.20083104e+01
226.644999,-9.34235908e+01,-6.20083591e+01
226.649999,-9.34236376e+01,-6.20084059e+01
226.654999,-9.34236827e+01,-6.20084511e+01
226.659999,-9.34237263e+01,-6.20084947e+01
226.664999,-9.34237687e+01,-6.20085371e+01
226.669999,-9.34238099e+01,-6.20085782e+01
226.674999,-9.34238494e+01,-6.20086178e+01
226.679999,-9.34238877e+01,-6.20086561e+01
226.684999,-9.34239246e+01,-6.20086930e+01
226.689999,-9.34239600e+01,-6.20087284e+01
226.694999,-9.34239936e+01,-6.20087619e+01
226.699999,-9.34240251e+01,-6.20087934e+01
226.704999,-9.34240542e+01,-6.20088225e+01
226.709999,-9.34240813e+01,-6.20088496e+01
226.714999,-9.34241066e+01,-6.20088749e+01
226.719999,-9.34241302e+01,-6.20088986e+01
226.724999,-9.34241524e+01,-6.20089208e+01
226.729999,-9.34241734e+01,-6.20089418e+01
226.734999,-9.34241929e+01,-6.20089613e+01
226.739999,-9.34242118e+01,-6.20089801e+01
226.744999,-9.34242301e+01,-6.20089985e+01
226.749999,-9.34242479e+01,-6.20090162e+01
226.754999,-9.34242652e+01,-6.20090336e+01
226.759999,-9.34242819e+01,-6.20090502e+01
226.764999,-9.34242975e+01,-6.20090658e+01
226.769999,-9.34243123e+01,-6.20090807e+01
226.774999,-9.34243263e+01,-6.20090946e+01
226.779999,-9.34243393e+01,-6.20091076e+01
226.784999,-9.34243512e+01,-6.20091195e+01
226.789999,-9.34243620e+01,-6.20091304e+01
226.794999,-9.34243713e+01,-6.20091397e+01
226.799999,-9.34243795e+01,-6.20091479e+01
226.804999,-9.34243868e+01,-6.20091552e+01
226.809999,-9.34243932e+01,-6.20091616e+01
226.814999,-9.34243990e+01,-6.20091674e+01
226.819999,-9.34244043e+01,-6.20091726e+01
226.824999,-9.34244086e+01,-6.20091770e+01
226.829999,-9.34244126e+01,-6.20091809e+01
226.834999,-9.34244160e+01,-6.20091844e+01
226.839999,-9.34244193e+01,-6.20091877e+01
226.844999,-9.34244224e+01,-6.20091908e+01
226.849999,-9.34244256e+01,-6.20091939e+01
226.854999,-9.34244285e+01,-6.20091968e+01
226.859999,-9.34244317e+01,-6.20092001e+01
226.864999,-9.34244355e+01,-6.20092039e+01
226.869999,-9.34244400e+01,-6.20092083e+01
226.874999,-9.34244450e+01,-6.20092133e+01
226.879999,-9.34244506e+01,-6.20092189e+01
226.884999,-9.34244561e+01,-6.20092244e+01
226.889999,-9.34244619e+01,-6.20092303e+01
226.894999,-9.34244679e+01,-6.20092363e+01
226.899999,-9.34244738e+01,-6.20092422e+01
226.904999,-9.34244796e+01,-6.20092479e+01
226.909999,-9.34244848e+01,-6.20092532e+01
226.914999,-9.34244891e+01,-6.20092574e+01
226.919999,-9.34244924e+01,-6.20092608e+01
226.924999,-9.34244945e+01,-6.20092628e+01
226.929999,-9.34244949e+01,-6.20092633e+01
226.934999,-9.34244933e+01,-6.20092616e+01
226.939999,-9.34244891e+01,-6.20092574e+01
226.944999,-9.34244815e+01,-6.20092498e+01
226.949999,-9.34244707e+01,-6.20092390e+01
226.954999,-9.34244564e+01,-6.20092248e+01
226.959999,-9.34244387e+01,-6.20092070e+01
226.964999,-9.34244176e+01,-6.20091859e+01
226.969999,-9.34243930e+01,-6.20091613e+01
226.974999,-9.34243646e+01,-6.20091330e+01
226.979999,-9.34243330e+01,-6.20091014e+01
226.984999,-9.34242982e+01,-6.20090666e+01
226.989999,-9.34242604e+01,-6.20090288e+01
226.994999,-9.34242199e+01,-6.20089882e+01
226.999999,-9.34241766e+01,-6.20089450e+01
227.004999,-9.34241305e+01,-6.20088989e+01
227.009999,-9.34240822e+01,-6.20088506e+01
227.014999,-9.34240319e+01,-6.20088002e+01
227.019999,-9.34239797e+01,-6.20087481e+01
227.024999,-9.34239259e+01,-6.20086942e+01
227.029999,-9.34238705e+01,-6.20086389e+01
227.034999,-9.34238133e+01,-6.20085817e+01
227.039999,-9.34237549e+01,-6.20085233e+01
227.044999,-9.34236953e+01,-6.20084636e+01
227.049999,-9.34236344e+01,-6.20084027e+01
227.054999,-9.34235725e+01,-6.20083408e+01
227.059999,-9.34235095e+01,-6.20082778e+01
227.064999,-9.34234451e+01,-6.20082135e+01
227.069999,-9.34233801e+01,-6.20081484e+01
227.074999,-9.34233145e+01,-6.20080829e+01
227.079999,-9.34232492e+01,-6.20080175e+01
227.084999,-9.34231844e+01,-6.20079527e+01
227.089999,-9.34231206e+01,-6.20078890e+01
227.094999,-9.34230578e+01,-6.20078262e+01
227.099999,-9.34229972e+01,-6.20077655e+01
227.104999,-9.34229399e+01,-6.20077083e+01
227.109999,-9.34228874e+01,-6.20076558e+01
227.114999,-9.34228407e+01,-6.20076091e+01
227.119999,-9.34228006e+01,-6.20075689e+01
227.124999,-9.34227667e+01,-6.20075351e+01
227.129999,-9.34227395e+01,-6.20075079e+01
227.134999,-9.34227189e+01,-6.20074872e+01
227.139999,-9.34227041e+01,-6.20074725e+01
227.144999,-9.34226949e+01,-6.20074633e+01
227.149999,-9.34226910e+01,-6.20074594e+01
227.154999,-9.34226919e+01,-6.20074602e+01
227.159999,-9.34226978e+01,-6.20074661e+01
227.164999,-9.34227084e+01,-6.20074767e+01
227.169999,-9.34227231e+01,-6.20074915e+01
227.174999,-9.34227415e+01,-6.20075098e+01
227.179999,-9.34227628e+01,-6.20075311e+01
227.184999,-9.34227860e+01,-6.20075544e+01
227.189999,-9.34228109e+01,-6.20075793e+01
227.194999,-9.34228368e+01,-6.20076052e+01
227.199999,-9.34228631e+01,-6.20076315e+01
227.204999,-9.34228890e+01,-6.20076574e+01
227.209999,-9.34229137e+01,-6.20076821e+01
227.214999,-9.34229363e+01,-6.20077047e+01
227.219999,-9.34229570e+01,-6.20077254e+01
227.224999,-9.34229755e+01,-6.20077439e+01
227.229999,-9.34229918e+01,-6.20077602e+01
227.234999,-9.34230059e+01,-6.20077743e+01
227.239999,-9.34230177e+01,-6.20077861e+01
227.244999,-9.34230270e+01,-6.20077954e+01
227.249999,-9.34230343e+01,-6.20078027e+01
227.254999,-9.34230395e+01,-6.20078079e+01
227.259999,-9.34230423e+01,-6.20078107e+01
227.264999,-9.34230425e+01,-6.20078108e+01
227.269999,-9.34230394e+01,-6.20078078e+01
227.274999,-9.34230323e+01,-6.20078006e+01
227.279999,-9.34230211e+01,-6.20077894e+01
227.284999,-9.34230051e+01,-6.20077735e+01
227.289999,-9.34229842e+01,-6.20077526e+01
227.294999,-9.34229578e+01,-6.20077262e+01
227.299999,-9.34229260e+01,-6.20076943e+01
227.304999,-9.34228883e+01,-6.20076566e+01
227.309999,-9.34228459e+01,-6.20076142e+01
227.314999,-9.34227994e+01,-6.20075678e+01
227.319999,-9.34227497e+01,-6.20075181e+01
227.324999,-9.34226976e+01,-6.20074659e+01
227.329999,-9.34226436e+01,-6.20074119e+01
227.334999,-9.34225880e+01,-6.20073563e+01
227.339999,-9.34225321e+01,-6.20073005e+01
227.344999,-9.34224770e+01,-6.20072453e+01
227.349999,-9.34224240e+01,-6.20071924e+01
227.354999,-9.34223745e+01,-6.20071428e+01
227.359999,-9.34223294e+01,-6.20070977e+01
227.364999,-9.34222889e+01,-6.20070572e+01
227.369999,-9.34222541e+01,-6.20070224e+01
227.374999,-9.34222246e+01,-6.20069930e+01
227.379999,-9.34221999e+01,-6.20069683e+01
227.384999,-9.34221796e+01,-6.20069479e+01
227.389999,-9.34221624e+01,-6.20069308e+01
227.394999,-9.34221480e+01,-6.20069163e+01
227.399999,-9.34221362e+01,-6.20069046e+01
227.404999,-9.34221267e+01,-6.20068951e+01
227.409999,-9.34221194e+01,-6.20068878e+01
227.414999,-9.34221141e+01,-6.20068825e+01
227.419999,-9.34221109e+01,-6.20068793e+01
227.424999,-9.34221092e+01,-6.20068776e+01
227.429999,-9.34221098e+01,-6.20068782e+01
227.434999,-9.34221116e+01,-6.20068800e+01
227.439999,-9.34221138e+01,-6.20068822e+01
227.444999,-9.34221153e+01,-6.20068837e+01
227.449999,-9.34221153e+01,-6.20068837e+01
227.454999,-9.34221126e+01,-6.20068810e+01
227.459999,-9.34221072e+01,-6.20068756e+01
227.464999,-9.34220982e+01,-6.20068666e+01
227.469999,-9.34220850e+01,-6.20068534e+01
227.474999,-9.34220671e+01,-6.20068355e+01
227.479999,-9.34220439e+01,-6.20068123e+01
227.484999,-9.34220149e+01,-6.20067833e+01
227.489999,-9.34219809e+01,-6.20067492e+01
227.494999,-9.34219415e+01,-6.20067099e+01
227.499999,-9.34218969e+01,-6.20066653e+01
227.504999,-9.34218469e+01,-6.20066153e+01
227.509999,-9.34217917e+01,-6.20065601e+01
227.514999,-9.34217312e+01,-6.20064996e+01
227.519999,-9.34216669e+01,-6.20064353e+01
227.524999,-9.34215996e+01,-6.20063679e+01
227.529999,-9.34215298e+01,-6.20062982e+01
227.534999,-9.34214585e+01,-6.20062269e+01
227.539999,-9.34213860e+01,-6.20061544e+01
227.544999,-9.34213126e+01,-6.20060810e+01
227.549999,-9.34212397e+01,-6.20060080e+01
227.554999,-9.34211668e+01,-6.20059352e+01
227.559999,-9.34210940e+01,-6.20058624e+01
227.564999,-9.34210206e+01,-6.20057890e+01
227.569999,-9.34209465e+01,-6.20057148e+01
227.574999,-9.34208709e+01,-6.20056393e+01
227.579999,-9.34207942e+01,-6.20055626e+01
227.584999,-9.34207155e+01,-6.20054839e+01
227.589999,-9.34206340e+01,-6.20054024e+01
227.594999,-9.34205490e+01,-6.20053174e+01
227.599999,-9.34204602e+01,-6.20052285e+01
227.604999,-9.34203669e+01,-6.20051353e+01
227.609999,-9.34202703e+01,-6.20050387e+01
227.614999,-9.34201698e+01,-6.20049382e+01
227.619999,-9.34200654e+01,-6.20048338e+01
227.624999,-9.34199570e+01,-6.20047254e+01
227.629999,-9.34198449e+01,-6.20046133e+01
227.634999,-9.34197293e+01,-6.20044977e+01
227.639999,-9.34196115e+01,-6.20043799e+01
227.644999,-9.34194915e+01,-6.20042599e+01
227.649999,-9.34193696e+01,-6.20041380e+01
227.654999,-9.34192457e+01,-6.20040141e+01
227.659999,-9.34191198e+01,-6.20038882e+01
227.664999,-9.34189917e+01,-6.20037600e+01
227.669999,-9.34188622e+01,-6.20036306e+01
227.674999,-9.34187316e+01,-6.20035000e+01
227.679999,-9.34185995e+01,-6.20033679e+01
227.684999,-9.34184660e+01,-6.20032344e+01
227.689999,-9.34183308e+01,-6.20030992e+01
227.694999,-9.34181935e+01,-6.20029619e+01
227.699999,-9.34180553e+01,-6.20028237e+01
227.704999,-9.34179158e+01,-6.20026842e+01
227.709999,-9.34177750e+01,-6.20025434e+01
227.714999,-9.34176327e+01,-6.20024012e+01
227.719999,-9.34174891e+01,-6.20022575e+01
227.724999,-9.34173439e+01,-6.20021123e+01
227.729999,-9.34171985e+01,-6.20019669e+01
227.734999,-9.34170528e+01,-6.20018213e+01
227.739999,-9.34169070e+01,-6.20016754e+01
227.744999,-9.34167610e+01,-6.20015294e+01
227.749999,-9.34166147e+01,-6.20013831e+01
227.754999,-9.34164678e+01,-6.20012362e+01
227.759999,-9.34163205e+01,-6.20010889e+01
227.764999,-9.34161722e+01,-6.20009406e+01
227.769999,-9.34160221e+01,-6.20007905e+01
227.774999,-9.34158697e+01,-6.20006381e+01
227.779999,-9.34157147e+01,-6.20004831e+01
227.784999,-9.34155569e+01,-6.20003253e+01
227.789999,-9.34153973e+01,-6.20001657e+01
227.794999,-9.34152358e+01,-6.20000042e+01
227.799999,-9.34150728e+01,-6.19998412e+01
227.804999,-9.34149088e+01,-6.19996772e+01
227.809999,-9.34147447e+01,-6.19995132e+01
227.814999,-9.34145814e+01,-6.19993498e+01
227.819999,-9.34144202e+01,-6.19991886e+01
227.824999,-9.34142614e+01,-6.19990299e+01
227.829999,-9.34141052e+01,-6.19988736e+01
227.834999,-9.34139512e+01,-6.19987196e+01
227.839999,-9.34137991e+01,-6.19985676e+01
227.844999,-9.34136487e+01,-6.19984171e+01
227.849999,-9.34135004e+01,-6.19982689e+01
227.854999,-9.34133542e+01,-6.19981226e+01
227.859999,-9.34132095e+01,-6.19979780e+01
227.864999,-9.34130664e+01,-6.19978348e+01
227.869999,-9.34129244e+01,-6.19976929e+01
227.874999,-9.34127831e+01,-6.19975516e+01
227.879999,-9.34126428e+01,-6.19974112e+01
227.884999,-9.34125026e+01,-6.19972710e+01
227.889999,-9.34123618e+01,-6.19971302e+01
227.894999,-9.34122199e+01,-6.19969884e+01
227.899999,-9.34120768e+01,-6.19968452e+01
227.904999,-9.34119320e+01,-6.19967004e+01
227.909999,-9.34117863e+01,-6.19965547e+01
227.914999,-9.34116393e+01,-6.19964077e+01
227.919999,-9.34114909e+01,-6.19962593e+01
227.924999,-9.34113409e+01,-6.19961093e+01
227.929999,-9.34111893e+01,-6.19959578e+01
227.934999,-9.34110360e+01,-6.19958044e+01
227.939999,-9.34108817e+01,-6.19956502e+01
227.944999,-9.34107266e+01,-6.19954950e+01
227.949999,-9.34105706e+01,-6.19953390e+01
227.954999,-9.34104137e+01,-6.19951822e+01
227.959999,-9.34102561e+01,-6.19950246e+01
227.964999,-9.34100979e+01,-6.19948663e+01
227.969999,-9.34099398e+01,-6.19947083e+01
227.974999,-9.34097819e+01,-6.19945503e+01
227.979999,-9.34096239e+01,-6.19943923e+01
227.984999,-9.34094655e+01,-6.19942340e+01
227.989999,-9.34093066e+01,-6.19940751e+01
227.994999,-9.34091471e+01,-6.19939155e+01
227.999999,-9.34089879e+01,-6.19937564e+01
228.004999,-9.34088293e+01,-6.19935978e+01
228.009999,-9.34086714e+01,-6.19934399e+01
228.014999,-9.34085144e+01,-6.19932829e+01
228.019999,-9.34083581e+01,-6.19931266e+01
228.024999,-9.34082023e+01,-6.19929708e+01
228.029999,-9.34080478e+01,-6.19928162e+01
228.034999,-9.34078940e+01,-6.19926624e+01
228.039999,-9.34077406e+01,-6.19925091e+01
228.044999,-9.34075872e+01,-6.19923557e+01
228.049999,-9.34074337e+01,-6.19922022e+01
228.054999,-9.34072803e+01,-6.19920488e+01
228.059999,-9.34071281e+01,-6.19918966e+01
228.064999,-9.34069770e+01,-6.19917455e+01
228.069999,-9.34068263e+01,-6.19915948e+01
228.074999,-9.34066753e+01,-6.19914438e+01
228.079999,-9.34065235e+01,-6.19912920e+01
228.084999,-9.34063708e+01,-6.19911393e+01
228.089999,-9.34062183e+01,-6.19909868e+01
228.094999,-9.34060660e+01,-6.19908345e+01
228.099999,-9.34059142e+01,-6.19906827e+01
228.104999,-9.34057626e+01,-6.19905311e+01
228.109999,-9.34056114e+01,-6.19903799e+01
228.114999,-9.34054604e+01,-6.19902290e+01
228.119999,-9.34053107e+01,-6.19900792e+01
228.124999,-9.34051620e+01,-6.19899306e+01
228.129999,-9.34050140e+01,-6.19897825e+01
228.134999,-9.34048658e+01,-6.19896343e+01
228.139999,-9.34047168e+01,-6.19894853e+01
228.144999,-9.34045662e+01,-6.19893347e+01
228.149999,-9.34044147e+01,-6.19891832e+01
228.154999,-9.34042615e+01,-6.19890300e+01
228.159999,-9.34041065e+01,-6.19888751e+01
228.164999,-9.34039493e+01,-6.19887178e+01
228.169999,-9.34037894e+01,-6.19885579e+01
228.174999,-9.34036265e+01,-6.19883950e+01
228.179999,-9.34034610e+01,-6.19882295e+01
228.184999,-9.34032924e+01,-6.19880609e+01
228.189999,-9.34031203e+01,-6.19878888e+01
228.194999,-9.34029446e+01,-6.19877131e+01
228.199999,-9.34027651e+01,-6.19875336e+01
228.204999,-9.34025817e+01,-6.19873503e+01
228.209999,-9.34023957e+01,-6.19871642e+01
228.214999,-9.34022070e+01,-6.19869755e+01
228.219999,-9.34020161e+01,-6.19867846e+01
228.224999,-9.34018233e+01,-6.19865918e+01
228.229999,-9.34016290e+01,-6.19863975e+01
228.234999,-9.34014344e+01,-6.19862029e+01
228.239999,-9.34012399e+01,-6.19860084e+01
228.244999,-9.34010458e+01,-6.19858143e+01
228.249999,-9.34008523e+01,-6.19856208e+01
228.254999,-9.34006590e+01,-6.19854275e+01
228.259999,-9.34004668e+01,-6.19852353e+01
228.264999,-9.34002754e+01,-6.19850440e+01
228.269999,-9.34000850e+01,-6.19848536e+01
228.274999,-9.33998956e+01,-6.19846641e+01
228.279999,-9.33997067e+01,-6.19844752e+01
228.284999,-9.33995190e+01,-6.19842876e+01
228.289999,-9.33993325e+01,-6.19841010e+01
228.294999,-9.33991469e+01,-6.19839154e+01
228.299999,-9.33989619e+01,-6.19837305e+01
228.304999,-9.33987769e+01,-6.19835455e+01
228.309999,-9.33985921e+01,-6.19833606e+01
228.314999,-9.33984071e+01,-6.19831757e+01
228.319999,-9.33982215e+01,-6.19829900e+01
228.324999,-9.33980346e+01,-6.19828032e+01
228.329999,-9.33978457e+01,-6.19826143e+01
228.334999,-9.33976550e+01,-6.19824235e+01
228.339999,-9.33974618e+01,-6.19822304e+01
228.344999,-9.33972658e+01,-6.19820344e+01
228.349999,-9.33970665e+01,-6.19818350e+01
228.354999,-9.33968629e+01,-6.19816315e+01
228.359999,-9.33966552e+01,-6.19814237e+01
228.364999,-9.33964425e+01,-6.19812111e+01
228.369999,-9.33962242e+01,-6.19809928e+01
228.374999,-9.33960000e+01,-6.19807685e+01
228.379999,-9.33957693e+01,-6.19805379e+01
228.384999,-9.33955330e+01,-6.19803015e+01
228.389999,-9.33952911e+01,-6.19800596e+01
228.394999,-9.33950438e+01,-6.19798124e+01
228.399999,-9.33947916e+01,-6.19795602e+01
228.404999,-9.33945351e+01,-6.19793037e+01
228.409999,-9.33942757e+01,-6.19790443e+01
228.414999,-9.33940143e+01,-6.19787828e+01
228.419999,-9.33937513e+01,-6.19785199e+01
228.424999,-9.33934873e+01,-6.19782559e+01
228.429999,-9.33932220e+01,-6.19779906e+01
228.434999,-9.33929563e+01,-6.19777249e+01
228.439999,-9.33926898e+01,-6.19774584e+01
228.444999,-9.33924221e+01,-6.19771907e+01
228.449999,-9.33921527e+01,-6.19769213e+01
228.454999,-9.33918811e+01,-6.19766496e+01
228.459999,-9.33916081e+01,-6.19763767e+01
228.464999,-9.33913343e+01,-6.19761029e+01
228.469999,-9.33910602e+01,-6.19758288e+01
228.474999,-9.33907865e+01,-6.19755551e+01
228.479999,-9.33905134e+01,-6.19752820e+01
228.484999,-9.33902418e+01,-6.19750104e+01
228.489999,-9.33899719e+01,-6.19747405e+01
228.494999,-9.33897033e+01,-6.19744720e+01
228.499999,-9.33894361e+01,-6.19742047e+01
228.504999,-9.33891695e+01,-6.19739381e+01
228.509999,-9.33889045e+01,-6.19736731e+01
228.514999,-9.33886407e+01,-6.19734093e+01
228.519999,-9.33883779e+01,-6.19731466e+01
228.524999,-9.33881159e+01,-6.19728845e+01
228.529999,-9.33878540e+01,-6.19726226e+01
228.534999,-9.33875927e+01,-6.19723613e+01
228.539999,-9.33873315e+01,-6.19721001e+01
228.544999,-9.33870697e+01,-6.19718383e+01
228.549999,-9.33868067e+01,-6.19715753e+01
228.554999,-9.33865418e+01,-6.19713105e+01
228.559999,-9.33862758e+01,-6.19710444e+01
228.564999,-9.33860087e+01,-6.19707774e+01
228.569999,-9.33857409e+01,-6.19705096e+01
228.574999,-9.33854727e+01,-6.19702413e+01
228.579999,-9.33852040e+01,-6.19699727e+01
228.584999,-9.33849361e+01,-6.19697048e+01
228.589999,-9.33846691e+01,-6.19694378e+01
228.594999,-9.33844032e+01,-6.19691719e+01
228.599999,-9.33841384e+01,-6.19689070e+01
228.604999,-9.33838741e+01,-6.19686428e+01
228.609999,-9.33836110e+01,-6.19683796e+01
228.614999,-9.33833487e+01,-6.19681174e+01
228.619999,-9.33830875e+01,-6.19678561e+01
228.624999,-9.33828273e+01,-6.19675960e+01
228.629999,-9.33825684e+01,-6.19673370e+01
228.634999,-9.33823113e+01,-6.19670800e+01
228.639999,-9.33820568e+01,-6.19668254e+01
228.644999,-9.33818046e+01,-6.19665733e+01
228.649999,-9.33815550e+01,-6.19663237e+01
228.654999,-9.33813071e+01,-6.19660758e+01
228.659999,-9.33810607e+01,-6.19658294e+01
228.664999,-9.33808149e+01,-6.19655836e+01
228.669999,-9.33805690e+01,-6.19653376e+01
228.674999,-9.33803224e+01,-6.19650911e+01
228.679999,-9.33800747e+01,-6.19648434e+01
228.684999,-9.33798263e+01,-6.19645950e+01
228.689999,-9.33795768e+01,-6.19643455e+01
228.694999,-9.33793256e+01,-6.19640943e+01
228.699999,-9.33790726e+01,-6.19638413e+01
228.704999,-9.33788170e+01,-6.19635857e+01
228.709999,-9.33785593e+01,-6.19633280e+01
228.714999,-9.33782991e+01,-6.19630678e+01
228.719999,-9.33780361e+01,-6.19628048e+01
228.724999,-9.33777701e+01,-6.19625388e+01
228.729999,-9.33775009e+01,-6.19622696e+01
228.734999,-9.33772291e+01,-6.19619978e+01
228.739999,-9.33769548e+01,-6.19617235e+01
228.744999,-9.33766779e+01,-6.19614466e+01
228.749999,-9.33763988e+01,-6.19611675e+01
228.754999,-9.33761176e+01,-6.19608863e+01
228.759999,-9.33758356e+01,-6.19606043e+01
228.764999,-9.33755531e+01,-6.19603218e+01
228.769999,-9.33752708e+01,-6.19600395e+01
228.774999,-9.33749889e+01,-6.19597576e+01
228.779999,-9.33747073e+01,-6.19594761e+01
228.784999,-9.33744270e+01,-6.19591958e+01
228.789999,-9.33741479e+01,-6.19589166e+01
228.794999,-9.33738697e+01,-6.19586384e+01
228.799999,-9.33735922e+01,-6.19583609e+01
228.804999,-9.33733149e+01,-6.19580836e+01
228.809999,-9.33730384e+01,-6.19578071e+01
228.814999,-9.33727624e+01,-6.19575312e+01
228.819999,-9.33724869e+01,-6.19572556e+01
228.824999,-9.33722118e+01,-6.19569805e+01
228.829999,-9.33719370e+01,-6.19567057e+01
228.834999,-9.33716633e+01,-6.19564320e+01
228.839999,-9.33713907e+01,-6.19561594e+01
228.844999,-9.33711189e+01,-6.19558877e+01
228.849999,-9.33708477e+01,-6.19556164e+01
228.854999,-9.33705763e+01,-6.19553451e+01
228.859999,-9.33703053e+01,-6.19550740e+01
228.864999,-9.33700341e+01,-6.19548028e+01
228.869999,-9.33697624e+01,-6.19545312e+01
228.874999,-9.33694901e+01,-6.19542589e+01
228.879999,-9.33692170e+01,-6.19539857e+01
228.884999,-9.33689437e+01,-6.19537125e+01
228.889999,-9.33686704e+01,-6.19534392e+01
228.894999,-9.33683970e+01,-6.19531658e+01
228.899999,-9.33681237e+01,-6.19528925e+01
228.904999,-9.33678508e+01,-6.19526196e+01
228.909999,-9.33675792e+01,-6.19523480e+01
228.914999,-9.33673093e+01,-6.19520781e+01
228.919999,-9.33670413e+01,-6.19518101e+01
228.924999,-9.33667753e+01,-6.19515441e+01
228.929999,-9.33665108e+01,-6.19512796e+01
228.934999,-9.33662480e+01,-6.19510168e+01
228.939999,-9.33659863e+01,-6.19507551e+01
228.944999,-9.33657249e+01,-6.19504937e+01
228.949999,-9.33654630e+01,-6.19502318e+01
228.954999,-9.33652003e+01,-6.19499691e+01
228.959999,-9.33649374e+01,-6.19497062e+01
228.964999,-9.33646746e+01,-6.19494434e+01
228.969999,-9.33644121e+01,-6.19491809e+01
228.974999,-9.33641502e+01,-6.19489190e+01
228.979999,-9.33638888e+01,-6.19486576e+01
228.984999,-9.33636283e+01,-6.19483971e+01
228.989999,-9.33633689e+01,-6.19481377e+01
228.994999,-9.33631104e+01,-6.19478792e+01
228.999999,-9.33628527e+01,-6.19476216e+01
229.004999,-9.33625960e+01,-6.19473648e+01
229.009999,-9.33623407e+01,-6.19471095e+01
229.014999,-9.33620874e+01,-6.19468563e+01
229.019999,-9.33618366e+01,-6.19466054e+01
229.024999,-9.33615883e+01,-6.19463571e+01
229.029999,-9.33613422e+01,-6.19461110e+01
229.034999,-9.33610984e+01,-6.19458672e+01
229.039999,-9.33608562e+01,-6.19456251e+01
229.044999,-9.33606152e+01,-6.19453840e+01
229.049999,-9.33603745e+01,-6.19451433e+01
229.054999,-9.33601333e+01,-6.19449022e+01
229.059999,-9.33598914e+01,-6.19446602e+01
229.064999,-9.33596481e+01,-6.19444169e+01
229.069999,-9.33594030e+01,-6.19441719e+01
229.074999,-9.33591560e+01,-6.19439248e+01
229.079999,-9.33589067e+01,-6.19436756e+01
229.084999,-9.33586557e+01,-6.19434246e+01
229.089999,-9.33584029e+01,-6.19431717e+01
229.094999,-9.33581479e+01,-6.19429167e+01
229.099999,-9.33578906e+01,-6.19426594e+01
229.104999,-9.33576308e+01,-6.19423996e+01
229.109999,-9.33573691e+01,-6.19421379e+01
229.114999,-9.33571057e+01,-6.19418745e+01
229.119999,-9.33568408e+01,-6.19416097e+01
229.124999,-9.33565750e+01,-6.19413439e+01
229.129999,-9.33563085e+01,-6.19410774e+01
229.134999,-9.33560425e+01,-6.19408114e+01
229.139999,-9.33557776e+01,-6.19405465e+01
229.144999,-9.33555143e+01,-6.19402831e+01
229.149999,-9.33552531e+01,-6.19400220e+01
229.154999,-9.33549943e+01,-6.19397632e+01
229.159999,-9.33547390e+01,-6.19395079e+01
229.164999,-9.33544875e+01,-6.19392564e+01
229.169999,-9.33542394e+01,-6.19390083e+01
229.174999,-9.33539941e+01,-6.19387630e+01
229.179999,-9.33537505e+01,-6.19385193e+01
229.184999,-9.33535081e+01,-6.19382770e+01
229.189999,-9.33532659e+01,-6.19380348e+01
229.194999,-9.33530231e+01,-6.19377920e+01
229.199999,-9.33527790e+01,-6.19375479e+01
229.204999,-9.33525330e+01,-6.19373019e+01
229.209999,-9.33522855e+01,-6.19370544e+01
229.214999,-9.33520364e+01,-6.19368053e+01
229.219999,-9.33517860e+01,-6.19365549e+01
229.224999,-9.33515346e+01,-6.19363035e+01
229.229999,-9.33512822e+01,-6.19360511e+01
229.234999,-9.33510293e+01,-6.19357983e+01
229.239999,-9.33507759e+01,-6.19355449e+01
229.244999,-9.33505219e+01,-6.19352908e+01
229.249999,-9.33502671e+01,-6.19350361e+01
229.254999,-9.33500115e+01,-6.19347805e+01
229.259999,-9.33497559e+01,-6.19345249e+01
229.264999,-9.33495006e+01,-6.19342696e+01
229.269999,-9.33492460e+01,-6.19340150e+01
229.274999,-9.33489925e+01,-6.19337614e+01
229.279999,-9.33487401e+01,-6.19335091e+01
229.284999,-9.33484895e+01,-6.19332585e+01
229.289999,-9.33482407e+01,-6.19330096e+01
229.294999,-9.33479931e+01,-6.19327621e+01
229.299999,-9.33477464e+01,-6.19325153e+01
229.304999,-9.33474996e+01,-6.19322685e+01
229.309999,-9.33472528e+01,-6.19320218e+01
229.314999,-9.33470057e+01,-6.19317747e+01
229.319999,-9.33467578e+01,-6.19315268e+01
229.324999,-9.33465088e+01,-6.19312778e+01
229.329999,-9.33462583e+01,-6.19310272e+01
229.334999,-9.33460064e+01,-6.19307754e+01
229.339999,-9.33457533e+01,-6.19305222e+01
229.344999,-9.33454987e+01,-6.19302676e+01
229.349999,-9.33452426e+01,-6.19300116e+01
229.354999,-9.33449847e+01,-6.19297537e+01
229.359999,-9.33447254e+01,-6.19294944e+01
229.364999,-9.33444644e+01,-6.19292333e+01
229.369999,-9.33442017e+01,-6.19289707e+01
229.374999,-9.33439378e+01,-6.19287067e+01
229.379999,-9.33436731e+01,-6.19284421e+01
229.384999,-9.33434086e+01,-6.19281776e+01
229.389999,-9.33431449e+01,-6.19279139e+01
229.394999,-9.33428821e+01,-6.19276511e+01
229.399999,-9.33426208e+01,-6.19273898e+01
229.404999,-9.33423611e+01,-6.19271301e+01
229.409999,-9.33421039e+01,-6.19268728e+01
229.414999,-9.33418493e+01,-6.19266183e+01
229.419999,-9.33415973e+01,-6.19263663e+01
229.424999,-9.33413475e+01,-6.19261165e+01
229.429999,-9.33410991e+01,-6.19258681e+01
229.434999,-9.33408519e+01,-6.19256209e+01
229.439999,-9.33406052e+01,-6.19253743e+01
229.444999,-9.33403585e+01,-6.19251275e+01
229.449999,-9.33401110e+01,-6.19248800e+01
229.454999,-9.33398625e+01,-6.19246315e+01
229.459999,-9.33396129e+01,-6.19243819e+01
229.464999,-9.33393623e+01,-6.19241313e+01
229.469999,-9.33391103e+01,-6.19238793e+01
229.474999,-9.33388570e+01,-6.19236260e+01
229.479999,-9.33386022e+01,-6.19233712e+01
229.484999,-9.33383467e+01,-6.19231157e+01
229.489999,-9.33380908e+01,-6.19228598e+01
229.494999,-9.33378350e+01,-6.19226040e+01
229.499999,-9.33375794e+01,-6.19223484e+01
229.504999,-9.33373241e+01,-6.19220931e+01
229.509999,-9.33370693e+01,-6.19218383e+01
229.514999,-9.33368142e+01,-6.19215832e+01
229.519999,-9.33365579e+01,-6.19213270e+01
229.524999,-9.33362999e+01,-6.19210690e+01
229.529999,-9.33360400e+01,-6.19208090e+01
229.534999,-9.33357787e+01,-6.19205477e+01
229.539999,-9.33355165e+01,-6.19202855e+01
229.544999,-9.33352537e+01,-6.19200228e+01
229.549999,-9.33349909e+01,-6.19197600e+01
229.554999,-9.33347285e+01,-6.19194975e+01
229.559999,-9.33344673e+01,-6.19192364e+01
229.564999,-9.33342074e+01,-6.19189765e+01
229.569999,-9.33339484e+01,-6.19187175e+01
229.574999,-9.33336895e+01,-6.19184586e+01
229.579999,-9.33334301e+01,-6.19181992e+01
229.584999,-9.33331701e+01,-6.19179392e+01
229.589999,-9.33329091e+01,-6.19176782e+01
229.594999,-9.33326468e+01,-6.19174158e+01
229.599999,-9.33323829e+01,-6.19171519e+01
229.604999,-9.33321172e+01,-6.19168863e+01
229.609999,-9.33318506e+01,-6.19166197e+01
229.614999,-9.33315832e+01,-6.19163523e+01
229.619999,-9.33313152e+01,-6.19160843e+01
229.624999,-9.33310469e+01,-6.19158159e+01
229.629999,-9.33307780e+01,-6.19155471e+01
229.634999,-9.33305091e+01,-6.19152782e+01
229.639999,-9.33302398e+01,-6.19150089e+01
229.644999,-9.33299698e+01,-6.19147389e+01
229.649999,-9.33296987e+01,-6.19144678e+01
229.654999,-9.33294263e+01,-6.19141954e+01
229.659999,-9.33291528e+01,-6.19139219e+01
229.664999,-9.33288778e+01,-6.19136469e+01
229.669999,-9.33286011e+01,-6.19133702e+01
229.674999,-9.33283224e+01,-6.19130915e+01
229.679999,-9.33280413e+01,-6.19128104e+01
229.684999,-9.33277585e+01,-6.19125276e+01
229.689999,-9.33274743e+01,-6.19122434e+01
229.694999,-9.33271893e+01,-6.19119584e+01
229.699999,-9.33269039e+01,-6.19116730e+01
229.704999,-9.33266183e+01,-6.19113874e+01
229.709999,-9.33263331e+01,-6.19111022e+01
229.714999,-9.33260485e+01,-6.19108176e+01
229.719999,-9.33257645e+01,-6.19105336e+01
229.724999,-9.33254812e+01,-6.19102503e+01
229.729999,-9.33251984e+01,-6.19099675e+01
229.734999,-9.33249166e+01,-6.19096857e+01
229.739999,-9.33246357e+01,-6.19094048e+01
229.744999,-9.33243555e+01,-6.19091246e+01
229.749999,-9.33240760e+01,-6.19088452e+01
229.754999,-9.33237972e+01,-6.19085663e+01
229.759999,-9.33235191e+01,-6.19082882e+01
229.764999,-9.33232419e+01,-6.19080110e+01
229.769999,-9.33229656e+01,-6.19077348e+01
229.774999,-9.33226906e+01,-6.19074598e+01
229.779999,-9.33224173e+01,-6.19071865e+01
229.784999,-9.33221465e+01,-6.19069157e+01
229.789999,-9.33218786e+01,-6.19066477e+01
229.794999,-9.33216137e+01,-6.19063829e+01
229.799999,-9.33213518e+01,-6.19061210e+01
229.804999,-9.33210932e+01,-6.19058624e+01
229.809999,-9.33208378e+01,-6.19056070e+01
229.814999,-9.33205858e+01,-6.19053549e+01
229.819999,-9.33203368e+01,-6.19051060e+01
229.824999,-9.33200905e+01,-6.19048597e+01
229.829999,-9.33198466e+01,-6.19046158e+01
229.834999,-9.33196045e+01,-6.19043737e+01
229.839999,-9.33193638e+01,-6.19041330e+01
229.844999,-9.33191245e+01,-6.19038937e+01
229.849999,-9.33188870e+01,-6.19036562e+01
229.854999,-9.33186515e+01,-6.19034207e+01
229.859999,-9.33184185e+01,-6.19031877e+01
229.864999,-9.33181882e+01,-6.19029574e+01
229.869999,-9.33179609e+01,-6.19027302e+01
229.874999,-9.33177371e+01,-6.19025063e+01
229.879999,-9.33175169e+01,-6.19022861e+01
229.884999,-9.33173002e+01,-6.19020694e+01
229.889999,-9.33170875e+01,-6.19018567e+01
229.894999,-9.33168785e+01,-6.19016477e+01
229.899999,-9.33166728e+01,-6.19014420e+01
229.904999,-9.33164701e+01,-6.19012394e+01
229.909999,-9.33162707e+01,-6.19010399e+01
229.914999,-9.33160745e+01,-6.19008437e+01
229.919999,-9.33158816e+01,-6.19006508e+01
229.924999,-9.33156920e+01,-6.19004612e+01
229.929999,-9.33155056e+01,-6.19002749e+01
229.934999,-9.33153222e+01,-6.19000914e+01
229.939999,-9.33151410e+01,-6.18999102e+01
229.944999,-9.33149613e+01,-6.18997305e+01
229.949999,-9.33147823e+01,-6.18995516e+01
229.954999,-9.33146034e+01,-6.18993726e+01
229.959999,-9.33144235e+01,-6.18991927e+01
229.964999,-9.33142420e+01,-6.18990112e+01
229.969999,-9.33140584e+01,-6.18988276e+01
229.974999,-9.33138723e+01,-6.18986416e+01
229.979999,-9.33136833e+01,-6.18984526e+01
229.984999,-9.33134908e+01,-6.18982601e+01
229.989999,-9.33132949e+01,-6.18980641e+01
229.994999,-9.33130957e+01,-6.18978649e+01
229.999999,-9.33128935e+01,-6.18976628e+01
230.004999,-9.33126889e+01,-6.18974582e+01
230.009999,-9.33124829e+01,-6.18972521e+01
230.014999,-9.33122761e+01,-6.18970453e+01
230.019999,-9.33120693e+01,-6.18968385e+01
230.024999,-9.33118631e+01,-6.18966324e+01
230.029999,-9.33116583e+01,-6.18964276e+01
230.034999,-9.33114555e+01,-6.18962247e+01
230.039999,-9.33112552e+01,-6.18960244e+01
230.044999,-9.33110578e+01,-6.18958270e+01
230.049999,-9.33108638e+01,-6.18956330e+01
230.054999,-9.33106732e+01,-6.18954425e+01
230.059999,-9.33104860e+01,-6.18952553e+01
230.064999,-9.33103020e+01,-6.18950712e+01
230.069999,-9.33101211e+01,-6.18948903e+01
230.074999,-9.33099431e+01,-6.18947124e+01
230.079999,-9.33097679e+01,-6.18945371e+01
230.084999,-9.33095947e+01,-6.18943639e+01
230.089999,-9.33094234e+01,-6.18941926e+01
230.094999,-9.33092535e+01,-6.18940228e+01
230.099999,-9.33090848e+01,-6.18938541e+01
230.104999,-9.33089168e+01,-6.18936860e+01
230.109999,-9.33087491e+01,-6.18935184e+01
230.114999,-9.33085813e+01,-6.18933505e+01
230.119999,-9.33084125e+01,-6.18931817e+01
230.124999,-9.33082418e+01,-6.18930110e+01
230.129999,-9.33080687e+01,-6.18928379e+01
230.134999,-9.33078929e+01,-6.18926622e+01
230.139999,-9.33077144e+01,-6.18924837e+01
230.144999,-9.33075334e+01,-6.18923027e+01
230.149999,-9.33073503e+01,-6.18921195e+01
230.154999,-9.33071650e+01,-6.18919343e+01
230.159999,-9.33069777e+01,-6.18917470e+01
230.164999,-9.33067880e+01,-6.18915573e+01
230.169999,-9.33065963e+01,-6.18913656e+01
230.174999,-9.33064025e+01,-6.18911718e+01
230.179999,-9.33062071e+01,-6.18909764e+01
230.184999,-9.33060102e+01,-6.18907795e+01
230.189999,-9.33058125e+01,-6.18905818e+01
230.194999,-9.33056142e+01,-6.18903835e+01
230.199999,-9.33054153e+01,-6.18901846e+01
230.204999,-9.33052156e+01,-6.18899849e+01
230.209999,-9.33050152e+01,-6.18897845e+01
230.214999,-9.33048142e+01,-6.18895835e+01
230.219999,-9.33046132e+01,-6.18893825e+01
230.224999,-9.33044123e+01,-6.18891816e+01
230.229999,-9.33042120e+01,-6.18889813e+01
230.234999,-9.33040120e+01,-6.18887813e+01
230.239999,-9.33038127e+01,-6.18885820e+01
230.244999,-9.33036152e+01,-6.18883845e+01
230.249999,-9.33034206e+01,-6.18881899e+01
230.254999,-9.33032293e+01,-6.18879986e+01
230.259999,-9.33030414e+01,-6.18878107e+01
230.264999,-9.33028566e+01,-6.18876259e+01
230.269999,-9.33026750e+01,-6.18874443e+01
230.274999,-9.33024960e+01,-6.18872654e+01
230.279999,-9.33023194e+01,-6.18870887e+01
230.284999,-9.33021446e+01,-6.18869139e+01
230.289999,-9.33019711e+01,-6.18867405e+01
230.294999,-9.33017988e+01,-6.18865681e+01
230.299999,-9.33016270e+01,-6.18863963e+01
230.304999,-9.33014553e+01,-6.18862247e+01
230.309999,-9.33012836e+01,-6.18860529e+01
230.314999,-9.33011115e+01,-6.18858808e+01
230.319999,-9.33009389e+01,-6.18857082e+01
230.324999,-9.33007661e+01,-6.18855354e+01
230.329999,-9.33005936e+01,-6.18853630e+01
230.334999,-9.33004219e+01,-6.18851913e+01
230.339999,-9.33002518e+01,-6.18850211e+01
230.344999,-9.33000839e+01,-6.18848532e+01
230.349999,-9.32999186e+01,-6.18846880e+01
230.354999,-9.32997557e+01,-6.18845252e+01
230.359999,-9.32995951e+01,-6.18843644e+01
230.364999,-9.32994357e+01,-6.18842050e+01
230.369999,-9.32992772e+01,-6.18840466e+01
230.374999,-9.32991180e+01,-6.18838874e+01
230.379999,-9.32989562e+01,-6.18837255e+01
230.384999,-9.32987900e+01,-6.18835593e+01
230.389999,-9.32986187e+01,-6.18833881e+01
230.394999,-9.32984419e+01,-6.18832113e+01
230.399999,-9.32982594e+01,-6.18830287e+01
230.404999,-9.32980712e+01,-6.18828406e+01
230.409999,-9.32978783e+01,-6.18826476e+01
230.414999,-9.32976811e+01,-6.18824505e+01
230.419999,-9.32974808e+01,-6.18822501e+01
230.424999,-9.32972776e+01,-6.18820469e+01
230.429999,-9.32970730e+01,-6.18818423e+01
230.434999,-9.32968677e+01,-6.18816370e+01
230.439999,-9.32966630e+01,-6.18814323e+01
230.444999,-9.32964599e+01,-6.18812292e+01
230.449999,-9.32962592e+01,-6.18810285e+01
230.454999,-9.32960609e+01,-6.18808303e+01
230.459999,-9.32958648e+01,-6.18806342e+01
230.464999,-9.32956702e+01,-6.18804395e+01
230.469999,-9.32954765e+01,-6.18802459e+01
230.474999,-9.32952833e+01,-6.18800527e+01
230.479999,-9.32950903e+01,-6.18798597e+01
230.484999,-9.32948972e+01,-6.18796666e+01
230.489999,-9.32947034e+01,-6.18794728e+01
230.494999,-9.32945082e+01,-6.18792776e+01
230.499999,-9.32943110e+01,-6.18790804e+01
230.504999,-9.32941115e+01,-6.18788809e+01
230.509999,-9.32939096e+01,-6.18786789e+01
230.514999,-9.32937054e+01,-6.18784748e+01
230.519999,-9.32934992e+01,-6.18782686e+01
230.524999,-9.32932914e+01,-6.18780608e+01
230.529999,-9.32930823e+01,-6.18778517e+01
230.534999,-9.32928714e+01,-6.18776407e+01
230.539999,-9.32926577e+01,-6.18774270e+01
230.544999,-9.32924405e+01,-6.18772099e+01
230.549999,-9.32922194e+01,-6.18769888e+01
230.554999,-9.32919941e+01,-6.18767635e+01
230.559999,-9.32917655e+01,-6.18765349e+01
230.564999,-9.32915347e+01,-6.18763041e+01
230.569999,-9.32913034e+01,-6.18760728e+01
230.574999,-9.32910730e+01,-6.18758424e+01
230.579999,-9.32908446e+01,-6.18756140e+01
230.584999,-9.32906187e+01,-6.18753881e+01
230.589999,-9.32903957e+01,-6.18751651e+01
230.594999,-9.32901755e+01,-6.18749449e+01
230.599999,-9.32899578e+01,-6.18747273e+01
230.604999,-9.32897425e+01,-6.18745119e+01
230.609999,-9.32895289e+01,-6.18742983e+01
230.614999,-9.32893164e+01,-6.18740858e+01
230.619999,-9.32891046e+01,-6.18738740e+01
230.624999,-9.32888934e+01,-6.18736628e+01
230.629999,-9.32886825e+01,-6.18734519e+01
230.634999,-9.32884716e+01,-6.18732411e+01
230.639999,-9.32882605e+01,-6.18730299e+01
230.644999,-9.32880488e+01,-6.18728183e+01
230.649999,-9.32878368e+01,-6.18726062e+01
230.654999,-9.32876245e+01,-6.18723939e+01
230.659999,-9.32874121e+01,-6.18721815e+01
230.664999,-9.32871998e+01,-6.18719692e+01
230.669999,-9.32869877e+01,-6.18717571e+01
230.674999,-9.32867761e+01,-6.18715456e+01
230.679999,-9.32865653e+01,-6.18713348e+01
230.684999,-9.32863561e+01,-6.18711256e+01
230.689999,-9.32861490e+01,-6.18709184e+01
230.694999,-9.32859445e+01,-6.18707139e+01
230.699999,-9.32857420e+01,-6.18705114e+01
230.704999,-9.32855397e+01,-6.18703091e+01
230.709999,-9.32853362e+01,-6.18701056e+01
230.714999,-9.32851305e+01,-6.18698999e+01
230.719999,-9.32849223e+01,-6.18696918e+01
230.724999,-9.32847118e+01,-6.18694813e+01
230.729999,-9.32844994e+01,-6.18692689e+01
230.734999,-9.32842855e+01,-6.18690549e+01
230.739999,-9.32840703e+01,-6.18688398e+01
230.744999,-9.32838543e+01,-6.18686238e+01
230.749999,-9.32836375e+01,-6.18684070e+01
230.754999,-9.32834199e+01,-6.18681894e+01
230.759999,-9.32832017e+01,-6.18679712e+01
230.764999,-9.32829828e+01,-6.18677523e+01
230.769999,-9.32827628e+01,-6.18675323e+01
230.774999,-9.32825412e+01,-6.18673107e+01
230.779999,-9.32823178e+01,-6.18670873e+01
230.784999,-9.32820926e+01,-6.18668620e+01
230.789999,-9.32818656e+01,-6.18666351e+01
230.794999,-9.32816373e+01,-6.18664068e+01
230.799999,-9.32814081e+01,-6.18661776e+01
230.804999,-9.32811785e+01,-6.18659480e+01
230.809999,-9.32809494e+01,-6.18657189e+01
230.814999,-9.32807221e+01,-6.18654916e+01
230.819999,-9.32804980e+01,-6.18652675e+01
230.824999,-9.32802780e+01,-6.18650475e+01
230.829999,-9.32800627e+01,-6.18648322e+01
230.834999,-9.32798523e+01,-6.18646218e+01
230.839999,-9.32796458e+01,-6.18644153e+01
230.844999,-9.32794412e+01,-6.18642107e+01
230.849999,-9.32792366e+01,-6.18640061e+01
230.854999,-9.32790306e+01,-6.18638001e+01
230.859999,-9.32788224e+01,-6.18635919e+01
230.864999,-9.32786117e+01,-6.18633812e+01
230.869999,-9.32783984e+01,-6.18631679e+01
230.874999,-9.32781829e+01,-6.18629524e+01
230.879999,-9.32779657e+01,-6.18627352e+01
230.884999,-9.32777475e+01,-6.18625169e+01
230.889999,-9.32775290e+01,-6.18622985e+01
230.894999,-9.32773111e+01,-6.18620806e+01
230.899999,-9.32770943e+01,-6.18618638e+01
230.904999,-9.32768789e+01,-6.18616484e+01
230.909999,-9.32766648e+01,-6.18614344e+01
230.914999,-9.32764522e+01,-6.18612218e+01
230.919999,-9.32762410e+01,-6.18610106e+01
230.924999,-9.32760313e+01,-6.18608008e+01
230.929999,-9.32758230e+01,-6.18605925e+01
230.934999,-9.32756164e+01,-6.18603859e+01
230.939999,-9.32754114e+01,-6.18601810e+01
230.944999,-9.32752086e+01,-6.18599781e+01
230.949999,-9.32750084e+01,-6.18597780e+01
230.954999,-9.32748117e+01,-6.18595813e+01
230.959999,-9.32746188e+01,-6.18593883e+01
230.964999,-9.32744297e+01,-6.18591993e+01
230.969999,-9.32742450e+01,-6.18590145e+01
230.974999,-9.32740642e+01,-6.18588338e+01
230.979999,-9.32738871e+01,-6.18586567e+01
230.984999,-9.32737127e+01,-6.18584822e+01
230.989999,-9.32735388e+01,-6.18583084e+01
230.994999,-9.32733639e+01,-6.18581334e+01
230.999999,-9.32731866e+01,-6.18579562e+01
231.004999,-9.32730066e+01,-6.18577762e+01
231.009999,-9.32728240e+01,-6.18575936e+01
231.014999,-9.32726394e+01,-6.18574090e+01
231.019999,-9.32724536e+01,-6.18572232e+01
231.024999,-9.32722675e+01,-6.18570370e+01
231.029999,-9.32720818e+01,-6.18568514e+01
231.034999,-9.32718973e+01,-6.18566668e+01
231.039999,-9.32717143e+01,-6.18564838e+01
231.044999,-9.32715328e+01,-6.18563024e+01
231.049999,-9.32713528e+01,-6.18561224e+01
231.054999,-9.32711739e+01,-6.18559435e+01
231.059999,-9.32709962e+01,-6.18557658e+01
231.064999,-9.32708196e+01,-6.18555893e+01
231.069999,-9.32706446e+01,-6.18554142e+01
231.074999,-9.32704711e+01,-6.18552407e+01
231.079999,-9.32702999e+01,-6.18550695e+01
231.084999,-9.32701319e+01,-6.18549015e+01
231.089999,-9.32699682e+01,-6.18547378e+01
231.094999,-9.32698090e+01,-6.18545786e+01
231.099999,-9.32696541e+01,-6.18544237e+01
231.104999,-9.32695035e+01,-6.18542731e+01
231.109999,-9.32693565e+01,-6.18541261e+01
231.114999,-9.32692120e+01,-6.18539816e+01
231.119999,-9.32690678e+01,-6.18538374e+01
231.124999,-9.32689220e+01,-6.18536916e+01
231.129999,-9.32687731e+01,-6.18535427e+01
231.134999,-9.32686209e+01,-6.18533905e+01
231.139999,-9.32684652e+01,-6.18532348e+01
231.144999,-9.32683068e+01,-6.18530764e+01
231.149999,-9.32681463e+01,-6.18529159e+01
231.154999,-9.32679845e+01,-6.18527541e+01
231.159999,-9.32678219e+01,-6.18525916e+01
231.164999,-9.32676593e+01,-6.18524289e+01
231.169999,-9.32674967e+01,-6.18522664e+01
231.174999,-9.32673348e+01,-6.18521044e+01
231.179999,-9.32671735e+01,-6.18519431e+01
231.184999,-9.32670131e+01,-6.18517827e+01
231.189999,-9.32668539e+01,-6.18516235e+01
231.194999,-9.32666959e+01,-6.18514655e+01
231.199999,-9.32665392e+01,-6.18513088e+01
231.204999,-9.32663839e+01,-6.18511535e+01
231.209999,-9.32662298e+01,-6.18509994e+01
231.214999,-9.32660774e+01,-6.18508470e+01
231.219999,-9.32659273e+01,-6.18506969e+01
231.224999,-9.32657800e+01,-6.18505496e+01
231.229999,-9.32656357e+01,-6.18504054e+01
231.234999,-9.32654946e+01,-6.18502642e+01
231.239999,-9.32653565e+01,-6.18501261e+01
231.244999,-9.32652214e+01,-6.18499910e+01
231.249999,-9.32650891e+01,-6.18498587e+01
231.254999,-9.32649584e+01,-6.18497280e+01
231.259999,-9.32648275e+01,-6.18495972e+01
231.264999,-9.32646947e+01,-6.18494643e+01
231.269999,-9.32645589e+01,-6.18493285e+01
231.274999,-9.32644196e+01,-6.18491892e+01
231.279999,-9.32642769e+01,-6.18490466e+01
231.284999,-9.32641314e+01,-6.18489010e+01
231.289999,-9.32639837e+01,-6.18487533e+01
231.294999,-9.32638347e+01,-6.18486044e+01
231.299999,-9.32636853e+01,-6.18484549e+01
231.304999,-9.32635359e+01,-6.18483055e+01
231.309999,-9.32633867e+01,-6.18481564e+01
231.314999,-9.32632377e+01,-6.18480074e+01
231.319999,-9.32630888e+01,-6.18478584e+01
231.324999,-9.32629398e+01,-6.18477094e+01
231.329999,-9.32627906e+01,-6.18475603e+01
231.334999,-9.32626414e+01,-6.18474111e+01
231.339999,-9.32624924e+01,-6.18472620e+01
231.344999,-9.32623437e+01,-6.18471133e+01
231.349999,-9.32621953e+01,-6.18469650e+01
231.354999,-9.32620475e+01,-6.18468172e+01
231.359999,-9.32619007e+01,-6.18466704e+01
231.364999,-9.32617559e+01,-6.18465255e+01
231.369999,-9.32616133e+01,-6.18463830e+01
231.374999,-9.32614739e+01,-6.18462436e+01
231.379999,-9.32613374e+01,-6.18461071e+01
231.384999,-9.32612024e+01,-6.18459721e+01
231.389999,-9.32610666e+01,-6.18458363e+01
231.394999,-9.32609279e+01,-6.18456976e+01
231.399999,-9.32607851e+01,-6.18455548e+01
231.404999,-9.32606377e+01,-6.18454074e+01
231.409999,-9.32604859e+01,-6.18452555e+01
231.414999,-9.32603299e+01,-6.18450996e+01
231.419999,-9.32601706e+01,-6.18449402e+01
231.424999,-9.32600084e+01,-6.18447781e+01
231.429999,-9.32598442e+01,-6.18446139e+01
231.434999,-9.32596785e+01,-6.18444482e+01
231.439999,-9.32595115e+01,-6.18442812e+01
231.444999,-9.32593436e+01,-6.18441133e+01
231.449999,-9.32591750e+01,-6.18439447e+01
231.454999,-9.32590063e+01,-6.18437759e+01
231.459999,-9.32588381e+01,-6.18436078e+01
231.464999,-9.32586712e+01,-6.18434409e+01
231.469999,-9.32585060e+01,-6.18432757e+01
231.474999,-9.32583427e+01,-6.18431124e+01
231.479999,-9.32581814e+01,-6.18429511e+01
231.484999,-9.32580219e+01,-6.18427915e+01
231.489999,-9.32578637e+01,-6.18426334e+01
231.494999,-9.32577066e+01,-6.18424763e+01
231.499999,-9.32575504e+01,-6.18423202e+01
231.504999,-9.32573959e+01,-6.18421656e+01
231.509999,-9.32572431e+01,-6.18420128e+01
231.514999,-9.32570927e+01,-6.18418624e+01
231.519999,-9.32569438e+01,-6.18417135e+01
231.524999,-9.32567946e+01,-6.18415643e+01
231.529999,-9.32566436e+01,-6.18414133e+01
231.534999,-9.32564898e+01,-6.18412595e+01
231.539999,-9.32563329e+01,-6.18411026e+01
231.544999,-9.32561730e+01,-6.18409427e+01
231.549999,-9.32560103e+01,-6.18407800e+01
231.554999,-9.32558455e+01,-6.18406152e+01
231.559999,-9.32556790e+01,-6.18404487e+01
231.564999,-9.32555117e+01,-6.18402814e+01
231.569999,-9.32553444e+01,-6.18401141e+01
231.574999,-9.32551777e+01,-6.18399474e+01
231.579999,-9.32550118e+01,-6.18397815e+01
231.584999,-9.32548469e+01,-6.18396166e+01
231.589999,-9.32546832e+01,-6.18394529e+01
231.594999,-9.32545212e+01,-6.18392909e+01
231.599999,-9.32543614e+01,-6.18391311e+01
231.604999,-9.32542044e+01,-6.18389742e+01
231.609999,-9.32540509e+01,-6.18388206e+01
231.614999,-9.32539008e+01,-6.18386706e+01
231.619999,-9.32537548e+01,-6.18385244e+01
231.624999,-9.32536122e+01,-6.18383820e+01
231.629999,-9.32534734e+01,-6.18382431e+01
231.634999,-9.32533375e+01,-6.18381072e+01
231.639999,-9.32532029e+01,-6.18379727e+01
231.644999,-9.32530677e+01,-6.18378375e+01
231.649999,-9.32529308e+01,-6.18377005e+01
231.654999,-9.32527924e+01,-6.18375622e+01
231.659999,-9.32526535e+01,-6.18374232e+01
231.664999,-9.32525145e+01,-6.18372842e+01
231.669999,-9.32523759e+01,-6.18371456e+01
231.674999,-9.32522379e+01,-6.18370076e+01
231.679999,-9.32521005e+01,-6.18368703e+01
231.684999,-9.32519636e+01,-6.18367334e+01
231.689999,-9.32518270e+01,-6.18365968e+01
231.694999,-9.32516905e+01,-6.18364602e+01
231.699999,-9.32515538e+01,-6.18363236e+01
231.704999,-9.32514169e+01,-6.18361866e+01
231.709999,-9.32512794e+01,-6.18360492e+01
231.714999,-9.32511414e+01,-6.18359111e+01
231.719999,-9.32510026e+01,-6.18357724e+01
231.724999,-9.32508634e+01,-6.18356331e+01
231.729999,-9.32507238e+01,-6.18354936e+01
231.734999,-9.32505844e+01,-6.18353541e+01
231.739999,-9.32504455e+01,-6.18352153e+01
231.744999,-9.32503079e+01,-6.18350777e+01
231.749999,-9.32501721e+01,-6.18349419e+01
231.754999,-9.32500388e+01,-6.18348086e+01
231.759999,-9.32499082e+01,-6.18346780e+01
231.764999,-9.32497800e+01,-6.18345497e+01
231.769999,-9.32496526e+01,-6.18344224e+01
231.774999,-9.32495243e+01,-6.18342941e+01
231.779999,-9.32493943e+01,-6.18341640e+01
231.784999,-9.32492621e+01,-6.18340319e+01
231.789999,-9.32491284e+01,-6.18338981e+01
231.794999,-9.32489933e+01,-6.18337630e+01
231.799999,-9.32488577e+01,-6.18336275e+01
231.804999,-9.32487229e+01,-6.18334927e+01
231.809999,-9.32485900e+01,-6.18333598e+01
231.814999,-9.32484598e+01,-6.18332295e+01
231.819999,-9.32483325e+01,-6.18331023e+01
231.824999,-9.32482085e+01,-6.18329783e+01
231.829999,-9.32480875e+01,-6.18328573e+01
231.834999,-9.32479693e+01,-6.18327391e+01
231.839999,-9.32478533e+01,-6.18326231e+01
231.844999,-9.32477391e+01,-6.18325088e+01
231.849999,-9.32476260e+01,-6.18323957e+01
231.854999,-9.32475138e+01,-6.18322836e+01
231.859999,-9.32474024e+01,-6.18321721e+01
231.864999,-9.32472917e+01,-6.18320615e+01
231.869999,-9.32471818e+01,-6.18319516e+01
231.874999,-9.32470726e+01,-6.18318424e+01
231.879999,-9.32469636e+01,-6.18317334e+01
231.884999,-9.32468540e+01,-6.18316237e+01
231.889999,-9.32467425e+01,-6.18315122e+01
231.894999,-9.32466282e+01,-6.18313980e+01
231.899999,-9.32465109e+01,-6.18312807e+01
231.904999,-9.32463908e+01,-6.18311605e+01
231.909999,-9.32462685e+01,-6.18310383e+01
231.914999,-9.32461452e+01,-6.18309150e+01
231.919999,-9.32460219e+01,-6.18307917e+01
231.924999,-9.32458998e+01,-6.18306695e+01
231.929999,-9.32457793e+01,-6.18305491e+01
231.934999,-9.32456613e+01,-6.18304311e+01
231.939999,-9.32455458e+01,-6.18303156e+01
231.944999,-9.32454329e+01,-6.18302027e+01
231.949999,-9.32453223e+01,-6.18300921e+01
231.954999,-9.32452138e+01,-6.18299836e+01
231.959999,-9.32451072e+01,-6.18298770e+01
231.964999,-9.32450022e+01,-6.18297720e+01
231.969999,-9.32448982e+01,-6.18296680e+01
231.974999,-9.32447950e+01,-6.18295648e+01
231.979999,-9.32446927e+01,-6.18294625e+01
231.984999,-9.32445921e+01,-6.18293619e+01
231.989999,-9.32444930e+01,-6.18292628e+01
231.994999,-9.32443947e+01,-6.18291646e+01
231.999999,-9.32442956e+01,-6.18290654e+01
232.004999,-9.32441942e+01,-6.18289641e+01
232.009999,-9.32440904e+01,-6.18288602e+01
232.014999,-9.32439846e+01,-6.18287545e+01
232.019999,-9.32438777e+01,-6.18286475e+01
232.024999,-9.32437704e+01,-6.18285402e+01
232.029999,-9.32436634e+01,-6.18284333e+01
232.034999,-9.32435573e+01,-6.18283271e+01
232.039999,-9.32434523e+01,-6.18282221e+01
232.044999,-9.32433484e+01,-6.18281183e+01
232.049999,-9.32432462e+01,-6.18280160e+01
232.054999,-9.32431455e+01,-6.18279153e+01
232.059999,-9.32430457e+01,-6.18278156e+01
232.064999,-9.32429461e+01,-6.18277159e+01
232.069999,-9.32428455e+01,-6.18276153e+01
232.074999,-9.32427440e+01,-6.18275138e+01
232.079999,-9.32426411e+01,-6.18274110e+01
232.084999,-9.32425362e+01,-6.18273060e+01
232.089999,-9.32424274e+01,-6.18271972e+01
232.094999,-9.32423135e+01,-6.18270833e+01
232.099999,-9.32421943e+01,-6.18269641e+01
232.104999,-9.32420702e+01,-6.18268400e+01
232.109999,-9.32419420e+01,-6.18267118e+01
232.114999,-9.32418105e+01,-6.18265803e+01
232.119999,-9.32416767e+01,-6.18264466e+01
232.124999,-9.32415416e+01,-6.18263115e+01
232.129999,-9.32414062e+01,-6.18261760e+01
232.134999,-9.32412711e+01,-6.18260409e+01
232.139999,-9.32411372e+01,-6.18259070e+01
232.144999,-9.32410049e+01,-6.18257747e+01
232.149999,-9.32408750e+01,-6.18256448e+01
232.154999,-9.32407479e+01,-6.18255177e+01
232.159999,-9.32406241e+01,-6.18253939e+01
232.164999,-9.32405037e+01,-6.18252735e+01
232.169999,-9.32403867e+01,-6.18251565e+01
232.174999,-9.32402729e+01,-6.18250428e+01
232.179999,-9.32401625e+01,-6.18249324e+01
232.184999,-9.32400555e+01,-6.18248254e+01
232.189999,-9.32399522e+01,-6.18247220e+01
232.194999,-9.32398521e+01,-6.18246219e+01
232.199999,-9.32397553e+01,-6.18245251e+01
232.204999,-9.32396614e+01,-6.18244312e+01
232.209999,-9.32395698e+01,-6.18243397e+01
232.214999,-9.32394801e+01,-6.18242500e+01
232.219999,-9.32393916e+01,-6.18241615e+01
232.224999,-9.32393040e+01,-6.18240739e+01
232.229999,-9.32392171e+01,-6.18239869e+01
232.234999,-9.32391307e+01,-6.18239006e+01
232.239999,-9.32390450e+01,-6.18238149e+01
232.244999,-9.32389600e+01,-6.18237298e+01
232.249999,-9.32388757e+01,-6.18236456e+01
232.254999,-9.32387922e+01,-6.18235621e+01
232.259999,-9.32387094e+01,-6.18234793e+01
232.264999,-9.32386273e+01,-6.18233972e+01
232.269999,-9.32385460e+01,-6.18233158e+01
232.274999,-9.32384652e+01,-6.18232351e+01
232.279999,-9.32383854e+01,-6.18231552e+01
232.284999,-9.32383063e+01,-6.18230762e+01
232.289999,-9.32382282e+01,-6.18229981e+01
232.294999,-9.32381511e+01,-6.18229209e+01
232.299999,-9.32380748e+01,-6.18228447e+01
232.304999,-9.32379992e+01,-6.18227691e+01
232.309999,-9.32379237e+01,-6.18226936e+01
232.314999,-9.32378481e+01,-6.18226179e+01
232.319999,-9.32377717e+01,-6.18225415e+01
232.324999,-9.32376941e+01,-6.18224640e+01
232.329999,-9.32376155e+01,-6.18223854e+01
232.334999,-9.32375356e+01,-6.18223054e+01
232.339999,-9.32374544e+01,-6.18222242e+01
232.344999,-9.32373719e+01,-6.18221418e+01
232.349999,-9.32372884e+01,-6.18220583e+01
232.354999,-9.32372042e+01,-6.18219740e+01
232.359999,-9.32371197e+01,-6.18218896e+01
232.364999,-9.32370354e+01,-6.18218052e+01
232.369999,-9.32369513e+01,-6.18217212e+01
232.374999,-9.32368678e+01,-6.18216377e+01
232.379999,-9.32367850e+01,-6.18215548e+01
232.384999,-9.32367032e+01,-6.18214731e+01
232.389999,-9.32366231e+01,-6.18213930e+01
232.394999,-9.32365450e+01,-6.18213149e+01
232.399999,-9.32364694e+01,-6.18212393e+01
232.404999,-9.32363965e+01,-6.18211664e+01
232.409999,-9.32363264e+01,-6.18210963e+01
232.414999,-9.32362591e+01,-6.18210289e+01
232.419999,-9.32361945e+01,-6.18209644e+01
232.424999,-9.32361325e+01,-6.18209024e+01
232.429999,-9.32360728e+01,-6.18208427e+01
232.434999,-9.32360150e+01,-6.18207848e+01
232.439999,-9.32359587e+01,-6.18207286e+01
232.444999,-9.32359040e+01,-6.18206738e+01
232.449999,-9.32358502e+01,-6.18206201e+01
232.454999,-9.32357971e+01,-6.18205670e+01
232.459999,-9.32357440e+01,-6.18205139e+01
232.464999,-9.32356905e+01,-6.18204603e+01
232.469999,-9.32356361e+01,-6.18204060e+01
232.474999,-9.32355806e+01,-6.18203505e+01
232.479999,-9.32355239e+01,-6.18202938e+01
232.484999,-9.32354661e+01,-6.18202360e+01
232.489999,-9.32354076e+01,-6.18201774e+01
232.494999,-9.32353486e+01,-6.18201185e+01
232.499999,-9.32352897e+01,-6.18200596e+01
232.504999,-9.32352310e+01,-6.18200008e+01
232.509999,-9.32351726e+01,-6.18199425e+01
232.514999,-9.32351148e+01,-6.18198847e+01
232.519999,-9.32350580e+01,-6.18198278e+01
232.524999,-9.32350024e+01,-6.18197723e+01
232.529999,-9.32349486e+01,-6.18197184e+01
232.534999,-9.32348967e+01,-6.18196666e+01
232.539999,-9.32348471e+01,-6.18196170e+01
232.544999,-9.32347997e+01,-6.18195696e+01
232.549999,-9.32347545e+01,-6.18195244e+01
232.554999,-9.32347111e+01,-6.18194810e+01
232.559999,-9.32346689e+01,-6.18194388e+01
232.564999,-9.32346274e+01,-6.18193973e+01
232.569999,-9.32345858e+01,-6.18193556e+01
232.574999,-9.32345430e+01,-6.18193129e+01
232.579999,-9.32344982e+01,-6.18192681e+01
232.584999,-9.32344506e+01,-6.18192205e+01
232.589999,-9.32343993e+01,-6.18191692e+01
232.594999,-9.32343440e+01,-6.18191139e+01
232.599999,-9.32342847e+01,-6.18190546e+01
232.604999,-9.32342217e+01,-6.18189916e+01
232.609999,-9.32341556e+01,-6.18189255e+01
232.614999,-9.32340865e+01,-6.18188564e+01
232.619999,-9.32340150e+01,-6.18187849e+01
232.624999,-9.32339412e+01,-6.18187112e+01
232.629999,-9.32338655e+01,-6.18186354e+01
232.634999,-9.32337881e+01,-6.18185579e+01
232.639999,-9.32337092e+01,-6.18184791e+01
232.644999,-9.32336293e+01,-6.18183992e+01
232.649999,-9.32335483e+01,-6.18183182e+01
232.654999,-9.32334666e+01,-6.18182365e+01
232.659999,-9.32333846e+01,-6.18181545e+01
232.664999,-9.32333031e+01,-6.18180730e+01
232.669999,-9.32332227e+01,-6.18179925e+01
232.674999,-9.32331436e+01,-6.18179136e+01
232.679999,-9.32330667e+01,-6.18178366e+01
232.684999,-9.32329918e+01,-6.18177617e+01
232.689999,-9.32329191e+01,-6.18176890e+01
232.694999,-9.32328481e+01,-6.18176180e+01
232.699999,-9.32327782e+01,-6.18175481e+01
232.704999,-9.32327087e+01,-6.18174786e+01
232.709999,-9.32326392e+01,-6.18174091e+01
232.714999,-9.32325692e+01,-6.18173391e+01
232.719999,-9.32324985e+01,-6.18172684e+01
232.724999,-9.32324270e+01,-6.18171969e+01
232.729999,-9.32323543e+01,-6.18171242e+01
232.734999,-9.32322804e+01,-6.18170503e+01
232.739999,-9.32322052e+01,-6.18169751e+01
232.744999,-9.32321288e+01,-6.18168987e+01
232.749999,-9.32320513e+01,-6.18168212e+01
232.754999,-9.32319731e+01,-6.18167430e+01
232.759999,-9.32318945e+01,-6.18166644e+01
232.764999,-9.32318162e+01,-6.18165861e+01
232.769999,-9.32317386e+01,-6.18165085e+01
232.774999,-9.32316622e+01,-6.18164321e+01
232.779999,-9.32315873e+01,-6.18163572e+01
232.784999,-9.32315142e+01,-6.18162841e+01
232.789999,-9.32314431e+01,-6.18162130e+01
232.794999,-9.32313737e+01,-6.18161436e+01
232.799999,-9.32313062e+01,-6.18160761e+01
232.804999,-9.32312402e+01,-6.18160101e+01
232.809999,-9.32311750e+01,-6.18159450e+01
232.814999,-9.32311104e+01,-6.18158803e+01
232.819999,-9.32310458e+01,-6.18158157e+01
232.824999,-9.32309812e+01,-6.18157511e+01
232.829999,-9.32309166e+01,-6.18156865e+01
232.834999,-9.32308520e+01,-6.18156220e+01
232.839999,-9.32307878e+01,-6.18155577e+01
232.844999,-9.32307238e+01,-6.18154937e+01
232.849999,-9.32306599e+01,-6.18154298e+01
232.854999,-9.32305959e+01,-6.18153658e+01
232.859999,-9.32305313e+01,-6.18153012e+01
232.864999,-9.32304659e+01,-6.18152359e+01
232.869999,-9.32303995e+01,-6.18151694e+01
232.874999,-9.32303319e+01,-6.18151019e+01
232.879999,-9.32302632e+01,-6.18150332e+01
232.884999,-9.32301936e+01,-6.18149635e+01
232.889999,-9.32301234e+01,-6.18148933e+01
232.894999,-9.32300529e+01,-6.18148228e+01
232.899999,-9.32299827e+01,-6.18147526e+01
232.904999,-9.32299132e+01,-6.18146832e+01
232.909999,-9.32298452e+01,-6.18146151e+01
232.914999,-9.32297785e+01,-6.18145485e+01
232.919999,-9.32297135e+01,-6.18144835e+01
232.924999,-9.32296500e+01,-6.18144200e+01
232.929999,-9.32295877e+01,-6.18143576e+01
232.934999,-9.32295262e+01,-6.18142961e+01
232.939999,-9.32294653e+01,-6.18142352e+01
232.944999,-9.32294045e+01,-6.18141744e+01
232.949999,-9.32293436e+01,-6.18141135e+01
232.954999,-9.32292824e+01,-6.18140523e+01
232.959999,-9.32292207e+01,-6.18139906e+01
232.964999,-9.32291585e+01,-6.18139284e+01
232.969999,-9.32290957e+01,-6.18138656e+01
232.974999,-9.32290325e+01,-6.18138024e+01
232.979999,-9.32289688e+01,-6.18137387e+01
232.984999,-9.32289048e+01,-6.18136747e+01
232.989999,-9.32288404e+01,-6.18136103e+01
232.994999,-9.32287757e+01,-6.18135456e+01
232.999999,-9.32287106e+01,-6.18134805e+01
233.004999,-9.32286449e+01,-6.18134148e+01
233.009999,-9.32285784e+01,-6.18133484e+01
233.014999,-9.32285117e+01,-6.18132816e+01
233.019999,-9.32284450e+01,-6.18132150e+01
233.024999,-9.32283788e+01,-6.18131488e+01
233.029999,-9.32283134e+01,-6.18130833e+01
233.034999,-9.32282488e+01,-6.18130187e+01
233.039999,-9.32281853e+01,-6.18129553e+01
233.044999,-9.32281233e+01,-6.18128932e+01
233.049999,-9.32280628e+01,-6.18128327e+01
233.054999,-9.32280044e+01,-6.18127744e+01
233.059999,-9.32279485e+01,-6.18127184e+01
233.064999,-9.32278952e+01,-6.18126651e+01
233.069999,-9.32278447e+01,-6.18126146e+01
233.074999,-9.32277968e+01,-6.18125668e+01
233.079999,-9.32277514e+01,-6.18125213e+01
233.084999,-9.32277078e+01,-6.18124777e+01
233.089999,-9.32276654e+01,-6.18124353e+01
233.094999,-9.32276237e+01,-6.18123936e+01
233.099999,-9.32275822e+01,-6.18123521e+01
233.104999,-9.32275404e+01,-6.18123103e+01
233.109999,-9.32274974e+01,-6.18122673e+01
233.114999,-9.32274530e+01,-6.18122230e+01
233.119999,-9.32274068e+01,-6.18121767e+01
233.124999,-9.32273583e+01,-6.18121282e+01
233.129999,-9.32273070e+01,-6.18120769e+01
233.134999,-9.32272525e+01,-6.18120225e+01
233.139999,-9.32271948e+01,-6.18119647e+01
233.144999,-9.32271339e+01,-6.18119038e+01
233.149999,-9.32270704e+01,-6.18118403e+01
233.154999,-9.32270048e+01,-6.18117748e+01
233.159999,-9.32269379e+01,-6.18117079e+01
233.164999,-9.32268703e+01,-6.18116402e+01
233.169999,-9.32268025e+01,-6.18115724e+01
233.174999,-9.32267351e+01,-6.18115051e+01
233.179999,-9.32266687e+01,-6.18114387e+01
233.184999,-9.32266036e+01,-6.18113736e+01
233.189999,-9.32265403e+01,-6.18113103e+01
233.194999,-9.32264792e+01,-6.18112492e+01
233.199999,-9.32264203e+01,-6.18111902e+01
233.204999,-9.32263634e+01,-6.18111334e+01
233.209999,-9.32263082e+01,-6.18110782e+01
233.214999,-9.32262540e+01,-6.18110239e+01
233.219999,-9.32261996e+01,-6.18109696e+01
233.224999,-9.32261447e+01,-6.18109146e+01
233.229999,-9.32260884e+01,-6.18108584e+01
233.234999,-9.32260305e+01,-6.18108005e+01
233.239999,-9.32259706e+01,-6.18107405e+01
233.244999,-9.32259081e+01,-6.18106781e+01
233.249999,-9.32258431e+01,-6.18106130e+01
233.254999,-9.32257755e+01,-6.18105454e+01
233.259999,-9.32257055e+01,-6.18104754e+01
233.264999,-9.32256337e+01,-6.18104037e+01
233.269999,-9.32255609e+01,-6.18103309e+01
233.274999,-9.32254878e+01,-6.18102578e+01
233.279999,-9.32254150e+01,-6.18101849e+01
233.284999,-9.32253431e+01,-6.18101131e+01
233.289999,-9.32252727e+01,-6.18100427e+01
233.294999,-9.32252040e+01,-6.18099740e+01
233.299999,-9.32251374e+01,-6.18099073e+01
233.304999,-9.32250729e+01,-6.18098429e+01
233.309999,-9.32250108e+01,-6.18097808e+01
233.314999,-9.32249514e+01,-6.18097213e+01
233.319999,-9.32248949e+01,-6.18096648e+01
233.324999,-9.32248413e+01,-6.18096113e+01
233.329999,-9.32247906e+01,-6.18095606e+01
233.334999,-9.32247424e+01,-6.18095124e+01
233.339999,-9.32246965e+01,-6.18094665e+01
233.344999,-9.32246529e+01,-6.18094229e+01
233.349999,-9.32246115e+01,-6.18093815e+01
233.354999,-9.32245722e+01,-6.18093422e+01
233.359999,-9.32245347e+01,-6.18093046e+01
233.364999,-9.32244984e+01,-6.18092683e+01
233.369999,-9.32244625e+01,-6.18092325e+01
233.374999,-9.32244267e+01,-6.18091967e+01
233.379999,-9.32243904e+01,-6.18091604e+01
233.384999,-9.32243535e+01,-6.18091235e+01
233.389999,-9.32243157e+01,-6.18090856e+01
233.394999,-9.32242768e+01,-6.18090468e+01
233.399999,-9.32242370e+01,-6.18090069e+01
233.404999,-9.32241965e+01,-6.18089664e+01
233.409999,-9.32241559e+01,-6.18089259e+01
233.414999,-9.32241163e+01,-6.18088862e+01
233.419999,-9.32240784e+01,-6.18088484e+01
233.424999,-9.32240433e+01,-6.18088133e+01
233.429999,-9.32240118e+01,-6.18087817e+01
233.434999,-9.32239844e+01,-6.18087543e+01
233.439999,-9.32239615e+01,-6.18087315e+01
233.444999,-9.32239436e+01,-6.18087136e+01
233.449999,-9.32239304e+01,-6.18087004e+01
233.454999,-9.32239217e+01,-6.18086917e+01
233.459999,-9.32239168e+01,-6.18086868e+01
233.464999,-9.32239151e+01,-6.18086851e+01
233.469999,-9.32239160e+01,-6.18086859e+01
233.474999,-9.32239188e+01,-6.18086888e+01
233.479999,-9.32239231e+01,-6.18086931e+01
233.484999,-9.32239284e+01,-6.18086984e+01
233.489999,-9.32239343e+01,-6.18087043e+01
233.494999,-9.32239407e+01,-6.18087107e+01
233.499999,-9.32239470e+01,-6.18087170e+01
233.504999,-9.32239531e+01,-6.18087231e+01
233.509999,-9.32239588e+01,-6.18087288e+01
233.514999,-9.32239639e+01,-6.18087339e+01
233.519999,-9.32239682e+01,-6.18087382e+01
233.524999,-9.32239715e+01,-6.18087415e+01
233.529999,-9.32239738e+01,-6.18087438e+01
233.534999,-9.32239752e+01,-6.18087451e+01
233.539999,-9.32239755e+01,-6.18087455e+01
233.544999,-9.32239751e+01,-6.18087451e+01
233.549999,-9.32239740e+01,-6.18087440e+01
233.554999,-9.32239725e+01,-6.18087425e+01
233.559999,-9.32239710e+01,-6.18087410e+01
233.564999,-9.32239701e+01,-6.18087401e+01
233.569999,-9.32239707e+01,-6.18087407e+01
233.574999,-9.32239733e+01,-6.18087433e+01
233.579999,-9.32239783e+01,-6.18087483e+01
233.584999,-9.32239852e+01,-6.18087552e+01
233.589999,-9.32239935e+01,-6.18087635e+01
233.594999,-9.32240026e+01,-6.18087726e+01
233.599999,-9.32240123e+01,-6.18087822e+01
233.604999,-9.32240222e+01,-6.18087922e+01
233.609999,-9.32240326e+01,-6.18088026e+01
233.614999,-9.32240437e+01,-6.18088137e+01
233.619999,-9.32240553e+01,-6.18088253e+01
233.624999,-9.32240674e+01,-6.18088373e+01
233.629999,-9.32240797e+01,-6.18088497e+01
233.634999,-9.32240925e+01,-6.18088625e+01
233.639999,-9.32241058e+01,-6.18088758e+01
233.644999,-9.32241197e+01,-6.18088897e+01
233.649999,-9.32241343e+01,-6.18089043e+01
233.654999,-9.32241492e+01,-6.18089192e+01
233.659999,-9.32241642e+01,-6.18089342e+01
233.664999,-9.32241792e+01,-6.18089492e+01
233.669999,-9.32241940e+01,-6.18089640e+01
233.674999,-9.32242085e+01,-6.18089785e+01
233.679999,-9.32242225e+01,-6.18089925e+01
233.684999,-9.32242360e+01,-6.18090060e+01
233.689999,-9.32242491e+01,-6.18090191e+01
233.694999,-9.32242617e+01,-6.18090317e+01
233.699999,-9.32242739e+01,-6.18090439e+01
233.704999,-9.32242855e+01,-6.18090554e+01
233.709999,-9.32242963e+01,-6.18090662e+01
233.714999,-9.32243062e+01,-6.18090762e+01
233.719999,-9.32243153e+01,-6.18090853e+01
233.724999,-9.32243240e+01,-6.18090940e+01
233.729999,-9.32243326e+01,-6.18091026e+01
233.734999,-9.32243418e+01,-6.18091118e+01
233.739999,-9.32243519e+01,-6.18091219e+01
233.744999,-9.32243633e+01,-6.18091333e+01
233.749999,-9.32243762e+01,-6.18091462e+01
233.754999,-9.32243906e+01,-6.18091606e+01
233.759999,-9.32244067e+01,-6.18091767e+01
233.764999,-9.32244244e+01,-6.18091944e+01
233.769999,-9.32244441e+01,-6.18092140e+01
233.774999,-9.32244655e+01,-6.18092355e+01
233.779999,-9.32244889e+01,-6.18092589e+01
233.784999,-9.32245139e+01,-6.18092839e+01
233.789999,-9.32245402e+01,-6.18093102e+01
233.794999,-9.32245672e+01,-6.18093372e+01
233.799999,-9.32245944e+01,-6.18093643e+01
233.804999,-9.32246213e+01,-6.18093913e+01
233.809999,-9.32246479e+01,-6.18094179e+01
233.814999,-9.32246739e+01,-6.18094439e+01
233.819999,-9.32246991e+01,-6.18094692e+01
233.824999,-9.32247240e+01,-6.18094940e+01
233.829999,-9.32247484e+01,-6.18095184e+01
233.834999,-9.32247726e+01,-6.18095426e+01
233.839999,-9.32247966e+01,-6.18095665e+01
233.844999,-9.32248200e+01,-6.18095900e+01
233.849999,-9.32248429e+01,-6.18096129e+01
233.854999,-9.32248650e+01,-6.18096350e+01
233.859999,-9.32248864e+01,-6.18096564e+01
233.864999,-9.32249075e+01,-6.18096774e+01
233.869999,-9.32249283e+01,-6.18096983e+01
233.874999,-9.32249489e+01,-6.18097188e+01
233.879999,-9.32249690e+01,-6.18097389e+01
233.884999,-9.32249886e+01,-6.18097586e+01
233.889999,-9.32250079e+01,-6.18097779e+01
233.894999,-9.32250276e+01,-6.18097976e+01
233.899999,-9.32250483e+01,-6.18098182e+01
233.904999,-9.32250706e+01,-6.18098406e+01
233.909999,-9.32250953e+01,-6.18098653e+01
233.914999,-9.32251229e+01,-6.18098929e+01
233.919999,-9.32251539e+01,-6.18099239e+01
233.924999,-9.32251889e+01,-6.18099589e+01
233.929999,-9.32252281e+01,-6.18099980e+01
233.934999,-9.32252718e+01,-6.18100418e+01
233.939999,-9.32253203e+01,-6.18100903e+01
233.944999,-9.32253739e+01,-6.18101438e+01
233.949999,-9.32254327e+01,-6.18102026e+01
233.954999,-9.32254968e+01,-6.18102668e+01
233.959999,-9.32255663e+01,-6.18103363e+01
233.964999,-9.32256408e+01,-6.18104108e+01
233.969999,-9.32257201e+01,-6.18104901e+01
233.974999,-9.32258038e+01,-6.18105737e+01
233.979999,-9.32258914e+01,-6.18106614e+01
233.984999,-9.32259832e+01,-6.18107532e+01
233.989999,-9.32260790e+01,-6.18108490e+01
233.994999,-9.32261788e+01,-6.18109488e+01
233.999999,-9.32262823e+01,-6.18110523e+01
234.004999,-9.32263891e+01,-6.18111591e+01
234.009999,-9.32264987e+01,-6.18112687e+01
234.014999,-9.32266109e+01,-6.18113809e+01
234.019999,-9.32267256e+01,-6.18114956e+01
234.024999,-9.32268432e+01,-6.18116132e+01
234.029999,-9.32269634e+01,-6.18117334e+01
234.034999,-9.32270863e+01,-6.18118563e+01
234.039999,-9.32272114e+01,-6.18119814e+01
234.044999,-9.32273384e+01,-6.18121084e+01
234.049999,-9.32274673e+01,-6.18122373e+01
234.054999,-9.32275977e+01,-6.18123677e+01
234.059999,-9.32277298e+01,-6.18124998e+01
234.064999,-9.32278635e+01,-6.18126334e+01
234.069999,-9.32279985e+01,-6.18127685e+01
234.074999,-9.32281345e+01,-6.18129045e+01
234.079999,-9.32282713e+01,-6.18130413e+01
234.084999,-9.32284087e+01,-6.18131786e+01
234.089999,-9.32285463e+01,-6.18133163e+01
234.094999,-9.32286840e+01,-6.18134540e+01
234.099999,-9.32288215e+01,-6.18135915e+01
234.104999,-9.32289587e+01,-6.18137287e+01
234.109999,-9.32290956e+01,-6.18138656e+01
234.114999,-9.32292326e+01,-6.18140026e+01
234.119999,-9.32293699e+01,-6.18141398e+01
234.124999,-9.32295075e+01,-6.18142775e+01
234.129999,-9.32296455e+01,-6.18144155e+01
234.134999,-9.32297839e+01,-6.18145538e+01
234.139999,-9.32299230e+01,-6.18146930e+01
234.144999,-9.32300632e+01,-6.18148332e+01
234.149999,-9.32302050e+01,-6.18149750e+01
234.154999,-9.32303486e+01,-6.18151185e+01
234.159999,-9.32304939e+01,-6.18152638e+01
234.164999,-9.32306406e+01,-6.18154106e+01
234.169999,-9.32307885e+01,-6.18155584e+01
234.174999,-9.32309372e+01,-6.18157071e+01
234.179999,-9.32310866e+01,-6.18158565e+01
234.184999,-9.32312365e+01,-6.18160065e+01
234.189999,-9.32313869e+01,-6.18161569e+01
234.194999,-9.32315374e+01,-6.18163074e+01
234.199999,-9.32316878e+01,-6.18164578e+01
234.204999,-9.32318378e+01,-6.18166078e+01
234.209999,-9.32319874e+01,-6.18167573e+01
234.214999,-9.32321364e+01,-6.18169063e+01
234.219999,-9.32322848e+01,-6.18170547e+01
234.224999,-9.32324326e+01,-6.18172025e+01
234.229999,-9.32325795e+01,-6.18173494e+01
234.234999,-9.32327255e+01,-6.18174954e+01
234.239999,-9.32328707e+01,-6.18176406e+01
234.244999,-9.32330151e+01,-6.18177850e+01
234.249999,-9.32331589e+01,-6.18179288e+01
234.254999,-9.32333021e+01,-6.18180720e+01
234.259999,-9.32334448e+01,-6.18182147e+01
234.264999,-9.32335870e+01,-6.18183570e+01
234.269999,-9.32337288e+01,-6.18184988e+01
234.274999,-9.32338703e+01,-6.18186402e+01
234.279999,-9.32340115e+01,-6.18187814e+01
234.284999,-9.32341523e+01,-6.18189222e+01
234.289999,-9.32342926e+01,-6.18190625e+01
234.294999,-9.32344322e+01,-6.18192022e+01
234.299999,-9.32345710e+01,-6.18193409e+01
234.304999,-9.32347089e+01,-6.18194788e+01
234.309999,-9.32348457e+01,-6.18196156e+01
234.314999,-9.32349812e+01,-6.18197511e+01
234.319999,-9.32351155e+01,-6.18198854e+01
234.324999,-9.32352484e+01,-6.18200183e+01
234.329999,-9.32353804e+01,-6.18201503e+01
234.334999,-9.32355118e+01,-6.18202817e+01
234.339999,-9.32356431e+01,-6.18204130e+01
234.344999,-9.32357744e+01,-6.18205443e+01
234.349999,-9.32359060e+01,-6.18206759e+01
234.354999,-9.32360378e+01,-6.18208077e+01
234.359999,-9.32361700e+01,-6.18209399e+01
234.364999,-9.32363030e+01,-6.18210729e+01
234.369999,-9.32364370e+01,-6.18212069e+01
234.374999,-9.32365718e+01,-6.18213417e+01
234.379999,-9.32367071e+01,-6.18214770e+01
234.384999,-9.32368426e+01,-6.18216125e+01
234.389999,-9.32369779e+01,-6.18217478e+01
234.394999,-9.32371129e+01,-6.18218828e+01
234.399999,-9.32372477e+01,-6.18220175e+01
234.404999,-9.32373823e+01,-6.18221522e+01
234.409999,-9.32375170e+01,-6.18222869e+01
234.414999,-9.32376519e+01,-6.18224218e+01
234.419999,-9.32377869e+01,-6.18225568e+01
234.424999,-9.32379218e+01,-6.18226917e+01
234.429999,-9.32380560e+01,-6.18228259e+01
234.434999,-9.32381892e+01,-6.18229590e+01
234.439999,-9.32383209e+01,-6.18230908e+01
234.444999,-9.32384513e+01,-6.18232212e+01
234.449999,-9.32385807e+01,-6.18233506e+01
234.454999,-9.32387096e+01,-6.18234795e+01
234.459999,-9.32388386e+01,-6.18236085e+01
234.464999,-9.32389680e+01,-6.18237379e+01
234.469999,-9.32390980e+01,-6.18238679e+01
234.474999,-9.32392284e+01,-6.18239983e+01
234.479999,-9.32393588e+01,-6.18241287e+01
234.484999,-9.32394890e+01,-6.18242589e+01
234.489999,-9.32396185e+01,-6.18243884e+01
234.494999,-9.32397471e+01,-6.18245170e+01
234.499999,-9.32398741e+01,-6.18246439e+01
234.504999,-9.32399986e+01,-6.18247685e+01
234.509999,-9.32401200e+01,-6.18248898e+01
234.514999,-9.32402378e+01,-6.18250077e+01
234.519999,-9.32403520e+01,-6.18251218e+01
234.524999,-9.32404626e+01,-6.18252324e+01
234.529999,-9.32405702e+01,-6.18253400e+01
234.534999,-9.32406752e+01,-6.18254450e+01
234.539999,-9.32407780e+01,-6.18255479e+01
234.544999,-9.32408791e+01,-6.18256490e+01
234.549999,-9.32409788e+01,-6.18257487e+01
234.554999,-9.32410775e+01,-6.18258474e+01
234.559999,-9.32411760e+01,-6.18259458e+01
234.564999,-9.32412750e+01,-6.18260448e+01
234.569999,-9.32413753e+01,-6.18261451e+01
234.574999,-9.32414774e+01,-6.18262473e+01
234.579999,-9.32415819e+01,-6.18263517e+01
234.584999,-9.32416888e+01,-6.18264587e+01
234.589999,-9.32417981e+01,-6.18265679e+01
234.594999,-9.32419093e+01,-6.18266792e+01
234.599999,-9.32420220e+01,-6.18267918e+01
234.604999,-9.32421355e+01,-6.18269054e+01
234.609999,-9.32422498e+01,-6.18270197e+01
234.614999,-9.32423648e+01,-6.18271347e+01
234.619999,-9.32424803e+01,-6.18272502e+01
234.624999,-9.32425959e+01,-6.18273658e+01
234.629999,-9.32427113e+01,-6.18274811e+01
234.634999,-9.32428261e+01,-6.18275960e+01
234.639999,-9.32429401e+01,-6.18277100e+01
234.644999,-9.32430534e+01,-6.18278233e+01
234.649999,-9.32431660e+01,-6.18279358e+01
234.654999,-9.32432783e+01,-6.18280481e+01
234.659999,-9.32433903e+01,-6.18281601e+01
234.664999,-9.32435025e+01,-6.18282723e+01
234.669999,-9.32436149e+01,-6.18283847e+01
234.674999,-9.32437275e+01,-6.18284974e+01
234.679999,-9.32438403e+01,-6.18286102e+01
234.684999,-9.32439531e+01,-6.18287230e+01
234.689999,-9.32440659e+01,-6.18288358e+01
234.694999,-9.32441787e+01,-6.18289486e+01
234.699999,-9.32442918e+01,-6.18290617e+01
234.704999,-9.32444054e+01,-6.18291752e+01
234.709999,-9.32445195e+01,-6.18292893e+01
234.714999,-9.32446342e+01,-6.18294041e+01
234.719999,-9.32447492e+01,-6.18295190e+01
234.724999,-9.32448639e+01,-6.18296337e+01
234.729999,-9.32449780e+01,-6.18297478e+01
234.734999,-9.32450912e+01,-6.18298610e+01
234.739999,-9.32452033e+01,-6.18299731e+01
234.744999,-9.32453139e+01,-6.18300838e+01
234.749999,-9.32454230e+01,-6.18301928e+01
234.754999,-9.32455303e+01,-6.18303001e+01
234.759999,-9.32456356e+01,-6.18304054e+01
234.764999,-9.32457390e+01,-6.18305088e+01
234.769999,-9.32458404e+01,-6.18306102e+01
234.774999,-9.32459400e+01,-6.18307098e+01
234.779999,-9.32460381e+01,-6.18308080e+01
234.784999,-9.32461355e+01,-6.18309053e+01
234.789999,-9.32462324e+01,-6.18310023e+01
234.794999,-9.32463292e+01,-6.18310990e+01
234.799999,-9.32464256e+01,-6.18311954e+01
234.804999,-9.32465214e+01,-6.18312913e+01
234.809999,-9.32466163e+01,-6.18313861e+01
234.814999,-9.32467098e+01,-6.18314797e+01
234.819999,-9.32468020e+01,-6.18315717e+01
234.824999,-9.32468924e+01,-6.18316623e+01
234.829999,-9.32469815e+01,-6.18317514e+01
234.834999,-9.32470693e+01,-6.18318391e+01
234.839999,-9.32471558e+01,-6.18319257e+01
234.844999,-9.32472410e+01,-6.18320108e+01
234.849999,-9.32473245e+01,-6.18320943e+01
234.854999,-9.32474059e+01,-6.18321757e+01
234.859999,-9.32474851e+01,-6.18322549e+01
234.864999,-9.32475616e+01,-6.18323314e+01
234.869999,-9.32476351e+01,-6.18324049e+01
234.874999,-9.32477051e+01,-6.18324749e+01
234.879999,-9.32477714e+01,-6.18325412e+01
234.884999,-9.32478340e+01,-6.18326038e+01
234.889999,-9.32478927e+01,-6.18326625e+01
234.894999,-9.32479480e+01,-6.18327178e+01
234.899999,-9.32480002e+01,-6.18327700e+01
234.904999,-9.32480500e+01,-6.18328198e+01
234.909999,-9.32480979e+01,-6.18328677e+01
234.914999,-9.32481447e+01,-6.18329145e+01
234.919999,-9.32481911e+01,-6.18329609e+01
234.924999,-9.32482378e+01,-6.18330076e+01
234.929999,-9.32482853e+01,-6.18330551e+01
234.934999,-9.32483341e+01,-6.18331039e+01
234.939999,-9.32483846e+01,-6.18331544e+01
234.944999,-9.32484375e+01,-6.18332073e+01
234.949999,-9.32484931e+01,-6.18332629e+01
234.954999,-9.32485519e+01,-6.18333217e+01
234.959999,-9.32486144e+01,-6.18333841e+01
234.964999,-9.32486803e+01,-6.18334501e+01
234.969999,-9.32487500e+01,-6.18335198e+01
234.974999,-9.32488231e+01,-6.18335929e+01
234.979999,-9.32488993e+01,-6.18336691e+01
234.984999,-9.32489784e+01,-6.18337482e+01
234.989999,-9.32490600e+01,-6.18338298e+01
234.994999,-9.32491435e+01,-6.18339133e+01
234.999999,-9.32492285e+01,-6.18339983e+01
235.004999,-9.32493145e+01,-6.18340843e+01
235.009999,-9.32494007e+01,-6.18341705e+01
235.014999,-9.32494867e+01,-6.18342565e+01
235.019999,-9.32495721e+01,-6.18343419e+01
235.024999,-9.32496566e+01,-6.18344264e+01
235.029999,-9.32497400e+01,-6.18345098e+01
235.034999,-9.32498221e+01,-6.18345919e+01
235.039999,-9.32499029e+01,-6.18346727e+01
235.044999,-9.32499824e+01,-6.18347521e+01
235.049999,-9.32500600e+01,-6.18348298e+01
235.054999,-9.32501357e+01,-6.18349054e+01
235.059999,-9.32502090e+01,-6.18349787e+01
235.064999,-9.32502797e+01,-6.18350495e+01
235.069999,-9.32503476e+01,-6.18351174e+01
235.074999,-9.32504126e+01,-6.18351824e+01
235.079999,-9.32504747e+01,-6.18352445e+01
235.084999,-9.32505341e+01,-6.18353039e+01
235.089999,-9.32505912e+01,-6.18353609e+01
235.094999,-9.32506458e+01,-6.18354156e+01
235.099999,-9.32506979e+01,-6.18354677e+01
235.104999,-9.32507472e+01,-6.18355170e+01
235.109999,-9.32507935e+01,-6.18355633e+01
235.114999,-9.32508371e+01,-6.18356069e+01
235.119999,-9.32508782e+01,-6.18356480e+01
235.124999,-9.32509175e+01,-6.18356872e+01
235.129999,-9.32509553e+01,-6.18357251e+01
235.134999,-9.32509921e+01,-6.18357619e+01
235.139999,-9.32510279e+01,-6.18357977e+01
235.144999,-9.32510628e+01,-6.18358326e+01
235.149999,-9.32510967e+01,-6.18358665e+01
235.154999,-9.32511296e+01,-6.18358993e+01
235.159999,-9.32511611e+01,-6.18359309e+01
235.164999,-9.32511910e+01,-6.18359608e+01
235.169999,-9.32512190e+01,-6.18359888e+01
235.174999,-9.32512445e+01,-6.18360143e+01
235.179999,-9.32512675e+01,-6.18360372e+01
235.184999,-9.32512874e+01,-6.18360572e+01
235.189999,-9.32513045e+01,-6.18360743e+01
235.194999,-9.32513189e+01,-6.18360887e+01
235.199999,-9.32513309e+01,-6.18361007e+01
235.204999,-9.32513411e+01,-6.18361109e+01
235.209999,-9.32513496e+01,-6.18361194e+01
235.214999,-9.32513565e+01,-6.18361262e+01
235.219999,-9.32513613e+01,-6.18361311e+01
235.224999,-9.32513641e+01,-6.18361338e+01
235.229999,-9.32513648e+01,-6.18361346e+01
235.234999,-9.32513638e+01,-6.18361335e+01
235.239999,-9.32513615e+01,-6.18361312e+01
235.244999,-9.32513586e+01,-6.18361283e+01
235.249999,-9.32513557e+01,-6.18361254e+01
235.254999,-9.32513534e+01,-6.18361231e+01
235.259999,-9.32513522e+01,-6.18361220e+01
235.264999,-9.32513526e+01,-6.18361223e+01
235.269999,-9.32513548e+01,-6.18361245e+01
235.274999,-9.32513591e+01,-6.18361288e+01
235.279999,-9.32513655e+01,-6.18361353e+01
235.284999,-9.32513745e+01,-6.18361443e+01
235.289999,-9.32513862e+01,-6.18361559e+01
235.294999,-9.32514005e+01,-6.18361703e+01
235.299999,-9.32514177e+01,-6.18361875e+01
235.304999,-9.32514376e+01,-6.18362074e+01
235.309999,-9.32514601e+01,-6.18362299e+01
235.314999,-9.32514851e+01,-6.18362549e+01
235.319999,-9.32515127e+01,-6.18362824e+01
235.324999,-9.32515425e+01,-6.18363123e+01
235.329999,-9.32515741e+01,-6.18363438e+01
235.334999,-9.32516062e+01,-6.18363760e+01
235.339999,-9.32516381e+01,-6.18364079e+01
235.344999,-9.32516689e+01,-6.18364387e+01
235.349999,-9.32516984e+01,-6.18364681e+01
235.354999,-9.32517263e+01,-6.18364960e+01
235.359999,-9.32517528e+01,-6.18365225e+01
235.364999,-9.32517783e+01,-6.18365481e+01
235.369999,-9.32518032e+01,-6.18365730e+01
235.374999,-9.32518279e+01,-6.18365977e+01
235.379999,-9.32518526e+01,-6.18366224e+01
235.384999,-9.32518775e+01,-6.18366473e+01
235.389999,-9.32519028e+01,-6.18366726e+01
235.394999,-9.32519287e+01,-6.18366985e+01
235.399999,-9.32519551e+01,-6.18367249e+01
235.404999,-9.32519823e+01,-6.18367521e+01
235.409999,-9.32520102e+01,-6.18367800e+01
235.414999,-9.32520389e+01,-6.18368086e+01
235.419999,-9.32520681e+01,-6.18368379e+01
235.424999,-9.32520981e+01,-6.18368679e+01
235.429999,-9.32521283e+01,-6.18368981e+01
235.434999,-9.32521584e+01,-6.18369282e+01
235.439999,-9.32521877e+01,-6.18369575e+01
235.444999,-9.32522153e+01,-6.18369851e+01
235.449999,-9.32522404e+01,-6.18370102e+01
235.454999,-9.32522624e+01,-6.18370321e+01
235.459999,-9.32522810e+01,-6.18370507e+01
235.464999,-9.32522963e+01,-6.18370661e+01
235.469999,-9.32523087e+01,-6.18370785e+01
235.474999,-9.32523187e+01,-6.18370885e+01
235.479999,-9.32523271e+01,-6.18370968e+01
235.484999,-9.32523344e+01,-6.18371041e+01
235.489999,-9.32523414e+01,-6.18371112e+01
235.494999,-9.32523490e+01,-6.18371187e+01
235.499999,-9.32523575e+01,-6.18371272e+01
235.504999,-9.32523675e+01,-6.18371373e+01
235.509999,-9.32523795e+01,-6.18371493e+01
235.514999,-9.32523938e+01,-6.18371636e+01
235.519999,-9.32524107e+01,-6.18371805e+01
235.524999,-9.32524309e+01,-6.18372007e+01
235.529999,-9.32524548e+01,-6.18372246e+01
235.534999,-9.32524832e+01,-6.18372530e+01
235.539999,-9.32525161e+01,-6.18372859e+01
235.544999,-9.32525534e+01,-6.18373232e+01
235.549999,-9.32525945e+01,-6.18373643e+01
235.554999,-9.32526385e+01,-6.18374082e+01
235.559999,-9.32526844e+01,-6.18374542e+01
235.564999,-9.32527315e+01,-6.18375013e+01
235.569999,-9.32527793e+01,-6.18375490e+01
235.574999,-9.32528273e+01,-6.18375970e+01
235.579999,-9.32528755e+01,-6.18376452e+01
235.584999,-9.32529243e+01,-6.18376941e+01
235.589999,-9.32529745e+01,-6.18377442e+01
235.594999,-9.32530267e+01,-6.18377964e+01
235.599999,-9.32530816e+01,-6.18378514e+01
235.604999,-9.32531396e+01,-6.18379094e+01
235.609999,-9.32532009e+01,-6.18379706e+01
235.614999,-9.32532654e+01,-6.18380352e+01
235.619999,-9.32533329e+01,-6.18381027e+01
235.624999,-9.32534031e+01,-6.18381729e+01
235.629999,-9.32534753e+01,-6.18382450e+01
235.634999,-9.32535488e+01,-6.18383186e+01
235.639999,-9.32536229e+01,-6.18383927e+01
235.644999,-9.32536968e+01,-6.18384666e+01
235.649999,-9.32537699e+01,-6.18385397e+01
235.654999,-9.32538417e+01,-6.18386115e+01
235.659999,-9.32539121e+01,-6.18386819e+01
235.664999,-9.32539810e+01,-6.18387507e+01
235.669999,-9.32540485e+01,-6.18388183e+01
235.674999,-9.32541151e+01,-6.18388849e+01
235.679999,-9.32541810e+01,-6.18389507e+01
235.684999,-9.32542459e+01,-6.18390157e+01
235.689999,-9.32543104e+01,-6.18390801e+01
235.694999,-9.32543743e+01,-6.18391441e+01
235.699999,-9.32544381e+01,-6.18392078e+01
235.704999,-9.32545018e+01,-6.18392716e+01
235.709999,-9.32545653e+01,-6.18393350e+01
235.714999,-9.32546276e+01,-6.18393974e+01
235.719999,-9.32546884e+01,-6.18394581e+01
235.724999,-9.32547468e+01,-6.18395166e+01
235.729999,-9.32548031e+01,-6.18395728e+01
235.734999,-9.32548572e+01,-6.18396269e+01
235.739999,-9.32549094e+01,-6.18396791e+01
235.744999,-9.32549598e+01,-6.18397296e+01
235.749999,-9.32550087e+01,-6.18397785e+01
235.754999,-9.32550562e+01,-6.18398259e+01
235.759999,-9.32551024e+01,-6.18398721e+01
235.764999,-9.32551474e+01,-6.18399171e+01
235.769999,-9.32551915e+01,-6.18399612e+01
235.774999,-9.32552346e+01,-6.18400043e+01
235.779999,-9.32552773e+01,-6.18400470e+01
235.784999,-9.32553194e+01,-6.18400892e+01
235.789999,-9.32553613e+01,-6.18401310e+01
235.794999,-9.32554024e+01,-6.18401721e+01
235.799999,-9.32554423e+01,-6.18402121e+01
235.804999,-9.32554804e+01,-6.18402502e+01
235.809999,-9.32555163e+01,-6.18402860e+01
235.814999,-9.32555497e+01,-6.18403194e+01
235.819999,-9.32555807e+01,-6.18403504e+01
235.824999,-9.32556094e+01,-6.18403791e+01
235.829999,-9.32556359e+01,-6.18404056e+01
235.834999,-9.32556607e+01,-6.18404304e+01
235.839999,-9.32556842e+01,-6.18404540e+01
235.844999,-9.32557071e+01,-6.18404769e+01
235.849999,-9.32557301e+01,-6.18404998e+01
235.854999,-9.32557535e+01,-6.18405233e+01
235.859999,-9.32557780e+01,-6.18405477e+01
235.864999,-9.32558039e+01,-6.18405737e+01
235.869999,-9.32558317e+01,-6.18406014e+01
235.874999,-9.32558615e+01,-6.18406313e+01
235.879999,-9.32558939e+01,-6.18406636e+01
235.884999,-9.32559288e+01,-6.18406986e+01
235.889999,-9.32559666e+01,-6.18407363e+01
235.894999,-9.32560071e+01,-6.18407768e+01
235.899999,-9.32560499e+01,-6.18408196e+01
235.904999,-9.32560940e+01,-6.18408638e+01
235.909999,-9.32561389e+01,-6.18409086e+01
235.914999,-9.32561835e+01,-6.18409532e+01
235.919999,-9.32562273e+01,-6.18409971e+01
235.924999,-9.32562700e+01,-6.18410397e+01
235.929999,-9.32563113e+01,-6.18410811e+01
235.934999,-9.32563514e+01,-6.18411212e+01
235.939999,-9.32563907e+01,-6.18411604e+01
235.944999,-9.32564295e+01,-6.18411992e+01
235.949999,-9.32564683e+01,-6.18412380e+01
235.954999,-9.32565074e+01,-6.18412771e+01
235.959999,-9.32565470e+01,-6.18413168e+01
235.964999,-9.32565873e+01,-6.18413570e+01
235.969999,-9.32566280e+01,-6.18413977e+01
235.974999,-9.32566690e+01,-6.18414387e+01
235.979999,-9.32567099e+01,-6.18414796e+01
235.984999,-9.32567503e+01,-6.18415199e+01
235.989999,-9.32567896e+01,-6.18415594e+01
235.994999,-9.32568280e+01,-6.18415977e+01
235.999999,-9.32568651e+01,-6.18416348e+01
236.004999,-9.32569010e+01,-6.18416708e+01
236.009999,-9.32569358e+01,-6.18417056e+01
236.014999,-9.32569695e+01,-6.18417392e+01
236.019999,-9.32570020e+01,-6.18417717e+01
236.024999,-9.32570334e+01,-6.18418031e+01
236.029999,-9.32570632e+01,-6.18418330e+01
236.034999,-9.32570917e+01,-6.18418615e+01
236.039999,-9.32571187e+01,-6.18418884e+01
236.044999,-9.32571442e+01,-6.18419139e+01
236.049999,-9.32571679e+01,-6.18419376e+01
236.054999,-9.32571900e+01,-6.18419597e+01
236.059999,-9.32572102e+01,-6.18419800e+01
236.064999,-9.32572289e+01,-6.18419986e+01
236.069999,-9.32572459e+01,-6.18420156e+01
236.074999,-9.32572615e+01,-6.18420312e+01
236.079999,-9.32572758e+01,-6.18420455e+01
236.084999,-9.32572890e+01,-6.18420588e+01
236.089999,-9.32573018e+01,-6.18420715e+01
236.094999,-9.32573145e+01,-6.18420842e+01
236.099999,-9.32573275e+01,-6.18420973e+01
236.104999,-9.32573413e+01,-6.18421110e+01
236.109999,-9.32573556e+01,-6.18421253e+01
236.114999,-9.32573703e+01,-6.18421401e+01
236.119999,-9.32573852e+01,-6.18421549e+01
236.124999,-9.32573999e+01,-6.18421697e+01
236.129999,-9.32574145e+01,-6.18421842e+01
236.134999,-9.32574287e+01,-6.18421985e+01
236.139999,-9.32574428e+01,-6.18422125e+01
236.144999,-9.32574564e+01,-6.18422261e+01
236.149999,-9.32574692e+01,-6.18422389e+01
236.154999,-9.32574806e+01,-6.18422503e+01
236.159999,-9.32574904e+01,-6.18422601e+01
236.164999,-9.32574982e+01,-6.18422679e+01
236.169999,-9.32575040e+01,-6.18422737e+01
236.174999,-9.32575077e+01,-6.18422774e+01
236.179999,-9.32575097e+01,-6.18422794e+01
236.184999,-9.32575103e+01,-6.18422800e+01
236.189999,-9.32575102e+01,-6.18422799e+01
236.194999,-9.32575099e+01,-6.18422796e+01
236.199999,-9.32575097e+01,-6.18422794e+01
236.204999,-9.32575095e+01,-6.18422792e+01
236.209999,-9.32575086e+01,-6.18422783e+01
236.214999,-9.32575065e+01,-6.18422762e+01
236.219999,-9.32575027e+01,-6.18422724e+01
236.224999,-9.32574972e+01,-6.18422669e+01
236.229999,-9.32574903e+01,-6.18422600e+01
236.234999,-9.32574825e+01,-6.18422522e+01
236.239999,-9.32574744e+01,-6.18422441e+01
236.244999,-9.32574664e+01,-6.18422361e+01
236.249999,-9.32574590e+01,-6.18422287e+01
236.254999,-9.32574517e+01,-6.18422214e+01
236.259999,-9.32574440e+01,-6.18422137e+01
236.264999,-9.32574346e+01,-6.18422044e+01
236.269999,-9.32574229e+01,-6.18421926e+01
236.274999,-9.32574081e+01,-6.18421778e+01
236.279999,-9.32573895e+01,-6.18421592e+01
236.284999,-9.32573667e+01,-6.18421364e+01
236.289999,-9.32573395e+01,-6.18421092e+01
236.294999,-9.32573080e+01,-6.18420777e+01
236.299999,-9.32572722e+01,-6.18420419e+01
236.304999,-9.32572327e+01,-6.18420024e+01
236.309999,-9.32571900e+01,-6.18419597e+01
236.314999,-9.32571446e+01,-6.18419143e+01
236.319999,-9.32570971e+01,-6.18418668e+01
236.324999,-9.32570480e+01,-6.18418178e+01
236.329999,-9.32569979e+01,-6.18417676e+01
236.334999,-9.32569471e+01,-6.18417168e+01
236.339999,-9.32568960e+01,-6.18416657e+01
236.344999,-9.32568449e+01,-6.18416146e+01
236.349999,-9.32567940e+01,-6.18415637e+01
236.354999,-9.32567434e+01,-6.18415131e+01
236.359999,-9.32566931e+01,-6.18414628e+01
236.364999,-9.32566433e+01,-6.18414130e+01
236.369999,-9.32565940e+01,-6.18413637e+01
236.374999,-9.32565451e+01,-6.18413148e+01
236.379999,-9.32564964e+01,-6.18412661e+01
236.384999,-9.32564477e+01,-6.18412174e+01
236.389999,-9.32563989e+01,-6.18411686e+01
236.394999,-9.32563498e+01,-6.18411195e+01
236.399999,-9.32563002e+01,-6.18410699e+01
236.404999,-9.32562499e+01,-6.18410196e+01
236.409999,-9.32561988e+01,-6.18409685e+01
236.414999,-9.32561469e+01,-6.18409166e+01
236.419999,-9.32560942e+01,-6.18408639e+01
236.424999,-9.32560408e+01,-6.18408105e+01
236.429999,-9.32559865e+01,-6.18407562e+01
236.434999,-9.32559314e+01,-6.18407011e+01
236.439999,-9.32558753e+01,-6.18406450e+01
236.444999,-9.32558181e+01,-6.18405878e+01
236.449999,-9.32557599e+01,-6.18405296e+01
236.454999,-9.32557006e+01,-6.18404703e+01
236.459999,-9.32556404e+01,-6.18404101e+01
236.464999,-9.32555796e+01,-6.18403493e+01
236.469999,-9.32555185e+01,-6.18402882e+01
236.474999,-9.32554574e+01,-6.18402272e+01
236.479999,-9.32553967e+01,-6.18401664e+01
236.484999,-9.32553362e+01,-6.18401059e+01
236.489999,-9.32552761e+01,-6.18400458e+01
236.494999,-9.32552162e+01,-6.18399859e+01
236.499999,-9.32551564e+01,-6.18399262e+01
236.504999,-9.32550967e+01,-6.18398664e+01
236.509999,-9.32550368e+01,-6.18398065e+01
236.514999,-9.32549763e+01,-6.18397460e+01
236.519999,-9.32549148e+01,-6.18396845e+01
236.524999,-9.32548519e+01,-6.18396216e+01
236.529999,-9.32547872e+01,-6.18395569e+01
236.534999,-9.32547206e+01,-6.18394903e+01
236.539999,-9.32546519e+01,-6.18394216e+01
236.544999,-9.32545812e+01,-6.18393509e+01
236.549999,-9.32545087e+01,-6.18392784e+01
236.554999,-9.32544344e+01,-6.18392042e+01
236.559999,-9.32543587e+01,-6.18391284e+01
236.564999,-9.32542818e+01,-6.18390515e+01
236.569999,-9.32542043e+01,-6.18389740e+01
236.574999,-9.32541268e+01,-6.18388966e+01
236.579999,-9.32540500e+01,-6.18388197e+01
236.584999,-9.32539741e+01,-6.18387438e+01
236.589999,-9.32538992e+01,-6.18386689e+01
236.594999,-9.32538253e+01,-6.18385950e+01
236.599999,-9.32537520e+01,-6.18385217e+01
236.604999,-9.32536784e+01,-6.18384482e+01
236.609999,-9.32536042e+01,-6.18383739e+01
236.614999,-9.32535285e+01,-6.18382982e+01
236.619999,-9.32534512e+01,-6.18382209e+01
236.624999,-9.32533719e+01,-6.18381416e+01
236.629999,-9.32532905e+01,-6.18380602e+01
236.634999,-9.32532071e+01,-6.18379769e+01
236.639999,-9.32531224e+01,-6.18378921e+01
236.644999,-9.32530365e+01,-6.18378063e+01
236.649999,-9.32529500e+01,-6.18377197e+01
236.654999,-9.32528627e+01,-6.18376325e+01
236.659999,-9.32527750e+01,-6.18375447e+01
236.664999,-9.32526867e+01,-6.18374565e+01
236.669999,-9.32525981e+01,-6.18373678e+01
236.674999,-9.32525091e+01,-6.18372789e+01
236.679999,-9.32524199e+01,-6.18371896e+01
236.684999,-9.32523304e+01,-6.18371002e+01
236.689999,-9.32522405e+01,-6.18370102e+01
236.694999,-9.32521498e+01,-6.18369195e+01
236.699999,-9.32520579e+01,-6.18368276e+01
236.704999,-9.32519644e+01,-6.18367341e+01
236.709999,-9.32518691e+01,-6.18366389e+01
236.714999,-9.32517720e+01,-6.18365417e+01
236.719999,-9.32516730e+01,-6.18364427e+01
236.724999,-9.32515720e+01,-6.18363417e+01
236.729999,-9.32514688e+01,-6.18362386e+01
236.734999,-9.32513630e+01,-6.18361328e+01
236.739999,-9.32512542e+01,-6.18360239e+01
236.744999,-9.32511419e+01,-6.18359117e+01
236.749999,-9.32510262e+01,-6.18357960e+01
236.754999,-9.32509071e+01,-6.18356768e+01
236.759999,-9.32507849e+01,-6.18355546e+01
236.764999,-9.32506600e+01,-6.18354297e+01
236.769999,-9.32505331e+01,-6.18353029e+01
236.774999,-9.32504049e+01,-6.18351746e+01
236.779999,-9.32502758e+01,-6.18350456e+01
236.784999,-9.32501463e+01,-6.18349161e+01
236.789999,-9.32500164e+01,-6.18347862e+01
236.794999,-9.32498861e+01,-6.18346558e+01
236.799999,-9.32497552e+01,-6.18345250e+01
236.804999,-9.32496238e+01,-6.18343936e+01
236.809999,-9.32494921e+01,-6.18342618e+01
236.814999,-9.32493601e+01,-6.18341298e+01
236.819999,-9.32492283e+01,-6.18339980e+01
236.824999,-9.32490969e+01,-6.18338666e+01
236.829999,-9.32489660e+01,-6.18337357e+01
236.834999,-9.32488356e+01,-6.18336053e+01
236.839999,-9.32487054e+01,-6.18334752e+01
236.844999,-9.32485755e+01,-6.18333452e+01
236.849999,-9.32484454e+01,-6.18332152e+01
236.854999,-9.32483150e+01,-6.18330848e+01
236.859999,-9.32481840e+01,-6.18329538e+01
236.864999,-9.32480521e+01,-6.18328218e+01
236.869999,-9.32479190e+01,-6.18326888e+01
236.874999,-9.32477849e+01,-6.18325546e+01
236.879999,-9.32476498e+01,-6.18324195e+01
236.884999,-9.32475138e+01,-6.18322836e+01
236.889999,-9.32473773e+01,-6.18321471e+01
236.894999,-9.32472404e+01,-6.18320102e+01
236.899999,-9.32471033e+01,-6.18318731e+01
236.904999,-9.32469660e+01,-6.18317358e+01
236.909999,-9.32468289e+01,-6.18315987e+01
236.914999,-9.32466918e+01,-6.18314616e+01
236.919999,-9.32465546e+01,-6.18313244e+01
236.924999,-9.32464166e+01,-6.18311864e+01
236.929999,-9.32462772e+01,-6.18310470e+01
236.934999,-9.32461361e+01,-6.18309058e+01
236.939999,-9.32459929e+01,-6.18307627e+01
236.944999,-9.32458478e+01,-6.18306176e+01
236.949999,-9.32457011e+01,-6.18304709e+01
236.954999,-9.32455530e+01,-6.18303228e+01
236.959999,-9.32454039e+01,-6.18301737e+01
236.964999,-9.32452543e+01,-6.18300240e+01
236.969999,-9.32451044e+01,-6.18298742e+01
236.974999,-9.32449548e+01,-6.18297246e+01
236.979999,-9.32448056e+01,-6.18295754e+01
236.984999,-9.32446570e+01,-6.18294268e+01
236.989999,-9.32445091e+01,-6.18292789e+01
236.994999,-9.32443616e+01,-6.18291313e+01
236.999999,-9.32442137e+01,-6.18289835e+01
237.004999,-9.32440643e+01,-6.18288341e+01
237.009999,-9.32439124e+01,-6.18286822e+01
237.014999,-9.32437568e+01,-6.18285266e+01
237.019999,-9.32435971e+01,-6.18283669e+01
237.024999,-9.32434330e+01,-6.18282028e+01
237.029999,-9.32432646e+01,-6.18280344e+01
237.034999,-9.32430922e+01,-6.18278620e+01
237.039999,-9.32429162e+01,-6.18276860e+01
237.044999,-9.32427370e+01,-6.18275068e+01
237.049999,-9.32425550e+01,-6.18273248e+01
237.054999,-9.32423707e+01,-6.18271405e+01
237.059999,-9.32421845e+01,-6.18269543e+01
237.064999,-9.32419971e+01,-6.18267669e+01
237.069999,-9.32418090e+01,-6.18265788e+01
237.074999,-9.32416209e+01,-6.18263907e+01
237.079999,-9.32414333e+01,-6.18262031e+01
237.084999,-9.32412464e+01,-6.18260162e+01
237.089999,-9.32410606e+01,-6.18258304e+01
237.094999,-9.32408759e+01,-6.18256457e+01
237.099999,-9.32406923e+01,-6.18254621e+01
237.104999,-9.32405098e+01,-6.18252796e+01
237.109999,-9.32403285e+01,-6.18250983e+01
237.114999,-9.32401485e+01,-6.18249183e+01
237.119999,-9.32399699e+01,-6.18247397e+01
237.124999,-9.32397929e+01,-6.18245627e+01
237.129999,-9.32396177e+01,-6.18243875e+01
237.134999,-9.32394446e+01,-6.18242145e+01
237.139999,-9.32392739e+01,-6.18240438e+01
237.144999,-9.32391059e+01,-6.18238757e+01
237.149999,-9.32389408e+01,-6.18237106e+01
237.154999,-9.32387789e+01,-6.18235488e+01
237.159999,-9.32386205e+01,-6.18233903e+01
237.164999,-9.32384654e+01,-6.18232352e+01
237.169999,-9.32383135e+01,-6.18230834e+01
237.174999,-9.32381646e+01,-6.18229345e+01
237.179999,-9.32380183e+01,-6.18227882e+01
237.184999,-9.32378744e+01,-6.18226442e+01
237.189999,-9.32377325e+01,-6.18225024e+01
237.194999,-9.32375924e+01,-6.18223622e+01
237.199999,-9.32374537e+01,-6.18222235e+01
237.204999,-9.32373161e+01,-6.18220859e+01
237.209999,-9.32371796e+01,-6.18219494e+01
237.214999,-9.32370440e+01,-6.18218139e+01
237.219999,-9.32369093e+01,-6.18216792e+01
237.224999,-9.32367755e+01,-6.18215453e+01
237.229999,-9.32366423e+01,-6.18214122e+01
237.234999,-9.32365096e+01,-6.18212794e+01
237.239999,-9.32363771e+01,-6.18211469e+01
237.244999,-9.32362445e+01,-6.18210144e+01
237.249999,-9.32361116e+01,-6.18208814e+01
237.254999,-9.32359778e+01,-6.18207477e+01
237.259999,-9.32358430e+01,-6.18206128e+01
237.264999,-9.32357069e+01,-6.18204768e+01
237.269999,-9.32355696e+01,-6.18203395e+01
237.274999,-9.32354311e+01,-6.18202009e+01
237.279999,-9.32352914e+01,-6.18200613e+01
237.284999,-9.32351509e+01,-6.18199208e+01
237.289999,-9.32350098e+01,-6.18197796e+01
237.294999,-9.32348682e+01,-6.18196381e+01
237.299999,-9.32347264e+01,-6.18194963e+01
237.304999,-9.32345848e+01,-6.18193546e+01
237.309999,-9.32344433e+01,-6.18192132e+01
237.314999,-9.32343024e+01,-6.18190723e+01
237.319999,-9.32341624e+01,-6.18189322e+01
237.324999,-9.32340233e+01,-6.18187931e+01
237.329999,-9.32338853e+01,-6.18186552e+01
237.334999,-9.32337484e+01,-6.18185183e+01
237.339999,-9.32336127e+01,-6.18183826e+01
237.344999,-9.32334778e+01,-6.18182477e+01
237.349999,-9.32333439e+01,-6.18181138e+01
237.354999,-9.32332109e+01,-6.18179807e+01
237.359999,-9.32330787e+01,-6.18178486e+01
237.364999,-9.32329476e+01,-6.18177174e+01
237.369999,-9.32328177e+01,-6.18175876e+01
237.374999,-9.32326893e+01,-6.18174592e+01
237.379999,-9.32325624e+01,-6.18173323e+01
237.384999,-9.32324371e+01,-6.18172070e+01
237.389999,-9.32323131e+01,-6.18170830e+01
237.394999,-9.32321904e+01,-6.18169603e+01
237.399999,-9.32320686e+01,-6.18168385e+01
237.404999,-9.32319475e+01,-6.18167174e+01
237.409999,-9.32318269e+01,-6.18165968e+01
237.414999,-9.32317066e+01,-6.18164765e+01
237.419999,-9.32315865e+01,-6.18163564e+01
237.424999,-9.32314665e+01,-6.18162364e+01
237.429999,-9.32313466e+01,-6.18161165e+01
237.434999,-9.32312268e+01,-6.18159967e+01
237.439999,-9.32311072e+01,-6.18158771e+01
237.444999,-9.32309878e+01,-6.18157577e+01
237.449999,-9.32308690e+01,-6.18156389e+01
237.454999,-9.32307509e+01,-6.18155208e+01
237.459999,-9.32306337e+01,-6.18154036e+01
237.464999,-9.32305178e+01,-6.18152877e+01
237.469999,-9.32304037e+01,-6.18151736e+01
237.474999,-9.32302914e+01,-6.18150614e+01
237.479999,-9.32301814e+01,-6.18149513e+01
237.484999,-9.32300735e+01,-6.18148434e+01
237.489999,-9.32299678e+01,-6.18147378e+01
237.494999,-9.32298645e+01,-6.18146344e+01
237.499999,-9.32297633e+01,-6.18145332e+01
237.504999,-9.32296642e+01,-6.18144341e+01
237.509999,-9.32295671e+01,-6.18143371e+01
237.514999,-9.32294720e+01,-6.18142419e+01
237.519999,-9.32293788e+01,-6.18141487e+01
237.524999,-9.32292873e+01,-6.18140572e+01
237.529999,-9.32291974e+01,-6.18139674e+01
237.534999,-9.32291090e+01,-6.18138790e+01
237.539999,-9.32290219e+01,-6.18137918e+01
237.544999,-9.32289357e+01,-6.18137057e+01
237.549999,-9.32288503e+01,-6.18136202e+01
237.554999,-9.32287653e+01,-6.18135353e+01
237.559999,-9.32286806e+01,-6.18134505e+01
237.564999,-9.32285958e+01,-6.18133657e+01
237.569999,-9.32285108e+01,-6.18132807e+01
237.574999,-9.32284255e+01,-6.18131954e+01
237.579999,-9.32283394e+01,-6.18131093e+01
237.584999,-9.32282523e+01,-6.18130222e+01
237.589999,-9.32281638e+01,-6.18129337e+01
237.594999,-9.32280738e+01,-6.18128437e+01
237.599999,-9.32279822e+01,-6.18127521e+01
237.604999,-9.32278889e+01,-6.18126588e+01
237.609999,-9.32277940e+01,-6.18125640e+01
237.614999,-9.32276978e+01,-6.18124677e+01
237.619999,-9.32276005e+01,-6.18123705e+01
237.624999,-9.32275026e+01,-6.18122725e+01
237.629999,-9.32274042e+01,-6.18121741e+01
237.634999,-9.32273057e+01,-6.18120757e+01
237.639999,-9.32272073e+01,-6.18119772e+01
237.644999,-9.32271089e+01,-6.18118789e+01
237.649999,-9.32270106e+01,-6.18117805e+01
237.654999,-9.32269122e+01,-6.18116821e+01
237.659999,-9.32268136e+01,-6.18115835e+01
237.664999,-9.32267148e+01,-6.18114847e+01
237.669999,-9.32266158e+01,-6.18113857e+01
237.674999,-9.32265167e+01,-6.18112866e+01
237.679999,-9.32264175e+01,-6.18111874e+01
237.684999,-9.32263183e+01,-6.18110882e+01
237.689999,-9.32262190e+01,-6.18109889e+01
237.694999,-9.32261195e+01,-6.18108895e+01
237.699999,-9.32260200e+01,-6.18107899e+01
237.704999,-9.32259202e+01,-6.18106901e+01
237.709999,-9.32258202e+01,-6.18105902e+01
237.714999,-9.32257199e+01,-6.18104899e+01
237.719999,-9.32256194e+01,-6.18103893e+01
237.724999,-9.32255184e+01,-6.18102883e+01
237.729999,-9.32254169e+01,-6.18101868e+01
237.734999,-9.32253148e+01,-6.18100847e+01
237.739999,-9.32252119e+01,-6.18099818e+01
237.744999,-9.32251082e+01,-6.18098781e+01
237.749999,-9.32250036e+01,-6.18097736e+01
237.754999,-9.32248982e+01,-6.18096681e+01
237.759999,-9.32247920e+01,-6.18095619e+01
237.764999,-9.32246852e+01,-6.18094552e+01
237.769999,-9.32245780e+01,-6.18093480e+01
237.774999,-9.32244703e+01,-6.18092403e+01
237.779999,-9.32243620e+01,-6.18091320e+01
237.784999,-9.32242529e+01,-6.18090228e+01
237.789999,-9.32241424e+01,-6.18089124e+01
237.794999,-9.32240305e+01,-6.18088005e+01
237.799999,-9.32239168e+01,-6.18086867e+01
237.804999,-9.32238010e+01,-6.18085709e+01
237.809999,-9.32236829e+01,-6.18084529e+01
237.814999,-9.32235626e+01,-6.18083325e+01
237.819999,-9.32234400e+01,-6.18082100e+01
237.824999,-9.32233155e+01,-6.18080855e+01
237.829999,-9.32231893e+01,-6.18079592e+01
237.834999,-9.32230617e+01,-6.18078317e+01
237.839999,-9.32229332e+01,-6.18077031e+01
237.844999,-9.32228041e+01,-6.18075740e+01
237.849999,-9.32226746e+01,-6.18074445e+01
237.854999,-9.32225448e+01,-6.18073148e+01
237.859999,-9.32224149e+01,-6.18071849e+01
237.864999,-9.32222846e+01,-6.18070546e+01
237.869999,-9.32221540e+01,-6.18069240e+01
237.874999,-9.32220229e+01,-6.18067929e+01
237.879999,-9.32218910e+01,-6.18066610e+01
237.884999,-9.32217583e+01,-6.18065283e+01
237.889999,-9.32216244e+01,-6.18063944e+01
237.894999,-9.32214892e+01,-6.18062592e+01
237.899999,-9.32213526e+01,-6.18061226e+01
237.904999,-9.32212144e+01,-6.18059843e+01
237.909999,-9.32210744e+01,-6.18058444e+01
237.914999,-9.32209326e+01,-6.18057026e+01
237.919999,-9.32207889e+01,-6.18055589e+01
237.924999,-9.32206432e+01,-6.18054132e+01
237.929999,-9.32204957e+01,-6.18052656e+01
237.934999,-9.32203462e+01,-6.18051162e+01
237.939999,-9.32201949e+01,-6.18049649e+01
237.944999,-9.32200420e+01,-6.18048120e+01
237.949999,-9.32198875e+01,-6.18046575e+01
237.954999,-9.32197314e+01,-6.18045013e+01
237.959999,-9.32195737e+01,-6.18043437e+01
237.964999,-9.32194146e+01,-6.18041846e+01
237.969999,-9.32192547e+01,-6.18040247e+01
237.974999,-9.32190942e+01,-6.18038642e+01
237.979999,-9.32189337e+01,-6.18037037e+01
237.984999,-9.32187735e+01,-6.18035435e+01
237.989999,-9.32186140e+01,-6.18033840e+01
237.994999,-9.32184554e+01,-6.18032254e+01
237.999999,-9.32182978e+01,-6.18030678e+01
238.004999,-9.32181410e+01,-6.18029110e+01
238.009999,-9.32179849e+01,-6.18027548e+01
238.014999,-9.32178292e+01,-6.18025992e+01
238.019999,-9.32176740e+01,-6.18024440e+01
238.024999,-9.32175192e+01,-6.18022892e+01
238.029999,-9.32173649e+01,-6.18021349e+01
238.034999,-9.32172107e+01,-6.18019807e+01
238.039999,-9.32170566e+01,-6.18018266e+01
238.044999,-9.32169021e+01,-6.18016721e+01
238.049999,-9.32167469e+01,-6.18015169e+01
238.054999,-9.32165907e+01,-6.18013607e+01
238.059999,-9.32164334e+01,-6.18012034e+01
238.064999,-9.32162749e+01,-6.18010449e+01
238.069999,-9.32161156e+01,-6.18008856e+01
238.074999,-9.32159559e+01,-6.18007259e+01
238.079999,-9.32157960e+01,-6.18005660e+01
238.084999,-9.32156366e+01,-6.18004066e+01
238.089999,-9.32154778e+01,-6.18002479e+01
238.094999,-9.32153204e+01,-6.18000904e+01
238.099999,-9.32151644e+01,-6.17999344e+01
238.104999,-9.32150101e+01,-6.17997801e+01
238.109999,-9.32148576e+01,-6.17996277e+01
238.114999,-9.32147072e+01,-6.17994772e+01
238.119999,-9.32145589e+01,-6.17993289e+01
238.124999,-9.32144127e+01,-6.17991827e+01
238.129999,-9.32142687e+01,-6.17990387e+01
238.134999,-9.32141267e+01,-6.17988968e+01
238.139999,-9.32139864e+01,-6.17987564e+01
238.144999,-9.32138474e+01,-6.17986174e+01
238.149999,-9.32137091e+01,-6.17984791e+01
238.154999,-9.32135708e+01,-6.17983408e+01
238.159999,-9.32134316e+01,-6.17982017e+01
238.164999,-9.32132906e+01,-6.17980606e+01
238.169999,-9.32131468e+01,-6.17979169e+01
238.174999,-9.32129996e+01,-6.17977696e+01
238.179999,-9.32128482e+01,-6.17976182e+01
238.184999,-9.32126922e+01,-6.17974622e+01
238.189999,-9.32125312e+01,-6.17973012e+01
238.194999,-9.32123651e+01,-6.17971351e+01
238.199999,-9.32121940e+01,-6.17969640e+01
238.204999,-9.32120180e+01,-6.17967880e+01
238.209999,-9.32118375e+01,-6.17966075e+01
238.214999,-9.32116529e+01,-6.17964229e+01
238.219999,-9.32114650e+01,-6.17962350e+01
238.224999,-9.32112744e+01,-6.17960445e+01
238.229999,-9.32110822e+01,-6.17958523e+01
238.234999,-9.32108892e+01,-6.17956592e+01
238.239999,-9.32106960e+01,-6.17954661e+01
238.244999,-9.32105035e+01,-6.17952736e+01
238.249999,-9.32103121e+01,-6.17950822e+01
238.254999,-9.32101224e+01,-6.17948925e+01
238.259999,-9.32099345e+01,-6.17947046e+01
238.264999,-9.32097487e+01,-6.17945187e+01
238.269999,-9.32095649e+01,-6.17943349e+01
238.274999,-9.32093831e+01,-6.17941531e+01
238.279999,-9.32092029e+01,-6.17939730e+01
238.284999,-9.32090241e+01,-6.17937942e+01
238.289999,-9.32088462e+01,-6.17936162e+01
238.294999,-9.32086688e+01,-6.17934388e+01
238.299999,-9.32084916e+01,-6.17932617e+01
238.304999,-9.32083145e+01,-6.17930846e+01
238.309999,-9.32081373e+01,-6.17929074e+01
238.314999,-9.32079600e+01,-6.17927300e+01
238.319999,-9.32077825e+01,-6.17925526e+01
238.324999,-9.32076048e+01,-6.17923749e+01
238.329999,-9.32074269e+01,-6.17921970e+01
238.334999,-9.32072489e+01,-6.17920190e+01
238.339999,-9.32070707e+01,-6.17918408e+01
238.344999,-9.32068926e+01,-6.17916626e+01
238.349999,-9.32067148e+01,-6.17914849e+01
238.354999,-9.32065377e+01,-6.17913078e+01
238.359999,-9.32063617e+01,-6.17911318e+01
238.364999,-9.32061872e+01,-6.17909573e+01
238.369999,-9.32060147e+01,-6.17907848e+01
238.374999,-9.32058447e+01,-6.17906148e+01
238.379999,-9.32056775e+01,-6.17904476e+01
238.384999,-9.32055136e+01,-6.17902837e+01
238.389999,-9.32053531e+01,-6.17901232e+01
238.394999,-9.32051958e+01,-6.17899659e+01
238.399999,-9.32050417e+01,-6.17898118e+01
238.404999,-9.32048903e+01,-6.17896604e+01
238.409999,-9.32047411e+01,-6.17895112e+01
238.414999,-9.32045935e+01,-6.17893636e+01
238.419999,-9.32044469e+01,-6.17892171e+01
238.424999,-9.32043010e+01,-6.17890711e+01
238.429999,-9.32041551e+01,-6.17889252e+01
238.434999,-9.32040090e+01,-6.17887791e+01
238.439999,-9.32038623e+01,-6.17886324e+01
238.444999,-9.32037150e+01,-6.17884851e+01
238.449999,-9.32035668e+01,-6.17883370e+01
238.454999,-9.32034177e+01,-6.17881879e+01
238.459999,-9.32032675e+01,-6.17880376e+01
238.464999,-9.32031158e+01,-6.17878860e+01
238.469999,-9.32029626e+01,-6.17877327e+01
238.474999,-9.32028076e+01,-6.17875777e+01
238.479999,-9.32026510e+01,-6.17874211e+01
238.484999,-9.32024927e+01,-6.17872629e+01
238.489999,-9.32023332e+01,-6.17871034e+01
238.494999,-9.32021729e+01,-6.17869431e+01
238.499999,-9.32020122e+01,-6.17867823e+01
238.504999,-9.32018515e+01,-6.17866216e+01
238.509999,-9.32016913e+01,-6.17864614e+01
238.514999,-9.32015319e+01,-6.17863020e+01
238.519999,-9.32013738e+01,-6.17861439e+01
238.524999,-9.32012172e+01,-6.17859873e+01
238.529999,-9.32010622e+01,-6.17858324e+01
238.534999,-9.32009088e+01,-6.17856789e+01
238.539999,-9.32007567e+01,-6.17855268e+01
238.544999,-9.32006056e+01,-6.17853758e+01
238.549999,-9.32004552e+01,-6.17852254e+01
238.554999,-9.32003051e+01,-6.17850753e+01
238.559999,-9.32001550e+01,-6.17849251e+01
238.564999,-9.32000044e+01,-6.17847746e+01
238.569999,-9.31998534e+01,-6.17846235e+01
238.574999,-9.31997015e+01,-6.17844716e+01
238.579999,-9.31995486e+01,-6.17843187e+01
238.584999,-9.31993945e+01,-6.17841647e+01
238.589999,-9.31992391e+01,-6.17840093e+01
238.594999,-9.31990823e+01,-6.17838524e+01
238.599999,-9.31989237e+01,-6.17836939e+01
238.604999,-9.31987634e+01,-6.17835335e+01
238.609999,-9.31986013e+01,-6.17833714e+01
238.614999,-9.31984374e+01,-6.17832076e+01
238.619999,-9.31982723e+01,-6.17830424e+01
238.624999,-9.31981060e+01,-6.17828762e+01
238.629999,-9.31979391e+01,-6.17827093e+01
238.634999,-9.31977721e+01,-6.17825422e+01
238.639999,-9.31976055e+01,-6.17823757e+01
238.644999,-9.31974400e+01,-6.17822102e+01
238.649999,-9.31972761e+01,-6.17820463e+01
238.654999,-9.31971143e+01,-6.17818845e+01
238.659999,-9.31969551e+01,-6.17817253e+01
238.664999,-9.31967987e+01,-6.17815689e+01
238.669999,-9.31966452e+01,-6.17814154e+01
238.674999,-9.31964944e+01,-6.17812646e+01
238.679999,-9.31963462e+01,-6.17811164e+01
238.684999,-9.31962002e+01,-6.17809703e+01
238.689999,-9.31960561e+01,-6.17808263e+01
238.694999,-9.31959137e+01,-6.17806839e+01
238.699999,-9.31957727e+01,-6.17805429e+01
238.704999,-9.31956328e+01,-6.17804030e+01
238.709999,-9.31954937e+01,-6.17802639e+01
238.714999,-9.31953550e+01,-6.17801252e+01
238.719999,-9.31952166e+01,-6.17799868e+01
238.724999,-9.31950780e+01,-6.17798482e+01
238.729999,-9.31949389e+01,-6.17797091e+01
238.734999,-9.31947991e+01,-6.17795693e+01
238.739999,-9.31946583e+01,-6.17794285e+01
238.744999,-9.31945164e+01,-6.17792866e+01
238.749999,-9.31943734e+01,-6.17791436e+01
238.754999,-9.31942293e+01,-6.17789995e+01
238.759999,-9.31940841e+01,-6.17788543e+01
238.764999,-9.31939380e+01,-6.17787082e+01
238.769999,-9.31937910e+01,-6.17785612e+01
238.774999,-9.31936435e+01,-6.17784137e+01
238.779999,-9.31934955e+01,-6.17782657e+01
238.784999,-9.31933475e+01,-6.17781177e+01
238.789999,-9.31931995e+01,-6.17779697e+01
238.794999,-9.31930520e+01,-6.17778222e+01
238.799999,-9.31929051e+01,-6.17776753e+01
238.804999,-9.31927587e+01,-6.17775289e+01
238.809999,-9.31926127e+01,-6.17773829e+01
238.814999,-9.31924669e+01,-6.17772371e+01
238.819999,-9.31923210e+01,-6.17770912e+01
238.824999,-9.31921746e+01,-6.17769448e+01
238.829999,-9.31920274e+01,-6.17767976e+01
238.834999,-9.31918791e+01,-6.17766493e+01
238.839999,-9.31917291e+01,-6.17764994e+01
238.844999,-9.31915776e+01,-6.17763478e+01
238.849999,-9.31914242e+01,-6.17761944e+01
238.854999,-9.31912690e+01,-6.17760392e+01
238.859999,-9.31911120e+01,-6.17758822e+01
238.864999,-9.31909535e+01,-6.17757237e+01
238.869999,-9.31907936e+01,-6.17755638e+01
238.874999,-9.31906324e+01,-6.17754026e+01
238.879999,-9.31904699e+01,-6.17752402e+01
238.884999,-9.31903064e+01,-6.17750766e+01
238.889999,-9.31901417e+01,-6.17749119e+01
238.894999,-9.31899761e+01,-6.17747463e+01
238.899999,-9.31898100e+01,-6.17745802e+01
238.904999,-9.31896436e+01,-6.17744138e+01
238.909999,-9.31894771e+01,-6.17742473e+01
238.914999,-9.31893109e+01,-6.17740811e+01
238.919999,-9.31891451e+01,-6.17739153e+01
238.924999,-9.31889799e+01,-6.17737502e+01
238.929999,-9.31888155e+01,-6.17735857e+01
238.934999,-9.31886519e+01,-6.17734221e+01
238.939999,-9.31884890e+01,-6.17732592e+01
238.944999,-9.31883269e+01,-6.17730971e+01
238.949999,-9.31881653e+01,-6.17729356e+01
238.954999,-9.31880042e+01,-6.17727745e+01
238.959999,-9.31878434e+01,-6.17726137e+01
238.964999,-9.31876827e+01,-6.17724530e+01
238.969999,-9.31875220e+01,-6.17722923e+01
238.974999,-9.31873612e+01,-6.17721315e+01
238.979999,-9.31872002e+01,-6.17719704e+01
238.984999,-9.31870389e+01,-6.17718092e+01
238.989999,-9.31868776e+01,-6.17716478e+01
238.994999,-9.31867163e+01,-6.17714866e+01
238.999999,-9.31865554e+01,-6.17713257e+01
239.004999,-9.31863953e+01,-6.17711656e+01
239.009999,-9.31862363e+01,-6.17710066e+01
239.014999,-9.31860787e+01,-6.17708490e+01
239.019999,-9.31859227e+01,-6.17706929e+01
239.024999,-9.31857684e+01,-6.17705386e+01
239.029999,-9.31856159e+01,-6.17703861e+01
239.034999,-9.31854650e+01,-6.17702353e+01
239.039999,-9.31853157e+01,-6.17700859e+01
239.044999,-9.31851675e+01,-6.17699377e+01
239.049999,-9.31850200e+01,-6.17697902e+01
239.054999,-9.31848728e+01,-6.17696431e+01
239.059999,-9.31847257e+01,-6.17694959e+01
239.064999,-9.31845781e+01,-6.17693484e+01
239.069999,-9.31844302e+01,-6.17692004e+01
239.074999,-9.31842817e+01,-6.17690520e+01
239.079999,-9.31841326e+01,-6.17689029e+01
239.084999,-9.31839830e+01,-6.17687533e+01
239.089999,-9.31838328e+01,-6.17686031e+01
239.094999,-9.31836820e+01,-6.17684523e+01
239.099999,-9.31835305e+01,-6.17683008e+01
239.104999,-9.31833782e+01,-6.17681485e+01
239.109999,-9.31832249e+01,-6.17679951e+01
239.114999,-9.31830704e+01,-6.17678407e+01
239.119999,-9.31829147e+01,-6.17676850e+01
239.124999,-9.31827577e+01,-6.17675280e+01
239.129999,-9.31825994e+01,-6.17673697e+01
239.134999,-9.31824398e+01,-6.17672101e+01
239.139999,-9.31822791e+01,-6.17670493e+01
239.144999,-9.31821174e+01,-6.17668877e+01
239.149999,-9.31819552e+01,-6.17667255e+01
239.154999,-9.31817927e+01,-6.17665629e+01
239.159999,-9.31816301e+01,-6.17664004e+01
239.164999,-9.31814679e+01,-6.17662382e+01
239.169999,-9.31813063e+01,-6.17660765e+01
239.174999,-9.31811454e+01,-6.17659157e+01
239.179999,-9.31809857e+01,-6.17657560e+01
239.184999,-9.31808271e+01,-6.17655974e+01
239.189999,-9.31806698e+01,-6.17654401e+01
239.194999,-9.31805136e+01,-6.17652839e+01
239.199999,-9.31803583e+01,-6.17651286e+01
239.204999,-9.31802038e+01,-6.17649741e+01
239.209999,-9.31800497e+01,-6.17648200e+01
239.214999,-9.31798955e+01,-6.17646659e+01
239.219999,-9.31797410e+01,-6.17645113e+01
239.224999,-9.31795857e+01,-6.17643560e+01
239.229999,-9.31794293e+01,-6.17641996e+01
239.234999,-9.31792717e+01,-6.17640420e+01
239.239999,-9.31791130e+01,-6.17638833e+01
239.244999,-9.31789532e+01,-6.17637236e+01
239.249999,-9.31787929e+01,-6.17635632e+01
239.254999,-9.31786322e+01,-6.17634025e+01
239.259999,-9.31784713e+01,-6.17632416e+01
239.264999,-9.31783105e+01,-6.17630808e+01
239.269999,-9.31781498e+01,-6.17629201e+01
239.274999,-9.31779893e+01,-6.17627596e+01
239.279999,-9.31778290e+01,-6.17625994e+01
239.284999,-9.31776690e+01,-6.17624393e+01
239.289999,-9.31775092e+01,-6.17622795e+01
239.294999,-9.31773496e+01,-6.17621199e+01
239.299999,-9.31771902e+01,-6.17619606e+01
239.304999,-9.31770315e+01,-6.17618018e+01
239.309999,-9.31768736e+01,-6.17616440e+01
239.314999,-9.31767170e+01,-6.17614873e+01
239.319999,-9.31765619e+01,-6.17613322e+01
239.324999,-9.31764086e+01,-6.17611789e+01
239.329999,-9.31762571e+01,-6.17610274e+01
239.334999,-9.31761075e+01,-6.17608778e+01
239.339999,-9.31759595e+01,-6.17607298e+01
239.344999,-9.31758127e+01,-6.17605830e+01
239.349999,-9.31756665e+01,-6.17604368e+01
239.354999,-9.31755204e+01,-6.17602907e+01
239.359999,-9.31753737e+01,-6.17601441e+01
239.364999,-9.31752260e+01,-6.17599963e+01
239.369999,-9.31750769e+01,-6.17598472e+01
239.374999,-9.31749262e+01,-6.17596966e+01
239.379999,-9.31747741e+01,-6.17595444e+01
239.384999,-9.31746205e+01,-6.17593909e+01
239.389999,-9.31744658e+01,-6.17592362e+01
239.394999,-9.31743101e+01,-6.17590804e+01
239.399999,-9.31741533e+01,-6.17589237e+01
239.404999,-9.31739955e+01,-6.17587659e+01
239.409999,-9.31738366e+01,-6.17586070e+01
239.414999,-9.31736765e+01,-6.17584469e+01
239.419999,-9.31735151e+01,-6.17582854e+01
239.424999,-9.31733523e+01,-6.17581226e+01
239.429999,-9.31731881e+01,-6.17579584e+01
239.434999,-9.31730225e+01,-6.17577928e+01
239.439999,-9.31728556e+01,-6.17576260e+01
239.444999,-9.31726878e+01,-6.17574582e+01
239.449999,-9.31725193e+01,-6.17572897e+01
239.454999,-9.31723505e+01,-6.17571208e+01
239.459999,-9.31721816e+01,-6.17569520e+01
239.464999,-9.31720130e+01,-6.17567834e+01
239.469999,-9.31718448e+01,-6.17566152e+01
239.474999,-9.31716772e+01,-6.17564476e+01
239.479999,-9.31715101e+01,-6.17562805e+01
239.484999,-9.31713436e+01,-6.17561140e+01
239.489999,-9.31711775e+01,-6.17559479e+01
239.494999,-9.31710119e+01,-6.17557823e+01
239.499999,-9.31708466e+01,-6.17556170e+01
239.504999,-9.31706814e+01,-6.17554518e+01
239.509999,-9.31705162e+01,-6.17552866e+01
239.514999,-9.31703511e+01,-6.17551215e+01
239.519999,-9.31701859e+01,-6.17549563e+01
239.524999,-9.31700207e+01,-6.17547911e+01
239.529999,-9.31698556e+01,-6.17546260e+01
239.534999,-9.31696906e+01,-6.17544610e+01
239.539999,-9.31695259e+01,-6.17542963e+01
239.544999,-9.31693614e+01,-6.17541318e+01
239.549999,-9.31691973e+01,-6.17539677e+01
239.554999,-9.31690336e+01,-6.17538040e+01
239.559999,-9.31688702e+01,-6.17536406e+01
239.564999,-9.31687071e+01,-6.17534775e+01
239.569999,-9.31685441e+01,-6.17533145e+01
239.574999,-9.31683809e+01,-6.17531513e+01
239.579999,-9.31682174e+01,-6.17529878e+01
239.584999,-9.31680534e+01,-6.17528238e+01
239.589999,-9.31678888e+01,-6.17526592e+01
239.594999,-9.31677236e+01,-6.17524940e+01
239.599999,-9.31675579e+01,-6.17523283e+01
239.604999,-9.31673916e+01,-6.17521620e+01
239.609999,-9.31672250e+01,-6.17519954e+01
239.614999,-9.31670580e+01,-6.17518284e+01
239.619999,-9.31668909e+01,-6.17516613e+01
239.624999,-9.31667235e+01,-6.17514939e+01
239.629999,-9.31665560e+01,-6.17513264e+01
239.634999,-9.31663885e+01,-6.17511589e+01
239.639999,-9.31662208e+01,-6.17509913e+01
239.644999,-9.31660532e+01,-6.17508236e+01
239.649999,-9.31658855e+01,-6.17506560e+01
239.654999,-9.31657180e+01,-6.17504884e+01
239.659999,-9.31655506e+01,-6.17503210e+01
239.664999,-9.31653835e+01,-6.17501539e+01
239.669999,-9.31652169e+01,-6.17499873e+01
239.674999,-9.31650510e+01,-6.17498215e+01
239.679999,-9.31648859e+01,-6.17496564e+01
239.684999,-9.31647216e+01,-6.17494921e+01
239.689999,-9.31645582e+01,-6.17493286e+01
239.694999,-9.31643955e+01,-6.17491659e+01
239.699999,-9.31642333e+01,-6.17490038e+01
239.704999,-9.31640715e+01,-6.17488419e+01
239.709999,-9.31639095e+01,-6.17486800e+01
239.714999,-9.31637471e+01,-6.17485175e+01
239.719999,-9.31635837e+01,-6.17483542e+01
239.724999,-9.31634192e+01,-6.17481896e+01
239.729999,-9.31632531e+01,-6.17480236e+01
239.734999,-9.31630854e+01,-6.17478559e+01
239.739999,-9.31629159e+01,-6.17476863e+01
239.744999,-9.31627444e+01,-6.17475148e+01
239.749999,-9.31625708e+01,-6.17473412e+01
239.754999,-9.31623950e+01,-6.17471654e+01
239.759999,-9.31622171e+01,-6.17469875e+01
239.764999,-9.31620373e+01,-6.17468077e+01
239.769999,-9.31618558e+01,-6.17466263e+01
239.774999,-9.31616732e+01,-6.17464436e+01
239.779999,-9.31614898e+01,-6.17462602e+01
239.784999,-9.31613061e+01,-6.17460766e+01
239.789999,-9.31611229e+01,-6.17458934e+01
239.794999,-9.31609404e+01,-6.17457109e+01
239.799999,-9.31607589e+01,-6.17455294e+01
239.804999,-9.31605788e+01,-6.17453492e+01
239.809999,-9.31604003e+01,-6.17451708e+01
239.814999,-9.31602238e+01,-6.17449943e+01
239.819999,-9.31600493e+01,-6.17448198e+01
239.824999,-9.31598771e+01,-6.17446476e+01
239.829999,-9.31597070e+01,-6.17444775e+01
239.834999,-9.31595390e+01,-6.17443095e+01
239.839999,-9.31593728e+01,-6.17441433e+01
239.844999,-9.31592084e+01,-6.17439788e+01
239.849999,-9.31590454e+01,-6.17438159e+01
239.854999,-9.31588838e+01,-6.17436542e+01
239.859999,-9.31587232e+01,-6.17434936e+01
239.864999,-9.31585634e+01,-6.17433339e+01
239.869999,-9.31584042e+01,-6.17431747e+01
239.874999,-9.31582452e+01,-6.17430157e+01
239.879999,-9.31580862e+01,-6.17428567e+01
239.884999,-9.31579268e+01,-6.17426973e+01
239.889999,-9.31577668e+01,-6.17425373e+01
239.894999,-9.31576061e+01,-6.17423766e+01
239.899999,-9.31574445e+01,-6.17422150e+01
239.904999,-9.31572818e+01,-6.17420522e+01
239.909999,-9.31571177e+01,-6.17418882e+01
239.914999,-9.31569524e+01,-6.17417229e+01
239.919999,-9.31567857e+01,-6.17415562e+01
239.924999,-9.31566177e+01,-6.17413882e+01
239.929999,-9.31564486e+01,-6.17412191e+01
239.934999,-9.31562783e+01,-6.17410488e+01
239.939999,-9.31561070e+01,-6.17408775e+01
239.944999,-9.31559348e+01,-6.17407053e+01
239.949999,-9.31557617e+01,-6.17405322e+01
239.954999,-9.31555879e+01,-6.17403584e+01
239.959999,-9.31554135e+01,-6.17401840e+01
239.964999,-9.31552387e+01,-6.17400092e+01
239.969999,-9.31550637e+01,-6.17398342e+01
239.974999,-9.31548889e+01,-6.17396594e+01
239.979999,-9.31547147e+01,-6.17394853e+01
239.984999,-9.31545417e+01,-6.17393122e+01
239.989999,-9.31543702e+01,-6.17391407e+01
239.994999,-9.31542008e+01,-6.17389713e+01
239.999999,-9.31540337e+01,-6.17388043e+01
240.004999,-9.31538693e+01,-6.17386399e+01
240.009999,-9.31537077e+01,-6.17384782e+01
240.014999,-9.31535488e+01,-6.17383193e+01
240.019999,-9.31533927e+01,-6.17381632e+01
240.024999,-9.31532392e+01,-6.17380097e+01
240.029999,-9.31530882e+01,-6.17378587e+01
240.034999,-9.31529395e+01,-6.17377100e+01
240.039999,-9.31527930e+01,-6.17375636e+01
240.044999,-9.31526488e+01,-6.17374193e+01
240.049999,-9.31525065e+01,-6.17372771e+01
240.054999,-9.31523662e+01,-6.17371367e+01
240.059999,-9.31522275e+01,-6.17369981e+01
240.064999,-9.31520903e+01,-6.17368609e+01
240.069999,-9.31519545e+01,-6.17367251e+01
240.074999,-9.31518199e+01,-6.17365905e+01
240.079999,-9.31516866e+01,-6.17364571e+01
240.084999,-9.31515543e+01,-6.17363249e+01
240.089999,-9.31514230e+01,-6.17361936e+01
240.094999,-9.31512926e+01,-6.17360632e+01
240.099999,-9.31511627e+01,-6.17359333e+01
240.104999,-9.31510333e+01,-6.17358039e+01
240.109999,-9.31509042e+01,-6.17356748e+01
240.114999,-9.31507754e+01,-6.17355459e+01
240.119999,-9.31506468e+01,-6.17354173e+01
240.124999,-9.31505184e+01,-6.17352890e+01
240.129999,-9.31503904e+01,-6.17351609e+01
240.134999,-9.31502629e+01,-6.17350334e+01
240.139999,-9.31501362e+01,-6.17349067e+01
240.144999,-9.31500104e+01,-6.17347810e+01
240.149999,-9.31498859e+01,-6.17346565e+01
240.154999,-9.31497627e+01,-6.17345333e+01
240.159999,-9.31496408e+01,-6.17344113e+01
240.164999,-9.31495201e+01,-6.17342907e+01
240.169999,-9.31494005e+01,-6.17341711e+01
240.174999,-9.31492818e+01,-6.17340524e+01
240.179999,-9.31491637e+01,-6.17339343e+01
240.184999,-9.31490462e+01,-6.17338167e+01
240.189999,-9.31489288e+01,-6.17336994e+01
240.194999,-9.31488115e+01,-6.17335821e+01
240.199999,-9.31486941e+01,-6.17334647e+01
240.204999,-9.31485766e+01,-6.17333471e+01
240.209999,-9.31484588e+01,-6.17332294e+01
240.214999,-9.31483407e+01,-6.17331112e+01
240.219999,-9.31482220e+01,-6.17329926e+01
240.224999,-9.31481025e+01,-6.17328731e+01
240.229999,-9.31479821e+01,-6.17327527e+01
240.234999,-9.31478604e+01,-6.17326310e+01
240.239999,-9.31477373e+01,-6.17325079e+01
240.244999,-9.31476125e+01,-6.17323831e+01
240.249999,-9.31474858e+01,-6.17322563e+01
240.254999,-9.31473569e+01,-6.17321275e+01
240.259999,-9.31472258e+01,-6.17319964e+01
240.264999,-9.31470925e+01,-6.17318631e+01
240.269999,-9.31469572e+01,-6.17317278e+01
240.274999,-9.31468202e+01,-6.17315908e+01
240.279999,-9.31466821e+01,-6.17314527e+01
240.284999,-9.31465436e+01,-6.17313142e+01
240.289999,-9.31464054e+01,-6.17311760e+01
240.294999,-9.31462681e+01,-6.17310387e+01
240.299999,-9.31461323e+01,-6.17309028e+01
240.304999,-9.31459981e+01,-6.17307687e+01
240.309999,-9.31458659e+01,-6.17306365e+01
240.314999,-9.31457357e+01,-6.17305063e+01
240.319999,-9.31456074e+01,-6.17303780e+01
240.324999,-9.31454809e+01,-6.17302515e+01
240.329999,-9.31453561e+01,-6.17301267e+01
240.334999,-9.31452327e+01,-6.17300033e+01
240.339999,-9.31451106e+01,-6.17298812e+01
240.344999,-9.31449897e+01,-6.17297603e+01
240.349999,-9.31448699e+01,-6.17296404e+01
240.354999,-9.31447510e+01,-6.17295216e+01
240.359999,-9.31446331e+01,-6.17294037e+01
240.364999,-9.31445159e+01,-6.17292865e+01
240.369999,-9.31443995e+01,-6.17291701e+01
240.374999,-9.31442837e+01,-6.17290543e+01
240.379999,-9.31441682e+01,-6.17289388e+01
240.384999,-9.31440531e+01,-6.17288237e+01
240.389999,-9.31439380e+01,-6.17287086e+01
240.394999,-9.31438227e+01,-6.17285933e+01
240.399999,-9.31437071e+01,-6.17284777e+01
240.404999,-9.31435909e+01,-6.17283615e+01
240.409999,-9.31434742e+01,-6.17282448e+01
240.414999,-9.31433570e+01,-6.17281276e+01
240.419999,-9.31432394e+01,-6.17280100e+01
240.424999,-9.31431218e+01,-6.17278924e+01
240.429999,-9.31430044e+01,-6.17277751e+01
240.434999,-9.31428878e+01,-6.17276584e+01
240.439999,-9.31427722e+01,-6.17275429e+01
240.444999,-9.31426580e+01,-6.17274286e+01
240.449999,-9.31425455e+01,-6.17273161e+01
240.454999,-9.31424348e+01,-6.17272054e+01
240.459999,-9.31423260e+01,-6.17270967e+01
240.464999,-9.31422191e+01,-6.17269897e+01
240.469999,-9.31421137e+01,-6.17268843e+01
240.474999,-9.31420094e+01,-6.17267800e+01
240.479999,-9.31419059e+01,-6.17266765e+01
240.484999,-9.31418028e+01,-6.17265734e+01
240.489999,-9.31416998e+01,-6.17264704e+01
240.494999,-9.31415964e+01,-6.17263670e+01
240.499999,-9.31414925e+01,-6.17262632e+01
240.504999,-9.31413879e+01,-6.17261585e+01
240.509999,-9.31412823e+01,-6.17260529e+01
240.514999,-9.31411756e+01,-6.17259462e+01
240.519999,-9.31410677e+01,-6.17258383e+01
240.524999,-9.31409584e+01,-6.17257291e+01
240.529999,-9.31408477e+01,-6.17256184e+01
240.534999,-9.31407354e+01,-6.17255061e+01
240.539999,-9.31406213e+01,-6.17253919e+01
240.544999,-9.31405052e+01,-6.17252758e+01
240.549999,-9.31403870e+01,-6.17251576e+01
240.554999,-9.31402666e+01,-6.17250372e+01
240.559999,-9.31401439e+01,-6.17249146e+01
240.564999,-9.31400191e+01,-6.17247897e+01
240.569999,-9.31398923e+01,-6.17246629e+01
240.574999,-9.31397638e+01,-6.17245344e+01
240.579999,-9.31396339e+01,-6.17244045e+01
240.584999,-9.31395030e+01,-6.17242736e+01
240.589999,-9.31393714e+01,-6.17241421e+01
240.594999,-9.31392396e+01,-6.17240103e+01
240.599999,-9.31391078e+01,-6.17238784e+01
240.604999,-9.31389761e+01,-6.17237468e+01
240.609999,-9.31388447e+01,-6.17236153e+01
240.614999,-9.31387135e+01,-6.17234841e+01
240.619999,-9.31385824e+01,-6.17233531e+01
240.624999,-9.31384512e+01,-6.17232219e+01
240.629999,-9.31383197e+01,-6.17230904e+01
240.634999,-9.31381875e+01,-6.17229582e+01
240.639999,-9.31380543e+01,-6.17228249e+01
240.644999,-9.31379197e+01,-6.17226903e+01
240.649999,-9.31377838e+01,-6.17225545e+01
240.654999,-9.31376467e+01,-6.17224173e+01
240.659999,-9.31375085e+01,-6.17222791e+01
240.664999,-9.31373693e+01,-6.17221400e+01
240.669999,-9.31372295e+01,-6.17220001e+01
240.674999,-9.31370888e+01,-6.17218595e+01
240.679999,-9.31369474e+01,-6.17217181e+01
240.684999,-9.31368052e+01,-6.17215758e+01
240.689999,-9.31366621e+01,-6.17214327e+01
240.694999,-9.31365182e+01,-6.17212888e+01
240.699999,-9.31363735e+01,-6.17211442e+01
240.704999,-9.31362283e+01,-6.17209989e+01
240.709999,-9.31360826e+01,-6.17208532e+01
240.714999,-9.31359367e+01,-6.17207073e+01
240.719999,-9.31357910e+01,-6.17205616e+01
240.724999,-9.31356458e+01,-6.17204165e+01
240.729999,-9.31355017e+01,-6.17202724e+01
240.734999,-9.31353590e+01,-6.17201296e+01
240.739999,-9.31352179e+01,-6.17199885e+01
240.744999,-9.31350785e+01,-6.17198492e+01
240.749999,-9.31349410e+01,-6.17197117e+01
240.754999,-9.31348053e+01,-6.17195759e+01
240.759999,-9.31346709e+01,-6.17194416e+01
240.764999,-9.31345379e+01,-6.17193086e+01
240.769999,-9.31344058e+01,-6.17191765e+01
240.774999,-9.31342744e+01,-6.17190451e+01
240.779999,-9.31341437e+01,-6.17189143e+01
240.784999,-9.31340132e+01,-6.17187839e+01
240.789999,-9.31338829e+01,-6.17186536e+01
240.794999,-9.31337527e+01,-6.17185234e+01
240.799999,-9.31336225e+01,-6.17183931e+01
240.804999,-9.31334922e+01,-6.17182629e+01
240.809999,-9.31333620e+01,-6.17181327e+01
240.814999,-9.31332318e+01,-6.17180025e+01
240.819999,-9.31331014e+01,-6.17178721e+01
240.824999,-9.31329707e+01,-6.17177414e+01
240.829999,-9.31328394e+01,-6.17176101e+01
240.834999,-9.31327074e+01,-6.17174781e+01
240.839999,-9.31325745e+01,-6.17173452e+01
240.844999,-9.31324406e+01,-6.17172113e+01
240.849999,-9.31323060e+01,-6.17170767e+01
240.854999,-9.31321708e+01,-6.17169415e+01
240.859999,-9.31320354e+01,-6.17168061e+01
240.864999,-9.31319001e+01,-6.17166708e+01
240.869999,-9.31317653e+01,-6.17165360e+01
240.874999,-9.31316313e+01,-6.17164020e+01
240.879999,-9.31314983e+01,-6.17162690e+01
240.884999,-9.31313666e+01,-6.17161373e+01
240.889999,-9.31312362e+01,-6.17160069e+01
240.894999,-9.31311070e+01,-6.17158777e+01
240.899999,-9.31309788e+01,-6.17157495e+01
240.904999,-9.31308515e+01,-6.17156222e+01
240.909999,-9.31307246e+01,-6.17154953e+01
240.914999,-9.31305980e+01,-6.17153687e+01
240.919999,-9.31304713e+01,-6.17152420e+01
240.924999,-9.31303443e+01,-6.17151150e+01
240.929999,-9.31302169e+01,-6.17149876e+01
240.934999,-9.31300890e+01,-6.17148597e+01
240.939999,-9.31299607e+01,-6.17147314e+01
240.944999,-9.31298321e+01,-6.17146028e+01
240.949999,-9.31297033e+01,-6.17144740e+01
240.954999,-9.31295744e+01,-6.17143451e+01
240.959999,-9.31294457e+01,-6.17142164e+01
240.964999,-9.31293173e+01,-6.17140880e+01
240.969999,-9.31291891e+01,-6.17139598e+01
240.974999,-9.31290611e+01,-6.17138318e+01
240.979999,-9.31289332e+01,-6.17137039e+01
240.984999,-9.31288053e+01,-6.17135760e+01
240.989999,-9.31286775e+01,-6.17134482e+01
240.994999,-9.31285498e+01,-6.17133205e+01
240.999999,-9.31284224e+01,-6.17131931e+01
241.004999,-9.31282956e+01,-6.17130663e+01
241.009999,-9.31281697e+01,-6.17129405e+01
241.014999,-9.31280451e+01,-6.17128159e+01
241.019999,-9.31279222e+01,-6.17126929e+01
241.024999,-9.31278012e+01,-6.17125719e+01
241.029999,-9.31276824e+01,-6.17124531e+01
241.034999,-9.31275661e+01,-6.17123368e+01
241.039999,-9.31274523e+01,-6.17122230e+01
241.044999,-9.31273412e+01,-6.17121119e+01
241.049999,-9.31272327e+01,-6.17120034e+01
241.054999,-9.31271267e+01,-6.17118975e+01
241.059999,-9.31270232e+01,-6.17117940e+01
241.064999,-9.31269220e+01,-6.17116928e+01
241.069999,-9.31268229e+01,-6.17115937e+01
241.074999,-9.31267257e+01,-6.17114964e+01
241.079999,-9.31266302e+01,-6.17114009e+01
241.084999,-9.31265361e+01,-6.17113069e+01
241.089999,-9.31264430e+01,-6.17112138e+01
241.094999,-9.31263504e+01,-6.17111212e+01
241.099999,-9.31262579e+01,-6.17110286e+01
241.104999,-9.31261650e+01,-6.17109357e+01
241.109999,-9.31260713e+01,-6.17108421e+01
241.114999,-9.31259767e+01,-6.17107474e+01
241.119999,-9.31258805e+01,-6.17106513e+01
241.124999,-9.31257827e+01,-6.17105534e+01
241.129999,-9.31256827e+01,-6.17104535e+01
241.134999,-9.31255805e+01,-6.17103513e+01
241.139999,-9.31254760e+01,-6.17102467e+01
241.144999,-9.31253692e+01,-6.17101399e+01
241.149999,-9.31252603e+01,-6.17100310e+01
241.154999,-9.31251496e+01,-6.17099203e+01
241.159999,-9.31250375e+01,-6.17098082e+01
241.164999,-9.31249245e+01,-6.17096953e+01
241.169999,-9.31248112e+01,-6.17095820e+01
241.174999,-9.31246980e+01,-6.17094688e+01
241.179999,-9.31245853e+01,-6.17093560e+01
241.184999,-9.31244733e+01,-6.17092441e+01
241.189999,-9.31243623e+01,-6.17091330e+01
241.194999,-9.31242524e+01,-6.17090232e+01
241.199999,-9.31241438e+01,-6.17089146e+01
241.204999,-9.31240364e+01,-6.17088071e+01
241.209999,-9.31239300e+01,-6.17087007e+01
241.214999,-9.31238244e+01,-6.17085951e+01
241.219999,-9.31237192e+01,-6.17084900e+01
241.224999,-9.31236143e+01,-6.17083850e+01
241.229999,-9.31235089e+01,-6.17082797e+01
241.234999,-9.31234024e+01,-6.17081732e+01
241.239999,-9.31232941e+01,-6.17080649e+01
241.244999,-9.31231834e+01,-6.17079542e+01
241.249999,-9.31230699e+01,-6.17078407e+01
241.254999,-9.31229535e+01,-6.17077243e+01
241.259999,-9.31228345e+01,-6.17076053e+01
241.264999,-9.31227131e+01,-6.17074839e+01
241.269999,-9.31225899e+01,-6.17073606e+01
241.274999,-9.31224652e+01,-6.17072360e+01
241.279999,-9.31223397e+01,-6.17071105e+01
241.284999,-9.31222140e+01,-6.17069847e+01
241.289999,-9.31220883e+01,-6.17068591e+01
241.294999,-9.31219632e+01,-6.17067339e+01
241.299999,-9.31218389e+01,-6.17066097e+01
241.304999,-9.31217156e+01,-6.17064864e+01
241.309999,-9.31215935e+01,-6.17063643e+01
241.314999,-9.31214727e+01,-6.17062434e+01
241.319999,-9.31213532e+01,-6.17061240e+01
241.324999,-9.31212352e+01,-6.17060060e+01
241.329999,-9.31211187e+01,-6.17058895e+01
241.334999,-9.31210035e+01,-6.17057743e+01
241.339999,-9.31208895e+01,-6.17056603e+01
241.344999,-9.31207767e+01,-6.17055475e+01
241.349999,-9.31206651e+01,-6.17054359e+01
241.354999,-9.31205545e+01,-6.17053253e+01
241.359999,-9.31204449e+01,-6.17052157e+01
241.364999,-9.31203364e+01,-6.17051072e+01
241.369999,-9.31202286e+01,-6.17049994e+01
241.374999,-9.31201213e+01,-6.17048921e+01
241.379999,-9.31200141e+01,-6.17047849e+01
241.384999,-9.31199067e+01,-6.17046775e+01
241.389999,-9.31197986e+01,-6.17045694e+01
241.394999,-9.31196894e+01,-6.17044602e+01
241.399999,-9.31195789e+01,-6.17043497e+01
241.404999,-9.31194668e+01,-6.17042377e+01
241.409999,-9.31193532e+01,-6.17041240e+01
241.414999,-9.31192377e+01,-6.17040085e+01
241.419999,-9.31191202e+01,-6.17038910e+01
241.424999,-9.31190007e+01,-6.17037715e+01
241.429999,-9.31188787e+01,-6.17036495e+01
241.434999,-9.31187541e+01,-6.17035249e+01
241.439999,-9.31186265e+01,-6.17033973e+01
241.444999,-9.31184957e+01,-6.17032665e+01
241.449999,-9.31183616e+01,-6.17031324e+01
241.454999,-9.31182241e+01,-6.17029950e+01
241.459999,-9.31180837e+01,-6.17028545e+01
241.464999,-9.31179408e+01,-6.17027116e+01
241.469999,-9.31177961e+01,-6.17025670e+01
241.474999,-9.31176505e+01,-6.17024213e+01
241.479999,-9.31175046e+01,-6.17022754e+01
241.484999,-9.31173591e+01,-6.17021299e+01
241.489999,-9.31172148e+01,-6.17019856e+01
241.494999,-9.31170721e+01,-6.17018429e+01
241.499999,-9.31169315e+01,-6.17017024e+01
241.504999,-9.31167934e+01,-6.17015642e+01
241.509999,-9.31166578e+01,-6.17014286e+01
241.514999,-9.31165245e+01,-6.17012954e+01
241.519999,-9.31163936e+01,-6.17011644e+01
241.524999,-9.31162648e+01,-6.17010356e+01
241.529999,-9.31161379e+01,-6.17009088e+01
241.534999,-9.31160129e+01,-6.17007837e+01
241.539999,-9.31158894e+01,-6.17006603e+01
241.544999,-9.31157676e+01,-6.17005385e+01
241.549999,-9.31156475e+01,-6.17004183e+01
241.554999,-9.31155290e+01,-6.17002998e+01
241.559999,-9.31154122e+01,-6.17001831e+01
241.564999,-9.31152972e+01,-6.17000680e+01
241.569999,-9.31151837e+01,-6.16999546e+01
241.574999,-9.31150719e+01,-6.16998427e+01
241.579999,-9.31149615e+01,-6.16997324e+01
241.584999,-9.31148526e+01,-6.16996234e+01
241.589999,-9.31147449e+01,-6.16995158e+01
241.594999,-9.31146385e+01,-6.16994093e+01
241.599999,-9.31145330e+01,-6.16993039e+01
241.604999,-9.31144286e+01,-6.16991995e+01
241.609999,-9.31143253e+01,-6.16990962e+01
241.614999,-9.31142233e+01,-6.16989941e+01
241.619999,-9.31141229e+01,-6.16988938e+01
241.624999,-9.31140245e+01,-6.16987954e+01
241.629999,-9.31139286e+01,-6.16986994e+01
241.634999,-9.31138353e+01,-6.16986061e+01
241.639999,-9.31137450e+01,-6.16985158e+01
241.644999,-9.31136578e+01,-6.16984286e+01
241.649999,-9.31135738e+01,-6.16983447e+01
241.654999,-9.31134928e+01,-6.16982637e+01
241.659999,-9.31134145e+01,-6.16981854e+01
241.664999,-9.31133385e+01,-6.16981094e+01
241.669999,-9.31132646e+01,-6.16980354e+01
241.674999,-9.31131924e+01,-6.16979632e+01
241.679999,-9.31131217e+01,-6.16978925e+01
241.684999,-9.31130522e+01,-6.16978231e+01
241.689999,-9.31129837e+01,-6.16977546e+01
241.694999,-9.31129159e+01,-6.16976868e+01
241.699999,-9.31128487e+01,-6.16976196e+01
241.704999,-9.31127819e+01,-6.16975528e+01
241.709999,-9.31127153e+01,-6.16974862e+01
241.714999,-9.31126486e+01,-6.16974195e+01
241.719999,-9.31125816e+01,-6.16973525e+01
241.724999,-9.31125139e+01,-6.16972847e+01
241.729999,-9.31124450e+01,-6.16972159e+01
241.734999,-9.31123747e+01,-6.16971455e+01
241.739999,-9.31123026e+01,-6.16970735e+01
241.744999,-9.31122286e+01,-6.16969995e+01
241.749999,-9.31121525e+01,-6.16969234e+01
241.754999,-9.31120743e+01,-6.16968452e+01
241.759999,-9.31119942e+01,-6.16967651e+01
241.764999,-9.31119122e+01,-6.16966831e+01
241.769999,-9.31118290e+01,-6.16965998e+01
241.774999,-9.31117448e+01,-6.16965156e+01
241.779999,-9.31116601e+01,-6.16964309e+01
241.784999,-9.31115753e+01,-6.16963462e+01
241.789999,-9.31114908e+01,-6.16962616e+01
241.794999,-9.31114068e+01,-6.16961776e+01
241.799999,-9.31113235e+01,-6.16960944e+01
241.804999,-9.31112411e+01,-6.16960119e+01
241.809999,-9.31111594e+01,-6.16959303e+01
241.814999,-9.31110784e+01,-6.16958493e+01
241.819999,-9.31109980e+01,-6.16957689e+01
241.824999,-9.31109182e+01,-6.16956890e+01
241.829999,-9.31108388e+01,-6.16956097e+01
241.834999,-9.31107600e+01,-6.16955309e+01
241.839999,-9.31106815e+01,-6.16954524e+01
241.844999,-9.31106035e+01,-6.16953744e+01
241.849999,-9.31105260e+01,-6.16952969e+01
241.854999,-9.31104488e+01,-6.16952196e+01
241.859999,-9.31103718e+01,-6.16951427e+01
241.864999,-9.31102950e+01,-6.16950659e+01
241.869999,-9.31102181e+01,-6.16949890e+01
241.874999,-9.31101411e+01,-6.16949119e+01
241.879999,-9.31100635e+01,-6.16948344e+01
241.884999,-9.31099854e+01,-6.16947563e+01
241.889999,-9.31099066e+01,-6.16946775e+01
241.894999,-9.31098271e+01,-6.16945980e+01
241.899999,-9.31097471e+01,-6.16945180e+01
241.904999,-9.31096668e+01,-6.16944377e+01
241.909999,-9.31095866e+01,-6.16943575e+01
241.914999,-9.31095067e+01,-6.16942776e+01
241.919999,-9.31094277e+01,-6.16941986e+01
241.924999,-9.31093496e+01,-6.16941205e+01
241.929999,-9.31092726e+01,-6.16940435e+01
241.934999,-9.31091967e+01,-6.16939676e+01
241.939999,-9.31091217e+01,-6.16938926e+01
241.944999,-9.31090474e+01,-6.16938183e+01
241.949999,-9.31089737e+01,-6.16937446e+01
241.954999,-9.31089006e+01,-6.16936715e+01
241.959999,-9.31088279e+01,-6.16935987e+01
241.964999,-9.31087555e+01,-6.16935264e+01
241.969999,-9.31086836e+01,-6.16934545e+01
241.974999,-9.31086122e+01,-6.16933831e+01
241.979999,-9.31085413e+01,-6.16933122e+01
241.984999,-9.31084709e+01,-6.16932418e+01
241.989999,-9.31084010e+01,-6.16931719e+01
241.994999,-9.31083314e+01,-6.16931023e+01
241.999999,-9.31082622e+01,-6.16930331e+01
242.004999,-9.31081933e+01,-6.16929642e+01
242.009999,-9.31081246e+01,-6.16928955e+01
242.014999,-9.31080559e+01,-6.16928268e+01
242.019999,-9.31079873e+01,-6.16927582e+01
242.024999,-9.31079186e+01,-6.16926895e+01
242.029999,-9.31078498e+01,-6.16926206e+01
242.034999,-9.31077807e+01,-6.16925516e+01
242.039999,-9.31077116e+01,-6.16924825e+01
242.044999,-9.31076426e+01,-6.16924135e+01
242.049999,-9.31075739e+01,-6.16923448e+01
242.054999,-9.31075058e+01,-6.16922767e+01
242.059999,-9.31074381e+01,-6.16922090e+01
242.064999,-9.31073710e+01,-6.16921419e+01
242.069999,-9.31073045e+01,-6.16920754e+01
242.074999,-9.31072384e+01,-6.16920093e+01
242.079999,-9.31071727e+01,-6.16919436e+01
242.084999,-9.31071070e+01,-6.16918779e+01
242.089999,-9.31070411e+01,-6.16918120e+01
242.094999,-9.31069748e+01,-6.16917457e+01
242.099999,-9.31069080e+01,-6.16916789e+01
242.104999,-9.31068406e+01,-6.16916115e+01
242.109999,-9.31067725e+01,-6.16915434e+01
242.114999,-9.31067038e+01,-6.16914747e+01
242.119999,-9.31066346e+01,-6.16914055e+01
242.124999,-9.31065650e+01,-6.16913360e+01
242.129999,-9.31064953e+01,-6.16912662e+01
242.134999,-9.31064255e+01,-6.16911964e+01
242.139999,-9.31063555e+01,-6.16911265e+01
242.144999,-9.31062853e+01,-6.16910562e+01
242.149999,-9.31062147e+01,-6.16909856e+01
242.154999,-9.31061433e+01,-6.16909142e+01
242.159999,-9.31060708e+01,-6.16908418e+01
242.164999,-9.31059970e+01,-6.16907679e+01
242.169999,-9.31059214e+01,-6.16906923e+01
242.174999,-9.31058440e+01,-6.16906149e+01
242.179999,-9.31057647e+01,-6.16905356e+01
242.184999,-9.31056835e+01,-6.16904544e+01
242.189999,-9.31056009e+01,-6.16903718e+01
242.194999,-9.31055172e+01,-6.16902881e+01
242.199999,-9.31054327e+01,-6.16902037e+01
242.204999,-9.31053478e+01,-6.16901187e+01
242.209999,-9.31052627e+01,-6.16900337e+01
242.214999,-9.31051778e+01,-6.16899487e+01
242.219999,-9.31050931e+01,-6.16898641e+01
242.224999,-9.31050090e+01,-6.16897800e+01
242.229999,-9.31049255e+01,-6.16896964e+01
242.234999,-9.31048426e+01,-6.16896135e+01
242.239999,-9.31047604e+01,-6.16895314e+01
242.244999,-9.31046793e+01,-6.16894503e+01
242.249999,-9.31045995e+01,-6.16893704e+01
242.254999,-9.31045211e+01,-6.16892920e+01
242.259999,-9.31044442e+01,-6.16892152e+01
242.264999,-9.31043691e+01,-6.16891400e+01
242.269999,-9.31042956e+01,-6.16890665e+01
242.274999,-9.31042236e+01,-6.16889946e+01
242.279999,-9.31041531e+01,-6.16889241e+01
242.284999,-9.31040839e+01,-6.16888548e+01
242.289999,-9.31040154e+01,-6.16887863e+01
242.294999,-9.31039473e+01,-6.16887183e+01
242.299999,-9.31038793e+01,-6.16886502e+01
242.304999,-9.31038108e+01,-6.16885817e+01
242.309999,-9.31037416e+01,-6.16885125e+01
242.314999,-9.31036713e+01,-6.16884423e+01
242.319999,-9.31035999e+01,-6.16883709e+01
242.324999,-9.31035273e+01,-6.16882982e+01
242.329999,-9.31034535e+01,-6.16882245e+01
242.334999,-9.31033787e+01,-6.16881497e+01
242.339999,-9.31033031e+01,-6.16880741e+01
242.344999,-9.31032269e+01,-6.16879979e+01
242.349999,-9.31031504e+01,-6.16879213e+01
242.354999,-9.31030737e+01,-6.16878446e+01
242.359999,-9.31029971e+01,-6.16877681e+01
242.364999,-9.31029210e+01,-6.16876920e+01
242.369999,-9.31028457e+01,-6.16876167e+01
242.374999,-9.31027715e+01,-6.16875425e+01
242.379999,-9.31026987e+01,-6.16874697e+01
242.384999,-9.31026276e+01,-6.16873986e+01
242.389999,-9.31025584e+01,-6.16873294e+01
242.394999,-9.31024913e+01,-6.16872623e+01
242.399999,-9.31024265e+01,-6.16871974e+01
242.404999,-9.31023639e+01,-6.16871348e+01
242.409999,-9.31023036e+01,-6.16870745e+01
242.414999,-9.31022455e+01,-6.16870165e+01
242.419999,-9.31021895e+01,-6.16869605e+01
242.424999,-9.31021354e+01,-6.16869063e+01
242.429999,-9.31020829e+01,-6.16868538e+01
242.434999,-9.31020316e+01,-6.16868026e+01
242.439999,-9.31019813e+01,-6.16867523e+01
242.444999,-9.31019316e+01,-6.16867025e+01
242.449999,-9.31018820e+01,-6.16866529e+01
242.454999,-9.31018322e+01,-6.16866031e+01
242.459999,-9.31017820e+01,-6.16865529e+01
242.464999,-9.31017312e+01,-6.16865021e+01
242.469999,-9.31016796e+01,-6.16864505e+01
242.474999,-9.31016272e+01,-6.16863982e+01
242.479999,-9.31015742e+01,-6.16863452e+01
242.484999,-9.31015206e+01,-6.16862915e+01
242.489999,-9.31014665e+01,-6.16862375e+01
242.494999,-9.31014124e+01,-6.16861833e+01
242.499999,-9.31013583e+01,-6.16861293e+01
242.504999,-9.31013045e+01,-6.16860755e+01
242.509999,-9.31012513e+01,-6.16860223e+01
242.514999,-9.31011988e+01,-6.16859698e+01
242.519999,-9.31011473e+01,-6.16859182e+01
242.524999,-9.31010969e+01,-6.16858679e+01
242.529999,-9.31010481e+01,-6.16858191e+01
242.534999,-9.31010011e+01,-6.16857720e+01
242.539999,-9.31009562e+01,-6.16857271e+01
242.544999,-9.31009136e+01,-6.16856845e+01
242.549999,-9.31008736e+01,-6.16856446e+01
242.554999,-9.31008363e+01,-6.16856073e+01
242.559999,-9.31008018e+01,-6.16855727e+01
242.564999,-9.31007698e+01,-6.16855408e+01
242.569999,-9.31007404e+01,-6.16855113e+01
242.574999,-9.31007131e+01,-6.16854841e+01
242.579999,-9.31006877e+01,-6.16854587e+01
242.584999,-9.31006638e+01,-6.16854347e+01
242.589999,-9.31006408e+01,-6.16854118e+01
242.594999,-9.31006183e+01,-6.16853893e+01
242.599999,-9.31005959e+01,-6.16853669e+01
242.604999,-9.31005733e+01,-6.16853443e+01
242.609999,-9.31005502e+01,-6.16853212e+01
242.614999,-9.31005265e+01,-6.16852975e+01
242.619999,-9.31005020e+01,-6.16852730e+01
242.624999,-9.31004767e+01,-6.16852477e+01
242.629999,-9.31004506e+01,-6.16852216e+01
242.634999,-9.31004238e+01,-6.16851948e+01
242.639999,-9.31003964e+01,-6.16851674e+01
242.644999,-9.31003685e+01,-6.16851395e+01
242.649999,-9.31003403e+01,-6.16851113e+01
242.654999,-9.31003118e+01,-6.16850828e+01
242.659999,-9.31002833e+01,-6.16850542e+01
242.664999,-9.31002547e+01,-6.16850257e+01
242.669999,-9.31002264e+01,-6.16849974e+01
242.674999,-9.31001988e+01,-6.16849697e+01
242.679999,-9.31001720e+01,-6.16849429e+01
242.684999,-9.31001464e+01,-6.16849174e+01
242.689999,-9.31001224e+01,-6.16848934e+01
242.694999,-9.31001004e+01,-6.16848714e+01
242.699999,-9.31000805e+01,-6.16848515e+01
242.704999,-9.31000631e+01,-6.16848340e+01
242.709999,-9.31000480e+01,-6.16848190e+01
242.714999,-9.31000353e+01,-6.16848063e+01
242.719999,-9.31000247e+01,-6.16847957e+01
242.724999,-9.31000158e+01,-6.16847868e+01
242.729999,-9.31000081e+01,-6.16847791e+01
242.734999,-9.31000012e+01,-6.16847722e+01
242.739999,-9.30999943e+01,-6.16847653e+01
242.744999,-9.30999870e+01,-6.16847580e+01
242.749999,-9.30999788e+01,-6.16847498e+01
242.754999,-9.30999692e+01,-6.16847402e+01
242.759999,-9.30999581e+01,-6.16847291e+01
242.764999,-9.30999454e+01,-6.16847164e+01
242.769999,-9.30999309e+01,-6.16847018e+01
242.774999,-9.30999146e+01,-6.16846856e+01
242.779999,-9.30998967e+01,-6.16846677e+01
242.784999,-9.30998772e+01,-6.16846482e+01
242.789999,-9.30998564e+01,-6.16846274e+01
242.794999,-9.30998344e+01,-6.16846053e+01
242.799999,-9.30998112e+01,-6.16845822e+01
242.804999,-9.30997871e+01,-6.16845581e+01
242.809999,-9.30997622e+01,-6.16845332e+01
242.814999,-9.30997368e+01,-6.16845078e+01
242.819999,-9.30997112e+01,-6.16844822e+01
242.824999,-9.30996857e+01,-6.16844567e+01
242.829999,-9.30996608e+01,-6.16844318e+01
242.834999,-9.30996367e+01,-6.16844077e+01
242.839999,-9.30996138e+01,-6.16843848e+01
242.844999,-9.30995923e+01,-6.16843633e+01
242.849999,-9.30995723e+01,-6.16843433e+01
242.854999,-9.30995539e+01,-6.16843249e+01
242.859999,-9.30995368e+01,-6.16843077e+01
242.864999,-9.30995208e+01,-6.16842918e+01
242.869999,-9.30995058e+01,-6.16842768e+01
242.874999,-9.30994917e+01,-6.16842626e+01
242.879999,-9.30994781e+01,-6.16842491e+01
242.884999,-9.30994649e+01,-6.16842359e+01
242.889999,-9.30994520e+01,-6.16842230e+01
242.894999,-9.30994394e+01,-6.16842103e+01
242.899999,-9.30994268e+01,-6.16841978e+01
242.904999,-9.30994145e+01,-6.16841854e+01
242.909999,-9.30994021e+01,-6.16841731e+01
242.914999,-9.30993897e+01,-6.16841607e+01
242.919999,-9.30993772e+01,-6.16841482e+01
242.924999,-9.30993646e+01,-6.16841356e+01
242.929999,-9.30993520e+01,-6.16841229e+01
242.934999,-9.30993391e+01,-6.16841101e+01
242.939999,-9.30993258e+01,-6.16840968e+01
242.944999,-9.30993120e+01,-6.16840830e+01
242.949999,-9.30992974e+01,-6.16840684e+01
242.954999,-9.30992819e+01,-6.16840529e+01
242.959999,-9.30992652e+01,-6.16840362e+01
242.964999,-9.30992473e+01,-6.16840183e+01
242.969999,-9.30992281e+01,-6.16839991e+01
242.974999,-9.30992078e+01,-6.16839788e+01
242.979999,-9.30991863e+01,-6.16839573e+01
242.984999,-9.30991638e+01,-6.16839348e+01
242.989999,-9.30991405e+01,-6.16839115e+01
242.994999,-9.30991164e+01,-6.16838874e+01
242.999999,-9.30990917e+01,-6.16838627e+01
243.004999,-9.30990664e+01,-6.16838374e+01
243.009999,-9.30990406e+01,-6.16838116e+01
243.014999,-9.30990145e+01,-6.16837855e+01
243.019999,-9.30989881e+01,-6.16837591e+01
243.024999,-9.30989615e+01,-6.16837325e+01
243.029999,-9.30989347e+01,-6.16837057e+01
243.034999,-9.30989079e+01,-6.16836789e+01
243.039999,-9.30988810e+01,-6.16836520e+01
243.044999,-9.30988544e+01,-6.16836254e+01
243.049999,-9.30988281e+01,-6.16835991e+01
243.054999,-9.30988024e+01,-6.16835733e+01
243.059999,-9.30987771e+01,-6.16835481e+01
243.064999,-9.30987524e+01,-6.16835234e+01
243.069999,-9.30987285e+01,-6.16834995e+01
243.074999,-9.30987053e+01,-6.16834763e+01
243.079999,-9.30986830e+01,-6.16834540e+01
243.084999,-9.30986615e+01,-6.16834325e+01
243.089999,-9.30986407e+01,-6.16834117e+01
243.094999,-9.30986205e+01,-6.16833915e+01
243.099999,-9.30986009e+01,-6.16833719e+01
243.104999,-9.30985817e+01,-6.16833527e+01
243.109999,-9.30985630e+01,-6.16833339e+01
243.114999,-9.30985446e+01,-6.16833156e+01
243.119999,-9.30985267e+01,-6.16832977e+01
243.124999,-9.30985092e+01,-6.16832802e+01
243.129999,-9.30984919e+01,-6.16832629e+01
243.134999,-9.30984749e+01,-6.16832459e+01
243.139999,-9.30984581e+01,-6.16832291e+01
243.144999,-9.30984414e+01,-6.16832123e+01
243.149999,-9.30984247e+01,-6.16831957e+01
243.154999,-9.30984082e+01,-6.16831792e+01
243.159999,-9.30983919e+01,-6.16831629e+01
243.164999,-9.30983756e+01,-6.16831466e+01
243.169999,-9.30983595e+01,-6.16831305e+01
243.174999,-9.30983433e+01,-6.16831143e+01
243.179999,-9.30983273e+01,-6.16830983e+01
243.184999,-9.30983115e+01,-6.16830824e+01
243.189999,-9.30982959e+01,-6.16830669e+01
243.194999,-9.30982807e+01,-6.16830517e+01
243.199999,-9.30982661e+01,-6.16830371e+01
243.204999,-9.30982523e+01,-6.16830232e+01
243.209999,-9.30982393e+01,-6.16830103e+01
243.214999,-9.30982275e+01,-6.16829985e+01
243.219999,-9.30982170e+01,-6.16829880e+01
243.224999,-9.30982080e+01,-6.16829790e+01
243.229999,-9.30982006e+01,-6.16829716e+01
243.234999,-9.30981947e+01,-6.16829657e+01
243.239999,-9.30981905e+01,-6.16829615e+01
243.244999,-9.30981877e+01,-6.16829587e+01
243.249999,-9.30981864e+01,-6.16829574e+01
243.254999,-9.30981865e+01,-6.16829575e+01
243.259999,-9.30981878e+01,-6.16829588e+01
243.264999,-9.30981900e+01,-6.16829610e+01
243.269999,-9.30981930e+01,-6.16829640e+01
243.274999,-9.30981965e+01,-6.16829675e+01
243.279999,-9.30982002e+01,-6.16829712e+01
243.284999,-9.30982041e+01,-6.16829751e+01
243.289999,-9.30982080e+01,-6.16829790e+01
243.294999,-9.30982118e+01,-6.16829828e+01
243.299999,-9.30982153e+01,-6.16829863e+01
243.304999,-9.30982185e+01,-6.16829895e+01
243.309999,-9.30982213e+01,-6.16829923e+01
243.314999,-9.30982234e+01,-6.16829944e+01
243.319999,-9.30982248e+01,-6.16829958e+01
243.324999,-9.30982253e+01,-6.16829963e+01
243.329999,-9.30982248e+01,-6.16829958e+01
243.334999,-9.30982233e+01,-6.16829943e+01
243.339999,-9.30982207e+01,-6.16829917e+01
243.344999,-9.30982171e+01,-6.16829881e+01
243.349999,-9.30982127e+01,-6.16829837e+01
243.354999,-9.30982078e+01,-6.16829788e+01
243.359999,-9.30982024e+01,-6.16829734e+01
243.364999,-9.30981966e+01,-6.16829676e+01
243.369999,-9.30981907e+01,-6.16829617e+01
243.374999,-9.30981848e+01,-6.16829558e+01
243.379999,-9.30981792e+01,-6.16829502e+01
243.384999,-9.30981739e+01,-6.16829449e+01
243.389999,-9.30981690e+01,-6.16829400e+01
243.394999,-9.30981646e+01,-6.16829356e+01
243.399999,-9.30981606e+01,-6.16829315e+01
243.404999,-9.30981569e+01,-6.16829279e+01
243.409999,-9.30981537e+01,-6.16829247e+01
243.414999,-9.30981508e+01,-6.16829218e+01
243.419999,-9.30981484e+01,-6.16829194e+01
243.424999,-9.30981465e+01,-6.16829175e+01
243.429999,-9.30981452e+01,-6.16829162e+01
243.434999,-9.30981447e+01,-6.16829157e+01
243.439999,-9.30981451e+01,-6.16829161e+01
243.444999,-9.30981466e+01,-6.16829176e+01
243.449999,-9.30981491e+01,-6.16829201e+01
243.454999,-9.30981528e+01,-6.16829238e+01
243.459999,-9.30981576e+01,-6.16829286e+01
243.464999,-9.30981633e+01,-6.16829343e+01
243.469999,-9.30981699e+01,-6.16829409e+01
243.474999,-9.30981774e+01,-6.16829483e+01
243.479999,-9.30981856e+01,-6.16829566e+01
243.484999,-9.30981946e+01,-6.16829656e+01
243.489999,-9.30982044e+01,-6.16829754e+01
243.494999,-9.30982152e+01,-6.16829861e+01
243.499999,-9.30982268e+01,-6.16829978e+01
243.504999,-9.30982394e+01,-6.16830104e+01
243.509999,-9.30982528e+01,-6.16830238e+01
243.514999,-9.30982672e+01,-6.16830382e+01
243.519999,-9.30982824e+01,-6.16830534e+01
243.524999,-9.30982983e+01,-6.16830693e+01
243.529999,-9.30983149e+01,-6.16830859e+01
243.534999,-9.30983318e+01,-6.16831028e+01
243.539999,-9.30983490e+01,-6.16831200e+01
243.544999,-9.30983659e+01,-6.16831369e+01
243.549999,-9.30983826e+01,-6.16831536e+01
243.554999,-9.30983988e+01,-6.16831698e+01
243.559999,-9.30984144e+01,-6.16831854e+01
243.564999,-9.30984294e+01,-6.16832004e+01
243.569999,-9.30984437e+01,-6.16832147e+01
243.574999,-9.30984575e+01,-6.16832285e+01
243.579999,-9.30984710e+01,-6.16832420e+01
243.584999,-9.30984842e+01,-6.16832552e+01
243.589999,-9.30984973e+01,-6.16832683e+01
243.594999,-9.30985105e+01,-6.16832815e+01
243.599999,-9.30985238e+01,-6.16832948e+01
243.604999,-9.30985373e+01,-6.16833083e+01
243.609999,-9.30985508e+01,-6.16833218e+01
243.614999,-9.30985643e+01,-6.16833353e+01
243.619999,-9.30985777e+01,-6.16833487e+01
243.624999,-9.30985908e+01,-6.16833618e+01
243.629999,-9.30986037e+01,-6.16833747e+01
243.634999,-9.30986166e+01,-6.16833875e+01
243.639999,-9.30986293e+01,-6.16834004e+01
243.644999,-9.30986423e+01,-6.16834133e+01
243.649999,-9.30986552e+01,-6.16834262e+01
243.654999,-9.30986681e+01,-6.16834391e+01
243.659999,-9.30986808e+01,-6.16834518e+01
243.664999,-9.30986933e+01,-6.16834643e+01
243.669999,-9.30987054e+01,-6.16834764e+01
243.674999,-9.30987170e+01,-6.16834880e+01
243.679999,-9.30987281e+01,-6.16834991e+01
243.684999,-9.30987388e+01,-6.16835098e+01
243.689999,-9.30987490e+01,-6.16835200e+01
243.694999,-9.30987587e+01,-6.16835297e+01
243.699999,-9.30987680e+01,-6.16835390e+01
243.704999,-9.30987771e+01,-6.16835481e+01
243.709999,-9.30987859e+01,-6.16835569e+01
243.714999,-9.30987945e+01,-6.16835655e+01
243.719999,-9.30988032e+01,-6.16835741e+01
243.724999,-9.30988120e+01,-6.16835829e+01
243.729999,-9.30988212e+01,-6.16835922e+01
243.734999,-9.30988313e+01,-6.16836023e+01
243.739999,-9.30988426e+01,-6.16836135e+01
243.744999,-9.30988552e+01,-6.16836262e+01
243.749999,-9.30988695e+01,-6.16836405e+01
243.754999,-9.30988858e+01,-6.16836568e+01
243.759999,-9.30989041e+01,-6.16836750e+01
243.764999,-9.30989245e+01,-6.16836954e+01
243.769999,-9.30989470e+01,-6.16837180e+01
243.774999,-9.30989717e+01,-6.16837427e+01
243.779999,-9.30989988e+01,-6.16837698e+01
243.784999,-9.30990283e+01,-6.16837993e+01
243.789999,-9.30990602e+01,-6.16838312e+01
243.794999,-9.30990945e+01,-6.16838655e+01
243.799999,-9.30991310e+01,-6.16839020e+01
243.804999,-9.30991698e+01,-6.16839408e+01
243.809999,-9.30992106e+01,-6.16839815e+01
243.814999,-9.30992531e+01,-6.16840241e+01
243.819999,-9.30992970e+01,-6.16840680e+01
243.824999,-9.30993419e+01,-6.16841129e+01
243.829999,-9.30993874e+01,-6.16841584e+01
243.834999,-9.30994331e+01,-6.16842041e+01
243.839999,-9.30994786e+01,-6.16842496e+01
243.844999,-9.30995236e+01,-6.16842945e+01
243.849999,-9.30995675e+01,-6.16843385e+01
243.854999,-9.30996103e+01,-6.16843813e+01
243.859999,-9.30996515e+01,-6.16844225e+01
243.864999,-9.30996908e+01,-6.16844618e+01
243.869999,-9.30997280e+01,-6.16844990e+01
243.874999,-9.30997628e+01,-6.16845338e+01
243.879999,-9.30997952e+01,-6.16845662e+01
243.884999,-9.30998250e+01,-6.16845960e+01
243.889999,-9.30998523e+01,-6.16846233e+01
243.894999,-9.30998772e+01,-6.16846482e+01
243.899999,-9.30998997e+01,-6.16846707e+01
243.904999,-9.30999201e+01,-6.16846911e+01
243.909999,-9.30999385e+01,-6.16847094e+01
243.914999,-9.30999550e+01,-6.16847260e+01
243.919999,-9.30999701e+01,-6.16847411e+01
243.924999,-9.30999840e+01,-6.16847550e+01
243.929999,-9.30999974e+01,-6.16847683e+01
243.934999,-9.31000104e+01,-6.16847814e+01
243.939999,-9.31000236e+01,-6.16847946e+01
243.944999,-9.31000372e+01,-6.16848082e+01
243.949999,-9.31000513e+01,-6.16848223e+01
243.954999,-9.31000661e+01,-6.16848370e+01
243.959999,-9.31000813e+01,-6.16848522e+01
243.964999,-9.31000967e+01,-6.16848677e+01
243.969999,-9.31001120e+01,-6.16848830e+01
243.974999,-9.31001269e+01,-6.16848979e+01
243.979999,-9.31001411e+01,-6.16849120e+01
243.984999,-9.31001544e+01,-6.16849253e+01
243.989999,-9.31001667e+01,-6.16849376e+01
243.994999,-9.31001780e+01,-6.16849490e+01
243.999999,-9.31001883e+01,-6.16849593e+01
244.004999,-9.31001978e+01,-6.16849688e+01
244.009999,-9.31002066e+01,-6.16849776e+01
244.014999,-9.31002147e+01,-6.16849856e+01
244.019999,-9.31002222e+01,-6.16849932e+01
244.024999,-9.31002294e+01,-6.16850004e+01
244.029999,-9.31002363e+01,-6.16850073e+01
244.034999,-9.31002432e+01,-6.16850142e+01
244.039999,-9.31002502e+01,-6.16850212e+01
244.044999,-9.31002576e+01,-6.16850286e+01
244.049999,-9.31002656e+01,-6.16850366e+01
244.054999,-9.31002746e+01,-6.16850456e+01
244.059999,-9.31002849e+01,-6.16850559e+01
244.064999,-9.31002968e+01,-6.16850678e+01
244.069999,-9.31003107e+01,-6.16850817e+01
244.074999,-9.31003272e+01,-6.16850981e+01
244.079999,-9.31003465e+01,-6.16851175e+01
244.084999,-9.31003693e+01,-6.16851403e+01
244.089999,-9.31003958e+01,-6.16851668e+01
244.094999,-9.31004263e+01,-6.16851972e+01
244.099999,-9.31004605e+01,-6.16852314e+01
244.104999,-9.31004982e+01,-6.16852692e+01
244.109999,-9.31005390e+01,-6.16853100e+01
244.114999,-9.31005823e+01,-6.16853533e+01
244.119999,-9.31006274e+01,-6.16853984e+01
244.124999,-9.31006736e+01,-6.16854446e+01
244.129999,-9.31007202e+01,-6.16854912e+01
244.134999,-9.31007668e+01,-6.16855378e+01
244.139999,-9.31008128e+01,-6.16855838e+01
244.144999,-9.31008579e+01,-6.16856289e+01
244.149999,-9.31009018e+01,-6.16856727e+01
244.154999,-9.31009442e+01,-6.16857152e+01
244.159999,-9.31009852e+01,-6.16857562e+01
244.164999,-9.31010247e+01,-6.16857957e+01
244.169999,-9.31010626e+01,-6.16858335e+01
244.174999,-9.31010989e+01,-6.16858698e+01
244.179999,-9.31011336e+01,-6.16859046e+01
244.184999,-9.31011668e+01,-6.16859378e+01
244.189999,-9.31011984e+01,-6.16859694e+01
244.194999,-9.31012284e+01,-6.16859993e+01
244.199999,-9.31012567e+01,-6.16860277e+01
244.204999,-9.31012835e+01,-6.16860545e+01
244.209999,-9.31013091e+01,-6.16860801e+01
244.214999,-9.31013335e+01,-6.16861045e+01
244.219999,-9.31013571e+01,-6.16861281e+01
244.224999,-9.31013802e+01,-6.16861512e+01
244.229999,-9.31014032e+01,-6.16861742e+01
244.234999,-9.31014266e+01,-6.16861975e+01
244.239999,-9.31014505e+01,-6.16862215e+01
244.244999,-9.31014753e+01,-6.16862463e+01
244.249999,-9.31015011e+01,-6.16862720e+01
244.254999,-9.31015278e+01,-6.16862988e+01
244.259999,-9.31015554e+01,-6.16863263e+01
244.264999,-9.31015834e+01,-6.16863544e+01
244.269999,-9.31016118e+01,-6.16863827e+01
244.274999,-9.31016400e+01,-6.16864110e+01
244.279999,-9.31016679e+01,-6.16864389e+01
244.284999,-9.31016952e+01,-6.16864661e+01
244.289999,-9.31017215e+01,-6.16864925e+01
244.294999,-9.31017467e+01,-6.16865176e+01
244.299999,-9.31017705e+01,-6.16865415e+01
244.304999,-9.31017931e+01,-6.16865641e+01
244.309999,-9.31018144e+01,-6.16865853e+01
244.314999,-9.31018345e+01,-6.16866054e+01
244.319999,-9.31018535e+01,-6.16866245e+01
244.324999,-9.31018718e+01,-6.16866427e+01
244.329999,-9.31018893e+01,-6.16866603e+01
244.334999,-9.31019064e+01,-6.16866774e+01
244.339999,-9.31019232e+01,-6.16866941e+01
244.344999,-9.31019398e+01,-6.16867108e+01
244.349999,-9.31019566e+01,-6.16867276e+01
244.354999,-9.31019741e+01,-6.16867451e+01
244.359999,-9.31019927e+01,-6.16867636e+01
244.364999,-9.31020127e+01,-6.16867836e+01
244.369999,-9.31020344e+01,-6.16868054e+01
244.374999,-9.31020582e+01,-6.16868292e+01
244.379999,-9.31020842e+01,-6.16868551e+01
244.384999,-9.31021123e+01,-6.16868833e+01
244.389999,-9.31021427e+01,-6.16869137e+01
244.394999,-9.31021752e+01,-6.16869462e+01
244.399999,-9.31022096e+01,-6.16869806e+01
244.404999,-9.31022457e+01,-6.16870166e+01
244.409999,-9.31022831e+01,-6.16870540e+01
244.414999,-9.31023214e+01,-6.16870924e+01
244.419999,-9.31023603e+01,-6.16871312e+01
244.424999,-9.31023992e+01,-6.16871702e+01
244.429999,-9.31024380e+01,-6.16872089e+01
244.434999,-9.31024761e+01,-6.16872470e+01
244.439999,-9.31025132e+01,-6.16872842e+01
244.444999,-9.31025491e+01,-6.16873201e+01
244.449999,-9.31025837e+01,-6.16873546e+01
244.454999,-9.31026167e+01,-6.16873877e+01
244.459999,-9.31026483e+01,-6.16874193e+01
244.464999,-9.31026783e+01,-6.16874493e+01
244.469999,-9.31027069e+01,-6.16874779e+01
244.474999,-9.31027341e+01,-6.16875051e+01
244.479999,-9.31027602e+01,-6.16875312e+01
244.484999,-9.31027853e+01,-6.16875563e+01
244.489999,-9.31028098e+01,-6.16875808e+01
244.494999,-9.31028339e+01,-6.16876049e+01
244.499999,-9.31028579e+01,-6.16876289e+01
244.504999,-9.31028820e+01,-6.16876530e+01
244.509999,-9.31029062e+01,-6.16876772e+01
244.514999,-9.31029307e+01,-6.16877017e+01
244.519999,-9.31029554e+01,-6.16877263e+01
244.524999,-9.31029802e+01,-6.16877512e+01
244.529999,-9.31030052e+01,-6.16877761e+01
244.534999,-9.31030303e+01,-6.16878013e+01
244.539999,-9.31030557e+01,-6.16878267e+01
244.544999,-9.31030815e+01,-6.16878524e+01
244.549999,-9.31031078e+01,-6.16878787e+01
244.554999,-9.31031347e+01,-6.16879057e+01
244.559999,-9.31031623e+01,-6.16879332e+01
244.564999,-9.31031903e+01,-6.16879613e+01
244.569999,-9.31032187e+01,-6.16879896e+01
244.574999,-9.31032470e+01,-6.16880179e+01
244.579999,-9.31032750e+01,-6.16880460e+01
244.584999,-9.31033025e+01,-6.16880735e+01
244.589999,-9.31033292e+01,-6.16881002e+01
244.594999,-9.31033550e+01,-6.16881259e+01
244.599999,-9.31033796e+01,-6.16881506e+01
244.604999,-9.31034032e+01,-6.16881742e+01
244.609999,-9.31034258e+01,-6.16881967e+01
244.614999,-9.31034475e+01,-6.16882184e+01
244.619999,-9.31034686e+01,-6.16882395e+01
244.624999,-9.31034894e+01,-6.16882603e+01
244.629999,-9.31035102e+01,-6.16882812e+01
244.634999,-9.31035315e+01,-6.16883025e+01
244.639999,-9.31035537e+01,-6.16883246e+01
244.644999,-9.31035770e+01,-6.16883480e+01
244.649999,-9.31036017e+01,-6.16883727e+01
244.654999,-9.31036279e+01,-6.16883989e+01
244.659999,-9.31036558e+01,-6.16884268e+01
244.664999,-9.31036854e+01,-6.16884563e+01
244.669999,-9.31037167e+01,-6.16884877e+01
244.674999,-9.31037499e+01,-6.16885208e+01
244.679999,-9.31037848e+01,-6.16885558e+01
244.684999,-9.31038217e+01,-6.16885926e+01
244.689999,-9.31038603e+01,-6.16886313e+01
244.694999,-9.31039008e+01,-6.16886717e+01
244.699999,-9.31039430e+01,-6.16887139e+01
244.704999,-9.31039869e+01,-6.16887579e+01
244.709999,-9.31040324e+01,-6.16888033e+01
244.714999,-9.31040788e+01,-6.16888497e+01
244.719999,-9.31041258e+01,-6.16888967e+01
244.724999,-9.31041727e+01,-6.16889436e+01
244.729999,-9.31042191e+01,-6.16889900e+01
244.734999,-9.31042644e+01,-6.16890354e+01
244.739999,-9.31043085e+01,-6.16890794e+01
244.744999,-9.31043508e+01,-6.16891218e+01
244.749999,-9.31043913e+01,-6.16891623e+01
244.754999,-9.31044299e+01,-6.16892009e+01
244.759999,-9.31044668e+01,-6.16892377e+01
244.764999,-9.31045020e+01,-6.16892730e+01
244.769999,-9.31045361e+01,-6.16893070e+01
244.774999,-9.31045692e+01,-6.16893402e+01
244.779999,-9.31046019e+01,-6.16893729e+01
244.784999,-9.31046345e+01,-6.16894054e+01
244.789999,-9.31046671e+01,-6.16894381e+01
244.794999,-9.31047002e+01,-6.16894711e+01
244.799999,-9.31047339e+01,-6.16895048e+01
244.804999,-9.31047686e+01,-6.16895396e+01
244.809999,-9.31048047e+01,-6.16895756e+01
244.814999,-9.31048424e+01,-6.16896134e+01
244.819999,-9.31048823e+01,-6.16896533e+01
244.824999,-9.31049247e+01,-6.16896956e+01
244.829999,-9.31049699e+01,-6.16897409e+01
244.834999,-9.31050185e+01,-6.16897894e+01
244.839999,-9.31050708e+01,-6.16898417e+01
244.844999,-9.31051270e+01,-6.16898980e+01
244.849999,-9.31051875e+01,-6.16899584e+01
244.854999,-9.31052521e+01,-6.16900231e+01
244.859999,-9.31053208e+01,-6.16900918e+01
244.864999,-9.31053932e+01,-6.16901642e+01
244.869999,-9.31054690e+01,-6.16902399e+01
244.874999,-9.31055475e+01,-6.16903185e+01
244.879999,-9.31056285e+01,-6.16903995e+01
244.884999,-9.31057115e+01,-6.16904824e+01
244.889999,-9.31057960e+01,-6.16905669e+01
244.894999,-9.31058816e+01,-6.16906526e+01
244.899999,-9.31059683e+01,-6.16907393e+01
244.904999,-9.31060559e+01,-6.16908268e+01
244.909999,-9.31061442e+01,-6.16909152e+01
244.914999,-9.31062333e+01,-6.16910043e+01
244.919999,-9.31063232e+01,-6.16910941e+01
244.924999,-9.31064140e+01,-6.16911849e+01
244.929999,-9.31065058e+01,-6.16912767e+01
244.934999,-9.31065987e+01,-6.16913696e+01
244.939999,-9.31066928e+01,-6.16914638e+01
244.944999,-9.31067883e+01,-6.16915593e+01
244.949999,-9.31068853e+01,-6.16916563e+01
244.954999,-9.31069840e+01,-6.16917550e+01
244.959999,-9.31070847e+01,-6.16918556e+01
244.964999,-9.31071874e+01,-6.16919584e+01
244.969999,-9.31072925e+01,-6.16920634e+01
244.974999,-9.31074001e+01,-6.16921710e+01
244.979999,-9.31075104e+01,-6.16922813e+01
244.984999,-9.31076237e+01,-6.16923946e+01
244.989999,-9.31077401e+01,-6.16925111e+01
244.994999,-9.31078598e+01,-6.16926307e+01
244.999999,-9.31079825e+01,-6.16927534e+01
245.004999,-9.31081081e+01,-6.16928791e+01
245.009999,-9.31082362e+01,-6.16930072e+01
245.014999,-9.31083663e+01,-6.16931373e+01
245.019999,-9.31084979e+01,-6.16932688e+01
245.024999,-9.31086303e+01,-6.16934012e+01
245.029999,-9.31087630e+01,-6.16935339e+01
245.034999,-9.31088955e+01,-6.16936664e+01
245.039999,-9.31090276e+01,-6.16937985e+01
245.044999,-9.31091588e+01,-6.16939298e+01
245.049999,-9.31092891e+01,-6.16940601e+01
245.054999,-9.31094185e+01,-6.16941894e+01
245.059999,-9.31095466e+01,-6.16943176e+01
245.064999,-9.31096737e+01,-6.16944446e+01
245.069999,-9.31097996e+01,-6.16945705e+01
245.074999,-9.31099243e+01,-6.16946952e+01
245.079999,-9.31100479e+01,-6.16948189e+01
245.084999,-9.31101705e+01,-6.16949414e+01
245.089999,-9.31102919e+01,-6.16950628e+01
245.094999,-9.31104121e+01,-6.16951831e+01
245.099999,-9.31105313e+01,-6.16953022e+01
245.104999,-9.31106495e+01,-6.16954204e+01
245.109999,-9.31107668e+01,-6.16955377e+01
245.114999,-9.31108834e+01,-6.16956543e+01
245.119999,-9.31109995e+01,-6.16957704e+01
245.124999,-9.31111151e+01,-6.16958860e+01
245.129999,-9.31112306e+01,-6.16960015e+01
245.134999,-9.31113461e+01,-6.16961170e+01
245.139999,-9.31114617e+01,-6.16962326e+01
245.144999,-9.31115773e+01,-6.16963482e+01
245.149999,-9.31116930e+01,-6.16964639e+01
245.154999,-9.31118085e+01,-6.16965794e+01
245.159999,-9.31119236e+01,-6.16966945e+01
245.164999,-9.31120383e+01,-6.16968092e+01
245.169999,-9.31121524e+01,-6.16969233e+01
245.174999,-9.31122659e+01,-6.16970368e+01
245.179999,-9.31123787e+01,-6.16971496e+01
245.184999,-9.31124907e+01,-6.16972616e+01
245.189999,-9.31126020e+01,-6.16973729e+01
245.194999,-9.31127127e+01,-6.16974836e+01
245.199999,-9.31128228e+01,-6.16975937e+01
245.204999,-9.31129325e+01,-6.16977034e+01
245.209999,-9.31130419e+01,-6.16978128e+01
245.214999,-9.31131512e+01,-6.16979221e+01
245.219999,-9.31132604e+01,-6.16980313e+01
245.224999,-9.31133696e+01,-6.16981405e+01
245.229999,-9.31134790e+01,-6.16982499e+01
245.234999,-9.31135885e+01,-6.16983594e+01
245.239999,-9.31136983e+01,-6.16984691e+01
245.244999,-9.31138082e+01,-6.16985790e+01
245.249999,-9.31139182e+01,-6.16986891e+01
245.254999,-9.31140285e+01,-6.16987993e+01
245.259999,-9.31141390e+01,-6.16989099e+01
245.264999,-9.31142499e+01,-6.16990207e+01
245.269999,-9.31143611e+01,-6.16991319e+01
245.274999,-9.31144726e+01,-6.16992435e+01
245.279999,-9.31145844e+01,-6.16993553e+01
245.284999,-9.31146962e+01,-6.16994671e+01
245.289999,-9.31148078e+01,-6.16995787e+01
245.294999,-9.31149186e+01,-6.16996895e+01
245.299999,-9.31150284e+01,-6.16997993e+01
245.304999,-9.31151366e+01,-6.16999075e+01
245.309999,-9.31152431e+01,-6.17000140e+01
245.314999,-9.31153475e+01,-6.17001184e+01
245.319999,-9.31154497e+01,-6.17002205e+01
245.324999,-9.31155495e+01,-6.17003204e+01
245.329999,-9.31156471e+01,-6.17004179e+01
245.334999,-9.31157423e+01,-6.17005131e+01
245.339999,-9.31158351e+01,-6.17006060e+01
245.344999,-9.31159256e+01,-6.17006965e+01
245.349999,-9.31160140e+01,-6.17007848e+01
245.354999,-9.31161004e+01,-6.17008712e+01
245.359999,-9.31161850e+01,-6.17009558e+01
245.364999,-9.31162680e+01,-6.17010389e+01
245.369999,-9.31163497e+01,-6.17011206e+01
245.374999,-9.31164304e+01,-6.17012012e+01
245.379999,-9.31165103e+01,-6.17012811e+01
245.384999,-9.31165897e+01,-6.17013605e+01
245.389999,-9.31166687e+01,-6.17014395e+01
245.394999,-9.31167475e+01,-6.17015184e+01
245.399999,-9.31168262e+01,-6.17015971e+01
245.404999,-9.31169047e+01,-6.17016756e+01
245.409999,-9.31169829e+01,-6.17017537e+01
245.414999,-9.31170604e+01,-6.17018313e+01
245.419999,-9.31171371e+01,-6.17019079e+01
245.424999,-9.31172125e+01,-6.17019834e+01
245.429999,-9.31172866e+01,-6.17020575e+01
245.434999,-9.31173592e+01,-6.17021300e+01
245.439999,-9.31174301e+01,-6.17022010e+01
245.444999,-9.31174994e+01,-6.17022702e+01
245.449999,-9.31175669e+01,-6.17023377e+01
245.454999,-9.31176326e+01,-6.17024034e+01
245.459999,-9.31176966e+01,-6.17024675e+01
245.464999,-9.31177590e+01,-6.17025299e+01
245.469999,-9.31178201e+01,-6.17025910e+01
245.474999,-9.31178801e+01,-6.17026509e+01
245.479999,-9.31179394e+01,-6.17027102e+01
245.484999,-9.31179983e+01,-6.17027691e+01
245.489999,-9.31180570e+01,-6.17028278e+01
245.494999,-9.31181158e+01,-6.17028867e+01
245.499999,-9.31181750e+01,-6.17029458e+01
245.504999,-9.31182347e+01,-6.17030056e+01
245.509999,-9.31182952e+01,-6.17030661e+01
245.514999,-9.31183567e+01,-6.17031275e+01
245.519999,-9.31184192e+01,-6.17031901e+01
245.524999,-9.31184830e+01,-6.17032538e+01
245.529999,-9.31185480e+01,-6.17033188e+01
245.534999,-9.31186144e+01,-6.17033852e+01
245.539999,-9.31186822e+01,-6.17034530e+01
245.544999,-9.31187515e+01,-6.17035224e+01
245.549999,-9.31188224e+01,-6.17035933e+01
245.554999,-9.31188949e+01,-6.17036658e+01
245.559999,-9.31189689e+01,-6.17037397e+01
245.564999,-9.31190441e+01,-6.17038150e+01
245.569999,-9.31191204e+01,-6.17038912e+01
245.574999,-9.31191973e+01,-6.17039682e+01
245.579999,-9.31192747e+01,-6.17040455e+01
245.584999,-9.31193522e+01,-6.17041230e+01
245.589999,-9.31194294e+01,-6.17042002e+01
245.594999,-9.31195059e+01,-6.17042767e+01
245.599999,-9.31195814e+01,-6.17043523e+01
245.604999,-9.31196557e+01,-6.17044265e+01
245.609999,-9.31197283e+01,-6.17044992e+01
245.614999,-9.31197994e+01,-6.17045702e+01
245.619999,-9.31198686e+01,-6.17046395e+01
245.624999,-9.31199362e+01,-6.17047071e+01
245.629999,-9.31200022e+01,-6.17047730e+01
245.634999,-9.31200665e+01,-6.17048374e+01
245.639999,-9.31201292e+01,-6.17049000e+01
245.644999,-9.31201903e+01,-6.17049611e+01
245.649999,-9.31202497e+01,-6.17050205e+01
245.654999,-9.31203077e+01,-6.17050785e+01
245.659999,-9.31203642e+01,-6.17051350e+01
245.664999,-9.31204192e+01,-6.17051900e+01
245.669999,-9.31204730e+01,-6.17052438e+01
245.674999,-9.31205255e+01,-6.17052963e+01
245.679999,-9.31205768e+01,-6.17053476e+01
245.684999,-9.31206271e+01,-6.17053979e+01
245.689999,-9.31206764e+01,-6.17054472e+01
245.694999,-9.31207249e+01,-6.17054957e+01
245.699999,-9.31207726e+01,-6.17055435e+01
245.704999,-9.31208196e+01,-6.17055905e+01
245.709999,-9.31208661e+01,-6.17056369e+01
245.714999,-9.31209118e+01,-6.17056826e+01
245.719999,-9.31209570e+01,-6.17057278e+01
245.724999,-9.31210014e+01,-6.17057722e+01
245.729999,-9.31210450e+01,-6.17058159e+01
245.734999,-9.31210878e+01,-6.17058586e+01
245.739999,-9.31211295e+01,-6.17059003e+01
245.744999,-9.31211699e+01,-6.17059407e+01
245.749999,-9.31212090e+01,-6.17059798e+01
245.754999,-9.31212467e+01,-6.17060175e+01
245.759999,-9.31212831e+01,-6.17060539e+01
245.764999,-9.31213184e+01,-6.17060892e+01
245.769999,-9.31213531e+01,-6.17061239e+01
245.774999,-9.31213875e+01,-6.17061583e+01
245.779999,-9.31214221e+01,-6.17061929e+01
245.784999,-9.31214573e+01,-6.17062281e+01
245.789999,-9.31214934e+01,-6.17062642e+01
245.794999,-9.31215307e+01,-6.17063015e+01
245.799999,-9.31215694e+01,-6.17063402e+01
245.804999,-9.31216096e+01,-6.17063805e+01
245.809999,-9.31216515e+01,-6.17064223e+01
245.814999,-9.31216950e+01,-6.17064658e+01
245.819999,-9.31217401e+01,-6.17065110e+01
245.824999,-9.31217870e+01,-6.17065578e+01
245.829999,-9.31218353e+01,-6.17066061e+01
245.834999,-9.31218852e+01,-6.17066560e+01
245.839999,-9.31219365e+01,-6.17067073e+01
245.844999,-9.31219892e+01,-6.17067600e+01
245.849999,-9.31220434e+01,-6.17068142e+01
245.854999,-9.31220990e+01,-6.17068698e+01
245.859999,-9.31221559e+01,-6.17069267e+01
245.864999,-9.31222138e+01,-6.17069846e+01
245.869999,-9.31222726e+01,-6.17070434e+01
245.874999,-9.31223318e+01,-6.17071026e+01
245.879999,-9.31223912e+01,-6.17071620e+01
245.884999,-9.31224502e+01,-6.17072210e+01
245.889999,-9.31225087e+01,-6.17072795e+01
245.894999,-9.31225660e+01,-6.17073369e+01
245.899999,-9.31226221e+01,-6.17073929e+01
245.904999,-9.31226765e+01,-6.17074473e+01
245.909999,-9.31227292e+01,-6.17075000e+01
245.914999,-9.31227803e+01,-6.17075512e+01
245.919999,-9.31228303e+01,-6.17076011e+01
245.924999,-9.31228794e+01,-6.17076502e+01
245.929999,-9.31229282e+01,-6.17076990e+01
245.934999,-9.31229772e+01,-6.17077480e+01
245.939999,-9.31230267e+01,-6.17077975e+01
245.944999,-9.31230772e+01,-6.17078480e+01
245.949999,-9.31231288e+01,-6.17078996e+01
245.954999,-9.31231818e+01,-6.17079526e+01
245.959999,-9.31232366e+01,-6.17080074e+01
245.964999,-9.31232932e+01,-6.17080640e+01
245.969999,-9.31233516e+01,-6.17081224e+01
245.974999,-9.31234119e+01,-6.17081827e+01
245.979999,-9.31234739e+01,-6.17082447e+01
245.984999,-9.31235375e+01,-6.17083083e+01
245.989999,-9.31236026e+01,-6.17083734e+01
245.994999,-9.31236689e+01,-6.17084397e+01
245.999999,-9.31237362e+01,-6.17085070e+01
246.004999,-9.31238041e+01,-6.17085749e+01
246.009999,-9.31238724e+01,-6.17086432e+01
246.014999,-9.31239405e+01,-6.17087113e+01
246.019999,-9.31240081e+01,-6.17087789e+01
246.024999,-9.31240746e+01,-6.17088454e+01
246.029999,-9.31241396e+01,-6.17089104e+01
246.034999,-9.31242027e+01,-6.17089735e+01
246.039999,-9.31242636e+01,-6.17090344e+01
246.044999,-9.31243221e+01,-6.17090929e+01
246.049999,-9.31243781e+01,-6.17091488e+01
246.054999,-9.31244316e+01,-6.17092024e+01
246.059999,-9.31244828e+01,-6.17092536e+01
246.064999,-9.31245321e+01,-6.17093029e+01
246.069999,-9.31245798e+01,-6.17093506e+01
246.074999,-9.31246264e+01,-6.17093972e+01
246.079999,-9.31246724e+01,-6.17094432e+01
246.084999,-9.31247184e+01,-6.17094892e+01
246.089999,-9.31247648e+01,-6.17095355e+01
246.094999,-9.31248121e+01,-6.17095829e+01
246.099999,-9.31248608e+01,-6.17096316e+01
246.104999,-9.31249113e+01,-6.17096821e+01
246.109999,-9.31249639e+01,-6.17097347e+01
246.114999,-9.31250187e+01,-6.17097895e+01
246.119999,-9.31250761e+01,-6.17098469e+01
246.124999,-9.31251361e+01,-6.17099068e+01
246.129999,-9.31251988e+01,-6.17099696e+01
246.134999,-9.31252644e+01,-6.17100351e+01
246.139999,-9.31253327e+01,-6.17101035e+01
246.144999,-9.31254036e+01,-6.17101744e+01
246.149999,-9.31254769e+01,-6.17102477e+01
246.154999,-9.31255520e+01,-6.17103228e+01
246.159999,-9.31256286e+01,-6.17103993e+01
246.164999,-9.31257060e+01,-6.17104768e+01
246.169999,-9.31257837e+01,-6.17105544e+01
246.174999,-9.31258609e+01,-6.17106317e+01
246.179999,-9.31259371e+01,-6.17107079e+01
246.184999,-9.31260117e+01,-6.17107825e+01
246.189999,-9.31260842e+01,-6.17108550e+01
246.194999,-9.31261544e+01,-6.17109251e+01
246.199999,-9.31262220e+01,-6.17109927e+01
246.204999,-9.31262870e+01,-6.17110577e+01
246.209999,-9.31263495e+01,-6.17111202e+01
246.214999,-9.31264097e+01,-6.17111805e+01
246.219999,-9.31264681e+01,-6.17112389e+01
246.224999,-9.31265252e+01,-6.17112960e+01
246.229999,-9.31265816e+01,-6.17113524e+01
246.234999,-9.31266378e+01,-6.17114086e+01
246.239999,-9.31266943e+01,-6.17114651e+01
246.244999,-9.31267516e+01,-6.17115224e+01
246.249999,-9.31268100e+01,-6.17115807e+01
246.254999,-9.31268696e+01,-6.17116404e+01
246.259999,-9.31269306e+01,-6.17117014e+01
246.264999,-9.31269931e+01,-6.17117638e+01
246.269999,-9.31270569e+01,-6.17118276e+01
246.274999,-9.31271219e+01,-6.17118927e+01
246.279999,-9.31271880e+01,-6.17119587e+01
246.284999,-9.31272547e+01,-6.17120255e+01
246.289999,-9.31273219e+01,-6.17120927e+01
246.294999,-9.31273892e+01,-6.17121600e+01
246.299999,-9.31274563e+01,-6.17122270e+01
246.304999,-9.31275227e+01,-6.17122934e+01
246.309999,-9.31275882e+01,-6.17123589e+01
246.314999,-9.31276524e+01,-6.17124231e+01
246.319999,-9.31277149e+01,-6.17124857e+01
246.324999,-9.31277755e+01,-6.17125462e+01
246.329999,-9.31278337e+01,-6.17126044e+01
246.334999,-9.31278893e+01,-6.17126601e+01
246.339999,-9.31279422e+01,-6.17127130e+01
246.344999,-9.31279927e+01,-6.17127635e+01
246.349999,-9.31280405e+01,-6.17128113e+01
246.354999,-9.31280857e+01,-6.17128565e+01
246.359999,-9.31281284e+01,-6.17128992e+01
246.364999,-9.31281689e+01,-6.17129397e+01
246.369999,-9.31282077e+01,-6.17129784e+01
246.374999,-9.31282452e+01,-6.17130159e+01
246.379999,-9.31282821e+01,-6.17130529e+01
246.384999,-9.31283191e+01,-6.17130898e+01
246.389999,-9.31283568e+01,-6.17131275e+01
246.394999,-9.31283959e+01,-6.17131666e+01
246.399999,-9.31284371e+01,-6.17132078e+01
246.404999,-9.31284810e+01,-6.17132517e+01
246.409999,-9.31285281e+01,-6.17132988e+01
246.414999,-9.31285787e+01,-6.17133494e+01
246.419999,-9.31286329e+01,-6.17134037e+01
246.424999,-9.31286909e+01,-6.17134617e+01
246.429999,-9.31287527e+01,-6.17135235e+01
246.434999,-9.31288186e+01,-6.17135893e+01
246.439999,-9.31288884e+01,-6.17136592e+01
246.444999,-9.31289621e+01,-6.17137329e+01
246.449999,-9.31290395e+01,-6.17138103e+01
246.454999,-9.31291204e+01,-6.17138911e+01
246.459999,-9.31292042e+01,-6.17139749e+01
246.464999,-9.31292906e+01,-6.17140613e+01
246.469999,-9.31293789e+01,-6.17141497e+01
246.474999,-9.31294687e+01,-6.17142395e+01
246.479999,-9.31295595e+01,-6.17143303e+01
246.484999,-9.31296508e+01,-6.17144215e+01
246.489999,-9.31297422e+01,-6.17145129e+01
246.494999,-9.31298336e+01,-6.17146043e+01
246.499999,-9.31299247e+01,-6.17146955e+01
246.504999,-9.31300156e+01,-6.17147864e+01
246.509999,-9.31301064e+01,-6.17148771e+01
246.514999,-9.31301972e+01,-6.17149679e+01
246.519999,-9.31302884e+01,-6.17150592e+01
246.524999,-9.31303806e+01,-6.17151513e+01
246.529999,-9.31304740e+01,-6.17152448e+01
246.534999,-9.31305691e+01,-6.17153398e+01
246.539999,-9.31306662e+01,-6.17154369e+01
246.544999,-9.31307656e+01,-6.17155363e+01
246.549999,-9.31308675e+01,-6.17156383e+01
246.554999,-9.31309722e+01,-6.17157430e+01
246.559999,-9.31310797e+01,-6.17158505e+01
246.564999,-9.31311902e+01,-6.17159609e+01
246.569999,-9.31313035e+01,-6.17160743e+01
246.574999,-9.31314199e+01,-6.17161906e+01
246.579999,-9.31315392e+01,-6.17163099e+01
246.584999,-9.31316614e+01,-6.17164322e+01
246.589999,-9.31317864e+01,-6.17165572e+01
246.594999,-9.31319138e+01,-6.17166846e+01
246.599999,-9.31320434e+01,-6.17168141e+01
246.604999,-9.31321746e+01,-6.17169454e+01
246.609999,-9.31323071e+01,-6.17170778e+01
246.614999,-9.31324401e+01,-6.17172109e+01
246.619999,-9.31325731e+01,-6.17173439e+01
246.624999,-9.31327052e+01,-6.17174760e+01
246.629999,-9.31328358e+01,-6.17176065e+01
246.634999,-9.31329643e+01,-6.17177350e+01
246.639999,-9.31330901e+01,-6.17178608e+01
246.644999,-9.31332131e+01,-6.17179838e+01
246.649999,-9.31333331e+01,-6.17181039e+01
246.654999,-9.31334503e+01,-6.17182210e+01
246.659999,-9.31335647e+01,-6.17183355e+01
246.664999,-9.31336768e+01,-6.17184476e+01
246.669999,-9.31337868e+01,-6.17185576e+01
246.674999,-9.31338953e+01,-6.17186661e+01
246.679999,-9.31340026e+01,-6.17187733e+01
246.684999,-9.31341090e+01,-6.17188797e+01
246.689999,-9.31342148e+01,-6.17189855e+01
246.694999,-9.31343203e+01,-6.17190910e+01
246.699999,-9.31344257e+01,-6.17191964e+01
246.704999,-9.31345313e+01,-6.17193020e+01
246.709999,-9.31346373e+01,-6.17194080e+01
246.714999,-9.31347437e+01,-6.17195144e+01
246.719999,-9.31348509e+01,-6.17196216e+01
246.724999,-9.31349589e+01,-6.17197296e+01
246.729999,-9.31350678e+01,-6.17198385e+01
246.734999,-9.31351777e+01,-6.17199484e+01
246.739999,-9.31352885e+01,-6.17200592e+01
246.744999,-9.31354000e+01,-6.17201707e+01
246.749999,-9.31355120e+01,-6.17202827e+01
246.754999,-9.31356244e+01,-6.17203951e+01
246.759999,-9.31357369e+01,-6.17205076e+01
246.764999,-9.31358493e+01,-6.17206200e+01
246.769999,-9.31359613e+01,-6.17207320e+01
246.774999,-9.31360726e+01,-6.17208433e+01
246.779999,-9.31361831e+01,-6.17209538e+01
246.784999,-9.31362926e+01,-6.17210633e+01
246.789999,-9.31364009e+01,-6.17211716e+01
246.794999,-9.31365081e+01,-6.17212788e+01
246.799999,-9.31366140e+01,-6.17213847e+01
246.804999,-9.31367187e+01,-6.17214894e+01
246.809999,-9.31368221e+01,-6.17215928e+01
246.814999,-9.31369242e+01,-6.17216949e+01
246.819999,-9.31370250e+01,-6.17217957e+01
246.824999,-9.31371247e+01,-6.17218954e+01
246.829999,-9.31372231e+01,-6.17219938e+01
246.834999,-9.31373203e+01,-6.17220910e+01
246.839999,-9.31374162e+01,-6.17221869e+01
246.844999,-9.31375109e+01,-6.17222816e+01
246.849999,-9.31376041e+01,-6.17223748e+01
246.854999,-9.31376962e+01,-6.17224669e+01
246.859999,-9.31377869e+01,-6.17225576e+01
246.864999,-9.31378763e+01,-6.17226469e+01
246.869999,-9.31379644e+01,-6.17227351e+01
246.874999,-9.31380513e+01,-6.17228220e+01
246.879999,-9.31381369e+01,-6.17229076e+01
246.884999,-9.31382214e+01,-6.17229921e+01
246.889999,-9.31383049e+01,-6.17230756e+01
246.894999,-9.31383873e+01,-6.17231580e+01
246.899999,-9.31384687e+01,-6.17232394e+01
246.904999,-9.31385491e+01,-6.17233197e+01
246.909999,-9.31386283e+01,-6.17233989e+01
246.914999,-9.31387063e+01,-6.17234770e+01
246.919999,-9.31387832e+01,-6.17235538e+01
246.924999,-9.31388588e+01,-6.17236295e+01
246.929999,-9.31389332e+01,-6.17237039e+01
246.934999,-9.31390064e+01,-6.17237771e+01
246.939999,-9.31390786e+01,-6.17238493e+01
246.944999,-9.31391498e+01,-6.17239205e+01
246.949999,-9.31392201e+01,-6.17239908e+01
246.954999,-9.31392897e+01,-6.17240603e+01
246.959999,-9.31393587e+01,-6.17241294e+01
246.964999,-9.31394274e+01,-6.17241981e+01
246.969999,-9.31394960e+01,-6.17242666e+01
246.974999,-9.31395644e+01,-6.17243351e+01
246.979999,-9.31396327e+01,-6.17244034e+01
246.984999,-9.31397010e+01,-6.17244717e+01
246.989999,-9.31397694e+01,-6.17245401e+01
246.994999,-9.31398382e+01,-6.17246088e+01
246.999999,-9.31399075e+01,-6.17246782e+01
247.004999,-9.31399776e+01,-6.17247483e+01
247.009999,-9.31400485e+01,-6.17248192e+01
247.014999,-9.31401203e+01,-6.17248910e+01
247.019999,-9.31401929e+01,-6.17249636e+01
247.024999,-9.31402665e+01,-6.17250372e+01
247.029999,-9.31403408e+01,-6.17251114e+01
247.034999,-9.31404156e+01,-6.17251862e+01
247.039999,-9.31404907e+01,-6.17252614e+01
247.044999,-9.31405658e+01,-6.17253365e+01
247.049999,-9.31406407e+01,-6.17254114e+01
247.054999,-9.31407152e+01,-6.17254858e+01
247.059999,-9.31407888e+01,-6.17255595e+01
247.064999,-9.31408613e+01,-6.17256320e+01
247.069999,-9.31409325e+01,-6.17257032e+01
247.074999,-9.31410024e+01,-6.17257730e+01
247.079999,-9.31410707e+01,-6.17258413e+01
247.084999,-9.31411372e+01,-6.17259079e+01
247.089999,-9.31412020e+01,-6.17259727e+01
247.094999,-9.31412649e+01,-6.17260356e+01
247.099999,-9.31413261e+01,-6.17260967e+01
247.104999,-9.31413856e+01,-6.17261563e+01
247.109999,-9.31414436e+01,-6.17262142e+01
247.114999,-9.31415002e+01,-6.17262709e+01
247.119999,-9.31415557e+01,-6.17263264e+01
247.124999,-9.31416104e+01,-6.17263810e+01
247.129999,-9.31416644e+01,-6.17264350e+01
247.134999,-9.31417178e+01,-6.17264885e+01
247.139999,-9.31417708e+01,-6.17265415e+01
247.144999,-9.31418233e+01,-6.17265939e+01
247.149999,-9.31418753e+01,-6.17266459e+01
247.154999,-9.31419266e+01,-6.17266973e+01
247.159999,-9.31419772e+01,-6.17267478e+01
247.164999,-9.31420268e+01,-6.17267975e+01
247.169999,-9.31420755e+01,-6.17268461e+01
247.174999,-9.31421233e+01,-6.17268939e+01
247.179999,-9.31421703e+01,-6.17269410e+01
247.184999,-9.31422167e+01,-6.17269873e+01
247.189999,-9.31422625e+01,-6.17270332e+01
247.194999,-9.31423081e+01,-6.17270787e+01
247.199999,-9.31423535e+01,-6.17271241e+01
247.204999,-9.31423988e+01,-6.17271694e+01
247.209999,-9.31424441e+01,-6.17272148e+01
247.214999,-9.31424895e+01,-6.17272602e+01
247.219999,-9.31425350e+01,-6.17273057e+01
247.224999,-9.31425808e+01,-6.17273515e+01
247.229999,-9.31426269e+01,-6.17273975e+01
247.234999,-9.31426734e+01,-6.17274440e+01
247.239999,-9.31427202e+01,-6.17274909e+01
247.244999,-9.31427677e+01,-6.17275384e+01
247.249999,-9.31428160e+01,-6.17275866e+01
247.254999,-9.31428652e+01,-6.17276358e+01
247.259999,-9.31429153e+01,-6.17276859e+01
247.264999,-9.31429666e+01,-6.17277372e+01
247.269999,-9.31430190e+01,-6.17277896e+01
247.274999,-9.31430727e+01,-6.17278433e+01
247.279999,-9.31431277e+01,-6.17278983e+01
247.284999,-9.31431840e+01,-6.17279547e+01
247.289999,-9.31432417e+01,-6.17280123e+01
247.294999,-9.31433006e+01,-6.17280712e+01
247.299999,-9.31433609e+01,-6.17281315e+01
247.304999,-9.31434224e+01,-6.17281930e+01
247.309999,-9.31434849e+01,-6.17282556e+01
247.314999,-9.31435483e+01,-6.17283190e+01
247.319999,-9.31436123e+01,-6.17283830e+01
247.324999,-9.31436767e+01,-6.17284473e+01
247.329999,-9.31437409e+01,-6.17285115e+01
247.334999,-9.31438047e+01,-6.17285753e+01
247.339999,-9.31438677e+01,-6.17286384e+01
247.344999,-9.31439297e+01,-6.17287003e+01
247.349999,-9.31439902e+01,-6.17287609e+01
247.354999,-9.31440491e+01,-6.17288198e+01
247.359999,-9.31441062e+01,-6.17288768e+01
247.364999,-9.31441613e+01,-6.17289319e+01
247.369999,-9.31442143e+01,-6.17289850e+01
247.374999,-9.31442656e+01,-6.17290362e+01
247.379999,-9.31443150e+01,-6.17290856e+01
247.384999,-9.31443626e+01,-6.17291332e+01
247.389999,-9.31444085e+01,-6.17291791e+01
247.394999,-9.31444528e+01,-6.17292234e+01
247.399999,-9.31444956e+01,-6.17292663e+01
247.404999,-9.31445372e+01,-6.17293078e+01
247.409999,-9.31445775e+01,-6.17293481e+01
247.414999,-9.31446168e+01,-6.17293874e+01
247.419999,-9.31446550e+01,-6.17294257e+01
247.424999,-9.31446925e+01,-6.17294631e+01
247.429999,-9.31447292e+01,-6.17294998e+01
247.434999,-9.31447652e+01,-6.17295359e+01
247.439999,-9.31448006e+01,-6.17295713e+01
247.444999,-9.31448354e+01,-6.17296060e+01
247.449999,-9.31448697e+01,-6.17296403e+01
247.454999,-9.31449033e+01,-6.17296740e+01
247.459999,-9.31449363e+01,-6.17297069e+01
247.464999,-9.31449685e+01,-6.17297391e+01
247.469999,-9.31449998e+01,-6.17297704e+01
247.474999,-9.31450304e+01,-6.17298010e+01
247.479999,-9.31450600e+01,-6.17298306e+01
247.484999,-9.31450886e+01,-6.17298592e+01
247.489999,-9.31451160e+01,-6.17298866e+01
247.494999,-9.31451420e+01,-6.17299126e+01
247.499999,-9.31451665e+01,-6.17299371e+01
247.504999,-9.31451893e+01,-6.17299599e+01
247.509999,-9.31452103e+01,-6.17299809e+01
247.514999,-9.31452295e+01,-6.17300001e+01
247.519999,-9.31452467e+01,-6.17300173e+01
247.524999,-9.31452619e+01,-6.17300325e+01
247.529999,-9.31452752e+01,-6.17300458e+01
247.534999,-9.31452865e+01,-6.17300571e+01
247.539999,-9.31452961e+01,-6.17300667e+01
247.544999,-9.31453041e+01,-6.17300747e+01
247.549999,-9.31453112e+01,-6.17300818e+01
247.554999,-9.31453177e+01,-6.17300883e+01
247.559999,-9.31453242e+01,-6.17300948e+01
247.564999,-9.31453312e+01,-6.17301018e+01
247.569999,-9.31453391e+01,-6.17301097e+01
247.574999,-9.31453484e+01,-6.17301190e+01
247.579999,-9.31453594e+01,-6.17301300e+01
247.584999,-9.31453723e+01,-6.17301429e+01
247.589999,-9.31453870e+01,-6.17301576e+01
247.594999,-9.31454034e+01,-6.17301740e+01
247.599999,-9.31454211e+01,-6.17301917e+01
247.604999,-9.31454398e+01,-6.17302104e+01
247.609999,-9.31454589e+01,-6.17302295e+01
247.614999,-9.31454783e+01,-6.17302489e+01
247.619999,-9.31454974e+01,-6.17302680e+01
247.624999,-9.31455162e+01,-6.17302869e+01
247.629999,-9.31455345e+01,-6.17303051e+01
247.634999,-9.31455521e+01,-6.17303227e+01
247.639999,-9.31455687e+01,-6.17303393e+01
247.644999,-9.31455842e+01,-6.17303548e+01
247.649999,-9.31455986e+01,-6.17303692e+01
247.654999,-9.31456116e+01,-6.17303823e+01
247.659999,-9.31456231e+01,-6.17303937e+01
247.664999,-9.31456327e+01,-6.17304033e+01
247.669999,-9.31456402e+01,-6.17304108e+01
247.674999,-9.31456454e+01,-6.17304160e+01
247.679999,-9.31456482e+01,-6.17304188e+01
247.684999,-9.31456487e+01,-6.17304193e+01
247.689999,-9.31456470e+01,-6.17304176e+01
247.694999,-9.31456432e+01,-6.17304138e+01
247.699999,-9.31456378e+01,-6.17304084e+01
247.704999,-9.31456310e+01,-6.17304016e+01
247.709999,-9.31456232e+01,-6.17303938e+01
247.714999,-9.31456147e+01,-6.17303853e+01
247.719999,-9.31456058e+01,-6.17303764e+01
247.724999,-9.31455970e+01,-6.17303676e+01
247.729999,-9.31455883e+01,-6.17303589e+01
247.734999,-9.31455800e+01,-6.17303506e+01
247.739999,-9.31455721e+01,-6.17303427e+01
247.744999,-9.31455646e+01,-6.17303352e+01
247.749999,-9.31455574e+01,-6.17303280e+01
247.754999,-9.31455507e+01,-6.17303213e+01
247.759999,-9.31455442e+01,-6.17303149e+01
247.764999,-9.31455381e+01,-6.17303087e+01
247.769999,-9.31455320e+01,-6.17303026e+01
247.774999,-9.31455259e+01,-6.17302965e+01
247.779999,-9.31455200e+01,-6.17302906e+01
247.784999,-9.31455137e+01,-6.17302843e+01
247.789999,-9.31455066e+01,-6.17302772e+01
247.794999,-9.31454983e+01,-6.17302689e+01
247.799999,-9.31454890e+01,-6.17302596e+01
247.804999,-9.31454784e+01,-6.17302490e+01
247.809999,-9.31454661e+01,-6.17302367e+01
247.814999,-9.31454519e+01,-6.17302225e+01
247.819999,-9.31454359e+01,-6.17302065e+01
247.824999,-9.31454181e+01,-6.17301887e+01
247.829999,-9.31453983e+01,-6.17301689e+01
247.834999,-9.31453765e+01,-6.17301472e+01
247.839999,-9.31453529e+01,-6.17301235e+01
247.844999,-9.31453276e+01,-6.17300983e+01
247.849999,-9.31453011e+01,-6.17300717e+01
247.854999,-9.31452735e+01,-6.17300441e+01
247.859999,-9.31452453e+01,-6.17300159e+01
247.864999,-9.31452170e+01,-6.17299876e+01
247.869999,-9.31451890e+01,-6.17299596e+01
247.874999,-9.31451617e+01,-6.17299323e+01
247.879999,-9.31451358e+01,-6.17299064e+01
247.884999,-9.31451120e+01,-6.17298826e+01
247.889999,-9.31450908e+01,-6.17298614e+01
247.894999,-9.31450725e+01,-6.17298431e+01
247.899999,-9.31450574e+01,-6.17298281e+01
247.904999,-9.31450456e+01,-6.17298162e+01
247.909999,-9.31450370e+01,-6.17298076e+01
247.914999,-9.31450314e+01,-6.17298020e+01
247.919999,-9.31450284e+01,-6.17297991e+01
247.924999,-9.31450276e+01,-6.17297982e+01
247.929999,-9.31450284e+01,-6.17297991e+01
247.934999,-9.31450305e+01,-6.17298011e+01
247.939999,-9.31450331e+01,-6.17298038e+01
247.944999,-9.31450358e+01,-6.17298064e+01
247.949999,-9.31450382e+01,-6.17298088e+01
247.954999,-9.31450398e+01,-6.17298104e+01
247.959999,-9.31450403e+01,-6.17298109e+01
247.964999,-9.31450394e+01,-6.17298101e+01
247.969999,-9.31450373e+01,-6.17298080e+01
247.974999,-9.31450340e+01,-6.17298047e+01
247.979999,-9.31450297e+01,-6.17298003e+01
247.984999,-9.31450245e+01,-6.17297951e+01
247.989999,-9.31450184e+01,-6.17297890e+01
247.994999,-9.31450116e+01,-6.17297822e+01
247.999999,-9.31450042e+01,-6.17297748e+01
248.004999,-9.31449964e+01,-6.17297670e+01
248.009999,-9.31449881e+01,-6.17297587e+01
248.014999,-9.31449796e+01,-6.17297502e+01
248.019999,-9.31449712e+01,-6.17297418e+01
248.024999,-9.31449632e+01,-6.17297338e+01
248.029999,-9.31449560e+01,-6.17297266e+01
248.034999,-9.31449498e+01,-6.17297204e+01
248.039999,-9.31449447e+01,-6.17297153e+01
248.044999,-9.31449409e+01,-6.17297115e+01
248.049999,-9.31449383e+01,-6.17297089e+01
248.054999,-9.31449368e+01,-6.17297075e+01
248.059999,-9.31449365e+01,-6.17297071e+01
248.064999,-9.31449372e+01,-6.17297078e+01
248.069999,-9.31449391e+01,-6.17297097e+01
248.074999,-9.31449421e+01,-6.17297128e+01
248.079999,-9.31449462e+01,-6.17297168e+01
248.084999,-9.31449513e+01,-6.17297219e+01
248.089999,-9.31449573e+01,-6.17297279e+01
248.094999,-9.31449640e+01,-6.17297346e+01
248.099999,-9.31449712e+01,-6.17297418e+01
248.104999,-9.31449785e+01,-6.17297491e+01
248.109999,-9.31449855e+01,-6.17297561e+01
248.114999,-9.31449919e+01,-6.17297625e+01
248.119999,-9.31449973e+01,-6.17297679e+01
248.124999,-9.31450013e+01,-6.17297719e+01
248.129999,-9.31450038e+01,-6.17297744e+01
248.134999,-9.31450048e+01,-6.17297754e+01
248.139999,-9.31450043e+01,-6.17297749e+01
248.144999,-9.31450024e+01,-6.17297730e+01
248.149999,-9.31449991e+01,-6.17297697e+01
248.154999,-9.31449948e+01,-6.17297654e+01
248.159999,-9.31449895e+01,-6.17297601e+01
248.164999,-9.31449834e+01,-6.17297540e+01
248.169999,-9.31449765e+01,-6.17297471e+01
248.174999,-9.31449691e+01,-6.17297398e+01
248.179999,-9.31449615e+01,-6.17297322e+01
248.184999,-9.31449539e+01,-6.17297245e+01
248.189999,-9.31449465e+01,-6.17297171e+01
248.194999,-9.31449393e+01,-6.17297099e+01
248.199999,-9.31449323e+01,-6.17297029e+01
248.204999,-9.31449256e+01,-6.17296962e+01
248.209999,-9.31449190e+01,-6.17296896e+01
248.214999,-9.31449120e+01,-6.17296826e+01
248.219999,-9.31449046e+01,-6.17296752e+01
248.224999,-9.31448963e+01,-6.17296669e+01
248.229999,-9.31448868e+01,-6.17296574e+01
248.234999,-9.31448760e+01,-6.17296466e+01
248.239999,-9.31448638e+01,-6.17296344e+01
248.244999,-9.31448500e+01,-6.17296207e+01
248.249999,-9.31448348e+01,-6.17296054e+01
248.254999,-9.31448177e+01,-6.17295883e+01
248.259999,-9.31447987e+01,-6.17295694e+01
248.264999,-9.31447777e+01,-6.17295483e+01
248.269999,-9.31447546e+01,-6.17295252e+01
248.274999,-9.31447293e+01,-6.17294999e+01
248.279999,-9.31447020e+01,-6.17294726e+01
248.284999,-9.31446727e+01,-6.17294433e+01
248.289999,-9.31446418e+01,-6.17294124e+01
248.294999,-9.31446098e+01,-6.17293804e+01
248.299999,-9.31445772e+01,-6.17293478e+01
248.304999,-9.31445445e+01,-6.17293151e+01
248.309999,-9.31445124e+01,-6.17292830e+01
248.314999,-9.31444814e+01,-6.17292521e+01
248.319999,-9.31444519e+01,-6.17292225e+01
248.324999,-9.31444239e+01,-6.17291945e+01
248.329999,-9.31443974e+01,-6.17291680e+01
248.334999,-9.31443724e+01,-6.17291430e+01
248.339999,-9.31443487e+01,-6.17291193e+01
248.344999,-9.31443260e+01,-6.17290966e+01
248.349999,-9.31443040e+01,-6.17290746e+01
248.354999,-9.31442828e+01,-6.17290534e+01
248.359999,-9.31442622e+01,-6.17290329e+01
248.364999,-9.31442420e+01,-6.17290126e+01
248.369999,-9.31442222e+01,-6.17289928e+01
248.374999,-9.31442025e+01,-6.17289731e+01
248.379999,-9.31441828e+01,-6.17289534e+01
248.384999,-9.31441630e+01,-6.17289336e+01
248.389999,-9.31441427e+01,-6.17289134e+01
248.394999,-9.31441221e+01,-6.17288927e+01
248.399999,-9.31441008e+01,-6.17288714e+01
248.404999,-9.31440786e+01,-6.17288492e+01
248.409999,-9.31440551e+01,-6.17288257e+01
248.414999,-9.31440301e+01,-6.17288007e+01
248.419999,-9.31440033e+01,-6.17287739e+01
248.424999,-9.31439743e+01,-6.17287449e+01
248.429999,-9.31439431e+01,-6.17287137e+01
248.434999,-9.31439093e+01,-6.17286800e+01
248.439999,-9.31438731e+01,-6.17286437e+01
248.444999,-9.31438344e+01,-6.17286050e+01
248.449999,-9.31437932e+01,-6.17285638e+01
248.454999,-9.31437498e+01,-6.17285204e+01
248.459999,-9.31437045e+01,-6.17284751e+01
248.464999,-9.31436574e+01,-6.17284280e+01
248.469999,-9.31436088e+01,-6.17283794e+01
248.474999,-9.31435589e+01,-6.17283295e+01
248.479999,-9.31435079e+01,-6.17282785e+01
248.484999,-9.31434557e+01,-6.17282263e+01
248.489999,-9.31434025e+01,-6.17281732e+01
248.494999,-9.31433485e+01,-6.17281191e+01
248.499999,-9.31432937e+01,-6.17280643e+01
248.504999,-9.31432383e+01,-6.17280090e+01
248.509999,-9.31431824e+01,-6.17279530e+01
248.514999,-9.31431260e+01,-6.17278966e+01
248.519999,-9.31430692e+01,-6.17278398e+01
248.524999,-9.31430116e+01,-6.17277823e+01
248.529999,-9.31429532e+01,-6.17277239e+01
248.534999,-9.31428939e+01,-6.17276646e+01
248.539999,-9.31428336e+01,-6.17276043e+01
248.544999,-9.31427722e+01,-6.17275428e+01
248.549999,-9.31427099e+01,-6.17274805e+01
248.554999,-9.31426467e+01,-6.17274174e+01
248.559999,-9.31425827e+01,-6.17273534e+01
248.564999,-9.31425180e+01,-6.17272887e+01
248.569999,-9.31424526e+01,-6.17272233e+01
248.574999,-9.31423867e+01,-6.17271573e+01
248.579999,-9.31423202e+01,-6.17270908e+01
248.584999,-9.31422532e+01,-6.17270239e+01
248.589999,-9.31421858e+01,-6.17269564e+01
248.594999,-9.31421175e+01,-6.17268882e+01
248.599999,-9.31420485e+01,-6.17268191e+01
248.604999,-9.31419785e+01,-6.17267491e+01
248.609999,-9.31419073e+01,-6.17266780e+01
248.614999,-9.31418347e+01,-6.17266053e+01
248.619999,-9.31417603e+01,-6.17265309e+01
248.624999,-9.31416841e+01,-6.17264547e+01
248.629999,-9.31416060e+01,-6.17263766e+01
248.634999,-9.31415259e+01,-6.17262965e+01
248.639999,-9.31414439e+01,-6.17262146e+01
248.644999,-9.31413601e+01,-6.17261308e+01
248.649999,-9.31412746e+01,-6.17260452e+01
248.654999,-9.31411873e+01,-6.17259579e+01
248.659999,-9.31410985e+01,-6.17258691e+01
248.664999,-9.31410083e+01,-6.17257790e+01
248.669999,-9.31409170e+01,-6.17256877e+01
248.674999,-9.31408246e+01,-6.17255953e+01
248.679999,-9.31407314e+01,-6.17255020e+01
248.684999,-9.31406373e+01,-6.17254080e+01
248.689999,-9.31405427e+01,-6.17253133e+01
248.694999,-9.31404477e+01,-6.17252183e+01
248.699999,-9.31403523e+01,-6.17251230e+01
248.704999,-9.31402567e+01,-6.17250274e+01
248.709999,-9.31401611e+01,-6.17249317e+01
248.714999,-9.31400656e+01,-6.17248362e+01
248.719999,-9.31399701e+01,-6.17247408e+01
248.724999,-9.31398749e+01,-6.17246455e+01
248.729999,-9.31397799e+01,-6.17245505e+01
248.734999,-9.31396852e+01,-6.17244558e+01
248.739999,-9.31395908e+01,-6.17243614e+01
248.744999,-9.31394965e+01,-6.17242672e+01
248.749999,-9.31394023e+01,-6.17241730e+01
248.754999,-9.31393079e+01,-6.17240785e+01
248.759999,-9.31392129e+01,-6.17239835e+01
248.764999,-9.31391169e+01,-6.17238876e+01
248.769999,-9.31390196e+01,-6.17237903e+01
248.774999,-9.31389206e+01,-6.17236912e+01
248.779999,-9.31388194e+01,-6.17235900e+01
248.784999,-9.31387159e+01,-6.17234866e+01
248.789999,-9.31386100e+01,-6.17233806e+01
248.794999,-9.31385015e+01,-6.17232721e+01
248.799999,-9.31383905e+01,-6.17231612e+01
248.804999,-9.31382772e+01,-6.17230479e+01
248.809999,-9.31381617e+01,-6.17229324e+01
248.814999,-9.31380441e+01,-6.17228147e+01
248.819999,-9.31379246e+01,-6.17226953e+01
248.824999,-9.31378035e+01,-6.17225741e+01
248.829999,-9.31376809e+01,-6.17224515e+01
248.834999,-9.31375572e+01,-6.17223279e+01
248.839999,-9.31374328e+01,-6.17222035e+01
248.844999,-9.31373079e+01,-6.17220786e+01
248.849999,-9.31371829e+01,-6.17219536e+01
248.854999,-9.31370582e+01,-6.17218288e+01
248.859999,-9.31369339e+01,-6.17217045e+01
248.864999,-9.31368104e+01,-6.17215811e+01
248.869999,-9.31366881e+01,-6.17214588e+01
248.874999,-9.31365674e+01,-6.17213380e+01
248.879999,-9.31364483e+01,-6.17212190e+01
248.884999,-9.31363309e+01,-6.17211016e+01
248.889999,-9.31362152e+01,-6.17209859e+01
248.894999,-9.31361010e+01,-6.17208716e+01
248.899999,-9.31359879e+01,-6.17207586e+01
248.904999,-9.31358758e+01,-6.17206464e+01
248.909999,-9.31357638e+01,-6.17205345e+01
248.914999,-9.31356517e+01,-6.17204224e+01
248.919999,-9.31355388e+01,-6.17203095e+01
248.924999,-9.31354249e+01,-6.17201955e+01
248.929999,-9.31353094e+01,-6.17200801e+01
248.934999,-9.31351922e+01,-6.17199628e+01
248.939999,-9.31350728e+01,-6.17198435e+01
248.944999,-9.31349513e+01,-6.17197219e+01
248.949999,-9.31348275e+01,-6.17195982e+01
248.954999,-9.31347014e+01,-6.17194721e+01
248.959999,-9.31345733e+01,-6.17193439e+01
248.964999,-9.31344430e+01,-6.17192137e+01
248.969999,-9.31343107e+01,-6.17190813e+01
248.974999,-9.31341764e+01,-6.17189470e+01
248.979999,-9.31340401e+01,-6.17188107e+01
248.984999,-9.31339018e+01,-6.17186725e+01
248.989999,-9.31337618e+01,-6.17185325e+01
248.994999,-9.31336203e+01,-6.17183910e+01
248.999999,-9.31334774e+01,-6.17182481e+01
249.004999,-9.31333337e+01,-6.17181043e+01
249.009999,-9.31331893e+01,-6.17179600e+01
249.014999,-9.31330448e+01,-6.17178155e+01
249.019999,-9.31329005e+01,-6.17176712e+01
249.024999,-9.31327566e+01,-6.17175272e+01
249.029999,-9.31326132e+01,-6.17173839e+01
249.034999,-9.31324707e+01,-6.17172414e+01
249.039999,-9.31323290e+01,-6.17170997e+01
249.044999,-9.31321882e+01,-6.17169589e+01
249.049999,-9.31320480e+01,-6.17168187e+01
249.054999,-9.31319081e+01,-6.17166788e+01
249.059999,-9.31317682e+01,-6.17165389e+01
249.064999,-9.31316279e+01,-6.17163986e+01
249.069999,-9.31314865e+01,-6.17162572e+01
249.074999,-9.31313438e+01,-6.17161144e+01
249.079999,-9.31311990e+01,-6.17159697e+01
249.084999,-9.31310523e+01,-6.17158230e+01
249.089999,-9.31309031e+01,-6.17156738e+01
249.094999,-9.31307516e+01,-6.17155223e+01
249.099999,-9.31305976e+01,-6.17153683e+01
249.104999,-9.31304411e+01,-6.17152118e+01
249.109999,-9.31302823e+01,-6.17150530e+01
249.114999,-9.31301209e+01,-6.17148916e+01
249.119999,-9.31299570e+01,-6.17147277e+01
249.124999,-9.31297904e+01,-6.17145611e+01
249.129999,-9.31296212e+01,-6.17143919e+01
249.134999,-9.31294497e+01,-6.17142204e+01
249.139999,-9.31292761e+01,-6.17140468e+01
249.144999,-9.31291008e+01,-6.17138715e+01
249.149999,-9.31289242e+01,-6.17136949e+01
249.154999,-9.31287468e+01,-6.17135175e+01
249.159999,-9.31285690e+01,-6.17133398e+01
249.164999,-9.31283914e+01,-6.17131621e+01
249.169999,-9.31282142e+01,-6.17129849e+01
249.174999,-9.31280375e+01,-6.17128082e+01
249.179999,-9.31278617e+01,-6.17126324e+01
249.184999,-9.31276868e+01,-6.17124575e+01
249.189999,-9.31275129e+01,-6.17122836e+01
249.194999,-9.31273398e+01,-6.17121105e+01
249.199999,-9.31271674e+01,-6.17119381e+01
249.204999,-9.31269952e+01,-6.17117659e+01
249.209999,-9.31268232e+01,-6.17115940e+01
249.214999,-9.31266513e+01,-6.17114220e+01
249.219999,-9.31264791e+01,-6.17112498e+01
249.224999,-9.31263067e+01,-6.17110774e+01
249.229999,-9.31261339e+01,-6.17109046e+01
249.234999,-9.31259608e+01,-6.17107315e+01
249.239999,-9.31257872e+01,-6.17105580e+01
249.244999,-9.31256131e+01,-6.17103838e+01
249.249999,-9.31254381e+01,-6.17102089e+01
249.254999,-9.31252621e+01,-6.17100328e+01
249.259999,-9.31250848e+01,-6.17098556e+01
249.264999,-9.31249060e+01,-6.17096767e+01
249.269999,-9.31247254e+01,-6.17094961e+01
249.274999,-9.31245427e+01,-6.17093134e+01
249.279999,-9.31243578e+01,-6.17091285e+01
249.284999,-9.31241707e+01,-6.17089415e+01
249.289999,-9.31239815e+01,-6.17087523e+01
249.294999,-9.31237903e+01,-6.17085610e+01
249.299999,-9.31235973e+01,-6.17083680e+01
249.304999,-9.31234028e+01,-6.17081736e+01
249.309999,-9.31232075e+01,-6.17079783e+01
249.314999,-9.31230117e+01,-6.17077825e+01
249.319999,-9.31228158e+01,-6.17075866e+01
249.324999,-9.31226199e+01,-6.17073907e+01
249.329999,-9.31224242e+01,-6.17071950e+01
249.334999,-9.31222287e+01,-6.17069994e+01
249.339999,-9.31220331e+01,-6.17068039e+01
249.344999,-9.31218374e+01,-6.17066081e+01
249.349999,-9.31216411e+01,-6.17064119e+01
249.354999,-9.31214442e+01,-6.17062150e+01
249.359999,-9.31212466e+01,-6.17060174e+01
249.364999,-9.31210482e+01,-6.17058189e+01
249.369999,-9.31208488e+01,-6.17056196e+01
249.374999,-9.31206486e+01,-6.17054194e+01
249.379999,-9.31204475e+01,-6.17052183e+01
249.384999,-9.31202457e+01,-6.17050165e+01
249.389999,-9.31200431e+01,-6.17048139e+01
249.394999,-9.31198396e+01,-6.17046104e+01
249.399999,-9.31196353e+01,-6.17044060e+01
249.404999,-9.31194300e+01,-6.17042007e+01
249.409999,-9.31192237e+01,-6.17039945e+01
249.414999,-9.31190167e+01,-6.17037875e+01
249.419999,-9.31188088e+01,-6.17035796e+01
249.424999,-9.31186005e+01,-6.17033713e+01
249.429999,-9.31183918e+01,-6.17031626e+01
249.434999,-9.31181830e+01,-6.17029538e+01
249.439999,-9.31179742e+01,-6.17027450e+01
249.444999,-9.31177658e+01,-6.17025366e+01
249.449999,-9.31175579e+01,-6.17023287e+01
249.454999,-9.31173508e+01,-6.17021216e+01
249.459999,-9.31171445e+01,-6.17019153e+01
249.464999,-9.31169393e+01,-6.17017101e+01
249.469999,-9.31167352e+01,-6.17015060e+01
249.474999,-9.31165321e+01,-6.17013029e+01
249.479999,-9.31163301e+01,-6.17011009e+01
249.484999,-9.31161288e+01,-6.17008996e+01
249.489999,-9.31159282e+01,-6.17006991e+01
249.494999,-9.31157281e+01,-6.17004989e+01
249.499999,-9.31155284e+01,-6.17002992e+01
249.504999,-9.31153290e+01,-6.17000998e+01
249.509999,-9.31151298e+01,-6.16999006e+01
249.514999,-9.31149308e+01,-6.16997016e+01
249.519999,-9.31147320e+01,-6.16995028e+01
249.524999,-9.31145334e+01,-6.16993043e+01
249.529999,-9.31143351e+01,-6.16991060e+01
249.534999,-9.31141370e+01,-6.16989079e+01
249.539999,-9.31139391e+01,-6.16987099e+01
249.544999,-9.31137411e+01,-6.16985120e+01
249.549999,-9.31135432e+01,-6.16983141e+01
249.554999,-9.31133452e+01,-6.16981161e+01
249.559999,-9.31131470e+01,-6.16979178e+01
249.564999,-9.31129485e+01,-6.16977193e+01
249.569999,-9.31127498e+01,-6.16975206e+01
249.574999,-9.31125510e+01,-6.16973218e+01
249.579999,-9.31123522e+01,-6.16971230e+01
249.584999,-9.31121535e+01,-6.16969244e+01
249.589999,-9.31119550e+01,-6.16967258e+01
249.594999,-9.31117565e+01,-6.16965273e+01
249.599999,-9.31115580e+01,-6.16963288e+01
249.604999,-9.31113593e+01,-6.16961301e+01
249.609999,-9.31111601e+01,-6.16959310e+01
249.614999,-9.31109605e+01,-6.16957313e+01
249.619999,-9.31107602e+01,-6.16955311e+01
249.624999,-9.31105592e+01,-6.16953300e+01
249.629999,-9.31103572e+01,-6.16951281e+01
249.634999,-9.31101541e+01,-6.16949250e+01
249.639999,-9.31099497e+01,-6.16947205e+01
249.644999,-9.31097436e+01,-6.16945145e+01
249.649999,-9.31095358e+01,-6.16943066e+01
249.654999,-9.31093260e+01,-6.16940968e+01
249.659999,-9.31091141e+01,-6.16938850e+01
249.664999,-9.31089002e+01,-6.16936710e+01
249.669999,-9.31086841e+01,-6.16934550e+01
249.674999,-9.31084661e+01,-6.16932369e+01
249.679999,-9.31082461e+01,-6.16930169e+01
249.684999,-9.31080242e+01,-6.16927951e+01
249.689999,-9.31078008e+01,-6.16925717e+01
249.694999,-9.31075761e+01,-6.16923470e+01
249.699999,-9.31073504e+01,-6.16921213e+01
249.704999,-9.31071243e+01,-6.16918952e+01
249.709999,-9.31068982e+01,-6.16916691e+01
249.714999,-9.31066724e+01,-6.16914433e+01
249.719999,-9.31064473e+01,-6.16912182e+01
249.724999,-9.31062232e+01,-6.16909941e+01
249.729999,-9.31060003e+01,-6.16907712e+01
249.734999,-9.31057786e+01,-6.16905495e+01
249.739999,-9.31055585e+01,-6.16903294e+01
249.744999,-9.31053399e+01,-6.16901108e+01
249.749999,-9.31051228e+01,-6.16898937e+01
249.754999,-9.31049071e+01,-6.16896780e+01
249.759999,-9.31046926e+01,-6.16894635e+01
249.764999,-9.31044788e+01,-6.16892497e+01
249.769999,-9.31042654e+01,-6.16890364e+01
249.774999,-9.31040521e+01,-6.16888230e+01
249.779999,-9.31038385e+01,-6.16886094e+01
249.784999,-9.31036244e+01,-6.16883953e+01
249.789999,-9.31034095e+01,-6.16881804e+01
249.794999,-9.31031938e+01,-6.16879647e+01
249.799999,-9.31029773e+01,-6.16877482e+01
249.804999,-9.31027602e+01,-6.16875311e+01
249.809999,-9.31025424e+01,-6.16873133e+01
249.814999,-9.31023241e+01,-6.16870950e+01
249.819999,-9.31021054e+01,-6.16868763e+01
249.824999,-9.31018862e+01,-6.16866572e+01
249.829999,-9.31016668e+01,-6.16864377e+01
249.834999,-9.31014470e+01,-6.16862179e+01
249.839999,-9.31012271e+01,-6.16859980e+01
249.844999,-9.31010072e+01,-6.16857781e+01
249.849999,-9.31007875e+01,-6.16855585e+01
249.854999,-9.31005685e+01,-6.16853394e+01
249.859999,-9.31003505e+01,-6.16851214e+01
249.864999,-9.31001337e+01,-6.16849046e+01
249.869999,-9.30999185e+01,-6.16846894e+01
249.874999,-9.30997049e+01,-6.16844759e+01
249.879999,-9.30994930e+01,-6.16842640e+01
249.884999,-9.30992827e+01,-6.16840537e+01
249.889999,-9.30990738e+01,-6.16838447e+01
249.894999,-9.30988660e+01,-6.16836369e+01
249.899999,-9.30986590e+01,-6.16834299e+01
249.904999,-9.30984524e+01,-6.16832234e+01
249.909999,-9.30982458e+01,-6.16830168e+01
249.914999,-9.30980388e+01,-6.16828098e+01
249.919999,-9.30978309e+01,-6.16826018e+01
249.924999,-9.30976215e+01,-6.16823925e+01
249.929999,-9.30974103e+01,-6.16821813e+01
249.934999,-9.30971969e+01,-6.16819679e+01
249.939999,-9.30969810e+01,-6.16817520e+01
249.944999,-9.30967624e+01,-6.16815334e+01
249.949999,-9.30965411e+01,-6.16813121e+01
249.954999,-9.30963170e+01,-6.16810879e+01
249.959999,-9.30960900e+01,-6.16808610e+01
249.964999,-9.30958605e+01,-6.16806315e+01
249.969999,-9.30956287e+01,-6.16803996e+01
249.974999,-9.30953947e+01,-6.16801657e+01
249.979999,-9.30951592e+01,-6.16799302e+01
249.984999,-9.30949225e+01,-6.16796934e+01
249.989999,-9.30946850e+01,-6.16794560e+01
249.994999,-9.30944473e+01,-6.16792182e+01
249.999999,-9.30942096e+01,-6.16789806e+01
