time,T_dna,T_res
200.005000,-8.42281879e+01,-5.28130212e+01
200.010000,-8.42111218e+01,-5.27959661e+01
200.015000,-8.41933510e+01,-5.27781926e+01
200.020000,-8.41777596e+01,-5.27626013e+01
200.025000,-8.41645370e+01,-5.27493789e+01
200.030000,-8.41533159e+01,-5.27381579e+01
200.035000,-8.41436846e+01,-5.27285269e+01
200.040000,-8.41352992e+01,-5.27201417e+01
200.045000,-8.41278934e+01,-5.27127360e+01
200.050000,-8.41212659e+01,-5.27061086e+01
200.055000,-8.41152648e+01,-5.27001076e+01
200.060000,-8.41097749e+01,-5.26946179e+01
200.065000,-8.41047083e+01,-5.26895513e+01
200.070000,-8.40999968e+01,-5.26848400e+01
200.075000,-8.40955872e+01,-5.26804304e+01
200.080000,-8.40914373e+01,-5.26762806e+01
200.085000,-8.40875133e+01,-5.26723566e+01
200.090000,-8.40837878e+01,-5.26686312e+01
200.095000,-8.40802385e+01,-5.26650819e+01
200.100000,-8.40768468e+01,-5.26616903e+01
200.105000,-8.40735971e+01,-5.26584407e+01
200.110000,-8.40704765e+01,-5.26553200e+01
200.115000,-8.40674736e+01,-5.26523172e+01
200.120000,-8.40645790e+01,-5.26494226e+01
200.125000,-8.40617843e+01,-5.26466280e+01
200.130000,-8.40590822e+01,-5.26439259e+01
200.135000,-8.40564664e+01,-5.26413101e+01
200.140000,-8.40539312e+01,-5.26387750e+01
200.145000,-8.40514715e+01,-5.26363154e+01
200.150000,-8.40490830e+01,-5.26339268e+01
200.155000,-8.40467614e+01,-5.26316053e+01
200.160000,-8.40445032e+01,-5.26293471e+01
200.165000,-8.40423049e+01,-5.26271489e+01
200.170000,-8.40401636e+01,-5.26250076e+01
200.175000,-8.40380764e+01,-5.26229204e+01
200.180000,-8.40360408e+01,-5.26208848e+01
200.185000,-8.40340543e+01,-5.26188984e+01
200.190000,-8.40321149e+01,-5.26169589e+01
200.195000,-8.40302204e+01,-5.26150644e+01
200.200000,-8.40283689e+01,-5.26132130e+01
200.205000,-8.40265587e+01,-5.26114029e+01
200.210000,-8.40247882e+01,-5.26096323e+01
200.215000,-8.40230557e+01,-5.26078998e+01
200.220000,-8.40213598e+01,-5.26062040e+01
200.225000,-8.40196991e+01,-5.26045433e+01
200.230000,-8.40180724e+01,-5.26029166e+01
200.235000,-8.40164784e+01,-5.26013227e+01
200.240000,-8.40149160e+01,-5.25997603e+01
200.245000,-8.40133841e+01,-5.25982284e+01
200.250000,-8.40118816e+01,-5.25967259e+01
200.255000,-8.40104076e+01,-5.25952519e+01
200.260000,-8.40089611e+01,-5.25938054e+01
200.265000,-8.40075413e+01,-5.25923856e+01
200.270000,-8.40061472e+01,-5.25909916e+01
200.275000,-8.40047782e+01,-5.25896225e+01
200.280000,-8.40034333e+01,-5.25882777e+01
200.285000,-8.40021120e+01,-5.25869564e+01
200.290000,-8.40008134e+01,-5.25856579e+01
200.295000,-8.39995370e+01,-5.25843815e+01
200.300000,-8.39982821e+01,-5.25831265e+01
200.305000,-8.39970480e+01,-5.25818925e+01
200.310000,-8.39958342e+01,-5.25806787e+01
200.315000,-8.39946401e+01,-5.25794846e+01
200.320000,-8.39934652e+01,-5.25783097e+01
200.325000,-8.39923090e+01,-5.25771535e+01
200.330000,-8.39911709e+01,-5.25760154e+01
200.335000,-8.39900505e+01,-5.25748950e+01
200.340000,-8.39889472e+01,-5.25737918e+01
200.345000,-8.39878608e+01,-5.25727053e+01
200.350000,-8.39867907e+01,-5.25716352e+01
200.355000,-8.39857365e+01,-5.25705810e+01
200.360000,-8.39846978e+01,-5.25695424e+01
200.365000,-8.39836742e+01,-5.25685188e+01
200.370000,-8.39826655e+01,-5.25675101e+01
200.375000,-8.39816711e+01,-5.25665157e+01
200.380000,-8.39806909e+01,-5.25655355e+01
200.385000,-8.39797243e+01,-5.25645689e+01
200.390000,-8.39787712e+01,-5.25636158e+01
200.395000,-8.39778311e+01,-5.25626758e+01
200.400000,-8.39769039e+01,-5.25617486e+01
200.405000,-8.39759892e+01,-5.25608339e+01
200.410000,-8.39750867e+01,-5.25599314e+01
200.415000,-8.39741962e+01,-5.25590409e+01
200.420000,-8.39733173e+01,-5.25581620e+01
200.425000,-8.39724499e+01,-5.25572946e+01
200.430000,-8.39715937e+01,-5.25564384e+01
200.435000,-8.39707484e+01,-5.25555931e+01
200.440000,-8.39699138e+01,-5.25547585e+01
200.445000,-8.39690897e+01,-5.25539345e+01
200.450000,-8.39682759e+01,-5.25531207e+01
200.455000,-8.39674721e+01,-5.25523169e+01
200.460000,-8.39666782e+01,-5.25515230e+01
200.465000,-8.39658939e+01,-5.25507387e+01
200.470000,-8.39651191e+01,-5.25499639e+01
200.475000,-8.39643535e+01,-5.25491983e+01
200.480000,-8.39635971e+01,-5.25484419e+01
200.485000,-8.39628495e+01,-5.25476943e+01
200.490000,-8.39621106e+01,-5.25469554e+01
200.495000,-8.39613803e+01,-5.25462251e+01
200.500000,-8.39606584e+01,-5.25455032e+01
200.505000,-8.39599447e+01,-5.25447895e+01
200.510000,-8.39592390e+01,-5.25440839e+01
200.515000,-8.39585414e+01,-5.25433862e+01
200.520000,-8.39578514e+01,-5.25426963e+01
200.525000,-8.39571691e+01,-5.25420140e+01
200.530000,-8.39564943e+01,-5.25413392e+01
200.535000,-8.39558269e+01,-5.25406717e+01
200.540000,-8.39551666e+01,-5.25400115e+01
200.545000,-8.39545135e+01,-5.25393584e+01
200.550000,-8.39538673e+01,-5.25387122e+01
200.555000,-8.39532280e+01,-5.25380729e+01
200.560000,-8.39525954e+01,-5.25374403e+01
200.565000,-8.39519693e+01,-5.25368142e+01
200.570000,-8.39513498e+01,-5.25361947e+01
200.575000,-8.39507367e+01,-5.25355816e+01
200.580000,-8.39501298e+01,-5.25349747e+01
200.585000,-8.39495291e+01,-5.25343740e+01
200.590000,-8.39489344e+01,-5.25337793e+01
200.595000,-8.39483457e+01,-5.25331906e+01
200.600000,-8.39477628e+01,-5.25326078e+01
200.605000,-8.39471858e+01,-5.25320307e+01
200.610000,-8.39466143e+01,-5.25314593e+01
200.615000,-8.39460485e+01,-5.25308935e+01
200.620000,-8.39454881e+01,-5.25303331e+01
200.625000,-8.39449332e+01,-5.25297781e+01
200.630000,-8.39443835e+01,-5.25292285e+01
200.635000,-8.39438391e+01,-5.25286840e+01
200.640000,-8.39432998e+01,-5.25281448e+01
200.645000,-8.39427655e+01,-5.25276105e+01
200.650000,-8.39422363e+01,-5.25270813e+01
200.655000,-8.39417120e+01,-5.25265570e+01
200.660000,-8.39411924e+01,-5.25260375e+01
200.665000,-8.39406777e+01,-5.25255227e+01
200.670000,-8.39401676e+01,-5.25250126e+01
200.675000,-8.39396622e+01,-5.25245072e+01
200.680000,-8.39391613e+01,-5.25240063e+01
200.685000,-8.39386648e+01,-5.25235099e+01
200.690000,-8.39381728e+01,-5.25230178e+01
200.695000,-8.39376851e+01,-5.25225302e+01
200.700000,-8.39372017e+01,-5.25220468e+01
200.705000,-8.39367226e+01,-5.25215676e+01
200.710000,-8.39362476e+01,-5.25210926e+01
200.715000,-8.39357766e+01,-5.25206217e+01
200.720000,-8.39353098e+01,-5.25201548e+01
200.725000,-8.39348469e+01,-5.25196919e+01
200.730000,-8.39343879e+01,-5.25192330e+01
200.735000,-8.39339328e+01,-5.25187779e+01
200.740000,-8.39334815e+01,-5.25183266e+01
200.745000,-8.39330340e+01,-5.25178791e+01
200.750000,-8.39325902e+01,-5.25174353e+01
200.755000,-8.39321501e+01,-5.25169952e+01
200.760000,-8.39317136e+01,-5.25165587e+01
200.765000,-8.39312806e+01,-5.25161257e+01
200.770000,-8.39308511e+01,-5.25156962e+01
200.775000,-8.39304251e+01,-5.25152703e+01
200.780000,-8.39300026e+01,-5.25148477e+01
200.785000,-8.39295834e+01,-5.25144285e+01
200.790000,-8.39291675e+01,-5.25140126e+01
200.795000,-8.39287549e+01,-5.25136001e+01
200.800000,-8.39283456e+01,-5.25131907e+01
200.805000,-8.39279395e+01,-5.25127846e+01
200.810000,-8.39275365e+01,-5.25123816e+01
200.815000,-8.39271366e+01,-5.25119818e+01
200.820000,-8.39267399e+01,-5.25115850e+01
200.825000,-8.39263461e+01,-5.25111913e+01
200.830000,-8.39259554e+01,-5.25108005e+01
200.835000,-8.39255676e+01,-5.25104128e+01
200.840000,-8.39251828e+01,-5.25100279e+01
200.845000,-8.39248008e+01,-5.25096460e+01
200.850000,-8.39244217e+01,-5.25092669e+01
200.855000,-8.39240454e+01,-5.25088906e+01
200.860000,-8.39236719e+01,-5.25085171e+01
200.865000,-8.39233012e+01,-5.25081463e+01
200.870000,-8.39229331e+01,-5.25077783e+01
200.875000,-8.39225678e+01,-5.25074129e+01
200.880000,-8.39222050e+01,-5.25070502e+01
200.885000,-8.39218450e+01,-5.25066901e+01
200.890000,-8.39214875e+01,-5.25063326e+01
200.895000,-8.39211325e+01,-5.25059777e+01
200.900000,-8.39207801e+01,-5.25056253e+01
200.905000,-8.39204302e+01,-5.25052754e+01
200.910000,-8.39200827e+01,-5.25049279e+01
200.915000,-8.39197377e+01,-5.25045829e+01
200.920000,-8.39193951e+01,-5.25042403e+01
200.925000,-8.39190548e+01,-5.25039001e+01
200.930000,-8.39187170e+01,-5.25035622e+01
200.935000,-8.39183814e+01,-5.25032266e+01
200.940000,-8.39180482e+01,-5.25028934e+01
200.945000,-8.39177172e+01,-5.25025624e+01
200.950000,-8.39173885e+01,-5.25022337e+01
200.955000,-8.39170620e+01,-5.25019072e+01
200.960000,-8.39167377e+01,-5.25015829e+01
200.965000,-8.39164155e+01,-5.25012608e+01
200.970000,-8.39160956e+01,-5.25009408e+01
200.975000,-8.39157777e+01,-5.25006230e+01
200.980000,-8.39154620e+01,-5.25003072e+01
200.985000,-8.39151483e+01,-5.24999935e+01
200.990000,-8.39148367e+01,-5.24996819e+01
200.995000,-8.39145271e+01,-5.24993724e+01
201.000000,-8.39142195e+01,-5.24990648e+01
201.005000,-8.39139140e+01,-5.24987592e+01
201.010000,-8.39136104e+01,-5.24984556e+01
201.015000,-8.39133087e+01,-5.24981540e+01
201.020000,-8.39130090e+01,-5.24978543e+01
201.025000,-8.39127112e+01,-5.24975564e+01
201.030000,-8.39124152e+01,-5.24972605e+01
201.035000,-8.39121212e+01,-5.24969664e+01
201.040000,-8.39118289e+01,-5.24966742e+01
201.045000,-8.39115386e+01,-5.24963838e+01
201.050000,-8.39112500e+01,-5.24960953e+01
201.055000,-8.39109632e+01,-5.24958085e+01
201.060000,-8.39106782e+01,-5.24955235e+01
201.065000,-8.39103949e+01,-5.24952402e+01
201.070000,-8.39101134e+01,-5.24949587e+01
201.075000,-8.39098336e+01,-5.24946789e+01
201.080000,-8.39095555e+01,-5.24944008e+01
201.085000,-8.39092791e+01,-5.24941244e+01
201.090000,-8.39090043e+01,-5.24938496e+01
201.095000,-8.39087312e+01,-5.24935765e+01
201.100000,-8.39084598e+01,-5.24933051e+01
201.105000,-8.39081899e+01,-5.24930352e+01
201.110000,-8.39079217e+01,-5.24927670e+01
201.115000,-8.39076550e+01,-5.24925003e+01
201.120000,-8.39073899e+01,-5.24922352e+01
201.125000,-8.39071264e+01,-5.24919717e+01
201.130000,-8.39068644e+01,-5.24917097e+01
201.135000,-8.39066039e+01,-5.24914493e+01
201.140000,-8.39063450e+01,-5.24911903e+01
201.145000,-8.39060875e+01,-5.24909329e+01
201.150000,-8.39058315e+01,-5.24906769e+01
201.155000,-8.39055770e+01,-5.24904224e+01
201.160000,-8.39053240e+01,-5.24901693e+01
201.165000,-8.39050724e+01,-5.24899177e+01
201.170000,-8.39048222e+01,-5.24896675e+01
201.175000,-8.39045734e+01,-5.24894188e+01
201.180000,-8.39043260e+01,-5.24891714e+01
201.185000,-8.39040801e+01,-5.24889254e+01
201.190000,-8.39038354e+01,-5.24886808e+01
201.195000,-8.39035922e+01,-5.24884375e+01
201.200000,-8.39033503e+01,-5.24881956e+01
201.205000,-8.39031097e+01,-5.24879551e+01
201.210000,-8.39028705e+01,-5.24877158e+01
201.215000,-8.39026326e+01,-5.24874779e+01
201.220000,-8.39023959e+01,-5.24872413e+01
201.225000,-8.39021606e+01,-5.24870060e+01
201.230000,-8.39019265e+01,-5.24867719e+01
201.235000,-8.39016937e+01,-5.24865391e+01
201.240000,-8.39014622e+01,-5.24863076e+01
201.245000,-8.39012319e+01,-5.24860773e+01
201.250000,-8.39010028e+01,-5.24858482e+01
201.255000,-8.39007750e+01,-5.24856203e+01
201.260000,-8.39005483e+01,-5.24853937e+01
201.265000,-8.39003229e+01,-5.24851683e+01
201.270000,-8.39000986e+01,-5.24849440e+01
201.275000,-8.38998756e+01,-5.24847210e+01
201.280000,-8.38996537e+01,-5.24844990e+01
201.285000,-8.38994329e+01,-5.24842783e+01
201.290000,-8.38992133e+01,-5.24840587e+01
201.295000,-8.38989949e+01,-5.24838403e+01
201.300000,-8.38987775e+01,-5.24836229e+01
201.305000,-8.38985613e+01,-5.24834067e+01
201.310000,-8.38983462e+01,-5.24831916e+01
201.315000,-8.38981322e+01,-5.24829776e+01
201.320000,-8.38979193e+01,-5.24827647e+01
201.325000,-8.38977075e+01,-5.24825529e+01
201.330000,-8.38974967e+01,-5.24823421e+01
201.335000,-8.38972870e+01,-5.24821324e+01
201.340000,-8.38970784e+01,-5.24819238e+01
201.345000,-8.38968708e+01,-5.24817162e+01
201.350000,-8.38966642e+01,-5.24815096e+01
201.355000,-8.38964587e+01,-5.24813041e+01
201.360000,-8.38962542e+01,-5.24810996e+01
201.365000,-8.38960507e+01,-5.24808961e+01
201.370000,-8.38958482e+01,-5.24806936e+01
201.375000,-8.38956467e+01,-5.24804921e+01
201.380000,-8.38954462e+01,-5.24802916e+01
201.385000,-8.38952466e+01,-5.24800921e+01
201.390000,-8.38950481e+01,-5.24798935e+01
201.395000,-8.38948505e+01,-5.24796959e+01
201.400000,-8.38946538e+01,-5.24794993e+01
201.405000,-8.38944581e+01,-5.24793036e+01
201.410000,-8.38942634e+01,-5.24791088e+01
201.415000,-8.38940696e+01,-5.24789150e+01
201.420000,-8.38938767e+01,-5.24787221e+01
201.425000,-8.38936847e+01,-5.24785301e+01
201.430000,-8.38934936e+01,-5.24783390e+01
201.435000,-8.38933034e+01,-5.24781489e+01
201.440000,-8.38931142e+01,-5.24779596e+01
201.445000,-8.38929258e+01,-5.24777712e+01
201.450000,-8.38927383e+01,-5.24775837e+01
201.455000,-8.38925517e+01,-5.24773971e+01
201.460000,-8.38923659e+01,-5.24772114e+01
201.465000,-8.38921810e+01,-5.24770265e+01
201.470000,-8.38919970e+01,-5.24768424e+01
201.475000,-8.38918138e+01,-5.24766593e+01
201.480000,-8.38916315e+01,-5.24764769e+01
201.485000,-8.38914499e+01,-5.24762954e+01
201.490000,-8.38912693e+01,-5.24761147e+01
201.495000,-8.38910894e+01,-5.24759349e+01
201.500000,-8.38909104e+01,-5.24757558e+01
201.505000,-8.38907322e+01,-5.24755776e+01
201.510000,-8.38905547e+01,-5.24754002e+01
201.515000,-8.38903781e+01,-5.24752236e+01
201.520000,-8.38902023e+01,-5.24750478e+01
201.525000,-8.38900272e+01,-5.24748727e+01
201.530000,-8.38898530e+01,-5.24746985e+01
201.535000,-8.38896795e+01,-5.24745250e+01
201.540000,-8.38895068e+01,-5.24743523e+01
201.545000,-8.38893348e+01,-5.24741803e+01
201.550000,-8.38891636e+01,-5.24740091e+01
201.555000,-8.38889932e+01,-5.24738387e+01
201.560000,-8.38888235e+01,-5.24736690e+01
201.565000,-8.38886546e+01,-5.24735001e+01
201.570000,-8.38884864e+01,-5.24733318e+01
201.575000,-8.38883189e+01,-5.24731644e+01
201.580000,-8.38881521e+01,-5.24729976e+01
201.585000,-8.38879861e+01,-5.24728316e+01
201.590000,-8.38878208e+01,-5.24726663e+01
201.595000,-8.38876562e+01,-5.24725017e+01
201.600000,-8.38874923e+01,-5.24723378e+01
201.605000,-8.38873291e+01,-5.24721746e+01
201.610000,-8.38871666e+01,-5.24720121e+01
201.615000,-8.38870047e+01,-5.24718502e+01
201.620000,-8.38868436e+01,-5.24716891e+01
201.625000,-8.38866832e+01,-5.24715287e+01
201.630000,-8.38865234e+01,-5.24713689e+01
201.635000,-8.38863643e+01,-5.24712098e+01
201.640000,-8.38862059e+01,-5.24710514e+01
201.645000,-8.38860481e+01,-5.24708936e+01
201.650000,-8.38858910e+01,-5.24707365e+01
201.655000,-8.38857345e+01,-5.24705800e+01
201.660000,-8.38855787e+01,-5.24704242e+01
201.665000,-8.38854235e+01,-5.24702691e+01
201.670000,-8.38852690e+01,-5.24701145e+01
201.675000,-8.38851151e+01,-5.24699607e+01
201.680000,-8.38849619e+01,-5.24698074e+01
201.685000,-8.38848092e+01,-5.24696548e+01
201.690000,-8.38846572e+01,-5.24695028e+01
201.695000,-8.38845058e+01,-5.24693514e+01
201.700000,-8.38843551e+01,-5.24692006e+01
201.705000,-8.38842049e+01,-5.24690504e+01
201.710000,-8.38840553e+01,-5.24689009e+01
201.715000,-8.38839064e+01,-5.24687519e+01
201.720000,-8.38837580e+01,-5.24686035e+01
201.725000,-8.38836102e+01,-5.24684558e+01
201.730000,-8.38834631e+01,-5.24683086e+01
201.735000,-8.38833165e+01,-5.24681620e+01
201.740000,-8.38831705e+01,-5.24680160e+01
201.745000,-8.38830250e+01,-5.24678706e+01
201.750000,-8.38828802e+01,-5.24677257e+01
201.755000,-8.38827359e+01,-5.24675814e+01
201.760000,-8.38825922e+01,-5.24674377e+01
201.765000,-8.38824490e+01,-5.24672946e+01
201.770000,-8.38823064e+01,-5.24671520e+01
201.775000,-8.38821644e+01,-5.24670099e+01
201.780000,-8.38820229e+01,-5.24668684e+01
201.785000,-8.38818820e+01,-5.24667275e+01
201.790000,-8.38817416e+01,-5.24665871e+01
201.795000,-8.38816017e+01,-5.24664473e+01
201.800000,-8.38814624e+01,-5.24663079e+01
201.805000,-8.38813236e+01,-5.24661692e+01
201.810000,-8.38811854e+01,-5.24660309e+01
201.815000,-8.38810477e+01,-5.24658932e+01
201.820000,-8.38809105e+01,-5.24657560e+01
201.825000,-8.38807738e+01,-5.24656194e+01
201.830000,-8.38806376e+01,-5.24654832e+01
201.835000,-8.38805020e+01,-5.24653476e+01
201.840000,-8.38803669e+01,-5.24652124e+01
201.845000,-8.38802323e+01,-5.24650778e+01
201.850000,-8.38800982e+01,-5.24649437e+01
201.855000,-8.38799645e+01,-5.24648101e+01
201.860000,-8.38798314e+01,-5.24646770e+01
201.865000,-8.38796988e+01,-5.24645444e+01
201.870000,-8.38795667e+01,-5.24644123e+01
201.875000,-8.38794351e+01,-5.24642806e+01
201.880000,-8.38793039e+01,-5.24641495e+01
201.885000,-8.38791733e+01,-5.24640188e+01
201.890000,-8.38790431e+01,-5.24638887e+01
201.895000,-8.38789134e+01,-5.24637590e+01
201.900000,-8.38787842e+01,-5.24636297e+01
201.905000,-8.38786554e+01,-5.24635010e+01
201.910000,-8.38785271e+01,-5.24633727e+01
201.915000,-8.38783993e+01,-5.24632449e+01
201.920000,-8.38782720e+01,-5.24631175e+01
201.925000,-8.38781451e+01,-5.24629907e+01
201.930000,-8.38780186e+01,-5.24628642e+01
201.935000,-8.38778927e+01,-5.24627382e+01
201.940000,-8.38777671e+01,-5.24626127e+01
201.945000,-8.38776421e+01,-5.24624876e+01
201.950000,-8.38775174e+01,-5.24623630e+01
201.955000,-8.38773933e+01,-5.24622388e+01
201.960000,-8.38772695e+01,-5.24621151e+01
201.965000,-8.38771462e+01,-5.24619918e+01
201.970000,-8.38770233e+01,-5.24618689e+01
201.975000,-8.38769009e+01,-5.24617465e+01
201.980000,-8.38767789e+01,-5.24616245e+01
201.985000,-8.38766573e+01,-5.24615029e+01
201.990000,-8.38765362e+01,-5.24613818e+01
201.995000,-8.38764155e+01,-5.24612611e+01
202.000000,-8.38762952e+01,-5.24611408e+01
202.005000,-8.38761753e+01,-5.24610209e+01
202.010000,-8.38760559e+01,-5.24609015e+01
202.015000,-8.38759368e+01,-5.24607824e+01
202.020000,-8.38758182e+01,-5.24606638e+01
202.025000,-8.38757000e+01,-5.24605456e+01
202.030000,-8.38755821e+01,-5.24604278e+01
202.035000,-8.38754647e+01,-5.24603103e+01
202.040000,-8.38753477e+01,-5.24601933e+01
202.045000,-8.38752311e+01,-5.24600767e+01
202.050000,-8.38751149e+01,-5.24599605e+01
202.055000,-8.38749991e+01,-5.24598447e+01
202.060000,-8.38748837e+01,-5.24597293e+01
202.065000,-8.38747687e+01,-5.24596143e+01
202.070000,-8.38746540e+01,-5.24594996e+01
202.075000,-8.38745398e+01,-5.24593854e+01
202.080000,-8.38744259e+01,-5.24592715e+01
202.085000,-8.38743124e+01,-5.24591580e+01
202.090000,-8.38741993e+01,-5.24590449e+01
202.095000,-8.38740866e+01,-5.24589322e+01
202.100000,-8.38739743e+01,-5.24588199e+01
202.105000,-8.38738623e+01,-5.24587079e+01
202.110000,-8.38737507e+01,-5.24585963e+01
202.115000,-8.38736395e+01,-5.24584851e+01
202.120000,-8.38735286e+01,-5.24583742e+01
202.125000,-8.38734181e+01,-5.24582637e+01
202.130000,-8.38733080e+01,-5.24581536e+01
202.135000,-8.38731982e+01,-5.24580438e+01
202.140000,-8.38730888e+01,-5.24579344e+01
202.145000,-8.38729797e+01,-5.24578254e+01
202.150000,-8.38728710e+01,-5.24577167e+01
202.155000,-8.38727627e+01,-5.24576083e+01
202.160000,-8.38726547e+01,-5.24575003e+01
202.165000,-8.38725471e+01,-5.24573927e+01
202.170000,-8.38724398e+01,-5.24572854e+01
202.175000,-8.38723328e+01,-5.24571785e+01
202.180000,-8.38722263e+01,-5.24570719e+01
202.185000,-8.38721200e+01,-5.24569656e+01
202.190000,-8.38720141e+01,-5.24568597e+01
202.195000,-8.38719085e+01,-5.24567542e+01
202.200000,-8.38718033e+01,-5.24566489e+01
202.205000,-8.38716984e+01,-5.24565440e+01
202.210000,-8.38715938e+01,-5.24564395e+01
202.215000,-8.38714896e+01,-5.24563352e+01
202.220000,-8.38713857e+01,-5.24562313e+01
202.225000,-8.38712821e+01,-5.24561277e+01
202.230000,-8.38711789e+01,-5.24560245e+01
202.235000,-8.38710759e+01,-5.24559216e+01
202.240000,-8.38709733e+01,-5.24558190e+01
202.245000,-8.38708711e+01,-5.24557167e+01
202.250000,-8.38707691e+01,-5.24556148e+01
202.255000,-8.38706675e+01,-5.24555131e+01
202.260000,-8.38705662e+01,-5.24554118e+01
202.265000,-8.38704652e+01,-5.24553108e+01
202.270000,-8.38703645e+01,-5.24552101e+01
202.275000,-8.38702641e+01,-5.24551097e+01
202.280000,-8.38701640e+01,-5.24550097e+01
202.285000,-8.38700643e+01,-5.24549099e+01
202.290000,-8.38699648e+01,-5.24548105e+01
202.295000,-8.38698657e+01,-5.24547113e+01
202.300000,-8.38697668e+01,-5.24546125e+01
202.305000,-8.38696683e+01,-5.24545139e+01
202.310000,-8.38695700e+01,-5.24544157e+01
202.315000,-8.38694721e+01,-5.24543177e+01
202.320000,-8.38693745e+01,-5.24542201e+01
202.325000,-8.38692771e+01,-5.24541228e+01
202.330000,-8.38691801e+01,-5.24540257e+01
202.335000,-8.38690833e+01,-5.24539290e+01
202.340000,-8.38689868e+01,-5.24538325e+01
202.345000,-8.38688907e+01,-5.24537363e+01
202.350000,-8.38687948e+01,-5.24536404e+01
202.355000,-8.38686992e+01,-5.24535448e+01
202.360000,-8.38686039e+01,-5.24534495e+01
202.365000,-8.38685088e+01,-5.24533545e+01
202.370000,-8.38684141e+01,-5.24532598e+01
202.375000,-8.38683196e+01,-5.24531653e+01
202.380000,-8.38682255e+01,-5.24530711e+01
202.385000,-8.38681315e+01,-5.24529772e+01
202.390000,-8.38680379e+01,-5.24528836e+01
202.395000,-8.38679446e+01,-5.24527902e+01
202.400000,-8.38678515e+01,-5.24526972e+01
202.405000,-8.38677587e+01,-5.24526044e+01
202.410000,-8.38676662e+01,-5.24525118e+01
202.415000,-8.38675739e+01,-5.24524196e+01
202.420000,-8.38674819e+01,-5.24523276e+01
202.425000,-8.38673902e+01,-5.24522359e+01
202.430000,-8.38672988e+01,-5.24521444e+01
202.435000,-8.38672076e+01,-5.24520533e+01
202.440000,-8.38671167e+01,-5.24519623e+01
202.445000,-8.38670260e+01,-5.24518717e+01
202.450000,-8.38669356e+01,-5.24517813e+01
202.455000,-8.38668455e+01,-5.24516911e+01
202.460000,-8.38667556e+01,-5.24516013e+01
202.465000,-8.38666660e+01,-5.24515117e+01
202.470000,-8.38665766e+01,-5.24514223e+01
202.475000,-8.38664875e+01,-5.24513332e+01
202.480000,-8.38663987e+01,-5.24512443e+01
202.485000,-8.38663101e+01,-5.24511557e+01
202.490000,-8.38662217e+01,-5.24510674e+01
202.495000,-8.38661336e+01,-5.24509793e+01
202.500000,-8.38660458e+01,-5.24508915e+01
202.505000,-8.38659582e+01,-5.24508039e+01
202.510000,-8.38658708e+01,-5.24507165e+01
202.515000,-8.38657837e+01,-5.24506294e+01
202.520000,-8.38656969e+01,-5.24505426e+01
202.525000,-8.38656102e+01,-5.24504559e+01
202.530000,-8.38655239e+01,-5.24503696e+01
202.535000,-8.38654377e+01,-5.24502834e+01
202.540000,-8.38653519e+01,-5.24501975e+01
202.545000,-8.38652662e+01,-5.24501119e+01
202.550000,-8.38651808e+01,-5.24500265e+01
202.555000,-8.38650956e+01,-5.24499413e+01
202.560000,-8.38650107e+01,-5.24498564e+01
202.565000,-8.38649260e+01,-5.24497717e+01
202.570000,-8.38648415e+01,-5.24496872e+01
202.575000,-8.38647573e+01,-5.24496029e+01
202.580000,-8.38646732e+01,-5.24495189e+01
202.585000,-8.38645895e+01,-5.24494352e+01
202.590000,-8.38645059e+01,-5.24493516e+01
202.595000,-8.38644226e+01,-5.24492683e+01
202.600000,-8.38643395e+01,-5.24491852e+01
202.605000,-8.38642566e+01,-5.24491023e+01
202.610000,-8.38641740e+01,-5.24490197e+01
202.615000,-8.38640916e+01,-5.24489373e+01
202.620000,-8.38640094e+01,-5.24488551e+01
202.625000,-8.38639274e+01,-5.24487731e+01
202.630000,-8.38638457e+01,-5.24486914e+01
202.635000,-8.38637641e+01,-5.24486098e+01
202.640000,-8.38636828e+01,-5.24485285e+01
202.645000,-8.38636017e+01,-5.24484474e+01
202.650000,-8.38635208e+01,-5.24483666e+01
202.655000,-8.38634402e+01,-5.24482859e+01
202.660000,-8.38633597e+01,-5.24482054e+01
202.665000,-8.38632795e+01,-5.24481252e+01
202.670000,-8.38631995e+01,-5.24480452e+01
202.675000,-8.38631197e+01,-5.24479654e+01
202.680000,-8.38630401e+01,-5.24478858e+01
202.685000,-8.38629607e+01,-5.24478064e+01
202.690000,-8.38628815e+01,-5.24477272e+01
202.695000,-8.38628026e+01,-5.24476483e+01
202.700000,-8.38627238e+01,-5.24475695e+01
202.705000,-8.38626453e+01,-5.24474910e+01
202.710000,-8.38625669e+01,-5.24474126e+01
202.715000,-8.38624888e+01,-5.24473345e+01
202.720000,-8.38624108e+01,-5.24472566e+01
202.725000,-8.38623331e+01,-5.24471788e+01
202.730000,-8.38622556e+01,-5.24471013e+01
202.735000,-8.38621782e+01,-5.24470240e+01
202.740000,-8.38621011e+01,-5.24469468e+01
202.745000,-8.38620242e+01,-5.24468699e+01
202.750000,-8.38619474e+01,-5.24467932e+01
202.755000,-8.38618709e+01,-5.24467166e+01
202.760000,-8.38617946e+01,-5.24466403e+01
202.765000,-8.38617184e+01,-5.24465642e+01
202.770000,-8.38616425e+01,-5.24464882e+01
202.775000,-8.38615667e+01,-5.24464125e+01
202.780000,-8.38614912e+01,-5.24463369e+01
202.785000,-8.38614158e+01,-5.24462615e+01
202.790000,-8.38613406e+01,-5.24461864e+01
202.795000,-8.38612656e+01,-5.24461114e+01
202.800000,-8.38611909e+01,-5.24460366e+01
202.805000,-8.38611162e+01,-5.24459620e+01
202.810000,-8.38610418e+01,-5.24458876e+01
202.815000,-8.38609676e+01,-5.24458133e+01
202.820000,-8.38608936e+01,-5.24457393e+01
202.825000,-8.38608197e+01,-5.24456654e+01
202.830000,-8.38607460e+01,-5.24455918e+01
202.835000,-8.38606726e+01,-5.24455183e+01
202.840000,-8.38605993e+01,-5.24454450e+01
202.845000,-8.38605261e+01,-5.24453719e+01
202.850000,-8.38604532e+01,-5.24452989e+01
202.855000,-8.38603804e+01,-5.24452262e+01
202.860000,-8.38603079e+01,-5.24451536e+01
202.865000,-8.38602355e+01,-5.24450812e+01
202.870000,-8.38601633e+01,-5.24450090e+01
202.875000,-8.38600912e+01,-5.24449370e+01
202.880000,-8.38600194e+01,-5.24448651e+01
202.885000,-8.38599477e+01,-5.24447934e+01
202.890000,-8.38598762e+01,-5.24447219e+01
202.895000,-8.38598048e+01,-5.24446506e+01
202.900000,-8.38597337e+01,-5.24445794e+01
202.905000,-8.38596627e+01,-5.24445084e+01
202.910000,-8.38595919e+01,-5.24444376e+01
202.915000,-8.38595212e+01,-5.24443670e+01
202.920000,-8.38594508e+01,-5.24442965e+01
202.925000,-8.38593805e+01,-5.24442262e+01
202.930000,-8.38593104e+01,-5.24441561e+01
202.935000,-8.38592404e+01,-5.24440861e+01
202.940000,-8.38591706e+01,-5.24440164e+01
202.945000,-8.38591010e+01,-5.24439467e+01
202.950000,-8.38590315e+01,-5.24438773e+01
202.955000,-8.38589623e+01,-5.24438080e+01
202.960000,-8.38588931e+01,-5.24437389e+01
202.965000,-8.38588242e+01,-5.24436699e+01
202.970000,-8.38587554e+01,-5.24436012e+01
202.975000,-8.38586868e+01,-5.24435325e+01
202.980000,-8.38586183e+01,-5.24434641e+01
202.985000,-8.38585500e+01,-5.24433958e+01
202.990000,-8.38584819e+01,-5.24433276e+01
202.995000,-8.38584139e+01,-5.24432597e+01
203.000000,-8.38583461e+01,-5.24431918e+01
203.005000,-8.38582784e+01,-5.24431242e+01
203.010000,-8.38582109e+01,-5.24430567e+01
203.015000,-8.38581436e+01,-5.24429894e+01
203.020000,-8.38580764e+01,-5.24429222e+01
203.025000,-8.38580094e+01,-5.24428552e+01
203.030000,-8.38579425e+01,-5.24427883e+01
203.035000,-8.38578758e+01,-5.24427216e+01
203.040000,-8.38578093e+01,-5.24426550e+01
203.045000,-8.38577429e+01,-5.24425886e+01
203.050000,-8.38576766e+01,-5.24425224e+01
203.055000,-8.38576106e+01,-5.24424563e+01
203.060000,-8.38575446e+01,-5.24423904e+01
203.065000,-8.38574788e+01,-5.24423246e+01
203.070000,-8.38574132e+01,-5.24422590e+01
203.075000,-8.38573477e+01,-5.24421935e+01
203.080000,-8.38572824e+01,-5.24421281e+01
203.085000,-8.38572172e+01,-5.24420630e+01
203.090000,-8.38571522e+01,-5.24419979e+01
203.095000,-8.38570873e+01,-5.24419331e+01
203.100000,-8.38570226e+01,-5.24418683e+01
203.105000,-8.38569580e+01,-5.24418037e+01
203.110000,-8.38568935e+01,-5.24417393e+01
203.115000,-8.38568292e+01,-5.24416750e+01
203.120000,-8.38567651e+01,-5.24416109e+01
203.125000,-8.38567011e+01,-5.24415469e+01
203.130000,-8.38566372e+01,-5.24414830e+01
203.135000,-8.38565735e+01,-5.24414193e+01
203.140000,-8.38565099e+01,-5.24413557e+01
203.145000,-8.38564465e+01,-5.24412923e+01
203.150000,-8.38563832e+01,-5.24412290e+01
203.155000,-8.38563201e+01,-5.24411659e+01
203.160000,-8.38562571e+01,-5.24411029e+01
203.165000,-8.38561942e+01,-5.24410400e+01
203.170000,-8.38561315e+01,-5.24409773e+01
203.175000,-8.38560689e+01,-5.24409147e+01
203.180000,-8.38560065e+01,-5.24408523e+01
203.185000,-8.38559442e+01,-5.24407899e+01
203.190000,-8.38558820e+01,-5.24407278e+01
203.195000,-8.38558200e+01,-5.24406658e+01
203.200000,-8.38557581e+01,-5.24406039e+01
203.205000,-8.38556963e+01,-5.24405421e+01
203.210000,-8.38556347e+01,-5.24404805e+01
203.215000,-8.38555732e+01,-5.24404190e+01
203.220000,-8.38555119e+01,-5.24403577e+01
203.225000,-8.38554507e+01,-5.24402964e+01
203.230000,-8.38553896e+01,-5.24402354e+01
203.235000,-8.38553286e+01,-5.24401744e+01
203.240000,-8.38552678e+01,-5.24401136e+01
203.245000,-8.38552071e+01,-5.24400529e+01
203.250000,-8.38551466e+01,-5.24399924e+01
203.255000,-8.38550862e+01,-5.24399319e+01
203.260000,-8.38550259e+01,-5.24398717e+01
203.265000,-8.38549657e+01,-5.24398115e+01
203.270000,-8.38549057e+01,-5.24397515e+01
203.275000,-8.38548458e+01,-5.24396916e+01
203.280000,-8.38547860e+01,-5.24396318e+01
203.285000,-8.38547264e+01,-5.24395722e+01
203.290000,-8.38546669e+01,-5.24395126e+01
203.295000,-8.38546075e+01,-5.24394533e+01
203.300000,-8.38545482e+01,-5.24393940e+01
203.305000,-8.38544891e+01,-5.24393349e+01
203.310000,-8.38544301e+01,-5.24392758e+01
203.315000,-8.38543712e+01,-5.24392170e+01
203.320000,-8.38543124e+01,-5.24391582e+01
203.325000,-8.38542538e+01,-5.24390996e+01
203.330000,-8.38541953e+01,-5.24390411e+01
203.335000,-8.38541369e+01,-5.24389827e+01
203.340000,-8.38540786e+01,-5.24389244e+01
203.345000,-8.38540205e+01,-5.24388663e+01
203.350000,-8.38539625e+01,-5.24388082e+01
203.355000,-8.38539046e+01,-5.24387503e+01
203.360000,-8.38538468e+01,-5.24386926e+01
203.365000,-8.38537891e+01,-5.24386349e+01
203.370000,-8.38537316e+01,-5.24385774e+01
203.375000,-8.38536742e+01,-5.24385200e+01
203.380000,-8.38536169e+01,-5.24384627e+01
203.385000,-8.38535597e+01,-5.24384055e+01
203.390000,-8.38535026e+01,-5.24383484e+01
203.395000,-8.38534457e+01,-5.24382915e+01
203.400000,-8.38533889e+01,-5.24382347e+01
203.405000,-8.38533321e+01,-5.24381779e+01
203.410000,-8.38532756e+01,-5.24381214e+01
203.415000,-8.38532191e+01,-5.24380649e+01
203.420000,-8.38531627e+01,-5.24380085e+01
203.425000,-8.38531065e+01,-5.24379523e+01
203.430000,-8.38530503e+01,-5.24378961e+01
203.435000,-8.38529943e+01,-5.24378401e+01
203.440000,-8.38529384e+01,-5.24377842e+01
203.445000,-8.38528826e+01,-5.24377284e+01
203.450000,-8.38528270e+01,-5.24376728e+01
203.455000,-8.38527714e+01,-5.24376172e+01
203.460000,-8.38527160e+01,-5.24375618e+01
203.465000,-8.38526606e+01,-5.24375064e+01
203.470000,-8.38526054e+01,-5.24374512e+01
203.475000,-8.38525503e+01,-5.24373961e+01
203.480000,-8.38524953e+01,-5.24373411e+01
203.485000,-8.38524404e+01,-5.24372862e+01
203.490000,-8.38523856e+01,-5.24372314e+01
203.495000,-8.38523309e+01,-5.24371767e+01
203.500000,-8.38522764e+01,-5.24371222e+01
203.505000,-8.38522219e+01,-5.24370677e+01
203.510000,-8.38521676e+01,-5.24370134e+01
203.515000,-8.38521133e+01,-5.24369591e+01
203.520000,-8.38520592e+01,-5.24369050e+01
203.525000,-8.38520052e+01,-5.24368510e+01
203.530000,-8.38519512e+01,-5.24367970e+01
203.535000,-8.38518974e+01,-5.24367432e+01
203.540000,-8.38518437e+01,-5.24366895e+01
203.545000,-8.38517901e+01,-5.24366359e+01
203.550000,-8.38517366e+01,-5.24365824e+01
203.555000,-8.38516832e+01,-5.24365290e+01
203.560000,-8.38516299e+01,-5.24364758e+01
203.565000,-8.38515768e+01,-5.24364226e+01
203.570000,-8.38515237e+01,-5.24363695e+01
203.575000,-8.38514707e+01,-5.24363165e+01
203.580000,-8.38514178e+01,-5.24362637e+01
203.585000,-8.38513651e+01,-5.24362109e+01
203.590000,-8.38513124e+01,-5.24361582e+01
203.595000,-8.38512598e+01,-5.24361056e+01
203.600000,-8.38512074e+01,-5.24360532e+01
203.605000,-8.38511550e+01,-5.24360008e+01
203.610000,-8.38511027e+01,-5.24359486e+01
203.615000,-8.38510506e+01,-5.24358964e+01
203.620000,-8.38509985e+01,-5.24358443e+01
203.625000,-8.38509466e+01,-5.24357924e+01
203.630000,-8.38508947e+01,-5.24357405e+01
203.635000,-8.38508429e+01,-5.24356887e+01
203.640000,-8.38507913e+01,-5.24356371e+01
203.645000,-8.38507397e+01,-5.24355855e+01
203.650000,-8.38506882e+01,-5.24355340e+01
203.655000,-8.38506369e+01,-5.24354827e+01
203.660000,-8.38505856e+01,-5.24354314e+01
203.665000,-8.38505344e+01,-5.24353802e+01
203.670000,-8.38504833e+01,-5.24353291e+01
203.675000,-8.38504323e+01,-5.24352782e+01
203.680000,-8.38503815e+01,-5.24352273e+01
203.685000,-8.38503307e+01,-5.24351765e+01
203.690000,-8.38502800e+01,-5.24351258e+01
203.695000,-8.38502294e+01,-5.24350752e+01
203.700000,-8.38501788e+01,-5.24350247e+01
203.705000,-8.38501284e+01,-5.24349743e+01
203.710000,-8.38500781e+01,-5.24349239e+01
203.715000,-8.38500279e+01,-5.24348737e+01
203.720000,-8.38499777e+01,-5.24348236e+01
203.725000,-8.38499277e+01,-5.24347735e+01
203.730000,-8.38498778e+01,-5.24347236e+01
203.735000,-8.38498279e+01,-5.24346737e+01
203.740000,-8.38497781e+01,-5.24346240e+01
203.745000,-8.38497285e+01,-5.24345743e+01
203.750000,-8.38496789e+01,-5.24345247e+01
203.755000,-8.38496294e+01,-5.24344752e+01
203.760000,-8.38495800e+01,-5.24344258e+01
203.765000,-8.38495307e+01,-5.24343765e+01
203.770000,-8.38494814e+01,-5.24343273e+01
203.775000,-8.38494323e+01,-5.24342781e+01
203.780000,-8.38493833e+01,-5.24342291e+01
203.785000,-8.38493343e+01,-5.24341801e+01
203.790000,-8.38492855e+01,-5.24341313e+01
203.795000,-8.38492367e+01,-5.24340825e+01
203.800000,-8.38491880e+01,-5.24340338e+01
203.805000,-8.38491394e+01,-5.24339852e+01
203.810000,-8.38490909e+01,-5.24339367e+01
203.815000,-8.38490425e+01,-5.24338883e+01
203.820000,-8.38489941e+01,-5.24338399e+01
203.825000,-8.38489459e+01,-5.24337917e+01
203.830000,-8.38488977e+01,-5.24337435e+01
203.835000,-8.38488496e+01,-5.24336954e+01
203.840000,-8.38488016e+01,-5.24336475e+01
203.845000,-8.38487537e+01,-5.24335995e+01
203.850000,-8.38487059e+01,-5.24335517e+01
203.855000,-8.38486581e+01,-5.24335040e+01
203.860000,-8.38486105e+01,-5.24334563e+01
203.865000,-8.38485629e+01,-5.24334088e+01
203.870000,-8.38485154e+01,-5.24333613e+01
203.875000,-8.38484680e+01,-5.24333139e+01
203.880000,-8.38484207e+01,-5.24332665e+01
203.885000,-8.38483735e+01,-5.24332193e+01
203.890000,-8.38483263e+01,-5.24331722e+01
203.895000,-8.38482792e+01,-5.24331251e+01
203.900000,-8.38482323e+01,-5.24330781e+01
203.905000,-8.38481854e+01,-5.24330312e+01
203.910000,-8.38481385e+01,-5.24329844e+01
203.915000,-8.38480918e+01,-5.24329376e+01
203.920000,-8.38480451e+01,-5.24328910e+01
203.925000,-8.38479985e+01,-5.24328444e+01
203.930000,-8.38479520e+01,-5.24327979e+01
203.935000,-8.38479056e+01,-5.24327514e+01
203.940000,-8.38478593e+01,-5.24327051e+01
203.945000,-8.38478130e+01,-5.24326588e+01
203.950000,-8.38477668e+01,-5.24326127e+01
203.955000,-8.38477207e+01,-5.24325666e+01
203.960000,-8.38476747e+01,-5.24325205e+01
203.965000,-8.38476287e+01,-5.24324746e+01
203.970000,-8.38475829e+01,-5.24324287e+01
203.975000,-8.38475371e+01,-5.24323829e+01
203.980000,-8.38474914e+01,-5.24323372e+01
203.985000,-8.38474457e+01,-5.24322916e+01
203.990000,-8.38474002e+01,-5.24322460e+01
203.995000,-8.38473547e+01,-5.24322006e+01
204.000000,-8.38473093e+01,-5.24321551e+01
204.005000,-8.38472640e+01,-5.24321098e+01
204.010000,-8.38472187e+01,-5.24320646e+01
204.015000,-8.38471736e+01,-5.24320194e+01
204.020000,-8.38471285e+01,-5.24319743e+01
204.025000,-8.38470834e+01,-5.24319293e+01
204.030000,-8.38470385e+01,-5.24318843e+01
204.035000,-8.38469936e+01,-5.24318395e+01
204.040000,-8.38469488e+01,-5.24317947e+01
204.045000,-8.38469041e+01,-5.24317499e+01
204.050000,-8.38468594e+01,-5.24317053e+01
204.055000,-8.38468149e+01,-5.24316607e+01
204.060000,-8.38467704e+01,-5.24316162e+01
204.065000,-8.38467259e+01,-5.24315718e+01
204.070000,-8.38466816e+01,-5.24315274e+01
204.075000,-8.38466373e+01,-5.24314831e+01
204.080000,-8.38465931e+01,-5.24314389e+01
204.085000,-8.38465490e+01,-5.24313948e+01
204.090000,-8.38465049e+01,-5.24313507e+01
204.095000,-8.38464609e+01,-5.24313068e+01
204.100000,-8.38464170e+01,-5.24312628e+01
204.105000,-8.38463731e+01,-5.24312190e+01
204.110000,-8.38463294e+01,-5.24311752e+01
204.115000,-8.38462856e+01,-5.24311315e+01
204.120000,-8.38462420e+01,-5.24310879e+01
204.125000,-8.38461984e+01,-5.24310443e+01
204.130000,-8.38461550e+01,-5.24310008e+01
204.135000,-8.38461115e+01,-5.24309574e+01
204.140000,-8.38460682e+01,-5.24309140e+01
204.145000,-8.38460249e+01,-5.24308707e+01
204.150000,-8.38459817e+01,-5.24308275e+01
204.155000,-8.38459385e+01,-5.24307844e+01
204.160000,-8.38458955e+01,-5.24307413e+01
204.165000,-8.38458524e+01,-5.24306983e+01
204.170000,-8.38458095e+01,-5.24306554e+01
204.175000,-8.38457666e+01,-5.24306125e+01
204.180000,-8.38457238e+01,-5.24305697e+01
204.185000,-8.38456811e+01,-5.24305270e+01
204.190000,-8.38456384e+01,-5.24304843e+01
204.195000,-8.38455958e+01,-5.24304417e+01
204.200000,-8.38455533e+01,-5.24303992e+01
204.205000,-8.38455108e+01,-5.24303567e+01
204.210000,-8.38454684e+01,-5.24303143e+01
204.215000,-8.38454261e+01,-5.24302720e+01
204.220000,-8.38453838e+01,-5.24302297e+01
204.225000,-8.38453416e+01,-5.24301875e+01
204.230000,-8.38452995e+01,-5.24301454e+01
204.235000,-8.38452574e+01,-5.24301033e+01
204.240000,-8.38452154e+01,-5.24300613e+01
204.245000,-8.38451735e+01,-5.24300194e+01
204.250000,-8.38451316e+01,-5.24299775e+01
204.255000,-8.38450898e+01,-5.24299357e+01
204.260000,-8.38450481e+01,-5.24298939e+01
204.265000,-8.38450064e+01,-5.24298523e+01
204.270000,-8.38449648e+01,-5.24298107e+01
204.275000,-8.38449232e+01,-5.24297691e+01
204.280000,-8.38448818e+01,-5.24297276e+01
204.285000,-8.38448403e+01,-5.24296862e+01
204.290000,-8.38447990e+01,-5.24296448e+01
204.295000,-8.38447577e+01,-5.24296035e+01
204.300000,-8.38447164e+01,-5.24295623e+01
204.305000,-8.38446753e+01,-5.24295211e+01
204.310000,-8.38446342e+01,-5.24294800e+01
204.315000,-8.38445931e+01,-5.24294390e+01
204.320000,-8.38445521e+01,-5.24293980e+01
204.325000,-8.38445112e+01,-5.24293571e+01
204.330000,-8.38444704e+01,-5.24293162e+01
204.335000,-8.38444296e+01,-5.24292754e+01
204.340000,-8.38443888e+01,-5.24292347e+01
204.345000,-8.38443482e+01,-5.24291940e+01
204.350000,-8.38443075e+01,-5.24291534e+01
204.355000,-8.38442670e+01,-5.24291129e+01
204.360000,-8.38442265e+01,-5.24290724e+01
204.365000,-8.38441861e+01,-5.24290319e+01
204.370000,-8.38441457e+01,-5.24289916e+01
204.375000,-8.38441054e+01,-5.24289513e+01
204.380000,-8.38440651e+01,-5.24289110e+01
204.385000,-8.38440249e+01,-5.24288708e+01
204.390000,-8.38439848e+01,-5.24288307e+01
204.395000,-8.38439447e+01,-5.24287906e+01
204.400000,-8.38439047e+01,-5.24287506e+01
204.405000,-8.38438648e+01,-5.24287106e+01
204.410000,-8.38438249e+01,-5.24286707e+01
204.415000,-8.38437850e+01,-5.24286309e+01
204.420000,-8.38437453e+01,-5.24285911e+01
204.425000,-8.38437055e+01,-5.24285514e+01
204.430000,-8.38436659e+01,-5.24285117e+01
204.435000,-8.38436263e+01,-5.24284721e+01
204.440000,-8.38435867e+01,-5.24284326e+01
204.445000,-8.38435472e+01,-5.24283931e+01
204.450000,-8.38435078e+01,-5.24283537e+01
204.455000,-8.38434684e+01,-5.24283143e+01
204.460000,-8.38434291e+01,-5.24282750e+01
204.465000,-8.38433898e+01,-5.24282357e+01
204.470000,-8.38433506e+01,-5.24281965e+01
204.475000,-8.38433115e+01,-5.24281574e+01
204.480000,-8.38432724e+01,-5.24281183e+01
204.485000,-8.38432334e+01,-5.24280792e+01
204.490000,-8.38431944e+01,-5.24280402e+01
204.495000,-8.38431554e+01,-5.24280013e+01
204.500000,-8.38431166e+01,-5.24279625e+01
204.505000,-8.38430778e+01,-5.24279236e+01
204.510000,-8.38430390e+01,-5.24278849e+01
204.515000,-8.38430003e+01,-5.24278462e+01
204.520000,-8.38429616e+01,-5.24278075e+01
204.525000,-8.38429230e+01,-5.24277689e+01
204.530000,-8.38428845e+01,-5.24277304e+01
204.535000,-8.38428460e+01,-5.24276919e+01
204.540000,-8.38428076e+01,-5.24276535e+01
204.545000,-8.38427692e+01,-5.24276151e+01
204.550000,-8.38427309e+01,-5.24275768e+01
204.555000,-8.38426926e+01,-5.24275385e+01
204.560000,-8.38426544e+01,-5.24275003e+01
204.565000,-8.38426162e+01,-5.24274621e+01
204.570000,-8.38425781e+01,-5.24274240e+01
204.575000,-8.38425401e+01,-5.24273859e+01
204.580000,-8.38425021e+01,-5.24273479e+01
204.585000,-8.38424641e+01,-5.24273100e+01
204.590000,-8.38424262e+01,-5.24272721e+01
204.595000,-8.38423884e+01,-5.24272342e+01
204.600000,-8.38423506e+01,-5.24271964e+01
204.605000,-8.38423128e+01,-5.24271587e+01
204.610000,-8.38422751e+01,-5.24271210e+01
204.615000,-8.38422375e+01,-5.24270834e+01
204.620000,-8.38421999e+01,-5.24270458e+01
204.625000,-8.38421624e+01,-5.24270082e+01
204.630000,-8.38421249e+01,-5.24269708e+01
204.635000,-8.38420874e+01,-5.24269333e+01
204.640000,-8.38420501e+01,-5.24268959e+01
204.645000,-8.38420127e+01,-5.24268586e+01
204.650000,-8.38419754e+01,-5.24268213e+01
204.655000,-8.38419382e+01,-5.24267841e+01
204.660000,-8.38419010e+01,-5.24267469e+01
204.665000,-8.38418639e+01,-5.24267098e+01
204.670000,-8.38418268e+01,-5.24266727e+01
204.675000,-8.38417898e+01,-5.24266357e+01
204.680000,-8.38417528e+01,-5.24265987e+01
204.685000,-8.38417159e+01,-5.24265618e+01
204.690000,-8.38416790e+01,-5.24265249e+01
204.695000,-8.38416421e+01,-5.24264880e+01
204.700000,-8.38416054e+01,-5.24264512e+01
204.705000,-8.38415686e+01,-5.24264145e+01
204.710000,-8.38415319e+01,-5.24263778e+01
204.715000,-8.38414953e+01,-5.24263412e+01
204.720000,-8.38414587e+01,-5.24263046e+01
204.725000,-8.38414222e+01,-5.24262681e+01
204.730000,-8.38413857e+01,-5.24262316e+01
204.735000,-8.38413492e+01,-5.24261951e+01
204.740000,-8.38413128e+01,-5.24261587e+01
204.745000,-8.38412765e+01,-5.24261224e+01
204.750000,-8.38412402e+01,-5.24260861e+01
204.755000,-8.38412039e+01,-5.24260498e+01
204.760000,-8.38411677e+01,-5.24260136e+01
204.765000,-8.38411315e+01,-5.24259774e+01
204.770000,-8.38410954e+01,-5.24259413e+01
204.775000,-8.38410594e+01,-5.24259053e+01
204.780000,-8.38410233e+01,-5.24258692e+01
204.785000,-8.38409874e+01,-5.24258333e+01
204.790000,-8.38409514e+01,-5.24257973e+01
204.795000,-8.38409156e+01,-5.24257614e+01
204.800000,-8.38408797e+01,-5.24257256e+01
204.805000,-8.38408439e+01,-5.24256898e+01
204.810000,-8.38408082e+01,-5.24256541e+01
204.815000,-8.38407725e+01,-5.24256184e+01
204.820000,-8.38407368e+01,-5.24255827e+01
204.825000,-8.38407012e+01,-5.24255471e+01
204.830000,-8.38406657e+01,-5.24255116e+01
204.835000,-8.38406302e+01,-5.24254761e+01
204.840000,-8.38405947e+01,-5.24254406e+01
204.845000,-8.38405593e+01,-5.24254052e+01
204.850000,-8.38405239e+01,-5.24253698e+01
204.855000,-8.38404885e+01,-5.24253344e+01
204.860000,-8.38404532e+01,-5.24252991e+01
204.865000,-8.38404180e+01,-5.24252639e+01
204.870000,-8.38403828e+01,-5.24252287e+01
204.875000,-8.38403476e+01,-5.24251935e+01
204.880000,-8.38403125e+01,-5.24251584e+01
204.885000,-8.38402774e+01,-5.24251234e+01
204.890000,-8.38402424e+01,-5.24250883e+01
204.895000,-8.38402074e+01,-5.24250533e+01
204.900000,-8.38401725e+01,-5.24250184e+01
204.905000,-8.38401376e+01,-5.24249835e+01
204.910000,-8.38401027e+01,-5.24249486e+01
204.915000,-8.38400679e+01,-5.24249138e+01
204.920000,-8.38400332e+01,-5.24248791e+01
204.925000,-8.38399984e+01,-5.24248443e+01
204.930000,-8.38399638e+01,-5.24248097e+01
204.935000,-8.38399291e+01,-5.24247750e+01
204.940000,-8.38398945e+01,-5.24247404e+01
204.945000,-8.38398600e+01,-5.24247059e+01
204.950000,-8.38398255e+01,-5.24246714e+01
204.955000,-8.38397910e+01,-5.24246369e+01
204.960000,-8.38397566e+01,-5.24246025e+01
204.965000,-8.38397222e+01,-5.24245681e+01
204.970000,-8.38396878e+01,-5.24245337e+01
204.975000,-8.38396535e+01,-5.24244994e+01
204.980000,-8.38396193e+01,-5.24244652e+01
204.985000,-8.38395850e+01,-5.24244310e+01
204.990000,-8.38395509e+01,-5.24243968e+01
204.995000,-8.38395167e+01,-5.24243626e+01
205.000000,-8.38394826e+01,-5.24243285e+01
205.005000,-8.38394486e+01,-5.24242945e+01
205.010000,-8.38394146e+01,-5.24242605e+01
205.015000,-8.38393806e+01,-5.24242265e+01
205.020000,-8.38393467e+01,-5.24241926e+01
205.025000,-8.38393128e+01,-5.24241587e+01
205.030000,-8.38392789e+01,-5.24241248e+01
205.035000,-8.38392451e+01,-5.24240910e+01
205.040000,-8.38392113e+01,-5.24240572e+01
205.045000,-8.38391776e+01,-5.24240235e+01
205.050000,-8.38391439e+01,-5.24239898e+01
205.055000,-8.38391102e+01,-5.24239562e+01
205.060000,-8.38390766e+01,-5.24239225e+01
205.065000,-8.38390431e+01,-5.24238890e+01
205.070000,-8.38390095e+01,-5.24238554e+01
205.075000,-8.38389760e+01,-5.24238219e+01
205.080000,-8.38389426e+01,-5.24237885e+01
205.085000,-8.38389092e+01,-5.24237551e+01
205.090000,-8.38388758e+01,-5.24237217e+01
205.095000,-8.38388424e+01,-5.24236884e+01
205.100000,-8.38388091e+01,-5.24236551e+01
205.105000,-8.38387759e+01,-5.24236218e+01
205.110000,-8.38387427e+01,-5.24235886e+01
205.115000,-8.38387095e+01,-5.24235554e+01
205.120000,-8.38386763e+01,-5.24235222e+01
205.125000,-8.38386432e+01,-5.24234891e+01
205.130000,-8.38386101e+01,-5.24234561e+01
205.135000,-8.38385771e+01,-5.24234230e+01
205.140000,-8.38385441e+01,-5.24233900e+01
205.145000,-8.38385112e+01,-5.24233571e+01
205.150000,-8.38384782e+01,-5.24233242e+01
205.155000,-8.38384454e+01,-5.24232913e+01
205.160000,-8.38384125e+01,-5.24232584e+01
205.165000,-8.38383797e+01,-5.24232256e+01
205.170000,-8.38383469e+01,-5.24231929e+01
205.175000,-8.38383142e+01,-5.24231601e+01
205.180000,-8.38382815e+01,-5.24231274e+01
205.185000,-8.38382488e+01,-5.24230948e+01
205.190000,-8.38382162e+01,-5.24230621e+01
205.195000,-8.38381836e+01,-5.24230296e+01
205.200000,-8.38381511e+01,-5.24229970e+01
205.205000,-8.38381186e+01,-5.24229645e+01
205.210000,-8.38380861e+01,-5.24229320e+01
205.215000,-8.38380537e+01,-5.24228996e+01
205.220000,-8.38380213e+01,-5.24228672e+01
205.225000,-8.38379889e+01,-5.24228348e+01
205.230000,-8.38379566e+01,-5.24228025e+01
205.235000,-8.38379243e+01,-5.24227702e+01
205.240000,-8.38378920e+01,-5.24227379e+01
205.245000,-8.38378598e+01,-5.24227057e+01
205.250000,-8.38378276e+01,-5.24226735e+01
205.255000,-8.38377954e+01,-5.24226414e+01
205.260000,-8.38377633e+01,-5.24226092e+01
205.265000,-8.38377312e+01,-5.24225772e+01
205.270000,-8.38376992e+01,-5.24225451e+01
205.275000,-8.38376672e+01,-5.24225131e+01
205.280000,-8.38376352e+01,-5.24224811e+01
205.285000,-8.38376033e+01,-5.24224492e+01
205.290000,-8.38375714e+01,-5.24224173e+01
205.295000,-8.38375395e+01,-5.24223854e+01
205.300000,-8.38375076e+01,-5.24223536e+01
205.305000,-8.38374758e+01,-5.24223218e+01
205.310000,-8.38374441e+01,-5.24222900e+01
205.315000,-8.38374123e+01,-5.24222583e+01
205.320000,-8.38373806e+01,-5.24222266e+01
205.325000,-8.38373490e+01,-5.24221949e+01
205.330000,-8.38373173e+01,-5.24221633e+01
205.335000,-8.38372857e+01,-5.24221317e+01
205.340000,-8.38372542e+01,-5.24221001e+01
205.345000,-8.38372226e+01,-5.24220686e+01
205.350000,-8.38371911e+01,-5.24220371e+01
205.355000,-8.38371597e+01,-5.24220056e+01
205.360000,-8.38371283e+01,-5.24219742e+01
205.365000,-8.38370969e+01,-5.24219428e+01
205.370000,-8.38370655e+01,-5.24219114e+01
205.375000,-8.38370342e+01,-5.24218801e+01
205.380000,-8.38370029e+01,-5.24218488e+01
205.385000,-8.38369716e+01,-5.24218175e+01
205.390000,-8.38369404e+01,-5.24217863e+01
205.395000,-8.38369092e+01,-5.24217551e+01
205.400000,-8.38368780e+01,-5.24217239e+01
205.405000,-8.38368469e+01,-5.24216928e+01
205.410000,-8.38368158e+01,-5.24216617e+01
205.415000,-8.38367847e+01,-5.24216306e+01
205.420000,-8.38367537e+01,-5.24215996e+01
205.425000,-8.38367227e+01,-5.24215686e+01
205.430000,-8.38366917e+01,-5.24215376e+01
205.435000,-8.38366608e+01,-5.24215067e+01
205.440000,-8.38366298e+01,-5.24214758e+01
205.445000,-8.38365990e+01,-5.24214449e+01
205.450000,-8.38365681e+01,-5.24214141e+01
205.455000,-8.38365373e+01,-5.24213833e+01
205.460000,-8.38365065e+01,-5.24213525e+01
205.465000,-8.38364758e+01,-5.24213217e+01
205.470000,-8.38364451e+01,-5.24212910e+01
205.475000,-8.38364144e+01,-5.24212603e+01
205.480000,-8.38363837e+01,-5.24212297e+01
205.485000,-8.38363531e+01,-5.24211990e+01
205.490000,-8.38363225e+01,-5.24211685e+01
205.495000,-8.38362920e+01,-5.24211379e+01
205.500000,-8.38362614e+01,-5.24211074e+01
205.505000,-8.38362309e+01,-5.24210769e+01
205.510000,-8.38362005e+01,-5.24210464e+01
205.515000,-8.38361700e+01,-5.24210160e+01
205.520000,-8.38361396e+01,-5.24209856e+01
205.525000,-8.38361093e+01,-5.24209552e+01
205.530000,-8.38360789e+01,-5.24209248e+01
205.535000,-8.38360486e+01,-5.24208945e+01
205.540000,-8.38360183e+01,-5.24208642e+01
205.545000,-8.38359881e+01,-5.24208340e+01
205.550000,-8.38359578e+01,-5.24208038e+01
205.555000,-8.38359276e+01,-5.24207736e+01
205.560000,-8.38358975e+01,-5.24207434e+01
205.565000,-8.38358673e+01,-5.24207133e+01
205.570000,-8.38358372e+01,-5.24206832e+01
205.575000,-8.38358072e+01,-5.24206531e+01
205.580000,-8.38357771e+01,-5.24206231e+01
205.585000,-8.38357471e+01,-5.24205930e+01
205.590000,-8.38357171e+01,-5.24205631e+01
205.595000,-8.38356872e+01,-5.24205331e+01
205.600000,-8.38356572e+01,-5.24205032e+01
205.605000,-8.38356273e+01,-5.24204733e+01
205.610000,-8.38355975e+01,-5.24204434e+01
205.615000,-8.38355676e+01,-5.24204136e+01
205.620000,-8.38355378e+01,-5.24203838e+01
205.625000,-8.38355081e+01,-5.24203540e+01
205.630000,-8.38354783e+01,-5.24203242e+01
205.635000,-8.38354486e+01,-5.24202945e+01
205.640000,-8.38354189e+01,-5.24202648e+01
205.645000,-8.38353892e+01,-5.24202352e+01
205.650000,-8.38353596e+01,-5.24202055e+01
205.655000,-8.38353300e+01,-5.24201759e+01
205.660000,-8.38353004e+01,-5.24201463e+01
205.665000,-8.38352709e+01,-5.24201168e+01
205.670000,-8.38352413e+01,-5.24200873e+01
205.675000,-8.38352118e+01,-5.24200578e+01
205.680000,-8.38351824e+01,-5.24200283e+01
205.685000,-8.38351529e+01,-5.24199989e+01
205.690000,-8.38351235e+01,-5.24199695e+01
205.695000,-8.38350941e+01,-5.24199401e+01
205.700000,-8.38350648e+01,-5.24199107e+01
205.705000,-8.38350355e+01,-5.24198814e+01
205.710000,-8.38350062e+01,-5.24198521e+01
205.715000,-8.38349769e+01,-5.24198228e+01
205.720000,-8.38349477e+01,-5.24197936e+01
205.725000,-8.38349184e+01,-5.24197644e+01
205.730000,-8.38348893e+01,-5.24197352e+01
205.735000,-8.38348601e+01,-5.24197060e+01
205.740000,-8.38348310e+01,-5.24196769e+01
205.745000,-8.38348019e+01,-5.24196478e+01
205.750000,-8.38347728e+01,-5.24196187e+01
205.755000,-8.38347437e+01,-5.24195897e+01
205.760000,-8.38347147e+01,-5.24195607e+01
205.765000,-8.38346857e+01,-5.24195317e+01
205.770000,-8.38346567e+01,-5.24195027e+01
205.775000,-8.38346278e+01,-5.24194737e+01
205.780000,-8.38345989e+01,-5.24194448e+01
205.785000,-8.38345700e+01,-5.24194159e+01
205.790000,-8.38345411e+01,-5.24193871e+01
205.795000,-8.38345123e+01,-5.24193582e+01
205.800000,-8.38344835e+01,-5.24193294e+01
205.805000,-8.38344547e+01,-5.24193007e+01
205.810000,-8.38344259e+01,-5.24192719e+01
205.815000,-8.38343972e+01,-5.24192432e+01
205.820000,-8.38343685e+01,-5.24192145e+01
205.825000,-8.38343398e+01,-5.24191858e+01
205.830000,-8.38343112e+01,-5.24191571e+01
205.835000,-8.38342826e+01,-5.24191285e+01
205.840000,-8.38342540e+01,-5.24190999e+01
205.845000,-8.38342254e+01,-5.24190713e+01
205.850000,-8.38341968e+01,-5.24190428e+01
205.855000,-8.38341683e+01,-5.24190143e+01
205.860000,-8.38341398e+01,-5.24189858e+01
205.865000,-8.38341114e+01,-5.24189573e+01
205.870000,-8.38340829e+01,-5.24189289e+01
205.875000,-8.38340545e+01,-5.24189004e+01
205.880000,-8.38340261e+01,-5.24188720e+01
205.885000,-8.38339977e+01,-5.24188437e+01
205.890000,-8.38339694e+01,-5.24188153e+01
205.895000,-8.38339411e+01,-5.24187870e+01
205.900000,-8.38339128e+01,-5.24187587e+01
205.905000,-8.38338845e+01,-5.24187305e+01
205.910000,-8.38338563e+01,-5.24187022e+01
205.915000,-8.38338280e+01,-5.24186740e+01
205.920000,-8.38337999e+01,-5.24186458e+01
205.925000,-8.38337717e+01,-5.24186176e+01
205.930000,-8.38337435e+01,-5.24185895e+01
205.935000,-8.38337154e+01,-5.24185614e+01
205.940000,-8.38336873e+01,-5.24185333e+01
205.945000,-8.38336593e+01,-5.24185052e+01
205.950000,-8.38336312e+01,-5.24184772e+01
205.955000,-8.38336032e+01,-5.24184492e+01
205.960000,-8.38335752e+01,-5.24184212e+01
205.965000,-8.38335472e+01,-5.24183932e+01
205.970000,-8.38335193e+01,-5.24183653e+01
205.975000,-8.38334914e+01,-5.24183373e+01
205.980000,-8.38334635e+01,-5.24183094e+01
205.985000,-8.38334356e+01,-5.24182816e+01
205.990000,-8.38334078e+01,-5.24182537e+01
205.995000,-8.38333799e+01,-5.24182259e+01
206.000000,-8.38333521e+01,-5.24181981e+01
206.005000,-8.38333244e+01,-5.24181703e+01
206.010000,-8.38332966e+01,-5.24181426e+01
206.015000,-8.38332689e+01,-5.24181148e+01
206.020000,-8.38332412e+01,-5.24180871e+01
206.025000,-8.38332135e+01,-5.24180595e+01
206.030000,-8.38331858e+01,-5.24180318e+01
206.035000,-8.38331582e+01,-5.24180042e+01
206.040000,-8.38331306e+01,-5.24179766e+01
206.045000,-8.38331030e+01,-5.24179490e+01
206.050000,-8.38330754e+01,-5.24179214e+01
206.055000,-8.38330479e+01,-5.24178939e+01
206.060000,-8.38330204e+01,-5.24178663e+01
206.065000,-8.38329929e+01,-5.24178389e+01
206.070000,-8.38329654e+01,-5.24178114e+01
206.075000,-8.38329380e+01,-5.24177839e+01
206.080000,-8.38329106e+01,-5.24177565e+01
206.085000,-8.38328832e+01,-5.24177291e+01
206.090000,-8.38328558e+01,-5.24177017e+01
206.095000,-8.38328284e+01,-5.24176744e+01
206.100000,-8.38328011e+01,-5.24176471e+01
206.105000,-8.38327738e+01,-5.24176197e+01
206.110000,-8.38327465e+01,-5.24175925e+01
206.115000,-8.38327192e+01,-5.24175652e+01
206.120000,-8.38326920e+01,-5.24175380e+01
206.125000,-8.38326648e+01,-5.24175107e+01
206.130000,-8.38326376e+01,-5.24174835e+01
206.135000,-8.38326104e+01,-5.24174564e+01
206.140000,-8.38325833e+01,-5.24174292e+01
206.145000,-8.38325561e+01,-5.24174021e+01
206.150000,-8.38325290e+01,-5.24173750e+01
206.155000,-8.38325019e+01,-5.24173479e+01
206.160000,-8.38324749e+01,-5.24173208e+01
206.165000,-8.38324478e+01,-5.24172938e+01
206.170000,-8.38324208e+01,-5.24172668e+01
206.175000,-8.38323938e+01,-5.24172398e+01
206.180000,-8.38323669e+01,-5.24172128e+01
206.185000,-8.38323399e+01,-5.24171859e+01
206.190000,-8.38323130e+01,-5.24171589e+01
206.195000,-8.38322861e+01,-5.24171320e+01
206.200000,-8.38322592e+01,-5.24171052e+01
206.205000,-8.38322323e+01,-5.24170783e+01
206.210000,-8.38322055e+01,-5.24170515e+01
206.215000,-8.38321787e+01,-5.24170246e+01
206.220000,-8.38321519e+01,-5.24169978e+01
206.225000,-8.38321251e+01,-5.24169711e+01
206.230000,-8.38320983e+01,-5.24169443e+01
206.235000,-8.38320716e+01,-5.24169176e+01
206.240000,-8.38320449e+01,-5.24168909e+01
206.245000,-8.38320182e+01,-5.24168642e+01
206.250000,-8.38319915e+01,-5.24168375e+01
206.255000,-8.38319649e+01,-5.24168109e+01
206.260000,-8.38319383e+01,-5.24167842e+01
206.265000,-8.38319117e+01,-5.24167576e+01
206.270000,-8.38318851e+01,-5.24167310e+01
206.275000,-8.38318585e+01,-5.24167045e+01
206.280000,-8.38318320e+01,-5.24166779e+01
206.285000,-8.38318054e+01,-5.24166514e+01
206.290000,-8.38317789e+01,-5.24166249e+01
206.295000,-8.38317525e+01,-5.24165984e+01
206.300000,-8.38317260e+01,-5.24165720e+01
206.305000,-8.38316996e+01,-5.24165455e+01
206.310000,-8.38316732e+01,-5.24165191e+01
206.315000,-8.38316468e+01,-5.24164927e+01
206.320000,-8.38316204e+01,-5.24164664e+01
206.325000,-8.38315940e+01,-5.24164400e+01
206.330000,-8.38315677e+01,-5.24164137e+01
206.335000,-8.38315414e+01,-5.24163874e+01
206.340000,-8.38315151e+01,-5.24163611e+01
206.345000,-8.38314888e+01,-5.24163348e+01
206.350000,-8.38314626e+01,-5.24163085e+01
206.355000,-8.38314363e+01,-5.24162823e+01
206.360000,-8.38314101e+01,-5.24162561e+01
206.365000,-8.38313839e+01,-5.24162299e+01
206.370000,-8.38313578e+01,-5.24162037e+01
206.375000,-8.38313316e+01,-5.24161776e+01
206.380000,-8.38313055e+01,-5.24161515e+01
206.385000,-8.38312794e+01,-5.24161254e+01
206.390000,-8.38312533e+01,-5.24160993e+01
206.395000,-8.38312272e+01,-5.24160732e+01
206.400000,-8.38312012e+01,-5.24160471e+01
206.405000,-8.38311751e+01,-5.24160211e+01
206.410000,-8.38311491e+01,-5.24159951e+01
206.415000,-8.38311231e+01,-5.24159691e+01
206.420000,-8.38310972e+01,-5.24159431e+01
206.425000,-8.38310712e+01,-5.24159172e+01
206.430000,-8.38310453e+01,-5.24158913e+01
206.435000,-8.38310194e+01,-5.24158653e+01
206.440000,-8.38309935e+01,-5.24158395e+01
206.445000,-8.38309676e+01,-5.24158136e+01
206.450000,-8.38309418e+01,-5.24157877e+01
206.455000,-8.38309159e+01,-5.24157619e+01
206.460000,-8.38308901e+01,-5.24157361e+01
206.465000,-8.38308643e+01,-5.24157103e+01
206.470000,-8.38308385e+01,-5.24156845e+01
206.475000,-8.38308128e+01,-5.24156588e+01
206.480000,-8.38307870e+01,-5.24156330e+01
206.485000,-8.38307613e+01,-5.24156073e+01
206.490000,-8.38307356e+01,-5.24155816e+01
206.495000,-8.38307099e+01,-5.24155559e+01
206.500000,-8.38306843e+01,-5.24155303e+01
206.505000,-8.38306586e+01,-5.24155046e+01
206.510000,-8.38306330e+01,-5.24154790e+01
206.515000,-8.38306074e+01,-5.24154534e+01
206.520000,-8.38305818e+01,-5.24154278e+01
206.525000,-8.38305563e+01,-5.24154023e+01
206.530000,-8.38305307e+01,-5.24153767e+01
206.535000,-8.38305052e+01,-5.24153512e+01
206.540000,-8.38304797e+01,-5.24153257e+01
206.545000,-8.38304542e+01,-5.24153002e+01
206.550000,-8.38304287e+01,-5.24152747e+01
206.555000,-8.38304033e+01,-5.24152493e+01
206.560000,-8.38303778e+01,-5.24152238e+01
206.565000,-8.38303524e+01,-5.24151984e+01
206.570000,-8.38303270e+01,-5.24151730e+01
206.575000,-8.38303017e+01,-5.24151476e+01
206.580000,-8.38302763e+01,-5.24151223e+01
206.585000,-8.38302509e+01,-5.24150969e+01
206.590000,-8.38302256e+01,-5.24150716e+01
206.595000,-8.38302003e+01,-5.24150463e+01
206.600000,-8.38301750e+01,-5.24150210e+01
206.605000,-8.38301498e+01,-5.24149958e+01
206.610000,-8.38301245e+01,-5.24149705e+01
206.615000,-8.38300993e+01,-5.24149453e+01
206.620000,-8.38300741e+01,-5.24149201e+01
206.625000,-8.38300489e+01,-5.24148949e+01
206.630000,-8.38300237e+01,-5.24148697e+01
206.635000,-8.38299985e+01,-5.24148445e+01
206.640000,-8.38299734e+01,-5.24148194e+01
206.645000,-8.38299483e+01,-5.24147943e+01
206.650000,-8.38299232e+01,-5.24147692e+01
206.655000,-8.38298981e+01,-5.24147441e+01
206.660000,-8.38298730e+01,-5.24147190e+01
206.665000,-8.38298480e+01,-5.24146939e+01
206.670000,-8.38298229e+01,-5.24146689e+01
206.675000,-8.38297979e+01,-5.24146439e+01
206.680000,-8.38297729e+01,-5.24146189e+01
206.685000,-8.38297479e+01,-5.24145939e+01
206.690000,-8.38297230e+01,-5.24145690e+01
206.695000,-8.38296980e+01,-5.24145440e+01
206.700000,-8.38296731e+01,-5.24145191e+01
206.705000,-8.38296482e+01,-5.24144942e+01
206.710000,-8.38296233e+01,-5.24144693e+01
206.715000,-8.38295984e+01,-5.24144444e+01
206.720000,-8.38295736e+01,-5.24144195e+01
206.725000,-8.38295487e+01,-5.24143947e+01
206.730000,-8.38295239e+01,-5.24143699e+01
206.735000,-8.38294991e+01,-5.24143451e+01
206.740000,-8.38294743e+01,-5.24143203e+01
206.745000,-8.38294495e+01,-5.24142955e+01
206.750000,-8.38294248e+01,-5.24142708e+01
206.755000,-8.38294000e+01,-5.24142460e+01
206.760000,-8.38293753e+01,-5.24142213e+01
206.765000,-8.38293506e+01,-5.24141966e+01
206.770000,-8.38293259e+01,-5.24141719e+01
206.775000,-8.38293013e+01,-5.24141472e+01
206.780000,-8.38292766e+01,-5.24141226e+01
206.785000,-8.38292520e+01,-5.24140980e+01
206.790000,-8.38292273e+01,-5.24140733e+01
206.795000,-8.38292027e+01,-5.24140487e+01
206.800000,-8.38291782e+01,-5.24140242e+01
206.805000,-8.38291536e+01,-5.24139996e+01
206.810000,-8.38291290e+01,-5.24139750e+01
206.815000,-8.38291045e+01,-5.24139505e+01
206.820000,-8.38290800e+01,-5.24139260e+01
206.825000,-8.38290555e+01,-5.24139015e+01
206.830000,-8.38290310e+01,-5.24138770e+01
206.835000,-8.38290065e+01,-5.24138525e+01
206.840000,-8.38289821e+01,-5.24138281e+01
206.845000,-8.38289577e+01,-5.24138037e+01
206.850000,-8.38289332e+01,-5.24137792e+01
206.855000,-8.38289088e+01,-5.24137548e+01
206.860000,-8.38288845e+01,-5.24137305e+01
206.865000,-8.38288601e+01,-5.24137061e+01
206.870000,-8.38288357e+01,-5.24136817e+01
206.875000,-8.38288114e+01,-5.24136574e+01
206.880000,-8.38287871e+01,-5.24136331e+01
206.885000,-8.38287628e+01,-5.24136088e+01
206.890000,-8.38287385e+01,-5.24135845e+01
206.895000,-8.38287142e+01,-5.24135602e+01
206.900000,-8.38286900e+01,-5.24135360e+01
206.905000,-8.38286657e+01,-5.24135117e+01
206.910000,-8.38286415e+01,-5.24134875e+01
206.915000,-8.38286173e+01,-5.24134633e+01
206.920000,-8.38285931e+01,-5.24134391e+01
206.925000,-8.38285689e+01,-5.24134149e+01
206.930000,-8.38285448e+01,-5.24133908e+01
206.935000,-8.38285206e+01,-5.24133666e+01
206.940000,-8.38284965e+01,-5.24133425e+01
206.945000,-8.38284724e+01,-5.24133184e+01
206.950000,-8.38284483e+01,-5.24132943e+01
206.955000,-8.38284242e+01,-5.24132702e+01
206.960000,-8.38284002e+01,-5.24132462e+01
206.965000,-8.38283761e+01,-5.24132221e+01
206.970000,-8.38283521e+01,-5.24131981e+01
206.975000,-8.38283281e+01,-5.24131741e+01
206.980000,-8.38283041e+01,-5.24131501e+01
206.985000,-8.38282801e+01,-5.24131261e+01
206.990000,-8.38282561e+01,-5.24131021e+01
206.995000,-8.38282322e+01,-5.24130782e+01
207.000000,-8.38282082e+01,-5.24130542e+01
207.005000,-8.38281843e+01,-5.24130303e+01
207.010000,-8.38281604e+01,-5.24130064e+01
207.015000,-8.38281365e+01,-5.24129825e+01
207.020000,-8.38281127e+01,-5.24129587e+01
207.025000,-8.38280888e+01,-5.24129348e+01
207.030000,-8.38280650e+01,-5.24129110e+01
207.035000,-8.38280411e+01,-5.24128871e+01
207.040000,-8.38280173e+01,-5.24128633e+01
207.045000,-8.38279935e+01,-5.24128395e+01
207.050000,-8.38279697e+01,-5.24128157e+01
207.055000,-8.38279460e+01,-5.24127920e+01
207.060000,-8.38279222e+01,-5.24127682e+01
207.065000,-8.38278985e+01,-5.24127445e+01
207.070000,-8.38278748e+01,-5.24127208e+01
207.075000,-8.38278511e+01,-5.24126971e+01
207.080000,-8.38278274e+01,-5.24126734e+01
207.085000,-8.38278037e+01,-5.24126497e+01
207.090000,-8.38277800e+01,-5.24126260e+01
207.095000,-8.38277564e+01,-5.24126024e+01
207.100000,-8.38277328e+01,-5.24125788e+01
207.105000,-8.38277091e+01,-5.24125551e+01
207.110000,-8.38276855e+01,-5.24125315e+01
207.115000,-8.38276620e+01,-5.24125080e+01
207.120000,-8.38276384e+01,-5.24124844e+01
207.125000,-8.38276148e+01,-5.24124608e+01
207.130000,-8.38275913e+01,-5.24124373e+01
207.135000,-8.38275678e+01,-5.24124138e+01
207.140000,-8.38275442e+01,-5.24123903e+01
207.145000,-8.38275208e+01,-5.24123668e+01
207.150000,-8.38274973e+01,-5.24123433e+01
207.155000,-8.38274738e+01,-5.24123198e+01
207.160000,-8.38274504e+01,-5.24122964e+01
207.165000,-8.38274269e+01,-5.24122729e+01
207.170000,-8.38274035e+01,-5.24122495e+01
207.175000,-8.38273801e+01,-5.24122261e+01
207.180000,-8.38273567e+01,-5.24122027e+01
207.185000,-8.38273333e+01,-5.24121793e+01
207.190000,-8.38273099e+01,-5.24121560e+01
207.195000,-8.38272866e+01,-5.24121326e+01
207.200000,-8.38272633e+01,-5.24121093e+01
207.205000,-8.38272399e+01,-5.24120860e+01
207.210000,-8.38272166e+01,-5.24120626e+01
207.215000,-8.38271933e+01,-5.24120394e+01
207.220000,-8.38271701e+01,-5.24120161e+01
207.225000,-8.38271468e+01,-5.24119928e+01
207.230000,-8.38271236e+01,-5.24119696e+01
207.235000,-8.38271003e+01,-5.24119463e+01
207.240000,-8.38270771e+01,-5.24119231e+01
207.245000,-8.38270539e+01,-5.24118999e+01
207.250000,-8.38270307e+01,-5.24118767e+01
207.255000,-8.38270075e+01,-5.24118535e+01
207.260000,-8.38269844e+01,-5.24118304e+01
207.265000,-8.38269612e+01,-5.24118072e+01
207.270000,-8.38269381e+01,-5.24117841e+01
207.275000,-8.38269150e+01,-5.24117610e+01
207.280000,-8.38268919e+01,-5.24117379e+01
207.285000,-8.38268688e+01,-5.24117148e+01
207.290000,-8.38268457e+01,-5.24116917e+01
207.295000,-8.38268226e+01,-5.24116686e+01
207.300000,-8.38267996e+01,-5.24116456e+01
207.305000,-8.38267765e+01,-5.24116225e+01
207.310000,-8.38267535e+01,-5.24115995e+01
207.315000,-8.38267305e+01,-5.24115765e+01
207.320000,-8.38267075e+01,-5.24115535e+01
207.325000,-8.38266845e+01,-5.24115305e+01
207.330000,-8.38266616e+01,-5.24115076e+01
207.335000,-8.38266386e+01,-5.24114846e+01
207.340000,-8.38266157e+01,-5.24114617e+01
207.345000,-8.38265927e+01,-5.24114388e+01
207.350000,-8.38265698e+01,-5.24114158e+01
207.355000,-8.38265469e+01,-5.24113929e+01
207.360000,-8.38265240e+01,-5.24113701e+01
207.365000,-8.38265012e+01,-5.24113472e+01
207.370000,-8.38264783e+01,-5.24113243e+01
207.375000,-8.38264555e+01,-5.24113015e+01
207.380000,-8.38264326e+01,-5.24112787e+01
207.385000,-8.38264098e+01,-5.24112558e+01
207.390000,-8.38263870e+01,-5.24112330e+01
207.395000,-8.38263642e+01,-5.24112103e+01
207.400000,-8.38263415e+01,-5.24111875e+01
207.405000,-8.38263187e+01,-5.24111647e+01
207.410000,-8.38262959e+01,-5.24111420e+01
207.415000,-8.38262732e+01,-5.24111192e+01
207.420000,-8.38262505e+01,-5.24110965e+01
207.425000,-8.38262278e+01,-5.24110738e+01
207.430000,-8.38262051e+01,-5.24110511e+01
207.435000,-8.38261824e+01,-5.24110284e+01
207.440000,-8.38261597e+01,-5.24110058e+01
207.445000,-8.38261371e+01,-5.24109831e+01
207.450000,-8.38261144e+01,-5.24109605e+01
207.455000,-8.38260918e+01,-5.24109378e+01
207.460000,-8.38260692e+01,-5.24109152e+01
207.465000,-8.38260466e+01,-5.24108926e+01
207.470000,-8.38260240e+01,-5.24108700e+01
207.475000,-8.38260014e+01,-5.24108475e+01
207.480000,-8.38259789e+01,-5.24108249e+01
207.485000,-8.38259563e+01,-5.24108023e+01
207.490000,-8.38259338e+01,-5.24107798e+01
207.495000,-8.38259113e+01,-5.24107573e+01
207.500000,-8.38258888e+01,-5.24107348e+01
207.505000,-8.38258663e+01,-5.24107123e+01
207.510000,-8.38258438e+01,-5.24106898e+01
207.515000,-8.38258213e+01,-5.24106673e+01
207.520000,-8.38257989e+01,-5.24106449e+01
207.525000,-8.38257764e+01,-5.24106224e+01
207.530000,-8.38257540e+01,-5.24106000e+01
207.535000,-8.38257316e+01,-5.24105776e+01
207.540000,-8.38257092e+01,-5.24105552e+01
207.545000,-8.38256868e+01,-5.24105328e+01
207.550000,-8.38256644e+01,-5.24105104e+01
207.555000,-8.38256420e+01,-5.24104880e+01
207.560000,-8.38256197e+01,-5.24104657e+01
207.565000,-8.38255973e+01,-5.24104433e+01
207.570000,-8.38255750e+01,-5.24104210e+01
207.575000,-8.38255527e+01,-5.24103987e+01
207.580000,-8.38255304e+01,-5.24103764e+01
207.585000,-8.38255081e+01,-5.24103541e+01
207.590000,-8.38254858e+01,-5.24103318e+01
207.595000,-8.38254635e+01,-5.24103096e+01
207.600000,-8.38254413e+01,-5.24102873e+01
207.605000,-8.38254190e+01,-5.24102651e+01
207.610000,-8.38253968e+01,-5.24102428e+01
207.615000,-8.38253746e+01,-5.24102206e+01
207.620000,-8.38253524e+01,-5.24101984e+01
207.625000,-8.38253302e+01,-5.24101762e+01
207.630000,-8.38253080e+01,-5.24101541e+01
207.635000,-8.38252859e+01,-5.24101319e+01
207.640000,-8.38252637e+01,-5.24101098e+01
207.645000,-8.38252416e+01,-5.24100876e+01
207.650000,-8.38252195e+01,-5.24100655e+01
207.655000,-8.38251973e+01,-5.24100434e+01
207.660000,-8.38251752e+01,-5.24100213e+01
207.665000,-8.38251532e+01,-5.24099992e+01
207.670000,-8.38251311e+01,-5.24099771e+01
207.675000,-8.38251090e+01,-5.24099550e+01
207.680000,-8.38250870e+01,-5.24099330e+01
207.685000,-8.38250649e+01,-5.24099110e+01
207.690000,-8.38250429e+01,-5.24098889e+01
207.695000,-8.38250209e+01,-5.24098669e+01
207.700000,-8.38249989e+01,-5.24098449e+01
207.705000,-8.38249769e+01,-5.24098229e+01
207.710000,-8.38249549e+01,-5.24098009e+01
207.715000,-8.38249329e+01,-5.24097790e+01
207.720000,-8.38249110e+01,-5.24097570e+01
207.725000,-8.38248891e+01,-5.24097351e+01
207.730000,-8.38248671e+01,-5.24097132e+01
207.735000,-8.38248452e+01,-5.24096912e+01
207.740000,-8.38248233e+01,-5.24096693e+01
207.745000,-8.38248014e+01,-5.24096474e+01
207.750000,-8.38247795e+01,-5.24096256e+01
207.755000,-8.38247577e+01,-5.24096037e+01
207.760000,-8.38247358e+01,-5.24095818e+01
207.765000,-8.38247140e+01,-5.24095600e+01
207.770000,-8.38246921e+01,-5.24095382e+01
207.775000,-8.38246703e+01,-5.24095163e+01
207.780000,-8.38246485e+01,-5.24094945e+01
207.785000,-8.38246267e+01,-5.24094727e+01
207.790000,-8.38246049e+01,-5.24094510e+01
207.795000,-8.38245832e+01,-5.24094292e+01
207.800000,-8.38245614e+01,-5.24094074e+01
207.805000,-8.38245396e+01,-5.24093857e+01
207.810000,-8.38245179e+01,-5.24093639e+01
207.815000,-8.38244962e+01,-5.24093422e+01
207.820000,-8.38244745e+01,-5.24093205e+01
207.825000,-8.38244528e+01,-5.24092988e+01
207.830000,-8.38244311e+01,-5.24092771e+01
207.835000,-8.38244094e+01,-5.24092554e+01
207.840000,-8.38243877e+01,-5.24092338e+01
207.845000,-8.38243661e+01,-5.24092121e+01
207.850000,-8.38243444e+01,-5.24091905e+01
207.855000,-8.38243228e+01,-5.24091688e+01
207.860000,-8.38243012e+01,-5.24091472e+01
207.865000,-8.38242796e+01,-5.24091256e+01
207.870000,-8.38242580e+01,-5.24091040e+01
207.875000,-8.38242364e+01,-5.24090824e+01
207.880000,-8.38242148e+01,-5.24090609e+01
207.885000,-8.38241933e+01,-5.24090393e+01
207.890000,-8.38241717e+01,-5.24090178e+01
207.895000,-8.38241502e+01,-5.24089962e+01
207.900000,-8.38241287e+01,-5.24089747e+01
207.905000,-8.38241072e+01,-5.24089532e+01
207.910000,-8.38240857e+01,-5.24089317e+01
207.915000,-8.38240642e+01,-5.24089102e+01
207.920000,-8.38240427e+01,-5.24088887e+01
207.925000,-8.38240212e+01,-5.24088673e+01
207.930000,-8.38239998e+01,-5.24088458e+01
207.935000,-8.38239783e+01,-5.24088244e+01
207.940000,-8.38239569e+01,-5.24088029e+01
207.945000,-8.38239355e+01,-5.24087815e+01
207.950000,-8.38239141e+01,-5.24087601e+01
207.955000,-8.38238927e+01,-5.24087387e+01
207.960000,-8.38238713e+01,-5.24087173e+01
207.965000,-8.38238499e+01,-5.24086959e+01
207.970000,-8.38238285e+01,-5.24086746e+01
207.975000,-8.38238072e+01,-5.24086532e+01
207.980000,-8.38237858e+01,-5.24086319e+01
207.985000,-8.38237645e+01,-5.24086105e+01
207.990000,-8.38237432e+01,-5.24085892e+01
207.995000,-8.38237219e+01,-5.24085679e+01
208.000000,-8.38237006e+01,-5.24085466e+01
208.005000,-8.38236793e+01,-5.24085253e+01
208.010000,-8.38236580e+01,-5.24085041e+01
208.015000,-8.38236368e+01,-5.24084828e+01
208.020000,-8.38236155e+01,-5.24084615e+01
208.025000,-8.38235943e+01,-5.24084403e+01
208.030000,-8.38235730e+01,-5.24084191e+01
208.035000,-8.38235518e+01,-5.24083979e+01
208.040000,-8.38235306e+01,-5.24083766e+01
208.045000,-8.38235094e+01,-5.24083555e+01
208.050000,-8.38234882e+01,-5.24083343e+01
208.055000,-8.38234671e+01,-5.24083131e+01
208.060000,-8.38234459e+01,-5.24082919e+01
208.065000,-8.38234247e+01,-5.24082708e+01
208.070000,-8.38234036e+01,-5.24082496e+01
208.075000,-8.38233825e+01,-5.24082285e+01
208.080000,-8.38233614e+01,-5.24082074e+01
208.085000,-8.38233402e+01,-5.24081863e+01
208.090000,-8.38233191e+01,-5.24081652e+01
208.095000,-8.38232981e+01,-5.24081441e+01
208.100000,-8.38232770e+01,-5.24081230e+01
208.105000,-8.38232559e+01,-5.24081020e+01
208.110000,-8.38232349e+01,-5.24080809e+01
208.115000,-8.38232138e+01,-5.24080599e+01
208.120000,-8.38231928e+01,-5.24080388e+01
208.125000,-8.38231718e+01,-5.24080178e+01
208.130000,-8.38231508e+01,-5.24079968e+01
208.135000,-8.38231298e+01,-5.24079758e+01
208.140000,-8.38231088e+01,-5.24079548e+01
208.145000,-8.38230878e+01,-5.24079339e+01
208.150000,-8.38230668e+01,-5.24079129e+01
208.155000,-8.38230459e+01,-5.24078919e+01
208.160000,-8.38230250e+01,-5.24078710e+01
208.165000,-8.38230040e+01,-5.24078501e+01
208.170000,-8.38229831e+01,-5.24078291e+01
208.175000,-8.38229622e+01,-5.24078082e+01
208.180000,-8.38229413e+01,-5.24077873e+01
208.185000,-8.38229204e+01,-5.24077664e+01
208.190000,-8.38228995e+01,-5.24077456e+01
208.195000,-8.38228786e+01,-5.24077247e+01
208.200000,-8.38228578e+01,-5.24077038e+01
208.205000,-8.38228369e+01,-5.24076830e+01
208.210000,-8.38228161e+01,-5.24076622e+01
208.215000,-8.38227953e+01,-5.24076413e+01
208.220000,-8.38227745e+01,-5.24076205e+01
208.225000,-8.38227537e+01,-5.24075997e+01
208.230000,-8.38227329e+01,-5.24075789e+01
208.235000,-8.38227121e+01,-5.24075581e+01
208.240000,-8.38226913e+01,-5.24075374e+01
208.245000,-8.38226705e+01,-5.24075166e+01
208.250000,-8.38226498e+01,-5.24074958e+01
208.255000,-8.38226291e+01,-5.24074751e+01
208.260000,-8.38226083e+01,-5.24074544e+01
208.265000,-8.38225876e+01,-5.24074337e+01
208.270000,-8.38225669e+01,-5.24074129e+01
208.275000,-8.38225462e+01,-5.24073922e+01
208.280000,-8.38225255e+01,-5.24073716e+01
208.285000,-8.38225048e+01,-5.24073509e+01
208.290000,-8.38224842e+01,-5.24073302e+01
208.295000,-8.38224635e+01,-5.24073096e+01
208.300000,-8.38224429e+01,-5.24072889e+01
208.305000,-8.38224222e+01,-5.24072683e+01
208.310000,-8.38224016e+01,-5.24072477e+01
208.315000,-8.38223810e+01,-5.24072270e+01
208.320000,-8.38223604e+01,-5.24072064e+01
208.325000,-8.38223398e+01,-5.24071858e+01
208.330000,-8.38223192e+01,-5.24071653e+01
208.335000,-8.38222986e+01,-5.24071447e+01
208.340000,-8.38222781e+01,-5.24071241e+01
208.345000,-8.38222575e+01,-5.24071036e+01
208.350000,-8.38222370e+01,-5.24070830e+01
208.355000,-8.38222164e+01,-5.24070625e+01
208.360000,-8.38221959e+01,-5.24070420e+01
208.365000,-8.38221754e+01,-5.24070215e+01
208.370000,-8.38221549e+01,-5.24070010e+01
208.375000,-8.38221344e+01,-5.24069805e+01
208.380000,-8.38221139e+01,-5.24069600e+01
208.385000,-8.38220935e+01,-5.24069395e+01
208.390000,-8.38220730e+01,-5.24069190e+01
208.395000,-8.38220525e+01,-5.24068986e+01
208.400000,-8.38220321e+01,-5.24068782e+01
208.405000,-8.38220117e+01,-5.24068577e+01
208.410000,-8.38219913e+01,-5.24068373e+01
208.415000,-8.38219708e+01,-5.24068169e+01
208.420000,-8.38219504e+01,-5.24067965e+01
208.425000,-8.38219301e+01,-5.24067761e+01
208.430000,-8.38219097e+01,-5.24067557e+01
208.435000,-8.38218893e+01,-5.24067354e+01
208.440000,-8.38218689e+01,-5.24067150e+01
208.445000,-8.38218486e+01,-5.24066946e+01
208.450000,-8.38218283e+01,-5.24066743e+01
208.455000,-8.38218079e+01,-5.24066540e+01
208.460000,-8.38217876e+01,-5.24066337e+01
208.465000,-8.38217673e+01,-5.24066134e+01
208.470000,-8.38217470e+01,-5.24065931e+01
208.475000,-8.38217267e+01,-5.24065728e+01
208.480000,-8.38217064e+01,-5.24065525e+01
208.485000,-8.38216862e+01,-5.24065322e+01
208.490000,-8.38216659e+01,-5.24065120e+01
208.495000,-8.38216456e+01,-5.24064917e+01
208.500000,-8.38216254e+01,-5.24064715e+01
208.505000,-8.38216052e+01,-5.24064512e+01
208.510000,-8.38215850e+01,-5.24064310e+01
208.515000,-8.38215648e+01,-5.24064108e+01
208.520000,-8.38215446e+01,-5.24063906e+01
208.525000,-8.38215244e+01,-5.24063704e+01
208.530000,-8.38215042e+01,-5.24063502e+01
208.535000,-8.38214840e+01,-5.24063301e+01
208.540000,-8.38214638e+01,-5.24063099e+01
208.545000,-8.38214437e+01,-5.24062898e+01
208.550000,-8.38214236e+01,-5.24062696e+01
208.555000,-8.38214034e+01,-5.24062495e+01
208.560000,-8.38213833e+01,-5.24062294e+01
208.565000,-8.38213632e+01,-5.24062093e+01
208.570000,-8.38213431e+01,-5.24061892e+01
208.575000,-8.38213230e+01,-5.24061691e+01
208.580000,-8.38213029e+01,-5.24061490e+01
208.585000,-8.38212828e+01,-5.24061289e+01
208.590000,-8.38212628e+01,-5.24061088e+01
208.595000,-8.38212427e+01,-5.24060888e+01
208.600000,-8.38212227e+01,-5.24060687e+01
208.605000,-8.38212027e+01,-5.24060487e+01
208.610000,-8.38211826e+01,-5.24060287e+01
208.615000,-8.38211626e+01,-5.24060087e+01
208.620000,-8.38211426e+01,-5.24059887e+01
208.625000,-8.38211226e+01,-5.24059687e+01
208.630000,-8.38211026e+01,-5.24059487e+01
208.635000,-8.38210827e+01,-5.24059287e+01
208.640000,-8.38210627e+01,-5.24059088e+01
208.645000,-8.38210427e+01,-5.24058888e+01
208.650000,-8.38210228e+01,-5.24058689e+01
208.655000,-8.38210029e+01,-5.24058489e+01
208.660000,-8.38209829e+01,-5.24058290e+01
208.665000,-8.38209630e+01,-5.24058091e+01
208.670000,-8.38209431e+01,-5.24057892e+01
208.675000,-8.38209232e+01,-5.24057693e+01
208.680000,-8.38209033e+01,-5.24057494e+01
208.685000,-8.38208834e+01,-5.24057295e+01
208.690000,-8.38208636e+01,-5.24057096e+01
208.695000,-8.38208437e+01,-5.24056898e+01
208.700000,-8.38208239e+01,-5.24056699e+01
208.705000,-8.38208040e+01,-5.24056501e+01
208.710000,-8.38207842e+01,-5.24056302e+01
208.715000,-8.38207644e+01,-5.24056104e+01
208.720000,-8.38207445e+01,-5.24055906e+01
208.725000,-8.38207247e+01,-5.24055708e+01
208.730000,-8.38207049e+01,-5.24055510e+01
208.735000,-8.38206852e+01,-5.24055312e+01
208.740000,-8.38206654e+01,-5.24055115e+01
208.745000,-8.38206456e+01,-5.24054917e+01
208.750000,-8.38206259e+01,-5.24054719e+01
208.755000,-8.38206061e+01,-5.24054522e+01
208.760000,-8.38205864e+01,-5.24054324e+01
208.765000,-8.38205667e+01,-5.24054127e+01
208.770000,-8.38205469e+01,-5.24053930e+01
208.775000,-8.38205272e+01,-5.24053733e+01
208.780000,-8.38205075e+01,-5.24053536e+01
208.785000,-8.38204878e+01,-5.24053339e+01
208.790000,-8.38204682e+01,-5.24053142e+01
208.795000,-8.38204485e+01,-5.24052945e+01
208.800000,-8.38204288e+01,-5.24052749e+01
208.805000,-8.38204092e+01,-5.24052552e+01
208.810000,-8.38203895e+01,-5.24052356e+01
208.815000,-8.38203699e+01,-5.24052160e+01
208.820000,-8.38203503e+01,-5.24051963e+01
208.825000,-8.38203306e+01,-5.24051767e+01
208.830000,-8.38203110e+01,-5.24051571e+01
208.835000,-8.38202914e+01,-5.24051375e+01
208.840000,-8.38202719e+01,-5.24051179e+01
208.845000,-8.38202523e+01,-5.24050983e+01
208.850000,-8.38202327e+01,-5.24050788e+01
208.855000,-8.38202131e+01,-5.24050592e+01
208.860000,-8.38201936e+01,-5.24050397e+01
208.865000,-8.38201740e+01,-5.24050201e+01
208.870000,-8.38201545e+01,-5.24050006e+01
208.875000,-8.38201350e+01,-5.24049811e+01
208.880000,-8.38201155e+01,-5.24049615e+01
208.885000,-8.38200960e+01,-5.24049420e+01
208.890000,-8.38200765e+01,-5.24049225e+01
208.895000,-8.38200570e+01,-5.24049031e+01
208.900000,-8.38200375e+01,-5.24048836e+01
208.905000,-8.38200180e+01,-5.24048641e+01
208.910000,-8.38199986e+01,-5.24048446e+01
208.915000,-8.38199791e+01,-5.24048252e+01
208.920000,-8.38199597e+01,-5.24048058e+01
208.925000,-8.38199402e+01,-5.24047863e+01
208.930000,-8.38199208e+01,-5.24047669e+01
208.935000,-8.38199014e+01,-5.24047475e+01
208.940000,-8.38198820e+01,-5.24047281e+01
208.945000,-8.38198626e+01,-5.24047087e+01
208.950000,-8.38198432e+01,-5.24046893e+01
208.955000,-8.38198238e+01,-5.24046699e+01
208.960000,-8.38198045e+01,-5.24046505e+01
208.965000,-8.38197851e+01,-5.24046312e+01
208.970000,-8.38197658e+01,-5.24046118e+01
208.975000,-8.38197464e+01,-5.24045925e+01
208.980000,-8.38197271e+01,-5.24045732e+01
208.985000,-8.38197078e+01,-5.24045538e+01
208.990000,-8.38196884e+01,-5.24045345e+01
208.995000,-8.38196691e+01,-5.24045152e+01
209.000000,-8.38196498e+01,-5.24044959e+01
209.005000,-8.38196305e+01,-5.24044766e+01
209.010000,-8.38196113e+01,-5.24044573e+01
209.015000,-8.38195920e+01,-5.24044381e+01
209.020000,-8.38195727e+01,-5.24044188e+01
209.025000,-8.38195535e+01,-5.24043996e+01
209.030000,-8.38195342e+01,-5.24043803e+01
209.035000,-8.38195150e+01,-5.24043611e+01
209.040000,-8.38194958e+01,-5.24043418e+01
209.045000,-8.38194766e+01,-5.24043226e+01
209.050000,-8.38194573e+01,-5.24043034e+01
209.055000,-8.38194381e+01,-5.24042842e+01
209.060000,-8.38194190e+01,-5.24042650e+01
209.065000,-8.38193998e+01,-5.24042458e+01
209.070000,-8.38193806e+01,-5.24042267e+01
209.075000,-8.38193614e+01,-5.24042075e+01
209.080000,-8.38193423e+01,-5.24041884e+01
209.085000,-8.38193231e+01,-5.24041692e+01
209.090000,-8.38193040e+01,-5.24041501e+01
209.095000,-8.38192849e+01,-5.24041309e+01
209.100000,-8.38192657e+01,-5.24041118e+01
209.105000,-8.38192466e+01,-5.24040927e+01
209.110000,-8.38192275e+01,-5.24040736e+01
209.115000,-8.38192084e+01,-5.24040545e+01
209.120000,-8.38191893e+01,-5.24040354e+01
209.125000,-8.38191703e+01,-5.24040163e+01
209.130000,-8.38191512e+01,-5.24039973e+01
209.135000,-8.38191321e+01,-5.24039782e+01
209.140000,-8.38191131e+01,-5.24039592e+01
209.145000,-8.38190940e+01,-5.24039401e+01
209.150000,-8.38190750e+01,-5.24039211e+01
209.155000,-8.38190560e+01,-5.24039021e+01
209.160000,-8.38190370e+01,-5.24038831e+01
209.165000,-8.38190180e+01,-5.24038640e+01
209.170000,-8.38189990e+01,-5.24038450e+01
209.175000,-8.38189800e+01,-5.24038261e+01
209.180000,-8.38189610e+01,-5.24038071e+01
209.185000,-8.38189420e+01,-5.24037881e+01
209.190000,-8.38189231e+01,-5.24037691e+01
209.195000,-8.38189041e+01,-5.24037502e+01
209.200000,-8.38188852e+01,-5.24037312e+01
209.205000,-8.38188662e+01,-5.24037123e+01
209.210000,-8.38188473e+01,-5.24036934e+01
209.215000,-8.38188284e+01,-5.24036744e+01
209.220000,-8.38188095e+01,-5.24036555e+01
209.225000,-8.38187906e+01,-5.24036366e+01
209.230000,-8.38187717e+01,-5.24036177e+01
209.235000,-8.38187528e+01,-5.24035988e+01
209.240000,-8.38187339e+01,-5.24035800e+01
209.245000,-8.38187150e+01,-5.24035611e+01
209.250000,-8.38186962e+01,-5.24035422e+01
209.255000,-8.38186773e+01,-5.24035234e+01
209.260000,-8.38186585e+01,-5.24035045e+01
209.265000,-8.38186396e+01,-5.24034857e+01
209.270000,-8.38186208e+01,-5.24034669e+01
209.275000,-8.38186020e+01,-5.24034481e+01
209.280000,-8.38185832e+01,-5.24034293e+01
209.285000,-8.38185644e+01,-5.24034105e+01
209.290000,-8.38185456e+01,-5.24033917e+01
209.295000,-8.38185268e+01,-5.24033729e+01
209.300000,-8.38185080e+01,-5.24033541e+01
209.305000,-8.38184892e+01,-5.24033353e+01
209.310000,-8.38184705e+01,-5.24033166e+01
209.315000,-8.38184517e+01,-5.24032978e+01
209.320000,-8.38184330e+01,-5.24032791e+01
209.325000,-8.38184143e+01,-5.24032603e+01
209.330000,-8.38183955e+01,-5.24032416e+01
209.335000,-8.38183768e+01,-5.24032229e+01
209.340000,-8.38183581e+01,-5.24032042e+01
209.345000,-8.38183394e+01,-5.24031855e+01
209.350000,-8.38183207e+01,-5.24031668e+01
209.355000,-8.38183020e+01,-5.24031481e+01
209.360000,-8.38182834e+01,-5.24031294e+01
209.365000,-8.38182647e+01,-5.24031108e+01
209.370000,-8.38182460e+01,-5.24030921e+01
209.375000,-8.38182274e+01,-5.24030735e+01
209.380000,-8.38182087e+01,-5.24030548e+01
209.385000,-8.38181901e+01,-5.24030362e+01
209.390000,-8.38181715e+01,-5.24030176e+01
209.395000,-8.38181529e+01,-5.24029990e+01
209.400000,-8.38181343e+01,-5.24029803e+01
209.405000,-8.38181157e+01,-5.24029617e+01
209.410000,-8.38180971e+01,-5.24029432e+01
209.415000,-8.38180785e+01,-5.24029246e+01
209.420000,-8.38180599e+01,-5.24029060e+01
209.425000,-8.38180413e+01,-5.24028874e+01
209.430000,-8.38180228e+01,-5.24028689e+01
209.435000,-8.38180042e+01,-5.24028503e+01
209.440000,-8.38179857e+01,-5.24028318e+01
209.445000,-8.38179672e+01,-5.24028132e+01
209.450000,-8.38179486e+01,-5.24027947e+01
209.455000,-8.38179301e+01,-5.24027762e+01
209.460000,-8.38179116e+01,-5.24027577e+01
209.465000,-8.38178931e+01,-5.24027392e+01
209.470000,-8.38178746e+01,-5.24027207e+01
209.475000,-8.38178561e+01,-5.24027022e+01
209.480000,-8.38178376e+01,-5.24026837e+01
209.485000,-8.38178192e+01,-5.24026653e+01
209.490000,-8.38178007e+01,-5.24026468e+01
209.495000,-8.38177823e+01,-5.24026284e+01
209.500000,-8.38177638e+01,-5.24026099e+01
209.505000,-8.38177454e+01,-5.24025915e+01
209.510000,-8.38177270e+01,-5.24025731e+01
209.515000,-8.38177085e+01,-5.24025546e+01
209.520000,-8.38176901e+01,-5.24025362e+01
209.525000,-8.38176717e+01,-5.24025178e+01
209.530000,-8.38176533e+01,-5.24024994e+01
209.535000,-8.38176349e+01,-5.24024810e+01
209.540000,-8.38176166e+01,-5.24024627e+01
209.545000,-8.38175982e+01,-5.24024443e+01
209.550000,-8.38175798e+01,-5.24024259e+01
209.555000,-8.38175615e+01,-5.24024076e+01
209.560000,-8.38175431e+01,-5.24023892e+01
209.565000,-8.38175248e+01,-5.24023709e+01
209.570000,-8.38175065e+01,-5.24023526e+01
209.575000,-8.38174882e+01,-5.24023342e+01
209.580000,-8.38174698e+01,-5.24023159e+01
209.585000,-8.38174515e+01,-5.24022976e+01
209.590000,-8.38174332e+01,-5.24022793e+01
209.595000,-8.38174149e+01,-5.24022610e+01
209.600000,-8.38173967e+01,-5.24022428e+01
209.605000,-8.38173784e+01,-5.24022245e+01
209.610000,-8.38173601e+01,-5.24022062e+01
209.615000,-8.38173419e+01,-5.24021880e+01
209.620000,-8.38173236e+01,-5.24021697e+01
209.625000,-8.38173054e+01,-5.24021515e+01
209.630000,-8.38172871e+01,-5.24021332e+01
209.635000,-8.38172689e+01,-5.24021150e+01
209.640000,-8.38172507e+01,-5.24020968e+01
209.645000,-8.38172325e+01,-5.24020786e+01
209.650000,-8.38172143e+01,-5.24020604e+01
209.655000,-8.38171961e+01,-5.24020422e+01
209.660000,-8.38171779e+01,-5.24020240e+01
209.665000,-8.38171597e+01,-5.24020058e+01
209.670000,-8.38171416e+01,-5.24019877e+01
209.675000,-8.38171234e+01,-5.24019695e+01
209.680000,-8.38171053e+01,-5.24019513e+01
209.685000,-8.38170871e+01,-5.24019332e+01
209.690000,-8.38170690e+01,-5.24019151e+01
209.695000,-8.38170508e+01,-5.24018969e+01
209.700000,-8.38170327e+01,-5.24018788e+01
209.705000,-8.38170146e+01,-5.24018607e+01
209.710000,-8.38169965e+01,-5.24018426e+01
209.715000,-8.38169784e+01,-5.24018245e+01
209.720000,-8.38169603e+01,-5.24018064e+01
209.725000,-8.38169422e+01,-5.24017883e+01
209.730000,-8.38169242e+01,-5.24017703e+01
209.735000,-8.38169061e+01,-5.24017522e+01
209.740000,-8.38168880e+01,-5.24017341e+01
209.745000,-8.38168700e+01,-5.24017161e+01
209.750000,-8.38168519e+01,-5.24016980e+01
209.755000,-8.38168339e+01,-5.24016800e+01
209.760000,-8.38168159e+01,-5.24016620e+01
209.765000,-8.38167979e+01,-5.24016440e+01
209.770000,-8.38167799e+01,-5.24016259e+01
209.775000,-8.38167618e+01,-5.24016079e+01
209.780000,-8.38167439e+01,-5.24015899e+01
209.785000,-8.38167259e+01,-5.24015720e+01
209.790000,-8.38167079e+01,-5.24015540e+01
209.795000,-8.38166899e+01,-5.24015360e+01
209.800000,-8.38166719e+01,-5.24015180e+01
209.805000,-8.38166540e+01,-5.24015001e+01
209.810000,-8.38166360e+01,-5.24014821e+01
209.815000,-8.38166181e+01,-5.24014642e+01
209.820000,-8.38166002e+01,-5.24014463e+01
209.825000,-8.38165822e+01,-5.24014283e+01
209.830000,-8.38165643e+01,-5.24014104e+01
209.835000,-8.38165464e+01,-5.24013925e+01
209.840000,-8.38165285e+01,-5.24013746e+01
209.845000,-8.38165106e+01,-5.24013567e+01
209.850000,-8.38164927e+01,-5.24013388e+01
209.855000,-8.38164749e+01,-5.24013210e+01
209.860000,-8.38164570e+01,-5.24013031e+01
209.865000,-8.38164391e+01,-5.24012852e+01
209.870000,-8.38164213e+01,-5.24012674e+01
209.875000,-8.38164034e+01,-5.24012495e+01
209.880000,-8.38163856e+01,-5.24012317e+01
209.885000,-8.38163677e+01,-5.24012138e+01
209.890000,-8.38163499e+01,-5.24011960e+01
209.895000,-8.38163321e+01,-5.24011782e+01
209.900000,-8.38163143e+01,-5.24011604e+01
209.905000,-8.38162965e+01,-5.24011426e+01
209.910000,-8.38162787e+01,-5.24011248e+01
209.915000,-8.38162609e+01,-5.24011070e+01
209.920000,-8.38162431e+01,-5.24010892e+01
209.925000,-8.38162254e+01,-5.24010715e+01
209.930000,-8.38162076e+01,-5.24010537e+01
209.935000,-8.38161898e+01,-5.24010359e+01
209.940000,-8.38161721e+01,-5.24010182e+01
209.945000,-8.38161544e+01,-5.24010005e+01
209.950000,-8.38161366e+01,-5.24009827e+01
209.955000,-8.38161189e+01,-5.24009650e+01
209.960000,-8.38161012e+01,-5.24009473e+01
209.965000,-8.38160835e+01,-5.24009296e+01
209.970000,-8.38160658e+01,-5.24009119e+01
209.975000,-8.38160481e+01,-5.24008942e+01
209.980000,-8.38160304e+01,-5.24008765e+01
209.985000,-8.38160127e+01,-5.24008588e+01
209.990000,-8.38159950e+01,-5.24008411e+01
209.995000,-8.38159774e+01,-5.24008235e+01
210.000000,-8.38159597e+01,-5.24008058e+01
210.005000,-8.38159421e+01,-5.24007882e+01
210.010000,-8.38159244e+01,-5.24007705e+01
210.015000,-8.38159068e+01,-5.24007529e+01
210.020000,-8.38158892e+01,-5.24007353e+01
210.025000,-8.38158716e+01,-5.24007177e+01
210.030000,-8.38158539e+01,-5.24007000e+01
210.035000,-8.38158363e+01,-5.24006824e+01
210.040000,-8.38158187e+01,-5.24006648e+01
210.045000,-8.38158012e+01,-5.24006473e+01
210.050000,-8.38157836e+01,-5.24006297e+01
210.055000,-8.38157660e+01,-5.24006121e+01
210.060000,-8.38157484e+01,-5.24005945e+01
210.065000,-8.38157309e+01,-5.24005770e+01
210.070000,-8.38157133e+01,-5.24005594e+01
210.075000,-8.38156958e+01,-5.24005419e+01
210.080000,-8.38156782e+01,-5.24005244e+01
210.085000,-8.38156607e+01,-5.24005068e+01
210.090000,-8.38156432e+01,-5.24004893e+01
210.095000,-8.38156257e+01,-5.24004718e+01
210.100000,-8.38156082e+01,-5.24004543e+01
210.105000,-8.38155907e+01,-5.24004368e+01
210.110000,-8.38155732e+01,-5.24004193e+01
210.115000,-8.38155557e+01,-5.24004018e+01
210.120000,-8.38155382e+01,-5.24003843e+01
210.125000,-8.38155208e+01,-5.24003669e+01
210.130000,-8.38155033e+01,-5.24003494e+01
210.135000,-8.38154859e+01,-5.24003320e+01
210.140000,-8.38154684e+01,-5.24003145e+01
210.145000,-8.38154510e+01,-5.24002971e+01
210.150000,-8.38154335e+01,-5.24002796e+01
210.155000,-8.38154161e+01,-5.24002622e+01
210.160000,-8.38153987e+01,-5.24002448e+01
210.165000,-8.38153813e+01,-5.24002274e+01
210.170000,-8.38153639e+01,-5.24002100e+01
210.175000,-8.38153465e+01,-5.24001926e+01
210.180000,-8.38153291e+01,-5.24001752e+01
210.185000,-8.38153117e+01,-5.24001578e+01
210.190000,-8.38152944e+01,-5.24001405e+01
210.195000,-8.38152770e+01,-5.24001231e+01
210.200000,-8.38152596e+01,-5.24001057e+01
210.205000,-8.38152423e+01,-5.24000884e+01
210.210000,-8.38152249e+01,-5.24000710e+01
210.215000,-8.38152076e+01,-5.24000537e+01
210.220000,-8.38151903e+01,-5.24000364e+01
210.225000,-8.38151730e+01,-5.24000191e+01
210.230000,-8.38151556e+01,-5.24000018e+01
210.235000,-8.38151383e+01,-5.23999844e+01
210.240000,-8.38151210e+01,-5.23999671e+01
210.245000,-8.38151037e+01,-5.23999499e+01
210.250000,-8.38150865e+01,-5.23999326e+01
210.255000,-8.38150692e+01,-5.23999153e+01
210.260000,-8.38150519e+01,-5.23998980e+01
210.265000,-8.38150347e+01,-5.23998808e+01
210.270000,-8.38150174e+01,-5.23998635e+01
210.275000,-8.38150002e+01,-5.23998463e+01
210.280000,-8.38149829e+01,-5.23998290e+01
210.285000,-8.38149657e+01,-5.23998118e+01
210.290000,-8.38149485e+01,-5.23997946e+01
210.295000,-8.38149312e+01,-5.23997774e+01
210.300000,-8.38149140e+01,-5.23997601e+01
210.305000,-8.38148968e+01,-5.23997429e+01
210.310000,-8.38148796e+01,-5.23997257e+01
210.315000,-8.38148624e+01,-5.23997086e+01
210.320000,-8.38148453e+01,-5.23996914e+01
210.325000,-8.38148281e+01,-5.23996742e+01
210.330000,-8.38148109e+01,-5.23996570e+01
210.335000,-8.38147938e+01,-5.23996399e+01
210.340000,-8.38147766e+01,-5.23996227e+01
210.345000,-8.38147595e+01,-5.23996056e+01
210.350000,-8.38147423e+01,-5.23995884e+01
210.355000,-8.38147252e+01,-5.23995713e+01
210.360000,-8.38147081e+01,-5.23995542e+01
210.365000,-8.38146910e+01,-5.23995371e+01
210.370000,-8.38146738e+01,-5.23995200e+01
210.375000,-8.38146567e+01,-5.23995029e+01
210.380000,-8.38146397e+01,-5.23994858e+01
210.385000,-8.38146226e+01,-5.23994687e+01
210.390000,-8.38146055e+01,-5.23994516e+01
210.395000,-8.38145884e+01,-5.23994345e+01
210.400000,-8.38145713e+01,-5.23994175e+01
210.405000,-8.38145543e+01,-5.23994004e+01
210.410000,-8.38145372e+01,-5.23993834e+01
210.415000,-8.38145202e+01,-5.23993663e+01
210.420000,-8.38145032e+01,-5.23993493e+01
210.425000,-8.38144861e+01,-5.23993322e+01
210.430000,-8.38144691e+01,-5.23993152e+01
210.435000,-8.38144521e+01,-5.23992982e+01
210.440000,-8.38144351e+01,-5.23992812e+01
210.445000,-8.38144181e+01,-5.23992642e+01
210.450000,-8.38144011e+01,-5.23992472e+01
210.455000,-8.38143841e+01,-5.23992302e+01
210.460000,-8.38143671e+01,-5.23992132e+01
210.465000,-8.38143501e+01,-5.23991963e+01
210.470000,-8.38143332e+01,-5.23991793e+01
210.475000,-8.38143162e+01,-5.23991623e+01
210.480000,-8.38142993e+01,-5.23991454e+01
210.485000,-8.38142823e+01,-5.23991284e+01
210.490000,-8.38142654e+01,-5.23991115e+01
210.495000,-8.38142485e+01,-5.23990946e+01
210.500000,-8.38142315e+01,-5.23990777e+01
210.505000,-8.38142146e+01,-5.23990607e+01
210.510000,-8.38141977e+01,-5.23990438e+01
210.515000,-8.38141808e+01,-5.23990269e+01
210.520000,-8.38141639e+01,-5.23990100e+01
210.525000,-8.38141470e+01,-5.23989931e+01
210.530000,-8.38141302e+01,-5.23989763e+01
210.535000,-8.38141133e+01,-5.23989594e+01
210.540000,-8.38140964e+01,-5.23989425e+01
210.545000,-8.38140796e+01,-5.23989257e+01
210.550000,-8.38140627e+01,-5.23989088e+01
210.555000,-8.38140459e+01,-5.23988920e+01
210.560000,-8.38140290e+01,-5.23988751e+01
210.565000,-8.38140122e+01,-5.23988583e+01
210.570000,-8.38139954e+01,-5.23988415e+01
210.575000,-8.38139785e+01,-5.23988247e+01
210.580000,-8.38139617e+01,-5.23988079e+01
210.585000,-8.38139449e+01,-5.23987911e+01
210.590000,-8.38139281e+01,-5.23987743e+01
210.595000,-8.38139114e+01,-5.23987575e+01
210.600000,-8.38138946e+01,-5.23987407e+01
210.605000,-8.38138778e+01,-5.23987239e+01
210.610000,-8.38138610e+01,-5.23987071e+01
210.615000,-8.38138443e+01,-5.23986904e+01
210.620000,-8.38138275e+01,-5.23986736e+01
210.625000,-8.38138108e+01,-5.23986569e+01
210.630000,-8.38137940e+01,-5.23986401e+01
210.635000,-8.38137773e+01,-5.23986234e+01
210.640000,-8.38137606e+01,-5.23986067e+01
210.645000,-8.38137439e+01,-5.23985900e+01
210.650000,-8.38137271e+01,-5.23985733e+01
210.655000,-8.38137104e+01,-5.23985566e+01
210.660000,-8.38136937e+01,-5.23985399e+01
210.665000,-8.38136771e+01,-5.23985232e+01
210.670000,-8.38136604e+01,-5.23985065e+01
210.675000,-8.38136437e+01,-5.23984898e+01
210.680000,-8.38136270e+01,-5.23984731e+01
210.685000,-8.38136104e+01,-5.23984565e+01
210.690000,-8.38135937e+01,-5.23984398e+01
210.695000,-8.38135771e+01,-5.23984232e+01
210.700000,-8.38135604e+01,-5.23984065e+01
210.705000,-8.38135438e+01,-5.23983899e+01
210.710000,-8.38135271e+01,-5.23983733e+01
210.715000,-8.38135105e+01,-5.23983566e+01
210.720000,-8.38134939e+01,-5.23983400e+01
210.725000,-8.38134773e+01,-5.23983234e+01
210.730000,-8.38134607e+01,-5.23983068e+01
210.735000,-8.38134441e+01,-5.23982902e+01
210.740000,-8.38134275e+01,-5.23982736e+01
210.745000,-8.38134109e+01,-5.23982571e+01
210.750000,-8.38133944e+01,-5.23982405e+01
210.755000,-8.38133778e+01,-5.23982239e+01
210.760000,-8.38133612e+01,-5.23982074e+01
210.765000,-8.38133447e+01,-5.23981908e+01
210.770000,-8.38133282e+01,-5.23981743e+01
210.775000,-8.38133116e+01,-5.23981577e+01
210.780000,-8.38132951e+01,-5.23981412e+01
210.785000,-8.38132786e+01,-5.23981247e+01
210.790000,-8.38132620e+01,-5.23981082e+01
210.795000,-8.38132455e+01,-5.23980917e+01
210.800000,-8.38132290e+01,-5.23980752e+01
210.805000,-8.38132125e+01,-5.23980587e+01
210.810000,-8.38131960e+01,-5.23980422e+01
210.815000,-8.38131796e+01,-5.23980257e+01
210.820000,-8.38131631e+01,-5.23980092e+01
210.825000,-8.38131466e+01,-5.23979927e+01
210.830000,-8.38131301e+01,-5.23979763e+01
210.835000,-8.38131137e+01,-5.23979598e+01
210.840000,-8.38130972e+01,-5.23979434e+01
210.845000,-8.38130808e+01,-5.23979269e+01
210.850000,-8.38130644e+01,-5.23979105e+01
210.855000,-8.38130479e+01,-5.23978941e+01
210.860000,-8.38130315e+01,-5.23978776e+01
210.865000,-8.38130151e+01,-5.23978612e+01
210.870000,-8.38129987e+01,-5.23978448e+01
210.875000,-8.38129823e+01,-5.23978284e+01
210.880000,-8.38129659e+01,-5.23978120e+01
210.885000,-8.38129495e+01,-5.23977956e+01
210.890000,-8.38129331e+01,-5.23977793e+01
210.895000,-8.38129167e+01,-5.23977629e+01
210.900000,-8.38129004e+01,-5.23977465e+01
210.905000,-8.38128840e+01,-5.23977301e+01
210.910000,-8.38128677e+01,-5.23977138e+01
210.915000,-8.38128513e+01,-5.23976974e+01
210.920000,-8.38128350e+01,-5.23976811e+01
210.925000,-8.38128186e+01,-5.23976648e+01
210.930000,-8.38128023e+01,-5.23976484e+01
210.935000,-8.38127860e+01,-5.23976321e+01
210.940000,-8.38127697e+01,-5.23976158e+01
210.945000,-8.38127534e+01,-5.23975995e+01
210.950000,-8.38127371e+01,-5.23975832e+01
210.955000,-8.38127208e+01,-5.23975669e+01
210.960000,-8.38127045e+01,-5.23975506e+01
210.965000,-8.38126882e+01,-5.23975343e+01
210.970000,-8.38126719e+01,-5.23975181e+01
210.975000,-8.38126557e+01,-5.23975018e+01
210.980000,-8.38126394e+01,-5.23974856e+01
210.985000,-8.38126232e+01,-5.23974693e+01
210.990000,-8.38126069e+01,-5.23974531e+01
210.995000,-8.38125907e+01,-5.23974368e+01
211.000000,-8.38125745e+01,-5.23974206e+01
211.005000,-8.38125582e+01,-5.23974044e+01
211.010000,-8.38125420e+01,-5.23973881e+01
211.015000,-8.38125258e+01,-5.23973719e+01
211.020000,-8.38125096e+01,-5.23973557e+01
211.025000,-8.38124934e+01,-5.23973395e+01
211.030000,-8.38124772e+01,-5.23973233e+01
211.035000,-8.38124610e+01,-5.23973071e+01
211.040000,-8.38124448e+01,-5.23972910e+01
211.045000,-8.38124287e+01,-5.23972748e+01
211.050000,-8.38124125e+01,-5.23972586e+01
211.055000,-8.38123963e+01,-5.23972425e+01
211.060000,-8.38123802e+01,-5.23972263e+01
211.065000,-8.38123640e+01,-5.23972102e+01
211.070000,-8.38123479e+01,-5.23971940e+01
211.075000,-8.38123318e+01,-5.23971779e+01
211.080000,-8.38123156e+01,-5.23971618e+01
211.085000,-8.38122995e+01,-5.23971457e+01
211.090000,-8.38122834e+01,-5.23971295e+01
211.095000,-8.38122673e+01,-5.23971134e+01
211.100000,-8.38122512e+01,-5.23970973e+01
211.105000,-8.38122351e+01,-5.23970812e+01
211.110000,-8.38122190e+01,-5.23970652e+01
211.115000,-8.38122029e+01,-5.23970491e+01
211.120000,-8.38121869e+01,-5.23970330e+01
211.125000,-8.38121708e+01,-5.23970169e+01
211.130000,-8.38121547e+01,-5.23970009e+01
211.135000,-8.38121387e+01,-5.23969848e+01
211.140000,-8.38121226e+01,-5.23969688e+01
211.145000,-8.38121066e+01,-5.23969527e+01
211.150000,-8.38120906e+01,-5.23969367e+01
211.155000,-8.38120745e+01,-5.23969207e+01
211.160000,-8.38120585e+01,-5.23969047e+01
211.165000,-8.38120425e+01,-5.23968886e+01
211.170000,-8.38120265e+01,-5.23968726e+01
211.175000,-8.38120105e+01,-5.23968566e+01
211.180000,-8.38119945e+01,-5.23968407e+01
211.185000,-8.38119785e+01,-5.23968247e+01
211.190000,-8.38119625e+01,-5.23968087e+01
211.195000,-8.38119466e+01,-5.23967927e+01
211.200000,-8.38119306e+01,-5.23967767e+01
211.205000,-8.38119146e+01,-5.23967608e+01
211.210000,-8.38118987e+01,-5.23967448e+01
211.215000,-8.38118827e+01,-5.23967289e+01
211.220000,-8.38118668e+01,-5.23967129e+01
211.225000,-8.38118509e+01,-5.23966970e+01
211.230000,-8.38118349e+01,-5.23966811e+01
211.235000,-8.38118190e+01,-5.23966652e+01
211.240000,-8.38118031e+01,-5.23966492e+01
211.245000,-8.38117872e+01,-5.23966333e+01
211.250000,-8.38117713e+01,-5.23966174e+01
211.255000,-8.38117554e+01,-5.23966015e+01
211.260000,-8.38117395e+01,-5.23965856e+01
211.265000,-8.38117236e+01,-5.23965698e+01
211.270000,-8.38117078e+01,-5.23965539e+01
211.275000,-8.38116919e+01,-5.23965380e+01
211.280000,-8.38116760e+01,-5.23965222e+01
211.285000,-8.38116602e+01,-5.23965063e+01
211.290000,-8.38116443e+01,-5.23964905e+01
211.295000,-8.38116285e+01,-5.23964746e+01
211.300000,-8.38116126e+01,-5.23964588e+01
211.305000,-8.38115968e+01,-5.23964429e+01
211.310000,-8.38115810e+01,-5.23964271e+01
211.315000,-8.38115652e+01,-5.23964113e+01
211.320000,-8.38115494e+01,-5.23963955e+01
211.325000,-8.38115336e+01,-5.23963797e+01
211.330000,-8.38115178e+01,-5.23963639e+01
211.335000,-8.38115020e+01,-5.23963481e+01
211.340000,-8.38114862e+01,-5.23963323e+01
211.345000,-8.38114704e+01,-5.23963165e+01
211.350000,-8.38114546e+01,-5.23963008e+01
211.355000,-8.38114389e+01,-5.23962850e+01
211.360000,-8.38114231e+01,-5.23962692e+01
211.365000,-8.38114074e+01,-5.23962535e+01
211.370000,-8.38113916e+01,-5.23962377e+01
211.375000,-8.38113759e+01,-5.23962220e+01
211.380000,-8.38113601e+01,-5.23962063e+01
211.385000,-8.38113444e+01,-5.23961905e+01
211.390000,-8.38113287e+01,-5.23961748e+01
211.395000,-8.38113130e+01,-5.23961591e+01
211.400000,-8.38112973e+01,-5.23961434e+01
211.405000,-8.38112816e+01,-5.23961277e+01
211.410000,-8.38112659e+01,-5.23961120e+01
211.415000,-8.38112502e+01,-5.23960963e+01
211.420000,-8.38112345e+01,-5.23960806e+01
211.425000,-8.38112188e+01,-5.23960650e+01
211.430000,-8.38112032e+01,-5.23960493e+01
211.435000,-8.38111875e+01,-5.23960336e+01
211.440000,-8.38111718e+01,-5.23960180e+01
211.445000,-8.38111562e+01,-5.23960023e+01
211.450000,-8.38111405e+01,-5.23959867e+01
211.455000,-8.38111249e+01,-5.23959711e+01
211.460000,-8.38111093e+01,-5.23959554e+01
211.465000,-8.38110937e+01,-5.23959398e+01
211.470000,-8.38110780e+01,-5.23959242e+01
211.475000,-8.38110624e+01,-5.23959086e+01
211.480000,-8.38110468e+01,-5.23958930e+01
211.485000,-8.38110312e+01,-5.23958774e+01
211.490000,-8.38110156e+01,-5.23958618e+01
211.495000,-8.38110000e+01,-5.23958462e+01
211.500000,-8.38109845e+01,-5.23958306e+01
211.505000,-8.38109689e+01,-5.23958150e+01
211.510000,-8.38109533e+01,-5.23957995e+01
211.515000,-8.38109378e+01,-5.23957839e+01
211.520000,-8.38109222e+01,-5.23957684e+01
211.525000,-8.38109067e+01,-5.23957528e+01
211.530000,-8.38108911e+01,-5.23957373e+01
211.535000,-8.38108756e+01,-5.23957217e+01
211.540000,-8.38108601e+01,-5.23957062e+01
211.545000,-8.38108445e+01,-5.23956907e+01
211.550000,-8.38108290e+01,-5.23956752e+01
211.555000,-8.38108135e+01,-5.23956597e+01
211.560000,-8.38107980e+01,-5.23956442e+01
211.565000,-8.38107825e+01,-5.23956287e+01
211.570000,-8.38107670e+01,-5.23956132e+01
211.575000,-8.38107515e+01,-5.23955977e+01
211.580000,-8.38107361e+01,-5.23955822e+01
211.585000,-8.38107206e+01,-5.23955667e+01
211.590000,-8.38107051e+01,-5.23955513e+01
211.595000,-8.38106897e+01,-5.23955358e+01
211.600000,-8.38106742e+01,-5.23955204e+01
211.605000,-8.38106588e+01,-5.23955049e+01
211.610000,-8.38106433e+01,-5.23954895e+01
211.615000,-8.38106279e+01,-5.23954740e+01
211.620000,-8.38106125e+01,-5.23954586e+01
211.625000,-8.38105970e+01,-5.23954432e+01
211.630000,-8.38105816e+01,-5.23954278e+01
211.635000,-8.38105662e+01,-5.23954124e+01
211.640000,-8.38105508e+01,-5.23953970e+01
211.645000,-8.38105354e+01,-5.23953816e+01
211.650000,-8.38105200e+01,-5.23953662e+01
211.655000,-8.38105047e+01,-5.23953508e+01
211.660000,-8.38104893e+01,-5.23953354e+01
211.665000,-8.38104739e+01,-5.23953201e+01
211.670000,-8.38104585e+01,-5.23953047e+01
211.675000,-8.38104432e+01,-5.23952893e+01
211.680000,-8.38104278e+01,-5.23952740e+01
211.685000,-8.38104125e+01,-5.23952586e+01
211.690000,-8.38103971e+01,-5.23952433e+01
211.695000,-8.38103818e+01,-5.23952280e+01
211.700000,-8.38103665e+01,-5.23952126e+01
211.705000,-8.38103512e+01,-5.23951973e+01
211.710000,-8.38103359e+01,-5.23951820e+01
211.715000,-8.38103205e+01,-5.23951667e+01
211.720000,-8.38103052e+01,-5.23951514e+01
211.725000,-8.38102899e+01,-5.23951361e+01
211.730000,-8.38102747e+01,-5.23951208e+01
211.735000,-8.38102594e+01,-5.23951055e+01
211.740000,-8.38102441e+01,-5.23950902e+01
211.745000,-8.38102288e+01,-5.23950750e+01
211.750000,-8.38102136e+01,-5.23950597e+01
211.755000,-8.38101983e+01,-5.23950445e+01
211.760000,-8.38101830e+01,-5.23950292e+01
211.765000,-8.38101678e+01,-5.23950140e+01
211.770000,-8.38101526e+01,-5.23949987e+01
211.775000,-8.38101373e+01,-5.23949835e+01
211.780000,-8.38101221e+01,-5.23949683e+01
211.785000,-8.38101069e+01,-5.23949530e+01
211.790000,-8.38100917e+01,-5.23949378e+01
211.795000,-8.38100765e+01,-5.23949226e+01
211.800000,-8.38100613e+01,-5.23949074e+01
211.805000,-8.38100461e+01,-5.23948922e+01
211.810000,-8.38100309e+01,-5.23948770e+01
211.815000,-8.38100157e+01,-5.23948618e+01
211.820000,-8.38100005e+01,-5.23948467e+01
211.825000,-8.38099853e+01,-5.23948315e+01
211.830000,-8.38099702e+01,-5.23948163e+01
211.835000,-8.38099550e+01,-5.23948012e+01
211.840000,-8.38099399e+01,-5.23947860e+01
211.845000,-8.38099247e+01,-5.23947709e+01
211.850000,-8.38099096e+01,-5.23947557e+01
211.855000,-8.38098944e+01,-5.23947406e+01
211.860000,-8.38098793e+01,-5.23947255e+01
211.865000,-8.38098642e+01,-5.23947103e+01
211.870000,-8.38098491e+01,-5.23946952e+01
211.875000,-8.38098340e+01,-5.23946801e+01
211.880000,-8.38098188e+01,-5.23946650e+01
211.885000,-8.38098038e+01,-5.23946499e+01
211.890000,-8.38097887e+01,-5.23946348e+01
211.895000,-8.38097736e+01,-5.23946197e+01
211.900000,-8.38097585e+01,-5.23946046e+01
211.905000,-8.38097434e+01,-5.23945896e+01
211.910000,-8.38097284e+01,-5.23945745e+01
211.915000,-8.38097133e+01,-5.23945594e+01
211.920000,-8.38096982e+01,-5.23945444e+01
211.925000,-8.38096832e+01,-5.23945293e+01
211.930000,-8.38096681e+01,-5.23945143e+01
211.935000,-8.38096531e+01,-5.23944993e+01
211.940000,-8.38096381e+01,-5.23944842e+01
211.945000,-8.38096231e+01,-5.23944692e+01
211.950000,-8.38096080e+01,-5.23944542e+01
211.955000,-8.38095930e+01,-5.23944392e+01
211.960000,-8.38095780e+01,-5.23944242e+01
211.965000,-8.38095630e+01,-5.23944092e+01
211.970000,-8.38095480e+01,-5.23943942e+01
211.975000,-8.38095330e+01,-5.23943792e+01
211.980000,-8.38095181e+01,-5.23943642e+01
211.985000,-8.38095031e+01,-5.23943492e+01
211.990000,-8.38094881e+01,-5.23943343e+01
211.995000,-8.38094731e+01,-5.23943193e+01
212.000000,-8.38094582e+01,-5.23943043e+01
212.005000,-8.38094432e+01,-5.23942894e+01
212.010000,-8.38094283e+01,-5.23942744e+01
212.015000,-8.38094133e+01,-5.23942595e+01
212.020000,-8.38093984e+01,-5.23942446e+01
212.025000,-8.38093835e+01,-5.23942296e+01
212.030000,-8.38093686e+01,-5.23942147e+01
212.035000,-8.38093537e+01,-5.23941998e+01
212.040000,-8.38093387e+01,-5.23941849e+01
212.045000,-8.38093238e+01,-5.23941700e+01
212.050000,-8.38093089e+01,-5.23941551e+01
212.055000,-8.38092941e+01,-5.23941402e+01
212.060000,-8.38092792e+01,-5.23941253e+01
212.065000,-8.38092643e+01,-5.23941104e+01
212.070000,-8.38092494e+01,-5.23940956e+01
212.075000,-8.38092345e+01,-5.23940807e+01
212.080000,-8.38092197e+01,-5.23940658e+01
212.085000,-8.38092048e+01,-5.23940510e+01
212.090000,-8.38091900e+01,-5.23940361e+01
212.095000,-8.38091751e+01,-5.23940213e+01
212.100000,-8.38091603e+01,-5.23940065e+01
212.105000,-8.38091455e+01,-5.23939916e+01
212.110000,-8.38091307e+01,-5.23939768e+01
212.115000,-8.38091158e+01,-5.23939620e+01
212.120000,-8.38091010e+01,-5.23939472e+01
212.125000,-8.38090862e+01,-5.23939324e+01
212.130000,-8.38090714e+01,-5.23939176e+01
212.135000,-8.38090566e+01,-5.23939028e+01
212.140000,-8.38090418e+01,-5.23938880e+01
212.145000,-8.38090270e+01,-5.23938732e+01
212.150000,-8.38090123e+01,-5.23938584e+01
212.155000,-8.38089975e+01,-5.23938437e+01
212.160000,-8.38089827e+01,-5.23938289e+01
212.165000,-8.38089680e+01,-5.23938141e+01
212.170000,-8.38089532e+01,-5.23937994e+01
212.175000,-8.38089385e+01,-5.23937846e+01
212.180000,-8.38089237e+01,-5.23937699e+01
212.185000,-8.38089090e+01,-5.23937552e+01
212.190000,-8.38088943e+01,-5.23937404e+01
212.195000,-8.38088795e+01,-5.23937257e+01
212.200000,-8.38088648e+01,-5.23937110e+01
212.205000,-8.38088501e+01,-5.23936963e+01
212.210000,-8.38088354e+01,-5.23936816e+01
212.215000,-8.38088207e+01,-5.23936669e+01
212.220000,-8.38088060e+01,-5.23936522e+01
212.225000,-8.38087913e+01,-5.23936375e+01
212.230000,-8.38087767e+01,-5.23936228e+01
212.235000,-8.38087620e+01,-5.23936081e+01
212.240000,-8.38087473e+01,-5.23935935e+01
212.245000,-8.38087326e+01,-5.23935788e+01
212.250000,-8.38087180e+01,-5.23935641e+01
212.255000,-8.38087033e+01,-5.23935495e+01
212.260000,-8.38086887e+01,-5.23935349e+01
212.265000,-8.38086741e+01,-5.23935202e+01
212.270000,-8.38086594e+01,-5.23935056e+01
212.275000,-8.38086448e+01,-5.23934910e+01
212.280000,-8.38086302e+01,-5.23934763e+01
212.285000,-8.38086156e+01,-5.23934617e+01
212.290000,-8.38086009e+01,-5.23934471e+01
212.295000,-8.38085863e+01,-5.23934325e+01
212.300000,-8.38085717e+01,-5.23934179e+01
212.305000,-8.38085571e+01,-5.23934033e+01
212.310000,-8.38085426e+01,-5.23933887e+01
212.315000,-8.38085280e+01,-5.23933741e+01
212.320000,-8.38085134e+01,-5.23933596e+01
212.325000,-8.38084988e+01,-5.23933450e+01
212.330000,-8.38084843e+01,-5.23933304e+01
212.335000,-8.38084697e+01,-5.23933159e+01
212.340000,-8.38084552e+01,-5.23933013e+01
212.345000,-8.38084406e+01,-5.23932868e+01
212.350000,-8.38084261e+01,-5.23932722e+01
212.355000,-8.38084115e+01,-5.23932577e+01
212.360000,-8.38083970e+01,-5.23932432e+01
212.365000,-8.38083825e+01,-5.23932287e+01
212.370000,-8.38083680e+01,-5.23932141e+01
212.375000,-8.38083535e+01,-5.23931996e+01
212.380000,-8.38083390e+01,-5.23931851e+01
212.385000,-8.38083245e+01,-5.23931706e+01
212.390000,-8.38083100e+01,-5.23931561e+01
212.395000,-8.38082955e+01,-5.23931417e+01
212.400000,-8.38082810e+01,-5.23931272e+01
212.405000,-8.38082665e+01,-5.23931127e+01
212.410000,-8.38082521e+01,-5.23930982e+01
212.415000,-8.38082376e+01,-5.23930838e+01
212.420000,-8.38082231e+01,-5.23930693e+01
212.425000,-8.38082087e+01,-5.23930549e+01
212.430000,-8.38081943e+01,-5.23930404e+01
212.435000,-8.38081798e+01,-5.23930260e+01
212.440000,-8.38081654e+01,-5.23930115e+01
212.445000,-8.38081509e+01,-5.23929971e+01
212.450000,-8.38081365e+01,-5.23929827e+01
212.455000,-8.38081221e+01,-5.23929683e+01
212.460000,-8.38081077e+01,-5.23929539e+01
212.465000,-8.38080933e+01,-5.23929395e+01
212.470000,-8.38080789e+01,-5.23929251e+01
212.475000,-8.38080645e+01,-5.23929107e+01
212.480000,-8.38080501e+01,-5.23928963e+01
212.485000,-8.38080357e+01,-5.23928819e+01
212.490000,-8.38080214e+01,-5.23928675e+01
212.495000,-8.38080070e+01,-5.23928532e+01
212.500000,-8.38079926e+01,-5.23928388e+01
212.505000,-8.38079783e+01,-5.23928244e+01
212.510000,-8.38079639e+01,-5.23928101e+01
212.515000,-8.38079496e+01,-5.23927957e+01
212.520000,-8.38079352e+01,-5.23927814e+01
212.525000,-8.38079209e+01,-5.23927671e+01
212.530000,-8.38079066e+01,-5.23927527e+01
212.535000,-8.38078922e+01,-5.23927384e+01
212.540000,-8.38078779e+01,-5.23927241e+01
212.545000,-8.38078636e+01,-5.23927098e+01
212.550000,-8.38078493e+01,-5.23926955e+01
212.555000,-8.38078350e+01,-5.23926812e+01
212.560000,-8.38078207e+01,-5.23926669e+01
212.565000,-8.38078064e+01,-5.23926526e+01
212.570000,-8.38077921e+01,-5.23926383e+01
212.575000,-8.38077779e+01,-5.23926240e+01
212.580000,-8.38077636e+01,-5.23926098e+01
212.585000,-8.38077493e+01,-5.23925955e+01
212.590000,-8.38077351e+01,-5.23925812e+01
212.595000,-8.38077208e+01,-5.23925670e+01
212.600000,-8.38077066e+01,-5.23925527e+01
212.605000,-8.38076923e+01,-5.23925385e+01
212.610000,-8.38076781e+01,-5.23925242e+01
212.615000,-8.38076638e+01,-5.23925100e+01
212.620000,-8.38076496e+01,-5.23924958e+01
212.625000,-8.38076354e+01,-5.23924816e+01
212.630000,-8.38076212e+01,-5.23924674e+01
212.635000,-8.38076070e+01,-5.23924532e+01
212.640000,-8.38075928e+01,-5.23924389e+01
212.645000,-8.38075786e+01,-5.23924248e+01
212.650000,-8.38075644e+01,-5.23924106e+01
212.655000,-8.38075502e+01,-5.23923964e+01
212.660000,-8.38075360e+01,-5.23923822e+01
212.665000,-8.38075219e+01,-5.23923680e+01
212.670000,-8.38075077e+01,-5.23923539e+01
212.675000,-8.38074935e+01,-5.23923397e+01
212.680000,-8.38074794e+01,-5.23923255e+01
212.685000,-8.38074652e+01,-5.23923114e+01
212.690000,-8.38074511e+01,-5.23922972e+01
212.695000,-8.38074369e+01,-5.23922831e+01
212.700000,-8.38074228e+01,-5.23922690e+01
212.705000,-8.38074087e+01,-5.23922548e+01
212.710000,-8.38073945e+01,-5.23922407e+01
212.715000,-8.38073804e+01,-5.23922266e+01
212.720000,-8.38073663e+01,-5.23922125e+01
212.725000,-8.38073522e+01,-5.23921984e+01
212.730000,-8.38073381e+01,-5.23921843e+01
212.735000,-8.38073240e+01,-5.23921702e+01
212.740000,-8.38073099e+01,-5.23921561e+01
212.745000,-8.38072958e+01,-5.23921420e+01
212.750000,-8.38072818e+01,-5.23921279e+01
212.755000,-8.38072677e+01,-5.23921139e+01
212.760000,-8.38072536e+01,-5.23920998e+01
212.765000,-8.38072396e+01,-5.23920857e+01
212.770000,-8.38072255e+01,-5.23920717e+01
212.775000,-8.38072115e+01,-5.23920576e+01
212.780000,-8.38071974e+01,-5.23920436e+01
212.785000,-8.38071834e+01,-5.23920296e+01
212.790000,-8.38071694e+01,-5.23920155e+01
212.795000,-8.38071553e+01,-5.23920015e+01
212.800000,-8.38071413e+01,-5.23919875e+01
212.805000,-8.38071273e+01,-5.23919735e+01
212.810000,-8.38071133e+01,-5.23919595e+01
212.815000,-8.38070993e+01,-5.23919455e+01
212.820000,-8.38070853e+01,-5.23919315e+01
212.825000,-8.38070713e+01,-5.23919175e+01
212.830000,-8.38070573e+01,-5.23919035e+01
212.835000,-8.38070433e+01,-5.23918895e+01
212.840000,-8.38070294e+01,-5.23918755e+01
212.845000,-8.38070154e+01,-5.23918616e+01
212.850000,-8.38070014e+01,-5.23918476e+01
212.855000,-8.38069875e+01,-5.23918336e+01
212.860000,-8.38069735e+01,-5.23918197e+01
212.865000,-8.38069596e+01,-5.23918057e+01
212.870000,-8.38069456e+01,-5.23917918e+01
212.875000,-8.38069317e+01,-5.23917779e+01
212.880000,-8.38069178e+01,-5.23917639e+01
212.885000,-8.38069038e+01,-5.23917500e+01
212.890000,-8.38068899e+01,-5.23917361e+01
212.895000,-8.38068760e+01,-5.23917222e+01
212.900000,-8.38068621e+01,-5.23917083e+01
212.905000,-8.38068482e+01,-5.23916944e+01
212.910000,-8.38068343e+01,-5.23916805e+01
212.915000,-8.38068204e+01,-5.23916666e+01
212.920000,-8.38068065e+01,-5.23916527e+01
212.925000,-8.38067926e+01,-5.23916388e+01
212.930000,-8.38067788e+01,-5.23916249e+01
212.935000,-8.38067649e+01,-5.23916111e+01
212.940000,-8.38067510e+01,-5.23915972e+01
212.945000,-8.38067372e+01,-5.23915834e+01
212.950000,-8.38067233e+01,-5.23915695e+01
212.955000,-8.38067095e+01,-5.23915557e+01
212.960000,-8.38066956e+01,-5.23915418e+01
212.965000,-8.38066818e+01,-5.23915280e+01
212.970000,-8.38066680e+01,-5.23915142e+01
212.975000,-8.38066541e+01,-5.23915003e+01
212.980000,-8.38066403e+01,-5.23914865e+01
212.985000,-8.38066265e+01,-5.23914727e+01
212.990000,-8.38066127e+01,-5.23914589e+01
212.995000,-8.38065989e+01,-5.23914451e+01
213.000000,-8.38065851e+01,-5.23914313e+01
213.005000,-8.38065713e+01,-5.23914175e+01
213.010000,-8.38065575e+01,-5.23914037e+01
213.015000,-8.38065438e+01,-5.23913899e+01
213.020000,-8.38065300e+01,-5.23913762e+01
213.025000,-8.38065162e+01,-5.23913624e+01
213.030000,-8.38065025e+01,-5.23913486e+01
213.035000,-8.38064887e+01,-5.23913349e+01
213.040000,-8.38064749e+01,-5.23913211e+01
213.045000,-8.38064612e+01,-5.23913074e+01
213.050000,-8.38064475e+01,-5.23912936e+01
213.055000,-8.38064337e+01,-5.23912799e+01
213.060000,-8.38064200e+01,-5.23912662e+01
213.065000,-8.38064063e+01,-5.23912525e+01
213.070000,-8.38063926e+01,-5.23912387e+01
213.075000,-8.38063788e+01,-5.23912250e+01
213.080000,-8.38063651e+01,-5.23912113e+01
213.085000,-8.38063514e+01,-5.23911976e+01
213.090000,-8.38063377e+01,-5.23911839e+01
213.095000,-8.38063240e+01,-5.23911702e+01
213.100000,-8.38063104e+01,-5.23911565e+01
213.105000,-8.38062967e+01,-5.23911429e+01
213.110000,-8.38062830e+01,-5.23911292e+01
213.115000,-8.38062693e+01,-5.23911155e+01
213.120000,-8.38062557e+01,-5.23911019e+01
213.125000,-8.38062420e+01,-5.23910882e+01
213.130000,-8.38062284e+01,-5.23910745e+01
213.135000,-8.38062147e+01,-5.23910609e+01
213.140000,-8.38062011e+01,-5.23910473e+01
213.145000,-8.38061874e+01,-5.23910336e+01
213.150000,-8.38061738e+01,-5.23910200e+01
213.155000,-8.38061602e+01,-5.23910064e+01
213.160000,-8.38061466e+01,-5.23909927e+01
213.165000,-8.38061330e+01,-5.23909791e+01
213.170000,-8.38061193e+01,-5.23909655e+01
213.175000,-8.38061057e+01,-5.23909519e+01
213.180000,-8.38060921e+01,-5.23909383e+01
213.185000,-8.38060786e+01,-5.23909247e+01
213.190000,-8.38060650e+01,-5.23909112e+01
213.195000,-8.38060514e+01,-5.23908976e+01
213.200000,-8.38060378e+01,-5.23908840e+01
213.205000,-8.38060242e+01,-5.23908704e+01
213.210000,-8.38060107e+01,-5.23908569e+01
213.215000,-8.38059971e+01,-5.23908433e+01
213.220000,-8.38059836e+01,-5.23908297e+01
213.225000,-8.38059700e+01,-5.23908162e+01
213.230000,-8.38059565e+01,-5.23908027e+01
213.235000,-8.38059429e+01,-5.23907891e+01
213.240000,-8.38059294e+01,-5.23907756e+01
213.245000,-8.38059159e+01,-5.23907621e+01
213.250000,-8.38059024e+01,-5.23907485e+01
213.255000,-8.38058888e+01,-5.23907350e+01
213.260000,-8.38058753e+01,-5.23907215e+01
213.265000,-8.38058618e+01,-5.23907080e+01
213.270000,-8.38058483e+01,-5.23906945e+01
213.275000,-8.38058348e+01,-5.23906810e+01
213.280000,-8.38058213e+01,-5.23906675e+01
213.285000,-8.38058079e+01,-5.23906541e+01
213.290000,-8.38057944e+01,-5.23906406e+01
213.295000,-8.38057809e+01,-5.23906271e+01
213.300000,-8.38057674e+01,-5.23906136e+01
213.305000,-8.38057540e+01,-5.23906002e+01
213.310000,-8.38057405e+01,-5.23905867e+01
213.315000,-8.38057271e+01,-5.23905733e+01
213.320000,-8.38057136e+01,-5.23905598e+01
213.325000,-8.38057002e+01,-5.23905464e+01
213.330000,-8.38056868e+01,-5.23905330e+01
213.335000,-8.38056733e+01,-5.23905195e+01
213.340000,-8.38056599e+01,-5.23905061e+01
213.345000,-8.38056465e+01,-5.23904927e+01
213.350000,-8.38056331e+01,-5.23904793e+01
213.355000,-8.38056197e+01,-5.23904659e+01
213.360000,-8.38056063e+01,-5.23904525e+01
213.365000,-8.38055929e+01,-5.23904391e+01
213.370000,-8.38055795e+01,-5.23904257e+01
213.375000,-8.38055661e+01,-5.23904123e+01
213.380000,-8.38055527e+01,-5.23903989e+01
213.385000,-8.38055393e+01,-5.23903855e+01
213.390000,-8.38055260e+01,-5.23903722e+01
213.395000,-8.38055126e+01,-5.23903588e+01
213.400000,-8.38054993e+01,-5.23903454e+01
213.405000,-8.38054859e+01,-5.23903321e+01
213.410000,-8.38054726e+01,-5.23903187e+01
213.415000,-8.38054592e+01,-5.23903054e+01
213.420000,-8.38054459e+01,-5.23902921e+01
213.425000,-8.38054325e+01,-5.23902787e+01
213.430000,-8.38054192e+01,-5.23902654e+01
213.435000,-8.38054059e+01,-5.23902521e+01
213.440000,-8.38053926e+01,-5.23902388e+01
213.445000,-8.38053793e+01,-5.23902255e+01
213.450000,-8.38053660e+01,-5.23902122e+01
213.455000,-8.38053527e+01,-5.23901989e+01
213.460000,-8.38053394e+01,-5.23901856e+01
213.465000,-8.38053261e+01,-5.23901723e+01
213.470000,-8.38053128e+01,-5.23901590e+01
213.475000,-8.38052995e+01,-5.23901457e+01
213.480000,-8.38052863e+01,-5.23901324e+01
213.485000,-8.38052730e+01,-5.23901192e+01
213.490000,-8.38052597e+01,-5.23901059e+01
213.495000,-8.38052465e+01,-5.23900927e+01
213.500000,-8.38052332e+01,-5.23900794e+01
213.505000,-8.38052200e+01,-5.23900662e+01
213.510000,-8.38052067e+01,-5.23900529e+01
213.515000,-8.38051935e+01,-5.23900397e+01
213.520000,-8.38051803e+01,-5.23900265e+01
213.525000,-8.38051670e+01,-5.23900132e+01
213.530000,-8.38051538e+01,-5.23900000e+01
213.535000,-8.38051406e+01,-5.23899868e+01
213.540000,-8.38051274e+01,-5.23899736e+01
213.545000,-8.38051142e+01,-5.23899604e+01
213.550000,-8.38051010e+01,-5.23899472e+01
213.555000,-8.38050878e+01,-5.23899340e+01
213.560000,-8.38050746e+01,-5.23899208e+01
213.565000,-8.38050614e+01,-5.23899076e+01
213.570000,-8.38050483e+01,-5.23898944e+01
213.575000,-8.38050351e+01,-5.23898813e+01
213.580000,-8.38050219e+01,-5.23898681e+01
213.585000,-8.38050088e+01,-5.23898550e+01
213.590000,-8.38049956e+01,-5.23898418e+01
213.595000,-8.38049825e+01,-5.23898286e+01
213.600000,-8.38049693e+01,-5.23898155e+01
213.605000,-8.38049562e+01,-5.23898024e+01
213.610000,-8.38049430e+01,-5.23897892e+01
213.615000,-8.38049299e+01,-5.23897761e+01
213.620000,-8.38049168e+01,-5.23897630e+01
213.625000,-8.38049037e+01,-5.23897499e+01
213.630000,-8.38048905e+01,-5.23897367e+01
213.635000,-8.38048774e+01,-5.23897236e+01
213.640000,-8.38048643e+01,-5.23897105e+01
213.645000,-8.38048512e+01,-5.23896974e+01
213.650000,-8.38048381e+01,-5.23896843e+01
213.655000,-8.38048251e+01,-5.23896713e+01
213.660000,-8.38048120e+01,-5.23896582e+01
213.665000,-8.38047989e+01,-5.23896451e+01
213.670000,-8.38047858e+01,-5.23896320e+01
213.675000,-8.38047728e+01,-5.23896190e+01
213.680000,-8.38047597e+01,-5.23896059e+01
213.685000,-8.38047467e+01,-5.23895928e+01
213.690000,-8.38047336e+01,-5.23895798e+01
213.695000,-8.38047206e+01,-5.23895668e+01
213.700000,-8.38047075e+01,-5.23895537e+01
213.705000,-8.38046945e+01,-5.23895407e+01
213.710000,-8.38046815e+01,-5.23895276e+01
213.715000,-8.38046684e+01,-5.23895146e+01
213.720000,-8.38046554e+01,-5.23895016e+01
213.725000,-8.38046424e+01,-5.23894886e+01
213.730000,-8.38046294e+01,-5.23894756e+01
213.735000,-8.38046164e+01,-5.23894626e+01
213.740000,-8.38046034e+01,-5.23894496e+01
213.745000,-8.38045904e+01,-5.23894366e+01
213.750000,-8.38045774e+01,-5.23894236e+01
213.755000,-8.38045644e+01,-5.23894106e+01
213.760000,-8.38045515e+01,-5.23893976e+01
213.765000,-8.38045385e+01,-5.23893847e+01
213.770000,-8.38045255e+01,-5.23893717e+01
213.775000,-8.38045126e+01,-5.23893587e+01
213.780000,-8.38044996e+01,-5.23893458e+01
213.785000,-8.38044866e+01,-5.23893328e+01
213.790000,-8.38044737e+01,-5.23893199e+01
213.795000,-8.38044608e+01,-5.23893070e+01
213.800000,-8.38044478e+01,-5.23892940e+01
213.805000,-8.38044349e+01,-5.23892811e+01
213.810000,-8.38044220e+01,-5.23892682e+01
213.815000,-8.38044091e+01,-5.23892552e+01
213.820000,-8.38043961e+01,-5.23892423e+01
213.825000,-8.38043832e+01,-5.23892294e+01
213.830000,-8.38043703e+01,-5.23892165e+01
213.835000,-8.38043574e+01,-5.23892036e+01
213.840000,-8.38043445e+01,-5.23891907e+01
213.845000,-8.38043316e+01,-5.23891778e+01
213.850000,-8.38043188e+01,-5.23891650e+01
213.855000,-8.38043059e+01,-5.23891521e+01
213.860000,-8.38042930e+01,-5.23891392e+01
213.865000,-8.38042801e+01,-5.23891263e+01
213.870000,-8.38042673e+01,-5.23891135e+01
213.875000,-8.38042544e+01,-5.23891006e+01
213.880000,-8.38042416e+01,-5.23890878e+01
213.885000,-8.38042287e+01,-5.23890749e+01
213.890000,-8.38042159e+01,-5.23890621e+01
213.895000,-8.38042030e+01,-5.23890492e+01
213.900000,-8.38041902e+01,-5.23890364e+01
213.905000,-8.38041774e+01,-5.23890236e+01
213.910000,-8.38041646e+01,-5.23890108e+01
213.915000,-8.38041518e+01,-5.23889979e+01
213.920000,-8.38041389e+01,-5.23889851e+01
213.925000,-8.38041261e+01,-5.23889723e+01
213.930000,-8.38041133e+01,-5.23889595e+01
213.935000,-8.38041005e+01,-5.23889467e+01
213.940000,-8.38040877e+01,-5.23889339e+01
213.945000,-8.38040750e+01,-5.23889212e+01
213.950000,-8.38040622e+01,-5.23889084e+01
213.955000,-8.38040494e+01,-5.23888956e+01
213.960000,-8.38040366e+01,-5.23888828e+01
213.965000,-8.38040239e+01,-5.23888701e+01
213.970000,-8.38040111e+01,-5.23888573e+01
213.975000,-8.38039984e+01,-5.23888446e+01
213.980000,-8.38039856e+01,-5.23888318e+01
213.985000,-8.38039729e+01,-5.23888191e+01
213.990000,-8.38039601e+01,-5.23888063e+01
213.995000,-8.38039474e+01,-5.23887936e+01
214.000000,-8.38039347e+01,-5.23887809e+01
214.005000,-8.38039219e+01,-5.23887681e+01
214.010000,-8.38039092e+01,-5.23887554e+01
214.015000,-8.38038965e+01,-5.23887427e+01
214.020000,-8.38038838e+01,-5.23887300e+01
214.025000,-8.38038711e+01,-5.23887173e+01
214.030000,-8.38038584e+01,-5.23887046e+01
214.035000,-8.38038457e+01,-5.23886919e+01
214.040000,-8.38038330e+01,-5.23886792e+01
214.045000,-8.38038203e+01,-5.23886665e+01
214.050000,-8.38038077e+01,-5.23886539e+01
214.055000,-8.38037950e+01,-5.23886412e+01
214.060000,-8.38037823e+01,-5.23886285e+01
214.065000,-8.38037697e+01,-5.23886159e+01
214.070000,-8.38037570e+01,-5.23886032e+01
214.075000,-8.38037444e+01,-5.23885906e+01
214.080000,-8.38037317e+01,-5.23885779e+01
214.085000,-8.38037191e+01,-5.23885653e+01
214.090000,-8.38037064e+01,-5.23885526e+01
214.095000,-8.38036938e+01,-5.23885400e+01
214.100000,-8.38036812e+01,-5.23885274e+01
214.105000,-8.38036686e+01,-5.23885148e+01
214.110000,-8.38036559e+01,-5.23885021e+01
214.115000,-8.38036433e+01,-5.23884895e+01
214.120000,-8.38036307e+01,-5.23884769e+01
214.125000,-8.38036181e+01,-5.23884643e+01
214.130000,-8.38036055e+01,-5.23884517e+01
214.135000,-8.38035929e+01,-5.23884391e+01
214.140000,-8.38035803e+01,-5.23884265e+01
214.145000,-8.38035678e+01,-5.23884140e+01
214.150000,-8.38035552e+01,-5.23884014e+01
214.155000,-8.38035426e+01,-5.23883888e+01
214.160000,-8.38035301e+01,-5.23883763e+01
214.165000,-8.38035175e+01,-5.23883637e+01
214.170000,-8.38035049e+01,-5.23883511e+01
214.175000,-8.38034924e+01,-5.23883386e+01
214.180000,-8.38034798e+01,-5.23883260e+01
214.185000,-8.38034673e+01,-5.23883135e+01
214.190000,-8.38034548e+01,-5.23883010e+01
214.195000,-8.38034422e+01,-5.23882884e+01
214.200000,-8.38034297e+01,-5.23882759e+01
214.205000,-8.38034172e+01,-5.23882634e+01
214.210000,-8.38034047e+01,-5.23882509e+01
214.215000,-8.38033922e+01,-5.23882384e+01
214.220000,-8.38033797e+01,-5.23882259e+01
214.225000,-8.38033672e+01,-5.23882134e+01
214.230000,-8.38033547e+01,-5.23882009e+01
214.235000,-8.38033422e+01,-5.23881884e+01
214.240000,-8.38033297e+01,-5.23881759e+01
214.245000,-8.38033172e+01,-5.23881634e+01
214.250000,-8.38033047e+01,-5.23881509e+01
214.255000,-8.38032923e+01,-5.23881385e+01
214.260000,-8.38032798e+01,-5.23881260e+01
214.265000,-8.38032673e+01,-5.23881135e+01
214.270000,-8.38032549e+01,-5.23881011e+01
214.275000,-8.38032424e+01,-5.23880886e+01
214.280000,-8.38032300e+01,-5.23880762e+01
214.285000,-8.38032176e+01,-5.23880638e+01
214.290000,-8.38032051e+01,-5.23880513e+01
214.295000,-8.38031927e+01,-5.23880389e+01
214.300000,-8.38031803e+01,-5.23880265e+01
214.305000,-8.38031678e+01,-5.23880140e+01
214.310000,-8.38031554e+01,-5.23880016e+01
214.315000,-8.38031430e+01,-5.23879892e+01
214.320000,-8.38031306e+01,-5.23879768e+01
214.325000,-8.38031182e+01,-5.23879644e+01
214.330000,-8.38031058e+01,-5.23879520e+01
214.335000,-8.38030934e+01,-5.23879396e+01
214.340000,-8.38030810e+01,-5.23879273e+01
214.345000,-8.38030687e+01,-5.23879149e+01
214.350000,-8.38030563e+01,-5.23879025e+01
214.355000,-8.38030439e+01,-5.23878901e+01
214.360000,-8.38030316e+01,-5.23878778e+01
214.365000,-8.38030192e+01,-5.23878654e+01
214.370000,-8.38030068e+01,-5.23878530e+01
214.375000,-8.38029945e+01,-5.23878407e+01
214.380000,-8.38029821e+01,-5.23878284e+01
214.385000,-8.38029698e+01,-5.23878160e+01
214.390000,-8.38029575e+01,-5.23878037e+01
214.395000,-8.38029451e+01,-5.23877913e+01
214.400000,-8.38029328e+01,-5.23877790e+01
214.405000,-8.38029205e+01,-5.23877667e+01
214.410000,-8.38029082e+01,-5.23877544e+01
214.415000,-8.38028959e+01,-5.23877421e+01
214.420000,-8.38028836e+01,-5.23877298e+01
214.425000,-8.38028713e+01,-5.23877175e+01
214.430000,-8.38028590e+01,-5.23877052e+01
214.435000,-8.38028467e+01,-5.23876929e+01
214.440000,-8.38028344e+01,-5.23876806e+01
214.445000,-8.38028221e+01,-5.23876683e+01
214.450000,-8.38028098e+01,-5.23876560e+01
214.455000,-8.38027976e+01,-5.23876438e+01
214.460000,-8.38027853e+01,-5.23876315e+01
214.465000,-8.38027730e+01,-5.23876192e+01
214.470000,-8.38027608e+01,-5.23876070e+01
214.475000,-8.38027485e+01,-5.23875947e+01
214.480000,-8.38027363e+01,-5.23875825e+01
214.485000,-8.38027240e+01,-5.23875703e+01
214.490000,-8.38027118e+01,-5.23875580e+01
214.495000,-8.38026996e+01,-5.23875458e+01
214.500000,-8.38026874e+01,-5.23875336e+01
214.505000,-8.38026751e+01,-5.23875213e+01
214.510000,-8.38026629e+01,-5.23875091e+01
214.515000,-8.38026507e+01,-5.23874969e+01
214.520000,-8.38026385e+01,-5.23874847e+01
214.525000,-8.38026263e+01,-5.23874725e+01
214.530000,-8.38026141e+01,-5.23874603e+01
214.535000,-8.38026019e+01,-5.23874481e+01
214.540000,-8.38025897e+01,-5.23874359e+01
214.545000,-8.38025775e+01,-5.23874237e+01
214.550000,-8.38025654e+01,-5.23874116e+01
214.555000,-8.38025532e+01,-5.23873994e+01
214.560000,-8.38025410e+01,-5.23873872e+01
214.565000,-8.38025289e+01,-5.23873751e+01
214.570000,-8.38025167e+01,-5.23873629e+01
214.575000,-8.38025045e+01,-5.23873508e+01
214.580000,-8.38024924e+01,-5.23873386e+01
214.585000,-8.38024803e+01,-5.23873265e+01
214.590000,-8.38024681e+01,-5.23873143e+01
214.595000,-8.38024560e+01,-5.23873022e+01
214.600000,-8.38024439e+01,-5.23872901e+01
214.605000,-8.38024317e+01,-5.23872779e+01
214.610000,-8.38024196e+01,-5.23872658e+01
214.615000,-8.38024075e+01,-5.23872537e+01
214.620000,-8.38023954e+01,-5.23872416e+01
214.625000,-8.38023833e+01,-5.23872295e+01
214.630000,-8.38023712e+01,-5.23872174e+01
214.635000,-8.38023591e+01,-5.23872053e+01
214.640000,-8.38023470e+01,-5.23871932e+01
214.645000,-8.38023349e+01,-5.23871811e+01
214.650000,-8.38023228e+01,-5.23871691e+01
214.655000,-8.38023108e+01,-5.23871570e+01
214.660000,-8.38022987e+01,-5.23871449e+01
214.665000,-8.38022866e+01,-5.23871328e+01
214.670000,-8.38022746e+01,-5.23871208e+01
214.675000,-8.38022625e+01,-5.23871087e+01
214.680000,-8.38022505e+01,-5.23870967e+01
214.685000,-8.38022384e+01,-5.23870846e+01
214.690000,-8.38022264e+01,-5.23870726e+01
214.695000,-8.38022143e+01,-5.23870606e+01
214.700000,-8.38022023e+01,-5.23870485e+01
214.705000,-8.38021903e+01,-5.23870365e+01
214.710000,-8.38021783e+01,-5.23870245e+01
214.715000,-8.38021663e+01,-5.23870125e+01
214.720000,-8.38021542e+01,-5.23870005e+01
214.725000,-8.38021422e+01,-5.23869884e+01
214.730000,-8.38021302e+01,-5.23869764e+01
214.735000,-8.38021182e+01,-5.23869644e+01
214.740000,-8.38021062e+01,-5.23869525e+01
214.745000,-8.38020943e+01,-5.23869405e+01
214.750000,-8.38020823e+01,-5.23869285e+01
214.755000,-8.38020703e+01,-5.23869165e+01
214.760000,-8.38020583e+01,-5.23869045e+01
214.765000,-8.38020464e+01,-5.23868926e+01
214.770000,-8.38020344e+01,-5.23868806e+01
214.775000,-8.38020224e+01,-5.23868686e+01
214.780000,-8.38020105e+01,-5.23868567e+01
214.785000,-8.38019985e+01,-5.23868447e+01
214.790000,-8.38019866e+01,-5.23868328e+01
214.795000,-8.38019746e+01,-5.23868209e+01
214.800000,-8.38019627e+01,-5.23868089e+01
214.805000,-8.38019508e+01,-5.23867970e+01
214.810000,-8.38019389e+01,-5.23867851e+01
214.815000,-8.38019269e+01,-5.23867732e+01
214.820000,-8.38019150e+01,-5.23867612e+01
214.825000,-8.38019031e+01,-5.23867493e+01
214.830000,-8.38018912e+01,-5.23867374e+01
214.835000,-8.38018793e+01,-5.23867255e+01
214.840000,-8.38018674e+01,-5.23867136e+01
214.845000,-8.38018555e+01,-5.23867017e+01
214.850000,-8.38018436e+01,-5.23866898e+01
214.855000,-8.38018317e+01,-5.23866780e+01
214.860000,-8.38018199e+01,-5.23866661e+01
214.865000,-8.38018080e+01,-5.23866542e+01
214.870000,-8.38017961e+01,-5.23866424e+01
214.875000,-8.38017843e+01,-5.23866305e+01
214.880000,-8.38017724e+01,-5.23866186e+01
214.885000,-8.38017606e+01,-5.23866068e+01
214.890000,-8.38017487e+01,-5.23865949e+01
214.895000,-8.38017369e+01,-5.23865831e+01
214.900000,-8.38017250e+01,-5.23865712e+01
214.905000,-8.38017132e+01,-5.23865594e+01
214.910000,-8.38017014e+01,-5.23865476e+01
214.915000,-8.38016895e+01,-5.23865358e+01
214.920000,-8.38016777e+01,-5.23865239e+01
214.925000,-8.38016659e+01,-5.23865121e+01
214.930000,-8.38016541e+01,-5.23865003e+01
214.935000,-8.38016423e+01,-5.23864885e+01
214.940000,-8.38016305e+01,-5.23864767e+01
214.945000,-8.38016187e+01,-5.23864649e+01
214.950000,-8.38016069e+01,-5.23864531e+01
214.955000,-8.38015951e+01,-5.23864413e+01
214.960000,-8.38015833e+01,-5.23864296e+01
214.965000,-8.38015716e+01,-5.23864178e+01
214.970000,-8.38015598e+01,-5.23864060e+01
214.975000,-8.38015480e+01,-5.23863942e+01
214.980000,-8.38015363e+01,-5.23863825e+01
214.985000,-8.38015245e+01,-5.23863707e+01
214.990000,-8.38015127e+01,-5.23863590e+01
214.995000,-8.38015010e+01,-5.23863472e+01
215.000000,-8.38014893e+01,-5.23863355e+01
215.005000,-8.38014775e+01,-5.23863237e+01
215.010000,-8.38014658e+01,-5.23863120e+01
215.015000,-8.38014541e+01,-5.23863003e+01
215.020000,-8.38014423e+01,-5.23862885e+01
215.025000,-8.38014306e+01,-5.23862768e+01
215.030000,-8.38014189e+01,-5.23862651e+01
215.035000,-8.38014072e+01,-5.23862534e+01
215.040000,-8.38013955e+01,-5.23862417e+01
215.045000,-8.38013838e+01,-5.23862300e+01
215.050000,-8.38013721e+01,-5.23862183e+01
215.055000,-8.38013604e+01,-5.23862066e+01
215.060000,-8.38013487e+01,-5.23861949e+01
215.065000,-8.38013370e+01,-5.23861832e+01
215.070000,-8.38013253e+01,-5.23861716e+01
215.075000,-8.38013137e+01,-5.23861599e+01
215.080000,-8.38013020e+01,-5.23861482e+01
215.085000,-8.38012903e+01,-5.23861366e+01
215.090000,-8.38012787e+01,-5.23861249e+01
215.095000,-8.38012670e+01,-5.23861132e+01
215.100000,-8.38012554e+01,-5.23861016e+01
215.105000,-8.38012437e+01,-5.23860899e+01
215.110000,-8.38012321e+01,-5.23860783e+01
215.115000,-8.38012205e+01,-5.23860667e+01
215.120000,-8.38012088e+01,-5.23860550e+01
215.125000,-8.38011972e+01,-5.23860434e+01
215.130000,-8.38011856e+01,-5.23860318e+01
215.135000,-8.38011740e+01,-5.23860202e+01
215.140000,-8.38011623e+01,-5.23860086e+01
215.145000,-8.38011507e+01,-5.23859970e+01
215.150000,-8.38011391e+01,-5.23859854e+01
215.155000,-8.38011275e+01,-5.23859738e+01
215.160000,-8.38011159e+01,-5.23859622e+01
215.165000,-8.38011044e+01,-5.23859506e+01
215.170000,-8.38010928e+01,-5.23859390e+01
215.175000,-8.38010812e+01,-5.23859274e+01
215.180000,-8.38010696e+01,-5.23859158e+01
215.185000,-8.38010580e+01,-5.23859043e+01
215.190000,-8.38010465e+01,-5.23858927e+01
215.195000,-8.38010349e+01,-5.23858811e+01
215.200000,-8.38010234e+01,-5.23858696e+01
215.205000,-8.38010118e+01,-5.23858580e+01
215.210000,-8.38010003e+01,-5.23858465e+01
215.215000,-8.38009887e+01,-5.23858349e+01
215.220000,-8.38009772e+01,-5.23858234e+01
215.225000,-8.38009657e+01,-5.23858119e+01
215.230000,-8.38009541e+01,-5.23858004e+01
215.235000,-8.38009426e+01,-5.23857888e+01
215.240000,-8.38009311e+01,-5.23857773e+01
215.245000,-8.38009196e+01,-5.23857658e+01
215.250000,-8.38009081e+01,-5.23857543e+01
215.255000,-8.38008966e+01,-5.23857428e+01
215.260000,-8.38008851e+01,-5.23857313e+01
215.265000,-8.38008736e+01,-5.23857198e+01
215.270000,-8.38008621e+01,-5.23857083e+01
215.275000,-8.38008506e+01,-5.23856968e+01
215.280000,-8.38008391e+01,-5.23856853e+01
215.285000,-8.38008276e+01,-5.23856739e+01
215.290000,-8.38008162e+01,-5.23856624e+01
215.295000,-8.38008047e+01,-5.23856509e+01
215.300000,-8.38007932e+01,-5.23856394e+01
215.305000,-8.38007818e+01,-5.23856280e+01
215.310000,-8.38007703e+01,-5.23856165e+01
215.315000,-8.38007589e+01,-5.23856051e+01
215.320000,-8.38007474e+01,-5.23855936e+01
215.325000,-8.38007360e+01,-5.23855822e+01
215.330000,-8.38007245e+01,-5.23855708e+01
215.335000,-8.38007131e+01,-5.23855593e+01
215.340000,-8.38007017e+01,-5.23855479e+01
215.345000,-8.38006903e+01,-5.23855365e+01
215.350000,-8.38006788e+01,-5.23855251e+01
215.355000,-8.38006674e+01,-5.23855137e+01
215.360000,-8.38006560e+01,-5.23855023e+01
215.365000,-8.38006446e+01,-5.23854908e+01
215.370000,-8.38006332e+01,-5.23854794e+01
215.375000,-8.38006218e+01,-5.23854681e+01
215.380000,-8.38006104e+01,-5.23854567e+01
215.385000,-8.38005991e+01,-5.23854453e+01
215.390000,-8.38005877e+01,-5.23854339e+01
215.395000,-8.38005763e+01,-5.23854225e+01
215.400000,-8.38005649e+01,-5.23854112e+01
215.405000,-8.38005536e+01,-5.23853998e+01
215.410000,-8.38005422e+01,-5.23853884e+01
215.415000,-8.38005308e+01,-5.23853771e+01
215.420000,-8.38005195e+01,-5.23853657e+01
215.425000,-8.38005081e+01,-5.23853544e+01
215.430000,-8.38004968e+01,-5.23853430e+01
215.435000,-8.38004855e+01,-5.23853317e+01
215.440000,-8.38004741e+01,-5.23853204e+01
215.445000,-8.38004628e+01,-5.23853090e+01
215.450000,-8.38004515e+01,-5.23852977e+01
215.455000,-8.38004401e+01,-5.23852864e+01
215.460000,-8.38004288e+01,-5.23852751e+01
215.465000,-8.38004175e+01,-5.23852637e+01
215.470000,-8.38004062e+01,-5.23852524e+01
215.475000,-8.38003949e+01,-5.23852411e+01
215.480000,-8.38003836e+01,-5.23852298e+01
215.485000,-8.38003723e+01,-5.23852185e+01
215.490000,-8.38003610e+01,-5.23852073e+01
215.495000,-8.38003497e+01,-5.23851960e+01
215.500000,-8.38003385e+01,-5.23851847e+01
215.505000,-8.38003272e+01,-5.23851734e+01
215.510000,-8.38003159e+01,-5.23851621e+01
215.515000,-8.38003047e+01,-5.23851509e+01
215.520000,-8.38002934e+01,-5.23851396e+01
215.525000,-8.38002821e+01,-5.23851284e+01
215.530000,-8.38002709e+01,-5.23851171e+01
215.535000,-8.38002596e+01,-5.23851059e+01
215.540000,-8.38002484e+01,-5.23850946e+01
215.545000,-8.38002372e+01,-5.23850834e+01
215.550000,-8.38002259e+01,-5.23850721e+01
215.555000,-8.38002147e+01,-5.23850609e+01
215.560000,-8.38002035e+01,-5.23850497e+01
215.565000,-8.38001922e+01,-5.23850385e+01
215.570000,-8.38001810e+01,-5.23850273e+01
215.575000,-8.38001698e+01,-5.23850160e+01
215.580000,-8.38001586e+01,-5.23850048e+01
215.585000,-8.38001474e+01,-5.23849936e+01
215.590000,-8.38001362e+01,-5.23849824e+01
215.595000,-8.38001250e+01,-5.23849712e+01
215.600000,-8.38001138e+01,-5.23849601e+01
215.605000,-8.38001026e+01,-5.23849489e+01
215.610000,-8.38000915e+01,-5.23849377e+01
215.615000,-8.38000803e+01,-5.23849265e+01
215.620000,-8.38000691e+01,-5.23849153e+01
215.625000,-8.38000579e+01,-5.23849042e+01
215.630000,-8.38000468e+01,-5.23848930e+01
215.635000,-8.38000356e+01,-5.23848819e+01
215.640000,-8.38000245e+01,-5.23848707e+01
215.645000,-8.38000133e+01,-5.23848596e+01
215.650000,-8.38000022e+01,-5.23848484e+01
215.655000,-8.37999910e+01,-5.23848373e+01
215.660000,-8.37999799e+01,-5.23848261e+01
215.665000,-8.37999688e+01,-5.23848150e+01
215.670000,-8.37999576e+01,-5.23848039e+01
215.675000,-8.37999465e+01,-5.23847928e+01
215.680000,-8.37999354e+01,-5.23847816e+01
215.685000,-8.37999243e+01,-5.23847705e+01
215.690000,-8.37999132e+01,-5.23847594e+01
215.695000,-8.37999021e+01,-5.23847483e+01
215.700000,-8.37998910e+01,-5.23847372e+01
215.705000,-8.37998799e+01,-5.23847261e+01
215.710000,-8.37998688e+01,-5.23847150e+01
215.715000,-8.37998577e+01,-5.23847039e+01
215.720000,-8.37998466e+01,-5.23846929e+01
215.725000,-8.37998356e+01,-5.23846818e+01
215.730000,-8.37998245e+01,-5.23846707e+01
215.735000,-8.37998134e+01,-5.23846596e+01
215.740000,-8.37998023e+01,-5.23846486e+01
215.745000,-8.37997913e+01,-5.23846375e+01
215.750000,-8.37997802e+01,-5.23846265e+01
215.755000,-8.37997692e+01,-5.23846154e+01
215.760000,-8.37997581e+01,-5.23846044e+01
215.765000,-8.37997471e+01,-5.23845933e+01
215.770000,-8.37997361e+01,-5.23845823e+01
215.775000,-8.37997250e+01,-5.23845713e+01
215.780000,-8.37997140e+01,-5.23845602e+01
215.785000,-8.37997030e+01,-5.23845492e+01
215.790000,-8.37996920e+01,-5.23845382e+01
215.795000,-8.37996809e+01,-5.23845272e+01
215.800000,-8.37996699e+01,-5.23845162e+01
215.805000,-8.37996589e+01,-5.23845052e+01
215.810000,-8.37996479e+01,-5.23844942e+01
215.815000,-8.37996369e+01,-5.23844832e+01
215.820000,-8.37996259e+01,-5.23844722e+01
215.825000,-8.37996149e+01,-5.23844612e+01
215.830000,-8.37996040e+01,-5.23844502e+01
215.835000,-8.37995930e+01,-5.23844392e+01
215.840000,-8.37995820e+01,-5.23844282e+01
215.845000,-8.37995710e+01,-5.23844173e+01
215.850000,-8.37995601e+01,-5.23844063e+01
215.855000,-8.37995491e+01,-5.23843954e+01
215.860000,-8.37995382e+01,-5.23843844e+01
215.865000,-8.37995272e+01,-5.23843734e+01
215.870000,-8.37995163e+01,-5.23843625e+01
215.875000,-8.37995053e+01,-5.23843516e+01
215.880000,-8.37994944e+01,-5.23843406e+01
215.885000,-8.37994834e+01,-5.23843297e+01
215.890000,-8.37994725e+01,-5.23843187e+01
215.895000,-8.37994616e+01,-5.23843078e+01
215.900000,-8.37994507e+01,-5.23842969e+01
215.905000,-8.37994397e+01,-5.23842860e+01
215.910000,-8.37994288e+01,-5.23842751e+01
215.915000,-8.37994179e+01,-5.23842642e+01
215.920000,-8.37994070e+01,-5.23842533e+01
215.925000,-8.37993961e+01,-5.23842424e+01
215.930000,-8.37993852e+01,-5.23842315e+01
215.935000,-8.37993743e+01,-5.23842206e+01
215.940000,-8.37993634e+01,-5.23842097e+01
215.945000,-8.37993526e+01,-5.23841988e+01
215.950000,-8.37993417e+01,-5.23841879e+01
215.955000,-8.37993308e+01,-5.23841771e+01
215.960000,-8.37993199e+01,-5.23841662e+01
215.965000,-8.37993091e+01,-5.23841553e+01
215.970000,-8.37992982e+01,-5.23841445e+01
215.975000,-8.37992874e+01,-5.23841336e+01
215.980000,-8.37992765e+01,-5.23841228e+01
215.985000,-8.37992657e+01,-5.23841119e+01
215.990000,-8.37992548e+01,-5.23841011e+01
215.995000,-8.37992440e+01,-5.23840902e+01
216.000000,-8.37992332e+01,-5.23840794e+01
216.005000,-8.37992223e+01,-5.23840686e+01
216.010000,-8.37992115e+01,-5.23840577e+01
216.015000,-8.37992007e+01,-5.23840469e+01
216.020000,-8.37991899e+01,-5.23840361e+01
216.025000,-8.37991790e+01,-5.23840253e+01
216.030000,-8.37991682e+01,-5.23840145e+01
216.035000,-8.37991574e+01,-5.23840037e+01
216.040000,-8.37991466e+01,-5.23839929e+01
216.045000,-8.37991358e+01,-5.23839821e+01
216.050000,-8.37991251e+01,-5.23839713e+01
216.055000,-8.37991143e+01,-5.23839605e+01
216.060000,-8.37991035e+01,-5.23839497e+01
216.065000,-8.37990927e+01,-5.23839389e+01
216.070000,-8.37990819e+01,-5.23839282e+01
216.075000,-8.37990712e+01,-5.23839174e+01
216.080000,-8.37990604e+01,-5.23839066e+01
216.085000,-8.37990496e+01,-5.23838959e+01
216.090000,-8.37990389e+01,-5.23838851e+01
216.095000,-8.37990281e+01,-5.23838744e+01
216.100000,-8.37990174e+01,-5.23838636e+01
216.105000,-8.37990066e+01,-5.23838529e+01
216.110000,-8.37989959e+01,-5.23838422e+01
216.115000,-8.37989852e+01,-5.23838314e+01
216.120000,-8.37989744e+01,-5.23838207e+01
216.125000,-8.37989637e+01,-5.23838100e+01
216.130000,-8.37989530e+01,-5.23837992e+01
216.135000,-8.37989423e+01,-5.23837885e+01
216.140000,-8.37989316e+01,-5.23837778e+01
216.145000,-8.37989209e+01,-5.23837671e+01
216.150000,-8.37989102e+01,-5.23837564e+01
216.155000,-8.37988995e+01,-5.23837457e+01
216.160000,-8.37988888e+01,-5.23837350e+01
216.165000,-8.37988781e+01,-5.23837243e+01
216.170000,-8.37988674e+01,-5.23837136e+01
216.175000,-8.37988567e+01,-5.23837030e+01
216.180000,-8.37988460e+01,-5.23836923e+01
216.185000,-8.37988354e+01,-5.23836816e+01
216.190000,-8.37988247e+01,-5.23836709e+01
216.195000,-8.37988140e+01,-5.23836603e+01
216.200000,-8.37988034e+01,-5.23836496e+01
216.205000,-8.37987927e+01,-5.23836390e+01
216.210000,-8.37987821e+01,-5.23836283e+01
216.215000,-8.37987714e+01,-5.23836177e+01
216.220000,-8.37987608e+01,-5.23836070e+01
216.225000,-8.37987501e+01,-5.23835964e+01
216.230000,-8.37987395e+01,-5.23835857e+01
216.235000,-8.37987289e+01,-5.23835751e+01
216.240000,-8.37987182e+01,-5.23835645e+01
216.245000,-8.37987076e+01,-5.23835539e+01
216.250000,-8.37986970e+01,-5.23835432e+01
216.255000,-8.37986864e+01,-5.23835326e+01
216.260000,-8.37986758e+01,-5.23835220e+01
216.265000,-8.37986652e+01,-5.23835114e+01
216.270000,-8.37986546e+01,-5.23835008e+01
216.275000,-8.37986440e+01,-5.23834902e+01
216.280000,-8.37986334e+01,-5.23834796e+01
216.285000,-8.37986228e+01,-5.23834690e+01
216.290000,-8.37986122e+01,-5.23834585e+01
216.295000,-8.37986016e+01,-5.23834479e+01
216.300000,-8.37985911e+01,-5.23834373e+01
216.305000,-8.37985805e+01,-5.23834267e+01
216.310000,-8.37985699e+01,-5.23834162e+01
216.315000,-8.37985594e+01,-5.23834056e+01
216.320000,-8.37985488e+01,-5.23833950e+01
216.325000,-8.37985383e+01,-5.23833845e+01
216.330000,-8.37985277e+01,-5.23833739e+01
216.335000,-8.37985172e+01,-5.23833634e+01
216.340000,-8.37985066e+01,-5.23833529e+01
216.345000,-8.37984961e+01,-5.23833423e+01
216.350000,-8.37984855e+01,-5.23833318e+01
216.355000,-8.37984750e+01,-5.23833213e+01
216.360000,-8.37984645e+01,-5.23833107e+01
216.365000,-8.37984540e+01,-5.23833002e+01
216.370000,-8.37984435e+01,-5.23832897e+01
216.375000,-8.37984330e+01,-5.23832792e+01
216.380000,-8.37984224e+01,-5.23832687e+01
216.385000,-8.37984119e+01,-5.23832582e+01
216.390000,-8.37984014e+01,-5.23832477e+01
216.395000,-8.37983910e+01,-5.23832372e+01
216.400000,-8.37983805e+01,-5.23832267e+01
216.405000,-8.37983700e+01,-5.23832162e+01
216.410000,-8.37983595e+01,-5.23832057e+01
216.415000,-8.37983490e+01,-5.23831953e+01
216.420000,-8.37983385e+01,-5.23831848e+01
216.425000,-8.37983281e+01,-5.23831743e+01
216.430000,-8.37983176e+01,-5.23831639e+01
216.435000,-8.37983072e+01,-5.23831534e+01
216.440000,-8.37982967e+01,-5.23831429e+01
216.445000,-8.37982862e+01,-5.23831325e+01
216.450000,-8.37982758e+01,-5.23831220e+01
216.455000,-8.37982654e+01,-5.23831116e+01
216.460000,-8.37982549e+01,-5.23831012e+01
216.465000,-8.37982445e+01,-5.23830907e+01
216.470000,-8.37982341e+01,-5.23830803e+01
216.475000,-8.37982236e+01,-5.23830699e+01
216.480000,-8.37982132e+01,-5.23830595e+01
216.485000,-8.37982028e+01,-5.23830490e+01
216.490000,-8.37981924e+01,-5.23830386e+01
216.495000,-8.37981820e+01,-5.23830282e+01
216.500000,-8.37981716e+01,-5.23830178e+01
216.505000,-8.37981612e+01,-5.23830074e+01
216.510000,-8.37981508e+01,-5.23829970e+01
216.515000,-8.37981404e+01,-5.23829866e+01
216.520000,-8.37981300e+01,-5.23829762e+01
216.525000,-8.37981196e+01,-5.23829658e+01
216.530000,-8.37981092e+01,-5.23829555e+01
216.535000,-8.37980988e+01,-5.23829451e+01
216.540000,-8.37980885e+01,-5.23829347e+01
216.545000,-8.37980781e+01,-5.23829244e+01
216.550000,-8.37980677e+01,-5.23829140e+01
216.555000,-8.37980574e+01,-5.23829036e+01
216.560000,-8.37980470e+01,-5.23828933e+01
216.565000,-8.37980367e+01,-5.23828829e+01
216.570000,-8.37980263e+01,-5.23828726e+01
216.575000,-8.37980160e+01,-5.23828622e+01
216.580000,-8.37980057e+01,-5.23828519e+01
216.585000,-8.37979953e+01,-5.23828416e+01
216.590000,-8.37979850e+01,-5.23828312e+01
216.595000,-8.37979747e+01,-5.23828209e+01
216.600000,-8.37979643e+01,-5.23828106e+01
216.605000,-8.37979540e+01,-5.23828003e+01
216.610000,-8.37979437e+01,-5.23827900e+01
216.615000,-8.37979334e+01,-5.23827797e+01
216.620000,-8.37979231e+01,-5.23827693e+01
216.625000,-8.37979128e+01,-5.23827590e+01
216.630000,-8.37979025e+01,-5.23827487e+01
216.635000,-8.37978922e+01,-5.23827385e+01
216.640000,-8.37978819e+01,-5.23827282e+01
216.645000,-8.37978716e+01,-5.23827179e+01
216.650000,-8.37978614e+01,-5.23827076e+01
216.655000,-8.37978511e+01,-5.23826973e+01
216.660000,-8.37978408e+01,-5.23826871e+01
216.665000,-8.37978305e+01,-5.23826768e+01
216.670000,-8.37978203e+01,-5.23826665e+01
216.675000,-8.37978100e+01,-5.23826563e+01
216.680000,-8.37977998e+01,-5.23826460e+01
216.685000,-8.37977895e+01,-5.23826358e+01
216.690000,-8.37977793e+01,-5.23826255e+01
216.695000,-8.37977690e+01,-5.23826153e+01
216.700000,-8.37977588e+01,-5.23826050e+01
216.705000,-8.37977486e+01,-5.23825948e+01
216.710000,-8.37977383e+01,-5.23825846e+01
216.715000,-8.37977281e+01,-5.23825743e+01
216.720000,-8.37977179e+01,-5.23825641e+01
216.725000,-8.37977077e+01,-5.23825539e+01
216.730000,-8.37976974e+01,-5.23825437e+01
216.735000,-8.37976872e+01,-5.23825335e+01
216.740000,-8.37976770e+01,-5.23825233e+01
216.745000,-8.37976668e+01,-5.23825131e+01
216.750000,-8.37976566e+01,-5.23825029e+01
216.755000,-8.37976464e+01,-5.23824927e+01
216.760000,-8.37976363e+01,-5.23824825e+01
216.765000,-8.37976261e+01,-5.23824723e+01
216.770000,-8.37976159e+01,-5.23824621e+01
216.775000,-8.37976057e+01,-5.23824520e+01
216.780000,-8.37975955e+01,-5.23824418e+01
216.785000,-8.37975854e+01,-5.23824316e+01
216.790000,-8.37975752e+01,-5.23824215e+01
216.795000,-8.37975650e+01,-5.23824113e+01
216.800000,-8.37975549e+01,-5.23824011e+01
216.805000,-8.37975447e+01,-5.23823910e+01
216.810000,-8.37975346e+01,-5.23823808e+01
216.815000,-8.37975244e+01,-5.23823707e+01
216.820000,-8.37975143e+01,-5.23823606e+01
216.825000,-8.37975042e+01,-5.23823504e+01
216.830000,-8.37974940e+01,-5.23823403e+01
216.835000,-8.37974839e+01,-5.23823302e+01
216.840000,-8.37974738e+01,-5.23823200e+01
216.845000,-8.37974637e+01,-5.23823099e+01
216.850000,-8.37974536e+01,-5.23822998e+01
216.855000,-8.37974434e+01,-5.23822897e+01
216.860000,-8.37974333e+01,-5.23822796e+01
216.865000,-8.37974232e+01,-5.23822695e+01
216.870000,-8.37974131e+01,-5.23822594e+01
216.875000,-8.37974030e+01,-5.23822493e+01
216.880000,-8.37973930e+01,-5.23822392e+01
216.885000,-8.37973829e+01,-5.23822291e+01
216.890000,-8.37973728e+01,-5.23822190e+01
216.895000,-8.37973627e+01,-5.23822090e+01
216.900000,-8.37973526e+01,-5.23821989e+01
216.905000,-8.37973426e+01,-5.23821888e+01
216.910000,-8.37973325e+01,-5.23821788e+01
216.915000,-8.37973224e+01,-5.23821687e+01
216.920000,-8.37973124e+01,-5.23821586e+01
216.925000,-8.37973023e+01,-5.23821486e+01
216.930000,-8.37972923e+01,-5.23821385e+01
216.935000,-8.37972822e+01,-5.23821285e+01
216.940000,-8.37972722e+01,-5.23821184e+01
216.945000,-8.37972621e+01,-5.23821084e+01
216.950000,-8.37972521e+01,-5.23820984e+01
216.955000,-8.37972421e+01,-5.23820883e+01
216.960000,-8.37972321e+01,-5.23820783e+01
216.965000,-8.37972220e+01,-5.23820683e+01
216.970000,-8.37972120e+01,-5.23820583e+01
216.975000,-8.37972020e+01,-5.23820483e+01
216.980000,-8.37971920e+01,-5.23820383e+01
216.985000,-8.37971820e+01,-5.23820283e+01
216.990000,-8.37971720e+01,-5.23820183e+01
216.995000,-8.37971620e+01,-5.23820083e+01
217.000000,-8.37971520e+01,-5.23819983e+01
217.005000,-8.37971420e+01,-5.23819883e+01
217.010000,-8.37971320e+01,-5.23819783e+01
217.015000,-8.37971221e+01,-5.23819683e+01
217.020000,-8.37971121e+01,-5.23819583e+01
217.025000,-8.37971021e+01,-5.23819484e+01
217.030000,-8.37970921e+01,-5.23819384e+01
217.035000,-8.37970822e+01,-5.23819284e+01
217.040000,-8.37970722e+01,-5.23819185e+01
217.045000,-8.37970623e+01,-5.23819085e+01
217.050000,-8.37970523e+01,-5.23818986e+01
217.055000,-8.37970424e+01,-5.23818886e+01
217.060000,-8.37970324e+01,-5.23818787e+01
217.065000,-8.37970225e+01,-5.23818687e+01
217.070000,-8.37970125e+01,-5.23818588e+01
217.075000,-8.37970026e+01,-5.23818489e+01
217.080000,-8.37969927e+01,-5.23818389e+01
217.085000,-8.37969827e+01,-5.23818290e+01
217.090000,-8.37969728e+01,-5.23818191e+01
217.095000,-8.37969629e+01,-5.23818092e+01
217.100000,-8.37969530e+01,-5.23817993e+01
217.105000,-8.37969431e+01,-5.23817893e+01
217.110000,-8.37969332e+01,-5.23817794e+01
217.115000,-8.37969233e+01,-5.23817695e+01
217.120000,-8.37969134e+01,-5.23817596e+01
217.125000,-8.37969035e+01,-5.23817498e+01
217.130000,-8.37968936e+01,-5.23817399e+01
217.135000,-8.37968837e+01,-5.23817300e+01
217.140000,-8.37968738e+01,-5.23817201e+01
217.145000,-8.37968640e+01,-5.23817102e+01
217.150000,-8.37968541e+01,-5.23817003e+01
217.155000,-8.37968442e+01,-5.23816905e+01
217.160000,-8.37968344e+01,-5.23816806e+01
217.165000,-8.37968245e+01,-5.23816708e+01
217.170000,-8.37968146e+01,-5.23816609e+01
217.175000,-8.37968048e+01,-5.23816510e+01
217.180000,-8.37967949e+01,-5.23816412e+01
217.185000,-8.37967851e+01,-5.23816314e+01
217.190000,-8.37967753e+01,-5.23816215e+01
217.195000,-8.37967654e+01,-5.23816117e+01
217.200000,-8.37967556e+01,-5.23816018e+01
217.205000,-8.37967458e+01,-5.23815920e+01
217.210000,-8.37967359e+01,-5.23815822e+01
217.215000,-8.37967261e+01,-5.23815724e+01
217.220000,-8.37967163e+01,-5.23815626e+01
217.225000,-8.37967065e+01,-5.23815527e+01
217.230000,-8.37966967e+01,-5.23815429e+01
217.235000,-8.37966869e+01,-5.23815331e+01
217.240000,-8.37966771e+01,-5.23815233e+01
217.245000,-8.37966673e+01,-5.23815135e+01
217.250000,-8.37966575e+01,-5.23815037e+01
217.255000,-8.37966477e+01,-5.23814940e+01
217.260000,-8.37966379e+01,-5.23814842e+01
217.265000,-8.37966281e+01,-5.23814744e+01
217.270000,-8.37966183e+01,-5.23814646e+01
217.275000,-8.37966086e+01,-5.23814548e+01
217.280000,-8.37965988e+01,-5.23814451e+01
217.285000,-8.37965890e+01,-5.23814353e+01
217.290000,-8.37965793e+01,-5.23814255e+01
217.295000,-8.37965695e+01,-5.23814158e+01
217.300000,-8.37965598e+01,-5.23814060e+01
217.305000,-8.37965500e+01,-5.23813963e+01
217.310000,-8.37965403e+01,-5.23813865e+01
217.315000,-8.37965305e+01,-5.23813768e+01
217.320000,-8.37965208e+01,-5.23813671e+01
217.325000,-8.37965111e+01,-5.23813573e+01
217.330000,-8.37965013e+01,-5.23813476e+01
217.335000,-8.37964916e+01,-5.23813379e+01
217.340000,-8.37964819e+01,-5.23813281e+01
217.345000,-8.37964722e+01,-5.23813184e+01
217.350000,-8.37964625e+01,-5.23813087e+01
217.355000,-8.37964527e+01,-5.23812990e+01
217.360000,-8.37964430e+01,-5.23812893e+01
217.365000,-8.37964333e+01,-5.23812796e+01
217.370000,-8.37964236e+01,-5.23812699e+01
217.375000,-8.37964139e+01,-5.23812602e+01
217.380000,-8.37964043e+01,-5.23812505e+01
217.385000,-8.37963946e+01,-5.23812408e+01
217.390000,-8.37963849e+01,-5.23812311e+01
217.395000,-8.37963752e+01,-5.23812215e+01
217.400000,-8.37963655e+01,-5.23812118e+01
217.405000,-8.37963559e+01,-5.23812021e+01
217.410000,-8.37963462e+01,-5.23811925e+01
217.415000,-8.37963365e+01,-5.23811828e+01
217.420000,-8.37963269e+01,-5.23811731e+01
217.425000,-8.37963172e+01,-5.23811635e+01
217.430000,-8.37963076e+01,-5.23811538e+01
217.435000,-8.37962979e+01,-5.23811442e+01
217.440000,-8.37962883e+01,-5.23811345e+01
217.445000,-8.37962786e+01,-5.23811249e+01
217.450000,-8.37962690e+01,-5.23811153e+01
217.455000,-8.37962594e+01,-5.23811056e+01
217.460000,-8.37962497e+01,-5.23810960e+01
217.465000,-8.37962401e+01,-5.23810864e+01
217.470000,-8.37962305e+01,-5.23810768e+01
217.475000,-8.37962209e+01,-5.23810671e+01
217.480000,-8.37962113e+01,-5.23810575e+01
217.485000,-8.37962017e+01,-5.23810479e+01
217.490000,-8.37961921e+01,-5.23810383e+01
217.495000,-8.37961825e+01,-5.23810287e+01
217.500000,-8.37961729e+01,-5.23810191e+01
217.505000,-8.37961633e+01,-5.23810095e+01
217.510000,-8.37961537e+01,-5.23809999e+01
217.515000,-8.37961441e+01,-5.23809904e+01
217.520000,-8.37961345e+01,-5.23809808e+01
217.525000,-8.37961249e+01,-5.23809712e+01
217.530000,-8.37961154e+01,-5.23809616e+01
217.535000,-8.37961058e+01,-5.23809521e+01
217.540000,-8.37960962e+01,-5.23809425e+01
217.545000,-8.37960867e+01,-5.23809329e+01
217.550000,-8.37960771e+01,-5.23809234e+01
217.555000,-8.37960676e+01,-5.23809138e+01
217.560000,-8.37960580e+01,-5.23809043e+01
217.565000,-8.37960485e+01,-5.23808947e+01
217.570000,-8.37960389e+01,-5.23808852e+01
217.575000,-8.37960294e+01,-5.23808756e+01
217.580000,-8.37960198e+01,-5.23808661e+01
217.585000,-8.37960103e+01,-5.23808566e+01
217.590000,-8.37960008e+01,-5.23808470e+01
217.595000,-8.37959913e+01,-5.23808375e+01
217.600000,-8.37959817e+01,-5.23808280e+01
217.605000,-8.37959722e+01,-5.23808185e+01
217.610000,-8.37959627e+01,-5.23808090e+01
217.615000,-8.37959532e+01,-5.23807995e+01
217.620000,-8.37959437e+01,-5.23807900e+01
217.625000,-8.37959342e+01,-5.23807805e+01
217.630000,-8.37959247e+01,-5.23807710e+01
217.635000,-8.37959152e+01,-5.23807615e+01
217.640000,-8.37959057e+01,-5.23807520e+01
217.645000,-8.37958962e+01,-5.23807425e+01
217.650000,-8.37958868e+01,-5.23807330e+01
217.655000,-8.37958773e+01,-5.23807235e+01
217.660000,-8.37958678e+01,-5.23807141e+01
217.665000,-8.37958583e+01,-5.23807046e+01
217.670000,-8.37958489e+01,-5.23806951e+01
217.675000,-8.37958394e+01,-5.23806857e+01
217.680000,-8.37958300e+01,-5.23806762e+01
217.685000,-8.37958205e+01,-5.23806668e+01
217.690000,-8.37958111e+01,-5.23806573e+01
217.695000,-8.37958016e+01,-5.23806479e+01
217.700000,-8.37957922e+01,-5.23806384e+01
217.705000,-8.37957827e+01,-5.23806290e+01
217.710000,-8.37957733e+01,-5.23806196e+01
217.715000,-8.37957639e+01,-5.23806101e+01
217.720000,-8.37957544e+01,-5.23806007e+01
217.725000,-8.37957450e+01,-5.23805913e+01
217.730000,-8.37957356e+01,-5.23805819e+01
217.735000,-8.37957262e+01,-5.23805724e+01
217.740000,-8.37957168e+01,-5.23805630e+01
217.745000,-8.37957074e+01,-5.23805536e+01
217.750000,-8.37956979e+01,-5.23805442e+01
217.755000,-8.37956885e+01,-5.23805348e+01
217.760000,-8.37956792e+01,-5.23805254e+01
217.765000,-8.37956698e+01,-5.23805160e+01
217.770000,-8.37956604e+01,-5.23805066e+01
217.775000,-8.37956510e+01,-5.23804973e+01
217.780000,-8.37956416e+01,-5.23804879e+01
217.785000,-8.37956322e+01,-5.23804785e+01
217.790000,-8.37956229e+01,-5.23804691e+01
217.795000,-8.37956135e+01,-5.23804597e+01
217.800000,-8.37956041e+01,-5.23804504e+01
217.805000,-8.37955948e+01,-5.23804410e+01
217.810000,-8.37955854e+01,-5.23804317e+01
217.815000,-8.37955760e+01,-5.23804223e+01
217.820000,-8.37955667e+01,-5.23804130e+01
217.825000,-8.37955573e+01,-5.23804036e+01
217.830000,-8.37955480e+01,-5.23803943e+01
217.835000,-8.37955387e+01,-5.23803849e+01
217.840000,-8.37955293e+01,-5.23803756e+01
217.845000,-8.37955200e+01,-5.23803663e+01
217.850000,-8.37955107e+01,-5.23803569e+01
217.855000,-8.37955013e+01,-5.23803476e+01
217.860000,-8.37954920e+01,-5.23803383e+01
217.865000,-8.37954827e+01,-5.23803290e+01
217.870000,-8.37954734e+01,-5.23803197e+01
217.875000,-8.37954641e+01,-5.23803103e+01
217.880000,-8.37954548e+01,-5.23803010e+01
217.885000,-8.37954455e+01,-5.23802917e+01
217.890000,-8.37954362e+01,-5.23802824e+01
217.895000,-8.37954269e+01,-5.23802731e+01
217.900000,-8.37954176e+01,-5.23802639e+01
217.905000,-8.37954083e+01,-5.23802546e+01
217.910000,-8.37953990e+01,-5.23802453e+01
217.915000,-8.37953897e+01,-5.23802360e+01
217.920000,-8.37953805e+01,-5.23802267e+01
217.925000,-8.37953712e+01,-5.23802175e+01
217.930000,-8.37953619e+01,-5.23802082e+01
217.935000,-8.37953527e+01,-5.23801989e+01
217.940000,-8.37953434e+01,-5.23801897e+01
217.945000,-8.37953341e+01,-5.23801804e+01
217.950000,-8.37953249e+01,-5.23801712e+01
217.955000,-8.37953156e+01,-5.23801619e+01
217.960000,-8.37953064e+01,-5.23801527e+01
217.965000,-8.37952971e+01,-5.23801434e+01
217.970000,-8.37952879e+01,-5.23801342e+01
217.975000,-8.37952787e+01,-5.23801249e+01
217.980000,-8.37952694e+01,-5.23801157e+01
217.985000,-8.37952602e+01,-5.23801065e+01
217.990000,-8.37952510e+01,-5.23800973e+01
217.995000,-8.37952418e+01,-5.23800880e+01
218.000000,-8.37952326e+01,-5.23800788e+01
218.005000,-8.37952233e+01,-5.23800696e+01
218.010000,-8.37952141e+01,-5.23800604e+01
218.015000,-8.37952049e+01,-5.23800512e+01
218.020000,-8.37951957e+01,-5.23800420e+01
218.025000,-8.37951865e+01,-5.23800328e+01
218.030000,-8.37951773e+01,-5.23800236e+01
218.035000,-8.37951682e+01,-5.23800144e+01
218.040000,-8.37951590e+01,-5.23800052e+01
218.045000,-8.37951498e+01,-5.23799961e+01
218.050000,-8.37951406e+01,-5.23799869e+01
218.055000,-8.37951314e+01,-5.23799777e+01
218.060000,-8.37951223e+01,-5.23799685e+01
218.065000,-8.37951131e+01,-5.23799594e+01
218.070000,-8.37951039e+01,-5.23799502e+01
218.075000,-8.37950948e+01,-5.23799410e+01
218.080000,-8.37950856e+01,-5.23799319e+01
218.085000,-8.37950765e+01,-5.23799227e+01
218.090000,-8.37950673e+01,-5.23799136e+01
218.095000,-8.37950582e+01,-5.23799044e+01
218.100000,-8.37950490e+01,-5.23798953e+01
218.105000,-8.37950399e+01,-5.23798862e+01
218.110000,-8.37950308e+01,-5.23798770e+01
218.115000,-8.37950216e+01,-5.23798679e+01
218.120000,-8.37950125e+01,-5.23798588e+01
218.125000,-8.37950034e+01,-5.23798496e+01
218.130000,-8.37949943e+01,-5.23798405e+01
218.135000,-8.37949851e+01,-5.23798314e+01
218.140000,-8.37949760e+01,-5.23798223e+01
218.145000,-8.37949669e+01,-5.23798132e+01
218.150000,-8.37949578e+01,-5.23798041e+01
218.155000,-8.37949487e+01,-5.23797950e+01
218.160000,-8.37949396e+01,-5.23797859e+01
218.165000,-8.37949305e+01,-5.23797768e+01
218.170000,-8.37949214e+01,-5.23797677e+01
218.175000,-8.37949123e+01,-5.23797586e+01
218.180000,-8.37949033e+01,-5.23797495e+01
218.185000,-8.37948942e+01,-5.23797405e+01
218.190000,-8.37948851e+01,-5.23797314e+01
218.195000,-8.37948760e+01,-5.23797223e+01
218.200000,-8.37948670e+01,-5.23797132e+01
218.205000,-8.37948579e+01,-5.23797042e+01
218.210000,-8.37948488e+01,-5.23796951e+01
218.215000,-8.37948398e+01,-5.23796861e+01
218.220000,-8.37948307e+01,-5.23796770e+01
218.225000,-8.37948217e+01,-5.23796680e+01
218.230000,-8.37948126e+01,-5.23796589e+01
218.235000,-8.37948036e+01,-5.23796499e+01
218.240000,-8.37947946e+01,-5.23796408e+01
218.245000,-8.37947855e+01,-5.23796318e+01
218.250000,-8.37947765e+01,-5.23796228e+01
218.255000,-8.37947675e+01,-5.23796137e+01
218.260000,-8.37947584e+01,-5.23796047e+01
218.265000,-8.37947494e+01,-5.23795957e+01
218.270000,-8.37947404e+01,-5.23795867e+01
218.275000,-8.37947314e+01,-5.23795777e+01
218.280000,-8.37947224e+01,-5.23795687e+01
218.285000,-8.37947134e+01,-5.23795597e+01
218.290000,-8.37947044e+01,-5.23795507e+01
218.295000,-8.37946954e+01,-5.23795417e+01
218.300000,-8.37946864e+01,-5.23795327e+01
218.305000,-8.37946774e+01,-5.23795237e+01
218.310000,-8.37946684e+01,-5.23795147e+01
218.315000,-8.37946594e+01,-5.23795057e+01
218.320000,-8.37946505e+01,-5.23794967e+01
218.325000,-8.37946415e+01,-5.23794878e+01
218.330000,-8.37946325e+01,-5.23794788e+01
218.335000,-8.37946235e+01,-5.23794698e+01
218.340000,-8.37946146e+01,-5.23794608e+01
218.345000,-8.37946056e+01,-5.23794519e+01
218.350000,-8.37945966e+01,-5.23794429e+01
218.355000,-8.37945877e+01,-5.23794340e+01
218.360000,-8.37945787e+01,-5.23794250e+01
218.365000,-8.37945698e+01,-5.23794161e+01
218.370000,-8.37945609e+01,-5.23794071e+01
218.375000,-8.37945519e+01,-5.23793982e+01
218.380000,-8.37945430e+01,-5.23793893e+01
218.385000,-8.37945340e+01,-5.23793803e+01
218.390000,-8.37945251e+01,-5.23793714e+01
218.395000,-8.37945162e+01,-5.23793625e+01
218.400000,-8.37945073e+01,-5.23793535e+01
218.405000,-8.37944984e+01,-5.23793446e+01
218.410000,-8.37944894e+01,-5.23793357e+01
218.415000,-8.37944805e+01,-5.23793268e+01
218.420000,-8.37944716e+01,-5.23793179e+01
218.425000,-8.37944627e+01,-5.23793090e+01
218.430000,-8.37944538e+01,-5.23793001e+01
218.435000,-8.37944449e+01,-5.23792912e+01
218.440000,-8.37944360e+01,-5.23792823e+01
218.445000,-8.37944271e+01,-5.23792734e+01
218.450000,-8.37944183e+01,-5.23792645e+01
218.455000,-8.37944094e+01,-5.23792556e+01
218.460000,-8.37944005e+01,-5.23792468e+01
218.465000,-8.37943916e+01,-5.23792379e+01
218.470000,-8.37943827e+01,-5.23792290e+01
218.475000,-8.37943739e+01,-5.23792202e+01
218.480000,-8.37943650e+01,-5.23792113e+01
218.485000,-8.37943562e+01,-5.23792024e+01
218.490000,-8.37943473e+01,-5.23791936e+01
218.495000,-8.37943384e+01,-5.23791847e+01
218.500000,-8.37943296e+01,-5.23791759e+01
218.505000,-8.37943207e+01,-5.23791670e+01
218.510000,-8.37943119e+01,-5.23791582e+01
218.515000,-8.37943031e+01,-5.23791493e+01
218.520000,-8.37942942e+01,-5.23791405e+01
218.525000,-8.37942854e+01,-5.23791317e+01
218.530000,-8.37942766e+01,-5.23791229e+01
218.535000,-8.37942677e+01,-5.23791140e+01
218.540000,-8.37942589e+01,-5.23791052e+01
218.545000,-8.37942501e+01,-5.23790964e+01
218.550000,-8.37942413e+01,-5.23790876e+01
218.555000,-8.37942325e+01,-5.23790788e+01
218.560000,-8.37942237e+01,-5.23790700e+01
218.565000,-8.37942149e+01,-5.23790612e+01
218.570000,-8.37942061e+01,-5.23790524e+01
218.575000,-8.37941973e+01,-5.23790436e+01
218.580000,-8.37941885e+01,-5.23790348e+01
218.585000,-8.37941797e+01,-5.23790260e+01
218.590000,-8.37941709e+01,-5.23790172e+01
218.595000,-8.37941621e+01,-5.23790084e+01
218.600000,-8.37941534e+01,-5.23789996e+01
218.605000,-8.37941446e+01,-5.23789909e+01
218.610000,-8.37941358e+01,-5.23789821e+01
218.615000,-8.37941270e+01,-5.23789733e+01
218.620000,-8.37941183e+01,-5.23789646e+01
218.625000,-8.37941095e+01,-5.23789558e+01
218.630000,-8.37941008e+01,-5.23789470e+01
218.635000,-8.37940920e+01,-5.23789383e+01
218.640000,-8.37940833e+01,-5.23789295e+01
218.645000,-8.37940745e+01,-5.23789208e+01
218.650000,-8.37940658e+01,-5.23789120e+01
218.655000,-8.37940570e+01,-5.23789033e+01
218.660000,-8.37940483e+01,-5.23788946e+01
218.665000,-8.37940396e+01,-5.23788858e+01
218.670000,-8.37940308e+01,-5.23788771e+01
218.675000,-8.37940221e+01,-5.23788684e+01
218.680000,-8.37940134e+01,-5.23788597e+01
218.685000,-8.37940047e+01,-5.23788509e+01
218.690000,-8.37939960e+01,-5.23788422e+01
218.695000,-8.37939872e+01,-5.23788335e+01
218.700000,-8.37939785e+01,-5.23788248e+01
218.705000,-8.37939698e+01,-5.23788161e+01
218.710000,-8.37939611e+01,-5.23788074e+01
218.715000,-8.37939524e+01,-5.23787987e+01
218.720000,-8.37939437e+01,-5.23787900e+01
218.725000,-8.37939351e+01,-5.23787813e+01
218.730000,-8.37939264e+01,-5.23787726e+01
218.735000,-8.37939177e+01,-5.23787640e+01
218.740000,-8.37939090e+01,-5.23787553e+01
218.745000,-8.37939003e+01,-5.23787466e+01
218.750000,-8.37938917e+01,-5.23787379e+01
218.755000,-8.37938830e+01,-5.23787293e+01
218.760000,-8.37938743e+01,-5.23787206e+01
218.765000,-8.37938657e+01,-5.23787119e+01
218.770000,-8.37938570e+01,-5.23787033e+01
218.775000,-8.37938484e+01,-5.23786946e+01
218.780000,-8.37938397e+01,-5.23786860e+01
218.785000,-8.37938311e+01,-5.23786773e+01
218.790000,-8.37938224e+01,-5.23786687e+01
218.795000,-8.37938138e+01,-5.23786601e+01
218.800000,-8.37938051e+01,-5.23786514e+01
218.805000,-8.37937965e+01,-5.23786428e+01
218.810000,-8.37937879e+01,-5.23786342e+01
218.815000,-8.37937792e+01,-5.23786255e+01
218.820000,-8.37937706e+01,-5.23786169e+01
218.825000,-8.37937620e+01,-5.23786083e+01
218.830000,-8.37937534e+01,-5.23785997e+01
218.835000,-8.37937448e+01,-5.23785911e+01
218.840000,-8.37937362e+01,-5.23785824e+01
218.845000,-8.37937276e+01,-5.23785738e+01
218.850000,-8.37937190e+01,-5.23785652e+01
218.855000,-8.37937104e+01,-5.23785566e+01
218.860000,-8.37937018e+01,-5.23785480e+01
218.865000,-8.37936932e+01,-5.23785395e+01
218.870000,-8.37936846e+01,-5.23785309e+01
218.875000,-8.37936760e+01,-5.23785223e+01
218.880000,-8.37936674e+01,-5.23785137e+01
218.885000,-8.37936588e+01,-5.23785051e+01
218.890000,-8.37936503e+01,-5.23784966e+01
218.895000,-8.37936417e+01,-5.23784880e+01
218.900000,-8.37936331e+01,-5.23784794e+01
218.905000,-8.37936246e+01,-5.23784709e+01
218.910000,-8.37936160e+01,-5.23784623e+01
218.915000,-8.37936074e+01,-5.23784537e+01
218.920000,-8.37935989e+01,-5.23784452e+01
218.925000,-8.37935903e+01,-5.23784366e+01
218.930000,-8.37935818e+01,-5.23784281e+01
218.935000,-8.37935733e+01,-5.23784195e+01
218.940000,-8.37935647e+01,-5.23784110e+01
218.945000,-8.37935562e+01,-5.23784025e+01
218.950000,-8.37935476e+01,-5.23783939e+01
218.955000,-8.37935391e+01,-5.23783854e+01
218.960000,-8.37935306e+01,-5.23783769e+01
218.965000,-8.37935221e+01,-5.23783684e+01
218.970000,-8.37935136e+01,-5.23783598e+01
218.975000,-8.37935050e+01,-5.23783513e+01
218.980000,-8.37934965e+01,-5.23783428e+01
218.985000,-8.37934880e+01,-5.23783343e+01
218.990000,-8.37934795e+01,-5.23783258e+01
218.995000,-8.37934710e+01,-5.23783173e+01
219.000000,-8.37934625e+01,-5.23783088e+01
219.005000,-8.37934540e+01,-5.23783003e+01
219.010000,-8.37934455e+01,-5.23782918e+01
219.015000,-8.37934370e+01,-5.23782833e+01
219.020000,-8.37934286e+01,-5.23782748e+01
219.025000,-8.37934201e+01,-5.23782664e+01
219.030000,-8.37934116e+01,-5.23782579e+01
219.035000,-8.37934031e+01,-5.23782494e+01
219.040000,-8.37933947e+01,-5.23782409e+01
219.045000,-8.37933862e+01,-5.23782325e+01
219.050000,-8.37933777e+01,-5.23782240e+01
219.055000,-8.37933693e+01,-5.23782156e+01
219.060000,-8.37933608e+01,-5.23782071e+01
219.065000,-8.37933524e+01,-5.23781986e+01
219.070000,-8.37933439e+01,-5.23781902e+01
219.075000,-8.37933355e+01,-5.23781817e+01
219.080000,-8.37933270e+01,-5.23781733e+01
219.085000,-8.37933186e+01,-5.23781649e+01
219.090000,-8.37933101e+01,-5.23781564e+01
219.095000,-8.37933017e+01,-5.23781480e+01
219.100000,-8.37932933e+01,-5.23781396e+01
219.105000,-8.37932849e+01,-5.23781311e+01
219.110000,-8.37932764e+01,-5.23781227e+01
219.115000,-8.37932680e+01,-5.23781143e+01
219.120000,-8.37932596e+01,-5.23781059e+01
219.125000,-8.37932512e+01,-5.23780975e+01
219.130000,-8.37932428e+01,-5.23780891e+01
219.135000,-8.37932344e+01,-5.23780807e+01
219.140000,-8.37932260e+01,-5.23780723e+01
219.145000,-8.37932176e+01,-5.23780639e+01
219.150000,-8.37932092e+01,-5.23780555e+01
219.155000,-8.37932008e+01,-5.23780471e+01
219.160000,-8.37931924e+01,-5.23780387e+01
219.165000,-8.37931840e+01,-5.23780303e+01
219.170000,-8.37931756e+01,-5.23780219e+01
219.175000,-8.37931673e+01,-5.23780135e+01
219.180000,-8.37931589e+01,-5.23780052e+01
219.185000,-8.37931505e+01,-5.23779968e+01
219.190000,-8.37931421e+01,-5.23779884e+01
219.195000,-8.37931338e+01,-5.23779801e+01
219.200000,-8.37931254e+01,-5.23779717e+01
219.205000,-8.37931171e+01,-5.23779633e+01
219.210000,-8.37931087e+01,-5.23779550e+01
219.215000,-8.37931004e+01,-5.23779466e+01
219.220000,-8.37930920e+01,-5.23779383e+01
219.225000,-8.37930837e+01,-5.23779300e+01
219.230000,-8.37930753e+01,-5.23779216e+01
219.235000,-8.37930670e+01,-5.23779133e+01
219.240000,-8.37930587e+01,-5.23779049e+01
219.245000,-8.37930503e+01,-5.23778966e+01
219.250000,-8.37930420e+01,-5.23778883e+01
219.255000,-8.37930337e+01,-5.23778800e+01
219.260000,-8.37930254e+01,-5.23778716e+01
219.265000,-8.37930170e+01,-5.23778633e+01
219.270000,-8.37930087e+01,-5.23778550e+01
219.275000,-8.37930004e+01,-5.23778467e+01
219.280000,-8.37929921e+01,-5.23778384e+01
219.285000,-8.37929838e+01,-5.23778301e+01
219.290000,-8.37929755e+01,-5.23778218e+01
219.295000,-8.37929672e+01,-5.23778135e+01
219.300000,-8.37929589e+01,-5.23778052e+01
219.305000,-8.37929506e+01,-5.23777969e+01
219.310000,-8.37929423e+01,-5.23777886e+01
219.315000,-8.37929341e+01,-5.23777803e+01
219.320000,-8.37929258e+01,-5.23777721e+01
219.325000,-8.37929175e+01,-5.23777638e+01
219.330000,-8.37929092e+01,-5.23777555e+01
219.335000,-8.37929010e+01,-5.23777472e+01
219.340000,-8.37928927e+01,-5.23777390e+01
219.345000,-8.37928844e+01,-5.23777307e+01
219.350000,-8.37928762e+01,-5.23777225e+01
219.355000,-8.37928679e+01,-5.23777142e+01
219.360000,-8.37928597e+01,-5.23777059e+01
219.365000,-8.37928514e+01,-5.23776977e+01
219.370000,-8.37928432e+01,-5.23776894e+01
219.375000,-8.37928349e+01,-5.23776812e+01
219.380000,-8.37928267e+01,-5.23776730e+01
219.385000,-8.37928184e+01,-5.23776647e+01
219.390000,-8.37928102e+01,-5.23776565e+01
219.395000,-8.37928020e+01,-5.23776483e+01
219.400000,-8.37927938e+01,-5.23776400e+01
219.405000,-8.37927855e+01,-5.23776318e+01
219.410000,-8.37927773e+01,-5.23776236e+01
219.415000,-8.37927691e+01,-5.23776154e+01
219.420000,-8.37927609e+01,-5.23776072e+01
219.425000,-8.37927527e+01,-5.23775990e+01
219.430000,-8.37927445e+01,-5.23775908e+01
219.435000,-8.37927363e+01,-5.23775826e+01
219.440000,-8.37927281e+01,-5.23775744e+01
219.445000,-8.37927199e+01,-5.23775662e+01
219.450000,-8.37927117e+01,-5.23775580e+01
219.455000,-8.37927035e+01,-5.23775498e+01
219.460000,-8.37926953e+01,-5.23775416e+01
219.465000,-8.37926871e+01,-5.23775334e+01
219.470000,-8.37926789e+01,-5.23775252e+01
219.475000,-8.37926708e+01,-5.23775170e+01
219.480000,-8.37926626e+01,-5.23775089e+01
219.485000,-8.37926544e+01,-5.23775007e+01
219.490000,-8.37926462e+01,-5.23774925e+01
219.495000,-8.37926381e+01,-5.23774844e+01
219.500000,-8.37926299e+01,-5.23774762e+01
219.505000,-8.37926218e+01,-5.23774681e+01
219.510000,-8.37926136e+01,-5.23774599e+01
219.515000,-8.37926055e+01,-5.23774518e+01
219.520000,-8.37925973e+01,-5.23774436e+01
219.525000,-8.37925892e+01,-5.23774355e+01
219.530000,-8.37925810e+01,-5.23774273e+01
219.535000,-8.37925729e+01,-5.23774192e+01
219.540000,-8.37925648e+01,-5.23774111e+01
219.545000,-8.37925566e+01,-5.23774029e+01
219.550000,-8.37925485e+01,-5.23773948e+01
219.555000,-8.37925404e+01,-5.23773867e+01
219.560000,-8.37925323e+01,-5.23773786e+01
219.565000,-8.37925242e+01,-5.23773704e+01
219.570000,-8.37925160e+01,-5.23773623e+01
219.575000,-8.37925079e+01,-5.23773542e+01
219.580000,-8.37924998e+01,-5.23773461e+01
219.585000,-8.37924917e+01,-5.23773380e+01
219.590000,-8.37924836e+01,-5.23773299e+01
219.595000,-8.37924755e+01,-5.23773218e+01
219.600000,-8.37924674e+01,-5.23773137e+01
219.605000,-8.37924593e+01,-5.23773056e+01
219.610000,-8.37924512e+01,-5.23772975e+01
219.615000,-8.37924432e+01,-5.23772895e+01
219.620000,-8.37924351e+01,-5.23772814e+01
219.625000,-8.37924270e+01,-5.23772733e+01
219.630000,-8.37924189e+01,-5.23772652e+01
219.635000,-8.37924109e+01,-5.23772572e+01
219.640000,-8.37924028e+01,-5.23772491e+01
219.645000,-8.37923947e+01,-5.23772410e+01
219.650000,-8.37923867e+01,-5.23772330e+01
219.655000,-8.37923786e+01,-5.23772249e+01
219.660000,-8.37923706e+01,-5.23772169e+01
219.665000,-8.37923625e+01,-5.23772088e+01
219.670000,-8.37923545e+01,-5.23772008e+01
219.675000,-8.37923464e+01,-5.23771927e+01
219.680000,-8.37923384e+01,-5.23771847e+01
219.685000,-8.37923303e+01,-5.23771766e+01
219.690000,-8.37923223e+01,-5.23771686e+01
219.695000,-8.37923143e+01,-5.23771606e+01
219.700000,-8.37923062e+01,-5.23771525e+01
219.705000,-8.37922982e+01,-5.23771445e+01
219.710000,-8.37922902e+01,-5.23771365e+01
219.715000,-8.37922822e+01,-5.23771285e+01
219.720000,-8.37922742e+01,-5.23771205e+01
219.725000,-8.37922662e+01,-5.23771124e+01
219.730000,-8.37922581e+01,-5.23771044e+01
219.735000,-8.37922501e+01,-5.23770964e+01
219.740000,-8.37922421e+01,-5.23770884e+01
219.745000,-8.37922341e+01,-5.23770804e+01
219.750000,-8.37922261e+01,-5.23770724e+01
219.755000,-8.37922181e+01,-5.23770644e+01
219.760000,-8.37922102e+01,-5.23770565e+01
219.765000,-8.37922022e+01,-5.23770485e+01
219.770000,-8.37921942e+01,-5.23770405e+01
219.775000,-8.37921862e+01,-5.23770325e+01
219.780000,-8.37921782e+01,-5.23770245e+01
219.785000,-8.37921703e+01,-5.23770166e+01
219.790000,-8.37921623e+01,-5.23770086e+01
219.795000,-8.37921543e+01,-5.23770006e+01
219.800000,-8.37921464e+01,-5.23769927e+01
219.805000,-8.37921384e+01,-5.23769847e+01
219.810000,-8.37921304e+01,-5.23769767e+01
219.815000,-8.37921225e+01,-5.23769688e+01
219.820000,-8.37921145e+01,-5.23769608e+01
219.825000,-8.37921066e+01,-5.23769529e+01
219.830000,-8.37920987e+01,-5.23769449e+01
219.835000,-8.37920907e+01,-5.23769370e+01
219.840000,-8.37920828e+01,-5.23769291e+01
219.845000,-8.37920748e+01,-5.23769211e+01
219.850000,-8.37920669e+01,-5.23769132e+01
219.855000,-8.37920590e+01,-5.23769053e+01
219.860000,-8.37920511e+01,-5.23768974e+01
219.865000,-8.37920431e+01,-5.23768894e+01
219.870000,-8.37920352e+01,-5.23768815e+01
219.875000,-8.37920273e+01,-5.23768736e+01
219.880000,-8.37920194e+01,-5.23768657e+01
219.885000,-8.37920115e+01,-5.23768578e+01
219.890000,-8.37920036e+01,-5.23768499e+01
219.895000,-8.37919957e+01,-5.23768420e+01
219.900000,-8.37919878e+01,-5.23768341e+01
219.905000,-8.37919799e+01,-5.23768262e+01
219.910000,-8.37919720e+01,-5.23768183e+01
219.915000,-8.37919641e+01,-5.23768104e+01
219.920000,-8.37919562e+01,-5.23768025e+01
219.925000,-8.37919483e+01,-5.23767946e+01
219.930000,-8.37919405e+01,-5.23767868e+01
219.935000,-8.37919326e+01,-5.23767789e+01
219.940000,-8.37919247e+01,-5.23767710e+01
219.945000,-8.37919168e+01,-5.23767631e+01
219.950000,-8.37919090e+01,-5.23767553e+01
219.955000,-8.37919011e+01,-5.23767474e+01
219.960000,-8.37918932e+01,-5.23767395e+01
219.965000,-8.37918854e+01,-5.23767317e+01
219.970000,-8.37918775e+01,-5.23767238e+01
219.975000,-8.37918697e+01,-5.23767160e+01
219.980000,-8.37918618e+01,-5.23767081e+01
219.985000,-8.37918540e+01,-5.23767003e+01
219.990000,-8.37918461e+01,-5.23766924e+01
219.995000,-8.37918383e+01,-5.23766846e+01
220.000000,-8.37918305e+01,-5.23766768e+01
220.005000,-8.37918226e+01,-5.23766689e+01
220.010000,-8.37918148e+01,-5.23766611e+01
220.015000,-8.37918070e+01,-5.23766533e+01
220.020000,-8.37917992e+01,-5.23766455e+01
220.025000,-8.37917913e+01,-5.23766376e+01
220.030000,-8.37917835e+01,-5.23766298e+01
220.035000,-8.37917757e+01,-5.23766220e+01
220.040000,-8.37917679e+01,-5.23766142e+01
220.045000,-8.37917601e+01,-5.23766064e+01
220.050000,-8.37917523e+01,-5.23765986e+01
220.055000,-8.37917445e+01,-5.23765908e+01
220.060000,-8.37917367e+01,-5.23765830e+01
220.065000,-8.37917289e+01,-5.23765752e+01
220.070000,-8.37917211e+01,-5.23765674e+01
220.075000,-8.37917133e+01,-5.23765596e+01
220.080000,-8.37917056e+01,-5.23765519e+01
220.085000,-8.37916978e+01,-5.23765441e+01
220.090000,-8.37916900e+01,-5.23765363e+01
220.095000,-8.37916822e+01,-5.23765285e+01
220.100000,-8.37916744e+01,-5.23765207e+01
220.105000,-8.37916667e+01,-5.23765130e+01
220.110000,-8.37916589e+01,-5.23765052e+01
220.115000,-8.37916512e+01,-5.23764975e+01
220.120000,-8.37916434e+01,-5.23764897e+01
220.125000,-8.37916356e+01,-5.23764819e+01
220.130000,-8.37916279e+01,-5.23764742e+01
220.135000,-8.37916201e+01,-5.23764664e+01
220.140000,-8.37916124e+01,-5.23764587e+01
220.145000,-8.37916046e+01,-5.23764509e+01
220.150000,-8.37915969e+01,-5.23764432e+01
220.155000,-8.37915892e+01,-5.23764355e+01
220.160000,-8.37915814e+01,-5.23764277e+01
220.165000,-8.37915737e+01,-5.23764200e+01
220.170000,-8.37915660e+01,-5.23764123e+01
220.175000,-8.37915583e+01,-5.23764046e+01
220.180000,-8.37915505e+01,-5.23763968e+01
220.185000,-8.37915428e+01,-5.23763891e+01
220.190000,-8.37915351e+01,-5.23763814e+01
220.195000,-8.37915274e+01,-5.23763737e+01
220.200000,-8.37915197e+01,-5.23763660e+01
220.205000,-8.37915120e+01,-5.23763583e+01
220.210000,-8.37915043e+01,-5.23763506e+01
220.215000,-8.37914966e+01,-5.23763429e+01
220.220000,-8.37914889e+01,-5.23763352e+01
220.225000,-8.37914812e+01,-5.23763275e+01
220.230000,-8.37914735e+01,-5.23763198e+01
220.235000,-8.37914658e+01,-5.23763121e+01
220.240000,-8.37914581e+01,-5.23763044e+01
220.245000,-8.37914504e+01,-5.23762967e+01
220.250000,-8.37914428e+01,-5.23762891e+01
220.255000,-8.37914351e+01,-5.23762814e+01
220.260000,-8.37914274e+01,-5.23762737e+01
220.265000,-8.37914198e+01,-5.23762661e+01
220.270000,-8.37914121e+01,-5.23762584e+01
220.275000,-8.37914044e+01,-5.23762507e+01
220.280000,-8.37913968e+01,-5.23762431e+01
220.285000,-8.37913891e+01,-5.23762354e+01
220.290000,-8.37913815e+01,-5.23762278e+01
220.295000,-8.37913738e+01,-5.23762201e+01
220.300000,-8.37913662e+01,-5.23762125e+01
220.305000,-8.37913585e+01,-5.23762048e+01
220.310000,-8.37913509e+01,-5.23761972e+01
220.315000,-8.37913432e+01,-5.23761896e+01
220.320000,-8.37913356e+01,-5.23761819e+01
220.325000,-8.37913280e+01,-5.23761743e+01
220.330000,-8.37913204e+01,-5.23761667e+01
220.335000,-8.37913127e+01,-5.23761590e+01
220.340000,-8.37913051e+01,-5.23761514e+01
220.345000,-8.37912975e+01,-5.23761438e+01
220.350000,-8.37912899e+01,-5.23761362e+01
220.355000,-8.37912823e+01,-5.23761286e+01
220.360000,-8.37912747e+01,-5.23761210e+01
220.365000,-8.37912671e+01,-5.23761134e+01
220.370000,-8.37912595e+01,-5.23761058e+01
220.375000,-8.37912519e+01,-5.23760982e+01
220.380000,-8.37912443e+01,-5.23760906e+01
220.385000,-8.37912367e+01,-5.23760830e+01
220.390000,-8.37912291e+01,-5.23760754e+01
220.395000,-8.37912215e+01,-5.23760678e+01
220.400000,-8.37912139e+01,-5.23760602e+01
220.405000,-8.37912063e+01,-5.23760526e+01
220.410000,-8.37911987e+01,-5.23760450e+01
220.415000,-8.37911912e+01,-5.23760375e+01
220.420000,-8.37911836e+01,-5.23760299e+01
220.425000,-8.37911760e+01,-5.23760223e+01
220.430000,-8.37911685e+01,-5.23760148e+01
220.435000,-8.37911609e+01,-5.23760072e+01
220.440000,-8.37911533e+01,-5.23759996e+01
220.445000,-8.37911458e+01,-5.23759921e+01
220.450000,-8.37911382e+01,-5.23759845e+01
220.455000,-8.37911307e+01,-5.23759770e+01
220.460000,-8.37911231e+01,-5.23759694e+01
220.465000,-8.37911156e+01,-5.23759619e+01
220.470000,-8.37911080e+01,-5.23759544e+01
220.475000,-8.37911005e+01,-5.23759468e+01
220.480000,-8.37910930e+01,-5.23759393e+01
220.485000,-8.37910854e+01,-5.23759317e+01
220.490000,-8.37910779e+01,-5.23759242e+01
220.495000,-8.37910704e+01,-5.23759167e+01
220.500000,-8.37910629e+01,-5.23759092e+01
220.505000,-8.37910553e+01,-5.23759016e+01
220.510000,-8.37910478e+01,-5.23758941e+01
220.515000,-8.37910403e+01,-5.23758866e+01
220.520000,-8.37910328e+01,-5.23758791e+01
220.525000,-8.37910253e+01,-5.23758716e+01
220.530000,-8.37910178e+01,-5.23758641e+01
220.535000,-8.37910103e+01,-5.23758566e+01
220.540000,-8.37910028e+01,-5.23758491e+01
220.545000,-8.37909953e+01,-5.23758416e+01
220.550000,-8.37909878e+01,-5.23758341e+01
220.555000,-8.37909803e+01,-5.23758266e+01
220.560000,-8.37909728e+01,-5.23758191e+01
220.565000,-8.37909653e+01,-5.23758117e+01
220.570000,-8.37909579e+01,-5.23758042e+01
220.575000,-8.37909504e+01,-5.23757967e+01
220.580000,-8.37909429e+01,-5.23757892e+01
220.585000,-8.37909354e+01,-5.23757818e+01
220.590000,-8.37909280e+01,-5.23757743e+01
220.595000,-8.37909205e+01,-5.23757668e+01
220.600000,-8.37909131e+01,-5.23757594e+01
220.605000,-8.37909056e+01,-5.23757519e+01
220.610000,-8.37908981e+01,-5.23757444e+01
220.615000,-8.37908907e+01,-5.23757370e+01
220.620000,-8.37908832e+01,-5.23757295e+01
220.625000,-8.37908758e+01,-5.23757221e+01
220.630000,-8.37908683e+01,-5.23757147e+01
220.635000,-8.37908609e+01,-5.23757072e+01
220.640000,-8.37908535e+01,-5.23756998e+01
220.645000,-8.37908460e+01,-5.23756923e+01
220.650000,-8.37908386e+01,-5.23756849e+01
220.655000,-8.37908312e+01,-5.23756775e+01
220.660000,-8.37908237e+01,-5.23756701e+01
220.665000,-8.37908163e+01,-5.23756626e+01
220.670000,-8.37908089e+01,-5.23756552e+01
220.675000,-8.37908015e+01,-5.23756478e+01
220.680000,-8.37907941e+01,-5.23756404e+01
220.685000,-8.37907867e+01,-5.23756330e+01
220.690000,-8.37907793e+01,-5.23756256e+01
220.695000,-8.37907719e+01,-5.23756182e+01
220.700000,-8.37907645e+01,-5.23756108e+01
220.705000,-8.37907571e+01,-5.23756034e+01
220.710000,-8.37907497e+01,-5.23755960e+01
220.715000,-8.37907423e+01,-5.23755886e+01
220.720000,-8.37907349e+01,-5.23755812e+01
220.725000,-8.37907275e+01,-5.23755738e+01
220.730000,-8.37907201e+01,-5.23755664e+01
220.735000,-8.37907127e+01,-5.23755590e+01
220.740000,-8.37907054e+01,-5.23755517e+01
220.745000,-8.37906980e+01,-5.23755443e+01
220.750000,-8.37906906e+01,-5.23755369e+01
220.755000,-8.37906832e+01,-5.23755295e+01
220.760000,-8.37906759e+01,-5.23755222e+01
220.765000,-8.37906685e+01,-5.23755148e+01
220.770000,-8.37906612e+01,-5.23755075e+01
220.775000,-8.37906538e+01,-5.23755001e+01
220.780000,-8.37906464e+01,-5.23754928e+01
220.785000,-8.37906391e+01,-5.23754854e+01
220.790000,-8.37906317e+01,-5.23754781e+01
220.795000,-8.37906244e+01,-5.23754707e+01
220.800000,-8.37906171e+01,-5.23754634e+01
220.805000,-8.37906097e+01,-5.23754560e+01
220.810000,-8.37906024e+01,-5.23754487e+01
220.815000,-8.37905951e+01,-5.23754414e+01
220.820000,-8.37905877e+01,-5.23754340e+01
220.825000,-8.37905804e+01,-5.23754267e+01
220.830000,-8.37905731e+01,-5.23754194e+01
220.835000,-8.37905658e+01,-5.23754121e+01
220.840000,-8.37905584e+01,-5.23754047e+01
220.845000,-8.37905511e+01,-5.23753974e+01
220.850000,-8.37905438e+01,-5.23753901e+01
220.855000,-8.37905365e+01,-5.23753828e+01
220.860000,-8.37905292e+01,-5.23753755e+01
220.865000,-8.37905219e+01,-5.23753682e+01
220.870000,-8.37905146e+01,-5.23753609e+01
220.875000,-8.37905073e+01,-5.23753536e+01
220.880000,-8.37905000e+01,-5.23753463e+01
220.885000,-8.37904927e+01,-5.23753390e+01
220.890000,-8.37904854e+01,-5.23753317e+01
220.895000,-8.37904781e+01,-5.23753245e+01
220.900000,-8.37904709e+01,-5.23753172e+01
220.905000,-8.37904636e+01,-5.23753099e+01
220.910000,-8.37904563e+01,-5.23753026e+01
220.915000,-8.37904490e+01,-5.23752953e+01
220.920000,-8.37904418e+01,-5.23752881e+01
220.925000,-8.37904345e+01,-5.23752808e+01
220.930000,-8.37904272e+01,-5.23752735e+01
220.935000,-8.37904200e+01,-5.23752663e+01
220.940000,-8.37904127e+01,-5.23752590e+01
220.945000,-8.37904055e+01,-5.23752518e+01
220.950000,-8.37903982e+01,-5.23752445e+01
220.955000,-8.37903910e+01,-5.23752373e+01
220.960000,-8.37903837e+01,-5.23752300e+01
220.965000,-8.37903765e+01,-5.23752228e+01
220.970000,-8.37903692e+01,-5.23752155e+01
220.975000,-8.37903620e+01,-5.23752083e+01
220.980000,-8.37903548e+01,-5.23752011e+01
220.985000,-8.37903475e+01,-5.23751938e+01
220.990000,-8.37903403e+01,-5.23751866e+01
220.995000,-8.37903331e+01,-5.23751794e+01
221.000000,-8.37903258e+01,-5.23751722e+01
221.005000,-8.37903186e+01,-5.23751649e+01
221.010000,-8.37903114e+01,-5.23751577e+01
221.015000,-8.37903042e+01,-5.23751505e+01
221.020000,-8.37902970e+01,-5.23751433e+01
221.025000,-8.37902898e+01,-5.23751361e+01
221.030000,-8.37902826e+01,-5.23751289e+01
221.035000,-8.37902754e+01,-5.23751217e+01
221.040000,-8.37902682e+01,-5.23751145e+01
221.045000,-8.37902610e+01,-5.23751073e+01
221.050000,-8.37902538e+01,-5.23751001e+01
221.055000,-8.37902466e+01,-5.23750929e+01
221.060000,-8.37902394e+01,-5.23750857e+01
221.065000,-8.37902322e+01,-5.23750785e+01
221.070000,-8.37902250e+01,-5.23750713e+01
221.075000,-8.37902179e+01,-5.23750642e+01
221.080000,-8.37902107e+01,-5.23750570e+01
221.085000,-8.37902035e+01,-5.23750498e+01
221.090000,-8.37901963e+01,-5.23750426e+01
221.095000,-8.37901892e+01,-5.23750355e+01
221.100000,-8.37901820e+01,-5.23750283e+01
221.105000,-8.37901748e+01,-5.23750212e+01
221.110000,-8.37901677e+01,-5.23750140e+01
221.115000,-8.37901605e+01,-5.23750068e+01
221.120000,-8.37901534e+01,-5.23749997e+01
221.125000,-8.37901462e+01,-5.23749925e+01
221.130000,-8.37901391e+01,-5.23749854e+01
221.135000,-8.37901319e+01,-5.23749782e+01
221.140000,-8.37901248e+01,-5.23749711e+01
221.145000,-8.37901177e+01,-5.23749640e+01
221.150000,-8.37901105e+01,-5.23749568e+01
221.155000,-8.37901034e+01,-5.23749497e+01
221.160000,-8.37900963e+01,-5.23749426e+01
221.165000,-8.37900891e+01,-5.23749354e+01
221.170000,-8.37900820e+01,-5.23749283e+01
221.175000,-8.37900749e+01,-5.23749212e+01
221.180000,-8.37900678e+01,-5.23749141e+01
221.185000,-8.37900607e+01,-5.23749070e+01
221.190000,-8.37900535e+01,-5.23748999e+01
221.195000,-8.37900464e+01,-5.23748927e+01
221.200000,-8.37900393e+01,-5.23748856e+01
221.205000,-8.37900322e+01,-5.23748785e+01
221.210000,-8.37900251e+01,-5.23748714e+01
221.215000,-8.37900180e+01,-5.23748643e+01
221.220000,-8.37900109e+01,-5.23748572e+01
221.225000,-8.37900038e+01,-5.23748502e+01
221.230000,-8.37899968e+01,-5.23748431e+01
221.235000,-8.37899897e+01,-5.23748360e+01
221.240000,-8.37899826e+01,-5.23748289e+01
221.245000,-8.37899755e+01,-5.23748218e+01
221.250000,-8.37899684e+01,-5.23748147e+01
221.255000,-8.37899614e+01,-5.23748077e+01
221.260000,-8.37899543e+01,-5.23748006e+01
221.265000,-8.37899472e+01,-5.23747935e+01
221.270000,-8.37899401e+01,-5.23747865e+01
221.275000,-8.37899331e+01,-5.23747794e+01
221.280000,-8.37899260e+01,-5.23747723e+01
221.285000,-8.37899190e+01,-5.23747653e+01
221.290000,-8.37899119e+01,-5.23747582e+01
221.295000,-8.37899049e+01,-5.23747512e+01
221.300000,-8.37898978e+01,-5.23747441e+01
221.305000,-8.37898908e+01,-5.23747371e+01
221.310000,-8.37898837e+01,-5.23747300e+01
221.315000,-8.37898767e+01,-5.23747230e+01
221.320000,-8.37898696e+01,-5.23747160e+01
221.325000,-8.37898626e+01,-5.23747089e+01
221.330000,-8.37898556e+01,-5.23747019e+01
221.335000,-8.37898486e+01,-5.23746949e+01
221.340000,-8.37898415e+01,-5.23746878e+01
221.345000,-8.37898345e+01,-5.23746808e+01
221.350000,-8.37898275e+01,-5.23746738e+01
221.355000,-8.37898205e+01,-5.23746668e+01
221.360000,-8.37898135e+01,-5.23746598e+01
221.365000,-8.37898064e+01,-5.23746528e+01
221.370000,-8.37897994e+01,-5.23746457e+01
221.375000,-8.37897924e+01,-5.23746387e+01
221.380000,-8.37897854e+01,-5.23746317e+01
221.385000,-8.37897784e+01,-5.23746247e+01
221.390000,-8.37897714e+01,-5.23746177e+01
221.395000,-8.37897644e+01,-5.23746107e+01
221.400000,-8.37897574e+01,-5.23746038e+01
221.405000,-8.37897505e+01,-5.23745968e+01
221.410000,-8.37897435e+01,-5.23745898e+01
221.415000,-8.37897365e+01,-5.23745828e+01
221.420000,-8.37897295e+01,-5.23745758e+01
221.425000,-8.37897225e+01,-5.23745688e+01
221.430000,-8.37897156e+01,-5.23745619e+01
221.435000,-8.37897086e+01,-5.23745549e+01
221.440000,-8.37897016e+01,-5.23745479e+01
221.445000,-8.37896946e+01,-5.23745410e+01
221.450000,-8.37896877e+01,-5.23745340e+01
221.455000,-8.37896807e+01,-5.23745270e+01
221.460000,-8.37896738e+01,-5.23745201e+01
221.465000,-8.37896668e+01,-5.23745131e+01
221.470000,-8.37896599e+01,-5.23745062e+01
221.475000,-8.37896529e+01,-5.23744992e+01
221.480000,-8.37896460e+01,-5.23744923e+01
221.485000,-8.37896390e+01,-5.23744853e+01
221.490000,-8.37896321e+01,-5.23744784e+01
221.495000,-8.37896251e+01,-5.23744715e+01
221.500000,-8.37896182e+01,-5.23744645e+01
221.505000,-8.37896113e+01,-5.23744576e+01
221.510000,-8.37896043e+01,-5.23744507e+01
221.515000,-8.37895974e+01,-5.23744437e+01
221.520000,-8.37895905e+01,-5.23744368e+01
221.525000,-8.37895836e+01,-5.23744299e+01
221.530000,-8.37895767e+01,-5.23744230e+01
221.535000,-8.37895697e+01,-5.23744161e+01
221.540000,-8.37895628e+01,-5.23744092e+01
221.545000,-8.37895559e+01,-5.23744022e+01
221.550000,-8.37895490e+01,-5.23743953e+01
221.555000,-8.37895421e+01,-5.23743884e+01
221.560000,-8.37895352e+01,-5.23743815e+01
221.565000,-8.37895283e+01,-5.23743746e+01
221.570000,-8.37895214e+01,-5.23743677e+01
221.575000,-8.37895145e+01,-5.23743608e+01
221.580000,-8.37895076e+01,-5.23743540e+01
221.585000,-8.37895008e+01,-5.23743471e+01
221.590000,-8.37894939e+01,-5.23743402e+01
221.595000,-8.37894870e+01,-5.23743333e+01
221.600000,-8.37894801e+01,-5.23743264e+01
221.605000,-8.37894732e+01,-5.23743196e+01
221.610000,-8.37894664e+01,-5.23743127e+01
221.615000,-8.37894595e+01,-5.23743058e+01
221.620000,-8.37894526e+01,-5.23742989e+01
221.625000,-8.37894458e+01,-5.23742921e+01
221.630000,-8.37894389e+01,-5.23742852e+01
221.635000,-8.37894320e+01,-5.23742784e+01
221.640000,-8.37894252e+01,-5.23742715e+01
221.645000,-8.37894183e+01,-5.23742646e+01
221.650000,-8.37894115e+01,-5.23742578e+01
221.655000,-8.37894046e+01,-5.23742509e+01
221.660000,-8.37893978e+01,-5.23742441e+01
221.665000,-8.37893909e+01,-5.23742373e+01
221.670000,-8.37893841e+01,-5.23742304e+01
221.675000,-8.37893773e+01,-5.23742236e+01
221.680000,-8.37893704e+01,-5.23742168e+01
221.685000,-8.37893636e+01,-5.23742099e+01
221.690000,-8.37893568e+01,-5.23742031e+01
221.695000,-8.37893499e+01,-5.23741963e+01
221.700000,-8.37893431e+01,-5.23741894e+01
221.705000,-8.37893363e+01,-5.23741826e+01
221.710000,-8.37893295e+01,-5.23741758e+01
221.715000,-8.37893227e+01,-5.23741690e+01
221.720000,-8.37893159e+01,-5.23741622e+01
221.725000,-8.37893091e+01,-5.23741554e+01
221.730000,-8.37893022e+01,-5.23741486e+01
221.735000,-8.37892954e+01,-5.23741418e+01
221.740000,-8.37892886e+01,-5.23741350e+01
221.745000,-8.37892818e+01,-5.23741282e+01
221.750000,-8.37892751e+01,-5.23741214e+01
221.755000,-8.37892683e+01,-5.23741146e+01
221.760000,-8.37892615e+01,-5.23741078e+01
221.765000,-8.37892547e+01,-5.23741010e+01
221.770000,-8.37892479e+01,-5.23740942e+01
221.775000,-8.37892411e+01,-5.23740874e+01
221.780000,-8.37892343e+01,-5.23740807e+01
221.785000,-8.37892276e+01,-5.23740739e+01
221.790000,-8.37892208e+01,-5.23740671e+01
221.795000,-8.37892140e+01,-5.23740603e+01
221.800000,-8.37892073e+01,-5.23740536e+01
221.805000,-8.37892005e+01,-5.23740468e+01
221.810000,-8.37891937e+01,-5.23740400e+01
221.815000,-8.37891870e+01,-5.23740333e+01
221.820000,-8.37891802e+01,-5.23740265e+01
221.825000,-8.37891735e+01,-5.23740198e+01
221.830000,-8.37891667e+01,-5.23740130e+01
221.835000,-8.37891600e+01,-5.23740063e+01
221.840000,-8.37891532e+01,-5.23739995e+01
221.845000,-8.37891465e+01,-5.23739928e+01
221.850000,-8.37891397e+01,-5.23739861e+01
221.855000,-8.37891330e+01,-5.23739793e+01
221.860000,-8.37891263e+01,-5.23739726e+01
221.865000,-8.37891195e+01,-5.23739658e+01
221.870000,-8.37891128e+01,-5.23739591e+01
221.875000,-8.37891061e+01,-5.23739524e+01
221.880000,-8.37890993e+01,-5.23739457e+01
221.885000,-8.37890926e+01,-5.23739390e+01
221.890000,-8.37890859e+01,-5.23739322e+01
221.895000,-8.37890792e+01,-5.23739255e+01
221.900000,-8.37890725e+01,-5.23739188e+01
221.905000,-8.37890658e+01,-5.23739121e+01
221.910000,-8.37890591e+01,-5.23739054e+01
221.915000,-8.37890524e+01,-5.23738987e+01
221.920000,-8.37890457e+01,-5.23738920e+01
221.925000,-8.37890390e+01,-5.23738853e+01
221.930000,-8.37890323e+01,-5.23738786e+01
221.935000,-8.37890256e+01,-5.23738719e+01
221.940000,-8.37890189e+01,-5.23738652e+01
221.945000,-8.37890122e+01,-5.23738585e+01
221.950000,-8.37890055e+01,-5.23738518e+01
221.955000,-8.37889988e+01,-5.23738451e+01
221.960000,-8.37889921e+01,-5.23738385e+01
221.965000,-8.37889855e+01,-5.23738318e+01
221.970000,-8.37889788e+01,-5.23738251e+01
221.975000,-8.37889721e+01,-5.23738184e+01
221.980000,-8.37889655e+01,-5.23738118e+01
221.985000,-8.37889588e+01,-5.23738051e+01
221.990000,-8.37889521e+01,-5.23737984e+01
221.995000,-8.37889455e+01,-5.23737918e+01
222.000000,-8.37889388e+01,-5.23737851e+01
222.005000,-8.37889322e+01,-5.23737785e+01
222.010000,-8.37889255e+01,-5.23737718e+01
222.015000,-8.37889188e+01,-5.23737652e+01
222.020000,-8.37889122e+01,-5.23737585e+01
222.025000,-8.37889056e+01,-5.23737519e+01
222.030000,-8.37888989e+01,-5.23737452e+01
222.035000,-8.37888923e+01,-5.23737386e+01
222.040000,-8.37888856e+01,-5.23737320e+01
222.045000,-8.37888790e+01,-5.23737253e+01
222.050000,-8.37888724e+01,-5.23737187e+01
222.055000,-8.37888657e+01,-5.23737121e+01
222.060000,-8.37888591e+01,-5.23737054e+01
222.065000,-8.37888525e+01,-5.23736988e+01
222.070000,-8.37888459e+01,-5.23736922e+01
222.075000,-8.37888393e+01,-5.23736856e+01
222.080000,-8.37888326e+01,-5.23736790e+01
222.085000,-8.37888260e+01,-5.23736724e+01
222.090000,-8.37888194e+01,-5.23736657e+01
222.095000,-8.37888128e+01,-5.23736591e+01
222.100000,-8.37888062e+01,-5.23736525e+01
222.105000,-8.37887996e+01,-5.23736459e+01
222.110000,-8.37887930e+01,-5.23736393e+01
222.115000,-8.37887864e+01,-5.23736327e+01
222.120000,-8.37887798e+01,-5.23736261e+01
222.125000,-8.37887732e+01,-5.23736196e+01
222.130000,-8.37887666e+01,-5.23736130e+01
222.135000,-8.37887601e+01,-5.23736064e+01
222.140000,-8.37887535e+01,-5.23735998e+01
222.145000,-8.37887469e+01,-5.23735932e+01
222.150000,-8.37887403e+01,-5.23735866e+01
222.155000,-8.37887337e+01,-5.23735801e+01
222.160000,-8.37887272e+01,-5.23735735e+01
222.165000,-8.37887206e+01,-5.23735669e+01
222.170000,-8.37887140e+01,-5.23735604e+01
222.175000,-8.37887075e+01,-5.23735538e+01
222.180000,-8.37887009e+01,-5.23735472e+01
222.185000,-8.37886944e+01,-5.23735407e+01
222.190000,-8.37886878e+01,-5.23735341e+01
222.195000,-8.37886812e+01,-5.23735276e+01
222.200000,-8.37886747e+01,-5.23735210e+01
222.205000,-8.37886682e+01,-5.23735145e+01
222.210000,-8.37886616e+01,-5.23735079e+01
222.215000,-8.37886551e+01,-5.23735014e+01
222.220000,-8.37886485e+01,-5.23734948e+01
222.225000,-8.37886420e+01,-5.23734883e+01
222.230000,-8.37886355e+01,-5.23734818e+01
222.235000,-8.37886289e+01,-5.23734752e+01
222.240000,-8.37886224e+01,-5.23734687e+01
222.245000,-8.37886159e+01,-5.23734622e+01
222.250000,-8.37886093e+01,-5.23734557e+01
222.255000,-8.37886028e+01,-5.23734491e+01
222.260000,-8.37885963e+01,-5.23734426e+01
222.265000,-8.37885898e+01,-5.23734361e+01
222.270000,-8.37885833e+01,-5.23734296e+01
222.275000,-8.37885768e+01,-5.23734231e+01
222.280000,-8.37885703e+01,-5.23734166e+01
222.285000,-8.37885637e+01,-5.23734101e+01
222.290000,-8.37885572e+01,-5.23734036e+01
222.295000,-8.37885507e+01,-5.23733971e+01
222.300000,-8.37885442e+01,-5.23733906e+01
222.305000,-8.37885378e+01,-5.23733841e+01
222.310000,-8.37885313e+01,-5.23733776e+01
222.315000,-8.37885248e+01,-5.23733711e+01
222.320000,-8.37885183e+01,-5.23733646e+01
222.325000,-8.37885118e+01,-5.23733581e+01
222.330000,-8.37885053e+01,-5.23733516e+01
222.335000,-8.37884988e+01,-5.23733452e+01
222.340000,-8.37884924e+01,-5.23733387e+01
222.345000,-8.37884859e+01,-5.23733322e+01
222.350000,-8.37884794e+01,-5.23733257e+01
222.355000,-8.37884730e+01,-5.23733193e+01
222.360000,-8.37884665e+01,-5.23733128e+01
222.365000,-8.37884600e+01,-5.23733064e+01
222.370000,-8.37884536e+01,-5.23732999e+01
222.375000,-8.37884471e+01,-5.23732934e+01
222.380000,-8.37884407e+01,-5.23732870e+01
222.385000,-8.37884342e+01,-5.23732805e+01
222.390000,-8.37884278e+01,-5.23732741e+01
222.395000,-8.37884213e+01,-5.23732676e+01
222.400000,-8.37884149e+01,-5.23732612e+01
222.405000,-8.37884084e+01,-5.23732547e+01
222.410000,-8.37884020e+01,-5.23732483e+01
222.415000,-8.37883955e+01,-5.23732419e+01
222.420000,-8.37883891e+01,-5.23732354e+01
222.425000,-8.37883827e+01,-5.23732290e+01
222.430000,-8.37883762e+01,-5.23732226e+01
222.435000,-8.37883698e+01,-5.23732161e+01
222.440000,-8.37883634e+01,-5.23732097e+01
222.445000,-8.37883570e+01,-5.23732033e+01
222.450000,-8.37883506e+01,-5.23731969e+01
222.455000,-8.37883441e+01,-5.23731905e+01
222.460000,-8.37883377e+01,-5.23731841e+01
222.465000,-8.37883313e+01,-5.23731776e+01
222.470000,-8.37883249e+01,-5.23731712e+01
222.475000,-8.37883185e+01,-5.23731648e+01
222.480000,-8.37883121e+01,-5.23731584e+01
222.485000,-8.37883057e+01,-5.23731520e+01
222.490000,-8.37882993e+01,-5.23731456e+01
222.495000,-8.37882929e+01,-5.23731392e+01
222.500000,-8.37882865e+01,-5.23731328e+01
222.505000,-8.37882801e+01,-5.23731265e+01
222.510000,-8.37882737e+01,-5.23731201e+01
222.515000,-8.37882674e+01,-5.23731137e+01
222.520000,-8.37882610e+01,-5.23731073e+01
222.525000,-8.37882546e+01,-5.23731009e+01
222.530000,-8.37882482e+01,-5.23730945e+01
222.535000,-8.37882418e+01,-5.23730882e+01
222.540000,-8.37882355e+01,-5.23730818e+01
222.545000,-8.37882291e+01,-5.23730754e+01
222.550000,-8.37882227e+01,-5.23730691e+01
222.555000,-8.37882164e+01,-5.23730627e+01
222.560000,-8.37882100e+01,-5.23730563e+01
222.565000,-8.37882037e+01,-5.23730500e+01
222.570000,-8.37881973e+01,-5.23730436e+01
222.575000,-8.37881909e+01,-5.23730373e+01
222.580000,-8.37881846e+01,-5.23730309e+01
222.585000,-8.37881782e+01,-5.23730246e+01
222.590000,-8.37881719e+01,-5.23730182e+01
222.595000,-8.37881656e+01,-5.23730119e+01
222.600000,-8.37881592e+01,-5.23730055e+01
222.605000,-8.37881529e+01,-5.23729992e+01
222.610000,-8.37881465e+01,-5.23729929e+01
222.615000,-8.37881402e+01,-5.23729865e+01
222.620000,-8.37881339e+01,-5.23729802e+01
222.625000,-8.37881276e+01,-5.23729739e+01
222.630000,-8.37881212e+01,-5.23729676e+01
222.635000,-8.37881149e+01,-5.23729612e+01
222.640000,-8.37881086e+01,-5.23729549e+01
222.645000,-8.37881023e+01,-5.23729486e+01
222.650000,-8.37880960e+01,-5.23729423e+01
222.655000,-8.37880896e+01,-5.23729360e+01
222.660000,-8.37880833e+01,-5.23729297e+01
222.665000,-8.37880770e+01,-5.23729234e+01
222.670000,-8.37880707e+01,-5.23729171e+01
222.675000,-8.37880644e+01,-5.23729108e+01
222.680000,-8.37880581e+01,-5.23729045e+01
222.685000,-8.37880518e+01,-5.23728982e+01
222.690000,-8.37880455e+01,-5.23728919e+01
222.695000,-8.37880392e+01,-5.23728856e+01
222.700000,-8.37880330e+01,-5.23728793e+01
222.705000,-8.37880267e+01,-5.23728730e+01
222.710000,-8.37880204e+01,-5.23728667e+01
222.715000,-8.37880141e+01,-5.23728604e+01
222.720000,-8.37880078e+01,-5.23728542e+01
222.725000,-8.37880015e+01,-5.23728479e+01
222.730000,-8.37879953e+01,-5.23728416e+01
222.735000,-8.37879890e+01,-5.23728353e+01
222.740000,-8.37879827e+01,-5.23728291e+01
222.745000,-8.37879765e+01,-5.23728228e+01
222.750000,-8.37879702e+01,-5.23728165e+01
222.755000,-8.37879639e+01,-5.23728103e+01
222.760000,-8.37879577e+01,-5.23728040e+01
222.765000,-8.37879514e+01,-5.23727978e+01
222.770000,-8.37879452e+01,-5.23727915e+01
222.775000,-8.37879389e+01,-5.23727853e+01
222.780000,-8.37879327e+01,-5.23727790e+01
222.785000,-8.37879264e+01,-5.23727728e+01
222.790000,-8.37879202e+01,-5.23727665e+01
222.795000,-8.37879139e+01,-5.23727603e+01
222.800000,-8.37879077e+01,-5.23727540e+01
222.805000,-8.37879015e+01,-5.23727478e+01
222.810000,-8.37878952e+01,-5.23727416e+01
222.815000,-8.37878890e+01,-5.23727353e+01
222.820000,-8.37878828e+01,-5.23727291e+01
222.825000,-8.37878766e+01,-5.23727229e+01
222.830000,-8.37878703e+01,-5.23727167e+01
222.835000,-8.37878641e+01,-5.23727104e+01
222.840000,-8.37878579e+01,-5.23727042e+01
222.845000,-8.37878517e+01,-5.23726980e+01
222.850000,-8.37878455e+01,-5.23726918e+01
222.855000,-8.37878393e+01,-5.23726856e+01
222.860000,-8.37878331e+01,-5.23726794e+01
222.865000,-8.37878269e+01,-5.23726732e+01
222.870000,-8.37878206e+01,-5.23726670e+01
222.875000,-8.37878144e+01,-5.23726608e+01
222.880000,-8.37878083e+01,-5.23726546e+01
222.885000,-8.37878021e+01,-5.23726484e+01
222.890000,-8.37877959e+01,-5.23726422e+01
222.895000,-8.37877897e+01,-5.23726360e+01
222.900000,-8.37877835e+01,-5.23726298e+01
222.905000,-8.37877773e+01,-5.23726236e+01
222.910000,-8.37877711e+01,-5.23726175e+01
222.915000,-8.37877649e+01,-5.23726113e+01
222.920000,-8.37877588e+01,-5.23726051e+01
222.925000,-8.37877526e+01,-5.23725989e+01
222.930000,-8.37877464e+01,-5.23725927e+01
222.935000,-8.37877402e+01,-5.23725866e+01
222.940000,-8.37877341e+01,-5.23725804e+01
222.945000,-8.37877279e+01,-5.23725742e+01
222.950000,-8.37877218e+01,-5.23725681e+01
222.955000,-8.37877156e+01,-5.23725619e+01
222.960000,-8.37877094e+01,-5.23725558e+01
222.965000,-8.37877033e+01,-5.23725496e+01
222.970000,-8.37876971e+01,-5.23725435e+01
222.975000,-8.37876910e+01,-5.23725373e+01
222.980000,-8.37876848e+01,-5.23725312e+01
222.985000,-8.37876787e+01,-5.23725250e+01
222.990000,-8.37876725e+01,-5.23725189e+01
222.995000,-8.37876664e+01,-5.23725127e+01
223.000000,-8.37876603e+01,-5.23725066e+01
223.005000,-8.37876541e+01,-5.23725005e+01
223.010000,-8.37876480e+01,-5.23724943e+01
223.015000,-8.37876419e+01,-5.23724882e+01
223.020000,-8.37876357e+01,-5.23724821e+01
223.025000,-8.37876296e+01,-5.23724760e+01
223.030000,-8.37876235e+01,-5.23724698e+01
223.035000,-8.37876174e+01,-5.23724637e+01
223.040000,-8.37876113e+01,-5.23724576e+01
223.045000,-8.37876052e+01,-5.23724515e+01
223.050000,-8.37875990e+01,-5.23724454e+01
223.055000,-8.37875929e+01,-5.23724393e+01
223.060000,-8.37875868e+01,-5.23724332e+01
223.065000,-8.37875807e+01,-5.23724271e+01
223.070000,-8.37875746e+01,-5.23724209e+01
223.075000,-8.37875685e+01,-5.23724148e+01
223.080000,-8.37875624e+01,-5.23724088e+01
223.085000,-8.37875563e+01,-5.23724027e+01
223.090000,-8.37875502e+01,-5.23723966e+01
223.095000,-8.37875441e+01,-5.23723905e+01
223.100000,-8.37875381e+01,-5.23723844e+01
223.105000,-8.37875320e+01,-5.23723783e+01
223.110000,-8.37875259e+01,-5.23723722e+01
223.115000,-8.37875198e+01,-5.23723661e+01
223.120000,-8.37875137e+01,-5.23723601e+01
223.125000,-8.37875077e+01,-5.23723540e+01
223.130000,-8.37875016e+01,-5.23723479e+01
223.135000,-8.37874955e+01,-5.23723418e+01
223.140000,-8.37874894e+01,-5.23723358e+01
223.145000,-8.37874834e+01,-5.23723297e+01
223.150000,-8.37874773e+01,-5.23723237e+01
223.155000,-8.37874713e+01,-5.23723176e+01
223.160000,-8.37874652e+01,-5.23723115e+01
223.165000,-8.37874591e+01,-5.23723055e+01
223.170000,-8.37874531e+01,-5.23722994e+01
223.175000,-8.37874470e+01,-5.23722934e+01
223.180000,-8.37874410e+01,-5.23722873e+01
223.185000,-8.37874350e+01,-5.23722813e+01
223.190000,-8.37874289e+01,-5.23722752e+01
223.195000,-8.37874229e+01,-5.23722692e+01
223.200000,-8.37874168e+01,-5.23722632e+01
223.205000,-8.37874108e+01,-5.23722571e+01
223.210000,-8.37874048e+01,-5.23722511e+01
223.215000,-8.37873987e+01,-5.23722451e+01
223.220000,-8.37873927e+01,-5.23722390e+01
223.225000,-8.37873867e+01,-5.23722330e+01
223.230000,-8.37873807e+01,-5.23722270e+01
223.235000,-8.37873746e+01,-5.23722210e+01
223.240000,-8.37873686e+01,-5.23722150e+01
223.245000,-8.37873626e+01,-5.23722089e+01
223.250000,-8.37873566e+01,-5.23722029e+01
223.255000,-8.37873506e+01,-5.23721969e+01
223.260000,-8.37873446e+01,-5.23721909e+01
223.265000,-8.37873386e+01,-5.23721849e+01
223.270000,-8.37873326e+01,-5.23721789e+01
223.275000,-8.37873266e+01,-5.23721729e+01
223.280000,-8.37873206e+01,-5.23721669e+01
223.285000,-8.37873146e+01,-5.23721609e+01
223.290000,-8.37873086e+01,-5.23721549e+01
223.295000,-8.37873026e+01,-5.23721489e+01
223.300000,-8.37872966e+01,-5.23721429e+01
223.305000,-8.37872906e+01,-5.23721369e+01
223.310000,-8.37872846e+01,-5.23721310e+01
223.315000,-8.37872786e+01,-5.23721250e+01
223.320000,-8.37872727e+01,-5.23721190e+01
223.325000,-8.37872667e+01,-5.23721130e+01
223.330000,-8.37872607e+01,-5.23721070e+01
223.335000,-8.37872547e+01,-5.23721011e+01
223.340000,-8.37872488e+01,-5.23720951e+01
223.345000,-8.37872428e+01,-5.23720891e+01
223.350000,-8.37872368e+01,-5.23720832e+01
223.355000,-8.37872309e+01,-5.23720772e+01
223.360000,-8.37872249e+01,-5.23720713e+01
223.365000,-8.37872190e+01,-5.23720653e+01
223.370000,-8.37872130e+01,-5.23720593e+01
223.375000,-8.37872071e+01,-5.23720534e+01
223.380000,-8.37872011e+01,-5.23720474e+01
223.385000,-8.37871952e+01,-5.23720415e+01
223.390000,-8.37871892e+01,-5.23720355e+01
223.395000,-8.37871833e+01,-5.23720296e+01
223.400000,-8.37871773e+01,-5.23720237e+01
223.405000,-8.37871714e+01,-5.23720177e+01
223.410000,-8.37871655e+01,-5.23720118e+01
223.415000,-8.37871595e+01,-5.23720059e+01
223.420000,-8.37871536e+01,-5.23719999e+01
223.425000,-8.37871477e+01,-5.23719940e+01
223.430000,-8.37871417e+01,-5.23719881e+01
223.435000,-8.37871358e+01,-5.23719822e+01
223.440000,-8.37871299e+01,-5.23719762e+01
223.445000,-8.37871240e+01,-5.23719703e+01
223.450000,-8.37871181e+01,-5.23719644e+01
223.455000,-8.37871121e+01,-5.23719585e+01
223.460000,-8.37871062e+01,-5.23719526e+01
223.465000,-8.37871003e+01,-5.23719467e+01
223.470000,-8.37870944e+01,-5.23719408e+01
223.475000,-8.37870885e+01,-5.23719349e+01
223.480000,-8.37870826e+01,-5.23719290e+01
223.485000,-8.37870767e+01,-5.23719231e+01
223.490000,-8.37870708e+01,-5.23719172e+01
223.495000,-8.37870649e+01,-5.23719113e+01
223.500000,-8.37870590e+01,-5.23719054e+01
223.505000,-8.37870531e+01,-5.23718995e+01
223.510000,-8.37870473e+01,-5.23718936e+01
223.515000,-8.37870414e+01,-5.23718877e+01
223.520000,-8.37870355e+01,-5.23718818e+01
223.525000,-8.37870296e+01,-5.23718760e+01
223.530000,-8.37870237e+01,-5.23718701e+01
223.535000,-8.37870179e+01,-5.23718642e+01
223.540000,-8.37870120e+01,-5.23718583e+01
223.545000,-8.37870061e+01,-5.23718525e+01
223.550000,-8.37870002e+01,-5.23718466e+01
223.555000,-8.37869944e+01,-5.23718407e+01
223.560000,-8.37869885e+01,-5.23718349e+01
223.565000,-8.37869827e+01,-5.23718290e+01
223.570000,-8.37869768e+01,-5.23718231e+01
223.575000,-8.37869709e+01,-5.23718173e+01
223.580000,-8.37869651e+01,-5.23718114e+01
223.585000,-8.37869592e+01,-5.23718056e+01
223.590000,-8.37869534e+01,-5.23717997e+01
223.595000,-8.37869475e+01,-5.23717939e+01
223.600000,-8.37869417e+01,-5.23717880e+01
223.605000,-8.37869359e+01,-5.23717822e+01
223.610000,-8.37869300e+01,-5.23717764e+01
223.615000,-8.37869242e+01,-5.23717705e+01
223.620000,-8.37869183e+01,-5.23717647e+01
223.625000,-8.37869125e+01,-5.23717589e+01
223.630000,-8.37869067e+01,-5.23717530e+01
223.635000,-8.37869009e+01,-5.23717472e+01
223.640000,-8.37868950e+01,-5.23717414e+01
223.645000,-8.37868892e+01,-5.23717356e+01
223.650000,-8.37868834e+01,-5.23717297e+01
223.655000,-8.37868776e+01,-5.23717239e+01
223.660000,-8.37868718e+01,-5.23717181e+01
223.665000,-8.37868659e+01,-5.23717123e+01
223.670000,-8.37868601e+01,-5.23717065e+01
223.675000,-8.37868543e+01,-5.23717007e+01
223.680000,-8.37868485e+01,-5.23716949e+01
223.685000,-8.37868427e+01,-5.23716891e+01
223.690000,-8.37868369e+01,-5.23716833e+01
223.695000,-8.37868311e+01,-5.23716775e+01
223.700000,-8.37868253e+01,-5.23716717e+01
223.705000,-8.37868195e+01,-5.23716659e+01
223.710000,-8.37868137e+01,-5.23716601e+01
223.715000,-8.37868079e+01,-5.23716543e+01
223.720000,-8.37868022e+01,-5.23716485e+01
223.725000,-8.37867964e+01,-5.23716427e+01
223.730000,-8.37867906e+01,-5.23716369e+01
223.735000,-8.37867848e+01,-5.23716312e+01
223.740000,-8.37867790e+01,-5.23716254e+01
223.745000,-8.37867733e+01,-5.23716196e+01
223.750000,-8.37867675e+01,-5.23716138e+01
223.755000,-8.37867617e+01,-5.23716081e+01
223.760000,-8.37867559e+01,-5.23716023e+01
223.765000,-8.37867502e+01,-5.23715965e+01
223.770000,-8.37867444e+01,-5.23715908e+01
223.775000,-8.37867387e+01,-5.23715850e+01
223.780000,-8.37867329e+01,-5.23715792e+01
223.785000,-8.37867271e+01,-5.23715735e+01
223.790000,-8.37867214e+01,-5.23715677e+01
223.795000,-8.37867156e+01,-5.23715620e+01
223.800000,-8.37867099e+01,-5.23715562e+01
223.805000,-8.37867041e+01,-5.23715505e+01
223.810000,-8.37866984e+01,-5.23715447e+01
223.815000,-8.37866927e+01,-5.23715390e+01
223.820000,-8.37866869e+01,-5.23715333e+01
223.825000,-8.37866812e+01,-5.23715275e+01
223.830000,-8.37866754e+01,-5.23715218e+01
223.835000,-8.37866697e+01,-5.23715160e+01
223.840000,-8.37866640e+01,-5.23715103e+01
223.845000,-8.37866582e+01,-5.23715046e+01
223.850000,-8.37866525e+01,-5.23714989e+01
223.855000,-8.37866468e+01,-5.23714931e+01
223.860000,-8.37866411e+01,-5.23714874e+01
223.865000,-8.37866354e+01,-5.23714817e+01
223.870000,-8.37866296e+01,-5.23714760e+01
223.875000,-8.37866239e+01,-5.23714703e+01
223.880000,-8.37866182e+01,-5.23714646e+01
223.885000,-8.37866125e+01,-5.23714588e+01
223.890000,-8.37866068e+01,-5.23714531e+01
223.895000,-8.37866011e+01,-5.23714474e+01
223.900000,-8.37865954e+01,-5.23714417e+01
223.905000,-8.37865897e+01,-5.23714360e+01
223.910000,-8.37865840e+01,-5.23714303e+01
223.915000,-8.37865783e+01,-5.23714246e+01
223.920000,-8.37865726e+01,-5.23714189e+01
223.925000,-8.37865669e+01,-5.23714133e+01
223.930000,-8.37865612e+01,-5.23714076e+01
223.935000,-8.37865555e+01,-5.23714019e+01
223.940000,-8.37865498e+01,-5.23713962e+01
223.945000,-8.37865442e+01,-5.23713905e+01
223.950000,-8.37865385e+01,-5.23713848e+01
223.955000,-8.37865328e+01,-5.23713792e+01
223.960000,-8.37865271e+01,-5.23713735e+01
223.965000,-8.37865215e+01,-5.23713678e+01
223.970000,-8.37865158e+01,-5.23713621e+01
223.975000,-8.37865101e+01,-5.23713565e+01
223.980000,-8.37865045e+01,-5.23713508e+01
223.985000,-8.37864988e+01,-5.23713451e+01
223.990000,-8.37864931e+01,-5.23713395e+01
223.995000,-8.37864875e+01,-5.23713338e+01
224.000000,-8.37864818e+01,-5.23713282e+01
224.005000,-8.37864762e+01,-5.23713225e+01
224.010000,-8.37864705e+01,-5.23713169e+01
224.015000,-8.37864649e+01,-5.23713112e+01
224.020000,-8.37864592e+01,-5.23713056e+01
224.025000,-8.37864536e+01,-5.23712999e+01
224.030000,-8.37864479e+01,-5.23712943e+01
224.035000,-8.37864423e+01,-5.23712886e+01
224.040000,-8.37864367e+01,-5.23712830e+01
224.045000,-8.37864310e+01,-5.23712774e+01
224.050000,-8.37864254e+01,-5.23712717e+01
224.055000,-8.37864198e+01,-5.23712661e+01
224.060000,-8.37864141e+01,-5.23712605e+01
224.065000,-8.37864085e+01,-5.23712548e+01
224.070000,-8.37864029e+01,-5.23712492e+01
224.075000,-8.37863972e+01,-5.23712436e+01
224.080000,-8.37863916e+01,-5.23712380e+01
224.085000,-8.37863860e+01,-5.23712324e+01
224.090000,-8.37863804e+01,-5.23712267e+01
224.095000,-8.37863748e+01,-5.23712211e+01
224.100000,-8.37863692e+01,-5.23712155e+01
224.105000,-8.37863636e+01,-5.23712099e+01
224.110000,-8.37863580e+01,-5.23712043e+01
224.115000,-8.37863524e+01,-5.23711987e+01
224.120000,-8.37863468e+01,-5.23711931e+01
224.125000,-8.37863412e+01,-5.23711875e+01
224.130000,-8.37863356e+01,-5.23711819e+01
224.135000,-8.37863300e+01,-5.23711763e+01
224.140000,-8.37863244e+01,-5.23711707e+01
224.145000,-8.37863188e+01,-5.23711651e+01
224.150000,-8.37863132e+01,-5.23711595e+01
224.155000,-8.37863076e+01,-5.23711540e+01
224.160000,-8.37863020e+01,-5.23711484e+01
224.165000,-8.37862964e+01,-5.23711428e+01
224.170000,-8.37862909e+01,-5.23711372e+01
224.175000,-8.37862853e+01,-5.23711316e+01
224.180000,-8.37862797e+01,-5.23711261e+01
224.185000,-8.37862741e+01,-5.23711205e+01
224.190000,-8.37862686e+01,-5.23711149e+01
224.195000,-8.37862630e+01,-5.23711094e+01
224.200000,-8.37862574e+01,-5.23711038e+01
224.205000,-8.37862519e+01,-5.23710982e+01
224.210000,-8.37862463e+01,-5.23710927e+01
224.215000,-8.37862408e+01,-5.23710871e+01
224.220000,-8.37862352e+01,-5.23710816e+01
224.225000,-8.37862297e+01,-5.23710760e+01
224.230000,-8.37862241e+01,-5.23710704e+01
224.235000,-8.37862186e+01,-5.23710649e+01
224.240000,-8.37862130e+01,-5.23710594e+01
224.245000,-8.37862075e+01,-5.23710538e+01
224.250000,-8.37862019e+01,-5.23710483e+01
224.255000,-8.37861964e+01,-5.23710427e+01
224.260000,-8.37861908e+01,-5.23710372e+01
224.265000,-8.37861853e+01,-5.23710317e+01
224.270000,-8.37861798e+01,-5.23710261e+01
224.275000,-8.37861742e+01,-5.23710206e+01
224.280000,-8.37861687e+01,-5.23710151e+01
224.285000,-8.37861632e+01,-5.23710095e+01
224.290000,-8.37861577e+01,-5.23710040e+01
224.295000,-8.37861521e+01,-5.23709985e+01
224.300000,-8.37861466e+01,-5.23709930e+01
224.305000,-8.37861411e+01,-5.23709875e+01
224.310000,-8.37861356e+01,-5.23709819e+01
224.315000,-8.37861301e+01,-5.23709764e+01
224.320000,-8.37861246e+01,-5.23709709e+01
224.325000,-8.37861191e+01,-5.23709654e+01
224.330000,-8.37861136e+01,-5.23709599e+01
224.335000,-8.37861080e+01,-5.23709544e+01
224.340000,-8.37861025e+01,-5.23709489e+01
224.345000,-8.37860970e+01,-5.23709434e+01
224.350000,-8.37860915e+01,-5.23709379e+01
224.355000,-8.37860861e+01,-5.23709324e+01
224.360000,-8.37860806e+01,-5.23709269e+01
224.365000,-8.37860751e+01,-5.23709214e+01
224.370000,-8.37860696e+01,-5.23709159e+01
224.375000,-8.37860641e+01,-5.23709104e+01
224.380000,-8.37860586e+01,-5.23709050e+01
224.385000,-8.37860531e+01,-5.23708995e+01
224.390000,-8.37860477e+01,-5.23708940e+01
224.395000,-8.37860422e+01,-5.23708885e+01
224.400000,-8.37860367e+01,-5.23708830e+01
224.405000,-8.37860312e+01,-5.23708776e+01
224.410000,-8.37860258e+01,-5.23708721e+01
224.415000,-8.37860203e+01,-5.23708666e+01
224.420000,-8.37860148e+01,-5.23708612e+01
224.425000,-8.37860094e+01,-5.23708557e+01
224.430000,-8.37860039e+01,-5.23708502e+01
224.435000,-8.37859984e+01,-5.23708448e+01
224.440000,-8.37859930e+01,-5.23708393e+01
224.445000,-8.37859875e+01,-5.23708339e+01
224.450000,-8.37859821e+01,-5.23708284e+01
224.455000,-8.37859766e+01,-5.23708230e+01
224.460000,-8.37859712e+01,-5.23708175e+01
224.465000,-8.37859657e+01,-5.23708121e+01
224.470000,-8.37859603e+01,-5.23708066e+01
224.475000,-8.37859548e+01,-5.23708012e+01
224.480000,-8.37859494e+01,-5.23707958e+01
224.485000,-8.37859440e+01,-5.23707903e+01
224.490000,-8.37859385e+01,-5.23707849e+01
224.495000,-8.37859331e+01,-5.23707794e+01
224.500000,-8.37859277e+01,-5.23707740e+01
224.505000,-8.37859222e+01,-5.23707686e+01
224.510000,-8.37859168e+01,-5.23707632e+01
224.515000,-8.37859114e+01,-5.23707577e+01
224.520000,-8.37859060e+01,-5.23707523e+01
224.525000,-8.37859006e+01,-5.23707469e+01
224.530000,-8.37858951e+01,-5.23707415e+01
224.535000,-8.37858897e+01,-5.23707361e+01
224.540000,-8.37858843e+01,-5.23707307e+01
224.545000,-8.37858789e+01,-5.23707252e+01
224.550000,-8.37858735e+01,-5.23707198e+01
224.555000,-8.37858681e+01,-5.23707144e+01
224.560000,-8.37858627e+01,-5.23707090e+01
224.565000,-8.37858573e+01,-5.23707036e+01
224.570000,-8.37858519e+01,-5.23706982e+01
224.575000,-8.37858465e+01,-5.23706928e+01
224.580000,-8.37858411e+01,-5.23706874e+01
224.585000,-8.37858357e+01,-5.23706820e+01
224.590000,-8.37858303e+01,-5.23706767e+01
224.595000,-8.37858249e+01,-5.23706713e+01
224.600000,-8.37858195e+01,-5.23706659e+01
224.605000,-8.37858141e+01,-5.23706605e+01
224.610000,-8.37858088e+01,-5.23706551e+01
224.615000,-8.37858034e+01,-5.23706497e+01
224.620000,-8.37857980e+01,-5.23706444e+01
224.625000,-8.37857926e+01,-5.23706390e+01
224.630000,-8.37857873e+01,-5.23706336e+01
224.635000,-8.37857819e+01,-5.23706282e+01
224.640000,-8.37857765e+01,-5.23706229e+01
224.645000,-8.37857712e+01,-5.23706175e+01
224.650000,-8.37857658e+01,-5.23706121e+01
224.655000,-8.37857604e+01,-5.23706068e+01
224.660000,-8.37857551e+01,-5.23706014e+01
224.665000,-8.37857497e+01,-5.23705961e+01
224.670000,-8.37857444e+01,-5.23705907e+01
224.675000,-8.37857390e+01,-5.23705853e+01
224.680000,-8.37857336e+01,-5.23705800e+01
224.685000,-8.37857283e+01,-5.23705746e+01
224.690000,-8.37857230e+01,-5.23705693e+01
224.695000,-8.37857176e+01,-5.23705640e+01
224.700000,-8.37857123e+01,-5.23705586e+01
224.705000,-8.37857069e+01,-5.23705533e+01
224.710000,-8.37857016e+01,-5.23705479e+01
224.715000,-8.37856962e+01,-5.23705426e+01
224.720000,-8.37856909e+01,-5.23705373e+01
224.725000,-8.37856856e+01,-5.23705319e+01
224.730000,-8.37856803e+01,-5.23705266e+01
224.735000,-8.37856749e+01,-5.23705213e+01
224.740000,-8.37856696e+01,-5.23705160e+01
224.745000,-8.37856643e+01,-5.23705106e+01
224.750000,-8.37856590e+01,-5.23705053e+01
224.755000,-8.37856536e+01,-5.23705000e+01
224.760000,-8.37856483e+01,-5.23704947e+01
224.765000,-8.37856430e+01,-5.23704894e+01
224.770000,-8.37856377e+01,-5.23704840e+01
224.775000,-8.37856324e+01,-5.23704787e+01
224.780000,-8.37856271e+01,-5.23704734e+01
224.785000,-8.37856218e+01,-5.23704681e+01
224.790000,-8.37856165e+01,-5.23704628e+01
224.795000,-8.37856112e+01,-5.23704575e+01
224.800000,-8.37856059e+01,-5.23704522e+01
224.805000,-8.37856006e+01,-5.23704469e+01
224.810000,-8.37855953e+01,-5.23704416e+01
224.815000,-8.37855900e+01,-5.23704363e+01
224.820000,-8.37855847e+01,-5.23704310e+01
224.825000,-8.37855794e+01,-5.23704258e+01
224.830000,-8.37855741e+01,-5.23704205e+01
224.835000,-8.37855688e+01,-5.23704152e+01
224.840000,-8.37855636e+01,-5.23704099e+01
224.845000,-8.37855583e+01,-5.23704046e+01
224.850000,-8.37855530e+01,-5.23703993e+01
224.855000,-8.37855477e+01,-5.23703941e+01
224.860000,-8.37855425e+01,-5.23703888e+01
224.865000,-8.37855372e+01,-5.23703835e+01
224.870000,-8.37855319e+01,-5.23703783e+01
224.875000,-8.37855266e+01,-5.23703730e+01
224.880000,-8.37855214e+01,-5.23703677e+01
224.885000,-8.37855161e+01,-5.23703625e+01
224.890000,-8.37855109e+01,-5.23703572e+01
224.895000,-8.37855056e+01,-5.23703519e+01
224.900000,-8.37855003e+01,-5.23703467e+01
224.905000,-8.37854951e+01,-5.23703414e+01
224.910000,-8.37854898e+01,-5.23703362e+01
224.915000,-8.37854846e+01,-5.23703309e+01
224.920000,-8.37854793e+01,-5.23703257e+01
224.925000,-8.37854741e+01,-5.23703204e+01
224.930000,-8.37854689e+01,-5.23703152e+01
224.935000,-8.37854636e+01,-5.23703100e+01
224.940000,-8.37854584e+01,-5.23703047e+01
224.945000,-8.37854531e+01,-5.23702995e+01
224.950000,-8.37854479e+01,-5.23702943e+01
224.955000,-8.37854427e+01,-5.23702890e+01
224.960000,-8.37854374e+01,-5.23702838e+01
224.965000,-8.37854322e+01,-5.23702786e+01
224.970000,-8.37854270e+01,-5.23702733e+01
224.975000,-8.37854218e+01,-5.23702681e+01
224.980000,-8.37854165e+01,-5.23702629e+01
224.985000,-8.37854113e+01,-5.23702577e+01
224.990000,-8.37854061e+01,-5.23702525e+01
224.995000,-8.37854009e+01,-5.23702472e+01
225.000000,-8.37853957e+01,-5.23702420e+01
225.005000,-8.37853905e+01,-5.23702368e+01
225.010000,-8.37853853e+01,-5.23702316e+01
225.015000,-8.37853800e+01,-5.23702264e+01
225.020000,-8.37853748e+01,-5.23702212e+01
225.025000,-8.37853696e+01,-5.23702160e+01
225.030000,-8.37853644e+01,-5.23702108e+01
225.035000,-8.37853592e+01,-5.23702056e+01
225.040000,-8.37853540e+01,-5.23702004e+01
225.045000,-8.37853488e+01,-5.23701952e+01
225.050000,-8.37853437e+01,-5.23701900e+01
225.055000,-8.37853385e+01,-5.23701848e+01
225.060000,-8.37853333e+01,-5.23701796e+01
225.065000,-8.37853281e+01,-5.23701744e+01
225.070000,-8.37853229e+01,-5.23701693e+01
225.075000,-8.37853177e+01,-5.23701641e+01
225.080000,-8.37853125e+01,-5.23701589e+01
225.085000,-8.37853074e+01,-5.23701537e+01
225.090000,-8.37853022e+01,-5.23701485e+01
225.095000,-8.37852970e+01,-5.23701434e+01
225.100000,-8.37852919e+01,-5.23701382e+01
225.105000,-8.37852867e+01,-5.23701330e+01
225.110000,-8.37852815e+01,-5.23701279e+01
225.115000,-8.37852764e+01,-5.23701227e+01
225.120000,-8.37852712e+01,-5.23701175e+01
225.125000,-8.37852660e+01,-5.23701124e+01
225.130000,-8.37852609e+01,-5.23701072e+01
225.135000,-8.37852557e+01,-5.23701021e+01
225.140000,-8.37852506e+01,-5.23700969e+01
225.145000,-8.37852454e+01,-5.23700918e+01
225.150000,-8.37852403e+01,-5.23700866e+01
225.155000,-8.37852351e+01,-5.23700815e+01
225.160000,-8.37852300e+01,-5.23700763e+01
225.165000,-8.37852248e+01,-5.23700712e+01
225.170000,-8.37852197e+01,-5.23700660e+01
225.175000,-8.37852145e+01,-5.23700609e+01
225.180000,-8.37852094e+01,-5.23700558e+01
225.185000,-8.37852043e+01,-5.23700506e+01
225.190000,-8.37851991e+01,-5.23700455e+01
225.195000,-8.37851940e+01,-5.23700404e+01
225.200000,-8.37851889e+01,-5.23700352e+01
225.205000,-8.37851837e+01,-5.23700301e+01
225.210000,-8.37851786e+01,-5.23700250e+01
225.215000,-8.37851735e+01,-5.23700199e+01
225.220000,-8.37851684e+01,-5.23700147e+01
225.225000,-8.37851633e+01,-5.23700096e+01
225.230000,-8.37851581e+01,-5.23700045e+01
225.235000,-8.37851530e+01,-5.23699994e+01
225.240000,-8.37851479e+01,-5.23699943e+01
225.245000,-8.37851428e+01,-5.23699892e+01
225.250000,-8.37851377e+01,-5.23699841e+01
225.255000,-8.37851326e+01,-5.23699790e+01
225.260000,-8.37851275e+01,-5.23699738e+01
225.265000,-8.37851224e+01,-5.23699687e+01
225.270000,-8.37851173e+01,-5.23699636e+01
225.275000,-8.37851122e+01,-5.23699585e+01
225.280000,-8.37851071e+01,-5.23699535e+01
225.285000,-8.37851020e+01,-5.23699484e+01
225.290000,-8.37850969e+01,-5.23699433e+01
225.295000,-8.37850918e+01,-5.23699382e+01
225.300000,-8.37850867e+01,-5.23699331e+01
225.305000,-8.37850817e+01,-5.23699280e+01
225.310000,-8.37850766e+01,-5.23699229e+01
225.315000,-8.37850715e+01,-5.23699178e+01
225.320000,-8.37850664e+01,-5.23699128e+01
225.325000,-8.37850613e+01,-5.23699077e+01
225.330000,-8.37850563e+01,-5.23699026e+01
225.335000,-8.37850512e+01,-5.23698975e+01
225.340000,-8.37850461e+01,-5.23698925e+01
225.345000,-8.37850410e+01,-5.23698874e+01
225.350000,-8.37850360e+01,-5.23698823e+01
225.355000,-8.37850309e+01,-5.23698773e+01
225.360000,-8.37850259e+01,-5.23698722e+01
225.365000,-8.37850208e+01,-5.23698671e+01
225.370000,-8.37850157e+01,-5.23698621e+01
225.375000,-8.37850107e+01,-5.23698570e+01
225.380000,-8.37850056e+01,-5.23698520e+01
225.385000,-8.37850006e+01,-5.23698469e+01
225.390000,-8.37849955e+01,-5.23698419e+01
225.395000,-8.37849905e+01,-5.23698368e+01
225.400000,-8.37849854e+01,-5.23698318e+01
225.405000,-8.37849804e+01,-5.23698267e+01
225.410000,-8.37849753e+01,-5.23698217e+01
225.415000,-8.37849703e+01,-5.23698167e+01
225.420000,-8.37849653e+01,-5.23698116e+01
225.425000,-8.37849602e+01,-5.23698066e+01
225.430000,-8.37849552e+01,-5.23698016e+01
225.435000,-8.37849502e+01,-5.23697965e+01
225.440000,-8.37849451e+01,-5.23697915e+01
225.445000,-8.37849401e+01,-5.23697865e+01
225.450000,-8.37849351e+01,-5.23697814e+01
225.455000,-8.37849301e+01,-5.23697764e+01
225.460000,-8.37849250e+01,-5.23697714e+01
225.465000,-8.37849200e+01,-5.23697664e+01
225.470000,-8.37849150e+01,-5.23697614e+01
225.475000,-8.37849100e+01,-5.23697563e+01
225.480000,-8.37849050e+01,-5.23697513e+01
225.485000,-8.37849000e+01,-5.23697463e+01
225.490000,-8.37848950e+01,-5.23697413e+01
225.495000,-8.37848899e+01,-5.23697363e+01
225.500000,-8.37848849e+01,-5.23697313e+01
225.505000,-8.37848799e+01,-5.23697263e+01
225.510000,-8.37848749e+01,-5.23697213e+01
225.515000,-8.37848699e+01,-5.23697163e+01
225.520000,-8.37848649e+01,-5.23697113e+01
225.525000,-8.37848599e+01,-5.23697063e+01
225.530000,-8.37848550e+01,-5.23697013e+01
225.535000,-8.37848500e+01,-5.23696963e+01
225.540000,-8.37848450e+01,-5.23696913e+01
225.545000,-8.37848400e+01,-5.23696863e+01
225.550000,-8.37848350e+01,-5.23696814e+01
225.555000,-8.37848300e+01,-5.23696764e+01
225.560000,-8.37848250e+01,-5.23696714e+01
225.565000,-8.37848201e+01,-5.23696664e+01
225.570000,-8.37848151e+01,-5.23696614e+01
225.575000,-8.37848101e+01,-5.23696565e+01
225.580000,-8.37848051e+01,-5.23696515e+01
225.585000,-8.37848002e+01,-5.23696465e+01
225.590000,-8.37847952e+01,-5.23696416e+01
225.595000,-8.37847902e+01,-5.23696366e+01
225.600000,-8.37847853e+01,-5.23696316e+01
225.605000,-8.37847803e+01,-5.23696267e+01
225.610000,-8.37847754e+01,-5.23696217e+01
225.615000,-8.37847704e+01,-5.23696168e+01
225.620000,-8.37847654e+01,-5.23696118e+01
225.625000,-8.37847605e+01,-5.23696068e+01
225.630000,-8.37847555e+01,-5.23696019e+01
225.635000,-8.37847506e+01,-5.23695969e+01
225.640000,-8.37847456e+01,-5.23695920e+01
225.645000,-8.37847407e+01,-5.23695870e+01
225.650000,-8.37847357e+01,-5.23695821e+01
225.655000,-8.37847308e+01,-5.23695772e+01
225.660000,-8.37847259e+01,-5.23695722e+01
225.665000,-8.37847209e+01,-5.23695673e+01
225.670000,-8.37847160e+01,-5.23695623e+01
225.675000,-8.37847111e+01,-5.23695574e+01
225.680000,-8.37847061e+01,-5.23695525e+01
225.685000,-8.37847012e+01,-5.23695476e+01
225.690000,-8.37846963e+01,-5.23695426e+01
225.695000,-8.37846913e+01,-5.23695377e+01
225.700000,-8.37846864e+01,-5.23695328e+01
225.705000,-8.37846815e+01,-5.23695279e+01
225.710000,-8.37846766e+01,-5.23695229e+01
225.715000,-8.37846717e+01,-5.23695180e+01
225.720000,-8.37846667e+01,-5.23695131e+01
225.725000,-8.37846618e+01,-5.23695082e+01
225.730000,-8.37846569e+01,-5.23695033e+01
225.735000,-8.37846520e+01,-5.23694984e+01
225.740000,-8.37846471e+01,-5.23694935e+01
225.745000,-8.37846422e+01,-5.23694886e+01
225.750000,-8.37846373e+01,-5.23694836e+01
225.755000,-8.37846324e+01,-5.23694787e+01
225.760000,-8.37846275e+01,-5.23694738e+01
225.765000,-8.37846226e+01,-5.23694689e+01
225.770000,-8.37846177e+01,-5.23694641e+01
225.775000,-8.37846128e+01,-5.23694592e+01
225.780000,-8.37846079e+01,-5.23694543e+01
225.785000,-8.37846030e+01,-5.23694494e+01
225.790000,-8.37845981e+01,-5.23694445e+01
225.795000,-8.37845932e+01,-5.23694396e+01
225.800000,-8.37845884e+01,-5.23694347e+01
225.805000,-8.37845835e+01,-5.23694298e+01
225.810000,-8.37845786e+01,-5.23694250e+01
225.815000,-8.37845737e+01,-5.23694201e+01
225.820000,-8.37845688e+01,-5.23694152e+01
225.825000,-8.37845640e+01,-5.23694103e+01
225.830000,-8.37845591e+01,-5.23694055e+01
225.835000,-8.37845542e+01,-5.23694006e+01
225.840000,-8.37845494e+01,-5.23693957e+01
225.845000,-8.37845445e+01,-5.23693909e+01
225.850000,-8.37845396e+01,-5.23693860e+01
225.855000,-8.37845348e+01,-5.23693811e+01
225.860000,-8.37845299e+01,-5.23693763e+01
225.865000,-8.37845251e+01,-5.23693714e+01
225.870000,-8.37845202e+01,-5.23693666e+01
225.875000,-8.37845153e+01,-5.23693617e+01
225.880000,-8.37845105e+01,-5.23693569e+01
225.885000,-8.37845056e+01,-5.23693520e+01
225.890000,-8.37845008e+01,-5.23693472e+01
225.895000,-8.37844959e+01,-5.23693423e+01
225.900000,-8.37844911e+01,-5.23693375e+01
225.905000,-8.37844863e+01,-5.23693326e+01
225.910000,-8.37844814e+01,-5.23693278e+01
225.915000,-8.37844766e+01,-5.23693229e+01
225.920000,-8.37844717e+01,-5.23693181e+01
225.925000,-8.37844669e+01,-5.23693133e+01
225.930000,-8.37844621e+01,-5.23693084e+01
225.935000,-8.37844573e+01,-5.23693036e+01
225.940000,-8.37844524e+01,-5.23692988e+01
225.945000,-8.37844476e+01,-5.23692940e+01
225.950000,-8.37844428e+01,-5.23692891e+01
225.955000,-8.37844379e+01,-5.23692843e+01
225.960000,-8.37844331e+01,-5.23692795e+01
225.965000,-8.37844283e+01,-5.23692747e+01
225.970000,-8.37844235e+01,-5.23692699e+01
225.975000,-8.37844187e+01,-5.23692650e+01
225.980000,-8.37844139e+01,-5.23692602e+01
225.985000,-8.37844091e+01,-5.23692554e+01
225.990000,-8.37844042e+01,-5.23692506e+01
225.995000,-8.37843994e+01,-5.23692458e+01
226.000000,-8.37843946e+01,-5.23692410e+01
226.005000,-8.37843898e+01,-5.23692362e+01
226.010000,-8.37843850e+01,-5.23692314e+01
226.015000,-8.37843802e+01,-5.23692266e+01
226.020000,-8.37843754e+01,-5.23692218e+01
226.025000,-8.37843706e+01,-5.23692170e+01
226.030000,-8.37843659e+01,-5.23692122e+01
226.035000,-8.37843611e+01,-5.23692074e+01
226.040000,-8.37843563e+01,-5.23692026e+01
226.045000,-8.37843515e+01,-5.23691978e+01
226.050000,-8.37843467e+01,-5.23691931e+01
226.055000,-8.37843419e+01,-5.23691883e+01
226.060000,-8.37843371e+01,-5.23691835e+01
226.065000,-8.37843324e+01,-5.23691787e+01
226.070000,-8.37843276e+01,-5.23691739e+01
226.075000,-8.37843228e+01,-5.23691692e+01
226.080000,-8.37843180e+01,-5.23691644e+01
226.085000,-8.37843133e+01,-5.23691596e+01
226.090000,-8.37843085e+01,-5.23691548e+01
226.095000,-8.37843037e+01,-5.23691501e+01
226.100000,-8.37842990e+01,-5.23691453e+01
226.105000,-8.37842942e+01,-5.23691406e+01
226.110000,-8.37842894e+01,-5.23691358e+01
226.115000,-8.37842847e+01,-5.23691310e+01
226.120000,-8.37842799e+01,-5.23691263e+01
226.125000,-8.37842752e+01,-5.23691215e+01
226.130000,-8.37842704e+01,-5.23691168e+01
226.135000,-8.37842656e+01,-5.23691120e+01
226.140000,-8.37842609e+01,-5.23691073e+01
226.145000,-8.37842562e+01,-5.23691025e+01
226.150000,-8.37842514e+01,-5.23690978e+01
226.155000,-8.37842467e+01,-5.23690930e+01
226.160000,-8.37842419e+01,-5.23690883e+01
226.165000,-8.37842372e+01,-5.23690835e+01
226.170000,-8.37842324e+01,-5.23690788e+01
226.175000,-8.37842277e+01,-5.23690741e+01
226.180000,-8.37842230e+01,-5.23690693e+01
226.185000,-8.37842182e+01,-5.23690646e+01
226.190000,-8.37842135e+01,-5.23690599e+01
226.195000,-8.37842088e+01,-5.23690551e+01
226.200000,-8.37842041e+01,-5.23690504e+01
226.205000,-8.37841993e+01,-5.23690457e+01
226.210000,-8.37841946e+01,-5.23690410e+01
226.215000,-8.37841899e+01,-5.23690362e+01
226.220000,-8.37841852e+01,-5.23690315e+01
226.225000,-8.37841804e+01,-5.23690268e+01
226.230000,-8.37841757e+01,-5.23690221e+01
226.235000,-8.37841710e+01,-5.23690174e+01
226.240000,-8.37841663e+01,-5.23690127e+01
226.245000,-8.37841616e+01,-5.23690080e+01
226.250000,-8.37841569e+01,-5.23690032e+01
226.255000,-8.37841522e+01,-5.23689985e+01
226.260000,-8.37841475e+01,-5.23689938e+01
226.265000,-8.37841428e+01,-5.23689891e+01
226.270000,-8.37841381e+01,-5.23689844e+01
226.275000,-8.37841334e+01,-5.23689797e+01
226.280000,-8.37841287e+01,-5.23689750e+01
226.285000,-8.37841240e+01,-5.23689703e+01
226.290000,-8.37841193e+01,-5.23689657e+01
226.295000,-8.37841146e+01,-5.23689610e+01
226.300000,-8.37841099e+01,-5.23689563e+01
226.305000,-8.37841052e+01,-5.23689516e+01
226.310000,-8.37841005e+01,-5.23689469e+01
226.315000,-8.37840959e+01,-5.23689422e+01
226.320000,-8.37840912e+01,-5.23689375e+01
226.325000,-8.37840865e+01,-5.23689329e+01
226.330000,-8.37840818e+01,-5.23689282e+01
226.335000,-8.37840772e+01,-5.23689235e+01
226.340000,-8.37840725e+01,-5.23689188e+01
226.345000,-8.37840678e+01,-5.23689142e+01
226.350000,-8.37840631e+01,-5.23689095e+01
226.355000,-8.37840585e+01,-5.23689048e+01
226.360000,-8.37840538e+01,-5.23689002e+01
226.365000,-8.37840491e+01,-5.23688955e+01
226.370000,-8.37840445e+01,-5.23688908e+01
226.375000,-8.37840398e+01,-5.23688862e+01
226.380000,-8.37840352e+01,-5.23688815e+01
226.385000,-8.37840305e+01,-5.23688769e+01
226.390000,-8.37840259e+01,-5.23688722e+01
226.395000,-8.37840212e+01,-5.23688676e+01
226.400000,-8.37840165e+01,-5.23688629e+01
226.405000,-8.37840119e+01,-5.23688583e+01
226.410000,-8.37840073e+01,-5.23688536e+01
226.415000,-8.37840026e+01,-5.23688490e+01
226.420000,-8.37839980e+01,-5.23688443e+01
226.425000,-8.37839933e+01,-5.23688397e+01
226.430000,-8.37839887e+01,-5.23688351e+01
226.435000,-8.37839841e+01,-5.23688304e+01
226.440000,-8.37839794e+01,-5.23688258e+01
226.445000,-8.37839748e+01,-5.23688211e+01
226.450000,-8.37839702e+01,-5.23688165e+01
226.455000,-8.37839655e+01,-5.23688119e+01
226.460000,-8.37839609e+01,-5.23688073e+01
226.465000,-8.37839563e+01,-5.23688026e+01
226.470000,-8.37839516e+01,-5.23687980e+01
226.475000,-8.37839470e+01,-5.23687934e+01
226.480000,-8.37839424e+01,-5.23687888e+01
226.485000,-8.37839378e+01,-5.23687841e+01
226.490000,-8.37839332e+01,-5.23687795e+01
226.495000,-8.37839286e+01,-5.23687749e+01
226.500000,-8.37839239e+01,-5.23687703e+01
226.505000,-8.37839193e+01,-5.23687657e+01
226.510000,-8.37839147e+01,-5.23687611e+01
226.515000,-8.37839101e+01,-5.23687565e+01
226.520000,-8.37839055e+01,-5.23687519e+01
226.525000,-8.37839009e+01,-5.23687473e+01
226.530000,-8.37838963e+01,-5.23687427e+01
226.535000,-8.37838917e+01,-5.23687381e+01
226.540000,-8.37838871e+01,-5.23687335e+01
226.545000,-8.37838825e+01,-5.23687289e+01
226.550000,-8.37838779e+01,-5.23687243e+01
226.555000,-8.37838733e+01,-5.23687197e+01
226.560000,-8.37838687e+01,-5.23687151e+01
226.565000,-8.37838641e+01,-5.23687105e+01
226.570000,-8.37838596e+01,-5.23687059e+01
226.575000,-8.37838550e+01,-5.23687013e+01
226.580000,-8.37838504e+01,-5.23686968e+01
226.585000,-8.37838458e+01,-5.23686922e+01
226.590000,-8.37838412e+01,-5.23686876e+01
226.595000,-8.37838367e+01,-5.23686830e+01
226.600000,-8.37838321e+01,-5.23686784e+01
226.605000,-8.37838275e+01,-5.23686739e+01
226.610000,-8.37838229e+01,-5.23686693e+01
226.615000,-8.37838184e+01,-5.23686647e+01
226.620000,-8.37838138e+01,-5.23686602e+01
226.625000,-8.37838092e+01,-5.23686556e+01
226.630000,-8.37838047e+01,-5.23686510e+01
226.635000,-8.37838001e+01,-5.23686465e+01
226.640000,-8.37837956e+01,-5.23686419e+01
226.645000,-8.37837910e+01,-5.23686374e+01
226.650000,-8.37837864e+01,-5.23686328e+01
226.655000,-8.37837819e+01,-5.23686282e+01
226.660000,-8.37837773e+01,-5.23686237e+01
226.665000,-8.37837728e+01,-5.23686191e+01
226.670000,-8.37837682e+01,-5.23686146e+01
226.675000,-8.37837637e+01,-5.23686100e+01
226.680000,-8.37837591e+01,-5.23686055e+01
226.685000,-8.37837546e+01,-5.23686010e+01
226.690000,-8.37837501e+01,-5.23685964e+01
226.695000,-8.37837455e+01,-5.23685919e+01
226.700000,-8.37837410e+01,-5.23685873e+01
226.705000,-8.37837364e+01,-5.23685828e+01
226.710000,-8.37837319e+01,-5.23685783e+01
226.715000,-8.37837274e+01,-5.23685737e+01
226.720000,-8.37837228e+01,-5.23685692e+01
226.725000,-8.37837183e+01,-5.23685647e+01
226.730000,-8.37837138e+01,-5.23685602e+01
226.735000,-8.37837093e+01,-5.23685556e+01
226.740000,-8.37837047e+01,-5.23685511e+01
226.745000,-8.37837002e+01,-5.23685466e+01
226.750000,-8.37836957e+01,-5.23685421e+01
226.755000,-8.37836912e+01,-5.23685375e+01
226.760000,-8.37836867e+01,-5.23685330e+01
226.765000,-8.37836822e+01,-5.23685285e+01
226.770000,-8.37836776e+01,-5.23685240e+01
226.775000,-8.37836731e+01,-5.23685195e+01
226.780000,-8.37836686e+01,-5.23685150e+01
226.785000,-8.37836641e+01,-5.23685105e+01
226.790000,-8.37836596e+01,-5.23685060e+01
226.795000,-8.37836551e+01,-5.23685015e+01
226.800000,-8.37836506e+01,-5.23684970e+01
226.805000,-8.37836461e+01,-5.23684925e+01
226.810000,-8.37836416e+01,-5.23684880e+01
226.815000,-8.37836371e+01,-5.23684835e+01
226.820000,-8.37836326e+01,-5.23684790e+01
226.825000,-8.37836281e+01,-5.23684745e+01
226.830000,-8.37836236e+01,-5.23684700e+01
226.835000,-8.37836192e+01,-5.23684655e+01
226.840000,-8.37836147e+01,-5.23684610e+01
226.845000,-8.37836102e+01,-5.23684566e+01
226.850000,-8.37836057e+01,-5.23684521e+01
226.855000,-8.37836012e+01,-5.23684476e+01
226.860000,-8.37835967e+01,-5.23684431e+01
226.865000,-8.37835923e+01,-5.23684386e+01
226.870000,-8.37835878e+01,-5.23684342e+01
226.875000,-8.37835833e+01,-5.23684297e+01
226.880000,-8.37835788e+01,-5.23684252e+01
226.885000,-8.37835744e+01,-5.23684207e+01
226.890000,-8.37835699e+01,-5.23684163e+01
226.895000,-8.37835654e+01,-5.23684118e+01
226.900000,-8.37835610e+01,-5.23684073e+01
226.905000,-8.37835565e+01,-5.23684029e+01
226.910000,-8.37835521e+01,-5.23683984e+01
226.915000,-8.37835476e+01,-5.23683940e+01
226.920000,-8.37835431e+01,-5.23683895e+01
226.925000,-8.37835387e+01,-5.23683850e+01
226.930000,-8.37835342e+01,-5.23683806e+01
226.935000,-8.37835298e+01,-5.23683761e+01
226.940000,-8.37835253e+01,-5.23683717e+01
226.945000,-8.37835209e+01,-5.23683672e+01
226.950000,-8.37835164e+01,-5.23683628e+01
226.955000,-8.37835120e+01,-5.23683584e+01
226.960000,-8.37835075e+01,-5.23683539e+01
226.965000,-8.37835031e+01,-5.23683495e+01
226.970000,-8.37834987e+01,-5.23683450e+01
226.975000,-8.37834942e+01,-5.23683406e+01
226.980000,-8.37834898e+01,-5.23683362e+01
226.985000,-8.37834854e+01,-5.23683317e+01
226.990000,-8.37834809e+01,-5.23683273e+01
226.995000,-8.37834765e+01,-5.23683229e+01
227.000000,-8.37834721e+01,-5.23683184e+01
227.005000,-8.37834676e+01,-5.23683140e+01
227.010000,-8.37834632e+01,-5.23683096e+01
227.015000,-8.37834588e+01,-5.23683052e+01
227.020000,-8.37834544e+01,-5.23683007e+01
227.025000,-8.37834500e+01,-5.23682963e+01
227.030000,-8.37834455e+01,-5.23682919e+01
227.035000,-8.37834411e+01,-5.23682875e+01
227.040000,-8.37834367e+01,-5.23682831e+01
227.045000,-8.37834323e+01,-5.23682787e+01
227.050000,-8.37834279e+01,-5.23682743e+01
227.055000,-8.37834235e+01,-5.23682699e+01
227.060000,-8.37834191e+01,-5.23682654e+01
227.065000,-8.37834147e+01,-5.23682610e+01
227.070000,-8.37834103e+01,-5.23682566e+01
227.075000,-8.37834059e+01,-5.23682522e+01
227.080000,-8.37834015e+01,-5.23682478e+01
227.085000,-8.37833971e+01,-5.23682434e+01
227.090000,-8.37833927e+01,-5.23682390e+01
227.095000,-8.37833883e+01,-5.23682347e+01
227.100000,-8.37833839e+01,-5.23682303e+01
227.105000,-8.37833795e+01,-5.23682259e+01
227.110000,-8.37833751e+01,-5.23682215e+01
227.115000,-8.37833707e+01,-5.23682171e+01
227.120000,-8.37833663e+01,-5.23682127e+01
227.125000,-8.37833620e+01,-5.23682083e+01
227.130000,-8.37833576e+01,-5.23682039e+01
227.135000,-8.37833532e+01,-5.23681996e+01
227.140000,-8.37833488e+01,-5.23681952e+01
227.145000,-8.37833444e+01,-5.23681908e+01
227.150000,-8.37833401e+01,-5.23681864e+01
227.155000,-8.37833357e+01,-5.23681821e+01
227.160000,-8.37833313e+01,-5.23681777e+01
227.165000,-8.37833270e+01,-5.23681733e+01
227.170000,-8.37833226e+01,-5.23681690e+01
227.175000,-8.37833182e+01,-5.23681646e+01
227.180000,-8.37833139e+01,-5.23681602e+01
227.185000,-8.37833095e+01,-5.23681559e+01
227.190000,-8.37833051e+01,-5.23681515e+01
227.195000,-8.37833008e+01,-5.23681472e+01
227.200000,-8.37832964e+01,-5.23681428e+01
227.205000,-8.37832921e+01,-5.23681384e+01
227.210000,-8.37832877e+01,-5.23681341e+01
227.215000,-8.37832834e+01,-5.23681297e+01
227.220000,-8.37832790e+01,-5.23681254e+01
227.225000,-8.37832747e+01,-5.23681210e+01
227.230000,-8.37832703e+01,-5.23681167e+01
227.235000,-8.37832660e+01,-5.23681124e+01
227.240000,-8.37832616e+01,-5.23681080e+01
227.245000,-8.37832573e+01,-5.23681037e+01
227.250000,-8.37832530e+01,-5.23680993e+01
227.255000,-8.37832486e+01,-5.23680950e+01
227.260000,-8.37832443e+01,-5.23680907e+01
227.265000,-8.37832400e+01,-5.23680863e+01
227.270000,-8.37832356e+01,-5.23680820e+01
227.275000,-8.37832313e+01,-5.23680777e+01
227.280000,-8.37832270e+01,-5.23680733e+01
227.285000,-8.37832226e+01,-5.23680690e+01
227.290000,-8.37832183e+01,-5.23680647e+01
227.295000,-8.37832140e+01,-5.23680604e+01
227.300000,-8.37832097e+01,-5.23680560e+01
227.305000,-8.37832054e+01,-5.23680517e+01
227.310000,-8.37832010e+01,-5.23680474e+01
227.315000,-8.37831967e+01,-5.23680431e+01
227.320000,-8.37831924e+01,-5.23680388e+01
227.325000,-8.37831881e+01,-5.23680345e+01
227.330000,-8.37831838e+01,-5.23680302e+01
227.335000,-8.37831795e+01,-5.23680258e+01
227.340000,-8.37831752e+01,-5.23680215e+01
227.345000,-8.37831709e+01,-5.23680172e+01
227.350000,-8.37831666e+01,-5.23680129e+01
227.355000,-8.37831623e+01,-5.23680086e+01
227.360000,-8.37831580e+01,-5.23680043e+01
227.365000,-8.37831537e+01,-5.23680000e+01
227.370000,-8.37831494e+01,-5.23679957e+01
227.375000,-8.37831451e+01,-5.23679914e+01
227.380000,-8.37831408e+01,-5.23679872e+01
227.385000,-8.37831365e+01,-5.23679829e+01
227.390000,-8.37831322e+01,-5.23679786e+01
227.395000,-8.37831279e+01,-5.23679743e+01
227.400000,-8.37831236e+01,-5.23679700e+01
227.405000,-8.37831193e+01,-5.23679657e+01
227.410000,-8.37831151e+01,-5.23679614e+01
227.415000,-8.37831108e+01,-5.23679572e+01
227.420000,-8.37831065e+01,-5.23679529e+01
227.425000,-8.37831022e+01,-5.23679486e+01
227.430000,-8.37830980e+01,-5.23679443e+01
227.435000,-8.37830937e+01,-5.23679400e+01
227.440000,-8.37830894e+01,-5.23679358e+01
227.445000,-8.37830851e+01,-5.23679315e+01
227.450000,-8.37830809e+01,-5.23679272e+01
227.455000,-8.37830766e+01,-5.23679230e+01
227.460000,-8.37830723e+01,-5.23679187e+01
227.465000,-8.37830681e+01,-5.23679144e+01
227.470000,-8.37830638e+01,-5.23679102e+01
227.475000,-8.37830596e+01,-5.23679059e+01
227.480000,-8.37830553e+01,-5.23679017e+01
227.485000,-8.37830510e+01,-5.23678974e+01
227.490000,-8.37830468e+01,-5.23678932e+01
227.495000,-8.37830425e+01,-5.23678889e+01
227.500000,-8.37830383e+01,-5.23678847e+01
227.505000,-8.37830340e+01,-5.23678804e+01
227.510000,-8.37830298e+01,-5.23678762e+01
227.515000,-8.37830255e+01,-5.23678719e+01
227.520000,-8.37830213e+01,-5.23678677e+01
227.525000,-8.37830171e+01,-5.23678634e+01
227.530000,-8.37830128e+01,-5.23678592e+01
227.535000,-8.37830086e+01,-5.23678549e+01
227.540000,-8.37830043e+01,-5.23678507e+01
227.545000,-8.37830001e+01,-5.23678465e+01
227.550000,-8.37829959e+01,-5.23678422e+01
227.555000,-8.37829916e+01,-5.23678380e+01
227.560000,-8.37829874e+01,-5.23678338e+01
227.565000,-8.37829832e+01,-5.23678296e+01
227.570000,-8.37829790e+01,-5.23678253e+01
227.575000,-8.37829747e+01,-5.23678211e+01
227.580000,-8.37829705e+01,-5.23678169e+01
227.585000,-8.37829663e+01,-5.23678127e+01
227.590000,-8.37829621e+01,-5.23678084e+01
227.595000,-8.37829578e+01,-5.23678042e+01
227.600000,-8.37829536e+01,-5.23678000e+01
227.605000,-8.37829494e+01,-5.23677958e+01
227.610000,-8.37829452e+01,-5.23677916e+01
227.615000,-8.37829410e+01,-5.23677874e+01
227.620000,-8.37829368e+01,-5.23677832e+01
227.625000,-8.37829326e+01,-5.23677789e+01
227.630000,-8.37829284e+01,-5.23677747e+01
227.635000,-8.37829242e+01,-5.23677705e+01
227.640000,-8.37829200e+01,-5.23677663e+01
227.645000,-8.37829158e+01,-5.23677621e+01
227.650000,-8.37829116e+01,-5.23677579e+01
227.655000,-8.37829074e+01,-5.23677537e+01
227.660000,-8.37829032e+01,-5.23677495e+01
227.665000,-8.37828990e+01,-5.23677453e+01
227.670000,-8.37828948e+01,-5.23677412e+01
227.675000,-8.37828906e+01,-5.23677370e+01
227.680000,-8.37828864e+01,-5.23677328e+01
227.685000,-8.37828822e+01,-5.23677286e+01
227.690000,-8.37828780e+01,-5.23677244e+01
227.695000,-8.37828738e+01,-5.23677202e+01
227.700000,-8.37828697e+01,-5.23677160e+01
227.705000,-8.37828655e+01,-5.23677119e+01
227.710000,-8.37828613e+01,-5.23677077e+01
227.715000,-8.37828571e+01,-5.23677035e+01
227.720000,-8.37828530e+01,-5.23676993e+01
227.725000,-8.37828488e+01,-5.23676952e+01
227.730000,-8.37828446e+01,-5.23676910e+01
227.735000,-8.37828404e+01,-5.23676868e+01
227.740000,-8.37828363e+01,-5.23676826e+01
227.745000,-8.37828321e+01,-5.23676785e+01
227.750000,-8.37828279e+01,-5.23676743e+01
227.755000,-8.37828238e+01,-5.23676702e+01
227.760000,-8.37828196e+01,-5.23676660e+01
227.765000,-8.37828155e+01,-5.23676618e+01
227.770000,-8.37828113e+01,-5.23676577e+01
227.775000,-8.37828071e+01,-5.23676535e+01
227.780000,-8.37828030e+01,-5.23676494e+01
227.785000,-8.37827988e+01,-5.23676452e+01
227.790000,-8.37827947e+01,-5.23676411e+01
227.795000,-8.37827905e+01,-5.23676369e+01
227.800000,-8.37827864e+01,-5.23676328e+01
227.805000,-8.37827822e+01,-5.23676286e+01
227.810000,-8.37827781e+01,-5.23676245e+01
227.815000,-8.37827740e+01,-5.23676203e+01
227.820000,-8.37827698e+01,-5.23676162e+01
227.825000,-8.37827657e+01,-5.23676120e+01
227.830000,-8.37827615e+01,-5.23676079e+01
227.835000,-8.37827574e+01,-5.23676038e+01
227.840000,-8.37827533e+01,-5.23675996e+01
227.845000,-8.37827491e+01,-5.23675955e+01
227.850000,-8.37827450e+01,-5.23675914e+01
227.855000,-8.37827409e+01,-5.23675872e+01
227.860000,-8.37827367e+01,-5.23675831e+01
227.865000,-8.37827326e+01,-5.23675790e+01
227.870000,-8.37827285e+01,-5.23675749e+01
227.875000,-8.37827244e+01,-5.23675707e+01
227.880000,-8.37827202e+01,-5.23675666e+01
227.885000,-8.37827161e+01,-5.23675625e+01
227.890000,-8.37827120e+01,-5.23675584e+01
227.895000,-8.37827079e+01,-5.23675543e+01
227.900000,-8.37827038e+01,-5.23675502e+01
227.905000,-8.37826997e+01,-5.23675460e+01
227.910000,-8.37826956e+01,-5.23675419e+01
227.915000,-8.37826914e+01,-5.23675378e+01
227.920000,-8.37826873e+01,-5.23675337e+01
227.925000,-8.37826832e+01,-5.23675296e+01
227.930000,-8.37826791e+01,-5.23675255e+01
227.935000,-8.37826750e+01,-5.23675214e+01
227.940000,-8.37826709e+01,-5.23675173e+01
227.945000,-8.37826668e+01,-5.23675132e+01
227.950000,-8.37826627e+01,-5.23675091e+01
227.955000,-8.37826586e+01,-5.23675050e+01
227.960000,-8.37826545e+01,-5.23675009e+01
227.965000,-8.37826504e+01,-5.23674968e+01
227.970000,-8.37826464e+01,-5.23674927e+01
227.975000,-8.37826423e+01,-5.23674886e+01
227.980000,-8.37826382e+01,-5.23674846e+01
227.985000,-8.37826341e+01,-5.23674805e+01
227.990000,-8.37826300e+01,-5.23674764e+01
227.995000,-8.37826259e+01,-5.23674723e+01
228.000000,-8.37826218e+01,-5.23674682e+01
228.005000,-8.37826178e+01,-5.23674641e+01
228.010000,-8.37826137e+01,-5.23674601e+01
228.015000,-8.37826096e+01,-5.23674560e+01
228.020000,-8.37826055e+01,-5.23674519e+01
228.025000,-8.37826015e+01,-5.23674478e+01
228.030000,-8.37825974e+01,-5.23674438e+01
228.035000,-8.37825933e+01,-5.23674397e+01
228.040000,-8.37825893e+01,-5.23674356e+01
228.045000,-8.37825852e+01,-5.23674316e+01
228.050000,-8.37825811e+01,-5.23674275e+01
228.055000,-8.37825771e+01,-5.23674234e+01
228.060000,-8.37825730e+01,-5.23674194e+01
228.065000,-8.37825690e+01,-5.23674153e+01
228.070000,-8.37825649e+01,-5.23674113e+01
228.075000,-8.37825608e+01,-5.23674072e+01
228.080000,-8.37825568e+01,-5.23674032e+01
228.085000,-8.37825527e+01,-5.23673991e+01
228.090000,-8.37825487e+01,-5.23673951e+01
228.095000,-8.37825446e+01,-5.23673910e+01
228.100000,-8.37825406e+01,-5.23673870e+01
228.105000,-8.37825365e+01,-5.23673829e+01
228.110000,-8.37825325e+01,-5.23673789e+01
228.115000,-8.37825285e+01,-5.23673748e+01
228.120000,-8.37825244e+01,-5.23673708e+01
228.125000,-8.37825204e+01,-5.23673667e+01
228.130000,-8.37825163e+01,-5.23673627e+01
228.135000,-8.37825123e+01,-5.23673587e+01
228.140000,-8.37825083e+01,-5.23673546e+01
228.145000,-8.37825042e+01,-5.23673506e+01
228.150000,-8.37825002e+01,-5.23673466e+01
228.155000,-8.37824962e+01,-5.23673425e+01
228.160000,-8.37824921e+01,-5.23673385e+01
228.165000,-8.37824881e+01,-5.23673345e+01
228.170000,-8.37824841e+01,-5.23673305e+01
228.175000,-8.37824801e+01,-5.23673264e+01
228.180000,-8.37824760e+01,-5.23673224e+01
228.185000,-8.37824720e+01,-5.23673184e+01
228.190000,-8.37824680e+01,-5.23673144e+01
228.195000,-8.37824640e+01,-5.23673104e+01
228.200000,-8.37824600e+01,-5.23673064e+01
228.205000,-8.37824560e+01,-5.23673023e+01
228.210000,-8.37824520e+01,-5.23672983e+01
228.215000,-8.37824479e+01,-5.23672943e+01
228.220000,-8.37824439e+01,-5.23672903e+01
228.225000,-8.37824399e+01,-5.23672863e+01
228.230000,-8.37824359e+01,-5.23672823e+01
228.235000,-8.37824319e+01,-5.23672783e+01
228.240000,-8.37824279e+01,-5.23672743e+01
228.245000,-8.37824239e+01,-5.23672703e+01
228.250000,-8.37824199e+01,-5.23672663e+01
228.255000,-8.37824159e+01,-5.23672623e+01
228.260000,-8.37824119e+01,-5.23672583e+01
228.265000,-8.37824079e+01,-5.23672543e+01
228.270000,-8.37824039e+01,-5.23672503e+01
228.275000,-8.37824000e+01,-5.23672463e+01
228.280000,-8.37823960e+01,-5.23672423e+01
228.285000,-8.37823920e+01,-5.23672384e+01
228.290000,-8.37823880e+01,-5.23672344e+01
228.295000,-8.37823840e+01,-5.23672304e+01
228.300000,-8.37823800e+01,-5.23672264e+01
228.305000,-8.37823761e+01,-5.23672224e+01
228.310000,-8.37823721e+01,-5.23672184e+01
228.315000,-8.37823681e+01,-5.23672145e+01
228.320000,-8.37823641e+01,-5.23672105e+01
228.325000,-8.37823601e+01,-5.23672065e+01
228.330000,-8.37823562e+01,-5.23672026e+01
228.335000,-8.37823522e+01,-5.23671986e+01
228.340000,-8.37823482e+01,-5.23671946e+01
228.345000,-8.37823443e+01,-5.23671906e+01
228.350000,-8.37823403e+01,-5.23671867e+01
228.355000,-8.37823363e+01,-5.23671827e+01
228.360000,-8.37823324e+01,-5.23671788e+01
228.365000,-8.37823284e+01,-5.23671748e+01
228.370000,-8.37823245e+01,-5.23671708e+01
228.375000,-8.37823205e+01,-5.23671669e+01
228.380000,-8.37823165e+01,-5.23671629e+01
228.385000,-8.37823126e+01,-5.23671590e+01
228.390000,-8.37823086e+01,-5.23671550e+01
228.395000,-8.37823047e+01,-5.23671511e+01
228.400000,-8.37823007e+01,-5.23671471e+01
228.405000,-8.37822968e+01,-5.23671432e+01
228.410000,-8.37822928e+01,-5.23671392e+01
228.415000,-8.37822889e+01,-5.23671353e+01
228.420000,-8.37822850e+01,-5.23671313e+01
228.425000,-8.37822810e+01,-5.23671274e+01
228.430000,-8.37822771e+01,-5.23671234e+01
228.435000,-8.37822731e+01,-5.23671195e+01
228.440000,-8.37822692e+01,-5.23671156e+01
228.445000,-8.37822653e+01,-5.23671116e+01
228.450000,-8.37822613e+01,-5.23671077e+01
228.455000,-8.37822574e+01,-5.23671038e+01
228.460000,-8.37822535e+01,-5.23670998e+01
228.465000,-8.37822495e+01,-5.23670959e+01
228.470000,-8.37822456e+01,-5.23670920e+01
228.475000,-8.37822417e+01,-5.23670881e+01
228.480000,-8.37822378e+01,-5.23670841e+01
228.485000,-8.37822338e+01,-5.23670802e+01
228.490000,-8.37822299e+01,-5.23670763e+01
228.495000,-8.37822260e+01,-5.23670724e+01
228.500000,-8.37822221e+01,-5.23670685e+01
228.505000,-8.37822182e+01,-5.23670645e+01
228.510000,-8.37822143e+01,-5.23670606e+01
228.515000,-8.37822103e+01,-5.23670567e+01
228.520000,-8.37822064e+01,-5.23670528e+01
228.525000,-8.37822025e+01,-5.23670489e+01
228.530000,-8.37821986e+01,-5.23670450e+01
228.535000,-8.37821947e+01,-5.23670411e+01
228.540000,-8.37821908e+01,-5.23670372e+01
228.545000,-8.37821869e+01,-5.23670333e+01
228.550000,-8.37821830e+01,-5.23670294e+01
228.555000,-8.37821791e+01,-5.23670255e+01
228.560000,-8.37821752e+01,-5.23670216e+01
228.565000,-8.37821713e+01,-5.23670177e+01
228.570000,-8.37821674e+01,-5.23670138e+01
228.575000,-8.37821635e+01,-5.23670099e+01
228.580000,-8.37821596e+01,-5.23670060e+01
228.585000,-8.37821557e+01,-5.23670021e+01
228.590000,-8.37821518e+01,-5.23669982e+01
228.595000,-8.37821480e+01,-5.23669943e+01
228.600000,-8.37821441e+01,-5.23669904e+01
228.605000,-8.37821402e+01,-5.23669866e+01
228.610000,-8.37821363e+01,-5.23669827e+01
228.615000,-8.37821324e+01,-5.23669788e+01
228.620000,-8.37821285e+01,-5.23669749e+01
228.625000,-8.37821247e+01,-5.23669710e+01
228.630000,-8.37821208e+01,-5.23669672e+01
228.635000,-8.37821169e+01,-5.23669633e+01
228.640000,-8.37821130e+01,-5.23669594e+01
228.645000,-8.37821092e+01,-5.23669555e+01
228.650000,-8.37821053e+01,-5.23669517e+01
228.655000,-8.37821014e+01,-5.23669478e+01
228.660000,-8.37820976e+01,-5.23669439e+01
228.665000,-8.37820937e+01,-5.23669401e+01
228.670000,-8.37820898e+01,-5.23669362e+01
228.675000,-8.37820860e+01,-5.23669324e+01
228.680000,-8.37820821e+01,-5.23669285e+01
228.685000,-8.37820783e+01,-5.23669246e+01
228.690000,-8.37820744e+01,-5.23669208e+01
228.695000,-8.37820705e+01,-5.23669169e+01
228.700000,-8.37820667e+01,-5.23669131e+01
228.705000,-8.37820628e+01,-5.23669092e+01
228.710000,-8.37820590e+01,-5.23669054e+01
228.715000,-8.37820551e+01,-5.23669015e+01
228.720000,-8.37820513e+01,-5.23668977e+01
228.725000,-8.37820474e+01,-5.23668938e+01
228.730000,-8.37820436e+01,-5.23668900e+01
228.735000,-8.37820398e+01,-5.23668861e+01
228.740000,-8.37820359e+01,-5.23668823e+01
228.745000,-8.37820321e+01,-5.23668785e+01
228.750000,-8.37820282e+01,-5.23668746e+01
228.755000,-8.37820244e+01,-5.23668708e+01
228.760000,-8.37820206e+01,-5.23668669e+01
228.765000,-8.37820167e+01,-5.23668631e+01
228.770000,-8.37820129e+01,-5.23668593e+01
228.775000,-8.37820091e+01,-5.23668554e+01
228.780000,-8.37820052e+01,-5.23668516e+01
228.785000,-8.37820014e+01,-5.23668478e+01
228.790000,-8.37819976e+01,-5.23668440e+01
228.795000,-8.37819938e+01,-5.23668401e+01
228.800000,-8.37819899e+01,-5.23668363e+01
228.805000,-8.37819861e+01,-5.23668325e+01
228.810000,-8.37819823e+01,-5.23668287e+01
228.815000,-8.37819785e+01,-5.23668249e+01
228.820000,-8.37819747e+01,-5.23668210e+01
228.825000,-8.37819708e+01,-5.23668172e+01
228.830000,-8.37819670e+01,-5.23668134e+01
228.835000,-8.37819632e+01,-5.23668096e+01
228.840000,-8.37819594e+01,-5.23668058e+01
228.845000,-8.37819556e+01,-5.23668020e+01
228.850000,-8.37819518e+01,-5.23667982e+01
228.855000,-8.37819480e+01,-5.23667944e+01
228.860000,-8.37819442e+01,-5.23667906e+01
228.865000,-8.37819404e+01,-5.23667868e+01
228.870000,-8.37819366e+01,-5.23667830e+01
228.875000,-8.37819328e+01,-5.23667792e+01
228.880000,-8.37819290e+01,-5.23667754e+01
228.885000,-8.37819252e+01,-5.23667716e+01
228.890000,-8.37819214e+01,-5.23667678e+01
228.895000,-8.37819176e+01,-5.23667640e+01
228.900000,-8.37819138e+01,-5.23667602e+01
228.905000,-8.37819100e+01,-5.23667564e+01
228.910000,-8.37819062e+01,-5.23667526e+01
228.915000,-8.37819024e+01,-5.23667488e+01
228.920000,-8.37818987e+01,-5.23667450e+01
228.925000,-8.37818949e+01,-5.23667413e+01
228.930000,-8.37818911e+01,-5.23667375e+01
228.935000,-8.37818873e+01,-5.23667337e+01
228.940000,-8.37818835e+01,-5.23667299e+01
228.945000,-8.37818798e+01,-5.23667261e+01
228.950000,-8.37818760e+01,-5.23667224e+01
228.955000,-8.37818722e+01,-5.23667186e+01
228.960000,-8.37818684e+01,-5.23667148e+01
228.965000,-8.37818647e+01,-5.23667110e+01
228.970000,-8.37818609e+01,-5.23667073e+01
228.975000,-8.37818571e+01,-5.23667035e+01
228.980000,-8.37818534e+01,-5.23666997e+01
228.985000,-8.37818496e+01,-5.23666960e+01
228.990000,-8.37818458e+01,-5.23666922e+01
228.995000,-8.37818421e+01,-5.23666885e+01
229.000000,-8.37818383e+01,-5.23666847e+01
229.005000,-8.37818346e+01,-5.23666809e+01
229.010000,-8.37818308e+01,-5.23666772e+01
229.015000,-8.37818270e+01,-5.23666734e+01
229.020000,-8.37818233e+01,-5.23666697e+01
229.025000,-8.37818195e+01,-5.23666659e+01
229.030000,-8.37818158e+01,-5.23666622e+01
229.035000,-8.37818120e+01,-5.23666584e+01
229.040000,-8.37818083e+01,-5.23666547e+01
229.045000,-8.37818045e+01,-5.23666509e+01
229.050000,-8.37818008e+01,-5.23666472e+01
229.055000,-8.37817970e+01,-5.23666434e+01
229.060000,-8.37817933e+01,-5.23666397e+01
229.065000,-8.37817896e+01,-5.23666359e+01
229.070000,-8.37817858e+01,-5.23666322e+01
229.075000,-8.37817821e+01,-5.23666285e+01
229.080000,-8.37817783e+01,-5.23666247e+01
229.085000,-8.37817746e+01,-5.23666210e+01
229.090000,-8.37817709e+01,-5.23666173e+01
229.095000,-8.37817671e+01,-5.23666135e+01
229.100000,-8.37817634e+01,-5.23666098e+01
229.105000,-8.37817597e+01,-5.23666061e+01
229.110000,-8.37817560e+01,-5.23666023e+01
229.115000,-8.37817522e+01,-5.23665986e+01
229.120000,-8.37817485e+01,-5.23665949e+01
229.125000,-8.37817448e+01,-5.23665912e+01
229.130000,-8.37817411e+01,-5.23665875e+01
229.135000,-8.37817374e+01,-5.23665837e+01
229.140000,-8.37817336e+01,-5.23665800e+01
229.145000,-8.37817299e+01,-5.23665763e+01
229.150000,-8.37817262e+01,-5.23665726e+01
229.155000,-8.37817225e+01,-5.23665689e+01
229.160000,-8.37817188e+01,-5.23665652e+01
229.165000,-8.37817151e+01,-5.23665614e+01
229.170000,-8.37817114e+01,-5.23665577e+01
229.175000,-8.37817077e+01,-5.23665540e+01
229.180000,-8.37817039e+01,-5.23665503e+01
229.185000,-8.37817002e+01,-5.23665466e+01
229.190000,-8.37816965e+01,-5.23665429e+01
229.195000,-8.37816928e+01,-5.23665392e+01
229.200000,-8.37816891e+01,-5.23665355e+01
229.205000,-8.37816854e+01,-5.23665318e+01
229.210000,-8.37816817e+01,-5.23665281e+01
229.215000,-8.37816780e+01,-5.23665244e+01
229.220000,-8.37816744e+01,-5.23665207e+01
229.225000,-8.37816707e+01,-5.23665170e+01
229.230000,-8.37816670e+01,-5.23665134e+01
229.235000,-8.37816633e+01,-5.23665097e+01
229.240000,-8.37816596e+01,-5.23665060e+01
229.245000,-8.37816559e+01,-5.23665023e+01
229.250000,-8.37816522e+01,-5.23664986e+01
229.255000,-8.37816485e+01,-5.23664949e+01
229.260000,-8.37816449e+01,-5.23664912e+01
229.265000,-8.37816412e+01,-5.23664876e+01
229.270000,-8.37816375e+01,-5.23664839e+01
229.275000,-8.37816338e+01,-5.23664802e+01
229.280000,-8.37816301e+01,-5.23664765e+01
229.285000,-8.37816265e+01,-5.23664729e+01
229.290000,-8.37816228e+01,-5.23664692e+01
229.295000,-8.37816191e+01,-5.23664655e+01
229.300000,-8.37816155e+01,-5.23664618e+01
229.305000,-8.37816118e+01,-5.23664582e+01
229.310000,-8.37816081e+01,-5.23664545e+01
229.315000,-8.37816045e+01,-5.23664508e+01
229.320000,-8.37816008e+01,-5.23664472e+01
229.325000,-8.37815971e+01,-5.23664435e+01
229.330000,-8.37815935e+01,-5.23664399e+01
229.335000,-8.37815898e+01,-5.23664362e+01
229.340000,-8.37815862e+01,-5.23664325e+01
229.345000,-8.37815825e+01,-5.23664289e+01
229.350000,-8.37815788e+01,-5.23664252e+01
229.355000,-8.37815752e+01,-5.23664216e+01
229.360000,-8.37815715e+01,-5.23664179e+01
229.365000,-8.37815679e+01,-5.23664143e+01
229.370000,-8.37815642e+01,-5.23664106e+01
229.375000,-8.37815606e+01,-5.23664070e+01
229.380000,-8.37815569e+01,-5.23664033e+01
229.385000,-8.37815533e+01,-5.23663997e+01
229.390000,-8.37815497e+01,-5.23663960e+01
229.395000,-8.37815460e+01,-5.23663924e+01
229.400000,-8.37815424e+01,-5.23663888e+01
229.405000,-8.37815387e+01,-5.23663851e+01
229.410000,-8.37815351e+01,-5.23663815e+01
229.415000,-8.37815315e+01,-5.23663779e+01
229.420000,-8.37815278e+01,-5.23663742e+01
229.425000,-8.37815242e+01,-5.23663706e+01
229.430000,-8.37815206e+01,-5.23663670e+01
229.435000,-8.37815169e+01,-5.23663633e+01
229.440000,-8.37815133e+01,-5.23663597e+01
229.445000,-8.37815097e+01,-5.23663561e+01
229.450000,-8.37815061e+01,-5.23663524e+01
229.455000,-8.37815024e+01,-5.23663488e+01
229.460000,-8.37814988e+01,-5.23663452e+01
229.465000,-8.37814952e+01,-5.23663416e+01
229.470000,-8.37814916e+01,-5.23663380e+01
229.475000,-8.37814880e+01,-5.23663343e+01
229.480000,-8.37814843e+01,-5.23663307e+01
229.485000,-8.37814807e+01,-5.23663271e+01
229.490000,-8.37814771e+01,-5.23663235e+01
229.495000,-8.37814735e+01,-5.23663199e+01
229.500000,-8.37814699e+01,-5.23663163e+01
229.505000,-8.37814663e+01,-5.23663127e+01
229.510000,-8.37814627e+01,-5.23663091e+01
229.515000,-8.37814591e+01,-5.23663055e+01
229.520000,-8.37814555e+01,-5.23663019e+01
229.525000,-8.37814519e+01,-5.23662983e+01
229.530000,-8.37814483e+01,-5.23662947e+01
229.535000,-8.37814447e+01,-5.23662911e+01
229.540000,-8.37814411e+01,-5.23662875e+01
229.545000,-8.37814375e+01,-5.23662839e+01
229.550000,-8.37814339e+01,-5.23662803e+01
229.555000,-8.37814303e+01,-5.23662767e+01
229.560000,-8.37814267e+01,-5.23662731e+01
229.565000,-8.37814231e+01,-5.23662695e+01
229.570000,-8.37814195e+01,-5.23662659e+01
229.575000,-8.37814159e+01,-5.23662623e+01
229.580000,-8.37814123e+01,-5.23662587e+01
229.585000,-8.37814088e+01,-5.23662551e+01
229.590000,-8.37814052e+01,-5.23662516e+01
229.595000,-8.37814016e+01,-5.23662480e+01
229.600000,-8.37813980e+01,-5.23662444e+01
229.605000,-8.37813944e+01,-5.23662408e+01
229.610000,-8.37813908e+01,-5.23662372e+01
229.615000,-8.37813873e+01,-5.23662337e+01
229.620000,-8.37813837e+01,-5.23662301e+01
229.625000,-8.37813801e+01,-5.23662265e+01
229.630000,-8.37813766e+01,-5.23662229e+01
229.635000,-8.37813730e+01,-5.23662194e+01
229.640000,-8.37813694e+01,-5.23662158e+01
229.645000,-8.37813658e+01,-5.23662122e+01
229.650000,-8.37813623e+01,-5.23662087e+01
229.655000,-8.37813587e+01,-5.23662051e+01
229.660000,-8.37813551e+01,-5.23662015e+01
229.665000,-8.37813516e+01,-5.23661980e+01
229.670000,-8.37813480e+01,-5.23661944e+01
229.675000,-8.37813445e+01,-5.23661909e+01
229.680000,-8.37813409e+01,-5.23661873e+01
229.685000,-8.37813374e+01,-5.23661837e+01
229.690000,-8.37813338e+01,-5.23661802e+01
229.695000,-8.37813302e+01,-5.23661766e+01
229.700000,-8.37813267e+01,-5.23661731e+01
229.705000,-8.37813231e+01,-5.23661695e+01
229.710000,-8.37813196e+01,-5.23661660e+01
229.715000,-8.37813160e+01,-5.23661624e+01
229.720000,-8.37813125e+01,-5.23661589e+01
229.725000,-8.37813090e+01,-5.23661553e+01
229.730000,-8.37813054e+01,-5.23661518e+01
229.735000,-8.37813019e+01,-5.23661483e+01
229.740000,-8.37812983e+01,-5.23661447e+01
229.745000,-8.37812948e+01,-5.23661412e+01
229.750000,-8.37812913e+01,-5.23661376e+01
229.755000,-8.37812877e+01,-5.23661341e+01
229.760000,-8.37812842e+01,-5.23661306e+01
229.765000,-8.37812807e+01,-5.23661270e+01
229.770000,-8.37812771e+01,-5.23661235e+01
229.775000,-8.37812736e+01,-5.23661200e+01
229.780000,-8.37812701e+01,-5.23661165e+01
229.785000,-8.37812665e+01,-5.23661129e+01
229.790000,-8.37812630e+01,-5.23661094e+01
229.795000,-8.37812595e+01,-5.23661059e+01
229.800000,-8.37812560e+01,-5.23661024e+01
229.805000,-8.37812524e+01,-5.23660988e+01
229.810000,-8.37812489e+01,-5.23660953e+01
229.815000,-8.37812454e+01,-5.23660918e+01
229.820000,-8.37812419e+01,-5.23660883e+01
229.825000,-8.37812384e+01,-5.23660848e+01
229.830000,-8.37812349e+01,-5.23660812e+01
229.835000,-8.37812313e+01,-5.23660777e+01
229.840000,-8.37812278e+01,-5.23660742e+01
229.845000,-8.37812243e+01,-5.23660707e+01
229.850000,-8.37812208e+01,-5.23660672e+01
229.855000,-8.37812173e+01,-5.23660637e+01
229.860000,-8.37812138e+01,-5.23660602e+01
229.865000,-8.37812103e+01,-5.23660567e+01
229.870000,-8.37812068e+01,-5.23660532e+01
229.875000,-8.37812033e+01,-5.23660497e+01
229.880000,-8.37811998e+01,-5.23660462e+01
229.885000,-8.37811963e+01,-5.23660427e+01
229.890000,-8.37811928e+01,-5.23660392e+01
229.895000,-8.37811893e+01,-5.23660357e+01
229.900000,-8.37811858e+01,-5.23660322e+01
229.905000,-8.37811823e+01,-5.23660287e+01
229.910000,-8.37811788e+01,-5.23660252e+01
229.915000,-8.37811753e+01,-5.23660217e+01
229.920000,-8.37811719e+01,-5.23660182e+01
229.925000,-8.37811684e+01,-5.23660148e+01
229.930000,-8.37811649e+01,-5.23660113e+01
229.935000,-8.37811614e+01,-5.23660078e+01
229.940000,-8.37811579e+01,-5.23660043e+01
229.945000,-8.37811544e+01,-5.23660008e+01
229.950000,-8.37811510e+01,-5.23659973e+01
229.955000,-8.37811475e+01,-5.23659939e+01
229.960000,-8.37811440e+01,-5.23659904e+01
229.965000,-8.37811405e+01,-5.23659869e+01
229.970000,-8.37811370e+01,-5.23659834e+01
229.975000,-8.37811336e+01,-5.23659800e+01
229.980000,-8.37811301e+01,-5.23659765e+01
229.985000,-8.37811266e+01,-5.23659730e+01
229.990000,-8.37811232e+01,-5.23659696e+01
229.995000,-8.37811197e+01,-5.23659661e+01
230.000000,-8.37811162e+01,-5.23659626e+01
230.005000,-8.37811128e+01,-5.23659592e+01
230.010000,-8.37811093e+01,-5.23659557e+01
230.015000,-8.37811058e+01,-5.23659522e+01
230.020000,-8.37811024e+01,-5.23659488e+01
230.025000,-8.37810989e+01,-5.23659453e+01
230.030000,-8.37810955e+01,-5.23659419e+01
230.035000,-8.37810920e+01,-5.23659384e+01
230.040000,-8.37810886e+01,-5.23659349e+01
230.045000,-8.37810851e+01,-5.23659315e+01
230.050000,-8.37810817e+01,-5.23659280e+01
230.055000,-8.37810782e+01,-5.23659246e+01
230.060000,-8.37810748e+01,-5.23659211e+01
230.065000,-8.37810713e+01,-5.23659177e+01
230.070000,-8.37810679e+01,-5.23659142e+01
230.075000,-8.37810644e+01,-5.23659108e+01
230.080000,-8.37810610e+01,-5.23659074e+01
230.085000,-8.37810575e+01,-5.23659039e+01
230.090000,-8.37810541e+01,-5.23659005e+01
230.095000,-8.37810507e+01,-5.23658970e+01
230.100000,-8.37810472e+01,-5.23658936e+01
230.105000,-8.37810438e+01,-5.23658902e+01
230.110000,-8.37810403e+01,-5.23658867e+01
230.115000,-8.37810369e+01,-5.23658833e+01
230.120000,-8.37810335e+01,-5.23658799e+01
230.125000,-8.37810301e+01,-5.23658764e+01
230.130000,-8.37810266e+01,-5.23658730e+01
230.135000,-8.37810232e+01,-5.23658696e+01
230.140000,-8.37810198e+01,-5.23658662e+01
230.145000,-8.37810163e+01,-5.23658627e+01
230.150000,-8.37810129e+01,-5.23658593e+01
230.155000,-8.37810095e+01,-5.23658559e+01
230.160000,-8.37810061e+01,-5.23658525e+01
230.165000,-8.37810027e+01,-5.23658490e+01
230.170000,-8.37809992e+01,-5.23658456e+01
230.175000,-8.37809958e+01,-5.23658422e+01
230.180000,-8.37809924e+01,-5.23658388e+01
230.185000,-8.37809890e+01,-5.23658354e+01
230.190000,-8.37809856e+01,-5.23658320e+01
230.195000,-8.37809822e+01,-5.23658286e+01
230.200000,-8.37809788e+01,-5.23658252e+01
230.205000,-8.37809754e+01,-5.23658217e+01
230.210000,-8.37809719e+01,-5.23658183e+01
230.215000,-8.37809685e+01,-5.23658149e+01
230.220000,-8.37809651e+01,-5.23658115e+01
230.225000,-8.37809617e+01,-5.23658081e+01
230.230000,-8.37809583e+01,-5.23658047e+01
230.235000,-8.37809549e+01,-5.23658013e+01
230.240000,-8.37809515e+01,-5.23657979e+01
230.245000,-8.37809481e+01,-5.23657945e+01
230.250000,-8.37809447e+01,-5.23657911e+01
230.255000,-8.37809414e+01,-5.23657877e+01
230.260000,-8.37809380e+01,-5.23657843e+01
230.265000,-8.37809346e+01,-5.23657810e+01
230.270000,-8.37809312e+01,-5.23657776e+01
230.275000,-8.37809278e+01,-5.23657742e+01
230.280000,-8.37809244e+01,-5.23657708e+01
230.285000,-8.37809210e+01,-5.23657674e+01
230.290000,-8.37809176e+01,-5.23657640e+01
230.295000,-8.37809142e+01,-5.23657606e+01
230.300000,-8.37809109e+01,-5.23657573e+01
230.305000,-8.37809075e+01,-5.23657539e+01
230.310000,-8.37809041e+01,-5.23657505e+01
230.315000,-8.37809007e+01,-5.23657471e+01
230.320000,-8.37808974e+01,-5.23657437e+01
230.325000,-8.37808940e+01,-5.23657404e+01
230.330000,-8.37808906e+01,-5.23657370e+01
230.335000,-8.37808872e+01,-5.23657336e+01
230.340000,-8.37808839e+01,-5.23657303e+01
230.345000,-8.37808805e+01,-5.23657269e+01
230.350000,-8.37808771e+01,-5.23657235e+01
230.355000,-8.37808738e+01,-5.23657201e+01
230.360000,-8.37808704e+01,-5.23657168e+01
230.365000,-8.37808670e+01,-5.23657134e+01
230.370000,-8.37808637e+01,-5.23657101e+01
230.375000,-8.37808603e+01,-5.23657067e+01
230.380000,-8.37808569e+01,-5.23657033e+01
230.385000,-8.37808536e+01,-5.23657000e+01
230.390000,-8.37808502e+01,-5.23656966e+01
230.395000,-8.37808469e+01,-5.23656933e+01
230.400000,-8.37808435e+01,-5.23656899e+01
230.405000,-8.37808402e+01,-5.23656866e+01
230.410000,-8.37808368e+01,-5.23656832e+01
230.415000,-8.37808335e+01,-5.23656799e+01
230.420000,-8.37808301e+01,-5.23656765e+01
230.425000,-8.37808268e+01,-5.23656732e+01
230.430000,-8.37808234e+01,-5.23656698e+01
230.435000,-8.37808201e+01,-5.23656665e+01
230.440000,-8.37808167e+01,-5.23656631e+01
230.445000,-8.37808134e+01,-5.23656598e+01
230.450000,-8.37808101e+01,-5.23656564e+01
230.455000,-8.37808067e+01,-5.23656531e+01
230.460000,-8.37808034e+01,-5.23656498e+01
230.465000,-8.37808000e+01,-5.23656464e+01
230.470000,-8.37807967e+01,-5.23656431e+01
230.475000,-8.37807934e+01,-5.23656398e+01
230.480000,-8.37807900e+01,-5.23656364e+01
230.485000,-8.37807867e+01,-5.23656331e+01
230.490000,-8.37807834e+01,-5.23656298e+01
230.495000,-8.37807801e+01,-5.23656264e+01
230.500000,-8.37807767e+01,-5.23656231e+01
230.505000,-8.37807734e+01,-5.23656198e+01
230.510000,-8.37807701e+01,-5.23656165e+01
230.515000,-8.37807668e+01,-5.23656131e+01
230.520000,-8.37807634e+01,-5.23656098e+01
230.525000,-8.37807601e+01,-5.23656065e+01
230.530000,-8.37807568e+01,-5.23656032e+01
230.535000,-8.37807535e+01,-5.23655999e+01
230.540000,-8.37807502e+01,-5.23655965e+01
230.545000,-8.37807468e+01,-5.23655932e+01
230.550000,-8.37807435e+01,-5.23655899e+01
230.555000,-8.37807402e+01,-5.23655866e+01
230.560000,-8.37807369e+01,-5.23655833e+01
230.565000,-8.37807336e+01,-5.23655800e+01
230.570000,-8.37807303e+01,-5.23655767e+01
230.575000,-8.37807270e+01,-5.23655734e+01
230.580000,-8.37807237e+01,-5.23655701e+01
230.585000,-8.37807204e+01,-5.23655668e+01
230.590000,-8.37807171e+01,-5.23655635e+01
230.595000,-8.37807138e+01,-5.23655602e+01
230.600000,-8.37807105e+01,-5.23655569e+01
230.605000,-8.37807072e+01,-5.23655536e+01
230.610000,-8.37807039e+01,-5.23655503e+01
230.615000,-8.37807006e+01,-5.23655470e+01
230.620000,-8.37806973e+01,-5.23655437e+01
230.625000,-8.37806940e+01,-5.23655404e+01
230.630000,-8.37806907e+01,-5.23655371e+01
230.635000,-8.37806874e+01,-5.23655338e+01
230.640000,-8.37806841e+01,-5.23655305e+01
230.645000,-8.37806808e+01,-5.23655272e+01
230.650000,-8.37806775e+01,-5.23655239e+01
230.655000,-8.37806743e+01,-5.23655207e+01
230.660000,-8.37806710e+01,-5.23655174e+01
230.665000,-8.37806677e+01,-5.23655141e+01
230.670000,-8.37806644e+01,-5.23655108e+01
230.675000,-8.37806611e+01,-5.23655075e+01
230.680000,-8.37806579e+01,-5.23655042e+01
230.685000,-8.37806546e+01,-5.23655010e+01
230.690000,-8.37806513e+01,-5.23654977e+01
230.695000,-8.37806480e+01,-5.23654944e+01
230.700000,-8.37806448e+01,-5.23654911e+01
230.705000,-8.37806415e+01,-5.23654879e+01
230.710000,-8.37806382e+01,-5.23654846e+01
230.715000,-8.37806349e+01,-5.23654813e+01
230.720000,-8.37806317e+01,-5.23654781e+01
230.725000,-8.37806284e+01,-5.23654748e+01
230.730000,-8.37806251e+01,-5.23654715e+01
230.735000,-8.37806219e+01,-5.23654683e+01
230.740000,-8.37806186e+01,-5.23654650e+01
230.745000,-8.37806154e+01,-5.23654618e+01
230.750000,-8.37806121e+01,-5.23654585e+01
230.755000,-8.37806088e+01,-5.23654552e+01
230.760000,-8.37806056e+01,-5.23654520e+01
230.765000,-8.37806023e+01,-5.23654487e+01
230.770000,-8.37805991e+01,-5.23654455e+01
230.775000,-8.37805958e+01,-5.23654422e+01
230.780000,-8.37805926e+01,-5.23654390e+01
230.785000,-8.37805893e+01,-5.23654357e+01
230.790000,-8.37805861e+01,-5.23654325e+01
230.795000,-8.37805828e+01,-5.23654292e+01
230.800000,-8.37805796e+01,-5.23654260e+01
230.805000,-8.37805763e+01,-5.23654227e+01
230.810000,-8.37805731e+01,-5.23654195e+01
230.815000,-8.37805698e+01,-5.23654162e+01
230.820000,-8.37805666e+01,-5.23654130e+01
230.825000,-8.37805634e+01,-5.23654098e+01
230.830000,-8.37805601e+01,-5.23654065e+01
230.835000,-8.37805569e+01,-5.23654033e+01
230.840000,-8.37805537e+01,-5.23654000e+01
230.845000,-8.37805504e+01,-5.23653968e+01
230.850000,-8.37805472e+01,-5.23653936e+01
230.855000,-8.37805440e+01,-5.23653903e+01
230.860000,-8.37805407e+01,-5.23653871e+01
230.865000,-8.37805375e+01,-5.23653839e+01
230.870000,-8.37805343e+01,-5.23653807e+01
230.875000,-8.37805310e+01,-5.23653774e+01
230.880000,-8.37805278e+01,-5.23653742e+01
230.885000,-8.37805246e+01,-5.23653710e+01
230.890000,-8.37805214e+01,-5.23653678e+01
230.895000,-8.37805181e+01,-5.23653645e+01
230.900000,-8.37805149e+01,-5.23653613e+01
230.905000,-8.37805117e+01,-5.23653581e+01
230.910000,-8.37805085e+01,-5.23653549e+01
230.915000,-8.37805053e+01,-5.23653517e+01
230.920000,-8.37805021e+01,-5.23653485e+01
230.925000,-8.37804988e+01,-5.23653452e+01
230.930000,-8.37804956e+01,-5.23653420e+01
230.935000,-8.37804924e+01,-5.23653388e+01
230.940000,-8.37804892e+01,-5.23653356e+01
230.945000,-8.37804860e+01,-5.23653324e+01
230.950000,-8.37804828e+01,-5.23653292e+01
230.955000,-8.37804796e+01,-5.23653260e+01
230.960000,-8.37804764e+01,-5.23653228e+01
230.965000,-8.37804732e+01,-5.23653196e+01
230.970000,-8.37804700e+01,-5.23653164e+01
230.975000,-8.37804668e+01,-5.23653132e+01
230.980000,-8.37804636e+01,-5.23653100e+01
230.985000,-8.37804604e+01,-5.23653068e+01
230.990000,-8.37804572e+01,-5.23653036e+01
230.995000,-8.37804540e+01,-5.23653004e+01
231.000000,-8.37804508e+01,-5.23652972e+01
231.005000,-8.37804476e+01,-5.23652940e+01
231.010000,-8.37804444e+01,-5.23652908e+01
231.015000,-8.37804412e+01,-5.23652876e+01
231.020000,-8.37804380e+01,-5.23652844e+01
231.025000,-8.37804349e+01,-5.23652813e+01
231.030000,-8.37804317e+01,-5.23652781e+01
231.035000,-8.37804285e+01,-5.23652749e+01
231.040000,-8.37804253e+01,-5.23652717e+01
231.045000,-8.37804221e+01,-5.23652685e+01
231.050000,-8.37804189e+01,-5.23652653e+01
231.055000,-8.37804158e+01,-5.23652622e+01
231.060000,-8.37804126e+01,-5.23652590e+01
231.065000,-8.37804094e+01,-5.23652558e+01
231.070000,-8.37804062e+01,-5.23652526e+01
231.075000,-8.37804031e+01,-5.23652495e+01
231.080000,-8.37803999e+01,-5.23652463e+01
231.085000,-8.37803967e+01,-5.23652431e+01
231.090000,-8.37803935e+01,-5.23652399e+01
231.095000,-8.37803904e+01,-5.23652368e+01
231.100000,-8.37803872e+01,-5.23652336e+01
231.105000,-8.37803840e+01,-5.23652304e+01
231.110000,-8.37803809e+01,-5.23652273e+01
231.115000,-8.37803777e+01,-5.23652241e+01
231.120000,-8.37803745e+01,-5.23652209e+01
231.125000,-8.37803714e+01,-5.23652178e+01
231.130000,-8.37803682e+01,-5.23652146e+01
231.135000,-8.37803651e+01,-5.23652115e+01
231.140000,-8.37803619e+01,-5.23652083e+01
231.145000,-8.37803588e+01,-5.23652051e+01
231.150000,-8.37803556e+01,-5.23652020e+01
231.155000,-8.37803524e+01,-5.23651988e+01
231.160000,-8.37803493e+01,-5.23651957e+01
231.165000,-8.37803461e+01,-5.23651925e+01
231.170000,-8.37803430e+01,-5.23651894e+01
231.175000,-8.37803398e+01,-5.23651862e+01
231.180000,-8.37803367e+01,-5.23651831e+01
231.185000,-8.37803336e+01,-5.23651799e+01
231.190000,-8.37803304e+01,-5.23651768e+01
231.195000,-8.37803273e+01,-5.23651737e+01
231.200000,-8.37803241e+01,-5.23651705e+01
231.205000,-8.37803210e+01,-5.23651674e+01
231.210000,-8.37803178e+01,-5.23651642e+01
231.215000,-8.37803147e+01,-5.23651611e+01
231.220000,-8.37803116e+01,-5.23651580e+01
231.225000,-8.37803084e+01,-5.23651548e+01
231.230000,-8.37803053e+01,-5.23651517e+01
231.235000,-8.37803022e+01,-5.23651486e+01
231.240000,-8.37802990e+01,-5.23651454e+01
231.245000,-8.37802959e+01,-5.23651423e+01
231.250000,-8.37802928e+01,-5.23651392e+01
231.255000,-8.37802896e+01,-5.23651360e+01
231.260000,-8.37802865e+01,-5.23651329e+01
231.265000,-8.37802834e+01,-5.23651298e+01
231.270000,-8.37802803e+01,-5.23651267e+01
231.275000,-8.37802771e+01,-5.23651235e+01
231.280000,-8.37802740e+01,-5.23651204e+01
231.285000,-8.37802709e+01,-5.23651173e+01
231.290000,-8.37802678e+01,-5.23651142e+01
231.295000,-8.37802647e+01,-5.23651111e+01
231.300000,-8.37802616e+01,-5.23651079e+01
231.305000,-8.37802584e+01,-5.23651048e+01
231.310000,-8.37802553e+01,-5.23651017e+01
231.315000,-8.37802522e+01,-5.23650986e+01
231.320000,-8.37802491e+01,-5.23650955e+01
231.325000,-8.37802460e+01,-5.23650924e+01
231.330000,-8.37802429e+01,-5.23650893e+01
231.335000,-8.37802398e+01,-5.23650862e+01
231.340000,-8.37802367e+01,-5.23650831e+01
231.345000,-8.37802336e+01,-5.23650800e+01
231.350000,-8.37802305e+01,-5.23650769e+01
231.355000,-8.37802274e+01,-5.23650738e+01
231.360000,-8.37802243e+01,-5.23650706e+01
231.365000,-8.37802212e+01,-5.23650676e+01
231.370000,-8.37802181e+01,-5.23650645e+01
231.375000,-8.37802150e+01,-5.23650614e+01
231.380000,-8.37802119e+01,-5.23650583e+01
231.385000,-8.37802088e+01,-5.23650552e+01
231.390000,-8.37802057e+01,-5.23650521e+01
231.395000,-8.37802026e+01,-5.23650490e+01
231.400000,-8.37801995e+01,-5.23650459e+01
231.405000,-8.37801964e+01,-5.23650428e+01
231.410000,-8.37801933e+01,-5.23650397e+01
231.415000,-8.37801902e+01,-5.23650366e+01
231.420000,-8.37801871e+01,-5.23650335e+01
231.425000,-8.37801841e+01,-5.23650305e+01
231.430000,-8.37801810e+01,-5.23650274e+01
231.435000,-8.37801779e+01,-5.23650243e+01
231.440000,-8.37801748e+01,-5.23650212e+01
231.445000,-8.37801717e+01,-5.23650181e+01
231.450000,-8.37801687e+01,-5.23650150e+01
231.455000,-8.37801656e+01,-5.23650120e+01
231.460000,-8.37801625e+01,-5.23650089e+01
231.465000,-8.37801594e+01,-5.23650058e+01
231.470000,-8.37801564e+01,-5.23650027e+01
231.475000,-8.37801533e+01,-5.23649997e+01
231.480000,-8.37801502e+01,-5.23649966e+01
231.485000,-8.37801471e+01,-5.23649935e+01
231.490000,-8.37801441e+01,-5.23649905e+01
231.495000,-8.37801410e+01,-5.23649874e+01
231.500000,-8.37801379e+01,-5.23649843e+01
231.505000,-8.37801349e+01,-5.23649813e+01
231.510000,-8.37801318e+01,-5.23649782e+01
231.515000,-8.37801287e+01,-5.23649751e+01
231.520000,-8.37801257e+01,-5.23649721e+01
231.525000,-8.37801226e+01,-5.23649690e+01
231.530000,-8.37801196e+01,-5.23649660e+01
231.535000,-8.37801165e+01,-5.23649629e+01
231.540000,-8.37801135e+01,-5.23649599e+01
231.545000,-8.37801104e+01,-5.23649568e+01
231.550000,-8.37801073e+01,-5.23649537e+01
231.555000,-8.37801043e+01,-5.23649507e+01
231.560000,-8.37801012e+01,-5.23649476e+01
231.565000,-8.37800982e+01,-5.23649446e+01
231.570000,-8.37800951e+01,-5.23649415e+01
231.575000,-8.37800921e+01,-5.23649385e+01
231.580000,-8.37800891e+01,-5.23649354e+01
231.585000,-8.37800860e+01,-5.23649324e+01
231.590000,-8.37800830e+01,-5.23649294e+01
231.595000,-8.37800799e+01,-5.23649263e+01
231.600000,-8.37800769e+01,-5.23649233e+01
231.605000,-8.37800738e+01,-5.23649202e+01
231.610000,-8.37800708e+01,-5.23649172e+01
231.615000,-8.37800678e+01,-5.23649142e+01
231.620000,-8.37800647e+01,-5.23649111e+01
231.625000,-8.37800617e+01,-5.23649081e+01
231.630000,-8.37800587e+01,-5.23649051e+01
231.635000,-8.37800556e+01,-5.23649020e+01
231.640000,-8.37800526e+01,-5.23648990e+01
231.645000,-8.37800496e+01,-5.23648960e+01
231.650000,-8.37800465e+01,-5.23648929e+01
231.655000,-8.37800435e+01,-5.23648899e+01
231.660000,-8.37800405e+01,-5.23648869e+01
231.665000,-8.37800375e+01,-5.23648839e+01
231.670000,-8.37800344e+01,-5.23648808e+01
231.675000,-8.37800314e+01,-5.23648778e+01
231.680000,-8.37800284e+01,-5.23648748e+01
231.685000,-8.37800254e+01,-5.23648718e+01
231.690000,-8.37800224e+01,-5.23648688e+01
231.695000,-8.37800193e+01,-5.23648657e+01
231.700000,-8.37800163e+01,-5.23648627e+01
231.705000,-8.37800133e+01,-5.23648597e+01
231.710000,-8.37800103e+01,-5.23648567e+01
231.715000,-8.37800073e+01,-5.23648537e+01
231.720000,-8.37800043e+01,-5.23648507e+01
231.725000,-8.37800013e+01,-5.23648477e+01
231.730000,-8.37799983e+01,-5.23648446e+01
231.735000,-8.37799952e+01,-5.23648416e+01
231.740000,-8.37799922e+01,-5.23648386e+01
231.745000,-8.37799892e+01,-5.23648356e+01
231.750000,-8.37799862e+01,-5.23648326e+01
231.755000,-8.37799832e+01,-5.23648296e+01
231.760000,-8.37799802e+01,-5.23648266e+01
231.765000,-8.37799772e+01,-5.23648236e+01
231.770000,-8.37799742e+01,-5.23648206e+01
231.775000,-8.37799712e+01,-5.23648176e+01
231.780000,-8.37799682e+01,-5.23648146e+01
231.785000,-8.37799652e+01,-5.23648116e+01
231.790000,-8.37799622e+01,-5.23648086e+01
231.795000,-8.37799593e+01,-5.23648056e+01
231.800000,-8.37799563e+01,-5.23648027e+01
231.805000,-8.37799533e+01,-5.23647997e+01
231.810000,-8.37799503e+01,-5.23647967e+01
231.815000,-8.37799473e+01,-5.23647937e+01
231.820000,-8.37799443e+01,-5.23647907e+01
231.825000,-8.37799413e+01,-5.23647877e+01
231.830000,-8.37799383e+01,-5.23647847e+01
231.835000,-8.37799354e+01,-5.23647817e+01
231.840000,-8.37799324e+01,-5.23647788e+01
231.845000,-8.37799294e+01,-5.23647758e+01
231.850000,-8.37799264e+01,-5.23647728e+01
231.855000,-8.37799234e+01,-5.23647698e+01
231.860000,-8.37799205e+01,-5.23647669e+01
231.865000,-8.37799175e+01,-5.23647639e+01
231.870000,-8.37799145e+01,-5.23647609e+01
231.875000,-8.37799115e+01,-5.23647579e+01
231.880000,-8.37799086e+01,-5.23647550e+01
231.885000,-8.37799056e+01,-5.23647520e+01
231.890000,-8.37799026e+01,-5.23647490e+01
231.895000,-8.37798997e+01,-5.23647460e+01
231.900000,-8.37798967e+01,-5.23647431e+01
231.905000,-8.37798937e+01,-5.23647401e+01
231.910000,-8.37798908e+01,-5.23647371e+01
231.915000,-8.37798878e+01,-5.23647342e+01
231.920000,-8.37798848e+01,-5.23647312e+01
231.925000,-8.37798819e+01,-5.23647283e+01
231.930000,-8.37798789e+01,-5.23647253e+01
231.935000,-8.37798759e+01,-5.23647223e+01
231.940000,-8.37798730e+01,-5.23647194e+01
231.945000,-8.37798700e+01,-5.23647164e+01
231.950000,-8.37798671e+01,-5.23647135e+01
231.955000,-8.37798641e+01,-5.23647105e+01
231.960000,-8.37798612e+01,-5.23647076e+01
231.965000,-8.37798582e+01,-5.23647046e+01
231.970000,-8.37798553e+01,-5.23647017e+01
231.975000,-8.37798523e+01,-5.23646987e+01
231.980000,-8.37798494e+01,-5.23646958e+01
231.985000,-8.37798464e+01,-5.23646928e+01
231.990000,-8.37798435e+01,-5.23646899e+01
231.995000,-8.37798405e+01,-5.23646869e+01
232.000000,-8.37798376e+01,-5.23646840e+01
232.005000,-8.37798347e+01,-5.23646810e+01
232.010000,-8.37798317e+01,-5.23646781e+01
232.015000,-8.37798288e+01,-5.23646752e+01
232.020000,-8.37798258e+01,-5.23646722e+01
232.025000,-8.37798229e+01,-5.23646693e+01
232.030000,-8.37798200e+01,-5.23646664e+01
232.035000,-8.37798170e+01,-5.23646634e+01
232.040000,-8.37798141e+01,-5.23646605e+01
232.045000,-8.37798112e+01,-5.23646576e+01
232.050000,-8.37798082e+01,-5.23646546e+01
232.055000,-8.37798053e+01,-5.23646517e+01
232.060000,-8.37798024e+01,-5.23646488e+01
232.065000,-8.37797994e+01,-5.23646458e+01
232.070000,-8.37797965e+01,-5.23646429e+01
232.075000,-8.37797936e+01,-5.23646400e+01
232.080000,-8.37797907e+01,-5.23646371e+01
232.085000,-8.37797877e+01,-5.23646341e+01
232.090000,-8.37797848e+01,-5.23646312e+01
232.095000,-8.37797819e+01,-5.23646283e+01
232.100000,-8.37797790e+01,-5.23646254e+01
232.105000,-8.37797761e+01,-5.23646225e+01
232.110000,-8.37797731e+01,-5.23646195e+01
232.115000,-8.37797702e+01,-5.23646166e+01
232.120000,-8.37797673e+01,-5.23646137e+01
232.125000,-8.37797644e+01,-5.23646108e+01
232.130000,-8.37797615e+01,-5.23646079e+01
232.135000,-8.37797586e+01,-5.23646050e+01
232.140000,-8.37797557e+01,-5.23646021e+01
232.145000,-8.37797528e+01,-5.23645992e+01
232.150000,-8.37797499e+01,-5.23645963e+01
232.155000,-8.37797470e+01,-5.23645933e+01
232.160000,-8.37797440e+01,-5.23645904e+01
232.165000,-8.37797411e+01,-5.23645875e+01
232.170000,-8.37797382e+01,-5.23645846e+01
232.175000,-8.37797353e+01,-5.23645817e+01
232.180000,-8.37797324e+01,-5.23645788e+01
232.185000,-8.37797295e+01,-5.23645759e+01
232.190000,-8.37797266e+01,-5.23645730e+01
232.195000,-8.37797237e+01,-5.23645701e+01
232.200000,-8.37797209e+01,-5.23645672e+01
232.205000,-8.37797180e+01,-5.23645644e+01
232.210000,-8.37797151e+01,-5.23645615e+01
232.215000,-8.37797122e+01,-5.23645586e+01
232.220000,-8.37797093e+01,-5.23645557e+01
232.225000,-8.37797064e+01,-5.23645528e+01
232.230000,-8.37797035e+01,-5.23645499e+01
232.235000,-8.37797006e+01,-5.23645470e+01
232.240000,-8.37796977e+01,-5.23645441e+01
232.245000,-8.37796948e+01,-5.23645412e+01
232.250000,-8.37796920e+01,-5.23645384e+01
232.255000,-8.37796891e+01,-5.23645355e+01
232.260000,-8.37796862e+01,-5.23645326e+01
232.265000,-8.37796833e+01,-5.23645297e+01
232.270000,-8.37796804e+01,-5.23645268e+01
232.275000,-8.37796776e+01,-5.23645240e+01
232.280000,-8.37796747e+01,-5.23645211e+01
232.285000,-8.37796718e+01,-5.23645182e+01
232.290000,-8.37796689e+01,-5.23645153e+01
232.295000,-8.37796661e+01,-5.23645125e+01
232.300000,-8.37796632e+01,-5.23645096e+01
232.305000,-8.37796603e+01,-5.23645067e+01
232.310000,-8.37796574e+01,-5.23645038e+01
232.315000,-8.37796546e+01,-5.23645010e+01
232.320000,-8.37796517e+01,-5.23644981e+01
232.325000,-8.37796488e+01,-5.23644952e+01
232.330000,-8.37796460e+01,-5.23644924e+01
232.335000,-8.37796431e+01,-5.23644895e+01
232.340000,-8.37796403e+01,-5.23644867e+01
232.345000,-8.37796374e+01,-5.23644838e+01
232.350000,-8.37796345e+01,-5.23644809e+01
232.355000,-8.37796317e+01,-5.23644781e+01
232.360000,-8.37796288e+01,-5.23644752e+01
232.365000,-8.37796260e+01,-5.23644724e+01
232.370000,-8.37796231e+01,-5.23644695e+01
232.375000,-8.37796203e+01,-5.23644667e+01
232.380000,-8.37796174e+01,-5.23644638e+01
232.385000,-8.37796145e+01,-5.23644609e+01
232.390000,-8.37796117e+01,-5.23644581e+01
232.395000,-8.37796088e+01,-5.23644552e+01
232.400000,-8.37796060e+01,-5.23644524e+01
232.405000,-8.37796032e+01,-5.23644496e+01
232.410000,-8.37796003e+01,-5.23644467e+01
232.415000,-8.37795975e+01,-5.23644439e+01
232.420000,-8.37795946e+01,-5.23644410e+01
232.425000,-8.37795918e+01,-5.23644382e+01
232.430000,-8.37795889e+01,-5.23644353e+01
232.435000,-8.37795861e+01,-5.23644325e+01
232.440000,-8.37795833e+01,-5.23644297e+01
232.445000,-8.37795804e+01,-5.23644268e+01
232.450000,-8.37795776e+01,-5.23644240e+01
232.455000,-8.37795747e+01,-5.23644211e+01
232.460000,-8.37795719e+01,-5.23644183e+01
232.465000,-8.37795691e+01,-5.23644155e+01
232.470000,-8.37795662e+01,-5.23644126e+01
232.475000,-8.37795634e+01,-5.23644098e+01
232.480000,-8.37795606e+01,-5.23644070e+01
232.485000,-8.37795578e+01,-5.23644042e+01
232.490000,-8.37795549e+01,-5.23644013e+01
232.495000,-8.37795521e+01,-5.23643985e+01
232.500000,-8.37795493e+01,-5.23643957e+01
232.505000,-8.37795465e+01,-5.23643928e+01
232.510000,-8.37795436e+01,-5.23643900e+01
232.515000,-8.37795408e+01,-5.23643872e+01
232.520000,-8.37795380e+01,-5.23643844e+01
232.525000,-8.37795352e+01,-5.23643816e+01
232.530000,-8.37795323e+01,-5.23643787e+01
232.535000,-8.37795295e+01,-5.23643759e+01
232.540000,-8.37795267e+01,-5.23643731e+01
232.545000,-8.37795239e+01,-5.23643703e+01
232.550000,-8.37795211e+01,-5.23643675e+01
232.555000,-8.37795183e+01,-5.23643647e+01
232.560000,-8.37795155e+01,-5.23643619e+01
232.565000,-8.37795127e+01,-5.23643591e+01
232.570000,-8.37795098e+01,-5.23643562e+01
232.575000,-8.37795070e+01,-5.23643534e+01
232.580000,-8.37795042e+01,-5.23643506e+01
232.585000,-8.37795014e+01,-5.23643478e+01
232.590000,-8.37794986e+01,-5.23643450e+01
232.595000,-8.37794958e+01,-5.23643422e+01
232.600000,-8.37794930e+01,-5.23643394e+01
232.605000,-8.37794902e+01,-5.23643366e+01
232.610000,-8.37794874e+01,-5.23643338e+01
232.615000,-8.37794846e+01,-5.23643310e+01
232.620000,-8.37794818e+01,-5.23643282e+01
232.625000,-8.37794790e+01,-5.23643254e+01
232.630000,-8.37794762e+01,-5.23643226e+01
232.635000,-8.37794734e+01,-5.23643198e+01
232.640000,-8.37794706e+01,-5.23643170e+01
232.645000,-8.37794678e+01,-5.23643142e+01
232.650000,-8.37794651e+01,-5.23643115e+01
232.655000,-8.37794623e+01,-5.23643087e+01
232.660000,-8.37794595e+01,-5.23643059e+01
232.665000,-8.37794567e+01,-5.23643031e+01
232.670000,-8.37794539e+01,-5.23643003e+01
232.675000,-8.37794511e+01,-5.23642975e+01
232.680000,-8.37794483e+01,-5.23642947e+01
232.685000,-8.37794455e+01,-5.23642919e+01
232.690000,-8.37794428e+01,-5.23642892e+01
232.695000,-8.37794400e+01,-5.23642864e+01
232.700000,-8.37794372e+01,-5.23642836e+01
232.705000,-8.37794344e+01,-5.23642808e+01
232.710000,-8.37794316e+01,-5.23642780e+01
232.715000,-8.37794289e+01,-5.23642753e+01
232.720000,-8.37794261e+01,-5.23642725e+01
232.725000,-8.37794233e+01,-5.23642697e+01
232.730000,-8.37794206e+01,-5.23642670e+01
232.735000,-8.37794178e+01,-5.23642642e+01
232.740000,-8.37794150e+01,-5.23642614e+01
232.745000,-8.37794122e+01,-5.23642586e+01
232.750000,-8.37794095e+01,-5.23642559e+01
232.755000,-8.37794067e+01,-5.23642531e+01
232.760000,-8.37794039e+01,-5.23642503e+01
232.765000,-8.37794012e+01,-5.23642476e+01
232.770000,-8.37793984e+01,-5.23642448e+01
232.775000,-8.37793956e+01,-5.23642420e+01
232.780000,-8.37793929e+01,-5.23642393e+01
232.785000,-8.37793901e+01,-5.23642365e+01
232.790000,-8.37793874e+01,-5.23642338e+01
232.795000,-8.37793846e+01,-5.23642310e+01
232.800000,-8.37793819e+01,-5.23642283e+01
232.805000,-8.37793791e+01,-5.23642255e+01
232.810000,-8.37793763e+01,-5.23642227e+01
232.815000,-8.37793736e+01,-5.23642200e+01
232.820000,-8.37793708e+01,-5.23642172e+01
232.825000,-8.37793681e+01,-5.23642145e+01
232.830000,-8.37793653e+01,-5.23642117e+01
232.835000,-8.37793626e+01,-5.23642090e+01
232.840000,-8.37793598e+01,-5.23642062e+01
232.845000,-8.37793571e+01,-5.23642035e+01
232.850000,-8.37793543e+01,-5.23642007e+01
232.855000,-8.37793516e+01,-5.23641980e+01
232.860000,-8.37793489e+01,-5.23641953e+01
232.865000,-8.37793461e+01,-5.23641925e+01
232.870000,-8.37793434e+01,-5.23641898e+01
232.875000,-8.37793406e+01,-5.23641870e+01
232.880000,-8.37793379e+01,-5.23641843e+01
232.885000,-8.37793352e+01,-5.23641816e+01
232.890000,-8.37793324e+01,-5.23641788e+01
232.895000,-8.37793297e+01,-5.23641761e+01
232.900000,-8.37793270e+01,-5.23641734e+01
232.905000,-8.37793242e+01,-5.23641706e+01
232.910000,-8.37793215e+01,-5.23641679e+01
232.915000,-8.37793188e+01,-5.23641652e+01
232.920000,-8.37793160e+01,-5.23641624e+01
232.925000,-8.37793133e+01,-5.23641597e+01
232.930000,-8.37793106e+01,-5.23641570e+01
232.935000,-8.37793078e+01,-5.23641542e+01
232.940000,-8.37793051e+01,-5.23641515e+01
232.945000,-8.37793024e+01,-5.23641488e+01
232.950000,-8.37792997e+01,-5.23641461e+01
232.955000,-8.37792969e+01,-5.23641433e+01
232.960000,-8.37792942e+01,-5.23641406e+01
232.965000,-8.37792915e+01,-5.23641379e+01
232.970000,-8.37792888e+01,-5.23641352e+01
232.975000,-8.37792861e+01,-5.23641325e+01
232.980000,-8.37792834e+01,-5.23641298e+01
232.985000,-8.37792806e+01,-5.23641270e+01
232.990000,-8.37792779e+01,-5.23641243e+01
232.995000,-8.37792752e+01,-5.23641216e+01
233.000000,-8.37792725e+01,-5.23641189e+01
233.005000,-8.37792698e+01,-5.23641162e+01
233.010000,-8.37792671e+01,-5.23641135e+01
233.015000,-8.37792644e+01,-5.23641108e+01
233.020000,-8.37792617e+01,-5.23641081e+01
233.025000,-8.37792590e+01,-5.23641054e+01
233.030000,-8.37792562e+01,-5.23641027e+01
233.035000,-8.37792535e+01,-5.23640999e+01
233.040000,-8.37792508e+01,-5.23640972e+01
233.045000,-8.37792481e+01,-5.23640945e+01
233.050000,-8.37792454e+01,-5.23640918e+01
233.055000,-8.37792427e+01,-5.23640891e+01
233.060000,-8.37792400e+01,-5.23640864e+01
233.065000,-8.37792373e+01,-5.23640837e+01
233.070000,-8.37792346e+01,-5.23640810e+01
233.075000,-8.37792319e+01,-5.23640784e+01
233.080000,-8.37792293e+01,-5.23640757e+01
233.085000,-8.37792266e+01,-5.23640730e+01
233.090000,-8.37792239e+01,-5.23640703e+01
233.095000,-8.37792212e+01,-5.23640676e+01
233.100000,-8.37792185e+01,-5.23640649e+01
233.105000,-8.37792158e+01,-5.23640622e+01
233.110000,-8.37792131e+01,-5.23640595e+01
233.115000,-8.37792104e+01,-5.23640568e+01
233.120000,-8.37792077e+01,-5.23640541e+01
233.125000,-8.37792051e+01,-5.23640515e+01
233.130000,-8.37792024e+01,-5.23640488e+01
233.135000,-8.37791997e+01,-5.23640461e+01
233.140000,-8.37791970e+01,-5.23640434e+01
233.145000,-8.37791943e+01,-5.23640407e+01
233.150000,-8.37791916e+01,-5.23640380e+01
233.155000,-8.37791890e+01,-5.23640354e+01
233.160000,-8.37791863e+01,-5.23640327e+01
233.165000,-8.37791836e+01,-5.23640300e+01
233.170000,-8.37791809e+01,-5.23640273e+01
233.175000,-8.37791783e+01,-5.23640247e+01
233.180000,-8.37791756e+01,-5.23640220e+01
233.185000,-8.37791729e+01,-5.23640193e+01
233.190000,-8.37791703e+01,-5.23640167e+01
233.195000,-8.37791676e+01,-5.23640140e+01
233.200000,-8.37791649e+01,-5.23640113e+01
233.205000,-8.37791622e+01,-5.23640087e+01
233.210000,-8.37791596e+01,-5.23640060e+01
233.215000,-8.37791569e+01,-5.23640033e+01
233.220000,-8.37791543e+01,-5.23640007e+01
233.225000,-8.37791516e+01,-5.23639980e+01
233.230000,-8.37791489e+01,-5.23639953e+01
233.235000,-8.37791463e+01,-5.23639927e+01
233.240000,-8.37791436e+01,-5.23639900e+01
233.245000,-8.37791410e+01,-5.23639874e+01
233.250000,-8.37791383e+01,-5.23639847e+01
233.255000,-8.37791356e+01,-5.23639820e+01
233.260000,-8.37791330e+01,-5.23639794e+01
233.265000,-8.37791303e+01,-5.23639767e+01
233.270000,-8.37791277e+01,-5.23639741e+01
233.275000,-8.37791250e+01,-5.23639714e+01
233.280000,-8.37791224e+01,-5.23639688e+01
233.285000,-8.37791197e+01,-5.23639661e+01
233.290000,-8.37791171e+01,-5.23639635e+01
233.295000,-8.37791144e+01,-5.23639608e+01
233.300000,-8.37791118e+01,-5.23639582e+01
233.305000,-8.37791091e+01,-5.23639555e+01
233.310000,-8.37791065e+01,-5.23639529e+01
233.315000,-8.37791038e+01,-5.23639503e+01
233.320000,-8.37791012e+01,-5.23639476e+01
233.325000,-8.37790986e+01,-5.23639450e+01
233.330000,-8.37790959e+01,-5.23639423e+01
233.335000,-8.37790933e+01,-5.23639397e+01
233.340000,-8.37790906e+01,-5.23639371e+01
233.345000,-8.37790880e+01,-5.23639344e+01
233.350000,-8.37790854e+01,-5.23639318e+01
233.355000,-8.37790827e+01,-5.23639291e+01
233.360000,-8.37790801e+01,-5.23639265e+01
233.365000,-8.37790775e+01,-5.23639239e+01
233.370000,-8.37790748e+01,-5.23639212e+01
233.375000,-8.37790722e+01,-5.23639186e+01
233.380000,-8.37790696e+01,-5.23639160e+01
233.385000,-8.37790670e+01,-5.23639134e+01
233.390000,-8.37790643e+01,-5.23639107e+01
233.395000,-8.37790617e+01,-5.23639081e+01
233.400000,-8.37790591e+01,-5.23639055e+01
233.405000,-8.37790565e+01,-5.23639029e+01
233.410000,-8.37790538e+01,-5.23639002e+01
233.415000,-8.37790512e+01,-5.23638976e+01
233.420000,-8.37790486e+01,-5.23638950e+01
233.425000,-8.37790460e+01,-5.23638924e+01
233.430000,-8.37790434e+01,-5.23638898e+01
233.435000,-8.37790407e+01,-5.23638871e+01
233.440000,-8.37790381e+01,-5.23638845e+01
233.445000,-8.37790355e+01,-5.23638819e+01
233.450000,-8.37790329e+01,-5.23638793e+01
233.455000,-8.37790303e+01,-5.23638767e+01
233.460000,-8.37790277e+01,-5.23638741e+01
233.465000,-8.37790251e+01,-5.23638715e+01
233.470000,-8.37790224e+01,-5.23638688e+01
233.475000,-8.37790198e+01,-5.23638662e+01
233.480000,-8.37790172e+01,-5.23638636e+01
233.485000,-8.37790146e+01,-5.23638610e+01
233.490000,-8.37790120e+01,-5.23638584e+01
233.495000,-8.37790094e+01,-5.23638558e+01
233.500000,-8.37790068e+01,-5.23638532e+01
233.505000,-8.37790042e+01,-5.23638506e+01
233.510000,-8.37790016e+01,-5.23638480e+01
233.515000,-8.37789990e+01,-5.23638454e+01
233.520000,-8.37789964e+01,-5.23638428e+01
233.525000,-8.37789938e+01,-5.23638402e+01
233.530000,-8.37789912e+01,-5.23638376e+01
233.535000,-8.37789886e+01,-5.23638350e+01
233.540000,-8.37789860e+01,-5.23638324e+01
233.545000,-8.37789834e+01,-5.23638298e+01
233.550000,-8.37789808e+01,-5.23638272e+01
233.555000,-8.37789782e+01,-5.23638246e+01
233.560000,-8.37789756e+01,-5.23638220e+01
233.565000,-8.37789731e+01,-5.23638195e+01
233.570000,-8.37789705e+01,-5.23638169e+01
233.575000,-8.37789679e+01,-5.23638143e+01
233.580000,-8.37789653e+01,-5.23638117e+01
233.585000,-8.37789627e+01,-5.23638091e+01
233.590000,-8.37789601e+01,-5.23638065e+01
233.595000,-8.37789575e+01,-5.23638039e+01
233.600000,-8.37789550e+01,-5.23638014e+01
233.605000,-8.37789524e+01,-5.23637988e+01
233.610000,-8.37789498e+01,-5.23637962e+01
233.615000,-8.37789472e+01,-5.23637936e+01
233.620000,-8.37789446e+01,-5.23637910e+01
233.625000,-8.37789421e+01,-5.23637885e+01
233.630000,-8.37789395e+01,-5.23637859e+01
233.635000,-8.37789369e+01,-5.23637833e+01
233.640000,-8.37789343e+01,-5.23637807e+01
233.645000,-8.37789318e+01,-5.23637782e+01
233.650000,-8.37789292e+01,-5.23637756e+01
233.655000,-8.37789266e+01,-5.23637730e+01
233.660000,-8.37789241e+01,-5.23637705e+01
233.665000,-8.37789215e+01,-5.23637679e+01
233.670000,-8.37789189e+01,-5.23637653e+01
233.675000,-8.37789163e+01,-5.23637628e+01
233.680000,-8.37789138e+01,-5.23637602e+01
233.685000,-8.37789112e+01,-5.23637576e+01
233.690000,-8.37789087e+01,-5.23637551e+01
233.695000,-8.37789061e+01,-5.23637525e+01
233.700000,-8.37789035e+01,-5.23637499e+01
233.705000,-8.37789010e+01,-5.23637474e+01
233.710000,-8.37788984e+01,-5.23637448e+01
233.715000,-8.37788959e+01,-5.23637423e+01
233.720000,-8.37788933e+01,-5.23637397e+01
233.725000,-8.37788907e+01,-5.23637371e+01
233.730000,-8.37788882e+01,-5.23637346e+01
233.735000,-8.37788856e+01,-5.23637320e+01
233.740000,-8.37788831e+01,-5.23637295e+01
233.745000,-8.37788805e+01,-5.23637269e+01
233.750000,-8.37788780e+01,-5.23637244e+01
233.755000,-8.37788754e+01,-5.23637218e+01
233.760000,-8.37788729e+01,-5.23637193e+01
233.765000,-8.37788703e+01,-5.23637167e+01
233.770000,-8.37788678e+01,-5.23637142e+01
233.775000,-8.37788652e+01,-5.23637116e+01
233.780000,-8.37788627e+01,-5.23637091e+01
233.785000,-8.37788601e+01,-5.23637066e+01
233.790000,-8.37788576e+01,-5.23637040e+01
233.795000,-8.37788551e+01,-5.23637015e+01
233.800000,-8.37788525e+01,-5.23636989e+01
233.805000,-8.37788500e+01,-5.23636964e+01
233.810000,-8.37788474e+01,-5.23636939e+01
233.815000,-8.37788449e+01,-5.23636913e+01
233.820000,-8.37788424e+01,-5.23636888e+01
233.825000,-8.37788398e+01,-5.23636862e+01
233.830000,-8.37788373e+01,-5.23636837e+01
233.835000,-8.37788348e+01,-5.23636812e+01
233.840000,-8.37788322e+01,-5.23636786e+01
233.845000,-8.37788297e+01,-5.23636761e+01
233.850000,-8.37788272e+01,-5.23636736e+01
233.855000,-8.37788246e+01,-5.23636711e+01
233.860000,-8.37788221e+01,-5.23636685e+01
233.865000,-8.37788196e+01,-5.23636660e+01
233.870000,-8.37788171e+01,-5.23636635e+01
233.875000,-8.37788145e+01,-5.23636609e+01
233.880000,-8.37788120e+01,-5.23636584e+01
233.885000,-8.37788095e+01,-5.23636559e+01
233.890000,-8.37788070e+01,-5.23636534e+01
233.895000,-8.37788045e+01,-5.23636509e+01
233.900000,-8.37788019e+01,-5.23636483e+01
233.905000,-8.37787994e+01,-5.23636458e+01
233.910000,-8.37787969e+01,-5.23636433e+01
233.915000,-8.37787944e+01,-5.23636408e+01
233.920000,-8.37787919e+01,-5.23636383e+01
233.925000,-8.37787893e+01,-5.23636358e+01
233.930000,-8.37787868e+01,-5.23636332e+01
233.935000,-8.37787843e+01,-5.23636307e+01
233.940000,-8.37787818e+01,-5.23636282e+01
233.945000,-8.37787793e+01,-5.23636257e+01
233.950000,-8.37787768e+01,-5.23636232e+01
233.955000,-8.37787743e+01,-5.23636207e+01
233.960000,-8.37787718e+01,-5.23636182e+01
233.965000,-8.37787693e+01,-5.23636157e+01
233.970000,-8.37787668e+01,-5.23636132e+01
233.975000,-8.37787643e+01,-5.23636107e+01
233.980000,-8.37787618e+01,-5.23636082e+01
233.985000,-8.37787593e+01,-5.23636057e+01
233.990000,-8.37787568e+01,-5.23636032e+01
233.995000,-8.37787543e+01,-5.23636007e+01
234.000000,-8.37787518e+01,-5.23635982e+01
234.005000,-8.37787493e+01,-5.23635957e+01
234.010000,-8.37787468e+01,-5.23635932e+01
234.015000,-8.37787443e+01,-5.23635907e+01
234.020000,-8.37787418e+01,-5.23635882e+01
234.025000,-8.37787393e+01,-5.23635857e+01
234.030000,-8.37787368e+01,-5.23635832e+01
234.035000,-8.37787343e+01,-5.23635807e+01
234.040000,-8.37787318e+01,-5.23635782e+01
234.045000,-8.37787293e+01,-5.23635757e+01
234.050000,-8.37787268e+01,-5.23635732e+01
234.055000,-8.37787243e+01,-5.23635707e+01
234.060000,-8.37787218e+01,-5.23635682e+01
234.065000,-8.37787194e+01,-5.23635658e+01
234.070000,-8.37787169e+01,-5.23635633e+01
234.075000,-8.37787144e+01,-5.23635608e+01
234.080000,-8.37787119e+01,-5.23635583e+01
234.085000,-8.37787094e+01,-5.23635558e+01
234.090000,-8.37787069e+01,-5.23635533e+01
234.095000,-8.37787045e+01,-5.23635509e+01
234.100000,-8.37787020e+01,-5.23635484e+01
234.105000,-8.37786995e+01,-5.23635459e+01
234.110000,-8.37786970e+01,-5.23635434e+01
234.115000,-8.37786945e+01,-5.23635410e+01
234.120000,-8.37786921e+01,-5.23635385e+01
234.125000,-8.37786896e+01,-5.23635360e+01
234.130000,-8.37786871e+01,-5.23635335e+01
234.135000,-8.37786847e+01,-5.23635311e+01
234.140000,-8.37786822e+01,-5.23635286e+01
234.145000,-8.37786797e+01,-5.23635261e+01
234.150000,-8.37786772e+01,-5.23635237e+01
234.155000,-8.37786748e+01,-5.23635212e+01
234.160000,-8.37786723e+01,-5.23635187e+01
234.165000,-8.37786698e+01,-5.23635163e+01
234.170000,-8.37786674e+01,-5.23635138e+01
234.175000,-8.37786649e+01,-5.23635113e+01
234.180000,-8.37786625e+01,-5.23635089e+01
234.185000,-8.37786600e+01,-5.23635064e+01
234.190000,-8.37786575e+01,-5.23635039e+01
234.195000,-8.37786551e+01,-5.23635015e+01
234.200000,-8.37786526e+01,-5.23634990e+01
234.205000,-8.37786502e+01,-5.23634966e+01
234.210000,-8.37786477e+01,-5.23634941e+01
234.215000,-8.37786452e+01,-5.23634916e+01
234.220000,-8.37786428e+01,-5.23634892e+01
234.225000,-8.37786403e+01,-5.23634867e+01
234.230000,-8.37786379e+01,-5.23634843e+01
234.235000,-8.37786354e+01,-5.23634818e+01
234.240000,-8.37786330e+01,-5.23634794e+01
234.245000,-8.37786305e+01,-5.23634769e+01
234.250000,-8.37786281e+01,-5.23634745e+01
234.255000,-8.37786256e+01,-5.23634720e+01
234.260000,-8.37786232e+01,-5.23634696e+01
234.265000,-8.37786207e+01,-5.23634671e+01
234.270000,-8.37786183e+01,-5.23634647e+01
234.275000,-8.37786159e+01,-5.23634623e+01
234.280000,-8.37786134e+01,-5.23634598e+01
234.285000,-8.37786110e+01,-5.23634574e+01
234.290000,-8.37786085e+01,-5.23634549e+01
234.295000,-8.37786061e+01,-5.23634525e+01
234.300000,-8.37786036e+01,-5.23634501e+01
234.305000,-8.37786012e+01,-5.23634476e+01
234.310000,-8.37785988e+01,-5.23634452e+01
234.315000,-8.37785963e+01,-5.23634427e+01
234.320000,-8.37785939e+01,-5.23634403e+01
234.325000,-8.37785915e+01,-5.23634379e+01
234.330000,-8.37785890e+01,-5.23634354e+01
234.335000,-8.37785866e+01,-5.23634330e+01
234.340000,-8.37785842e+01,-5.23634306e+01
234.345000,-8.37785817e+01,-5.23634281e+01
234.350000,-8.37785793e+01,-5.23634257e+01
234.355000,-8.37785769e+01,-5.23634233e+01
234.360000,-8.37785745e+01,-5.23634209e+01
234.365000,-8.37785720e+01,-5.23634184e+01
234.370000,-8.37785696e+01,-5.23634160e+01
234.375000,-8.37785672e+01,-5.23634136e+01
234.380000,-8.37785648e+01,-5.23634112e+01
234.385000,-8.37785623e+01,-5.23634087e+01
234.390000,-8.37785599e+01,-5.23634063e+01
234.395000,-8.37785575e+01,-5.23634039e+01
234.400000,-8.37785551e+01,-5.23634015e+01
234.405000,-8.37785527e+01,-5.23633991e+01
234.410000,-8.37785502e+01,-5.23633967e+01
234.415000,-8.37785478e+01,-5.23633942e+01
234.420000,-8.37785454e+01,-5.23633918e+01
234.425000,-8.37785430e+01,-5.23633894e+01
234.430000,-8.37785406e+01,-5.23633870e+01
234.435000,-8.37785382e+01,-5.23633846e+01
234.440000,-8.37785358e+01,-5.23633822e+01
234.445000,-8.37785334e+01,-5.23633798e+01
234.450000,-8.37785309e+01,-5.23633774e+01
234.455000,-8.37785285e+01,-5.23633749e+01
234.460000,-8.37785261e+01,-5.23633725e+01
234.465000,-8.37785237e+01,-5.23633701e+01
234.470000,-8.37785213e+01,-5.23633677e+01
234.475000,-8.37785189e+01,-5.23633653e+01
234.480000,-8.37785165e+01,-5.23633629e+01
234.485000,-8.37785141e+01,-5.23633605e+01
234.490000,-8.37785117e+01,-5.23633581e+01
234.495000,-8.37785093e+01,-5.23633557e+01
234.500000,-8.37785069e+01,-5.23633533e+01
234.505000,-8.37785045e+01,-5.23633509e+01
234.510000,-8.37785021e+01,-5.23633485e+01
234.515000,-8.37784997e+01,-5.23633461e+01
234.520000,-8.37784973e+01,-5.23633437e+01
234.525000,-8.37784949e+01,-5.23633413e+01
234.530000,-8.37784925e+01,-5.23633389e+01
234.535000,-8.37784901e+01,-5.23633365e+01
234.540000,-8.37784878e+01,-5.23633342e+01
234.545000,-8.37784854e+01,-5.23633318e+01
234.550000,-8.37784830e+01,-5.23633294e+01
234.555000,-8.37784806e+01,-5.23633270e+01
234.560000,-8.37784782e+01,-5.23633246e+01
234.565000,-8.37784758e+01,-5.23633222e+01
234.570000,-8.37784734e+01,-5.23633198e+01
234.575000,-8.37784710e+01,-5.23633174e+01
234.580000,-8.37784687e+01,-5.23633151e+01
234.585000,-8.37784663e+01,-5.23633127e+01
234.590000,-8.37784639e+01,-5.23633103e+01
234.595000,-8.37784615e+01,-5.23633079e+01
234.600000,-8.37784591e+01,-5.23633055e+01
234.605000,-8.37784568e+01,-5.23633032e+01
234.610000,-8.37784544e+01,-5.23633008e+01
234.615000,-8.37784520e+01,-5.23632984e+01
234.620000,-8.37784496e+01,-5.23632960e+01
234.625000,-8.37784472e+01,-5.23632937e+01
234.630000,-8.37784449e+01,-5.23632913e+01
234.635000,-8.37784425e+01,-5.23632889e+01
234.640000,-8.37784401e+01,-5.23632865e+01
234.645000,-8.37784378e+01,-5.23632842e+01
234.650000,-8.37784354e+01,-5.23632818e+01
234.655000,-8.37784330e+01,-5.23632794e+01
234.660000,-8.37784306e+01,-5.23632771e+01
234.665000,-8.37784283e+01,-5.23632747e+01
234.670000,-8.37784259e+01,-5.23632723e+01
234.675000,-8.37784236e+01,-5.23632700e+01
234.680000,-8.37784212e+01,-5.23632676e+01
234.685000,-8.37784188e+01,-5.23632652e+01
234.690000,-8.37784165e+01,-5.23632629e+01
234.695000,-8.37784141e+01,-5.23632605e+01
234.700000,-8.37784117e+01,-5.23632581e+01
234.705000,-8.37784094e+01,-5.23632558e+01
234.710000,-8.37784070e+01,-5.23632534e+01
234.715000,-8.37784047e+01,-5.23632511e+01
234.720000,-8.37784023e+01,-5.23632487e+01
234.725000,-8.37784000e+01,-5.23632464e+01
234.730000,-8.37783976e+01,-5.23632440e+01
234.735000,-8.37783952e+01,-5.23632417e+01
234.740000,-8.37783929e+01,-5.23632393e+01
234.745000,-8.37783905e+01,-5.23632369e+01
234.750000,-8.37783882e+01,-5.23632346e+01
234.755000,-8.37783858e+01,-5.23632322e+01
234.760000,-8.37783835e+01,-5.23632299e+01
234.765000,-8.37783811e+01,-5.23632276e+01
234.770000,-8.37783788e+01,-5.23632252e+01
234.775000,-8.37783765e+01,-5.23632229e+01
234.780000,-8.37783741e+01,-5.23632205e+01
234.785000,-8.37783718e+01,-5.23632182e+01
234.790000,-8.37783694e+01,-5.23632158e+01
234.795000,-8.37783671e+01,-5.23632135e+01
234.800000,-8.37783647e+01,-5.23632111e+01
234.805000,-8.37783624e+01,-5.23632088e+01
234.810000,-8.37783601e+01,-5.23632065e+01
234.815000,-8.37783577e+01,-5.23632041e+01
234.820000,-8.37783554e+01,-5.23632018e+01
234.825000,-8.37783530e+01,-5.23631995e+01
234.830000,-8.37783507e+01,-5.23631971e+01
234.835000,-8.37783484e+01,-5.23631948e+01
234.840000,-8.37783460e+01,-5.23631924e+01
234.845000,-8.37783437e+01,-5.23631901e+01
234.850000,-8.37783414e+01,-5.23631878e+01
234.855000,-8.37783390e+01,-5.23631855e+01
234.860000,-8.37783367e+01,-5.23631831e+01
234.865000,-8.37783344e+01,-5.23631808e+01
234.870000,-8.37783321e+01,-5.23631785e+01
234.875000,-8.37783297e+01,-5.23631761e+01
234.880000,-8.37783274e+01,-5.23631738e+01
234.885000,-8.37783251e+01,-5.23631715e+01
234.890000,-8.37783228e+01,-5.23631692e+01
234.895000,-8.37783204e+01,-5.23631668e+01
234.900000,-8.37783181e+01,-5.23631645e+01
234.905000,-8.37783158e+01,-5.23631622e+01
234.910000,-8.37783135e+01,-5.23631599e+01
234.915000,-8.37783112e+01,-5.23631576e+01
234.920000,-8.37783088e+01,-5.23631552e+01
234.925000,-8.37783065e+01,-5.23631529e+01
234.930000,-8.37783042e+01,-5.23631506e+01
234.935000,-8.37783019e+01,-5.23631483e+01
234.940000,-8.37782996e+01,-5.23631460e+01
234.945000,-8.37782973e+01,-5.23631437e+01
234.950000,-8.37782949e+01,-5.23631414e+01
234.955000,-8.37782926e+01,-5.23631390e+01
234.960000,-8.37782903e+01,-5.23631367e+01
234.965000,-8.37782880e+01,-5.23631344e+01
234.970000,-8.37782857e+01,-5.23631321e+01
234.975000,-8.37782834e+01,-5.23631298e+01
234.980000,-8.37782811e+01,-5.23631275e+01
234.985000,-8.37782788e+01,-5.23631252e+01
234.990000,-8.37782765e+01,-5.23631229e+01
234.995000,-8.37782742e+01,-5.23631206e+01
235.000000,-8.37782719e+01,-5.23631183e+01
235.005000,-8.37782696e+01,-5.23631160e+01
235.010000,-8.37782673e+01,-5.23631137e+01
235.015000,-8.37782650e+01,-5.23631114e+01
235.020000,-8.37782627e+01,-5.23631091e+01
235.025000,-8.37782604e+01,-5.23631068e+01
235.030000,-8.37782581e+01,-5.23631045e+01
235.035000,-8.37782558e+01,-5.23631022e+01
235.040000,-8.37782535e+01,-5.23630999e+01
235.045000,-8.37782512e+01,-5.23630976e+01
235.050000,-8.37782489e+01,-5.23630953e+01
235.055000,-8.37782466e+01,-5.23630930e+01
235.060000,-8.37782443e+01,-5.23630907e+01
235.065000,-8.37782420e+01,-5.23630884e+01
235.070000,-8.37782397e+01,-5.23630861e+01
235.075000,-8.37782374e+01,-5.23630838e+01
235.080000,-8.37782351e+01,-5.23630816e+01
235.085000,-8.37782329e+01,-5.23630793e+01
235.090000,-8.37782306e+01,-5.23630770e+01
235.095000,-8.37782283e+01,-5.23630747e+01
235.100000,-8.37782260e+01,-5.23630724e+01
235.105000,-8.37782237e+01,-5.23630701e+01
235.110000,-8.37782214e+01,-5.23630678e+01
235.115000,-8.37782192e+01,-5.23630656e+01
235.120000,-8.37782169e+01,-5.23630633e+01
235.125000,-8.37782146e+01,-5.23630610e+01
235.130000,-8.37782123e+01,-5.23630587e+01
235.135000,-8.37782100e+01,-5.23630565e+01
235.140000,-8.37782078e+01,-5.23630542e+01
235.145000,-8.37782055e+01,-5.23630519e+01
235.150000,-8.37782032e+01,-5.23630496e+01
235.155000,-8.37782009e+01,-5.23630473e+01
235.160000,-8.37781987e+01,-5.23630451e+01
235.165000,-8.37781964e+01,-5.23630428e+01
235.170000,-8.37781941e+01,-5.23630405e+01
235.175000,-8.37781919e+01,-5.23630383e+01
235.180000,-8.37781896e+01,-5.23630360e+01
235.185000,-8.37781873e+01,-5.23630337e+01
235.190000,-8.37781850e+01,-5.23630315e+01
235.195000,-8.37781828e+01,-5.23630292e+01
235.200000,-8.37781805e+01,-5.23630269e+01
235.205000,-8.37781782e+01,-5.23630247e+01
235.210000,-8.37781760e+01,-5.23630224e+01
235.215000,-8.37781737e+01,-5.23630201e+01
235.220000,-8.37781715e+01,-5.23630179e+01
235.225000,-8.37781692e+01,-5.23630156e+01
235.230000,-8.37781669e+01,-5.23630133e+01
235.235000,-8.37781647e+01,-5.23630111e+01
235.240000,-8.37781624e+01,-5.23630088e+01
235.245000,-8.37781602e+01,-5.23630066e+01
235.250000,-8.37781579e+01,-5.23630043e+01
235.255000,-8.37781557e+01,-5.23630021e+01
235.260000,-8.37781534e+01,-5.23629998e+01
235.265000,-8.37781511e+01,-5.23629976e+01
235.270000,-8.37781489e+01,-5.23629953e+01
235.275000,-8.37781466e+01,-5.23629930e+01
235.280000,-8.37781444e+01,-5.23629908e+01
235.285000,-8.37781421e+01,-5.23629885e+01
235.290000,-8.37781399e+01,-5.23629863e+01
235.295000,-8.37781376e+01,-5.23629840e+01
235.300000,-8.37781354e+01,-5.23629818e+01
235.305000,-8.37781331e+01,-5.23629796e+01
235.310000,-8.37781309e+01,-5.23629773e+01
235.315000,-8.37781287e+01,-5.23629751e+01
235.320000,-8.37781264e+01,-5.23629728e+01
235.325000,-8.37781242e+01,-5.23629706e+01
235.330000,-8.37781219e+01,-5.23629683e+01
235.335000,-8.37781197e+01,-5.23629661e+01
235.340000,-8.37781174e+01,-5.23629639e+01
235.345000,-8.37781152e+01,-5.23629616e+01
235.350000,-8.37781130e+01,-5.23629594e+01
235.355000,-8.37781107e+01,-5.23629571e+01
235.360000,-8.37781085e+01,-5.23629549e+01
235.365000,-8.37781063e+01,-5.23629527e+01
235.370000,-8.37781040e+01,-5.23629504e+01
235.375000,-8.37781018e+01,-5.23629482e+01
235.380000,-8.37780996e+01,-5.23629460e+01
235.385000,-8.37780973e+01,-5.23629437e+01
235.390000,-8.37780951e+01,-5.23629415e+01
235.395000,-8.37780929e+01,-5.23629393e+01
235.400000,-8.37780906e+01,-5.23629370e+01
235.405000,-8.37780884e+01,-5.23629348e+01
235.410000,-8.37780862e+01,-5.23629326e+01
235.415000,-8.37780840e+01,-5.23629304e+01
235.420000,-8.37780817e+01,-5.23629281e+01
235.425000,-8.37780795e+01,-5.23629259e+01
235.430000,-8.37780773e+01,-5.23629237e+01
235.435000,-8.37780751e+01,-5.23629215e+01
235.440000,-8.37780728e+01,-5.23629192e+01
235.445000,-8.37780706e+01,-5.23629170e+01
235.450000,-8.37780684e+01,-5.23629148e+01
235.455000,-8.37780662e+01,-5.23629126e+01
235.460000,-8.37780640e+01,-5.23629104e+01
235.465000,-8.37780617e+01,-5.23629082e+01
235.470000,-8.37780595e+01,-5.23629059e+01
235.475000,-8.37780573e+01,-5.23629037e+01
235.480000,-8.37780551e+01,-5.23629015e+01
235.485000,-8.37780529e+01,-5.23628993e+01
235.490000,-8.37780507e+01,-5.23628971e+01
235.495000,-8.37780485e+01,-5.23628949e+01
235.500000,-8.37780462e+01,-5.23628927e+01
235.505000,-8.37780440e+01,-5.23628904e+01
235.510000,-8.37780418e+01,-5.23628882e+01
235.515000,-8.37780396e+01,-5.23628860e+01
235.520000,-8.37780374e+01,-5.23628838e+01
235.525000,-8.37780352e+01,-5.23628816e+01
235.530000,-8.37780330e+01,-5.23628794e+01
235.535000,-8.37780308e+01,-5.23628772e+01
235.540000,-8.37780286e+01,-5.23628750e+01
235.545000,-8.37780264e+01,-5.23628728e+01
235.550000,-8.37780242e+01,-5.23628706e+01
235.555000,-8.37780220e+01,-5.23628684e+01
235.560000,-8.37780198e+01,-5.23628662e+01
235.565000,-8.37780176e+01,-5.23628640e+01
235.570000,-8.37780154e+01,-5.23628618e+01
235.575000,-8.37780132e+01,-5.23628596e+01
235.580000,-8.37780110e+01,-5.23628574e+01
235.585000,-8.37780088e+01,-5.23628552e+01
235.590000,-8.37780066e+01,-5.23628530e+01
235.595000,-8.37780044e+01,-5.23628508e+01
235.600000,-8.37780022e+01,-5.23628486e+01
235.605000,-8.37780000e+01,-5.23628464e+01
235.610000,-8.37779978e+01,-5.23628442e+01
235.615000,-8.37779956e+01,-5.23628421e+01
235.620000,-8.37779935e+01,-5.23628399e+01
235.625000,-8.37779913e+01,-5.23628377e+01
235.630000,-8.37779891e+01,-5.23628355e+01
235.635000,-8.37779869e+01,-5.23628333e+01
235.640000,-8.37779847e+01,-5.23628311e+01
235.645000,-8.37779825e+01,-5.23628289e+01
235.650000,-8.37779803e+01,-5.23628267e+01
235.655000,-8.37779782e+01,-5.23628246e+01
235.660000,-8.37779760e+01,-5.23628224e+01
235.665000,-8.37779738e+01,-5.23628202e+01
235.670000,-8.37779716e+01,-5.23628180e+01
235.675000,-8.37779694e+01,-5.23628158e+01
235.680000,-8.37779673e+01,-5.23628137e+01
235.685000,-8.37779651e+01,-5.23628115e+01
235.690000,-8.37779629e+01,-5.23628093e+01
235.695000,-8.37779607e+01,-5.23628071e+01
235.700000,-8.37779585e+01,-5.23628050e+01
235.705000,-8.37779564e+01,-5.23628028e+01
235.710000,-8.37779542e+01,-5.23628006e+01
235.715000,-8.37779520e+01,-5.23627984e+01
235.720000,-8.37779499e+01,-5.23627963e+01
235.725000,-8.37779477e+01,-5.23627941e+01
235.730000,-8.37779455e+01,-5.23627919e+01
235.735000,-8.37779433e+01,-5.23627898e+01
235.740000,-8.37779412e+01,-5.23627876e+01
235.745000,-8.37779390e+01,-5.23627854e+01
235.750000,-8.37779368e+01,-5.23627833e+01
235.755000,-8.37779347e+01,-5.23627811e+01
235.760000,-8.37779325e+01,-5.23627789e+01
235.765000,-8.37779304e+01,-5.23627768e+01
235.770000,-8.37779282e+01,-5.23627746e+01
235.775000,-8.37779260e+01,-5.23627724e+01
235.780000,-8.37779239e+01,-5.23627703e+01
235.785000,-8.37779217e+01,-5.23627681e+01
235.790000,-8.37779195e+01,-5.23627660e+01
235.795000,-8.37779174e+01,-5.23627638e+01
235.800000,-8.37779152e+01,-5.23627616e+01
235.805000,-8.37779131e+01,-5.23627595e+01
235.810000,-8.37779109e+01,-5.23627573e+01
235.815000,-8.37779088e+01,-5.23627552e+01
235.820000,-8.37779066e+01,-5.23627530e+01
235.825000,-8.37779045e+01,-5.23627509e+01
235.830000,-8.37779023e+01,-5.23627487e+01
235.835000,-8.37779002e+01,-5.23627466e+01
235.840000,-8.37778980e+01,-5.23627444e+01
235.845000,-8.37778959e+01,-5.23627423e+01
235.850000,-8.37778937e+01,-5.23627401e+01
235.855000,-8.37778916e+01,-5.23627380e+01
235.860000,-8.37778894e+01,-5.23627358e+01
235.865000,-8.37778873e+01,-5.23627337e+01
235.870000,-8.37778851e+01,-5.23627315e+01
235.875000,-8.37778830e+01,-5.23627294e+01
235.880000,-8.37778808e+01,-5.23627272e+01
235.885000,-8.37778787e+01,-5.23627251e+01
235.890000,-8.37778765e+01,-5.23627230e+01
235.895000,-8.37778744e+01,-5.23627208e+01
235.900000,-8.37778723e+01,-5.23627187e+01
235.905000,-8.37778701e+01,-5.23627165e+01
235.910000,-8.37778680e+01,-5.23627144e+01
235.915000,-8.37778659e+01,-5.23627123e+01
235.920000,-8.37778637e+01,-5.23627101e+01
235.925000,-8.37778616e+01,-5.23627080e+01
235.930000,-8.37778594e+01,-5.23627059e+01
235.935000,-8.37778573e+01,-5.23627037e+01
235.940000,-8.37778552e+01,-5.23627016e+01
235.945000,-8.37778530e+01,-5.23626995e+01
235.950000,-8.37778509e+01,-5.23626973e+01
235.955000,-8.37778488e+01,-5.23626952e+01
235.960000,-8.37778467e+01,-5.23626931e+01
235.965000,-8.37778445e+01,-5.23626909e+01
235.970000,-8.37778424e+01,-5.23626888e+01
235.975000,-8.37778403e+01,-5.23626867e+01
235.980000,-8.37778381e+01,-5.23626846e+01
235.985000,-8.37778360e+01,-5.23626824e+01
235.990000,-8.37778339e+01,-5.23626803e+01
235.995000,-8.37778318e+01,-5.23626782e+01
236.000000,-8.37778297e+01,-5.23626761e+01
236.005000,-8.37778275e+01,-5.23626739e+01
236.010000,-8.37778254e+01,-5.23626718e+01
236.015000,-8.37778233e+01,-5.23626697e+01
236.020000,-8.37778212e+01,-5.23626676e+01
236.025000,-8.37778191e+01,-5.23626655e+01
236.030000,-8.37778169e+01,-5.23626634e+01
236.035000,-8.37778148e+01,-5.23626612e+01
236.040000,-8.37778127e+01,-5.23626591e+01
236.045000,-8.37778106e+01,-5.23626570e+01
236.050000,-8.37778085e+01,-5.23626549e+01
236.055000,-8.37778064e+01,-5.23626528e+01
236.060000,-8.37778043e+01,-5.23626507e+01
236.065000,-8.37778021e+01,-5.23626486e+01
236.070000,-8.37778000e+01,-5.23626464e+01
236.075000,-8.37777979e+01,-5.23626443e+01
236.080000,-8.37777958e+01,-5.23626422e+01
236.085000,-8.37777937e+01,-5.23626401e+01
236.090000,-8.37777916e+01,-5.23626380e+01
236.095000,-8.37777895e+01,-5.23626359e+01
236.100000,-8.37777874e+01,-5.23626338e+01
236.105000,-8.37777853e+01,-5.23626317e+01
236.110000,-8.37777832e+01,-5.23626296e+01
236.115000,-8.37777811e+01,-5.23626275e+01
236.120000,-8.37777790e+01,-5.23626254e+01
236.125000,-8.37777769e+01,-5.23626233e+01
236.130000,-8.37777748e+01,-5.23626212e+01
236.135000,-8.37777727e+01,-5.23626191e+01
236.140000,-8.37777706e+01,-5.23626170e+01
236.145000,-8.37777685e+01,-5.23626149e+01
236.150000,-8.37777664e+01,-5.23626128e+01
236.155000,-8.37777643e+01,-5.23626107e+01
236.160000,-8.37777622e+01,-5.23626086e+01
236.165000,-8.37777601e+01,-5.23626065e+01
236.170000,-8.37777580e+01,-5.23626044e+01
236.175000,-8.37777559e+01,-5.23626023e+01
236.180000,-8.37777538e+01,-5.23626002e+01
236.185000,-8.37777517e+01,-5.23625981e+01
236.190000,-8.37777496e+01,-5.23625961e+01
236.195000,-8.37777476e+01,-5.23625940e+01
236.200000,-8.37777455e+01,-5.23625919e+01
236.205000,-8.37777434e+01,-5.23625898e+01
236.210000,-8.37777413e+01,-5.23625877e+01
236.215000,-8.37777392e+01,-5.23625856e+01
236.220000,-8.37777371e+01,-5.23625835e+01
236.225000,-8.37777350e+01,-5.23625815e+01
236.230000,-8.37777330e+01,-5.23625794e+01
236.235000,-8.37777309e+01,-5.23625773e+01
236.240000,-8.37777288e+01,-5.23625752e+01
236.245000,-8.37777267e+01,-5.23625731e+01
236.250000,-8.37777246e+01,-5.23625710e+01
236.255000,-8.37777226e+01,-5.23625690e+01
236.260000,-8.37777205e+01,-5.23625669e+01
236.265000,-8.37777184e+01,-5.23625648e+01
236.270000,-8.37777163e+01,-5.23625627e+01
236.275000,-8.37777142e+01,-5.23625607e+01
236.280000,-8.37777122e+01,-5.23625586e+01
236.285000,-8.37777101e+01,-5.23625565e+01
236.290000,-8.37777080e+01,-5.23625544e+01
236.295000,-8.37777060e+01,-5.23625524e+01
236.300000,-8.37777039e+01,-5.23625503e+01
236.305000,-8.37777018e+01,-5.23625482e+01
236.310000,-8.37776997e+01,-5.23625462e+01
236.315000,-8.37776977e+01,-5.23625441e+01
236.320000,-8.37776956e+01,-5.23625420e+01
236.325000,-8.37776935e+01,-5.23625400e+01
236.330000,-8.37776915e+01,-5.23625379e+01
236.335000,-8.37776894e+01,-5.23625358e+01
236.340000,-8.37776873e+01,-5.23625338e+01
236.345000,-8.37776853e+01,-5.23625317e+01
236.350000,-8.37776832e+01,-5.23625296e+01
236.355000,-8.37776812e+01,-5.23625276e+01
236.360000,-8.37776791e+01,-5.23625255e+01
236.365000,-8.37776770e+01,-5.23625235e+01
236.370000,-8.37776750e+01,-5.23625214e+01
236.375000,-8.37776729e+01,-5.23625193e+01
236.380000,-8.37776709e+01,-5.23625173e+01
236.385000,-8.37776688e+01,-5.23625152e+01
236.390000,-8.37776668e+01,-5.23625132e+01
236.395000,-8.37776647e+01,-5.23625111e+01
236.400000,-8.37776626e+01,-5.23625091e+01
236.405000,-8.37776606e+01,-5.23625070e+01
236.410000,-8.37776585e+01,-5.23625050e+01
236.415000,-8.37776565e+01,-5.23625029e+01
236.420000,-8.37776544e+01,-5.23625009e+01
236.425000,-8.37776524e+01,-5.23624988e+01
236.430000,-8.37776503e+01,-5.23624968e+01
236.435000,-8.37776483e+01,-5.23624947e+01
236.440000,-8.37776462e+01,-5.23624927e+01
236.445000,-8.37776442e+01,-5.23624906e+01
236.450000,-8.37776421e+01,-5.23624886e+01
236.455000,-8.37776401e+01,-5.23624865e+01
236.460000,-8.37776381e+01,-5.23624845e+01
236.465000,-8.37776360e+01,-5.23624824e+01
236.470000,-8.37776340e+01,-5.23624804e+01
236.475000,-8.37776319e+01,-5.23624783e+01
236.480000,-8.37776299e+01,-5.23624763e+01
236.485000,-8.37776279e+01,-5.23624743e+01
236.490000,-8.37776258e+01,-5.23624722e+01
236.495000,-8.37776238e+01,-5.23624702e+01
236.500000,-8.37776217e+01,-5.23624682e+01
236.505000,-8.37776197e+01,-5.23624661e+01
236.510000,-8.37776177e+01,-5.23624641e+01
236.515000,-8.37776156e+01,-5.23624620e+01
236.520000,-8.37776136e+01,-5.23624600e+01
236.525000,-8.37776116e+01,-5.23624580e+01
236.530000,-8.37776095e+01,-5.23624559e+01
236.535000,-8.37776075e+01,-5.23624539e+01
236.540000,-8.37776055e+01,-5.23624519e+01
236.545000,-8.37776034e+01,-5.23624499e+01
236.550000,-8.37776014e+01,-5.23624478e+01
236.555000,-8.37775994e+01,-5.23624458e+01
236.560000,-8.37775974e+01,-5.23624438e+01
236.565000,-8.37775953e+01,-5.23624417e+01
236.570000,-8.37775933e+01,-5.23624397e+01
236.575000,-8.37775913e+01,-5.23624377e+01
236.580000,-8.37775893e+01,-5.23624357e+01
236.585000,-8.37775872e+01,-5.23624336e+01
236.590000,-8.37775852e+01,-5.23624316e+01
236.595000,-8.37775832e+01,-5.23624296e+01
236.600000,-8.37775812e+01,-5.23624276e+01
236.605000,-8.37775791e+01,-5.23624256e+01
236.610000,-8.37775771e+01,-5.23624235e+01
236.615000,-8.37775751e+01,-5.23624215e+01
236.620000,-8.37775731e+01,-5.23624195e+01
236.625000,-8.37775711e+01,-5.23624175e+01
236.630000,-8.37775691e+01,-5.23624155e+01
236.635000,-8.37775670e+01,-5.23624135e+01
236.640000,-8.37775650e+01,-5.23624114e+01
236.645000,-8.37775630e+01,-5.23624094e+01
236.650000,-8.37775610e+01,-5.23624074e+01
236.655000,-8.37775590e+01,-5.23624054e+01
236.660000,-8.37775570e+01,-5.23624034e+01
236.665000,-8.37775550e+01,-5.23624014e+01
236.670000,-8.37775530e+01,-5.23623994e+01
236.675000,-8.37775510e+01,-5.23623974e+01
236.680000,-8.37775489e+01,-5.23623954e+01
236.685000,-8.37775469e+01,-5.23623934e+01
236.690000,-8.37775449e+01,-5.23623913e+01
236.695000,-8.37775429e+01,-5.23623893e+01
236.700000,-8.37775409e+01,-5.23623873e+01
236.705000,-8.37775389e+01,-5.23623853e+01
236.710000,-8.37775369e+01,-5.23623833e+01
236.715000,-8.37775349e+01,-5.23623813e+01
236.720000,-8.37775329e+01,-5.23623793e+01
236.725000,-8.37775309e+01,-5.23623773e+01
236.730000,-8.37775289e+01,-5.23623753e+01
236.735000,-8.37775269e+01,-5.23623733e+01
236.740000,-8.37775249e+01,-5.23623713e+01
236.745000,-8.37775229e+01,-5.23623693e+01
236.750000,-8.37775209e+01,-5.23623673e+01
236.755000,-8.37775189e+01,-5.23623653e+01
236.760000,-8.37775169e+01,-5.23623633e+01
236.765000,-8.37775149e+01,-5.23623614e+01
236.770000,-8.37775129e+01,-5.23623594e+01
236.775000,-8.37775110e+01,-5.23623574e+01
236.780000,-8.37775090e+01,-5.23623554e+01
236.785000,-8.37775070e+01,-5.23623534e+01
236.790000,-8.37775050e+01,-5.23623514e+01
236.795000,-8.37775030e+01,-5.23623494e+01
236.800000,-8.37775010e+01,-5.23623474e+01
236.805000,-8.37774990e+01,-5.23623454e+01
236.810000,-8.37774970e+01,-5.23623434e+01
236.815000,-8.37774950e+01,-5.23623415e+01
236.820000,-8.37774931e+01,-5.23623395e+01
236.825000,-8.37774911e+01,-5.23623375e+01
236.830000,-8.37774891e+01,-5.23623355e+01
236.835000,-8.37774871e+01,-5.23623335e+01
236.840000,-8.37774851e+01,-5.23623315e+01
236.845000,-8.37774831e+01,-5.23623296e+01
236.850000,-8.37774812e+01,-5.23623276e+01
236.855000,-8.37774792e+01,-5.23623256e+01
236.860000,-8.37774772e+01,-5.23623236e+01
236.865000,-8.37774752e+01,-5.23623217e+01
236.870000,-8.37774733e+01,-5.23623197e+01
236.875000,-8.37774713e+01,-5.23623177e+01
236.880000,-8.37774693e+01,-5.23623157e+01
236.885000,-8.37774673e+01,-5.23623137e+01
236.890000,-8.37774654e+01,-5.23623118e+01
236.895000,-8.37774634e+01,-5.23623098e+01
236.900000,-8.37774614e+01,-5.23623078e+01
236.905000,-8.37774594e+01,-5.23623059e+01
236.910000,-8.37774575e+01,-5.23623039e+01
236.915000,-8.37774555e+01,-5.23623019e+01
236.920000,-8.37774535e+01,-5.23623000e+01
236.925000,-8.37774516e+01,-5.23622980e+01
236.930000,-8.37774496e+01,-5.23622960e+01
236.935000,-8.37774476e+01,-5.23622941e+01
236.940000,-8.37774457e+01,-5.23622921e+01
236.945000,-8.37774437e+01,-5.23622901e+01
236.950000,-8.37774417e+01,-5.23622882e+01
236.955000,-8.37774398e+01,-5.23622862e+01
236.960000,-8.37774378e+01,-5.23622842e+01
236.965000,-8.37774359e+01,-5.23622823e+01
236.970000,-8.37774339e+01,-5.23622803e+01
236.975000,-8.37774319e+01,-5.23622783e+01
236.980000,-8.37774300e+01,-5.23622764e+01
236.985000,-8.37774280e+01,-5.23622744e+01
236.990000,-8.37774261e+01,-5.23622725e+01
236.995000,-8.37774241e+01,-5.23622705e+01
237.000000,-8.37774221e+01,-5.23622686e+01
237.005000,-8.37774202e+01,-5.23622666e+01
237.010000,-8.37774182e+01,-5.23622647e+01
237.015000,-8.37774163e+01,-5.23622627e+01
237.020000,-8.37774143e+01,-5.23622607e+01
237.025000,-8.37774124e+01,-5.23622588e+01
237.030000,-8.37774104e+01,-5.23622568e+01
237.035000,-8.37774085e+01,-5.23622549e+01
237.040000,-8.37774065e+01,-5.23622529e+01
237.045000,-8.37774046e+01,-5.23622510e+01
237.050000,-8.37774026e+01,-5.23622490e+01
237.055000,-8.37774007e+01,-5.23622471e+01
237.060000,-8.37773987e+01,-5.23622452e+01
237.065000,-8.37773968e+01,-5.23622432e+01
237.070000,-8.37773948e+01,-5.23622413e+01
237.075000,-8.37773929e+01,-5.23622393e+01
237.080000,-8.37773910e+01,-5.23622374e+01
237.085000,-8.37773890e+01,-5.23622354e+01
237.090000,-8.37773871e+01,-5.23622335e+01
237.095000,-8.37773851e+01,-5.23622316e+01
237.100000,-8.37773832e+01,-5.23622296e+01
237.105000,-8.37773813e+01,-5.23622277e+01
237.110000,-8.37773793e+01,-5.23622257e+01
237.115000,-8.37773774e+01,-5.23622238e+01
237.120000,-8.37773754e+01,-5.23622219e+01
237.125000,-8.37773735e+01,-5.23622199e+01
237.130000,-8.37773716e+01,-5.23622180e+01
237.135000,-8.37773696e+01,-5.23622161e+01
237.140000,-8.37773677e+01,-5.23622141e+01
237.145000,-8.37773658e+01,-5.23622122e+01
237.150000,-8.37773638e+01,-5.23622103e+01
237.155000,-8.37773619e+01,-5.23622083e+01
237.160000,-8.37773600e+01,-5.23622064e+01
237.165000,-8.37773581e+01,-5.23622045e+01
237.170000,-8.37773561e+01,-5.23622025e+01
237.175000,-8.37773542e+01,-5.23622006e+01
237.180000,-8.37773523e+01,-5.23621987e+01
237.185000,-8.37773503e+01,-5.23621968e+01
237.190000,-8.37773484e+01,-5.23621948e+01
237.195000,-8.37773465e+01,-5.23621929e+01
237.200000,-8.37773446e+01,-5.23621910e+01
237.205000,-8.37773426e+01,-5.23621891e+01
237.210000,-8.37773407e+01,-5.23621871e+01
237.215000,-8.37773388e+01,-5.23621852e+01
237.220000,-8.37773369e+01,-5.23621833e+01
237.225000,-8.37773350e+01,-5.23621814e+01
237.230000,-8.37773330e+01,-5.23621795e+01
237.235000,-8.37773311e+01,-5.23621775e+01
237.240000,-8.37773292e+01,-5.23621756e+01
237.245000,-8.37773273e+01,-5.23621737e+01
237.250000,-8.37773254e+01,-5.23621718e+01
237.255000,-8.37773235e+01,-5.23621699e+01
237.260000,-8.37773215e+01,-5.23621680e+01
237.265000,-8.37773196e+01,-5.23621660e+01
237.270000,-8.37773177e+01,-5.23621641e+01
237.275000,-8.37773158e+01,-5.23621622e+01
237.280000,-8.37773139e+01,-5.23621603e+01
237.285000,-8.37773120e+01,-5.23621584e+01
237.290000,-8.37773101e+01,-5.23621565e+01
237.295000,-8.37773082e+01,-5.23621546e+01
237.300000,-8.37773062e+01,-5.23621527e+01
237.305000,-8.37773043e+01,-5.23621508e+01
237.310000,-8.37773024e+01,-5.23621489e+01
237.315000,-8.37773005e+01,-5.23621469e+01
237.320000,-8.37772986e+01,-5.23621450e+01
237.325000,-8.37772967e+01,-5.23621431e+01
237.330000,-8.37772948e+01,-5.23621412e+01
237.335000,-8.37772929e+01,-5.23621393e+01
237.340000,-8.37772910e+01,-5.23621374e+01
237.345000,-8.37772891e+01,-5.23621355e+01
237.350000,-8.37772872e+01,-5.23621336e+01
237.355000,-8.37772853e+01,-5.23621317e+01
237.360000,-8.37772834e+01,-5.23621298e+01
237.365000,-8.37772815e+01,-5.23621279e+01
237.370000,-8.37772796e+01,-5.23621260e+01
237.375000,-8.37772777e+01,-5.23621241e+01
237.380000,-8.37772758e+01,-5.23621222e+01
237.385000,-8.37772739e+01,-5.23621203e+01
237.390000,-8.37772720e+01,-5.23621184e+01
237.395000,-8.37772701e+01,-5.23621166e+01
237.400000,-8.37772682e+01,-5.23621147e+01
237.405000,-8.37772664e+01,-5.23621128e+01
237.410000,-8.37772645e+01,-5.23621109e+01
237.415000,-8.37772626e+01,-5.23621090e+01
237.420000,-8.37772607e+01,-5.23621071e+01
237.425000,-8.37772588e+01,-5.23621052e+01
237.430000,-8.37772569e+01,-5.23621033e+01
237.435000,-8.37772550e+01,-5.23621014e+01
237.440000,-8.37772531e+01,-5.23620995e+01
237.445000,-8.37772512e+01,-5.23620977e+01
237.450000,-8.37772494e+01,-5.23620958e+01
237.455000,-8.37772475e+01,-5.23620939e+01
237.460000,-8.37772456e+01,-5.23620920e+01
237.465000,-8.37772437e+01,-5.23620901e+01
237.470000,-8.37772418e+01,-5.23620882e+01
237.475000,-8.37772399e+01,-5.23620864e+01
237.480000,-8.37772381e+01,-5.23620845e+01
237.485000,-8.37772362e+01,-5.23620826e+01
237.490000,-8.37772343e+01,-5.23620807e+01
237.495000,-8.37772324e+01,-5.23620788e+01
237.500000,-8.37772305e+01,-5.23620770e+01
237.505000,-8.37772287e+01,-5.23620751e+01
237.510000,-8.37772268e+01,-5.23620732e+01
237.515000,-8.37772249e+01,-5.23620713e+01
237.520000,-8.37772230e+01,-5.23620695e+01
237.525000,-8.37772212e+01,-5.23620676e+01
237.530000,-8.37772193e+01,-5.23620657e+01
237.535000,-8.37772174e+01,-5.23620638e+01
237.540000,-8.37772156e+01,-5.23620620e+01
237.545000,-8.37772137e+01,-5.23620601e+01
237.550000,-8.37772118e+01,-5.23620582e+01
237.555000,-8.37772099e+01,-5.23620564e+01
237.560000,-8.37772081e+01,-5.23620545e+01
237.565000,-8.37772062e+01,-5.23620526e+01
237.570000,-8.37772043e+01,-5.23620508e+01
237.575000,-8.37772025e+01,-5.23620489e+01
237.580000,-8.37772006e+01,-5.23620470e+01
237.585000,-8.37771987e+01,-5.23620452e+01
237.590000,-8.37771969e+01,-5.23620433e+01
237.595000,-8.37771950e+01,-5.23620414e+01
237.600000,-8.37771932e+01,-5.23620396e+01
237.605000,-8.37771913e+01,-5.23620377e+01
237.610000,-8.37771894e+01,-5.23620359e+01
237.615000,-8.37771876e+01,-5.23620340e+01
237.620000,-8.37771857e+01,-5.23620321e+01
237.625000,-8.37771839e+01,-5.23620303e+01
237.630000,-8.37771820e+01,-5.23620284e+01
237.635000,-8.37771801e+01,-5.23620266e+01
237.640000,-8.37771783e+01,-5.23620247e+01
237.645000,-8.37771764e+01,-5.23620229e+01
237.650000,-8.37771746e+01,-5.23620210e+01
237.655000,-8.37771727e+01,-5.23620191e+01
237.660000,-8.37771709e+01,-5.23620173e+01
237.665000,-8.37771690e+01,-5.23620154e+01
237.670000,-8.37771672e+01,-5.23620136e+01
237.675000,-8.37771653e+01,-5.23620117e+01
237.680000,-8.37771635e+01,-5.23620099e+01
237.685000,-8.37771616e+01,-5.23620080e+01
237.690000,-8.37771598e+01,-5.23620062e+01
237.695000,-8.37771579e+01,-5.23620043e+01
237.700000,-8.37771561e+01,-5.23620025e+01
237.705000,-8.37771542e+01,-5.23620006e+01
237.710000,-8.37771524e+01,-5.23619988e+01
237.715000,-8.37771505e+01,-5.23619970e+01
237.720000,-8.37771487e+01,-5.23619951e+01
237.725000,-8.37771469e+01,-5.23619933e+01
237.730000,-8.37771450e+01,-5.23619914e+01
237.735000,-8.37771432e+01,-5.23619896e+01
237.740000,-8.37771413e+01,-5.23619877e+01
237.745000,-8.37771395e+01,-5.23619859e+01
237.750000,-8.37771376e+01,-5.23619841e+01
237.755000,-8.37771358e+01,-5.23619822e+01
237.760000,-8.37771340e+01,-5.23619804e+01
237.765000,-8.37771321e+01,-5.23619786e+01
237.770000,-8.37771303e+01,-5.23619767e+01
237.775000,-8.37771285e+01,-5.23619749e+01
237.780000,-8.37771266e+01,-5.23619730e+01
237.785000,-8.37771248e+01,-5.23619712e+01
237.790000,-8.37771230e+01,-5.23619694e+01
237.795000,-8.37771211e+01,-5.23619675e+01
237.800000,-8.37771193e+01,-5.23619657e+01
237.805000,-8.37771175e+01,-5.23619639e+01
237.810000,-8.37771156e+01,-5.23619620e+01
237.815000,-8.37771138e+01,-5.23619602e+01
237.820000,-8.37771120e+01,-5.23619584e+01
237.825000,-8.37771101e+01,-5.23619566e+01
237.830000,-8.37771083e+01,-5.23619547e+01
237.835000,-8.37771065e+01,-5.23619529e+01
237.840000,-8.37771047e+01,-5.23619511e+01
237.845000,-8.37771028e+01,-5.23619493e+01
237.850000,-8.37771010e+01,-5.23619474e+01
237.855000,-8.37770992e+01,-5.23619456e+01
237.860000,-8.37770974e+01,-5.23619438e+01
237.865000,-8.37770955e+01,-5.23619420e+01
237.870000,-8.37770937e+01,-5.23619401e+01
237.875000,-8.37770919e+01,-5.23619383e+01
237.880000,-8.37770901e+01,-5.23619365e+01
237.885000,-8.37770883e+01,-5.23619347e+01
237.890000,-8.37770864e+01,-5.23619329e+01
237.895000,-8.37770846e+01,-5.23619310e+01
237.900000,-8.37770828e+01,-5.23619292e+01
237.905000,-8.37770810e+01,-5.23619274e+01
237.910000,-8.37770792e+01,-5.23619256e+01
237.915000,-8.37770774e+01,-5.23619238e+01
237.920000,-8.37770755e+01,-5.23619220e+01
237.925000,-8.37770737e+01,-5.23619202e+01
237.930000,-8.37770719e+01,-5.23619183e+01
237.935000,-8.37770701e+01,-5.23619165e+01
237.940000,-8.37770683e+01,-5.23619147e+01
237.945000,-8.37770665e+01,-5.23619129e+01
237.950000,-8.37770647e+01,-5.23619111e+01
237.955000,-8.37770629e+01,-5.23619093e+01
237.960000,-8.37770611e+01,-5.23619075e+01
237.965000,-8.37770593e+01,-5.23619057e+01
237.970000,-8.37770574e+01,-5.23619039e+01
237.975000,-8.37770556e+01,-5.23619021e+01
237.980000,-8.37770538e+01,-5.23619003e+01
237.985000,-8.37770520e+01,-5.23618985e+01
237.990000,-8.37770502e+01,-5.23618966e+01
237.995000,-8.37770484e+01,-5.23618948e+01
238.000000,-8.37770466e+01,-5.23618930e+01
238.005000,-8.37770448e+01,-5.23618912e+01
238.010000,-8.37770430e+01,-5.23618894e+01
238.015000,-8.37770412e+01,-5.23618876e+01
238.020000,-8.37770394e+01,-5.23618858e+01
238.025000,-8.37770376e+01,-5.23618840e+01
238.030000,-8.37770358e+01,-5.23618822e+01
238.035000,-8.37770340e+01,-5.23618804e+01
238.040000,-8.37770322e+01,-5.23618787e+01
238.045000,-8.37770304e+01,-5.23618769e+01
238.050000,-8.37770286e+01,-5.23618751e+01
238.055000,-8.37770268e+01,-5.23618733e+01
238.060000,-8.37770251e+01,-5.23618715e+01
238.065000,-8.37770233e+01,-5.23618697e+01
238.070000,-8.37770215e+01,-5.23618679e+01
238.075000,-8.37770197e+01,-5.23618661e+01
238.080000,-8.37770179e+01,-5.23618643e+01
238.085000,-8.37770161e+01,-5.23618625e+01
238.090000,-8.37770143e+01,-5.23618607e+01
238.095000,-8.37770125e+01,-5.23618589e+01
238.100000,-8.37770107e+01,-5.23618572e+01
238.105000,-8.37770089e+01,-5.23618554e+01
238.110000,-8.37770072e+01,-5.23618536e+01
238.115000,-8.37770054e+01,-5.23618518e+01
238.120000,-8.37770036e+01,-5.23618500e+01
238.125000,-8.37770018e+01,-5.23618482e+01
238.130000,-8.37770000e+01,-5.23618464e+01
238.135000,-8.37769982e+01,-5.23618447e+01
238.140000,-8.37769965e+01,-5.23618429e+01
238.145000,-8.37769947e+01,-5.23618411e+01
238.150000,-8.37769929e+01,-5.23618393e+01
238.155000,-8.37769911e+01,-5.23618375e+01
238.160000,-8.37769893e+01,-5.23618358e+01
238.165000,-8.37769876e+01,-5.23618340e+01
238.170000,-8.37769858e+01,-5.23618322e+01
238.175000,-8.37769840e+01,-5.23618304e+01
238.180000,-8.37769822e+01,-5.23618286e+01
238.185000,-8.37769805e+01,-5.23618269e+01
238.190000,-8.37769787e+01,-5.23618251e+01
238.195000,-8.37769769e+01,-5.23618233e+01
238.200000,-8.37769751e+01,-5.23618216e+01
238.205000,-8.37769734e+01,-5.23618198e+01
238.210000,-8.37769716e+01,-5.23618180e+01
238.215000,-8.37769698e+01,-5.23618162e+01
238.220000,-8.37769680e+01,-5.23618145e+01
238.225000,-8.37769663e+01,-5.23618127e+01
238.230000,-8.37769645e+01,-5.23618109e+01
238.235000,-8.37769627e+01,-5.23618092e+01
238.240000,-8.37769610e+01,-5.23618074e+01
238.245000,-8.37769592e+01,-5.23618056e+01
238.250000,-8.37769574e+01,-5.23618039e+01
238.255000,-8.37769557e+01,-5.23618021e+01
238.260000,-8.37769539e+01,-5.23618003e+01
238.265000,-8.37769521e+01,-5.23617986e+01
238.270000,-8.37769504e+01,-5.23617968e+01
238.275000,-8.37769486e+01,-5.23617950e+01
238.280000,-8.37769469e+01,-5.23617933e+01
238.285000,-8.37769451e+01,-5.23617915e+01
238.290000,-8.37769433e+01,-5.23617898e+01
238.295000,-8.37769416e+01,-5.23617880e+01
238.300000,-8.37769398e+01,-5.23617862e+01
238.305000,-8.37769381e+01,-5.23617845e+01
238.310000,-8.37769363e+01,-5.23617827e+01
238.315000,-8.37769346e+01,-5.23617810e+01
238.320000,-8.37769328e+01,-5.23617792e+01
238.325000,-8.37769310e+01,-5.23617775e+01
238.330000,-8.37769293e+01,-5.23617757e+01
238.335000,-8.37769275e+01,-5.23617740e+01
238.340000,-8.37769258e+01,-5.23617722e+01
238.345000,-8.37769240e+01,-5.23617704e+01
238.350000,-8.37769223e+01,-5.23617687e+01
238.355000,-8.37769205e+01,-5.23617669e+01
238.360000,-8.37769188e+01,-5.23617652e+01
238.365000,-8.37769170e+01,-5.23617634e+01
238.370000,-8.37769153e+01,-5.23617617e+01
238.375000,-8.37769135e+01,-5.23617599e+01
238.380000,-8.37769118e+01,-5.23617582e+01
238.385000,-8.37769100e+01,-5.23617565e+01
238.390000,-8.37769083e+01,-5.23617547e+01
238.395000,-8.37769065e+01,-5.23617530e+01
238.400000,-8.37769048e+01,-5.23617512e+01
238.405000,-8.37769031e+01,-5.23617495e+01
238.410000,-8.37769013e+01,-5.23617477e+01
238.415000,-8.37768996e+01,-5.23617460e+01
238.420000,-8.37768978e+01,-5.23617443e+01
238.425000,-8.37768961e+01,-5.23617425e+01
238.430000,-8.37768943e+01,-5.23617408e+01
238.435000,-8.37768926e+01,-5.23617390e+01
238.440000,-8.37768909e+01,-5.23617373e+01
238.445000,-8.37768891e+01,-5.23617356e+01
238.450000,-8.37768874e+01,-5.23617338e+01
238.455000,-8.37768857e+01,-5.23617321e+01
238.460000,-8.37768839e+01,-5.23617303e+01
238.465000,-8.37768822e+01,-5.23617286e+01
238.470000,-8.37768805e+01,-5.23617269e+01
238.475000,-8.37768787e+01,-5.23617251e+01
238.480000,-8.37768770e+01,-5.23617234e+01
238.485000,-8.37768753e+01,-5.23617217e+01
238.490000,-8.37768735e+01,-5.23617199e+01
238.495000,-8.37768718e+01,-5.23617182e+01
238.500000,-8.37768701e+01,-5.23617165e+01
238.505000,-8.37768683e+01,-5.23617148e+01
238.510000,-8.37768666e+01,-5.23617130e+01
238.515000,-8.37768649e+01,-5.23617113e+01
238.520000,-8.37768631e+01,-5.23617096e+01
238.525000,-8.37768614e+01,-5.23617078e+01
238.530000,-8.37768597e+01,-5.23617061e+01
238.535000,-8.37768580e+01,-5.23617044e+01
238.540000,-8.37768562e+01,-5.23617027e+01
238.545000,-8.37768545e+01,-5.23617009e+01
238.550000,-8.37768528e+01,-5.23616992e+01
238.555000,-8.37768511e+01,-5.23616975e+01
238.560000,-8.37768494e+01,-5.23616958e+01
238.565000,-8.37768476e+01,-5.23616941e+01
238.570000,-8.37768459e+01,-5.23616923e+01
238.575000,-8.37768442e+01,-5.23616906e+01
238.580000,-8.37768425e+01,-5.23616889e+01
238.585000,-8.37768408e+01,-5.23616872e+01
238.590000,-8.37768390e+01,-5.23616855e+01
238.595000,-8.37768373e+01,-5.23616837e+01
238.600000,-8.37768356e+01,-5.23616820e+01
238.605000,-8.37768339e+01,-5.23616803e+01
238.610000,-8.37768322e+01,-5.23616786e+01
238.615000,-8.37768305e+01,-5.23616769e+01
238.620000,-8.37768288e+01,-5.23616752e+01
238.625000,-8.37768270e+01,-5.23616735e+01
238.630000,-8.37768253e+01,-5.23616717e+01
238.635000,-8.37768236e+01,-5.23616700e+01
238.640000,-8.37768219e+01,-5.23616683e+01
238.645000,-8.37768202e+01,-5.23616666e+01
238.650000,-8.37768185e+01,-5.23616649e+01
238.655000,-8.37768168e+01,-5.23616632e+01
238.660000,-8.37768151e+01,-5.23616615e+01
238.665000,-8.37768134e+01,-5.23616598e+01
238.670000,-8.37768117e+01,-5.23616581e+01
238.675000,-8.37768100e+01,-5.23616564e+01
238.680000,-8.37768082e+01,-5.23616547e+01
238.685000,-8.37768065e+01,-5.23616530e+01
238.690000,-8.37768048e+01,-5.23616513e+01
238.695000,-8.37768031e+01,-5.23616496e+01
238.700000,-8.37768014e+01,-5.23616479e+01
238.705000,-8.37767997e+01,-5.23616462e+01
238.710000,-8.37767980e+01,-5.23616445e+01
238.715000,-8.37767963e+01,-5.23616428e+01
238.720000,-8.37767946e+01,-5.23616411e+01
238.725000,-8.37767929e+01,-5.23616394e+01
238.730000,-8.37767912e+01,-5.23616377e+01
238.735000,-8.37767895e+01,-5.23616360e+01
238.740000,-8.37767878e+01,-5.23616343e+01
238.745000,-8.37767861e+01,-5.23616326e+01
238.750000,-8.37767845e+01,-5.23616309e+01
238.755000,-8.37767828e+01,-5.23616292e+01
238.760000,-8.37767811e+01,-5.23616275e+01
238.765000,-8.37767794e+01,-5.23616258e+01
238.770000,-8.37767777e+01,-5.23616241e+01
238.775000,-8.37767760e+01,-5.23616224e+01
238.780000,-8.37767743e+01,-5.23616207e+01
238.785000,-8.37767726e+01,-5.23616190e+01
238.790000,-8.37767709e+01,-5.23616173e+01
238.795000,-8.37767692e+01,-5.23616156e+01
238.800000,-8.37767675e+01,-5.23616140e+01
238.805000,-8.37767659e+01,-5.23616123e+01
238.810000,-8.37767642e+01,-5.23616106e+01
238.815000,-8.37767625e+01,-5.23616089e+01
238.820000,-8.37767608e+01,-5.23616072e+01
238.825000,-8.37767591e+01,-5.23616055e+01
238.830000,-8.37767574e+01,-5.23616038e+01
238.835000,-8.37767557e+01,-5.23616022e+01
238.840000,-8.37767541e+01,-5.23616005e+01
238.845000,-8.37767524e+01,-5.23615988e+01
238.850000,-8.37767507e+01,-5.23615971e+01
238.855000,-8.37767490e+01,-5.23615954e+01
238.860000,-8.37767473e+01,-5.23615938e+01
238.865000,-8.37767457e+01,-5.23615921e+01
238.870000,-8.37767440e+01,-5.23615904e+01
238.875000,-8.37767423e+01,-5.23615887e+01
238.880000,-8.37767406e+01,-5.23615870e+01
238.885000,-8.37767389e+01,-5.23615854e+01
238.890000,-8.37767373e+01,-5.23615837e+01
238.895000,-8.37767356e+01,-5.23615820e+01
238.900000,-8.37767339e+01,-5.23615803e+01
238.905000,-8.37767322e+01,-5.23615787e+01
238.910000,-8.37767306e+01,-5.23615770e+01
238.915000,-8.37767289e+01,-5.23615753e+01
238.920000,-8.37767272e+01,-5.23615737e+01
238.925000,-8.37767256e+01,-5.23615720e+01
238.930000,-8.37767239e+01,-5.23615703e+01
238.935000,-8.37767222e+01,-5.23615686e+01
238.940000,-8.37767205e+01,-5.23615670e+01
238.945000,-8.37767189e+01,-5.23615653e+01
238.950000,-8.37767172e+01,-5.23615636e+01
238.955000,-8.37767155e+01,-5.23615620e+01
238.960000,-8.37767139e+01,-5.23615603e+01
238.965000,-8.37767122e+01,-5.23615586e+01
238.970000,-8.37767105e+01,-5.23615570e+01
238.975000,-8.37767089e+01,-5.23615553e+01
238.980000,-8.37767072e+01,-5.23615536e+01
238.985000,-8.37767056e+01,-5.23615520e+01
238.990000,-8.37767039e+01,-5.23615503e+01
238.995000,-8.37767022e+01,-5.23615487e+01
239.000000,-8.37767006e+01,-5.23615470e+01
239.005000,-8.37766989e+01,-5.23615453e+01
239.010000,-8.37766973e+01,-5.23615437e+01
239.015000,-8.37766956e+01,-5.23615420e+01
239.020000,-8.37766939e+01,-5.23615404e+01
239.025000,-8.37766923e+01,-5.23615387e+01
239.030000,-8.37766906e+01,-5.23615370e+01
239.035000,-8.37766890e+01,-5.23615354e+01
239.040000,-8.37766873e+01,-5.23615337e+01
239.045000,-8.37766857e+01,-5.23615321e+01
239.050000,-8.37766840e+01,-5.23615304e+01
239.055000,-8.37766823e+01,-5.23615288e+01
239.060000,-8.37766807e+01,-5.23615271e+01
239.065000,-8.37766790e+01,-5.23615255e+01
239.070000,-8.37766774e+01,-5.23615238e+01
239.075000,-8.37766757e+01,-5.23615222e+01
239.080000,-8.37766741e+01,-5.23615205e+01
239.085000,-8.37766724e+01,-5.23615189e+01
239.090000,-8.37766708e+01,-5.23615172e+01
239.095000,-8.37766691e+01,-5.23615156e+01
239.100000,-8.37766675e+01,-5.23615139e+01
239.105000,-8.37766659e+01,-5.23615123e+01
239.110000,-8.37766642e+01,-5.23615106e+01
239.115000,-8.37766626e+01,-5.23615090e+01
239.120000,-8.37766609e+01,-5.23615073e+01
239.125000,-8.37766593e+01,-5.23615057e+01
239.130000,-8.37766576e+01,-5.23615041e+01
239.135000,-8.37766560e+01,-5.23615024e+01
239.140000,-8.37766543e+01,-5.23615008e+01
239.145000,-8.37766527e+01,-5.23614991e+01
239.150000,-8.37766511e+01,-5.23614975e+01
239.155000,-8.37766494e+01,-5.23614958e+01
239.160000,-8.37766478e+01,-5.23614942e+01
239.165000,-8.37766461e+01,-5.23614926e+01
239.170000,-8.37766445e+01,-5.23614909e+01
239.175000,-8.37766429e+01,-5.23614893e+01
239.180000,-8.37766412e+01,-5.23614877e+01
239.185000,-8.37766396e+01,-5.23614860e+01
239.190000,-8.37766380e+01,-5.23614844e+01
239.195000,-8.37766363e+01,-5.23614828e+01
239.200000,-8.37766347e+01,-5.23614811e+01
239.205000,-8.37766331e+01,-5.23614795e+01
239.210000,-8.37766314e+01,-5.23614779e+01
239.215000,-8.37766298e+01,-5.23614762e+01
239.220000,-8.37766282e+01,-5.23614746e+01
239.225000,-8.37766265e+01,-5.23614730e+01
239.230000,-8.37766249e+01,-5.23614713e+01
239.235000,-8.37766233e+01,-5.23614697e+01
239.240000,-8.37766216e+01,-5.23614681e+01
239.245000,-8.37766200e+01,-5.23614664e+01
239.250000,-8.37766184e+01,-5.23614648e+01
239.255000,-8.37766168e+01,-5.23614632e+01
239.260000,-8.37766151e+01,-5.23614616e+01
239.265000,-8.37766135e+01,-5.23614599e+01
239.270000,-8.37766119e+01,-5.23614583e+01
239.275000,-8.37766103e+01,-5.23614567e+01
239.280000,-8.37766086e+01,-5.23614551e+01
239.285000,-8.37766070e+01,-5.23614534e+01
239.290000,-8.37766054e+01,-5.23614518e+01
239.295000,-8.37766038e+01,-5.23614502e+01
239.300000,-8.37766022e+01,-5.23614486e+01
239.305000,-8.37766005e+01,-5.23614470e+01
239.310000,-8.37765989e+01,-5.23614453e+01
239.315000,-8.37765973e+01,-5.23614437e+01
239.320000,-8.37765957e+01,-5.23614421e+01
239.325000,-8.37765941e+01,-5.23614405e+01
239.330000,-8.37765924e+01,-5.23614389e+01
239.335000,-8.37765908e+01,-5.23614373e+01
239.340000,-8.37765892e+01,-5.23614356e+01
239.345000,-8.37765876e+01,-5.23614340e+01
239.350000,-8.37765860e+01,-5.23614324e+01
239.355000,-8.37765844e+01,-5.23614308e+01
239.360000,-8.37765828e+01,-5.23614292e+01
239.365000,-8.37765811e+01,-5.23614276e+01
239.370000,-8.37765795e+01,-5.23614260e+01
239.375000,-8.37765779e+01,-5.23614243e+01
239.380000,-8.37765763e+01,-5.23614227e+01
239.385000,-8.37765747e+01,-5.23614211e+01
239.390000,-8.37765731e+01,-5.23614195e+01
239.395000,-8.37765715e+01,-5.23614179e+01
239.400000,-8.37765699e+01,-5.23614163e+01
239.405000,-8.37765683e+01,-5.23614147e+01
239.410000,-8.37765667e+01,-5.23614131e+01
239.415000,-8.37765651e+01,-5.23614115e+01
239.420000,-8.37765635e+01,-5.23614099e+01
239.425000,-8.37765619e+01,-5.23614083e+01
239.430000,-8.37765603e+01,-5.23614067e+01
239.435000,-8.37765586e+01,-5.23614051e+01
239.440000,-8.37765570e+01,-5.23614035e+01
239.445000,-8.37765554e+01,-5.23614019e+01
239.450000,-8.37765538e+01,-5.23614003e+01
239.455000,-8.37765522e+01,-5.23613987e+01
239.460000,-8.37765506e+01,-5.23613971e+01
239.465000,-8.37765490e+01,-5.23613955e+01
239.470000,-8.37765474e+01,-5.23613939e+01
239.475000,-8.37765459e+01,-5.23613923e+01
239.480000,-8.37765443e+01,-5.23613907e+01
239.485000,-8.37765427e+01,-5.23613891e+01
239.490000,-8.37765411e+01,-5.23613875e+01
239.495000,-8.37765395e+01,-5.23613859e+01
239.500000,-8.37765379e+01,-5.23613843e+01
239.505000,-8.37765363e+01,-5.23613827e+01
239.510000,-8.37765347e+01,-5.23613811e+01
239.515000,-8.37765331e+01,-5.23613795e+01
239.520000,-8.37765315e+01,-5.23613779e+01
239.525000,-8.37765299e+01,-5.23613763e+01
239.530000,-8.37765283e+01,-5.23613747e+01
239.535000,-8.37765267e+01,-5.23613732e+01
239.540000,-8.37765251e+01,-5.23613716e+01
239.545000,-8.37765236e+01,-5.23613700e+01
239.550000,-8.37765220e+01,-5.23613684e+01
239.555000,-8.37765204e+01,-5.23613668e+01
239.560000,-8.37765188e+01,-5.23613652e+01
239.565000,-8.37765172e+01,-5.23613636e+01
239.570000,-8.37765156e+01,-5.23613620e+01
239.575000,-8.37765140e+01,-5.23613605e+01
239.580000,-8.37765125e+01,-5.23613589e+01
239.585000,-8.37765109e+01,-5.23613573e+01
239.590000,-8.37765093e+01,-5.23613557e+01
239.595000,-8.37765077e+01,-5.23613541e+01
239.600000,-8.37765061e+01,-5.23613525e+01
239.605000,-8.37765045e+01,-5.23613510e+01
239.610000,-8.37765030e+01,-5.23613494e+01
239.615000,-8.37765014e+01,-5.23613478e+01
239.620000,-8.37764998e+01,-5.23613462e+01
239.625000,-8.37764982e+01,-5.23613446e+01
239.630000,-8.37764966e+01,-5.23613431e+01
239.635000,-8.37764951e+01,-5.23613415e+01
239.640000,-8.37764935e+01,-5.23613399e+01
239.645000,-8.37764919e+01,-5.23613383e+01
239.650000,-8.37764903e+01,-5.23613368e+01
239.655000,-8.37764888e+01,-5.23613352e+01
239.660000,-8.37764872e+01,-5.23613336e+01
239.665000,-8.37764856e+01,-5.23613320e+01
239.670000,-8.37764841e+01,-5.23613305e+01
239.675000,-8.37764825e+01,-5.23613289e+01
239.680000,-8.37764809e+01,-5.23613273e+01
239.685000,-8.37764793e+01,-5.23613258e+01
239.690000,-8.37764778e+01,-5.23613242e+01
239.695000,-8.37764762e+01,-5.23613226e+01
239.700000,-8.37764746e+01,-5.23613211e+01
239.705000,-8.37764731e+01,-5.23613195e+01
239.710000,-8.37764715e+01,-5.23613179e+01
239.715000,-8.37764699e+01,-5.23613164e+01
239.720000,-8.37764684e+01,-5.23613148e+01
239.725000,-8.37764668e+01,-5.23613132e+01
239.730000,-8.37764652e+01,-5.23613117e+01
239.735000,-8.37764637e+01,-5.23613101e+01
239.740000,-8.37764621e+01,-5.23613085e+01
239.745000,-8.37764605e+01,-5.23613070e+01
239.750000,-8.37764590e+01,-5.23613054e+01
239.755000,-8.37764574e+01,-5.23613038e+01
239.760000,-8.37764559e+01,-5.23613023e+01
239.765000,-8.37764543e+01,-5.23613007e+01
239.770000,-8.37764527e+01,-5.23612992e+01
239.775000,-8.37764512e+01,-5.23612976e+01
239.780000,-8.37764496e+01,-5.23612960e+01
239.785000,-8.37764481e+01,-5.23612945e+01
239.790000,-8.37764465e+01,-5.23612929e+01
239.795000,-8.37764450e+01,-5.23612914e+01
239.800000,-8.37764434e+01,-5.23612898e+01
239.805000,-8.37764418e+01,-5.23612883e+01
239.810000,-8.37764403e+01,-5.23612867e+01
239.815000,-8.37764387e+01,-5.23612852e+01
239.820000,-8.37764372e+01,-5.23612836e+01
239.825000,-8.37764356e+01,-5.23612821e+01
239.830000,-8.37764341e+01,-5.23612805e+01
239.835000,-8.37764325e+01,-5.23612789e+01
239.840000,-8.37764310e+01,-5.23612774e+01
239.845000,-8.37764294e+01,-5.23612758e+01
239.850000,-8.37764279e+01,-5.23612743e+01
239.855000,-8.37764263e+01,-5.23612727e+01
239.860000,-8.37764248e+01,-5.23612712e+01
239.865000,-8.37764232e+01,-5.23612697e+01
239.870000,-8.37764217e+01,-5.23612681e+01
239.875000,-8.37764201e+01,-5.23612666e+01
239.880000,-8.37764186e+01,-5.23612650e+01
239.885000,-8.37764170e+01,-5.23612635e+01
239.890000,-8.37764155e+01,-5.23612619e+01
239.895000,-8.37764140e+01,-5.23612604e+01
239.900000,-8.37764124e+01,-5.23612588e+01
239.905000,-8.37764109e+01,-5.23612573e+01
239.910000,-8.37764093e+01,-5.23612558e+01
239.915000,-8.37764078e+01,-5.23612542e+01
239.920000,-8.37764062e+01,-5.23612527e+01
239.925000,-8.37764047e+01,-5.23612511e+01
239.930000,-8.37764032e+01,-5.23612496e+01
239.935000,-8.37764016e+01,-5.23612481e+01
239.940000,-8.37764001e+01,-5.23612465e+01
239.945000,-8.37763986e+01,-5.23612450e+01
239.950000,-8.37763970e+01,-5.23612434e+01
239.955000,-8.37763955e+01,-5.23612419e+01
239.960000,-8.37763939e+01,-5.23612404e+01
239.965000,-8.37763924e+01,-5.23612388e+01
239.970000,-8.37763909e+01,-5.23612373e+01
239.975000,-8.37763893e+01,-5.23612358e+01
239.980000,-8.37763878e+01,-5.23612342e+01
239.985000,-8.37763863e+01,-5.23612327e+01
239.990000,-8.37763847e+01,-5.23612312e+01
239.995000,-8.37763832e+01,-5.23612296e+01
240.000000,-8.37763817e+01,-5.23612281e+01
240.005000,-8.37763802e+01,-5.23612266e+01
240.010000,-8.37763786e+01,-5.23612251e+01
240.015000,-8.37763771e+01,-5.23612235e+01
240.020000,-8.37763756e+01,-5.23612220e+01
240.025000,-8.37763740e+01,-5.23612205e+01
240.030000,-8.37763725e+01,-5.23612189e+01
240.035000,-8.37763710e+01,-5.23612174e+01
240.040000,-8.37763695e+01,-5.23612159e+01
240.045000,-8.37763679e+01,-5.23612144e+01
240.050000,-8.37763664e+01,-5.23612128e+01
240.055000,-8.37763649e+01,-5.23612113e+01
240.060000,-8.37763634e+01,-5.23612098e+01
240.065000,-8.37763618e+01,-5.23612083e+01
240.070000,-8.37763603e+01,-5.23612068e+01
240.075000,-8.37763588e+01,-5.23612052e+01
240.080000,-8.37763573e+01,-5.23612037e+01
240.085000,-8.37763558e+01,-5.23612022e+01
240.090000,-8.37763542e+01,-5.23612007e+01
240.095000,-8.37763527e+01,-5.23611992e+01
240.100000,-8.37763512e+01,-5.23611976e+01
240.105000,-8.37763497e+01,-5.23611961e+01
240.110000,-8.37763482e+01,-5.23611946e+01
240.115000,-8.37763467e+01,-5.23611931e+01
240.120000,-8.37763451e+01,-5.23611916e+01
240.125000,-8.37763436e+01,-5.23611901e+01
240.130000,-8.37763421e+01,-5.23611885e+01
240.135000,-8.37763406e+01,-5.23611870e+01
240.140000,-8.37763391e+01,-5.23611855e+01
240.145000,-8.37763376e+01,-5.23611840e+01
240.150000,-8.37763361e+01,-5.23611825e+01
240.155000,-8.37763346e+01,-5.23611810e+01
240.160000,-8.37763330e+01,-5.23611795e+01
240.165000,-8.37763315e+01,-5.23611780e+01
240.170000,-8.37763300e+01,-5.23611764e+01
240.175000,-8.37763285e+01,-5.23611749e+01
240.180000,-8.37763270e+01,-5.23611734e+01
240.185000,-8.37763255e+01,-5.23611719e+01
240.190000,-8.37763240e+01,-5.23611704e+01
240.195000,-8.37763225e+01,-5.23611689e+01
240.200000,-8.37763210e+01,-5.23611674e+01
240.205000,-8.37763195e+01,-5.23611659e+01
240.210000,-8.37763180e+01,-5.23611644e+01
240.215000,-8.37763165e+01,-5.23611629e+01
240.220000,-8.37763150e+01,-5.23611614e+01
240.225000,-8.37763135e+01,-5.23611599e+01
240.230000,-8.37763120e+01,-5.23611584e+01
240.235000,-8.37763105e+01,-5.23611569e+01
240.240000,-8.37763090e+01,-5.23611554e+01
240.245000,-8.37763075e+01,-5.23611539e+01
240.250000,-8.37763060e+01,-5.23611524e+01
240.255000,-8.37763045e+01,-5.23611509e+01
240.260000,-8.37763030e+01,-5.23611494e+01
240.265000,-8.37763015e+01,-5.23611479e+01
240.270000,-8.37763000e+01,-5.23611464e+01
240.275000,-8.37762985e+01,-5.23611449e+01
240.280000,-8.37762970e+01,-5.23611434e+01
240.285000,-8.37762955e+01,-5.23611419e+01
240.290000,-8.37762940e+01,-5.23611404e+01
240.295000,-8.37762925e+01,-5.23611389e+01
240.300000,-8.37762910e+01,-5.23611374e+01
240.305000,-8.37762895e+01,-5.23611359e+01
240.310000,-8.37762880e+01,-5.23611344e+01
240.315000,-8.37762865e+01,-5.23611329e+01
240.320000,-8.37762850e+01,-5.23611315e+01
240.325000,-8.37762835e+01,-5.23611300e+01
240.330000,-8.37762820e+01,-5.23611285e+01
240.335000,-8.37762806e+01,-5.23611270e+01
240.340000,-8.37762791e+01,-5.23611255e+01
240.345000,-8.37762776e+01,-5.23611240e+01
240.350000,-8.37762761e+01,-5.23611225e+01
240.355000,-8.37762746e+01,-5.23611210e+01
240.360000,-8.37762731e+01,-5.23611195e+01
240.365000,-8.37762716e+01,-5.23611181e+01
240.370000,-8.37762702e+01,-5.23611166e+01
240.375000,-8.37762687e+01,-5.23611151e+01
240.380000,-8.37762672e+01,-5.23611136e+01
240.385000,-8.37762657e+01,-5.23611121e+01
240.390000,-8.37762642e+01,-5.23611106e+01
240.395000,-8.37762627e+01,-5.23611092e+01
240.400000,-8.37762613e+01,-5.23611077e+01
240.405000,-8.37762598e+01,-5.23611062e+01
240.410000,-8.37762583e+01,-5.23611047e+01
240.415000,-8.37762568e+01,-5.23611032e+01
240.420000,-8.37762553e+01,-5.23611018e+01
240.425000,-8.37762539e+01,-5.23611003e+01
240.430000,-8.37762524e+01,-5.23610988e+01
240.435000,-8.37762509e+01,-5.23610973e+01
240.440000,-8.37762494e+01,-5.23610959e+01
240.445000,-8.37762480e+01,-5.23610944e+01
240.450000,-8.37762465e+01,-5.23610929e+01
240.455000,-8.37762450e+01,-5.23610914e+01
240.460000,-8.37762435e+01,-5.23610900e+01
240.465000,-8.37762421e+01,-5.23610885e+01
240.470000,-8.37762406e+01,-5.23610870e+01
240.475000,-8.37762391e+01,-5.23610855e+01
240.480000,-8.37762376e+01,-5.23610841e+01
240.485000,-8.37762362e+01,-5.23610826e+01
240.490000,-8.37762347e+01,-5.23610811e+01
240.495000,-8.37762332e+01,-5.23610797e+01
240.500000,-8.37762318e+01,-5.23610782e+01
240.505000,-8.37762303e+01,-5.23610767e+01
240.510000,-8.37762288e+01,-5.23610752e+01
240.515000,-8.37762274e+01,-5.23610738e+01
240.520000,-8.37762259e+01,-5.23610723e+01
240.525000,-8.37762244e+01,-5.23610708e+01
240.530000,-8.37762230e+01,-5.23610694e+01
240.535000,-8.37762215e+01,-5.23610679e+01
240.540000,-8.37762200e+01,-5.23610665e+01
240.545000,-8.37762186e+01,-5.23610650e+01
240.550000,-8.37762171e+01,-5.23610635e+01
240.555000,-8.37762156e+01,-5.23610621e+01
240.560000,-8.37762142e+01,-5.23610606e+01
240.565000,-8.37762127e+01,-5.23610591e+01
240.570000,-8.37762113e+01,-5.23610577e+01
240.575000,-8.37762098e+01,-5.23610562e+01
240.580000,-8.37762083e+01,-5.23610548e+01
240.585000,-8.37762069e+01,-5.23610533e+01
240.590000,-8.37762054e+01,-5.23610518e+01
240.595000,-8.37762040e+01,-5.23610504e+01
240.600000,-8.37762025e+01,-5.23610489e+01
240.605000,-8.37762010e+01,-5.23610475e+01
240.610000,-8.37761996e+01,-5.23610460e+01
240.615000,-8.37761981e+01,-5.23610446e+01
240.620000,-8.37761967e+01,-5.23610431e+01
240.625000,-8.37761952e+01,-5.23610416e+01
240.630000,-8.37761938e+01,-5.23610402e+01
240.635000,-8.37761923e+01,-5.23610387e+01
240.640000,-8.37761909e+01,-5.23610373e+01
240.645000,-8.37761894e+01,-5.23610358e+01
240.650000,-8.37761880e+01,-5.23610344e+01
240.655000,-8.37761865e+01,-5.23610329e+01
240.660000,-8.37761851e+01,-5.23610315e+01
240.665000,-8.37761836e+01,-5.23610300e+01
240.670000,-8.37761822e+01,-5.23610286e+01
240.675000,-8.37761807e+01,-5.23610271e+01
240.680000,-8.37761793e+01,-5.23610257e+01
240.685000,-8.37761778e+01,-5.23610242e+01
240.690000,-8.37761764e+01,-5.23610228e+01
240.695000,-8.37761749e+01,-5.23610214e+01
240.700000,-8.37761735e+01,-5.23610199e+01
240.705000,-8.37761720e+01,-5.23610185e+01
240.710000,-8.37761706e+01,-5.23610170e+01
240.715000,-8.37761691e+01,-5.23610156e+01
240.720000,-8.37761677e+01,-5.23610141e+01
240.725000,-8.37761663e+01,-5.23610127e+01
240.730000,-8.37761648e+01,-5.23610112e+01
240.735000,-8.37761634e+01,-5.23610098e+01
240.740000,-8.37761619e+01,-5.23610084e+01
240.745000,-8.37761605e+01,-5.23610069e+01
240.750000,-8.37761591e+01,-5.23610055e+01
240.755000,-8.37761576e+01,-5.23610040e+01
240.760000,-8.37761562e+01,-5.23610026e+01
240.765000,-8.37761547e+01,-5.23610012e+01
240.770000,-8.37761533e+01,-5.23609997e+01
240.775000,-8.37761519e+01,-5.23609983e+01
240.780000,-8.37761504e+01,-5.23609969e+01
240.785000,-8.37761490e+01,-5.23609954e+01
240.790000,-8.37761476e+01,-5.23609940e+01
240.795000,-8.37761461e+01,-5.23609926e+01
240.800000,-8.37761447e+01,-5.23609911e+01
240.805000,-8.37761433e+01,-5.23609897e+01
240.810000,-8.37761418e+01,-5.23609883e+01
240.815000,-8.37761404e+01,-5.23609868e+01
240.820000,-8.37761390e+01,-5.23609854e+01
240.825000,-8.37761375e+01,-5.23609840e+01
240.830000,-8.37761361e+01,-5.23609825e+01
240.835000,-8.37761347e+01,-5.23609811e+01
240.840000,-8.37761332e+01,-5.23609797e+01
240.845000,-8.37761318e+01,-5.23609782e+01
240.850000,-8.37761304e+01,-5.23609768e+01
240.855000,-8.37761290e+01,-5.23609754e+01
240.860000,-8.37761275e+01,-5.23609740e+01
240.865000,-8.37761261e+01,-5.23609725e+01
240.870000,-8.37761247e+01,-5.23609711e+01
240.875000,-8.37761233e+01,-5.23609697e+01
240.880000,-8.37761218e+01,-5.23609683e+01
240.885000,-8.37761204e+01,-5.23609668e+01
240.890000,-8.37761190e+01,-5.23609654e+01
240.895000,-8.37761176e+01,-5.23609640e+01
240.900000,-8.37761161e+01,-5.23609626e+01
240.905000,-8.37761147e+01,-5.23609612e+01
240.910000,-8.37761133e+01,-5.23609597e+01
240.915000,-8.37761119e+01,-5.23609583e+01
240.920000,-8.37761105e+01,-5.23609569e+01
240.925000,-8.37761090e+01,-5.23609555e+01
240.930000,-8.37761076e+01,-5.23609541e+01
240.935000,-8.37761062e+01,-5.23609526e+01
240.940000,-8.37761048e+01,-5.23609512e+01
240.945000,-8.37761034e+01,-5.23609498e+01
240.950000,-8.37761020e+01,-5.23609484e+01
240.955000,-8.37761005e+01,-5.23609470e+01
240.960000,-8.37760991e+01,-5.23609456e+01
240.965000,-8.37760977e+01,-5.23609441e+01
240.970000,-8.37760963e+01,-5.23609427e+01
240.975000,-8.37760949e+01,-5.23609413e+01
240.980000,-8.37760935e+01,-5.23609399e+01
240.985000,-8.37760921e+01,-5.23609385e+01
240.990000,-8.37760907e+01,-5.23609371e+01
240.995000,-8.37760892e+01,-5.23609357e+01
241.000000,-8.37760878e+01,-5.23609343e+01
241.005000,-8.37760864e+01,-5.23609328e+01
241.010000,-8.37760850e+01,-5.23609314e+01
241.015000,-8.37760836e+01,-5.23609300e+01
241.020000,-8.37760822e+01,-5.23609286e+01
241.025000,-8.37760808e+01,-5.23609272e+01
241.030000,-8.37760794e+01,-5.23609258e+01
241.035000,-8.37760780e+01,-5.23609244e+01
241.040000,-8.37760766e+01,-5.23609230e+01
241.045000,-8.37760752e+01,-5.23609216e+01
241.050000,-8.37760738e+01,-5.23609202e+01
241.055000,-8.37760724e+01,-5.23609188e+01
241.060000,-8.37760710e+01,-5.23609174e+01
241.065000,-8.37760695e+01,-5.23609160e+01
241.070000,-8.37760681e+01,-5.23609146e+01
241.075000,-8.37760667e+01,-5.23609132e+01
241.080000,-8.37760653e+01,-5.23609118e+01
241.085000,-8.37760639e+01,-5.23609104e+01
241.090000,-8.37760625e+01,-5.23609090e+01
241.095000,-8.37760611e+01,-5.23609076e+01
241.100000,-8.37760597e+01,-5.23609062e+01
241.105000,-8.37760583e+01,-5.23609048e+01
241.110000,-8.37760569e+01,-5.23609034e+01
241.115000,-8.37760556e+01,-5.23609020e+01
241.120000,-8.37760542e+01,-5.23609006e+01
241.125000,-8.37760528e+01,-5.23608992e+01
241.130000,-8.37760514e+01,-5.23608978e+01
241.135000,-8.37760500e+01,-5.23608964e+01
241.140000,-8.37760486e+01,-5.23608950e+01
241.145000,-8.37760472e+01,-5.23608936e+01
241.150000,-8.37760458e+01,-5.23608922e+01
241.155000,-8.37760444e+01,-5.23608908e+01
241.160000,-8.37760430e+01,-5.23608894e+01
241.165000,-8.37760416e+01,-5.23608880e+01
241.170000,-8.37760402e+01,-5.23608866e+01
241.175000,-8.37760388e+01,-5.23608853e+01
241.180000,-8.37760374e+01,-5.23608839e+01
241.185000,-8.37760361e+01,-5.23608825e+01
241.190000,-8.37760347e+01,-5.23608811e+01
241.195000,-8.37760333e+01,-5.23608797e+01
241.200000,-8.37760319e+01,-5.23608783e+01
241.205000,-8.37760305e+01,-5.23608769e+01
241.210000,-8.37760291e+01,-5.23608755e+01
241.215000,-8.37760277e+01,-5.23608742e+01
241.220000,-8.37760263e+01,-5.23608728e+01
241.225000,-8.37760250e+01,-5.23608714e+01
241.230000,-8.37760236e+01,-5.23608700e+01
241.235000,-8.37760222e+01,-5.23608686e+01
241.240000,-8.37760208e+01,-5.23608672e+01
241.245000,-8.37760194e+01,-5.23608659e+01
241.250000,-8.37760180e+01,-5.23608645e+01
241.255000,-8.37760167e+01,-5.23608631e+01
241.260000,-8.37760153e+01,-5.23608617e+01
241.265000,-8.37760139e+01,-5.23608603e+01
241.270000,-8.37760125e+01,-5.23608589e+01
241.275000,-8.37760111e+01,-5.23608576e+01
241.280000,-8.37760098e+01,-5.23608562e+01
241.285000,-8.37760084e+01,-5.23608548e+01
241.290000,-8.37760070e+01,-5.23608534e+01
241.295000,-8.37760056e+01,-5.23608521e+01
241.300000,-8.37760043e+01,-5.23608507e+01
241.305000,-8.37760029e+01,-5.23608493e+01
241.310000,-8.37760015e+01,-5.23608479e+01
241.315000,-8.37760001e+01,-5.23608466e+01
241.320000,-8.37759988e+01,-5.23608452e+01
241.325000,-8.37759974e+01,-5.23608438e+01
241.330000,-8.37759960e+01,-5.23608424e+01
241.335000,-8.37759946e+01,-5.23608411e+01
241.340000,-8.37759933e+01,-5.23608397e+01
241.345000,-8.37759919e+01,-5.23608383e+01
241.350000,-8.37759905e+01,-5.23608370e+01
241.355000,-8.37759892e+01,-5.23608356e+01
241.360000,-8.37759878e+01,-5.23608342e+01
241.365000,-8.37759864e+01,-5.23608328e+01
241.370000,-8.37759850e+01,-5.23608315e+01
241.375000,-8.37759837e+01,-5.23608301e+01
241.380000,-8.37759823e+01,-5.23608287e+01
241.385000,-8.37759809e+01,-5.23608274e+01
241.390000,-8.37759796e+01,-5.23608260e+01
241.395000,-8.37759782e+01,-5.23608246e+01
241.400000,-8.37759769e+01,-5.23608233e+01
241.405000,-8.37759755e+01,-5.23608219e+01
241.410000,-8.37759741e+01,-5.23608206e+01
241.415000,-8.37759728e+01,-5.23608192e+01
241.420000,-8.37759714e+01,-5.23608178e+01
241.425000,-8.37759700e+01,-5.23608165e+01
241.430000,-8.37759687e+01,-5.23608151e+01
241.435000,-8.37759673e+01,-5.23608137e+01
241.440000,-8.37759660e+01,-5.23608124e+01
241.445000,-8.37759646e+01,-5.23608110e+01
241.450000,-8.37759632e+01,-5.23608097e+01
241.455000,-8.37759619e+01,-5.23608083e+01
241.460000,-8.37759605e+01,-5.23608069e+01
241.465000,-8.37759592e+01,-5.23608056e+01
241.470000,-8.37759578e+01,-5.23608042e+01
241.475000,-8.37759564e+01,-5.23608029e+01
241.480000,-8.37759551e+01,-5.23608015e+01
241.485000,-8.37759537e+01,-5.23608002e+01
241.490000,-8.37759524e+01,-5.23607988e+01
241.495000,-8.37759510e+01,-5.23607975e+01
241.500000,-8.37759497e+01,-5.23607961e+01
241.505000,-8.37759483e+01,-5.23607947e+01
241.510000,-8.37759470e+01,-5.23607934e+01
241.515000,-8.37759456e+01,-5.23607920e+01
241.520000,-8.37759443e+01,-5.23607907e+01
241.525000,-8.37759429e+01,-5.23607893e+01
241.530000,-8.37759416e+01,-5.23607880e+01
241.535000,-8.37759402e+01,-5.23607866e+01
241.540000,-8.37759389e+01,-5.23607853e+01
241.545000,-8.37759375e+01,-5.23607839e+01
241.550000,-8.37759362e+01,-5.23607826e+01
241.555000,-8.37759348e+01,-5.23607812e+01
241.560000,-8.37759335e+01,-5.23607799e+01
241.565000,-8.37759321e+01,-5.23607785e+01
241.570000,-8.37759308e+01,-5.23607772e+01
241.575000,-8.37759294e+01,-5.23607759e+01
241.580000,-8.37759281e+01,-5.23607745e+01
241.585000,-8.37759267e+01,-5.23607732e+01
241.590000,-8.37759254e+01,-5.23607718e+01
241.595000,-8.37759240e+01,-5.23607705e+01
241.600000,-8.37759227e+01,-5.23607691e+01
241.605000,-8.37759214e+01,-5.23607678e+01
241.610000,-8.37759200e+01,-5.23607665e+01
241.615000,-8.37759187e+01,-5.23607651e+01
241.620000,-8.37759173e+01,-5.23607638e+01
241.625000,-8.37759160e+01,-5.23607624e+01
241.630000,-8.37759147e+01,-5.23607611e+01
241.635000,-8.37759133e+01,-5.23607598e+01
241.640000,-8.37759120e+01,-5.23607584e+01
241.645000,-8.37759106e+01,-5.23607571e+01
241.650000,-8.37759093e+01,-5.23607557e+01
241.655000,-8.37759080e+01,-5.23607544e+01
241.660000,-8.37759066e+01,-5.23607531e+01
241.665000,-8.37759053e+01,-5.23607517e+01
241.670000,-8.37759040e+01,-5.23607504e+01
241.675000,-8.37759026e+01,-5.23607491e+01
241.680000,-8.37759013e+01,-5.23607477e+01
241.685000,-8.37759000e+01,-5.23607464e+01
241.690000,-8.37758986e+01,-5.23607451e+01
241.695000,-8.37758973e+01,-5.23607437e+01
241.700000,-8.37758960e+01,-5.23607424e+01
241.705000,-8.37758946e+01,-5.23607411e+01
241.710000,-8.37758933e+01,-5.23607397e+01
241.715000,-8.37758920e+01,-5.23607384e+01
241.720000,-8.37758906e+01,-5.23607371e+01
241.725000,-8.37758893e+01,-5.23607357e+01
241.730000,-8.37758880e+01,-5.23607344e+01
241.735000,-8.37758867e+01,-5.23607331e+01
241.740000,-8.37758853e+01,-5.23607318e+01
241.745000,-8.37758840e+01,-5.23607304e+01
241.750000,-8.37758827e+01,-5.23607291e+01
241.755000,-8.37758814e+01,-5.23607278e+01
241.760000,-8.37758800e+01,-5.23607265e+01
241.765000,-8.37758787e+01,-5.23607251e+01
241.770000,-8.37758774e+01,-5.23607238e+01
241.775000,-8.37758761e+01,-5.23607225e+01
241.780000,-8.37758747e+01,-5.23607212e+01
241.785000,-8.37758734e+01,-5.23607198e+01
241.790000,-8.37758721e+01,-5.23607185e+01
241.795000,-8.37758708e+01,-5.23607172e+01
241.800000,-8.37758694e+01,-5.23607159e+01
241.805000,-8.37758681e+01,-5.23607146e+01
241.810000,-8.37758668e+01,-5.23607132e+01
241.815000,-8.37758655e+01,-5.23607119e+01
241.820000,-8.37758642e+01,-5.23607106e+01
241.825000,-8.37758628e+01,-5.23607093e+01
241.830000,-8.37758615e+01,-5.23607080e+01
241.835000,-8.37758602e+01,-5.23607066e+01
241.840000,-8.37758589e+01,-5.23607053e+01
241.845000,-8.37758576e+01,-5.23607040e+01
241.850000,-8.37758563e+01,-5.23607027e+01
241.855000,-8.37758549e+01,-5.23607014e+01
241.860000,-8.37758536e+01,-5.23607001e+01
241.865000,-8.37758523e+01,-5.23606987e+01
241.870000,-8.37758510e+01,-5.23606974e+01
241.875000,-8.37758497e+01,-5.23606961e+01
241.880000,-8.37758484e+01,-5.23606948e+01
241.885000,-8.37758471e+01,-5.23606935e+01
241.890000,-8.37758458e+01,-5.23606922e+01
241.895000,-8.37758444e+01,-5.23606909e+01
241.900000,-8.37758431e+01,-5.23606896e+01
241.905000,-8.37758418e+01,-5.23606883e+01
241.910000,-8.37758405e+01,-5.23606869e+01
241.915000,-8.37758392e+01,-5.23606856e+01
241.920000,-8.37758379e+01,-5.23606843e+01
241.925000,-8.37758366e+01,-5.23606830e+01
241.930000,-8.37758353e+01,-5.23606817e+01
241.935000,-8.37758340e+01,-5.23606804e+01
241.940000,-8.37758327e+01,-5.23606791e+01
241.945000,-8.37758314e+01,-5.23606778e+01
241.950000,-8.37758301e+01,-5.23606765e+01
241.955000,-8.37758288e+01,-5.23606752e+01
241.960000,-8.37758275e+01,-5.23606739e+01
241.965000,-8.37758261e+01,-5.23606726e+01
241.970000,-8.37758248e+01,-5.23606713e+01
241.975000,-8.37758235e+01,-5.23606700e+01
241.980000,-8.37758222e+01,-5.23606687e+01
241.985000,-8.37758209e+01,-5.23606674e+01
241.990000,-8.37758196e+01,-5.23606661e+01
241.995000,-8.37758183e+01,-5.23606648e+01
242.000000,-8.37758170e+01,-5.23606635e+01
242.005000,-8.37758157e+01,-5.23606622e+01
242.010000,-8.37758144e+01,-5.23606609e+01
242.015000,-8.37758131e+01,-5.23606596e+01
242.020000,-8.37758118e+01,-5.23606583e+01
242.025000,-8.37758105e+01,-5.23606570e+01
242.030000,-8.37758093e+01,-5.23606557e+01
242.035000,-8.37758080e+01,-5.23606544e+01
242.040000,-8.37758067e+01,-5.23606531e+01
242.045000,-8.37758054e+01,-5.23606518e+01
242.050000,-8.37758041e+01,-5.23606505e+01
242.055000,-8.37758028e+01,-5.23606492e+01
242.060000,-8.37758015e+01,-5.23606479e+01
242.065000,-8.37758002e+01,-5.23606466e+01
242.070000,-8.37757989e+01,-5.23606453e+01
242.075000,-8.37757976e+01,-5.23606440e+01
242.080000,-8.37757963e+01,-5.23606427e+01
242.085000,-8.37757950e+01,-5.23606415e+01
242.090000,-8.37757937e+01,-5.23606402e+01
242.095000,-8.37757924e+01,-5.23606389e+01
242.100000,-8.37757912e+01,-5.23606376e+01
242.105000,-8.37757899e+01,-5.23606363e+01
242.110000,-8.37757886e+01,-5.23606350e+01
242.115000,-8.37757873e+01,-5.23606337e+01
242.120000,-8.37757860e+01,-5.23606324e+01
242.125000,-8.37757847e+01,-5.23606312e+01
242.130000,-8.37757834e+01,-5.23606299e+01
242.135000,-8.37757821e+01,-5.23606286e+01
242.140000,-8.37757809e+01,-5.23606273e+01
242.145000,-8.37757796e+01,-5.23606260e+01
242.150000,-8.37757783e+01,-5.23606247e+01
242.155000,-8.37757770e+01,-5.23606234e+01
242.160000,-8.37757757e+01,-5.23606222e+01
242.165000,-8.37757744e+01,-5.23606209e+01
242.170000,-8.37757732e+01,-5.23606196e+01
242.175000,-8.37757719e+01,-5.23606183e+01
242.180000,-8.37757706e+01,-5.23606170e+01
242.185000,-8.37757693e+01,-5.23606158e+01
242.190000,-8.37757680e+01,-5.23606145e+01
242.195000,-8.37757668e+01,-5.23606132e+01
242.200000,-8.37757655e+01,-5.23606119e+01
242.205000,-8.37757642e+01,-5.23606106e+01
242.210000,-8.37757629e+01,-5.23606094e+01
242.215000,-8.37757617e+01,-5.23606081e+01
242.220000,-8.37757604e+01,-5.23606068e+01
242.225000,-8.37757591e+01,-5.23606055e+01
242.230000,-8.37757578e+01,-5.23606043e+01
242.235000,-8.37757566e+01,-5.23606030e+01
242.240000,-8.37757553e+01,-5.23606017e+01
242.245000,-8.37757540e+01,-5.23606004e+01
242.250000,-8.37757527e+01,-5.23605992e+01
242.255000,-8.37757515e+01,-5.23605979e+01
242.260000,-8.37757502e+01,-5.23605966e+01
242.265000,-8.37757489e+01,-5.23605953e+01
242.270000,-8.37757476e+01,-5.23605941e+01
242.275000,-8.37757464e+01,-5.23605928e+01
242.280000,-8.37757451e+01,-5.23605915e+01
242.285000,-8.37757438e+01,-5.23605903e+01
242.290000,-8.37757426e+01,-5.23605890e+01
242.295000,-8.37757413e+01,-5.23605877e+01
242.300000,-8.37757400e+01,-5.23605865e+01
242.305000,-8.37757388e+01,-5.23605852e+01
242.310000,-8.37757375e+01,-5.23605839e+01
242.315000,-8.37757362e+01,-5.23605827e+01
242.320000,-8.37757350e+01,-5.23605814e+01
242.325000,-8.37757337e+01,-5.23605801e+01
242.330000,-8.37757324e+01,-5.23605789e+01
242.335000,-8.37757312e+01,-5.23605776e+01
242.340000,-8.37757299e+01,-5.23605763e+01
242.345000,-8.37757286e+01,-5.23605751e+01
242.350000,-8.37757274e+01,-5.23605738e+01
242.355000,-8.37757261e+01,-5.23605725e+01
242.360000,-8.37757248e+01,-5.23605713e+01
242.365000,-8.37757236e+01,-5.23605700e+01
242.370000,-8.37757223e+01,-5.23605688e+01
242.375000,-8.37757211e+01,-5.23605675e+01
242.380000,-8.37757198e+01,-5.23605662e+01
242.385000,-8.37757185e+01,-5.23605650e+01
242.390000,-8.37757173e+01,-5.23605637e+01
242.395000,-8.37757160e+01,-5.23605625e+01
242.400000,-8.37757148e+01,-5.23605612e+01
242.405000,-8.37757135e+01,-5.23605599e+01
242.410000,-8.37757123e+01,-5.23605587e+01
242.415000,-8.37757110e+01,-5.23605574e+01
242.420000,-8.37757097e+01,-5.23605562e+01
242.425000,-8.37757085e+01,-5.23605549e+01
242.430000,-8.37757072e+01,-5.23605537e+01
242.435000,-8.37757060e+01,-5.23605524e+01
242.440000,-8.37757047e+01,-5.23605512e+01
242.445000,-8.37757035e+01,-5.23605499e+01
242.450000,-8.37757022e+01,-5.23605487e+01
242.455000,-8.37757010e+01,-5.23605474e+01
242.460000,-8.37756997e+01,-5.23605461e+01
242.465000,-8.37756985e+01,-5.23605449e+01
242.470000,-8.37756972e+01,-5.23605436e+01
242.475000,-8.37756960e+01,-5.23605424e+01
242.480000,-8.37756947e+01,-5.23605411e+01
242.485000,-8.37756935e+01,-5.23605399e+01
242.490000,-8.37756922e+01,-5.23605386e+01
242.495000,-8.37756910e+01,-5.23605374e+01
242.500000,-8.37756897e+01,-5.23605362e+01
242.505000,-8.37756885e+01,-5.23605349e+01
242.510000,-8.37756872e+01,-5.23605337e+01
242.515000,-8.37756860e+01,-5.23605324e+01
242.520000,-8.37756847e+01,-5.23605312e+01
242.525000,-8.37756835e+01,-5.23605299e+01
242.530000,-8.37756822e+01,-5.23605287e+01
242.535000,-8.37756810e+01,-5.23605274e+01
242.540000,-8.37756798e+01,-5.23605262e+01
242.545000,-8.37756785e+01,-5.23605249e+01
242.550000,-8.37756773e+01,-5.23605237e+01
242.555000,-8.37756760e+01,-5.23605225e+01
242.560000,-8.37756748e+01,-5.23605212e+01
242.565000,-8.37756736e+01,-5.23605200e+01
242.570000,-8.37756723e+01,-5.23605187e+01
242.575000,-8.37756711e+01,-5.23605175e+01
242.580000,-8.37756698e+01,-5.23605163e+01
242.585000,-8.37756686e+01,-5.23605150e+01
242.590000,-8.37756674e+01,-5.23605138e+01
242.595000,-8.37756661e+01,-5.23605125e+01
242.600000,-8.37756649e+01,-5.23605113e+01
242.605000,-8.37756636e+01,-5.23605101e+01
242.610000,-8.37756624e+01,-5.23605088e+01
242.615000,-8.37756612e+01,-5.23605076e+01
242.620000,-8.37756599e+01,-5.23605064e+01
242.625000,-8.37756587e+01,-5.23605051e+01
242.630000,-8.37756575e+01,-5.23605039e+01
242.635000,-8.37756562e+01,-5.23605027e+01
242.640000,-8.37756550e+01,-5.23605014e+01
242.645000,-8.37756538e+01,-5.23605002e+01
242.650000,-8.37756525e+01,-5.23604990e+01
242.655000,-8.37756513e+01,-5.23604977e+01
242.660000,-8.37756501e+01,-5.23604965e+01
242.665000,-8.37756488e+01,-5.23604953e+01
242.670000,-8.37756476e+01,-5.23604940e+01
242.675000,-8.37756464e+01,-5.23604928e+01
242.680000,-8.37756451e+01,-5.23604916e+01
242.685000,-8.37756439e+01,-5.23604903e+01
242.690000,-8.37756427e+01,-5.23604891e+01
242.695000,-8.37756415e+01,-5.23604879e+01
242.700000,-8.37756402e+01,-5.23604867e+01
242.705000,-8.37756390e+01,-5.23604854e+01
242.710000,-8.37756378e+01,-5.23604842e+01
242.715000,-8.37756366e+01,-5.23604830e+01
242.720000,-8.37756353e+01,-5.23604818e+01
242.725000,-8.37756341e+01,-5.23604805e+01
242.730000,-8.37756329e+01,-5.23604793e+01
242.735000,-8.37756317e+01,-5.23604781e+01
242.740000,-8.37756304e+01,-5.23604769e+01
242.745000,-8.37756292e+01,-5.23604756e+01
242.750000,-8.37756280e+01,-5.23604744e+01
242.755000,-8.37756268e+01,-5.23604732e+01
242.760000,-8.37756255e+01,-5.23604720e+01
242.765000,-8.37756243e+01,-5.23604708e+01
242.770000,-8.37756231e+01,-5.23604695e+01
242.775000,-8.37756219e+01,-5.23604683e+01
242.780000,-8.37756207e+01,-5.23604671e+01
242.785000,-8.37756194e+01,-5.23604659e+01
242.790000,-8.37756182e+01,-5.23604647e+01
242.795000,-8.37756170e+01,-5.23604634e+01
242.800000,-8.37756158e+01,-5.23604622e+01
242.805000,-8.37756146e+01,-5.23604610e+01
242.810000,-8.37756134e+01,-5.23604598e+01
242.815000,-8.37756121e+01,-5.23604586e+01
242.820000,-8.37756109e+01,-5.23604574e+01
242.825000,-8.37756097e+01,-5.23604561e+01
242.830000,-8.37756085e+01,-5.23604549e+01
242.835000,-8.37756073e+01,-5.23604537e+01
242.840000,-8.37756061e+01,-5.23604525e+01
242.845000,-8.37756049e+01,-5.23604513e+01
242.850000,-8.37756036e+01,-5.23604501e+01
242.855000,-8.37756024e+01,-5.23604489e+01
242.860000,-8.37756012e+01,-5.23604477e+01
242.865000,-8.37756000e+01,-5.23604464e+01
242.870000,-8.37755988e+01,-5.23604452e+01
242.875000,-8.37755976e+01,-5.23604440e+01
242.880000,-8.37755964e+01,-5.23604428e+01
242.885000,-8.37755952e+01,-5.23604416e+01
242.890000,-8.37755940e+01,-5.23604404e+01
242.895000,-8.37755928e+01,-5.23604392e+01
242.900000,-8.37755915e+01,-5.23604380e+01
242.905000,-8.37755903e+01,-5.23604368e+01
242.910000,-8.37755891e+01,-5.23604356e+01
242.915000,-8.37755879e+01,-5.23604344e+01
242.920000,-8.37755867e+01,-5.23604332e+01
242.925000,-8.37755855e+01,-5.23604320e+01
242.930000,-8.37755843e+01,-5.23604307e+01
242.935000,-8.37755831e+01,-5.23604295e+01
242.940000,-8.37755819e+01,-5.23604283e+01
242.945000,-8.37755807e+01,-5.23604271e+01
242.950000,-8.37755795e+01,-5.23604259e+01
242.955000,-8.37755783e+01,-5.23604247e+01
242.960000,-8.37755771e+01,-5.23604235e+01
242.965000,-8.37755759e+01,-5.23604223e+01
242.970000,-8.37755747e+01,-5.23604211e+01
242.975000,-8.37755735e+01,-5.23604199e+01
242.980000,-8.37755723e+01,-5.23604187e+01
242.985000,-8.37755711e+01,-5.23604175e+01
242.990000,-8.37755699e+01,-5.23604163e+01
242.995000,-8.37755687e+01,-5.23604151e+01
243.000000,-8.37755675e+01,-5.23604139e+01
243.005000,-8.37755663e+01,-5.23604127e+01
243.010000,-8.37755651e+01,-5.23604115e+01
243.015000,-8.37755639e+01,-5.23604103e+01
243.020000,-8.37755627e+01,-5.23604092e+01
243.025000,-8.37755615e+01,-5.23604080e+01
243.030000,-8.37755603e+01,-5.23604068e+01
243.035000,-8.37755591e+01,-5.23604056e+01
243.040000,-8.37755579e+01,-5.23604044e+01
243.045000,-8.37755567e+01,-5.23604032e+01
243.050000,-8.37755556e+01,-5.23604020e+01
243.055000,-8.37755544e+01,-5.23604008e+01
243.060000,-8.37755532e+01,-5.23603996e+01
243.065000,-8.37755520e+01,-5.23603984e+01
243.070000,-8.37755508e+01,-5.23603972e+01
243.075000,-8.37755496e+01,-5.23603960e+01
243.080000,-8.37755484e+01,-5.23603948e+01
243.085000,-8.37755472e+01,-5.23603937e+01
243.090000,-8.37755460e+01,-5.23603925e+01
243.095000,-8.37755448e+01,-5.23603913e+01
243.100000,-8.37755437e+01,-5.23603901e+01
243.105000,-8.37755425e+01,-5.23603889e+01
243.110000,-8.37755413e+01,-5.23603877e+01
243.115000,-8.37755401e+01,-5.23603865e+01
243.120000,-8.37755389e+01,-5.23603853e+01
243.125000,-8.37755377e+01,-5.23603842e+01
243.130000,-8.37755365e+01,-5.23603830e+01
243.135000,-8.37755354e+01,-5.23603818e+01
243.140000,-8.37755342e+01,-5.23603806e+01
243.145000,-8.37755330e+01,-5.23603794e+01
243.150000,-8.37755318e+01,-5.23603782e+01
243.155000,-8.37755306e+01,-5.23603771e+01
243.160000,-8.37755294e+01,-5.23603759e+01
243.165000,-8.37755283e+01,-5.23603747e+01
243.170000,-8.37755271e+01,-5.23603735e+01
243.175000,-8.37755259e+01,-5.23603723e+01
243.180000,-8.37755247e+01,-5.23603711e+01
243.185000,-8.37755235e+01,-5.23603700e+01
243.190000,-8.37755224e+01,-5.23603688e+01
243.195000,-8.37755212e+01,-5.23603676e+01
243.200000,-8.37755200e+01,-5.23603664e+01
243.205000,-8.37755188e+01,-5.23603653e+01
243.210000,-8.37755176e+01,-5.23603641e+01
243.215000,-8.37755165e+01,-5.23603629e+01
243.220000,-8.37755153e+01,-5.23603617e+01
243.225000,-8.37755141e+01,-5.23603605e+01
243.230000,-8.37755129e+01,-5.23603594e+01
243.235000,-8.37755118e+01,-5.23603582e+01
243.240000,-8.37755106e+01,-5.23603570e+01
243.245000,-8.37755094e+01,-5.23603558e+01
243.250000,-8.37755082e+01,-5.23603547e+01
243.255000,-8.37755071e+01,-5.23603535e+01
243.260000,-8.37755059e+01,-5.23603523e+01
243.265000,-8.37755047e+01,-5.23603512e+01
243.270000,-8.37755036e+01,-5.23603500e+01
243.275000,-8.37755024e+01,-5.23603488e+01
243.280000,-8.37755012e+01,-5.23603476e+01
243.285000,-8.37755000e+01,-5.23603465e+01
243.290000,-8.37754989e+01,-5.23603453e+01
243.295000,-8.37754977e+01,-5.23603441e+01
243.300000,-8.37754965e+01,-5.23603430e+01
243.305000,-8.37754954e+01,-5.23603418e+01
243.310000,-8.37754942e+01,-5.23603406e+01
243.315000,-8.37754930e+01,-5.23603395e+01
243.320000,-8.37754919e+01,-5.23603383e+01
243.325000,-8.37754907e+01,-5.23603371e+01
243.330000,-8.37754895e+01,-5.23603360e+01
243.335000,-8.37754884e+01,-5.23603348e+01
243.340000,-8.37754872e+01,-5.23603336e+01
243.345000,-8.37754860e+01,-5.23603325e+01
243.350000,-8.37754849e+01,-5.23603313e+01
243.355000,-8.37754837e+01,-5.23603301e+01
243.360000,-8.37754825e+01,-5.23603290e+01
243.365000,-8.37754814e+01,-5.23603278e+01
243.370000,-8.37754802e+01,-5.23603267e+01
243.375000,-8.37754791e+01,-5.23603255e+01
243.380000,-8.37754779e+01,-5.23603243e+01
243.385000,-8.37754767e+01,-5.23603232e+01
243.390000,-8.37754756e+01,-5.23603220e+01
243.395000,-8.37754744e+01,-5.23603209e+01
243.400000,-8.37754733e+01,-5.23603197e+01
243.405000,-8.37754721e+01,-5.23603185e+01
243.410000,-8.37754709e+01,-5.23603174e+01
243.415000,-8.37754698e+01,-5.23603162e+01
243.420000,-8.37754686e+01,-5.23603151e+01
243.425000,-8.37754675e+01,-5.23603139e+01
243.430000,-8.37754663e+01,-5.23603128e+01
243.435000,-8.37754652e+01,-5.23603116e+01
243.440000,-8.37754640e+01,-5.23603104e+01
243.445000,-8.37754629e+01,-5.23603093e+01
243.450000,-8.37754617e+01,-5.23603081e+01
243.455000,-8.37754605e+01,-5.23603070e+01
243.460000,-8.37754594e+01,-5.23603058e+01
243.465000,-8.37754582e+01,-5.23603047e+01
243.470000,-8.37754571e+01,-5.23603035e+01
243.475000,-8.37754559e+01,-5.23603024e+01
243.480000,-8.37754548e+01,-5.23603012e+01
243.485000,-8.37754536e+01,-5.23603001e+01
243.490000,-8.37754525e+01,-5.23602989e+01
243.495000,-8.37754513e+01,-5.23602978e+01
243.500000,-8.37754502e+01,-5.23602966e+01
243.505000,-8.37754490e+01,-5.23602955e+01
243.510000,-8.37754479e+01,-5.23602943e+01
243.515000,-8.37754467e+01,-5.23602932e+01
243.520000,-8.37754456e+01,-5.23602920e+01
243.525000,-8.37754444e+01,-5.23602909e+01
243.530000,-8.37754433e+01,-5.23602897e+01
243.535000,-8.37754421e+01,-5.23602886e+01
243.540000,-8.37754410e+01,-5.23602874e+01
243.545000,-8.37754399e+01,-5.23602863e+01
243.550000,-8.37754387e+01,-5.23602851e+01
243.555000,-8.37754376e+01,-5.23602840e+01
243.560000,-8.37754364e+01,-5.23602829e+01
243.565000,-8.37754353e+01,-5.23602817e+01
243.570000,-8.37754341e+01,-5.23602806e+01
243.575000,-8.37754330e+01,-5.23602794e+01
243.580000,-8.37754319e+01,-5.23602783e+01
243.585000,-8.37754307e+01,-5.23602771e+01
243.590000,-8.37754296e+01,-5.23602760e+01
243.595000,-8.37754284e+01,-5.23602749e+01
243.600000,-8.37754273e+01,-5.23602737e+01
243.605000,-8.37754261e+01,-5.23602726e+01
243.610000,-8.37754250e+01,-5.23602714e+01
243.615000,-8.37754239e+01,-5.23602703e+01
243.620000,-8.37754227e+01,-5.23602692e+01
243.625000,-8.37754216e+01,-5.23602680e+01
243.630000,-8.37754205e+01,-5.23602669e+01
243.635000,-8.37754193e+01,-5.23602657e+01
243.640000,-8.37754182e+01,-5.23602646e+01
243.645000,-8.37754170e+01,-5.23602635e+01
243.650000,-8.37754159e+01,-5.23602623e+01
243.655000,-8.37754148e+01,-5.23602612e+01
243.660000,-8.37754136e+01,-5.23602601e+01
243.665000,-8.37754125e+01,-5.23602589e+01
243.670000,-8.37754114e+01,-5.23602578e+01
243.675000,-8.37754102e+01,-5.23602567e+01
243.680000,-8.37754091e+01,-5.23602555e+01
243.685000,-8.37754080e+01,-5.23602544e+01
243.690000,-8.37754068e+01,-5.23602533e+01
243.695000,-8.37754057e+01,-5.23602521e+01
243.700000,-8.37754046e+01,-5.23602510e+01
243.705000,-8.37754034e+01,-5.23602499e+01
243.710000,-8.37754023e+01,-5.23602488e+01
243.715000,-8.37754012e+01,-5.23602476e+01
243.720000,-8.37754001e+01,-5.23602465e+01
243.725000,-8.37753989e+01,-5.23602454e+01
243.730000,-8.37753978e+01,-5.23602442e+01
243.735000,-8.37753967e+01,-5.23602431e+01
243.740000,-8.37753955e+01,-5.23602420e+01
243.745000,-8.37753944e+01,-5.23602409e+01
243.750000,-8.37753933e+01,-5.23602397e+01
243.755000,-8.37753922e+01,-5.23602386e+01
243.760000,-8.37753910e+01,-5.23602375e+01
243.765000,-8.37753899e+01,-5.23602363e+01
243.770000,-8.37753888e+01,-5.23602352e+01
243.775000,-8.37753877e+01,-5.23602341e+01
243.780000,-8.37753865e+01,-5.23602330e+01
243.785000,-8.37753854e+01,-5.23602319e+01
243.790000,-8.37753843e+01,-5.23602307e+01
243.795000,-8.37753832e+01,-5.23602296e+01
243.800000,-8.37753821e+01,-5.23602285e+01
243.805000,-8.37753809e+01,-5.23602274e+01
243.810000,-8.37753798e+01,-5.23602262e+01
243.815000,-8.37753787e+01,-5.23602251e+01
243.820000,-8.37753776e+01,-5.23602240e+01
243.825000,-8.37753765e+01,-5.23602229e+01
243.830000,-8.37753753e+01,-5.23602218e+01
243.835000,-8.37753742e+01,-5.23602206e+01
243.840000,-8.37753731e+01,-5.23602195e+01
243.845000,-8.37753720e+01,-5.23602184e+01
243.850000,-8.37753709e+01,-5.23602173e+01
243.855000,-8.37753697e+01,-5.23602162e+01
243.860000,-8.37753686e+01,-5.23602151e+01
243.865000,-8.37753675e+01,-5.23602139e+01
243.870000,-8.37753664e+01,-5.23602128e+01
243.875000,-8.37753653e+01,-5.23602117e+01
243.880000,-8.37753642e+01,-5.23602106e+01
243.885000,-8.37753631e+01,-5.23602095e+01
243.890000,-8.37753619e+01,-5.23602084e+01
243.895000,-8.37753608e+01,-5.23602073e+01
243.900000,-8.37753597e+01,-5.23602061e+01
243.905000,-8.37753586e+01,-5.23602050e+01
243.910000,-8.37753575e+01,-5.23602039e+01
243.915000,-8.37753564e+01,-5.23602028e+01
243.920000,-8.37753553e+01,-5.23602017e+01
243.925000,-8.37753542e+01,-5.23602006e+01
243.930000,-8.37753530e+01,-5.23601995e+01
243.935000,-8.37753519e+01,-5.23601984e+01
243.940000,-8.37753508e+01,-5.23601973e+01
243.945000,-8.37753497e+01,-5.23601962e+01
243.950000,-8.37753486e+01,-5.23601950e+01
243.955000,-8.37753475e+01,-5.23601939e+01
243.960000,-8.37753464e+01,-5.23601928e+01
243.965000,-8.37753453e+01,-5.23601917e+01
243.970000,-8.37753442e+01,-5.23601906e+01
243.975000,-8.37753431e+01,-5.23601895e+01
243.980000,-8.37753420e+01,-5.23601884e+01
243.985000,-8.37753409e+01,-5.23601873e+01
243.990000,-8.37753398e+01,-5.23601862e+01
243.995000,-8.37753387e+01,-5.23601851e+01
244.000000,-8.37753376e+01,-5.23601840e+01
244.005000,-8.37753365e+01,-5.23601829e+01
244.010000,-8.37753354e+01,-5.23601818e+01
244.015000,-8.37753342e+01,-5.23601807e+01
244.020000,-8.37753331e+01,-5.23601796e+01
244.025000,-8.37753320e+01,-5.23601785e+01
244.030000,-8.37753309e+01,-5.23601774e+01
244.035000,-8.37753298e+01,-5.23601763e+01
244.040000,-8.37753287e+01,-5.23601752e+01
244.045000,-8.37753276e+01,-5.23601741e+01
244.050000,-8.37753265e+01,-5.23601730e+01
244.055000,-8.37753254e+01,-5.23601719e+01
244.060000,-8.37753243e+01,-5.23601708e+01
244.065000,-8.37753233e+01,-5.23601697e+01
244.070000,-8.37753222e+01,-5.23601686e+01
244.075000,-8.37753211e+01,-5.23601675e+01
244.080000,-8.37753200e+01,-5.23601664e+01
244.085000,-8.37753189e+01,-5.23601653e+01
244.090000,-8.37753178e+01,-5.23601642e+01
244.095000,-8.37753167e+01,-5.23601631e+01
244.100000,-8.37753156e+01,-5.23601620e+01
244.105000,-8.37753145e+01,-5.23601609e+01
244.110000,-8.37753134e+01,-5.23601598e+01
244.115000,-8.37753123e+01,-5.23601587e+01
244.120000,-8.37753112e+01,-5.23601576e+01
244.125000,-8.37753101e+01,-5.23601565e+01
244.130000,-8.37753090e+01,-5.23601555e+01
244.135000,-8.37753079e+01,-5.23601544e+01
244.140000,-8.37753068e+01,-5.23601533e+01
244.145000,-8.37753057e+01,-5.23601522e+01
244.150000,-8.37753047e+01,-5.23601511e+01
244.155000,-8.37753036e+01,-5.23601500e+01
244.160000,-8.37753025e+01,-5.23601489e+01
244.165000,-8.37753014e+01,-5.23601478e+01
244.170000,-8.37753003e+01,-5.23601467e+01
244.175000,-8.37752992e+01,-5.23601456e+01
244.180000,-8.37752981e+01,-5.23601446e+01
244.185000,-8.37752970e+01,-5.23601435e+01
244.190000,-8.37752960e+01,-5.23601424e+01
244.195000,-8.37752949e+01,-5.23601413e+01
244.200000,-8.37752938e+01,-5.23601402e+01
244.205000,-8.37752927e+01,-5.23601391e+01
244.210000,-8.37752916e+01,-5.23601380e+01
244.215000,-8.37752905e+01,-5.23601370e+01
244.220000,-8.37752894e+01,-5.23601359e+01
244.225000,-8.37752884e+01,-5.23601348e+01
244.230000,-8.37752873e+01,-5.23601337e+01
244.235000,-8.37752862e+01,-5.23601326e+01
244.240000,-8.37752851e+01,-5.23601315e+01
244.245000,-8.37752840e+01,-5.23601305e+01
244.250000,-8.37752829e+01,-5.23601294e+01
244.255000,-8.37752819e+01,-5.23601283e+01
244.260000,-8.37752808e+01,-5.23601272e+01
244.265000,-8.37752797e+01,-5.23601261e+01
244.270000,-8.37752786e+01,-5.23601251e+01
244.275000,-8.37752775e+01,-5.23601240e+01
244.280000,-8.37752765e+01,-5.23601229e+01
244.285000,-8.37752754e+01,-5.23601218e+01
244.290000,-8.37752743e+01,-5.23601207e+01
244.295000,-8.37752732e+01,-5.23601197e+01
244.300000,-8.37752722e+01,-5.23601186e+01
244.305000,-8.37752711e+01,-5.23601175e+01
244.310000,-8.37752700e+01,-5.23601164e+01
244.315000,-8.37752689e+01,-5.23601154e+01
244.320000,-8.37752679e+01,-5.23601143e+01
244.325000,-8.37752668e+01,-5.23601132e+01
244.330000,-8.37752657e+01,-5.23601121e+01
244.335000,-8.37752646e+01,-5.23601111e+01
244.340000,-8.37752636e+01,-5.23601100e+01
244.345000,-8.37752625e+01,-5.23601089e+01
244.350000,-8.37752614e+01,-5.23601078e+01
244.355000,-8.37752603e+01,-5.23601068e+01
244.360000,-8.37752593e+01,-5.23601057e+01
244.365000,-8.37752582e+01,-5.23601046e+01
244.370000,-8.37752571e+01,-5.23601036e+01
244.375000,-8.37752561e+01,-5.23601025e+01
244.380000,-8.37752550e+01,-5.23601014e+01
244.385000,-8.37752539e+01,-5.23601004e+01
244.390000,-8.37752528e+01,-5.23600993e+01
244.395000,-8.37752518e+01,-5.23600982e+01
244.400000,-8.37752507e+01,-5.23600971e+01
244.405000,-8.37752496e+01,-5.23600961e+01
244.410000,-8.37752486e+01,-5.23600950e+01
244.415000,-8.37752475e+01,-5.23600939e+01
244.420000,-8.37752464e+01,-5.23600929e+01
244.425000,-8.37752454e+01,-5.23600918e+01
244.430000,-8.37752443e+01,-5.23600907e+01
244.435000,-8.37752432e+01,-5.23600897e+01
244.440000,-8.37752422e+01,-5.23600886e+01
244.445000,-8.37752411e+01,-5.23600876e+01
244.450000,-8.37752401e+01,-5.23600865e+01
244.455000,-8.37752390e+01,-5.23600854e+01
244.460000,-8.37752379e+01,-5.23600844e+01
244.465000,-8.37752369e+01,-5.23600833e+01
244.470000,-8.37752358e+01,-5.23600822e+01
244.475000,-8.37752347e+01,-5.23600812e+01
244.480000,-8.37752337e+01,-5.23600801e+01
244.485000,-8.37752326e+01,-5.23600791e+01
244.490000,-8.37752316e+01,-5.23600780e+01
244.495000,-8.37752305e+01,-5.23600769e+01
244.500000,-8.37752294e+01,-5.23600759e+01
244.505000,-8.37752284e+01,-5.23600748e+01
244.510000,-8.37752273e+01,-5.23600738e+01
244.515000,-8.37752263e+01,-5.23600727e+01
244.520000,-8.37752252e+01,-5.23600716e+01
244.525000,-8.37752242e+01,-5.23600706e+01
244.530000,-8.37752231e+01,-5.23600695e+01
244.535000,-8.37752220e+01,-5.23600685e+01
244.540000,-8.37752210e+01,-5.23600674e+01
244.545000,-8.37752199e+01,-5.23600664e+01
244.550000,-8.37752189e+01,-5.23600653e+01
244.555000,-8.37752178e+01,-5.23600643e+01
244.560000,-8.37752168e+01,-5.23600632e+01
244.565000,-8.37752157e+01,-5.23600621e+01
244.570000,-8.37752147e+01,-5.23600611e+01
244.575000,-8.37752136e+01,-5.23600600e+01
244.580000,-8.37752126e+01,-5.23600590e+01
244.585000,-8.37752115e+01,-5.23600579e+01
244.590000,-8.37752104e+01,-5.23600569e+01
244.595000,-8.37752094e+01,-5.23600558e+01
244.600000,-8.37752083e+01,-5.23600548e+01
244.605000,-8.37752073e+01,-5.23600537e+01
244.610000,-8.37752062e+01,-5.23600527e+01
244.615000,-8.37752052e+01,-5.23600516e+01
244.620000,-8.37752041e+01,-5.23600506e+01
244.625000,-8.37752031e+01,-5.23600495e+01
244.630000,-8.37752020e+01,-5.23600485e+01
244.635000,-8.37752010e+01,-5.23600474e+01
244.640000,-8.37752000e+01,-5.23600464e+01
244.645000,-8.37751989e+01,-5.23600453e+01
244.650000,-8.37751979e+01,-5.23600443e+01
244.655000,-8.37751968e+01,-5.23600432e+01
244.660000,-8.37751958e+01,-5.23600422e+01
244.665000,-8.37751947e+01,-5.23600412e+01
244.670000,-8.37751937e+01,-5.23600401e+01
244.675000,-8.37751926e+01,-5.23600391e+01
244.680000,-8.37751916e+01,-5.23600380e+01
244.685000,-8.37751905e+01,-5.23600370e+01
244.690000,-8.37751895e+01,-5.23600359e+01
244.695000,-8.37751885e+01,-5.23600349e+01
244.700000,-8.37751874e+01,-5.23600339e+01
244.705000,-8.37751864e+01,-5.23600328e+01
244.710000,-8.37751853e+01,-5.23600318e+01
244.715000,-8.37751843e+01,-5.23600307e+01
244.720000,-8.37751833e+01,-5.23600297e+01
244.725000,-8.37751822e+01,-5.23600286e+01
244.730000,-8.37751812e+01,-5.23600276e+01
244.735000,-8.37751801e+01,-5.23600266e+01
244.740000,-8.37751791e+01,-5.23600255e+01
244.745000,-8.37751781e+01,-5.23600245e+01
244.750000,-8.37751770e+01,-5.23600235e+01
244.755000,-8.37751760e+01,-5.23600224e+01
244.760000,-8.37751749e+01,-5.23600214e+01
244.765000,-8.37751739e+01,-5.23600203e+01
244.770000,-8.37751729e+01,-5.23600193e+01
244.775000,-8.37751718e+01,-5.23600183e+01
244.780000,-8.37751708e+01,-5.23600172e+01
244.785000,-8.37751698e+01,-5.23600162e+01
244.790000,-8.37751687e+01,-5.23600152e+01
244.795000,-8.37751677e+01,-5.23600141e+01
244.800000,-8.37751667e+01,-5.23600131e+01
244.805000,-8.37751656e+01,-5.23600121e+01
244.810000,-8.37751646e+01,-5.23600110e+01
244.815000,-8.37751636e+01,-5.23600100e+01
244.820000,-8.37751625e+01,-5.23600090e+01
244.825000,-8.37751615e+01,-5.23600079e+01
244.830000,-8.37751605e+01,-5.23600069e+01
244.835000,-8.37751594e+01,-5.23600059e+01
244.840000,-8.37751584e+01,-5.23600048e+01
244.845000,-8.37751574e+01,-5.23600038e+01
244.850000,-8.37751563e+01,-5.23600028e+01
244.855000,-8.37751553e+01,-5.23600018e+01
244.860000,-8.37751543e+01,-5.23600007e+01
244.865000,-8.37751533e+01,-5.23599997e+01
244.870000,-8.37751522e+01,-5.23599987e+01
244.875000,-8.37751512e+01,-5.23599976e+01
244.880000,-8.37751502e+01,-5.23599966e+01
244.885000,-8.37751492e+01,-5.23599956e+01
244.890000,-8.37751481e+01,-5.23599946e+01
244.895000,-8.37751471e+01,-5.23599935e+01
244.900000,-8.37751461e+01,-5.23599925e+01
244.905000,-8.37751451e+01,-5.23599915e+01
244.910000,-8.37751440e+01,-5.23599905e+01
244.915000,-8.37751430e+01,-5.23599894e+01
244.920000,-8.37751420e+01,-5.23599884e+01
244.925000,-8.37751410e+01,-5.23599874e+01
244.930000,-8.37751399e+01,-5.23599864e+01
244.935000,-8.37751389e+01,-5.23599853e+01
244.940000,-8.37751379e+01,-5.23599843e+01
244.945000,-8.37751369e+01,-5.23599833e+01
244.950000,-8.37751358e+01,-5.23599823e+01
244.955000,-8.37751348e+01,-5.23599813e+01
244.960000,-8.37751338e+01,-5.23599802e+01
244.965000,-8.37751328e+01,-5.23599792e+01
244.970000,-8.37751318e+01,-5.23599782e+01
244.975000,-8.37751307e+01,-5.23599772e+01
244.980000,-8.37751297e+01,-5.23599762e+01
244.985000,-8.37751287e+01,-5.23599751e+01
244.990000,-8.37751277e+01,-5.23599741e+01
244.995000,-8.37751267e+01,-5.23599731e+01
245.000000,-8.37751257e+01,-5.23599721e+01
245.005000,-8.37751246e+01,-5.23599711e+01
245.010000,-8.37751236e+01,-5.23599701e+01
245.015000,-8.37751226e+01,-5.23599690e+01
245.020000,-8.37751216e+01,-5.23599680e+01
245.025000,-8.37751206e+01,-5.23599670e+01
245.030000,-8.37751196e+01,-5.23599660e+01
245.035000,-8.37751186e+01,-5.23599650e+01
245.040000,-8.37751175e+01,-5.23599640e+01
245.045000,-8.37751165e+01,-5.23599630e+01
245.050000,-8.37751155e+01,-5.23599619e+01
245.055000,-8.37751145e+01,-5.23599609e+01
245.060000,-8.37751135e+01,-5.23599599e+01
245.065000,-8.37751125e+01,-5.23599589e+01
245.070000,-8.37751115e+01,-5.23599579e+01
245.075000,-8.37751105e+01,-5.23599569e+01
245.080000,-8.37751094e+01,-5.23599559e+01
245.085000,-8.37751084e+01,-5.23599549e+01
245.090000,-8.37751074e+01,-5.23599539e+01
245.095000,-8.37751064e+01,-5.23599528e+01
245.100000,-8.37751054e+01,-5.23599518e+01
245.105000,-8.37751044e+01,-5.23599508e+01
245.110000,-8.37751034e+01,-5.23599498e+01
245.115000,-8.37751024e+01,-5.23599488e+01
245.120000,-8.37751014e+01,-5.23599478e+01
245.125000,-8.37751004e+01,-5.23599468e+01
245.130000,-8.37750994e+01,-5.23599458e+01
245.135000,-8.37750984e+01,-5.23599448e+01
245.140000,-8.37750974e+01,-5.23599438e+01
245.145000,-8.37750963e+01,-5.23599428e+01
245.150000,-8.37750953e+01,-5.23599418e+01
245.155000,-8.37750943e+01,-5.23599408e+01
245.160000,-8.37750933e+01,-5.23599398e+01
245.165000,-8.37750923e+01,-5.23599388e+01
245.170000,-8.37750913e+01,-5.23599378e+01
245.175000,-8.37750903e+01,-5.23599368e+01
245.180000,-8.37750893e+01,-5.23599358e+01
245.185000,-8.37750883e+01,-5.23599348e+01
245.190000,-8.37750873e+01,-5.23599338e+01
245.195000,-8.37750863e+01,-5.23599328e+01
245.200000,-8.37750853e+01,-5.23599318e+01
245.205000,-8.37750843e+01,-5.23599308e+01
245.210000,-8.37750833e+01,-5.23599298e+01
245.215000,-8.37750823e+01,-5.23599288e+01
245.220000,-8.37750813e+01,-5.23599278e+01
245.225000,-8.37750803e+01,-5.23599268e+01
245.230000,-8.37750793e+01,-5.23599258e+01
245.235000,-8.37750783e+01,-5.23599248e+01
245.240000,-8.37750773e+01,-5.23599238e+01
245.245000,-8.37750763e+01,-5.23599228e+01
245.250000,-8.37750753e+01,-5.23599218e+01
245.255000,-8.37750743e+01,-5.23599208e+01
245.260000,-8.37750733e+01,-5.23599198e+01
245.265000,-8.37750723e+01,-5.23599188e+01
245.270000,-8.37750714e+01,-5.23599178e+01
245.275000,-8.37750704e+01,-5.23599168e+01
245.280000,-8.37750694e+01,-5.23599158e+01
245.285000,-8.37750684e+01,-5.23599148e+01
245.290000,-8.37750674e+01,-5.23599138e+01
245.295000,-8.37750664e+01,-5.23599128e+01
245.300000,-8.37750654e+01,-5.23599118e+01
245.305000,-8.37750644e+01,-5.23599108e+01
245.310000,-8.37750634e+01,-5.23599098e+01
245.315000,-8.37750624e+01,-5.23599089e+01
245.320000,-8.37750614e+01,-5.23599079e+01
245.325000,-8.37750604e+01,-5.23599069e+01
245.330000,-8.37750594e+01,-5.23599059e+01
245.335000,-8.37750585e+01,-5.23599049e+01
245.340000,-8.37750575e+01,-5.23599039e+01
245.345000,-8.37750565e+01,-5.23599029e+01
245.350000,-8.37750555e+01,-5.23599019e+01
245.355000,-8.37750545e+01,-5.23599009e+01
245.360000,-8.37750535e+01,-5.23599000e+01
245.365000,-8.37750525e+01,-5.23598990e+01
245.370000,-8.37750515e+01,-5.23598980e+01
245.375000,-8.37750506e+01,-5.23598970e+01
245.380000,-8.37750496e+01,-5.23598960e+01
245.385000,-8.37750486e+01,-5.23598950e+01
245.390000,-8.37750476e+01,-5.23598940e+01
245.395000,-8.37750466e+01,-5.23598931e+01
245.400000,-8.37750456e+01,-5.23598921e+01
245.405000,-8.37750446e+01,-5.23598911e+01
245.410000,-8.37750437e+01,-5.23598901e+01
245.415000,-8.37750427e+01,-5.23598891e+01
245.420000,-8.37750417e+01,-5.23598881e+01
245.425000,-8.37750407e+01,-5.23598872e+01
245.430000,-8.37750397e+01,-5.23598862e+01
245.435000,-8.37750388e+01,-5.23598852e+01
245.440000,-8.37750378e+01,-5.23598842e+01
245.445000,-8.37750368e+01,-5.23598832e+01
245.450000,-8.37750358e+01,-5.23598822e+01
245.455000,-8.37750348e+01,-5.23598813e+01
245.460000,-8.37750339e+01,-5.23598803e+01
245.465000,-8.37750329e+01,-5.23598793e+01
245.470000,-8.37750319e+01,-5.23598783e+01
245.475000,-8.37750309e+01,-5.23598774e+01
245.480000,-8.37750299e+01,-5.23598764e+01
245.485000,-8.37750290e+01,-5.23598754e+01
245.490000,-8.37750280e+01,-5.23598744e+01
245.495000,-8.37750270e+01,-5.23598734e+01
245.500000,-8.37750260e+01,-5.23598725e+01
245.505000,-8.37750251e+01,-5.23598715e+01
245.510000,-8.37750241e+01,-5.23598705e+01
245.515000,-8.37750231e+01,-5.23598695e+01
245.520000,-8.37750221e+01,-5.23598686e+01
245.525000,-8.37750212e+01,-5.23598676e+01
245.530000,-8.37750202e+01,-5.23598666e+01
245.535000,-8.37750192e+01,-5.23598656e+01
245.540000,-8.37750182e+01,-5.23598647e+01
245.545000,-8.37750173e+01,-5.23598637e+01
245.550000,-8.37750163e+01,-5.23598627e+01
245.555000,-8.37750153e+01,-5.23598618e+01
245.560000,-8.37750143e+01,-5.23598608e+01
245.565000,-8.37750134e+01,-5.23598598e+01
245.570000,-8.37750124e+01,-5.23598588e+01
245.575000,-8.37750114e+01,-5.23598579e+01
245.580000,-8.37750105e+01,-5.23598569e+01
245.585000,-8.37750095e+01,-5.23598559e+01
245.590000,-8.37750085e+01,-5.23598550e+01
245.595000,-8.37750076e+01,-5.23598540e+01
245.600000,-8.37750066e+01,-5.23598530e+01
245.605000,-8.37750056e+01,-5.23598521e+01
245.610000,-8.37750047e+01,-5.23598511e+01
245.615000,-8.37750037e+01,-5.23598501e+01
245.620000,-8.37750027e+01,-5.23598492e+01
245.625000,-8.37750018e+01,-5.23598482e+01
245.630000,-8.37750008e+01,-5.23598472e+01
245.635000,-8.37749998e+01,-5.23598463e+01
245.640000,-8.37749989e+01,-5.23598453e+01
245.645000,-8.37749979e+01,-5.23598443e+01
245.650000,-8.37749969e+01,-5.23598434e+01
245.655000,-8.37749960e+01,-5.23598424e+01
245.660000,-8.37749950e+01,-5.23598414e+01
245.665000,-8.37749940e+01,-5.23598405e+01
245.670000,-8.37749931e+01,-5.23598395e+01
245.675000,-8.37749921e+01,-5.23598385e+01
245.680000,-8.37749911e+01,-5.23598376e+01
245.685000,-8.37749902e+01,-5.23598366e+01
245.690000,-8.37749892e+01,-5.23598357e+01
245.695000,-8.37749883e+01,-5.23598347e+01
245.700000,-8.37749873e+01,-5.23598337e+01
245.705000,-8.37749863e+01,-5.23598328e+01
245.710000,-8.37749854e+01,-5.23598318e+01
245.715000,-8.37749844e+01,-5.23598309e+01
245.720000,-8.37749835e+01,-5.23598299e+01
245.725000,-8.37749825e+01,-5.23598289e+01
245.730000,-8.37749816e+01,-5.23598280e+01
245.735000,-8.37749806e+01,-5.23598270e+01
245.740000,-8.37749796e+01,-5.23598261e+01
245.745000,-8.37749787e+01,-5.23598251e+01
245.750000,-8.37749777e+01,-5.23598242e+01
245.755000,-8.37749768e+01,-5.23598232e+01
245.760000,-8.37749758e+01,-5.23598222e+01
245.765000,-8.37749749e+01,-5.23598213e+01
245.770000,-8.37749739e+01,-5.23598203e+01
245.775000,-8.37749729e+01,-5.23598194e+01
245.780000,-8.37749720e+01,-5.23598184e+01
245.785000,-8.37749710e+01,-5.23598175e+01
245.790000,-8.37749701e+01,-5.23598165e+01
245.795000,-8.37749691e+01,-5.23598156e+01
245.800000,-8.37749682e+01,-5.23598146e+01
245.805000,-8.37749672e+01,-5.23598137e+01
245.810000,-8.37749663e+01,-5.23598127e+01
245.815000,-8.37749653e+01,-5.23598118e+01
245.820000,-8.37749644e+01,-5.23598108e+01
245.825000,-8.37749634e+01,-5.23598099e+01
245.830000,-8.37749625e+01,-5.23598089e+01
245.835000,-8.37749615e+01,-5.23598080e+01
245.840000,-8.37749606e+01,-5.23598070e+01
245.845000,-8.37749596e+01,-5.23598061e+01
245.850000,-8.37749587e+01,-5.23598051e+01
245.855000,-8.37749577e+01,-5.23598042e+01
245.860000,-8.37749568e+01,-5.23598032e+01
245.865000,-8.37749558e+01,-5.23598023e+01
245.870000,-8.37749549e+01,-5.23598013e+01
245.875000,-8.37749539e+01,-5.23598004e+01
245.880000,-8.37749530e+01,-5.23597994e+01
245.885000,-8.37749520e+01,-5.23597985e+01
245.890000,-8.37749511e+01,-5.23597975e+01
245.895000,-8.37749502e+01,-5.23597966e+01
245.900000,-8.37749492e+01,-5.23597956e+01
245.905000,-8.37749483e+01,-5.23597947e+01
245.910000,-8.37749473e+01,-5.23597938e+01
245.915000,-8.37749464e+01,-5.23597928e+01
245.920000,-8.37749454e+01,-5.23597919e+01
245.925000,-8.37749445e+01,-5.23597909e+01
245.930000,-8.37749435e+01,-5.23597900e+01
245.935000,-8.37749426e+01,-5.23597890e+01
245.940000,-8.37749417e+01,-5.23597881e+01
245.945000,-8.37749407e+01,-5.23597872e+01
245.950000,-8.37749398e+01,-5.23597862e+01
245.955000,-8.37749388e+01,-5.23597853e+01
245.960000,-8.37749379e+01,-5.23597843e+01
245.965000,-8.37749370e+01,-5.23597834e+01
245.970000,-8.37749360e+01,-5.23597825e+01
245.975000,-8.37749351e+01,-5.23597815e+01
245.980000,-8.37749341e+01,-5.23597806e+01
245.985000,-8.37749332e+01,-5.23597796e+01
245.990000,-8.37749323e+01,-5.23597787e+01
245.995000,-8.37749313e+01,-5.23597778e+01
246.000000,-8.37749304e+01,-5.23597768e+01
246.005000,-8.37749295e+01,-5.23597759e+01
246.010000,-8.37749285e+01,-5.23597750e+01
246.015000,-8.37749276e+01,-5.23597740e+01
246.020000,-8.37749266e+01,-5.23597731e+01
246.025000,-8.37749257e+01,-5.23597721e+01
246.030000,-8.37749248e+01,-5.23597712e+01
246.035000,-8.37749238e+01,-5.23597703e+01
246.040000,-8.37749229e+01,-5.23597693e+01
246.045000,-8.37749220e+01,-5.23597684e+01
246.050000,-8.37749210e+01,-5.23597675e+01
246.055000,-8.37749201e+01,-5.23597665e+01
246.060000,-8.37749192e+01,-5.23597656e+01
246.065000,-8.37749182e+01,-5.23597647e+01
246.070000,-8.37749173e+01,-5.23597637e+01
246.075000,-8.37749164e+01,-5.23597628e+01
246.080000,-8.37749155e+01,-5.23597619e+01
246.085000,-8.37749145e+01,-5.23597610e+01
246.090000,-8.37749136e+01,-5.23597600e+01
246.095000,-8.37749127e+01,-5.23597591e+01
246.100000,-8.37749117e+01,-5.23597582e+01
246.105000,-8.37749108e+01,-5.23597572e+01
246.110000,-8.37749099e+01,-5.23597563e+01
246.115000,-8.37749089e+01,-5.23597554e+01
246.120000,-8.37749080e+01,-5.23597545e+01
246.125000,-8.37749071e+01,-5.23597535e+01
246.130000,-8.37749062e+01,-5.23597526e+01
246.135000,-8.37749052e+01,-5.23597517e+01
246.140000,-8.37749043e+01,-5.23597507e+01
246.145000,-8.37749034e+01,-5.23597498e+01
246.150000,-8.37749025e+01,-5.23597489e+01
246.155000,-8.37749015e+01,-5.23597480e+01
246.160000,-8.37749006e+01,-5.23597470e+01
246.165000,-8.37748997e+01,-5.23597461e+01
246.170000,-8.37748988e+01,-5.23597452e+01
246.175000,-8.37748978e+01,-5.23597443e+01
246.180000,-8.37748969e+01,-5.23597433e+01
246.185000,-8.37748960e+01,-5.23597424e+01
246.190000,-8.37748951e+01,-5.23597415e+01
246.195000,-8.37748941e+01,-5.23597406e+01
246.200000,-8.37748932e+01,-5.23597397e+01
246.205000,-8.37748923e+01,-5.23597387e+01
246.210000,-8.37748914e+01,-5.23597378e+01
246.215000,-8.37748905e+01,-5.23597369e+01
246.220000,-8.37748895e+01,-5.23597360e+01
246.225000,-8.37748886e+01,-5.23597351e+01
246.230000,-8.37748877e+01,-5.23597341e+01
246.235000,-8.37748868e+01,-5.23597332e+01
246.240000,-8.37748859e+01,-5.23597323e+01
246.245000,-8.37748849e+01,-5.23597314e+01
246.250000,-8.37748840e+01,-5.23597305e+01
246.255000,-8.37748831e+01,-5.23597295e+01
246.260000,-8.37748822e+01,-5.23597286e+01
246.265000,-8.37748813e+01,-5.23597277e+01
246.270000,-8.37748804e+01,-5.23597268e+01
246.275000,-8.37748794e+01,-5.23597259e+01
246.280000,-8.37748785e+01,-5.23597250e+01
246.285000,-8.37748776e+01,-5.23597240e+01
246.290000,-8.37748767e+01,-5.23597231e+01
246.295000,-8.37748758e+01,-5.23597222e+01
246.300000,-8.37748749e+01,-5.23597213e+01
246.305000,-8.37748739e+01,-5.23597204e+01
246.310000,-8.37748730e+01,-5.23597195e+01
246.315000,-8.37748721e+01,-5.23597186e+01
246.320000,-8.37748712e+01,-5.23597176e+01
246.325000,-8.37748703e+01,-5.23597167e+01
246.330000,-8.37748694e+01,-5.23597158e+01
246.335000,-8.37748685e+01,-5.23597149e+01
246.340000,-8.37748676e+01,-5.23597140e+01
246.345000,-8.37748666e+01,-5.23597131e+01
246.350000,-8.37748657e+01,-5.23597122e+01
246.355000,-8.37748648e+01,-5.23597113e+01
246.360000,-8.37748639e+01,-5.23597104e+01
246.365000,-8.37748630e+01,-5.23597094e+01
246.370000,-8.37748621e+01,-5.23597085e+01
246.375000,-8.37748612e+01,-5.23597076e+01
246.380000,-8.37748603e+01,-5.23597067e+01
246.385000,-8.37748594e+01,-5.23597058e+01
246.390000,-8.37748585e+01,-5.23597049e+01
246.395000,-8.37748576e+01,-5.23597040e+01
246.400000,-8.37748566e+01,-5.23597031e+01
246.405000,-8.37748557e+01,-5.23597022e+01
246.410000,-8.37748548e+01,-5.23597013e+01
246.415000,-8.37748539e+01,-5.23597004e+01
246.420000,-8.37748530e+01,-5.23596995e+01
246.425000,-8.37748521e+01,-5.23596986e+01
246.430000,-8.37748512e+01,-5.23596977e+01
246.435000,-8.37748503e+01,-5.23596967e+01
246.440000,-8.37748494e+01,-5.23596958e+01
246.445000,-8.37748485e+01,-5.23596949e+01
246.450000,-8.37748476e+01,-5.23596940e+01
246.455000,-8.37748467e+01,-5.23596931e+01
246.460000,-8.37748458e+01,-5.23596922e+01
246.465000,-8.37748449e+01,-5.23596913e+01
246.470000,-8.37748440e+01,-5.23596904e+01
246.475000,-8.37748431e+01,-5.23596895e+01
246.480000,-8.37748422e+01,-5.23596886e+01
246.485000,-8.37748413e+01,-5.23596877e+01
246.490000,-8.37748404e+01,-5.23596868e+01
246.495000,-8.37748395e+01,-5.23596859e+01
246.500000,-8.37748386e+01,-5.23596850e+01
246.505000,-8.37748377e+01,-5.23596841e+01
246.510000,-8.37748368e+01,-5.23596832e+01
246.515000,-8.37748359e+01,-5.23596823e+01
246.520000,-8.37748350e+01,-5.23596814e+01
246.525000,-8.37748341e+01,-5.23596805e+01
246.530000,-8.37748332e+01,-5.23596796e+01
246.535000,-8.37748323e+01,-5.23596787e+01
246.540000,-8.37748314e+01,-5.23596778e+01
246.545000,-8.37748305e+01,-5.23596769e+01
246.550000,-8.37748296e+01,-5.23596760e+01
246.555000,-8.37748287e+01,-5.23596752e+01
246.560000,-8.37748278e+01,-5.23596743e+01
246.565000,-8.37748269e+01,-5.23596734e+01
246.570000,-8.37748260e+01,-5.23596725e+01
246.575000,-8.37748251e+01,-5.23596716e+01
246.580000,-8.37748242e+01,-5.23596707e+01
246.585000,-8.37748233e+01,-5.23596698e+01
246.590000,-8.37748225e+01,-5.23596689e+01
246.595000,-8.37748216e+01,-5.23596680e+01
246.600000,-8.37748207e+01,-5.23596671e+01
246.605000,-8.37748198e+01,-5.23596662e+01
246.610000,-8.37748189e+01,-5.23596653e+01
246.615000,-8.37748180e+01,-5.23596644e+01
246.620000,-8.37748171e+01,-5.23596635e+01
246.625000,-8.37748162e+01,-5.23596627e+01
246.630000,-8.37748153e+01,-5.23596618e+01
246.635000,-8.37748144e+01,-5.23596609e+01
246.640000,-8.37748135e+01,-5.23596600e+01
246.645000,-8.37748127e+01,-5.23596591e+01
246.650000,-8.37748118e+01,-5.23596582e+01
246.655000,-8.37748109e+01,-5.23596573e+01
246.660000,-8.37748100e+01,-5.23596564e+01
246.665000,-8.37748091e+01,-5.23596555e+01
246.670000,-8.37748082e+01,-5.23596547e+01
246.675000,-8.37748073e+01,-5.23596538e+01
246.680000,-8.37748064e+01,-5.23596529e+01
246.685000,-8.37748056e+01,-5.23596520e+01
246.690000,-8.37748047e+01,-5.23596511e+01
246.695000,-8.37748038e+01,-5.23596502e+01
246.700000,-8.37748029e+01,-5.23596493e+01
246.705000,-8.37748020e+01,-5.23596485e+01
246.710000,-8.37748011e+01,-5.23596476e+01
246.715000,-8.37748002e+01,-5.23596467e+01
246.720000,-8.37747994e+01,-5.23596458e+01
246.725000,-8.37747985e+01,-5.23596449e+01
246.730000,-8.37747976e+01,-5.23596440e+01
246.735000,-8.37747967e+01,-5.23596432e+01
246.740000,-8.37747958e+01,-5.23596423e+01
246.745000,-8.37747950e+01,-5.23596414e+01
246.750000,-8.37747941e+01,-5.23596405e+01
246.755000,-8.37747932e+01,-5.23596396e+01
246.760000,-8.37747923e+01,-5.23596387e+01
246.765000,-8.37747914e+01,-5.23596379e+01
246.770000,-8.37747905e+01,-5.23596370e+01
246.775000,-8.37747897e+01,-5.23596361e+01
246.780000,-8.37747888e+01,-5.23596352e+01
246.785000,-8.37747879e+01,-5.23596343e+01
246.790000,-8.37747870e+01,-5.23596335e+01
246.795000,-8.37747862e+01,-5.23596326e+01
246.800000,-8.37747853e+01,-5.23596317e+01
246.805000,-8.37747844e+01,-5.23596308e+01
246.810000,-8.37747835e+01,-5.23596300e+01
246.815000,-8.37747826e+01,-5.23596291e+01
246.820000,-8.37747818e+01,-5.23596282e+01
246.825000,-8.37747809e+01,-5.23596273e+01
246.830000,-8.37747800e+01,-5.23596265e+01
246.835000,-8.37747791e+01,-5.23596256e+01
246.840000,-8.37747783e+01,-5.23596247e+01
246.845000,-8.37747774e+01,-5.23596238e+01
246.850000,-8.37747765e+01,-5.23596230e+01
246.855000,-8.37747756e+01,-5.23596221e+01
246.860000,-8.37747748e+01,-5.23596212e+01
246.865000,-8.37747739e+01,-5.23596203e+01
246.870000,-8.37747730e+01,-5.23596195e+01
246.875000,-8.37747722e+01,-5.23596186e+01
246.880000,-8.37747713e+01,-5.23596177e+01
246.885000,-8.37747704e+01,-5.23596168e+01
246.890000,-8.37747695e+01,-5.23596160e+01
246.895000,-8.37747687e+01,-5.23596151e+01
246.900000,-8.37747678e+01,-5.23596142e+01
246.905000,-8.37747669e+01,-5.23596134e+01
246.910000,-8.37747661e+01,-5.23596125e+01
246.915000,-8.37747652e+01,-5.23596116e+01
246.920000,-8.37747643e+01,-5.23596108e+01
246.925000,-8.37747634e+01,-5.23596099e+01
246.930000,-8.37747626e+01,-5.23596090e+01
246.935000,-8.37747617e+01,-5.23596081e+01
246.940000,-8.37747608e+01,-5.23596073e+01
246.945000,-8.37747600e+01,-5.23596064e+01
246.950000,-8.37747591e+01,-5.23596055e+01
246.955000,-8.37747582e+01,-5.23596047e+01
246.960000,-8.37747574e+01,-5.23596038e+01
246.965000,-8.37747565e+01,-5.23596029e+01
246.970000,-8.37747556e+01,-5.23596021e+01
246.975000,-8.37747548e+01,-5.23596012e+01
246.980000,-8.37747539e+01,-5.23596003e+01
246.985000,-8.37747530e+01,-5.23595995e+01
246.990000,-8.37747522e+01,-5.23595986e+01
246.995000,-8.37747513e+01,-5.23595978e+01
247.000000,-8.37747505e+01,-5.23595969e+01
247.005000,-8.37747496e+01,-5.23595960e+01
247.010000,-8.37747487e+01,-5.23595952e+01
247.015000,-8.37747479e+01,-5.23595943e+01
247.020000,-8.37747470e+01,-5.23595934e+01
247.025000,-8.37747461e+01,-5.23595926e+01
247.030000,-8.37747453e+01,-5.23595917e+01
247.035000,-8.37747444e+01,-5.23595909e+01
247.040000,-8.37747436e+01,-5.23595900e+01
247.045000,-8.37747427e+01,-5.23595891e+01
247.050000,-8.37747418e+01,-5.23595883e+01
247.055000,-8.37747410e+01,-5.23595874e+01
247.060000,-8.37747401e+01,-5.23595866e+01
247.065000,-8.37747393e+01,-5.23595857e+01
247.070000,-8.37747384e+01,-5.23595848e+01
247.075000,-8.37747375e+01,-5.23595840e+01
247.080000,-8.37747367e+01,-5.23595831e+01
247.085000,-8.37747358e+01,-5.23595823e+01
247.090000,-8.37747350e+01,-5.23595814e+01
247.095000,-8.37747341e+01,-5.23595806e+01
247.100000,-8.37747333e+01,-5.23595797e+01
247.105000,-8.37747324e+01,-5.23595788e+01
247.110000,-8.37747315e+01,-5.23595780e+01
247.115000,-8.37747307e+01,-5.23595771e+01
247.120000,-8.37747298e+01,-5.23595763e+01
247.125000,-8.37747290e+01,-5.23595754e+01
247.130000,-8.37747281e+01,-5.23595746e+01
247.135000,-8.37747273e+01,-5.23595737e+01
247.140000,-8.37747264e+01,-5.23595729e+01
247.145000,-8.37747256e+01,-5.23595720e+01
247.150000,-8.37747247e+01,-5.23595711e+01
247.155000,-8.37747239e+01,-5.23595703e+01
247.160000,-8.37747230e+01,-5.23595694e+01
247.165000,-8.37747222e+01,-5.23595686e+01
247.170000,-8.37747213e+01,-5.23595677e+01
247.175000,-8.37747205e+01,-5.23595669e+01
247.180000,-8.37747196e+01,-5.23595660e+01
247.185000,-8.37747187e+01,-5.23595652e+01
247.190000,-8.37747179e+01,-5.23595643e+01
247.195000,-8.37747170e+01,-5.23595635e+01
247.200000,-8.37747162e+01,-5.23595626e+01
247.205000,-8.37747153e+01,-5.23595618e+01
247.210000,-8.37747145e+01,-5.23595609e+01
247.215000,-8.37747137e+01,-5.23595601e+01
247.220000,-8.37747128e+01,-5.23595592e+01
247.225000,-8.37747120e+01,-5.23595584e+01
247.230000,-8.37747111e+01,-5.23595575e+01
247.235000,-8.37747103e+01,-5.23595567e+01
247.240000,-8.37747094e+01,-5.23595559e+01
247.245000,-8.37747086e+01,-5.23595550e+01
247.250000,-8.37747077e+01,-5.23595542e+01
247.255000,-8.37747069e+01,-5.23595533e+01
247.260000,-8.37747060e+01,-5.23595525e+01
247.265000,-8.37747052e+01,-5.23595516e+01
247.270000,-8.37747043e+01,-5.23595508e+01
247.275000,-8.37747035e+01,-5.23595499e+01
247.280000,-8.37747027e+01,-5.23595491e+01
247.285000,-8.37747018e+01,-5.23595482e+01
247.290000,-8.37747010e+01,-5.23595474e+01
247.295000,-8.37747001e+01,-5.23595466e+01
247.300000,-8.37746993e+01,-5.23595457e+01
247.305000,-8.37746984e+01,-5.23595449e+01
247.310000,-8.37746976e+01,-5.23595440e+01
247.315000,-8.37746968e+01,-5.23595432e+01
247.320000,-8.37746959e+01,-5.23595424e+01
247.325000,-8.37746951e+01,-5.23595415e+01
247.330000,-8.37746942e+01,-5.23595407e+01
247.335000,-8.37746934e+01,-5.23595398e+01
247.340000,-8.37746926e+01,-5.23595390e+01
247.345000,-8.37746917e+01,-5.23595382e+01
247.350000,-8.37746909e+01,-5.23595373e+01
247.355000,-8.37746900e+01,-5.23595365e+01
247.360000,-8.37746892e+01,-5.23595356e+01
247.365000,-8.37746884e+01,-5.23595348e+01
247.370000,-8.37746875e+01,-5.23595340e+01
247.375000,-8.37746867e+01,-5.23595331e+01
247.380000,-8.37746858e+01,-5.23595323e+01
247.385000,-8.37746850e+01,-5.23595314e+01
247.390000,-8.37746842e+01,-5.23595306e+01
247.395000,-8.37746833e+01,-5.23595298e+01
247.400000,-8.37746825e+01,-5.23595289e+01
247.405000,-8.37746817e+01,-5.23595281e+01
247.410000,-8.37746808e+01,-5.23595273e+01
247.415000,-8.37746800e+01,-5.23595264e+01
247.420000,-8.37746792e+01,-5.23595256e+01
247.425000,-8.37746783e+01,-5.23595248e+01
247.430000,-8.37746775e+01,-5.23595239e+01
247.435000,-8.37746767e+01,-5.23595231e+01
247.440000,-8.37746758e+01,-5.23595223e+01
247.445000,-8.37746750e+01,-5.23595214e+01
247.450000,-8.37746742e+01,-5.23595206e+01
247.455000,-8.37746733e+01,-5.23595198e+01
247.460000,-8.37746725e+01,-5.23595189e+01
247.465000,-8.37746717e+01,-5.23595181e+01
247.470000,-8.37746708e+01,-5.23595173e+01
247.475000,-8.37746700e+01,-5.23595164e+01
247.480000,-8.37746692e+01,-5.23595156e+01
247.485000,-8.37746683e+01,-5.23595148e+01
247.490000,-8.37746675e+01,-5.23595140e+01
247.495000,-8.37746667e+01,-5.23595131e+01
247.500000,-8.37746659e+01,-5.23595123e+01
247.505000,-8.37746650e+01,-5.23595115e+01
247.510000,-8.37746642e+01,-5.23595106e+01
247.515000,-8.37746634e+01,-5.23595098e+01
247.520000,-8.37746625e+01,-5.23595090e+01
247.525000,-8.37746617e+01,-5.23595082e+01
247.530000,-8.37746609e+01,-5.23595073e+01
247.535000,-8.37746601e+01,-5.23595065e+01
247.540000,-8.37746592e+01,-5.23595057e+01
247.545000,-8.37746584e+01,-5.23595048e+01
247.550000,-8.37746576e+01,-5.23595040e+01
247.555000,-8.37746568e+01,-5.23595032e+01
247.560000,-8.37746559e+01,-5.23595024e+01
247.565000,-8.37746551e+01,-5.23595015e+01
247.570000,-8.37746543e+01,-5.23595007e+01
247.575000,-8.37746535e+01,-5.23594999e+01
247.580000,-8.37746526e+01,-5.23594991e+01
247.585000,-8.37746518e+01,-5.23594983e+01
247.590000,-8.37746510e+01,-5.23594974e+01
247.595000,-8.37746502e+01,-5.23594966e+01
247.600000,-8.37746493e+01,-5.23594958e+01
247.605000,-8.37746485e+01,-5.23594950e+01
247.610000,-8.37746477e+01,-5.23594941e+01
247.615000,-8.37746469e+01,-5.23594933e+01
247.620000,-8.37746461e+01,-5.23594925e+01
247.625000,-8.37746452e+01,-5.23594917e+01
247.630000,-8.37746444e+01,-5.23594909e+01
247.635000,-8.37746436e+01,-5.23594900e+01
247.640000,-8.37746428e+01,-5.23594892e+01
247.645000,-8.37746420e+01,-5.23594884e+01
247.650000,-8.37746411e+01,-5.23594876e+01
247.655000,-8.37746403e+01,-5.23594868e+01
247.660000,-8.37746395e+01,-5.23594859e+01
247.665000,-8.37746387e+01,-5.23594851e+01
247.670000,-8.37746379e+01,-5.23594843e+01
247.675000,-8.37746371e+01,-5.23594835e+01
247.680000,-8.37746362e+01,-5.23594827e+01
247.685000,-8.37746354e+01,-5.23594819e+01
247.690000,-8.37746346e+01,-5.23594810e+01
247.695000,-8.37746338e+01,-5.23594802e+01
247.700000,-8.37746330e+01,-5.23594794e+01
247.705000,-8.37746322e+01,-5.23594786e+01
247.710000,-8.37746313e+01,-5.23594778e+01
247.715000,-8.37746305e+01,-5.23594770e+01
247.720000,-8.37746297e+01,-5.23594762e+01
247.725000,-8.37746289e+01,-5.23594753e+01
247.730000,-8.37746281e+01,-5.23594745e+01
247.735000,-8.37746273e+01,-5.23594737e+01
247.740000,-8.37746265e+01,-5.23594729e+01
247.745000,-8.37746256e+01,-5.23594721e+01
247.750000,-8.37746248e+01,-5.23594713e+01
247.755000,-8.37746240e+01,-5.23594705e+01
247.760000,-8.37746232e+01,-5.23594696e+01
247.765000,-8.37746224e+01,-5.23594688e+01
247.770000,-8.37746216e+01,-5.23594680e+01
247.775000,-8.37746208e+01,-5.23594672e+01
247.780000,-8.37746200e+01,-5.23594664e+01
247.785000,-8.37746192e+01,-5.23594656e+01
247.790000,-8.37746183e+01,-5.23594648e+01
247.795000,-8.37746175e+01,-5.23594640e+01
247.800000,-8.37746167e+01,-5.23594632e+01
247.805000,-8.37746159e+01,-5.23594624e+01
247.810000,-8.37746151e+01,-5.23594616e+01
247.815000,-8.37746143e+01,-5.23594607e+01
247.820000,-8.37746135e+01,-5.23594599e+01
247.825000,-8.37746127e+01,-5.23594591e+01
247.830000,-8.37746119e+01,-5.23594583e+01
247.835000,-8.37746111e+01,-5.23594575e+01
247.840000,-8.37746103e+01,-5.23594567e+01
247.845000,-8.37746095e+01,-5.23594559e+01
247.850000,-8.37746087e+01,-5.23594551e+01
247.855000,-8.37746079e+01,-5.23594543e+01
247.860000,-8.37746070e+01,-5.23594535e+01
247.865000,-8.37746062e+01,-5.23594527e+01
247.870000,-8.37746054e+01,-5.23594519e+01
247.875000,-8.37746046e+01,-5.23594511e+01
247.880000,-8.37746038e+01,-5.23594503e+01
247.885000,-8.37746030e+01,-5.23594495e+01
247.890000,-8.37746022e+01,-5.23594487e+01
247.895000,-8.37746014e+01,-5.23594479e+01
247.900000,-8.37746006e+01,-5.23594471e+01
247.905000,-8.37745998e+01,-5.23594463e+01
247.910000,-8.37745990e+01,-5.23594455e+01
247.915000,-8.37745982e+01,-5.23594447e+01
247.920000,-8.37745974e+01,-5.23594439e+01
247.925000,-8.37745966e+01,-5.23594431e+01
247.930000,-8.37745958e+01,-5.23594423e+01
247.935000,-8.37745950e+01,-5.23594415e+01
247.940000,-8.37745942e+01,-5.23594407e+01
247.945000,-8.37745934e+01,-5.23594399e+01
247.950000,-8.37745926e+01,-5.23594391e+01
247.955000,-8.37745918e+01,-5.23594383e+01
247.960000,-8.37745910e+01,-5.23594375e+01
247.965000,-8.37745902e+01,-5.23594367e+01
247.970000,-8.37745894e+01,-5.23594359e+01
247.975000,-8.37745886e+01,-5.23594351e+01
247.980000,-8.37745878e+01,-5.23594343e+01
247.985000,-8.37745870e+01,-5.23594335e+01
247.990000,-8.37745862e+01,-5.23594327e+01
247.995000,-8.37745854e+01,-5.23594319e+01
248.000000,-8.37745846e+01,-5.23594311e+01
248.005000,-8.37745838e+01,-5.23594303e+01
248.010000,-8.37745831e+01,-5.23594295e+01
248.015000,-8.37745823e+01,-5.23594287e+01
248.020000,-8.37745815e+01,-5.23594279e+01
248.025000,-8.37745807e+01,-5.23594271e+01
248.030000,-8.37745799e+01,-5.23594263e+01
248.035000,-8.37745791e+01,-5.23594255e+01
248.040000,-8.37745783e+01,-5.23594247e+01
248.045000,-8.37745775e+01,-5.23594239e+01
248.050000,-8.37745767e+01,-5.23594231e+01
248.055000,-8.37745759e+01,-5.23594223e+01
248.060000,-8.37745751e+01,-5.23594216e+01
248.065000,-8.37745743e+01,-5.23594208e+01
248.070000,-8.37745735e+01,-5.23594200e+01
248.075000,-8.37745727e+01,-5.23594192e+01
248.080000,-8.37745720e+01,-5.23594184e+01
248.085000,-8.37745712e+01,-5.23594176e+01
248.090000,-8.37745704e+01,-5.23594168e+01
248.095000,-8.37745696e+01,-5.23594160e+01
248.100000,-8.37745688e+01,-5.23594152e+01
248.105000,-8.37745680e+01,-5.23594144e+01
248.110000,-8.37745672e+01,-5.23594137e+01
248.115000,-8.37745664e+01,-5.23594129e+01
248.120000,-8.37745656e+01,-5.23594121e+01
248.125000,-8.37745649e+01,-5.23594113e+01
248.130000,-8.37745641e+01,-5.23594105e+01
248.135000,-8.37745633e+01,-5.23594097e+01
248.140000,-8.37745625e+01,-5.23594089e+01
248.145000,-8.37745617e+01,-5.23594081e+01
248.150000,-8.37745609e+01,-5.23594074e+01
248.155000,-8.37745601e+01,-5.23594066e+01
248.160000,-8.37745593e+01,-5.23594058e+01
248.165000,-8.37745586e+01,-5.23594050e+01
248.170000,-8.37745578e+01,-5.23594042e+01
248.175000,-8.37745570e+01,-5.23594034e+01
248.180000,-8.37745562e+01,-5.23594026e+01
248.185000,-8.37745554e+01,-5.23594019e+01
248.190000,-8.37745546e+01,-5.23594011e+01
248.195000,-8.37745539e+01,-5.23594003e+01
248.200000,-8.37745531e+01,-5.23593995e+01
248.205000,-8.37745523e+01,-5.23593987e+01
248.210000,-8.37745515e+01,-5.23593979e+01
248.215000,-8.37745507e+01,-5.23593972e+01
248.220000,-8.37745499e+01,-5.23593964e+01
248.225000,-8.37745492e+01,-5.23593956e+01
248.230000,-8.37745484e+01,-5.23593948e+01
248.235000,-8.37745476e+01,-5.23593940e+01
248.240000,-8.37745468e+01,-5.23593933e+01
248.245000,-8.37745460e+01,-5.23593925e+01
248.250000,-8.37745453e+01,-5.23593917e+01
248.255000,-8.37745445e+01,-5.23593909e+01
248.260000,-8.37745437e+01,-5.23593901e+01
248.265000,-8.37745429e+01,-5.23593894e+01
248.270000,-8.37745421e+01,-5.23593886e+01
248.275000,-8.37745414e+01,-5.23593878e+01
248.280000,-8.37745406e+01,-5.23593870e+01
248.285000,-8.37745398e+01,-5.23593863e+01
248.290000,-8.37745390e+01,-5.23593855e+01
248.295000,-8.37745383e+01,-5.23593847e+01
248.300000,-8.37745375e+01,-5.23593839e+01
248.305000,-8.37745367e+01,-5.23593831e+01
248.310000,-8.37745359e+01,-5.23593824e+01
248.315000,-8.37745352e+01,-5.23593816e+01
248.320000,-8.37745344e+01,-5.23593808e+01
248.325000,-8.37745336e+01,-5.23593800e+01
248.330000,-8.37745328e+01,-5.23593793e+01
248.335000,-8.37745321e+01,-5.23593785e+01
248.340000,-8.37745313e+01,-5.23593777e+01
248.345000,-8.37745305e+01,-5.23593769e+01
248.350000,-8.37745297e+01,-5.23593762e+01
248.355000,-8.37745290e+01,-5.23593754e+01
248.360000,-8.37745282e+01,-5.23593746e+01
248.365000,-8.37745274e+01,-5.23593739e+01
248.370000,-8.37745266e+01,-5.23593731e+01
248.375000,-8.37745259e+01,-5.23593723e+01
248.380000,-8.37745251e+01,-5.23593715e+01
248.385000,-8.37745243e+01,-5.23593708e+01
248.390000,-8.37745236e+01,-5.23593700e+01
248.395000,-8.37745228e+01,-5.23593692e+01
248.400000,-8.37745220e+01,-5.23593685e+01
248.405000,-8.37745212e+01,-5.23593677e+01
248.410000,-8.37745205e+01,-5.23593669e+01
248.415000,-8.37745197e+01,-5.23593662e+01
248.420000,-8.37745189e+01,-5.23593654e+01
248.425000,-8.37745182e+01,-5.23593646e+01
248.430000,-8.37745174e+01,-5.23593638e+01
248.435000,-8.37745166e+01,-5.23593631e+01
248.440000,-8.37745159e+01,-5.23593623e+01
248.445000,-8.37745151e+01,-5.23593615e+01
248.450000,-8.37745143e+01,-5.23593608e+01
248.455000,-8.37745136e+01,-5.23593600e+01
248.460000,-8.37745128e+01,-5.23593592e+01
248.465000,-8.37745120e+01,-5.23593585e+01
248.470000,-8.37745113e+01,-5.23593577e+01
248.475000,-8.37745105e+01,-5.23593569e+01
248.480000,-8.37745097e+01,-5.23593562e+01
248.485000,-8.37745090e+01,-5.23593554e+01
248.490000,-8.37745082e+01,-5.23593546e+01
248.495000,-8.37745074e+01,-5.23593539e+01
248.500000,-8.37745067e+01,-5.23593531e+01
248.505000,-8.37745059e+01,-5.23593524e+01
248.510000,-8.37745052e+01,-5.23593516e+01
248.515000,-8.37745044e+01,-5.23593508e+01
248.520000,-8.37745036e+01,-5.23593501e+01
248.525000,-8.37745029e+01,-5.23593493e+01
248.530000,-8.37745021e+01,-5.23593485e+01
248.535000,-8.37745013e+01,-5.23593478e+01
248.540000,-8.37745006e+01,-5.23593470e+01
248.545000,-8.37744998e+01,-5.23593463e+01
248.550000,-8.37744991e+01,-5.23593455e+01
248.555000,-8.37744983e+01,-5.23593447e+01
248.560000,-8.37744975e+01,-5.23593440e+01
248.565000,-8.37744968e+01,-5.23593432e+01
248.570000,-8.37744960e+01,-5.23593425e+01
248.575000,-8.37744953e+01,-5.23593417e+01
248.580000,-8.37744945e+01,-5.23593409e+01
248.585000,-8.37744937e+01,-5.23593402e+01
248.590000,-8.37744930e+01,-5.23593394e+01
248.595000,-8.37744922e+01,-5.23593387e+01
248.600000,-8.37744915e+01,-5.23593379e+01
248.605000,-8.37744907e+01,-5.23593372e+01
248.610000,-8.37744900e+01,-5.23593364e+01
248.615000,-8.37744892e+01,-5.23593356e+01
248.620000,-8.37744884e+01,-5.23593349e+01
248.625000,-8.37744877e+01,-5.23593341e+01
248.630000,-8.37744869e+01,-5.23593334e+01
248.635000,-8.37744862e+01,-5.23593326e+01
248.640000,-8.37744854e+01,-5.23593319e+01
248.645000,-8.37744847e+01,-5.23593311e+01
248.650000,-8.37744839e+01,-5.23593303e+01
248.655000,-8.37744832e+01,-5.23593296e+01
248.660000,-8.37744824e+01,-5.23593288e+01
248.665000,-8.37744816e+01,-5.23593281e+01
248.670000,-8.37744809e+01,-5.23593273e+01
248.675000,-8.37744801e+01,-5.23593266e+01
248.680000,-8.37744794e+01,-5.23593258e+01
248.685000,-8.37744786e+01,-5.23593251e+01
248.690000,-8.37744779e+01,-5.23593243e+01
248.695000,-8.37744771e+01,-5.23593236e+01
248.700000,-8.37744764e+01,-5.23593228e+01
248.705000,-8.37744756e+01,-5.23593221e+01
248.710000,-8.37744749e+01,-5.23593213e+01
248.715000,-8.37744741e+01,-5.23593206e+01
248.720000,-8.37744734e+01,-5.23593198e+01
248.725000,-8.37744726e+01,-5.23593191e+01
248.730000,-8.37744719e+01,-5.23593183e+01
248.735000,-8.37744711e+01,-5.23593176e+01
248.740000,-8.37744704e+01,-5.23593168e+01
248.745000,-8.37744696e+01,-5.23593161e+01
248.750000,-8.37744689e+01,-5.23593153e+01
248.755000,-8.37744681e+01,-5.23593146e+01
248.760000,-8.37744674e+01,-5.23593138e+01
248.765000,-8.37744666e+01,-5.23593131e+01
248.770000,-8.37744659e+01,-5.23593123e+01
248.775000,-8.37744651e+01,-5.23593116e+01
248.780000,-8.37744644e+01,-5.23593108e+01
248.785000,-8.37744636e+01,-5.23593101e+01
248.790000,-8.37744629e+01,-5.23593093e+01
248.795000,-8.37744622e+01,-5.23593086e+01
248.800000,-8.37744614e+01,-5.23593079e+01
248.805000,-8.37744607e+01,-5.23593071e+01
248.810000,-8.37744599e+01,-5.23593064e+01
248.815000,-8.37744592e+01,-5.23593056e+01
248.820000,-8.37744584e+01,-5.23593049e+01
248.825000,-8.37744577e+01,-5.23593041e+01
248.830000,-8.37744569e+01,-5.23593034e+01
248.835000,-8.37744562e+01,-5.23593026e+01
248.840000,-8.37744555e+01,-5.23593019e+01
248.845000,-8.37744547e+01,-5.23593012e+01
248.850000,-8.37744540e+01,-5.23593004e+01
248.855000,-8.37744532e+01,-5.23592997e+01
248.860000,-8.37744525e+01,-5.23592989e+01
248.865000,-8.37744517e+01,-5.23592982e+01
248.870000,-8.37744510e+01,-5.23592974e+01
248.875000,-8.37744503e+01,-5.23592967e+01
248.880000,-8.37744495e+01,-5.23592960e+01
248.885000,-8.37744488e+01,-5.23592952e+01
248.890000,-8.37744480e+01,-5.23592945e+01
248.895000,-8.37744473e+01,-5.23592937e+01
248.900000,-8.37744466e+01,-5.23592930e+01
248.905000,-8.37744458e+01,-5.23592923e+01
248.910000,-8.37744451e+01,-5.23592915e+01
248.915000,-8.37744444e+01,-5.23592908e+01
248.920000,-8.37744436e+01,-5.23592901e+01
248.925000,-8.37744429e+01,-5.23592893e+01
248.930000,-8.37744421e+01,-5.23592886e+01
248.935000,-8.37744414e+01,-5.23592878e+01
248.940000,-8.37744407e+01,-5.23592871e+01
248.945000,-8.37744399e+01,-5.23592864e+01
248.950000,-8.37744392e+01,-5.23592856e+01
248.955000,-8.37744385e+01,-5.23592849e+01
248.960000,-8.37744377e+01,-5.23592842e+01
248.965000,-8.37744370e+01,-5.23592834e+01
248.970000,-8.37744362e+01,-5.23592827e+01
248.975000,-8.37744355e+01,-5.23592820e+01
248.980000,-8.37744348e+01,-5.23592812e+01
248.985000,-8.37744340e+01,-5.23592805e+01
248.990000,-8.37744333e+01,-5.23592798e+01
248.995000,-8.37744326e+01,-5.23592790e+01
249.000000,-8.37744318e+01,-5.23592783e+01
249.005000,-8.37744311e+01,-5.23592776e+01
249.010000,-8.37744304e+01,-5.23592768e+01
249.015000,-8.37744296e+01,-5.23592761e+01
249.020000,-8.37744289e+01,-5.23592754e+01
249.025000,-8.37744282e+01,-5.23592746e+01
249.030000,-8.37744274e+01,-5.23592739e+01
249.035000,-8.37744267e+01,-5.23592732e+01
249.040000,-8.37744260e+01,-5.23592724e+01
249.045000,-8.37744253e+01,-5.23592717e+01
249.050000,-8.37744245e+01,-5.23592710e+01
249.055000,-8.37744238e+01,-5.23592702e+01
249.060000,-8.37744231e+01,-5.23592695e+01
249.065000,-8.37744223e+01,-5.23592688e+01
249.070000,-8.37744216e+01,-5.23592680e+01
249.075000,-8.37744209e+01,-5.23592673e+01
249.080000,-8.37744202e+01,-5.23592666e+01
249.085000,-8.37744194e+01,-5.23592659e+01
249.090000,-8.37744187e+01,-5.23592651e+01
249.095000,-8.37744180e+01,-5.23592644e+01
249.100000,-8.37744172e+01,-5.23592637e+01
249.105000,-8.37744165e+01,-5.23592630e+01
249.110000,-8.37744158e+01,-5.23592622e+01
249.115000,-8.37744151e+01,-5.23592615e+01
249.120000,-8.37744143e+01,-5.23592608e+01
249.125000,-8.37744136e+01,-5.23592600e+01
249.130000,-8.37744129e+01,-5.23592593e+01
249.135000,-8.37744122e+01,-5.23592586e+01
249.140000,-8.37744114e+01,-5.23592579e+01
249.145000,-8.37744107e+01,-5.23592571e+01
249.150000,-8.37744100e+01,-5.23592564e+01
249.155000,-8.37744093e+01,-5.23592557e+01
249.160000,-8.37744085e+01,-5.23592550e+01
249.165000,-8.37744078e+01,-5.23592543e+01
249.170000,-8.37744071e+01,-5.23592535e+01
249.175000,-8.37744064e+01,-5.23592528e+01
249.180000,-8.37744056e+01,-5.23592521e+01
249.185000,-8.37744049e+01,-5.23592514e+01
249.190000,-8.37744042e+01,-5.23592506e+01
249.195000,-8.37744035e+01,-5.23592499e+01
249.200000,-8.37744028e+01,-5.23592492e+01
249.205000,-8.37744020e+01,-5.23592485e+01
249.210000,-8.37744013e+01,-5.23592478e+01
249.215000,-8.37744006e+01,-5.23592470e+01
249.220000,-8.37743999e+01,-5.23592463e+01
249.225000,-8.37743992e+01,-5.23592456e+01
249.230000,-8.37743984e+01,-5.23592449e+01
249.235000,-8.37743977e+01,-5.23592442e+01
249.240000,-8.37743970e+01,-5.23592434e+01
249.245000,-8.37743963e+01,-5.23592427e+01
249.250000,-8.37743956e+01,-5.23592420e+01
249.255000,-8.37743948e+01,-5.23592413e+01
249.260000,-8.37743941e+01,-5.23592406e+01
249.265000,-8.37743934e+01,-5.23592398e+01
249.270000,-8.37743927e+01,-5.23592391e+01
249.275000,-8.37743920e+01,-5.23592384e+01
249.280000,-8.37743913e+01,-5.23592377e+01
249.285000,-8.37743905e+01,-5.23592370e+01
249.290000,-8.37743898e+01,-5.23592363e+01
249.295000,-8.37743891e+01,-5.23592355e+01
249.300000,-8.37743884e+01,-5.23592348e+01
249.305000,-8.37743877e+01,-5.23592341e+01
249.310000,-8.37743870e+01,-5.23592334e+01
249.315000,-8.37743862e+01,-5.23592327e+01
249.320000,-8.37743855e+01,-5.23592320e+01
249.325000,-8.37743848e+01,-5.23592313e+01
249.330000,-8.37743841e+01,-5.23592305e+01
249.335000,-8.37743834e+01,-5.23592298e+01
249.340000,-8.37743827e+01,-5.23592291e+01
249.345000,-8.37743820e+01,-5.23592284e+01
249.350000,-8.37743812e+01,-5.23592277e+01
249.355000,-8.37743805e+01,-5.23592270e+01
249.360000,-8.37743798e+01,-5.23592263e+01
249.365000,-8.37743791e+01,-5.23592256e+01
249.370000,-8.37743784e+01,-5.23592248e+01
249.375000,-8.37743777e+01,-5.23592241e+01
249.380000,-8.37743770e+01,-5.23592234e+01
249.385000,-8.37743763e+01,-5.23592227e+01
249.390000,-8.37743756e+01,-5.23592220e+01
249.395000,-8.37743748e+01,-5.23592213e+01
249.400000,-8.37743741e+01,-5.23592206e+01
249.405000,-8.37743734e+01,-5.23592199e+01
249.410000,-8.37743727e+01,-5.23592192e+01
249.415000,-8.37743720e+01,-5.23592185e+01
249.420000,-8.37743713e+01,-5.23592177e+01
249.425000,-8.37743706e+01,-5.23592170e+01
249.430000,-8.37743699e+01,-5.23592163e+01
249.435000,-8.37743692e+01,-5.23592156e+01
249.440000,-8.37743685e+01,-5.23592149e+01
249.445000,-8.37743678e+01,-5.23592142e+01
249.450000,-8.37743671e+01,-5.23592135e+01
249.455000,-8.37743663e+01,-5.23592128e+01
249.460000,-8.37743656e+01,-5.23592121e+01
249.465000,-8.37743649e+01,-5.23592114e+01
249.470000,-8.37743642e+01,-5.23592107e+01
249.475000,-8.37743635e+01,-5.23592100e+01
249.480000,-8.37743628e+01,-5.23592093e+01
249.485000,-8.37743621e+01,-5.23592086e+01
249.490000,-8.37743614e+01,-5.23592079e+01
249.495000,-8.37743607e+01,-5.23592071e+01
249.500000,-8.37743600e+01,-5.23592064e+01
249.505000,-8.37743593e+01,-5.23592057e+01
249.510000,-8.37743586e+01,-5.23592050e+01
249.515000,-8.37743579e+01,-5.23592043e+01
249.520000,-8.37743572e+01,-5.23592036e+01
249.525000,-8.37743565e+01,-5.23592029e+01
249.530000,-8.37743558e+01,-5.23592022e+01
249.535000,-8.37743551e+01,-5.23592015e+01
249.540000,-8.37743544e+01,-5.23592008e+01
249.545000,-8.37743537e+01,-5.23592001e+01
249.550000,-8.37743530e+01,-5.23591994e+01
249.555000,-8.37743523e+01,-5.23591987e+01
249.560000,-8.37743516e+01,-5.23591980e+01
249.565000,-8.37743509e+01,-5.23591973e+01
249.570000,-8.37743502e+01,-5.23591966e+01
249.575000,-8.37743495e+01,-5.23591959e+01
249.580000,-8.37743488e+01,-5.23591952e+01
249.585000,-8.37743481e+01,-5.23591945e+01
249.590000,-8.37743474e+01,-5.23591938e+01
249.595000,-8.37743467e+01,-5.23591931e+01
249.600000,-8.37743460e+01,-5.23591924e+01
249.605000,-8.37743453e+01,-5.23591917e+01
249.610000,-8.37743446e+01,-5.23591910e+01
249.615000,-8.37743439e+01,-5.23591903e+01
249.620000,-8.37743432e+01,-5.23591896e+01
249.625000,-8.37743425e+01,-5.23591889e+01
249.630000,-8.37743418e+01,-5.23591882e+01
249.635000,-8.37743411e+01,-5.23591875e+01
249.640000,-8.37743404e+01,-5.23591869e+01
249.645000,-8.37743397e+01,-5.23591862e+01
249.650000,-8.37743390e+01,-5.23591855e+01
249.655000,-8.37743383e+01,-5.23591848e+01
249.660000,-8.37743376e+01,-5.23591841e+01
249.665000,-8.37743369e+01,-5.23591834e+01
249.670000,-8.37743362e+01,-5.23591827e+01
249.675000,-8.37743355e+01,-5.23591820e+01
249.680000,-8.37743349e+01,-5.23591813e+01
249.685000,-8.37743342e+01,-5.23591806e+01
249.690000,-8.37743335e+01,-5.23591799e+01
249.695000,-8.37743328e+01,-5.23591792e+01
249.700000,-8.37743321e+01,-5.23591785e+01
249.705000,-8.37743314e+01,-5.23591778e+01
249.710000,-8.37743307e+01,-5.23591771e+01
249.715000,-8.37743300e+01,-5.23591764e+01
249.720000,-8.37743293e+01,-5.23591758e+01
249.725000,-8.37743286e+01,-5.23591751e+01
249.730000,-8.37743279e+01,-5.23591744e+01
249.735000,-8.37743272e+01,-5.23591737e+01
249.740000,-8.37743265e+01,-5.23591730e+01
249.745000,-8.37743259e+01,-5.23591723e+01
249.750000,-8.37743252e+01,-5.23591716e+01
249.755000,-8.37743245e+01,-5.23591709e+01
249.760000,-8.37743238e+01,-5.23591702e+01
249.765000,-8.37743231e+01,-5.23591695e+01
249.770000,-8.37743224e+01,-5.23591689e+01
249.775000,-8.37743217e+01,-5.23591682e+01
249.780000,-8.37743210e+01,-5.23591675e+01
249.785000,-8.37743203e+01,-5.23591668e+01
249.790000,-8.37743197e+01,-5.23591661e+01
249.795000,-8.37743190e+01,-5.23591654e+01
249.800000,-8.37743183e+01,-5.23591647e+01
249.805000,-8.37743176e+01,-5.23591640e+01
249.810000,-8.37743169e+01,-5.23591634e+01
249.815000,-8.37743162e+01,-5.23591627e+01
249.820000,-8.37743155e+01,-5.23591620e+01
249.825000,-8.37743149e+01,-5.23591613e+01
249.830000,-8.37743142e+01,-5.23591606e+01
249.835000,-8.37743135e+01,-5.23591599e+01
249.840000,-8.37743128e+01,-5.23591592e+01
249.845000,-8.37743121e+01,-5.23591586e+01
249.850000,-8.37743114e+01,-5.23591579e+01
249.855000,-8.37743107e+01,-5.23591572e+01
249.860000,-8.37743101e+01,-5.23591565e+01
249.865000,-8.37743094e+01,-5.23591558e+01
249.870000,-8.37743087e+01,-5.23591551e+01
249.875000,-8.37743080e+01,-5.23591545e+01
249.880000,-8.37743073e+01,-5.23591538e+01
249.885000,-8.37743067e+01,-5.23591531e+01
249.890000,-8.37743060e+01,-5.23591524e+01
249.895000,-8.37743053e+01,-5.23591517e+01
249.900000,-8.37743046e+01,-5.23591510e+01
249.905000,-8.37743039e+01,-5.23591504e+01
249.910000,-8.37743032e+01,-5.23591497e+01
249.915000,-8.37743026e+01,-5.23591490e+01
249.920000,-8.37743019e+01,-5.23591483e+01
249.925000,-8.37743012e+01,-5.23591476e+01
249.930000,-8.37743005e+01,-5.23591470e+01
249.935000,-8.37742998e+01,-5.23591463e+01
249.940000,-8.37742992e+01,-5.23591456e+01
249.945000,-8.37742985e+01,-5.23591449e+01
249.950000,-8.37742978e+01,-5.23591443e+01
249.955000,-8.37742971e+01,-5.23591436e+01
249.960000,-8.37742965e+01,-5.23591429e+01
249.965000,-8.37742958e+01,-5.23591422e+01
249.970000,-8.37742951e+01,-5.23591415e+01
249.975000,-8.37742944e+01,-5.23591409e+01
249.980000,-8.37742937e+01,-5.23591402e+01
249.985000,-8.37742931e+01,-5.23591395e+01
249.990000,-8.37742924e+01,-5.23591388e+01
249.995000,-8.37742917e+01,-5.23591382e+01
250.000000,-8.37742910e+01,-5.23591375e+01
250.005000,-8.37742904e+01,-5.23591368e+01
250.010000,-8.37742897e+01,-5.23591361e+01
250.015000,-8.37742890e+01,-5.23591355e+01
250.020000,-8.37742883e+01,-5.23591348e+01
250.025000,-8.37742877e+01,-5.23591341e+01
250.030000,-8.37742870e+01,-5.23591334e+01
250.035000,-8.37742863e+01,-5.23591328e+01
250.040000,-8.37742856e+01,-5.23591321e+01
250.045000,-8.37742850e+01,-5.23591314e+01
250.050000,-8.37742843e+01,-5.23591307e+01
250.055000,-8.37742836e+01,-5.23591301e+01
250.060000,-8.37742830e+01,-5.23591294e+01
250.065000,-8.37742823e+01,-5.23591287e+01
250.070000,-8.37742816e+01,-5.23591281e+01
250.075000,-8.37742809e+01,-5.23591274e+01
250.080000,-8.37742803e+01,-5.23591267e+01
250.085000,-8.37742796e+01,-5.23591260e+01
250.090000,-8.37742789e+01,-5.23591254e+01
250.095000,-8.37742783e+01,-5.23591247e+01
250.100000,-8.37742776e+01,-5.23591240e+01
250.105000,-8.37742769e+01,-5.23591234e+01
250.110000,-8.37742762e+01,-5.23591227e+01
250.115000,-8.37742756e+01,-5.23591220e+01
250.120000,-8.37742749e+01,-5.23591213e+01
250.125000,-8.37742742e+01,-5.23591207e+01
250.130000,-8.37742736e+01,-5.23591200e+01
250.135000,-8.37742729e+01,-5.23591193e+01
250.140000,-8.37742722e+01,-5.23591187e+01
250.145000,-8.37742716e+01,-5.23591180e+01
250.150000,-8.37742709e+01,-5.23591173e+01
250.155000,-8.37742702e+01,-5.23591167e+01
250.160000,-8.37742696e+01,-5.23591160e+01
250.165000,-8.37742689e+01,-5.23591153e+01
250.170000,-8.37742682e+01,-5.23591147e+01
250.175000,-8.37742676e+01,-5.23591140e+01
250.180000,-8.37742669e+01,-5.23591133e+01
250.185000,-8.37742662e+01,-5.23591127e+01
250.190000,-8.37742656e+01,-5.23591120e+01
250.195000,-8.37742649e+01,-5.23591113e+01
250.200000,-8.37742642e+01,-5.23591107e+01
250.205000,-8.37742636e+01,-5.23591100e+01
250.210000,-8.37742629e+01,-5.23591093e+01
250.215000,-8.37742622e+01,-5.23591087e+01
250.220000,-8.37742616e+01,-5.23591080e+01
250.225000,-8.37742609e+01,-5.23591074e+01
250.230000,-8.37742603e+01,-5.23591067e+01
250.235000,-8.37742596e+01,-5.23591060e+01
250.240000,-8.37742589e+01,-5.23591054e+01
250.245000,-8.37742583e+01,-5.23591047e+01
250.250000,-8.37742576e+01,-5.23591040e+01
250.255000,-8.37742569e+01,-5.23591034e+01
250.260000,-8.37742563e+01,-5.23591027e+01
250.265000,-8.37742556e+01,-5.23591021e+01
250.270000,-8.37742550e+01,-5.23591014e+01
250.275000,-8.37742543e+01,-5.23591007e+01
250.280000,-8.37742536e+01,-5.23591001e+01
250.285000,-8.37742530e+01,-5.23590994e+01
250.290000,-8.37742523e+01,-5.23590988e+01
250.295000,-8.37742517e+01,-5.23590981e+01
250.300000,-8.37742510e+01,-5.23590974e+01
250.305000,-8.37742503e+01,-5.23590968e+01
250.310000,-8.37742497e+01,-5.23590961e+01
250.315000,-8.37742490e+01,-5.23590955e+01
250.320000,-8.37742484e+01,-5.23590948e+01
250.325000,-8.37742477e+01,-5.23590941e+01
250.330000,-8.37742470e+01,-5.23590935e+01
250.335000,-8.37742464e+01,-5.23590928e+01
250.340000,-8.37742457e+01,-5.23590922e+01
250.345000,-8.37742451e+01,-5.23590915e+01
250.350000,-8.37742444e+01,-5.23590909e+01
250.355000,-8.37742438e+01,-5.23590902e+01
250.360000,-8.37742431e+01,-5.23590895e+01
250.365000,-8.37742424e+01,-5.23590889e+01
250.370000,-8.37742418e+01,-5.23590882e+01
250.375000,-8.37742411e+01,-5.23590876e+01
250.380000,-8.37742405e+01,-5.23590869e+01
250.385000,-8.37742398e+01,-5.23590863e+01
250.390000,-8.37742392e+01,-5.23590856e+01
250.395000,-8.37742385e+01,-5.23590850e+01
250.400000,-8.37742379e+01,-5.23590843e+01
250.405000,-8.37742372e+01,-5.23590837e+01
250.410000,-8.37742366e+01,-5.23590830e+01
250.415000,-8.37742359e+01,-5.23590823e+01
250.420000,-8.37742352e+01,-5.23590817e+01
250.425000,-8.37742346e+01,-5.23590810e+01
250.430000,-8.37742339e+01,-5.23590804e+01
250.435000,-8.37742333e+01,-5.23590797e+01
250.440000,-8.37742326e+01,-5.23590791e+01
250.445000,-8.37742320e+01,-5.23590784e+01
250.450000,-8.37742313e+01,-5.23590778e+01
250.455000,-8.37742307e+01,-5.23590771e+01
250.460000,-8.37742300e+01,-5.23590765e+01
250.465000,-8.37742294e+01,-5.23590758e+01
250.470000,-8.37742287e+01,-5.23590752e+01
250.475000,-8.37742281e+01,-5.23590745e+01
250.480000,-8.37742274e+01,-5.23590739e+01
250.485000,-8.37742268e+01,-5.23590732e+01
250.490000,-8.37742261e+01,-5.23590726e+01
250.495000,-8.37742255e+01,-5.23590719e+01
250.500000,-8.37742248e+01,-5.23590713e+01
250.505000,-8.37742242e+01,-5.23590706e+01
250.510000,-8.37742235e+01,-5.23590700e+01
250.515000,-8.37742229e+01,-5.23590693e+01
250.520000,-8.37742222e+01,-5.23590687e+01
250.525000,-8.37742216e+01,-5.23590680e+01
250.530000,-8.37742210e+01,-5.23590674e+01
250.535000,-8.37742203e+01,-5.23590667e+01
250.540000,-8.37742197e+01,-5.23590661e+01
250.545000,-8.37742190e+01,-5.23590655e+01
250.550000,-8.37742184e+01,-5.23590648e+01
250.555000,-8.37742177e+01,-5.23590642e+01
250.560000,-8.37742171e+01,-5.23590635e+01
250.565000,-8.37742164e+01,-5.23590629e+01
250.570000,-8.37742158e+01,-5.23590622e+01
250.575000,-8.37742151e+01,-5.23590616e+01
250.580000,-8.37742145e+01,-5.23590609e+01
250.585000,-8.37742139e+01,-5.23590603e+01
250.590000,-8.37742132e+01,-5.23590596e+01
250.595000,-8.37742126e+01,-5.23590590e+01
250.600000,-8.37742119e+01,-5.23590584e+01
250.605000,-8.37742113e+01,-5.23590577e+01
250.610000,-8.37742106e+01,-5.23590571e+01
250.615000,-8.37742100e+01,-5.23590564e+01
250.620000,-8.37742093e+01,-5.23590558e+01
250.625000,-8.37742087e+01,-5.23590551e+01
250.630000,-8.37742081e+01,-5.23590545e+01
250.635000,-8.37742074e+01,-5.23590539e+01
250.640000,-8.37742068e+01,-5.23590532e+01
250.645000,-8.37742061e+01,-5.23590526e+01
250.650000,-8.37742055e+01,-5.23590519e+01
250.655000,-8.37742049e+01,-5.23590513e+01
250.660000,-8.37742042e+01,-5.23590507e+01
250.665000,-8.37742036e+01,-5.23590500e+01
250.670000,-8.37742029e+01,-5.23590494e+01
250.675000,-8.37742023e+01,-5.23590487e+01
250.680000,-8.37742017e+01,-5.23590481e+01
250.685000,-8.37742010e+01,-5.23590475e+01
250.690000,-8.37742004e+01,-5.23590468e+01
250.695000,-8.37741997e+01,-5.23590462e+01
250.700000,-8.37741991e+01,-5.23590455e+01
250.705000,-8.37741985e+01,-5.23590449e+01
250.710000,-8.37741978e+01,-5.23590443e+01
250.715000,-8.37741972e+01,-5.23590436e+01
250.720000,-8.37741966e+01,-5.23590430e+01
250.725000,-8.37741959e+01,-5.23590424e+01
250.730000,-8.37741953e+01,-5.23590417e+01
250.735000,-8.37741946e+01,-5.23590411e+01
250.740000,-8.37741940e+01,-5.23590405e+01
250.745000,-8.37741934e+01,-5.23590398e+01
250.750000,-8.37741927e+01,-5.23590392e+01
250.755000,-8.37741921e+01,-5.23590385e+01
250.760000,-8.37741915e+01,-5.23590379e+01
250.765000,-8.37741908e+01,-5.23590373e+01
250.770000,-8.37741902e+01,-5.23590366e+01
250.775000,-8.37741896e+01,-5.23590360e+01
250.780000,-8.37741889e+01,-5.23590354e+01
250.785000,-8.37741883e+01,-5.23590347e+01
250.790000,-8.37741877e+01,-5.23590341e+01
250.795000,-8.37741870e+01,-5.23590335e+01
250.800000,-8.37741864e+01,-5.23590328e+01
250.805000,-8.37741858e+01,-5.23590322e+01
250.810000,-8.37741851e+01,-5.23590316e+01
250.815000,-8.37741845e+01,-5.23590309e+01
250.820000,-8.37741839e+01,-5.23590303e+01
250.825000,-8.37741832e+01,-5.23590297e+01
250.830000,-8.37741826e+01,-5.23590290e+01
250.835000,-8.37741820e+01,-5.23590284e+01
250.840000,-8.37741813e+01,-5.23590278e+01
250.845000,-8.37741807e+01,-5.23590272e+01
250.850000,-8.37741801e+01,-5.23590265e+01
250.855000,-8.37741795e+01,-5.23590259e+01
250.860000,-8.37741788e+01,-5.23590253e+01
250.865000,-8.37741782e+01,-5.23590246e+01
250.870000,-8.37741776e+01,-5.23590240e+01
250.875000,-8.37741769e+01,-5.23590234e+01
250.880000,-8.37741763e+01,-5.23590227e+01
250.885000,-8.37741757e+01,-5.23590221e+01
250.890000,-8.37741750e+01,-5.23590215e+01
250.895000,-8.37741744e+01,-5.23590209e+01
250.900000,-8.37741738e+01,-5.23590202e+01
250.905000,-8.37741732e+01,-5.23590196e+01
250.910000,-8.37741725e+01,-5.23590190e+01
250.915000,-8.37741719e+01,-5.23590184e+01
250.920000,-8.37741713e+01,-5.23590177e+01
250.925000,-8.37741707e+01,-5.23590171e+01
250.930000,-8.37741700e+01,-5.23590165e+01
250.935000,-8.37741694e+01,-5.23590158e+01
250.940000,-8.37741688e+01,-5.23590152e+01
250.945000,-8.37741682e+01,-5.23590146e+01
250.950000,-8.37741675e+01,-5.23590140e+01
250.955000,-8.37741669e+01,-5.23590133e+01
250.960000,-8.37741663e+01,-5.23590127e+01
250.965000,-8.37741657e+01,-5.23590121e+01
250.970000,-8.37741650e+01,-5.23590115e+01
250.975000,-8.37741644e+01,-5.23590108e+01
250.980000,-8.37741638e+01,-5.23590102e+01
250.985000,-8.37741632e+01,-5.23590096e+01
250.990000,-8.37741625e+01,-5.23590090e+01
250.995000,-8.37741619e+01,-5.23590084e+01
251.000000,-8.37741613e+01,-5.23590077e+01
251.005000,-8.37741607e+01,-5.23590071e+01
251.010000,-8.37741600e+01,-5.23590065e+01
251.015000,-8.37741594e+01,-5.23590059e+01
251.020000,-8.37741588e+01,-5.23590052e+01
251.025000,-8.37741582e+01,-5.23590046e+01
251.030000,-8.37741576e+01,-5.23590040e+01
251.035000,-8.37741569e+01,-5.23590034e+01
251.040000,-8.37741563e+01,-5.23590028e+01
251.045000,-8.37741557e+01,-5.23590021e+01
251.050000,-8.37741551e+01,-5.23590015e+01
251.055000,-8.37741545e+01,-5.23590009e+01
251.060000,-8.37741538e+01,-5.23590003e+01
251.065000,-8.37741532e+01,-5.23589997e+01
251.070000,-8.37741526e+01,-5.23589990e+01
251.075000,-8.37741520e+01,-5.23589984e+01
251.080000,-8.37741514e+01,-5.23589978e+01
251.085000,-8.37741507e+01,-5.23589972e+01
251.090000,-8.37741501e+01,-5.23589966e+01
251.095000,-8.37741495e+01,-5.23589959e+01
251.100000,-8.37741489e+01,-5.23589953e+01
251.105000,-8.37741483e+01,-5.23589947e+01
251.110000,-8.37741477e+01,-5.23589941e+01
251.115000,-8.37741470e+01,-5.23589935e+01
251.120000,-8.37741464e+01,-5.23589929e+01
251.125000,-8.37741458e+01,-5.23589922e+01
251.130000,-8.37741452e+01,-5.23589916e+01
251.135000,-8.37741446e+01,-5.23589910e+01
251.140000,-8.37741440e+01,-5.23589904e+01
251.145000,-8.37741433e+01,-5.23589898e+01
251.150000,-8.37741427e+01,-5.23589892e+01
251.155000,-8.37741421e+01,-5.23589886e+01
251.160000,-8.37741415e+01,-5.23589879e+01
251.165000,-8.37741409e+01,-5.23589873e+01
251.170000,-8.37741403e+01,-5.23589867e+01
251.175000,-8.37741397e+01,-5.23589861e+01
251.180000,-8.37741390e+01,-5.23589855e+01
251.185000,-8.37741384e+01,-5.23589849e+01
251.190000,-8.37741378e+01,-5.23589843e+01
251.195000,-8.37741372e+01,-5.23589836e+01
251.200000,-8.37741366e+01,-5.23589830e+01
251.205000,-8.37741360e+01,-5.23589824e+01
251.210000,-8.37741354e+01,-5.23589818e+01
251.215000,-8.37741348e+01,-5.23589812e+01
251.220000,-8.37741341e+01,-5.23589806e+01
251.225000,-8.37741335e+01,-5.23589800e+01
251.230000,-8.37741329e+01,-5.23589794e+01
251.235000,-8.37741323e+01,-5.23589787e+01
251.240000,-8.37741317e+01,-5.23589781e+01
251.245000,-8.37741311e+01,-5.23589775e+01
251.250000,-8.37741305e+01,-5.23589769e+01
251.255000,-8.37741299e+01,-5.23589763e+01
251.260000,-8.37741293e+01,-5.23589757e+01
251.265000,-8.37741286e+01,-5.23589751e+01
251.270000,-8.37741280e+01,-5.23589745e+01
251.275000,-8.37741274e+01,-5.23589739e+01
251.280000,-8.37741268e+01,-5.23589733e+01
251.285000,-8.37741262e+01,-5.23589727e+01
251.290000,-8.37741256e+01,-5.23589720e+01
251.295000,-8.37741250e+01,-5.23589714e+01
251.300000,-8.37741244e+01,-5.23589708e+01
251.305000,-8.37741238e+01,-5.23589702e+01
251.310000,-8.37741232e+01,-5.23589696e+01
251.315000,-8.37741226e+01,-5.23589690e+01
251.320000,-8.37741220e+01,-5.23589684e+01
251.325000,-8.37741214e+01,-5.23589678e+01
251.330000,-8.37741207e+01,-5.23589672e+01
251.335000,-8.37741201e+01,-5.23589666e+01
251.340000,-8.37741195e+01,-5.23589660e+01
251.345000,-8.37741189e+01,-5.23589654e+01
251.350000,-8.37741183e+01,-5.23589648e+01
251.355000,-8.37741177e+01,-5.23589642e+01
251.360000,-8.37741171e+01,-5.23589636e+01
251.365000,-8.37741165e+01,-5.23589630e+01
251.370000,-8.37741159e+01,-5.23589623e+01
251.375000,-8.37741153e+01,-5.23589617e+01
251.380000,-8.37741147e+01,-5.23589611e+01
251.385000,-8.37741141e+01,-5.23589605e+01
251.390000,-8.37741135e+01,-5.23589599e+01
251.395000,-8.37741129e+01,-5.23589593e+01
251.400000,-8.37741123e+01,-5.23589587e+01
251.405000,-8.37741117e+01,-5.23589581e+01
251.410000,-8.37741111e+01,-5.23589575e+01
251.415000,-8.37741105e+01,-5.23589569e+01
251.420000,-8.37741099e+01,-5.23589563e+01
251.425000,-8.37741093e+01,-5.23589557e+01
251.430000,-8.37741087e+01,-5.23589551e+01
251.435000,-8.37741081e+01,-5.23589545e+01
251.440000,-8.37741075e+01,-5.23589539e+01
251.445000,-8.37741069e+01,-5.23589533e+01
251.450000,-8.37741063e+01,-5.23589527e+01
251.455000,-8.37741057e+01,-5.23589521e+01
251.460000,-8.37741051e+01,-5.23589515e+01
251.465000,-8.37741045e+01,-5.23589509e+01
251.470000,-8.37741039e+01,-5.23589503e+01
251.475000,-8.37741033e+01,-5.23589497e+01
251.480000,-8.37741027e+01,-5.23589491e+01
251.485000,-8.37741021e+01,-5.23589485e+01
251.490000,-8.37741015e+01,-5.23589479e+01
251.495000,-8.37741009e+01,-5.23589473e+01
251.500000,-8.37741003e+01,-5.23589467e+01
251.505000,-8.37740997e+01,-5.23589461e+01
251.510000,-8.37740991e+01,-5.23589455e+01
251.515000,-8.37740985e+01,-5.23589449e+01
251.520000,-8.37740979e+01,-5.23589443e+01
251.525000,-8.37740973e+01,-5.23589437e+01
251.530000,-8.37740967e+01,-5.23589431e+01
251.535000,-8.37740961e+01,-5.23589426e+01
251.540000,-8.37740955e+01,-5.23589420e+01
251.545000,-8.37740949e+01,-5.23589414e+01
251.550000,-8.37740943e+01,-5.23589408e+01
251.555000,-8.37740937e+01,-5.23589402e+01
251.560000,-8.37740931e+01,-5.23589396e+01
251.565000,-8.37740925e+01,-5.23589390e+01
251.570000,-8.37740919e+01,-5.23589384e+01
251.575000,-8.37740913e+01,-5.23589378e+01
251.580000,-8.37740908e+01,-5.23589372e+01
251.585000,-8.37740902e+01,-5.23589366e+01
251.590000,-8.37740896e+01,-5.23589360e+01
251.595000,-8.37740890e+01,-5.23589354e+01
251.600000,-8.37740884e+01,-5.23589348e+01
251.605000,-8.37740878e+01,-5.23589342e+01
251.610000,-8.37740872e+01,-5.23589336e+01
251.615000,-8.37740866e+01,-5.23589330e+01
251.620000,-8.37740860e+01,-5.23589325e+01
251.625000,-8.37740854e+01,-5.23589319e+01
251.630000,-8.37740848e+01,-5.23589313e+01
251.635000,-8.37740842e+01,-5.23589307e+01
251.640000,-8.37740836e+01,-5.23589301e+01
251.645000,-8.37740831e+01,-5.23589295e+01
251.650000,-8.37740825e+01,-5.23589289e+01
251.655000,-8.37740819e+01,-5.23589283e+01
251.660000,-8.37740813e+01,-5.23589277e+01
251.665000,-8.37740807e+01,-5.23589271e+01
251.670000,-8.37740801e+01,-5.23589265e+01
251.675000,-8.37740795e+01,-5.23589260e+01
251.680000,-8.37740789e+01,-5.23589254e+01
251.685000,-8.37740783e+01,-5.23589248e+01
251.690000,-8.37740777e+01,-5.23589242e+01
251.695000,-8.37740772e+01,-5.23589236e+01
251.700000,-8.37740766e+01,-5.23589230e+01
251.705000,-8.37740760e+01,-5.23589224e+01
251.710000,-8.37740754e+01,-5.23589218e+01
251.715000,-8.37740748e+01,-5.23589213e+01
251.720000,-8.37740742e+01,-5.23589207e+01
251.725000,-8.37740736e+01,-5.23589201e+01
251.730000,-8.37740730e+01,-5.23589195e+01
251.735000,-8.37740725e+01,-5.23589189e+01
251.740000,-8.37740719e+01,-5.23589183e+01
251.745000,-8.37740713e+01,-5.23589177e+01
251.750000,-8.37740707e+01,-5.23589171e+01
251.755000,-8.37740701e+01,-5.23589166e+01
251.760000,-8.37740695e+01,-5.23589160e+01
251.765000,-8.37740689e+01,-5.23589154e+01
251.770000,-8.37740684e+01,-5.23589148e+01
251.775000,-8.37740678e+01,-5.23589142e+01
251.780000,-8.37740672e+01,-5.23589136e+01
251.785000,-8.37740666e+01,-5.23589131e+01
251.790000,-8.37740660e+01,-5.23589125e+01
251.795000,-8.37740654e+01,-5.23589119e+01
251.800000,-8.37740649e+01,-5.23589113e+01
251.805000,-8.37740643e+01,-5.23589107e+01
251.810000,-8.37740637e+01,-5.23589101e+01
251.815000,-8.37740631e+01,-5.23589096e+01
251.820000,-8.37740625e+01,-5.23589090e+01
251.825000,-8.37740619e+01,-5.23589084e+01
251.830000,-8.37740614e+01,-5.23589078e+01
251.835000,-8.37740608e+01,-5.23589072e+01
251.840000,-8.37740602e+01,-5.23589066e+01
251.845000,-8.37740596e+01,-5.23589061e+01
251.850000,-8.37740590e+01,-5.23589055e+01
251.855000,-8.37740585e+01,-5.23589049e+01
251.860000,-8.37740579e+01,-5.23589043e+01
251.865000,-8.37740573e+01,-5.23589037e+01
251.870000,-8.37740567e+01,-5.23589032e+01
251.875000,-8.37740561e+01,-5.23589026e+01
251.880000,-8.37740556e+01,-5.23589020e+01
251.885000,-8.37740550e+01,-5.23589014e+01
251.890000,-8.37740544e+01,-5.23589008e+01
251.895000,-8.37740538e+01,-5.23589003e+01
251.900000,-8.37740532e+01,-5.23588997e+01
251.905000,-8.37740527e+01,-5.23588991e+01
251.910000,-8.37740521e+01,-5.23588985e+01
251.915000,-8.37740515e+01,-5.23588980e+01
251.920000,-8.37740509e+01,-5.23588974e+01
251.925000,-8.37740504e+01,-5.23588968e+01
251.930000,-8.37740498e+01,-5.23588962e+01
251.935000,-8.37740492e+01,-5.23588956e+01
251.940000,-8.37740486e+01,-5.23588951e+01
251.945000,-8.37740480e+01,-5.23588945e+01
251.950000,-8.37740475e+01,-5.23588939e+01
251.955000,-8.37740469e+01,-5.23588933e+01
251.960000,-8.37740463e+01,-5.23588928e+01
251.965000,-8.37740457e+01,-5.23588922e+01
251.970000,-8.37740452e+01,-5.23588916e+01
251.975000,-8.37740446e+01,-5.23588910e+01
251.980000,-8.37740440e+01,-5.23588905e+01
251.985000,-8.37740434e+01,-5.23588899e+01
251.990000,-8.37740429e+01,-5.23588893e+01
251.995000,-8.37740423e+01,-5.23588887e+01
252.000000,-8.37740417e+01,-5.23588882e+01
252.005000,-8.37740411e+01,-5.23588876e+01
252.010000,-8.37740406e+01,-5.23588870e+01
252.015000,-8.37740400e+01,-5.23588864e+01
252.020000,-8.37740394e+01,-5.23588859e+01
252.025000,-8.37740389e+01,-5.23588853e+01
252.030000,-8.37740383e+01,-5.23588847e+01
252.035000,-8.37740377e+01,-5.23588842e+01
252.040000,-8.37740371e+01,-5.23588836e+01
252.045000,-8.37740366e+01,-5.23588830e+01
252.050000,-8.37740360e+01,-5.23588824e+01
252.055000,-8.37740354e+01,-5.23588819e+01
252.060000,-8.37740349e+01,-5.23588813e+01
252.065000,-8.37740343e+01,-5.23588807e+01
252.070000,-8.37740337e+01,-5.23588802e+01
252.075000,-8.37740331e+01,-5.23588796e+01
252.080000,-8.37740326e+01,-5.23588790e+01
252.085000,-8.37740320e+01,-5.23588784e+01
252.090000,-8.37740314e+01,-5.23588779e+01
252.095000,-8.37740309e+01,-5.23588773e+01
252.100000,-8.37740303e+01,-5.23588767e+01
252.105000,-8.37740297e+01,-5.23588762e+01
252.110000,-8.37740292e+01,-5.23588756e+01
252.115000,-8.37740286e+01,-5.23588750e+01
252.120000,-8.37740280e+01,-5.23588745e+01
252.125000,-8.37740275e+01,-5.23588739e+01
252.130000,-8.37740269e+01,-5.23588733e+01
252.135000,-8.37740263e+01,-5.23588728e+01
252.140000,-8.37740257e+01,-5.23588722e+01
252.145000,-8.37740252e+01,-5.23588716e+01
252.150000,-8.37740246e+01,-5.23588711e+01
252.155000,-8.37740240e+01,-5.23588705e+01
252.160000,-8.37740235e+01,-5.23588699e+01
252.165000,-8.37740229e+01,-5.23588694e+01
252.170000,-8.37740224e+01,-5.23588688e+01
252.175000,-8.37740218e+01,-5.23588682e+01
252.180000,-8.37740212e+01,-5.23588677e+01
252.185000,-8.37740207e+01,-5.23588671e+01
252.190000,-8.37740201e+01,-5.23588665e+01
252.195000,-8.37740195e+01,-5.23588660e+01
252.200000,-8.37740190e+01,-5.23588654e+01
252.205000,-8.37740184e+01,-5.23588648e+01
252.210000,-8.37740178e+01,-5.23588643e+01
252.215000,-8.37740173e+01,-5.23588637e+01
252.220000,-8.37740167e+01,-5.23588631e+01
252.225000,-8.37740161e+01,-5.23588626e+01
252.230000,-8.37740156e+01,-5.23588620e+01
252.235000,-8.37740150e+01,-5.23588615e+01
252.240000,-8.37740145e+01,-5.23588609e+01
252.245000,-8.37740139e+01,-5.23588603e+01
252.250000,-8.37740133e+01,-5.23588598e+01
252.255000,-8.37740128e+01,-5.23588592e+01
252.260000,-8.37740122e+01,-5.23588586e+01
252.265000,-8.37740116e+01,-5.23588581e+01
252.270000,-8.37740111e+01,-5.23588575e+01
252.275000,-8.37740105e+01,-5.23588570e+01
252.280000,-8.37740100e+01,-5.23588564e+01
252.285000,-8.37740094e+01,-5.23588558e+01
252.290000,-8.37740088e+01,-5.23588553e+01
252.295000,-8.37740083e+01,-5.23588547e+01
252.300000,-8.37740077e+01,-5.23588542e+01
252.305000,-8.37740072e+01,-5.23588536e+01
252.310000,-8.37740066e+01,-5.23588530e+01
252.315000,-8.37740060e+01,-5.23588525e+01
252.320000,-8.37740055e+01,-5.23588519e+01
252.325000,-8.37740049e+01,-5.23588514e+01
252.330000,-8.37740044e+01,-5.23588508e+01
252.335000,-8.37740038e+01,-5.23588502e+01
252.340000,-8.37740032e+01,-5.23588497e+01
252.345000,-8.37740027e+01,-5.23588491e+01
252.350000,-8.37740021e+01,-5.23588486e+01
252.355000,-8.37740016e+01,-5.23588480e+01
252.360000,-8.37740010e+01,-5.23588475e+01
252.365000,-8.37740005e+01,-5.23588469e+01
252.370000,-8.37739999e+01,-5.23588463e+01
252.375000,-8.37739993e+01,-5.23588458e+01
252.380000,-8.37739988e+01,-5.23588452e+01
252.385000,-8.37739982e+01,-5.23588447e+01
252.390000,-8.37739977e+01,-5.23588441e+01
252.395000,-8.37739971e+01,-5.23588436e+01
252.400000,-8.37739966e+01,-5.23588430e+01
252.405000,-8.37739960e+01,-5.23588425e+01
252.410000,-8.37739955e+01,-5.23588419e+01
252.415000,-8.37739949e+01,-5.23588413e+01
252.420000,-8.37739943e+01,-5.23588408e+01
252.425000,-8.37739938e+01,-5.23588402e+01
252.430000,-8.37739932e+01,-5.23588397e+01
252.435000,-8.37739927e+01,-5.23588391e+01
252.440000,-8.37739921e+01,-5.23588386e+01
252.445000,-8.37739916e+01,-5.23588380e+01
252.450000,-8.37739910e+01,-5.23588375e+01
252.455000,-8.37739905e+01,-5.23588369e+01
252.460000,-8.37739899e+01,-5.23588364e+01
252.465000,-8.37739894e+01,-5.23588358e+01
252.470000,-8.37739888e+01,-5.23588353e+01
252.475000,-8.37739883e+01,-5.23588347e+01
252.480000,-8.37739877e+01,-5.23588342e+01
252.485000,-8.37739872e+01,-5.23588336e+01
252.490000,-8.37739866e+01,-5.23588331e+01
252.495000,-8.37739861e+01,-5.23588325e+01
252.500000,-8.37739855e+01,-5.23588320e+01
252.505000,-8.37739850e+01,-5.23588314e+01
252.510000,-8.37739844e+01,-5.23588309e+01
252.515000,-8.37739839e+01,-5.23588303e+01
252.520000,-8.37739833e+01,-5.23588297e+01
252.525000,-8.37739828e+01,-5.23588292e+01
252.530000,-8.37739822e+01,-5.23588287e+01
252.535000,-8.37739817e+01,-5.23588281e+01
252.540000,-8.37739811e+01,-5.23588276e+01
252.545000,-8.37739806e+01,-5.23588270e+01
252.550000,-8.37739800e+01,-5.23588265e+01
252.555000,-8.37739795e+01,-5.23588259e+01
252.560000,-8.37739789e+01,-5.23588254e+01
252.565000,-8.37739784e+01,-5.23588248e+01
252.570000,-8.37739778e+01,-5.23588243e+01
252.575000,-8.37739773e+01,-5.23588237e+01
252.580000,-8.37739767e+01,-5.23588232e+01
252.585000,-8.37739762e+01,-5.23588226e+01
252.590000,-8.37739756e+01,-5.23588221e+01
252.595000,-8.37739751e+01,-5.23588215e+01
252.600000,-8.37739745e+01,-5.23588210e+01
252.605000,-8.37739740e+01,-5.23588204e+01
252.610000,-8.37739734e+01,-5.23588199e+01
252.615000,-8.37739729e+01,-5.23588193e+01
252.620000,-8.37739724e+01,-5.23588188e+01
252.625000,-8.37739718e+01,-5.23588183e+01
252.630000,-8.37739713e+01,-5.23588177e+01
252.635000,-8.37739707e+01,-5.23588172e+01
252.640000,-8.37739702e+01,-5.23588166e+01
252.645000,-8.37739696e+01,-5.23588161e+01
252.650000,-8.37739691e+01,-5.23588155e+01
252.655000,-8.37739685e+01,-5.23588150e+01
252.660000,-8.37739680e+01,-5.23588144e+01
252.665000,-8.37739675e+01,-5.23588139e+01
252.670000,-8.37739669e+01,-5.23588134e+01
252.675000,-8.37739664e+01,-5.23588128e+01
252.680000,-8.37739658e+01,-5.23588123e+01
252.685000,-8.37739653e+01,-5.23588117e+01
252.690000,-8.37739647e+01,-5.23588112e+01
252.695000,-8.37739642e+01,-5.23588106e+01
252.700000,-8.37739637e+01,-5.23588101e+01
252.705000,-8.37739631e+01,-5.23588096e+01
252.710000,-8.37739626e+01,-5.23588090e+01
252.715000,-8.37739620e+01,-5.23588085e+01
252.720000,-8.37739615e+01,-5.23588079e+01
252.725000,-8.37739609e+01,-5.23588074e+01
252.730000,-8.37739604e+01,-5.23588069e+01
252.735000,-8.37739599e+01,-5.23588063e+01
252.740000,-8.37739593e+01,-5.23588058e+01
252.745000,-8.37739588e+01,-5.23588052e+01
252.750000,-8.37739582e+01,-5.23588047e+01
252.755000,-8.37739577e+01,-5.23588042e+01
252.760000,-8.37739572e+01,-5.23588036e+01
252.765000,-8.37739566e+01,-5.23588031e+01
252.770000,-8.37739561e+01,-5.23588025e+01
252.775000,-8.37739556e+01,-5.23588020e+01
252.780000,-8.37739550e+01,-5.23588015e+01
252.785000,-8.37739545e+01,-5.23588009e+01
252.790000,-8.37739539e+01,-5.23588004e+01
252.795000,-8.37739534e+01,-5.23587998e+01
252.800000,-8.37739529e+01,-5.23587993e+01
252.805000,-8.37739523e+01,-5.23587988e+01
252.810000,-8.37739518e+01,-5.23587982e+01
252.815000,-8.37739513e+01,-5.23587977e+01
252.820000,-8.37739507e+01,-5.23587972e+01
252.825000,-8.37739502e+01,-5.23587966e+01
252.830000,-8.37739496e+01,-5.23587961e+01
252.835000,-8.37739491e+01,-5.23587956e+01
252.840000,-8.37739486e+01,-5.23587950e+01
252.845000,-8.37739480e+01,-5.23587945e+01
252.850000,-8.37739475e+01,-5.23587939e+01
252.855000,-8.37739470e+01,-5.23587934e+01
252.860000,-8.37739464e+01,-5.23587929e+01
252.865000,-8.37739459e+01,-5.23587923e+01
252.870000,-8.37739454e+01,-5.23587918e+01
252.875000,-8.37739448e+01,-5.23587913e+01
252.880000,-8.37739443e+01,-5.23587907e+01
252.885000,-8.37739438e+01,-5.23587902e+01
252.890000,-8.37739432e+01,-5.23587897e+01
252.895000,-8.37739427e+01,-5.23587891e+01
252.900000,-8.37739422e+01,-5.23587886e+01
252.905000,-8.37739416e+01,-5.23587881e+01
252.910000,-8.37739411e+01,-5.23587875e+01
252.915000,-8.37739406e+01,-5.23587870e+01
252.920000,-8.37739400e+01,-5.23587865e+01
252.925000,-8.37739395e+01,-5.23587859e+01
252.930000,-8.37739390e+01,-5.23587854e+01
252.935000,-8.37739384e+01,-5.23587849e+01
252.940000,-8.37739379e+01,-5.23587843e+01
252.945000,-8.37739374e+01,-5.23587838e+01
252.950000,-8.37739368e+01,-5.23587833e+01
252.955000,-8.37739363e+01,-5.23587828e+01
252.960000,-8.37739358e+01,-5.23587822e+01
252.965000,-8.37739352e+01,-5.23587817e+01
252.970000,-8.37739347e+01,-5.23587812e+01
252.975000,-8.37739342e+01,-5.23587806e+01
252.980000,-8.37739337e+01,-5.23587801e+01
252.985000,-8.37739331e+01,-5.23587796e+01
252.990000,-8.37739326e+01,-5.23587790e+01
252.995000,-8.37739321e+01,-5.23587785e+01
253.000000,-8.37739315e+01,-5.23587780e+01
253.005000,-8.37739310e+01,-5.23587775e+01
253.010000,-8.37739305e+01,-5.23587769e+01
253.015000,-8.37739300e+01,-5.23587764e+01
253.020000,-8.37739294e+01,-5.23587759e+01
253.025000,-8.37739289e+01,-5.23587753e+01
253.030000,-8.37739284e+01,-5.23587748e+01
253.035000,-8.37739278e+01,-5.23587743e+01
253.040000,-8.37739273e+01,-5.23587738e+01
253.045000,-8.37739268e+01,-5.23587732e+01
253.050000,-8.37739263e+01,-5.23587727e+01
253.055000,-8.37739257e+01,-5.23587722e+01
253.060000,-8.37739252e+01,-5.23587717e+01
253.065000,-8.37739247e+01,-5.23587711e+01
253.070000,-8.37739242e+01,-5.23587706e+01
253.075000,-8.37739236e+01,-5.23587701e+01
253.080000,-8.37739231e+01,-5.23587696e+01
253.085000,-8.37739226e+01,-5.23587690e+01
253.090000,-8.37739221e+01,-5.23587685e+01
253.095000,-8.37739215e+01,-5.23587680e+01
253.100000,-8.37739210e+01,-5.23587675e+01
253.105000,-8.37739205e+01,-5.23587669e+01
253.110000,-8.37739200e+01,-5.23587664e+01
253.115000,-8.37739194e+01,-5.23587659e+01
253.120000,-8.37739189e+01,-5.23587654e+01
253.125000,-8.37739184e+01,-5.23587648e+01
253.130000,-8.37739179e+01,-5.23587643e+01
253.135000,-8.37739173e+01,-5.23587638e+01
253.140000,-8.37739168e+01,-5.23587633e+01
253.145000,-8.37739163e+01,-5.23587627e+01
253.150000,-8.37739158e+01,-5.23587622e+01
253.155000,-8.37739153e+01,-5.23587617e+01
253.160000,-8.37739147e+01,-5.23587612e+01
253.165000,-8.37739142e+01,-5.23587607e+01
253.170000,-8.37739137e+01,-5.23587601e+01
253.175000,-8.37739132e+01,-5.23587596e+01
253.180000,-8.37739126e+01,-5.23587591e+01
253.185000,-8.37739121e+01,-5.23587586e+01
253.190000,-8.37739116e+01,-5.23587581e+01
253.195000,-8.37739111e+01,-5.23587575e+01
253.200000,-8.37739106e+01,-5.23587570e+01
253.205000,-8.37739100e+01,-5.23587565e+01
253.210000,-8.37739095e+01,-5.23587560e+01
253.215000,-8.37739090e+01,-5.23587555e+01
253.220000,-8.37739085e+01,-5.23587549e+01
253.225000,-8.37739080e+01,-5.23587544e+01
253.230000,-8.37739074e+01,-5.23587539e+01
253.235000,-8.37739069e+01,-5.23587534e+01
253.240000,-8.37739064e+01,-5.23587529e+01
253.245000,-8.37739059e+01,-5.23587523e+01
253.250000,-8.37739054e+01,-5.23587518e+01
253.255000,-8.37739049e+01,-5.23587513e+01
253.260000,-8.37739043e+01,-5.23587508e+01
253.265000,-8.37739038e+01,-5.23587503e+01
253.270000,-8.37739033e+01,-5.23587498e+01
253.275000,-8.37739028e+01,-5.23587492e+01
253.280000,-8.37739023e+01,-5.23587487e+01
253.285000,-8.37739018e+01,-5.23587482e+01
253.290000,-8.37739012e+01,-5.23587477e+01
253.295000,-8.37739007e+01,-5.23587472e+01
253.300000,-8.37739002e+01,-5.23587467e+01
253.305000,-8.37738997e+01,-5.23587461e+01
253.310000,-8.37738992e+01,-5.23587456e+01
253.315000,-8.37738987e+01,-5.23587451e+01
253.320000,-8.37738981e+01,-5.23587446e+01
253.325000,-8.37738976e+01,-5.23587441e+01
253.330000,-8.37738971e+01,-5.23587436e+01
253.335000,-8.37738966e+01,-5.23587430e+01
253.340000,-8.37738961e+01,-5.23587425e+01
253.345000,-8.37738956e+01,-5.23587420e+01
253.350000,-8.37738951e+01,-5.23587415e+01
253.355000,-8.37738945e+01,-5.23587410e+01
253.360000,-8.37738940e+01,-5.23587405e+01
253.365000,-8.37738935e+01,-5.23587400e+01
253.370000,-8.37738930e+01,-5.23587394e+01
253.375000,-8.37738925e+01,-5.23587389e+01
253.380000,-8.37738920e+01,-5.23587384e+01
253.385000,-8.37738915e+01,-5.23587379e+01
253.390000,-8.37738910e+01,-5.23587374e+01
253.395000,-8.37738904e+01,-5.23587369e+01
253.400000,-8.37738899e+01,-5.23587364e+01
253.405000,-8.37738894e+01,-5.23587359e+01
253.410000,-8.37738889e+01,-5.23587354e+01
253.415000,-8.37738884e+01,-5.23587348e+01
253.420000,-8.37738879e+01,-5.23587343e+01
253.425000,-8.37738874e+01,-5.23587338e+01
253.430000,-8.37738869e+01,-5.23587333e+01
253.435000,-8.37738864e+01,-5.23587328e+01
253.440000,-8.37738858e+01,-5.23587323e+01
253.445000,-8.37738853e+01,-5.23587318e+01
253.450000,-8.37738848e+01,-5.23587313e+01
253.455000,-8.37738843e+01,-5.23587308e+01
253.460000,-8.37738838e+01,-5.23587303e+01
253.465000,-8.37738833e+01,-5.23587297e+01
253.470000,-8.37738828e+01,-5.23587292e+01
253.475000,-8.37738823e+01,-5.23587287e+01
253.480000,-8.37738818e+01,-5.23587282e+01
253.485000,-8.37738813e+01,-5.23587277e+01
253.490000,-8.37738808e+01,-5.23587272e+01
253.495000,-8.37738802e+01,-5.23587267e+01
253.500000,-8.37738797e+01,-5.23587262e+01
253.505000,-8.37738792e+01,-5.23587257e+01
253.510000,-8.37738787e+01,-5.23587252e+01
253.515000,-8.37738782e+01,-5.23587247e+01
253.520000,-8.37738777e+01,-5.23587242e+01
253.525000,-8.37738772e+01,-5.23587236e+01
253.530000,-8.37738767e+01,-5.23587231e+01
253.535000,-8.37738762e+01,-5.23587226e+01
253.540000,-8.37738757e+01,-5.23587221e+01
253.545000,-8.37738752e+01,-5.23587216e+01
253.550000,-8.37738747e+01,-5.23587211e+01
253.555000,-8.37738742e+01,-5.23587206e+01
253.560000,-8.37738737e+01,-5.23587201e+01
253.565000,-8.37738732e+01,-5.23587196e+01
253.570000,-8.37738727e+01,-5.23587191e+01
253.575000,-8.37738721e+01,-5.23587186e+01
253.580000,-8.37738716e+01,-5.23587181e+01
253.585000,-8.37738711e+01,-5.23587176e+01
253.590000,-8.37738706e+01,-5.23587171e+01
253.595000,-8.37738701e+01,-5.23587166e+01
253.600000,-8.37738696e+01,-5.23587161e+01
253.605000,-8.37738691e+01,-5.23587156e+01
253.610000,-8.37738686e+01,-5.23587151e+01
253.615000,-8.37738681e+01,-5.23587146e+01
253.620000,-8.37738676e+01,-5.23587141e+01
253.625000,-8.37738671e+01,-5.23587136e+01
253.630000,-8.37738666e+01,-5.23587131e+01
253.635000,-8.37738661e+01,-5.23587126e+01
253.640000,-8.37738656e+01,-5.23587121e+01
253.645000,-8.37738651e+01,-5.23587116e+01
253.650000,-8.37738646e+01,-5.23587111e+01
253.655000,-8.37738641e+01,-5.23587106e+01
253.660000,-8.37738636e+01,-5.23587100e+01
253.665000,-8.37738631e+01,-5.23587095e+01
253.670000,-8.37738626e+01,-5.23587090e+01
253.675000,-8.37738621e+01,-5.23587085e+01
253.680000,-8.37738616e+01,-5.23587080e+01
253.685000,-8.37738611e+01,-5.23587075e+01
253.690000,-8.37738606e+01,-5.23587070e+01
253.695000,-8.37738601e+01,-5.23587065e+01
253.700000,-8.37738596e+01,-5.23587060e+01
253.705000,-8.37738591e+01,-5.23587055e+01
253.710000,-8.37738586e+01,-5.23587051e+01
253.715000,-8.37738581e+01,-5.23587046e+01
253.720000,-8.37738576e+01,-5.23587041e+01
253.725000,-8.37738571e+01,-5.23587036e+01
253.730000,-8.37738566e+01,-5.23587031e+01
253.735000,-8.37738561e+01,-5.23587026e+01
253.740000,-8.37738556e+01,-5.23587021e+01
253.745000,-8.37738551e+01,-5.23587016e+01
253.750000,-8.37738546e+01,-5.23587011e+01
253.755000,-8.37738541e+01,-5.23587006e+01
253.760000,-8.37738536e+01,-5.23587001e+01
253.765000,-8.37738531e+01,-5.23586996e+01
253.770000,-8.37738526e+01,-5.23586991e+01
253.775000,-8.37738521e+01,-5.23586986e+01
253.780000,-8.37738516e+01,-5.23586981e+01
253.785000,-8.37738511e+01,-5.23586976e+01
253.790000,-8.37738506e+01,-5.23586971e+01
253.795000,-8.37738502e+01,-5.23586966e+01
253.800000,-8.37738497e+01,-5.23586961e+01
253.805000,-8.37738492e+01,-5.23586956e+01
253.810000,-8.37738487e+01,-5.23586951e+01
253.815000,-8.37738482e+01,-5.23586946e+01
253.820000,-8.37738477e+01,-5.23586941e+01
253.825000,-8.37738472e+01,-5.23586936e+01
253.830000,-8.37738467e+01,-5.23586931e+01
253.835000,-8.37738462e+01,-5.23586926e+01
253.840000,-8.37738457e+01,-5.23586921e+01
253.845000,-8.37738452e+01,-5.23586917e+01
253.850000,-8.37738447e+01,-5.23586912e+01
253.855000,-8.37738442e+01,-5.23586907e+01
253.860000,-8.37738437e+01,-5.23586902e+01
253.865000,-8.37738432e+01,-5.23586897e+01
253.870000,-8.37738427e+01,-5.23586892e+01
253.875000,-8.37738423e+01,-5.23586887e+01
253.880000,-8.37738418e+01,-5.23586882e+01
253.885000,-8.37738413e+01,-5.23586877e+01
253.890000,-8.37738408e+01,-5.23586872e+01
253.895000,-8.37738403e+01,-5.23586867e+01
253.900000,-8.37738398e+01,-5.23586862e+01
253.905000,-8.37738393e+01,-5.23586857e+01
253.910000,-8.37738388e+01,-5.23586853e+01
253.915000,-8.37738383e+01,-5.23586848e+01
253.920000,-8.37738378e+01,-5.23586843e+01
253.925000,-8.37738373e+01,-5.23586838e+01
253.930000,-8.37738369e+01,-5.23586833e+01
253.935000,-8.37738364e+01,-5.23586828e+01
253.940000,-8.37738359e+01,-5.23586823e+01
253.945000,-8.37738354e+01,-5.23586818e+01
253.950000,-8.37738349e+01,-5.23586813e+01
253.955000,-8.37738344e+01,-5.23586808e+01
253.960000,-8.37738339e+01,-5.23586804e+01
253.965000,-8.37738334e+01,-5.23586799e+01
253.970000,-8.37738329e+01,-5.23586794e+01
253.975000,-8.37738324e+01,-5.23586789e+01
253.980000,-8.37738320e+01,-5.23586784e+01
253.985000,-8.37738315e+01,-5.23586779e+01
253.990000,-8.37738310e+01,-5.23586774e+01
253.995000,-8.37738305e+01,-5.23586769e+01
254.000000,-8.37738300e+01,-5.23586765e+01
254.005000,-8.37738295e+01,-5.23586760e+01
254.010000,-8.37738290e+01,-5.23586755e+01
254.015000,-8.37738285e+01,-5.23586750e+01
254.020000,-8.37738281e+01,-5.23586745e+01
254.025000,-8.37738276e+01,-5.23586740e+01
254.030000,-8.37738271e+01,-5.23586735e+01
254.035000,-8.37738266e+01,-5.23586731e+01
254.040000,-8.37738261e+01,-5.23586726e+01
254.045000,-8.37738256e+01,-5.23586721e+01
254.050000,-8.37738251e+01,-5.23586716e+01
254.055000,-8.37738247e+01,-5.23586711e+01
254.060000,-8.37738242e+01,-5.23586706e+01
254.065000,-8.37738237e+01,-5.23586701e+01
254.070000,-8.37738232e+01,-5.23586697e+01
254.075000,-8.37738227e+01,-5.23586692e+01
254.080000,-8.37738222e+01,-5.23586687e+01
254.085000,-8.37738218e+01,-5.23586682e+01
254.090000,-8.37738213e+01,-5.23586677e+01
254.095000,-8.37738208e+01,-5.23586672e+01
254.100000,-8.37738203e+01,-5.23586668e+01
254.105000,-8.37738198e+01,-5.23586663e+01
254.110000,-8.37738193e+01,-5.23586658e+01
254.115000,-8.37738189e+01,-5.23586653e+01
254.120000,-8.37738184e+01,-5.23586648e+01
254.125000,-8.37738179e+01,-5.23586643e+01
254.130000,-8.37738174e+01,-5.23586639e+01
254.135000,-8.37738169e+01,-5.23586634e+01
254.140000,-8.37738164e+01,-5.23586629e+01
254.145000,-8.37738160e+01,-5.23586624e+01
254.150000,-8.37738155e+01,-5.23586619e+01
254.155000,-8.37738150e+01,-5.23586614e+01
254.160000,-8.37738145e+01,-5.23586610e+01
254.165000,-8.37738140e+01,-5.23586605e+01
254.170000,-8.37738136e+01,-5.23586600e+01
254.175000,-8.37738131e+01,-5.23586595e+01
254.180000,-8.37738126e+01,-5.23586590e+01
254.185000,-8.37738121e+01,-5.23586586e+01
254.190000,-8.37738116e+01,-5.23586581e+01
254.195000,-8.37738112e+01,-5.23586576e+01
254.200000,-8.37738107e+01,-5.23586571e+01
254.205000,-8.37738102e+01,-5.23586566e+01
254.210000,-8.37738097e+01,-5.23586562e+01
254.215000,-8.37738092e+01,-5.23586557e+01
254.220000,-8.37738088e+01,-5.23586552e+01
254.225000,-8.37738083e+01,-5.23586547e+01
254.230000,-8.37738078e+01,-5.23586543e+01
254.235000,-8.37738073e+01,-5.23586538e+01
254.240000,-8.37738069e+01,-5.23586533e+01
254.245000,-8.37738064e+01,-5.23586528e+01
254.250000,-8.37738059e+01,-5.23586523e+01
254.255000,-8.37738054e+01,-5.23586519e+01
254.260000,-8.37738049e+01,-5.23586514e+01
254.265000,-8.37738045e+01,-5.23586509e+01
254.270000,-8.37738040e+01,-5.23586504e+01
254.275000,-8.37738035e+01,-5.23586500e+01
254.280000,-8.37738030e+01,-5.23586495e+01
254.285000,-8.37738026e+01,-5.23586490e+01
254.290000,-8.37738021e+01,-5.23586485e+01
254.295000,-8.37738016e+01,-5.23586481e+01
254.300000,-8.37738011e+01,-5.23586476e+01
254.305000,-8.37738007e+01,-5.23586471e+01
254.310000,-8.37738002e+01,-5.23586466e+01
254.315000,-8.37737997e+01,-5.23586462e+01
254.320000,-8.37737992e+01,-5.23586457e+01
254.325000,-8.37737988e+01,-5.23586452e+01
254.330000,-8.37737983e+01,-5.23586447e+01
254.335000,-8.37737978e+01,-5.23586443e+01
254.340000,-8.37737973e+01,-5.23586438e+01
254.345000,-8.37737969e+01,-5.23586433e+01
254.350000,-8.37737964e+01,-5.23586428e+01
254.355000,-8.37737959e+01,-5.23586424e+01
254.360000,-8.37737954e+01,-5.23586419e+01
254.365000,-8.37737950e+01,-5.23586414e+01
254.370000,-8.37737945e+01,-5.23586409e+01
254.375000,-8.37737940e+01,-5.23586405e+01
254.380000,-8.37737936e+01,-5.23586400e+01
254.385000,-8.37737931e+01,-5.23586395e+01
254.390000,-8.37737926e+01,-5.23586391e+01
254.395000,-8.37737921e+01,-5.23586386e+01
254.400000,-8.37737917e+01,-5.23586381e+01
254.405000,-8.37737912e+01,-5.23586376e+01
254.410000,-8.37737907e+01,-5.23586372e+01
254.415000,-8.37737903e+01,-5.23586367e+01
254.420000,-8.37737898e+01,-5.23586362e+01
254.425000,-8.37737893e+01,-5.23586358e+01
254.430000,-8.37737888e+01,-5.23586353e+01
254.435000,-8.37737884e+01,-5.23586348e+01
254.440000,-8.37737879e+01,-5.23586343e+01
254.445000,-8.37737874e+01,-5.23586339e+01
254.450000,-8.37737870e+01,-5.23586334e+01
254.455000,-8.37737865e+01,-5.23586329e+01
254.460000,-8.37737860e+01,-5.23586325e+01
254.465000,-8.37737856e+01,-5.23586320e+01
254.470000,-8.37737851e+01,-5.23586315e+01
254.475000,-8.37737846e+01,-5.23586311e+01
254.480000,-8.37737841e+01,-5.23586306e+01
254.485000,-8.37737837e+01,-5.23586301e+01
254.490000,-8.37737832e+01,-5.23586297e+01
254.495000,-8.37737827e+01,-5.23586292e+01
254.500000,-8.37737823e+01,-5.23586287e+01
254.505000,-8.37737818e+01,-5.23586283e+01
254.510000,-8.37737813e+01,-5.23586278e+01
254.515000,-8.37737809e+01,-5.23586273e+01
254.520000,-8.37737804e+01,-5.23586269e+01
254.525000,-8.37737799e+01,-5.23586264e+01
254.530000,-8.37737795e+01,-5.23586259e+01
254.535000,-8.37737790e+01,-5.23586255e+01
254.540000,-8.37737785e+01,-5.23586250e+01
254.545000,-8.37737781e+01,-5.23586245e+01
254.550000,-8.37737776e+01,-5.23586241e+01
254.555000,-8.37737771e+01,-5.23586236e+01
254.560000,-8.37737767e+01,-5.23586231e+01
254.565000,-8.37737762e+01,-5.23586227e+01
254.570000,-8.37737757e+01,-5.23586222e+01
254.575000,-8.37737753e+01,-5.23586217e+01
254.580000,-8.37737748e+01,-5.23586213e+01
254.585000,-8.37737744e+01,-5.23586208e+01
254.590000,-8.37737739e+01,-5.23586203e+01
254.595000,-8.37737734e+01,-5.23586199e+01
254.600000,-8.37737730e+01,-5.23586194e+01
254.605000,-8.37737725e+01,-5.23586189e+01
254.610000,-8.37737720e+01,-5.23586185e+01
254.615000,-8.37737716e+01,-5.23586180e+01
254.620000,-8.37737711e+01,-5.23586175e+01
254.625000,-8.37737706e+01,-5.23586171e+01
254.630000,-8.37737702e+01,-5.23586166e+01
254.635000,-8.37737697e+01,-5.23586162e+01
254.640000,-8.37737693e+01,-5.23586157e+01
254.645000,-8.37737688e+01,-5.23586152e+01
254.650000,-8.37737683e+01,-5.23586148e+01
254.655000,-8.37737679e+01,-5.23586143e+01
254.660000,-8.37737674e+01,-5.23586139e+01
254.665000,-8.37737669e+01,-5.23586134e+01
254.670000,-8.37737665e+01,-5.23586129e+01
254.675000,-8.37737660e+01,-5.23586125e+01
254.680000,-8.37737656e+01,-5.23586120e+01
254.685000,-8.37737651e+01,-5.23586115e+01
254.690000,-8.37737646e+01,-5.23586111e+01
254.695000,-8.37737642e+01,-5.23586106e+01
254.700000,-8.37737637e+01,-5.23586102e+01
254.705000,-8.37737633e+01,-5.23586097e+01
254.710000,-8.37737628e+01,-5.23586092e+01
254.715000,-8.37737623e+01,-5.23586088e+01
254.720000,-8.37737619e+01,-5.23586083e+01
254.725000,-8.37737614e+01,-5.23586079e+01
254.730000,-8.37737610e+01,-5.23586074e+01
254.735000,-8.37737605e+01,-5.23586069e+01
254.740000,-8.37737600e+01,-5.23586065e+01
254.745000,-8.37737596e+01,-5.23586060e+01
254.750000,-8.37737591e+01,-5.23586056e+01
254.755000,-8.37737587e+01,-5.23586051e+01
254.760000,-8.37737582e+01,-5.23586047e+01
254.765000,-8.37737578e+01,-5.23586042e+01
254.770000,-8.37737573e+01,-5.23586037e+01
254.775000,-8.37737568e+01,-5.23586033e+01
254.780000,-8.37737564e+01,-5.23586028e+01
254.785000,-8.37737559e+01,-5.23586024e+01
254.790000,-8.37737555e+01,-5.23586019e+01
254.795000,-8.37737550e+01,-5.23586015e+01
254.800000,-8.37737546e+01,-5.23586010e+01
254.805000,-8.37737541e+01,-5.23586005e+01
254.810000,-8.37737536e+01,-5.23586001e+01
254.815000,-8.37737532e+01,-5.23585996e+01
254.820000,-8.37737527e+01,-5.23585992e+01
254.825000,-8.37737523e+01,-5.23585987e+01
254.830000,-8.37737518e+01,-5.23585983e+01
254.835000,-8.37737514e+01,-5.23585978e+01
254.840000,-8.37737509e+01,-5.23585974e+01
254.845000,-8.37737505e+01,-5.23585969e+01
254.850000,-8.37737500e+01,-5.23585964e+01
254.855000,-8.37737495e+01,-5.23585960e+01
254.860000,-8.37737491e+01,-5.23585955e+01
254.865000,-8.37737486e+01,-5.23585951e+01
254.870000,-8.37737482e+01,-5.23585946e+01
254.875000,-8.37737477e+01,-5.23585942e+01
254.880000,-8.37737473e+01,-5.23585937e+01
254.885000,-8.37737468e+01,-5.23585933e+01
254.890000,-8.37737464e+01,-5.23585928e+01
254.895000,-8.37737459e+01,-5.23585924e+01
254.900000,-8.37737455e+01,-5.23585919e+01
254.905000,-8.37737450e+01,-5.23585915e+01
254.910000,-8.37737446e+01,-5.23585910e+01
254.915000,-8.37737441e+01,-5.23585906e+01
254.920000,-8.37737437e+01,-5.23585901e+01
254.925000,-8.37737432e+01,-5.23585896e+01
254.930000,-8.37737428e+01,-5.23585892e+01
254.935000,-8.37737423e+01,-5.23585887e+01
254.940000,-8.37737418e+01,-5.23585883e+01
254.945000,-8.37737414e+01,-5.23585878e+01
254.950000,-8.37737409e+01,-5.23585874e+01
254.955000,-8.37737405e+01,-5.23585869e+01
254.960000,-8.37737400e+01,-5.23585865e+01
254.965000,-8.37737396e+01,-5.23585860e+01
254.970000,-8.37737391e+01,-5.23585856e+01
254.975000,-8.37737387e+01,-5.23585851e+01
254.980000,-8.37737382e+01,-5.23585847e+01
254.985000,-8.37737378e+01,-5.23585842e+01
254.990000,-8.37737373e+01,-5.23585838e+01
254.995000,-8.37737369e+01,-5.23585833e+01
255.000000,-8.37737364e+01,-5.23585829e+01
255.005000,-8.37737360e+01,-5.23585824e+01
255.010000,-8.37737356e+01,-5.23585820e+01
255.015000,-8.37737351e+01,-5.23585815e+01
255.020000,-8.37737347e+01,-5.23585811e+01
255.025000,-8.37737342e+01,-5.23585807e+01
255.030000,-8.37737338e+01,-5.23585802e+01
255.035000,-8.37737333e+01,-5.23585798e+01
255.040000,-8.37737329e+01,-5.23585793e+01
255.045000,-8.37737324e+01,-5.23585789e+01
255.050000,-8.37737320e+01,-5.23585784e+01
255.055000,-8.37737315e+01,-5.23585780e+01
255.060000,-8.37737311e+01,-5.23585775e+01
255.065000,-8.37737306e+01,-5.23585771e+01
255.070000,-8.37737302e+01,-5.23585766e+01
255.075000,-8.37737297e+01,-5.23585762e+01
255.080000,-8.37737293e+01,-5.23585757e+01
255.085000,-8.37737288e+01,-5.23585753e+01
255.090000,-8.37737284e+01,-5.23585748e+01
255.095000,-8.37737280e+01,-5.23585744e+01
255.100000,-8.37737275e+01,-5.23585740e+01
255.105000,-8.37737271e+01,-5.23585735e+01
255.110000,-8.37737266e+01,-5.23585731e+01
255.115000,-8.37737262e+01,-5.23585726e+01
255.120000,-8.37737257e+01,-5.23585722e+01
255.125000,-8.37737253e+01,-5.23585717e+01
255.130000,-8.37737248e+01,-5.23585713e+01
255.135000,-8.37737244e+01,-5.23585708e+01
255.140000,-8.37737239e+01,-5.23585704e+01
255.145000,-8.37737235e+01,-5.23585700e+01
255.150000,-8.37737231e+01,-5.23585695e+01
255.155000,-8.37737226e+01,-5.23585691e+01
255.160000,-8.37737222e+01,-5.23585686e+01
255.165000,-8.37737217e+01,-5.23585682e+01
255.170000,-8.37737213e+01,-5.23585677e+01
255.175000,-8.37737208e+01,-5.23585673e+01
255.180000,-8.37737204e+01,-5.23585669e+01
255.185000,-8.37737200e+01,-5.23585664e+01
255.190000,-8.37737195e+01,-5.23585660e+01
255.195000,-8.37737191e+01,-5.23585655e+01
255.200000,-8.37737186e+01,-5.23585651e+01
255.205000,-8.37737182e+01,-5.23585646e+01
255.210000,-8.37737178e+01,-5.23585642e+01
255.215000,-8.37737173e+01,-5.23585638e+01
255.220000,-8.37737169e+01,-5.23585633e+01
255.225000,-8.37737164e+01,-5.23585629e+01
255.230000,-8.37737160e+01,-5.23585624e+01
255.235000,-8.37737155e+01,-5.23585620e+01
255.240000,-8.37737151e+01,-5.23585616e+01
255.245000,-8.37737147e+01,-5.23585611e+01
255.250000,-8.37737142e+01,-5.23585607e+01
255.255000,-8.37737138e+01,-5.23585602e+01
255.260000,-8.37737133e+01,-5.23585598e+01
255.265000,-8.37737129e+01,-5.23585594e+01
255.270000,-8.37737125e+01,-5.23585589e+01
255.275000,-8.37737120e+01,-5.23585585e+01
255.280000,-8.37737116e+01,-5.23585580e+01
255.285000,-8.37737112e+01,-5.23585576e+01
255.290000,-8.37737107e+01,-5.23585572e+01
255.295000,-8.37737103e+01,-5.23585567e+01
255.300000,-8.37737098e+01,-5.23585563e+01
255.305000,-8.37737094e+01,-5.23585558e+01
255.310000,-8.37737090e+01,-5.23585554e+01
255.315000,-8.37737085e+01,-5.23585550e+01
255.320000,-8.37737081e+01,-5.23585545e+01
255.325000,-8.37737077e+01,-5.23585541e+01
255.330000,-8.37737072e+01,-5.23585537e+01
255.335000,-8.37737068e+01,-5.23585532e+01
255.340000,-8.37737063e+01,-5.23585528e+01
255.345000,-8.37737059e+01,-5.23585524e+01
255.350000,-8.37737055e+01,-5.23585519e+01
255.355000,-8.37737050e+01,-5.23585515e+01
255.360000,-8.37737046e+01,-5.23585510e+01
255.365000,-8.37737042e+01,-5.23585506e+01
255.370000,-8.37737037e+01,-5.23585502e+01
255.375000,-8.37737033e+01,-5.23585497e+01
255.380000,-8.37737029e+01,-5.23585493e+01
255.385000,-8.37737024e+01,-5.23585489e+01
255.390000,-8.37737020e+01,-5.23585484e+01
255.395000,-8.37737015e+01,-5.23585480e+01
255.400000,-8.37737011e+01,-5.23585476e+01
255.405000,-8.37737007e+01,-5.23585471e+01
255.410000,-8.37737002e+01,-5.23585467e+01
255.415000,-8.37736998e+01,-5.23585463e+01
255.420000,-8.37736994e+01,-5.23585458e+01
255.425000,-8.37736989e+01,-5.23585454e+01
255.430000,-8.37736985e+01,-5.23585450e+01
255.435000,-8.37736981e+01,-5.23585445e+01
255.440000,-8.37736976e+01,-5.23585441e+01
255.445000,-8.37736972e+01,-5.23585437e+01
255.450000,-8.37736968e+01,-5.23585432e+01
255.455000,-8.37736963e+01,-5.23585428e+01
255.460000,-8.37736959e+01,-5.23585424e+01
255.465000,-8.37736955e+01,-5.23585419e+01
255.470000,-8.37736950e+01,-5.23585415e+01
255.475000,-8.37736946e+01,-5.23585411e+01
255.480000,-8.37736942e+01,-5.23585406e+01
255.485000,-8.37736938e+01,-5.23585402e+01
255.490000,-8.37736933e+01,-5.23585398e+01
255.495000,-8.37736929e+01,-5.23585393e+01
255.500000,-8.37736925e+01,-5.23585389e+01
255.505000,-8.37736920e+01,-5.23585385e+01
255.510000,-8.37736916e+01,-5.23585380e+01
255.515000,-8.37736912e+01,-5.23585376e+01
255.520000,-8.37736907e+01,-5.23585372e+01
255.525000,-8.37736903e+01,-5.23585368e+01
255.530000,-8.37736899e+01,-5.23585363e+01
255.535000,-8.37736894e+01,-5.23585359e+01
255.540000,-8.37736890e+01,-5.23585355e+01
255.545000,-8.37736886e+01,-5.23585350e+01
255.550000,-8.37736882e+01,-5.23585346e+01
255.555000,-8.37736877e+01,-5.23585342e+01
255.560000,-8.37736873e+01,-5.23585337e+01
255.565000,-8.37736869e+01,-5.23585333e+01
255.570000,-8.37736864e+01,-5.23585329e+01
255.575000,-8.37736860e+01,-5.23585325e+01
255.580000,-8.37736856e+01,-5.23585320e+01
255.585000,-8.37736852e+01,-5.23585316e+01
255.590000,-8.37736847e+01,-5.23585312e+01
255.595000,-8.37736843e+01,-5.23585307e+01
255.600000,-8.37736839e+01,-5.23585303e+01
255.605000,-8.37736834e+01,-5.23585299e+01
255.610000,-8.37736830e+01,-5.23585295e+01
255.615000,-8.37736826e+01,-5.23585290e+01
255.620000,-8.37736822e+01,-5.23585286e+01
255.625000,-8.37736817e+01,-5.23585282e+01
255.630000,-8.37736813e+01,-5.23585278e+01
255.635000,-8.37736809e+01,-5.23585273e+01
255.640000,-8.37736805e+01,-5.23585269e+01
255.645000,-8.37736800e+01,-5.23585265e+01
255.650000,-8.37736796e+01,-5.23585261e+01
255.655000,-8.37736792e+01,-5.23585256e+01
255.660000,-8.37736788e+01,-5.23585252e+01
255.665000,-8.37736783e+01,-5.23585248e+01
255.670000,-8.37736779e+01,-5.23585244e+01
255.675000,-8.37736775e+01,-5.23585239e+01
255.680000,-8.37736771e+01,-5.23585235e+01
255.685000,-8.37736766e+01,-5.23585231e+01
255.690000,-8.37736762e+01,-5.23585227e+01
255.695000,-8.37736758e+01,-5.23585222e+01
255.700000,-8.37736754e+01,-5.23585218e+01
255.705000,-8.37736749e+01,-5.23585214e+01
255.710000,-8.37736745e+01,-5.23585210e+01
255.715000,-8.37736741e+01,-5.23585205e+01
255.720000,-8.37736737e+01,-5.23585201e+01
255.725000,-8.37736732e+01,-5.23585197e+01
255.730000,-8.37736728e+01,-5.23585193e+01
255.735000,-8.37736724e+01,-5.23585188e+01
255.740000,-8.37736720e+01,-5.23585184e+01
255.745000,-8.37736716e+01,-5.23585180e+01
255.750000,-8.37736711e+01,-5.23585176e+01
255.755000,-8.37736707e+01,-5.23585172e+01
255.760000,-8.37736703e+01,-5.23585167e+01
255.765000,-8.37736699e+01,-5.23585163e+01
255.770000,-8.37736694e+01,-5.23585159e+01
255.775000,-8.37736690e+01,-5.23585155e+01
255.780000,-8.37736686e+01,-5.23585150e+01
255.785000,-8.37736682e+01,-5.23585146e+01
255.790000,-8.37736678e+01,-5.23585142e+01
255.795000,-8.37736673e+01,-5.23585138e+01
255.800000,-8.37736669e+01,-5.23585134e+01
255.805000,-8.37736665e+01,-5.23585129e+01
255.810000,-8.37736661e+01,-5.23585125e+01
255.815000,-8.37736657e+01,-5.23585121e+01
255.820000,-8.37736652e+01,-5.23585117e+01
255.825000,-8.37736648e+01,-5.23585113e+01
255.830000,-8.37736644e+01,-5.23585108e+01
255.835000,-8.37736640e+01,-5.23585104e+01
255.840000,-8.37736636e+01,-5.23585100e+01
255.845000,-8.37736631e+01,-5.23585096e+01
255.850000,-8.37736627e+01,-5.23585092e+01
255.855000,-8.37736623e+01,-5.23585087e+01
255.860000,-8.37736619e+01,-5.23585083e+01
255.865000,-8.37736615e+01,-5.23585079e+01
255.870000,-8.37736610e+01,-5.23585075e+01
255.875000,-8.37736606e+01,-5.23585071e+01
255.880000,-8.37736602e+01,-5.23585067e+01
255.885000,-8.37736598e+01,-5.23585062e+01
255.890000,-8.37736594e+01,-5.23585058e+01
255.895000,-8.37736590e+01,-5.23585054e+01
255.900000,-8.37736585e+01,-5.23585050e+01
255.905000,-8.37736581e+01,-5.23585046e+01
255.910000,-8.37736577e+01,-5.23585042e+01
255.915000,-8.37736573e+01,-5.23585037e+01
255.920000,-8.37736569e+01,-5.23585033e+01
255.925000,-8.37736565e+01,-5.23585029e+01
255.930000,-8.37736560e+01,-5.23585025e+01
255.935000,-8.37736556e+01,-5.23585021e+01
255.940000,-8.37736552e+01,-5.23585017e+01
255.945000,-8.37736548e+01,-5.23585012e+01
255.950000,-8.37736544e+01,-5.23585008e+01
255.955000,-8.37736540e+01,-5.23585004e+01
255.960000,-8.37736535e+01,-5.23585000e+01
255.965000,-8.37736531e+01,-5.23584996e+01
255.970000,-8.37736527e+01,-5.23584992e+01
255.975000,-8.37736523e+01,-5.23584987e+01
255.980000,-8.37736519e+01,-5.23584983e+01
255.985000,-8.37736515e+01,-5.23584979e+01
255.990000,-8.37736511e+01,-5.23584975e+01
255.995000,-8.37736506e+01,-5.23584971e+01
256.000000,-8.37736502e+01,-5.23584967e+01
256.005000,-8.37736498e+01,-5.23584963e+01
256.010000,-8.37736494e+01,-5.23584959e+01
256.015000,-8.37736490e+01,-5.23584954e+01
256.020000,-8.37736486e+01,-5.23584950e+01
256.025000,-8.37736482e+01,-5.23584946e+01
256.030000,-8.37736478e+01,-5.23584942e+01
256.035000,-8.37736473e+01,-5.23584938e+01
256.040000,-8.37736469e+01,-5.23584934e+01
256.045000,-8.37736465e+01,-5.23584930e+01
256.050000,-8.37736461e+01,-5.23584925e+01
256.055000,-8.37736457e+01,-5.23584921e+01
256.060000,-8.37736453e+01,-5.23584917e+01
256.065000,-8.37736449e+01,-5.23584913e+01
256.070000,-8.37736445e+01,-5.23584909e+01
256.075000,-8.37736440e+01,-5.23584905e+01
256.080000,-8.37736436e+01,-5.23584901e+01
256.085000,-8.37736432e+01,-5.23584897e+01
256.090000,-8.37736428e+01,-5.23584893e+01
256.095000,-8.37736424e+01,-5.23584888e+01
256.100000,-8.37736420e+01,-5.23584884e+01
256.105000,-8.37736416e+01,-5.23584880e+01
256.110000,-8.37736412e+01,-5.23584876e+01
256.115000,-8.37736408e+01,-5.23584872e+01
256.120000,-8.37736403e+01,-5.23584868e+01
256.125000,-8.37736399e+01,-5.23584864e+01
256.130000,-8.37736395e+01,-5.23584860e+01
256.135000,-8.37736391e+01,-5.23584856e+01
256.140000,-8.37736387e+01,-5.23584852e+01
256.145000,-8.37736383e+01,-5.23584848e+01
256.150000,-8.37736379e+01,-5.23584843e+01
256.155000,-8.37736375e+01,-5.23584839e+01
256.160000,-8.37736371e+01,-5.23584835e+01
256.165000,-8.37736367e+01,-5.23584831e+01
256.170000,-8.37736363e+01,-5.23584827e+01
256.175000,-8.37736359e+01,-5.23584823e+01
256.180000,-8.37736354e+01,-5.23584819e+01
256.185000,-8.37736350e+01,-5.23584815e+01
256.190000,-8.37736346e+01,-5.23584811e+01
256.195000,-8.37736342e+01,-5.23584807e+01
256.200000,-8.37736338e+01,-5.23584803e+01
256.205000,-8.37736334e+01,-5.23584799e+01
256.210000,-8.37736330e+01,-5.23584795e+01
256.215000,-8.37736326e+01,-5.23584790e+01
256.220000,-8.37736322e+01,-5.23584786e+01
256.225000,-8.37736318e+01,-5.23584782e+01
256.230000,-8.37736314e+01,-5.23584778e+01
256.235000,-8.37736310e+01,-5.23584774e+01
256.240000,-8.37736306e+01,-5.23584770e+01
256.245000,-8.37736302e+01,-5.23584766e+01
256.250000,-8.37736298e+01,-5.23584762e+01
256.255000,-8.37736293e+01,-5.23584758e+01
256.260000,-8.37736289e+01,-5.23584754e+01
256.265000,-8.37736285e+01,-5.23584750e+01
256.270000,-8.37736281e+01,-5.23584746e+01
256.275000,-8.37736277e+01,-5.23584742e+01
256.280000,-8.37736273e+01,-5.23584738e+01
256.285000,-8.37736269e+01,-5.23584734e+01
256.290000,-8.37736265e+01,-5.23584730e+01
256.295000,-8.37736261e+01,-5.23584726e+01
256.300000,-8.37736257e+01,-5.23584722e+01
256.305000,-8.37736253e+01,-5.23584718e+01
256.310000,-8.37736249e+01,-5.23584714e+01
256.315000,-8.37736245e+01,-5.23584709e+01
256.320000,-8.37736241e+01,-5.23584705e+01
256.325000,-8.37736237e+01,-5.23584701e+01
256.330000,-8.37736233e+01,-5.23584697e+01
256.335000,-8.37736229e+01,-5.23584693e+01
256.340000,-8.37736225e+01,-5.23584689e+01
256.345000,-8.37736221e+01,-5.23584685e+01
256.350000,-8.37736217e+01,-5.23584681e+01
256.355000,-8.37736213e+01,-5.23584677e+01
256.360000,-8.37736209e+01,-5.23584673e+01
256.365000,-8.37736205e+01,-5.23584669e+01
256.370000,-8.37736201e+01,-5.23584665e+01
256.375000,-8.37736197e+01,-5.23584661e+01
256.380000,-8.37736193e+01,-5.23584657e+01
256.385000,-8.37736189e+01,-5.23584653e+01
256.390000,-8.37736185e+01,-5.23584649e+01
256.395000,-8.37736181e+01,-5.23584645e+01
256.400000,-8.37736177e+01,-5.23584641e+01
256.405000,-8.37736173e+01,-5.23584637e+01
256.410000,-8.37736169e+01,-5.23584633e+01
256.415000,-8.37736165e+01,-5.23584629e+01
256.420000,-8.37736161e+01,-5.23584625e+01
256.425000,-8.37736157e+01,-5.23584621e+01
256.430000,-8.37736153e+01,-5.23584617e+01
256.435000,-8.37736149e+01,-5.23584613e+01
256.440000,-8.37736145e+01,-5.23584609e+01
256.445000,-8.37736141e+01,-5.23584605e+01
256.450000,-8.37736137e+01,-5.23584601e+01
256.455000,-8.37736133e+01,-5.23584597e+01
256.460000,-8.37736129e+01,-5.23584593e+01
256.465000,-8.37736125e+01,-5.23584589e+01
256.470000,-8.37736121e+01,-5.23584585e+01
256.475000,-8.37736117e+01,-5.23584581e+01
256.480000,-8.37736113e+01,-5.23584577e+01
256.485000,-8.37736109e+01,-5.23584573e+01
256.490000,-8.37736105e+01,-5.23584569e+01
256.495000,-8.37736101e+01,-5.23584565e+01
256.500000,-8.37736097e+01,-5.23584561e+01
256.505000,-8.37736093e+01,-5.23584557e+01
256.510000,-8.37736089e+01,-5.23584553e+01
256.515000,-8.37736085e+01,-5.23584550e+01
256.520000,-8.37736081e+01,-5.23584546e+01
256.525000,-8.37736077e+01,-5.23584542e+01
256.530000,-8.37736073e+01,-5.23584538e+01
256.535000,-8.37736069e+01,-5.23584534e+01
256.540000,-8.37736065e+01,-5.23584530e+01
256.545000,-8.37736061e+01,-5.23584526e+01
256.550000,-8.37736057e+01,-5.23584522e+01
256.555000,-8.37736053e+01,-5.23584518e+01
256.560000,-8.37736049e+01,-5.23584514e+01
256.565000,-8.37736045e+01,-5.23584510e+01
256.570000,-8.37736041e+01,-5.23584506e+01
256.575000,-8.37736038e+01,-5.23584502e+01
256.580000,-8.37736034e+01,-5.23584498e+01
256.585000,-8.37736030e+01,-5.23584494e+01
256.590000,-8.37736026e+01,-5.23584490e+01
256.595000,-8.37736022e+01,-5.23584486e+01
256.600000,-8.37736018e+01,-5.23584482e+01
256.605000,-8.37736014e+01,-5.23584478e+01
256.610000,-8.37736010e+01,-5.23584474e+01
256.615000,-8.37736006e+01,-5.23584470e+01
256.620000,-8.37736002e+01,-5.23584467e+01
256.625000,-8.37735998e+01,-5.23584463e+01
256.630000,-8.37735994e+01,-5.23584459e+01
256.635000,-8.37735990e+01,-5.23584455e+01
256.640000,-8.37735986e+01,-5.23584451e+01
256.645000,-8.37735982e+01,-5.23584447e+01
256.650000,-8.37735979e+01,-5.23584443e+01
256.655000,-8.37735975e+01,-5.23584439e+01
256.660000,-8.37735971e+01,-5.23584435e+01
256.665000,-8.37735967e+01,-5.23584431e+01
256.670000,-8.37735963e+01,-5.23584427e+01
256.675000,-8.37735959e+01,-5.23584423e+01
256.680000,-8.37735955e+01,-5.23584419e+01
256.685000,-8.37735951e+01,-5.23584416e+01
256.690000,-8.37735947e+01,-5.23584412e+01
256.695000,-8.37735943e+01,-5.23584408e+01
256.700000,-8.37735939e+01,-5.23584404e+01
256.705000,-8.37735935e+01,-5.23584400e+01
256.710000,-8.37735932e+01,-5.23584396e+01
256.715000,-8.37735928e+01,-5.23584392e+01
256.720000,-8.37735924e+01,-5.23584388e+01
256.725000,-8.37735920e+01,-5.23584384e+01
256.730000,-8.37735916e+01,-5.23584380e+01
256.735000,-8.37735912e+01,-5.23584377e+01
256.740000,-8.37735908e+01,-5.23584373e+01
256.745000,-8.37735904e+01,-5.23584369e+01
256.750000,-8.37735900e+01,-5.23584365e+01
256.755000,-8.37735896e+01,-5.23584361e+01
256.760000,-8.37735893e+01,-5.23584357e+01
256.765000,-8.37735889e+01,-5.23584353e+01
256.770000,-8.37735885e+01,-5.23584349e+01
256.775000,-8.37735881e+01,-5.23584345e+01
256.780000,-8.37735877e+01,-5.23584342e+01
256.785000,-8.37735873e+01,-5.23584338e+01
256.790000,-8.37735869e+01,-5.23584334e+01
256.795000,-8.37735865e+01,-5.23584330e+01
256.800000,-8.37735862e+01,-5.23584326e+01
256.805000,-8.37735858e+01,-5.23584322e+01
256.810000,-8.37735854e+01,-5.23584318e+01
256.815000,-8.37735850e+01,-5.23584314e+01
256.820000,-8.37735846e+01,-5.23584311e+01
256.825000,-8.37735842e+01,-5.23584307e+01
256.830000,-8.37735838e+01,-5.23584303e+01
256.835000,-8.37735834e+01,-5.23584299e+01
256.840000,-8.37735831e+01,-5.23584295e+01
256.845000,-8.37735827e+01,-5.23584291e+01
256.850000,-8.37735823e+01,-5.23584287e+01
256.855000,-8.37735819e+01,-5.23584283e+01
256.860000,-8.37735815e+01,-5.23584280e+01
256.865000,-8.37735811e+01,-5.23584276e+01
256.870000,-8.37735807e+01,-5.23584272e+01
256.875000,-8.37735804e+01,-5.23584268e+01
256.880000,-8.37735800e+01,-5.23584264e+01
256.885000,-8.37735796e+01,-5.23584260e+01
256.890000,-8.37735792e+01,-5.23584257e+01
256.895000,-8.37735788e+01,-5.23584253e+01
256.900000,-8.37735784e+01,-5.23584249e+01
256.905000,-8.37735781e+01,-5.23584245e+01
256.910000,-8.37735777e+01,-5.23584241e+01
256.915000,-8.37735773e+01,-5.23584237e+01
256.920000,-8.37735769e+01,-5.23584233e+01
256.925000,-8.37735765e+01,-5.23584230e+01
256.930000,-8.37735761e+01,-5.23584226e+01
256.935000,-8.37735757e+01,-5.23584222e+01
256.940000,-8.37735754e+01,-5.23584218e+01
256.945000,-8.37735750e+01,-5.23584214e+01
256.950000,-8.37735746e+01,-5.23584210e+01
256.955000,-8.37735742e+01,-5.23584207e+01
256.960000,-8.37735738e+01,-5.23584203e+01
256.965000,-8.37735735e+01,-5.23584199e+01
256.970000,-8.37735731e+01,-5.23584195e+01
256.975000,-8.37735727e+01,-5.23584191e+01
256.980000,-8.37735723e+01,-5.23584188e+01
256.985000,-8.37735719e+01,-5.23584184e+01
256.990000,-8.37735715e+01,-5.23584180e+01
256.995000,-8.37735712e+01,-5.23584176e+01
257.000000,-8.37735708e+01,-5.23584172e+01
257.005000,-8.37735704e+01,-5.23584168e+01
257.010000,-8.37735700e+01,-5.23584165e+01
257.015000,-8.37735696e+01,-5.23584161e+01
257.020000,-8.37735693e+01,-5.23584157e+01
257.025000,-8.37735689e+01,-5.23584153e+01
257.030000,-8.37735685e+01,-5.23584149e+01
257.035000,-8.37735681e+01,-5.23584146e+01
257.040000,-8.37735677e+01,-5.23584142e+01
257.045000,-8.37735674e+01,-5.23584138e+01
257.050000,-8.37735670e+01,-5.23584134e+01
257.055000,-8.37735666e+01,-5.23584130e+01
257.060000,-8.37735662e+01,-5.23584127e+01
257.065000,-8.37735658e+01,-5.23584123e+01
257.070000,-8.37735655e+01,-5.23584119e+01
257.075000,-8.37735651e+01,-5.23584115e+01
257.080000,-8.37735647e+01,-5.23584111e+01
257.085000,-8.37735643e+01,-5.23584108e+01
257.090000,-8.37735639e+01,-5.23584104e+01
257.095000,-8.37735636e+01,-5.23584100e+01
257.100000,-8.37735632e+01,-5.23584096e+01
257.105000,-8.37735628e+01,-5.23584093e+01
257.110000,-8.37735624e+01,-5.23584089e+01
257.115000,-8.37735621e+01,-5.23584085e+01
257.120000,-8.37735617e+01,-5.23584081e+01
257.125000,-8.37735613e+01,-5.23584077e+01
257.130000,-8.37735609e+01,-5.23584074e+01
257.135000,-8.37735605e+01,-5.23584070e+01
257.140000,-8.37735602e+01,-5.23584066e+01
257.145000,-8.37735598e+01,-5.23584062e+01
257.150000,-8.37735594e+01,-5.23584059e+01
257.155000,-8.37735590e+01,-5.23584055e+01
257.160000,-8.37735587e+01,-5.23584051e+01
257.165000,-8.37735583e+01,-5.23584047e+01
257.170000,-8.37735579e+01,-5.23584044e+01
257.175000,-8.37735575e+01,-5.23584040e+01
257.180000,-8.37735572e+01,-5.23584036e+01
257.185000,-8.37735568e+01,-5.23584032e+01
257.190000,-8.37735564e+01,-5.23584029e+01
257.195000,-8.37735560e+01,-5.23584025e+01
257.200000,-8.37735557e+01,-5.23584021e+01
257.205000,-8.37735553e+01,-5.23584017e+01
257.210000,-8.37735549e+01,-5.23584014e+01
257.215000,-8.37735545e+01,-5.23584010e+01
257.220000,-8.37735542e+01,-5.23584006e+01
257.225000,-8.37735538e+01,-5.23584002e+01
257.230000,-8.37735534e+01,-5.23583999e+01
257.235000,-8.37735530e+01,-5.23583995e+01
257.240000,-8.37735527e+01,-5.23583991e+01
257.245000,-8.37735523e+01,-5.23583987e+01
257.250000,-8.37735519e+01,-5.23583984e+01
257.255000,-8.37735515e+01,-5.23583980e+01
257.260000,-8.37735512e+01,-5.23583976e+01
257.265000,-8.37735508e+01,-5.23583972e+01
257.270000,-8.37735504e+01,-5.23583969e+01
257.275000,-8.37735500e+01,-5.23583965e+01
257.280000,-8.37735497e+01,-5.23583961e+01
257.285000,-8.37735493e+01,-5.23583957e+01
257.290000,-8.37735489e+01,-5.23583954e+01
257.295000,-8.37735486e+01,-5.23583950e+01
257.300000,-8.37735482e+01,-5.23583946e+01
257.305000,-8.37735478e+01,-5.23583943e+01
257.310000,-8.37735474e+01,-5.23583939e+01
257.315000,-8.37735471e+01,-5.23583935e+01
257.320000,-8.37735467e+01,-5.23583931e+01
257.325000,-8.37735463e+01,-5.23583928e+01
257.330000,-8.37735460e+01,-5.23583924e+01
257.335000,-8.37735456e+01,-5.23583920e+01
257.340000,-8.37735452e+01,-5.23583917e+01
257.345000,-8.37735448e+01,-5.23583913e+01
257.350000,-8.37735445e+01,-5.23583909e+01
257.355000,-8.37735441e+01,-5.23583905e+01
257.360000,-8.37735437e+01,-5.23583902e+01
257.365000,-8.37735434e+01,-5.23583898e+01
257.370000,-8.37735430e+01,-5.23583894e+01
257.375000,-8.37735426e+01,-5.23583891e+01
257.380000,-8.37735423e+01,-5.23583887e+01
257.385000,-8.37735419e+01,-5.23583883e+01
257.390000,-8.37735415e+01,-5.23583880e+01
257.395000,-8.37735411e+01,-5.23583876e+01
257.400000,-8.37735408e+01,-5.23583872e+01
257.405000,-8.37735404e+01,-5.23583869e+01
257.410000,-8.37735400e+01,-5.23583865e+01
257.415000,-8.37735397e+01,-5.23583861e+01
257.420000,-8.37735393e+01,-5.23583857e+01
257.425000,-8.37735389e+01,-5.23583854e+01
257.430000,-8.37735386e+01,-5.23583850e+01
257.435000,-8.37735382e+01,-5.23583846e+01
257.440000,-8.37735378e+01,-5.23583843e+01
257.445000,-8.37735375e+01,-5.23583839e+01
257.450000,-8.37735371e+01,-5.23583835e+01
257.455000,-8.37735367e+01,-5.23583832e+01
257.460000,-8.37735364e+01,-5.23583828e+01
257.465000,-8.37735360e+01,-5.23583824e+01
257.470000,-8.37735356e+01,-5.23583821e+01
257.475000,-8.37735353e+01,-5.23583817e+01
257.480000,-8.37735349e+01,-5.23583813e+01
257.485000,-8.37735345e+01,-5.23583810e+01
257.490000,-8.37735342e+01,-5.23583806e+01
257.495000,-8.37735338e+01,-5.23583802e+01
257.500000,-8.37735334e+01,-5.23583799e+01
257.505000,-8.37735331e+01,-5.23583795e+01
257.510000,-8.37735327e+01,-5.23583791e+01
257.515000,-8.37735323e+01,-5.23583788e+01
257.520000,-8.37735320e+01,-5.23583784e+01
257.525000,-8.37735316e+01,-5.23583780e+01
257.530000,-8.37735312e+01,-5.23583777e+01
257.535000,-8.37735309e+01,-5.23583773e+01
257.540000,-8.37735305e+01,-5.23583770e+01
257.545000,-8.37735301e+01,-5.23583766e+01
257.550000,-8.37735298e+01,-5.23583762e+01
257.555000,-8.37735294e+01,-5.23583759e+01
257.560000,-8.37735290e+01,-5.23583755e+01
257.565000,-8.37735287e+01,-5.23583751e+01
257.570000,-8.37735283e+01,-5.23583748e+01
257.575000,-8.37735280e+01,-5.23583744e+01
257.580000,-8.37735276e+01,-5.23583740e+01
257.585000,-8.37735272e+01,-5.23583737e+01
257.590000,-8.37735269e+01,-5.23583733e+01
257.595000,-8.37735265e+01,-5.23583729e+01
257.600000,-8.37735261e+01,-5.23583726e+01
257.605000,-8.37735258e+01,-5.23583722e+01
257.610000,-8.37735254e+01,-5.23583719e+01
257.615000,-8.37735250e+01,-5.23583715e+01
257.620000,-8.37735247e+01,-5.23583711e+01
257.625000,-8.37735243e+01,-5.23583708e+01
257.630000,-8.37735240e+01,-5.23583704e+01
257.635000,-8.37735236e+01,-5.23583700e+01
257.640000,-8.37735232e+01,-5.23583697e+01
257.645000,-8.37735229e+01,-5.23583693e+01
257.650000,-8.37735225e+01,-5.23583690e+01
257.655000,-8.37735222e+01,-5.23583686e+01
257.660000,-8.37735218e+01,-5.23583682e+01
257.665000,-8.37735214e+01,-5.23583679e+01
257.670000,-8.37735211e+01,-5.23583675e+01
257.675000,-8.37735207e+01,-5.23583672e+01
257.680000,-8.37735203e+01,-5.23583668e+01
257.685000,-8.37735200e+01,-5.23583664e+01
257.690000,-8.37735196e+01,-5.23583661e+01
257.695000,-8.37735193e+01,-5.23583657e+01
257.700000,-8.37735189e+01,-5.23583654e+01
257.705000,-8.37735185e+01,-5.23583650e+01
257.710000,-8.37735182e+01,-5.23583646e+01
257.715000,-8.37735178e+01,-5.23583643e+01
257.720000,-8.37735175e+01,-5.23583639e+01
257.725000,-8.37735171e+01,-5.23583636e+01
257.730000,-8.37735167e+01,-5.23583632e+01
257.735000,-8.37735164e+01,-5.23583628e+01
257.740000,-8.37735160e+01,-5.23583625e+01
257.745000,-8.37735157e+01,-5.23583621e+01
257.750000,-8.37735153e+01,-5.23583618e+01
257.755000,-8.37735150e+01,-5.23583614e+01
257.760000,-8.37735146e+01,-5.23583610e+01
257.765000,-8.37735142e+01,-5.23583607e+01
257.770000,-8.37735139e+01,-5.23583603e+01
257.775000,-8.37735135e+01,-5.23583600e+01
257.780000,-8.37735132e+01,-5.23583596e+01
257.785000,-8.37735128e+01,-5.23583593e+01
257.790000,-8.37735124e+01,-5.23583589e+01
257.795000,-8.37735121e+01,-5.23583585e+01
257.800000,-8.37735117e+01,-5.23583582e+01
257.805000,-8.37735114e+01,-5.23583578e+01
257.810000,-8.37735110e+01,-5.23583575e+01
257.815000,-8.37735107e+01,-5.23583571e+01
257.820000,-8.37735103e+01,-5.23583568e+01
257.825000,-8.37735100e+01,-5.23583564e+01
257.830000,-8.37735096e+01,-5.23583560e+01
257.835000,-8.37735092e+01,-5.23583557e+01
257.840000,-8.37735089e+01,-5.23583553e+01
257.845000,-8.37735085e+01,-5.23583550e+01
257.850000,-8.37735082e+01,-5.23583546e+01
257.855000,-8.37735078e+01,-5.23583543e+01
257.860000,-8.37735075e+01,-5.23583539e+01
257.865000,-8.37735071e+01,-5.23583536e+01
257.870000,-8.37735067e+01,-5.23583532e+01
257.875000,-8.37735064e+01,-5.23583528e+01
257.880000,-8.37735060e+01,-5.23583525e+01
257.885000,-8.37735057e+01,-5.23583521e+01
257.890000,-8.37735053e+01,-5.23583518e+01
257.895000,-8.37735050e+01,-5.23583514e+01
257.900000,-8.37735046e+01,-5.23583511e+01
257.905000,-8.37735043e+01,-5.23583507e+01
257.910000,-8.37735039e+01,-5.23583504e+01
257.915000,-8.37735036e+01,-5.23583500e+01
257.920000,-8.37735032e+01,-5.23583497e+01
257.925000,-8.37735029e+01,-5.23583493e+01
257.930000,-8.37735025e+01,-5.23583489e+01
257.935000,-8.37735021e+01,-5.23583486e+01
257.940000,-8.37735018e+01,-5.23583482e+01
257.945000,-8.37735014e+01,-5.23583479e+01
257.950000,-8.37735011e+01,-5.23583475e+01
257.955000,-8.37735007e+01,-5.23583472e+01
257.960000,-8.37735004e+01,-5.23583468e+01
257.965000,-8.37735000e+01,-5.23583465e+01
257.970000,-8.37734997e+01,-5.23583461e+01
257.975000,-8.37734993e+01,-5.23583458e+01
257.980000,-8.37734990e+01,-5.23583454e+01
257.985000,-8.37734986e+01,-5.23583451e+01
257.990000,-8.37734983e+01,-5.23583447e+01
257.995000,-8.37734979e+01,-5.23583444e+01
258.000000,-8.37734976e+01,-5.23583440e+01
258.005000,-8.37734972e+01,-5.23583437e+01
258.010000,-8.37734969e+01,-5.23583433e+01
258.015000,-8.37734965e+01,-5.23583430e+01
258.020000,-8.37734962e+01,-5.23583426e+01
258.025000,-8.37734958e+01,-5.23583423e+01
258.030000,-8.37734955e+01,-5.23583419e+01
258.035000,-8.37734951e+01,-5.23583416e+01
258.040000,-8.37734948e+01,-5.23583412e+01
258.045000,-8.37734944e+01,-5.23583409e+01
258.050000,-8.37734941e+01,-5.23583405e+01
258.055000,-8.37734937e+01,-5.23583402e+01
258.060000,-8.37734934e+01,-5.23583398e+01
258.065000,-8.37734930e+01,-5.23583395e+01
258.070000,-8.37734927e+01,-5.23583391e+01
258.075000,-8.37734923e+01,-5.23583388e+01
258.080000,-8.37734920e+01,-5.23583384e+01
258.085000,-8.37734916e+01,-5.23583381e+01
258.090000,-8.37734913e+01,-5.23583377e+01
258.095000,-8.37734909e+01,-5.23583374e+01
258.100000,-8.37734906e+01,-5.23583370e+01
258.105000,-8.37734902e+01,-5.23583367e+01
258.110000,-8.37734899e+01,-5.23583363e+01
258.115000,-8.37734895e+01,-5.23583360e+01
258.120000,-8.37734892e+01,-5.23583356e+01
258.125000,-8.37734888e+01,-5.23583353e+01
258.130000,-8.37734885e+01,-5.23583349e+01
258.135000,-8.37734881e+01,-5.23583346e+01
258.140000,-8.37734878e+01,-5.23583342e+01
258.145000,-8.37734874e+01,-5.23583339e+01
258.150000,-8.37734871e+01,-5.23583335e+01
258.155000,-8.37734867e+01,-5.23583332e+01
258.160000,-8.37734864e+01,-5.23583328e+01
258.165000,-8.37734861e+01,-5.23583325e+01
258.170000,-8.37734857e+01,-5.23583322e+01
258.175000,-8.37734854e+01,-5.23583318e+01
258.180000,-8.37734850e+01,-5.23583315e+01
258.185000,-8.37734847e+01,-5.23583311e+01
258.190000,-8.37734843e+01,-5.23583308e+01
258.195000,-8.37734840e+01,-5.23583304e+01
258.200000,-8.37734836e+01,-5.23583301e+01
258.205000,-8.37734833e+01,-5.23583297e+01
258.210000,-8.37734829e+01,-5.23583294e+01
258.215000,-8.37734826e+01,-5.23583290e+01
258.220000,-8.37734822e+01,-5.23583287e+01
258.225000,-8.37734819e+01,-5.23583284e+01
258.230000,-8.37734816e+01,-5.23583280e+01
258.235000,-8.37734812e+01,-5.23583277e+01
258.240000,-8.37734809e+01,-5.23583273e+01
258.245000,-8.37734805e+01,-5.23583270e+01
258.250000,-8.37734802e+01,-5.23583266e+01
258.255000,-8.37734798e+01,-5.23583263e+01
258.260000,-8.37734795e+01,-5.23583259e+01
258.265000,-8.37734791e+01,-5.23583256e+01
258.270000,-8.37734788e+01,-5.23583253e+01
258.275000,-8.37734785e+01,-5.23583249e+01
258.280000,-8.37734781e+01,-5.23583246e+01
258.285000,-8.37734778e+01,-5.23583242e+01
258.290000,-8.37734774e+01,-5.23583239e+01
258.295000,-8.37734771e+01,-5.23583235e+01
258.300000,-8.37734767e+01,-5.23583232e+01
258.305000,-8.37734764e+01,-5.23583229e+01
258.310000,-8.37734761e+01,-5.23583225e+01
258.315000,-8.37734757e+01,-5.23583222e+01
258.320000,-8.37734754e+01,-5.23583218e+01
258.325000,-8.37734750e+01,-5.23583215e+01
258.330000,-8.37734747e+01,-5.23583211e+01
258.335000,-8.37734743e+01,-5.23583208e+01
258.340000,-8.37734740e+01,-5.23583205e+01
258.345000,-8.37734737e+01,-5.23583201e+01
258.350000,-8.37734733e+01,-5.23583198e+01
258.355000,-8.37734730e+01,-5.23583194e+01
258.360000,-8.37734726e+01,-5.23583191e+01
258.365000,-8.37734723e+01,-5.23583187e+01
258.370000,-8.37734720e+01,-5.23583184e+01
258.375000,-8.37734716e+01,-5.23583181e+01
258.380000,-8.37734713e+01,-5.23583177e+01
258.385000,-8.37734709e+01,-5.23583174e+01
258.390000,-8.37734706e+01,-5.23583170e+01
258.395000,-8.37734703e+01,-5.23583167e+01
258.400000,-8.37734699e+01,-5.23583164e+01
258.405000,-8.37734696e+01,-5.23583160e+01
258.410000,-8.37734692e+01,-5.23583157e+01
258.415000,-8.37734689e+01,-5.23583153e+01
258.420000,-8.37734686e+01,-5.23583150e+01
258.425000,-8.37734682e+01,-5.23583147e+01
258.430000,-8.37734679e+01,-5.23583143e+01
258.435000,-8.37734675e+01,-5.23583140e+01
258.440000,-8.37734672e+01,-5.23583137e+01
258.445000,-8.37734669e+01,-5.23583133e+01
258.450000,-8.37734665e+01,-5.23583130e+01
258.455000,-8.37734662e+01,-5.23583126e+01
258.460000,-8.37734658e+01,-5.23583123e+01
258.465000,-8.37734655e+01,-5.23583120e+01
258.470000,-8.37734652e+01,-5.23583116e+01
258.475000,-8.37734648e+01,-5.23583113e+01
258.480000,-8.37734645e+01,-5.23583109e+01
258.485000,-8.37734642e+01,-5.23583106e+01
258.490000,-8.37734638e+01,-5.23583103e+01
258.495000,-8.37734635e+01,-5.23583099e+01
258.500000,-8.37734631e+01,-5.23583096e+01
258.505000,-8.37734628e+01,-5.23583093e+01
258.510000,-8.37734625e+01,-5.23583089e+01
258.515000,-8.37734621e+01,-5.23583086e+01
258.520000,-8.37734618e+01,-5.23583082e+01
258.525000,-8.37734615e+01,-5.23583079e+01
258.530000,-8.37734611e+01,-5.23583076e+01
258.535000,-8.37734608e+01,-5.23583072e+01
258.540000,-8.37734605e+01,-5.23583069e+01
258.545000,-8.37734601e+01,-5.23583066e+01
258.550000,-8.37734598e+01,-5.23583062e+01
258.555000,-8.37734594e+01,-5.23583059e+01
258.560000,-8.37734591e+01,-5.23583056e+01
258.565000,-8.37734588e+01,-5.23583052e+01
258.570000,-8.37734584e+01,-5.23583049e+01
258.575000,-8.37734581e+01,-5.23583046e+01
258.580000,-8.37734578e+01,-5.23583042e+01
258.585000,-8.37734574e+01,-5.23583039e+01
258.590000,-8.37734571e+01,-5.23583035e+01
258.595000,-8.37734568e+01,-5.23583032e+01
258.600000,-8.37734564e+01,-5.23583029e+01
258.605000,-8.37734561e+01,-5.23583025e+01
258.610000,-8.37734558e+01,-5.23583022e+01
258.615000,-8.37734554e+01,-5.23583019e+01
258.620000,-8.37734551e+01,-5.23583015e+01
258.625000,-8.37734548e+01,-5.23583012e+01
258.630000,-8.37734544e+01,-5.23583009e+01
258.635000,-8.37734541e+01,-5.23583005e+01
258.640000,-8.37734538e+01,-5.23583002e+01
258.645000,-8.37734534e+01,-5.23582999e+01
258.650000,-8.37734531e+01,-5.23582995e+01
258.655000,-8.37734528e+01,-5.23582992e+01
258.660000,-8.37734524e+01,-5.23582989e+01
258.665000,-8.37734521e+01,-5.23582985e+01
258.670000,-8.37734518e+01,-5.23582982e+01
258.675000,-8.37734514e+01,-5.23582979e+01
258.680000,-8.37734511e+01,-5.23582975e+01
258.685000,-8.37734508e+01,-5.23582972e+01
258.690000,-8.37734504e+01,-5.23582969e+01
258.695000,-8.37734501e+01,-5.23582965e+01
258.700000,-8.37734498e+01,-5.23582962e+01
258.705000,-8.37734494e+01,-5.23582959e+01
258.710000,-8.37734491e+01,-5.23582956e+01
258.715000,-8.37734488e+01,-5.23582952e+01
258.720000,-8.37734484e+01,-5.23582949e+01
258.725000,-8.37734481e+01,-5.23582946e+01
258.730000,-8.37734478e+01,-5.23582942e+01
258.735000,-8.37734474e+01,-5.23582939e+01
258.740000,-8.37734471e+01,-5.23582936e+01
258.745000,-8.37734468e+01,-5.23582932e+01
258.750000,-8.37734465e+01,-5.23582929e+01
258.755000,-8.37734461e+01,-5.23582926e+01
258.760000,-8.37734458e+01,-5.23582922e+01
258.765000,-8.37734455e+01,-5.23582919e+01
258.770000,-8.37734451e+01,-5.23582916e+01
258.775000,-8.37734448e+01,-5.23582913e+01
258.780000,-8.37734445e+01,-5.23582909e+01
258.785000,-8.37734441e+01,-5.23582906e+01
258.790000,-8.37734438e+01,-5.23582903e+01
258.795000,-8.37734435e+01,-5.23582899e+01
258.800000,-8.37734432e+01,-5.23582896e+01
258.805000,-8.37734428e+01,-5.23582893e+01
258.810000,-8.37734425e+01,-5.23582889e+01
258.815000,-8.37734422e+01,-5.23582886e+01
258.820000,-8.37734418e+01,-5.23582883e+01
258.825000,-8.37734415e+01,-5.23582880e+01
258.830000,-8.37734412e+01,-5.23582876e+01
258.835000,-8.37734409e+01,-5.23582873e+01
258.840000,-8.37734405e+01,-5.23582870e+01
258.845000,-8.37734402e+01,-5.23582866e+01
258.850000,-8.37734399e+01,-5.23582863e+01
258.855000,-8.37734395e+01,-5.23582860e+01
258.860000,-8.37734392e+01,-5.23582857e+01
258.865000,-8.37734389e+01,-5.23582853e+01
258.870000,-8.37734386e+01,-5.23582850e+01
258.875000,-8.37734382e+01,-5.23582847e+01
258.880000,-8.37734379e+01,-5.23582844e+01
258.885000,-8.37734376e+01,-5.23582840e+01
258.890000,-8.37734373e+01,-5.23582837e+01
258.895000,-8.37734369e+01,-5.23582834e+01
258.900000,-8.37734366e+01,-5.23582831e+01
258.905000,-8.37734363e+01,-5.23582827e+01
258.910000,-8.37734359e+01,-5.23582824e+01
258.915000,-8.37734356e+01,-5.23582821e+01
258.920000,-8.37734353e+01,-5.23582817e+01
258.925000,-8.37734350e+01,-5.23582814e+01
258.930000,-8.37734346e+01,-5.23582811e+01
258.935000,-8.37734343e+01,-5.23582808e+01
258.940000,-8.37734340e+01,-5.23582804e+01
258.945000,-8.37734337e+01,-5.23582801e+01
258.950000,-8.37734333e+01,-5.23582798e+01
258.955000,-8.37734330e+01,-5.23582795e+01
258.960000,-8.37734327e+01,-5.23582791e+01
258.965000,-8.37734324e+01,-5.23582788e+01
258.970000,-8.37734320e+01,-5.23582785e+01
258.975000,-8.37734317e+01,-5.23582782e+01
258.980000,-8.37734314e+01,-5.23582778e+01
258.985000,-8.37734311e+01,-5.23582775e+01
258.990000,-8.37734307e+01,-5.23582772e+01
258.995000,-8.37734304e+01,-5.23582769e+01
259.000000,-8.37734301e+01,-5.23582765e+01
259.005000,-8.37734298e+01,-5.23582762e+01
259.010000,-8.37734295e+01,-5.23582759e+01
259.015000,-8.37734291e+01,-5.23582756e+01
259.020000,-8.37734288e+01,-5.23582753e+01
259.025000,-8.37734285e+01,-5.23582749e+01
259.030000,-8.37734282e+01,-5.23582746e+01
259.035000,-8.37734278e+01,-5.23582743e+01
259.040000,-8.37734275e+01,-5.23582740e+01
259.045000,-8.37734272e+01,-5.23582736e+01
259.050000,-8.37734269e+01,-5.23582733e+01
259.055000,-8.37734265e+01,-5.23582730e+01
259.060000,-8.37734262e+01,-5.23582727e+01
259.065000,-8.37734259e+01,-5.23582724e+01
259.070000,-8.37734256e+01,-5.23582720e+01
259.075000,-8.37734253e+01,-5.23582717e+01
259.080000,-8.37734249e+01,-5.23582714e+01
259.085000,-8.37734246e+01,-5.23582711e+01
259.090000,-8.37734243e+01,-5.23582707e+01
259.095000,-8.37734240e+01,-5.23582704e+01
259.100000,-8.37734237e+01,-5.23582701e+01
259.105000,-8.37734233e+01,-5.23582698e+01
259.110000,-8.37734230e+01,-5.23582695e+01
259.115000,-8.37734227e+01,-5.23582691e+01
259.120000,-8.37734224e+01,-5.23582688e+01
259.125000,-8.37734220e+01,-5.23582685e+01
259.130000,-8.37734217e+01,-5.23582682e+01
259.135000,-8.37734214e+01,-5.23582679e+01
259.140000,-8.37734211e+01,-5.23582675e+01
259.145000,-8.37734208e+01,-5.23582672e+01
259.150000,-8.37734204e+01,-5.23582669e+01
259.155000,-8.37734201e+01,-5.23582666e+01
259.160000,-8.37734198e+01,-5.23582663e+01
259.165000,-8.37734195e+01,-5.23582659e+01
259.170000,-8.37734192e+01,-5.23582656e+01
259.175000,-8.37734189e+01,-5.23582653e+01
259.180000,-8.37734185e+01,-5.23582650e+01
259.185000,-8.37734182e+01,-5.23582647e+01
259.190000,-8.37734179e+01,-5.23582643e+01
259.195000,-8.37734176e+01,-5.23582640e+01
259.200000,-8.37734173e+01,-5.23582637e+01
259.205000,-8.37734169e+01,-5.23582634e+01
259.210000,-8.37734166e+01,-5.23582631e+01
259.215000,-8.37734163e+01,-5.23582628e+01
259.220000,-8.37734160e+01,-5.23582624e+01
259.225000,-8.37734157e+01,-5.23582621e+01
259.230000,-8.37734153e+01,-5.23582618e+01
259.235000,-8.37734150e+01,-5.23582615e+01
259.240000,-8.37734147e+01,-5.23582612e+01
259.245000,-8.37734144e+01,-5.23582608e+01
259.250000,-8.37734141e+01,-5.23582605e+01
259.255000,-8.37734138e+01,-5.23582602e+01
259.260000,-8.37734134e+01,-5.23582599e+01
259.265000,-8.37734131e+01,-5.23582596e+01
259.270000,-8.37734128e+01,-5.23582593e+01
259.275000,-8.37734125e+01,-5.23582589e+01
259.280000,-8.37734122e+01,-5.23582586e+01
259.285000,-8.37734119e+01,-5.23582583e+01
259.290000,-8.37734115e+01,-5.23582580e+01
259.295000,-8.37734112e+01,-5.23582577e+01
259.300000,-8.37734109e+01,-5.23582574e+01
259.305000,-8.37734106e+01,-5.23582570e+01
259.310000,-8.37734103e+01,-5.23582567e+01
259.315000,-8.37734100e+01,-5.23582564e+01
259.320000,-8.37734097e+01,-5.23582561e+01
259.325000,-8.37734093e+01,-5.23582558e+01
259.330000,-8.37734090e+01,-5.23582555e+01
259.335000,-8.37734087e+01,-5.23582552e+01
259.340000,-8.37734084e+01,-5.23582548e+01
259.345000,-8.37734081e+01,-5.23582545e+01
259.350000,-8.37734078e+01,-5.23582542e+01
259.355000,-8.37734074e+01,-5.23582539e+01
259.360000,-8.37734071e+01,-5.23582536e+01
259.365000,-8.37734068e+01,-5.23582533e+01
259.370000,-8.37734065e+01,-5.23582530e+01
259.375000,-8.37734062e+01,-5.23582526e+01
259.380000,-8.37734059e+01,-5.23582523e+01
259.385000,-8.37734056e+01,-5.23582520e+01
259.390000,-8.37734052e+01,-5.23582517e+01
259.395000,-8.37734049e+01,-5.23582514e+01
259.400000,-8.37734046e+01,-5.23582511e+01
259.405000,-8.37734043e+01,-5.23582508e+01
259.410000,-8.37734040e+01,-5.23582504e+01
259.415000,-8.37734037e+01,-5.23582501e+01
259.420000,-8.37734034e+01,-5.23582498e+01
259.425000,-8.37734031e+01,-5.23582495e+01
259.430000,-8.37734027e+01,-5.23582492e+01
259.435000,-8.37734024e+01,-5.23582489e+01
259.440000,-8.37734021e+01,-5.23582486e+01
259.445000,-8.37734018e+01,-5.23582483e+01
259.450000,-8.37734015e+01,-5.23582479e+01
259.455000,-8.37734012e+01,-5.23582476e+01
259.460000,-8.37734009e+01,-5.23582473e+01
259.465000,-8.37734006e+01,-5.23582470e+01
259.470000,-8.37734002e+01,-5.23582467e+01
259.475000,-8.37733999e+01,-5.23582464e+01
259.480000,-8.37733996e+01,-5.23582461e+01
259.485000,-8.37733993e+01,-5.23582458e+01
259.490000,-8.37733990e+01,-5.23582455e+01
259.495000,-8.37733987e+01,-5.23582451e+01
259.500000,-8.37733984e+01,-5.23582448e+01
259.505000,-8.37733981e+01,-5.23582445e+01
259.510000,-8.37733978e+01,-5.23582442e+01
259.515000,-8.37733974e+01,-5.23582439e+01
259.520000,-8.37733971e+01,-5.23582436e+01
259.525000,-8.37733968e+01,-5.23582433e+01
259.530000,-8.37733965e+01,-5.23582430e+01
259.535000,-8.37733962e+01,-5.23582427e+01
259.540000,-8.37733959e+01,-5.23582423e+01
259.545000,-8.37733956e+01,-5.23582420e+01
259.550000,-8.37733953e+01,-5.23582417e+01
259.555000,-8.37733950e+01,-5.23582414e+01
259.560000,-8.37733947e+01,-5.23582411e+01
259.565000,-8.37733944e+01,-5.23582408e+01
259.570000,-8.37733940e+01,-5.23582405e+01
259.575000,-8.37733937e+01,-5.23582402e+01
259.580000,-8.37733934e+01,-5.23582399e+01
259.585000,-8.37733931e+01,-5.23582396e+01
259.590000,-8.37733928e+01,-5.23582393e+01
259.595000,-8.37733925e+01,-5.23582389e+01
259.600000,-8.37733922e+01,-5.23582386e+01
259.605000,-8.37733919e+01,-5.23582383e+01
259.610000,-8.37733916e+01,-5.23582380e+01
259.615000,-8.37733913e+01,-5.23582377e+01
259.620000,-8.37733910e+01,-5.23582374e+01
259.625000,-8.37733907e+01,-5.23582371e+01
259.630000,-8.37733903e+01,-5.23582368e+01
259.635000,-8.37733900e+01,-5.23582365e+01
259.640000,-8.37733897e+01,-5.23582362e+01
259.645000,-8.37733894e+01,-5.23582359e+01
259.650000,-8.37733891e+01,-5.23582356e+01
259.655000,-8.37733888e+01,-5.23582353e+01
259.660000,-8.37733885e+01,-5.23582349e+01
259.665000,-8.37733882e+01,-5.23582346e+01
259.670000,-8.37733879e+01,-5.23582343e+01
259.675000,-8.37733876e+01,-5.23582340e+01
259.680000,-8.37733873e+01,-5.23582337e+01
259.685000,-8.37733870e+01,-5.23582334e+01
259.690000,-8.37733867e+01,-5.23582331e+01
259.695000,-8.37733864e+01,-5.23582328e+01
259.700000,-8.37733861e+01,-5.23582325e+01
259.705000,-8.37733857e+01,-5.23582322e+01
259.710000,-8.37733854e+01,-5.23582319e+01
259.715000,-8.37733851e+01,-5.23582316e+01
259.720000,-8.37733848e+01,-5.23582313e+01
259.725000,-8.37733845e+01,-5.23582310e+01
259.730000,-8.37733842e+01,-5.23582307e+01
259.735000,-8.37733839e+01,-5.23582304e+01
259.740000,-8.37733836e+01,-5.23582301e+01
259.745000,-8.37733833e+01,-5.23582298e+01
259.750000,-8.37733830e+01,-5.23582294e+01
259.755000,-8.37733827e+01,-5.23582291e+01
259.760000,-8.37733824e+01,-5.23582288e+01
259.765000,-8.37733821e+01,-5.23582285e+01
259.770000,-8.37733818e+01,-5.23582282e+01
259.775000,-8.37733815e+01,-5.23582279e+01
259.780000,-8.37733812e+01,-5.23582276e+01
259.785000,-8.37733809e+01,-5.23582273e+01
259.790000,-8.37733806e+01,-5.23582270e+01
259.795000,-8.37733803e+01,-5.23582267e+01
259.800000,-8.37733800e+01,-5.23582264e+01
259.805000,-8.37733797e+01,-5.23582261e+01
259.810000,-8.37733794e+01,-5.23582258e+01
259.815000,-8.37733791e+01,-5.23582255e+01
259.820000,-8.37733787e+01,-5.23582252e+01
259.825000,-8.37733784e+01,-5.23582249e+01
259.830000,-8.37733781e+01,-5.23582246e+01
259.835000,-8.37733778e+01,-5.23582243e+01
259.840000,-8.37733775e+01,-5.23582240e+01
259.845000,-8.37733772e+01,-5.23582237e+01
259.850000,-8.37733769e+01,-5.23582234e+01
259.855000,-8.37733766e+01,-5.23582231e+01
259.860000,-8.37733763e+01,-5.23582228e+01
259.865000,-8.37733760e+01,-5.23582225e+01
259.870000,-8.37733757e+01,-5.23582222e+01
259.875000,-8.37733754e+01,-5.23582219e+01
259.880000,-8.37733751e+01,-5.23582216e+01
259.885000,-8.37733748e+01,-5.23582213e+01
259.890000,-8.37733745e+01,-5.23582210e+01
259.895000,-8.37733742e+01,-5.23582207e+01
259.900000,-8.37733739e+01,-5.23582204e+01
259.905000,-8.37733736e+01,-5.23582201e+01
259.910000,-8.37733733e+01,-5.23582198e+01
259.915000,-8.37733730e+01,-5.23582195e+01
259.920000,-8.37733727e+01,-5.23582192e+01
259.925000,-8.37733724e+01,-5.23582189e+01
259.930000,-8.37733721e+01,-5.23582186e+01
259.935000,-8.37733718e+01,-5.23582183e+01
259.940000,-8.37733715e+01,-5.23582180e+01
259.945000,-8.37733712e+01,-5.23582177e+01
259.950000,-8.37733709e+01,-5.23582174e+01
259.955000,-8.37733706e+01,-5.23582171e+01
259.960000,-8.37733703e+01,-5.23582168e+01
259.965000,-8.37733700e+01,-5.23582165e+01
259.970000,-8.37733697e+01,-5.23582162e+01
259.975000,-8.37733694e+01,-5.23582159e+01
259.980000,-8.37733691e+01,-5.23582156e+01
259.985000,-8.37733688e+01,-5.23582153e+01
259.990000,-8.37733685e+01,-5.23582150e+01
259.995000,-8.37733682e+01,-5.23582147e+01
260.000000,-8.37733679e+01,-5.23582144e+01
260.005000,-8.37733676e+01,-5.23582141e+01
260.010000,-8.37733673e+01,-5.23582138e+01
260.015000,-8.37733670e+01,-5.23582135e+01
260.020000,-8.37733667e+01,-5.23582132e+01
260.025000,-8.37733664e+01,-5.23582129e+01
260.030000,-8.37733661e+01,-5.23582126e+01
260.035000,-8.37733658e+01,-5.23582123e+01
260.040000,-8.37733655e+01,-5.23582120e+01
260.045000,-8.37733653e+01,-5.23582117e+01
260.050000,-8.37733650e+01,-5.23582114e+01
260.055000,-8.37733647e+01,-5.23582111e+01
260.060000,-8.37733644e+01,-5.23582108e+01
260.065000,-8.37733641e+01,-5.23582105e+01
260.070000,-8.37733638e+01,-5.23582102e+01
260.075000,-8.37733635e+01,-5.23582099e+01
260.080000,-8.37733632e+01,-5.23582096e+01
260.085000,-8.37733629e+01,-5.23582093e+01
260.090000,-8.37733626e+01,-5.23582090e+01
260.095000,-8.37733623e+01,-5.23582087e+01
260.100000,-8.37733620e+01,-5.23582084e+01
260.105000,-8.37733617e+01,-5.23582081e+01
260.110000,-8.37733614e+01,-5.23582078e+01
260.115000,-8.37733611e+01,-5.23582076e+01
260.120000,-8.37733608e+01,-5.23582073e+01
260.125000,-8.37733605e+01,-5.23582070e+01
260.130000,-8.37733602e+01,-5.23582067e+01
260.135000,-8.37733599e+01,-5.23582064e+01
260.140000,-8.37733596e+01,-5.23582061e+01
260.145000,-8.37733593e+01,-5.23582058e+01
260.150000,-8.37733590e+01,-5.23582055e+01
260.155000,-8.37733587e+01,-5.23582052e+01
260.160000,-8.37733584e+01,-5.23582049e+01
260.165000,-8.37733582e+01,-5.23582046e+01
260.170000,-8.37733579e+01,-5.23582043e+01
260.175000,-8.37733576e+01,-5.23582040e+01
260.180000,-8.37733573e+01,-5.23582037e+01
260.185000,-8.37733570e+01,-5.23582034e+01
260.190000,-8.37733567e+01,-5.23582031e+01
260.195000,-8.37733564e+01,-5.23582028e+01
260.200000,-8.37733561e+01,-5.23582025e+01
260.205000,-8.37733558e+01,-5.23582023e+01
260.210000,-8.37733555e+01,-5.23582020e+01
260.215000,-8.37733552e+01,-5.23582017e+01
260.220000,-8.37733549e+01,-5.23582014e+01
260.225000,-8.37733546e+01,-5.23582011e+01
260.230000,-8.37733543e+01,-5.23582008e+01
260.235000,-8.37733540e+01,-5.23582005e+01
260.240000,-8.37733538e+01,-5.23582002e+01
260.245000,-8.37733535e+01,-5.23581999e+01
260.250000,-8.37733532e+01,-5.23581996e+01
260.255000,-8.37733529e+01,-5.23581993e+01
260.260000,-8.37733526e+01,-5.23581990e+01
260.265000,-8.37733523e+01,-5.23581987e+01
260.270000,-8.37733520e+01,-5.23581984e+01
260.275000,-8.37733517e+01,-5.23581982e+01
260.280000,-8.37733514e+01,-5.23581979e+01
260.285000,-8.37733511e+01,-5.23581976e+01
260.290000,-8.37733508e+01,-5.23581973e+01
260.295000,-8.37733505e+01,-5.23581970e+01
260.300000,-8.37733502e+01,-5.23581967e+01
260.305000,-8.37733500e+01,-5.23581964e+01
260.310000,-8.37733497e+01,-5.23581961e+01
260.315000,-8.37733494e+01,-5.23581958e+01
260.320000,-8.37733491e+01,-5.23581955e+01
260.325000,-8.37733488e+01,-5.23581952e+01
260.330000,-8.37733485e+01,-5.23581950e+01
260.335000,-8.37733482e+01,-5.23581947e+01
260.340000,-8.37733479e+01,-5.23581944e+01
260.345000,-8.37733476e+01,-5.23581941e+01
260.350000,-8.37733473e+01,-5.23581938e+01
260.355000,-8.37733471e+01,-5.23581935e+01
260.360000,-8.37733468e+01,-5.23581932e+01
260.365000,-8.37733465e+01,-5.23581929e+01
260.370000,-8.37733462e+01,-5.23581926e+01
260.375000,-8.37733459e+01,-5.23581923e+01
260.380000,-8.37733456e+01,-5.23581921e+01
260.385000,-8.37733453e+01,-5.23581918e+01
260.390000,-8.37733450e+01,-5.23581915e+01
260.395000,-8.37733447e+01,-5.23581912e+01
260.400000,-8.37733445e+01,-5.23581909e+01
260.405000,-8.37733442e+01,-5.23581906e+01
260.410000,-8.37733439e+01,-5.23581903e+01
260.415000,-8.37733436e+01,-5.23581900e+01
260.420000,-8.37733433e+01,-5.23581897e+01
260.425000,-8.37733430e+01,-5.23581895e+01
260.430000,-8.37733427e+01,-5.23581892e+01
260.435000,-8.37733424e+01,-5.23581889e+01
260.440000,-8.37733421e+01,-5.23581886e+01
260.445000,-8.37733419e+01,-5.23581883e+01
260.450000,-8.37733416e+01,-5.23581880e+01
260.455000,-8.37733413e+01,-5.23581877e+01
260.460000,-8.37733410e+01,-5.23581874e+01
260.465000,-8.37733407e+01,-5.23581872e+01
260.470000,-8.37733404e+01,-5.23581869e+01
260.475000,-8.37733401e+01,-5.23581866e+01
260.480000,-8.37733398e+01,-5.23581863e+01
260.485000,-8.37733396e+01,-5.23581860e+01
260.490000,-8.37733393e+01,-5.23581857e+01
260.495000,-8.37733390e+01,-5.23581854e+01
260.500000,-8.37733387e+01,-5.23581851e+01
260.505000,-8.37733384e+01,-5.23581849e+01
260.510000,-8.37733381e+01,-5.23581846e+01
260.515000,-8.37733378e+01,-5.23581843e+01
260.520000,-8.37733376e+01,-5.23581840e+01
260.525000,-8.37733373e+01,-5.23581837e+01
260.530000,-8.37733370e+01,-5.23581834e+01
260.535000,-8.37733367e+01,-5.23581831e+01
260.540000,-8.37733364e+01,-5.23581829e+01
260.545000,-8.37733361e+01,-5.23581826e+01
260.550000,-8.37733358e+01,-5.23581823e+01
260.555000,-8.37733356e+01,-5.23581820e+01
260.560000,-8.37733353e+01,-5.23581817e+01
260.565000,-8.37733350e+01,-5.23581814e+01
260.570000,-8.37733347e+01,-5.23581812e+01
260.575000,-8.37733344e+01,-5.23581809e+01
260.580000,-8.37733341e+01,-5.23581806e+01
260.585000,-8.37733338e+01,-5.23581803e+01
260.590000,-8.37733336e+01,-5.23581800e+01
260.595000,-8.37733333e+01,-5.23581797e+01
260.600000,-8.37733330e+01,-5.23581794e+01
260.605000,-8.37733327e+01,-5.23581792e+01
260.610000,-8.37733324e+01,-5.23581789e+01
260.615000,-8.37733321e+01,-5.23581786e+01
260.620000,-8.37733319e+01,-5.23581783e+01
260.625000,-8.37733316e+01,-5.23581780e+01
260.630000,-8.37733313e+01,-5.23581777e+01
260.635000,-8.37733310e+01,-5.23581775e+01
260.640000,-8.37733307e+01,-5.23581772e+01
260.645000,-8.37733304e+01,-5.23581769e+01
260.650000,-8.37733302e+01,-5.23581766e+01
260.655000,-8.37733299e+01,-5.23581763e+01
260.660000,-8.37733296e+01,-5.23581760e+01
260.665000,-8.37733293e+01,-5.23581758e+01
260.670000,-8.37733290e+01,-5.23581755e+01
260.675000,-8.37733287e+01,-5.23581752e+01
260.680000,-8.37733285e+01,-5.23581749e+01
260.685000,-8.37733282e+01,-5.23581746e+01
260.690000,-8.37733279e+01,-5.23581744e+01
260.695000,-8.37733276e+01,-5.23581741e+01
260.700000,-8.37733273e+01,-5.23581738e+01
260.705000,-8.37733271e+01,-5.23581735e+01
260.710000,-8.37733268e+01,-5.23581732e+01
260.715000,-8.37733265e+01,-5.23581729e+01
260.720000,-8.37733262e+01,-5.23581727e+01
260.725000,-8.37733259e+01,-5.23581724e+01
260.730000,-8.37733256e+01,-5.23581721e+01
260.735000,-8.37733254e+01,-5.23581718e+01
260.740000,-8.37733251e+01,-5.23581715e+01
260.745000,-8.37733248e+01,-5.23581713e+01
260.750000,-8.37733245e+01,-5.23581710e+01
260.755000,-8.37733242e+01,-5.23581707e+01
260.760000,-8.37733240e+01,-5.23581704e+01
260.765000,-8.37733237e+01,-5.23581701e+01
260.770000,-8.37733234e+01,-5.23581699e+01
260.775000,-8.37733231e+01,-5.23581696e+01
260.780000,-8.37733228e+01,-5.23581693e+01
260.785000,-8.37733226e+01,-5.23581690e+01
260.790000,-8.37733223e+01,-5.23581687e+01
260.795000,-8.37733220e+01,-5.23581685e+01
260.800000,-8.37733217e+01,-5.23581682e+01
260.805000,-8.37733214e+01,-5.23581679e+01
260.810000,-8.37733212e+01,-5.23581676e+01
260.815000,-8.37733209e+01,-5.23581673e+01
260.820000,-8.37733206e+01,-5.23581671e+01
260.825000,-8.37733203e+01,-5.23581668e+01
260.830000,-8.37733201e+01,-5.23581665e+01
260.835000,-8.37733198e+01,-5.23581662e+01
260.840000,-8.37733195e+01,-5.23581659e+01
260.845000,-8.37733192e+01,-5.23581657e+01
260.850000,-8.37733189e+01,-5.23581654e+01
260.855000,-8.37733187e+01,-5.23581651e+01
260.860000,-8.37733184e+01,-5.23581648e+01
260.865000,-8.37733181e+01,-5.23581646e+01
260.870000,-8.37733178e+01,-5.23581643e+01
260.875000,-8.37733175e+01,-5.23581640e+01
260.880000,-8.37733173e+01,-5.23581637e+01
260.885000,-8.37733170e+01,-5.23581634e+01
260.890000,-8.37733167e+01,-5.23581632e+01
260.895000,-8.37733164e+01,-5.23581629e+01
260.900000,-8.37733162e+01,-5.23581626e+01
260.905000,-8.37733159e+01,-5.23581623e+01
260.910000,-8.37733156e+01,-5.23581621e+01
260.915000,-8.37733153e+01,-5.23581618e+01
260.920000,-8.37733151e+01,-5.23581615e+01
260.925000,-8.37733148e+01,-5.23581612e+01
260.930000,-8.37733145e+01,-5.23581609e+01
260.935000,-8.37733142e+01,-5.23581607e+01
260.940000,-8.37733139e+01,-5.23581604e+01
260.945000,-8.37733137e+01,-5.23581601e+01
260.950000,-8.37733134e+01,-5.23581598e+01
260.955000,-8.37733131e+01,-5.23581596e+01
260.960000,-8.37733128e+01,-5.23581593e+01
260.965000,-8.37733126e+01,-5.23581590e+01
260.970000,-8.37733123e+01,-5.23581587e+01
260.975000,-8.37733120e+01,-5.23581585e+01
260.980000,-8.37733117e+01,-5.23581582e+01
260.985000,-8.37733115e+01,-5.23581579e+01
260.990000,-8.37733112e+01,-5.23581576e+01
260.995000,-8.37733109e+01,-5.23581574e+01
261.000000,-8.37733106e+01,-5.23581571e+01
261.005000,-8.37733104e+01,-5.23581568e+01
261.010000,-8.37733101e+01,-5.23581565e+01
261.015000,-8.37733098e+01,-5.23581563e+01
261.020000,-8.37733095e+01,-5.23581560e+01
261.025000,-8.37733093e+01,-5.23581557e+01
261.030000,-8.37733090e+01,-5.23581554e+01
261.035000,-8.37733087e+01,-5.23581552e+01
261.040000,-8.37733084e+01,-5.23581549e+01
261.045000,-8.37733082e+01,-5.23581546e+01
261.050000,-8.37733079e+01,-5.23581543e+01
261.055000,-8.37733076e+01,-5.23581541e+01
261.060000,-8.37733073e+01,-5.23581538e+01
261.065000,-8.37733071e+01,-5.23581535e+01
261.070000,-8.37733068e+01,-5.23581533e+01
261.075000,-8.37733065e+01,-5.23581530e+01
261.080000,-8.37733063e+01,-5.23581527e+01
261.085000,-8.37733060e+01,-5.23581524e+01
261.090000,-8.37733057e+01,-5.23581522e+01
261.095000,-8.37733054e+01,-5.23581519e+01
261.100000,-8.37733052e+01,-5.23581516e+01
261.105000,-8.37733049e+01,-5.23581513e+01
261.110000,-8.37733046e+01,-5.23581511e+01
261.115000,-8.37733043e+01,-5.23581508e+01
261.120000,-8.37733041e+01,-5.23581505e+01
261.125000,-8.37733038e+01,-5.23581503e+01
261.130000,-8.37733035e+01,-5.23581500e+01
261.135000,-8.37733033e+01,-5.23581497e+01
261.140000,-8.37733030e+01,-5.23581494e+01
261.145000,-8.37733027e+01,-5.23581492e+01
261.150000,-8.37733024e+01,-5.23581489e+01
261.155000,-8.37733022e+01,-5.23581486e+01
261.160000,-8.37733019e+01,-5.23581484e+01
261.165000,-8.37733016e+01,-5.23581481e+01
261.170000,-8.37733014e+01,-5.23581478e+01
261.175000,-8.37733011e+01,-5.23581475e+01
261.180000,-8.37733008e+01,-5.23581473e+01
261.185000,-8.37733005e+01,-5.23581470e+01
261.190000,-8.37733003e+01,-5.23581467e+01
261.195000,-8.37733000e+01,-5.23581465e+01
261.200000,-8.37732997e+01,-5.23581462e+01
261.205000,-8.37732995e+01,-5.23581459e+01
261.210000,-8.37732992e+01,-5.23581456e+01
261.215000,-8.37732989e+01,-5.23581454e+01
261.220000,-8.37732987e+01,-5.23581451e+01
261.225000,-8.37732984e+01,-5.23581448e+01
261.230000,-8.37732981e+01,-5.23581446e+01
261.235000,-8.37732978e+01,-5.23581443e+01
261.240000,-8.37732976e+01,-5.23581440e+01
261.245000,-8.37732973e+01,-5.23581438e+01
261.250000,-8.37732970e+01,-5.23581435e+01
261.255000,-8.37732968e+01,-5.23581432e+01
261.260000,-8.37732965e+01,-5.23581429e+01
261.265000,-8.37732962e+01,-5.23581427e+01
261.270000,-8.37732960e+01,-5.23581424e+01
261.275000,-8.37732957e+01,-5.23581421e+01
261.280000,-8.37732954e+01,-5.23581419e+01
261.285000,-8.37732952e+01,-5.23581416e+01
261.290000,-8.37732949e+01,-5.23581413e+01
261.295000,-8.37732946e+01,-5.23581411e+01
261.300000,-8.37732943e+01,-5.23581408e+01
261.305000,-8.37732941e+01,-5.23581405e+01
261.310000,-8.37732938e+01,-5.23581403e+01
261.315000,-8.37732935e+01,-5.23581400e+01
261.320000,-8.37732933e+01,-5.23581397e+01
261.325000,-8.37732930e+01,-5.23581395e+01
261.330000,-8.37732927e+01,-5.23581392e+01
261.335000,-8.37732925e+01,-5.23581389e+01
261.340000,-8.37732922e+01,-5.23581387e+01
261.345000,-8.37732919e+01,-5.23581384e+01
261.350000,-8.37732917e+01,-5.23581381e+01
261.355000,-8.37732914e+01,-5.23581379e+01
261.360000,-8.37732911e+01,-5.23581376e+01
261.365000,-8.37732909e+01,-5.23581373e+01
261.370000,-8.37732906e+01,-5.23581371e+01
261.375000,-8.37732903e+01,-5.23581368e+01
261.380000,-8.37732901e+01,-5.23581365e+01
261.385000,-8.37732898e+01,-5.23581363e+01
261.390000,-8.37732895e+01,-5.23581360e+01
261.395000,-8.37732893e+01,-5.23581357e+01
261.400000,-8.37732890e+01,-5.23581355e+01
261.405000,-8.37732887e+01,-5.23581352e+01
261.410000,-8.37732885e+01,-5.23581349e+01
261.415000,-8.37732882e+01,-5.23581347e+01
261.420000,-8.37732879e+01,-5.23581344e+01
261.425000,-8.37732877e+01,-5.23581341e+01
261.430000,-8.37732874e+01,-5.23581339e+01
261.435000,-8.37732871e+01,-5.23581336e+01
261.440000,-8.37732869e+01,-5.23581333e+01
261.445000,-8.37732866e+01,-5.23581331e+01
261.450000,-8.37732863e+01,-5.23581328e+01
261.455000,-8.37732861e+01,-5.23581325e+01
261.460000,-8.37732858e+01,-5.23581323e+01
261.465000,-8.37732856e+01,-5.23581320e+01
261.470000,-8.37732853e+01,-5.23581317e+01
261.475000,-8.37732850e+01,-5.23581315e+01
261.480000,-8.37732848e+01,-5.23581312e+01
261.485000,-8.37732845e+01,-5.23581309e+01
261.490000,-8.37732842e+01,-5.23581307e+01
261.495000,-8.37732840e+01,-5.23581304e+01
261.500000,-8.37732837e+01,-5.23581302e+01
261.505000,-8.37732834e+01,-5.23581299e+01
261.510000,-8.37732832e+01,-5.23581296e+01
261.515000,-8.37732829e+01,-5.23581294e+01
261.520000,-8.37732826e+01,-5.23581291e+01
261.525000,-8.37732824e+01,-5.23581288e+01
261.530000,-8.37732821e+01,-5.23581286e+01
261.535000,-8.37732819e+01,-5.23581283e+01
261.540000,-8.37732816e+01,-5.23581280e+01
261.545000,-8.37732813e+01,-5.23581278e+01
261.550000,-8.37732811e+01,-5.23581275e+01
261.555000,-8.37732808e+01,-5.23581273e+01
261.560000,-8.37732805e+01,-5.23581270e+01
261.565000,-8.37732803e+01,-5.23581267e+01
261.570000,-8.37732800e+01,-5.23581265e+01
261.575000,-8.37732798e+01,-5.23581262e+01
261.580000,-8.37732795e+01,-5.23581259e+01
261.585000,-8.37732792e+01,-5.23581257e+01
261.590000,-8.37732790e+01,-5.23581254e+01
261.595000,-8.37732787e+01,-5.23581252e+01
261.600000,-8.37732784e+01,-5.23581249e+01
261.605000,-8.37732782e+01,-5.23581246e+01
261.610000,-8.37732779e+01,-5.23581244e+01
261.615000,-8.37732777e+01,-5.23581241e+01
261.620000,-8.37732774e+01,-5.23581239e+01
261.625000,-8.37732771e+01,-5.23581236e+01
261.630000,-8.37732769e+01,-5.23581233e+01
261.635000,-8.37732766e+01,-5.23581231e+01
261.640000,-8.37732764e+01,-5.23581228e+01
261.645000,-8.37732761e+01,-5.23581225e+01
261.650000,-8.37732758e+01,-5.23581223e+01
261.655000,-8.37732756e+01,-5.23581220e+01
261.660000,-8.37732753e+01,-5.23581218e+01
261.665000,-8.37732751e+01,-5.23581215e+01
261.670000,-8.37732748e+01,-5.23581212e+01
261.675000,-8.37732745e+01,-5.23581210e+01
261.680000,-8.37732743e+01,-5.23581207e+01
261.685000,-8.37732740e+01,-5.23581205e+01
261.690000,-8.37732738e+01,-5.23581202e+01
261.695000,-8.37732735e+01,-5.23581199e+01
261.700000,-8.37732732e+01,-5.23581197e+01
261.705000,-8.37732730e+01,-5.23581194e+01
261.710000,-8.37732727e+01,-5.23581192e+01
261.715000,-8.37732725e+01,-5.23581189e+01
261.720000,-8.37732722e+01,-5.23581186e+01
261.725000,-8.37732719e+01,-5.23581184e+01
261.730000,-8.37732717e+01,-5.23581181e+01
261.735000,-8.37732714e+01,-5.23581179e+01
261.740000,-8.37732712e+01,-5.23581176e+01
261.745000,-8.37732709e+01,-5.23581174e+01
261.750000,-8.37732706e+01,-5.23581171e+01
261.755000,-8.37732704e+01,-5.23581168e+01
261.760000,-8.37732701e+01,-5.23581166e+01
261.765000,-8.37732699e+01,-5.23581163e+01
261.770000,-8.37732696e+01,-5.23581161e+01
261.775000,-8.37732694e+01,-5.23581158e+01
261.780000,-8.37732691e+01,-5.23581155e+01
261.785000,-8.37732688e+01,-5.23581153e+01
261.790000,-8.37732686e+01,-5.23581150e+01
261.795000,-8.37732683e+01,-5.23581148e+01
261.800000,-8.37732681e+01,-5.23581145e+01
261.805000,-8.37732678e+01,-5.23581143e+01
261.810000,-8.37732675e+01,-5.23581140e+01
261.815000,-8.37732673e+01,-5.23581137e+01
261.820000,-8.37732670e+01,-5.23581135e+01
261.825000,-8.37732668e+01,-5.23581132e+01
261.830000,-8.37732665e+01,-5.23581130e+01
261.835000,-8.37732663e+01,-5.23581127e+01
261.840000,-8.37732660e+01,-5.23581125e+01
261.845000,-8.37732657e+01,-5.23581122e+01
261.850000,-8.37732655e+01,-5.23581119e+01
261.855000,-8.37732652e+01,-5.23581117e+01
261.860000,-8.37732650e+01,-5.23581114e+01
261.865000,-8.37732647e+01,-5.23581112e+01
261.870000,-8.37732645e+01,-5.23581109e+01
261.875000,-8.37732642e+01,-5.23581107e+01
261.880000,-8.37732640e+01,-5.23581104e+01
261.885000,-8.37732637e+01,-5.23581102e+01
261.890000,-8.37732634e+01,-5.23581099e+01
261.895000,-8.37732632e+01,-5.23581096e+01
261.900000,-8.37732629e+01,-5.23581094e+01
261.905000,-8.37732627e+01,-5.23581091e+01
261.910000,-8.37732624e+01,-5.23581089e+01
261.915000,-8.37732622e+01,-5.23581086e+01
261.920000,-8.37732619e+01,-5.23581084e+01
261.925000,-8.37732617e+01,-5.23581081e+01
261.930000,-8.37732614e+01,-5.23581079e+01
261.935000,-8.37732611e+01,-5.23581076e+01
261.940000,-8.37732609e+01,-5.23581073e+01
261.945000,-8.37732606e+01,-5.23581071e+01
261.950000,-8.37732604e+01,-5.23581068e+01
261.955000,-8.37732601e+01,-5.23581066e+01
261.960000,-8.37732599e+01,-5.23581063e+01
261.965000,-8.37732596e+01,-5.23581061e+01
261.970000,-8.37732594e+01,-5.23581058e+01
261.975000,-8.37732591e+01,-5.23581056e+01
261.980000,-8.37732589e+01,-5.23581053e+01
261.985000,-8.37732586e+01,-5.23581051e+01
261.990000,-8.37732584e+01,-5.23581048e+01
261.995000,-8.37732581e+01,-5.23581046e+01
262.000000,-8.37732578e+01,-5.23581043e+01
262.005000,-8.37732576e+01,-5.23581040e+01
262.010000,-8.37732573e+01,-5.23581038e+01
262.015000,-8.37732571e+01,-5.23581035e+01
262.020000,-8.37732568e+01,-5.23581033e+01
262.025000,-8.37732566e+01,-5.23581030e+01
262.030000,-8.37732563e+01,-5.23581028e+01
262.035000,-8.37732561e+01,-5.23581025e+01
262.040000,-8.37732558e+01,-5.23581023e+01
262.045000,-8.37732556e+01,-5.23581020e+01
262.050000,-8.37732553e+01,-5.23581018e+01
262.055000,-8.37732551e+01,-5.23581015e+01
262.060000,-8.37732548e+01,-5.23581013e+01
262.065000,-8.37732546e+01,-5.23581010e+01
262.070000,-8.37732543e+01,-5.23581008e+01
262.075000,-8.37732541e+01,-5.23581005e+01
262.080000,-8.37732538e+01,-5.23581003e+01
262.085000,-8.37732536e+01,-5.23581000e+01
262.090000,-8.37732533e+01,-5.23580998e+01
262.095000,-8.37732531e+01,-5.23580995e+01
262.100000,-8.37732528e+01,-5.23580993e+01
262.105000,-8.37732525e+01,-5.23580990e+01
262.110000,-8.37732523e+01,-5.23580987e+01
262.115000,-8.37732520e+01,-5.23580985e+01
262.120000,-8.37732518e+01,-5.23580982e+01
262.125000,-8.37732515e+01,-5.23580980e+01
262.130000,-8.37732513e+01,-5.23580977e+01
262.135000,-8.37732510e+01,-5.23580975e+01
262.140000,-8.37732508e+01,-5.23580972e+01
262.145000,-8.37732505e+01,-5.23580970e+01
262.150000,-8.37732503e+01,-5.23580967e+01
262.155000,-8.37732500e+01,-5.23580965e+01
262.160000,-8.37732498e+01,-5.23580962e+01
262.165000,-8.37732495e+01,-5.23580960e+01
262.170000,-8.37732493e+01,-5.23580957e+01
262.175000,-8.37732490e+01,-5.23580955e+01
262.180000,-8.37732488e+01,-5.23580952e+01
262.185000,-8.37732485e+01,-5.23580950e+01
262.190000,-8.37732483e+01,-5.23580947e+01
262.195000,-8.37732480e+01,-5.23580945e+01
262.200000,-8.37732478e+01,-5.23580942e+01
262.205000,-8.37732475e+01,-5.23580940e+01
262.210000,-8.37732473e+01,-5.23580937e+01
262.215000,-8.37732470e+01,-5.23580935e+01
262.220000,-8.37732468e+01,-5.23580933e+01
262.225000,-8.37732466e+01,-5.23580930e+01
262.230000,-8.37732463e+01,-5.23580928e+01
262.235000,-8.37732461e+01,-5.23580925e+01
262.240000,-8.37732458e+01,-5.23580923e+01
262.245000,-8.37732456e+01,-5.23580920e+01
262.250000,-8.37732453e+01,-5.23580918e+01
262.255000,-8.37732451e+01,-5.23580915e+01
262.260000,-8.37732448e+01,-5.23580913e+01
262.265000,-8.37732446e+01,-5.23580910e+01
262.270000,-8.37732443e+01,-5.23580908e+01
262.275000,-8.37732441e+01,-5.23580905e+01
262.280000,-8.37732438e+01,-5.23580903e+01
262.285000,-8.37732436e+01,-5.23580900e+01
262.290000,-8.37732433e+01,-5.23580898e+01
262.295000,-8.37732431e+01,-5.23580895e+01
262.300000,-8.37732428e+01,-5.23580893e+01
262.305000,-8.37732426e+01,-5.23580890e+01
262.310000,-8.37732423e+01,-5.23580888e+01
262.315000,-8.37732421e+01,-5.23580885e+01
262.320000,-8.37732418e+01,-5.23580883e+01
262.325000,-8.37732416e+01,-5.23580880e+01
262.330000,-8.37732414e+01,-5.23580878e+01
262.335000,-8.37732411e+01,-5.23580876e+01
262.340000,-8.37732409e+01,-5.23580873e+01
262.345000,-8.37732406e+01,-5.23580871e+01
262.350000,-8.37732404e+01,-5.23580868e+01
262.355000,-8.37732401e+01,-5.23580866e+01
262.360000,-8.37732399e+01,-5.23580863e+01
262.365000,-8.37732396e+01,-5.23580861e+01
262.370000,-8.37732394e+01,-5.23580858e+01
262.375000,-8.37732391e+01,-5.23580856e+01
262.380000,-8.37732389e+01,-5.23580853e+01
262.385000,-8.37732386e+01,-5.23580851e+01
262.390000,-8.37732384e+01,-5.23580848e+01
262.395000,-8.37732382e+01,-5.23580846e+01
262.400000,-8.37732379e+01,-5.23580844e+01
262.405000,-8.37732377e+01,-5.23580841e+01
262.410000,-8.37732374e+01,-5.23580839e+01
262.415000,-8.37732372e+01,-5.23580836e+01
262.420000,-8.37732369e+01,-5.23580834e+01
262.425000,-8.37732367e+01,-5.23580831e+01
262.430000,-8.37732364e+01,-5.23580829e+01
262.435000,-8.37732362e+01,-5.23580826e+01
262.440000,-8.37732360e+01,-5.23580824e+01
262.445000,-8.37732357e+01,-5.23580822e+01
262.450000,-8.37732355e+01,-5.23580819e+01
262.455000,-8.37732352e+01,-5.23580817e+01
262.460000,-8.37732350e+01,-5.23580814e+01
262.465000,-8.37732347e+01,-5.23580812e+01
262.470000,-8.37732345e+01,-5.23580809e+01
262.475000,-8.37732342e+01,-5.23580807e+01
262.480000,-8.37732340e+01,-5.23580804e+01
262.485000,-8.37732338e+01,-5.23580802e+01
262.490000,-8.37732335e+01,-5.23580800e+01
262.495000,-8.37732333e+01,-5.23580797e+01
262.500000,-8.37732330e+01,-5.23580795e+01
262.505000,-8.37732328e+01,-5.23580792e+01
262.510000,-8.37732325e+01,-5.23580790e+01
262.515000,-8.37732323e+01,-5.23580787e+01
262.520000,-8.37732321e+01,-5.23580785e+01
262.525000,-8.37732318e+01,-5.23580783e+01
262.530000,-8.37732316e+01,-5.23580780e+01
262.535000,-8.37732313e+01,-5.23580778e+01
262.540000,-8.37732311e+01,-5.23580775e+01
262.545000,-8.37732308e+01,-5.23580773e+01
262.550000,-8.37732306e+01,-5.23580770e+01
262.555000,-8.37732304e+01,-5.23580768e+01
262.560000,-8.37732301e+01,-5.23580766e+01
262.565000,-8.37732299e+01,-5.23580763e+01
262.570000,-8.37732296e+01,-5.23580761e+01
262.575000,-8.37732294e+01,-5.23580758e+01
262.580000,-8.37732291e+01,-5.23580756e+01
262.585000,-8.37732289e+01,-5.23580754e+01
262.590000,-8.37732287e+01,-5.23580751e+01
262.595000,-8.37732284e+01,-5.23580749e+01
262.600000,-8.37732282e+01,-5.23580746e+01
262.605000,-8.37732279e+01,-5.23580744e+01
262.610000,-8.37732277e+01,-5.23580741e+01
262.615000,-8.37732275e+01,-5.23580739e+01
262.620000,-8.37732272e+01,-5.23580737e+01
262.625000,-8.37732270e+01,-5.23580734e+01
262.630000,-8.37732267e+01,-5.23580732e+01
262.635000,-8.37732265e+01,-5.23580729e+01
262.640000,-8.37732263e+01,-5.23580727e+01
262.645000,-8.37732260e+01,-5.23580725e+01
262.650000,-8.37732258e+01,-5.23580722e+01
262.655000,-8.37732255e+01,-5.23580720e+01
262.660000,-8.37732253e+01,-5.23580717e+01
262.665000,-8.37732251e+01,-5.23580715e+01
262.670000,-8.37732248e+01,-5.23580713e+01
262.675000,-8.37732246e+01,-5.23580710e+01
262.680000,-8.37732243e+01,-5.23580708e+01
262.685000,-8.37732241e+01,-5.23580705e+01
262.690000,-8.37732239e+01,-5.23580703e+01
262.695000,-8.37732236e+01,-5.23580701e+01
262.700000,-8.37732234e+01,-5.23580698e+01
262.705000,-8.37732231e+01,-5.23580696e+01
262.710000,-8.37732229e+01,-5.23580693e+01
262.715000,-8.37732227e+01,-5.23580691e+01
262.720000,-8.37732224e+01,-5.23580689e+01
262.725000,-8.37732222e+01,-5.23580686e+01
262.730000,-8.37732219e+01,-5.23580684e+01
262.735000,-8.37732217e+01,-5.23580682e+01
262.740000,-8.37732215e+01,-5.23580679e+01
262.745000,-8.37732212e+01,-5.23580677e+01
262.750000,-8.37732210e+01,-5.23580674e+01
262.755000,-8.37732208e+01,-5.23580672e+01
262.760000,-8.37732205e+01,-5.23580670e+01
262.765000,-8.37732203e+01,-5.23580667e+01
262.770000,-8.37732200e+01,-5.23580665e+01
262.775000,-8.37732198e+01,-5.23580662e+01
262.780000,-8.37732196e+01,-5.23580660e+01
262.785000,-8.37732193e+01,-5.23580658e+01
262.790000,-8.37732191e+01,-5.23580655e+01
262.795000,-8.37732188e+01,-5.23580653e+01
262.800000,-8.37732186e+01,-5.23580651e+01
262.805000,-8.37732184e+01,-5.23580648e+01
262.810000,-8.37732181e+01,-5.23580646e+01
262.815000,-8.37732179e+01,-5.23580644e+01
262.820000,-8.37732177e+01,-5.23580641e+01
262.825000,-8.37732174e+01,-5.23580639e+01
262.830000,-8.37732172e+01,-5.23580636e+01
262.835000,-8.37732170e+01,-5.23580634e+01
262.840000,-8.37732167e+01,-5.23580632e+01
262.845000,-8.37732165e+01,-5.23580629e+01
262.850000,-8.37732162e+01,-5.23580627e+01
262.855000,-8.37732160e+01,-5.23580625e+01
262.860000,-8.37732158e+01,-5.23580622e+01
262.865000,-8.37732155e+01,-5.23580620e+01
262.870000,-8.37732153e+01,-5.23580617e+01
262.875000,-8.37732151e+01,-5.23580615e+01
262.880000,-8.37732148e+01,-5.23580613e+01
262.885000,-8.37732146e+01,-5.23580610e+01
262.890000,-8.37732144e+01,-5.23580608e+01
262.895000,-8.37732141e+01,-5.23580606e+01
262.900000,-8.37732139e+01,-5.23580603e+01
262.905000,-8.37732136e+01,-5.23580601e+01
262.910000,-8.37732134e+01,-5.23580599e+01
262.915000,-8.37732132e+01,-5.23580596e+01
262.920000,-8.37732129e+01,-5.23580594e+01
262.925000,-8.37732127e+01,-5.23580592e+01
262.930000,-8.37732125e+01,-5.23580589e+01
262.935000,-8.37732122e+01,-5.23580587e+01
262.940000,-8.37732120e+01,-5.23580585e+01
262.945000,-8.37732118e+01,-5.23580582e+01
262.950000,-8.37732115e+01,-5.23580580e+01
262.955000,-8.37732113e+01,-5.23580578e+01
262.960000,-8.37732111e+01,-5.23580575e+01
262.965000,-8.37732108e+01,-5.23580573e+01
262.970000,-8.37732106e+01,-5.23580571e+01
262.975000,-8.37732104e+01,-5.23580568e+01
262.980000,-8.37732101e+01,-5.23580566e+01
262.985000,-8.37732099e+01,-5.23580563e+01
262.990000,-8.37732097e+01,-5.23580561e+01
262.995000,-8.37732094e+01,-5.23580559e+01
263.000000,-8.37732092e+01,-5.23580556e+01
263.005000,-8.37732090e+01,-5.23580554e+01
263.010000,-8.37732087e+01,-5.23580552e+01
263.015000,-8.37732085e+01,-5.23580549e+01
263.020000,-8.37732083e+01,-5.23580547e+01
263.025000,-8.37732080e+01,-5.23580545e+01
263.030000,-8.37732078e+01,-5.23580542e+01
263.035000,-8.37732076e+01,-5.23580540e+01
263.040000,-8.37732073e+01,-5.23580538e+01
263.045000,-8.37732071e+01,-5.23580536e+01
263.050000,-8.37732069e+01,-5.23580533e+01
263.055000,-8.37732066e+01,-5.23580531e+01
263.060000,-8.37732064e+01,-5.23580529e+01
263.065000,-8.37732062e+01,-5.23580526e+01
263.070000,-8.37732059e+01,-5.23580524e+01
263.075000,-8.37732057e+01,-5.23580522e+01
263.080000,-8.37732055e+01,-5.23580519e+01
263.085000,-8.37732052e+01,-5.23580517e+01
263.090000,-8.37732050e+01,-5.23580515e+01
263.095000,-8.37732048e+01,-5.23580512e+01
263.100000,-8.37732045e+01,-5.23580510e+01
263.105000,-8.37732043e+01,-5.23580508e+01
263.110000,-8.37732041e+01,-5.23580505e+01
263.115000,-8.37732039e+01,-5.23580503e+01
263.120000,-8.37732036e+01,-5.23580501e+01
263.125000,-8.37732034e+01,-5.23580498e+01
263.130000,-8.37732032e+01,-5.23580496e+01
263.135000,-8.37732029e+01,-5.23580494e+01
263.140000,-8.37732027e+01,-5.23580491e+01
263.145000,-8.37732025e+01,-5.23580489e+01
263.150000,-8.37732022e+01,-5.23580487e+01
263.155000,-8.37732020e+01,-5.23580485e+01
263.160000,-8.37732018e+01,-5.23580482e+01
263.165000,-8.37732015e+01,-5.23580480e+01
263.170000,-8.37732013e+01,-5.23580478e+01
263.175000,-8.37732011e+01,-5.23580475e+01
263.180000,-8.37732009e+01,-5.23580473e+01
263.185000,-8.37732006e+01,-5.23580471e+01
263.190000,-8.37732004e+01,-5.23580468e+01
263.195000,-8.37732002e+01,-5.23580466e+01
263.200000,-8.37731999e+01,-5.23580464e+01
263.205000,-8.37731997e+01,-5.23580462e+01
263.210000,-8.37731995e+01,-5.23580459e+01
263.215000,-8.37731992e+01,-5.23580457e+01
263.220000,-8.37731990e+01,-5.23580455e+01
263.225000,-8.37731988e+01,-5.23580452e+01
263.230000,-8.37731986e+01,-5.23580450e+01
263.235000,-8.37731983e+01,-5.23580448e+01
263.240000,-8.37731981e+01,-5.23580446e+01
263.245000,-8.37731979e+01,-5.23580443e+01
263.250000,-8.37731976e+01,-5.23580441e+01
263.255000,-8.37731974e+01,-5.23580439e+01
263.260000,-8.37731972e+01,-5.23580436e+01
263.265000,-8.37731970e+01,-5.23580434e+01
263.270000,-8.37731967e+01,-5.23580432e+01
263.275000,-8.37731965e+01,-5.23580430e+01
263.280000,-8.37731963e+01,-5.23580427e+01
263.285000,-8.37731960e+01,-5.23580425e+01
263.290000,-8.37731958e+01,-5.23580423e+01
263.295000,-8.37731956e+01,-5.23580420e+01
263.300000,-8.37731954e+01,-5.23580418e+01
263.305000,-8.37731951e+01,-5.23580416e+01
263.310000,-8.37731949e+01,-5.23580414e+01
263.315000,-8.37731947e+01,-5.23580411e+01
263.320000,-8.37731945e+01,-5.23580409e+01
263.325000,-8.37731942e+01,-5.23580407e+01
263.330000,-8.37731940e+01,-5.23580404e+01
263.335000,-8.37731938e+01,-5.23580402e+01
263.340000,-8.37731935e+01,-5.23580400e+01
263.345000,-8.37731933e+01,-5.23580398e+01
263.350000,-8.37731931e+01,-5.23580395e+01
263.355000,-8.37731929e+01,-5.23580393e+01
263.360000,-8.37731926e+01,-5.23580391e+01
263.365000,-8.37731924e+01,-5.23580389e+01
263.370000,-8.37731922e+01,-5.23580386e+01
263.375000,-8.37731920e+01,-5.23580384e+01
263.380000,-8.37731917e+01,-5.23580382e+01
263.385000,-8.37731915e+01,-5.23580380e+01
263.390000,-8.37731913e+01,-5.23580377e+01
263.395000,-8.37731911e+01,-5.23580375e+01
263.400000,-8.37731908e+01,-5.23580373e+01
263.405000,-8.37731906e+01,-5.23580370e+01
263.410000,-8.37731904e+01,-5.23580368e+01
263.415000,-8.37731901e+01,-5.23580366e+01
263.420000,-8.37731899e+01,-5.23580364e+01
263.425000,-8.37731897e+01,-5.23580361e+01
263.430000,-8.37731895e+01,-5.23580359e+01
263.435000,-8.37731892e+01,-5.23580357e+01
263.440000,-8.37731890e+01,-5.23580355e+01
263.445000,-8.37731888e+01,-5.23580352e+01
263.450000,-8.37731886e+01,-5.23580350e+01
263.455000,-8.37731883e+01,-5.23580348e+01
263.460000,-8.37731881e+01,-5.23580346e+01
263.465000,-8.37731879e+01,-5.23580343e+01
263.470000,-8.37731877e+01,-5.23580341e+01
263.475000,-8.37731874e+01,-5.23580339e+01
263.480000,-8.37731872e+01,-5.23580337e+01
263.485000,-8.37731870e+01,-5.23580334e+01
263.490000,-8.37731868e+01,-5.23580332e+01
263.495000,-8.37731865e+01,-5.23580330e+01
263.500000,-8.37731863e+01,-5.23580328e+01
263.505000,-8.37731861e+01,-5.23580326e+01
263.510000,-8.37731859e+01,-5.23580323e+01
263.515000,-8.37731857e+01,-5.23580321e+01
263.520000,-8.37731854e+01,-5.23580319e+01
263.525000,-8.37731852e+01,-5.23580317e+01
263.530000,-8.37731850e+01,-5.23580314e+01
263.535000,-8.37731848e+01,-5.23580312e+01
263.540000,-8.37731845e+01,-5.23580310e+01
263.545000,-8.37731843e+01,-5.23580308e+01
263.550000,-8.37731841e+01,-5.23580305e+01
263.555000,-8.37731839e+01,-5.23580303e+01
263.560000,-8.37731836e+01,-5.23580301e+01
263.565000,-8.37731834e+01,-5.23580299e+01
263.570000,-8.37731832e+01,-5.23580296e+01
263.575000,-8.37731830e+01,-5.23580294e+01
263.580000,-8.37731828e+01,-5.23580292e+01
263.585000,-8.37731825e+01,-5.23580290e+01
263.590000,-8.37731823e+01,-5.23580288e+01
263.595000,-8.37731821e+01,-5.23580285e+01
263.600000,-8.37731819e+01,-5.23580283e+01
263.605000,-8.37731816e+01,-5.23580281e+01
263.610000,-8.37731814e+01,-5.23580279e+01
263.615000,-8.37731812e+01,-5.23580276e+01
263.620000,-8.37731810e+01,-5.23580274e+01
263.625000,-8.37731808e+01,-5.23580272e+01
263.630000,-8.37731805e+01,-5.23580270e+01
263.635000,-8.37731803e+01,-5.23580268e+01
263.640000,-8.37731801e+01,-5.23580265e+01
263.645000,-8.37731799e+01,-5.23580263e+01
263.650000,-8.37731796e+01,-5.23580261e+01
263.655000,-8.37731794e+01,-5.23580259e+01
263.660000,-8.37731792e+01,-5.23580257e+01
263.665000,-8.37731790e+01,-5.23580254e+01
263.670000,-8.37731788e+01,-5.23580252e+01
263.675000,-8.37731785e+01,-5.23580250e+01
263.680000,-8.37731783e+01,-5.23580248e+01
263.685000,-8.37731781e+01,-5.23580245e+01
263.690000,-8.37731779e+01,-5.23580243e+01
263.695000,-8.37731777e+01,-5.23580241e+01
263.700000,-8.37731774e+01,-5.23580239e+01
263.705000,-8.37731772e+01,-5.23580237e+01
263.710000,-8.37731770e+01,-5.23580234e+01
263.715000,-8.37731768e+01,-5.23580232e+01
263.720000,-8.37731766e+01,-5.23580230e+01
263.725000,-8.37731763e+01,-5.23580228e+01
263.730000,-8.37731761e+01,-5.23580226e+01
263.735000,-8.37731759e+01,-5.23580223e+01
263.740000,-8.37731757e+01,-5.23580221e+01
263.745000,-8.37731755e+01,-5.23580219e+01
263.750000,-8.37731752e+01,-5.23580217e+01
263.755000,-8.37731750e+01,-5.23580215e+01
263.760000,-8.37731748e+01,-5.23580212e+01
263.765000,-8.37731746e+01,-5.23580210e+01
263.770000,-8.37731744e+01,-5.23580208e+01
263.775000,-8.37731741e+01,-5.23580206e+01
263.780000,-8.37731739e+01,-5.23580204e+01
263.785000,-8.37731737e+01,-5.23580201e+01
263.790000,-8.37731735e+01,-5.23580199e+01
263.795000,-8.37731733e+01,-5.23580197e+01
263.800000,-8.37731730e+01,-5.23580195e+01
263.805000,-8.37731728e+01,-5.23580193e+01
263.810000,-8.37731726e+01,-5.23580191e+01
263.815000,-8.37731724e+01,-5.23580188e+01
263.820000,-8.37731722e+01,-5.23580186e+01
263.825000,-8.37731720e+01,-5.23580184e+01
263.830000,-8.37731717e+01,-5.23580182e+01
263.835000,-8.37731715e+01,-5.23580180e+01
263.840000,-8.37731713e+01,-5.23580177e+01
263.845000,-8.37731711e+01,-5.23580175e+01
263.850000,-8.37731709e+01,-5.23580173e+01
263.855000,-8.37731706e+01,-5.23580171e+01
263.860000,-8.37731704e+01,-5.23580169e+01
263.865000,-8.37731702e+01,-5.23580167e+01
263.870000,-8.37731700e+01,-5.23580164e+01
263.875000,-8.37731698e+01,-5.23580162e+01
263.880000,-8.37731696e+01,-5.23580160e+01
263.885000,-8.37731693e+01,-5.23580158e+01
263.890000,-8.37731691e+01,-5.23580156e+01
263.895000,-8.37731689e+01,-5.23580154e+01
263.900000,-8.37731687e+01,-5.23580151e+01
263.905000,-8.37731685e+01,-5.23580149e+01
263.910000,-8.37731683e+01,-5.23580147e+01
263.915000,-8.37731680e+01,-5.23580145e+01
263.920000,-8.37731678e+01,-5.23580143e+01
263.925000,-8.37731676e+01,-5.23580141e+01
263.930000,-8.37731674e+01,-5.23580138e+01
263.935000,-8.37731672e+01,-5.23580136e+01
263.940000,-8.37731670e+01,-5.23580134e+01
263.945000,-8.37731667e+01,-5.23580132e+01
263.950000,-8.37731665e+01,-5.23580130e+01
263.955000,-8.37731663e+01,-5.23580128e+01
263.960000,-8.37731661e+01,-5.23580125e+01
263.965000,-8.37731659e+01,-5.23580123e+01
263.970000,-8.37731657e+01,-5.23580121e+01
263.975000,-8.37731654e+01,-5.23580119e+01
263.980000,-8.37731652e+01,-5.23580117e+01
263.985000,-8.37731650e+01,-5.23580115e+01
263.990000,-8.37731648e+01,-5.23580112e+01
263.995000,-8.37731646e+01,-5.23580110e+01
264.000000,-8.37731644e+01,-5.23580108e+01
264.005000,-8.37731642e+01,-5.23580106e+01
264.010000,-8.37731639e+01,-5.23580104e+01
264.015000,-8.37731637e+01,-5.23580102e+01
264.020000,-8.37731635e+01,-5.23580100e+01
264.025000,-8.37731633e+01,-5.23580097e+01
264.030000,-8.37731631e+01,-5.23580095e+01
264.035000,-8.37731629e+01,-5.23580093e+01
264.040000,-8.37731626e+01,-5.23580091e+01
264.045000,-8.37731624e+01,-5.23580089e+01
264.050000,-8.37731622e+01,-5.23580087e+01
264.055000,-8.37731620e+01,-5.23580085e+01
264.060000,-8.37731618e+01,-5.23580082e+01
264.065000,-8.37731616e+01,-5.23580080e+01
264.070000,-8.37731614e+01,-5.23580078e+01
264.075000,-8.37731612e+01,-5.23580076e+01
264.080000,-8.37731609e+01,-5.23580074e+01
264.085000,-8.37731607e+01,-5.23580072e+01
264.090000,-8.37731605e+01,-5.23580070e+01
264.095000,-8.37731603e+01,-5.23580067e+01
264.100000,-8.37731601e+01,-5.23580065e+01
264.105000,-8.37731599e+01,-5.23580063e+01
264.110000,-8.37731597e+01,-5.23580061e+01
264.115000,-8.37731594e+01,-5.23580059e+01
264.120000,-8.37731592e+01,-5.23580057e+01
264.125000,-8.37731590e+01,-5.23580055e+01
264.130000,-8.37731588e+01,-5.23580053e+01
264.135000,-8.37731586e+01,-5.23580050e+01
264.140000,-8.37731584e+01,-5.23580048e+01
264.145000,-8.37731582e+01,-5.23580046e+01
264.150000,-8.37731580e+01,-5.23580044e+01
264.155000,-8.37731577e+01,-5.23580042e+01
264.160000,-8.37731575e+01,-5.23580040e+01
264.165000,-8.37731573e+01,-5.23580038e+01
264.170000,-8.37731571e+01,-5.23580036e+01
264.175000,-8.37731569e+01,-5.23580033e+01
264.180000,-8.37731567e+01,-5.23580031e+01
264.185000,-8.37731565e+01,-5.23580029e+01
264.190000,-8.37731563e+01,-5.23580027e+01
264.195000,-8.37731560e+01,-5.23580025e+01
264.200000,-8.37731558e+01,-5.23580023e+01
264.205000,-8.37731556e+01,-5.23580021e+01
264.210000,-8.37731554e+01,-5.23580019e+01
264.215000,-8.37731552e+01,-5.23580016e+01
264.220000,-8.37731550e+01,-5.23580014e+01
264.225000,-8.37731548e+01,-5.23580012e+01
264.230000,-8.37731546e+01,-5.23580010e+01
264.235000,-8.37731544e+01,-5.23580008e+01
264.240000,-8.37731541e+01,-5.23580006e+01
264.245000,-8.37731539e+01,-5.23580004e+01
264.250000,-8.37731537e+01,-5.23580002e+01
264.255000,-8.37731535e+01,-5.23580000e+01
264.260000,-8.37731533e+01,-5.23579998e+01
264.265000,-8.37731531e+01,-5.23579995e+01
264.270000,-8.37731529e+01,-5.23579993e+01
264.275000,-8.37731527e+01,-5.23579991e+01
264.280000,-8.37731525e+01,-5.23579989e+01
264.285000,-8.37731522e+01,-5.23579987e+01
264.290000,-8.37731520e+01,-5.23579985e+01
264.295000,-8.37731518e+01,-5.23579983e+01
264.300000,-8.37731516e+01,-5.23579981e+01
264.305000,-8.37731514e+01,-5.23579979e+01
264.310000,-8.37731512e+01,-5.23579976e+01
264.315000,-8.37731510e+01,-5.23579974e+01
264.320000,-8.37731508e+01,-5.23579972e+01
264.325000,-8.37731506e+01,-5.23579970e+01
264.330000,-8.37731504e+01,-5.23579968e+01
264.335000,-8.37731501e+01,-5.23579966e+01
264.340000,-8.37731499e+01,-5.23579964e+01
264.345000,-8.37731497e+01,-5.23579962e+01
264.350000,-8.37731495e+01,-5.23579960e+01
264.355000,-8.37731493e+01,-5.23579958e+01
264.360000,-8.37731491e+01,-5.23579956e+01
264.365000,-8.37731489e+01,-5.23579953e+01
264.370000,-8.37731487e+01,-5.23579951e+01
264.375000,-8.37731485e+01,-5.23579949e+01
264.380000,-8.37731483e+01,-5.23579947e+01
264.385000,-8.37731481e+01,-5.23579945e+01
264.390000,-8.37731479e+01,-5.23579943e+01
264.395000,-8.37731476e+01,-5.23579941e+01
264.400000,-8.37731474e+01,-5.23579939e+01
264.405000,-8.37731472e+01,-5.23579937e+01
264.410000,-8.37731470e+01,-5.23579935e+01
264.415000,-8.37731468e+01,-5.23579933e+01
264.420000,-8.37731466e+01,-5.23579931e+01
264.425000,-8.37731464e+01,-5.23579928e+01
264.430000,-8.37731462e+01,-5.23579926e+01
264.435000,-8.37731460e+01,-5.23579924e+01
264.440000,-8.37731458e+01,-5.23579922e+01
264.445000,-8.37731456e+01,-5.23579920e+01
264.450000,-8.37731454e+01,-5.23579918e+01
264.455000,-8.37731452e+01,-5.23579916e+01
264.460000,-8.37731449e+01,-5.23579914e+01
264.465000,-8.37731447e+01,-5.23579912e+01
264.470000,-8.37731445e+01,-5.23579910e+01
264.475000,-8.37731443e+01,-5.23579908e+01
264.480000,-8.37731441e+01,-5.23579906e+01
264.485000,-8.37731439e+01,-5.23579904e+01
264.490000,-8.37731437e+01,-5.23579902e+01
264.495000,-8.37731435e+01,-5.23579899e+01
264.500000,-8.37731433e+01,-5.23579897e+01
264.505000,-8.37731431e+01,-5.23579895e+01
264.510000,-8.37731429e+01,-5.23579893e+01
264.515000,-8.37731427e+01,-5.23579891e+01
264.520000,-8.37731425e+01,-5.23579889e+01
264.525000,-8.37731423e+01,-5.23579887e+01
264.530000,-8.37731421e+01,-5.23579885e+01
264.535000,-8.37731418e+01,-5.23579883e+01
264.540000,-8.37731416e+01,-5.23579881e+01
264.545000,-8.37731414e+01,-5.23579879e+01
264.550000,-8.37731412e+01,-5.23579877e+01
264.555000,-8.37731410e+01,-5.23579875e+01
264.560000,-8.37731408e+01,-5.23579873e+01
264.565000,-8.37731406e+01,-5.23579871e+01
264.570000,-8.37731404e+01,-5.23579869e+01
264.575000,-8.37731402e+01,-5.23579867e+01
264.580000,-8.37731400e+01,-5.23579864e+01
264.585000,-8.37731398e+01,-5.23579862e+01
264.590000,-8.37731396e+01,-5.23579860e+01
264.595000,-8.37731394e+01,-5.23579858e+01
264.600000,-8.37731392e+01,-5.23579856e+01
264.605000,-8.37731390e+01,-5.23579854e+01
264.610000,-8.37731388e+01,-5.23579852e+01
264.615000,-8.37731386e+01,-5.23579850e+01
264.620000,-8.37731384e+01,-5.23579848e+01
264.625000,-8.37731382e+01,-5.23579846e+01
264.630000,-8.37731379e+01,-5.23579844e+01
264.635000,-8.37731377e+01,-5.23579842e+01
264.640000,-8.37731375e+01,-5.23579840e+01
264.645000,-8.37731373e+01,-5.23579838e+01
264.650000,-8.37731371e+01,-5.23579836e+01
264.655000,-8.37731369e+01,-5.23579834e+01
264.660000,-8.37731367e+01,-5.23579832e+01
264.665000,-8.37731365e+01,-5.23579830e+01
264.670000,-8.37731363e+01,-5.23579828e+01
264.675000,-8.37731361e+01,-5.23579826e+01
264.680000,-8.37731359e+01,-5.23579824e+01
264.685000,-8.37731357e+01,-5.23579822e+01
264.690000,-8.37731355e+01,-5.23579820e+01
264.695000,-8.37731353e+01,-5.23579818e+01
264.700000,-8.37731351e+01,-5.23579815e+01
264.705000,-8.37731349e+01,-5.23579813e+01
264.710000,-8.37731347e+01,-5.23579811e+01
264.715000,-8.37731345e+01,-5.23579809e+01
264.720000,-8.37731343e+01,-5.23579807e+01
264.725000,-8.37731341e+01,-5.23579805e+01
264.730000,-8.37731339e+01,-5.23579803e+01
264.735000,-8.37731337e+01,-5.23579801e+01
264.740000,-8.37731335e+01,-5.23579799e+01
264.745000,-8.37731333e+01,-5.23579797e+01
264.750000,-8.37731331e+01,-5.23579795e+01
264.755000,-8.37731329e+01,-5.23579793e+01
264.760000,-8.37731327e+01,-5.23579791e+01
264.765000,-8.37731325e+01,-5.23579789e+01
264.770000,-8.37731323e+01,-5.23579787e+01
264.775000,-8.37731321e+01,-5.23579785e+01
264.780000,-8.37731319e+01,-5.23579783e+01
264.785000,-8.37731317e+01,-5.23579781e+01
264.790000,-8.37731315e+01,-5.23579779e+01
264.795000,-8.37731313e+01,-5.23579777e+01
264.800000,-8.37731310e+01,-5.23579775e+01
264.805000,-8.37731308e+01,-5.23579773e+01
264.810000,-8.37731306e+01,-5.23579771e+01
264.815000,-8.37731304e+01,-5.23579769e+01
264.820000,-8.37731302e+01,-5.23579767e+01
264.825000,-8.37731300e+01,-5.23579765e+01
264.830000,-8.37731298e+01,-5.23579763e+01
264.835000,-8.37731296e+01,-5.23579761e+01
264.840000,-8.37731294e+01,-5.23579759e+01
264.845000,-8.37731292e+01,-5.23579757e+01
264.850000,-8.37731290e+01,-5.23579755e+01
264.855000,-8.37731288e+01,-5.23579753e+01
264.860000,-8.37731286e+01,-5.23579751e+01
264.865000,-8.37731284e+01,-5.23579749e+01
264.870000,-8.37731282e+01,-5.23579747e+01
264.875000,-8.37731280e+01,-5.23579745e+01
264.880000,-8.37731278e+01,-5.23579743e+01
264.885000,-8.37731276e+01,-5.23579741e+01
264.890000,-8.37731274e+01,-5.23579739e+01
264.895000,-8.37731272e+01,-5.23579737e+01
264.900000,-8.37731270e+01,-5.23579735e+01
264.905000,-8.37731268e+01,-5.23579733e+01
264.910000,-8.37731266e+01,-5.23579731e+01
264.915000,-8.37731264e+01,-5.23579729e+01
264.920000,-8.37731262e+01,-5.23579727e+01
264.925000,-8.37731260e+01,-5.23579725e+01
264.930000,-8.37731258e+01,-5.23579723e+01
264.935000,-8.37731256e+01,-5.23579721e+01
264.940000,-8.37731254e+01,-5.23579719e+01
264.945000,-8.37731252e+01,-5.23579717e+01
264.950000,-8.37731250e+01,-5.23579715e+01
264.955000,-8.37731248e+01,-5.23579713e+01
264.960000,-8.37731246e+01,-5.23579711e+01
264.965000,-8.37731244e+01,-5.23579709e+01
264.970000,-8.37731242e+01,-5.23579707e+01
264.975000,-8.37731240e+01,-5.23579705e+01
264.980000,-8.37731238e+01,-5.23579703e+01
264.985000,-8.37731237e+01,-5.23579701e+01
264.990000,-8.37731235e+01,-5.23579699e+01
264.995000,-8.37731233e+01,-5.23579697e+01
265.000000,-8.37731231e+01,-5.23579695e+01
265.005000,-8.37731229e+01,-5.23579693e+01
265.010000,-8.37731227e+01,-5.23579691e+01
265.015000,-8.37731225e+01,-5.23579689e+01
265.020000,-8.37731223e+01,-5.23579687e+01
265.025000,-8.37731221e+01,-5.23579685e+01
265.030000,-8.37731219e+01,-5.23579683e+01
265.035000,-8.37731217e+01,-5.23579681e+01
265.040000,-8.37731215e+01,-5.23579679e+01
265.045000,-8.37731213e+01,-5.23579677e+01
265.050000,-8.37731211e+01,-5.23579675e+01
265.055000,-8.37731209e+01,-5.23579673e+01
265.060000,-8.37731207e+01,-5.23579671e+01
265.065000,-8.37731205e+01,-5.23579669e+01
265.070000,-8.37731203e+01,-5.23579667e+01
265.075000,-8.37731201e+01,-5.23579665e+01
265.080000,-8.37731199e+01,-5.23579663e+01
265.085000,-8.37731197e+01,-5.23579661e+01
265.090000,-8.37731195e+01,-5.23579660e+01
265.095000,-8.37731193e+01,-5.23579658e+01
265.100000,-8.37731191e+01,-5.23579656e+01
265.105000,-8.37731189e+01,-5.23579654e+01
265.110000,-8.37731187e+01,-5.23579652e+01
265.115000,-8.37731185e+01,-5.23579650e+01
265.120000,-8.37731183e+01,-5.23579648e+01
265.125000,-8.37731181e+01,-5.23579646e+01
265.130000,-8.37731179e+01,-5.23579644e+01
265.135000,-8.37731177e+01,-5.23579642e+01
265.140000,-8.37731175e+01,-5.23579640e+01
265.145000,-8.37731173e+01,-5.23579638e+01
265.150000,-8.37731171e+01,-5.23579636e+01
265.155000,-8.37731169e+01,-5.23579634e+01
265.160000,-8.37731168e+01,-5.23579632e+01
265.165000,-8.37731166e+01,-5.23579630e+01
265.170000,-8.37731164e+01,-5.23579628e+01
265.175000,-8.37731162e+01,-5.23579626e+01
265.180000,-8.37731160e+01,-5.23579624e+01
265.185000,-8.37731158e+01,-5.23579622e+01
265.190000,-8.37731156e+01,-5.23579620e+01
265.195000,-8.37731154e+01,-5.23579618e+01
265.200000,-8.37731152e+01,-5.23579616e+01
265.205000,-8.37731150e+01,-5.23579614e+01
265.210000,-8.37731148e+01,-5.23579613e+01
265.215000,-8.37731146e+01,-5.23579611e+01
265.220000,-8.37731144e+01,-5.23579609e+01
265.225000,-8.37731142e+01,-5.23579607e+01
265.230000,-8.37731140e+01,-5.23579605e+01
265.235000,-8.37731138e+01,-5.23579603e+01
265.240000,-8.37731136e+01,-5.23579601e+01
265.245000,-8.37731134e+01,-5.23579599e+01
265.250000,-8.37731132e+01,-5.23579597e+01
265.255000,-8.37731131e+01,-5.23579595e+01
265.260000,-8.37731129e+01,-5.23579593e+01
265.265000,-8.37731127e+01,-5.23579591e+01
265.270000,-8.37731125e+01,-5.23579589e+01
265.275000,-8.37731123e+01,-5.23579587e+01
265.280000,-8.37731121e+01,-5.23579585e+01
265.285000,-8.37731119e+01,-5.23579583e+01
265.290000,-8.37731117e+01,-5.23579581e+01
265.295000,-8.37731115e+01,-5.23579580e+01
265.300000,-8.37731113e+01,-5.23579578e+01
265.305000,-8.37731111e+01,-5.23579576e+01
265.310000,-8.37731109e+01,-5.23579574e+01
265.315000,-8.37731107e+01,-5.23579572e+01
265.320000,-8.37731105e+01,-5.23579570e+01
265.325000,-8.37731103e+01,-5.23579568e+01
265.330000,-8.37731101e+01,-5.23579566e+01
265.335000,-8.37731100e+01,-5.23579564e+01
265.340000,-8.37731098e+01,-5.23579562e+01
265.345000,-8.37731096e+01,-5.23579560e+01
265.350000,-8.37731094e+01,-5.23579558e+01
265.355000,-8.37731092e+01,-5.23579556e+01
265.360000,-8.37731090e+01,-5.23579554e+01
265.365000,-8.37731088e+01,-5.23579553e+01
265.370000,-8.37731086e+01,-5.23579551e+01
265.375000,-8.37731084e+01,-5.23579549e+01
265.380000,-8.37731082e+01,-5.23579547e+01
265.385000,-8.37731080e+01,-5.23579545e+01
265.390000,-8.37731078e+01,-5.23579543e+01
265.395000,-8.37731076e+01,-5.23579541e+01
265.400000,-8.37731075e+01,-5.23579539e+01
265.405000,-8.37731073e+01,-5.23579537e+01
265.410000,-8.37731071e+01,-5.23579535e+01
265.415000,-8.37731069e+01,-5.23579533e+01
265.420000,-8.37731067e+01,-5.23579531e+01
265.425000,-8.37731065e+01,-5.23579529e+01
265.430000,-8.37731063e+01,-5.23579528e+01
265.435000,-8.37731061e+01,-5.23579526e+01
265.440000,-8.37731059e+01,-5.23579524e+01
265.445000,-8.37731057e+01,-5.23579522e+01
265.450000,-8.37731055e+01,-5.23579520e+01
265.455000,-8.37731053e+01,-5.23579518e+01
265.460000,-8.37731052e+01,-5.23579516e+01
265.465000,-8.37731050e+01,-5.23579514e+01
265.470000,-8.37731048e+01,-5.23579512e+01
265.475000,-8.37731046e+01,-5.23579510e+01
265.480000,-8.37731044e+01,-5.23579508e+01
265.485000,-8.37731042e+01,-5.23579507e+01
265.490000,-8.37731040e+01,-5.23579505e+01
265.495000,-8.37731038e+01,-5.23579503e+01
265.500000,-8.37731036e+01,-5.23579501e+01
265.505000,-8.37731034e+01,-5.23579499e+01
265.510000,-8.37731033e+01,-5.23579497e+01
265.515000,-8.37731031e+01,-5.23579495e+01
265.520000,-8.37731029e+01,-5.23579493e+01
265.525000,-8.37731027e+01,-5.23579491e+01
265.530000,-8.37731025e+01,-5.23579489e+01
265.535000,-8.37731023e+01,-5.23579488e+01
265.540000,-8.37731021e+01,-5.23579486e+01
265.545000,-8.37731019e+01,-5.23579484e+01
265.550000,-8.37731017e+01,-5.23579482e+01
265.555000,-8.37731015e+01,-5.23579480e+01
265.560000,-8.37731014e+01,-5.23579478e+01
265.565000,-8.37731012e+01,-5.23579476e+01
265.570000,-8.37731010e+01,-5.23579474e+01
265.575000,-8.37731008e+01,-5.23579472e+01
265.580000,-8.37731006e+01,-5.23579470e+01
265.585000,-8.37731004e+01,-5.23579469e+01
265.590000,-8.37731002e+01,-5.23579467e+01
265.595000,-8.37731000e+01,-5.23579465e+01
265.600000,-8.37730998e+01,-5.23579463e+01
265.605000,-8.37730997e+01,-5.23579461e+01
265.610000,-8.37730995e+01,-5.23579459e+01
265.615000,-8.37730993e+01,-5.23579457e+01
265.620000,-8.37730991e+01,-5.23579455e+01
265.625000,-8.37730989e+01,-5.23579454e+01
265.630000,-8.37730987e+01,-5.23579452e+01
265.635000,-8.37730985e+01,-5.23579450e+01
265.640000,-8.37730983e+01,-5.23579448e+01
265.645000,-8.37730981e+01,-5.23579446e+01
265.650000,-8.37730980e+01,-5.23579444e+01
265.655000,-8.37730978e+01,-5.23579442e+01
265.660000,-8.37730976e+01,-5.23579440e+01
265.665000,-8.37730974e+01,-5.23579438e+01
265.670000,-8.37730972e+01,-5.23579437e+01
265.675000,-8.37730970e+01,-5.23579435e+01
265.680000,-8.37730968e+01,-5.23579433e+01
265.685000,-8.37730966e+01,-5.23579431e+01
265.690000,-8.37730965e+01,-5.23579429e+01
265.695000,-8.37730963e+01,-5.23579427e+01
265.700000,-8.37730961e+01,-5.23579425e+01
265.705000,-8.37730959e+01,-5.23579423e+01
265.710000,-8.37730957e+01,-5.23579422e+01
265.715000,-8.37730955e+01,-5.23579420e+01
265.720000,-8.37730953e+01,-5.23579418e+01
265.725000,-8.37730951e+01,-5.23579416e+01
265.730000,-8.37730950e+01,-5.23579414e+01
265.735000,-8.37730948e+01,-5.23579412e+01
265.740000,-8.37730946e+01,-5.23579410e+01
265.745000,-8.37730944e+01,-5.23579409e+01
265.750000,-8.37730942e+01,-5.23579407e+01
265.755000,-8.37730940e+01,-5.23579405e+01
265.760000,-8.37730938e+01,-5.23579403e+01
265.765000,-8.37730937e+01,-5.23579401e+01
265.770000,-8.37730935e+01,-5.23579399e+01
265.775000,-8.37730933e+01,-5.23579397e+01
265.780000,-8.37730931e+01,-5.23579395e+01
265.785000,-8.37730929e+01,-5.23579394e+01
265.790000,-8.37730927e+01,-5.23579392e+01
265.795000,-8.37730925e+01,-5.23579390e+01
265.800000,-8.37730924e+01,-5.23579388e+01
265.805000,-8.37730922e+01,-5.23579386e+01
265.810000,-8.37730920e+01,-5.23579384e+01
265.815000,-8.37730918e+01,-5.23579382e+01
265.820000,-8.37730916e+01,-5.23579381e+01
265.825000,-8.37730914e+01,-5.23579379e+01
265.830000,-8.37730912e+01,-5.23579377e+01
265.835000,-8.37730911e+01,-5.23579375e+01
265.840000,-8.37730909e+01,-5.23579373e+01
265.845000,-8.37730907e+01,-5.23579371e+01
265.850000,-8.37730905e+01,-5.23579370e+01
265.855000,-8.37730903e+01,-5.23579368e+01
265.860000,-8.37730901e+01,-5.23579366e+01
265.865000,-8.37730899e+01,-5.23579364e+01
265.870000,-8.37730898e+01,-5.23579362e+01
265.875000,-8.37730896e+01,-5.23579360e+01
265.880000,-8.37730894e+01,-5.23579358e+01
265.885000,-8.37730892e+01,-5.23579357e+01
265.890000,-8.37730890e+01,-5.23579355e+01
265.895000,-8.37730888e+01,-5.23579353e+01
265.900000,-8.37730887e+01,-5.23579351e+01
265.905000,-8.37730885e+01,-5.23579349e+01
265.910000,-8.37730883e+01,-5.23579347e+01
265.915000,-8.37730881e+01,-5.23579346e+01
265.920000,-8.37730879e+01,-5.23579344e+01
265.925000,-8.37730877e+01,-5.23579342e+01
265.930000,-8.37730876e+01,-5.23579340e+01
265.935000,-8.37730874e+01,-5.23579338e+01
265.940000,-8.37730872e+01,-5.23579336e+01
265.945000,-8.37730870e+01,-5.23579335e+01
265.950000,-8.37730868e+01,-5.23579333e+01
265.955000,-8.37730866e+01,-5.23579331e+01
265.960000,-8.37730865e+01,-5.23579329e+01
265.965000,-8.37730863e+01,-5.23579327e+01
265.970000,-8.37730861e+01,-5.23579325e+01
265.975000,-8.37730859e+01,-5.23579324e+01
265.980000,-8.37730857e+01,-5.23579322e+01
265.985000,-8.37730855e+01,-5.23579320e+01
265.990000,-8.37730854e+01,-5.23579318e+01
265.995000,-8.37730852e+01,-5.23579316e+01
266.000000,-8.37730850e+01,-5.23579314e+01
266.005000,-8.37730848e+01,-5.23579313e+01
266.010000,-8.37730846e+01,-5.23579311e+01
266.015000,-8.37730844e+01,-5.23579309e+01
266.020000,-8.37730843e+01,-5.23579307e+01
266.025000,-8.37730841e+01,-5.23579305e+01
266.030000,-8.37730839e+01,-5.23579303e+01
266.035000,-8.37730837e+01,-5.23579302e+01
266.040000,-8.37730835e+01,-5.23579300e+01
266.045000,-8.37730833e+01,-5.23579298e+01
266.050000,-8.37730832e+01,-5.23579296e+01
266.055000,-8.37730830e+01,-5.23579294e+01
266.060000,-8.37730828e+01,-5.23579293e+01
266.065000,-8.37730826e+01,-5.23579291e+01
266.070000,-8.37730824e+01,-5.23579289e+01
266.075000,-8.37730823e+01,-5.23579287e+01
266.080000,-8.37730821e+01,-5.23579285e+01
266.085000,-8.37730819e+01,-5.23579283e+01
266.090000,-8.37730817e+01,-5.23579282e+01
266.095000,-8.37730815e+01,-5.23579280e+01
266.100000,-8.37730813e+01,-5.23579278e+01
266.105000,-8.37730812e+01,-5.23579276e+01
266.110000,-8.37730810e+01,-5.23579274e+01
266.115000,-8.37730808e+01,-5.23579273e+01
266.120000,-8.37730806e+01,-5.23579271e+01
266.125000,-8.37730804e+01,-5.23579269e+01
266.130000,-8.37730803e+01,-5.23579267e+01
266.135000,-8.37730801e+01,-5.23579265e+01
266.140000,-8.37730799e+01,-5.23579264e+01
266.145000,-8.37730797e+01,-5.23579262e+01
266.150000,-8.37730795e+01,-5.23579260e+01
266.155000,-8.37730794e+01,-5.23579258e+01
266.160000,-8.37730792e+01,-5.23579256e+01
266.165000,-8.37730790e+01,-5.23579255e+01
266.170000,-8.37730788e+01,-5.23579253e+01
266.175000,-8.37730786e+01,-5.23579251e+01
266.180000,-8.37730785e+01,-5.23579249e+01
266.185000,-8.37730783e+01,-5.23579247e+01
266.190000,-8.37730781e+01,-5.23579246e+01
266.195000,-8.37730779e+01,-5.23579244e+01
266.200000,-8.37730777e+01,-5.23579242e+01
266.205000,-8.37730776e+01,-5.23579240e+01
266.210000,-8.37730774e+01,-5.23579238e+01
266.215000,-8.37730772e+01,-5.23579237e+01
266.220000,-8.37730770e+01,-5.23579235e+01
266.225000,-8.37730768e+01,-5.23579233e+01
266.230000,-8.37730767e+01,-5.23579231e+01
266.235000,-8.37730765e+01,-5.23579229e+01
266.240000,-8.37730763e+01,-5.23579228e+01
266.245000,-8.37730761e+01,-5.23579226e+01
266.250000,-8.37730759e+01,-5.23579224e+01
266.255000,-8.37730758e+01,-5.23579222e+01
266.260000,-8.37730756e+01,-5.23579220e+01
266.265000,-8.37730754e+01,-5.23579219e+01
266.270000,-8.37730752e+01,-5.23579217e+01
266.275000,-8.37730751e+01,-5.23579215e+01
266.280000,-8.37730749e+01,-5.23579213e+01
266.285000,-8.37730747e+01,-5.23579211e+01
266.290000,-8.37730745e+01,-5.23579210e+01
266.295000,-8.37730743e+01,-5.23579208e+01
266.300000,-8.37730742e+01,-5.23579206e+01
266.305000,-8.37730740e+01,-5.23579204e+01
266.310000,-8.37730738e+01,-5.23579203e+01
266.315000,-8.37730736e+01,-5.23579201e+01
266.320000,-8.37730734e+01,-5.23579199e+01
266.325000,-8.37730733e+01,-5.23579197e+01
266.330000,-8.37730731e+01,-5.23579195e+01
266.335000,-8.37730729e+01,-5.23579194e+01
266.340000,-8.37730727e+01,-5.23579192e+01
266.345000,-8.37730726e+01,-5.23579190e+01
266.350000,-8.37730724e+01,-5.23579188e+01
266.355000,-8.37730722e+01,-5.23579187e+01
266.360000,-8.37730720e+01,-5.23579185e+01
266.365000,-8.37730718e+01,-5.23579183e+01
266.370000,-8.37730717e+01,-5.23579181e+01
266.375000,-8.37730715e+01,-5.23579179e+01
266.380000,-8.37730713e+01,-5.23579178e+01
266.385000,-8.37730711e+01,-5.23579176e+01
266.390000,-8.37730710e+01,-5.23579174e+01
266.395000,-8.37730708e+01,-5.23579172e+01
266.400000,-8.37730706e+01,-5.23579171e+01
266.405000,-8.37730704e+01,-5.23579169e+01
266.410000,-8.37730703e+01,-5.23579167e+01
266.415000,-8.37730701e+01,-5.23579165e+01
266.420000,-8.37730699e+01,-5.23579164e+01
266.425000,-8.37730697e+01,-5.23579162e+01
266.430000,-8.37730696e+01,-5.23579160e+01
266.435000,-8.37730694e+01,-5.23579158e+01
266.440000,-8.37730692e+01,-5.23579156e+01
266.445000,-8.37730690e+01,-5.23579155e+01
266.450000,-8.37730688e+01,-5.23579153e+01
266.455000,-8.37730687e+01,-5.23579151e+01
266.460000,-8.37730685e+01,-5.23579149e+01
266.465000,-8.37730683e+01,-5.23579148e+01
266.470000,-8.37730681e+01,-5.23579146e+01
266.475000,-8.37730680e+01,-5.23579144e+01
266.480000,-8.37730678e+01,-5.23579142e+01
266.485000,-8.37730676e+01,-5.23579141e+01
266.490000,-8.37730674e+01,-5.23579139e+01
266.495000,-8.37730673e+01,-5.23579137e+01
266.500000,-8.37730671e+01,-5.23579135e+01
266.505000,-8.37730669e+01,-5.23579134e+01
266.510000,-8.37730667e+01,-5.23579132e+01
266.515000,-8.37730666e+01,-5.23579130e+01
266.520000,-8.37730664e+01,-5.23579128e+01
266.525000,-8.37730662e+01,-5.23579127e+01
266.530000,-8.37730660e+01,-5.23579125e+01
266.535000,-8.37730659e+01,-5.23579123e+01
266.540000,-8.37730657e+01,-5.23579121e+01
266.545000,-8.37730655e+01,-5.23579120e+01
266.550000,-8.37730653e+01,-5.23579118e+01
266.555000,-8.37730652e+01,-5.23579116e+01
266.560000,-8.37730650e+01,-5.23579114e+01
266.565000,-8.37730648e+01,-5.23579113e+01
266.570000,-8.37730646e+01,-5.23579111e+01
266.575000,-8.37730645e+01,-5.23579109e+01
266.580000,-8.37730643e+01,-5.23579107e+01
266.585000,-8.37730641e+01,-5.23579106e+01
266.590000,-8.37730639e+01,-5.23579104e+01
266.595000,-8.37730638e+01,-5.23579102e+01
266.600000,-8.37730636e+01,-5.23579100e+01
266.605000,-8.37730634e+01,-5.23579099e+01
266.610000,-8.37730632e+01,-5.23579097e+01
266.615000,-8.37730631e+01,-5.23579095e+01
266.620000,-8.37730629e+01,-5.23579094e+01
266.625000,-8.37730627e+01,-5.23579092e+01
266.630000,-8.37730626e+01,-5.23579090e+01
266.635000,-8.37730624e+01,-5.23579088e+01
266.640000,-8.37730622e+01,-5.23579087e+01
266.645000,-8.37730620e+01,-5.23579085e+01
266.650000,-8.37730619e+01,-5.23579083e+01
266.655000,-8.37730617e+01,-5.23579081e+01
266.660000,-8.37730615e+01,-5.23579080e+01
266.665000,-8.37730613e+01,-5.23579078e+01
266.670000,-8.37730612e+01,-5.23579076e+01
266.675000,-8.37730610e+01,-5.23579074e+01
266.680000,-8.37730608e+01,-5.23579073e+01
266.685000,-8.37730606e+01,-5.23579071e+01
266.690000,-8.37730605e+01,-5.23579069e+01
266.695000,-8.37730603e+01,-5.23579068e+01
266.700000,-8.37730601e+01,-5.23579066e+01
266.705000,-8.37730600e+01,-5.23579064e+01
266.710000,-8.37730598e+01,-5.23579062e+01
266.715000,-8.37730596e+01,-5.23579061e+01
266.720000,-8.37730594e+01,-5.23579059e+01
266.725000,-8.37730593e+01,-5.23579057e+01
266.730000,-8.37730591e+01,-5.23579055e+01
266.735000,-8.37730589e+01,-5.23579054e+01
266.740000,-8.37730588e+01,-5.23579052e+01
266.745000,-8.37730586e+01,-5.23579050e+01
266.750000,-8.37730584e+01,-5.23579049e+01
266.755000,-8.37730582e+01,-5.23579047e+01
266.760000,-8.37730581e+01,-5.23579045e+01
266.765000,-8.37730579e+01,-5.23579043e+01
266.770000,-8.37730577e+01,-5.23579042e+01
266.775000,-8.37730576e+01,-5.23579040e+01
266.780000,-8.37730574e+01,-5.23579038e+01
266.785000,-8.37730572e+01,-5.23579037e+01
266.790000,-8.37730570e+01,-5.23579035e+01
266.795000,-8.37730569e+01,-5.23579033e+01
266.800000,-8.37730567e+01,-5.23579031e+01
266.805000,-8.37730565e+01,-5.23579030e+01
266.810000,-8.37730564e+01,-5.23579028e+01
266.815000,-8.37730562e+01,-5.23579026e+01
266.820000,-8.37730560e+01,-5.23579025e+01
266.825000,-8.37730558e+01,-5.23579023e+01
266.830000,-8.37730557e+01,-5.23579021e+01
266.835000,-8.37730555e+01,-5.23579020e+01
266.840000,-8.37730553e+01,-5.23579018e+01
266.845000,-8.37730552e+01,-5.23579016e+01
266.850000,-8.37730550e+01,-5.23579014e+01
266.855000,-8.37730548e+01,-5.23579013e+01
266.860000,-8.37730546e+01,-5.23579011e+01
266.865000,-8.37730545e+01,-5.23579009e+01
266.870000,-8.37730543e+01,-5.23579008e+01
266.875000,-8.37730541e+01,-5.23579006e+01
266.880000,-8.37730540e+01,-5.23579004e+01
266.885000,-8.37730538e+01,-5.23579002e+01
266.890000,-8.37730536e+01,-5.23579001e+01
266.895000,-8.37730535e+01,-5.23578999e+01
266.900000,-8.37730533e+01,-5.23578997e+01
266.905000,-8.37730531e+01,-5.23578996e+01
266.910000,-8.37730529e+01,-5.23578994e+01
266.915000,-8.37730528e+01,-5.23578992e+01
266.920000,-8.37730526e+01,-5.23578991e+01
266.925000,-8.37730524e+01,-5.23578989e+01
266.930000,-8.37730523e+01,-5.23578987e+01
266.935000,-8.37730521e+01,-5.23578986e+01
266.940000,-8.37730519e+01,-5.23578984e+01
266.945000,-8.37730518e+01,-5.23578982e+01
266.950000,-8.37730516e+01,-5.23578980e+01
266.955000,-8.37730514e+01,-5.23578979e+01
266.960000,-8.37730513e+01,-5.23578977e+01
266.965000,-8.37730511e+01,-5.23578975e+01
266.970000,-8.37730509e+01,-5.23578974e+01
266.975000,-8.37730507e+01,-5.23578972e+01
266.980000,-8.37730506e+01,-5.23578970e+01
266.985000,-8.37730504e+01,-5.23578969e+01
266.990000,-8.37730502e+01,-5.23578967e+01
266.995000,-8.37730501e+01,-5.23578965e+01
267.000000,-8.37730499e+01,-5.23578964e+01
267.005000,-8.37730497e+01,-5.23578962e+01
267.010000,-8.37730496e+01,-5.23578960e+01
267.015000,-8.37730494e+01,-5.23578959e+01
267.020000,-8.37730492e+01,-5.23578957e+01
267.025000,-8.37730491e+01,-5.23578955e+01
267.030000,-8.37730489e+01,-5.23578954e+01
267.035000,-8.37730487e+01,-5.23578952e+01
267.040000,-8.37730486e+01,-5.23578950e+01
267.045000,-8.37730484e+01,-5.23578948e+01
267.050000,-8.37730482e+01,-5.23578947e+01
267.055000,-8.37730481e+01,-5.23578945e+01
267.060000,-8.37730479e+01,-5.23578943e+01
267.065000,-8.37730477e+01,-5.23578942e+01
267.070000,-8.37730476e+01,-5.23578940e+01
267.075000,-8.37730474e+01,-5.23578938e+01
267.080000,-8.37730472e+01,-5.23578937e+01
267.085000,-8.37730471e+01,-5.23578935e+01
267.090000,-8.37730469e+01,-5.23578933e+01
267.095000,-8.37730467e+01,-5.23578932e+01
267.100000,-8.37730466e+01,-5.23578930e+01
267.105000,-8.37730464e+01,-5.23578928e+01
267.110000,-8.37730462e+01,-5.23578927e+01
267.115000,-8.37730461e+01,-5.23578925e+01
267.120000,-8.37730459e+01,-5.23578923e+01
267.125000,-8.37730457e+01,-5.23578922e+01
267.130000,-8.37730456e+01,-5.23578920e+01
267.135000,-8.37730454e+01,-5.23578918e+01
267.140000,-8.37730452e+01,-5.23578917e+01
267.145000,-8.37730451e+01,-5.23578915e+01
267.150000,-8.37730449e+01,-5.23578913e+01
267.155000,-8.37730447e+01,-5.23578912e+01
267.160000,-8.37730446e+01,-5.23578910e+01
267.165000,-8.37730444e+01,-5.23578908e+01
267.170000,-8.37730442e+01,-5.23578907e+01
267.175000,-8.37730441e+01,-5.23578905e+01
267.180000,-8.37730439e+01,-5.23578903e+01
267.185000,-8.37730437e+01,-5.23578902e+01
267.190000,-8.37730436e+01,-5.23578900e+01
267.195000,-8.37730434e+01,-5.23578898e+01
267.200000,-8.37730432e+01,-5.23578897e+01
267.205000,-8.37730431e+01,-5.23578895e+01
267.210000,-8.37730429e+01,-5.23578893e+01
267.215000,-8.37730427e+01,-5.23578892e+01
267.220000,-8.37730426e+01,-5.23578890e+01
267.225000,-8.37730424e+01,-5.23578889e+01
267.230000,-8.37730422e+01,-5.23578887e+01
267.235000,-8.37730421e+01,-5.23578885e+01
267.240000,-8.37730419e+01,-5.23578884e+01
267.245000,-8.37730417e+01,-5.23578882e+01
267.250000,-8.37730416e+01,-5.23578880e+01
267.255000,-8.37730414e+01,-5.23578879e+01
267.260000,-8.37730412e+01,-5.23578877e+01
267.265000,-8.37730411e+01,-5.23578875e+01
267.270000,-8.37730409e+01,-5.23578874e+01
267.275000,-8.37730408e+01,-5.23578872e+01
267.280000,-8.37730406e+01,-5.23578870e+01
267.285000,-8.37730404e+01,-5.23578869e+01
267.290000,-8.37730403e+01,-5.23578867e+01
267.295000,-8.37730401e+01,-5.23578865e+01
267.300000,-8.37730399e+01,-5.23578864e+01
267.305000,-8.37730398e+01,-5.23578862e+01
267.310000,-8.37730396e+01,-5.23578861e+01
267.315000,-8.37730394e+01,-5.23578859e+01
267.320000,-8.37730393e+01,-5.23578857e+01
267.325000,-8.37730391e+01,-5.23578856e+01
267.330000,-8.37730389e+01,-5.23578854e+01
267.335000,-8.37730388e+01,-5.23578852e+01
267.340000,-8.37730386e+01,-5.23578851e+01
267.345000,-8.37730385e+01,-5.23578849e+01
267.350000,-8.37730383e+01,-5.23578847e+01
267.355000,-8.37730381e+01,-5.23578846e+01
267.360000,-8.37730380e+01,-5.23578844e+01
267.365000,-8.37730378e+01,-5.23578843e+01
267.370000,-8.37730376e+01,-5.23578841e+01
267.375000,-8.37730375e+01,-5.23578839e+01
267.380000,-8.37730373e+01,-5.23578838e+01
267.385000,-8.37730371e+01,-5.23578836e+01
267.390000,-8.37730370e+01,-5.23578834e+01
267.395000,-8.37730368e+01,-5.23578833e+01
267.400000,-8.37730367e+01,-5.23578831e+01
267.405000,-8.37730365e+01,-5.23578829e+01
267.410000,-8.37730363e+01,-5.23578828e+01
267.415000,-8.37730362e+01,-5.23578826e+01
267.420000,-8.37730360e+01,-5.23578825e+01
267.425000,-8.37730358e+01,-5.23578823e+01
267.430000,-8.37730357e+01,-5.23578821e+01
267.435000,-8.37730355e+01,-5.23578820e+01
267.440000,-8.37730354e+01,-5.23578818e+01
267.445000,-8.37730352e+01,-5.23578816e+01
267.450000,-8.37730350e+01,-5.23578815e+01
267.455000,-8.37730349e+01,-5.23578813e+01
267.460000,-8.37730347e+01,-5.23578812e+01
267.465000,-8.37730345e+01,-5.23578810e+01
267.470000,-8.37730344e+01,-5.23578808e+01
267.475000,-8.37730342e+01,-5.23578807e+01
267.480000,-8.37730341e+01,-5.23578805e+01
267.485000,-8.37730339e+01,-5.23578804e+01
267.490000,-8.37730337e+01,-5.23578802e+01
267.495000,-8.37730336e+01,-5.23578800e+01
267.500000,-8.37730334e+01,-5.23578799e+01
267.505000,-8.37730333e+01,-5.23578797e+01
267.510000,-8.37730331e+01,-5.23578795e+01
267.515000,-8.37730329e+01,-5.23578794e+01
267.520000,-8.37730328e+01,-5.23578792e+01
267.525000,-8.37730326e+01,-5.23578791e+01
267.530000,-8.37730324e+01,-5.23578789e+01
267.535000,-8.37730323e+01,-5.23578787e+01
267.540000,-8.37730321e+01,-5.23578786e+01
267.545000,-8.37730320e+01,-5.23578784e+01
267.550000,-8.37730318e+01,-5.23578783e+01
267.555000,-8.37730316e+01,-5.23578781e+01
267.560000,-8.37730315e+01,-5.23578779e+01
267.565000,-8.37730313e+01,-5.23578778e+01
267.570000,-8.37730312e+01,-5.23578776e+01
267.575000,-8.37730310e+01,-5.23578774e+01
267.580000,-8.37730308e+01,-5.23578773e+01
267.585000,-8.37730307e+01,-5.23578771e+01
267.590000,-8.37730305e+01,-5.23578770e+01
267.595000,-8.37730304e+01,-5.23578768e+01
267.600000,-8.37730302e+01,-5.23578766e+01
267.605000,-8.37730300e+01,-5.23578765e+01
267.610000,-8.37730299e+01,-5.23578763e+01
267.615000,-8.37730297e+01,-5.23578762e+01
267.620000,-8.37730296e+01,-5.23578760e+01
267.625000,-8.37730294e+01,-5.23578758e+01
267.630000,-8.37730292e+01,-5.23578757e+01
267.635000,-8.37730291e+01,-5.23578755e+01
267.640000,-8.37730289e+01,-5.23578754e+01
267.645000,-8.37730288e+01,-5.23578752e+01
267.650000,-8.37730286e+01,-5.23578750e+01
267.655000,-8.37730284e+01,-5.23578749e+01
267.660000,-8.37730283e+01,-5.23578747e+01
267.665000,-8.37730281e+01,-5.23578746e+01
267.670000,-8.37730280e+01,-5.23578744e+01
267.675000,-8.37730278e+01,-5.23578743e+01
267.680000,-8.37730276e+01,-5.23578741e+01
267.685000,-8.37730275e+01,-5.23578739e+01
267.690000,-8.37730273e+01,-5.23578738e+01
267.695000,-8.37730272e+01,-5.23578736e+01
267.700000,-8.37730270e+01,-5.23578735e+01
267.705000,-8.37730268e+01,-5.23578733e+01
267.710000,-8.37730267e+01,-5.23578731e+01
267.715000,-8.37730265e+01,-5.23578730e+01
267.720000,-8.37730264e+01,-5.23578728e+01
267.725000,-8.37730262e+01,-5.23578727e+01
267.730000,-8.37730260e+01,-5.23578725e+01
267.735000,-8.37730259e+01,-5.23578723e+01
267.740000,-8.37730257e+01,-5.23578722e+01
267.745000,-8.37730256e+01,-5.23578720e+01
267.750000,-8.37730254e+01,-5.23578719e+01
267.755000,-8.37730253e+01,-5.23578717e+01
267.760000,-8.37730251e+01,-5.23578716e+01
267.765000,-8.37730249e+01,-5.23578714e+01
267.770000,-8.37730248e+01,-5.23578712e+01
267.775000,-8.37730246e+01,-5.23578711e+01
267.780000,-8.37730245e+01,-5.23578709e+01
267.785000,-8.37730243e+01,-5.23578708e+01
267.790000,-8.37730242e+01,-5.23578706e+01
267.795000,-8.37730240e+01,-5.23578704e+01
267.800000,-8.37730238e+01,-5.23578703e+01
267.805000,-8.37730237e+01,-5.23578701e+01
267.810000,-8.37730235e+01,-5.23578700e+01
267.815000,-8.37730234e+01,-5.23578698e+01
267.820000,-8.37730232e+01,-5.23578697e+01
267.825000,-8.37730230e+01,-5.23578695e+01
267.830000,-8.37730229e+01,-5.23578693e+01
267.835000,-8.37730227e+01,-5.23578692e+01
267.840000,-8.37730226e+01,-5.23578690e+01
267.845000,-8.37730224e+01,-5.23578689e+01
267.850000,-8.37730223e+01,-5.23578687e+01
267.855000,-8.37730221e+01,-5.23578686e+01
267.860000,-8.37730219e+01,-5.23578684e+01
267.865000,-8.37730218e+01,-5.23578682e+01
267.870000,-8.37730216e+01,-5.23578681e+01
267.875000,-8.37730215e+01,-5.23578679e+01
267.880000,-8.37730213e+01,-5.23578678e+01
267.885000,-8.37730212e+01,-5.23578676e+01
267.890000,-8.37730210e+01,-5.23578675e+01
267.895000,-8.37730209e+01,-5.23578673e+01
267.900000,-8.37730207e+01,-5.23578671e+01
267.905000,-8.37730205e+01,-5.23578670e+01
267.910000,-8.37730204e+01,-5.23578668e+01
267.915000,-8.37730202e+01,-5.23578667e+01
267.920000,-8.37730201e+01,-5.23578665e+01
267.925000,-8.37730199e+01,-5.23578664e+01
267.930000,-8.37730198e+01,-5.23578662e+01
267.935000,-8.37730196e+01,-5.23578661e+01
267.940000,-8.37730194e+01,-5.23578659e+01
267.945000,-8.37730193e+01,-5.23578657e+01
267.950000,-8.37730191e+01,-5.23578656e+01
267.955000,-8.37730190e+01,-5.23578654e+01
267.960000,-8.37730188e+01,-5.23578653e+01
267.965000,-8.37730187e+01,-5.23578651e+01
267.970000,-8.37730185e+01,-5.23578650e+01
267.975000,-8.37730184e+01,-5.23578648e+01
267.980000,-8.37730182e+01,-5.23578647e+01
267.985000,-8.37730180e+01,-5.23578645e+01
267.990000,-8.37730179e+01,-5.23578643e+01
267.995000,-8.37730177e+01,-5.23578642e+01
268.000000,-8.37730176e+01,-5.23578640e+01
268.005000,-8.37730174e+01,-5.23578639e+01
268.010000,-8.37730173e+01,-5.23578637e+01
268.015000,-8.37730171e+01,-5.23578636e+01
268.020000,-8.37730170e+01,-5.23578634e+01
268.025000,-8.37730168e+01,-5.23578633e+01
268.030000,-8.37730167e+01,-5.23578631e+01
268.035000,-8.37730165e+01,-5.23578629e+01
268.040000,-8.37730163e+01,-5.23578628e+01
268.045000,-8.37730162e+01,-5.23578626e+01
268.050000,-8.37730160e+01,-5.23578625e+01
268.055000,-8.37730159e+01,-5.23578623e+01
268.060000,-8.37730157e+01,-5.23578622e+01
268.065000,-8.37730156e+01,-5.23578620e+01
268.070000,-8.37730154e+01,-5.23578619e+01
268.075000,-8.37730153e+01,-5.23578617e+01
268.080000,-8.37730151e+01,-5.23578616e+01
268.085000,-8.37730150e+01,-5.23578614e+01
268.090000,-8.37730148e+01,-5.23578613e+01
268.095000,-8.37730146e+01,-5.23578611e+01
268.100000,-8.37730145e+01,-5.23578609e+01
268.105000,-8.37730143e+01,-5.23578608e+01
268.110000,-8.37730142e+01,-5.23578606e+01
268.115000,-8.37730140e+01,-5.23578605e+01
268.120000,-8.37730139e+01,-5.23578603e+01
268.125000,-8.37730137e+01,-5.23578602e+01
268.130000,-8.37730136e+01,-5.23578600e+01
268.135000,-8.37730134e+01,-5.23578599e+01
268.140000,-8.37730133e+01,-5.23578597e+01
268.145000,-8.37730131e+01,-5.23578596e+01
268.150000,-8.37730130e+01,-5.23578594e+01
268.155000,-8.37730128e+01,-5.23578593e+01
268.160000,-8.37730126e+01,-5.23578591e+01
268.165000,-8.37730125e+01,-5.23578589e+01
268.170000,-8.37730123e+01,-5.23578588e+01
268.175000,-8.37730122e+01,-5.23578586e+01
268.180000,-8.37730120e+01,-5.23578585e+01
268.185000,-8.37730119e+01,-5.23578583e+01
268.190000,-8.37730117e+01,-5.23578582e+01
268.195000,-8.37730116e+01,-5.23578580e+01
268.200000,-8.37730114e+01,-5.23578579e+01
268.205000,-8.37730113e+01,-5.23578577e+01
268.210000,-8.37730111e+01,-5.23578576e+01
268.215000,-8.37730110e+01,-5.23578574e+01
268.220000,-8.37730108e+01,-5.23578573e+01
268.225000,-8.37730107e+01,-5.23578571e+01
268.230000,-8.37730105e+01,-5.23578570e+01
268.235000,-8.37730104e+01,-5.23578568e+01
268.240000,-8.37730102e+01,-5.23578567e+01
268.245000,-8.37730101e+01,-5.23578565e+01
268.250000,-8.37730099e+01,-5.23578564e+01
268.255000,-8.37730098e+01,-5.23578562e+01
268.260000,-8.37730096e+01,-5.23578561e+01
268.265000,-8.37730094e+01,-5.23578559e+01
268.270000,-8.37730093e+01,-5.23578557e+01
268.275000,-8.37730091e+01,-5.23578556e+01
268.280000,-8.37730090e+01,-5.23578554e+01
268.285000,-8.37730088e+01,-5.23578553e+01
268.290000,-8.37730087e+01,-5.23578551e+01
268.295000,-8.37730085e+01,-5.23578550e+01
268.300000,-8.37730084e+01,-5.23578548e+01
268.305000,-8.37730082e+01,-5.23578547e+01
268.310000,-8.37730081e+01,-5.23578545e+01
268.315000,-8.37730079e+01,-5.23578544e+01
268.320000,-8.37730078e+01,-5.23578542e+01
268.325000,-8.37730076e+01,-5.23578541e+01
268.330000,-8.37730075e+01,-5.23578539e+01
268.335000,-8.37730073e+01,-5.23578538e+01
268.340000,-8.37730072e+01,-5.23578536e+01
268.345000,-8.37730070e+01,-5.23578535e+01
268.350000,-8.37730069e+01,-5.23578533e+01
268.355000,-8.37730067e+01,-5.23578532e+01
268.360000,-8.37730066e+01,-5.23578530e+01
268.365000,-8.37730064e+01,-5.23578529e+01
268.370000,-8.37730063e+01,-5.23578527e+01
268.375000,-8.37730061e+01,-5.23578526e+01
268.380000,-8.37730060e+01,-5.23578524e+01
268.385000,-8.37730058e+01,-5.23578523e+01
268.390000,-8.37730057e+01,-5.23578521e+01
268.395000,-8.37730055e+01,-5.23578520e+01
268.400000,-8.37730054e+01,-5.23578518e+01
268.405000,-8.37730052e+01,-5.23578517e+01
268.410000,-8.37730051e+01,-5.23578515e+01
268.415000,-8.37730049e+01,-5.23578514e+01
268.420000,-8.37730048e+01,-5.23578512e+01
268.425000,-8.37730046e+01,-5.23578511e+01
268.430000,-8.37730045e+01,-5.23578509e+01
268.435000,-8.37730043e+01,-5.23578508e+01
268.440000,-8.37730042e+01,-5.23578506e+01
268.445000,-8.37730040e+01,-5.23578505e+01
268.450000,-8.37730039e+01,-5.23578503e+01
268.455000,-8.37730037e+01,-5.23578502e+01
268.460000,-8.37730036e+01,-5.23578500e+01
268.465000,-8.37730034e+01,-5.23578499e+01
268.470000,-8.37730033e+01,-5.23578497e+01
268.475000,-8.37730031e+01,-5.23578496e+01
268.480000,-8.37730030e+01,-5.23578494e+01
268.485000,-8.37730028e+01,-5.23578493e+01
268.490000,-8.37730027e+01,-5.23578491e+01
268.495000,-8.37730025e+01,-5.23578490e+01
268.500000,-8.37730024e+01,-5.23578488e+01
268.505000,-8.37730022e+01,-5.23578487e+01
268.510000,-8.37730021e+01,-5.23578485e+01
268.515000,-8.37730019e+01,-5.23578484e+01
268.520000,-8.37730018e+01,-5.23578482e+01
268.525000,-8.37730016e+01,-5.23578481e+01
268.530000,-8.37730015e+01,-5.23578479e+01
268.535000,-8.37730013e+01,-5.23578478e+01
268.540000,-8.37730012e+01,-5.23578476e+01
268.545000,-8.37730010e+01,-5.23578475e+01
268.550000,-8.37730009e+01,-5.23578473e+01
268.555000,-8.37730007e+01,-5.23578472e+01
268.560000,-8.37730006e+01,-5.23578471e+01
268.565000,-8.37730005e+01,-5.23578469e+01
268.570000,-8.37730003e+01,-5.23578468e+01
268.575000,-8.37730002e+01,-5.23578466e+01
268.580000,-8.37730000e+01,-5.23578465e+01
268.585000,-8.37729999e+01,-5.23578463e+01
268.590000,-8.37729997e+01,-5.23578462e+01
268.595000,-8.37729996e+01,-5.23578460e+01
268.600000,-8.37729994e+01,-5.23578459e+01
268.605000,-8.37729993e+01,-5.23578457e+01
268.610000,-8.37729991e+01,-5.23578456e+01
268.615000,-8.37729990e+01,-5.23578454e+01
268.620000,-8.37729988e+01,-5.23578453e+01
268.625000,-8.37729987e+01,-5.23578451e+01
268.630000,-8.37729985e+01,-5.23578450e+01
268.635000,-8.37729984e+01,-5.23578448e+01
268.640000,-8.37729982e+01,-5.23578447e+01
268.645000,-8.37729981e+01,-5.23578445e+01
268.650000,-8.37729979e+01,-5.23578444e+01
268.655000,-8.37729978e+01,-5.23578442e+01
268.660000,-8.37729976e+01,-5.23578441e+01
268.665000,-8.37729975e+01,-5.23578440e+01
268.670000,-8.37729974e+01,-5.23578438e+01
268.675000,-8.37729972e+01,-5.23578437e+01
268.680000,-8.37729971e+01,-5.23578435e+01
268.685000,-8.37729969e+01,-5.23578434e+01
268.690000,-8.37729968e+01,-5.23578432e+01
268.695000,-8.37729966e+01,-5.23578431e+01
268.700000,-8.37729965e+01,-5.23578429e+01
268.705000,-8.37729963e+01,-5.23578428e+01
268.710000,-8.37729962e+01,-5.23578426e+01
268.715000,-8.37729960e+01,-5.23578425e+01
268.720000,-8.37729959e+01,-5.23578423e+01
268.725000,-8.37729957e+01,-5.23578422e+01
268.730000,-8.37729956e+01,-5.23578420e+01
268.735000,-8.37729954e+01,-5.23578419e+01
268.740000,-8.37729953e+01,-5.23578418e+01
268.745000,-8.37729952e+01,-5.23578416e+01
268.750000,-8.37729950e+01,-5.23578415e+01
268.755000,-8.37729949e+01,-5.23578413e+01
268.760000,-8.37729947e+01,-5.23578412e+01
268.765000,-8.37729946e+01,-5.23578410e+01
268.770000,-8.37729944e+01,-5.23578409e+01
268.775000,-8.37729943e+01,-5.23578407e+01
268.780000,-8.37729941e+01,-5.23578406e+01
268.785000,-8.37729940e+01,-5.23578404e+01
268.790000,-8.37729938e+01,-5.23578403e+01
268.795000,-8.37729937e+01,-5.23578402e+01
268.800000,-8.37729936e+01,-5.23578400e+01
268.805000,-8.37729934e+01,-5.23578399e+01
268.810000,-8.37729933e+01,-5.23578397e+01
268.815000,-8.37729931e+01,-5.23578396e+01
268.820000,-8.37729930e+01,-5.23578394e+01
268.825000,-8.37729928e+01,-5.23578393e+01
268.830000,-8.37729927e+01,-5.23578391e+01
268.835000,-8.37729925e+01,-5.23578390e+01
268.840000,-8.37729924e+01,-5.23578388e+01
268.845000,-8.37729923e+01,-5.23578387e+01
268.850000,-8.37729921e+01,-5.23578386e+01
268.855000,-8.37729920e+01,-5.23578384e+01
268.860000,-8.37729918e+01,-5.23578383e+01
268.865000,-8.37729917e+01,-5.23578381e+01
268.870000,-8.37729915e+01,-5.23578380e+01
268.875000,-8.37729914e+01,-5.23578378e+01
268.880000,-8.37729912e+01,-5.23578377e+01
268.885000,-8.37729911e+01,-5.23578375e+01
268.890000,-8.37729909e+01,-5.23578374e+01
268.895000,-8.37729908e+01,-5.23578373e+01
268.900000,-8.37729907e+01,-5.23578371e+01
268.905000,-8.37729905e+01,-5.23578370e+01
268.910000,-8.37729904e+01,-5.23578368e+01
268.915000,-8.37729902e+01,-5.23578367e+01
268.920000,-8.37729901e+01,-5.23578365e+01
268.925000,-8.37729899e+01,-5.23578364e+01
268.930000,-8.37729898e+01,-5.23578363e+01
268.935000,-8.37729897e+01,-5.23578361e+01
268.940000,-8.37729895e+01,-5.23578360e+01
268.945000,-8.37729894e+01,-5.23578358e+01
268.950000,-8.37729892e+01,-5.23578357e+01
268.955000,-8.37729891e+01,-5.23578355e+01
268.960000,-8.37729889e+01,-5.23578354e+01
268.965000,-8.37729888e+01,-5.23578352e+01
268.970000,-8.37729886e+01,-5.23578351e+01
268.975000,-8.37729885e+01,-5.23578350e+01
268.980000,-8.37729884e+01,-5.23578348e+01
268.985000,-8.37729882e+01,-5.23578347e+01
268.990000,-8.37729881e+01,-5.23578345e+01
268.995000,-8.37729879e+01,-5.23578344e+01
269.000000,-8.37729878e+01,-5.23578342e+01
269.005000,-8.37729876e+01,-5.23578341e+01
269.010000,-8.37729875e+01,-5.23578340e+01
269.015000,-8.37729874e+01,-5.23578338e+01
269.020000,-8.37729872e+01,-5.23578337e+01
269.025000,-8.37729871e+01,-5.23578335e+01
269.030000,-8.37729869e+01,-5.23578334e+01
269.035000,-8.37729868e+01,-5.23578332e+01
269.040000,-8.37729866e+01,-5.23578331e+01
269.045000,-8.37729865e+01,-5.23578330e+01
269.050000,-8.37729864e+01,-5.23578328e+01
269.055000,-8.37729862e+01,-5.23578327e+01
269.060000,-8.37729861e+01,-5.23578325e+01
269.065000,-8.37729859e+01,-5.23578324e+01
269.070000,-8.37729858e+01,-5.23578322e+01
269.075000,-8.37729857e+01,-5.23578321e+01
269.080000,-8.37729855e+01,-5.23578320e+01
269.085000,-8.37729854e+01,-5.23578318e+01
269.090000,-8.37729852e+01,-5.23578317e+01
269.095000,-8.37729851e+01,-5.23578315e+01
269.100000,-8.37729849e+01,-5.23578314e+01
269.105000,-8.37729848e+01,-5.23578313e+01
269.110000,-8.37729847e+01,-5.23578311e+01
269.115000,-8.37729845e+01,-5.23578310e+01
269.120000,-8.37729844e+01,-5.23578308e+01
269.125000,-8.37729842e+01,-5.23578307e+01
269.130000,-8.37729841e+01,-5.23578305e+01
269.135000,-8.37729840e+01,-5.23578304e+01
269.140000,-8.37729838e+01,-5.23578303e+01
269.145000,-8.37729837e+01,-5.23578301e+01
269.150000,-8.37729835e+01,-5.23578300e+01
269.155000,-8.37729834e+01,-5.23578298e+01
269.160000,-8.37729832e+01,-5.23578297e+01
269.165000,-8.37729831e+01,-5.23578296e+01
269.170000,-8.37729830e+01,-5.23578294e+01
269.175000,-8.37729828e+01,-5.23578293e+01
269.180000,-8.37729827e+01,-5.23578291e+01
269.185000,-8.37729825e+01,-5.23578290e+01
269.190000,-8.37729824e+01,-5.23578289e+01
269.195000,-8.37729823e+01,-5.23578287e+01
269.200000,-8.37729821e+01,-5.23578286e+01
269.205000,-8.37729820e+01,-5.23578284e+01
269.210000,-8.37729818e+01,-5.23578283e+01
269.215000,-8.37729817e+01,-5.23578282e+01
