time,axis_x,axis_y,axis_z
0.00999999978,1,4.25772366e-12,-6.35888534e-06
0.0199999996,1,1.04675328e-11,-2.52333191e-05
0.0299999993,0.999999997,1.43257971e-11,-7.28818163e-05
0.0399999991,0.999999987,1.76915887e-11,-0.000158277742
0.0499999989,0.999999961,2.33094789e-11,-0.000279525178
0.0599999987,0.999999907,2.90945934e-11,-0.000431313102
0.0699999984,0.999999814,3.370595e-11,-0.000609176252
0.0799999982,0.999999672,3.69080413e-11,-0.0008098919
0.089999998,0.999999469,3.89585054e-11,-0.00103087183
0.0999999978,0.999999194,4.01399857e-11,-0.00126983249
0.109999998,0.999998838,4.10819227e-11,-0.00152476477
0.119999997,0.999998391,4.22156318e-11,-0.00179384148
0.129999997,0.999997846,4.24311154e-11,-0.00207536898
0.139999997,0.999997196,4.17668675e-11,-0.00236807816
0.149999997,0.999996433,4.08572617e-11,-0.00267084751
0.159999996,0.999995552,3.9401913e-11,-0.00298261432
0.169999996,0.999994547,3.74235504e-11,-0.00330242401
0.179999996,0.999993414,3.51250814e-11,-0.00362943741
0.189999996,0.999992148,3.26673168e-11,-0.00396291521
0.199999996,0.999990745,3.01373559e-11,-0.00430220147
0.209999995,0.999989204,2.7584925e-11,-0.00464671188
0.219999995,0.99998752,2.50459645e-11,-0.00499592529
0.229999995,0.999985692,2.22853373e-11,-0.00534937689
0.239999995,0.999983717,1.91085006e-11,-0.00570665148
0.249999994,0.999981593,1.60648506e-11,-0.00606737826
0.259999994,0.999979319,1.33775029e-11,-0.00643123196
0.269999994,0.999976894,1.15771908e-11,-0.00679792971
0.279999994,0.999974315,1.07147786e-11,-0.00716720527
0.289999994,0.999971583,9.87764351e-12,-0.00753879841
0.299999993,0.999968696,8.66146425e-12,-0.0079124841
0.309999993,0.999965654,7.53368039e-12,-0.00828801308
0.319999993,0.999962457,6.7395042e-12,-0.00866515703
0.329999993,0.999959103,4.82885559e-12,-0.00904386612
0.339999992,0.999955592,1.26212237e-12,-0.00942414306
0.349999992,0.999951922,-3.21974406e-12,-0.00980578675
0.359999992,0.999948095,-8.33349581e-12,-0.0101886237
0.369999992,0.999944109,-1.41944613e-11,-0.0105725479
0.379999992,0.999939965,-2.02112278e-11,-0.0109574922
0.389999991,0.999935661,-2.58988803e-11,-0.0113434304
0.399999991,0.999931198,-3.06265061e-11,-0.0117302513
0.409999991,0.999926576,-3.44456954e-11,-0.0121178303
0.419999991,0.999921796,-3.86716073e-11,-0.0125061017
0.42999999,0.999916856,-4.51602096e-11,-0.012895035
0.43999999,0.999911756,-5.50583541e-11,-0.0132846091
0.44999999,0.999906496,-6.4702463e-11,-0.0136747545
0.45999999,0.999901077,-7.2619967e-11,-0.014065414
0.469999989,0.999895499,-7.98755687e-11,-0.0144565162
0.479999989,0.999889762,-8.70627058e-11,-0.0148480304
0.489999989,0.999883865,-9.39424424e-11,-0.0152399319
0.499999989,0.99987781,-1.0141321e-10,-0.0156321798
0.509999989,0.999871596,-1.0958566e-10,-0.0160247281
0.519999988,0.999865225,-1.18003656e-10,-0.0164174493
0.529999988,0.999858698,-1.26576616e-10,-0.0168102371
0.539999988,0.999852013,-1.35731378e-10,-0.0172032547
0.549999988,0.999845168,-1.45582351e-10,-0.0175965946
0.559999987,0.999838163,-1.56377322e-10,-0.0179902345
0.569999987,0.999830997,-1.6712611e-10,-0.0183841477
0.579999987,0.999823674,-1.76706244e-10,-0.0187782249
0.589999987,0.999816191,-1.84896582e-10,-0.0191724908
0.599999987,0.999808548,-1.92230895e-10,-0.0195669945
0.609999986,0.999800744,-1.99832208e-10,-0.0199617853
0.619999986,0.99979278,-2.09099904e-10,-0.0203567691
0.629999986,0.999784657,-2.18501065e-10,-0.0207518374
0.639999986,0.999776377,-2.26114161e-10,-0.0211470245
0.649999985,0.999767937,-2.32901265e-10,-0.0215423197
0.659999985,0.999759341,-2.38778154e-10,-0.0219376258
0.669999985,0.999750591,-2.44221479e-10,-0.022332839
0.679999985,0.999741685,-2.49746321e-10,-0.0227280081
0.689999985,0.999732623,-2.55371573e-10,-0.0231231993
0.699999984,0.999723403,-2.61062075e-10,-0.0235184664
0.709999984,0.999714025,-2.67369355e-10,-0.0239137586
0.719999984,0.999704492,-2.74110559e-10,-0.0243090053
0.729999984,0.9996948,-2.79578212e-10,-0.0247044044
0.739999983,0.999684936,-2.82559766e-10,-0.0251003779
0.749999983,0.999674908,-2.83540678e-10,-0.0254966393
0.759999983,0.999664721,-2.82912882e-10,-0.0258929576
0.769999983,0.999654377,-2.82247866e-10,-0.0262892739
0.779999983,0.999643878,-2.83302953e-10,-0.0266855341
0.789999982,0.999633223,-2.86592831e-10,-0.0270817245
0.799999982,0.999622411,-2.8944356e-10,-0.0274779125
0.809999982,0.999611442,-2.91880868e-10,-0.027874087
0.819999982,0.999600317,-2.94517462e-10,-0.0282702269
0.829999981,0.999589037,-2.97736649e-10,-0.0286663021
0.839999981,0.999577603,-3.01624223e-10,-0.0290622771
0.849999981,0.999566014,-3.0580361e-10,-0.0294581688
0.859999981,0.99955427,-3.10149198e-10,-0.0298539885
0.869999981,0.999542373,-3.13737184e-10,-0.0302497174
0.87999998,0.999530322,-3.15706631e-10,-0.0306453259
0.88999998,0.999518117,-3.17687216e-10,-0.0310408285
0.89999998,0.999505757,-3.19756114e-10,-0.0314363264
0.90999998,0.999493234,-3.22729535e-10,-0.0318319974
0.919999979,0.999480551,-3.27396165e-10,-0.0322277551
0.929999979,0.999467711,-3.32537495e-10,-0.0326235253
0.939999979,0.999454715,-3.38301247e-10,-0.03301929
0.949999979,0.999441561,-3.45092227e-10,-0.0334150495
0.959999979,0.999428251,-3.51407327e-10,-0.033810807
0.969999978,0.999414785,-3.57237379e-10,-0.0342065429
0.979999978,0.999401161,-3.63104821e-10,-0.034602307
0.989999978,0.999387375,-3.68529607e-10,-0.034998223
0.999999978,0.999373426,-3.7331121e-10,-0.0353942816
1.00999998,0.999359317,-3.76616058e-10,-0.0357904276
1.01999998,0.999345048,-3.78228586e-10,-0.0361866589
1.02999998,0.999330621,-3.79469544e-10,-0.0365829181
1.03999998,0.999316041,-3.80909759e-10,-0.0369790638
1.04999998,0.999301313,-3.81899239e-10,-0.0373749333
1.05999998,0.999286434,-3.81816429e-10,-0.0377706597
1.06999998,0.9992714,-3.80805535e-10,-0.0381663262
1.07999998,0.999256212,-3.7833031e-10,-0.0385619365
1.08999998,0.99924087,-3.76075764e-10,-0.038957467
1.09999998,0.999225374,-3.74169581e-10,-0.0393529273
1.10999998,0.999209723,-3.72945752e-10,-0.0397483312
1.11999997,0.999193918,-3.71934869e-10,-0.0401436744
1.12999997,0.99917796,-3.68822287e-10,-0.0405389247
1.13999997,0.999161846,-3.64067543e-10,-0.04093417
1.14999997,0.999145571,-3.58057833e-10,-0.0413295125
1.15999997,0.999129137,-3.52253483e-10,-0.0417249026
1.16999997,0.999112545,-3.46451938e-10,-0.0421203422
1.17999997,0.999095791,-3.39510064e-10,-0.0425158765
1.18999997,0.999078877,-3.31185286e-10,-0.0429115109
1.19999997,0.999061804,-3.22884789e-10,-0.0433071727
1.20999997,0.999044576,-3.15105521e-10,-0.043702809
1.21999997,0.999027193,-3.07181397e-10,-0.0440983802
1.22999997,0.999009657,-2.98390955e-10,-0.0444938848
1.23999997,0.998991965,-2.89813343e-10,-0.044889346
1.24999997,0.998974118,-2.82043825e-10,-0.0452847895
1.25999997,0.998956111,-2.75616814e-10,-0.0456802829
1.26999997,0.998937943,-2.70345151e-10,-0.0460758689
1.27999997,0.998919616,-2.63995819e-10,-0.0464715046
1.28999997,0.998901131,-2.56324061e-10,-0.0468671584
1.29999997,0.998882487,-2.47831563e-10,-0.0472628588
1.30999997,0.998863681,-2.3825063e-10,-0.0476586545
1.31999997,0.998844717,-2.27633464e-10,-0.0480544701
1.32999997,0.998825595,-2.16605179e-10,-0.0484502954
1.33999997,0.998806314,-2.05842422e-10,-0.0488461507
1.34999997,0.998786882,-1.94612323e-10,-0.0492419061
1.35999997,0.998767306,-1.827743e-10,-0.0496373666
1.36999997,0.998747584,-1.72374659e-10,-0.0500326285
1.37999997,0.998727714,-1.62482606e-10,-0.0504276973
1.38999997,0.998707693,-1.53213596e-10,-0.0508226746
1.39999997,0.998687517,-1.44749509e-10,-0.0512176135
1.40999997,0.998667188,-1.36692474e-10,-0.0516124782
1.41999997,0.998646708,-1.28849648e-10,-0.0520072361
1.42999997,0.998626072,-1.21501726e-10,-0.0524019972
1.43999997,0.998605278,-1.14210958e-10,-0.0527967647
1.44999997,0.998584329,-1.06736083e-10,-0.0531915266
1.45999997,0.998563223,-9.91236565e-11,-0.0535862795
1.46999997,0.998541959,-9.10576511e-11,-0.0539810696
1.47999997,0.998520533,-8.1009217e-11,-0.0543759628
1.48999997,0.998498947,-6.85351017e-11,-0.0547709093
1.49999997,0.998477205,-5.57933735e-11,-0.0551658418
1.50999997,0.998455311,-4.36757272e-11,-0.0555607024
1.51999997,0.998433259,-3.32924684e-11,-0.0559555851
1.52999997,0.998411046,-2.40373103e-11,-0.0563505467
1.53999997,0.998388675,-1.39472232e-11,-0.0567455185
1.54999997,0.998366142,-3.1938815e-12,-0.0571405937
1.55999997,0.998343446,7.59702985e-12,-0.0575357684
1.56999996,0.998320586,1.76469135e-11,-0.0579310559
1.57999996,0.998297563,2.76468415e-11,-0.0583264594
1.58999996,0.998274377,3.73885547e-11,-0.0587219502
1.59999996,0.998251025,4.59246775e-11,-0.0591176107
1.60999996,0.9982275,5.45868076e-11,-0.0595135047
1.61999996,0.998203807,6.15367829e-11,-0.0599095881
1.62999996,0.998179948,6.76515941e-11,-0.060305817
1.63999996,0.998155922,7.33877438e-11,-0.0607021838
1.64999996,0.998131727,7.9481409e-11,-0.0610987342
1.65999996,0.998107359,8.65966194e-11,-0.0614955263
1.66999996,0.998082825,9.2998869e-11,-0.061892441
1.67999996,0.998058134,9.83348495e-11,-0.062289328
1.68999996,0.99803329,1.02594481e-10,-0.0626861467
1.69999996,0.998008288,1.05397376e-10,-0.0630829371
1.70999996,0.99798313,1.07334063e-10,-0.063479706
1.71999996,0.997957814,1.07083293e-10,-0.0638764554
1.72999996,0.997932335,1.0288901e-10,-0.0642732766
1.73999996,0.997906685,9.76108634e-11,-0.0646703061
1.74999996,0.99788087,9.38114657e-11,-0.0650674159
1.75999996,0.997854894,9.17357161e-11,-0.065464567
1.76999996,0.997828753,9.06870728e-11,-0.0658618207
1.77999996,0.997802439,8.86030147e-11,-0.0662592824
1.78999996,0.99777594,8.64006808e-11,-0.0666571332
1.79999996,0.997749265,8.50744617e-11,-0.0670552268
1.80999996,0.997722422,8.46434717e-11,-0.06745345
1.81999996,0.997695412,8.44647647e-11,-0.067851781
1.82999996,0.997668235,8.40235723e-11,-0.0682502287
1.83999996,0.997640891,8.37691331e-11,-0.0686487602
1.84999996,0.997613384,8.37956522e-11,-0.0690473468
1.85999996,0.997585714,8.39437003e-11,-0.0694459745
1.86999996,0.997557881,8.40764546e-11,-0.0698446363
1.87999996,0.997529887,8.41395794e-11,-0.0702433266
1.88999996,0.99750173,8.41190868e-11,-0.0706420396
1.89999996,0.997473413,8.39235913e-11,-0.0710407686
1.90999996,0.997444934,8.36911966e-11,-0.0714395102
1.91999996,0.997416292,8.38538252e-11,-0.0718382881
1.92999996,0.997387487,8.40765351e-11,-0.0722371193
1.93999996,0.997358522,8.44646446e-11,-0.0726359253
1.94999996,0.997329405,8.52394936e-11,-0.0730346303
1.95999996,0.997300135,8.60351304e-11,-0.0734332376
1.96999996,0.997270714,8.76251531e-11,-0.0738317225
1.97999996,0.997241141,9.03573372e-11,-0.0742300939
1.98999996,0.997211417,9.38431292e-11,-0.0746283496
1.99999996,0.99718154,9.82244349e-11,-0.0750264978
2.00999996,0.997151506,1.03335313e-10,-0.0754246302
2.01999995,0.997121301,1.08922647e-10,-0.0758228972
2.02999995,0.997090935,1.12549129e-10,-0.0762211797
2.03999995,0.997060416,1.11964224e-10,-0.0766193594
2.04999995,0.997029744,1.11595708e-10,-0.0770174575
2.05999995,0.996998916,1.13740841e-10,-0.0774155095
2.06999995,0.996967927,1.17070318e-10,-0.0778135751
2.07999995,0.996936771,1.2044123e-10,-0.0782117237
2.08999995,0.996905452,1.23746553e-10,-0.0786099231
2.09999995,0.99687397,1.27119481e-10,-0.0790081472
2.10999995,0.996842328,1.29984198e-10,-0.0794063797
2.11999995,0.996810526,1.31543578e-10,-0.0798046026
2.12999995,0.996778565,1.32587433e-10,-0.0802028177
2.13999995,0.996746444,1.3348901e-10,-0.0806010314
2.14999995,0.996714162,1.34371147e-10,-0.0809992591
2.15999995,0.996681717,1.35415727e-10,-0.0813975157
2.16999995,0.996649112,1.36487178e-10,-0.0817957731
2.17999995,0.996616347,1.3758903e-10,-0.0821940218
2.18999995,0.996583424,1.39185487e-10,-0.082592241
2.19999995,0.996550336,1.41394619e-10,-0.082990525
2.20999995,0.996517061,1.43260669e-10,-0.083389127
2.21999995,0.996483603,1.45038072e-10,-0.0837879976
2.22999995,0.996449959,1.4765761e-10,-0.0841871721
2.23999995,0.996416132,1.51663605e-10,-0.0845865983
2.24999995,0.996382129,1.57208042e-10,-0.0849861923
2.25999995,0.996347958,1.63888678e-10,-0.0853858671
2.26999995,0.996313624,1.71037389e-10,-0.0857855616
2.27999995,0.996279128,1.78091633e-10,-0.0861852603
2.28999995,0.99624447,1.84971704e-10,-0.0865849596
2.29999995,0.99620965,1.92033152e-10,-0.0869846752
2.30999995,0.996174663,2.00573935e-10,-0.0873844378
2.31999995,0.996139512,2.11465759e-10,-0.0877842443
2.32999995,0.996104193,2.23257747e-10,-0.0881841039
2.33999995,0.996068708,2.34724428e-10,-0.0885840181
2.34999995,0.996033058,2.46013777e-10,-0.0889839699
2.35999995,0.995997242,2.58075245e-10,-0.0893839713
2.36999995,0.995961261,2.70003061e-10,-0.0897839976
2.37999995,0.995925114,2.80341362e-10,-0.0901840711
2.38999995,0.995888797,2.88161115e-10,-0.0905842388
2.39999995,0.99585231,2.96494303e-10,-0.0909844882
2.40999995,0.995815646,3.08245377e-10,-0.0913848933
2.41999995,0.995778804,3.22867574e-10,-0.091785479
2.42999995,0.995741789,3.36847845e-10,-0.0921861717
2.43999995,0.995704604,3.51148977e-10,-0.0925869373
2.44999995,0.995667253,3.66502373e-10,-0.09298775
2.45999995,0.995629735,3.81955833e-10,-0.0933885959
2.46999994,0.995592045,3.96514259e-10,-0.0937895543
2.47999994,0.995554168,4.09792273e-10,-0.094190753
2.48999994,0.995516114,4.22892418e-10,-0.0945921116
2.49999994,0.995477887,4.35842033e-10,-0.0949935609
2.50999994,0.995439491,4.48580504e-10,-0.0953950749
2.51999994,0.995400925,4.61011742e-10,-0.0957966497
2.52999994,0.99536219,4.73636728e-10,-0.0961982874
2.53999994,0.99532328,4.87772017e-10,-0.0966000378
2.54999994,0.995284184,5.0311047e-10,-0.0970020245
2.55999994,0.995244897,5.1807249e-10,-0.097404283
2.56999994,0.995205434,5.32190525e-10,-0.0978066645
2.57999994,0.995165805,5.44831873e-10,-0.0982090691
2.58999994,0.995126008,5.56501163e-10,-0.0986114987
2.59999994,0.995086046,5.6827882e-10,-0.0990139431
2.60999994,0.995045919,5.80242694e-10,-0.099416396
2.61999994,0.995005625,5.91966511e-10,-0.0998188659
2.62999994,0.994965164,6.03049555e-10,-0.100221369
2.63999994,0.994924537,6.14120115e-10,-0.100623884
2.64999994,0.994883746,6.26165673e-10,-0.101026392
2.65999994,0.994842792,6.38330475e-10,-0.101428883
2.66999994,0.99480166,6.50341355e-10,-0.101831514
2.67999994,0.994760324,6.62180905e-10,-0.102234522
2.68999994,0.994718803,6.73337305e-10,-0.102637723
2.69999994,0.99467711,6.84195954e-10,-0.103040992
2.70999994,0.99463525,6.94840691e-10,-0.10344428
2.71999994,0.994593223,7.04817915e-10,-0.103847582
2.72999994,0.994551029,7.14117566e-10,-0.1042509
2.73999994,0.994508669,7.22869312e-10,-0.104654229
2.74999994,0.994466142,7.30691284e-10,-0.105057572
2.75999994,0.994423439,7.38077943e-10,-0.105461011
2.76999994,0.994380548,7.47307287e-10,-0.105864656
2.77999994,0.994337476,7.57927132e-10,-0.106268454
2.78999994,0.994294224,7.69443112e-10,-0.106672377
2.79999994,0.9942508,7.81882564e-10,-0.10707636
2.80999994,0.99420721,7.95676292e-10,-0.107480343
2.81999994,0.994163453,8.10647054e-10,-0.107884329
2.82999994,0.994119536,8.27370988e-10,-0.108288261
2.83999994,0.994075454,8.4430362e-10,-0.108692186
2.84999994,0.994031202,8.60845911e-10,-0.109096143
2.85999994,0.99398678,8.77856628e-10,-0.109500146
2.86999994,0.993942177,8.97088032e-10,-0.109904273
2.87999994,0.993897395,9.18234582e-10,-0.11030851
2.88999994,0.993852443,9.38859344e-10,-0.11071279
2.89999994,0.993807316,9.58720799e-10,-0.111117142
2.90999993,0.993762007,9.77592178e-10,-0.111521624
2.91999993,0.993716522,9.96229708e-10,-0.111926202
2.92999993,0.993670859,1.01517149e-09,-0.112330866
2.93999993,0.993625019,1.03459101e-09,-0.112735631
2.94999993,0.993578999,1.05273803e-09,-0.113140501
2.95999993,0.993532797,1.06858815e-09,-0.113545506
2.96999993,0.993486412,1.0843694e-09,-0.113950646
2.97999993,0.993439845,1.10083373e-09,-0.114355915
2.98999993,0.993393095,1.11751626e-09,-0.11476131
2.99999993,0.993346165,1.13394218e-09,-0.11516682
3.00999993,0.993299049,1.15019423e-09,-0.115572482
3.01999993,0.99325174,1.16658678e-09,-0.115978365
3.02999993,0.993204244,1.18284833e-09,-0.116384404
3.03999993,0.993156567,1.19895488e-09,-0.116790549
3.04999993,0.993108712,1.21495507e-09,-0.117196782
3.05999993,0.993060658,1.23086272e-09,-0.117603269
3.06999993,0.993012375,1.24625755e-09,-0.118010269
3.07999993,0.992963883,1.261362e-09,-0.118417593
3.08999993,0.992915207,1.27712946e-09,-0.118825046
3.09999993,0.992866356,1.29202458e-09,-0.119232544
3.10999993,0.992817318,1.30675157e-09,-0.119640183
3.11999993,0.992768097,1.32230183e-09,-0.120047931
3.12999993,0.992718704,1.33932852e-09,-0.120455695
3.13999993,0.99266914,1.35811727e-09,-0.120863473
3.14999993,0.992619403,1.37690644e-09,-0.121271272
3.15999993,0.992569489,1.39500746e-09,-0.121679127
3.16999993,0.992519399,1.41403288e-09,-0.122087033
3.17999993,0.992469135,1.43500638e-09,-0.122494964
3.18999993,0.992418702,1.45786747e-09,-0.122902885
3.19999993,0.992368097,1.48019824e-09,-0.123310824
3.20999993,0.992317319,1.50177463e-09,-0.123718787
3.21999993,0.992266366,1.52359083e-09,-0.124126784
3.22999993,0.992215236,1.54631676e-09,-0.124534832
3.23999993,0.992163927,1.56871942e-09,-0.124942959
3.24999993,0.992112431,1.5907201e-09,-0.1253512
3.25999993,0.99206075,1.61231312e-09,-0.125759566
3.26999993,0.992008875,1.63347154e-09,-0.126168107
3.27999993,0.991956814,1.65389664e-09,-0.12657677
3.28999993,0.991904547,1.67445355e-09,-0.126985709
3.29999993,0.991852039,1.69549076e-09,-0.127395185
3.30999993,0.991799321,1.71562534e-09,-0.127804956
3.31999993,0.991746406,1.73416357e-09,-0.128214921
3.32999993,0.9916933,1.7512746e-09,-0.128625028
3.33999993,0.991640007,1.7691118e-09,-0.129035251
3.34999993,0.991586494,1.78791708e-09,-0.129445837
3.35999992,0.991532711,1.80777489e-09,-0.129857167
3.36999992,0.991478681,1.82931163e-09,-0.130269052
3.37999992,0.991424422,1.85160664e-09,-0.130681348
3.38999992,0.991369956,1.87259271e-09,-0.131093895
3.39999992,0.991315292,1.89173906e-09,-0.131506623
3.40999992,0.991260433,1.90947121e-09,-0.1319195
3.41999992,0.991205385,1.92646353e-09,-0.132332481
3.42999992,0.991150154,1.94290225e-09,-0.132745515
3.43999992,0.991094739,1.95899436e-09,-0.133158618
3.44999992,0.991039134,1.97478432e-09,-0.133571838
3.45999992,0.990983336,1.99020328e-09,-0.133985174
3.46999992,0.99092735,2.00520364e-09,-0.13439861
3.47999992,0.990871178,2.02061474e-09,-0.13481212
3.48999992,0.990814838,2.03676424e-09,-0.135225578
3.49999992,0.990758313,2.05338935e-09,-0.135639099
3.50999992,0.990701582,2.07053375e-09,-0.136052839
3.51999992,0.990644658,2.08891418e-09,-0.136466708
3.52999992,0.990587547,2.10620432e-09,-0.136880649
3.53999992,0.990530244,2.12161535e-09,-0.137294702
3.54999992,0.990472742,2.13854606e-09,-0.137708924
3.55999992,0.990415045,2.15648716e-09,-0.138123274
3.56999992,0.990357158,2.17458953e-09,-0.138537719
3.57999992,0.990299086,2.19306164e-09,-0.138952221
3.58999992,0.990240831,2.21188348e-09,-0.139366769
3.59999992,0.990182393,2.23083465e-09,-0.139781358
3.60999992,0.990123773,2.2497307e-09,-0.140195983
3.61999992,0.990064969,2.26863558e-09,-0.140610661
3.62999992,0.990005969,2.28900995e-09,-0.141025466
3.63999992,0.989946766,2.31097462e-09,-0.141440449
3.64999992,0.989887363,2.33187657e-09,-0.141855591
3.65999992,0.989827753,2.35420884e-09,-0.142270937
3.66999992,0.989767928,2.3783605e-09,-0.142686539
3.67999992,0.98970789,2.40363557e-09,-0.143102381
3.68999992,0.989647666,2.42802618e-09,-0.143518284
3.69999992,0.989587262,2.45076559e-09,-0.143934192
3.70999992,0.989526679,2.47290803e-09,-0.1443501
3.71999992,0.989465917,2.49547604e-09,-0.144766017
3.72999992,0.989404969,2.516755e-09,-0.145181977
3.73999992,0.98934384,2.53705129e-09,-0.145597962
3.74999992,0.98928253,2.55668985e-09,-0.146013956
3.75999992,0.989221033,2.57676587e-09,-0.146430013
3.76999992,0.989159336,2.59816286e-09,-0.146846206
3.77999992,0.989097454,2.6189654e-09,-0.147262441
3.78999992,0.989035392,2.63946246e-09,-0.147678686
3.79999992,0.988973122,2.66231956e-09,-0.148095117
3.80999991,0.988910644,2.68712468e-09,-0.148511745
3.81999991,0.988847966,2.71123768e-09,-0.148928504
3.82999991,0.988785092,2.73448725e-09,-0.14934538
3.83999991,0.988722026,2.75633138e-09,-0.149762328
3.84999991,0.988658775,2.77681964e-09,-0.150179316
3.85999991,0.98859534,2.79660503e-09,-0.150596328
3.86999991,0.988531722,2.81592587e-09,-0.151013362
3.87999991,0.988467918,2.83476508e-09,-0.151430427
3.88999991,0.988403928,2.85304317e-09,-0.151847537
3.89999991,0.988339743,2.87020378e-09,-0.152264742
3.90999991,0.988275349,2.88581755e-09,-0.152682134
3.91999991,0.988210763,2.90068786e-09,-0.153099599
3.92999991,0.988145996,2.91498591e-09,-0.153517072
3.93999991,0.988081041,2.92870648e-09,-0.153934582
3.94999991,0.988015901,2.94117293e-09,-0.154352126
3.95999991,0.987950578,2.9520738e-09,-0.154769684
3.96999991,0.987885074,2.96234125e-09,-0.155187241
3.97999991,0.987819395,2.97241216e-09,-0.155604762
3.98999991,0.987753546,2.98203791e-09,-0.15602222
3.99999991,0.987687509,2.99165831e-09,-0.156439716
4.00999991,0.98762125,3.00264338e-09,-0.156857474
4.01999991,0.987554756,3.01618917e-09,-0.157275565
4.02999991,0.987488051,3.02920526e-09,-0.157693845
4.03999991,0.987421153,3.04244693e-09,-0.158112196
4.04999991,0.987354059,3.05630542e-09,-0.158530636
4.05999991,0.987286754,3.07044974e-09,-0.158949256
4.06999991,0.987219248,3.0839489e-09,-0.159367988
4.07999991,0.987151553,3.09629509e-09,-0.159786768
4.08999991,0.987083612,3.10665458e-09,-0.160205938
4.09999991,0.987015347,3.1162285e-09,-0.160625977
4.10999991,0.986946812,3.12583336e-09,-0.161046544
4.11999991,0.986878052,3.13536283e-09,-0.161467369
4.12999991,0.986809094,3.14443776e-09,-0.16188827
4.13999991,0.986739968,3.1529934e-09,-0.162309074
4.14999991,0.986670661,3.16146245e-09,-0.162729855
4.15999991,0.986601167,3.17023375e-09,-0.163150656
4.16999991,0.986531466,3.17916293e-09,-0.163571596
4.17999991,0.986461527,3.18831105e-09,-0.163992853
4.18999991,0.986391324,3.19785708e-09,-0.164414585
4.19999991,0.986320873,3.20816786e-09,-0.164836693
4.20999991,0.986250206,3.21849304e-09,-0.16525898
4.21999991,0.98617934,3.22876848e-09,-0.165681348
4.22999991,0.986108274,3.23900449e-09,-0.166103797
4.23999991,0.986037014,3.24788642e-09,-0.166526295
4.24999991,0.985965561,3.25560584e-09,-0.166948833
4.2599999,0.985893916,3.26250323e-09,-0.167371401
4.2699999,0.98582208,3.26845298e-09,-0.167793998
4.2799999,0.985750051,3.27348706e-09,-0.168216634
4.2899999,0.98567783,3.27761138e-09,-0.168639303
4.2999999,0.98560542,3.2806218e-09,-0.169061987
4.3099999,0.985532828,3.28234575e-09,-0.169484643
4.3199999,0.985460058,3.28341338e-09,-0.169907252
4.3299999,0.985387082,3.28350504e-09,-0.170329968
4.3399999,0.985313875,3.28258081e-09,-0.170752942
4.3499999,0.985240448,3.2821266e-09,-0.171176107
4.3599999,0.985166811,3.28226018e-09,-0.1715994
4.3699999,0.985092973,3.28220848e-09,-0.172022771
4.3799999,0.985018937,3.28149932e-09,-0.172446206
4.3899999,0.9849447,3.28089592e-09,-0.172869712
4.3999999,0.984870267,3.28046912e-09,-0.173293268
4.4099999,0.984795642,3.28001407e-09,-0.173716847
4.4199999,0.984720827,3.27928318e-09,-0.174140439
4.4299999,0.984645822,3.27767828e-09,-0.174564046
4.4399999,0.984570628,3.27436582e-09,-0.174987653
4.4499999,0.984495241,3.26918499e-09,-0.175411287
4.4599999,0.984419645,3.26278356e-09,-0.175835045
4.4699999,0.984343814,3.25628659e-09,-0.176259057
4.4799999,0.984267749,3.25007782e-09,-0.176683329
4.4899999,0.984191463,3.24453261e-09,-0.177107774
4.4999999,0.98411496,3.23924855e-09,-0.177532378
4.5099999,0.984038238,3.23297483e-09,-0.17795715
4.5199999,0.983961293,3.22635785e-09,-0.178382101
4.5299999,0.98388414,3.21983167e-09,-0.178807156
4.5399999,0.983806788,3.21355774e-09,-0.179232265
4.5499999,0.983729226,3.2070907e-09,-0.179657477
4.5599999,0.98365144,3.20035197e-09,-0.180082881
4.5699999,0.983573435,3.19315964e-09,-0.180508446
4.5799999,0.983495207,3.18573805e-09,-0.180934181
4.5899999,0.983416771,3.17905195e-09,-0.181360013
4.5999999,0.983338104,3.17315161e-09,-0.181786063
4.6099999,0.983259132,3.16903947e-09,-0.182212731
4.6199999,0.98317984,3.1686766e-09,-0.182640091
4.6299999,0.983100278,3.16915333e-09,-0.183067865
4.6399999,0.983020472,3.16912594e-09,-0.183495915
4.6499999,0.982940433,3.16765397e-09,-0.183924182
4.6599999,0.982860169,3.16668477e-09,-0.184352621
4.6699999,0.982779679,3.16692767e-09,-0.18478123
4.6799999,0.982698962,3.16813905e-09,-0.185210015
4.6899999,0.982618023,3.16962616e-09,-0.185638951
4.69999989,0.982536865,3.17130701e-09,-0.186068024
4.70999989,0.982455492,3.17307645e-09,-0.186497203
4.71999989,0.982373909,3.17490284e-09,-0.186926465
4.72999989,0.982292119,3.17678127e-09,-0.187355794
4.73999989,0.982210124,3.17870446e-09,-0.187785177
4.74999989,0.982127926,3.18066127e-09,-0.188214603
4.75999989,0.982045528,3.18264021e-09,-0.188644061
4.76999989,0.98196293,3.18463087e-09,-0.189073543
4.77999989,0.981880134,3.18662388e-09,-0.18950304
4.78999989,0.981797142,3.18861074e-09,-0.189932545
4.79999989,0.98171394,3.19049725e-09,-0.190362128
4.80999989,0.981630503,3.19228889e-09,-0.190791916
4.81999989,0.981546844,3.19433725e-09,-0.191221842
4.82999989,0.981462977,3.19668495e-09,-0.191651831
4.83999989,0.981378897,3.19941901e-09,-0.192081912
4.84999989,0.981294589,3.20267192e-09,-0.192512154
4.85999989,0.98121007,3.20616598e-09,-0.192942476
4.86999989,0.981125347,3.20973595e-09,-0.193372837
4.87999989,0.981040419,3.2135006e-09,-0.193803239
4.88999989,0.980955278,3.21741948e-09,-0.194233731
4.89999989,0.980869906,3.22115537e-09,-0.194664396
4.90999989,0.980784321,3.22442571e-09,-0.195095145
4.91999989,0.980698527,3.22590078e-09,-0.195525956
4.92999989,0.980612521,3.22587185e-09,-0.195956843
4.93999989,0.980526294,3.22766876e-09,-0.19638785
4.94999989,0.980439819,3.23300049e-09,-0.196819106
4.95999989,0.980353111,3.23970254e-09,-0.197250544
4.96999989,0.980266187,3.24626841e-09,-0.197682074
4.97999989,0.980179051,3.25283878e-09,-0.198113675
4.98999989,0.980091715,3.25764387e-09,-0.198545285
4.99999989,0.980004192,3.25983561e-09,-0.198976841
5.00999989,0.979916487,3.26213165e-09,-0.199408323
5.01999989,0.979828604,3.26597713e-09,-0.199839701
5.02999989,0.97974052,3.27123638e-09,-0.200271101
5.03999989,0.979652188,3.27706526e-09,-0.200702743
5.04999989,0.979563591,3.28154961e-09,-0.201134707
5.05999989,0.979474763,3.28434368e-09,-0.201566837
5.06999989,0.979385726,3.28674257e-09,-0.201999008
5.07999989,0.979296493,3.2893694e-09,-0.202431171
5.08999989,0.979207067,3.29245791e-09,-0.202863303
5.09999989,0.979117442,3.29551834e-09,-0.203295438
5.10999989,0.979027611,3.29733575e-09,-0.203727603
5.11999989,0.978937568,3.29718358e-09,-0.204159832
5.12999989,0.978847301,3.29623758e-09,-0.204592185
5.13999989,0.978756805,3.29537162e-09,-0.205024673
5.14999988,0.978666081,3.29434775e-09,-0.2054573
5.15999988,0.978575143,3.29424488e-09,-0.205889996
5.16999988,0.978484,3.29442997e-09,-0.206322711
5.17999988,0.978392649,3.29317707e-09,-0.206755472
5.18999988,0.978301077,3.29241648e-09,-0.207188327
5.19999988,0.978209267,3.29232857e-09,-0.207621363
5.20999988,0.978117217,3.29197662e-09,-0.208054584
5.21999988,0.97802492,3.29263136e-09,-0.208488024
5.22999988,0.977932387,3.29440041e-09,-0.208921626
5.23999988,0.977839625,3.2959098e-09,-0.209355363
5.24999988,0.977746629,3.29532657e-09,-0.20978925
5.25999988,0.977653407,3.29490041e-09,-0.210223254
5.26999988,0.977559967,3.29538968e-09,-0.210657332
5.27999988,0.977466311,3.29717053e-09,-0.211091473
5.28999988,0.97737244,3.3005033e-09,-0.211525683
5.29999988,0.977278353,3.30377605e-09,-0.211959949
5.30999988,0.977184057,3.30641736e-09,-0.212394252
5.31999988,0.977089553,3.30809336e-09,-0.212828581
5.32999988,0.976994839,3.30863562e-09,-0.213262945
5.33999988,0.976899884,3.30949747e-09,-0.21369749
5.34999988,0.976804627,3.31111136e-09,-0.214132484
5.35999988,0.976709057,3.3130443e-09,-0.214567981
5.36999988,0.976613202,3.31591381e-09,-0.215003847
5.37999988,0.976517096,3.31922323e-09,-0.215439926
5.38999988,0.976420747,3.32318741e-09,-0.215876179
5.39999988,0.976324158,3.32951289e-09,-0.216312595
5.40999988,0.976227335,3.33673591e-09,-0.216749143
5.41999988,0.976130277,3.34399145e-09,-0.217185824
5.42999988,0.976032926,3.35080766e-09,-0.2176229
5.43999988,0.975935209,3.35667844e-09,-0.218060696
5.44999988,0.975837176,3.36406833e-09,-0.218498982
5.45999988,0.975738869,3.3758817e-09,-0.218937572
5.46999988,0.97564031,3.3882019e-09,-0.219376355
5.47999988,0.97554148,3.40017576e-09,-0.219815424
5.48999988,0.975442334,3.41345948e-09,-0.220254971
5.49999988,0.975342905,3.42672529e-09,-0.220694854
5.50999988,0.975243221,3.43944361e-09,-0.221134935
5.51999988,0.975143281,3.4518865e-09,-0.221575226
5.52999988,0.975043065,3.46481738e-09,-0.222015813
5.53999988,0.974942585,3.47737035e-09,-0.22245664
5.54999988,0.974841851,3.48878979e-09,-0.222897658
5.55999988,0.974740872,3.49930878e-09,-0.223338829
5.56999988,0.97463965,3.50917235e-09,-0.223780144
5.57999988,0.974538181,3.51840558e-09,-0.224221616
5.58999988,0.974436468,3.52707306e-09,-0.224663236
5.59999987,0.974334518,3.53498714e-09,-0.22510497
5.60999987,0.974232336,3.54281904e-09,-0.22554679
5.61999987,0.974129918,3.55081681e-09,-0.225988724
5.62999987,0.974027246,3.55912484e-09,-0.226430837
5.63999987,0.973924326,3.56795421e-09,-0.226873107
5.64999987,0.973821181,3.57650936e-09,-0.227315437
5.65999987,0.97371783,3.58377049e-09,-0.22775774
5.66999987,0.973614269,3.59043442e-09,-0.228200033
5.67999987,0.9735105,3.59789388e-09,-0.228642312
5.68999987,0.973406526,3.60626796e-09,-0.22908456
5.69999987,0.973302346,3.61446351e-09,-0.229526783
5.70999987,0.973197954,3.62168289e-09,-0.229969002
5.71999987,0.973093303,3.62928174e-09,-0.230411421
5.72999987,0.97298832,3.63749928e-09,-0.230854347
5.73999987,0.972883065,3.64729249e-09,-0.231297517
5.74999987,0.97277756,3.65983696e-09,-0.231740843
5.75999987,0.972671786,3.67515143e-09,-0.232184401
5.76999987,0.972565787,3.69159407e-09,-0.232628007
5.77999987,0.972459569,3.70825234e-09,-0.233071632
5.78999987,0.972353122,3.72521834e-09,-0.233515321
5.79999987,0.972246451,3.74244268e-09,-0.233959052
5.80999987,0.972139535,3.760553e-09,-0.234402912
5.81999987,0.972032337,3.77932065e-09,-0.234847048
5.82999987,0.971924888,3.79547197e-09,-0.235291333
5.83999987,0.971817181,3.80973248e-09,-0.235735797
5.84999987,0.971709212,3.82556844e-09,-0.236180456
5.85999987,0.971601008,3.84236038e-09,-0.236625191
5.86999987,0.971492583,3.85880624e-09,-0.237069951
5.87999987,0.971383927,3.87495266e-09,-0.237514771
5.88999987,0.971275029,3.89020362e-09,-0.237959699
5.89999987,0.971165894,3.90461379e-09,-0.238404711
5.90999987,0.971056528,3.9191911e-09,-0.238849784
5.91999987,0.970946888,3.93504114e-09,-0.23929509
5.92999987,0.970836915,3.95199225e-09,-0.23974087
5.93999987,0.970726666,3.968652e-09,-0.240186887
5.94999987,0.970616192,3.9850182e-09,-0.240632932
5.95999987,0.970505493,4.00070778e-09,-0.241079006
5.96999987,0.970394564,4.01570698e-09,-0.241525133
5.97999987,0.970283382,4.03010362e-09,-0.2419714
5.98999987,0.970171907,4.04457292e-09,-0.242417967
5.99999987,0.970060147,4.060314e-09,-0.2428648
6.00999987,0.969948132,4.07659452e-09,-0.243311776
6.01999987,0.969835872,4.09234234e-09,-0.243758861
6.02999987,0.969723338,4.10756749e-09,-0.244206159
6.03999986,0.969610511,4.12206194e-09,-0.244653748
6.04999986,0.969497396,4.13553214e-09,-0.24510161
6.05999986,0.969383966,4.14925048e-09,-0.245549847
6.06999986,0.969270259,4.16150172e-09,-0.245998303
6.07999986,0.969156298,4.17090053e-09,-0.246446892
6.08999986,0.969042086,4.18011601e-09,-0.246895595
6.09999986,0.968927633,4.19061651e-09,-0.24734438
6.10999986,0.968812943,4.20201636e-09,-0.247793223
6.11999986,0.968698021,4.21360808e-09,-0.248242109
6.12999986,0.968582864,4.22484433e-09,-0.248691044
6.13999986,0.968467471,4.23540768e-09,-0.249140035
6.14999986,0.968351832,4.2445767e-09,-0.249589121
6.15999986,0.968235924,4.25122771e-09,-0.250038389
6.16999986,0.96811976,4.25721289e-09,-0.250487784
6.17999986,0.968003352,4.26386434e-09,-0.250937265
6.18999986,0.967886701,4.27058744e-09,-0.251386821
6.19999986,0.967769795,4.27652342e-09,-0.251836504
6.20999986,0.967652616,4.28262367e-09,-0.252286373
6.21999986,0.967535193,4.28952018e-09,-0.252736327
6.22999986,0.967417521,4.29660194e-09,-0.253186376
6.23999986,0.967299586,4.30364653e-09,-0.253636573
6.24999986,0.967181406,4.30963873e-09,-0.25408685
6.25999986,0.96706298,4.31417915e-09,-0.254537214
6.26999986,0.966944313,4.31757447e-09,-0.254987638
6.27999986,0.966825397,4.32123409e-09,-0.255438156
6.28999986,0.966706208,4.32615689e-09,-0.255888857
6.29999986,0.966586739,4.3302621e-09,-0.256339767
6.30999986,0.966467007,4.33376008e-09,-0.256790817
6.31999986,0.96634703,4.33768078e-09,-0.257241942
6.32999986,0.966226804,4.34200842e-09,-0.257693158
6.33999986,0.966106315,4.34631729e-09,-0.258144511
6.34999986,0.965985575,4.35043128e-09,-0.258595957
6.35999986,0.965864593,4.35430241e-09,-0.259047462
6.36999986,0.965743376,4.35761085e-09,-0.259499
6.37999986,0.965621931,4.36006939e-09,-0.259950547
6.38999986,0.965500247,4.36266293e-09,-0.260402137
6.39999986,0.965378316,4.3661883e-09,-0.260853803
6.40999986,0.965256153,4.37058707e-09,-0.261305488
6.41999986,0.965133762,4.3756231e-09,-0.26175718
6.42999986,0.965011142,4.38030513e-09,-0.262208878
6.43999986,0.964888243,4.38469016e-09,-0.262660765
6.44999986,0.96476498,4.38947547e-09,-0.263113156
6.45999986,0.964641392,4.39480276e-09,-0.263565903
6.46999986,0.964517517,4.4007499e-09,-0.264018861
6.47999986,0.964393352,4.40714996e-09,-0.264472045
6.48999985,0.96426891,4.41358066e-09,-0.264925403
6.49999985,0.964144133,4.41942944e-09,-0.265379146
6.50999985,0.964018962,4.4230736e-09,-0.265833485
6.51999985,0.963893462,4.42714812e-09,-0.266288179
6.52999985,0.96376766,4.43242065e-09,-0.266743132
6.53999985,0.96364153,4.43770004e-09,-0.267198429
6.54999985,0.963515082,4.44205251e-09,-0.267654044
6.55999985,0.96338834,4.4458778e-09,-0.268109876
6.56999985,0.963261309,4.45089778e-09,-0.268565914
6.57999985,0.963133967,4.45739155e-09,-0.269022234
6.58999985,0.963006336,4.46464551e-09,-0.269478749
6.59999985,0.962878433,4.47257122e-09,-0.269935407
6.60999985,0.962750254,4.48075779e-09,-0.270392212
6.61999985,0.962621795,4.48894694e-09,-0.270849182
6.62999985,0.962493033,4.49685926e-09,-0.271306399
6.63999985,0.962363931,4.50221827e-09,-0.271763986
6.64999985,0.962234438,4.50410658e-09,-0.272222127
6.65999985,0.962104549,4.50590408e-09,-0.272680834
6.66999985,0.961974209,4.5081123e-09,-0.273140295
6.67999985,0.961843439,4.51147963e-09,-0.273600435
6.68999985,0.961712175,4.5160982e-09,-0.274061476
6.69999985,0.961580339,4.52307585e-09,-0.274523682
6.70999985,0.961448022,4.53106312e-09,-0.274986728
6.71999985,0.961315317,4.53958963e-09,-0.275450287
6.72999985,0.961182256,4.54818206e-09,-0.275914247
6.73999985,0.961048818,4.5569687e-09,-0.276378671
6.74999985,0.96091495,4.56635955e-09,-0.276843744
6.75999985,0.96078066,4.5764325e-09,-0.277309438
6.76999985,0.960646,4.58680364e-09,-0.27777556
6.77999985,0.960511008,4.59730578e-09,-0.278241987
6.78999985,0.960375698,4.60739114e-09,-0.278708662
6.79999985,0.960240077,4.61748135e-09,-0.279175562
6.80999985,0.960104134,4.62669691e-09,-0.279642722
6.81999985,0.959967842,4.63402427e-09,-0.280110233
6.82999985,0.959831216,4.64177841e-09,-0.280578039
6.83999985,0.959694276,4.65166926e-09,-0.281046075
6.84999985,0.959557008,4.6634882e-09,-0.281514383
6.85999985,0.959419401,4.67553991e-09,-0.281983
6.86999985,0.959281489,4.68758133e-09,-0.28245181
6.87999985,0.959143292,4.69934216e-09,-0.282920741
6.88999985,0.959004788,4.70895746e-09,-0.283389867
6.89999985,0.958865956,4.71601297e-09,-0.28385926
6.90999985,0.958726811,4.72320076e-09,-0.284328862
6.91999985,0.958587375,4.73171488e-09,-0.284798603
6.92999985,0.958447626,4.74084607e-09,-0.285268553
6.93999984,0.958307516,4.74983588e-09,-0.285738875
6.94999984,0.958167072,4.75892909e-09,-0.286209471
6.95999984,0.958026329,4.76819907e-09,-0.286680228
6.96999984,0.957885293,4.77827263e-09,-0.28715112
6.97999984,0.957743958,4.78998982e-09,-0.287622167
6.98999984,0.957602338,4.80221294e-09,-0.288093322
6.99999984,0.957460445,4.81442824e-09,-0.288564544
7.00999984,0.957318261,4.82611873e-09,-0.289035892
7.01999984,0.957175739,4.83733785e-09,-0.289507521
7.02999984,0.957032883,4.84992222e-09,-0.289979416
7.03999984,0.956889726,4.86382169e-09,-0.290451463
7.04999984,0.956746289,4.87839981e-09,-0.290923595
7.05999984,0.956602577,4.89315407e-09,-0.291395796
7.06999984,0.956458553,4.90708476e-09,-0.291868185
7.07999984,0.956314172,4.91888953e-09,-0.292340906
7.08999984,0.95616939,4.92983714e-09,-0.2928141
7.09999984,0.956024123,4.94160889e-09,-0.293288045
7.10999984,0.955878428,4.95503544e-09,-0.293762541
7.11999984,0.955732303,4.97121052e-09,-0.294237599
7.12999984,0.955585718,4.98939217e-09,-0.294713311
7.13999984,0.955438709,5.00632769e-09,-0.295189554
7.14999984,0.95529135,5.0216283e-09,-0.295666089
7.15999984,0.955143646,5.03542258e-09,-0.296142897
7.16999984,0.954995507,5.04655509e-09,-0.296620263
7.17999984,0.954846887,5.05429167e-09,-0.297098337
7.18999984,0.954697857,5.06006904e-09,-0.297576883
7.19999984,0.954548438,5.06397927e-09,-0.298055833
7.20999984,0.954398689,5.06757629e-09,-0.298534994
7.21999984,0.954248634,5.07091163e-09,-0.299014288
7.22999984,0.954098263,5.07445517e-09,-0.299493747
7.23999984,0.953947584,5.07750739e-09,-0.299973345
7.24999984,0.95379659,5.0798456e-09,-0.3004531
7.25999984,0.953645255,5.08186471e-09,-0.300933096
7.26999984,0.953493555,5.08315672e-09,-0.301413406
7.27999984,0.953341497,5.08439506e-09,-0.301894003
7.28999984,0.953189065,5.08582455e-09,-0.302374945
7.29999984,0.953036278,5.08690734e-09,-0.302856158
7.30999984,0.952883098,5.08811413e-09,-0.303337767
7.31999984,0.952729469,5.08900701e-09,-0.303819944
7.32999984,0.952575446,5.08957409e-09,-0.304302513
7.33999984,0.952421085,5.09007917e-09,-0.304785298
7.34999984,0.952266405,5.09061207e-09,-0.305268232
7.35999984,0.952111389,5.09086428e-09,-0.305751374
7.36999984,0.951955999,5.09142104e-09,-0.306234837
7.37999984,0.951800254,5.09134579e-09,-0.306718563
7.38999983,0.951644041,5.08875403e-09,-0.307202897
7.39999983,0.951487218,5.08385153e-09,-0.307688273
7.40999983,0.951329937,5.0792373e-09,-0.308174222
7.41999983,0.95117229,5.07582536e-09,-0.308660451
7.42999983,0.951014277,5.07420049e-09,-0.309146964
7.43999983,0.950855834,5.07541865e-09,-0.309633951
7.44999983,0.950696891,5.0791713e-09,-0.310121625
7.45999983,0.950537471,5.08302069e-09,-0.31060991
7.46999983,0.950377692,5.08760443e-09,-0.311098446
7.47999983,0.950217574,5.09202071e-09,-0.311587167
7.48999983,0.950057105,5.09547307e-09,-0.312076108
7.49999983,0.949896293,5.09775966e-09,-0.312565246
7.50999983,0.949735141,5.09919322e-09,-0.313054567
7.51999983,0.949573655,5.09999958e-09,-0.313544054
7.52999983,0.949411839,5.10050392e-09,-0.314033693
7.53999983,0.949249631,5.10018458e-09,-0.31452367
7.54999983,0.949086921,5.09876666e-09,-0.315014313
7.55999983,0.948923796,5.09626456e-09,-0.315505355
7.56999983,0.948760326,5.09257325e-09,-0.315996589
7.57999983,0.948596531,5.0874778e-09,-0.316487947
7.58999983,0.948432383,5.0815596e-09,-0.316979517
7.59999983,0.948267837,5.07516613e-09,-0.31747143
7.60999983,0.948102942,5.06792541e-09,-0.317963538
7.61999983,0.947937706,5.05959174e-09,-0.318455815
7.62999983,0.947772089,5.05168381e-09,-0.318948376
7.63999983,0.947606096,5.04421567e-09,-0.31944121
7.64999983,0.947439766,5.03766725e-09,-0.319934196
7.65999983,0.947273118,5.03172666e-09,-0.320427276
7.66999983,0.947106165,5.02697323e-09,-0.320920415
7.67999983,0.946938921,5.02421791e-09,-0.321413564
7.68999983,0.946771392,5.02137071e-09,-0.321906713
7.69999983,0.946603566,5.01769208e-09,-0.322399888
7.70999983,0.946435435,5.01336609e-09,-0.32289312
7.71999983,0.946267017,5.00845645e-09,-0.323386353
7.72999983,0.946098321,5.00295155e-09,-0.323879555
7.73999983,0.945929285,4.99577257e-09,-0.324372914
7.74999983,0.945759797,4.98616733e-09,-0.324866752
7.75999983,0.945589877,4.97648794e-09,-0.325361005
7.76999983,0.945419537,4.96721175e-09,-0.325855642
7.77999983,0.945248802,4.95936109e-09,-0.326350583
7.78999983,0.945077659,4.9522207e-09,-0.326845862
7.79999983,0.944906152,4.943391e-09,-0.327341358
7.80999983,0.944734273,4.93351054e-09,-0.327837085
7.81999983,0.944561977,4.92244536e-09,-0.328333171
7.82999982,0.944389255,4.90942645e-09,-0.328829644
7.83999982,0.944216096,4.89669763e-09,-0.32932653
7.84999982,0.944042493,4.88617984e-09,-0.32982385
7.85999982,0.943868427,4.87754155e-09,-0.330321651
7.86999982,0.943693944,4.86826917e-09,-0.3308198
7.87999982,0.943519051,4.8592002e-09,-0.331318276
7.88999982,0.943343777,4.84866658e-09,-0.331816995
7.89999982,0.943168132,4.83571797e-09,-0.332315926
7.90999982,0.942992111,4.82240905e-09,-0.332815081
7.91999982,0.942815636,4.8094654e-09,-0.33331468
7.92999982,0.942638663,4.79631768e-09,-0.333814844
7.93999982,0.942461288,4.78228511e-09,-0.3343153
7.94999982,0.94228357,4.76731648e-09,-0.33481588
7.95999982,0.942105487,4.75146788e-09,-0.335316645
7.96999982,0.941926984,4.73489342e-09,-0.335817744
7.97999982,0.941748084,4.71821263e-09,-0.336319114
7.98999982,0.941568795,4.70168783e-09,-0.336820731
7.99999982,0.941389156,4.68559511e-09,-0.337322482
8.00999982,0.941209186,4.67091449e-09,-0.337824316
8.01999982,0.941028894,4.65753909e-09,-0.338326206
8.02999982,0.940848238,4.64596004e-09,-0.338828264
8.03999982,0.94066716,4.63673105e-09,-0.339330657
8.04999982,0.940485716,4.62779915e-09,-0.339833221
8.05999982,0.940303935,4.61938686e-09,-0.340335879
8.06999982,0.940121805,4.61239388e-09,-0.340838658
8.07999982,0.939939323,4.6063654e-09,-0.341341574
8.08999982,0.939756468,4.60111088e-09,-0.341844675
8.09999982,0.939573266,4.59616909e-09,-0.342347891
8.10999982,0.939389727,4.59137664e-09,-0.342851194
8.11999982,0.93920587,4.58666287e-09,-0.343354532
8.12999982,0.939021705,4.58195824e-09,-0.343857874
8.13999982,0.938837211,4.57720211e-09,-0.344361281
8.14999982,0.938652332,4.57133726e-09,-0.344864901
8.15999982,0.938467074,4.5635336e-09,-0.345368717
8.16999982,0.938281306,4.5558786e-09,-0.345873085
8.17999982,0.938094792,4.54816569e-09,-0.346378639
8.18999982,0.937907716,4.53926678e-09,-0.346884875
8.19999982,0.937720213,4.52909192e-09,-0.347391426
8.20999982,0.937532276,4.51791132e-09,-0.347898307
8.21999982,0.937343825,4.50631143e-09,-0.348405732
8.22999982,0.937154851,4.49539419e-09,-0.348913721
8.23999982,0.936965398,4.48463792e-09,-0.349422155
8.24999982,0.936775506,4.47467342e-09,-0.349930924
8.25999982,0.936585225,4.4654062e-09,-0.35043989
8.26999982,0.936394576,4.45650839e-09,-0.350948996
8.27999981,0.936203559,4.4485066e-09,-0.351458241
8.28999981,0.936012145,4.44156589e-09,-0.351967704
8.29999981,0.935820329,4.43523379e-09,-0.352477392
8.30999981,0.935628092,4.42890989e-09,-0.352987355
8.31999981,0.935435371,4.42212279e-09,-0.353497762
8.32999981,0.935242239,4.41552606e-09,-0.354008409
8.33999981,0.935048748,4.40916589e-09,-0.354519166
8.34999981,0.934854907,4.4029268e-09,-0.355030004
8.35999981,0.934660688,4.39650958e-09,-0.355540993
8.36999981,0.934466043,4.38964481e-09,-0.356052264
8.37999981,0.934270917,4.3838186e-09,-0.356563953
8.38999981,0.934075246,4.38070827e-09,-0.357076231
8.39999981,0.933879137,4.37975205e-09,-0.357588811
8.40999981,0.933682673,4.37774603e-09,-0.358101476
8.41999981,0.933485838,4.37524377e-09,-0.358614264
8.42999981,0.933288573,4.37294068e-09,-0.359127331
8.43999981,0.933090898,4.37114344e-09,-0.359640621
8.44999981,0.932892694,4.3705489e-09,-0.36015444
8.45999981,0.932693781,4.3700653e-09,-0.360669254
8.46999981,0.93249429,4.36762847e-09,-0.361184715
8.47999981,0.93229434,4.36404228e-09,-0.361700516
8.48999981,0.932093975,4.35994239e-09,-0.36221654
8.49999981,0.931893202,4.35550447e-09,-0.362732766
8.50999981,0.931692029,4.35086586e-09,-0.363249176
8.51999981,0.931490453,4.34637341e-09,-0.36376577
8.52999981,0.931288494,4.34174265e-09,-0.364282501
8.53999981,0.931086134,4.33775149e-09,-0.364799412
8.54999981,0.930883284,4.33591017e-09,-0.365316727
8.55999981,0.930679919,4.33441132e-09,-0.365834511
8.56999981,0.930476085,4.33098694e-09,-0.366352637
8.57999981,0.930271834,4.32611685e-09,-0.366870978
8.58999981,0.930067152,4.32143583e-09,-0.367389566
8.59999981,0.929861996,4.31850122e-09,-0.367908506
8.60999981,0.929656408,4.31534229e-09,-0.368427691
8.61999981,0.929450417,4.31113654e-09,-0.368947045
8.62999981,0.929243961,4.30537714e-09,-0.369466725
8.63999981,0.929036948,4.29763372e-09,-0.369986959
8.64999981,0.92882945,4.28838924e-09,-0.370507561
8.65999981,0.928621527,4.27768904e-09,-0.37102838
8.66999981,0.928413201,4.26524487e-09,-0.371549363
8.67999981,0.928204461,4.25074743e-09,-0.372070528
8.68999981,0.927995291,4.23391633e-09,-0.372591921
8.69999981,0.927785708,4.21499542e-09,-0.373113494
8.70999981,0.927575742,4.19526198e-09,-0.373635175
8.71999981,0.927365402,4.17482215e-09,-0.374156933
8.7299998,0.927154697,4.15332195e-09,-0.374678753
8.7399998,0.926943622,4.13068885e-09,-0.375200641
8.7499998,0.926732146,4.10741835e-09,-0.375722677
8.7599998,0.926520241,4.08443578e-09,-0.376244924
8.7699998,0.926307878,4.05997734e-09,-0.376767456
8.7799998,0.926094944,4.03239894e-09,-0.377290544
8.7899998,0.925881358,4.00439452e-09,-0.377814388
8.7999998,0.925667234,3.97640195e-09,-0.3783387
8.8099998,0.925452659,3.94969209e-09,-0.378863268
8.8199998,0.925237638,3.92440968e-09,-0.379388078
8.8299998,0.925022161,3.89948334e-09,-0.37991315
8.8399998,0.924806259,3.87452811e-09,-0.38043841
8.8499998,0.924589925,3.84955692e-09,-0.38096387
8.8599998,0.924373105,3.82439464e-09,-0.381489662
8.8699998,0.924155804,3.79906736e-09,-0.382015772
8.8799998,0.923938068,3.77425859e-09,-0.382542084
8.8899998,0.923719892,3.74961801e-09,-0.383068612
8.8999998,0.92350124,3.72304535e-09,-0.383595439
8.9099998,0.923282074,3.69499889e-09,-0.384122653
8.9199998,0.923062418,3.66807694e-09,-0.384650195
8.9299998,0.922842324,3.64139827e-09,-0.385177939
8.9399998,0.922621811,3.61392108e-09,-0.385705839
8.9499998,0.922400873,3.58661794e-09,-0.386233906
8.9599998,0.922179512,3.55955275e-09,-0.386762133
8.9699998,0.921957735,3.53104573e-09,-0.387290505
8.9799998,0.921735449,3.50043797e-09,-0.387819239
8.9899998,0.921512543,3.47151508e-09,-0.388348597
8.9999998,0.921289149,3.44463593e-09,-0.388878263
9.0099998,0.921065285,3.41836302e-09,-0.389408192
9.0199998,0.92084086,3.39171608e-09,-0.389938598
9.0299998,0.920615928,3.36668543e-09,-0.390469351
9.0399998,0.920390537,3.34320246e-09,-0.391000333
9.0499998,0.920164685,3.32100447e-09,-0.391531547
9.0599998,0.919938344,3.30181315e-09,-0.392063061
9.0699998,0.91971146,3.28534638e-09,-0.392594996
9.0799998,0.919483962,3.27187619e-09,-0.393127516
9.0899998,0.919255944,3.26064551e-09,-0.3936604
9.0999998,0.919027399,3.25033918e-09,-0.394193657
9.1099998,0.918798273,3.24004777e-09,-0.394727417
9.1199998,0.918568651,3.23194284e-09,-0.395261475
9.1299998,0.918338592,3.22728573e-09,-0.395795692
9.1399998,0.918108114,3.22534928e-09,-0.396330028
9.1499998,0.917877145,3.22362611e-09,-0.396864646
9.1599998,0.917645586,3.21973955e-09,-0.397399771
9.1699998,0.917413514,3.21629786e-09,-0.397935226
9.17999979,0.917180951,3.21166649e-09,-0.398470957
9.18999979,0.916947789,3.20527532e-09,-0.399007209
9.19999979,0.916713798,3.20106335e-09,-0.399544507
9.20999979,0.916478952,3.20102814e-09,-0.400082904
9.21999979,0.916243445,3.2035554e-09,-0.400621954
9.22999979,0.916007381,3.20680657e-09,-0.401161411
9.23999979,0.915770793,3.20987062e-09,-0.4017012
9.24999979,0.915533676,3.21339213e-09,-0.402241332
9.25999979,0.91529604,3.21864916e-09,-0.402781776
9.26999979,0.915057876,3.22461945e-09,-0.403322555
9.27999979,0.914819135,3.23009916e-09,-0.403863778
9.28999979,0.914579882,3.23514335e-09,-0.404405291
9.29999979,0.914340112,3.23967801e-09,-0.404947106
9.30999979,0.914099748,3.2433938e-09,-0.405489396
9.31999979,0.913858799,3.24730539e-09,-0.406032135
9.32999979,0.91361724,3.2507868e-09,-0.406575378
9.33999979,0.913375119,3.25361016e-09,-0.407119014
9.34999979,0.913132495,3.25707835e-09,-0.407662908
9.35999979,0.912889395,3.2609717e-09,-0.408206997
9.36999979,0.912645742,3.26427642e-09,-0.408751453
9.37999979,0.912401421,3.26714459e-09,-0.409296526
9.38999979,0.912156543,3.27003403e-09,-0.409841971
9.39999979,0.911911134,3.27286511e-09,-0.410387724
9.40999979,0.911665152,3.27654434e-09,-0.410933875
9.41999979,0.911418543,3.28101688e-09,-0.411480547
9.42999979,0.911171331,3.28593352e-09,-0.412027676
9.43999979,0.910923582,3.29094724e-09,-0.412575119
9.44999979,0.910675345,3.29599071e-09,-0.413122762
9.45999979,0.910426639,3.30093279e-09,-0.413670563
9.46999979,0.910177471,3.30566044e-09,-0.414218506
9.47999979,0.909927853,3.30944914e-09,-0.414766564
9.48999979,0.909677773,3.31136558e-09,-0.415314759
9.49999979,0.909427176,3.31228836e-09,-0.415863212
9.50999979,0.909176033,3.31418366e-09,-0.416411986
9.51999979,0.908924395,3.31721709e-09,-0.416960962
9.52999979,0.90867229,3.32131901e-09,-0.417510083
9.53999979,0.908419704,3.32678011e-09,-0.418059374
9.54999979,0.908166587,3.33365314e-09,-0.418608946
9.55999979,0.907912811,3.34153611e-09,-0.419159072
9.56999979,0.907658399,3.35082855e-09,-0.419709698
9.57999979,0.907403397,3.35954147e-09,-0.420260722
9.58999979,0.907147835,3.36695558e-09,-0.420812079
9.59999979,0.90689176,3.37265157e-09,-0.421363663
9.60999979,0.906635202,3.37754363e-09,-0.421915407
9.61999978,0.906378151,3.38209164e-09,-0.422467333
9.62999978,0.906120581,3.38666694e-09,-0.423019495
9.63999978,0.905862479,3.39120994e-09,-0.423571917
9.64999978,0.905603839,3.39495909e-09,-0.424124613
9.65999978,0.905344749,3.39912021e-09,-0.42467739
9.66999978,0.905085219,3.40338142e-09,-0.425230227
9.67999978,0.904825186,3.40694154e-09,-0.425783258
9.68999978,0.90456467,3.4111636e-09,-0.426336438
9.69999978,0.904303728,3.41680967e-09,-0.426889643
9.70999978,0.904042384,3.42327598e-09,-0.427442823
9.71999978,0.903780628,3.42979514e-09,-0.427996
9.72999978,0.903518419,3.43542029e-09,-0.428549258
9.73999978,0.903255676,3.44084262e-09,-0.429102767
9.74999978,0.902992332,3.44697308e-09,-0.429656664
9.75999978,0.902728331,3.4513684e-09,-0.430211066
9.76999978,0.902463653,3.45420167e-09,-0.430766011
9.77999978,0.902198352,3.45631194e-09,-0.431321382
9.78999978,0.901932517,3.46033203e-09,-0.431876989
9.79999978,0.901666192,3.46622958e-09,-0.432432743
9.80999978,0.901399387,3.47311015e-09,-0.432988619
9.81999978,0.901132107,3.48052993e-09,-0.433544606
9.82999978,0.900864246,3.48587704e-09,-0.434100922
9.83999978,0.900595607,3.48792307e-09,-0.434657973
9.84999978,0.900326287,3.49295111e-09,-0.435215552
9.85999978,0.90005639,3.50160076e-09,-0.435773445
9.86999978,0.899785928,3.51302068e-09,-0.436331621
9.87999978,0.899514858,3.52580804e-09,-0.43689017
9.88999978,0.899243137,3.53899915e-09,-0.437449176
9.89999978,0.898970817,3.55308503e-09,-0.438008528
9.90999978,0.8986979,3.56723027e-09,-0.43856822
9.91999978,0.898424407,3.58115973e-09,-0.439128209
9.92999978,0.898150361,3.59509455e-09,-0.439688445
9.93999978,0.897875788,3.60986712e-09,-0.440248872
9.94999978,0.897600714,3.62516777e-09,-0.440809435
9.95999978,0.897325081,3.64082127e-09,-0.441370252
9.96999978,0.897048788,3.65626148e-09,-0.441931524
9.97999978,0.896771921,3.67144556e-09,-0.442493076
9.98999978,0.896494525,3.68651822e-09,-0.443054811
9.99999978,0.896216582,3.70291673e-09,-0.443616769
10.0099998,0.89593802,3.72144608e-09,-0.444179091
10.0199998,0.895658653,3.73722496e-09,-0.444742147
10.0299998,0.895378442,3.74871384e-09,-0.445306014
10.0399998,0.895097545,3.76014641e-09,-0.445870368
10.0499998,0.89481607,3.77196597e-09,-0.446434991
10.0599998,0.894534061,3.78393925e-09,-0.446999791
10.0699998,0.894251503,3.79561083e-09,-0.4475648
10.0799998,0.893968315,3.80685788e-09,-0.448130173
10.0899998,0.893684469,3.81729166e-09,-0.448695966
10.0999998,0.893399978,3.82591481e-09,-0.44926215
10.1099998,0.89311483,3.83245709e-09,-0.449828746
10.1199998,0.892829057,3.83711878e-09,-0.450395688
10.1299998,0.892542655,3.83886833e-09,-0.45096298
10.1399998,0.892255627,3.83895857e-09,-0.451530615
10.1499998,0.891967903,3.83795255e-09,-0.452098729
10.1599998,0.891679547,3.83673136e-09,-0.452667192
10.1699998,0.891390545,3.835453e-09,-0.453236028
10.1799998,0.891100912,3.83453371e-09,-0.453805206
10.1899998,0.89081066,3.83425942e-09,-0.4543747
10.1999998,0.890519685,3.8352078e-09,-0.454944711
10.2099998,0.89022799,3.8373972e-09,-0.455515232
10.2199998,0.889935677,3.8394689e-09,-0.456086056
10.2299998,0.889642781,3.84120418e-09,-0.456657117
10.2399998,0.889349221,3.8428548e-09,-0.457228569
10.2499998,0.889054953,3.84446038e-09,-0.457800493
10.2599998,0.888760036,3.84599285e-09,-0.458372772
10.2699998,0.888464494,3.84704791e-09,-0.45894536
10.2799998,0.888168367,3.84831e-09,-0.459518174
10.2899998,0.887871648,3.84950826e-09,-0.460091227
10.2999998,0.887574365,3.84851382e-09,-0.460664462
10.3099998,0.887276411,3.84383634e-09,-0.461238084
10.3199998,0.886977498,3.83485111e-09,-0.461812645
10.3299998,0.886677699,3.82439423e-09,-0.462387996
10.3399998,0.886377219,3.81319767e-09,-0.462963741
10.3499998,0.886076116,3.79975709e-09,-0.463539769
10.3599998,0.885774363,3.78281541e-09,-0.464116126
10.3699998,0.885472016,3.76490626e-09,-0.464692704
10.3799998,0.885169117,3.7468949e-09,-0.465269421
10.3899998,0.884865635,3.7287452e-09,-0.465846336
10.3999998,0.884561508,3.71063094e-09,-0.466423562
10.4099998,0.884256818,3.69304549e-09,-0.467000941
10.4199998,0.883951507,3.67797602e-09,-0.467578585
10.4299998,0.883645426,3.66606354e-09,-0.468156769
10.4399998,0.883338698,3.65410628e-09,-0.46873526
10.4499998,0.883031378,3.64059162e-09,-0.469313952
10.4599998,0.882723463,3.62602889e-09,-0.469892848
10.4699998,0.882415005,3.61112581e-09,-0.470471847
10.4799998,0.882106059,3.59552671e-09,-0.471050848
10.4899998,0.881796647,3.57897695e-09,-0.471629805
10.4999998,0.881486784,3.56142643e-09,-0.472208694
10.5099998,0.881176468,3.54311528e-09,-0.472787513
10.5199998,0.880865691,3.52457781e-09,-0.473366279
10.5299998,0.880554456,3.50563757e-09,-0.473944986
10.5399998,0.88024272,3.48597474e-09,-0.474523714
10.5499998,0.879930458,3.46531061e-09,-0.475102503
10.5599998,0.879617699,3.44410833e-09,-0.475681304
10.5699998,0.8793044,3.42246447e-09,-0.476260193
10.5799998,0.878990555,3.4004702e-09,-0.47683918
10.5899998,0.87867609,3.37807483e-09,-0.4774184
10.5999998,0.878360963,3.35644664e-09,-0.477997927
10.6099998,0.87804511,3.33482834e-09,-0.478577877
10.6199998,0.877728654,3.31186203e-09,-0.479158022
10.6299998,0.877411647,3.2887005e-09,-0.479738263
10.6399998,0.877093992,3.26496942e-09,-0.480318779
10.6499998,0.876775561,3.24097993e-09,-0.480899797
10.6599998,0.876456259,3.21349873e-09,-0.48148149
10.6699998,0.876136199,3.18526128e-09,-0.482063648
10.6799998,0.875815495,3.15975816e-09,-0.482646059
10.6899998,0.875494237,3.13729063e-09,-0.483228559
10.6999998,0.875172366,3.116245e-09,-0.483811254
10.7099998,0.874849737,3.09537977e-09,-0.484394404
10.7199998,0.874526345,3.07487609e-09,-0.484978012
10.7299998,0.874202169,3.05611031e-09,-0.485562115
10.7399998,0.873877006,3.03903031e-09,-0.486147074
10.7499998,0.873550491,3.01962004e-09,-0.486733541
10.7599998,0.873222839,2.99785983e-09,-0.48732112
10.7699998,0.872894289,2.97967675e-09,-0.487909377
10.7799998,0.87256492,2.96497574e-09,-0.488498168
10.7899998,0.872234778,2.95244795e-09,-0.489087407
10.7999998,0.871903782,2.94018638e-09,-0.489677235
10.8099998,0.871571748,2.92724999e-09,-0.490267976
10.8199998,0.871238692,2.9155394e-09,-0.490859594
10.8299998,0.870904709,2.90622921e-09,-0.491451918
10.8399998,0.870569744,2.89917692e-09,-0.492045039
10.8499998,0.870233881,2.89370116e-09,-0.492638805
10.8599998,0.869897198,2.8878326e-09,-0.493233074
10.8699998,0.869559763,2.88371297e-09,-0.493827721
10.8799998,0.869221393,2.88198392e-09,-0.494423068
10.8899998,0.868881733,2.8829432e-09,-0.49501973
10.8999998,0.868540911,2.885995e-09,-0.495617479
10.9099998,0.86819917,2.88958969e-09,-0.496215882
10.9199998,0.867856573,2.89315093e-09,-0.496814823
10.9299998,0.867513091,2.8954997e-09,-0.497414351
10.9399998,0.867168764,2.89702635e-09,-0.498014392
10.9499998,0.866823617,2.89805307e-09,-0.498614898
10.9599998,0.866477704,2.89844123e-09,-0.499215773
10.9699998,0.866131013,2.89989285e-09,-0.499817035
10.9799998,0.865783504,2.90310587e-09,-0.50041875
10.9899998,0.865435262,2.90744467e-09,-0.501020766
10.9999998,0.86508628,2.91219063e-09,-0.501623094
11.0099998,0.864736486,2.91705363e-09,-0.502225855
11.0199998,0.864385918,2.92195379e-09,-0.502828981
11.0299998,0.864034545,2.92716463e-09,-0.503432523
11.0399998,0.863682249,2.93126559e-09,-0.504036678
11.0499998,0.863328986,2.93133791e-09,-0.504641518
11.0599998,0.862974734,2.9323711e-09,-0.505247076
11.0699998,0.862619425,2.93664693e-09,-0.505853465
11.0799998,0.862263216,2.94321469e-09,-0.50646041
11.0899998,0.861906145,2.9511051e-09,-0.507067842
11.0999998,0.861548271,2.95989834e-09,-0.507675661
11.1099998,0.861189552,2.96881026e-09,-0.508283933
11.1199998,0.860829972,2.97821062e-09,-0.508892679
11.1299998,0.860469558,2.98853592e-09,-0.509501854
11.1399998,0.860108354,2.99866596e-09,-0.51011138
11.1499998,0.859746339,3.00738995e-09,-0.510721287
11.1599998,0.859383579,3.01673459e-09,-0.511331462
11.1699998,0.859020061,3.02705135e-09,-0.511941926
11.1799998,0.858655768,3.0358177e-09,-0.512552702
11.1899997,0.858290591,3.04226164e-09,-0.513163972
11.1999997,0.857924518,3.04830298e-09,-0.51377575
11.2099997,0.857557721,3.05510054e-09,-0.514387748
11.2199997,0.857190275,3.06159727e-09,-0.514999837
11.2299997,0.856822176,3.06675492e-09,-0.515612023
11.2399997,0.856453416,3.07291398e-09,-0.516224318
11.2499997,0.85608394,3.08240626e-09,-0.516836809
11.2599997,0.85571354,3.09530872e-09,-0.517449841
11.2699997,0.855342011,3.10975024e-09,-0.518063745
11.2799997,0.854969577,3.1238974e-09,-0.518678149
11.2899997,0.854596381,3.13654107e-09,-0.519292812
11.2999997,0.854222486,3.14645838e-09,-0.51990763
11.3099997,0.853847848,3.1526261e-09,-0.520522672
11.3199997,0.853472448,3.15706264e-09,-0.521137967
11.3299997,0.853096353,3.16112245e-09,-0.521753402
11.3399997,0.852719564,3.16404296e-09,-0.522368973
11.3499997,0.852342102,3.16524541e-09,-0.522984647
11.3599997,0.851964022,3.16557792e-09,-0.52360033
11.3699997,0.851585325,3.16575562e-09,-0.524216019
11.3799997,0.851205851,3.16529324e-09,-0.524831972
11.3899997,0.850825415,3.16198826e-09,-0.525448488
11.3999997,0.850444071,3.15765158e-09,-0.526065473
11.4099997,0.850061823,3.15360259e-09,-0.526682919
11.4199997,0.849678693,3.14874792e-09,-0.527300786
11.4299997,0.849294733,3.14284687e-09,-0.527918987
11.4399997,0.848909993,3.13620102e-09,-0.528537438
11.4499997,0.848524302,3.12749374e-09,-0.529156412
11.4599997,0.848137481,3.11489324e-09,-0.529776192
11.4699997,0.847749745,3.10456849e-09,-0.530396427
11.4799997,0.847361246,3.09775001e-09,-0.531016873
11.4899997,0.846971991,3.09255957e-09,-0.531637514
11.4999997,0.846581801,3.08700017e-09,-0.532258635
11.5099997,0.846190433,3.07995334e-09,-0.532880617
11.5199997,0.8457979,3.07167131e-09,-0.533503433
11.5299997,0.845404368,3.06387458e-09,-0.534126816
11.5399997,0.845009871,3.05696097e-09,-0.534750707
11.5499997,0.844614251,3.04943515e-09,-0.535375352
11.5599997,0.84421727,3.03994411e-09,-0.53600112
11.5699997,0.843818871,3.03189699e-09,-0.536628095
11.5799997,0.84341926,3.02719222e-09,-0.537255946
11.5899997,0.843018493,3.02530662e-09,-0.537884579
11.5999997,0.842616794,3.02646014e-09,-0.538513638
11.6099997,0.842214257,3.03091415e-09,-0.539142972
11.6199997,0.841810886,3.0380912e-09,-0.539772574
11.6299997,0.841406705,3.04725453e-09,-0.540402403
11.6399997,0.841001729,3.05848773e-09,-0.541032431
11.6499997,0.840595965,3.07072372e-09,-0.541662647
11.6599997,0.840189403,3.08324355e-09,-0.542293065
11.6699997,0.839781987,3.09481551e-09,-0.542923765
11.6799997,0.839373717,3.10546531e-09,-0.543554747
11.6899997,0.838964657,3.11626865e-09,-0.544185909
11.6999997,0.838554872,3.12860614e-09,-0.54481715
11.7099997,0.83814439,3.14361254e-09,-0.545448423
11.7199997,0.83773315,3.15915614e-09,-0.546079819
11.7299997,0.837321116,3.17236893e-09,-0.546711394
11.7399997,0.836908295,3.18691104e-09,-0.547343133
11.7499997,0.836494616,3.20416648e-09,-0.547975144
11.7599997,0.836080042,3.22214374e-09,-0.548607477
11.7699997,0.835664416,3.24081427e-09,-0.54924037
11.7799997,0.835247841,3.26077124e-09,-0.549873662
11.7899997,0.834830466,3.28023499e-09,-0.550507124
11.7999997,0.834412299,3.29889347e-09,-0.551140741
11.8099997,0.833993339,3.31599174e-09,-0.551774511
11.8199997,0.833573649,3.33067166e-09,-0.552408338
11.8299997,0.83315327,3.34275316e-09,-0.553042158
11.8399997,0.832732206,3.35236542e-09,-0.553675964
11.8499997,0.83231034,3.36056959e-09,-0.554309929
11.8599997,0.83188759,3.36811086e-09,-0.554944175
11.8699997,0.8314641,3.37396476e-09,-0.555578483
11.8799997,0.83103989,3.37828355e-09,-0.556212819
11.8899997,0.830614936,3.38069218e-09,-0.556847221
11.8999997,0.830189248,3.38110825e-09,-0.55748167
11.9099997,0.829762878,3.38048763e-09,-0.558116086
11.9199997,0.829335746,3.37856277e-09,-0.558750589
11.9299997,0.828907703,3.37452608e-09,-0.559385395
11.9399997,0.82847885,3.3696921e-09,-0.560020353
11.9499997,0.828049156,3.36278635e-09,-0.560655505
11.9599997,0.827618645,3.35161432e-09,-0.561290815
11.9699997,0.827187369,3.33661462e-09,-0.561926203
11.9799997,0.826755271,3.31913115e-09,-0.56256175
11.9899997,0.826322355,3.29944604e-09,-0.563197448
11.9999997,0.825888632,3.27734017e-09,-0.56383328
12.0099997,0.82545413,3.25437994e-09,-0.564469201
12.0199997,0.825018837,3.23160072e-09,-0.565105227
12.0299997,0.824582683,3.20864901e-09,-0.56574146
12.0399997,0.824145676,3.185259e-09,-0.566377882
12.0499997,0.82370782,3.16183442e-09,-0.567014486
12.0599997,0.823269168,3.13815738e-09,-0.567651194
12.0699997,0.82282971,3.1144465e-09,-0.568288015
12.0799997,0.822389276,3.08985552e-09,-0.568925196
12.0899997,0.821947578,3.0622666e-09,-0.569563148
12.0999997,0.821504727,3.03441157e-09,-0.570201704
12.1099997,0.821060952,3.0087224e-09,-0.570840532
12.1199997,0.820616169,2.98342751e-09,-0.571479749
12.1299997,0.820170086,2.95582997e-09,-0.572119769
12.1399997,0.819722818,2.92751818e-09,-0.572760423
12.1499997,0.819274452,2.89938128e-09,-0.57340158
12.1599997,0.818824822,2.87144806e-09,-0.574043475
12.1699997,0.818373978,2.8436569e-09,-0.574686029
12.1799997,0.817921913,2.81833325e-09,-0.575329248
12.1899997,0.817468332,2.79775614e-09,-0.575973546
12.1999997,0.817013377,2.77786559e-09,-0.576618714
12.2099997,0.816557068,2.75701936e-09,-0.577264718
12.2199997,0.816099681,2.73646223e-09,-0.577911162
12.2299997,0.815641385,2.71540795e-09,-0.578557803
12.2399997,0.815182124,2.69157628e-09,-0.579204718
12.2499997,0.814721628,2.66530236e-09,-0.579852282
12.2599997,0.814259758,2.64046685e-09,-0.580500686
12.2699997,0.813796796,2.61671614e-09,-0.581149528
12.2799997,0.813332851,2.59229266e-09,-0.581798654
12.2899997,0.812867825,2.56602341e-09,-0.582448194
12.2999997,0.81240171,2.53902989e-09,-0.583098158
12.3099997,0.811934427,2.50953428e-09,-0.583748649
12.3199997,0.81146593,2.4758584e-09,-0.584399731
12.3299997,0.810996313,2.44143304e-09,-0.585051264
12.3399997,0.810525552,2.40831587e-09,-0.585703277
12.3499997,0.810053633,2.37534397e-09,-0.586355789
12.3599997,0.809580641,2.34176407e-09,-0.587008676
12.3699997,0.809106505,2.30692677e-09,-0.587662032
12.3799997,0.808631144,2.27268473e-09,-0.588315963
12.3899997,0.808154551,2.23963498e-09,-0.588970476
12.3999997,0.807676813,2.20785493e-09,-0.589625445
12.4099997,0.807198034,2.1759695e-09,-0.590280725
12.4199997,0.806718227,2.14378417e-09,-0.590936292
12.4299997,0.806237327,2.11203762e-09,-0.591592235
12.4399997,0.805755349,2.0800059e-09,-0.592248527
12.4499997,0.805272089,2.04825448e-09,-0.592905442
12.4599997,0.804787557,2.02091491e-09,-0.59356296
12.4699997,0.804302057,1.9952504e-09,-0.594220667
12.4799997,0.803815705,1.9686944e-09,-0.594878401
12.4899997,0.803328476,1.94036058e-09,-0.595536195
12.4999997,0.802840414,1.91372393e-09,-0.596193987
12.5099997,0.802351541,1.88981525e-09,-0.596851745
12.5199997,0.801861785,1.86747977e-09,-0.597509563
12.5299997,0.801371097,1.84547821e-09,-0.598167505
12.5399997,0.800879536,1.82416432e-09,-0.598825491
12.5499997,0.800386954,1.80525243e-09,-0.599483715
12.5599997,0.799893139,1.7898369e-09,-0.600142455
12.5699997,0.799398237,1.77480108e-09,-0.600801514
12.5799997,0.798902137,1.7584522e-09,-0.601461035
12.5899997,0.798404619,1.74159568e-09,-0.602121303
12.5999997,0.797905954,1.72509539e-09,-0.602781958
12.6099997,0.797406266,1.70957587e-09,-0.603442828
12.6199997,0.796905468,1.69445945e-09,-0.604104027
12.6299997,0.796403529,1.68053908e-09,-0.604765591
12.6399997,0.795900471,1.66795856e-09,-0.605427486
12.6499997,0.795396248,1.65437135e-09,-0.606089769
12.6599997,0.7948908,1.63864097e-09,-0.606752516
12.6699997,0.79438424,1.62067786e-09,-0.607415573
12.6799997,0.793876313,1.60123769e-09,-0.608079271
12.6899997,0.793366466,1.58031561e-09,-0.608744323
12.6999997,0.792854747,1.55334012e-09,-0.609410658
12.7099997,0.792341164,1.51840939e-09,-0.610078257
12.7199997,0.791826081,1.48423744e-09,-0.610746639
12.7299997,0.791309702,1.45325862e-09,-0.611415535
12.7399997,0.790792107,1.42462591e-09,-0.612084834
12.7499997,0.790273207,1.39739871e-09,-0.612754648
12.7599997,0.789752851,1.37099606e-09,-0.613425166
12.7699997,0.789231173,1.34590798e-09,-0.61409621
12.7799997,0.788708056,1.31914875e-09,-0.614767925
12.7899997,0.788183191,1.28855695e-09,-0.615440702
12.7999997,0.787656666,1.25869664e-09,-0.616114418
12.8099997,0.787128745,1.23303959e-09,-0.616788731
12.8199997,0.786599509,1.20980056e-09,-0.617463531
12.8299997,0.786069125,1.18793093e-09,-0.618138601
12.8399997,0.785537685,1.16530726e-09,-0.618813821
12.8499997,0.785005197,1.13956592e-09,-0.619489178
12.8599997,0.784471669,1.11267882e-09,-0.620164656
12.8699997,0.783937183,1.08707258e-09,-0.620840151
12.8799997,0.783401751,1.06338796e-09,-0.621515645
12.8899997,0.782865302,1.04008675e-09,-0.622191224
12.8999997,0.782327769,1.0185357e-09,-0.622866969
12.9099997,0.781789207,9.98081666e-10,-0.62354281
12.9199997,0.781249692,9.78176048e-10,-0.624218646
12.9299997,0.780709139,9.58091809e-10,-0.624894583
12.9399997,0.780167287,9.36074015e-10,-0.625570942
12.9499997,0.779624294,9.16808791e-10,-0.626247523
12.9599997,0.779080236,9.00710693e-10,-0.626924226
12.9699997,0.778535084,8.84279699e-10,-0.627601085
12.9799997,0.777988803,8.65271261e-10,-0.628278141
12.9899997,0.777441296,8.42344587e-10,-0.628955508
12.9999997,0.776892616,8.19269013e-10,-0.629633118
13.0099997,0.776342887,7.98677805e-10,-0.630310814
13.0199997,0.775792108,7.79511938e-10,-0.630988594
13.0299997,0.775240196,7.59093853e-10,-0.631666557
13.0399997,0.77468709,7.38769046e-10,-0.632344774
13.0499997,0.774132763,7.202293e-10,-0.633023274
13.0599997,0.773577385,7.01777719e-10,-0.633701846
13.0699997,0.773020991,6.81903434e-10,-0.634380444
13.0799997,0.772463593,6.61928236e-10,-0.63505905
13.0899997,0.771905158,6.39776172e-10,-0.635737703
13.0999997,0.771345627,6.15483944e-10,-0.63641647
13.1099997,0.770785069,5.9367086e-10,-0.637095266
13.1199997,0.77022335,5.73670429e-10,-0.637774248
13.1299997,0.769660335,5.54315101e-10,-0.638453576
13.1399997,0.769096036,5.34879489e-10,-0.639133231
13.1499997,0.768530499,5.16922498e-10,-0.639813154
13.1599997,0.767963721,5.02147235e-10,-0.640493344
13.1699997,0.76739573,4.87810485e-10,-0.641173762
13.1799997,0.766826608,4.73190135e-10,-0.641854309
13.1899997,0.766256352,4.57349434e-10,-0.642534982
13.1999997,0.765684868,4.38521777e-10,-0.643215891
13.2099997,0.765112256,4.17944123e-10,-0.643896914
13.2199997,0.764538549,3.98576682e-10,-0.644578007
13.2299997,0.763963603,3.80516862e-10,-0.645259338
13.2399997,0.763387468,3.6346443e-10,-0.645940844
13.2499997,0.762810174,3.46807532e-10,-0.646622485
13.2599997,0.762231613,3.29729167e-10,-0.647304386
13.2699997,0.76165185,3.13423794e-10,-0.647986465
13.2799997,0.76107092,2.96550438e-10,-0.648668678
13.2899997,0.760488678,2.77228756e-10,-0.649351193
13.2999997,0.75990515,2.57909641e-10,-0.650033971
13.3099997,0.759320413,2.38895437e-10,-0.650716921
13.3199997,0.758734226,2.1756025e-10,-0.651400318
13.3299997,0.758146111,1.95455689e-10,-0.652084714
13.3399997,0.757555941,1.77030106e-10,-0.652770248
13.3499997,0.756964024,1.65089964e-10,-0.653456553
13.3599997,0.756370319,1.54561309e-10,-0.65414367
13.3699997,0.755774782,1.45637543e-10,-0.654831642
13.3799997,0.755177714,1.39946772e-10,-0.655520114
13.3899997,0.754579251,1.3735046e-10,-0.656208926
13.3999997,0.753979216,1.36793648e-10,-0.656898274
13.4099997,0.753377442,1.36474278e-10,-0.657588344
13.4199997,0.752774128,1.36648164e-10,-0.658278902
13.4299997,0.752169474,1.3818624e-10,-0.658969713
13.4399997,0.751563571,1.40485157e-10,-0.65966067
13.4499997,0.750956515,1.43656234e-10,-0.660351658
13.4599997,0.750348327,1.46523618e-10,-0.661042653
13.4699997,0.749738981,1.47981752e-10,-0.661733678
13.4799997,0.749128541,1.50476214e-10,-0.662424659
13.4899997,0.748516967,1.54771739e-10,-0.663115639
13.4999997,0.747904243,1.60619226e-10,-0.663806631
13.5099997,0.747290436,1.67145742e-10,-0.664497558
13.5199997,0.746675608,1.73671776e-10,-0.665188346
13.5299997,0.746059778,1.78352562e-10,-0.665878974
13.5399997,0.745442929,1.80349074e-10,-0.666569456
13.5499997,0.744825057,1.80164917e-10,-0.667259795
13.5599997,0.744205995,1.7724015e-10,-0.667950176
13.5699997,0.743585435,1.7064484e-10,-0.668640936
13.5799997,0.742963376,1.56229061e-10,-0.669332072
13.5899997,0.742339876,1.34980486e-10,-0.670023513
13.5999997,0.74171481,1.145528e-10,-0.670715395
13.6099997,0.741087822,9.73953346e-11,-0.671408103
13.6199997,0.740459349,7.84188064e-11,-0.672101147
13.6299997,0.739829531,5.38282242e-11,-0.67279437
13.6399997,0.73919809,2.3568962e-11,-0.673488072
13.6499997,0.738564973,-5.10157413e-12,-0.674182305
13.6599997,0.737930517,-3.01251271e-11,-0.674876694
13.6699997,0.737294801,-5.40120814e-11,-0.675571148
13.6799997,0.736657707,-7.9962454e-11,-0.676265793
13.6899997,0.736019343,-1.07465922e-10,-0.676960506
13.6999997,0.735379749,-1.3700136e-10,-0.67765524
13.7099997,0.734738938,-1.68036998e-10,-0.678349978
13.7199997,0.734096844,-2.00894514e-10,-0.679044788
13.7299997,0.733453257,-2.3564629e-10,-0.679739891
13.7399997,0.732808339,-2.71670514e-10,-0.68043511
13.7499997,0.732162281,-3.07527134e-10,-0.681130233
13.7599997,0.731515139,-3.4221315e-10,-0.681825199
13.7699997,0.730866779,-3.77495532e-10,-0.682520147
13.7799997,0.730216981,-4.15558329e-10,-0.683215311
13.7899997,0.729565683,-4.56938099e-10,-0.68391075
13.7999997,0.728912901,-5.0021374e-10,-0.684606444
13.8099997,0.728258734,-5.4247703e-10,-0.685302281
13.8199997,0.727603301,-5.8225681e-10,-0.685998131
13.8299997,0.726946568,-6.21151109e-10,-0.686694027
13.8399997,0.726288495,-6.61411177e-10,-0.687390007
13.8499997,0.72562877,-7.00348351e-10,-0.688086395
13.8599997,0.724967076,-7.33661521e-10,-0.68878352
13.8699997,0.724303765,-7.6552465e-10,-0.689481005
13.8799997,0.723638921,-7.98458379e-10,-0.690178753
13.8899997,0.722972351,-8.35559409e-10,-0.690876964
13.8999997,0.722304196,-8.75590972e-10,-0.691575482
13.9099997,0.72163468,-9.15253592e-10,-0.69227407
13.9199997,0.720963843,-9.54620835e-10,-0.692972681
13.9299997,0.720291671,-9.90787518e-10,-0.693671326
13.9399997,0.719618016,-1.02229694e-09,-0.694370154
13.9499997,0.718942777,-1.05378654e-09,-0.695069265
13.9599997,0.718265649,-1.08541589e-09,-0.695768968
13.9699997,0.717586865,-1.11471377e-09,-0.696469017
13.9799997,0.716906664,-1.14317927e-09,-0.697169158
13.9899997,0.716225034,-1.17233636e-09,-0.697869401
13.9999997,0.715542004,-1.20073622e-09,-0.69856971
14.0099997,0.714857597,-1.2267944e-09,-0.69927006
14.0199997,0.714171707,-1.25218139e-09,-0.699970552
14.0299997,0.713484344,-1.27677443e-09,-0.700671172
14.0399997,0.712795577,-1.29928173e-09,-0.701371845
14.0499997,0.712105297,-1.32111978e-09,-0.702072679
14.0599997,0.711413685,-1.34008541e-09,-0.702773483
14.0699997,0.710720839,-1.35658315e-09,-0.703474157
14.0799997,0.710026482,-1.37266612e-09,-0.704174975
14.0899997,0.709330242,-1.3894744e-09,-0.704876306
14.0999997,0.708632355,-1.40791304e-09,-0.705577909
14.1099997,0.707932938,-1.42815654e-09,-0.706279658
14.1199997,0.707231952,-1.45152902e-09,-0.706981588
14.1299997,0.706529594,-1.47620305e-09,-0.707683498
14.1399997,0.705825828,-1.49886211e-09,-0.708385418
14.1499997,0.705120391,-1.51769194e-09,-0.709087607
14.1599997,0.704413475,-1.53577446e-09,-0.709789867
14.1699997,0.703705068,-1.55580919e-09,-0.710492207
14.1799997,0.702995141,-1.57697287e-09,-0.711194651
14.1899997,0.70228357,-1.59649598e-09,-0.711897315
14.1999997,0.701570097,-1.61434979e-09,-0.712600448
14.2099997,0.700854912,-1.63011103e-09,-0.713303857
14.2199997,0.700138295,-1.64311762e-09,-0.71400726
14.2299997,0.699420369,-1.65301438e-09,-0.714710534
14.2399997,0.698701005,-1.66159886e-09,-0.7154138
14.2499997,0.697980143,-1.669212e-09,-0.716117114
14.2599997,0.697257708,-1.67476056e-09,-0.716820541
14.2699997,0.696533562,-1.6794607e-09,-0.717524213
14.2799997,0.695807798,-1.68620868e-09,-0.718228033
14.2899997,0.69508052,-1.6959308e-09,-0.718931896
14.2999997,0.694351765,-1.70530024e-09,-0.71963576
14.3099997,0.693621634,-1.71215502e-09,-0.720339523
14.3199997,0.692889908,-1.71909214e-09,-0.721043393
14.3299997,0.692156304,-1.73184234e-09,-0.721747637
14.3399997,0.691420998,-1.74810383e-09,-0.722452077
14.3499997,0.690684053,-1.76480113e-09,-0.723156649
14.3599997,0.689945622,-1.78016014e-09,-0.723861201
14.3699997,0.689205818,-1.79523197e-09,-0.724565622
14.3799997,0.68846465,-1.81051708e-09,-0.725269898
14.3899997,0.687721963,-1.82488305e-09,-0.725974174
14.3999997,0.686977632,-1.83716579e-09,-0.726678563
14.4099997,0.686231501,-1.84752121e-09,-0.727383205
14.4199997,0.685483171,-1.85724667e-09,-0.728088472
14.4299997,0.684732871,-1.86399785e-09,-0.728794138
14.4399997,0.683980722,-1.86921386e-09,-0.729500083
14.4499997,0.68322692,-1.87401017e-09,-0.730206118
14.4599997,0.682471598,-1.8795547e-09,-0.730912113
14.4699997,0.681714657,-1.88627141e-09,-0.731618156
14.4799997,0.680955949,-1.89378235e-09,-0.732324378
14.4899997,0.680195515,-1.90221378e-09,-0.733030737
14.4999997,0.679433449,-1.91122886e-09,-0.733737138
14.5099997,0.678669881,-1.91919347e-09,-0.734443458
14.5199997,0.677904913,-1.92647164e-09,-0.735149596
14.5299997,0.677138534,-1.93503815e-09,-0.735855561
14.5399997,0.67637054,-1.94647315e-09,-0.736561534
14.5499997,0.675600838,-1.95907366e-09,-0.737267596
14.5599997,0.674829608,-1.97035507e-09,-0.737973577
14.5699997,0.674056874,-1.98136516e-09,-0.73867945
14.5799997,0.673282632,-1.99256398e-09,-0.739385216
14.5899997,0.672506795,-2.00492304e-09,-0.740090947
14.5999997,0.671729385,-2.01737865e-09,-0.740796621
14.6099997,0.670950227,-2.03029095e-09,-0.741502389
14.6199997,0.670169476,-2.04509241e-09,-0.742208107
14.6299997,0.669387188,-2.06144535e-09,-0.742913718
14.6399997,0.668603271,-2.07802544e-09,-0.743619302
14.6499997,0.66781725,-2.09568549e-09,-0.744325279
14.6599997,0.667029234,-2.11394831e-09,-0.745031544
14.6699997,0.666239207,-2.13258062e-09,-0.745738103
14.6799997,0.665447136,-2.1490618e-09,-0.74644498
14.6899997,0.664653158,-2.16439872e-09,-0.747152046
14.6999997,0.663857482,-2.17997335e-09,-0.747859107
14.7099997,0.663060148,-2.19599396e-09,-0.748566123
14.7199997,0.662261289,-2.2126436e-09,-0.749272971
14.7299997,0.661461008,-2.22978691e-09,-0.749979556
14.7399997,0.660659281,-2.24798025e-09,-0.750685896
14.7499997,0.659856014,-2.26825281e-09,-0.751392068
14.7599997,0.659051308,-2.28862607e-09,-0.752097981
14.7699997,0.658245203,-2.30848329e-09,-0.752803595
14.7799997,0.657437855,-2.32782642e-09,-0.75350877
14.7899997,0.656629291,-2.34724582e-09,-0.75421348
14.7999997,0.655819425,-2.36840199e-09,-0.754917798
14.8099997,0.655008077,-2.39178643e-09,-0.755621875
14.8199997,0.654194968,-2.41758968e-09,-0.756325951
14.8299997,0.653380281,-2.44665929e-09,-0.75702986
14.8399997,0.652564188,-2.47757927e-09,-0.75773345
14.8499997,0.651746499,-2.51027927e-09,-0.75843688
14.8599997,0.650926969,-2.54624006e-09,-0.759140357
14.8699997,0.650105826,-2.58455012e-09,-0.759843678
14.8799997,0.649282739,-2.62548967e-09,-0.760547122
14.8899997,0.648456876,-2.67175498e-09,-0.761251391
14.8999997,0.647628666,-2.71842377e-09,-0.761956108
14.9099997,0.646798501,-2.76204724e-09,-0.762660933
14.9199997,0.645966416,-2.8044528e-09,-0.76336583
14.9299997,0.64513256,-2.84788816e-09,-0.764070664
14.9399997,0.644296962,-2.89277709e-09,-0.764775408
14.9499997,0.643459541,-2.93866204e-09,-0.765480123
14.9599997,0.64262027,-2.98612297e-09,-0.766184826
14.9699997,0.641779134,-3.03618567e-09,-0.766889524
14.9799997,0.64093629,-3.08863176e-09,-0.767594081
14.9899997,0.640091707,-3.1446037e-09,-0.768298514
14.9999997,0.639245399,-3.20345887e-09,-0.769002808
15.0099997,0.638397383,-3.26170623e-09,-0.769706945
15.0199997,0.637547672,-3.32142487e-09,-0.770410907
15.0299997,0.636696236,-3.3866009e-09,-0.771114715
15.0399997,0.635843045,-3.45062437e-09,-0.771818387
15.0499997,0.634987905,-3.51204961e-09,-0.772522078
15.0599997,0.634130642,-3.57242389e-09,-0.773225923
15.0699997,0.633271479,-3.63014085e-09,-0.773929735
15.0799997,0.632410509,-3.68671212e-09,-0.774633428
15.0899997,0.631547878,-3.74183838e-09,-0.77533688
15.0999997,0.630683657,-3.79465852e-09,-0.776040028
15.1099997,0.629817846,-3.84475473e-09,-0.776742867
15.1199997,0.628950367,-3.89270824e-09,-0.777445455
15.1299997,0.628081162,-3.93965102e-09,-0.778147836
15.1399997,0.627210376,-3.9835496e-09,-0.778849885
15.1499997,0.626338042,-4.02631118e-09,-0.779551574
15.1599997,0.625463989,-4.07114812e-09,-0.780253035
15.1699997,0.624588246,-4.11797708e-09,-0.780954239
15.1799997,0.623710869,-4.16644591e-09,-0.781655136
15.1899997,0.622831943,-4.21650204e-09,-0.782355655
15.1999997,0.621951326,-4.27408287e-09,-0.783055903
15.2099997,0.621068842,-4.34038991e-09,-0.783756017
15.2199997,0.620184547,-4.41105762e-09,-0.784455944
15.2299997,0.619298504,-4.4838711e-09,-0.78515563
15.2399997,0.618410873,-4.55546287e-09,-0.785854944
15.2499997,0.617521792,-4.62430213e-09,-0.786553772
15.2599997,0.616631322,-4.6900521e-09,-0.787252065
15.2699997,0.615739447,-4.7530574e-09,-0.78794983
15.2799997,0.614846257,-4.8130071e-09,-0.788646993
15.2899997,0.613951749,-4.87006727e-09,-0.789343556
15.2999997,0.613055663,-4.92631325e-09,-0.790039716
15.3099997,0.612157465,-4.98351265e-09,-0.790735884
15.3199997,0.611257162,-5.03614253e-09,-0.791432045
15.3299997,0.610355051,-5.08528947e-09,-0.792127965
15.3399997,0.609451079,-5.13208004e-09,-0.792823677
15.3499997,0.608545426,-5.17644297e-09,-0.793519039
15.3599997,0.607638198,-5.21968891e-09,-0.794213964
15.3699997,0.606729155,-5.26273388e-09,-0.794908631
15.3799997,0.605817333,-5.31125294e-09,-0.79560377
15.3899997,0.60490227,-5.3658383e-09,-0.79629972
15.3999997,0.603984602,-5.41766608e-09,-0.796995985
15.4099997,0.603064696,-5.4619126e-09,-0.797692279
15.4199997,0.60214281,-5.50792108e-09,-0.7983884
15.4299997,0.601218913,-5.56155587e-09,-0.799084363
15.4399997,0.600292981,-5.61850529e-09,-0.79978018
15.4499997,0.599364911,-5.67900409e-09,-0.800475923
15.4599997,0.598434181,-5.74853798e-09,-0.801171973
15.4699997,0.597500675,-5.82311505e-09,-0.801868408
15.4799997,0.596564414,-5.89646933e-09,-0.802565199
15.4899997,0.595625889,-5.96363893e-09,-0.803261975
15.4999997,0.594685384,-6.02584957e-09,-0.803958515
15.5099997,0.593742967,-6.09132013e-09,-0.804654764
15.5199997,0.592798813,-6.16284733e-09,-0.805350587
15.5299997,0.591853044,-6.23959081e-09,-0.806045889
15.5399997,0.590905826,-6.31604636e-09,-0.806740543
15.5499997,0.589956941,-6.3928729e-09,-0.807434708
15.5599997,0.589005971,-6.47149797e-09,-0.808128681
15.5699997,0.588053219,-6.54673359e-09,-0.808822238
15.5799997,0.587098829,-6.62033095e-09,-0.809515265
15.5899997,0.586142872,-6.69366503e-09,-0.81020771
15.5999997,0.58518532,-6.76795949e-09,-0.810899588
15.6099997,0.584226021,-6.84670618e-09,-0.811591003
15.6199997,0.583264839,-6.9263598e-09,-0.812282049
15.6299997,0.582301655,-6.99637335e-09,-0.812972806
15.6399997,0.581336488,-7.06176453e-09,-0.813663252
15.6499997,0.580369314,-7.13275662e-09,-0.8143534
15.6599996,0.579400265,-7.20647785e-09,-0.815043148
15.6699996,0.578429305,-7.28353514e-09,-0.815732517
15.6799996,0.577456433,-7.35779498e-09,-0.816421501
15.6899996,0.57648128,-7.42856857e-09,-0.817110356
15.6999996,0.575503991,-7.50237912e-09,-0.81779897
15.7099996,0.57452476,-7.57665867e-09,-0.818487202
15.7199996,0.573543406,-7.65301129e-09,-0.819175172
15.7299996,0.572559862,-7.72651694e-09,-0.819862918
15.7399996,0.57157352,-7.79216459e-09,-0.820550858
15.7499996,0.570584502,-7.85270326e-09,-0.821238897
15.7599996,0.569593357,-7.91296792e-09,-0.821926644
15.7699996,0.568599948,-7.97589022e-09,-0.822614186
15.7799996,0.567604247,-8.04281999e-09,-0.823301535
15.7899996,0.566606244,-8.10853609e-09,-0.823988692
15.7999996,0.565605736,-8.16678962e-09,-0.824675786
15.8099996,0.564603086,-8.22220506e-09,-0.82536256
15.8199996,0.563598514,-8.27521629e-09,-0.826048857
15.8299996,0.562592045,-8.3291465e-09,-0.826734656
15.8399996,0.561583632,-8.38588003e-09,-0.827419981
15.8499996,0.560573319,-8.445692e-09,-0.828104797
15.8599996,0.559561067,-8.50881508e-09,-0.828789124
15.8699996,0.5585469,-8.57382119e-09,-0.829472942
15.8799996,0.557530841,-8.63932194e-09,-0.830156227
15.8899996,0.556512868,-8.70406075e-09,-0.83083899
15.8999996,0.555493008,-8.76844249e-09,-0.831521207
15.9099996,0.554471513,-8.83276817e-09,-0.832202704
15.9199996,0.553448397,-8.89813606e-09,-0.832883469
15.9299996,0.552423635,-8.96286057e-09,-0.833563511
15.9399996,0.551397232,-9.02380262e-09,-0.834242826
15.9499996,0.550369065,-9.0787597e-09,-0.834921488
15.9599996,0.54933931,-9.13346624e-09,-0.835599379
15.9699996,0.548308038,-9.19316176e-09,-0.836276447
15.9799996,0.54727533,-9.25214174e-09,-0.836952635
15.9899996,0.546241028,-9.30681697e-09,-0.837628044
15.9999996,0.545204641,-9.35546726e-09,-0.838302988
16.0099996,0.54416622,-9.39836414e-09,-0.838977428
16.0199996,0.543126007,-9.43968674e-09,-0.839651202
16.0299996,0.542084235,-9.48488328e-09,-0.840324153
16.0399996,0.541041008,-9.53117998e-09,-0.840996211
16.0499996,0.539996271,-9.57340205e-09,-0.841667409
16.0599996,0.538949961,-9.610114e-09,-0.842337782
16.0699996,0.53790222,-9.6444228e-09,-0.843007237
16.0799996,0.536853071,-9.68053288e-09,-0.843675755
16.0899996,0.535802478,-9.71830143e-09,-0.844343357
16.0999996,0.53475035,-9.75459741e-09,-0.845010096
16.1099996,0.533696226,-9.79070707e-09,-0.845676261
16.1199996,0.532639615,-9.8295565e-09,-0.846342153
16.1299996,0.531580479,-9.86297131e-09,-0.847007789
16.1399996,0.530519294,-9.89107942e-09,-0.847672861
16.1499996,0.529456119,-9.92138308e-09,-0.848337326
16.1599996,0.528390806,-9.95465561e-09,-0.84900127
16.1699996,0.527323494,-9.9868516e-09,-0.8496646
16.1799996,0.526254079,-1.00151747e-08,-0.850327375
16.1899996,0.525182362,-1.00413022e-08,-0.85098971
16.1999996,0.524108542,-1.00693731e-08,-0.851651476
16.2099996,0.523032615,-1.00996002e-08,-0.852312668
16.2199996,0.521954312,-1.01332087e-08,-0.852973444
16.2299996,0.520873837,-1.01676465e-08,-0.853633672
16.2399996,0.519791497,-1.02015314e-08,-0.854293158
16.2499996,0.518707389,-1.02351943e-08,-0.854951838
16.2599996,0.517621555,-1.02673637e-08,-0.855609681
16.2699996,0.516533941,-1.0296757e-08,-0.856266715
16.2799996,0.515444471,-1.03243083e-08,-0.856922982
16.2899996,0.514352708,-1.03483264e-08,-0.857578738
16.2999996,0.513258761,-1.03717491e-08,-0.85823391
16.3099996,0.512162961,-1.03969503e-08,-0.858888294
16.3199996,0.511065583,-1.04224265e-08,-0.859541721
16.3299996,0.509966563,-1.0447485e-08,-0.860194225
16.3399996,0.508865593,-1.04725558e-08,-0.860845984
16.3499996,0.507762741,-1.04966814e-08,-0.861496952
16.3599996,0.506658176,-1.05190169e-08,-0.862147025
16.3699996,0.505551962,-1.05400764e-08,-0.86279616
16.3799996,0.504443997,-1.05607723e-08,-0.863444413
16.3899996,0.503334313,-1.0580487e-08,-0.86409176
16.3999996,0.502222824,-1.05989133e-08,-0.864738247
16.4099996,0.501109093,-1.06178277e-08,-0.865384121
16.4199996,0.499993036,-1.06371463e-08,-0.866029425
16.4299996,0.498874952,-1.06564615e-08,-0.866673977
16.4399996,0.497754883,-1.06749295e-08,-0.867317748
16.4499996,0.496632872,-1.06919091e-08,-0.867960708
16.4599996,0.49550907,-1.07079737e-08,-0.868602764
16.4699996,0.494383535,-1.07249757e-08,-0.869243878
16.4799996,0.493256238,-1.07432458e-08,-0.869884063
16.4899996,0.492126868,-1.07623861e-08,-0.87052349
16.4999996,0.49099485,-1.07837249e-08,-0.871162474
16.5099996,0.489860544,-1.08034509e-08,-0.871800807
16.5199996,0.488724093,-1.08198576e-08,-0.8724384
16.5299996,0.487585259,-1.08340479e-08,-0.873075378
16.5399996,0.486443779,-1.08481582e-08,-0.873711881
16.5499996,0.485300071,-1.0862447e-08,-0.874347666
16.5599996,0.484154195,-1.08764206e-08,-0.874982695
16.5699996,0.483005613,-1.08896623e-08,-0.875617255
16.5799996,0.481853993,-1.0904223e-08,-0.876251522
16.5899996,0.480699671,-1.0920949e-08,-0.876885298
16.5999996,0.479542877,-1.0936066e-08,-0.877518449
16.6099996,0.478383551,-1.09475635e-08,-0.878150999
16.6199996,0.477221496,-1.09581615e-08,-0.878783047
16.6299996,0.476056988,-1.09683458e-08,-0.879414432
16.6399996,0.474890156,-1.09770328e-08,-0.880045078
16.6499996,0.473720857,-1.09840789e-08,-0.880675053
16.6599996,0.472549296,-1.09920093e-08,-0.88130424
16.6699996,0.471375573,-1.10019588e-08,-0.881932576
16.6799996,0.470199902,-1.10140116e-08,-0.882559943
16.6899996,0.469022489,-1.10273421e-08,-0.883186223
16.6999996,0.467843483,-1.10421865e-08,-0.883811335
16.7099996,0.46666286,-1.10578236e-08,-0.884435286
16.7199996,0.46548043,-1.10736314e-08,-0.885058173
16.7299996,0.464296084,-1.10896006e-08,-0.885680047
16.7399996,0.463109924,-1.11028108e-08,-0.886300851
16.7499996,0.461922135,-1.11101467e-08,-0.886920482
16.7599996,0.460732885,-1.11147087e-08,-0.887538849
16.7699996,0.459542093,-1.11170598e-08,-0.888155991
16.7799996,0.458349445,-1.1117608e-08,-0.888772066
16.7899996,0.457154562,-1.11193761e-08,-0.889387264
16.7999996,0.455957679,-1.11200359e-08,-0.890001458
16.8099996,0.454758903,-1.1118451e-08,-0.890614586
16.8199996,0.453558234,-1.11147522e-08,-0.891226642
16.8299996,0.452355768,-1.11123168e-08,-0.891837574
16.8399996,0.45115127,-1.11127866e-08,-0.892447495
16.8499996,0.449944724,-1.11152648e-08,-0.893056407
16.8599996,0.448736299,-1.11174855e-08,-0.893664218
16.8699996,0.447526006,-1.11204109e-08,-0.894270918
16.8799996,0.446313802,-1.11263601e-08,-0.894876522
16.8899996,0.445099649,-1.11344402e-08,-0.895481045
16.8999996,0.44388362,-1.11432479e-08,-0.896084444
16.9099996,0.442665835,-1.11521662e-08,-0.896686656
16.9199996,0.441445968,-1.11601538e-08,-0.897287834
16.9299996,0.440223921,-1.1164798e-08,-0.897888022
16.9399996,0.438999971,-1.11687673e-08,-0.898487076
16.9499996,0.437774265,-1.11741428e-08,-0.89908492
16.9599996,0.436546926,-1.11822079e-08,-0.899681489
16.9699996,0.435317884,-1.11932075e-08,-0.900276813
16.9799996,0.434087129,-1.12060755e-08,-0.900870892
16.9899996,0.432854662,-1.12208503e-08,-0.901463722
16.9999996,0.431620385,-1.12361509e-08,-0.902055344
17.0099996,0.430384023,-1.12517654e-08,-0.902645884
17.0199996,0.429145899,-1.12678195e-08,-0.903235184
17.0299996,0.427906076,-1.12851492e-08,-0.903823207
17.0399996,0.426664207,-1.13045638e-08,-0.904410114
17.0499996,0.425420141,-1.13243591e-08,-0.904995969
17.0599996,0.424174117,-1.13433801e-08,-0.905580653
17.0699996,0.422926357,-1.13607931e-08,-0.906164056
17.0799996,0.42167679,-1.13771525e-08,-0.906746208
17.0899996,0.420425399,-1.13936811e-08,-0.90732711
17.0999996,0.419172304,-1.141104e-08,-0.907906702
17.1099996,0.417917706,-1.14277572e-08,-0.908484888
17.1199996,0.416661439,-1.14428604e-08,-0.909061739
17.1299996,0.415403207,-1.14561184e-08,-0.909637387
17.1399996,0.414143099,-1.14660588e-08,-0.910211785
17.1499996,0.412881274,-1.14742914e-08,-0.910784856
17.1599996,0.411617679,-1.14818827e-08,-0.911356619
17.1699996,0.410352534,-1.14898421e-08,-0.911926969
17.1799996,0.409085946,-1.14980059e-08,-0.912495857
17.1899996,0.407817676,-1.15055185e-08,-0.913063384
17.1999996,0.406547525,-1.1511029e-08,-0.913629635
17.2099996,0.405275595,-1.15154457e-08,-0.914194559
17.2199996,0.404001782,-1.1518569e-08,-0.914758198
17.2299996,0.402726097,-1.1522787e-08,-0.91532054
17.2399996,0.401448441,-1.15301753e-08,-0.915881624
17.2499996,0.400169007,-1.15393078e-08,-0.91644136
17.2599996,0.398887838,-1.15486815e-08,-0.916999723
17.2699996,0.397604931,-1.15591421e-08,-0.917556712
17.2799996,0.39631989,-1.15707469e-08,-0.91811249
17.2899996,0.395032402,-1.15815362e-08,-0.918667188
17.2999996,0.393742676,-1.15909186e-08,-0.919220705
17.3099996,0.392450917,-1.15995859e-08,-0.919772949
17.3199996,0.391157341,-1.16083717e-08,-0.92032382
17.3299996,0.389861676,-1.16164327e-08,-0.92087343
17.3399996,0.388563788,-1.16237408e-08,-0.921421827
17.3499996,0.387263999,-1.16313296e-08,-0.921968869
17.3599996,0.385962494,-1.16400727e-08,-0.922514473
17.3699996,0.384658916,-1.16485243e-08,-0.923058784
17.3799996,0.383353078,-1.16557329e-08,-0.923601872
17.3899996,0.382045343,-1.16620416e-08,-0.92414358
17.3999996,0.380735842,-1.16682618e-08,-0.924683848
17.4099996,0.379424442,-1.16747445e-08,-0.925222726
17.4199996,0.378111234,-1.16817321e-08,-0.925760171
17.4299996,0.376796257,-1.1690036e-08,-0.926296162
17.4399996,0.375479672,-1.16996579e-08,-0.92683063
17.4499996,0.374161331,-1.17081084e-08,-0.927363628
17.4599996,0.372840859,-1.17137829e-08,-0.927895303
17.4699996,0.371518457,-1.17167413e-08,-0.928425569
17.4799996,0.370194458,-1.17212535e-08,-0.928954285
17.4899996,0.368868966,-1.17290031e-08,-0.929481407
17.4999996,0.367542009,-1.17370787e-08,-0.93000692
17.5099996,0.366213538,-1.17450823e-08,-0.93053084
17.5199996,0.364883306,-1.17547693e-08,-0.93105326
17.5299996,0.363551375,-1.17674433e-08,-0.93157415
17.5399996,0.362217695,-1.17807861e-08,-0.932093526
17.5499996,0.360882096,-1.17897999e-08,-0.932611448
17.5599996,0.359544847,-1.17899732e-08,-0.933127806
17.5699996,0.358206122,-1.17894458e-08,-0.93364253
17.5799996,0.35686561,-1.17913113e-08,-0.934155735
17.5899996,0.355522745,-1.17952237e-08,-0.93466763
17.5999996,0.354177599,-1.17988339e-08,-0.93517818
17.6099996,0.352830215,-1.17995773e-08,-0.935687362
17.6199996,0.351480914,-1.18016015e-08,-0.936195048
17.6299996,0.350129961,-1.18066111e-08,-0.936701132
17.6399996,0.348777319,-1.1811381e-08,-0.937205624
17.6499996,0.347423059,-1.1816752e-08,-0.937708493
17.6599996,0.346067204,-1.18266515e-08,-0.938209726
17.6699996,0.344709506,-1.18369798e-08,-0.93870941
17.6799996,0.343349636,-1.1848785e-08,-0.939207659
17.6899996,0.341987134,-1.18626147e-08,-0.939704634
17.6999996,0.34062248,-1.18761649e-08,-0.940200152
17.7099996,0.33925617,-1.18897053e-08,-0.940694026
17.7199996,0.337888298,-1.19017416e-08,-0.941186218
17.7299996,0.336518743,-1.19150149e-08,-0.941676768
17.7399996,0.335147478,-1.19302533e-08,-0.94216568
17.7499996,0.333774731,-1.19483848e-08,-0.942652868
17.7599996,0.332400522,-1.19684504e-08,-0.943138321
17.7699996,0.331024721,-1.19881259e-08,-0.943622082
17.7799996,0.329647248,-1.20074365e-08,-0.944104174
17.7899996,0.32826818,-1.20251656e-08,-0.944584566
17.7999996,0.326887558,-1.20396965e-08,-0.945063238
17.8099996,0.325505165,-1.20473546e-08,-0.945540262
17.8199996,0.324120942,-1.20495404e-08,-0.946015653
17.8299996,0.322735126,-1.20511853e-08,-0.946489323
17.8399996,0.321347546,-1.20521179e-08,-0.946961327
17.8499996,0.319958114,-1.20520908e-08,-0.947431689
17.8599996,0.318567097,-1.20517432e-08,-0.947900314
17.8699996,0.317174723,-1.20485503e-08,-0.94836712
17.8799996,0.31578091,-1.20402383e-08,-0.948832133
17.8899996,0.314385488,-1.20281112e-08,-0.949295404
17.8999996,0.312988528,-1.20193026e-08,-0.949756906
17.9099996,0.311590067,-1.20127978e-08,-0.950216623
17.9199996,0.310189875,-1.20051952e-08,-0.950674624
17.9299996,0.308788091,-1.19976037e-08,-0.951130861
17.9399996,0.307384925,-1.19893819e-08,-0.951585261
17.9499996,0.305980304,-1.19760533e-08,-0.952037842
17.9599996,0.304573786,-1.19588092e-08,-0.952488745
17.9699996,0.303165035,-1.19392239e-08,-0.952938068
17.9799996,0.301754267,-1.19213722e-08,-0.953385736
17.9899996,0.300341756,-1.19047964e-08,-0.953831657
17.9999996,0.298927395,-1.18878776e-08,-0.954275858
18.0099996,0.297511195,-1.1871484e-08,-0.95471833
18.0199996,0.296093386,-1.18570793e-08,-0.955158996
18.0299996,0.294673942,-1.1846164e-08,-0.955597859
18.0399996,0.293252535,-1.18392662e-08,-0.956035015
18.0499996,0.291829272,-1.18327505e-08,-0.956470426
18.0599996,0.29040407,-1.18235556e-08,-0.95690411
18.0699996,0.288976754,-1.18160718e-08,-0.957336114
18.0799996,0.287547554,-1.18101335e-08,-0.957766362
18.0899996,0.286116716,-1.1804247e-08,-0.958194774
18.0999996,0.284684217,-1.18012578e-08,-0.958621352
18.1099996,0.283250206,-1.17999881e-08,-0.959046047
18.1199996,0.281814717,-1.17994188e-08,-0.959468845
18.1299996,0.280377623,-1.17973237e-08,-0.959889779
18.1399996,0.27893895,-1.17919808e-08,-0.960308837
18.1499996,0.277498753,-1.17866625e-08,-0.960725997
18.1599996,0.276057009,-1.1783238e-08,-0.961141263
18.1699996,0.274613892,-1.17804092e-08,-0.96155458
18.1799996,0.273169347,-1.17745651e-08,-0.96196596
18.1899996,0.271722969,-1.17683852e-08,-0.962375513
18.1999996,0.270274246,-1.17608752e-08,-0.962783377
18.2099996,0.268823109,-1.17506538e-08,-0.963189564
18.2199996,0.267369751,-1.17412075e-08,-0.96359401
18.2299996,0.265914563,-1.17353502e-08,-0.9639966
18.2399996,0.264457663,-1.173314e-08,-0.964397296
18.2499996,0.262998917,-1.17332724e-08,-0.964796129
18.2599996,0.261537997,-1.17348258e-08,-0.965193181
18.2699996,0.260074895,-1.17374304e-08,-0.965588447
18.2799996,0.258609768,-1.17407683e-08,-0.965981878
18.2899996,0.257143026,-1.17459504e-08,-0.966373357
18.2999996,0.255674806,-1.17535793e-08,-0.966762842
18.3099996,0.254205111,-1.17622984e-08,-0.96715033
18.3199996,0.252733922,-1.17675707e-08,-0.967535821
18.3299996,0.251261261,-1.17676106e-08,-0.967919304
18.3399996,0.249787269,-1.17668373e-08,-0.968300739
18.3499996,0.24831197,-1.1766237e-08,-0.968680115
18.3599996,0.246835442,-1.17663257e-08,-0.96905741
18.3699996,0.245357701,-1.17658044e-08,-0.969432617
18.3799996,0.243878815,-1.17672479e-08,-0.969805714
18.3899996,0.242398726,-1.17725751e-08,-0.970176715
18.3999996,0.240917201,-1.17787085e-08,-0.970545672
18.4099996,0.239434158,-1.17817847e-08,-0.970912604
18.4199996,0.237949702,-1.17837977e-08,-0.971277478
18.4299996,0.236463994,-1.17858069e-08,-0.971640252
18.4399996,0.23497686,-1.17875292e-08,-0.972000965
18.4499996,0.233488384,-1.17884898e-08,-0.972359591
18.4599996,0.231998669,-1.17895147e-08,-0.972716103
18.4699996,0.230507743,-1.17908454e-08,-0.973070491
18.4799996,0.229015693,-1.17935968e-08,-0.973422731
18.4899996,0.227522471,-1.17949561e-08,-0.97377283
18.4999996,0.226027936,-1.17934008e-08,-0.97412082
18.5099996,0.224532373,-1.17936346e-08,-0.97446663
18.5199996,0.223035971,-1.17968962e-08,-0.974810215
18.5299996,0.221538665,-1.18018517e-08,-0.975151588
18.5399996,0.220040403,-1.18068244e-08,-0.975490759
18.5499996,0.218541142,-1.18092224e-08,-0.975827735
18.5599996,0.217040695,-1.18093063e-08,-0.976162556
18.5699996,0.215538777,-1.18074087e-08,-0.976495282
18.5799996,0.214035207,-1.179958e-08,-0.976825947
18.5899996,0.212530251,-1.17874844e-08,-0.977154487
18.5999996,0.211023958,-1.1773585e-08,-0.977480889
18.6099996,0.20951608,-1.17597303e-08,-0.977805202
18.6199996,0.208006903,-1.17458049e-08,-0.978127358
18.6299996,0.20649659,-1.17347267e-08,-0.97844732
18.6399996,0.204984957,-1.1724466e-08,-0.978765124
18.6499996,0.203471971,-1.17096612e-08,-0.979080771
18.6599996,0.201957854,-1.16927675e-08,-0.979394213
18.6699996,0.200442663,-1.16783978e-08,-0.979705435
18.6799996,0.198926478,-1.16687458e-08,-0.980014416
18.6899996,0.19740914,-1.16604211e-08,-0.980321188
18.6999996,0.195890472,-1.16506521e-08,-0.980625781
18.7099996,0.194370773,-1.16412505e-08,-0.980928133
18.7199996,0.192850028,-1.16323921e-08,-0.981228244
18.7299996,0.19132816,-1.16248455e-08,-0.981526125
18.7399996,0.189805248,-1.16180879e-08,-0.98182176
18.7499996,0.188281384,-1.16118507e-08,-0.982115126
18.7599996,0.186756528,-1.16056899e-08,-0.982406229
18.7699996,0.185230729,-1.16001087e-08,-0.982695058
18.7799996,0.183704114,-1.15955167e-08,-0.982981586
18.7899996,0.182176742,-1.15914354e-08,-0.983265801
18.7999996,0.180648584,-1.15874282e-08,-0.983547706
18.8099996,0.179119414,-1.15833817e-08,-0.98382734
18.8199996,0.17758893,-1.15790839e-08,-0.984104757
18.8299996,0.176057274,-1.15758087e-08,-0.984379925
18.8399996,0.17452459,-1.15720035e-08,-0.984652816
18.8499996,0.172990796,-1.15667248e-08,-0.984923441
18.8599996,0.171455747,-1.15612468e-08,-0.985191822
18.8699996,0.169919669,-1.155591e-08,-0.985457917
18.8799996,0.168382748,-1.15512722e-08,-0.98572169
18.8899996,0.166844942,-1.15458626e-08,-0.985983147
18.8999996,0.165306147,-1.15388662e-08,-0.986242302
18.9099996,0.163766473,-1.152962e-08,-0.986499135
18.9199996,0.162226021,-1.15170923e-08,-0.986753626
18.9299996,0.160684689,-1.15044931e-08,-0.987005791
18.9399996,0.159142526,-1.14906739e-08,-0.987255619
18.9499996,0.157599714,-1.14762793e-08,-0.987503079
18.9599996,0.156055678,-1.14632993e-08,-0.98774826
18.9699996,0.154510451,-1.14525685e-08,-0.987991154
18.9799996,0.15296409,-1.14436669e-08,-0.988231748
18.9899996,0.151416731,-1.14370293e-08,-0.988470017
18.9999996,0.149868492,-1.14315753e-08,-0.98870594
19.0099996,0.14831934,-1.14247875e-08,-0.98893952
19.0199996,0.146769355,-1.14187535e-08,-0.989170742
19.0299996,0.145218547,-1.14133573e-08,-0.989399603
19.0399996,0.143666915,-1.14068603e-08,-0.9896261
19.0499996,0.142114592,-1.13993439e-08,-0.989850212
19.0599996,0.14056166,-1.13932791e-08,-0.990071927
19.0699996,0.139008132,-1.13884965e-08,-0.99029124
19.0799996,0.1374538,-1.13847457e-08,-0.990508179
19.0899996,0.135898677,-1.13828705e-08,-0.990722741
19.0999996,0.134342827,-1.13826187e-08,-0.990934915
19.1099996,0.132786252,-1.13826899e-08,-0.991144697
19.1199996,0.131228911,-1.13834075e-08,-0.991352093
19.1299996,0.12967092,-1.13847912e-08,-0.991557085
19.1399996,0.128112321,-1.13874907e-08,-0.991759665
19.1499996,0.126552808,-1.13869708e-08,-0.991959872
19.1599996,0.124992106,-1.13799497e-08,-0.992157736
19.1699996,0.123430332,-1.13726135e-08,-0.99235324
19.1799996,0.121867452,-1.13656967e-08,-0.992546384
19.1899996,0.120303691,-1.13601068e-08,-0.992737136
19.1999996,0.118739198,-1.13556974e-08,-0.992925477
19.2099996,0.117174095,-1.13520833e-08,-0.993111389
19.2199996,0.115608491,-1.13505155e-08,-0.993294859
19.2299996,0.114042209,-1.13504428e-08,-0.993475905
19.2399996,0.112474913,-1.13509502e-08,-0.993654565
19.2499996,0.11090664,-1.13521737e-08,-0.993830829
19.2599996,0.109337526,-1.13537647e-08,-0.994004681
19.2699996,0.107767598,-1.13577375e-08,-0.994176114
19.2799996,0.106196753,-1.1363574e-08,-0.994345136
19.2899996,0.104625069,-1.13701753e-08,-0.994511737
19.2999996,0.103052666,-1.13756792e-08,-0.994675901
19.3099996,0.101479414,-1.1378853e-08,-0.994837639
19.3199996,0.0999053487,-1.13806103e-08,-0.994996945
19.3299996,0.0983304446,-1.13818688e-08,-0.995153819
19.3399996,0.0967545733,-1.13814126e-08,-0.99530827
19.3499996,0.095177877,-1.13800754e-08,-0.995460281
19.3599996,0.0936003797,-1.13801062e-08,-0.995609848
19.3699996,0.0920219954,-1.13797506e-08,-0.995756975
19.3799996,0.0904428616,-1.13781019e-08,-0.995901646
19.3899996,0.0888629537,-1.13756696e-08,-0.996043862
19.3999996,0.0872822702,-1.13730558e-08,-0.99618362
19.4099996,0.0857009074,-1.13699181e-08,-0.996320909
19.4199996,0.0841189243,-1.13685668e-08,-0.996455722
19.4299996,0.0825363488,-1.13718637e-08,-0.996588055
19.4399996,0.080953033,-1.13771633e-08,-0.996717917
19.4499996,0.0793687556,-1.13802685e-08,-0.996845324
19.4599996,0.0777836137,-1.13827717e-08,-0.996970265
19.4699996,0.0761978321,-1.13880724e-08,-0.997092719
19.4799996,0.0746115352,-1.13959254e-08,-0.997212675
19.4899996,0.0730247319,-1.14038076e-08,-0.99733013
19.4999996,0.0714375006,-1.1410755e-08,-0.997445078
19.5099996,0.0698499317,-1.14174197e-08,-0.997557511
19.5199996,0.0682621252,-1.1424233e-08,-0.997667421
19.5299996,0.0666740646,-1.14316777e-08,-0.997774809
19.5399996,0.0650857532,-1.14407799e-08,-0.997879674
19.5499996,0.0634970994,-1.14515332e-08,-0.997982023
19.5599996,0.061907975,-1.14620524e-08,-0.998081862
19.5699996,0.0603184756,-1.14702451e-08,-0.998179183
19.5799996,0.0587287631,-1.14773298e-08,-0.998273977
19.5899996,0.0571388694,-1.14851247e-08,-0.99836624
19.5999996,0.05554873,-1.14930959e-08,-0.998455977
19.6099996,0.0539583011,-1.15002361e-08,-0.99854319
19.6199996,0.0523676113,-1.15064821e-08,-0.998627875
19.6299996,0.0507764965,-1.15149241e-08,-0.998710042
19.6399996,0.0491849074,-1.15268034e-08,-0.99878969
19.6499996,0.0475931056,-1.15413568e-08,-0.998866806
19.6599996,0.0460014831,-1.15568038e-08,-0.998941371
19.6699996,0.0444101387,-1.15711622e-08,-0.999013383
19.6799996,0.0428187311,-1.15833212e-08,-0.999082858
19.6899996,0.041227025,-1.15935923e-08,-0.999149805
19.6999996,0.0396350166,-1.16022044e-08,-0.999214224
19.7099996,0.0380425371,-1.16094119e-08,-0.999276121
19.7199996,0.036449545,-1.16166376e-08,-0.999335495
19.7299996,0.0348562992,-1.1626067e-08,-0.999392335
19.7399996,0.0332630281,-1.16388281e-08,-0.999446632
19.7499996,0.0316694906,-1.16531341e-08,-0.999498396
19.7599996,0.0300755267,-1.16704198e-08,-0.999547629
19.7699996,0.0284811853,-1.16918259e-08,-0.999594329
19.7799996,0.0268865139,-1.17136454e-08,-0.999638492
19.7899996,0.0252916814,-1.17350865e-08,-0.999680114
19.7999996,0.0236967385,-1.17568579e-08,-0.999719193
19.8099996,0.0221015218,-1.17786436e-08,-0.999755732
19.8199996,0.0205057308,-1.17986702e-08,-0.999789735
19.8299996,0.0189095831,-1.18190926e-08,-0.999821198
19.8399996,0.017313414,-1.18409118e-08,-0.999850112
19.8499996,0.0157172588,-1.18605659e-08,-0.999876476
19.8599996,0.014121136,-1.18784918e-08,-0.999900292
19.8699996,0.012525123,-1.18955552e-08,-0.999921558
19.8799996,0.0109291554,-1.19112226e-08,-0.999940275
19.8899996,0.00933312753,-1.19269562e-08,-0.999956445
19.8999996,0.00773692796,-1.19422831e-08,-0.99997007
19.9099996,0.00614042517,-1.19569552e-08,-0.999981147
19.9199996,0.00454360264,-1.19707766e-08,-0.999989678
19.9299996,0.00294669127,-1.19845938e-08,-0.999995658
19.9399996,0.00134975928,-1.19982986e-08,-0.999999089
19.9499996,-0.000247107373,-1.20108815e-08,-0.999999969
19.9599996,-0.00184370695,-1.20215411e-08,-0.9999983
19.9699996,-0.00344030339,-1.20298602e-08,-0.999994082
19.9799996,-0.00503716975,-1.20372271e-08,-0.999987313
19.9899996,-0.00663420518,-1.2045801e-08,-0.999977993
19.9999996,-0.00823128983,-1.20554434e-08,-0.999966122
20.0099996,-0.00982839013,-1.20651859e-08,-0.9999517
20.0199996,-0.0114254876,-1.20750139e-08,-0.999934727
20.0299996,-0.0130223975,-1.20846507e-08,-0.999915205
20.0399996,-0.0146191364,-1.20924599e-08,-0.999893135
20.0499996,-0.0162157517,-1.20990028e-08,-0.999868516
20.0599996,-0.0178123282,-1.21050551e-08,-0.999841348
20.0699996,-0.0194089489,-1.21101011e-08,-0.999811629
20.0799996,-0.0210053926,-1.21148233e-08,-0.999779362
20.0899996,-0.0226014987,-1.21195871e-08,-0.999744554
20.0999996,-0.0241973639,-1.21248242e-08,-0.999707201
20.1099996,-0.025792867,-1.21319212e-08,-0.999667309
20.1199996,-0.0273877624,-1.21409015e-08,-0.999624885
20.1299996,-0.0289823913,-1.21488538e-08,-0.999579922
20.1399995,-0.0305769519,-1.21555373e-08,-0.999532416
20.1499995,-0.0321715221,-1.21625384e-08,-0.999482363
20.1599995,-0.0337660116,-1.21711574e-08,-0.999429766
20.1699995,-0.0353602368,-1.21807141e-08,-0.999374631
20.1799995,-0.0369541426,-1.21885064e-08,-0.999316962
20.1899995,-0.0385476741,-1.21944349e-08,-0.999256762
20.1999995,-0.040141162,-1.21972178e-08,-0.999194019
20.2099995,-0.0417346393,-1.21974535e-08,-0.99912873
20.2199995,-0.0433279641,-1.21972057e-08,-0.999060903
20.2299995,-0.0449209487,-1.21985757e-08,-0.998990545
20.2399995,-0.0465136574,-1.22019681e-08,-0.998917654
20.2499995,-0.0481061624,-1.22070778e-08,-0.998842228
20.2599995,-0.0496984496,-1.22138459e-08,-0.998764269
20.2699995,-0.0512907029,-1.22215975e-08,-0.998683766
20.2799995,-0.0528832684,-1.22302868e-08,-0.998600701
20.2899995,-0.0544759777,-1.22417277e-08,-0.998515081
20.2999995,-0.0560684991,-1.22557569e-08,-0.998426924
20.3099995,-0.057660681,-1.22707397e-08,-0.998336239
20.3199995,-0.0592525479,-1.22864732e-08,-0.998243024
20.3299995,-0.0608440229,-1.23030235e-08,-0.998147286
20.3399995,-0.0624349778,-1.23193952e-08,-0.998049034
20.3499995,-0.0640255225,-1.23373333e-08,-0.997948261
20.3599995,-0.0656157915,-1.23561971e-08,-0.997844962
20.3699995,-0.0672054929,-1.23763031e-08,-0.997739155
20.3799995,-0.0687944066,-1.2397673e-08,-0.997630858
20.3899995,-0.0703827557,-1.24181236e-08,-0.997520059
20.3999995,-0.0719707265,-1.24369662e-08,-0.997406745
20.4099995,-0.0735583582,-1.24545736e-08,-0.997290914
20.4199995,-0.0751456929,-1.24707562e-08,-0.997172565
20.4299995,-0.0767327789,-1.24869124e-08,-0.997051694
20.4399995,-0.0783195465,-1.2501976e-08,-0.996928307
20.4499995,-0.0799061346,-1.25148845e-08,-0.996802392
20.4599995,-0.0814925336,-1.25257041e-08,-0.996673952
20.4699995,-0.0830787508,-1.25363713e-08,-0.996542985
20.4799995,-0.0846646787,-1.25489428e-08,-0.9964095
20.4899995,-0.086250002,-1.25638027e-08,-0.996273525
20.4999995,-0.0878345611,-1.25796304e-08,-0.996135076
20.5099995,-0.089418619,-1.25950466e-08,-0.995994132
20.5199995,-0.0910022273,-1.26086337e-08,-0.995850689
20.5299995,-0.0925853573,-1.26196734e-08,-0.995704751
20.5399995,-0.0941679797,-1.2628634e-08,-0.995556323
20.5499995,-0.0957501309,-1.26392345e-08,-0.995405401
20.5599995,-0.097331696,-1.26540392e-08,-0.995251999
20.5699995,-0.098912646,-1.26705071e-08,-0.99509612
20.5799995,-0.100492894,-1.26896557e-08,-0.994937776
20.5899995,-0.102072637,-1.27114042e-08,-0.994776948
20.5999995,-0.103651811,-1.27347182e-08,-0.994613645
20.6099995,-0.105230209,-1.27583337e-08,-0.994447889
20.6199995,-0.106807967,-1.27803942e-08,-0.994279668
20.6299995,-0.108385095,-1.27989712e-08,-0.994108984
20.6399995,-0.109961712,-1.28156812e-08,-0.993935824
20.6499995,-0.111537855,-1.28327382e-08,-0.993760186
20.6599995,-0.113113382,-1.28496942e-08,-0.993582087
20.6699995,-0.114688199,-1.28651338e-08,-0.993401539
20.6799995,-0.116262264,-1.28797067e-08,-0.993218549
20.6899995,-0.117835632,-1.28934319e-08,-0.993033113
20.6999995,-0.119408087,-1.29086516e-08,-0.992845259
20.7099995,-0.120979472,-1.2927123e-08,-0.992655009
20.7199995,-0.122550096,-1.29457511e-08,-0.992462329
20.7299995,-0.124120089,-1.29628527e-08,-0.992267204
20.7399995,-0.125689504,-1.29794146e-08,-0.992069629
20.7499995,-0.12725819,-1.2997034e-08,-0.991869625
20.7599995,-0.128825762,-1.30164907e-08,-0.991667244
20.7699995,-0.130391849,-1.30388783e-08,-0.991462539
20.7799995,-0.131956375,-1.30641712e-08,-0.991255525
20.7899995,-0.133519657,-1.30892031e-08,-0.991046165
20.7999995,-0.135082049,-1.31122856e-08,-0.990834416
20.8099995,-0.136643628,-1.31351343e-08,-0.99062027
20.8199995,-0.138204376,-1.31596144e-08,-0.990403731
20.8299995,-0.139764117,-1.31840235e-08,-0.990184827
20.8399995,-0.141322853,-1.32054316e-08,-0.989963561
20.8499995,-0.142880712,-1.32235511e-08,-0.989739916
20.8599995,-0.144437559,-1.32402861e-08,-0.989513917
20.8699995,-0.145993347,-1.32559294e-08,-0.989285572
20.8799995,-0.147548289,-1.32690886e-08,-0.989054853
20.8899995,-0.149102433,-1.32798324e-08,-0.988821756
20.8999995,-0.150655757,-1.32889306e-08,-0.988586285
20.9099995,-0.152208305,-1.32983677e-08,-0.988348437
20.9199995,-0.153760065,-1.33120397e-08,-0.988108214
20.9299995,-0.155310984,-1.33301951e-08,-0.987865628
20.9399995,-0.156861233,-1.3348062e-08,-0.987620653
20.9499995,-0.158410656,-1.3364806e-08,-0.987373315
20.9599995,-0.15995888,-1.33817043e-08,-0.987123679
20.9699995,-0.161505835,-1.33985784e-08,-0.986871757
20.9799995,-0.163051345,-1.34153818e-08,-0.986617585
20.9899995,-0.164595857,-1.34315546e-08,-0.986361092
20.9999995,-0.16613925,-1.3447481e-08,-0.986102302
21.0099995,-0.167681425,-1.34626642e-08,-0.985841235
21.0199995,-0.169222623,-1.34760386e-08,-0.985577853
21.0299995,-0.170762979,-1.34879294e-08,-0.985312136
21.0399995,-0.172302441,-1.34995133e-08,-0.985044095
21.0499995,-0.173840887,-1.3511318e-08,-0.984773754
21.0599995,-0.175378446,-1.35233116e-08,-0.984501092
21.0699995,-0.176915119,-1.35353978e-08,-0.984226113
21.0799995,-0.17845072,-1.35473433e-08,-0.983948851
21.0899995,-0.179985209,-1.35583849e-08,-0.983669317
21.0999995,-0.181518642,-1.35691573e-08,-0.983387504
21.1099995,-0.183050831,-1.35813755e-08,-0.98310345
21.1199995,-0.184581545,-1.35941275e-08,-0.982817202
21.1299995,-0.186110925,-1.36048851e-08,-0.982528739
21.1399995,-0.187639275,-1.36124088e-08,-0.982238007
21.1499995,-0.189166738,-1.36175234e-08,-0.981944981
21.1599995,-0.190693378,-1.36208521e-08,-0.98164965
21.1699995,-0.192219158,-1.36228088e-08,-0.981352024
21.1799995,-0.193743942,-1.36241216e-08,-0.981052132
21.1899995,-0.195267705,-1.3625257e-08,-0.98074998
21.1999995,-0.196790456,-1.36253982e-08,-0.98044557
21.2099995,-0.198312183,-1.36231759e-08,-0.980138908
21.2199995,-0.199832905,-1.3617139e-08,-0.97982999
21.2299995,-0.201352811,-1.36085545e-08,-0.979518783
21.2399995,-0.202871791,-1.36019359e-08,-0.979205309
21.2499995,-0.204389754,-1.35963751e-08,-0.97888959
21.2599995,-0.2059069,-1.35891439e-08,-0.978571586
21.2699995,-0.207423269,-1.35807307e-08,-0.97825129
21.2799995,-0.208938808,-1.35728314e-08,-0.977928717
21.2899995,-0.210453292,-1.35655901e-08,-0.977603914
21.2999995,-0.211966599,-1.3555935e-08,-0.977276911
21.3099995,-0.213478968,-1.3542553e-08,-0.97694766
21.3199995,-0.214990442,-1.35264453e-08,-0.976616153
21.3299995,-0.216500667,-1.35111049e-08,-0.97628247
21.3399995,-0.218009546,-1.3498536e-08,-0.975946637
21.3499995,-0.219517046,-1.34878667e-08,-0.975608665
21.3599995,-0.221022799,-1.34810194e-08,-0.975268641
21.3699995,-0.222526917,-1.34748603e-08,-0.974926547
21.3799995,-0.224029639,-1.34695307e-08,-0.974582332
21.3899995,-0.22553121,-1.34651689e-08,-0.974235943
21.3999995,-0.227031723,-1.34616472e-08,-0.973887364
21.4099995,-0.22853119,-1.3459345e-08,-0.973536592
21.4199995,-0.230029696,-1.3458148e-08,-0.97318361
21.4299995,-0.2315271,-1.34580854e-08,-0.972828454
21.4399995,-0.233023074,-1.34610974e-08,-0.972471206
21.4499995,-0.234517823,-1.3463607e-08,-0.97211182
21.4599995,-0.236011626,-1.34656413e-08,-0.971750231
21.4699995,-0.237504368,-1.34680402e-08,-0.97138647
21.4799995,-0.238995956,-1.34715887e-08,-0.971020563
21.4899995,-0.240486305,-1.34775246e-08,-0.970652532
21.4999995,-0.24197535,-1.34845075e-08,-0.970282397
21.5099995,-0.243463301,-1.34915732e-08,-0.96991011
21.5199995,-0.24495005,-1.34993207e-08,-0.9695357
21.5299995,-0.246435463,-1.35088022e-08,-0.969159204
21.5399995,-0.247919363,-1.35192992e-08,-0.968780671
21.5499995,-0.249402085,-1.35285569e-08,-0.968400021
21.5599995,-0.25088379,-1.35377707e-08,-0.968017213
21.5699995,-0.252364466,-1.35480172e-08,-0.967632253
21.5799995,-0.253844097,-1.35573499e-08,-0.967245147
21.5899995,-0.25532256,-1.3565746e-08,-0.966855931
21.5999995,-0.256799715,-1.35732458e-08,-0.966464643
21.6099995,-0.258275574,-1.35806454e-08,-0.966071285
21.6199995,-0.25975032,-1.35854663e-08,-0.965675811
21.6299995,-0.261223991,-1.35875478e-08,-0.965278212
21.6399995,-0.262696595,-1.35875452e-08,-0.964878489
21.6499995,-0.264167971,-1.35874891e-08,-0.964476689
21.6599995,-0.265637791,-1.35888716e-08,-0.964072904
21.6699995,-0.267106,-1.35914065e-08,-0.963667154
21.6799995,-0.268572406,-1.35950696e-08,-0.963259499
21.6899995,-0.27003716,-1.35985043e-08,-0.962849901
21.6999995,-0.271500482,-1.36002281e-08,-0.962438304
21.7099995,-0.272962278,-1.36010893e-08,-0.962024737
21.7199995,-0.274422079,-1.36043798e-08,-0.96160934
21.7299995,-0.275879429,-1.3611278e-08,-0.96119225
21.7399995,-0.277333994,-1.36178703e-08,-0.960773571
21.7499995,-0.278786274,-1.36219792e-08,-0.960353171
21.7599995,-0.280236699,-1.36248203e-08,-0.959930931
21.7699995,-0.281685455,-1.36240616e-08,-0.959506803
21.7799995,-0.283132419,-1.36208981e-08,-0.959080827
21.7899995,-0.28457765,-1.36162146e-08,-0.958652993
21.7999995,-0.286021152,-1.36104331e-08,-0.958223304
21.8099995,-0.287462966,-1.36007978e-08,-0.957791754
21.8199995,-0.288903237,-1.35868858e-08,-0.957358303
21.8299995,-0.290341953,-1.35702079e-08,-0.956922959
21.8399995,-0.291779059,-1.35524426e-08,-0.956485745
21.8499995,-0.293214634,-1.35334045e-08,-0.95604664
21.8599995,-0.294648351,-1.35143369e-08,-0.95560575
21.8699995,-0.296079698,-1.35014267e-08,-0.955163239
21.8799995,-0.297508713,-1.34963382e-08,-0.954719103
21.8899995,-0.298935607,-1.349497e-08,-0.954273285
21.8999995,-0.300360373,-1.34953549e-08,-0.953825794
21.9099995,-0.301783355,-1.34963377e-08,-0.953376529
21.9199995,-0.303204552,-1.34980963e-08,-0.952925495
21.9299995,-0.304623784,-1.35002727e-08,-0.952472756
21.9399995,-0.306040997,-1.35013414e-08,-0.952018334
21.9499995,-0.30745639,-1.34982261e-08,-0.951562173
21.9599995,-0.308869693,-1.34926132e-08,-0.951104365
21.9699995,-0.310280501,-1.34880429e-08,-0.95064505
21.9799995,-0.311688944,-1.3485706e-08,-0.950184194
21.9899995,-0.313095474,-1.34862903e-08,-0.949721656
21.9999995,-0.314500365,-1.34874841e-08,-0.949257352
22.0099995,-0.315903475,-1.34883222e-08,-0.948791333
22.0199995,-0.3173046,-1.34890158e-08,-0.948323674
22.0299995,-0.31870396,-1.3489392e-08,-0.947854306
22.0399995,-0.320101532,-1.34887718e-08,-0.947383243
22.0499995,-0.321497406,-1.34873667e-08,-0.946910459
22.0599995,-0.32289188,-1.34834869e-08,-0.946435858
22.0699995,-0.324285117,-1.34790057e-08,-0.945959388
22.0799995,-0.325676932,-1.34755521e-08,-0.945481113
22.0899995,-0.327066999,-1.3475191e-08,-0.945001152
22.0999995,-0.328455347,-1.34769777e-08,-0.9445195
22.1099995,-0.329841943,-1.34798708e-08,-0.944036171
22.1199995,-0.331226679,-1.34849967e-08,-0.943551211
22.1299995,-0.332609621,-1.34911223e-08,-0.9430646
22.1399995,-0.333990884,-1.34980905e-08,-0.942576304
22.1499995,-0.335370485,-1.35051149e-08,-0.942086322
22.1599995,-0.336748335,-1.35125602e-08,-0.941594689
22.1699995,-0.338124544,-1.35208321e-08,-0.941101372
22.1799995,-0.339499196,-1.35279592e-08,-0.940606345
22.1899995,-0.340872274,-1.35332792e-08,-0.940109617
22.1999995,-0.342243921,-1.35369788e-08,-0.939611142
22.2099995,-0.343614124,-1.35402764e-08,-0.939110927
22.2199995,-0.344982979,-1.35411886e-08,-0.938608941
22.2299995,-0.346350501,-1.35400247e-08,-0.938105181
22.2399995,-0.347716321,-1.35373943e-08,-0.937599787
22.2499995,-0.349079693,-1.35329966e-08,-0.937093041
22.2599995,-0.350440727,-1.3527584e-08,-0.936584912
22.2699995,-0.351799871,-1.3518025e-08,-0.936075238
22.2799995,-0.353157466,-1.35045057e-08,-0.935563897
22.2899995,-0.354513432,-1.3490572e-08,-0.935050922
22.2999995,-0.355867739,-1.34764945e-08,-0.93453633
22.3099995,-0.357220355,-1.3464709e-08,-0.934020138
22.3199995,-0.35857098,-1.34592634e-08,-0.933502465
22.3299995,-0.359919934,-1.34528928e-08,-0.932983195
22.3399995,-0.361266944,-1.34432025e-08,-0.932462436
22.3499995,-0.362611597,-1.34306223e-08,-0.931940357
22.3599995,-0.363954393,-1.34132464e-08,-0.93141677
22.3699995,-0.365295672,-1.33948518e-08,-0.930891547
22.3799995,-0.366635343,-1.33815532e-08,-0.930364727
22.3899995,-0.367973147,-1.33716216e-08,-0.929836417
22.3999995,-0.36930927,-1.33605177e-08,-0.92930655
22.4099995,-0.370643575,-1.33479956e-08,-0.928775183
22.4199995,-0.371975916,-1.3335683e-08,-0.928242381
22.4299995,-0.373306574,-1.33243089e-08,-0.927708037
22.4399995,-0.374635712,-1.33154735e-08,-0.927172089
22.4499995,-0.375963469,-1.3305513e-08,-0.926634486
22.4599995,-0.377289771,-1.3294348e-08,-0.926095259
22.4699995,-0.378614247,-1.32857544e-08,-0.925554564
22.4799995,-0.379936593,-1.32810984e-08,-0.925012533
22.4899995,-0.381257152,-1.32739374e-08,-0.924469028
22.4999995,-0.382576079,-1.32628593e-08,-0.923923993
22.5099995,-0.383893358,-1.32503272e-08,-0.923377436
22.5199995,-0.385208906,-1.32386169e-08,-0.922829398
22.5299995,-0.386522703,-1.32278988e-08,-0.922279893
22.5399995,-0.387834905,-1.32155634e-08,-0.921728857
22.5499995,-0.389145371,-1.32019001e-08,-0.921176357
22.5599995,-0.390453758,-1.31870282e-08,-0.920622541
22.5699995,-0.391760192,-1.31725517e-08,-0.920067363
22.5799995,-0.393064954,-1.31573264e-08,-0.919510708
22.5899995,-0.394367933,-1.31428684e-08,-0.918952628
22.5999995,-0.395668852,-1.31265348e-08,-0.918393249
22.6099995,-0.396967802,-1.31087426e-08,-0.917832536
22.6199995,-0.398264952,-1.30912799e-08,-0.917270423
22.6299995,-0.399560084,-1.30790139e-08,-0.916707008
22.6399995,-0.400852925,-1.30721533e-08,-0.916142419
22.6499995,-0.402143159,-1.30648796e-08,-0.915576802
22.6599995,-0.403431275,-1.30540551e-08,-0.915009949
22.6699995,-0.404717481,-1.30419111e-08,-0.914441775
22.6799995,-0.406001656,-1.30299448e-08,-0.913872341
22.6899995,-0.407283645,-1.30179528e-08,-0.91330172
22.6999995,-0.408563585,-1.30033869e-08,-0.91272986
22.7099995,-0.409841623,-1.29864592e-08,-0.912156699
22.7199995,-0.411117559,-1.29690336e-08,-0.911582335
22.7299995,-0.412391383,-1.2950257e-08,-0.911006777
22.7399995,-0.413663116,-1.29301785e-08,-0.910430023
22.7499995,-0.414933046,-1.29079988e-08,-0.909851948
22.7599995,-0.416201299,-1.28842769e-08,-0.9092725
22.7699995,-0.417467782,-1.28604096e-08,-0.908691725
22.7799995,-0.418732517,-1.2835945e-08,-0.908109619
22.7899995,-0.419995364,-1.28116436e-08,-0.90752625
22.7999995,-0.421255973,-1.27887096e-08,-0.906941787
22.8099995,-0.422514557,-1.27657732e-08,-0.906356138
22.8199995,-0.423771407,-1.27410997e-08,-0.905769173
22.8299995,-0.425026532,-1.27137039e-08,-0.905180892
22.8399995,-0.426279919,-1.26843053e-08,-0.904591306
22.8499995,-0.427531652,-1.26549481e-08,-0.90400038
22.8599995,-0.428781855,-1.26273553e-08,-0.903408059
22.8699995,-0.430030354,-1.26013423e-08,-0.90281443
22.8799995,-0.431276736,-1.25754092e-08,-0.902219694
22.8899995,-0.432521152,-1.2548392e-08,-0.901623787
22.8999995,-0.43376385,-1.25220264e-08,-0.901026593
22.9099995,-0.435004762,-1.24987985e-08,-0.900428152
22.9199995,-0.436243553,-1.24813147e-08,-0.899828629
22.9299995,-0.437480383,-1.24673119e-08,-0.899227954
22.9399995,-0.438715255,-1.24562843e-08,-0.898626132
22.9499995,-0.439948304,-1.2446391e-08,-0.898023101
22.9599995,-0.441179659,-1.24328904e-08,-0.897418803
22.9699995,-0.442409326,-1.24154222e-08,-0.89681324
22.9799995,-0.443637142,-1.23973411e-08,-0.896206497
22.9899995,-0.444863038,-1.23842645e-08,-0.895598614
22.9999995,-0.446086669,-1.23783292e-08,-0.894989767
23.0099995,-0.447308043,-1.23752788e-08,-0.894379961
23.0199995,-0.448527531,-1.23716481e-08,-0.893769016
23.0299995,-0.449745043,-1.23674723e-08,-0.893156983
23.0399995,-0.450960534,-1.23590216e-08,-0.892543891
23.0499995,-0.452173979,-1.23442623e-08,-0.891929758
23.0599995,-0.453385366,-1.23299785e-08,-0.891314596
23.0699995,-0.454594894,-1.23102795e-08,-0.890698311
23.0799995,-0.455802495,-1.22828662e-08,-0.890080943
23.0899995,-0.457007996,-1.22496322e-08,-0.889462586
23.0999995,-0.45821152,-1.22158587e-08,-0.888843183
23.1099995,-0.459412943,-1.21883943e-08,-0.888222803
23.1199995,-0.460612443,-1.21668115e-08,-0.887601362
23.1299995,-0.461809888,-1.21488224e-08,-0.886978933
23.1399995,-0.463004818,-1.2133383e-08,-0.886355763
23.1499995,-0.464197427,-1.21233048e-08,-0.885731759
23.1599995,-0.465388101,-1.21167302e-08,-0.885106726
23.1699995,-0.466577052,-1.21116805e-08,-0.884480556
23.1799995,-0.467764273,-1.21082738e-08,-0.88385326
23.1899995,-0.468949715,-1.21053245e-08,-0.883224867
23.1999995,-0.470133087,-1.21030324e-08,-0.882595536
23.2099995,-0.471314582,-1.21021152e-08,-0.881965172
23.2199995,-0.47249455,-1.2101952e-08,-0.881333592
23.2299995,-0.473673172,-1.21018484e-08,-0.880700702
23.2399995,-0.474850462,-1.20999368e-08,-0.880066497
23.2499995,-0.476026288,-1.20938691e-08,-0.879431051
23.2599995,-0.47720045,-1.2085764e-08,-0.878794476
23.2699995,-0.478372873,-1.20752305e-08,-0.878156817
23.2799995,-0.47954338,-1.20666782e-08,-0.877518174
23.2899995,-0.480712254,-1.20601033e-08,-0.8768784
23.2999995,-0.481879318,-1.20502873e-08,-0.876237595
23.3099995,-0.483044251,-1.20343963e-08,-0.875595941
23.3199995,-0.484207232,-1.20171849e-08,-0.874953345
23.3299995,-0.485368349,-1.19938914e-08,-0.874309766
23.3399995,-0.486527243,-1.19641716e-08,-0.873665406
23.3499995,-0.48768323,-1.19334056e-08,-0.873020657
23.3599995,-0.488836506,-1.19076289e-08,-0.872375418
23.3699995,-0.489987653,-1.1884962e-08,-0.871729373
23.3799995,-0.491136689,-1.18616624e-08,-0.871082518
23.3899995,-0.492283109,-1.18385477e-08,-0.870435145
23.3999995,-0.493426961,-1.1815894e-08,-0.869787235
23.4099995,-0.494568689,-1.17936736e-08,-0.869138546
23.4199995,-0.495708113,-1.17661596e-08,-0.868489187
23.4299995,-0.496844621,-1.17321471e-08,-0.867839514
23.4399995,-0.497978577,-1.16960605e-08,-0.867189332
23.4499995,-0.499110224,-1.16588923e-08,-0.866538507
23.4599995,-0.500239874,-1.16202331e-08,-0.865886868
23.4699995,-0.501367614,-1.15795036e-08,-0.86523437
23.4799995,-0.502493277,-1.15359079e-08,-0.864581116
23.4899995,-0.503616793,-1.14888289e-08,-0.863927153
23.4999995,-0.504738132,-1.14415956e-08,-0.863272505
23.5099995,-0.505856881,-1.14003774e-08,-0.862617421
23.5199995,-0.506972935,-1.13643348e-08,-0.861961973
23.5299995,-0.508086673,-1.13269307e-08,-0.861305946
23.5399995,-0.509198377,-1.12865422e-08,-0.860649181
23.5499995,-0.510308141,-1.12441059e-08,-0.859991629
23.5599995,-0.511415884,-1.12004181e-08,-0.859333342
23.5699995,-0.512521611,-1.11554793e-08,-0.858674326
23.5799995,-0.513625321,-1.11122538e-08,-0.858014586
23.5899995,-0.514726872,-1.10738006e-08,-0.857354213
23.5999995,-0.515826649,-1.10344232e-08,-0.856692984
23.6099995,-0.516924813,-1.09913804e-08,-0.856030804
23.6199995,-0.518020981,-1.09474567e-08,-0.855367911
23.6299995,-0.519114614,-1.09081772e-08,-0.854704638
23.6399995,-0.520206144,-1.08679437e-08,-0.85404073
23.6499995,-0.521295905,-1.08246556e-08,-0.853375989
23.6599995,-0.522383976,-1.07783319e-08,-0.852710374
23.6699995,-0.523470448,-1.07302135e-08,-0.852043831
23.6799995,-0.524555379,-1.06811819e-08,-0.851376329
23.6899995,-0.525638621,-1.06296225e-08,-0.850707964
23.6999995,-0.526719829,-1.05770476e-08,-0.850038953
23.7099995,-0.527798948,-1.05317821e-08,-0.849369337
23.7199995,-0.52887606,-1.04929813e-08,-0.848699071
23.7299995,-0.529951093,-1.04563919e-08,-0.848028207
23.7399995,-0.531023923,-1.04218039e-08,-0.847356827
23.7499995,-0.532094884,-1.03836532e-08,-0.846684731
23.7599995,-0.533163789,-1.03410642e-08,-0.846012041
23.7699995,-0.534230202,-1.02962687e-08,-0.845339039
23.7799995,-0.535294257,-1.0257649e-08,-0.844665649
23.7899995,-0.536355635,-1.02245062e-08,-0.843992081
23.7999995,-0.537413993,-1.01925769e-08,-0.843318564
23.8099995,-0.53846976,-1.01646152e-08,-0.842644835
23.8199995,-0.539523394,-1.01401918e-08,-0.841970609
23.8299995,-0.540575194,-1.01141745e-08,-0.841295703
23.8399995,-0.541625173,-1.00855519e-08,-0.840620112
23.8499995,-0.542673336,-1.00547779e-08,-0.839943837
23.8599995,-0.543719637,-1.00240726e-08,-0.839266916
23.8699995,-0.54476415,-9.99604965e-09,-0.838589304
23.8799995,-0.545806999,-9.96609058e-09,-0.837910926
23.8899995,-0.546848238,-9.93369316e-09,-0.837231751
23.8999995,-0.547887748,-9.90255785e-09,-0.83655186
23.9099995,-0.548925298,-9.86832564e-09,-0.835871412
23.9199995,-0.549960754,-9.8276347e-09,-0.835190499
23.9299995,-0.550994348,-9.78266189e-09,-0.834508975
23.9399995,-0.552026285,-9.73497748e-09,-0.833826709
23.9499995,-0.553056663,-9.6841765e-09,-0.833143642
23.9599995,-0.554085561,-9.63337261e-09,-0.832459723
23.9699995,-0.555112879,-9.58591097e-09,-0.831775024
23.9799995,-0.556138515,-9.54316848e-09,-0.831089618
23.9899995,-0.557162629,-9.50356016e-09,-0.830403399
23.9999995,-0.558185304,-9.46565239e-09,-0.829716316
24.0099995,-0.559206423,-9.43024905e-09,-0.829028453
24.0199995,-0.560225746,-9.40062601e-09,-0.828339974
24.0299995,-0.561243374,-9.37438861e-09,-0.827650817
24.0399995,-0.562259391,-9.34793656e-09,-0.826960928
24.0499995,-0.563273762,-9.32206683e-09,-0.826270336
24.0599995,-0.564286481,-9.29797853e-09,-0.82557905
24.0699995,-0.565297695,-9.27610334e-09,-0.824886972
24.0799995,-0.566307424,-9.25552442e-09,-0.824194092
24.0899995,-0.567315509,-9.23534478e-09,-0.823500524
24.0999995,-0.568321954,-9.21499906e-09,-0.822806269
24.1099995,-0.569326569,-9.19398068e-09,-0.822111463
24.1199995,-0.570328976,-9.17148858e-09,-0.821416374
24.1299995,-0.571329359,-9.14779247e-09,-0.82072088
24.1399995,-0.572327766,-9.12394038e-09,-0.820024956
24.1499995,-0.573323908,-9.10185963e-09,-0.819328809
24.1599995,-0.574317779,-9.0797583e-09,-0.81863245
24.1699995,-0.575309015,-9.059304e-09,-0.817936145
24.1799995,-0.576297634,-9.04108949e-09,-0.817239889
24.1899995,-0.577283759,-9.01938448e-09,-0.816543607
24.1999995,-0.57826753,-8.99503897e-09,-0.815847206
24.2099995,-0.579249299,-8.97094721e-09,-0.815150446
24.2199995,-0.580228881,-8.94152649e-09,-0.814453464
24.2299995,-0.581206175,-8.90414749e-09,-0.813756341
24.2399995,-0.582181487,-8.86503933e-09,-0.813058864
24.2499995,-0.583154871,-8.82505361e-09,-0.812361002
24.2599995,-0.584126262,-8.78371813e-09,-0.811662806
24.2699995,-0.585095462,-8.74040032e-09,-0.810964426
24.2799995,-0.586062514,-8.7000921e-09,-0.810265839
24.2899995,-0.587027375,-8.66424156e-09,-0.809567083
24.2999995,-0.587990136,-8.62826792e-09,-0.808868098
24.3099995,-0.588950824,-8.5936583e-09,-0.808168872
24.3199995,-0.58990945,-8.56068314e-09,-0.807469405
24.3299995,-0.590866048,-8.52970191e-09,-0.806769678
24.3399995,-0.591820678,-8.50323598e-09,-0.806069653
24.3499995,-0.592773205,-8.48099153e-09,-0.805369435
24.3599995,-0.593723383,-8.46058422e-09,-0.804669214
24.3699995,-0.594671784,-8.44270375e-09,-0.803968574
24.3799995,-0.595618693,-8.42603183e-09,-0.803267311
24.3899995,-0.596564116,-8.40669883e-09,-0.802565421
24.3999995,-0.597508008,-8.3833115e-09,-0.801862944
24.4099995,-0.598450275,-8.35749168e-09,-0.801159952
24.4199995,-0.599391033,-8.3328734e-09,-0.800456364
24.4299995,-0.600330102,-8.30810513e-09,-0.799752317
24.4399995,-0.601266813,-8.28100162e-09,-0.799048321
24.4499995,-0.602200944,-8.25187058e-09,-0.798344552
24.4599995,-0.603133065,-8.2296637e-09,-0.797640587
24.4699995,-0.604063358,-8.21632433e-09,-0.796936295
24.4799995,-0.604991876,-8.20811184e-09,-0.796231643
24.4899995,-0.605918669,-8.20101965e-09,-0.795526597
24.4999995,-0.606843657,-8.19477234e-09,-0.794821223
24.5099995,-0.607766484,-8.18672822e-09,-0.794115798
24.5199995,-0.608686678,-8.17512283e-09,-0.793410693
24.5299995,-0.609603909,-8.16088862e-09,-0.792706172
24.5399995,-0.610518231,-8.14551275e-09,-0.792002203
24.5499995,-0.611430248,-8.13175017e-09,-0.791298333
24.5599995,-0.612340252,-8.11830638e-09,-0.790594343
24.5699995,-0.61324824,-8.10291826e-09,-0.789890243
24.5799995,-0.614154018,-8.08498748e-09,-0.78918619
24.5899995,-0.615057487,-8.06793112e-09,-0.788482268
24.5999995,-0.615958327,-8.05343381e-09,-0.787778737
24.6099994,-0.616856657,-8.03203702e-09,-0.787075514
24.6199994,-0.617752824,-8.00570405e-09,-0.786372334
24.6299994,-0.618647212,-7.97912609e-09,-0.785668904
24.6399994,-0.619539953,-7.95307502e-09,-0.784965125
24.6499994,-0.620431061,-7.92726494e-09,-0.784260989
24.6599994,-0.621320667,-7.90098655e-09,-0.783556398
24.6699994,-0.622208724,-7.87195574e-09,-0.782851393
24.6799994,-0.623095087,-7.83975866e-09,-0.782146094
24.6899994,-0.623979875,-7.80818878e-09,-0.78144041
24.6999994,-0.624862993,-7.77568499e-09,-0.780734424
24.7099994,-0.62574421,-7.73968042e-09,-0.780028322
24.7199994,-0.626623731,-7.70402747e-09,-0.779321949
24.7299994,-0.627501652,-7.66986484e-09,-0.778615231
24.7399994,-0.628378003,-7.63845551e-09,-0.777908147
24.7499994,-0.629252628,-7.60848936e-09,-0.77720083
24.7599994,-0.63012551,-7.57810849e-09,-0.776493297
24.7699994,-0.630996813,-7.55104267e-09,-0.775785422
24.7799994,-0.631866522,-7.52719366e-09,-0.775077221
24.7899994,-0.632734494,-7.50376033e-09,-0.774368814
24.7999994,-0.633600692,-7.47999893e-09,-0.773660237
24.8099994,-0.634465355,-7.45835314e-09,-0.772951301
24.8199994,-0.635328643,-7.43838203e-09,-0.772241877
24.8299994,-0.636190435,-7.41834904e-09,-0.771532067
24.8399994,-0.63705058,-7.39795461e-09,-0.770822002
24.8499994,-0.637909015,-7.37685721e-09,-0.770111738
24.8599994,-0.6387657,-7.35723497e-09,-0.769401313
24.8699994,-0.639620692,-7.34134784e-09,-0.768690686
24.8799994,-0.640473988,-7.32624252e-09,-0.767979863
24.8899994,-0.641325522,-7.30860452e-09,-0.767268907
24.8999994,-0.642175418,-7.28900978e-09,-0.766557717
24.9099994,-0.64302371,-7.2683343e-09,-0.76584627
24.9199994,-0.643870408,-7.24669275e-09,-0.765134562
24.9299994,-0.644715505,-7.22451455e-09,-0.764422604
24.9399994,-0.645558889,-7.20338326e-09,-0.763710496
24.9499994,-0.646400656,-7.1822919e-09,-0.76299816
24.9599994,-0.647240867,-7.16025951e-09,-0.76228555
24.9699994,-0.648079375,-7.13650312e-09,-0.761572796
24.9799994,-0.648916223,-7.11089437e-09,-0.760859866
24.9899994,-0.649751263,-7.0836796e-09,-0.760146892
24.9999994,-0.650584527,-7.05618762e-09,-0.75943385
25.0099994,-0.651415971,-7.02870993e-09,-0.758720787
25.0199994,-0.652245081,-6.99896001e-09,-0.75800815
25.0299994,-0.653071472,-6.96506704e-09,-0.757296278
25.0399994,-0.653895408,-6.93033913e-09,-0.756584956
25.0499994,-0.654716908,-6.8973174e-09,-0.755874177
25.0599994,-0.65553631,-6.86742459e-09,-0.755163656
25.0699994,-0.656353845,-6.84023496e-09,-0.7544532
25.0799994,-0.657169363,-6.81438187e-09,-0.753742946
25.0899994,-0.657982719,-6.7896532e-09,-0.753033029
25.0999994,-0.658794122,-6.76512073e-09,-0.752323271
25.1099994,-0.659603806,-6.74030539e-09,-0.751613477
25.1199994,-0.660411984,-6.71616641e-09,-0.750903464
25.1299994,-0.661218704,-6.69292279e-09,-0.750193192
25.1399994,-0.662023955,-6.66997584e-09,-0.749482677
25.1499994,-0.662827824,-6.64725459e-09,-0.748771845
25.1599994,-0.663630278,-6.62440417e-09,-0.748060729
25.1699994,-0.664431294,-6.60187741e-09,-0.747349353
25.1799994,-0.66523095,-6.5800786e-09,-0.746637652
25.1899994,-0.666029348,-6.55891289e-09,-0.745925537
25.1999994,-0.666826418,-6.53823245e-09,-0.745213075
25.2099994,-0.667622154,-6.51904684e-09,-0.744500275
25.2199994,-0.668416354,-6.50082682e-09,-0.74378732
25.2299994,-0.669208598,-6.48281599e-09,-0.743074594
25.2399994,-0.669999063,-6.4643505e-09,-0.742361944
25.2499994,-0.670787669,-6.44768029e-09,-0.741649448
25.2599994,-0.671574189,-6.43328099e-09,-0.740937317
25.2699994,-0.672358757,-6.42073695e-09,-0.74022544
25.2799994,-0.673141492,-6.40855791e-09,-0.739513713
25.2899994,-0.673922458,-6.39623736e-09,-0.738802085
25.2999994,-0.674701598,-6.38492035e-09,-0.738090614
25.3099994,-0.675479167,-6.37308832e-09,-0.737379072
25.3199994,-0.676255187,-6.36013734e-09,-0.736667443
25.3299994,-0.677029628,-6.34590682e-09,-0.735955762
25.3399994,-0.677802566,-6.32959152e-09,-0.73524396
25.3499994,-0.678573922,-6.31301724e-09,-0.734532118
25.3599994,-0.679343531,-6.29696745e-09,-0.733820392
25.3699994,-0.680111537,-6.28313794e-09,-0.733108653
25.3799994,-0.680878196,-6.27074965e-09,-0.73239667
25.3899994,-0.681643563,-6.25760061e-09,-0.731684395
25.3999994,-0.682407568,-6.24345506e-09,-0.730971895
25.4099994,-0.683170058,-6.2306094e-09,-0.730259319
25.4199994,-0.683930868,-6.22237019e-09,-0.729546824
25.4299994,-0.684689919,-6.21719927e-09,-0.728834491
25.4399994,-0.685447373,-6.20915064e-09,-0.728122173
25.4499994,-0.686203398,-6.19820428e-09,-0.727409717
25.4599994,-0.686957918,-6.18594569e-09,-0.726697199
25.4699994,-0.687710877,-6.17094324e-09,-0.725984676
25.4799994,-0.688462067,-6.15456107e-09,-0.72527235
25.4899994,-0.689211095,-6.13975848e-09,-0.724560603
25.4999994,-0.689958164,-6.12926954e-09,-0.723849247
25.5099994,-0.690703296,-6.12088312e-09,-0.72313827
25.5199994,-0.691446692,-6.11137497e-09,-0.722427486
25.5299994,-0.692188545,-6.10256965e-09,-0.721716716
25.5399994,-0.692928964,-6.09616356e-09,-0.72100586
25.5499994,-0.693667868,-6.0914686e-09,-0.720295001
25.5599994,-0.694405142,-6.08684515e-09,-0.719584255
25.5699994,-0.695140706,-6.083342e-09,-0.718873702
25.5799994,-0.695874256,-6.08088763e-09,-0.718163644
25.5899994,-0.696606041,-6.07987462e-09,-0.717453848
25.5999994,-0.697336268,-6.0763465e-09,-0.716744117
25.6099994,-0.698064923,-6.06755621e-09,-0.716034471
25.6199994,-0.698792125,-6.05460607e-09,-0.715324797
25.6299994,-0.699517734,-6.03774623e-09,-0.714615239
25.6399994,-0.700241656,-6.01839281e-09,-0.713905892
25.6499994,-0.700964113,-5.99740578e-09,-0.713196546
25.6599994,-0.701685095,-5.97446483e-09,-0.712487212
25.6699994,-0.702404597,-5.95129866e-09,-0.711777902
25.6799994,-0.703122729,-5.92801258e-09,-0.711068512
25.6899994,-0.703839437,-5.90418697e-09,-0.710359097
25.6999994,-0.704554453,-5.88201312e-09,-0.70964993
25.7099994,-0.705267554,-5.86282647e-09,-0.708941236
25.7199994,-0.705978966,-5.84552464e-09,-0.708232801
25.7299994,-0.706688786,-5.82789587e-09,-0.70752453
25.7399994,-0.707397182,-5.81240127e-09,-0.706816261
25.7499994,-0.708104122,-5.80120389e-09,-0.706108031
25.7599994,-0.708809354,-5.79352002e-09,-0.705400099
25.7699994,-0.709513128,-5.78730076e-09,-0.704692218
25.7799994,-0.71021546,-5.78065562e-09,-0.703984375
25.7899994,-0.710916219,-5.77190258e-09,-0.703276709
25.7999994,-0.711615294,-5.76249812e-09,-0.702569337
25.8099994,-0.712312467,-5.75400306e-09,-0.701862486
25.8199994,-0.713007951,-5.74584457e-09,-0.701155947
25.8299994,-0.713702021,-5.73712859e-09,-0.700449445
25.8399994,-0.714394795,-5.72711139e-09,-0.699742865
25.8499994,-0.715086148,-5.71480003e-09,-0.699036338
25.8599994,-0.715776078,-5.70152015e-09,-0.698329869
25.8699994,-0.716464567,-5.68698323e-09,-0.697623483
25.8799994,-0.717151398,-5.67002816e-09,-0.696917407
25.8899994,-0.717836693,-5.65479775e-09,-0.696211521
25.8999994,-0.718520493,-5.64343844e-09,-0.695505788
25.9099994,-0.719202764,-5.6351113e-09,-0.694800247
25.9199994,-0.719883725,-5.62977969e-09,-0.694094679
25.9299994,-0.720563482,-5.62723423e-09,-0.693388973
25.9399994,-0.721241764,-5.62496345e-09,-0.692683418
25.9499994,-0.721918275,-5.62051005e-09,-0.691978326
25.9599994,-0.722593168,-5.61838084e-09,-0.691273545
25.9699994,-0.723266497,-5.61952499e-09,-0.690569022
25.9799994,-0.72393842,-5.6217269e-09,-0.689864598
25.9899994,-0.724609053,-5.62361714e-09,-0.689160156
25.9999994,-0.72527841,-5.62425476e-09,-0.688455683
26.0099994,-0.725946354,-5.62365892e-09,-0.68775133
26.0199994,-0.726612758,-5.62352596e-09,-0.687047233
26.0299994,-0.727277723,-5.62645143e-09,-0.686343291
26.0399994,-0.727941007,-5.63126608e-09,-0.685639767
26.0499994,-0.728602277,-5.63372532e-09,-0.68493702
26.0599994,-0.729261719,-5.63309602e-09,-0.684234861
26.0699994,-0.729919506,-5.63182695e-09,-0.683533112
26.0799994,-0.730575866,-5.63114726e-09,-0.682831534
26.0899994,-0.731230784,-5.63003899e-09,-0.682130149
26.0999994,-0.731884091,-5.62674286e-09,-0.681429144
26.1099994,-0.732535787,-5.62249108e-09,-0.680728523
26.1199994,-0.733185941,-5.61872392e-09,-0.680028217
26.1299994,-0.73383474,-5.6169727e-09,-0.679328031
26.1399994,-0.73448224,-5.61648503e-09,-0.678627909
26.1499994,-0.735128491,-5.61634141e-09,-0.677927799
26.1599994,-0.735773498,-5.61653961e-09,-0.677227701
26.1699994,-0.736417086,-5.61624125e-09,-0.676527809
26.1799994,-0.737059166,-5.61437353e-09,-0.675828222
26.1899994,-0.737699863,-5.61112441e-09,-0.675128812
26.1999994,-0.738339227,-5.60658179e-09,-0.674429526
26.2099994,-0.738977334,-5.60140938e-09,-0.673730287
26.2199994,-0.73961411,-5.5953732e-09,-0.673031179
26.2299994,-0.740249635,-5.59001527e-09,-0.672332118
26.2399994,-0.740883878,-5.58517662e-09,-0.671633143
26.2499994,-0.741516612,-5.57922152e-09,-0.670934508
26.2599994,-0.742147947,-5.57435301e-09,-0.670236096
26.2699994,-0.742777938,-5.5723359e-09,-0.669537851
26.2799994,-0.743406513,-5.57488627e-09,-0.668839859
26.2899994,-0.744033246,-5.57896258e-09,-0.668142597
26.2999994,-0.744658234,-5.58048451e-09,-0.667445963
26.3099994,-0.745281568,-5.57892034e-09,-0.666749866
26.3199994,-0.74590327,-5.57685868e-09,-0.666054286
26.3299994,-0.74652324,-5.57591857e-09,-0.66535934
26.3399994,-0.747141766,-5.5788302e-09,-0.664664714
26.3499994,-0.747758961,-5.58411047e-09,-0.663970283
26.3599994,-0.748374792,-5.58983032e-09,-0.663276089
26.3699994,-0.748989355,-5.59590807e-09,-0.66258203
26.3799994,-0.749602734,-5.60254877e-09,-0.661888012
26.3899994,-0.750214946,-5.60978849e-09,-0.661194022
26.3999994,-0.750825913,-5.61780782e-09,-0.66050015
26.4099994,-0.751435676,-5.62613621e-09,-0.659806354
26.4199994,-0.752044327,-5.63323916e-09,-0.659112532
26.4299994,-0.752651865,-5.63812917e-09,-0.658418689
26.4399994,-0.753258403,-5.64386029e-09,-0.657724698
26.4499994,-0.753863991,-5.6508717e-09,-0.657030504
26.4599994,-0.754468601,-5.65807017e-09,-0.656336141
26.4699994,-0.755072162,-5.66679081e-09,-0.655641693
26.4799994,-0.755674491,-5.67904027e-09,-0.654947374
26.4899994,-0.756275389,-5.69302908e-09,-0.654253419
26.4999994,-0.756874994,-5.70906839e-09,-0.653559671
26.5099994,-0.757473554,-5.72872194e-09,-0.652865847
26.5199994,-0.758071025,-5.75123965e-09,-0.652172003
26.5299994,-0.758667063,-5.7727433e-09,-0.651478539
26.5399994,-0.759261638,-5.79400797e-09,-0.650785498
26.5499994,-0.759854989,-5.82232906e-09,-0.650092606
26.5599994,-0.760446774,-5.85377645e-09,-0.649400265
26.5699994,-0.761036309,-5.88317396e-09,-0.648709285
26.5799994,-0.761623964,-5.91388645e-09,-0.648019242
26.5899994,-0.762210128,-5.94817684e-09,-0.647329685
26.5999994,-0.762794791,-5.98250643e-09,-0.646640632
26.6099994,-0.763377951,-6.01526377e-09,-0.645952091
26.6199994,-0.763959812,-6.04995953e-09,-0.645263827
26.6299994,-0.764540337,-6.08635119e-09,-0.644575886
26.6399994,-0.765119454,-6.12230014e-09,-0.64388836
26.6499994,-0.765697233,-6.15946796e-09,-0.643201172
26.6599994,-0.766273651,-6.19915961e-09,-0.642514352
26.6699994,-0.766848679,-6.23896704e-09,-0.641827939
26.6799994,-0.767422442,-6.27680341e-09,-0.64114179
26.6899994,-0.767994916,-6.31209649e-09,-0.640455938
26.6999994,-0.768566062,-6.34692245e-09,-0.639770434
26.7099994,-0.769135951,-6.38243802e-09,-0.639085196
26.7199994,-0.769704583,-6.41895366e-09,-0.638400231
26.7299994,-0.770271922,-6.45838361e-09,-0.637715585
26.7399994,-0.770837979,-6.50029258e-09,-0.637031248
26.7499994,-0.771402714,-6.5404506e-09,-0.636347274
26.7599994,-0.771966034,-6.57698378e-09,-0.635663781
26.7699994,-0.772527853,-6.61004206e-09,-0.634980878
26.7799994,-0.773088242,-6.640532e-09,-0.634298487
26.7899994,-0.773647312,-6.66802018e-09,-0.633616474
26.7999994,-0.774205066,-6.69109936e-09,-0.632934843
26.8099994,-0.774761635,-6.71400965e-09,-0.632253437
26.8199994,-0.775317137,-6.73662976e-09,-0.631572116
26.8299994,-0.775871547,-6.75796684e-09,-0.630890912
26.8399994,-0.776424818,-6.78089129e-09,-0.630209887
26.8499994,-0.776976877,-6.8042817e-09,-0.629529135
26.8599994,-0.777527694,-6.82590589e-09,-0.628848698
26.8699994,-0.778077398,-6.84805016e-09,-0.628168419
26.8799994,-0.778626089,-6.87272018e-09,-0.627488178
26.8899994,-0.779173715,-6.89719933e-09,-0.626808042
26.8999994,-0.779720116,-6.91884494e-09,-0.626128215
26.9099994,-0.780265335,-6.93902756e-09,-0.625448644
26.9199994,-0.780809494,-6.9602812e-09,-0.624769185
26.9299994,-0.781352549,-6.9831508e-09,-0.624089893
26.9399994,-0.78189456,-7.00823646e-09,-0.623410697
26.9499994,-0.782435432,-7.03050647e-09,-0.62273172
26.9599994,-0.782974952,-7.04689012e-09,-0.622053233
26.9699994,-0.783513309,-7.06350955e-09,-0.621375003
26.9799994,-0.784050587,-7.08009621e-09,-0.620696928
26.9899994,-0.784586717,-7.09906501e-09,-0.620019099
26.9999994,-0.785121614,-7.12027544e-09,-0.619341628
27.0099994,-0.785655458,-7.14517811e-09,-0.618664288
27.0199994,-0.786188339,-7.17343511e-09,-0.617986971
27.0299994,-0.786720288,-7.20152576e-09,-0.617309638
27.0399994,-0.787251282,-7.22756401e-09,-0.616632321
27.0499994,-0.787781383,-7.25209429e-09,-0.615954943
27.0599994,-0.788310671,-7.27614434e-09,-0.615277406
27.0699994,-0.788839117,-7.2996942e-09,-0.614599745
27.0799994,-0.789366645,-7.32224843e-09,-0.613922064
27.0899994,-0.789893133,-7.34295167e-09,-0.613244517
27.0999994,-0.790418187,-7.35963337e-09,-0.612567621
27.1099994,-0.790941802,-7.37552528e-09,-0.611891384
27.1199994,-0.791464202,-7.39493107e-09,-0.611215525
27.1299994,-0.791985423,-7.41576244e-09,-0.610539999
27.1399994,-0.792505423,-7.4359104e-09,-0.609864866
27.1499994,-0.793024318,-7.45587845e-09,-0.609189979
27.1599994,-0.793542156,-7.47475554e-09,-0.608515281
27.1699994,-0.794059021,-7.4930658e-09,-0.607840662
27.1799994,-0.794574678,-7.50666863e-09,-0.607166437
27.1899994,-0.795088694,-7.51006567e-09,-0.606493172
27.1999994,-0.795600936,-7.50915926e-09,-0.605821055
27.2099994,-0.796111161,-7.50877915e-09,-0.605150411
27.2199994,-0.796619662,-7.5090267e-09,-0.604480864
27.2299994,-0.797126643,-7.51022496e-09,-0.603812152
27.2399994,-0.797632322,-7.51333761e-09,-0.603143996
27.2499994,-0.798136719,-7.51843403e-09,-0.602476372
27.2599994,-0.798639883,-7.5258411e-09,-0.60180922
27.2699994,-0.7991418,-7.53330323e-09,-0.601142566
27.2799994,-0.79964251,-7.53949273e-09,-0.600476358
27.2899994,-0.800142136,-7.5440985e-09,-0.599810439
27.2999994,-0.800640413,-7.5467144e-09,-0.599145166
27.3099994,-0.801136819,-7.54892108e-09,-0.598481242
27.3199994,-0.801631456,-7.55253813e-09,-0.597818542
27.3299994,-0.802124438,-7.5555121e-09,-0.597156919
27.3399994,-0.802616021,-7.55653359e-09,-0.596496037
27.3499994,-0.803106363,-7.5557016e-09,-0.59583569
27.3599994,-0.803595543,-7.55443279e-09,-0.595175776
27.3699994,-0.80408357,-7.55539954e-09,-0.594516285
27.3799994,-0.80457055,-7.55967058e-09,-0.593857078
27.3899994,-0.805056572,-7.56501454e-09,-0.593198041
27.3999994,-0.805541648,-7.56815583e-09,-0.592539158
27.4099994,-0.806025868,-7.57192691e-09,-0.591880309
27.4199994,-0.806509291,-7.57673773e-09,-0.591221417
27.4299994,-0.806991774,-7.58086603e-09,-0.590562679
27.4399994,-0.807473036,-7.58298767e-09,-0.589904481
27.4499994,-0.807953209,-7.58537677e-09,-0.589246648
27.4599994,-0.808432439,-7.5891776e-09,-0.588588984
27.4699994,-0.80891076,-7.59351921e-09,-0.587931443
27.4799994,-0.809388234,-7.59811471e-09,-0.587273945
27.4899994,-0.80986481,-7.60330046e-09,-0.586616561
27.4999994,-0.810340499,-7.60955155e-09,-0.585959279
27.5099994,-0.810815301,-7.61629293e-09,-0.585302099
27.5199994,-0.811289099,-7.62320195e-09,-0.58464519
27.5299994,-0.811761813,-7.63279184e-09,-0.583988663
27.5399994,-0.81223338,-7.64430076e-09,-0.583332612
27.5499994,-0.812703796,-7.65319635e-09,-0.582677047
27.5599994,-0.813173104,-7.65830696e-09,-0.582021909
27.5699994,-0.81364126,-7.66209227e-09,-0.581367268
27.5799994,-0.814108316,-7.6666896e-09,-0.580713053
27.5899994,-0.814574293,-7.67147405e-09,-0.58005924
27.5999994,-0.815039111,-7.6758745e-09,-0.579405943
27.6099994,-0.815502934,-7.6815916e-09,-0.57875294
27.6199994,-0.815965816,-7.69280126e-09,-0.578100153
27.6299994,-0.816427563,-7.71260022e-09,-0.577447863
27.6399994,-0.816887965,-7.73249504e-09,-0.57679637
27.6499994,-0.81734716,-7.75019492e-09,-0.576145485
27.6599994,-0.817805358,-7.76700637e-09,-0.575494915
27.6699994,-0.818262462,-7.78292186e-09,-0.574844799
27.6799994,-0.818718331,-7.79589151e-09,-0.574195345
27.6899994,-0.81917306,-7.80662249e-09,-0.573546422
27.6999994,-0.819626498,-7.81681939e-09,-0.572898249
27.7099994,-0.820078442,-7.82707639e-09,-0.572251124
27.7199994,-0.820528965,-7.83706588e-09,-0.571604948
27.7299994,-0.820978235,-7.85101252e-09,-0.570959489
27.7399994,-0.821426479,-7.86727645e-09,-0.570314422
27.7499994,-0.821873543,-7.88273349e-09,-0.569669973
27.7599994,-0.822319206,-7.89678167e-09,-0.569026469
27.7699994,-0.822763688,-7.91213072e-09,-0.568383598
27.7799994,-0.82320714,-7.92903095e-09,-0.567741142
27.7899994,-0.823649406,-7.94590514e-09,-0.567099335
27.7999994,-0.82409028,-7.96354449e-09,-0.566458481
27.8099994,-0.824529974,-7.98272509e-09,-0.565818277
27.8199994,-0.824968677,-8.00295778e-09,-0.565178451
27.8299994,-0.825406439,-8.02334272e-09,-0.564538936
27.8399994,-0.825843208,-8.04333316e-09,-0.56389981
27.8499994,-0.826278959,-8.06341373e-09,-0.563261114
27.8599994,-0.826713668,-8.08371994e-09,-0.562622885
27.8699994,-0.827147401,-8.10356716e-09,-0.561985033
27.8799994,-0.827580165,-8.12174143e-09,-0.561347549
27.8899994,-0.828011945,-8.13773038e-09,-0.56071046
27.8999994,-0.828442751,-8.15305831e-09,-0.560073752
27.9099994,-0.828872599,-8.16834938e-09,-0.559437409
27.9199994,-0.829301533,-8.18270565e-09,-0.558801367
27.9299994,-0.829729513,-8.19478453e-09,-0.558165688
27.9399994,-0.83015657,-8.20448339e-09,-0.557530331
27.9499994,-0.830582734,-8.21217229e-09,-0.556895252
27.9599994,-0.831007956,-8.21789111e-09,-0.55626053
27.9699994,-0.831432373,-8.2237487e-09,-0.555625962
27.9799994,-0.83185604,-8.22970894e-09,-0.554991468
27.9899994,-0.832278926,-8.23501501e-09,-0.554357096
27.9999994,-0.832701001,-8.23973296e-09,-0.553722893
28.0099994,-0.83312228,-8.24406871e-09,-0.553088842
28.0199994,-0.833542763,-8.24725701e-09,-0.552454941
28.0299994,-0.83396236,-8.24834632e-09,-0.551821332
28.0399994,-0.834381138,-8.2485749e-09,-0.551187914
28.0499994,-0.834799199,-8.24916357e-09,-0.550554537
28.0599994,-0.835216581,-8.25019226e-09,-0.549921142
28.0699994,-0.835633281,-8.25145736e-09,-0.549287739
28.0799994,-0.836049242,-8.25280388e-09,-0.548654413
28.0899994,-0.836464483,-8.25366258e-09,-0.548021139
28.0999994,-0.83687901,-8.25434247e-09,-0.547387908
28.1099994,-0.83729269,-8.25491406e-09,-0.546754927
28.1199994,-0.83770545,-8.25256921e-09,-0.546122312
28.1299994,-0.838117261,-8.24675206e-09,-0.545490107
28.1399994,-0.838528127,-8.2404595e-09,-0.544858312
28.1499994,-0.838938162,-8.23220112e-09,-0.544226754
28.1599994,-0.839347355,-8.22148342e-09,-0.543595454
28.1699994,-0.83975577,-8.209826e-09,-0.542964314
28.1799994,-0.840163479,-8.19672838e-09,-0.542333226
28.1899994,-0.840570498,-8.18079851e-09,-0.541702167
28.1999994,-0.840976811,-8.16310837e-09,-0.541071164
28.2099994,-0.841382358,-8.14651102e-09,-0.54044031
28.2199994,-0.841787148,-8.13145796e-09,-0.539809594
28.2299994,-0.842191242,-8.11689688e-09,-0.539178924
28.2399994,-0.84259467,-8.10209558e-09,-0.538548253
28.2499994,-0.842997427,-8.08675112e-09,-0.537917593
28.2599994,-0.843399497,-8.06985096e-09,-0.537286971
28.2699994,-0.843800824,-8.05143741e-09,-0.536656473
28.2799994,-0.844201463,-8.03168334e-09,-0.536026016
28.2899994,-0.84460135,-8.01165612e-09,-0.535395704
28.2999994,-0.845000336,-7.99307486e-09,-0.534765774
28.3099994,-0.845398397,-7.97642154e-09,-0.534136265
28.3199994,-0.845795302,-7.96136329e-09,-0.533507551
28.3299994,-0.846191026,-7.94575146e-09,-0.532879674
28.3399994,-0.846585631,-7.93100167e-09,-0.532252543
28.3499994,-0.846979312,-7.92170049e-09,-0.531625851
28.3599994,-0.847372125,-7.91541587e-09,-0.530999513
28.3699994,-0.847763905,-7.90808812e-09,-0.530373793
28.3799994,-0.848154517,-7.89883648e-09,-0.529748917
28.3899994,-0.848544105,-7.89036448e-09,-0.529124656
28.3999994,-0.848932826,-7.88341549e-09,-0.528500763
28.4099994,-0.849320757,-7.87733828e-09,-0.527877118
28.4199994,-0.849707768,-7.86848909e-09,-0.527253932
28.4299994,-0.850093615,-7.85509423e-09,-0.526631604
28.4399994,-0.850478447,-7.84498717e-09,-0.526009897
28.4499994,-0.850862392,-7.83761486e-09,-0.525388609
28.4599994,-0.851245441,-7.83070253e-09,-0.524767757
28.4699994,-0.851627556,-7.8235996e-09,-0.524147409
28.4799994,-0.852008646,-7.81580126e-09,-0.523527713
28.4899994,-0.852388639,-7.80721589e-09,-0.522908796
28.4999994,-0.852767616,-7.80020987e-09,-0.522290525
28.5099994,-0.853145704,-7.79798259e-09,-0.521672702
28.5199994,-0.853523004,-7.7988131e-09,-0.521055161
28.5299994,-0.853899548,-7.80043654e-09,-0.520437856
28.5399994,-0.854275313,-7.80145283e-09,-0.519820824
28.5499994,-0.854650317,-7.80272754e-09,-0.51920404
28.5599994,-0.855024566,-7.80442059e-09,-0.518587496
28.5699994,-0.855398002,-7.80491841e-09,-0.51797129
28.5799994,-0.855770686,-7.80395268e-09,-0.517355325
28.5899994,-0.856142674,-7.80326736e-09,-0.516739511
28.5999994,-0.856513956,-7.80351068e-09,-0.516123864
28.6099994,-0.856884376,-7.80581506e-09,-0.515508647
28.6199994,-0.857253659,-7.81114798e-09,-0.514894323
28.6299994,-0.85762194,-7.81916257e-09,-0.514280671
28.6399994,-0.857989382,-7.82618273e-09,-0.513667422
28.6499994,-0.858356074,-7.82905721e-09,-0.513054433
28.6599994,-0.858722097,-7.82999038e-09,-0.512441567
28.6699994,-0.85908749,-7.82988129e-09,-0.511828765
28.6799994,-0.859452204,-7.82784382e-09,-0.511216108
28.6899994,-0.859816105,-7.82236998e-09,-0.510603824
28.6999994,-0.860179197,-7.81363603e-09,-0.509991911
28.7099994,-0.860541553,-7.80410941e-09,-0.509380246
28.7199994,-0.860903182,-7.79484183e-09,-0.508768819
28.7299994,-0.861264112,-7.78373437e-09,-0.508157583
28.7399994,-0.861624356,-7.77156636e-09,-0.507546519
28.7499994,-0.86198391,-7.75814883e-09,-0.506935636
28.7599994,-0.862342797,-7.74321102e-09,-0.506324896
28.7699994,-0.862701041,-7.727184e-09,-0.505714262
28.7799994,-0.8630586,-7.7097316e-09,-0.505103805
28.7899994,-0.863415451,-7.69162206e-09,-0.504493567
28.7999994,-0.863771531,-7.67301163e-09,-0.503883659
28.8099994,-0.864126801,-7.65355686e-09,-0.503274152
28.8199994,-0.864481121,-7.63224124e-09,-0.502665287
28.8299994,-0.86483454,-7.60786862e-09,-0.502056987
28.8399994,-0.865186977,-7.58020023e-09,-0.501449394
28.8499994,-0.865538592,-7.55564711e-09,-0.500842237
28.8599994,-0.865889388,-7.53346952e-09,-0.500235512
28.8699994,-0.86623932,-7.51198977e-09,-0.499629302
28.8799994,-0.866588472,-7.49176362e-09,-0.499023467
28.8899994,-0.86693686,-7.47376498e-09,-0.498417978
28.8999994,-0.867284426,-7.45821331e-09,-0.497812941
28.9099994,-0.867631232,-7.44341509e-09,-0.497208252
28.9199994,-0.867977352,-7.42839392e-09,-0.496603782
28.9299994,-0.868322821,-7.41471964e-09,-0.495999474
28.9399994,-0.868667578,-7.40223742e-09,-0.495395437
28.9499994,-0.86901158,-7.39020524e-09,-0.494791747
28.9599994,-0.869354894,-7.3794113e-09,-0.494188292
28.9699994,-0.869697562,-7.37004311e-09,-0.493584998
28.9799994,-0.870039389,-7.36203733e-09,-0.492982213
28.9899994,-0.870379981,-7.35523019e-09,-0.492380633
28.9999994,-0.870719523,-7.34769134e-09,-0.491779943
29.0099994,-0.871058213,-7.33811196e-09,-0.491179794
29.0199994,-0.87139613,-7.32619862e-09,-0.49058005
29.0299994,-0.871733236,-7.31557691e-09,-0.489980781
29.0399994,-0.872069405,-7.30711347e-09,-0.489382216
29.0499994,-0.872404768,-7.30018057e-09,-0.488784126
29.0599994,-0.872739237,-7.29357328e-09,-0.48818667
29.0699994,-0.873072571,-7.28677501e-09,-0.487590286
29.0799994,-0.873404961,-7.28172761e-09,-0.486994634
29.0899993,-0.87373655,-7.27893434e-09,-0.486399466
29.0999993,-0.874067381,-7.27798389e-09,-0.485804706
29.1099993,-0.874397427,-7.27575829e-09,-0.485210408
29.1199993,-0.87472656,-7.26968222e-09,-0.484616803
29.1299993,-0.875054553,-7.26261143e-09,-0.484024306
29.1399993,-0.875381287,-7.25694079e-09,-0.483433142
29.1499993,-0.875706945,-7.25304718e-09,-0.482842984
29.1599993,-0.876031635,-7.24933064e-09,-0.482253642
29.1699993,-0.876355433,-7.24840939e-09,-0.481664982
29.1799993,-0.876678309,-7.25036055e-09,-0.481077065
29.1899993,-0.877000367,-7.25419779e-09,-0.480489705
29.1999993,-0.877321642,-7.25790396e-09,-0.479902841
29.2099993,-0.877642047,-7.25922222e-09,-0.479316636
29.2199993,-0.877961486,-7.26024551e-09,-0.47873127
29.2299993,-0.878279883,-7.26255348e-09,-0.478146888
29.2399993,-0.878597344,-7.26596173e-09,-0.477563301
29.2499993,-0.878914029,-7.26870699e-09,-0.47698022
29.2599993,-0.87922992,-7.26925234e-09,-0.476397678
29.2699993,-0.879544956,-7.27068355e-09,-0.475815795
29.2799993,-0.879859165,-7.27407478e-09,-0.475234521
29.2899993,-0.880172514,-7.27889284e-09,-0.474653921
29.2999993,-0.880485137,-7.2848543e-09,-0.474073753
29.3099993,-0.880797068,-7.29180144e-09,-0.473493955
29.3199993,-0.881108269,-7.29837241e-09,-0.472914599
29.3299993,-0.881418746,-7.3047498e-09,-0.47233568
29.3399993,-0.881728564,-7.31203129e-09,-0.471757077
29.3499993,-0.882037781,-7.32035527e-09,-0.471178684
29.3599993,-0.882346407,-7.32898519e-09,-0.470600486
29.3699993,-0.882654478,-7.33724536e-09,-0.470022418
29.3799993,-0.882962022,-7.34531783e-09,-0.469444425
29.3899993,-0.883269054,-7.35321704e-09,-0.468866481
29.3999993,-0.883575579,-7.36086555e-09,-0.468288582
29.4099993,-0.883881565,-7.36823413e-09,-0.467710785
29.4199993,-0.884186972,-7.37524142e-09,-0.467133169
29.4299993,-0.88449182,-7.38215231e-09,-0.466555699
29.4399993,-0.884796048,-7.39095238e-09,-0.465978491
29.4499993,-0.885099532,-7.40402461e-09,-0.465401782
29.4599993,-0.885402417,-7.41902467e-09,-0.4648253
29.4699993,-0.885704795,-7.43298904e-09,-0.464248873
29.4799993,-0.886006657,-7.44518717e-09,-0.463672517
29.4899993,-0.886308003,-7.45630177e-09,-0.463096235
29.4999993,-0.886608872,-7.46677236e-09,-0.462519955
29.5099993,-0.886909271,-7.47647631e-09,-0.46194366
29.5199993,-0.887209165,-7.48399174e-09,-0.461367421
29.5299993,-0.887508549,-7.48842393e-09,-0.460791249
29.5399993,-0.887807427,-7.49271363e-09,-0.460215137
29.5499993,-0.888105604,-7.49709498e-09,-0.459639463
29.5599993,-0.888402883,-7.50036954e-09,-0.459064612
29.5699993,-0.888699397,-7.50289339e-09,-0.458490329
29.5799993,-0.888995263,-7.50516021e-09,-0.457916392
29.5899993,-0.889290532,-7.50722189e-09,-0.457342704
29.5999993,-0.889585215,-7.50825531e-09,-0.456769248
29.6099993,-0.889879279,-7.50805616e-09,-0.456196086
29.6199993,-0.890172734,-7.5080159e-09,-0.455623204
29.6299993,-0.890465525,-7.50693621e-09,-0.455050709
29.6399993,-0.890757676,-7.50507382e-09,-0.454478562
29.6499993,-0.891049263,-7.5030689e-09,-0.45390661
29.6599993,-0.891340329,-7.50085227e-09,-0.453334774
29.6699993,-0.891630761,-7.49905298e-09,-0.452763278
29.6799993,-0.891920372,-7.49854408e-09,-0.452192492
29.6899993,-0.892209269,-7.4977438e-09,-0.45162221
29.6999993,-0.892497508,-7.4961642e-09,-0.451052322
29.7099993,-0.892785151,-7.49405961e-09,-0.450482712
29.7199993,-0.893072166,-7.49067695e-09,-0.449913442
29.7299993,-0.893358534,-7.48563421e-09,-0.449344555
29.7399993,-0.893644324,-7.48063941e-09,-0.448775915
29.7499993,-0.893929535,-7.47581005e-09,-0.448207526
29.7599993,-0.894214119,-7.47030295e-09,-0.447639485
29.7699993,-0.894498105,-7.46392603e-09,-0.44707174
29.7799993,-0.894781424,-7.45649277e-09,-0.446504426
29.7899993,-0.895064061,-7.44920186e-09,-0.445937582
29.7999993,-0.89534606,-7.44263626e-09,-0.445371118
29.8099993,-0.895627516,-7.43658842e-09,-0.444804848
29.8199993,-0.895908472,-7.43072027e-09,-0.444238686
29.8299993,-0.89618892,-7.42388787e-09,-0.443672649
29.8399993,-0.89646873,-7.41339148e-09,-0.443107003
29.8499993,-0.896747768,-7.40012719e-09,-0.442542022
29.8599993,-0.897026103,-7.39018902e-09,-0.441977568
29.8699993,-0.897303753,-7.38496465e-09,-0.44141361
29.8799993,-0.897580796,-7.38227199e-09,-0.440849991
29.8899993,-0.897857307,-7.38051666e-09,-0.440286561
29.8999993,-0.898133281,-7.37887303e-09,-0.439723333
29.9099993,-0.898408663,-7.37719179e-09,-0.439160421
29.9199993,-0.898683494,-7.37616234e-09,-0.43859774
29.9299993,-0.89895782,-7.37577516e-09,-0.438035202
29.9399993,-0.899231634,-7.37462137e-09,-0.43747282
29.9499993,-0.89950492,-7.3713134e-09,-0.43691063
29.9599993,-0.89977764,-7.36707369e-09,-0.436348712
29.9699993,-0.900049801,-7.36294047e-09,-0.435787053
29.9799993,-0.900321439,-7.36002391e-09,-0.435225582
29.9899993,-0.900592495,-7.35827564e-09,-0.434664419
29.9999993,-0.900863009,-7.3588822e-09,-0.434103489
30.0099993,-0.901133017,-7.36102067e-09,-0.433542715
30.0199993,-0.901402544,-7.36330652e-09,-0.432982048
30.0299993,-0.901671452,-7.36292361e-09,-0.432421777
30.0399993,-0.901939586,-7.35678765e-09,-0.431862228
30.0499993,-0.902207078,-7.35150885e-09,-0.431303129
30.0599993,-0.902474016,-7.3490895e-09,-0.430744299
30.0699993,-0.902740432,-7.34820956e-09,-0.430185671
30.0799993,-0.903006314,-7.34637806e-09,-0.429627278
30.0899993,-0.903271637,-7.34234896e-09,-0.429069167
30.0999993,-0.903536406,-7.3391695e-09,-0.428511334
30.1099993,-0.903800525,-7.33630826e-09,-0.427953982
30.1199993,-0.904063933,-7.33292621e-09,-0.427397245
30.1299993,-0.904326618,-7.33103975e-09,-0.426841151
30.1399993,-0.904588632,-7.32881258e-09,-0.426285593
30.1499993,-0.904850054,-7.3261428e-09,-0.425730408
30.1599993,-0.90511093,-7.3239101e-09,-0.425175498
30.1699993,-0.905371276,-7.32222388e-09,-0.424620835
30.1799993,-0.90563109,-7.32097801e-09,-0.42406642
30.1899993,-0.905890376,-7.32003152e-09,-0.423512251
30.1999993,-0.906149108,-7.31907758e-09,-0.422958384
30.2099993,-0.906407333,-7.31853809e-09,-0.42240472
30.2199993,-0.906665037,-7.31852121e-09,-0.421851291
30.2299993,-0.906922164,-7.31885332e-09,-0.421298218
30.2399993,-0.907178769,-7.31944245e-09,-0.420745387
30.2499993,-0.907434885,-7.32059426e-09,-0.420192729
30.2599993,-0.907690581,-7.32248894e-09,-0.419640096
30.2699993,-0.907945869,-7.32409223e-09,-0.419087459
30.2799993,-0.908200685,-7.32445824e-09,-0.418534963
30.2899993,-0.908454961,-7.3244804e-09,-0.417982755
30.2999993,-0.908708686,-7.3253126e-09,-0.417430861
30.3099993,-0.908961754,-7.32759413e-09,-0.416879514
30.3199993,-0.909214215,-7.33042324e-09,-0.416328609
30.3299993,-0.909466147,-7.33455919e-09,-0.415777979
30.3399993,-0.909717565,-7.33873745e-09,-0.415227591
30.3499993,-0.909968503,-7.34168888e-09,-0.414677374
30.3599993,-0.910218935,-7.34365579e-09,-0.414127384
30.3699993,-0.910468788,-7.34528907e-09,-0.413577788
30.3799993,-0.910718086,-7.34465524e-09,-0.413028531
30.3899993,-0.910966897,-7.34259751e-09,-0.412479469
30.3999993,-0.911215255,-7.34134486e-09,-0.411930526
30.4099993,-0.911463175,-7.34079818e-09,-0.411381673
30.4199993,-0.911710663,-7.34032171e-09,-0.410832895
30.4299993,-0.911957725,-7.33947279e-09,-0.41028418
30.4399993,-0.912204335,-7.33836882e-09,-0.409735587
30.4499993,-0.912450427,-7.33760706e-09,-0.409187266
30.4599993,-0.912695956,-7.33714393e-09,-0.408639317
30.4699993,-0.912940926,-7.33639935e-09,-0.408091737
30.4799993,-0.91318537,-7.33455364e-09,-0.407544452
30.4899993,-0.913429257,-7.33241185e-09,-0.406997533
30.4999993,-0.91367249,-7.32956465e-09,-0.406451205
30.5099993,-0.913915177,-7.32647712e-09,-0.405905222
30.5199993,-0.914157394,-7.32334966e-09,-0.405359419
30.5299993,-0.914399139,-7.3189377e-09,-0.404813802
30.5399993,-0.914640367,-7.31401498e-09,-0.404268474
30.5499993,-0.914881024,-7.31012102e-09,-0.403723559
30.5599993,-0.915121116,-7.30787256e-09,-0.403179046
30.5699993,-0.915360637,-7.30638515e-09,-0.402634952
30.5799993,-0.915599645,-7.30551118e-09,-0.402091146
30.5899993,-0.915838132,-7.3046595e-09,-0.40154765
30.5999993,-0.916076061,-7.30383805e-09,-0.401004551
30.6099993,-0.916313479,-7.30309871e-09,-0.400461743
30.6199993,-0.916550413,-7.30207317e-09,-0.399919166
30.6299993,-0.916786902,-7.30134387e-09,-0.399376735
30.6399993,-0.917022959,-7.30105536e-09,-0.398834417
30.6499993,-0.917258517,-7.30234427e-09,-0.398292372
30.6599993,-0.917493369,-7.30582656e-09,-0.397751076
30.6699993,-0.917727407,-7.3079282e-09,-0.397210783
30.6799993,-0.917960752,-7.30821177e-09,-0.396671222
30.6899993,-0.918193499,-7.3053413e-09,-0.396132173
30.6999993,-0.918425644,-7.29966519e-09,-0.395593651
30.7099993,-0.91865714,-7.29257221e-09,-0.395055768
30.7199993,-0.91888806,-7.28794265e-09,-0.394518356
30.7299993,-0.91911848,-7.28560445e-09,-0.393981242
30.7399993,-0.919348427,-7.28409947e-09,-0.393444366
30.7499993,-0.919577883,-7.28226407e-09,-0.392907771
30.7599993,-0.919806788,-7.279123e-09,-0.3923716
30.7699993,-0.920035146,-7.27546742e-09,-0.391835847
30.7799993,-0.920262935,-7.2733292e-09,-0.391300563
30.7899993,-0.920490065,-7.27303649e-09,-0.390765966
30.7999993,-0.920716589,-7.27200558e-09,-0.390231935
30.8099993,-0.92094257,-7.26929506e-09,-0.389698323
30.8199993,-0.921168077,-7.26711629e-09,-0.38916497
30.8299993,-0.921393151,-7.2685568e-09,-0.388631781
30.8399993,-0.921617804,-7.27364901e-09,-0.388098728
30.8499993,-0.921841978,-7.28055064e-09,-0.387565954
30.8599993,-0.922065572,-7.2882115e-09,-0.387033695
30.8699993,-0.922288577,-7.29966036e-09,-0.386501981
30.8799993,-0.922510929,-7.3159499e-09,-0.385970964
30.8899993,-0.922732717,-7.33334749e-09,-0.385440441
30.8999993,-0.922954004,-7.34979195e-09,-0.384910258
30.9099993,-0.923174818,-7.36825341e-09,-0.384380353
30.9199993,-0.923395174,-7.38820496e-09,-0.383850691
30.9299993,-0.923615096,-7.40741095e-09,-0.383321216
30.9399993,-0.923834603,-7.42807284e-09,-0.382791884
30.9499993,-0.924053642,-7.44923561e-09,-0.382262824
30.9599993,-0.924272129,-7.46802333e-09,-0.381734242
30.9699993,-0.924490111,-7.48612511e-09,-0.381206028
30.9799993,-0.924707636,-7.5046166e-09,-0.380678063
30.9899993,-0.924924715,-7.52475902e-09,-0.380150327
30.9999993,-0.925141356,-7.54526732e-09,-0.379622801
31.0099993,-0.925357529,-7.56464079e-09,-0.379095559
31.0199993,-0.92557324,-7.58429586e-09,-0.378568591
31.0299993,-0.925788529,-7.60452188e-09,-0.378041797
31.0399993,-0.926003409,-7.62515658e-09,-0.377515147
31.0499993,-0.926217875,-7.6462875e-09,-0.376988659
31.0599993,-0.926431934,-7.667677e-09,-0.376462311
31.0699993,-0.926645561,-7.68896476e-09,-0.375936171
31.0799993,-0.926858633,-7.70720439e-09,-0.37541054
31.0899993,-0.927071101,-7.72083078e-09,-0.374885547
31.0999993,-0.927283032,-7.73801787e-09,-0.374361027
31.1099993,-0.927494444,-7.76072141e-09,-0.373836939
31.1199993,-0.927705379,-7.78507878e-09,-0.37331318
31.1299993,-0.927915878,-7.80901266e-09,-0.372789649
31.1399993,-0.928125964,-7.83199779e-09,-0.372266295
31.1499993,-0.928335651,-7.85417173e-09,-0.371743082
31.1599993,-0.928544949,-7.87558658e-09,-0.371219985
31.1699993,-0.928753859,-7.89469915e-09,-0.370697005
31.1799993,-0.928962362,-7.91059841e-09,-0.37017419
31.1899993,-0.929170449,-7.92613268e-09,-0.36965156
31.1999993,-0.929378148,-7.94051613e-09,-0.369129054
31.2099993,-0.929585477,-7.95479932e-09,-0.368606622
31.2199993,-0.929792384,-7.96826086e-09,-0.368084397
31.2299993,-0.929998781,-7.97955152e-09,-0.367562604
31.2399993,-0.930204713,-7.98878982e-09,-0.367041132
31.2499993,-0.930410214,-7.99594122e-09,-0.366519894
31.2599993,-0.930615288,-8.00284391e-09,-0.365998887
31.2699993,-0.930819908,-8.01154201e-09,-0.365478177
31.2799993,-0.931024112,-8.01951689e-09,-0.364957673
31.2899993,-0.931227928,-8.02572045e-09,-0.3644373
31.2999993,-0.931431311,-8.03040851e-09,-0.36391718
31.3099993,-0.931634129,-8.03508541e-09,-0.363397648
31.3199993,-0.931836376,-8.04097789e-09,-0.362878725
31.3299993,-0.93203813,-8.04690078e-09,-0.362360214
31.3399993,-0.932239447,-8.05320769e-09,-0.361841974
31.3499993,-0.932440341,-8.05911591e-09,-0.361323968
31.3599993,-0.932640829,-8.06426986e-09,-0.360806158
31.3699993,-0.932840923,-8.06850875e-09,-0.360288513
31.3799993,-0.933040628,-8.07160217e-09,-0.35977102
31.3899993,-0.933239946,-8.07300709e-09,-0.359253676
31.3999993,-0.933438772,-8.07298679e-09,-0.358736755
31.4099993,-0.933636939,-8.07230054e-09,-0.358220694
31.4199993,-0.933834511,-8.07110009e-09,-0.357705334
31.4299993,-0.934031553,-8.07158019e-09,-0.357190507
31.4399993,-0.934228066,-8.07255902e-09,-0.356676213
31.4499993,-0.934424095,-8.0722059e-09,-0.356162337
31.4599993,-0.934619676,-8.07198031e-09,-0.35564879
31.4699993,-0.934814799,-8.07670945e-09,-0.355135597
31.4799993,-0.935009413,-8.08475354e-09,-0.354622896
31.4899993,-0.93520346,-8.0914789e-09,-0.354110842
31.4999993,-0.93539699,-8.09597382e-09,-0.35359931
31.5099993,-0.935590092,-8.09945645e-09,-0.353088062
31.5199993,-0.935782812,-8.10198695e-09,-0.352576983
31.5299993,-0.935975164,-8.10321642e-09,-0.352066035
31.5399993,-0.936167143,-8.10231897e-09,-0.351555231
31.5499993,-0.936358722,-8.09872278e-09,-0.351044646
31.5599993,-0.936549896,-8.0938159e-09,-0.350534294
31.5699993,-0.936740686,-8.08796979e-09,-0.350024125
31.5799993,-0.936931079,-8.08124965e-09,-0.349514166
31.5899993,-0.937121082,-8.07335126e-09,-0.349004408
31.5999993,-0.937310729,-8.06404459e-09,-0.34849476
31.6099993,-0.937500019,-8.05422481e-09,-0.347985221
31.6199993,-0.937688919,-8.04399521e-09,-0.347475885
31.6299993,-0.937877403,-8.03271122e-09,-0.346966824
31.6399993,-0.938065421,-8.02021766e-09,-0.346458173
31.6499993,-0.938252981,-8.00802439e-09,-0.345949914
31.6599993,-0.938440158,-7.9969903e-09,-0.345441848
31.6699993,-0.938626998,-7.9867325e-09,-0.344933846
31.6799993,-0.938813351,-7.97665046e-09,-0.344426324
31.6899993,-0.938998963,-7.96605401e-09,-0.343919973
31.6999993,-0.93918398,-7.95377242e-09,-0.343414402
31.7099993,-0.939368502,-7.93921515e-09,-0.342909343
31.7199993,-0.93955257,-7.9247584e-09,-0.342404686
31.7299993,-0.939736212,-7.91125856e-09,-0.341900353
31.7399993,-0.93991945,-7.89839584e-09,-0.341396291
31.7499993,-0.940102291,-7.88579139e-09,-0.34089248
31.7599993,-0.940284737,-7.87334852e-09,-0.340388915
31.7699993,-0.940466813,-7.86153485e-09,-0.339885531
31.7799993,-0.940648526,-7.85090274e-09,-0.339382307
31.7899993,-0.940829858,-7.84154229e-09,-0.338879299
31.7999993,-0.94101081,-7.83376651e-09,-0.338376499
31.8099993,-0.941191417,-7.82661691e-09,-0.337873818
31.8199993,-0.941371649,-7.82056908e-09,-0.337371336
31.8299993,-0.941551446,-7.81681575e-09,-0.336869226
31.8399993,-0.941730873,-7.8137069e-09,-0.336367302
31.8499993,-0.941909979,-7.81068355e-09,-0.335865438
31.8599993,-0.942088778,-7.80761399e-09,-0.335363586
31.8699993,-0.942267259,-7.80426133e-09,-0.334861781
31.8799993,-0.942445396,-7.80153779e-09,-0.334360099
31.8899993,-0.942623176,-7.8005138e-09,-0.333858574
31.8999993,-0.942800563,-7.80106527e-09,-0.333357312
31.9099993,-0.9429776,-7.80305154e-09,-0.332856193
31.9199993,-0.943154315,-7.80605158e-09,-0.332355138
31.9299993,-0.943330676,-7.80958745e-09,-0.331854239
31.9399993,-0.943506605,-7.81296297e-09,-0.331353717
31.9499993,-0.943682123,-7.81576365e-09,-0.330853518
31.9599993,-0.943857288,-7.81781678e-09,-0.330353477
31.9699993,-0.944032115,-7.81864021e-09,-0.329853553
31.9799993,-0.9442066,-7.82120178e-09,-0.329353757
31.9899993,-0.944380723,-7.8268757e-09,-0.328854147
31.9999993,-0.944554472,-7.83406024e-09,-0.328354761
32.0099993,-0.944727785,-7.84258612e-09,-0.327855781
32.0199993,-0.944900671,-7.85085946e-09,-0.327357177
32.0299993,-0.945073125,-7.8565504e-09,-0.326858973
32.0399993,-0.945245153,-7.85951851e-09,-0.32636115
32.0499993,-0.945416789,-7.86362802e-09,-0.325863615
32.0599993,-0.945588105,-7.86905811e-09,-0.325366156
32.0699993,-0.945759094,-7.87488648e-09,-0.324868799
32.0799993,-0.945929712,-7.88101802e-09,-0.324371669
32.0899993,-0.946099958,-7.88560919e-09,-0.323874774
32.0999993,-0.94626979,-7.88754218e-09,-0.323378237
32.1099993,-0.946439172,-7.88662146e-09,-0.322882167
32.1199993,-0.946608032,-7.88342006e-09,-0.322386777
32.1299993,-0.946776444,-7.88064338e-09,-0.321891854
32.1399993,-0.946944459,-7.87852721e-09,-0.321397248
32.1499993,-0.947112088,-7.876329e-09,-0.320902935
32.1599993,-0.947279324,-7.87367254e-09,-0.320408929
32.1699993,-0.947446192,-7.87049386e-09,-0.319915167
32.1799993,-0.947612724,-7.86763382e-09,-0.319421547
32.1899993,-0.947778957,-7.86604494e-09,-0.318927969
32.1999993,-0.947944885,-7.86418935e-09,-0.318434445
32.2099993,-0.948110504,-7.86160572e-09,-0.317940989
32.2199993,-0.948275795,-7.85864517e-09,-0.317447659
32.2299993,-0.948440707,-7.85563244e-09,-0.31695461
32.2399993,-0.94860522,-7.85249986e-09,-0.316461905
32.2499993,-0.948769377,-7.84801597e-09,-0.315969413
32.2599993,-0.948933186,-7.84374342e-09,-0.315477114
32.2699993,-0.949096616,-7.84054606e-09,-0.314985099
32.2799993,-0.949259707,-7.83748013e-09,-0.314493257
32.2899993,-0.949422485,-7.83409049e-09,-0.314001504
32.2999993,-0.949584961,-7.830552e-09,-0.313509812
32.3099993,-0.949747079,-7.82730592e-09,-0.313018349
32.3199993,-0.94990875,-7.82468765e-09,-0.312527385
32.3299993,-0.950070026,-7.82208748e-09,-0.312036769
32.3399993,-0.950230945,-7.81894365e-09,-0.311546386
32.3499993,-0.950391518,-7.81488182e-09,-0.311056205
32.3599993,-0.950551745,-7.81045523e-09,-0.310566226
32.3699993,-0.950711636,-7.80523998e-09,-0.310076418
32.3799993,-0.950871204,-7.79909117e-09,-0.309586745
32.3899993,-0.951030481,-7.79267309e-09,-0.309097111
32.3999993,-0.95118949,-7.78675211e-09,-0.308607442
32.4099993,-0.951348126,-7.77896106e-09,-0.308118066
32.4199993,-0.951506319,-7.77268411e-09,-0.3076292
32.4299993,-0.951664096,-7.76714034e-09,-0.307140762
32.4399993,-0.95182153,-7.76001591e-09,-0.306652532
32.4499993,-0.95197859,-7.75099815e-09,-0.306164603
32.4599993,-0.95213517,-7.73920659e-09,-0.305677311
32.4699993,-0.952291273,-7.72466055e-09,-0.305190648
32.4799993,-0.952446951,-7.70998627e-09,-0.304704456
32.4899993,-0.952602231,-7.6977203e-09,-0.304218655
32.4999993,-0.95275709,-7.68761355e-09,-0.303733316
32.5099993,-0.952911566,-7.67903964e-09,-0.303248327
32.5199993,-0.953065678,-7.67160973e-09,-0.302763625
32.5299993,-0.953219439,-7.66426046e-09,-0.302279177
32.5399993,-0.953372836,-7.65631672e-09,-0.301795022
32.5499993,-0.953525816,-7.64784603e-09,-0.30131133
32.5599993,-0.9536784,-7.6399214e-09,-0.300828039
32.5699993,-0.9538306,-7.63216355e-09,-0.300345113
32.5799993,-0.953982391,-7.62553065e-09,-0.299862632
32.5899993,-0.954133793,-7.61963676e-09,-0.299380536
32.5999993,-0.95428483,-7.61360104e-09,-0.298898752
32.6099993,-0.954435522,-7.60756032e-09,-0.298417214
32.6199993,-0.95458588,-7.60108837e-09,-0.297935895
32.6299993,-0.954735912,-7.59486334e-09,-0.297454766
32.6399993,-0.954885616,-7.58887913e-09,-0.296973837
32.6499993,-0.955034994,-7.5818217e-09,-0.296493105
32.6599993,-0.955184018,-7.57357528e-09,-0.296012656
32.6699993,-0.955332643,-7.56509865e-09,-0.295532641
32.6799993,-0.955480827,-7.55611437e-09,-0.295053197
32.6899993,-0.955628614,-7.54591196e-09,-0.294574188
32.6999993,-0.955776042,-7.53541543e-09,-0.294095491
32.7099993,-0.955923136,-7.52587533e-09,-0.293617026
32.7199993,-0.956069886,-7.51749576e-09,-0.293138828
32.7299993,-0.956216288,-7.51123467e-09,-0.292660915
32.7399993,-0.956362318,-7.50726139e-09,-0.29218336
32.7499993,-0.956507989,-7.50483749e-09,-0.291706131
32.7599993,-0.956653282,-7.50207852e-09,-0.291229288
32.7699993,-0.956798102,-7.49669692e-09,-0.290753146
32.7799993,-0.956942464,-7.48792251e-09,-0.290277663
32.7899993,-0.95708643,-7.47926173e-09,-0.289802631
32.7999993,-0.957230031,-7.47110073e-09,-0.289327958
32.8099993,-0.95737329,-7.46328738e-09,-0.288853568
32.8199993,-0.957516213,-7.45522553e-09,-0.288379441
32.8299993,-0.95765877,-7.44636277e-09,-0.287905679
32.8399993,-0.957800914,-7.43676137e-09,-0.287432442
32.8499993,-0.957942694,-7.42772143e-09,-0.28695957
32.8599993,-0.958084143,-7.41951556e-09,-0.286486954
32.8699993,-0.958225267,-7.41231915e-09,-0.286014575
32.8799993,-0.958366066,-7.40648454e-09,-0.285542439
32.8899993,-0.958506555,-7.40087431e-09,-0.285070488
32.8999993,-0.958646746,-7.39489328e-09,-0.284598694
32.9099993,-0.95878664,-7.38866388e-09,-0.284127049
32.9199993,-0.958926215,-7.38244139e-09,-0.283655625
32.9299993,-0.959065435,-7.37630015e-09,-0.283184553
32.9399993,-0.959204332,-7.37013129e-09,-0.282713723
32.9499993,-0.959342923,-7.36304933e-09,-0.282243081
32.9599993,-0.959481196,-7.35441687e-09,-0.281772666
32.9699993,-0.959619152,-7.34593047e-09,-0.281302476
32.9799993,-0.9597568,-7.33801106e-09,-0.280832487
32.9899993,-0.959894149,-7.33146724e-09,-0.280362662
32.9999993,-0.960031197,-7.32595721e-09,-0.279893015
33.0099993,-0.960167927,-7.32168778e-09,-0.279423608
33.0199993,-0.960304335,-7.31931158e-09,-0.278954448
33.0299993,-0.960440417,-7.31632839e-09,-0.278485559
33.0399993,-0.960576166,-7.31177799e-09,-0.278016957
33.0499993,-0.960711622,-7.30838064e-09,-0.277548516
33.0599993,-0.960846803,-7.30653357e-09,-0.277080172
33.0699993,-0.960981714,-7.30532711e-09,-0.276611905
33.0799993,-0.961116353,-7.30489304e-09,-0.276143725
33.0899993,-0.961250714,-7.30493797e-09,-0.275675651
33.0999993,-0.961384762,-7.30444388e-09,-0.27520781
33.1099993,-0.961518442,-7.30444824e-09,-0.274740396
33.1199993,-0.961651794,-7.30426838e-09,-0.274273269
33.1299993,-0.961784853,-7.30269211e-09,-0.273806313
33.1399993,-0.961917626,-7.30113616e-09,-0.273339498
33.1499993,-0.962050087,-7.2995138e-09,-0.272872919
33.1599993,-0.962182128,-7.29930529e-09,-0.272406962
33.1699993,-0.962313629,-7.30121978e-09,-0.271942051
33.1799993,-0.962444695,-7.30558485e-09,-0.271477822
33.1899993,-0.962575391,-7.31042863e-09,-0.271014052
33.1999993,-0.962705659,-7.31270633e-09,-0.270550947
33.2099993,-0.962835468,-7.31158564e-09,-0.270088619
33.2199993,-0.962964865,-7.31181144e-09,-0.269626908
33.2299993,-0.963093857,-7.31434824e-09,-0.269165789
33.2399993,-0.963222481,-7.31857736e-09,-0.268705138
33.2499993,-0.963350759,-7.32376077e-09,-0.268244878
33.2599993,-0.963478701,-7.32956829e-09,-0.267784974
33.2699993,-0.963606314,-7.33564013e-09,-0.267325406
33.2799993,-0.963733588,-7.34196716e-09,-0.266866204
33.2899993,-0.963860533,-7.34808678e-09,-0.266407345
33.2999993,-0.963987155,-7.35210298e-09,-0.265948801
33.3099993,-0.964113468,-7.3539292e-09,-0.265490529
33.3199993,-0.964239477,-7.35602557e-09,-0.265032508
33.3299993,-0.964365167,-7.35847041e-09,-0.2645748
33.3399993,-0.96449051,-7.35937679e-09,-0.264117505
33.3499993,-0.964615429,-7.3592414e-09,-0.263660909
33.3599993,-0.964739944,-7.36240629e-09,-0.263204939
33.3699993,-0.964864104,-7.36735776e-09,-0.262749427
33.3799993,-0.964987917,-7.37270082e-09,-0.26229434
33.3899993,-0.965111405,-7.37832517e-09,-0.261839599
33.3999993,-0.965234541,-7.38526268e-09,-0.261385311
33.4099993,-0.965357286,-7.39346737e-09,-0.26093162
33.4199993,-0.965479695,-7.40167759e-09,-0.260478327
33.4299993,-0.965601812,-7.40971152e-09,-0.260025271
33.4399993,-0.965723659,-7.41794033e-09,-0.25957237
33.4499993,-0.965845242,-7.426073e-09,-0.259119601
33.4599993,-0.965966555,-7.43409518e-09,-0.258666996
33.4699993,-0.966087589,-7.44235797e-09,-0.258214583
33.4799993,-0.966208354,-7.45001304e-09,-0.257762326
33.4899993,-0.966328862,-7.45658025e-09,-0.257310185
33.4999993,-0.966449117,-7.46264917e-09,-0.256858141
33.5099993,-0.966569111,-7.46843032e-09,-0.256406228
33.5199993,-0.966688826,-7.47375998e-09,-0.255954516
33.5299993,-0.966808277,-7.47847833e-09,-0.255502945
33.5399993,-0.966927474,-7.48236302e-09,-0.255051486
33.5499993,-0.967046401,-7.48521301e-09,-0.254600193
33.5599992,-0.967165043,-7.48885397e-09,-0.25414913
33.5699992,-0.967283408,-7.4955401e-09,-0.253698261
33.5799992,-0.967401518,-7.5033713e-09,-0.253247514
33.5899992,-0.967519376,-7.51122851e-09,-0.252796869
33.5999992,-0.967636984,-7.51879393e-09,-0.252346323
33.6099992,-0.967754338,-7.52616176e-09,-0.251895895
33.6199992,-0.967871432,-7.53363388e-09,-0.251445604
33.6299992,-0.96798828,-7.54081422e-09,-0.250995398
33.6399992,-0.968104884,-7.54782367e-09,-0.250545271
33.6499992,-0.968221239,-7.55476323e-09,-0.250095248
33.6599992,-0.968337353,-7.5609609e-09,-0.249645289
33.6699992,-0.968453236,-7.56697098e-09,-0.249195363
33.6799992,-0.968568894,-7.57298608e-09,-0.248745448
33.6899992,-0.968684317,-7.57767903e-09,-0.248295578
33.6999992,-0.968799492,-7.57990053e-09,-0.247845806
33.7099992,-0.968914427,-7.58189841e-09,-0.247396107
33.7199992,-0.96902912,-7.5839727e-09,-0.246946482
33.7299992,-0.969143572,-7.5864515e-09,-0.246496932
33.7399992,-0.969257787,-7.58914881e-09,-0.24604744
33.7499992,-0.969371764,-7.59168858e-09,-0.245598013
33.7599992,-0.969485499,-7.59369528e-09,-0.245148663
33.7699992,-0.96959899,-7.59482691e-09,-0.244699405
33.7799992,-0.969712239,-7.5949121e-09,-0.244250228
33.7899992,-0.969825219,-7.59469438e-09,-0.243801238
33.7999992,-0.969937885,-7.5955915e-09,-0.243352625
33.8099992,-0.970050259,-7.59632916e-09,-0.242904292
33.8199992,-0.97016234,-7.59681728e-09,-0.242456253
33.8299992,-0.970274147,-7.59725757e-09,-0.242008427
33.8399992,-0.97038571,-7.59815473e-09,-0.241560706
33.8499992,-0.970497021,-7.60010985e-09,-0.241113112
33.8599992,-0.970608045,-7.60290071e-09,-0.240665791
33.8699992,-0.970718773,-7.60505703e-09,-0.240218784
33.8799992,-0.970829236,-7.6063517e-09,-0.239771964
33.8899992,-0.970939454,-7.60704336e-09,-0.239325252
33.8999992,-0.971049442,-7.6075771e-09,-0.238878591
33.9099992,-0.971159212,-7.60828204e-09,-0.238431928
33.9199992,-0.971268743,-7.60955377e-09,-0.237985354
33.9299992,-0.971377988,-7.61213935e-09,-0.237539059
33.9399992,-0.971486933,-7.61421747e-09,-0.237093104
33.9499992,-0.971595608,-7.61497859e-09,-0.236647365
33.9599992,-0.971704027,-7.61421048e-09,-0.236201785
33.9699992,-0.971812194,-7.61271848e-09,-0.235756357
33.9799992,-0.971920101,-7.61108885e-09,-0.235311106
33.9899992,-0.972027754,-7.60826615e-09,-0.234866017
33.9999992,-0.972135152,-7.60598747e-09,-0.234421089
34.0099992,-0.972242287,-7.6042453e-09,-0.233976355
34.0199992,-0.972349178,-7.60101652e-09,-0.233531745
34.0299992,-0.972455827,-7.59724451e-09,-0.233087245
34.0399992,-0.972562207,-7.59435813e-09,-0.232642973
34.0499992,-0.97266834,-7.59133569e-09,-0.232198838
34.0599992,-0.972774239,-7.58764704e-09,-0.231754783
34.0699992,-0.972879906,-7.58341323e-09,-0.231310804
34.0799992,-0.972985363,-7.57874223e-09,-0.230866807
34.0899992,-0.97309062,-7.57495568e-09,-0.230422755
34.0999992,-0.973195634,-7.57315568e-09,-0.229978819
34.1099992,-0.973300422,-7.5713765e-09,-0.229534938
34.1199992,-0.973404962,-7.56836298e-09,-0.229091205
34.1299992,-0.973509204,-7.56416279e-09,-0.228647828
34.1399992,-0.973613185,-7.55877961e-09,-0.22820466
34.1499992,-0.973716928,-7.55201058e-09,-0.227761595
34.1599992,-0.973820446,-7.54591962e-09,-0.227318583
34.1699992,-0.97392374,-7.54085716e-09,-0.226875622
34.1799992,-0.97402681,-7.53596672e-09,-0.226432713
34.1899992,-0.974129666,-7.53027415e-09,-0.225989809
34.1999992,-0.974232327,-7.52412555e-09,-0.225546832
34.2099992,-0.974334786,-7.51855464e-09,-0.225103811
34.2199992,-0.97443703,-7.51390531e-09,-0.224660801
34.2299992,-0.974539051,-7.50984185e-09,-0.224217834
34.2399992,-0.974640862,-7.50624523e-09,-0.223774866
34.2499992,-0.974742464,-7.50265564e-09,-0.223331881
34.2599992,-0.974843852,-7.49877483e-09,-0.222888905
34.2699992,-0.974945017,-7.49530579e-09,-0.22244598
34.2799992,-0.975045955,-7.49176079e-09,-0.222003119
34.2899992,-0.975146673,-7.488601e-09,-0.221560299
34.2999992,-0.975247169,-7.48553294e-09,-0.221117525
34.3099992,-0.975347432,-7.48217085e-09,-0.220674842
34.3199992,-0.975447444,-7.47976535e-09,-0.220232341
34.3299992,-0.97554719,-7.47903784e-09,-0.219790084
34.3399992,-0.975646685,-7.47930313e-09,-0.219348002
34.3499992,-0.975745943,-7.48019285e-09,-0.218906039
34.3599992,-0.975844937,-7.48264255e-09,-0.218464318
34.3699992,-0.975943625,-7.48779615e-09,-0.218023027
34.3799992,-0.976042049,-7.49214754e-09,-0.217581982
34.3899992,-0.976140232,-7.49652538e-09,-0.21714108
34.3999992,-0.976238166,-7.50255532e-09,-0.216700354
34.4099992,-0.976335805,-7.50697883e-09,-0.216260018
34.4199992,-0.976433094,-7.50958444e-09,-0.215820324
34.4299992,-0.97653008,-7.51145353e-09,-0.215381062
34.4399992,-0.97662681,-7.51338581e-09,-0.214942024
34.4499992,-0.976723297,-7.51617343e-09,-0.214503151
34.4599992,-0.976819539,-7.51998252e-09,-0.21406445
34.4699992,-0.976915537,-7.52275158e-09,-0.213625921
34.4799992,-0.977011277,-7.52502888e-09,-0.21318763
34.4899992,-0.977106728,-7.52736191e-09,-0.212749718
34.4999992,-0.977201889,-7.53035696e-09,-0.212312194
34.5099992,-0.977296743,-7.5350367e-09,-0.211875141
34.5199992,-0.977391323,-7.54023141e-09,-0.211438412
34.5299992,-0.977485655,-7.54543437e-09,-0.211001881
34.5399992,-0.977579752,-7.55037576e-09,-0.210565496
34.5499992,-0.977673615,-7.55519512e-09,-0.21012925
34.5599992,-0.977767249,-7.56051651e-09,-0.209693127
34.5699992,-0.977860657,-7.5668932e-09,-0.209257105
34.5799992,-0.977953842,-7.5732052e-09,-0.208821174
34.5899992,-0.978046802,-7.579215e-09,-0.208385348
34.5999992,-0.97813952,-7.58384401e-09,-0.207949702
34.6099992,-0.978231979,-7.58600789e-09,-0.207514327
34.6199992,-0.978324174,-7.5892686e-09,-0.207079239
34.6299992,-0.978416116,-7.59409227e-09,-0.206644391
34.6399992,-0.978507797,-7.59929136e-09,-0.206209824
34.6499992,-0.978599217,-7.60436327e-09,-0.205775541
34.6599992,-0.9786904,-7.6093189e-09,-0.205341423
34.6699992,-0.978781363,-7.61293306e-09,-0.2049074
34.6799992,-0.978872115,-7.61437308e-09,-0.204473427
34.6899992,-0.97896267,-7.61648154e-09,-0.204039435
34.6999992,-0.979053019,-7.61930043e-09,-0.203605468
34.7099992,-0.979143142,-7.62203347e-09,-0.20317162
34.7199992,-0.979233029,-7.62453529e-09,-0.202737947
34.7299992,-0.979322692,-7.62636824e-09,-0.202304388
34.7399992,-0.979412133,-7.62719574e-09,-0.201870933
34.7499992,-0.979501355,-7.62853996e-09,-0.201437573
34.7599992,-0.979590366,-7.63125649e-09,-0.201004268
34.7699992,-0.979679167,-7.63457507e-09,-0.200571007
34.7799992,-0.979767749,-7.63722276e-09,-0.200137847
34.7899992,-0.979856077,-7.63847251e-09,-0.199704953
34.7999992,-0.979944118,-7.63965864e-09,-0.199272493
34.8099992,-0.980031883,-7.6418307e-09,-0.198840411
34.8199992,-0.980119394,-7.6453102e-09,-0.198408604
34.8299992,-0.980206679,-7.64965304e-09,-0.197976934
34.8399992,-0.980293762,-7.65417316e-09,-0.197545287
34.8499992,-0.980380643,-7.65743771e-09,-0.19711366
34.8599992,-0.980467322,-7.65929888e-09,-0.196682053
34.8699992,-0.980553795,-7.66176553e-09,-0.196250492
34.8799992,-0.980640066,-7.6641866e-09,-0.195818952
34.8899992,-0.980726128,-7.6662497e-09,-0.195387464
34.8999992,-0.980811961,-7.66923419e-09,-0.194956141
34.9099992,-0.980897565,-7.67388828e-09,-0.194524976
34.9199992,-0.980982959,-7.67669458e-09,-0.194093878
34.9299992,-0.981068144,-7.67542738e-09,-0.193662843
34.9399992,-0.981153119,-7.67250458e-09,-0.193231876
34.9499992,-0.981237871,-7.67035738e-09,-0.192801037
34.9599992,-0.981322393,-7.66922046e-09,-0.192370375
34.9699992,-0.981406697,-7.66860042e-09,-0.191939819
34.9799992,-0.981490793,-7.66795099e-09,-0.191509329
34.9899992,-0.981574686,-7.66710422e-09,-0.191078875
34.9999992,-0.981658367,-7.66616822e-09,-0.190648502
35.0099992,-0.98174182,-7.66530903e-09,-0.190218292
35.0199992,-0.981825058,-7.66449458e-09,-0.189788184
35.0299992,-0.98190809,-7.66370606e-09,-0.189358134
35.0399992,-0.981990912,-7.66281608e-09,-0.18892816
35.0499992,-0.982073511,-7.66177564e-09,-0.188498328
35.0599992,-0.982155895,-7.66068602e-09,-0.188068599
35.0699992,-0.982238073,-7.65958483e-09,-0.187638932
35.0799992,-0.982320046,-7.65845039e-09,-0.187209312
35.0899992,-0.982401818,-7.65725295e-09,-0.186779732
35.0999992,-0.982483388,-7.65597814e-09,-0.186350188
35.1099992,-0.982564758,-7.65462434e-09,-0.185920675
35.1199992,-0.982645928,-7.65319444e-09,-0.185491186
35.1299992,-0.9827269,-7.65169154e-09,-0.185061719
35.1399992,-0.982807675,-7.65011855e-09,-0.184632268
35.1499992,-0.982888251,-7.64854016e-09,-0.184202839
35.1599992,-0.982968625,-7.64729328e-09,-0.183773453
35.1699992,-0.983048796,-7.64652234e-09,-0.183344114
35.1799992,-0.983128768,-7.64562678e-09,-0.182914804
35.1899992,-0.983208543,-7.64442631e-09,-0.182485508
35.1999992,-0.983288115,-7.64207158e-09,-0.182056262
35.2099992,-0.983367476,-7.63822896e-09,-0.181627111
35.2199992,-0.983446635,-7.63569267e-09,-0.181198003
35.2299992,-0.983525569,-7.63695393e-09,-0.180769066
35.2399992,-0.983604223,-7.64333183e-09,-0.180340599
35.2499992,-0.983682604,-7.6500546e-09,-0.179912572
35.2599992,-0.983760741,-7.65711088e-09,-0.179484831
35.2699992,-0.983838639,-7.66615293e-09,-0.179057341
35.2799992,-0.983916307,-7.67525485e-09,-0.178630066
35.2899992,-0.98399374,-7.68495578e-09,-0.178203029
35.2999992,-0.984070946,-7.69534227e-09,-0.177776188
35.3099992,-0.984147934,-7.70632539e-09,-0.177349498
35.3199992,-0.984224709,-7.71794206e-09,-0.176922929
35.3299992,-0.98430127,-7.72999145e-09,-0.176496488
35.3399992,-0.984377608,-7.74203574e-09,-0.176070227
35.3499992,-0.984453723,-7.75333184e-09,-0.17564415
35.3599992,-0.984529626,-7.76452487e-09,-0.175218191
35.3699992,-0.984605308,-7.77559315e-09,-0.174792411
35.3799992,-0.984680738,-7.78613003e-09,-0.174366983
35.3899992,-0.984755919,-7.7957953e-09,-0.173941889
35.3999992,-0.984830863,-7.80318678e-09,-0.173517065
35.4099992,-0.984905582,-7.80817928e-09,-0.173092445
35.4199992,-0.984980085,-7.8114413e-09,-0.17266798
35.4299992,-0.985054375,-7.81538513e-09,-0.172243657
35.4399992,-0.985128453,-7.82028205e-09,-0.17181947
35.4499992,-0.985202321,-7.82546767e-09,-0.17139541
35.4599992,-0.985275983,-7.83031618e-09,-0.17097145
35.4699992,-0.985349446,-7.83466091e-09,-0.170547557
35.4799992,-0.985422707,-7.8394651e-09,-0.170123745
35.4899992,-0.985495766,-7.84499699e-09,-0.169700018
35.4999992,-0.985568631,-7.85021084e-09,-0.169276325
35.5099992,-0.985641287,-7.85451874e-09,-0.168852754
35.5199992,-0.985713705,-7.85712288e-09,-0.168429487
35.5299992,-0.985785896,-7.85899991e-09,-0.16800645
35.5399992,-0.985857883,-7.86003745e-09,-0.167583518
35.5499992,-0.985929667,-7.8612716e-09,-0.167160679
35.5599992,-0.986001246,-7.86293716e-09,-0.166737949
35.5699992,-0.986072618,-7.86487263e-09,-0.166315338
35.5799992,-0.986143787,-7.86686419e-09,-0.165892832
35.5899992,-0.986214756,-7.86894435e-09,-0.165470407
35.5999992,-0.986285529,-7.87035081e-09,-0.165048041
35.6099992,-0.986356108,-7.8710262e-09,-0.164625719
35.6199992,-0.986426497,-7.87242002e-09,-0.164203426
35.6299992,-0.986496704,-7.87531745e-09,-0.163781111
35.6399992,-0.986566731,-7.87816738e-09,-0.16335876
35.6499992,-0.986636565,-7.88069661e-09,-0.162936453
35.6599992,-0.986706199,-7.88191164e-09,-0.162514237
35.6699992,-0.986775609,-7.8815455e-09,-0.162092248
35.6799992,-0.986844802,-7.87977795e-09,-0.161670455
35.6899992,-0.986913801,-7.87706435e-09,-0.161248722
35.6999992,-0.986982649,-7.87363583e-09,-0.160826773
35.7099992,-0.987051386,-7.86933267e-09,-0.160404369
35.7199992,-0.987119974,-7.86459426e-09,-0.159981742
35.7299992,-0.987188387,-7.85959955e-09,-0.159559043
35.7399992,-0.987256576,-7.8542874e-09,-0.159136584
35.7499992,-0.98732447,-7.84823092e-09,-0.158714811
35.7599992,-0.98739211,-7.84139572e-09,-0.158293463
35.7699992,-0.987459539,-7.83478522e-09,-0.157872284
35.7799992,-0.987526761,-7.82844442e-09,-0.157451253
35.7899992,-0.987593764,-7.82207694e-09,-0.157030432
35.7999992,-0.987660564,-7.81499279e-09,-0.156609741
35.8099992,-0.987727167,-7.80567025e-09,-0.156189126
35.8199992,-0.987793556,-7.79318696e-09,-0.15576871
35.8299992,-0.987859703,-7.78037468e-09,-0.155348665
35.8399992,-0.987925607,-7.76946889e-09,-0.154929
35.8499992,-0.987991283,-7.7609472e-09,-0.154509626
35.8599992,-0.988056749,-7.75353479e-09,-0.154090434
35.8699992,-0.988122016,-7.74627354e-09,-0.153671345
35.8799992,-0.988187087,-7.73906924e-09,-0.153252345
35.8899992,-0.988251968,-7.73152329e-09,-0.152833401
35.8999992,-0.988316656,-7.72381671e-09,-0.152414527
35.9099992,-0.988381147,-7.71577991e-09,-0.151995749
35.9199992,-0.988445448,-7.70751476e-09,-0.151577034
35.9299992,-0.988509554,-7.69797696e-09,-0.1511584
35.9399992,-0.988573453,-7.6870583e-09,-0.150739935
35.9499992,-0.988637155,-7.67580205e-09,-0.150321576
35.9599992,-0.988700664,-7.66439964e-09,-0.149903291
35.9699992,-0.988763981,-7.6526103e-09,-0.149485085
35.9799992,-0.988827108,-7.64021126e-09,-0.149066935
35.9899992,-0.988890048,-7.62705426e-09,-0.148648827
35.9999992,-0.988952802,-7.61317928e-09,-0.148230752
36.0099992,-0.98901537,-7.59975458e-09,-0.147812714
36.0199992,-0.989077749,-7.58766646e-09,-0.147394732
36.0299992,-0.989139938,-7.57633193e-09,-0.146976813
36.0399992,-0.989201926,-7.5671775e-09,-0.146559032
36.0499992,-0.989263719,-7.55980611e-09,-0.146141348
36.0599992,-0.98932535,-7.55096557e-09,-0.145723546
36.0699992,-0.989386812,-7.54002973e-09,-0.145305667
36.0799992,-0.98944809,-7.52855712e-09,-0.144887809
36.0899992,-0.989509174,-7.5180786e-09,-0.14447005
36.0999992,-0.989570065,-7.50670887e-09,-0.144052374
36.1099992,-0.989630765,-7.49336686e-09,-0.143634774
36.1199992,-0.989691271,-7.47839651e-09,-0.143217275
36.1299992,-0.989751588,-7.46475358e-09,-0.14279984
36.1399992,-0.989811724,-7.45441606e-09,-0.142382413
36.1499992,-0.989871671,-7.44544135e-09,-0.141965052
36.1599992,-0.989931432,-7.43778201e-09,-0.141547729
36.1699992,-0.989991029,-7.4331331e-09,-0.141130301
36.1799992,-0.990050448,-7.43109139e-09,-0.140712863
36.1899992,-0.990109675,-7.43001066e-09,-0.140295517
36.1999992,-0.990168706,-7.42811571e-09,-0.139878283
36.2099992,-0.99022754,-7.42776037e-09,-0.139461171
36.2199992,-0.990286176,-7.42871974e-09,-0.1390442
36.2299992,-0.990344621,-7.42923457e-09,-0.138627312
36.2399992,-0.990402882,-7.42875823e-09,-0.138210461
36.2499992,-0.990460961,-7.42741997e-09,-0.137793634
36.2599992,-0.990518858,-7.42539897e-09,-0.137376828
36.2699992,-0.99057657,-7.42247065e-09,-0.136960062
36.2799992,-0.990634096,-7.4185619e-09,-0.136543356
36.2899992,-0.990691431,-7.41539006e-09,-0.136126739
36.2999992,-0.990748568,-7.41295933e-09,-0.135710265
36.3099992,-0.990805516,-7.409202e-09,-0.135293863
36.3199992,-0.990862285,-7.40626688e-09,-0.13487747
36.3299992,-0.990918869,-7.40499205e-09,-0.134461131
36.3399992,-0.990975248,-7.4039934e-09,-0.134044984
36.3499992,-0.99103144,-7.40364622e-09,-0.133628911
36.3599992,-0.991087457,-7.40536313e-09,-0.133212809
36.3699992,-0.991143285,-7.40819456e-09,-0.132796796
36.3799992,-0.991198923,-7.41184352e-09,-0.132380871
36.3899992,-0.991254369,-7.41603298e-09,-0.131965055
36.3999992,-0.991309628,-7.41929012e-09,-0.131549314
36.4099992,-0.991364705,-7.42145224e-09,-0.131133601
36.4199992,-0.991419607,-7.42286698e-09,-0.130717875
36.4299992,-0.991474332,-7.42364682e-09,-0.130302145
36.4399992,-0.991528878,-7.42358935e-09,-0.12988643
36.4499992,-0.991583244,-7.42308243e-09,-0.129470735
36.4599992,-0.99163742,-7.42309106e-09,-0.129055129
36.4699992,-0.99169139,-7.42446729e-09,-0.128639759
36.4799992,-0.99174513,-7.42610839e-09,-0.128224795
36.4899992,-0.991798617,-7.42718472e-09,-0.127810421
36.4999992,-0.991851887,-7.42735282e-09,-0.12739637
36.5099992,-0.991904961,-7.4257224e-09,-0.126982471
36.5199992,-0.991957841,-7.42131334e-09,-0.126568724
36.5299992,-0.992010523,-7.41619589e-09,-0.12615515
36.5399992,-0.992063,-7.41202611e-09,-0.125741815
36.5499992,-0.99211525,-7.40925781e-09,-0.125328893
36.5599992,-0.992167287,-7.40660132e-09,-0.124916269
36.5699992,-0.992219121,-7.40360188e-09,-0.124503882
36.5799992,-0.992270748,-7.40011094e-09,-0.124091753
36.5899992,-0.992322175,-7.39615776e-09,-0.123679835
36.5999992,-0.992373405,-7.39285937e-09,-0.123268102
36.6099992,-0.992424446,-7.39110119e-09,-0.122856495
36.6199992,-0.992475299,-7.38909572e-09,-0.122445008
36.6299992,-0.992525964,-7.38620004e-09,-0.122033642
36.6399992,-0.992576442,-7.38221376e-09,-0.121622396
36.6499992,-0.992626736,-7.37743105e-09,-0.121211231
36.6599992,-0.992676857,-7.37288764e-09,-0.120800074
36.6699992,-0.992726801,-7.36762297e-09,-0.12038895
36.6799992,-0.992776561,-7.36032886e-09,-0.119977911
36.6899992,-0.992826136,-7.35042613e-09,-0.119566981
36.6999992,-0.992875533,-7.34005949e-09,-0.119156101
36.7099992,-0.992924753,-7.33008493e-09,-0.118745248
36.7199992,-0.992973803,-7.32103459e-09,-0.118334385
36.7299992,-0.993022674,-7.31315415e-09,-0.117923569
36.7399992,-0.993071369,-7.30568817e-09,-0.117512787
36.7499992,-0.9931199,-7.29815454e-09,-0.117101942
36.7599992,-0.993168257,-7.29215313e-09,-0.116691106
36.7699992,-0.993216412,-7.28685221e-09,-0.116280516
36.7799992,-0.993264339,-7.28236174e-09,-0.115870411
36.7899992,-0.993312058,-7.27890395e-09,-0.115460627
36.7999992,-0.993359583,-7.27623314e-09,-0.115051031
36.8099992,-0.993406919,-7.27399242e-09,-0.114641583
36.8199992,-0.993454062,-7.27243106e-09,-0.114232336
36.8299992,-0.993501002,-7.27204443e-09,-0.113823372
36.8399992,-0.993547747,-7.27210449e-09,-0.113414616
36.8499992,-0.993594304,-7.27233454e-09,-0.113006014
36.8599992,-0.993640676,-7.27301691e-09,-0.112597548
36.8699992,-0.993686856,-7.27234782e-09,-0.112189265
36.8799992,-0.993732843,-7.26818884e-09,-0.111781196
36.8899992,-0.993778643,-7.26566803e-09,-0.111373281
36.8999992,-0.993824252,-7.26634965e-09,-0.110965565
36.9099992,-0.993869669,-7.26874752e-09,-0.110558044
36.9199992,-0.993914898,-7.27164552e-09,-0.110150694
36.9299992,-0.993959935,-7.2745096e-09,-0.109743553
36.9399992,-0.994004773,-7.27713365e-09,-0.109336691
36.9499992,-0.99404942,-7.28167166e-09,-0.108930029
36.9599992,-0.994093875,-7.2903753e-09,-0.108523579
36.9699992,-0.994138138,-7.30058635e-09,-0.10811736
36.9799992,-0.994182212,-7.310645e-09,-0.107711322
36.9899992,-0.994226103,-7.31901269e-09,-0.107305434
36.9999992,-0.994269813,-7.32610569e-09,-0.106899672
37.0099992,-0.994313344,-7.33311546e-09,-0.106494005
37.0199992,-0.994356703,-7.34102987e-09,-0.106088391
37.0299992,-0.994399889,-7.34901494e-09,-0.105682836
37.0399992,-0.994442904,-7.35707589e-09,-0.105277305
37.0499992,-0.994485745,-7.36452298e-09,-0.104871838
37.0599992,-0.994528413,-7.37165125e-09,-0.104466438
37.0699992,-0.994570899,-7.37779938e-09,-0.104061171
37.0799992,-0.994613192,-7.38312563e-09,-0.103656156
37.0899992,-0.994655301,-7.3894676e-09,-0.10325131
37.0999992,-0.99469723,-7.39723226e-09,-0.102846591
37.1099992,-0.99473898,-7.40606273e-09,-0.102441989
37.1199992,-0.994780554,-7.41599996e-09,-0.102037493
37.1299992,-0.994821951,-7.42735165e-09,-0.101633092
37.1399992,-0.994863172,-7.43928836e-09,-0.101228792
37.1499992,-0.994904219,-7.45208875e-09,-0.100824571
37.1599992,-0.994945085,-7.46712293e-09,-0.100420502
37.1699992,-0.994985752,-7.48372265e-09,-0.100016762
37.1799992,-0.995026234,-7.50056836e-09,-0.0996132167
37.1899992,-0.995066543,-7.5179223e-09,-0.0992097478
37.1999992,-0.99510668,-7.53696737e-09,-0.0988063518
37.2099992,-0.995146642,-7.55595029e-09,-0.0984030545
37.2199992,-0.995186431,-7.5745326e-09,-0.0979998315
37.2299992,-0.99522605,-7.59275344e-09,-0.097596666
37.2399992,-0.995265497,-7.60934342e-09,-0.0971935674
37.2499992,-0.995304771,-7.62282812e-09,-0.0967905566
37.2599992,-0.995343874,-7.63474161e-09,-0.0963876141
37.2699992,-0.995382806,-7.64552302e-09,-0.095984733
37.2799992,-0.995421561,-7.65626836e-09,-0.0955819872
37.2899992,-0.995460126,-7.66771986e-09,-0.0951794966
37.2999992,-0.995498507,-7.68001988e-09,-0.0947772289
37.3099992,-0.995536713,-7.69139818e-09,-0.0943750697
37.3199992,-0.99557475,-7.70183209e-09,-0.0939729638
37.3299992,-0.995612618,-7.71153967e-09,-0.0935709043
37.3399992,-0.995650319,-7.72023163e-09,-0.093168891
37.3499992,-0.995687852,-7.72688817e-09,-0.0927669241
37.3599992,-0.995725211,-7.73162273e-09,-0.0923650642
37.3699992,-0.995762388,-7.73622737e-09,-0.0919633949
37.3799992,-0.99579939,-7.74148454e-09,-0.0915618658
37.3899992,-0.995836219,-7.74741915e-09,-0.0911604324
37.3999992,-0.995872879,-7.75279991e-09,-0.0907590756
37.4099992,-0.995909367,-7.75790179e-09,-0.0903577992
37.4199992,-0.995945684,-7.76469354e-09,-0.0899566287
37.4299992,-0.995981828,-7.77321199e-09,-0.0895555591
37.4399992,-0.996017804,-7.78055907e-09,-0.0891545546
37.4499992,-0.996053608,-7.78531007e-09,-0.0887536449
37.4599992,-0.996089242,-7.78781432e-09,-0.0883528287
37.4699992,-0.996124708,-7.78978984e-09,-0.0879520654
37.4799992,-0.996160006,-7.79223933e-09,-0.0875513718
37.4899992,-0.996195132,-7.79549497e-09,-0.0871507782
37.4999992,-0.996230087,-7.79896366e-09,-0.0867502921
37.5099992,-0.996264868,-7.80296323e-09,-0.0863499388
37.5199992,-0.996299478,-7.80790523e-09,-0.0859496903
37.5299992,-0.996333921,-7.81529327e-09,-0.0855495044
37.5399992,-0.996368197,-7.82296244e-09,-0.0851493738
37.5499992,-0.996402307,-7.8299455e-09,-0.0847492936
37.5599992,-0.996436251,-7.83630558e-09,-0.0843492574
37.5699992,-0.996470031,-7.84226376e-09,-0.0839492561
37.5799992,-0.996503642,-7.84812718e-09,-0.0835493331
37.5899992,-0.996537078,-7.85386586e-09,-0.0831495742
37.5999992,-0.996570334,-7.85850368e-09,-0.0827500399
37.6099992,-0.996603404,-7.86204708e-09,-0.0823508113
37.6199992,-0.996636295,-7.86540383e-09,-0.0819517911
37.6299992,-0.996669006,-7.86926881e-09,-0.0815530021
37.6399992,-0.99670155,-7.87411454e-09,-0.0811542938
37.6499992,-0.996733929,-7.87961105e-09,-0.080755653
37.6599992,-0.99676614,-7.88487505e-09,-0.0803570866
37.6699992,-0.996798186,-7.88966015e-09,-0.0799585897
37.6799992,-0.996830066,-7.89407484e-09,-0.0795601664
37.6899992,-0.996861778,-7.89828289e-09,-0.0791618268
37.6999992,-0.996893327,-7.90239885e-09,-0.0787635415
37.7099992,-0.996924712,-7.90603731e-09,-0.0783652845
37.7199992,-0.996955938,-7.9087158e-09,-0.0779670344
37.7299992,-0.996987003,-7.91108827e-09,-0.0775687861
37.7399992,-0.997017907,-7.91340445e-09,-0.0771705505
37.7499992,-0.997048646,-7.91566906e-09,-0.0767723699
37.7599992,-0.997079218,-7.91794215e-09,-0.0763742995
37.7699992,-0.997109624,-7.92022493e-09,-0.0759763025
37.7799992,-0.997139866,-7.92185308e-09,-0.0755783507
37.7899992,-0.997169955,-7.92137163e-09,-0.075180318
37.7999992,-0.997199904,-7.91872534e-09,-0.0747820234
37.8099992,-0.997229702,-7.91532203e-09,-0.0743836059
37.8199992,-0.997259336,-7.91359944e-09,-0.0739852519
37.8299992,-0.997288802,-7.91360924e-09,-0.0735869962
37.8399992,-0.997318105,-7.91405974e-09,-0.0731887835
37.8499992,-0.997347247,-7.91421133e-09,-0.0727905823
37.8599992,-0.997376231,-7.91441338e-09,-0.0723923581
37.8699992,-0.997405061,-7.91459561e-09,-0.0719940537
37.8799992,-0.997433738,-7.91434509e-09,-0.0715956538
37.8899992,-0.997462265,-7.91325335e-09,-0.071197123
37.8999992,-0.997490637,-7.91224681e-09,-0.0707985066
37.9099992,-0.997518853,-7.91158237e-09,-0.0703998372
37.9199992,-0.997546915,-7.91236996e-09,-0.070001091
37.9299992,-0.997574822,-7.91446082e-09,-0.0696022556
37.9399992,-0.997602576,-7.91743296e-09,-0.0692033303
37.9499992,-0.997630174,-7.920732e-09,-0.0688043364
37.9599992,-0.997657615,-7.92420296e-09,-0.0684052918
37.9699992,-0.997684898,-7.92780387e-09,-0.0680062061
37.9799992,-0.997712024,-7.93148372e-09,-0.0676070857
37.9899992,-0.997738991,-7.93518774e-09,-0.0672079358
37.9999992,-0.997765799,-7.9387316e-09,-0.0668087611
38.0099992,-0.997792447,-7.94196594e-09,-0.0664095776
38.0199992,-0.997818935,-7.94517023e-09,-0.0660104039
38.0299991,-0.997845262,-7.94835999e-09,-0.0656112202
38.0399991,-0.997871431,-7.95143978e-09,-0.0652120159
38.0499991,-0.997897436,-7.95320991e-09,-0.0648128621
38.0599991,-0.997923269,-7.95338194e-09,-0.064413884
38.0699991,-0.997948933,-7.95559113e-09,-0.0640150589
38.0799991,-0.997974433,-7.95958991e-09,-0.0636162866
38.0899991,-0.997999775,-7.96372511e-09,-0.0632174688
38.0999991,-0.998024954,-7.96647243e-09,-0.0628187126
38.1099991,-0.99804997,-7.96737744e-09,-0.0624200072
38.1199991,-0.998074826,-7.96902878e-09,-0.0620212991
38.1299991,-0.998099525,-7.97186808e-09,-0.0616225421
38.1399991,-0.998124069,-7.97496605e-09,-0.0612237089
38.1499991,-0.998148461,-7.97769521e-09,-0.0608247548
38.1599991,-0.998172699,-7.98024092e-09,-0.0604256888
38.1699991,-0.998196781,-7.98377805e-09,-0.0600265406
38.1799991,-0.998220701,-7.98848594e-09,-0.0596274473
38.1899991,-0.998244458,-7.99268305e-09,-0.0592283853
38.1999991,-0.998268056,-7.99573066e-09,-0.0588293196
38.2099991,-0.998291494,-7.99806636e-09,-0.0584302359
38.2199991,-0.998314773,-7.99960005e-09,-0.0580311396
38.2299991,-0.99833789,-7.99931315e-09,-0.0576320881
38.2399991,-0.998360842,-7.99936889e-09,-0.0572331168
38.2499991,-0.99838363,-8.00155378e-09,-0.0568342122
38.2599991,-0.998406252,-8.00468204e-09,-0.0564354226
38.2699991,-0.998428708,-8.00727452e-09,-0.0560367299
38.2799991,-0.998450999,-8.0094835e-09,-0.0556381448
38.2899991,-0.998473123,-8.01202854e-09,-0.055239686
38.2999991,-0.998495083,-8.01424998e-09,-0.0548413129
38.3099991,-0.998516872,-8.01414154e-09,-0.0544431391
38.3199991,-0.998538494,-8.01249763e-09,-0.0540451323
38.3299991,-0.998559951,-8.01082967e-09,-0.0536472212
38.3399991,-0.998581244,-8.00915082e-09,-0.053249398
38.3499991,-0.998602371,-8.00789952e-09,-0.0528517275
38.3599991,-0.998623327,-8.00756324e-09,-0.0524542797
38.3699991,-0.998644115,-8.00691187e-09,-0.0520569988
38.3799991,-0.998664739,-8.00549507e-09,-0.0516598359
38.3899991,-0.9986852,-8.00341249e-09,-0.051262773
38.3999991,-0.998705495,-8.0005594e-09,-0.0508658535
38.4099991,-0.998725624,-7.99718888e-09,-0.0504690803
38.4199991,-0.998745596,-7.99451375e-09,-0.0500722983
38.4299991,-0.998765409,-7.99204414e-09,-0.0496755283
38.4399991,-0.998785062,-7.98902292e-09,-0.0492788059
38.4499991,-0.998804562,-7.98598214e-09,-0.0488819784
38.4599991,-0.99882392,-7.98308322e-09,-0.0484848155
38.4699991,-0.998843135,-7.98006276e-09,-0.0480873352
38.4799991,-0.998862213,-7.97846608e-09,-0.0476894057
38.4899991,-0.998881142,-7.97650719e-09,-0.0472912729
38.4999991,-0.998899914,-7.97348536e-09,-0.04689309
38.5099991,-0.998918529,-7.97030897e-09,-0.0464948544
38.5199991,-0.998936988,-7.9673848e-09,-0.0460965646
38.5299991,-0.998955286,-7.96398478e-09,-0.0456983208
38.5399991,-0.998973423,-7.95922705e-09,-0.0453001052
38.5499991,-0.9989914,-7.95362832e-09,-0.044901916
38.5599991,-0.999009215,-7.94652506e-09,-0.0445038022
38.5699991,-0.999026863,-7.93726346e-09,-0.0441058585
38.5799991,-0.999044344,-7.92873868e-09,-0.0437080998
38.5899991,-0.999061661,-7.92219596e-09,-0.043310483
38.5999991,-0.999078815,-7.91782364e-09,-0.0429129527
38.6099991,-0.999095809,-7.91572565e-09,-0.0425154522
38.6199991,-0.999112643,-7.91429659e-09,-0.0421180053
38.6299991,-0.999129315,-7.91286079e-09,-0.0417206363
38.6399991,-0.999145824,-7.91206221e-09,-0.0413233759
38.6499991,-0.999162169,-7.91342375e-09,-0.0409262823
38.6599991,-0.999178348,-7.91683179e-09,-0.0405293535
38.6699991,-0.999194365,-7.92044645e-09,-0.0401325532
38.6799991,-0.999210218,-7.92440365e-09,-0.0397358919
38.6899991,-0.999225905,-7.93004963e-09,-0.0393394341
38.6999991,-0.99924143,-7.93663167e-09,-0.0389431029
38.7099991,-0.999256795,-7.94336818e-09,-0.0385468174
38.7199991,-0.999272002,-7.94829068e-09,-0.0381505654
38.7299991,-0.999287051,-7.9524249e-09,-0.0377543278
38.7399991,-0.999301943,-7.95636685e-09,-0.03735809
38.7499991,-0.999316678,-7.96052012e-09,-0.0369618313
38.7599991,-0.999331256,-7.96524071e-09,-0.0365655791
38.7699991,-0.999345675,-7.97007412e-09,-0.0361693429
38.7799991,-0.999359941,-7.97534751e-09,-0.0357730198
38.7899991,-0.999374056,-7.98033067e-09,-0.0353764842
38.7999991,-0.999388017,-7.98474123e-09,-0.0349798622
38.8099991,-0.99940182,-7.98925515e-09,-0.0345832555
38.8199991,-0.999415464,-7.99477949e-09,-0.0341867095
38.8299991,-0.999428947,-8.00057397e-09,-0.0337902224
38.8399991,-0.999442269,-8.00611116e-09,-0.0333938902
38.8499991,-0.999455426,-8.01153413e-09,-0.0329977619
38.8599991,-0.999468422,-8.01698676e-09,-0.0326017413
38.8699991,-0.99948126,-8.02294561e-09,-0.0322057655
38.8799991,-0.99949394,-8.02879917e-09,-0.0318098103
38.8899991,-0.999506463,-8.03389916e-09,-0.0314138666
38.8999991,-0.999518828,-8.03953121e-09,-0.0310179361
38.9099991,-0.999531036,-8.04536178e-09,-0.0306220193
38.9199991,-0.999543084,-8.05066364e-09,-0.0302261877
38.9299991,-0.999554971,-8.056887e-09,-0.0298305176
38.9399991,-0.999566699,-8.06509044e-09,-0.0294348985
38.9499991,-0.999578272,-8.07499395e-09,-0.029039262
38.9599991,-0.999589687,-8.08432077e-09,-0.028643649
38.9699991,-0.999600943,-8.0923844e-09,-0.0282480886
38.9799991,-0.999612042,-8.0994586e-09,-0.0278525827
38.9899991,-0.999622983,-8.10576258e-09,-0.0274571071
38.9999991,-0.999633767,-8.11134866e-09,-0.027061628
39.0099991,-0.999644395,-8.116468e-09,-0.0266661562
39.0199991,-0.999654866,-8.12121763e-09,-0.0262707006
39.0299991,-0.999665179,-8.12585468e-09,-0.0258752794
39.0399991,-0.999675335,-8.12982368e-09,-0.0254798946
39.0499991,-0.999685335,-8.13176011e-09,-0.0250844832
39.0599991,-0.999695179,-8.13321602e-09,-0.0246890311
39.0699991,-0.999704868,-8.13566353e-09,-0.0242935368
39.0799991,-0.999714402,-8.13934883e-09,-0.0238979931
39.0899991,-0.999723775,-8.14340307e-09,-0.023502632
39.0999991,-0.999732981,-8.14823965e-09,-0.0231077331
39.1099991,-0.999742026,-8.15398002e-09,-0.0227130025
39.1199991,-0.999750916,-8.15990329e-09,-0.0223183074
39.1299991,-0.999759647,-8.16539754e-09,-0.0219236739
39.1399991,-0.999768221,-8.16964503e-09,-0.0215291693
39.1499991,-0.999776636,-8.17352878e-09,-0.0211347546
39.1599991,-0.999784896,-8.17716614e-09,-0.0207403326
39.1699991,-0.999793003,-8.18056412e-09,-0.020345781
39.1799991,-0.999800956,-8.18355163e-09,-0.0199511422
39.1899991,-0.999808754,-8.185394e-09,-0.0195564749
39.1999991,-0.999816397,-8.18701341e-09,-0.019161753
39.2099991,-0.999823886,-8.18554978e-09,-0.0187669196
39.2199991,-0.99983122,-8.17962723e-09,-0.0183720282
39.2299991,-0.999838399,-8.17386287e-09,-0.0179771196
39.2399991,-0.999845421,-8.1691933e-09,-0.0175821926
39.2499991,-0.999852289,-8.16512138e-09,-0.0171871943
39.2599991,-0.999859003,-8.16119955e-09,-0.0167920654
39.2699991,-0.999865562,-8.15682682e-09,-0.0163968831
39.2799991,-0.999871964,-8.1537722e-09,-0.0160017262
39.2899991,-0.999878208,-8.15338367e-09,-0.0156067066
39.2999991,-0.999884295,-8.1547888e-09,-0.0152117063
39.3099991,-0.999890229,-8.1571093e-09,-0.0148165117
39.3199991,-0.999896009,-8.15916843e-09,-0.0144212353
39.3299991,-0.999901631,-8.16096825e-09,-0.0140259852
39.3399991,-0.999907097,-8.16291269e-09,-0.013630782
39.3499991,-0.999912406,-8.16526343e-09,-0.0132356035
39.3599991,-0.999917558,-8.16749654e-09,-0.0128404507
39.3699991,-0.999922554,-8.16975139e-09,-0.0124453179
39.3799991,-0.999927393,-8.17210223e-09,-0.0120502211
39.3899991,-0.999932076,-8.17311495e-09,-0.0116551945
39.3999991,-0.999936601,-8.17189602e-09,-0.0112602715
39.4099991,-0.99994097,-8.17100477e-09,-0.0108654138
39.4199991,-0.999945182,-8.17192456e-09,-0.0104706073
39.4299991,-0.999949237,-8.17522214e-09,-0.010075843
39.4399991,-0.999953136,-8.17867626e-09,-0.00968117103
39.4499991,-0.999956878,-8.18132955e-09,-0.00928663012
39.4599991,-0.999960464,-8.18262529e-09,-0.00889220175
39.4699991,-0.999963892,-8.18226032e-09,-0.00849789193
39.4799991,-0.999967164,-8.1812579e-09,-0.00810374693
39.4899991,-0.999970279,-8.17958889e-09,-0.00770986215
39.4999991,-0.999973236,-8.17706198e-09,-0.00731618787
39.5099991,-0.999976039,-8.17480087e-09,-0.0069225951
39.5199991,-0.999978686,-8.17367156e-09,-0.00652896235
39.5299991,-0.999981179,-8.17225522e-09,-0.0061353556
39.5399991,-0.999983516,-8.16935571e-09,-0.00574177589
39.5499991,-0.999985698,-8.16596745e-09,-0.0053481749
39.5599991,-0.999987726,-8.16500479e-09,-0.00495453671
39.5699991,-0.999989599,-8.16416181e-09,-0.00456089922
39.5799991,-0.999991317,-8.16199055e-09,-0.00416727843
39.5899991,-0.99999288,-8.1584066e-09,-0.00377366975
39.5999991,-0.999994288,-8.15451508e-09,-0.0033800657
39.6099991,-0.99999554,-8.15065921e-09,-0.00298647338
39.6199991,-0.999996638,-8.14672321e-09,-0.00259289852
39.6299991,-0.999997581,-8.14260113e-09,-0.00219934248
39.6399991,-0.99999837,-8.13828846e-09,-0.00180580504
39.6499991,-0.999999003,-8.13428837e-09,-0.00141228521
39.6599991,-0.999999481,-8.13094721e-09,-0.001018603
39.6699991,-0.999999805,-8.1277381e-09,-0.000624497147
39.6799991,-0.999999974,-8.12516845e-09,-0.000230169119
39.6899991,-0.999999987,-8.12229521e-09,0.000164227999
39.6999991,-0.999999844,-8.11902664e-09,0.000558663962
39.7099991,-0.999999546,-8.11569616e-09,0.000953151309
39.7199991,-0.999999092,-8.11190065e-09,0.0013476849
39.7299991,-0.999998482,-8.10814253e-09,0.00174227102
39.7399991,-0.999997717,-8.10500736e-09,0.00213682011
39.7499991,-0.999996797,-8.10183748e-09,0.0025311562
39.7599991,-0.999995721,-8.09891895e-09,0.00292538629
39.7699991,-0.99999449,-8.09560372e-09,0.003319585
39.7799991,-0.999993104,-8.09174525e-09,0.00371376848
39.7899991,-0.999991562,-8.08747079e-09,0.00410793205
39.7999991,-0.999989866,-8.08289479e-09,0.0045020721
39.8099991,-0.999988014,-8.07807364e-09,0.00489618836
39.8199991,-0.999986006,-8.07278903e-09,0.00529028639
39.8299991,-0.999983844,-8.06694052e-09,0.00568437261
39.8399991,-0.999981526,-8.06130944e-09,0.00607844228
39.8499991,-0.999979053,-8.05629696e-09,0.00647250513
39.8599991,-0.999976425,-8.05312227e-09,0.00686660147
39.8699991,-0.99997364,-8.05248305e-09,0.00726076545
39.8799991,-0.9999707,-8.05196613e-09,0.0076549634
39.8899991,-0.999967605,-8.05235743e-09,0.00804914245
39.8999991,-0.999964355,-8.05532786e-09,0.00844323678
39.9099991,-0.99996095,-8.0576613e-09,0.00883728451
39.9199991,-0.99995739,-8.05819193e-09,0.00923139971
39.9299991,-0.999953672,-8.05749796e-09,0.00962569913
39.9399991,-0.999949798,-8.05610216e-09,0.0100200934
39.9499991,-0.999945767,-8.05397706e-09,0.0104145267
39.9599991,-0.999941581,-8.05165326e-09,0.0108090133
39.9699991,-0.999937237,-8.04953216e-09,0.0112036257
39.9799991,-0.999932737,-8.04753117e-09,0.011598331
39.9899991,-0.999928081,-8.04561741e-09,0.011993068
39.9999991,-0.999923268,-8.04448573e-09,0.0123878487
40.0099991,-0.999918298,-8.0414804e-09,0.0127826953
40.0199991,-0.999913171,-8.03484834e-09,0.0131776337
40.0299991,-0.999907888,-8.02768357e-09,0.0135726316
40.0399991,-0.999902447,-8.02152822e-09,0.0139676812
40.0499991,-0.99989685,-8.01654413e-09,0.0143627804
40.0599991,-0.999891096,-8.01167902e-09,0.0147579391
40.0699991,-0.999885184,-8.00698272e-09,0.0151531727
40.0799991,-0.999879115,-8.00140352e-09,0.0155484535
40.0899991,-0.99987289,-7.99475547e-09,0.0159437702
40.0999991,-0.999866508,-7.987393e-09,0.0163391077
40.1099991,-0.99985997,-7.97981551e-09,0.0167343871
40.1199991,-0.999853278,-7.97217136e-09,0.0171295947
40.1299991,-0.999846428,-7.96411897e-09,0.0175248615
40.1399991,-0.99983942,-7.95524281e-09,0.0179202299
40.1499991,-0.999832253,-7.94637316e-09,0.0183157039
40.1599991,-0.99982493,-7.93841381e-09,0.0187111826
40.1699991,-0.99981745,-7.93160378e-09,0.0191067001
40.1799991,-0.999809812,-7.92550575e-09,0.019502325
40.1899991,-0.999802013,-7.91903724e-09,0.0198981296
40.1999991,-0.999794055,-7.91063154e-09,0.0202940237
40.2099991,-0.999785941,-7.90183236e-09,0.0206899046
40.2199991,-0.999777669,-7.89477431e-09,0.0210858226
40.2299991,-0.99976924,-7.88855772e-09,0.0214817776
40.2399991,-0.999760655,-7.88321746e-09,0.021877686
40.2499991,-0.999751916,-7.87815603e-09,0.0222734411
40.2599991,-0.999743023,-7.87287699e-09,0.0226690929
40.2699991,-0.999733974,-7.86741996e-09,0.0230647125
40.2799991,-0.999724768,-7.86188978e-09,0.0234603585
40.2899991,-0.999715406,-7.85574344e-09,0.0238559834
40.2999991,-0.999705889,-7.84912441e-09,0.0242515221
40.3099991,-0.999696211,-7.84367594e-09,0.024647208
40.3199991,-0.999686363,-7.8405106e-09,0.0250434824
40.3299991,-0.999676351,-7.83923994e-09,0.0254399983
40.3399991,-0.999666181,-7.8397049e-09,0.0258365319
40.3499991,-0.999655855,-7.84016254e-09,0.0262330384
40.3599991,-0.999645373,-7.83885518e-09,0.0266294707
40.3699991,-0.999634736,-7.83535078e-09,0.0270258187
40.3799991,-0.999623942,-7.83232225e-09,0.0274221573
40.3899991,-0.999612991,-7.82969593e-09,0.0278184727
40.3999991,-0.999601885,-7.82684702e-09,0.0282147427
40.4099991,-0.999590623,-7.82339224e-09,0.0286109379
40.4199991,-0.999579208,-7.81924779e-09,0.0290070234
40.4299991,-0.999567638,-7.81481103e-09,0.029403018
40.4399991,-0.999555913,-7.81021463e-09,0.0297989337
40.4499991,-0.999544034,-7.80543572e-09,0.0301947736
40.4599991,-0.999532,-7.8013699e-09,0.030590523
40.4699991,-0.999519814,-7.79925136e-09,0.0309861557
40.4799991,-0.99950747,-7.7977575e-09,0.0313818085
40.4899991,-0.999494962,-7.79517796e-09,0.0317776934
40.4999991,-0.999482292,-7.79048668e-09,0.0321737063
40.5099991,-0.999469465,-7.78510813e-09,0.0325697493
40.5199991,-0.99945648,-7.77901033e-09,0.0329658011
40.5299991,-0.999443338,-7.77181783e-09,0.0333618642
40.5399991,-0.999430038,-7.76509916e-09,0.0337579411
40.5499991,-0.999416582,-7.75886251e-09,0.0341540085
40.5599991,-0.999402966,-7.75247755e-09,0.03455012
40.5699991,-0.999389188,-7.74627953e-09,0.0349464105
40.5799991,-0.999375246,-7.74055907e-09,0.0353428612
40.5899991,-0.999361143,-7.7362501e-09,0.0357394246
40.5999991,-0.999346877,-7.73354374e-09,0.0361361172
40.6099991,-0.999332452,-7.73109962e-09,0.0365328622
40.6199991,-0.999317873,-7.7283642e-09,0.0369295135
40.6299991,-0.999303145,-7.72602844e-09,0.0373259154
40.6399991,-0.999288265,-7.72474238e-09,0.03772219
40.6499991,-0.99927323,-7.72380176e-09,0.0381184034
40.6599991,-0.999258039,-7.72341922e-09,0.0385145609
40.6699991,-0.999242693,-7.72309175e-09,0.0389106773
40.6799991,-0.999227191,-7.72263532e-09,0.0393067545
40.6899991,-0.999211533,-7.72155167e-09,0.0397027951
40.6999991,-0.99919572,-7.72017385e-09,0.0400987941
40.7099991,-0.999179752,-7.72059629e-09,0.0404947219
40.7199991,-0.999163627,-7.72238971e-09,0.0408906674
40.7299991,-0.999147339,-7.72531761e-09,0.0412867318
40.7399991,-0.999130892,-7.72803836e-09,0.0416828623
40.7499991,-0.999114284,-7.73079652e-09,0.0420790596
40.7599991,-0.999097514,-7.73477498e-09,0.0424753649
40.7699991,-0.999080583,-7.74024945e-09,0.0428717816
40.7799991,-0.999063491,-7.74577894e-09,0.0432682349
40.7899991,-0.999046243,-7.75085173e-09,0.0436646733
40.7999991,-0.99902884,-7.75612163e-09,0.0440610637
40.8099991,-0.999011281,-7.76228684e-09,0.044457406
40.8199991,-0.998993566,-7.76828186e-09,0.0448537144
40.8299991,-0.998975694,-7.7735099e-09,0.0452500111
40.8399991,-0.998957663,-7.77805031e-09,0.0456463287
40.8499991,-0.998939473,-7.78183042e-09,0.0460426889
40.8599991,-0.998921122,-7.78495743e-09,0.0464391255
40.8699991,-0.998902611,-7.78899329e-09,0.0468355972
40.8799991,-0.998883943,-7.79378607e-09,0.0472320792
40.8899991,-0.998865114,-7.79964489e-09,0.0476285972
40.8999991,-0.998846125,-7.80766141e-09,0.0480251839
40.9099991,-0.998826976,-7.81641705e-09,0.0484218199
40.9199991,-0.998807666,-7.82485806e-09,0.0488184999
40.9299991,-0.998788202,-7.83373593e-09,0.0492151102
40.9399991,-0.998768592,-7.84325371e-09,0.0496114947
40.9499991,-0.998748831,-7.85132132e-09,0.0500077254
40.9599991,-0.998728921,-7.85884571e-09,0.0504037927
40.9699991,-0.998708857,-7.8657822e-09,0.0507997911
40.9799991,-0.998688637,-7.8719899e-09,0.0511957711
40.9899991,-0.998668262,-7.87785469e-09,0.0515916957
40.9999991,-0.998647734,-7.88357439e-09,0.0519875288
41.0099991,-0.998627049,-7.8888801e-09,0.052383374
41.0199991,-0.998606205,-7.89422073e-09,0.0527792323
41.0299991,-0.998585204,-7.89983327e-09,0.0531750909
41.0399991,-0.998564046,-7.90566239e-09,0.053570945
41.0499991,-0.998542728,-7.91186532e-09,0.0539668376
41.0599991,-0.998521247,-7.91962378e-09,0.0543628395
41.0699991,-0.998499605,-7.9293477e-09,0.0547589121
41.0799991,-0.998477805,-7.93910978e-09,0.05515499
41.0899991,-0.998455849,-7.94814445e-09,0.0555510282
41.0999991,-0.998433734,-7.95528441e-09,0.0559471028
41.1099991,-0.998411456,-7.961171e-09,0.0563432768
41.1199991,-0.998389018,-7.96769484e-09,0.0567394869
41.1299991,-0.998366417,-7.9744838e-09,0.0571357889
41.1399991,-0.99834365,-7.98114697e-09,0.0575322248
41.1499991,-0.998320717,-7.98673243e-09,0.057928796
41.1599991,-0.998297619,-7.9919651e-09,0.0583254928
41.1699991,-0.998274358,-7.99668357e-09,0.058722279
41.1799991,-0.998250928,-7.99986731e-09,0.0591192488
41.1899991,-0.998227323,-8.00287805e-09,0.0595164834
41.1999991,-0.998203547,-8.00405797e-09,0.0599139224
41.2099991,-0.998179604,-8.00434783e-09,0.0603115113
41.2199991,-0.998155493,-8.00421501e-09,0.0607092403
41.2299991,-0.998131212,-8.00442692e-09,0.0611071539
41.2399991,-0.998106756,-8.00563113e-09,0.0615053062
41.2499991,-0.998082135,-8.00597892e-09,0.0619035744
41.2599991,-0.998057355,-8.0051672e-09,0.0623018158
41.2699991,-0.998032419,-8.0032666e-09,0.0627000035
41.2799991,-0.998007325,-7.99988753e-09,0.0630981743
41.2899991,-0.997982072,-7.99561684e-09,0.0634963366
41.2999991,-0.99795666,-7.98946329e-09,0.0638944839
41.3099991,-0.997931084,-7.98004567e-09,0.06429271
41.3199991,-0.997905333,-7.96964541e-09,0.0646911612
41.3299991,-0.997879417,-7.96054857e-09,0.0650897002
41.3399991,-0.997853338,-7.95299059e-09,0.0654882822
41.3499991,-0.997827083,-7.94622624e-09,0.0658871256
41.3599991,-0.997800636,-7.93839946e-09,0.0662864333
41.3699991,-0.99777401,-7.93093049e-09,0.066686011
41.3799991,-0.997747215,-7.92456051e-09,0.0670857234
41.3899991,-0.997720252,-7.91913788e-09,0.0674855498
41.3999991,-0.997693118,-7.91407389e-09,0.0678855031
41.4099991,-0.997665818,-7.90872379e-09,0.0682855471
41.4199991,-0.997638352,-7.90358709e-09,0.0686856519
41.4299991,-0.997610722,-7.89879773e-09,0.0690857983
41.4399991,-0.997582928,-7.89421361e-09,0.0694859757
41.4499991,-0.997554972,-7.88970126e-09,0.0698861763
41.4599991,-0.997526853,-7.88520314e-09,0.0702863931
41.4699991,-0.997498572,-7.8807007e-09,0.0706866196
41.4799991,-0.99747013,-7.87611077e-09,0.0710868495
41.4899991,-0.997441525,-7.87157511e-09,0.0714870883
41.4999991,-0.997412756,-7.86747076e-09,0.0718873676
41.5099991,-0.997383823,-7.86343017e-09,0.0722876901
41.5199991,-0.997354731,-7.85944719e-09,0.0726879724
41.5299991,-0.997325485,-7.85585388e-09,0.0730881458
41.5399991,-0.997296086,-7.85285395e-09,0.0734882091
41.5499991,-0.997266537,-7.8508813e-09,0.0738881249
41.5599991,-0.997236836,-7.84993747e-09,0.0742879081
41.5699991,-0.997206983,-7.84960481e-09,0.0746875641
41.5799991,-0.997176979,-7.85018027e-09,0.0750871026
41.5899991,-0.997146815,-7.85156278e-09,0.0754866215
41.5999991,-0.99711648,-7.85259033e-09,0.0758862623
41.6099991,-0.997085985,-7.85142711e-09,0.0762858945
41.6199991,-0.997055336,-7.84944214e-09,0.0766854381
41.6299991,-0.997024535,-7.84843607e-09,0.0770848712
41.6399991,-0.996993579,-7.84854937e-09,0.0774842197
41.6499991,-0.996962462,-7.84903563e-09,0.0778835585
41.6599991,-0.996931179,-7.84940367e-09,0.0782829699
41.6699991,-0.996899732,-7.84973245e-09,0.0786824244
41.6799991,-0.996868123,-7.85013668e-09,0.0790818949
41.6899991,-0.996836352,-7.8499719e-09,0.0794813652
41.6999991,-0.996804422,-7.8483559e-09,0.0798808186
41.7099991,-0.996772331,-7.8460922e-09,0.0802802552
41.7199991,-0.99674008,-7.84379012e-09,0.0806796932
41.7299991,-0.996707666,-7.84176244e-09,0.0810791489
41.7399991,-0.996675092,-7.83983002e-09,0.081478594
41.7499991,-0.996642359,-7.83784464e-09,0.0818780086
41.7599991,-0.996609467,-7.83583134e-09,0.0822773972
41.7699991,-0.996576418,-7.83432592e-09,0.0826767419
41.7799991,-0.996543203,-7.83350883e-09,0.0830761414
41.7899991,-0.9965098,-7.83236173e-09,0.0834758576
41.7999991,-0.996476213,-7.83110836e-09,0.0838758367
41.8099991,-0.99644244,-7.83067971e-09,0.0842761174
41.8199991,-0.996408482,-7.83172491e-09,0.0846766597
41.8299991,-0.996374346,-7.83438486e-09,0.085077387
41.8399991,-0.996340044,-7.83770489e-09,0.0854781696
41.8499991,-0.996305578,-7.84082959e-09,0.0858789527
41.8599991,-0.996270951,-7.84359631e-09,0.0862797267
41.8699991,-0.996236163,-7.84612234e-09,0.0866804904
41.8799991,-0.99620121,-7.8497097e-09,0.0870812792
41.8899991,-0.996166087,-7.8555655e-09,0.0874821492
41.8999991,-0.996130797,-7.86200599e-09,0.087883082
41.9099991,-0.996095338,-7.86892913e-09,0.0882840786
41.9199991,-0.996059711,-7.87572823e-09,0.0886851241
41.9299991,-0.996023918,-7.88311857e-09,0.0890862221
41.9399991,-0.99598796,-7.8902838e-09,0.0894873425
41.9499991,-0.995951836,-7.89598712e-09,0.0898884899
41.9599991,-0.995915543,-7.89943669e-09,0.0902897118
41.9699991,-0.99587908,-7.90260151e-09,0.0906910057
41.9799991,-0.995842447,-7.90678265e-09,0.0910923773
41.9899991,-0.995805633,-7.91389229e-09,0.0914939447
41.9999991,-0.995768637,-7.92334697e-09,0.0918957072
42.0099991,-0.995731468,-7.9318844e-09,0.0922975805
42.0199991,-0.995694129,-7.94061054e-09,0.092699525
42.0299991,-0.995656622,-7.95029113e-09,0.0931015146
42.0399991,-0.995618947,-7.96000604e-09,0.0935035371
42.0499991,-0.995581098,-7.96882199e-09,0.0939056817
42.0599991,-0.99554306,-7.97620466e-09,0.0943080897
42.0699991,-0.995504842,-7.98311994e-09,0.0947106664
42.0799991,-0.99546645,-7.99010548e-09,0.0951133352
42.0899991,-0.995427888,-7.99701536e-09,0.0955160753
42.0999991,-0.995389154,-8.00361063e-09,0.095918881
42.1099991,-0.995350245,-8.01113629e-09,0.0963218022
42.1199991,-0.995311146,-8.02100205e-09,0.0967249876
42.1299991,-0.995271853,-8.03099014e-09,0.0971284613
42.1399991,-0.995232382,-8.04076011e-09,0.0975320713
42.1499991,-0.995192742,-8.05013502e-09,0.097935726
42.1599991,-0.995152935,-8.05823905e-09,0.0983393881
42.1699991,-0.995112961,-8.06547351e-09,0.0987430759
42.1799991,-0.99507282,-8.07296101e-09,0.0991467763
42.1899991,-0.995032513,-8.08080736e-09,0.099550479
42.1999991,-0.99499204,-8.08857963e-09,0.0999541917
42.2099991,-0.994951399,-8.09585994e-09,0.10035793
42.2199991,-0.994910591,-8.10324783e-09,0.100761678
42.2299991,-0.994869618,-8.11165187e-09,0.101165427
42.2399991,-0.994828481,-8.12010986e-09,0.10156916
42.2499991,-0.994787164,-8.12837527e-09,0.101973027
42.2599991,-0.994745643,-8.13646734e-09,0.10237727
42.2699991,-0.994703936,-8.14374017e-09,0.102781706
42.2799991,-0.994662056,-8.15055939e-09,0.103186213
42.2899991,-0.994620007,-8.15714021e-09,0.103590745
42.2999991,-0.99457779,-8.16305867e-09,0.103995291
42.3099991,-0.994535405,-8.16830258e-09,0.104399849
42.3199991,-0.994492853,-8.17300648e-09,0.104804413
42.3299991,-0.994450126,-8.17766731e-09,0.105209062
42.3399991,-0.994407211,-8.18318206e-09,0.105613918
42.3499991,-0.994364112,-8.19002801e-09,0.106018931
42.3599991,-0.99432083,-8.19834583e-09,0.106424089
42.3699991,-0.994277373,-8.20764299e-09,0.106829329
42.3799991,-0.994233746,-8.21817492e-09,0.107234595
42.3899991,-0.994189952,-8.23022384e-09,0.107639856
42.3999991,-0.994145997,-8.24422649e-09,0.10804507
42.4099991,-0.994101876,-8.25852154e-09,0.108450267
42.4199991,-0.994057586,-8.27243001e-09,0.108855482
42.4299991,-0.994013123,-8.28661424e-09,0.109260749
42.4399991,-0.993968483,-8.30194594e-09,0.109666107
42.4499991,-0.99392366,-8.31834309e-09,0.110071602
42.4599991,-0.993878657,-8.33613907e-09,0.110477214
42.4699991,-0.993833478,-8.35297377e-09,0.110882904
42.4799991,-0.993788113,-8.36891877e-09,0.111288755
42.4899991,-0.993742566,-8.38458251e-09,0.111694727
42.4999991,-0.993696841,-8.40014536e-09,0.112100793
42.509999,-0.993650936,-8.41584874e-09,0.11250697
42.519999,-0.99360485,-8.43181574e-09,0.112913253
42.529999,-0.993558586,-8.4461728e-09,0.113319619
42.539999,-0.993512138,-8.45816612e-09,0.113726124
42.549999,-0.993465506,-8.47073577e-09,0.11413277
42.559999,-0.993418689,-8.48414835e-09,0.114539553
42.569999,-0.993371688,-8.49767996e-09,0.114946466
42.579999,-0.993324505,-8.51089226e-09,0.115353493
42.589999,-0.993277135,-8.52394855e-09,0.115760668
42.599999,-0.993229572,-8.53719497e-09,0.11616806
42.609999,-0.993181821,-8.55036477e-09,0.1165756
42.619999,-0.993133889,-8.56343342e-09,0.116983239
42.629999,-0.993085758,-8.57646747e-09,0.117391131
42.639999,-0.993037398,-8.58956079e-09,0.117799521
42.649999,-0.992988831,-8.60278747e-09,0.118208216
42.659999,-0.992940077,-8.61551195e-09,0.118617046
42.669999,-0.992891148,-8.62713525e-09,0.119025914
42.679999,-0.992842033,-8.63868602e-09,0.11943491
42.689999,-0.992792734,-8.65058001e-09,0.119844013
42.699999,-0.992743262,-8.663853e-09,0.120253135
42.709999,-0.992693616,-8.67858886e-09,0.120662275
42.719999,-0.992643797,-8.69322111e-09,0.121071437
42.729999,-0.992593799,-8.70717817e-09,0.121480657
42.739999,-0.992543624,-8.72207944e-09,0.121889926
42.749999,-0.992493275,-8.73892877e-09,0.122299218
42.759999,-0.992442757,-8.75766787e-09,0.122708495
42.769999,-0.992392066,-8.77590162e-09,0.123117781
42.779999,-0.992341201,-8.79340883e-09,0.123527083
42.789999,-0.992290164,-8.81054501e-09,0.123936397
42.799999,-0.992238953,-8.82809358e-09,0.124345731
42.809999,-0.992187561,-8.84678112e-09,0.124755134
42.819999,-0.992135984,-8.86538297e-09,0.125164652
42.829999,-0.992084225,-8.88317361e-09,0.125574244
42.839999,-0.992032282,-8.90033841e-09,0.12598393
42.849999,-0.991980146,-8.91703728e-09,0.126393791
42.859999,-0.991927793,-8.93291281e-09,0.126803999
42.869999,-0.991875192,-8.94897737e-09,0.127214796
42.879999,-0.991822374,-8.96579293e-09,0.127625935
42.889999,-0.991769358,-8.98061415e-09,0.12803726
42.899999,-0.991716151,-8.99378249e-09,0.128448726
42.909999,-0.991662755,-9.00779616e-09,0.128860313
42.919999,-0.991609137,-9.02293743e-09,0.129272265
42.929999,-0.991555255,-9.03865133e-09,0.129684915
42.939999,-0.991501143,-9.05484225e-09,0.130097979
42.949999,-0.991446812,-9.07244051e-09,0.130511376
42.959999,-0.991392259,-9.09069249e-09,0.130925125
42.969999,-0.991337498,-9.1076718e-09,0.13133912
42.979999,-0.991282539,-9.12291387e-09,0.131753283
42.989999,-0.991227387,-9.13684883e-09,0.132167575
42.999999,-0.991172047,-9.15014498e-09,0.132581951
43.009999,-0.991116523,-9.16294935e-09,0.132996385
43.019999,-0.991060806,-9.17552749e-09,0.133410936
43.029999,-0.991004898,-9.18785183e-09,0.133825605
43.039999,-0.990948805,-9.19942598e-09,0.134240329
43.049999,-0.990892533,-9.21084354e-09,0.134655071
43.059999,-0.990836084,-9.22328891e-09,0.135069815
43.069999,-0.990779458,-9.23627136e-09,0.135484558
43.079999,-0.990722644,-9.24903347e-09,0.135899387
43.089999,-0.990665619,-9.2620502e-09,0.13631446
43.099999,-0.990608392,-9.27589695e-09,0.136729707
43.109999,-0.990550966,-9.28858226e-09,0.13714512
43.119999,-0.99049333,-9.30063889e-09,0.137560761
43.129999,-0.990435499,-9.31378655e-09,0.137976529
43.139999,-0.990377475,-9.32727168e-09,0.138392399
43.149999,-0.99031926,-9.34015561e-09,0.138808367
43.159999,-0.990260857,-9.35302304e-09,0.139224404
43.169999,-0.990202268,-9.36607219e-09,0.139640496
43.179999,-0.990143494,-9.37913824e-09,0.140056636
43.189999,-0.990084532,-9.39220603e-09,0.14047284
43.199999,-0.990025376,-9.40577719e-09,0.14088916
43.209999,-0.989966021,-9.42041853e-09,0.141305615
43.219999,-0.989906469,-9.43544697e-09,0.141722203
43.229999,-0.989846714,-9.4502923e-09,0.142138956
43.239999,-0.989786747,-9.46655785e-09,0.142555937
43.249999,-0.989726567,-9.48434814e-09,0.142973152
43.259999,-0.989666178,-9.50304232e-09,0.143390573
43.269999,-0.989605595,-9.52068295e-09,0.14380809
43.279999,-0.989544831,-9.53722334e-09,0.144225616
43.289999,-0.989483886,-9.55339882e-09,0.144643142
43.299999,-0.98942275,-9.5681762e-09,0.145060755
43.309999,-0.989361425,-9.5819432e-09,0.145478423
43.319999,-0.989299917,-9.59499739e-09,0.145896109
43.329999,-0.989238219,-9.60842784e-09,0.146313862
43.339999,-0.98917632,-9.62314263e-09,0.146731753
43.349999,-0.989114235,-9.63725706e-09,0.147149688
43.359999,-0.989051978,-9.65006707e-09,0.147567563
43.369999,-0.988989527,-9.66427774e-09,0.147985524
43.379999,-0.988926855,-9.68245568e-09,0.148403755
43.389999,-0.98886398,-9.69995154e-09,0.148822138
43.399999,-0.988800912,-9.71575602e-09,0.1492406
43.409999,-0.988737649,-9.73098641e-09,0.149659152
43.419999,-0.988674196,-9.74526186e-09,0.15007776
43.429999,-0.988610558,-9.75844711e-09,0.150496393
43.439999,-0.988546737,-9.77108431e-09,0.150915035
43.449999,-0.988482733,-9.78337806e-09,0.151333695
43.459999,-0.988418541,-9.79522498e-09,0.151752387
43.469999,-0.988354155,-9.80601738e-09,0.152171167
43.479999,-0.988289558,-9.81531086e-09,0.152590135
43.489999,-0.988224769,-9.82396101e-09,0.153009167
43.499999,-0.9881598,-9.83217866e-09,0.153428193
43.509999,-0.988094645,-9.83999052e-09,0.15384724
43.519999,-0.988029305,-9.84673911e-09,0.154266302
43.529999,-0.987963784,-9.8520928e-09,0.154685361
43.539999,-0.987898084,-9.85696477e-09,0.155104401
43.549999,-0.987832211,-9.86179855e-09,0.155523386
43.559999,-0.987766169,-9.8663417e-09,0.155942282
43.569999,-0.987699938,-9.87096134e-09,0.156361224
43.579999,-0.987633473,-9.87699737e-09,0.156780491
43.589999,-0.987566772,-9.8867352e-09,0.157200099
43.599999,-0.987499861,-9.89709774e-09,0.157619872
43.609999,-0.987432754,-9.90543856e-09,0.15803973
43.619999,-0.987365457,-9.91365635e-09,0.158459627
43.629999,-0.98729796,-9.92256361e-09,0.158879633
43.639999,-0.987230248,-9.93175284e-09,0.159299834
43.649999,-0.987162332,-9.94030558e-09,0.15972016
43.659999,-0.987094168,-9.94780189e-09,0.160140886
43.669999,-0.987025673,-9.95388819e-09,0.160562515
43.679999,-0.986956901,-9.95969387e-09,0.160984707
43.689999,-0.986887898,-9.96561052e-09,0.161407178
43.699999,-0.986818695,-9.97134272e-09,0.161829734
43.709999,-0.986749321,-9.97674341e-09,0.162252202
43.719999,-0.986679761,-9.98217783e-09,0.162674672
43.729999,-0.986610005,-9.98797148e-09,0.163097203
43.739999,-0.986540031,-9.99391925e-09,0.163519927
43.749999,-0.986469808,-1.00000433e-08,0.163943035
43.759999,-0.986399311,-1.00062622e-08,0.164366658
43.769999,-0.986328562,-1.001292e-08,0.164790679
43.779999,-0.986257591,-1.00193474e-08,0.165214901
43.789999,-0.986186414,-1.00255738e-08,0.165639237
43.799999,-0.986115029,-1.00316552e-08,0.166063692
43.809999,-0.986043444,-1.00362827e-08,0.16648822
43.819999,-0.985971661,-1.00396575e-08,0.166912803
43.829999,-0.985899683,-1.00421461e-08,0.167337431
43.839999,-0.985827511,-1.00436089e-08,0.167762088
43.849999,-0.985755146,-1.00441358e-08,0.168186778
43.859999,-0.985682585,-1.0043884e-08,0.168611513
43.869999,-0.98560983,-1.004253e-08,0.169036277
43.879999,-0.985536891,-1.00398719e-08,0.169461019
43.889999,-0.985463769,-1.0036635e-08,0.169885728
43.899999,-0.985390437,-1.00325756e-08,0.17031056
43.909999,-0.985316871,-1.00275487e-08,0.170735656
43.919999,-0.985243083,-1.00229977e-08,0.17116094
43.929999,-0.985169085,-1.00190596e-08,0.171586346
43.939999,-0.985094885,-1.0014984e-08,0.172011825
43.949999,-0.985020482,-1.00103114e-08,0.172437377
43.959999,-0.984945873,-1.00057986e-08,0.17286303
43.969999,-0.984871063,-1.00014577e-08,0.173288743
43.979999,-0.98479606,-9.99705942e-09,0.173714477
43.989999,-0.984720866,-9.99236788e-09,0.174140221
43.999999,-0.98464548,-9.9868071e-09,0.174565972
44.009999,-0.984569906,-9.97952331e-09,0.174991715
44.019999,-0.984494139,-9.97034149e-09,0.175417474
44.029999,-0.984418162,-9.95994839e-09,0.175843344
44.039999,-0.984341953,-9.94949262e-09,0.176269453
44.049999,-0.984265509,-9.93937023e-09,0.176695808
44.059999,-0.984188843,-9.92953769e-09,0.177122335
44.069999,-0.984111958,-9.91954706e-09,0.17754902
44.079999,-0.984034855,-9.90939748e-09,0.17797585
44.089999,-0.983957532,-9.89932975e-09,0.178402847
44.099999,-0.983880001,-9.88934335e-09,0.178829931
44.109999,-0.983802271,-9.87952261e-09,0.179257052
44.119999,-0.983724333,-9.86944581e-09,0.179684268
44.129999,-0.983646166,-9.85906501e-09,0.180111686
44.139999,-0.983567779,-9.84817827e-09,0.18053926
44.149999,-0.983489171,-9.83702865e-09,0.180966988
44.159999,-0.983410355,-9.82659654e-09,0.1813948
44.169999,-0.983331306,-9.81694527e-09,0.181822836
44.179999,-0.983251943,-9.80905445e-09,0.182251521
44.189999,-0.983172257,-9.80483286e-09,0.182680904
44.199999,-0.983092302,-9.80144952e-09,0.183110691
44.209999,-0.983012105,-9.79766734e-09,0.183540736
44.219999,-0.982931676,-9.79245175e-09,0.183970975
44.229999,-0.982851024,-9.78772051e-09,0.184401367
44.239999,-0.982770149,-9.78421414e-09,0.18483191
44.249999,-0.982689048,-9.78171692e-09,0.185262609
44.259999,-0.982607727,-9.77953264e-09,0.185693442
44.269999,-0.982526188,-9.77755731e-09,0.186124394
44.279999,-0.982444436,-9.77568155e-09,0.186555434
44.289999,-0.982362476,-9.77388391e-09,0.186986537
44.299999,-0.982280312,-9.77217116e-09,0.187417686
44.309999,-0.982197945,-9.77054382e-09,0.187848869
44.319999,-0.982115377,-9.76899513e-09,0.188280074
44.329999,-0.982032611,-9.76751626e-09,0.188711289
44.339999,-0.981949649,-9.76609852e-09,0.189142505
44.349999,-0.981866491,-9.76473364e-09,0.189573715
44.359999,-0.98178314,-9.76341381e-09,0.19000491
44.369999,-0.98169958,-9.76204837e-09,0.19043617
44.379999,-0.981615783,-9.76064903e-09,0.190867635
44.389999,-0.981531764,-9.75957045e-09,0.191299231
44.399999,-0.981447528,-9.75895994e-09,0.191730931
44.409999,-0.981363065,-9.75885449e-09,0.19216278
44.419999,-0.981278393,-9.75896867e-09,0.19259469
44.429999,-0.981193522,-9.75911727e-09,0.193026609
44.439999,-0.981108451,-9.75942228e-09,0.19345854
44.449999,-0.981023165,-9.76003878e-09,0.193890563
44.459999,-0.98093765,-9.76051176e-09,0.194322741
44.469999,-0.98085192,-9.76076478e-09,0.194755001
44.479999,-0.98076599,-9.76051799e-09,0.195187276
44.489999,-0.980679855,-9.75840717e-09,0.195619585
44.499999,-0.98059351,-9.75476119e-09,0.196051954
44.509999,-0.980506945,-9.75296372e-09,0.196484429
44.519999,-0.980420135,-9.75479814e-09,0.196917137
44.529999,-0.980333093,-9.7581175e-09,0.19735001
44.539999,-0.980245839,-9.76132988e-09,0.197782952
44.549999,-0.980158383,-9.76364712e-09,0.198215904
44.559999,-0.980070742,-9.76346503e-09,0.198648787
44.569999,-0.979982913,-9.76278388e-09,0.199081615
44.579999,-0.979894903,-9.76277559e-09,0.199514357
44.589999,-0.979806712,-9.76429413e-09,0.199947009
44.599999,-0.979718308,-9.76720269e-09,0.200379732
44.609999,-0.979629661,-9.76988083e-09,0.200812669
44.619999,-0.979540753,-9.77083189e-09,0.201245903
44.629999,-0.979451613,-9.76992972e-09,0.201679292
44.639999,-0.97936227,-9.7685949e-09,0.2021127
44.649999,-0.979272735,-9.76743431e-09,0.20254607
44.659999,-0.979183003,-9.76639417e-09,0.202979425
44.669999,-0.979093066,-9.76514515e-09,0.203412802
44.679999,-0.979002921,-9.76255949e-09,0.203846218
44.689999,-0.978912562,-9.75792628e-09,0.204279703
44.699999,-0.978821978,-9.75247225e-09,0.204713303
44.709999,-0.978731168,-9.74704691e-09,0.205147023
44.719999,-0.978640131,-9.74139716e-09,0.20558087
44.729999,-0.978548881,-9.73662971e-09,0.206014777
44.739999,-0.978457427,-9.73212981e-09,0.206448693
44.749999,-0.978365766,-9.7261732e-09,0.206882641
44.759999,-0.978273886,-9.72074082e-09,0.207316675
44.769999,-0.978181768,-9.71618683e-09,0.20775088
44.779999,-0.978089413,-9.71156072e-09,0.208185254
44.789999,-0.977996809,-9.7081119e-09,0.208619849
44.799999,-0.977903959,-9.70532571e-09,0.209054652
44.809999,-0.977810877,-9.70089046e-09,0.209489593
44.819999,-0.977717576,-9.69510087e-09,0.20992461
44.829999,-0.977624056,-9.6898357e-09,0.210359702
44.839999,-0.977530323,-9.68534778e-09,0.210794849
44.849999,-0.977436373,-9.68201076e-09,0.211230054
44.859999,-0.977342204,-9.68023902e-09,0.211665342
44.869999,-0.977247819,-9.67842211e-09,0.212100684
44.879999,-0.977153226,-9.67551347e-09,0.212536053
44.889999,-0.97705842,-9.67129685e-09,0.212971463
44.899999,-0.976963396,-9.66705378e-09,0.213406943
44.909999,-0.976868128,-9.66303058e-09,0.213842605
44.919999,-0.976772554,-9.6591685e-09,0.214278739
44.929999,-0.976676661,-9.65577719e-09,0.214715394
44.939999,-0.97658048,-9.65236725e-09,0.215152426
44.949999,-0.976484041,-9.64910836e-09,0.215589697
44.959999,-0.976387357,-9.64780345e-09,0.21602715
44.969999,-0.976290434,-9.64712484e-09,0.21646475
44.979999,-0.976193276,-9.64622445e-09,0.216902484
44.989999,-0.976095879,-9.64505087e-09,0.217340368
44.999999,-0.975998191,-9.64377651e-09,0.217778628
45.009999,-0.97590013,-9.64265263e-09,0.218217634
45.019999,-0.975801744,-9.64390099e-09,0.218657165
45.029999,-0.975703096,-9.64793078e-09,0.21909694
45.039999,-0.975604201,-9.65179326e-09,0.219536885
45.049999,-0.975505028,-9.65593243e-09,0.219977134
45.059999,-0.975405545,-9.66143141e-09,0.220417836
45.069999,-0.975305774,-9.66706203e-09,0.220858885
45.079999,-0.975205728,-9.67273477e-09,0.221300222
45.089999,-0.975105395,-9.67877483e-09,0.221741896
45.099999,-0.975004793,-9.68437121e-09,0.222183828
45.109999,-0.974903934,-9.68891057e-09,0.222625964
45.119999,-0.974802826,-9.69268436e-09,0.223068265
45.129999,-0.974701473,-9.69609966e-09,0.22351071
45.139999,-0.974599879,-9.69914828e-09,0.223953291
45.149999,-0.974498039,-9.70175945e-09,0.224396016
45.159999,-0.974395956,-9.70403482e-09,0.224838876
45.169999,-0.974293639,-9.70573952e-09,0.225281833
45.179999,-0.974191091,-9.7074638e-09,0.225724874
45.189999,-0.974088296,-9.70971094e-09,0.226168061
45.199999,-0.973985243,-9.71294904e-09,0.226611446
45.209999,-0.973881949,-9.7165139e-09,0.227054946
45.219999,-0.973778438,-9.71922625e-09,0.227498471
45.229999,-0.973674719,-9.72072869e-09,0.22794197
45.239999,-0.973570792,-9.72293161e-09,0.228385448
45.249999,-0.97346666,-9.7262763e-09,0.228828893
45.259999,-0.973362325,-9.7303625e-09,0.229272293
45.269999,-0.973257786,-9.73412944e-09,0.229715656
45.279999,-0.973152983,-9.73666933e-09,0.230159231
45.289999,-0.973047843,-9.73957086e-09,0.230603328
45.299999,-0.972942434,-9.74440948e-09,0.231047659
45.309999,-0.972836786,-9.75148123e-09,0.231492089
45.319999,-0.972730873,-9.76069219e-09,0.231936734
45.329999,-0.972624703,-9.77276372e-09,0.232381557
45.339999,-0.972518316,-9.78566435e-09,0.232826385
45.349999,-0.972411704,-9.79863888e-09,0.233271253
45.359999,-0.972304871,-9.81179241e-09,0.233716148
45.369999,-0.972197799,-9.82534814e-09,0.234161138
45.379999,-0.972090455,-9.83986319e-09,0.234606368
45.389999,-0.971982845,-9.85482992e-09,0.235051803
45.399999,-0.971874986,-9.86746002e-09,0.23549737
45.409999,-0.971766876,-9.8780499e-09,0.235943082
45.419999,-0.97165851,-9.88965448e-09,0.236388961
45.429999,-0.971549911,-9.90181262e-09,0.236834902
45.439999,-0.971441093,-9.91479972e-09,0.237280854
45.449999,-0.971332041,-9.92807836e-09,0.237726873
45.459999,-0.971222744,-9.93971722e-09,0.238173007
45.469999,-0.971113214,-9.95014787e-09,0.238619204
45.479999,-0.971003419,-9.96137313e-09,0.239065599
45.489999,-0.970893292,-9.97461394e-09,0.239512454
45.499999,-0.97078287,-9.98816107e-09,0.239959621
45.509999,-0.970672204,-1.00012825e-08,0.24040689
45.519999,-0.970561323,-1.00143229e-08,0.240854145
45.529999,-0.970450218,-1.00268859e-08,0.241301417
45.539999,-0.970338863,-1.00388033e-08,0.241748818
45.549999,-0.970227226,-1.00501355e-08,0.242196471
45.559999,-0.970115321,-1.00622026e-08,0.242644318
45.569999,-0.970003145,-1.00760872e-08,0.243092366
45.579999,-0.969890713,-1.00898098e-08,0.24354056
45.589999,-0.969778029,-1.0102801e-08,0.243988883
45.599999,-0.969665081,-1.01148933e-08,0.244437377
45.609999,-0.969551827,-1.01258953e-08,0.244886206
45.619999,-0.969438267,-1.01371005e-08,0.245335374
45.629999,-0.969324411,-1.01478677e-08,0.245784836
45.639999,-0.969210291,-1.01560016e-08,0.246234464
45.649999,-0.969095916,-1.01635357e-08,0.246684221
45.659999,-0.968981299,-1.01722495e-08,0.247134059
45.669999,-0.968866444,-1.01819774e-08,0.247583953
45.679999,-0.968751356,-1.01920234e-08,0.248033891
45.689999,-0.968636033,-1.0201795e-08,0.248483875
45.699999,-0.968520473,-1.02109505e-08,0.248933912
45.709999,-0.968404684,-1.0219445e-08,0.249383977
45.719999,-0.968288655,-1.02259878e-08,0.249834108
45.729999,-0.968172362,-1.02302756e-08,0.250284395
45.739999,-0.968055816,-1.02349123e-08,0.250734795
45.749999,-0.967939026,-1.02400317e-08,0.251185276
45.759999,-0.967821993,-1.0244735e-08,0.251635828
45.769999,-0.967704709,-1.02496547e-08,0.252086487
45.779999,-0.967587158,-1.02551743e-08,0.252537308
45.789999,-0.967469351,-1.02603019e-08,0.25298825
45.799999,-0.967351282,-1.02646681e-08,0.253439336
45.809999,-0.967232945,-1.02685078e-08,0.253890588
45.819999,-0.967114348,-1.0270557e-08,0.254341972
45.829999,-0.966995505,-1.02707267e-08,0.254793433
45.839999,-0.966876407,-1.02696893e-08,0.255245008
45.849999,-0.96675703,-1.02692624e-08,0.255696784
45.859999,-0.966637372,-1.02701658e-08,0.256148767
45.869999,-0.966517448,-1.0269577e-08,0.2566009
45.879999,-0.966397269,-1.02679639e-08,0.257053142
45.889999,-0.966276843,-1.02665997e-08,0.25750546
45.899999,-0.966156165,-1.02655812e-08,0.257957875
45.909999,-0.966035222,-1.02645328e-08,0.25841043
45.919999,-0.965914027,-1.02633029e-08,0.258863077
45.929999,-0.965792592,-1.02615698e-08,0.25931577
45.939999,-0.965670927,-1.02590459e-08,0.259768476
45.949999,-0.965549021,-1.02567013e-08,0.260221228
45.959999,-0.965426867,-1.02553314e-08,0.260674057
45.969999,-0.965304476,-1.02549516e-08,0.261126919
45.979999,-0.965181848,-1.02553917e-08,0.261579818
45.989999,-0.965058985,-1.02554989e-08,0.262032737
45.999999,-0.964935859,-1.02547753e-08,0.262485785
46.009999,-0.964812405,-1.02537207e-08,0.262939202
46.019999,-0.964688622,-1.02540285e-08,0.26339298
46.029999,-0.964564522,-1.025583e-08,0.263847084
46.039999,-0.964440112,-1.02580973e-08,0.264301476
46.049999,-0.964315421,-1.02602667e-08,0.264756056
46.059999,-0.964190421,-1.02619134e-08,0.265210921
46.069999,-0.964065063,-1.02613051e-08,0.265666248
46.079999,-0.963939341,-1.02604862e-08,0.266122054
46.089999,-0.963813291,-1.02605835e-08,0.266578206
46.099999,-0.963686918,-1.02610803e-08,0.267034687
46.109999,-0.963560234,-1.02610819e-08,0.267491448
46.119999,-0.963433249,-1.02606055e-08,0.267948456
46.129999,-0.963305965,-1.02612656e-08,0.268405697
46.139999,-0.963178364,-1.02633377e-08,0.268863235
46.149999,-0.963050471,-1.02661832e-08,0.26932098
46.159999,-0.962922297,-1.02696611e-08,0.26977889
46.169999,-0.962793843,-1.0273327e-08,0.270236963
46.179999,-0.962665123,-1.02768113e-08,0.270695145
46.189999,-0.962536123,-1.02798643e-08,0.271153485
46.199999,-0.96240681,-1.02822933e-08,0.271612097
46.209999,-0.962277168,-1.02827416e-08,0.272071041
46.219999,-0.962147092,-1.02792467e-08,0.272530682
46.229999,-0.962016551,-1.02749686e-08,0.272991127
46.239999,-0.961885613,-1.02730468e-08,0.27345213
46.249999,-0.961754196,-1.02740789e-08,0.273913976
46.259999,-0.961622159,-1.02768797e-08,0.274377155
46.269999,-0.961489615,-1.02806927e-08,0.274841263
46.279999,-0.961356662,-1.02842403e-08,0.275305954
46.289999,-0.961223341,-1.02880943e-08,0.275771079
46.299999,-0.961089634,-1.02920916e-08,0.276236703
46.309999,-0.960955485,-1.02968907e-08,0.276703009
46.319999,-0.960820902,-1.03024616e-08,0.277169973
46.329999,-0.960685942,-1.03083556e-08,0.277637392
46.339999,-0.960550641,-1.03144194e-08,0.278105135
46.349999,-0.960415018,-1.03197535e-08,0.278573138
46.359999,-0.960279078,-1.03249704e-08,0.279041381
46.369999,-0.960142832,-1.03302597e-08,0.279509826
46.379999,-0.960006269,-1.03344153e-08,0.279978504
46.389999,-0.95986936,-1.03364288e-08,0.280447521
46.399999,-0.959732107,-1.03394788e-08,0.280916862
46.409999,-0.959594511,-1.03451054e-08,0.28138652
46.419999,-0.959456572,-1.03514701e-08,0.281856499
46.429999,-0.959318322,-1.03577643e-08,0.282326684
46.439999,-0.95917978,-1.03635827e-08,0.282797011
46.449999,-0.959040933,-1.03674969e-08,0.283267523
46.459999,-0.958901755,-1.03689115e-08,0.283738304
46.469999,-0.958762262,-1.03702781e-08,0.284209296
46.479999,-0.958622478,-1.03727977e-08,0.284680426
46.489999,-0.958482379,-1.0375862e-08,0.285151767
46.499999,-0.958341913,-1.03786026e-08,0.285623491
46.509999,-0.958201107,-1.03808272e-08,0.286095504
46.519999,-0.95806,-1.03824697e-08,0.286567682
46.529999,-0.957918596,-1.03842942e-08,0.287040005
46.539999,-0.957776885,-1.03873207e-08,0.287512502
46.549999,-0.957634884,-1.03904995e-08,0.287985119
46.559999,-0.957492607,-1.03933863e-08,0.288457808
46.569999,-0.957350044,-1.0395759e-08,0.288930602
46.579999,-0.957207152,-1.03976111e-08,0.289403643
46.589999,-0.957063921,-1.04000065e-08,0.289876959
46.599999,-0.956920386,-1.040345e-08,0.290350433
46.609999,-0.956776569,-1.04076721e-08,0.290823997
46.619999,-0.956632471,-1.04122037e-08,0.291297642
46.629999,-0.956488057,-1.04159556e-08,0.29177148
46.639999,-0.956343285,-1.04175867e-08,0.292245651
46.649999,-0.956198111,-1.04183319e-08,0.292720297
46.659999,-0.956052446,-1.04198132e-08,0.293195702
46.669999,-0.955906353,-1.0422856e-08,0.293671662
46.679999,-0.955759834,-1.04279633e-08,0.294148158
46.689999,-0.955612885,-1.04347134e-08,0.29462521
46.699999,-0.955465519,-1.04417563e-08,0.295102765
46.709999,-0.955317747,-1.04469978e-08,0.295580787
46.719999,-0.955169604,-1.04502906e-08,0.296059164
46.729999,-0.955021076,-1.0451793e-08,0.29653793
46.739999,-0.954872143,-1.04511501e-08,0.297017154
46.749999,-0.954722734,-1.04475544e-08,0.29749706
46.759999,-0.954572897,-1.0441926e-08,0.29797749
46.769999,-0.9544227,-1.04348856e-08,0.29845822
46.779999,-0.954272189,-1.04275064e-08,0.298939106
46.789999,-0.954121356,-1.04208522e-08,0.299420171
46.799999,-0.953970209,-1.04141142e-08,0.299901386
46.809999,-0.953818738,-1.04069857e-08,0.300382782
46.819999,-0.953666922,-1.03994928e-08,0.300864424
46.829999,-0.953514747,-1.03910781e-08,0.301346357
46.839999,-0.95336219,-1.03835257e-08,0.30182865
46.849999,-0.95320924,-1.03767327e-08,0.302311336
46.859999,-0.953055928,-1.03698303e-08,0.302794317
46.869999,-0.952902208,-1.03632154e-08,0.303277731
46.879999,-0.952748022,-1.03564283e-08,0.30376176
46.889999,-0.952593434,-1.03493786e-08,0.304246199
46.899999,-0.952438484,-1.03423438e-08,0.304730921
46.909999,-0.952283202,-1.0335487e-08,0.305215831
46.919999,-0.952127576,-1.03280594e-08,0.305700964
46.929999,-0.951971569,-1.03204413e-08,0.306186433
46.939999,-0.951815198,-1.03129156e-08,0.306672184
46.949999,-0.951658353,-1.03032606e-08,0.307158556
46.959999,-0.951500893,-1.0291448e-08,0.307645981
46.969999,-0.951342965,-1.02804263e-08,0.308134003
46.9799989,-0.951184659,-1.0271117e-08,0.308622332
46.9899989,-0.951025986,-1.02628339e-08,0.309110942
46.9999989,-0.950866877,-1.02571714e-08,0.309600035
47.0099989,-0.950707255,-1.02542546e-08,0.310089851
47.0199989,-0.950547143,-1.0251685e-08,0.310580309
47.0299989,-0.950386666,-1.02499779e-08,0.31107103
47.0399989,-0.950225853,-1.02481984e-08,0.311561916
47.0499989,-0.950064699,-1.02455845e-08,0.312052989
47.0599989,-0.94990319,-1.0241935e-08,0.312544285
47.0699989,-0.949741333,-1.02375517e-08,0.313035781
47.0799989,-0.949579138,-1.02326993e-08,0.313527449
47.0899989,-0.94941661,-1.02276557e-08,0.314019269
47.0999989,-0.949253689,-1.02218239e-08,0.314511421
47.1099989,-0.949090267,-1.02149261e-08,0.315004231
47.1199989,-0.948926432,-1.02069917e-08,0.315497429
47.1299989,-0.948762252,-1.01979174e-08,0.315990806
47.1399989,-0.94859775,-1.01874896e-08,0.316484296
47.1499989,-0.948432896,-1.01763085e-08,0.316977985
47.1599989,-0.948267645,-1.01647287e-08,0.317472004
47.1699989,-0.948102048,-1.01523523e-08,0.317966203
47.1799989,-0.947936114,-1.01389361e-08,0.318460553
47.1899989,-0.947769804,-1.01260117e-08,0.318955167
47.1999989,-0.947603122,-1.01136029e-08,0.319450033
47.2099989,-0.947436108,-1.01021933e-08,0.319945028
47.2199989,-0.947268782,-1.00914703e-08,0.320440095
47.2299989,-0.947101156,-1.0082009e-08,0.320935197
47.2399989,-0.946933246,-1.00746144e-08,0.321430284
47.2499989,-0.946765055,-1.00672021e-08,0.321925349
47.2599989,-0.946596575,-1.00590991e-08,0.322420415
47.2699989,-0.946427795,-1.00505394e-08,0.322915514
47.2799989,-0.946258735,-1.00414395e-08,0.323410585
47.2899989,-0.946089407,-1.00317633e-08,0.323905596
47.2999989,-0.945919744,-1.00205305e-08,0.324400736
47.3099989,-0.945749634,-1.00074438e-08,0.324896336
47.3199989,-0.9455791,-9.99471998e-09,0.325392326
47.3299989,-0.94540816,-9.98160676e-09,0.325888648
47.3399989,-0.945236837,-9.9695188e-09,0.326385235
47.3499989,-0.945065115,-9.95815475e-09,0.326882132
47.3599989,-0.944893034,-9.94523218e-09,0.327379222
47.3699989,-0.944720586,-9.9313732e-09,0.327876522
47.3799989,-0.944547727,-9.9163991e-09,0.328374165
47.3899989,-0.944374446,-9.89945091e-09,0.328872173
47.3999989,-0.944200732,-9.88277115e-09,0.329370578
47.4099989,-0.944026573,-9.8683615e-09,0.329869412
47.4199989,-0.943851956,-9.85586142e-09,0.33036871
47.4299989,-0.943676927,-9.84278631e-09,0.330868338
47.4399989,-0.943501493,-9.83001e-09,0.331368275
47.4499989,-0.943325681,-9.81580932e-09,0.331868437
47.4599989,-0.943149503,-9.79923799e-09,0.332368794
47.4699989,-0.942972954,-9.78237506e-09,0.332869356
47.4799989,-0.942795955,-9.76599269e-09,0.333370346
47.4899989,-0.942618461,-9.74955775e-09,0.333871886
47.4999989,-0.94244057,-9.73233113e-09,0.3343737
47.5099989,-0.942262341,-9.7142389e-09,0.334875621
47.5199989,-0.942083749,-9.69534338e-09,0.335377713
47.5299989,-0.941904738,-9.67577941e-09,0.335880134
47.5399989,-0.941725333,-9.65611809e-09,0.336382812
47.5499989,-0.941545544,-9.63661134e-09,0.33688572
47.5599989,-0.941365411,-9.61754155e-09,0.337388743
47.5699989,-0.941184951,-9.59992002e-09,0.33789183
47.5799989,-0.941004173,-9.58365532e-09,0.338394957
47.5899989,-0.940823036,-9.56920573e-09,0.338898236
47.5999989,-0.940641479,-9.55703993e-09,0.339401838
47.6099989,-0.940459558,-9.54513172e-09,0.339905605
47.6199989,-0.940277299,-9.53377115e-09,0.34040946
47.6299989,-0.940094676,-9.52393432e-09,0.340913479
47.6399989,-0.939911668,-9.5152331e-09,0.341417714
47.6499989,-0.939728311,-9.50702825e-09,0.34192207
47.6599989,-0.939544623,-9.49891438e-09,0.342426489
47.6699989,-0.939360605,-9.49090447e-09,0.342930974
47.6799989,-0.939176271,-9.48302831e-09,0.343435485
47.6899989,-0.938991631,-9.47523565e-09,0.34393999
47.6999989,-0.93880665,-9.46639188e-09,0.344444587
47.7099989,-0.938621266,-9.45552054e-09,0.344949445
47.7199989,-0.938435518,-9.44501959e-09,0.345454452
47.7299989,-0.938249269,-9.43533481e-09,0.345959983
47.7399989,-0.938062277,-9.42528034e-09,0.346466686
47.7499989,-0.937874728,-9.41378252e-09,0.346974056
47.7599989,-0.937686757,-9.40098314e-09,0.34748172
47.7699989,-0.937498359,-9.38722926e-09,0.347989694
47.7799989,-0.937309452,-9.37277355e-09,0.348498193
47.7899989,-0.937120029,-9.35860214e-09,0.349007237
47.7999989,-0.936930127,-9.34488339e-09,0.34951672
47.8099989,-0.936739789,-9.33181439e-09,0.350026523
47.8199989,-0.936549067,-9.31912259e-09,0.35053651
47.8299989,-0.936357965,-9.30669069e-09,0.351046666
47.8399989,-0.936166459,-9.29506925e-09,0.351557053
47.8499989,-0.935974546,-9.2839358e-09,0.352067677
47.8599989,-0.93578223,-9.27295679e-09,0.352578528
47.8699989,-0.935589463,-9.26144563e-09,0.353089729
47.8799989,-0.93539624,-9.24923158e-09,0.353601293
47.8899989,-0.935202626,-9.23681117e-09,0.354113044
47.8999989,-0.935008653,-9.2243417e-09,0.354624898
47.9099989,-0.934814321,-9.21202364e-09,0.355136853
47.9199989,-0.9346196,-9.19964542e-09,0.355648988
47.9299989,-0.934424396,-9.18637127e-09,0.356161548
47.9399989,-0.934228625,-9.17399467e-09,0.356674749
47.9499989,-0.934032374,-9.1646347e-09,0.35718836
47.9599989,-0.933835737,-9.15676142e-09,0.357702134
47.9699989,-0.933638748,-9.1474732e-09,0.35821598
47.9799989,-0.93344137,-9.1378312e-09,0.358729995
47.9899989,-0.933243539,-9.12926686e-09,0.359244341
47.9999989,-0.933045232,-9.12252824e-09,0.35975908
48.0099989,-0.932846352,-9.11647439e-09,0.360274456
48.0199989,-0.932646795,-9.10992484e-09,0.360790737
48.0299989,-0.932446678,-9.10136999e-09,0.361307614
48.0399989,-0.932246097,-9.09179596e-09,0.36182484
48.0499989,-0.932045087,-9.0817413e-09,0.362342319
48.0599989,-0.931843671,-9.07116758e-09,0.362859992
48.0699989,-0.931641854,-9.06035284e-09,0.363377841
48.0799989,-0.931439634,-9.04960158e-09,0.363895875
48.0899989,-0.931237025,-9.03867267e-09,0.364414054
48.0999989,-0.931034007,-9.02838545e-09,0.364932428
48.1099989,-0.930830493,-9.01942907e-09,0.365451219
48.1199989,-0.930626441,-9.01059229e-09,0.365970527
48.1299989,-0.930421933,-9.00043032e-09,0.366490146
48.1399989,-0.930217014,-8.98874666e-09,0.367009954
48.1499989,-0.930011669,-8.97700682e-09,0.367529993
48.1599989,-0.929805854,-8.96693726e-09,0.368050368
48.1699989,-0.929599613,-8.95670646e-09,0.368570969
48.1799989,-0.929392975,-8.94558566e-09,0.36909172
48.1899989,-0.929185873,-8.93312775e-09,0.369612788
48.1999989,-0.928978212,-8.91875976e-09,0.37013441
48.2099989,-0.928770068,-8.90284228e-09,0.370656391
48.2199989,-0.928561503,-8.88546955e-09,0.371178577
48.2299989,-0.928352521,-8.86628167e-09,0.371700952
48.2399989,-0.9281431,-8.84443367e-09,0.372223569
48.2499989,-0.927933262,-8.8202542e-09,0.372746378
48.2599989,-0.927723033,-8.79561284e-09,0.373269304
48.2699989,-0.927512432,-8.77045342e-09,0.373792306
48.2799989,-0.927301465,-8.7443176e-09,0.374315365
48.2899989,-0.927090138,-8.71703691e-09,0.374838468
48.2999989,-0.926878445,-8.68871466e-09,0.375361623
48.3099989,-0.926666332,-8.66007282e-09,0.375884967
48.3199989,-0.926453761,-8.63178853e-09,0.376408593
48.3299989,-0.926240701,-8.60162368e-09,0.376932572
48.3399989,-0.926027022,-8.56767262e-09,0.377457223
48.3499989,-0.925812735,-8.53259188e-09,0.377982513
48.3599989,-0.925597952,-8.49948652e-09,0.378508165
48.3699989,-0.925382716,-8.46849684e-09,0.379034075
48.3799989,-0.925167027,-8.43804881e-09,0.379560236
48.3899989,-0.924950899,-8.40769923e-09,0.380086615
48.3999989,-0.924734327,-8.37743405e-09,0.380613222
48.4099989,-0.924517258,-8.34705673e-09,0.381140183
48.4199989,-0.924299703,-8.31655853e-09,0.381667473
48.4299989,-0.92408171,-8.28667543e-09,0.382194969
48.4399989,-0.923863292,-8.25706519e-09,0.382722639
48.4499989,-0.923644456,-8.2265796e-09,0.383250464
48.4599989,-0.923425152,-8.19541306e-09,0.383778567
48.4699989,-0.923205336,-8.1633277e-09,0.384307048
48.4799989,-0.922985029,-8.13220089e-09,0.384835855
48.4899989,-0.922764289,-8.10089188e-09,0.385364849
48.4999989,-0.922543133,-8.06875539e-09,0.385893986
48.5099989,-0.922321553,-8.03674549e-09,0.386423281
48.5199989,-0.922099542,-8.00346278e-09,0.386952754
48.5299989,-0.921877083,-7.96734526e-09,0.387482444
48.5399989,-0.921654103,-7.93229573e-09,0.388012519
48.5499989,-0.921430528,-7.90016975e-09,0.388543153
48.5599989,-0.921206409,-7.86876043e-09,0.389074225
48.5699989,-0.920981708,-7.83701913e-09,0.389605818
48.5799989,-0.920756498,-7.8069738e-09,0.39013776
48.5899989,-0.920530829,-7.77903734e-09,0.390669928
48.5999989,-0.920304722,-7.75203056e-09,0.391202274
48.6099989,-0.920078165,-7.72550789e-09,0.391734821
48.6199989,-0.919851135,-7.70184234e-09,0.392267624
48.6299989,-0.919623575,-7.68196078e-09,0.392800816
48.6399989,-0.919395409,-7.66523453e-09,0.393334567
48.6499989,-0.919166727,-7.65068002e-09,0.393868669
48.6599989,-0.918937521,-7.63707746e-09,0.394403134
48.6699989,-0.918707746,-7.62350809e-09,0.394938067
48.6799989,-0.918477485,-7.61190979e-09,0.395473272
48.6899989,-0.918246795,-7.6034095e-09,0.396008616
48.6999989,-0.918015676,-7.59694102e-09,0.396544095
48.7099989,-0.917784048,-7.59000646e-09,0.397079892
48.7199989,-0.917551831,-7.58048911e-09,0.397616194
48.7299989,-0.917319066,-7.56927652e-09,0.398152899
48.7399989,-0.917085771,-7.55749499e-09,0.398689965
48.7499989,-0.916851823,-7.54838079e-09,0.399227673
48.7599989,-0.916617036,-7.54316968e-09,0.399766444
48.7699989,-0.916381456,-7.5424296e-09,0.400306168
48.7799989,-0.916145243,-7.54305199e-09,0.400846472
48.7899989,-0.915908491,-7.54382574e-09,0.401387139
48.7999989,-0.915671208,-7.54441451e-09,0.401928151
48.8099989,-0.915433377,-7.5456357e-09,0.402469542
48.8199989,-0.915195047,-7.54762319e-09,0.403011199
48.8299989,-0.914956201,-7.54977483e-09,0.403553156
48.8399989,-0.914716781,-7.55127492e-09,0.404095546
48.8499989,-0.914476853,-7.5522868e-09,0.404638216
48.8599989,-0.91423639,-7.55306738e-09,0.405181224
48.8699989,-0.913995254,-7.55323428e-09,0.405724876
48.8799989,-0.913753469,-7.55309643e-09,0.40626912
48.8899989,-0.9135111,-7.55290451e-09,0.406813802
48.8999989,-0.913268202,-7.55234176e-09,0.407358799
48.9099989,-0.913024811,-7.55197198e-09,0.407904027
48.9199989,-0.912780851,-7.55131175e-09,0.408449652
48.9299989,-0.912536206,-7.55050622e-09,0.408995933
48.9399989,-0.912291011,-7.55021772e-09,0.409542564
48.9499989,-0.912045312,-7.55007798e-09,0.410089441
48.9599989,-0.911799011,-7.54973145e-09,0.410636778
48.9699989,-0.911552078,-7.54985058e-09,0.41118464
48.9799989,-0.911304579,-7.55046011e-09,0.411732879
48.9899989,-0.911056522,-7.55169351e-09,0.412281475
48.9999989,-0.910807933,-7.55288737e-09,0.412830363
49.0099989,-0.910558858,-7.55387784e-09,0.413379445
49.0199989,-0.910309318,-7.55469104e-09,0.413928673
49.0299989,-0.910059316,-7.55473791e-09,0.414478035
49.0399989,-0.909808841,-7.55273675e-09,0.415027556
49.0499989,-0.909557866,-7.55019157e-09,0.415577296
49.0599989,-0.909306384,-7.54919096e-09,0.416127264
49.0699989,-0.909054386,-7.5485312e-09,0.41667748
49.0799989,-0.908801909,-7.54823241e-09,0.417227863
49.0899989,-0.90854897,-7.54881101e-09,0.417778374
49.0999989,-0.908295505,-7.55121259e-09,0.418329147
49.1099989,-0.9080414,-7.55654457e-09,0.418880432
49.1199989,-0.907786625,-7.5634684e-09,0.419432287
49.1299989,-0.907531293,-7.56986831e-09,0.419984467
49.1399989,-0.907275409,-7.57487457e-09,0.420536956
49.1499989,-0.907018969,-7.57845187e-09,0.421089765
49.1599989,-0.906762011,-7.58045646e-09,0.421642805
49.1699989,-0.906504565,-7.58129512e-09,0.422196014
49.1799989,-0.906246631,-7.58129743e-09,0.422749387
49.1899989,-0.90598818,-7.582384e-09,0.423302986
49.1999989,-0.905729189,-7.58353244e-09,0.423856858
49.2099989,-0.905469679,-7.58415344e-09,0.424410957
49.2199989,-0.905209733,-7.58515794e-09,0.424965104
49.2299989,-0.904949352,-7.5861494e-09,0.425519295
49.2399989,-0.904688468,-7.58642845e-09,0.426073675
49.2499989,-0.904427098,-7.58740512e-09,0.426628204
49.2599989,-0.904165294,-7.58980832e-09,0.427182773
49.2699989,-0.903903077,-7.59306217e-09,0.427737334
49.2799989,-0.903640437,-7.59622632e-09,0.428291911
49.2899989,-0.903377305,-7.59822602e-09,0.428846645
49.2999989,-0.903113597,-7.59909606e-09,0.429401712
49.3099989,-0.902849215,-7.59992344e-09,0.429957317
49.3199989,-0.902584217,-7.60149636e-09,0.430513334
49.3299989,-0.902318574,-7.60211405e-09,0.431069822
49.3399989,-0.902052318,-7.60145863e-09,0.431626709
49.3499989,-0.901785532,-7.60228419e-09,0.432183819
49.3599989,-0.901518261,-7.6049247e-09,0.43274106
49.3699989,-0.901250515,-7.6086487e-09,0.433298407
49.3799989,-0.90098226,-7.61158353e-09,0.433855928
49.3899989,-0.900713363,-7.61110209e-09,0.434413901
49.3999989,-0.900443701,-7.61009647e-09,0.434972576
49.4099989,-0.900173378,-7.61275778e-09,0.435531732
49.4199989,-0.899902478,-7.61836947e-09,0.436091195
49.4299989,-0.899630964,-7.62530792e-09,0.436651037
49.4399989,-0.899358779,-7.63347097e-09,0.437211375
49.4499989,-0.89908599,-7.64291235e-09,0.437772066
49.4599989,-0.898812633,-7.65275233e-09,0.438333037
49.4699989,-0.89853871,-7.66173653e-09,0.438894278
49.4799989,-0.898264199,-7.66968078e-09,0.439455832
49.4899989,-0.89798914,-7.67836648e-09,0.440017619
49.4999989,-0.897713572,-7.68787001e-09,0.440579552
49.5099989,-0.897437444,-7.69777015e-09,0.44114174
49.5199989,-0.897160652,-7.70737391e-09,0.441704385
49.5299989,-0.896883272,-7.71685805e-09,0.442267336
49.5399989,-0.896605377,-7.72613875e-09,0.44283044
49.5499989,-0.896326952,-7.73638595e-09,0.443393724
49.5599989,-0.896047857,-7.74845671e-09,0.443957472
49.5699989,-0.89576794,-7.75798369e-09,0.444521988
49.5799989,-0.895487189,-7.76340833e-09,0.445087289
49.5899989,-0.895205725,-7.76730222e-09,0.445653126
49.5999989,-0.894923664,-7.77119542e-09,0.446219268
49.6099989,-0.894641059,-7.77555043e-09,0.446785605
49.6199989,-0.894357893,-7.77992983e-09,0.447352165
49.6299989,-0.894074089,-7.78406476e-09,0.447919103
49.6399989,-0.89378963,-7.78774364e-09,0.448486452
49.6499989,-0.893504533,-7.78999111e-09,0.449054173
49.6599989,-0.893218756,-7.78978575e-09,0.449622345
49.6699989,-0.892932342,-7.78763256e-09,0.450190886
49.6799989,-0.892645295,-7.78277478e-09,0.450759778
49.6899989,-0.892357606,-7.77661919e-09,0.451329042
49.6999989,-0.892069182,-7.76974613e-09,0.451898854
49.7099989,-0.891780106,-7.76264497e-09,0.452469051
49.7199989,-0.891490375,-7.7554469e-09,0.453039636
49.7299989,-0.891200003,-7.74864176e-09,0.453610576
49.7399989,-0.890909034,-7.74289706e-09,0.454181783
49.7499989,-0.890617382,-7.73872722e-09,0.454753426
49.7599989,-0.890324974,-7.735147e-09,0.455325642
49.7699989,-0.890031926,-7.73148906e-09,0.455898203
49.7799989,-0.889738315,-7.7281364e-09,0.456470954
49.7899989,-0.889444109,-7.7260459e-09,0.457043956
49.7999989,-0.889149193,-7.7248109e-09,0.457617431
49.8099989,-0.888853587,-7.72270111e-09,0.458191337
49.8199989,-0.88855736,-7.7196209e-09,0.458765537
49.8299989,-0.888260521,-7.71571576e-09,0.459340011
49.8399989,-0.887963102,-7.71203103e-09,0.459914698
49.8499989,-0.887665092,-7.70837758e-09,0.460489614
49.8599989,-0.887366431,-7.70167705e-09,0.461064872
49.8699989,-0.887066923,-7.69011616e-09,0.46164085
49.8799989,-0.886766478,-7.6754967e-09,0.462217711
49.8899989,-0.886465247,-7.65999122e-09,0.462795167
49.8999989,-0.886163345,-7.64234394e-09,0.463372987
49.9099989,-0.885860783,-7.62105816e-09,0.463951153
49.9199989,-0.885557622,-7.59851341e-09,0.464529545
49.9299989,-0.885253902,-7.57558968e-09,0.465108083
49.9399989,-0.8849496,-7.5522411e-09,0.465686811
49.9499989,-0.884644661,-7.52863819e-09,0.46626583
49.9599989,-0.884339144,-7.50491908e-09,0.466845026
49.9699989,-0.884032997,-7.48292395e-09,0.467424498
49.9799989,-0.883726074,-7.4649157e-09,0.468004515
49.9899989,-0.883418517,-7.44726667e-09,0.468584809
49.9999989,-0.883110434,-7.42798277e-09,0.469165176
50.0099989,-0.882801783,-7.40723105e-09,0.469745689
50.0199989,-0.88249252,-7.38610399e-09,0.470326431
50.02,-0.882693177,-7.39478399e-09,0.469949738
50.03,-0.882502278,-7.38539598e-09,0.470308122
50.04,-0.882288264,-7.39052918e-09,0.470709485
50.05,-0.882069682,-7.39375619e-09,0.471118962
50.06,-0.881844453,-7.41360323e-09,0.471540413
50.07,-0.881609752,-7.42700513e-09,0.471979073
50.08,-0.881365864,-7.43122334e-09,0.472434348
50.09,-0.881114196,-7.43382934e-09,0.472903556
50.1,-0.880855937,-7.43863392e-09,0.473384429
50.11,-0.880591868,-7.44543466e-09,0.47387547
50.12,-0.880322534,-7.45332321e-09,0.474375628
50.13,-0.88004844,-7.46219947e-09,0.474883925
50.14,-0.879770085,-7.47193013e-09,0.475399409
50.15,-0.879487836,-7.48204932e-09,0.475921366
50.16,-0.879202116,-7.49286903e-09,0.476448989
50.17,-0.878913206,-7.50357611e-09,0.476981735
50.18,-0.878621287,-7.51240753e-09,0.47751925
50.19,-0.878326616,-7.51939181e-09,0.478061037
50.2,-0.878029341,-7.5234127e-09,0.478606808
50.21,-0.877729762,-7.52326592e-09,0.479155992
50.22,-0.877428097,-7.52050898e-09,0.479708176
50.23,-0.877124397,-7.51508816e-09,0.480263252
50.24,-0.876818663,-7.50737274e-09,0.480821207
50.25,-0.876510953,-7.49503612e-09,0.481381915
50.26,-0.876201506,-7.48087247e-09,0.481944935
50.27,-0.87589045,-7.46574339e-09,0.48251002
50.28,-0.875577976,-7.45154835e-09,0.483076814
50.29,-0.875264129,-7.43792918e-09,0.483645227
50.3,-0.874948863,-7.42406769e-09,0.484215332
50.31,-0.874632264,-7.40984387e-09,0.484786966
50.32,-0.874314349,-7.39533884e-09,0.485360093
50.33,-0.873995004,-7.3815743e-09,0.485934905
50.34,-0.873673917,-7.36748181e-09,0.48651196
50.35,-0.873351208,-7.35106501e-09,0.487091026
50.36,-0.873027077,-7.33311919e-09,0.487671738
50.37,-0.872701717,-7.31737635e-09,0.488253739
50.38,-0.87237526,-7.3046328e-09,0.488836788
50.39,-0.872047756,-7.29353055e-09,0.489420792
50.4,-0.871719078,-7.28230576e-09,0.490005968
50.41,-0.871389023,-7.27008584e-09,0.490592673
50.42,-0.871057821,-7.25975919e-09,0.491180489
50.43,-0.870725533,-7.25235215e-09,0.491769302
50.44,-0.870392058,-7.24718603e-09,0.492359285
50.45,-0.870057544,-7.24181443e-09,0.49295017
50.46,-0.86972207,-7.23501048e-09,0.493541812
50.47,-0.869385683,-7.22936396e-09,0.494134125
50.48,-0.869048163,-7.22673896e-09,0.494727491
50.49,-0.868709175,-7.22741061e-09,0.495322491
50.5,-0.868368996,-7.22876505e-09,0.495918629
50.51,-0.868027854,-7.23024548e-09,0.496515504
50.52,-0.86768579,-7.2307132e-09,0.497113035
50.53,-0.867342723,-7.22971698e-09,0.497711363
50.54,-0.866998707,-7.22841065e-09,0.498310388
50.55,-0.866653845,-7.22684816e-09,0.498909924
50.56,-0.866308187,-7.22451304e-09,0.499509885
50.57,-0.865961707,-7.2229678e-09,0.50011031
50.58,-0.865614359,-7.22305586e-09,0.500711275
50.59,-0.865266228,-7.22445153e-09,0.501312632
50.6,-0.864917309,-7.2258385e-09,0.501914384
50.61,-0.864567498,-7.22605712e-09,0.502516708
50.62,-0.864216846,-7.22645388e-09,0.503119512
50.63,-0.863865311,-7.22665285e-09,0.503722864
50.64,-0.863512723,-7.22421287e-09,0.504327054
50.65,-0.86315919,-7.22370437e-09,0.50493189
50.66,-0.862804641,-7.22659904e-09,0.505537487
50.67,-0.862449036,-7.23165355e-09,0.506143913
50.68,-0.862092494,-7.23761927e-09,0.506750957
50.69,-0.861735047,-7.24414782e-09,0.507358561
50.7,-0.861376716,-7.25105947e-09,0.507966685
50.71,-0.861017563,-7.25900664e-09,0.508575222
50.72,-0.86065757,-7.26744329e-09,0.509184197
50.73,-0.860296728,-7.2760559e-09,0.509793625
50.74,-0.85993506,-7.28381696e-09,0.51040346
50.75,-0.859572548,-7.29053088e-09,0.511013732
50.76,-0.859209223,-7.29779652e-09,0.511624385
50.77,-0.858845093,-7.30373249e-09,0.512235401
50.78,-0.858480065,-7.3077303e-09,0.512846934
50.79,-0.858114128,-7.31177901e-09,0.513458999
50.8,-0.857747423,-7.31589772e-09,0.514071356
50.81,-0.857380052,-7.31959458e-09,0.514683831
50.82,-0.857012039,-7.32182513e-09,0.515296386
50.83,-0.85664334,-7.32272299e-09,0.515909088
50.84,-0.856273939,-7.32487459e-09,0.516521966
50.85,-0.85590379,-7.32872212e-09,0.51713509
50.86,-0.855532635,-7.33602574e-09,0.517748887
50.87,-0.855160372,-7.34628444e-09,0.51836352
50.88,-0.854787206,-7.35540742e-09,0.518978643
50.89,-0.854413293,-7.36115584e-09,0.519594
50.9,-0.854038653,-7.36272206e-09,0.520209554
50.91,-0.853663279,-7.36207113e-09,0.520825312
50.92,-0.853287176,-7.36021877e-09,0.521441268
50.93,-0.852910392,-7.35753029e-09,0.522057337
50.94,-0.852532917,-7.35331596e-09,0.522673537
50.95,-0.85215477,-7.34731166e-09,0.523289831
50.96,-0.851776012,-7.34036607e-09,0.523906122
50.97,-0.851396604,-7.3326395e-09,0.524522471
50.98,-0.851016368,-7.32378143e-09,0.525139164
50.99,-0.850635146,-7.31430791e-09,0.525756453
51,-0.850252921,-7.30538371e-09,0.526374363
51.01,-0.84986979,-7.29549548e-09,0.526992733
51.02,-0.849485799,-7.28453844e-09,0.527611484
51.03,-0.849101056,-7.27335149e-09,0.528230439
51.04,-0.848715537,-7.26101588e-09,0.528849635
51.05,-0.848329039,-7.24489565e-09,0.529469396
51.06,-0.847941421,-7.22653806e-09,0.530089943
51.07,-0.847552896,-7.21126085e-09,0.530710928
51.08,-0.847163567,-7.19916779e-09,0.531332185
51.09,-0.846773302,-7.18771393e-09,0.531953921
51.1,-0.846381875,-7.17497672e-09,0.532576494
51.11,-0.845989277,-7.16113412e-09,0.533199909
51.12,-0.845595689,-7.14749631e-09,0.533823877
51.13,-0.845201179,-7.13445302e-09,0.534448282
51.14,-0.844805633,-7.12102648e-09,0.535073306
51.15,-0.84440862,-7.10552837e-09,0.53569962
51.16,-0.844010104,-7.09114558e-09,0.536327274
51.17,-0.843610407,-7.0806006e-09,0.536955753
51.18,-0.843209635,-7.07335705e-09,0.537584887
51.19,-0.842807825,-7.0686532e-09,0.538214614
51.2,-0.842405121,-7.06666913e-09,0.538844701
51.21,-0.842001591,-7.0672143e-09,0.539475041
51.22,-0.841597217,-7.07035049e-09,0.54010566
51.23,-0.841192019,-7.07570612e-09,0.540736523
51.24,-0.840786003,-7.08193204e-09,0.541367618
51.25,-0.840379184,-7.08842764e-09,0.541998918
51.26,-0.839971548,-7.09395573e-09,0.542630443
51.27,-0.839563065,-7.09870336e-09,0.543262239
51.28,-0.83915376,-7.1041735e-09,0.543894262
51.29,-0.83874368,-7.111259e-09,0.544526436
51.3,-0.838332863,-7.1197672e-09,0.545158703
51.31,-0.837921326,-7.13047997e-09,0.545791032
51.32,-0.837509068,-7.14142275e-09,0.546423426
51.33,-0.837095989,-7.1510896e-09,0.547056035
51.34,-0.83668205,-7.16274974e-09,0.547688914
51.35,-0.83626722,-7.17494343e-09,0.548322111
51.36,-0.835851359,-7.18722932e-09,0.548955832
51.37,-0.835434503,-7.20111056e-09,0.54959002
51.38,-0.835016824,-7.21504955e-09,0.550224412
51.39,-0.834598388,-7.22812905e-09,0.550858903
51.4,-0.834179203,-7.23899184e-09,0.551493479
51.41,-0.833759253,-7.24804761e-09,0.552128163
51.42,-0.833338595,-7.25509231e-09,0.552762867
51.43,-0.832917246,-7.26009029e-09,0.553397561
51.44,-0.832495201,-7.26314993e-09,0.554032256
51.45,-0.832072389,-7.26511152e-09,0.554667053
51.46,-0.8316487,-7.26657481e-09,0.555302115
51.47,-0.831224256,-7.26619576e-09,0.555937259
51.48,-0.830799118,-7.26452088e-09,0.55657239
51.49,-0.830373251,-7.26089506e-09,0.55720756
51.5,-0.829946658,-7.25509184e-09,0.55784276
51.51,-0.829519397,-7.24855408e-09,0.558477904
51.52,-0.829091377,-7.24095009e-09,0.559113128
51.53,-0.828662376,-7.23234879e-09,0.559748753
51.54,-0.828232484,-7.22484911e-09,0.560384646
51.55,-0.827801827,-7.2147225e-09,0.561020619
51.56,-0.827370396,-7.19862102e-09,0.561656682
51.57,-0.826938209,-7.17859809e-09,0.562292805
51.58,-0.826505157,-7.15552849e-09,0.562929148
51.59,-0.826071189,-7.12956353e-09,0.563565782
51.6,-0.825636396,-7.1024841e-09,0.564202571
51.61,-0.825200872,-7.07513814e-09,0.564839377
51.62,-0.824764576,-7.04765707e-09,0.565476254
51.63,-0.824327416,-7.01963481e-09,0.566113338
51.64,-0.823889402,-6.99100514e-09,0.566750609
51.65,-0.823450542,-6.96234037e-09,0.567388055
51.66,-0.823010874,-6.93362964e-09,0.568025617
51.67,-0.822570254,-6.90450113e-09,0.568663501
51.68,-0.822128427,-6.87355705e-09,0.569302073
51.69,-0.821685387,-6.84088743e-09,0.569941335
51.7,-0.821241342,-6.80882754e-09,0.570580984
51.71,-0.820796337,-6.77721004e-09,0.571220949
51.72,-0.820350195,-6.74373888e-09,0.571861484
51.73,-0.819902858,-6.70866145e-09,0.572502667
51.74,-0.819454406,-6.6734743e-09,0.573144377
51.75,-0.81900484,-6.63788479e-09,0.573786608
51.76,-0.818553957,-6.60125661e-09,0.574429647
51.77,-0.818101676,-6.56898795e-09,0.575073602
51.78,-0.817647819,-6.54372555e-09,0.575718719
51.79,-0.817192764,-6.52098335e-09,0.576364456
51.8,-0.816736568,-6.49684486e-09,0.577010726
51.81,-0.816279075,-6.47079596e-09,0.577657747
51.82,-0.81582053,-6.44533444e-09,0.578305165
51.83,-0.815361004,-6.41857936e-09,0.578952876
51.84,-0.814900224,-6.38831606e-09,0.579601264
51.85,-0.814438068,-6.35876188e-09,0.580250492
51.86,-0.813974787,-6.33136722e-09,0.580900204
51.87,-0.813510538,-6.30423921e-09,0.581550174
51.88,-0.813045264,-6.27536813e-09,0.58220048
51.89,-0.812578913,-6.24467157e-09,0.58285119
51.9,-0.812111454,-6.21192914e-09,0.583502345
51.91,-0.811642717,-6.17508042e-09,0.584154175
51.92,-0.811172834,-6.13778823e-09,0.584806493
51.93,-0.81070182,-6.10429522e-09,0.585459271
51.94,-0.810229605,-6.07441995e-09,0.586112607
51.95,-0.809756283,-6.04317618e-09,0.586766361
51.96,-0.809281797,-6.00911843e-09,0.58742061
51.97,-0.808806125,-5.97540854e-09,0.588075379
51.98,-0.80832933,-5.94320914e-09,0.588730579
51.99,-0.807851382,-5.91092565e-09,0.589386244
52,-0.807372298,-5.87788317e-09,0.590042347
52.01,-0.80689215,-5.84431276e-09,0.590698788
52.02,-0.806410915,-5.81101172e-09,0.591355592
52.03,-0.805928592,-5.7776075e-09,0.592012757
52.04,-0.805444991,-5.74436597e-09,0.592670538
52.05,-0.804960032,-5.71562112e-09,0.593329038
52.06,-0.804474055,-5.68797514e-09,0.593987791
52.07,-0.803987205,-5.6588215e-09,0.594646596
52.08,-0.803499475,-5.6272462e-09,0.595305463
52.09,-0.803010911,-5.59687199e-09,0.595964326
52.1,-0.80252152,-5.56905534e-09,0.596623173
52.11,-0.80203125,-5.54248746e-09,0.597282072
52.12,-0.801540042,-5.51682689e-09,0.597941102
52.13,-0.801047939,-5.49201286e-09,0.5986002
52.14,-0.800554956,-5.46825318e-09,0.599259345
52.15,-0.800060996,-5.44679524e-09,0.599918663
52.16,-0.799565876,-5.42879861e-09,0.600578397
52.17,-0.799069443,-5.41073964e-09,0.601238742
52.18,-0.798571476,-5.39062884e-09,0.60189999
52.19,-0.798072324,-5.36995033e-09,0.60256167
52.2,-0.797572155,-5.35018244e-09,0.603223555
52.21,-0.797070863,-5.33137447e-09,0.603885784
52.22,-0.796568421,-5.31391209e-09,0.604548386
52.23,-0.796064854,-5.29785257e-09,0.605211325
52.24,-0.79556019,-5.28108792e-09,0.605874561
52.2499999,-0.795054422,-5.26288366e-09,0.6065381
52.2599999,-0.794547466,-5.24216222e-09,0.607202046
52.2699999,-0.794039087,-5.21907688e-09,0.607866703
52.2799999,-0.793528811,-5.19494535e-09,0.608532683
52.2899999,-0.793016638,-5.16960892e-09,0.609199977
52.2999999,-0.792502553,-5.14474164e-09,0.609868595
52.3099999,-0.791986965,-5.119746e-09,0.610537999
52.3199999,-0.791470101,-5.09448393e-09,0.611207885
52.3299999,-0.790951992,-5.0683173e-09,0.611878211
52.3399999,-0.790432632,-5.04260526e-09,0.612548981
52.3499999,-0.789911878,-5.01654713e-09,0.613220373
52.3599999,-0.789389759,-4.99133822e-09,0.613892342
52.3699999,-0.788866255,-4.96427627e-09,0.614564913
52.3799999,-0.78834109,-4.93114657e-09,0.61523843
52.3899999,-0.787814158,-4.89709334e-09,0.615913024
52.3999999,-0.787285744,-4.86712758e-09,0.616588321
52.4099999,-0.786755977,-4.83993914e-09,0.617264152
52.4199999,-0.786225045,-4.81425397e-09,0.617940271
52.4299999,-0.785693044,-4.78770391e-09,0.618616554
52.4399999,-0.78515998,-4.75787702e-09,0.619292988
52.4499999,-0.784625865,-4.7268061e-09,0.619969558
52.4599999,-0.784090783,-4.69696722e-09,0.620646151
52.4699999,-0.783554784,-4.66947305e-09,0.621322703
52.4799999,-0.783017818,-4.64229261e-09,0.621999274
52.4899999,-0.78247973,-4.614968e-09,0.622676057
52.4999999,-0.781940587,-4.58865002e-09,0.623352965
52.5099999,-0.781400482,-4.56366331e-09,0.624029877
52.5199999,-0.780859322,-4.53874654e-09,0.624706906
52.5299999,-0.780316857,-4.51196193e-09,0.625384363
52.5399999,-0.779773251,-4.48801482e-09,0.62606204
52.5499999,-0.779228581,-4.46729792e-09,0.626739834
52.5599999,-0.778682848,-4.44694057e-09,0.627417742
52.5699999,-0.778136068,-4.42671389e-09,0.628095741
52.5799999,-0.777588078,-4.40303082e-09,0.62877403
52.5899999,-0.777038852,-4.37496647e-09,0.629452637
52.5999999,-0.776488559,-4.34841237e-09,0.63013135
52.6099999,-0.775937244,-4.32421139e-09,0.630810109
52.6199999,-0.775384837,-4.29991332e-09,0.631488998
52.6299999,-0.774831236,-4.27478031e-09,0.632168139
52.6399999,-0.774276462,-4.25073734e-09,0.632847502
52.6499999,-0.773720563,-4.22768496e-09,0.633527024
52.6599999,-0.77316363,-4.2037893e-09,0.634206591
52.6699999,-0.772605729,-4.18014707e-09,0.634886122
52.6799999,-0.772046755,-4.15430954e-09,0.635565739
52.6899999,-0.771486673,-4.1261786e-09,0.636245482
52.6999999,-0.770925536,-4.10016093e-09,0.636925284
52.7099999,-0.7703632,-4.07640745e-09,0.637605317
52.7199999,-0.769799553,-4.05350253e-09,0.638285711
52.7299999,-0.769234654,-4.03105009e-09,0.638966389
52.7399999,-0.768668604,-4.01047781e-09,0.639647228
52.7499999,-0.768101325,-3.99216959e-09,0.640328318
52.7599999,-0.767532776,-3.97399517e-09,0.641009702
52.7699999,-0.766963063,-3.95533332e-09,0.64169125
52.7799999,-0.766392254,-3.93535492e-09,0.642372877
52.7899999,-0.765820276,-3.91230543e-09,0.643054667
52.7999999,-0.765247119,-3.88739851e-09,0.643736629
52.8099999,-0.764672834,-3.86356392e-09,0.644418697
52.8199999,-0.764097293,-3.84107691e-09,0.645101021
52.8299999,-0.763520536,-3.81959468e-09,0.645783548
52.8399999,-0.762942608,-3.7982068e-09,0.646466223
52.8499999,-0.762363404,-3.77610879e-09,0.647149164
52.8599999,-0.76178299,-3.75462029e-09,0.64783229
52.8699999,-0.761201404,-3.73291217e-09,0.648515553
52.8799999,-0.760618494,-3.70914672e-09,0.649199127
52.8899999,-0.760034266,-3.68456172e-09,0.649883001
52.8999999,-0.759448806,-3.66007867e-09,0.650567069
52.9099999,-0.758861963,-3.6334158e-09,0.651251503
52.9199999,-0.758273312,-3.60578936e-09,0.651936795
52.9299999,-0.757682509,-3.58155958e-09,0.652623333
52.9399999,-0.757089884,-3.56399287e-09,0.653310728
52.9499999,-0.756495518,-3.5489079e-09,0.653998877
52.9599999,-0.755899443,-3.53628591e-09,0.654687736
52.9699999,-0.755301802,-3.52607498e-09,0.655377134
52.9799999,-0.754702705,-3.51842349e-09,0.656066938
52.9899999,-0.754102151,-3.51242646e-09,0.656757144
52.9999999,-0.753500091,-3.5068687e-09,0.657447802
53.0099999,-0.752896359,-3.50192831e-09,0.658139098
53.0199999,-0.752291164,-3.49843834e-09,0.658830786
53.0299999,-0.751684654,-3.49616172e-09,0.659522692
53.0399999,-0.751076976,-3.49513163e-09,0.660214644
53.0499999,-0.750468155,-3.49392713e-09,0.660906611
53.0599999,-0.749858171,-3.49144535e-09,0.661598612
53.0699999,-0.749247085,-3.49002235e-09,0.662290575
53.0799999,-0.748634856,-3.49041901e-09,0.662982543
53.0899999,-0.7480215,-3.49278954e-09,0.663674496
53.0999999,-0.7474071,-3.49589267e-09,0.664366335
53.1099999,-0.746791673,-3.49876225e-09,0.665058041
53.1199999,-0.746175254,-3.5004198e-09,0.66574957
53.1299999,-0.745557785,-3.49924339e-09,0.666440987
53.1399999,-0.744939287,-3.49533519e-09,0.667132264
53.1499999,-0.744319613,-3.48858921e-09,0.667823565
53.1599999,-0.743698436,-3.4791179e-09,0.668515248
53.1699999,-0.743075762,-3.46221211e-09,0.669207301
53.1799999,-0.742451658,-3.43882833e-09,0.669899646
53.1899999,-0.741826151,-3.41574947e-09,0.670592247
53.1999999,-0.741198978,-3.39829083e-09,0.67128539
53.2099999,-0.740570119,-3.38320307e-09,0.671979091
53.2199999,-0.739939774,-3.36147391e-09,0.672673123
53.2299999,-0.739307947,-3.33151164e-09,0.673367477
53.2399999,-0.738674699,-3.3004457e-09,0.674062081
53.2499999,-0.738039918,-3.27209598e-09,0.674757053
53.2599999,-0.737403732,-3.24661978e-09,0.675452246
53.2699999,-0.73676613,-3.22329422e-09,0.676147669
53.2799999,-0.736127253,-3.19826736e-09,0.676843163
53.2899999,-0.73548714,-3.16932511e-09,0.677538683
53.2999999,-0.734845797,-3.13738132e-09,0.678234218
53.3099999,-0.734203207,-3.10250573e-09,0.678929784
53.3199999,-0.733559181,-3.06497208e-09,0.679625579
53.3299999,-0.732913766,-3.02599889e-09,0.68032155
53.3399999,-0.732267175,-2.98680145e-09,0.681017463
53.3499999,-0.731619489,-2.94836903e-09,0.681713227
53.3599999,-0.730970627,-2.90957514e-09,0.682408926
53.3699999,-0.730320425,-2.86860522e-09,0.683104734
53.3799999,-0.729668719,-2.82774159e-09,0.683800819
53.3899999,-0.729015459,-2.79123214e-09,0.684497232
53.3999999,-0.728360801,-2.75202153e-09,0.6851938
53.4099999,-0.727704842,-2.71034809e-09,0.685890417
53.4199999,-0.727047571,-2.66708492e-09,0.686587088
53.4299999,-0.726388954,-2.62254398e-09,0.687283848
53.4399999,-0.72572869,-2.5797112e-09,0.687981009
53.4499999,-0.725066402,-2.5427354e-09,0.688678962
53.4599999,-0.724402458,-2.50621596e-09,0.689377312
53.4699999,-0.723736959,-2.46752367e-09,0.690075948
53.4799999,-0.723069714,-2.42389838e-09,0.690775064
53.4899999,-0.72240086,-2.37675371e-09,0.691474509
53.4999999,-0.721730631,-2.32903333e-09,0.692174036
53.5099999,-0.721059072,-2.280544e-09,0.692873593
53.5199999,-0.720386178,-2.23584921e-09,0.693573179
53.5299999,-0.719711828,-2.19649106e-09,0.694272918
53.5399999,-0.719035863,-2.1568026e-09,0.694972969
53.5499999,-0.718357985,-2.11749408e-09,0.695673634
53.5599999,-0.717678448,-2.08007394e-09,0.696374644
53.5699999,-0.716997503,-2.04281438e-09,0.697075735
53.5799999,-0.71631512,-2.00524915e-09,0.697776934
53.5899999,-0.715631335,-1.96852811e-09,0.698478198
53.5999999,-0.714946213,-1.93434928e-09,0.699179457
53.6099999,-0.71425967,-1.90111869e-09,0.699880793
53.6199999,-0.713571617,-1.86813694e-09,0.700582292
53.6299999,-0.71288222,-1.83765138e-09,0.70128378
53.6399999,-0.712191445,-1.80852458e-09,0.701985289
53.6499999,-0.711499274,-1.78106907e-09,0.702686832
53.6599999,-0.710805809,-1.75587333e-09,0.7033883
53.6699999,-0.710110858,-1.73208677e-09,0.704089888
53.6799999,-0.70941408,-1.70867524e-09,0.704791929
53.6899999,-0.708715602,-1.68337571e-09,0.705494291
53.6999999,-0.708015563,-1.65598507e-09,0.70619683
53.7099999,-0.70731395,-1.6254796e-09,0.706899552
53.7199999,-0.706610964,-1.5938564e-09,0.707602251
53.7299999,-0.705906564,-1.56474452e-09,0.708304965
53.7399999,-0.705200482,-1.54017972e-09,0.709007955
53.7499999,-0.704492917,-1.51626494e-09,0.709711018
53.7599999,-0.703783867,-1.49034143e-09,0.710414152
53.7699999,-0.703073309,-1.46327292e-09,0.711117376
53.7799999,-0.7023611,-1.4376547e-09,0.711820823
53.7899999,-0.701646979,-1.41505207e-09,0.712524749
53.7999999,-0.700931148,-1.39522307e-09,0.713228943
53.8099999,-0.70021389,-1.37781129e-09,0.713933126
53.8199999,-0.699495324,-1.36300516e-09,0.714637175
53.8299999,-0.69877532,-1.34921606e-09,0.715341214
53.8399999,-0.698053816,-1.3362963e-09,0.716045299
53.8499999,-0.697330733,-1.32542687e-09,0.716749502
53.8599999,-0.696605939,-1.31538641e-09,0.717453947
53.8699999,-0.695879569,-1.30415155e-09,0.718158496
53.8799999,-0.695151744,-1.29065975e-09,0.718863028
53.8899999,-0.694422392,-1.27554443e-09,0.719567607
53.8999999,-0.69369163,-1.26250141e-09,0.720272117
53.9099999,-0.692959268,-1.24994706e-09,0.720976736
53.9199999,-0.692225053,-1.23228154e-09,0.7216817
53.9299999,-0.691489157,-1.21150845e-09,0.722386839
53.9399999,-0.690751603,-1.18934643e-09,0.723092126
53.9499999,-0.690012574,-1.16817586e-09,0.723797381
53.9599999,-0.689272129,-1.14802598e-09,0.724502541
53.9699999,-0.6885303,-1.1280788e-09,0.725207574
53.9799999,-0.687786956,-1.10917759e-09,0.7259126
53.9899999,-0.687041969,-1.09239686e-09,0.726617735
53.9999999,-0.686295442,-1.07903824e-09,0.727322877
54.0099999,-0.685547117,-1.06735975e-09,0.728028262
54.0199999,-0.684796609,-1.05511432e-09,0.728734248
54.0299999,-0.684044098,-1.04393659e-09,0.729440657
54.0399999,-0.683289826,-1.03416038e-09,0.730147254
54.0499999,-0.68253399,-1.02469225e-09,0.730853851
54.0599999,-0.681776543,-1.01459266e-09,0.731560486
54.0699999,-0.681017392,-1.00362315e-09,0.73226724
54.0799999,-0.680256519,-9.91458474e-10,0.732974125
54.0899999,-0.679493943,-9.79163443e-10,0.733681117
54.0999999,-0.678729824,-9.68210678e-10,0.734388062
54.1099999,-0.677964295,-9.58184324e-10,0.735094834
54.1199999,-0.677197349,-9.46981927e-10,0.735801434
54.1299999,-0.676428771,-9.32682747e-10,0.736508056
54.1399999,-0.675658475,-9.17225828e-10,0.737214775
54.1499999,-0.674886643,-9.03159937e-10,0.737921418
54.1599999,-0.6741133,-8.8916846e-10,0.738627957
54.1699999,-0.673338444,-8.74518657e-10,0.73933439
54.1799999,-0.672561992,-8.58307685e-10,0.740040787
54.1899999,-0.671783963,-8.4172719e-10,0.740747128
54.1999999,-0.671004174,-8.24566195e-10,0.741453571
54.2099999,-0.670222774,-8.05630023e-10,0.742159978
54.2199999,-0.669439825,-7.85187015e-10,0.742866288
54.2299999,-0.668655241,-7.64733399e-10,0.743572571
54.2399999,-0.667868546,-7.43673009e-10,0.744279252
54.2499999,-0.667079848,-7.22111717e-10,0.744986226
54.2599999,-0.666289209,-6.99989309e-10,0.745693429
54.2699999,-0.665496624,-6.79913509e-10,0.74640086
54.2799999,-0.664702036,-6.61239165e-10,0.747108562
54.2899999,-0.663905691,-6.42740173e-10,0.74781631
54.2999999,-0.663107679,-6.24188919e-10,0.748524019
54.3099999,-0.662308142,-6.05120732e-10,0.749231556
54.3199999,-0.66150718,-5.8544098e-10,0.749938832
54.3299999,-0.660704801,-5.65098418e-10,0.750645833
54.3399999,-0.659900923,-5.43149041e-10,0.751352628
54.3499999,-0.659095546,-5.19944907e-10,0.752059213
54.3599999,-0.658288738,-4.96826785e-10,0.752765526
54.3699999,-0.657480683,-4.74437818e-10,0.753471401
54.3799999,-0.65667141,-4.52131921e-10,0.754176809
54.3899999,-0.655860832,-4.2801953e-10,0.754881824
54.3999999,-0.655048771,-4.01506073e-10,0.755586598
54.4099999,-0.654234947,-3.7242347e-10,0.756291369
54.4199999,-0.653419545,-3.40073648e-10,0.75699597
54.4299999,-0.652602739,-3.05989209e-10,0.757700247
54.4399999,-0.651784341,-2.70120765e-10,0.75840436
54.4499999,-0.650964105,-2.30951182e-10,0.759108513
54.4599999,-0.650142257,-1.89463587e-10,0.759812507
54.4699999,-0.649318465,-1.45346395e-10,0.760516621
54.4799999,-0.648491901,-9.5786957e-11,0.761221554
54.4899999,-0.647663016,-4.6151333e-11,0.761926911
54.4999999,-0.646832204,1.00523953e-14,0.762632349
54.5099999,-0.645999434,4.54430658e-11,0.763337888
54.5199999,-0.645164862,9.20814443e-11,0.764043389
54.5299999,-0.644328534,1.40125752e-10,0.764748809
54.5399999,-0.643490373,1.8920411e-10,0.765454205
54.5499999,-0.642650333,2.39928386e-10,0.766159611
54.5599999,-0.641808393,2.93332709e-10,0.766865038
54.5699999,-0.64096476,3.49251095e-10,0.767570307
54.5799999,-0.640119429,4.08779767e-10,0.768275417
54.5899999,-0.639272354,4.70446979e-10,0.768980401
54.5999999,-0.63842357,5.30824867e-10,0.769685225
54.6099999,-0.637573016,5.93372725e-10,0.770389933
54.6199999,-0.636720685,6.61623083e-10,0.771094527
54.6299999,-0.635866573,7.28588904e-10,0.771799003
54.6399999,-0.635010499,7.92832663e-10,0.772503506
54.6499999,-0.634152292,8.55952355e-10,0.773208168
54.6599999,-0.633292172,9.16299702e-10,0.773912801
54.6699999,-0.632430235,9.75396853e-10,0.774617324
54.6799999,-0.631566631,1.03303822e-09,0.775321605
54.6899999,-0.630701435,1.08835688e-09,0.77602558
54.6999999,-0.629834646,1.1408835e-09,0.776729244
54.7099999,-0.628966185,1.19118428e-09,0.777432658
54.7199999,-0.628095991,1.24044277e-09,0.778135866
54.7299999,-0.627224208,1.28683108e-09,0.778838746
54.7399999,-0.626350869,1.3323768e-09,0.779541268
54.7499999,-0.62547581,1.38042083e-09,0.780243558
54.7599999,-0.624599061,1.43088983e-09,0.780945589
54.7699999,-0.623720677,1.48353695e-09,0.78164731
54.7799999,-0.622840739,1.53831417e-09,0.782348652
54.7899999,-0.621959113,1.60089606e-09,0.783049719
54.7999999,-0.621075646,1.67246577e-09,0.783750625
54.8099999,-0.620190401,1.74916704e-09,0.784451315
54.8199999,-0.61930337,1.82901913e-09,0.785151792
54.8299999,-0.618414731,1.90785299e-09,0.785851908
54.8399999,-0.617524641,1.98374273e-09,0.786551536
54.8499999,-0.616633165,2.0564316e-09,0.78725062
54.8599999,-0.615740289,2.12638589e-09,0.787949171
54.8699999,-0.614846102,2.19331434e-09,0.788647114
54.8799999,-0.613950601,2.25734572e-09,0.789344449
54.8899999,-0.613053529,2.32052326e-09,0.790041373
54.8999999,-0.612154352,2.38432389e-09,0.790738294
54.9099999,-0.611253079,2.44288951e-09,0.791435198
54.9199999,-0.610350004,2.49772077e-09,0.792131853
54.9299999,-0.609445075,2.55015871e-09,0.792828292
54.9399999,-0.608538476,2.60026938e-09,0.793524368
54.9499999,-0.607630315,2.64932747e-09,0.794219995
54.9599999,-0.606720347,2.69798879e-09,0.794915354
54.9699999,-0.6058076,2.75173772e-09,0.795611181
54.9799999,-0.604891615,2.81172045e-09,0.796307814
54.9899999,-0.60397302,2.86900506e-09,0.797004763
54.9999999,-0.60305217,2.91830809e-09,0.797701749
55.0099999,-0.602129334,2.96963517e-09,0.798398563
55.0199999,-0.601204482,3.02905773e-09,0.79909522
55.0299999,-0.600277581,3.09217718e-09,0.799791739
55.0399999,-0.599348535,3.15907611e-09,0.800488185
55.0499999,-0.598416822,3.23506636e-09,0.801184939
55.0599999,-0.597482324,3.31611159e-09,0.801882082
55.0699999,-0.596545067,3.3960079e-09,0.802579581
55.0799999,-0.595605543,3.46974704e-09,0.803277061
55.0899999,-0.594664042,3.53857497e-09,0.803974302
55.0999999,-0.59372064,3.61131464e-09,0.804671238
55.1099999,-0.592775508,3.69067037e-09,0.80536774
55.1199999,-0.591828734,3.77420018e-09,0.806063738
55.1299999,-0.590880488,3.85701965e-09,0.806759102
55.1399999,-0.589930561,3.94019665e-09,0.807453982
55.1499999,-0.588978542,4.02526451e-09,0.808148673
55.1599999,-0.588024729,4.106917e-09,0.80884295
55.1699999,-0.587069265,4.18681951e-09,0.809536706
55.1799999,-0.586112195,4.26620919e-09,0.810229903
55.1899999,-0.585153481,4.34637968e-09,0.810922563
55.1999999,-0.584193035,4.43167639e-09,0.811614747
55.2099999,-0.583230697,4.51799907e-09,0.812306564
55.2199999,-0.582266318,4.59371355e-09,0.812998115
55.2299999,-0.581299955,4.6641269e-09,0.813689352
55.2399999,-0.580331551,4.74095172e-09,0.814380311
55.2499999,-0.579361218,4.82146132e-09,0.815070904
55.2599999,-0.57838902,4.90511489e-09,0.815761081
55.2699999,-0.577414948,4.98570704e-09,0.816450842
55.2799999,-0.576438607,5.06262605e-09,0.817140461
55.2899999,-0.575460131,5.14308048e-09,0.817829834
55.2999999,-0.574479716,5.22441721e-09,0.818518818
55.3099999,-0.57349718,5.30805561e-09,0.819207534
55.3199999,-0.572512465,5.38874009e-09,0.819896017
55.3299999,-0.571524965,5.46076986e-09,0.820584679
55.3399999,-0.570534784,5.52707415e-09,0.821273438
55.3499999,-0.569542464,5.59307042e-09,0.82196191
55.3599999,-0.568547907,5.66163172e-09,0.822650155
55.3699999,-0.56755107,5.73417525e-09,0.823338195
55.3799999,-0.566551944,5.80549616e-09,0.824026028
55.3899999,-0.565550326,5.86900617e-09,0.824713786
55.3999999,-0.564546578,5.92931817e-09,0.825401213
55.4099999,-0.563540917,5.98688982e-09,0.826088152
55.4199999,-0.562533362,6.04535418e-09,0.826774587
55.4299999,-0.561523856,6.106705e-09,0.827460548
55.4399999,-0.560512452,6.17119003e-09,0.828145996
55.4499999,-0.559499115,6.23899265e-09,0.828830948
55.4599999,-0.55848387,6.30868699e-09,0.82951538
55.4699999,-0.557466742,6.37885694e-09,0.830199272
55.4799999,-0.556447703,6.44822814e-09,0.830882635
55.4899999,-0.555426776,6.51732121e-09,0.831565449
55.4999999,-0.554404179,6.58636944e-09,0.832247563
55.5099999,-0.553379917,6.65620855e-09,0.832928969
55.5199999,-0.552353947,6.72589301e-09,0.833609691
55.5299999,-0.551326215,6.79299607e-09,0.834289761
55.5399999,-0.550296868,6.85488872e-09,0.834969076
55.5499999,-0.549266029,6.91637172e-09,0.835647551
55.5599999,-0.5482337,6.98298075e-09,0.836325182
55.5699999,-0.547199936,7.04915336e-09,0.83700193
55.5799999,-0.546164585,7.11081942e-09,0.837677889
55.5899999,-0.545127163,7.16566299e-09,0.838353372
55.5999999,-0.544087717,7.2138629e-09,0.83902834
55.6099999,-0.54304649,7.2599507e-09,0.839702632
55.6199999,-0.542003712,7.3100049e-09,0.840376092
55.6299999,-0.540959491,7.36146999e-09,0.841048649
55.6399999,-0.539913763,7.40882135e-09,0.841720339
55.6499999,-0.538866454,7.45005653e-09,0.842391207
55.6599999,-0.537817713,7.48850185e-09,0.843061153
55.6699999,-0.536767575,7.52890787e-09,0.843730152
55.6799999,-0.535716003,7.57131394e-09,0.844398226
55.6899999,-0.534662899,7.61231038e-09,0.845065432
55.6999999,-0.533607791,7.65080774e-09,0.845732065
55.7099999,-0.532550193,7.68796589e-09,0.846398424
55.7199999,-0.531490078,7.71966764e-09,0.847064518
55.7299999,-0.530427874,7.74738467e-09,0.847730069
55.7399999,-0.529363556,7.77835588e-09,0.848395088
55.7499999,-0.528297039,7.81276597e-09,0.84905962
55.7599999,-0.527228575,7.84655213e-09,0.849723502
55.7699999,-0.52615805,7.87659654e-09,0.850386798
55.7799999,-0.525085238,7.90458309e-09,0.851049642
55.7899999,-0.524010329,7.93486045e-09,0.851711909
55.7999999,-0.522933315,7.96746922e-09,0.852373597
55.8099999,-0.521853923,8.00354397e-09,0.853034866
55.8199999,-0.520772365,8.04049802e-09,0.85369558
55.8299999,-0.519688949,8.07695356e-09,0.854355544
55.8399999,-0.51860376,8.11326814e-09,0.855014702
55.8499999,-0.517516832,8.14805206e-09,0.855673027
55.8599999,-0.516428126,8.17996167e-09,0.856330538
55.8699999,-0.515337563,8.21013242e-09,0.856987279
55.8799999,-0.514244702,8.23682586e-09,0.857643508
55.8899999,-0.513149639,8.26337657e-09,0.85829916
55.8999999,-0.512052707,8.29213981e-09,0.85895403
55.9099999,-0.510954223,8.32079274e-09,0.859607923
55.9199999,-0.509854085,8.34923192e-09,0.860260898
55.9299999,-0.50875197,8.37834423e-09,0.860913139
55.9399999,-0.507648021,8.40650184e-09,0.861564558
55.9499999,-0.506542378,8.43261407e-09,0.862215066
55.9599999,-0.505435094,8.45738195e-09,0.862864628
55.9699999,-0.504326069,8.48179022e-09,0.863513298
55.9799999,-0.503215183,8.50606211e-09,0.864161142
55.9899999,-0.502102275,8.52954396e-09,0.864808248
55.9999999,-0.500987311,8.55104972e-09,0.865454628
56.0099999,-0.499870186,8.5720498e-09,0.866100339
56.0199999,-0.498751096,8.59333447e-09,0.866745259
56.0299999,-0.497630041,8.61414104e-09,0.867389383
56.0399999,-0.496507064,8.63347068e-09,0.868032681
56.0499999,-0.495382325,8.65168753e-09,0.868675056
56.0599999,-0.49425588,8.67069366e-09,0.86931647
56.0699999,-0.493127694,8.69082804e-09,0.86995694
56.0799999,-0.491997442,8.71184438e-09,0.870596644
56.0899999,-0.49086456,8.73509577e-09,0.871235894
56.0999999,-0.489729401,8.756711e-09,0.871874483
56.1099999,-0.488592087,8.77500033e-09,0.872512334
56.1199999,-0.487452384,8.79104306e-09,0.873149571
56.1299999,-0.48631003,8.80687686e-09,0.873786333
56.1399999,-0.485165418,8.82247273e-09,0.87442239
56.1499999,-0.484018506,8.83784283e-09,0.875057761
56.1599999,-0.482868772,8.85302994e-09,0.875692725
56.1699999,-0.481716145,8.86835223e-09,0.876327311
56.1799999,-0.480560912,8.88546163e-09,0.876961351
56.1899999,-0.479403228,8.90125447e-09,0.87759475
56.1999999,-0.47824301,8.91364885e-09,0.878227547
56.2099999,-0.477080064,8.92514519e-09,0.878859837
56.2199999,-0.475914547,8.93626741e-09,0.879491526
56.2299999,-0.474746462,8.94645839e-09,0.880122603
56.2399999,-0.47357594,8.9557491e-09,0.88075299
56.2499999,-0.472403284,8.96608902e-09,0.881382515
56.2599999,-0.471228565,8.97838802e-09,0.882011134
56.2699999,-0.470051966,8.99246687e-09,0.882638742
56.2799999,-0.468873652,9.00780172e-09,0.883265248
56.2899999,-0.467693757,9.02465421e-09,0.883890576
56.2999999,-0.466512256,9.04221961e-09,0.884514734
56.3099999,-0.465328885,9.06017417e-09,0.885137859
56.3199999,-0.464143508,9.07782109e-09,0.885760015
56.3299999,-0.462956426,9.09045668e-09,0.88638104
56.3399999,-0.46176779,9.09670794e-09,0.88700085
56.3499999,-0.460577716,9.10078484e-09,0.887619382
56.3599999,-0.459386101,9.10323328e-09,0.888236686
56.3699999,-0.458192617,9.10427075e-09,0.888852927
56.3799999,-0.456996884,9.10670962e-09,0.889468295
56.3899999,-0.455799196,9.10768281e-09,0.890082633
56.3999999,-0.454599639,9.10644243e-09,0.89069589
56.4099999,-0.453398197,9.10333826e-09,0.891308069
56.4199999,-0.452194883,9.10181566e-09,0.89191916
56.4299999,-0.450989418,9.10334639e-09,0.892529297
56.4399999,-0.449781977,9.10643395e-09,0.893138384
56.4499999,-0.448572723,9.10916617e-09,0.893746335
56.4599999,-0.447361619,9.11287203e-09,0.894353164
56.4699999,-0.4461486,9.11982085e-09,0.894958897
56.4799999,-0.444933626,9.12894808e-09,0.895563548
56.4899999,-0.443716765,9.13876902e-09,0.896167078
56.4999999,-0.442498065,9.14902283e-09,0.896769459
56.5099999,-0.441277165,9.15859947e-09,0.897370862
56.5199999,-0.44005417,9.16405615e-09,0.897971229
56.5299999,-0.438829335,9.16862144e-09,0.898570428
56.5399999,-0.437602762,9.17482899e-09,0.899168406
56.5499999,-0.436374551,9.18392214e-09,0.899765109
56.5599999,-0.435144633,9.1960012e-09,0.900360566
56.5699999,-0.433913002,9.20968165e-09,0.900954775
56.5799999,-0.432679645,9.22478868e-09,0.901547738
56.5899999,-0.431444461,9.24048128e-09,0.9021395
56.5999999,-0.430207228,9.25683483e-09,0.90273016
56.6099999,-0.428968259,9.27370755e-09,0.903319563
56.6199999,-0.427727604,9.29181329e-09,0.903907682
56.6299999,-0.426484869,9.31213246e-09,0.904494697
56.6399999,-0.425239887,9.33294921e-09,0.905080681
56.6499999,-0.423993003,9.35256471e-09,0.905665464
56.6599999,-0.422744407,9.37059376e-09,0.906248954
56.6699999,-0.421494008,9.38776318e-09,0.906831187
56.6799999,-0.420241788,9.40517757e-09,0.907412167
56.6899999,-0.418987867,9.42338353e-09,0.907991832
56.6999999,-0.417732391,9.44081845e-09,0.908570113
56.7099999,-0.416475086,9.45588408e-09,0.909147129
56.7199999,-0.415215756,9.46868677e-09,0.909722967
56.7299998,-0.413954636,9.47990442e-09,0.910297511
56.7399998,-0.412691814,9.48979748e-09,0.910870719
56.7499998,-0.411427279,9.49835622e-09,0.91144259
56.7599998,-0.410161221,9.50702339e-09,0.912013033
56.7699998,-0.408893724,9.51594929e-09,0.912582008
56.7799998,-0.407624542,9.52424759e-09,0.913149622
56.7899998,-0.406353288,9.52966075e-09,0.913716042
56.7999998,-0.405079994,9.53330572e-09,0.914281247
56.8099998,-0.403804925,9.5372435e-09,0.914845114
56.8199998,-0.402527981,9.54210496e-09,0.915407682
56.8299998,-0.401249189,9.54943255e-09,0.915968934
56.8399998,-0.399968668,9.5582573e-09,0.916528813
56.8499998,-0.398686438,9.56745162e-09,0.917087305
56.8599998,-0.397402516,9.57825529e-09,0.917644398
56.8699998,-0.396116448,9.59058723e-09,0.918200283
56.8799998,-0.394827751,9.6022233e-09,0.918755162
56.8899998,-0.393536677,9.61163019e-09,0.919308917
56.8999998,-0.392243688,9.6194498e-09,0.919861342
56.9099998,-0.390948904,9.62756901e-09,0.920412383
56.9199998,-0.389652104,9.63610267e-09,0.920962126
56.9299998,-0.388353083,9.64412674e-09,0.921510653
56.9399998,-0.38705209,9.65179705e-09,0.92205785
56.9499998,-0.385749055,9.65972699e-09,0.922603743
56.9599998,-0.384443917,9.66811027e-09,0.923148349
56.9699998,-0.38313675,9.6755845e-09,0.923691632
56.9799998,-0.381827785,9.68213846e-09,0.924233489
56.9899998,-0.380517047,9.68875298e-09,0.924773906
56.9999998,-0.379204487,9.69553725e-09,0.925312897
57.0099998,-0.377890174,9.70282489e-09,0.925850429
57.0199998,-0.376574173,9.71332117e-09,0.92638647
57.0299998,-0.375256512,9.72619314e-09,0.926921005
57.0399998,-0.373936966,9.73728818e-09,0.92745412
57.0499998,-0.372615361,9.74584182e-09,0.92798588
57.0599998,-0.37129196,9.75332675e-09,0.928516171
57.0699998,-0.369967029,9.7630212e-09,0.929044884
57.0799998,-0.368640626,9.77620169e-09,0.929571992
57.0899998,-0.367312633,9.79003536e-09,0.930097538
57.0999998,-0.365982924,9.80388377e-09,0.930621566
57.1099998,-0.364651593,9.81881362e-09,0.931144036
57.1199998,-0.363318648,9.83654074e-09,0.93166494
57.1299998,-0.361983948,9.85440646e-09,0.932184328
57.1399998,-0.360647358,9.86795512e-09,0.932702248
57.1499998,-0.359309133,9.87262882e-09,0.933218596
57.1599998,-0.357969421,9.87583263e-09,0.93373331
57.1699998,-0.356627905,9.88093815e-09,0.934246508
57.1799998,-0.355284076,9.89001502e-09,0.934758378
57.1899998,-0.353937953,9.89884504e-09,0.935268905
57.1999998,-0.352589564,9.90340414e-09,0.935778072
57.2099998,-0.351239308,9.9093388e-09,0.93628572
57.2199998,-0.34988744,9.91837616e-09,0.936791748
57.2299998,-0.348533896,9.92707145e-09,0.937296177
57.2399998,-0.347178697,9.93655086e-09,0.937798994
57.2499998,-0.345821846,9.95075605e-09,0.938300192
57.2599998,-0.344463238,9.96467622e-09,0.938799807
57.2699998,-0.343102522,9.97984817e-09,0.939297961
57.2799998,-0.341739193,9.9970379e-09,0.939794831
57.2899998,-0.340373689,1.00137187e-08,0.940290249
57.2999998,-0.339006505,1.00301701e-08,0.940784029
57.3099998,-0.337637799,1.00453572e-08,0.941276111
57.3199998,-0.336267438,1.00618699e-08,0.941766537
57.3299998,-0.334895381,1.0080283e-08,0.942255318
57.3399998,-0.33352185,1.01014867e-08,0.94274237
57.3499998,-0.332146865,1.01245217e-08,0.943227682
57.3599998,-0.330770246,1.0146933e-08,0.943711314
57.3699998,-0.329391892,1.01687415e-08,0.944193297
57.3799998,-0.328012008,1.01887086e-08,0.944673553
57.3899998,-0.326630556,1.02047199e-08,0.945152094
57.3999998,-0.325247257,1.02141447e-08,0.945629009
57.4099998,-0.323862242,1.0218662e-08,0.946104248
57.4199998,-0.322475625,1.02219313e-08,0.946577768
57.4299998,-0.321087231,1.02242061e-08,0.947049624
57.4399998,-0.319696949,1.02262186e-08,0.947519847
57.4499998,-0.318305067,1.02280222e-08,0.947988335
57.4599998,-0.316911862,1.02252567e-08,0.948454992
57.4699998,-0.315517264,1.02154494e-08,0.948919836
57.4799998,-0.314121009,1.02041032e-08,0.949382953
57.4899998,-0.312723179,1.01970099e-08,0.94984431
57.4999998,-0.311323822,1.01919575e-08,0.950303887
57.5099998,-0.309922706,1.0185307e-08,0.950761756
57.5199998,-0.308520085,1.01755137e-08,0.951217828
57.5299998,-0.307116042,1.01610966e-08,0.951672074
57.5399998,-0.305710226,1.01464754e-08,0.952124602
57.5499998,-0.304302576,1.01313941e-08,0.952575426
57.5599998,-0.302892737,1.01142878e-08,0.953024653
57.5699998,-0.30148099,1.00992554e-08,0.953472188
57.5799998,-0.300067542,1.00854852e-08,0.953917958
57.5899998,-0.298652229,1.00712018e-08,0.95436201
57.5999998,-0.297235044,1.0057294e-08,0.954804341
57.6099998,-0.295816302,1.00452087e-08,0.955244846
57.6199998,-0.294395972,1.00374826e-08,0.955683531
57.6299998,-0.292973693,1.00342138e-08,0.956120503
57.6399998,-0.29154957,1.00288361e-08,0.956555721
57.6499998,-0.290123517,1.00202513e-08,0.956989208
57.6599998,-0.288695364,1.00123249e-08,0.957421008
57.6699998,-0.287265318,1.00052081e-08,0.957851052
57.6799998,-0.285833599,1.00016295e-08,0.958279267
57.6899998,-0.284400251,1.000121e-08,0.958705636
57.6999998,-0.282965317,1.00016324e-08,0.959130142
57.7099998,-0.281528752,1.00023423e-08,0.959552793
57.7199998,-0.280090665,1.00020416e-08,0.959973551
57.7299998,-0.278651069,9.99829335e-09,0.96039241
57.7399998,-0.277209948,9.99436533e-09,0.96080937
57.7499998,-0.275767337,9.99249999e-09,0.961224415
57.7599998,-0.274323369,9.99101137e-09,0.961637504
57.7699998,-0.272877953,9.98599854e-09,0.962048659
57.7799998,-0.271430675,9.98062739e-09,0.962457993
57.7899998,-0.269980993,9.97384585e-09,0.962865652
57.7999998,-0.268528992,9.96501994e-09,0.963271603
57.8099998,-0.267074822,9.95708263e-09,0.963675796
57.8199998,-0.265618842,9.95251218e-09,0.964078125
57.8299998,-0.264161085,9.95112895e-09,0.964478575
57.8399998,-0.262701314,9.95129219e-09,0.964877204
57.8499998,-0.261239327,9.95191523e-09,0.965274062
57.8599998,-0.25977529,9.95353738e-09,0.965669094
57.8699998,-0.258309311,9.95635464e-09,0.966062265
57.8799998,-0.256841741,9.961368e-09,0.966453475
57.8899998,-0.255372685,9.96825832e-09,0.966842692
57.8999998,-0.25390214,9.97569297e-09,0.967229912
57.9099998,-0.252430128,9.9813304e-09,0.967615125
57.9199998,-0.250956636,9.98191271e-09,0.96799833
57.9299998,-0.24948179,9.98136327e-09,0.96837949
57.9399998,-0.248005691,9.98162144e-09,0.968758575
57.9499998,-0.246528395,9.98243727e-09,0.969135569
57.9599998,-0.245049891,9.98238274e-09,0.96951047
57.9699998,-0.243570251,9.98566731e-09,0.969883257
57.9799998,-0.242089345,9.99268131e-09,0.970253961
57.9899998,-0.24060693,9.99835739e-09,0.970622638
57.9999998,-0.239123103,1.00018169e-08,0.970989259
58.0099998,-0.237637937,1.00049259e-08,0.971353803
58.0199998,-0.236151545,1.0008052e-08,0.971716238
58.0299998,-0.234663741,1.00106935e-08,0.972076606
58.0399998,-0.233174601,1.00133227e-08,0.972434885
58.0499998,-0.231684221,1.00176534e-08,0.972791047
58.0599998,-0.230192649,1.0021941e-08,0.973145079
58.0699998,-0.228699982,1.00268725e-08,0.973496953
58.0799998,-0.227206164,1.00300714e-08,0.973846681
58.0899998,-0.225711046,1.00302755e-08,0.974194295
58.0999998,-0.224214907,1.00322306e-08,0.974539725
58.1099998,-0.222717938,1.003714e-08,0.974882926
58.1199998,-0.221220074,1.00436777e-08,0.975223912
58.1299998,-0.219721265,1.00502029e-08,0.975562692
58.1399998,-0.218221469,1.00540803e-08,0.975899273
58.1499998,-0.2167205,1.00555264e-08,0.976233694
58.1599998,-0.215218019,1.0054588e-08,0.976566027
58.1699998,-0.213713833,1.00474364e-08,0.976896308
58.1799998,-0.212208282,1.0037021e-08,0.97722446
58.1899998,-0.210701366,1.00254172e-08,0.977550477
58.1999998,-0.209192916,1.00137891e-08,0.977874391
58.2099998,-0.207683219,1.00020048e-08,0.978196136
58.2199998,-0.206172379,9.99288138e-09,0.978515687
58.2299998,-0.204660181,9.98452423e-09,0.978833086
58.2399998,-0.203146674,9.97178508e-09,0.979148318
58.2499998,-0.201632081,9.95699243e-09,0.979461333
58.2599998,-0.200116443,9.94472976e-09,0.979772121
58.2699998,-0.198599709,9.93632619e-09,0.980080688
58.2799998,-0.197081728,9.92830655e-09,0.980387063
58.2899998,-0.195562614,9.91959831e-09,0.980691218
58.2999998,-0.194042471,9.91149559e-09,0.980993129
58.3099998,-0.19252123,9.90435281e-09,0.981292809
58.3199998,-0.19099894,9.89836377e-09,0.981590243
58.3299998,-0.189475593,9.89228828e-09,0.981885431
58.3399998,-0.187951198,9.88608363e-09,0.982178368
58.3499998,-0.186425828,9.88077326e-09,0.982469038
58.3599998,-0.184899627,9.87669306e-09,0.98275741
58.3699998,-0.183372677,9.87344712e-09,0.983043469
58.3799998,-0.181844993,9.87038418e-09,0.983327208
58.3899998,-0.180316535,9.86726231e-09,0.983608635
58.3999998,-0.178787071,9.86411414e-09,0.98388779
58.4099998,-0.177256257,9.86047052e-09,0.984164732
58.4199998,-0.175724214,9.85771175e-09,0.984439435
58.4299998,-0.174191203,9.85509554e-09,0.984711849
58.4399998,-0.172657119,9.85113527e-09,0.984981989
58.4499998,-0.171121789,9.84656127e-09,0.985249884
58.4599998,-0.169585456,9.84171742e-09,0.985515486
58.4699998,-0.168048204,9.83753525e-09,0.985778779
58.4799998,-0.16650992,9.83253506e-09,0.986039779
58.4899998,-0.164970697,9.82601085e-09,0.986298469
58.4999998,-0.163430615,9.81960665e-09,0.986554831
58.5099998,-0.161889742,9.81424159e-09,0.986808852
58.5199998,-0.160348063,9.80848962e-09,0.987060534
58.5299998,-0.158805633,9.80049414e-09,0.987309866
58.5399998,-0.157262558,9.79129244e-09,0.987556828
58.5499998,-0.1557183,9.7831194e-09,0.987801504
58.5599998,-0.154172817,9.77722641e-09,0.988043897
58.5699998,-0.152626095,9.77301113e-09,0.988284005
58.5799998,-0.151078404,9.7708102e-09,0.988521783
58.5899998,-0.149529843,9.76962452e-09,0.988757213
58.5999998,-0.147980398,9.76692653e-09,0.988990294
58.6099998,-0.146430137,9.76459163e-09,0.989221014
58.6199998,-0.144879139,9.76223413e-09,0.98944936
58.6299998,-0.143327433,9.7581376e-09,0.989675324
58.6399998,-0.141774989,9.75266215e-09,0.98989891
58.6499998,-0.140221871,9.74695462e-09,0.990120107
58.6599998,-0.138668063,9.74102489e-09,0.990338916
58.6699998,-0.137113431,9.73601952e-09,0.990555353
58.6799998,-0.135558027,9.7335443e-09,0.990769409
58.6899998,-0.134001938,9.73295171e-09,0.99098107
58.6999998,-0.132445211,9.73178302e-09,0.991190328
58.7099998,-0.130887762,9.7298392e-09,0.991397193
58.7199998,-0.12932958,9.72866094e-09,0.991601664
58.7299998,-0.127770754,9.72951082e-09,0.991803728
58.7399998,-0.126211016,9.73016526e-09,0.992003417
58.7499998,-0.124649976,9.72798367e-09,0.992200778
58.7599998,-0.123087659,9.72495386e-09,0.992395802
58.7699998,-0.121524363,9.72403463e-09,0.992588449
58.7799998,-0.11996033,9.72417237e-09,0.992778686
58.7899998,-0.11839566,9.72396492e-09,0.992966499
58.7999998,-0.116830339,9.72376761e-09,0.993151888
58.8099998,-0.115264271,9.72502088e-09,0.993334862
58.8199998,-0.113697279,9.72791676e-09,0.99351544
58.8299998,-0.11212945,9.7328343e-09,0.993693608
58.8399998,-0.110560775,9.73831264e-09,0.993869365
58.8499998,-0.108991278,9.74315596e-09,0.994042706
58.8599998,-0.107420928,9.74956628e-09,0.994213631
58.8699998,-0.105849611,9.75735655e-09,0.99438215
58.8799998,-0.104277478,9.76543352e-09,0.994548243
58.8899998,-0.102704627,9.77201826e-09,0.994711898
58.8999998,-0.101130901,9.77619994e-09,0.994873128
58.9099998,-0.0995562359,9.77880552e-09,0.995031937
58.9199998,-0.0979805299,9.78026346e-09,0.995188332
58.9299998,-0.0964040018,9.78151478e-09,0.995342287
58.9399998,-0.0948267539,9.78159486e-09,0.99549379
58.9499998,-0.0932487275,9.78151649e-09,0.995642845
58.9599998,-0.0916698292,9.77995531e-09,0.995789457
58.9699998,-0.0900901932,9.77672308e-09,0.995933611
58.9799998,-0.0885098291,9.77265788e-09,0.996075303
58.9899998,-0.0869287453,9.76833598e-09,0.996214532
58.9999998,-0.0853469227,9.76316553e-09,0.996351295
59.0099998,-0.0837644256,9.75926999e-09,0.996485585
59.0199998,-0.0821813047,9.75947432e-09,0.996617396
59.0299998,-0.0805973167,9.76122374e-09,0.996746744
59.0399998,-0.0790122737,9.76138865e-09,0.996873643
59.0499998,-0.0774265047,9.76249082e-09,0.996998062
59.0599998,-0.0758401826,9.76667069e-09,0.997119986
59.0699998,-0.0742533653,9.77306592e-09,0.997239408
59.0799998,-0.0726660544,9.77918733e-09,0.997356328
59.0899998,-0.0710783506,9.78414834e-09,0.997470735
59.0999998,-0.0694903364,9.78888014e-09,0.997582625
59.1099998,-0.0679020517,9.79463579e-09,0.997691992
59.1199998,-0.0663135257,9.80224201e-09,0.997798836
59.1299998,-0.0647247579,9.81142918e-09,0.997903154
59.1399998,-0.0631356448,9.82151947e-09,0.998004955
59.1499998,-0.0615460562,9.83065076e-09,0.998104245
59.1599998,-0.0599561443,9.83736726e-09,0.998201012
59.1699998,-0.0583660948,9.84307588e-09,0.998295246
59.1799998,-0.0567758642,9.85011919e-09,0.99838695
59.1899998,-0.0551853895,9.85787268e-09,0.998476125
59.1999998,-0.0535945712,9.86458771e-09,0.998562778
59.2099998,-0.0520033727,9.87036683e-09,0.998646909
59.2199998,-0.0504117607,9.87884121e-09,0.998728519
59.2299998,-0.0488196849,9.89053347e-09,0.998807608
59.2399998,-0.0472274043,9.90474101e-09,0.998884164
59.2499998,-0.0456353211,9.91955842e-09,0.998958166
59.2599998,-0.0440435366,9.93274609e-09,0.999029613
59.2699998,-0.042451681,9.94360174e-09,0.999098521
59.2799998,-0.0408595262,9.95263159e-09,0.999164901
59.2899998,-0.0392670701,9.96007791e-09,0.999228751
59.2999998,-0.0376741626,9.96621499e-09,0.999290077
59.3099998,-0.0360807965,9.97313175e-09,0.999348876
59.3199998,-0.0344871818,9.98298835e-09,0.99940514
59.3299998,-0.0328935479,9.99566297e-09,0.999458861
59.3399998,-0.0312996652,1.0010258e-08,0.999510045
59.3499998,-0.029705354,1.00280036e-08,0.999558699
59.3599998,-0.0281107022,1.00494166e-08,0.999604816
59.3699998,-0.0265157607,1.00706266e-08,0.999648395
59.3799998,-0.024920599,1.00914759e-08,0.999689434
59.3899998,-0.0233252821,1.01127417e-08,0.999727929
59.3999998,-0.0217297025,1.01344649e-08,0.999763882
59.4099998,-0.0201335596,1.01547436e-08,0.999797299
59.4199998,-0.0185370697,1.01753512e-08,0.999828174
59.4299998,-0.0169405439,1.01971465e-08,0.999856499
59.4399998,-0.0153440044,1.02165802e-08,0.999882274
59.4499998,-0.0137475478,1.02339257e-08,0.999905498
59.4599998,-0.0121512542,1.0250519e-08,0.999926171
59.4699998,-0.0105549729,1.02659983e-08,0.999944295
59.4799998,-0.00895857307,1.02802124e-08,0.999959871
59.4899998,-0.00736203052,1.029355e-08,0.9999729
59.4999998,-0.00576525261,1.03065514e-08,0.999983381
59.5099998,-0.00416826841,1.03198326e-08,0.999991313
59.5199998,-0.00257117699,1.03328422e-08,0.999996695
59.5299998,-0.000973991453,1.03452638e-08,0.999999526
59.5399998,0.000623141365,1.03566171e-08,0.999999806
59.5499998,0.00221998934,1.03661572e-08,0.999997536
59.5599998,0.00381682288,1.03742373e-08,0.999992716
59.5699998,0.00541390893,1.03820597e-08,0.999985345
59.5799998,0.00701116726,1.0390436e-08,0.999975421
59.5899998,0.00860847597,1.03995039e-08,0.999962946
59.5999998,0.0102057114,1.04089468e-08,0.99994792
59.6099998,0.0118028127,1.04195145e-08,0.999930344
59.6199998,0.013399824,1.04335381e-08,0.999910218
59.6299998,0.01499673,1.04515045e-08,0.999887543
59.6399998,0.0165935174,1.04684014e-08,0.999862318
59.6499998,0.0181902333,1.04832193e-08,0.999834544
59.6599998,0.0197869358,1.0495175e-08,0.999804219
59.6699998,0.0213835505,1.05052977e-08,0.999771346
59.6799998,0.0229799303,1.05150563e-08,0.999735927
59.6899998,0.0245760586,1.05260961e-08,0.999697963
59.6999998,0.0261718178,1.05414591e-08,0.999657459
59.7099998,0.0277670267,1.05608038e-08,0.999614422
59.7199998,0.0293619945,1.05778607e-08,0.999568844
59.7299998,0.0309568489,1.05918752e-08,0.999520722
59.7399998,0.0325515912,1.06050924e-08,0.999470057
59.7499998,0.0341461017,1.06181375e-08,0.999416852
59.7599998,0.0357403891,1.06310044e-08,0.999361108
59.7699998,0.037334348,1.06436546e-08,0.99930283
59.7799998,0.038928054,1.06539961e-08,0.999242016
59.7899998,0.0405217732,1.06607742e-08,0.999178656
59.7999998,0.0421154156,1.06647748e-08,0.999112752
59.8099998,0.0437087588,1.06680458e-08,0.999044316
59.8199998,0.0453017968,1.06730665e-08,0.998973347
59.8299998,0.0468946426,1.06796771e-08,0.998899841
59.8399998,0.0484872078,1.0686812e-08,0.998823804
59.8499998,0.0500794939,1.06954183e-08,0.998745235
59.8599998,0.051671808,1.07055201e-08,0.99866412
59.8699998,0.0532644288,1.07167295e-08,0.998580443
59.8799998,0.0548571433,1.0730705e-08,0.998494213
59.8899998,0.0564497223,1.07467532e-08,0.998405443
59.8999998,0.0580419907,1.07634289e-08,0.998314143
59.9099998,0.0596339219,1.0781553e-08,0.998220314
59.9199998,0.0612255109,1.07998862e-08,0.998123959
59.9299998,0.0628166264,1.08176182e-08,0.998025086
59.9399998,0.0644073851,1.0836409e-08,0.997923689
59.9499998,0.0659978666,1.085547e-08,0.997819764
59.9599998,0.0675878154,1.08756281e-08,0.997713329
59.9699998,0.0691769468,1.08965523e-08,0.997604406
59.9799998,0.0707654915,1.09158688e-08,0.99749298
59.9899998,0.0723536564,1.0933805e-08,0.997379039
59.9999998,0.0739415231,1.09495325e-08,0.997262579
60.0099998,0.0755291594,1.09613585e-08,0.997143594
60.0199998,0.0771165664,1.09724323e-08,0.997022084
60.0299998,0.0787036841,1.09833286e-08,0.996898054
60.0399998,0.0802906304,1.09928888e-08,0.996771496
60.0499998,0.0818774016,1.10007007e-08,0.996642409
60.0599998,0.0834639763,1.10084565e-08,0.996510795
60.0699998,0.0850501658,1.10180512e-08,0.99637667
60.0799998,0.0866356181,1.1029383e-08,0.996240066
60.0899998,0.0882203991,1.10410741e-08,0.996100979
60.0999998,0.0898047219,1.10529242e-08,0.995959393
60.1099998,0.0913886069,1.10637098e-08,0.995815305
60.1199998,0.0929720063,1.10726617e-08,0.995668723
60.1299998,0.0945549181,1.10811094e-08,0.995519647
60.1399998,0.0961373557,1.10939345e-08,0.995368077
60.1499998,0.0977191497,1.11130856e-08,0.995214031
60.1599998,0.0993002337,1.11347012e-08,0.995057518
60.1699998,0.100880659,1.11566376e-08,0.994898534
60.1799998,0.102460612,1.11796296e-08,0.994737062
60.1899998,0.104039999,1.12037345e-08,0.994573114
60.1999998,0.105618606,1.12280345e-08,0.994406713
60.2099998,0.107196537,1.12506213e-08,0.99423785
60.2199998,0.108773838,1.12697416e-08,0.994066523
60.2299998,0.110350731,1.12863808e-08,0.993892709
60.2399998,0.111927075,1.13016207e-08,0.993716423
60.2499998,0.113502625,1.13164014e-08,0.993537696
60.2599998,0.115077426,1.13300168e-08,0.993356525
60.2699998,0.116651506,1.13423672e-08,0.993172908
60.2799998,0.118224867,1.13533206e-08,0.992986848
60.2899998,0.119797423,1.13655039e-08,0.992798357
60.2999998,0.12136901,1.13808388e-08,0.992607457
60.3099998,0.1229398,1.13965647e-08,0.99241413
60.3199998,0.124509921,1.1410652e-08,0.992218363
60.3299998,0.126079426,1.14244945e-08,0.99202015
60.3399998,0.127648159,1.1439718e-08,0.991819514
60.3499998,0.129215815,1.14572933e-08,0.991616495
60.3599998,0.130782006,1.14783523e-08,0.991411149
60.3699998,0.132346652,1.1501497e-08,0.991203493
60.3799998,0.133910039,1.1524553e-08,0.990993492
60.3899998,0.135472495,1.15459124e-08,0.990781108
60.3999998,0.13703399,1.15672303e-08,0.990566346
60.4099998,0.138594506,1.15907962e-08,0.990349213
60.4199998,0.140154081,1.16138867e-08,0.990129705
60.4299998,0.141712825,1.16335079e-08,0.989907811
60.4399998,0.143270718,1.1650019e-08,0.989683536
60.4499998,0.144827573,1.16651441e-08,0.989456909
60.4599998,0.146383465,1.16794623e-08,0.989227922
60.4699998,0.147938583,1.16916226e-08,0.98899655
60.4799998,0.149492954,1.17015279e-08,0.988762791
60.4899998,0.151046535,1.17097785e-08,0.988526653
60.4999998,0.152599353,1.17183615e-08,0.988288135
60.5099998,0.154151409,1.17311599e-08,0.988047237
60.5199998,0.155702687,1.17488821e-08,0.987803965
60.5299998,0.157253197,1.17675541e-08,0.987558318
60.5399998,0.158802715,1.17853985e-08,0.987310335
60.5499998,0.160351153,1.18027606e-08,0.987060032
60.5599998,0.161898421,1.18198423e-08,0.986807429
60.5699998,0.163444263,1.18371103e-08,0.98655257
60.5799998,0.164988984,1.18544542e-08,0.98629541
60.5899998,0.166532448,1.18714233e-08,0.986035975
60.5999998,0.168074857,1.18858876e-08,0.985774235
60.6099998,0.169616391,1.18976415e-08,0.985510162
60.6199998,0.171157099,1.1908393e-08,0.98524375
60.6299998,0.172696892,1.19193852e-08,0.984975017
60.6399998,0.174235698,1.19304013e-08,0.984703977
60.6499998,0.17577364,1.19415075e-08,0.984430611
60.6599998,0.177310638,1.19528808e-08,0.984154936
60.6699998,0.178846429,1.1964784e-08,0.983877002
60.6799998,0.180381126,1.19763091e-08,0.983596792
60.6899998,0.181914864,1.19870339e-08,0.983314285
60.6999998,0.183447314,1.19988575e-08,0.983029543
60.7099998,0.184978161,1.20109927e-08,0.982742632
60.7199998,0.186507746,1.20208873e-08,0.98245349
60.7299998,0.188036353,1.2027512e-08,0.982162069
60.7399998,0.189564109,1.20315252e-08,0.981868346
60.7499998,0.191091058,1.20337305e-08,0.981572314
60.7599998,0.192617152,1.20346281e-08,0.981273984
60.7699998,0.194142255,1.20349389e-08,0.980973386
60.7799998,0.195666319,1.2035117e-08,0.980670532
60.7899998,0.197189341,1.20342989e-08,0.980365424
60.7999998,0.198711354,1.20310596e-08,0.980058058
60.8099998,0.200232379,1.20240651e-08,0.979748434
60.8199998,0.20175262,1.20146005e-08,0.979436512
60.8299998,0.203271964,1.20071273e-08,0.979122316
60.8399998,0.20479031,1.20007263e-08,0.978805869
60.8499998,0.206307801,1.1992697e-08,0.978487144
60.8599998,0.207824482,1.19834017e-08,0.978166133
60.8699998,0.20934031,1.19744838e-08,0.977842848
60.8799998,0.210855037,1.19665274e-08,0.977517342
60.8899998,0.212368641,1.19555575e-08,0.977189623
60.8999998,0.213881368,1.19412106e-08,0.976859642
60.9099998,0.215393105,1.1927128e-08,0.976527424
60.9199998,0.216903427,1.1916182e-08,0.976193067
60.9299998,0.2184125,1.19034293e-08,0.975856537
60.9399998,0.219920273,1.18897449e-08,0.975517849
60.9499998,0.221426317,1.1880255e-08,0.975177105
60.9599998,0.22293069,1.18718506e-08,0.974834297
60.9699998,0.224433679,1.18632967e-08,0.974489366
60.9799998,0.225935548,1.18554837e-08,0.974142252
60.9899998,0.227436338,1.18490943e-08,0.973792951
60.9999998,0.228936031,1.18441637e-08,0.973441469
61.0099998,0.230434771,1.18408518e-08,0.973087774
61.0199998,0.231932418,1.18388624e-08,0.972731902
61.0299998,0.23342868,1.18402277e-08,0.972373926
61.0399998,0.234923787,1.18413972e-08,0.972013793
61.0499998,0.236417861,1.18424473e-08,0.971651478
61.0599998,0.237910769,1.18451767e-08,0.971287015
61.0699998,0.239402533,1.18485734e-08,0.970920402
61.0799998,0.240893094,1.18533152e-08,0.970551656
61.0899998,0.242382357,1.18586202e-08,0.970180804
61.0999998,0.243870498,1.18640448e-08,0.969807806
61.1099998,0.245357304,1.18711025e-08,0.969432717
61.1199998,0.246842648,1.18802637e-08,0.969055575
61.1299998,0.248326608,1.18883941e-08,0.968676363
61.1399998,0.249809449,1.18955213e-08,0.968295017
61.1499998,0.251291269,1.19032992e-08,0.967911513
61.1599998,0.252772056,1.19115906e-08,0.967525859
61.1699998,0.254251708,1.19188896e-08,0.967138082
61.1799998,0.255730061,1.19248044e-08,0.966748228
61.1899998,0.257207186,1.192865e-08,0.966356282
61.1999997,0.25868304,1.19325416e-08,0.965962259
61.2099997,0.26015774,1.19344542e-08,0.965566129
61.2199997,0.261631412,1.19335036e-08,0.965167863
61.2299997,0.263104052,1.19313365e-08,0.964767463
61.2399997,0.264575456,1.19292159e-08,0.964364987
61.2499997,0.266045239,1.19284844e-08,0.963960544
61.2599997,0.267513258,1.1928967e-08,0.963554179
61.2699997,0.26897945,1.19308182e-08,0.963145916
61.2799997,0.270444113,1.19321197e-08,0.962735676
61.2899997,0.271907324,1.19318485e-08,0.962323442
61.2999997,0.273368793,1.19323859e-08,0.961909301
61.3099997,0.274827758,1.19364582e-08,0.961493476
61.3199997,0.276283949,1.1941696e-08,0.961076053
61.3299997,0.277737838,1.19444814e-08,0.960656907
61.3399997,0.279189682,1.19449865e-08,0.960235972
61.3499997,0.280639788,1.19436709e-08,0.959813164
61.3599997,0.282088178,1.19406648e-08,0.959388482
61.3699997,0.283534884,1.19353234e-08,0.958961923
61.3799997,0.284979939,1.19285145e-08,0.958533481
61.3899997,0.286423281,1.19204344e-08,0.95810318
61.3999997,0.287864917,1.19085778e-08,0.957671024
61.4099997,0.289304989,1.18925489e-08,0.957236973
61.4199997,0.29074355,1.18738243e-08,0.956801018
61.4299997,0.292180521,1.18542676e-08,0.956363186
61.4399997,0.293615937,1.18338957e-08,0.95592347
61.4499997,0.295049404,1.18145702e-08,0.955481998
61.4599997,0.296480426,1.18019818e-08,0.95503893
61.4699997,0.29790909,1.17961553e-08,0.954594246
61.4799997,0.299335498,1.17943318e-08,0.954147923
61.4899997,0.300760031,1.17937324e-08,0.95369985
61.4999997,0.302182843,1.17937929e-08,0.953249983
61.5099997,0.303603803,1.17948094e-08,0.952798368
61.5199997,0.305022769,1.17961632e-08,0.952345059
61.5299997,0.306439695,1.17971873e-08,0.951890074
61.5399997,0.307854791,1.17936549e-08,0.951433354
61.5499997,0.309267969,1.17861523e-08,0.950974933
61.5599997,0.310678759,1.17790991e-08,0.95051497
61.5699997,0.31208719,1.17746792e-08,0.950053465
61.5799997,0.313493687,1.17736844e-08,0.949590284
61.5899997,0.314898529,1.1773553e-08,0.949125343
61.5999997,0.316301618,1.17731087e-08,0.948658677
61.6099997,0.317702637,1.17731973e-08,0.9481904
61.6199997,0.319101675,1.17751617e-08,0.947720487
61.6299997,0.320498962,1.17779268e-08,0.947248867
61.6399997,0.321894747,1.1780424e-08,0.94677546
61.6499997,0.323289219,1.17811764e-08,0.946300207
61.6599997,0.324682431,1.17791997e-08,0.945823091
61.6699997,0.326074233,1.17769699e-08,0.945344167
61.6799997,0.327464209,1.177891e-08,0.944863584
61.6899997,0.328852389,1.17829317e-08,0.944381335
61.6999997,0.330238821,1.17883627e-08,0.94389741
61.7099997,0.331623433,1.17940891e-08,0.943411839
61.7199997,0.333006206,1.17997168e-08,0.942924635
61.7299997,0.33438724,1.18044923e-08,0.942435766
61.7399997,0.335766449,1.18091085e-08,0.94194527
61.7499997,0.337144022,1.18136486e-08,0.941453083
61.7599997,0.33852004,1.18181419e-08,0.940959182
61.7699997,0.339894606,1.18207877e-08,0.940463533
61.7799997,0.341267598,1.18221489e-08,0.939966184
61.7899997,0.342639102,1.18224818e-08,0.939467107
61.7999997,0.344009209,1.18219731e-08,0.938966274
61.8099997,0.345377968,1.18198795e-08,0.93846367
61.8199997,0.346744904,1.1816565e-08,0.937959472
61.8299997,0.348109519,1.18104827e-08,0.937453873
61.8399997,0.349472159,1.18030849e-08,0.936946749
61.8499997,0.350832809,1.17950416e-08,0.936438113
61.8599997,0.352191652,1.17836384e-08,0.935927903
61.8699997,0.353548758,1.17725495e-08,0.935416098
61.8799997,0.354904068,1.17649904e-08,0.934902724
61.8899997,0.35625786,1.1756313e-08,0.93438768
61.8999997,0.357609977,1.17497661e-08,0.933871032
61.9099997,0.358960241,1.17475513e-08,0.933352852
61.9199997,0.360308886,1.17434174e-08,0.932833054
61.9299997,0.361655552,1.17353202e-08,0.932311784
61.9399997,0.362999924,1.17230718e-08,0.931789169
61.9499997,0.364342473,1.17062438e-08,0.931265033
61.9599997,0.365683426,1.16887541e-08,0.930739293
61.9699997,0.367022683,1.16768523e-08,0.930211992
61.9799997,0.368360108,1.16673634e-08,0.929683189
61.9899997,0.369695791,1.16555458e-08,0.929152852
61.9999997,0.371029763,1.16417005e-08,0.928620975
62.0099997,0.372361898,1.16277126e-08,0.928087613
62.0199997,0.373692393,1.16149066e-08,0.927552691
62.0299997,0.375021383,1.16029325e-08,0.927016161
62.0399997,0.376349,1.15894499e-08,0.926477971
62.0499997,0.377674994,1.15776584e-08,0.925938226
62.0599997,0.378998894,1.15722842e-08,0.925397125
62.0699997,0.38032086,1.1567707e-08,0.924854607
62.0799997,0.38164116,1.15588165e-08,0.924310567
62.0899997,0.382959829,1.15469492e-08,0.923764997
62.0999997,0.384276822,1.153542e-08,0.923217918
62.1099997,0.385592119,1.15256269e-08,0.922669344
62.1199997,0.386905732,1.1516231e-08,0.922119274
62.1299997,0.38821774,1.1505387e-08,0.921567679
62.1399997,0.389527971,1.14936515e-08,0.921014636
62.1499997,0.390836208,1.1479735e-08,0.920460243
62.1599997,0.392142538,1.14658078e-08,0.919904468
62.1699997,0.393447029,1.14514468e-08,0.919347288
62.1799997,0.394749408,1.14405553e-08,0.918788825
62.1899997,0.396049823,1.14314778e-08,0.918229022
62.1999997,0.397348457,1.14200332e-08,0.917667807
62.2099997,0.39864533,1.14074274e-08,0.917105175
62.2199997,0.399939963,1.13984616e-08,0.916541339
62.2299997,0.4012319,1.13943432e-08,0.915976507
62.2399997,0.402521451,1.13905955e-08,0.915410554
62.2499997,0.403808986,1.13838918e-08,0.914843321
62.2599997,0.405094586,1.13752943e-08,0.914274782
62.2699997,0.406378316,1.13651567e-08,0.913704911
62.2799997,0.407659959,1.13542884e-08,0.913133812
62.2899997,0.408939591,1.13407459e-08,0.912561456
62.2999997,0.410217344,1.13250116e-08,0.911987791
62.3099997,0.41149291,1.13096048e-08,0.911412961
62.3199997,0.412766203,1.12932046e-08,0.910837012
62.3299997,0.414037511,1.12737001e-08,0.91025982
62.3399997,0.415307148,1.12512313e-08,0.909681248
62.3499997,0.416575101,1.12270853e-08,0.909101306
62.3599997,0.417841232,1.12021257e-08,0.908520063
62.3699997,0.419105582,1.11776575e-08,0.907937504
62.3799997,0.42036795,1.11548031e-08,0.907353727
62.3899997,0.421628232,1.11318278e-08,0.906768787
62.3999997,0.42288656,1.11084336e-08,0.906182629
62.4099997,0.424143181,1.10832771e-08,0.905595143
62.4199997,0.425398091,1.10557285e-08,0.905006334
62.4299997,0.426651265,1.10271081e-08,0.90441622
62.4399997,0.427902732,1.09993921e-08,0.90382479
62.4499997,0.429152618,1.09734906e-08,0.903231991
62.4599997,0.430400744,1.09483522e-08,0.902637912
62.4699997,0.43164683,1.09225283e-08,0.90204269
62.4799997,0.43289093,1.08956235e-08,0.901446306
62.4899997,0.434133393,1.08692323e-08,0.900848598
62.4999997,0.435374098,1.0846247e-08,0.900249629
62.5099997,0.436612648,1.08293253e-08,0.899649596
62.5199997,0.437849231,1.08161343e-08,0.899048414
62.5299997,0.439083915,1.08054077e-08,0.898446056
62.5399997,0.440316786,1.0795583e-08,0.897842485
62.5499997,0.441547922,1.07824109e-08,0.897237668
62.5599997,0.442777366,1.07650934e-08,0.896631588
62.5699997,0.444005004,1.07465032e-08,0.896024306
62.5799997,0.445230566,1.0733029e-08,0.895415961
62.5899997,0.446453613,1.07270526e-08,0.894806779
62.5999997,0.447674623,1.07239117e-08,0.894196529
62.6099997,0.448893894,1.0720305e-08,0.893585067
62.6199997,0.450111222,1.07160753e-08,0.892972501
62.6299997,0.45132653,1.07074966e-08,0.892358876
62.6399997,0.452539797,1.06926352e-08,0.891744208
62.6499997,0.453750948,1.06779107e-08,0.891128541
62.6599997,0.454960085,1.06571682e-08,0.890511831
62.6699997,0.45616727,1.06292652e-08,0.889894051
62.6799997,0.457372396,1.05993262e-08,0.889275262
62.6899997,0.458575487,1.0574566e-08,0.888655458
62.6999997,0.459776563,1.05555273e-08,0.888034634
62.7099997,0.460975744,1.05402204e-08,0.887412736
62.7199997,0.462172797,1.05276105e-08,0.886789888
62.7299997,0.463367302,1.05177313e-08,0.886166318
62.7399997,0.464559592,1.0511801e-08,0.88554186
62.7499997,0.465750005,1.05084697e-08,0.884916342
62.7599997,0.466938712,1.05062515e-08,0.88428968
62.7699997,0.468125486,1.05051049e-08,0.883661999
62.7799997,0.469310162,1.05039773e-08,0.883033392
62.7899997,0.470492969,1.05043521e-08,0.882403743
62.7999997,0.471674103,1.05060619e-08,0.881772953
62.8099997,0.472853818,1.05074316e-08,0.881140889
62.8199997,0.474032218,1.05083836e-08,0.880507499
62.8299997,0.475209224,1.05094733e-08,0.879872828
62.8399997,0.47638469,1.05108292e-08,0.879236958
62.8499997,0.477558524,1.05101816e-08,0.878599941
62.8599997,0.478730555,1.05059149e-08,0.877961876
62.8699997,0.479900829,1.05024833e-08,0.877322742
62.8799997,0.481069371,1.05002699e-08,0.876682531
62.8899997,0.482235716,1.04979446e-08,0.876041502
62.8999997,0.483399972,1.04932724e-08,0.875399604
62.9099997,0.484562554,1.0481273e-08,0.874756612
62.9199997,0.485723354,1.04601757e-08,0.874112592
62.9299997,0.486881775,1.0431961e-08,0.87346788
62.9399997,0.488037122,1.04026761e-08,0.872822873
62.9499997,0.489189878,1.03775913e-08,0.872177312
62.9599997,0.490340317,1.03541336e-08,0.871531051
62.9699997,0.491488217,1.03313114e-08,0.870884224
62.9799997,0.492633842,1.03059704e-08,0.87023669
62.9899997,0.493777177,1.02788187e-08,0.869588466
62.9999997,0.49491814,1.02472953e-08,0.868939603
63.0099997,0.496056278,1.02099475e-08,0.868290371
63.0199997,0.497191871,1.01714309e-08,0.867640619
63.0299997,0.498325238,1.01329167e-08,0.866990172
63.0399997,0.499456424,1.00927361e-08,0.86633901
63.0499997,0.500585565,1.00502863e-08,0.865687064
63.0599997,0.501712676,1.00054047e-08,0.865034329
63.0699997,0.502837789,9.96103758e-09,0.864380794
63.0799997,0.503960701,9.91956618e-09,0.863726584
63.0899997,0.505081375,9.87836374e-09,0.863071726
63.0999997,0.506199661,9.83973194e-09,0.862416316
63.1099997,0.507315394,9.79848187e-09,0.861760461
63.1199997,0.508428864,9.75491343e-09,0.861103995
63.1299997,0.509540269,9.7097195e-09,0.860446811
63.1399997,0.510649607,9.66332845e-09,0.859788916
63.1499997,0.511756922,9.61609912e-09,0.859130288
63.1599997,0.512862277,9.56715098e-09,0.858470899
63.1699997,0.513965562,9.5193607e-09,0.857810819
63.1799997,0.51506684,9.47644238e-09,0.857150016
63.1899997,0.516166417,9.43264467e-09,0.856488313
63.1999997,0.517264301,9.38390368e-09,0.855825708
63.2099997,0.51836007,9.33376229e-09,0.855162463
63.2199997,0.519453378,9.28894192e-09,0.854498794
63.2299997,0.52054465,9.24421855e-09,0.85383445
63.2399997,0.521634162,9.19653816e-09,0.853169269
63.2499997,0.522722001,9.14696639e-09,0.852503202
63.2599997,0.523808243,9.09621412e-09,0.851836208
63.2699997,0.524892941,9.0440208e-09,0.851168256
63.2799997,0.525975824,8.98922787e-09,0.850499519
63.2899997,0.527056593,8.93409196e-09,0.849830188
63.2999997,0.528135238,8.88683303e-09,0.849160274
63.3099997,0.529211926,8.84661257e-09,0.84848968
63.3199997,0.530286573,8.80856887e-09,0.847818466
63.3299997,0.531359064,8.77167055e-09,0.847146708
63.3399997,0.53242952,8.73131433e-09,0.846474339
63.3499997,0.533497638,8.68664088e-09,0.845801555
63.3599997,0.534563426,8.63974659e-09,0.84512836
63.3699997,0.535626859,8.59905127e-09,0.844454776
63.3799997,0.536687459,8.56437716e-09,0.843781116
63.3899997,0.537745069,8.53109384e-09,0.843107491
63.3999997,0.538800092,8.50202808e-09,0.842433654
63.4099997,0.53985309,8.47666359e-09,0.841759254
63.4199997,0.540904217,8.45033759e-09,0.841084198
63.4299997,0.541953529,8.42201922e-09,0.840408456
63.4399997,0.543001096,8.39167209e-09,0.839731987
63.4499997,0.544046861,8.36182547e-09,0.839054833
63.4599997,0.545090845,8.3348766e-09,0.838376986
63.4699997,0.546133229,8.30496604e-09,0.837698333
63.4799997,0.547174035,8.27220187e-09,0.837018862
63.4899997,0.548213127,8.24073625e-09,0.836338668
63.4999997,0.549250182,8.20524902e-09,0.835657967
63.5099997,0.55028502,8.16194394e-09,0.834976884
63.5199997,0.551318094,8.11607246e-09,0.834295127
63.5299997,0.552349593,8.06868979e-09,0.833612576
63.5399997,0.553379564,8.01828351e-09,0.832929204
63.5499997,0.554408066,7.96767979e-09,0.832244974
63.5599997,0.555434999,7.92035419e-09,0.831559957
63.5699997,0.55646026,7.87776306e-09,0.830874226
63.5799997,0.557483977,7.83805006e-09,0.830187699
63.5899997,0.558506212,7.79988803e-09,0.829500338
63.5999997,0.559526927,7.76506311e-09,0.828812173
63.6099997,0.560545875,7.7361377e-09,0.828123374
63.6199997,0.561563138,7.71054574e-09,0.82743389
63.6299997,0.562578797,7.68475826e-09,0.826743671
63.6399997,0.563592824,7.6592861e-09,0.826052739
63.6499997,0.564605216,7.63545882e-09,0.825361103
63.6599997,0.565616018,7.6139954e-09,0.824668734
63.6699997,0.566625198,7.59414413e-09,0.823975658
63.6799997,0.567632825,7.57450471e-09,0.823281832
63.6899997,0.568638869,7.55428823e-09,0.822587282
63.6999997,0.569643005,7.53651307e-09,0.821892236
63.7099997,0.570644847,7.52167476e-09,0.821196967
63.7199997,0.571644627,7.50219099e-09,0.820501323
63.7299997,0.572642269,7.47793184e-09,0.819805362
63.7399997,0.5736377,7.45252102e-09,0.819109143
63.7499997,0.574630955,7.42733062e-09,0.81841265
63.7599997,0.575621564,7.40393703e-09,0.817716219
63.7699997,0.576609422,7.38329346e-09,0.817019935
63.7799997,0.577594936,7.36133435e-09,0.816323521
63.7899997,0.578578194,7.33702527e-09,0.81562692
63.7999997,0.57955952,7.31202334e-09,0.814929913
63.8099997,0.580538681,7.28123255e-09,0.81423267
63.8199997,0.581515564,7.24255107e-09,0.813535278
63.8299997,0.582490431,7.20218594e-09,0.812837559
63.8399997,0.583463232,7.1608754e-09,0.812139555
63.8499997,0.584433934,7.11828534e-09,0.811441296
63.8599997,0.585402442,7.07343399e-09,0.810742858
63.8699997,0.58636884,7.02876705e-09,0.810044186
63.8799997,0.587333148,6.98277611e-09,0.809345275
63.8899997,0.588295386,6.93864942e-09,0.808646115
63.8999997,0.589255528,6.89842084e-09,0.807946733
63.9099997,0.59021364,6.86029232e-09,0.807247087
63.9199997,0.59116971,6.82424815e-09,0.806547193
63.9299997,0.592123716,6.79354834e-09,0.805847073
63.9399997,0.593075573,6.76674107e-09,0.805146797
63.9499997,0.594025217,6.74239994e-09,0.804446419
63.9599997,0.594973111,6.71994734e-09,0.803745604
63.9699997,0.595919454,6.69680424e-09,0.803044211
63.9799997,0.596864344,6.672463e-09,0.802342168
63.9899997,0.597807729,6.64620814e-09,0.801639519
63.9999997,0.598749477,6.61795351e-09,0.800936367
64.0099997,0.599689635,6.58986771e-09,0.80023268
64.0199997,0.600628116,6.5632137e-09,0.799528527
64.0299997,0.601564318,6.53467842e-09,0.798824368
64.0399997,0.60249803,6.50417316e-09,0.798120369
64.0499997,0.603429766,6.48050763e-09,0.797416151
64.0599997,0.60435968,6.46546523e-09,0.796711602
64.0699997,0.605287772,6.45539043e-09,0.796006729
64.0799997,0.606214022,6.4459792e-09,0.795301553
64.0899997,0.607138467,6.43521119e-09,0.79459605
64.0999997,0.608060602,6.42307436e-09,0.793890612
64.1099997,0.608979828,6.40921015e-09,0.793185709
64.1199997,0.609896237,6.39383495e-09,0.792481281
64.1299997,0.610809941,6.37670521e-09,0.791777251
64.1399997,0.611721424,6.3606889e-09,0.791073258
64.1499997,0.612630856,6.34530748e-09,0.790369176
64.1599997,0.613538196,6.32842201e-09,0.789665044
64.1699997,0.614443384,6.30779753e-09,0.788960917
64.1799997,0.615346132,6.28713444e-09,0.788257025
64.1899997,0.616246087,6.26891524e-09,0.787553655
64.1999997,0.617143744,6.24619706e-09,0.78685043
64.2099997,0.618039384,6.21942352e-09,0.786147136
64.2199997,0.618933282,6.192476e-09,0.785443564
64.2299997,0.619825533,6.16628507e-09,0.784739644
64.2399997,0.620716168,6.13871019e-09,0.784035356
64.2499997,0.621605302,6.10966139e-09,0.783330613
64.2599997,0.622492915,6.07908668e-09,0.782625434
64.2699997,0.6233788,6.04518202e-09,0.781919991
64.2799997,0.624263072,6.01114277e-09,0.781214194
64.2899997,0.62514572,5.97869575e-09,0.780508058
64.2999997,0.626026456,5.94530177e-09,0.779801819
64.3099997,0.626905457,5.9122098e-09,0.77909534
64.3199997,0.627782824,5.87991762e-09,0.778388544
64.3299997,0.628658495,5.8477385e-09,0.777681488
64.3399997,0.629532325,5.81644165e-09,0.776974293
64.3499997,0.630404575,5.78899727e-09,0.776266753
64.3599997,0.631275232,5.76476627e-09,0.775558883
64.3699997,0.632144114,5.74090372e-09,0.774850837
64.3799997,0.633011315,5.71729895e-09,0.774142542
64.3899997,0.633876941,5.6957814e-09,0.773433917
64.3999997,0.634741072,5.67566275e-09,0.772724901
64.4099997,0.635603745,5.65554991e-09,0.772015466
64.4199997,0.636464916,5.63513924e-09,0.771305653
64.4299997,0.637324513,5.61489854e-09,0.770595527
64.4399997,0.638182465,5.5941183e-09,0.769885148
64.4499997,0.639038689,5.57462192e-09,0.769174593
64.4599997,0.63989318,5.55774123e-09,0.768463869
64.4699997,0.640745913,5.54063179e-09,0.767753004
64.4799997,0.64159694,5.5229016e-09,0.767041959
64.4899997,0.642446362,5.50379375e-09,0.766330655
64.4999997,0.643294139,5.48256016e-09,0.765619129
64.5099997,0.644140316,5.45992452e-09,0.764907349
64.5199997,0.644984979,5.43753682e-09,0.764195248
64.5299997,0.64582797,5.41645419e-09,0.763482962
64.5399997,0.646669238,5.39524291e-09,0.76277054
64.5499997,0.647508771,5.37286335e-09,0.762057997
64.5599997,0.648346672,5.34829529e-09,0.761345253
64.5699997,0.649182896,5.32171862e-09,0.760632347
64.5799997,0.650017307,5.29456378e-09,0.759919404
64.5899997,0.650849999,5.26680268e-09,0.759206348
64.5999997,0.651680506,5.23738978e-09,0.758493584
64.6099997,0.652508171,5.20473551e-09,0.757781688
64.6199997,0.65333348,5.17058189e-09,0.75707025
64.6299997,0.654156643,5.13711338e-09,0.756359099
64.6399997,0.654977469,5.10491812e-09,0.755648407
64.6499997,0.655796203,5.07466748e-09,0.754937971
64.6599997,0.656613074,5.04616251e-09,0.754227599
64.6699997,0.657427908,5.01932127e-09,0.753517449
64.6799997,0.658240596,4.99359573e-09,0.752807623
64.6899997,0.659051416,4.96839661e-09,0.752097886
64.6999997,0.65986057,4.94314616e-09,0.751388067
64.7099997,0.660668244,4.9185776e-09,0.750678008
64.7199997,0.66147449,4.89446227e-09,0.749967666
64.7299997,0.66227928,4.87063372e-09,0.749257069
64.7399997,0.663082622,4.84686793e-09,0.748546216
64.7499997,0.663884435,4.82263163e-09,0.747835181
64.7599997,0.664684857,4.79966329e-09,0.747123846
64.7699997,0.665484001,4.77815194e-09,0.746412114
64.7799997,0.666281869,4.75676014e-09,0.745699987
64.7899997,0.667078401,4.73582062e-09,0.744987521
64.7999997,0.667873461,4.71632708e-09,0.744274842
64.8099997,0.668666723,4.69727043e-09,0.743562246
64.8199997,0.669458202,4.67833429e-09,0.742849726
64.8299997,0.670247958,4.66031367e-09,0.742137235
64.8399997,0.671035863,4.64194113e-09,0.741424892
64.8499997,0.671821589,4.62450195e-09,0.740713003
64.8599997,0.672605504,4.61034651e-09,0.740001241
64.8699997,0.673387699,4.59714008e-09,0.739289529
64.8799997,0.674168173,4.5835568e-09,0.738577873
64.8899997,0.674946841,4.5706128e-09,0.737866358
64.8999997,0.675723877,4.55674568e-09,0.737154829
64.9099997,0.676499283,4.54187409e-09,0.736443291
64.9199997,0.677273151,4.52762651e-09,0.735731662
64.9299997,0.678045482,4.51440274e-09,0.735019949
64.9399997,0.678816321,4.50093719e-09,0.734308111
64.9499997,0.679585508,4.48753803e-09,0.733596304
64.9599997,0.68035311,4.47513e-09,0.732884469
64.9699997,0.681119359,4.46291205e-09,0.732172397
64.9799997,0.681884349,4.4501148e-09,0.731460002
64.9899997,0.68264795,4.43720594e-09,0.73074741
64.9999997,0.68340992,4.42648805e-09,0.730034849
65.0099997,0.684170175,4.41896299e-09,0.729322405
65.0199997,0.684928728,4.41340263e-09,0.728610072
65.0299997,0.685685754,4.40484881e-09,0.727897689
65.0399997,0.686441331,4.39316743e-09,0.727185189
65.0499997,0.687195318,4.38009007e-09,0.726472707
65.0599997,0.687947514,4.36597908e-09,0.725760441
65.0699997,0.688697612,4.35323425e-09,0.725048688
65.0799997,0.689445851,4.34445893e-09,0.724337227
65.0899997,0.690192359,4.33895959e-09,0.723625945
65.0999997,0.690936975,4.33466914e-09,0.722915
65.1099997,0.691679857,4.32941189e-09,0.722204247
65.1199997,0.692421244,4.32309984e-09,0.721493466
65.1299997,0.693161069,4.31764923e-09,0.720782722
65.1399997,0.69389927,4.31274399e-09,0.720072082
65.1499997,0.694635797,4.30882915e-09,0.719361599
65.1599997,0.695370346,4.30637047e-09,0.718651572
65.1699997,0.696103032,4.30425201e-09,0.717941898
65.1799997,0.696834223,4.29909804e-09,0.717232226
65.1899997,0.69756396,4.28995514e-09,0.71652252
65.1999997,0.698292144,4.27564925e-09,0.715812882
65.2099997,0.699018889,4.25827261e-09,0.715103204
65.2199997,0.699744054,4.23786778e-09,0.71439363
65.2299997,0.700467586,4.215175e-09,0.713684217
65.2399997,0.701189687,4.19104206e-09,0.71297477
65.2499997,0.701910336,4.16521641e-09,0.712265316
65.2599997,0.702629521,4.13943828e-09,0.71155587
65.2699997,0.703347352,4.11378387e-09,0.710846328
65.2799997,0.704063643,4.08727475e-09,0.710136879
65.2899997,0.704778071,4.06210861e-09,0.709427847
65.2999997,0.705490768,4.0411071e-09,0.708719109
65.3099997,0.706201876,4.02222579e-09,0.70801053
65.3199997,0.706911385,4.00277653e-09,0.707302123
65.3299997,0.707619501,3.98533388e-09,0.706593689
65.3399997,0.708326187,3.97217473e-09,0.705885269
65.3499997,0.709031184,3.96255363e-09,0.705177127
65.3599997,0.709734692,3.9536654e-09,0.704469067
65.3699997,0.710436704,3.94384588e-09,0.703761103
65.3799997,0.711137194,3.93347543e-09,0.703053263
65.3899997,0.711836049,3.92219131e-09,0.70234567
65.3999997,0.71253302,3.91144047e-09,0.701638579
65.4099997,0.713228302,3.90098576e-09,0.700931801
65.4199997,0.713922171,3.8901214e-09,0.700225059
65.4299997,0.714614749,3.8781269e-09,0.699518234
65.4399997,0.715305913,3.86396749e-09,0.698811456
65.4499997,0.71599566,3.84893748e-09,0.69810473
65.4599997,0.716683956,3.83250317e-09,0.697398098
65.4699997,0.717370534,3.81388083e-09,0.696691838
65.4799997,0.718055541,3.79797038e-09,0.695985804
65.4899997,0.718739124,3.78548729e-09,0.695279851
65.4999997,0.71942122,3.77564134e-09,0.694574048
65.5099997,0.720101989,3.7686779e-09,0.693868234
65.5199997,0.720781465,3.765564e-09,0.693162376
65.5299997,0.721459384,3.7642699e-09,0.692456755
65.5399997,0.722135561,3.76039423e-09,0.691751567
65.5499997,0.722810192,3.75844692e-09,0.691046617
65.5599997,0.723483251,3.75933869e-09,0.690341933
65.5699997,0.724154881,3.76093663e-09,0.689637374
65.5799997,0.724825187,3.76189352e-09,0.688932833
65.5899997,0.725494146,3.76141928e-09,0.688228337
65.5999997,0.726161775,3.76146165e-09,0.687523874
65.6099997,0.726827901,3.7621918e-09,0.686819628
65.6199997,0.727492326,3.76491356e-09,0.686115818
65.6299997,0.728154629,3.76809035e-09,0.685412895
65.6399997,0.728815033,3.76994495e-09,0.68471063
65.6499997,0.729473808,3.7714079e-09,0.684008746
65.6599997,0.730131091,3.77322815e-09,0.683307098
65.6699996,0.730786972,3.774069e-09,0.682605597
65.6799996,0.731441383,3.77310803e-09,0.681904321
65.6899996,0.732094244,3.77114074e-09,0.68120336
65.6999996,0.732745541,3.76870198e-09,0.680502735
65.7099996,0.733395291,3.76624928e-09,0.679802433
65.7199996,0.734043644,3.76505596e-09,0.679102296
65.7299996,0.734690725,3.76503975e-09,0.678402195
65.7399996,0.735336561,3.76524859e-09,0.677702104
65.7499996,0.735981126,3.76547277e-09,0.677002055
65.7599996,0.736624321,3.76493506e-09,0.676302159
65.7699996,0.737265996,3.76178748e-09,0.675602584
65.7799996,0.737906262,3.75723951e-09,0.674903214
65.7899996,0.738545249,3.75287334e-09,0.674203913
65.7999996,0.73918294,3.74772269e-09,0.6735047
65.8099996,0.739819237,3.74127272e-09,0.67280569
65.8199996,0.740454349,3.73680909e-09,0.672106656
65.8299996,0.741088232,3.73305187e-09,0.67140765
65.8399996,0.741720505,3.7267949e-09,0.670709097
65.8499996,0.742351214,3.72099451e-09,0.670010952
65.8599996,0.742980731,3.72089571e-09,0.669312806
65.8699996,0.743608921,3.72536216e-09,0.668614816
65.8799996,0.744235276,3.7299335e-09,0.66791755
65.8899996,0.744859907,3.73177946e-09,0.667220892
65.8999996,0.74548287,3.73027158e-09,0.666524786
65.9099996,0.746104154,3.72823457e-09,0.665829251
65.9199996,0.74672371,3.72799264e-09,0.665134349
65.9299996,0.74734179,3.73113658e-09,0.664439801
65.9399996,0.747958494,3.73675495e-09,0.663745502
65.9499996,0.748573882,3.74321008e-09,0.663051388
65.9599996,0.749188076,3.75035817e-09,0.662357326
65.9699996,0.749801122,3.75804685e-09,0.661663266
65.9799996,0.750413014,3.76616007e-09,0.660969219
65.9899996,0.751023668,3.77492672e-09,0.660275283
65.9999996,0.751633127,3.78394318e-09,0.659581414
66.0099996,0.752241483,3.79169481e-09,0.658887511
66.0199996,0.75284873,3.79723698e-09,0.65819358
66.0299996,0.753454981,3.80371692e-09,0.657499499
66.0399996,0.754060254,3.81133435e-09,0.656805248
66.0499996,0.754664498,3.81879909e-09,0.656110887
66.0599996,0.755267564,3.82772733e-09,0.655416591
66.0699996,0.755869174,3.8402921e-09,0.654722683
66.0799996,0.756469522,3.85620389e-09,0.654028946
66.0899996,0.757068726,3.87571486e-09,0.653335246
66.0999996,0.757666872,3.89841891e-09,0.652641488
66.1099996,0.758263836,3.92285666e-09,0.651947816
66.1199996,0.758859435,3.94659822e-09,0.651254449
66.1299996,0.759453627,3.97007251e-09,0.650561441
66.1399996,0.760046315,3.99922572e-09,0.649868909
66.1499996,0.760636984,4.03077314e-09,0.649177464
66.1599996,0.761225704,4.06291844e-09,0.64848703
66.1699996,0.761812789,4.09642564e-09,0.647797248
66.1799996,0.762398458,4.13148279e-09,0.647107867
66.1899996,0.762982641,4.16506142e-09,0.646418974
66.1999996,0.763565352,4.19787313e-09,0.645730558
66.2099996,0.76414679,4.23284029e-09,0.645042389
66.2199996,0.764726913,4.26928741e-09,0.644354521
66.2299996,0.765305642,4.30511897e-09,0.643667052
66.2399996,0.765882944,4.34233356e-09,0.642980027
66.2499996,0.766458747,4.38228029e-09,0.642293538
66.2599996,0.767033272,4.42187299e-09,0.641607325
66.2699996,0.767606576,4.459257e-09,0.640921325
66.2799996,0.768178568,4.49418721e-09,0.64023565
66.2899996,0.76874927,4.52888173e-09,0.639550279
66.2999996,0.769318749,4.56441753e-09,0.638865137
66.3099996,0.769886988,4.60095962e-09,0.638180245
66.3199996,0.770453883,4.64024054e-09,0.637495736
66.3299996,0.771019343,4.68162741e-09,0.636811725
66.3399996,0.771583442,4.72127767e-09,0.636128125
66.3499996,0.772146246,4.75779805e-09,0.635444863
66.3599996,0.772707615,4.79139608e-09,0.634762115
66.3699996,0.773267502,4.82123376e-09,0.634079941
66.3799996,0.773825999,4.84607874e-09,0.633398235
66.3899996,0.774383252,4.86955181e-09,0.632716824
66.3999996,0.774939405,4.8937268e-09,0.632035536
66.4099996,0.775494526,4.91701431e-09,0.631354291
66.4199996,0.776048567,4.93849208e-09,0.630673149
66.4299996,0.776601479,4.96144044e-09,0.629992177
66.4399996,0.777153189,4.98491904e-09,0.629311466
66.4499996,0.77770364,5.0075485e-09,0.628631091
66.4599996,0.778252944,5.03163647e-09,0.627950918
66.4699996,0.77880126,5.05672722e-09,0.627270753
66.4799996,0.779348519,5.08095818e-09,0.626590684
66.4899996,0.779894534,5.10238936e-09,0.625910949
66.4999996,0.780439396,5.12309656e-09,0.625231437
66.5099996,0.780983216,5.14509109e-09,0.624552012
66.5199996,0.781525944,5.1685932e-09,0.623872743
66.5299996,0.782067635,5.19417258e-09,0.623193561
66.5399996,0.782608195,5.21686843e-09,0.622514588
66.5499996,0.78314741,5.23364902e-09,0.621836099
66.5599996,0.783685452,5.25046449e-09,0.621157881
66.5699996,0.784222318,5.26708212e-09,0.62047994
66.5799996,0.784757964,5.28669676e-09,0.619802338
66.5899996,0.785292485,5.30909464e-09,0.619124957
66.5999996,0.785826023,5.33498613e-09,0.618447622
66.6099996,0.786358615,5.36376708e-09,0.617770288
66.6199996,0.786890268,5.39187972e-09,0.617092948
66.6299996,0.787420955,5.41756224e-09,0.616415638
66.6399996,0.787950772,5.44202639e-09,0.61573824
66.6499996,0.788479759,5.46595813e-09,0.615060703
66.6599996,0.78900787,5.48912886e-09,0.61438309
66.6699996,0.789535027,5.51135241e-09,0.6137055
66.6799996,0.790060947,5.52667335e-09,0.613028303
66.6899996,0.790585305,5.53205374e-09,0.612351922
66.6999996,0.791108358,5.5414746e-09,0.61167603
66.7099996,0.79163029,5.55597062e-09,0.611000397
66.7199996,0.792151016,5.57116507e-09,0.610325132
66.7299996,0.79267056,5.58622145e-09,0.609650213
66.7399996,0.793189023,5.60123653e-09,0.608975512
66.7499996,0.79370644,5.61571711e-09,0.608300983
66.7599996,0.794222739,5.62822528e-09,0.607626729
66.7699996,0.794737646,5.63450945e-09,0.606953107
66.7799996,0.795251049,5.63325652e-09,0.606280272
66.7899996,0.795762759,5.62973593e-09,0.605608481
66.7999996,0.796272475,5.62861011e-09,0.604938134
66.8099996,0.796780501,5.62833075e-09,0.604268842
66.8199996,0.797287029,5.62853401e-09,0.60360036
66.8299996,0.797792247,5.63049507e-09,0.602932443
66.8399996,0.798296234,5.63527276e-09,0.602264994
66.8499996,0.798799028,5.64264395e-09,0.601597966
66.8599996,0.799300588,5.64992527e-09,0.600931419
66.8699996,0.799800949,5.65539941e-09,0.600265309
66.8799996,0.800299981,5.65881865e-09,0.599599817
66.8899996,0.800797277,5.65988693e-09,0.59893549
66.8999996,0.801292921,5.66123514e-09,0.598272225
66.9099996,0.801786959,5.6644719e-09,0.597609967
66.9199996,0.80227937,5.66706041e-09,0.596948751
66.9299996,0.80277043,5.66771521e-09,0.596288216
66.9399996,0.803260279,5.66657879e-09,0.595628176
66.9499996,0.803748995,5.66520764e-09,0.594968531
66.9599996,0.804236563,5.665953e-09,0.594309305
66.9699996,0.804723122,5.67069614e-09,0.593650315
66.9799996,0.80520875,5.6765382e-09,0.592991458
66.9899996,0.805693448,5.67992199e-09,0.592332735
66.9999996,0.806177302,5.68373902e-09,0.591674029
67.0099996,0.806660258,5.68791782e-09,0.591015422
67.0199996,0.807142103,5.69054415e-09,0.590357201
67.0299996,0.807622848,5.69222579e-09,0.58969936
67.0399996,0.808102626,5.69536823e-09,0.589041718
67.0499996,0.808581507,5.69985521e-09,0.588384183
67.0599996,0.809059505,5.70472476e-09,0.587726736
67.0699996,0.809536672,5.71073432e-09,0.587069311
67.0799996,0.810012927,5.71735796e-09,0.58641202
67.0899996,0.810488196,5.72438849e-09,0.585754969
67.0999996,0.810962412,5.73184729e-09,0.585098254
67.1099996,0.811435581,5.74074016e-09,0.584441868
67.1199996,0.811907737,5.75016304e-09,0.583785771
67.1299996,0.812378764,5.75860481e-09,0.583130126
67.1399996,0.812848708,5.76680571e-09,0.582474873
67.1499996,0.81331759,5.77237445e-09,0.581819987
67.1599996,0.813785332,5.77634257e-09,0.581165581
67.1699996,0.814251953,5.78061034e-09,0.580511634
67.1799996,0.814717473,5.7850089e-09,0.57985812
67.1899996,0.815181878,5.78916837e-09,0.579205063
67.1999996,0.815645322,5.79459846e-09,0.578552253
67.2099996,0.816107717,5.80070352e-09,0.577899813
67.2199996,0.816568739,5.8057111e-09,0.577248209
67.2299996,0.817028463,5.8102691e-09,0.576597339
67.2399996,0.817487146,5.81554133e-09,0.575946843
67.2499996,0.817944915,5.82203396e-09,0.575296546
67.2599996,0.818401618,5.82871341e-09,0.574646667
67.2699996,0.8188571,5.833221e-09,0.573997431
67.2799996,0.819311269,5.8373762e-09,0.573348972
67.2899996,0.819763897,5.84420112e-09,0.572701627
67.2999996,0.820215261,5.85235423e-09,0.572055002
67.3099996,0.820665372,5.86023429e-09,0.571409089
67.3199996,0.821114267,5.87174032e-09,0.570763839
67.3299996,0.821562037,5.88517233e-09,0.570119128
67.3399996,0.822008504,5.89821303e-09,0.569475214
67.3499996,0.82245367,5.91164273e-09,0.568832103
67.3599996,0.822897737,5.9265389e-09,0.568189505
67.3699996,0.823340795,5.94264552e-09,0.567547298
67.3799996,0.823782651,5.95858826e-09,0.566905763
67.3899996,0.824223115,5.97550076e-09,0.566265183
67.3999996,0.824662411,5.99413119e-09,0.565625236
67.4099996,0.825100715,6.0135735e-09,0.564985673
67.4199996,0.825538016,6.0334703e-09,0.56434651
67.4299996,0.825974271,6.05511257e-09,0.563707818
67.4399996,0.826409473,6.07700119e-09,0.563069608
67.4499996,0.826843723,6.09814118e-09,0.562431735
67.4599996,0.827277051,6.11833814e-09,0.561794162
67.4699996,0.82770941,6.13649113e-09,0.561156959
67.4799996,0.828140766,6.15232291e-09,0.560520179
67.4899996,0.82857119,6.16825337e-09,0.559883723
67.4999996,0.829000669,6.18405856e-09,0.559247611
67.5099996,0.82942923,6.19853242e-09,0.558611809
67.5199996,0.829856864,6.21066994e-09,0.55797633
67.5299996,0.830283542,6.22029499e-09,0.557341224
67.5399996,0.830709256,6.22778216e-09,0.556706505
67.5499996,0.831134093,6.23371208e-09,0.556072045
67.5599996,0.831558155,6.23969458e-09,0.555437696
67.5699996,0.831981427,6.2454554e-09,0.554803484
67.5799996,0.832403911,6.25084043e-09,0.554169405
67.5899996,0.832825633,6.25581298e-09,0.553535424
67.5999996,0.833246591,6.26027662e-09,0.552901546
67.6099996,0.833666762,6.26398379e-09,0.552267806
67.6199996,0.834086052,6.26681005e-09,0.551634352
67.6299996,0.834504538,6.26914001e-09,0.551001067
67.6399996,0.834922309,6.27139495e-09,0.550367821
67.6499996,0.835339385,6.27376133e-09,0.549734584
67.6599996,0.835755744,6.27611106e-09,0.54910139
67.6699996,0.836171411,6.27802089e-09,0.548468204
67.6799996,0.836586388,6.27929735e-09,0.547835026
67.6899996,0.837000657,6.27945367e-09,0.547201882
67.6999996,0.837414026,6.27813053e-09,0.546569071
67.7099996,0.837826403,6.27265662e-09,0.545936735
67.7199996,0.838237883,6.26540096e-09,0.545304732
67.7299996,0.838648415,6.25882568e-09,0.544673147
67.7399996,0.839058052,6.25037104e-09,0.544041897
67.7499996,0.839466919,6.24039939e-09,0.543410794
67.7599996,0.839875051,6.22884477e-09,0.542779788
67.7699996,0.840282489,6.21505114e-09,0.542148816
67.7799996,0.840689227,6.19809758e-09,0.541517889
67.7899996,0.841095242,6.17942088e-09,0.540887043
67.7999996,0.841500516,6.1621838e-09,0.540256311
67.8099996,0.841905045,6.14670616e-09,0.539625699
67.8199996,0.842308867,6.13172099e-09,0.538995152
67.8299996,0.842712014,6.11651165e-09,0.538364617
67.8399996,0.843114466,6.1011092e-09,0.537734132
67.8499996,0.843516177,6.0842994e-09,0.53710377
67.8599996,0.843917199,6.06553121e-09,0.536473449
67.8699996,0.844317552,6.04612476e-09,0.53584314
67.8799996,0.844717136,6.02864486e-09,0.535213004
67.8899996,0.845115846,6.01221005e-09,0.534583208
67.8999996,0.845513644,5.99416059e-09,0.533953816
67.9099996,0.845910222,5.9760102e-09,0.533325319
67.9199996,0.846305526,5.95981336e-09,0.532697811
67.9299996,0.846699774,5.9494397e-09,0.532070947
67.9399996,0.847093127,5.94418755e-09,0.531444479
67.9499996,0.847485622,5.94027282e-09,0.530818349
67.9599996,0.847877064,5.93454277e-09,0.530192875
67.9699996,0.848267364,5.92653066e-09,0.5295682
67.9799996,0.848656662,5.91914416e-09,0.528944109
67.9899996,0.849045105,5.91318951e-09,0.528320366
67.9999996,0.849432717,5.90681373e-09,0.527696938
68.0099996,0.849819325,5.89682607e-09,0.527074108
68.0199996,0.850204806,5.88561338e-09,0.526452076
68.0299996,0.850589342,5.87850827e-09,0.525830554
68.0399996,0.850973021,5.87321255e-09,0.525209404
68.0499996,0.851355812,5.86754357e-09,0.524588679
68.0599996,0.851737673,5.86136202e-09,0.523968449
68.0699996,0.852118509,5.85431789e-09,0.523348876
68.0799996,0.85249824,5.84631343e-09,0.522730093
68.0899996,0.852876976,5.83998177e-09,0.522111926
68.0999996,0.853254836,5.83849422e-09,0.521494184
68.1099996,0.853631909,5.83987348e-09,0.520876727
68.1199996,0.854008197,5.84157281e-09,0.520259551
68.1299996,0.854383684,5.84259774e-09,0.519642686
68.1399996,0.854758427,5.84458443e-09,0.51902604
68.1499996,0.855132417,5.84720746e-09,0.518409634
68.1599996,0.855505618,5.84821754e-09,0.517793527
68.1699996,0.855878078,5.84787585e-09,0.517177645
68.1799996,0.856249844,5.8480241e-09,0.516561907
68.1899996,0.856620763,5.85030444e-09,0.515946574
68.1999996,0.856990562,5.85709279e-09,0.515332103
68.2099996,0.857359321,5.86596589e-09,0.514718364
68.2199996,0.857727257,5.87385472e-09,0.514105002
68.2299996,0.858094419,5.88001341e-09,0.513491936
68.2399996,0.858460854,5.88336715e-09,0.512879091
68.2499996,0.858826628,5.88515726e-09,0.512266359
68.2599996,0.859191774,5.88546029e-09,0.511653687
68.2699996,0.859556244,5.88335587e-09,0.511041156
68.2799996,0.859919917,5.87788596e-09,0.510428973
68.2899996,0.860282791,5.86926933e-09,0.509817143
68.2999996,0.860644942,5.85983434e-09,0.509205543
68.3099996,0.861006361,5.85055352e-09,0.508594187
68.3199996,0.861367059,5.83954611e-09,0.507983061
68.3299996,0.861727091,5.8276255e-09,0.507372072
68.3399996,0.862086452,5.81447308e-09,0.506761234
68.3499996,0.862445156,5.79994546e-09,0.506150523
68.3599996,0.862803215,5.78427425e-09,0.505539922
68.3699996,0.86316054,5.76702924e-09,0.504929581
68.3799996,0.863517093,5.749161e-09,0.504319571
68.3899996,0.863872844,5.73068992e-09,0.503709945
68.3999996,0.864227696,5.71106345e-09,0.503100874
68.4099996,0.864581706,5.69079041e-09,0.502492262
68.4199996,0.864934888,5.6678661e-09,0.50188409
68.4299996,0.865287109,5.64143105e-09,0.50127659
68.4399996,0.865638511,5.61741326e-09,0.50066952
68.4499996,0.8659891,5.59521943e-09,0.500062875
68.4599996,0.86633883,5.57451147e-09,0.499456736
68.4699996,0.866687787,5.55533997e-09,0.498850959
68.4799996,0.867035988,5.5382761e-09,0.498245517
68.4899996,0.867383368,5.52347947e-09,0.497640526
68.4999996,0.867729987,5.50934045e-09,0.497035883
68.5099996,0.868075923,5.49493912e-09,0.496431458
68.5199996,0.868421207,5.48186454e-09,0.495827195
68.5299996,0.868765781,5.46996859e-09,0.4952232
68.5399996,0.8691096,5.45851405e-09,0.494619554
68.5499996,0.869452732,5.44828921e-09,0.494016141
68.5599996,0.869795217,5.43948321e-09,0.49341289
68.5699996,0.870136838,5.43215214e-09,0.492810189
68.5799996,0.870477183,5.42610404e-09,0.492208771
68.5899996,0.87081649,5.41904972e-09,0.491608219
68.5999996,0.871154975,5.40990791e-09,0.491008156
68.6099996,0.871492661,5.39902576e-09,0.490408545
68.6199996,0.871829477,5.39007534e-09,0.489809517
68.6299996,0.872165389,5.38218793e-09,0.489211134
68.6399996,0.872500518,5.37532033e-09,0.488613186
68.6499996,0.87283476,5.36821146e-09,0.488015863
68.6599996,0.873167858,5.35946819e-09,0.487419625
68.6699996,0.873500015,5.35218911e-09,0.48682412
68.6799996,0.873831393,5.34830401e-09,0.486229057
68.6899996,0.874162007,5.34668088e-09,0.485634416
68.6999996,0.874491806,5.34354501e-09,0.485040288
68.7099996,0.874820658,5.33644024e-09,0.484446918
68.7199996,0.875148352,5.32923505e-09,0.483854692
68.7299996,0.875474845,5.3236357e-09,0.483263692
68.7399996,0.875800299,5.31961117e-09,0.482673633
68.7499996,0.876124775,5.31559689e-09,0.482084411
68.7599996,0.876448331,5.3143355e-09,0.481495922
68.7699996,0.876770985,5.31620159e-09,0.48090814
68.7799996,0.877092812,5.31998919e-09,0.480320933
68.7899996,0.877413818,5.32294366e-09,0.479734293
68.7999996,0.877733934,5.32324863e-09,0.479148349
68.8099996,0.878053023,5.3232862e-09,0.47856336
68.8199996,0.878371119,5.32613457e-09,0.477979265
68.8299996,0.878688323,5.33042041e-09,0.477395885
68.8399996,0.879004769,5.33371054e-09,0.476812979
68.8499996,0.879320428,5.33450664e-09,0.476230601
68.8599996,0.879635216,5.33601497e-09,0.475648912
68.8699996,0.879949154,5.33953009e-09,0.475067876
68.8799996,0.880262266,5.34489542e-09,0.474487454
68.8899996,0.880574636,5.35112573e-09,0.473907492
68.8999996,0.880886262,5.35795643e-09,0.473327998
68.9099996,0.881197193,5.36511258e-09,0.472748884
68.9199996,0.881507428,5.37223801e-09,0.472170153
68.9299996,0.881817016,5.37997895e-09,0.471591721
68.9399996,0.882126004,5.38848811e-09,0.471013496
68.9499996,0.88243441,5.39726159e-09,0.470435449
68.9599996,0.882742269,5.40567045e-09,0.469857518
68.9699996,0.883049607,5.41388762e-09,0.469279651
68.9799996,0.88335644,5.42192403e-09,0.468701825
68.9899996,0.883662768,5.42970759e-09,0.468124035
68.9999996,0.883968563,5.43721396e-09,0.46754634
69.0099996,0.884273782,5.44436392e-09,0.46696882
69.0199996,0.884578446,5.45142311e-09,0.466391438
69.0299996,0.884882492,5.4603789e-09,0.465814314
69.0399996,0.885185798,5.4736163e-09,0.465237684
69.0499996,0.885488508,5.48878825e-09,0.464661277
69.0599996,0.885790691,5.50288284e-09,0.464084961
69.0699996,0.886092328,5.51523083e-09,0.463508777
69.0799996,0.886393474,5.52672497e-09,0.462932618
69.0899996,0.886694163,5.53762033e-09,0.462356422
69.0999996,0.886994365,5.54645103e-09,0.461780248
69.1099996,0.887294031,5.55202449e-09,0.461204187
69.1199996,0.887593219,5.55726113e-09,0.460628134
69.1299996,0.887891914,5.5629635e-09,0.460052115
69.1399996,0.888189896,5.5681723e-09,0.459476559
69.1499996,0.888486964,5.5718135e-09,0.458901857
69.1599996,0.88878327,5.57478384e-09,0.458327721
69.1699996,0.889078917,5.57761527e-09,0.457753951
69.1799996,0.889373971,5.58023913e-09,0.457180424
69.1899996,0.889668425,5.58163157e-09,0.456607155
69.1999996,0.889962287,5.58135285e-09,0.45603413
69.2099996,0.890255544,5.58118786e-09,0.455461377
69.2199996,0.890548136,5.58061119e-09,0.454889017
69.2299996,0.890840104,5.57947225e-09,0.45431697
69.2399996,0.891131517,5.57800949e-09,0.453745104
69.2499996,0.891422321,5.57631439e-09,0.453173527
69.2599996,0.891712354,5.57532469e-09,0.452602561
69.2699996,0.892001655,5.57576005e-09,0.452032131
69.2799996,0.892290306,5.57570961e-09,0.45146208
69.2899996,0.892578296,5.57447486e-09,0.450892432
69.2999996,0.892865661,5.57247191e-09,0.450323119
69.3099996,0.89315243,5.56947958e-09,0.449754085
69.3199996,0.893438578,5.56499661e-09,0.449185382
69.3299996,0.893724119,5.56018639e-09,0.448616985
69.3399996,0.894009024,5.55501072e-09,0.448048955
69.3499996,0.894293306,5.54935937e-09,0.447481266
69.3599996,0.894576954,5.5427415e-09,0.446913944
69.3699996,0.894860011,5.53597851e-09,0.446346906
69.3799996,0.895142436,5.52964879e-09,0.445780236
69.3899996,0.89542424,5.52387784e-09,0.445213916
69.3999996,0.895705505,5.51843607e-09,0.44464778
69.4099996,0.89598627,5.51218078e-09,0.444081753
69.4199996,0.896266506,5.50335132e-09,0.443515896
69.4299996,0.896546088,5.49211592e-09,0.442950463
69.4399996,0.896824867,5.47973081e-09,0.442385758
69.4499996,0.897102876,5.47022393e-09,0.441821717
69.4599996,0.897380277,5.46580502e-09,0.441258018
69.4699996,0.897657124,5.46379683e-09,0.440694551
69.4799996,0.897933456,5.46238152e-09,0.44013124
69.4899996,0.898209246,5.46085354e-09,0.439568141
69.4999996,0.898484436,5.45926678e-09,0.439005373
69.5099996,0.898759091,5.45841346e-09,0.438442808
69.5199996,0.899033251,5.45819151e-09,0.437880365
69.5299996,0.899306905,5.45714967e-09,0.437318065
69.5399996,0.899580023,5.45392676e-09,0.436755976
69.5499996,0.899852561,5.44984304e-09,0.436194187
69.5599996,0.90012456,5.44601871e-09,0.435632617
69.5699996,0.900396039,5.44390441e-09,0.435071228
69.5799996,0.900666916,5.44350005e-09,0.434510192
69.5899996,0.900937243,5.44454095e-09,0.433949403
69.5999996,0.901207071,5.44706805e-09,0.433388757
69.6099996,0.901476322,5.44953116e-09,0.43282842
69.6199996,0.901744839,5.44764557e-09,0.432268719
69.6299996,0.902012664,5.44227693e-09,0.431709571
69.6399996,0.902279909,5.43859214e-09,0.431150746
69.6499996,0.902546624,5.43724061e-09,0.430592141
69.6599996,0.902812827,5.4368597e-09,0.43003372
69.6699996,0.903078502,5.43531583e-09,0.429475517
69.6799996,0.903343576,5.43143109e-09,0.428917689
69.6899996,0.903608023,5.4282164e-09,0.428360293
69.6999996,0.903871873,5.42548103e-09,0.42780327
69.7099996,0.904135057,5.42237716e-09,0.427246766
69.7199996,0.904397524,5.42010274e-09,0.426690893
69.7299996,0.904659309,5.41658294e-09,0.426135582
69.7399996,0.904920519,5.41355929e-09,0.425580609
69.7499996,0.905181198,5.41148885e-09,0.425025879
69.7599996,0.90544136,5.4101376e-09,0.424471369
69.7699996,0.905701,5.40920604e-09,0.423917088
69.7799996,0.905960117,5.40845501e-09,0.423363043
69.7899996,0.906218684,5.40764415e-09,0.422809291
69.7999996,0.906476717,5.40710917e-09,0.422255802
69.8099996,0.906734185,5.40701233e-09,0.421702642
69.8199996,0.906991125,5.40757971e-09,0.421149735
69.8299996,0.907247583,5.40848272e-09,0.420596983
69.8399996,0.907503558,5.40998303e-09,0.420044393
69.8499996,0.907759101,5.41165595e-09,0.419491852
69.8599996,0.908014208,5.41256708e-09,0.418939372
69.8699996,0.908268836,5.41331265e-09,0.418387048
69.8799996,0.908522946,5.41371457e-09,0.417834964
69.8899996,0.908776504,5.41460919e-09,0.417283197
69.8999996,0.909029399,5.41758664e-09,0.41673199
69.9099996,0.909281661,5.42213133e-09,0.416181283
69.9199996,0.909533363,5.42674489e-09,0.41563092
69.9299996,0.909784573,5.43027963e-09,0.415080753
69.9399996,0.910035301,5.43239999e-09,0.41453076
69.9499996,0.910285513,5.43442106e-09,0.41398102
69.9599996,0.910535178,5.43660548e-09,0.413431602
69.9699996,0.91078431,5.43647104e-09,0.412882478
69.9799996,0.911032962,5.43474593e-09,0.412333533
69.9899996,0.911281165,5.43371157e-09,0.411784698
69.9999996,0.911528933,5.43338196e-09,0.411235948
70.0099996,0.911776267,5.43302788e-09,0.410687275
70.0199996,0.912023172,5.4321759e-09,0.410138677
70.0299996,0.912269633,5.43119322e-09,0.409590181
70.0399996,0.912515584,5.43060086e-09,0.409041941
70.0499996,0.912760951,5.42968664e-09,0.408494121
70.0599996,0.913005724,5.42798742e-09,0.407946747
70.0699996,0.913249996,5.42663237e-09,0.407399613
70.0799996,0.913493728,5.42538272e-09,0.40685281
70.0899996,0.91373681,5.42309736e-09,0.406306587
70.0999996,0.91397935,5.4202484e-09,0.405760702
70.1099996,0.914221424,5.4172381e-09,0.40521499
70.1199996,0.914463022,5.41286821e-09,0.404669472
70.1299996,0.914704097,5.40789879e-09,0.404124258
70.1399996,0.914944571,5.4037077e-09,0.403579523
70.1499995,0.915184431,5.40092693e-09,0.403035305
70.1599995,0.915423756,5.39936712e-09,0.402491424
70.1699995,0.91566255,5.39818124e-09,0.401947876
70.1799995,0.915900776,5.39719246e-09,0.401404744
70.1899995,0.916138495,5.39671443e-09,0.400861893
70.1999995,0.916375742,5.39633305e-09,0.400319248
70.2099995,0.916612518,5.39544611e-09,0.399776803
70.2199995,0.916848852,5.39467889e-09,0.399234495
70.2299995,0.91708476,5.39431439e-09,0.39869229
70.2399995,0.917320173,5.39555167e-09,0.398150348
70.2499995,0.917554885,5.39900831e-09,0.397609147
70.2599995,0.917788787,5.40110749e-09,0.397068939
70.2699995,0.918021999,5.40140969e-09,0.396529456
70.2799995,0.918254616,5.39856969e-09,0.39599048
70.2899995,0.918486633,5.3929362e-09,0.395452026
70.2999995,0.918718001,5.38589526e-09,0.394914212
70.3099995,0.918948791,5.38126451e-09,0.394376874
70.3199995,0.919179086,5.37895735e-09,0.393839825
70.3299995,0.919408914,5.37745997e-09,0.393302999
70.3399995,0.919638228,5.37498858e-09,0.392766508
70.3499995,0.919866945,5.37150426e-09,0.39223055
70.3599995,0.92009512,5.36914419e-09,0.391694996
70.3699995,0.920322747,5.3690286e-09,0.391159868
70.3799995,0.920549723,5.37021196e-09,0.390625406
70.3899995,0.920776097,5.37000944e-09,0.3900915
70.3999995,0.921001933,5.36780859e-09,0.389558006
70.4099995,0.921227299,5.36602129e-09,0.38902476
70.4199995,0.921452235,5.36780334e-09,0.38849167
70.4299995,0.921676687,5.3724033e-09,0.38795887
70.4399995,0.921900553,5.37846957e-09,0.387426599
70.4499995,0.922123897,5.38784695e-09,0.386894712
70.4599995,0.922346699,5.40150992e-09,0.386363259
70.4699995,0.922568865,5.4192923e-09,0.385832463
70.4799995,0.922790466,5.43625207e-09,0.385302162
70.4899995,0.923011564,5.44943396e-09,0.384772209
70.4999995,0.923232204,5.46454647e-09,0.384242499
70.5099995,0.923452397,5.48186804e-09,0.383713006
70.5199995,0.923672163,5.49897354e-09,0.383183685
70.5299995,0.923891495,5.51822375e-09,0.382654551
70.5399995,0.924110332,5.53852508e-09,0.382125757
70.5499995,0.924328648,5.55570006e-09,0.381597366
70.5599995,0.924546469,5.57228248e-09,0.38106932
70.5699995,0.924763822,5.58978456e-09,0.380541552
70.5799995,0.924980738,5.60911502e-09,0.380013992
70.5899995,0.925197217,5.62890565e-09,0.37948664
70.5999995,0.925413249,5.64745304e-09,0.378959521
70.6099995,0.92562883,5.66626322e-09,0.378432647
70.6199995,0.925843985,5.6859394e-09,0.377905962
70.6299995,0.926058713,5.70631328e-09,0.377379464
70.6399995,0.926273034,5.72679871e-09,0.376853111
70.6499995,0.926486962,5.74765635e-09,0.376326865
70.6599995,0.926700463,5.76850188e-09,0.375800814
70.6699995,0.926913402,5.78628286e-09,0.375275291
70.6799995,0.927125714,5.80006779e-09,0.374750464
70.6899995,0.927337485,5.81781702e-09,0.374226119
70.6999995,0.927548765,5.83916325e-09,0.373702138
70.7099995,0.927759584,5.86163486e-09,0.373178448
70.7199995,0.927969972,5.88388406e-09,0.372654976
70.7299995,0.928179947,5.90543256e-09,0.372131679
70.7399995,0.928389523,5.92633512e-09,0.371608521
70.7499995,0.928598705,5.94510286e-09,0.371085496
70.7599995,0.928807472,5.96080575e-09,0.370562653
70.7699995,0.929015818,5.97623261e-09,0.370040011
70.7799995,0.92922377,5.99056992e-09,0.369517504
70.7899995,0.929431347,6.0048596e-09,0.368995083
70.7999995,0.929638555,6.01897218e-09,0.368472736
70.8099995,0.929845339,6.03186944e-09,0.367950602
70.8199995,0.930051606,6.04230116e-09,0.367428918
70.8299995,0.930257399,6.05058212e-09,0.366907579
70.8399995,0.930462775,6.05717977e-09,0.366386441
70.8499995,0.930667733,6.06371618e-09,0.365865509
70.8599995,0.93087224,6.07207623e-09,0.365344868
70.8699995,0.931076332,6.07973571e-09,0.36482443
70.8799995,0.931280021,6.08560282e-09,0.364304161
70.8899995,0.931483251,6.08978667e-09,0.363784211
70.8999995,0.931685933,6.09365969e-09,0.363264811
70.9099995,0.931888052,6.09835787e-09,0.362745998
70.9199995,0.93208968,6.10295508e-09,0.362227591
70.9299995,0.932290874,6.10803946e-09,0.361709449
70.9399995,0.932491649,6.11290029e-09,0.361191535
70.9499995,0.932692017,6.11717232e-09,0.360673815
70.9599995,0.93289199,6.12065365e-09,0.360156265
70.9699995,0.93309158,6.123065e-09,0.359638852
70.9799995,0.933290787,6.12387474e-09,0.359121577
70.9899995,0.93348948,6.12345153e-09,0.358604784
70.9999995,0.93368747,6.1236216e-09,0.358088967
71.0099995,0.933884877,6.12466711e-09,0.35757382
71.0199995,0.934081776,6.12614843e-09,0.357059148
71.0299995,0.934278154,6.12749375e-09,0.356544993
71.0399995,0.934474056,6.12747224e-09,0.356031232
71.0499995,0.934669515,6.12779953e-09,0.355517789
71.0599995,0.934864472,6.13324554e-09,0.355004816
71.0699995,0.935058859,6.14180156e-09,0.354492498
71.0799995,0.935252733,6.1493084e-09,0.353980686
71.0899995,0.935446127,6.15448309e-09,0.353469297
71.0999995,0.935639109,6.15821072e-09,0.352958153
71.1099995,0.935831713,6.16073018e-09,0.352447166
71.1199995,0.936023958,6.16138137e-09,0.351936287
71.1299995,0.936215826,6.15937983e-09,0.351425563
71.1399995,0.936407266,6.15557605e-09,0.350915136
71.1499995,0.9365983,6.15070944e-09,0.350404945
71.1599995,0.936788925,6.14470255e-09,0.349894998
71.1699995,0.936979155,6.13767072e-09,0.349385265
71.1799995,0.937169024,6.12934146e-09,0.348875652
71.1899995,0.937358552,6.11948548e-09,0.348366108
71.1999995,0.937547727,6.10906629e-09,0.347856665
71.2099995,0.937736517,6.09808186e-09,0.347347413
71.2199995,0.937924894,6.08594739e-09,0.346838424
71.2299995,0.938112804,6.07325125e-09,0.346329852
71.2399995,0.938300251,6.06125426e-09,0.345821687
71.2499995,0.938487322,6.05020807e-09,0.345313694
71.2599995,0.938673895,6.03965704e-09,0.344806205
71.2699995,0.938859726,6.02880541e-09,0.344299891
71.2799995,0.939044977,6.01731164e-09,0.343794315
71.2899995,0.939229769,6.00446049e-09,0.343289151
71.2999995,0.939414108,5.9896576e-09,0.342784385
71.3099995,0.939597999,5.97508355e-09,0.342280004
71.3199995,0.939781471,5.96151138e-09,0.341775931
71.3299995,0.939964541,5.94861365e-09,0.341272123
71.3399995,0.940147212,5.93605432e-09,0.340768571
71.3499995,0.940329508,5.92377729e-09,0.340265216
71.3599995,0.940511433,5.912159e-09,0.339762041
71.3699995,0.940692985,5.90184698e-09,0.339259057
71.3799995,0.940874174,5.89287024e-09,0.338756239
71.3899995,0.941054997,5.88543409e-09,0.338253593
71.3999995,0.94123548,5.87857376e-09,0.337751049
71.4099995,0.941415593,5.87281699e-09,0.337248695
71.4199995,0.941595272,5.86936807e-09,0.336746705
71.4299995,0.941774586,5.86656819e-09,0.336244893
71.4399995,0.94195358,5.86385437e-09,0.335743135
71.4499995,0.94213227,5.86109661e-09,0.335241383
71.4599995,0.942310645,5.85806062e-09,0.334739672
71.4699995,0.942488677,5.85565913e-09,0.334238079
71.4799995,0.942666355,5.85495982e-09,0.333736638
71.4899995,0.94284364,5.85583449e-09,0.333235457
71.4999995,0.943020577,5.85814152e-09,0.332734415
71.5099995,0.943197197,5.86152736e-09,0.332233423
71.5199995,0.943373453,5.86588388e-09,0.331732616
71.5299995,0.94354925,5.87028728e-09,0.331232263
71.5399995,0.943724657,5.87331083e-09,0.330732175
71.5499995,0.943899726,5.875416e-09,0.330232203
71.5599995,0.944074459,5.87641772e-09,0.329732338
71.5699995,0.944248851,5.87923092e-09,0.329232602
71.5799995,0.944422882,5.88515252e-09,0.328733052
71.5899995,0.944596539,5.89257085e-09,0.328233725
71.5999995,0.94476976,5.90133006e-09,0.327734801
71.6099995,0.944942558,5.90972249e-09,0.327236247
71.6199995,0.945114928,5.9154565e-09,0.326738081
71.6299995,0.945286871,5.91877135e-09,0.326240297
71.6399995,0.945458423,5.92327177e-09,0.325742799
71.6499995,0.945629635,5.92971486e-09,0.325245435
71.6599995,0.94580049,5.93700491e-09,0.324748263
71.6699995,0.945970979,5.94350052e-09,0.324251301
71.6799995,0.946141089,5.94863484e-09,0.323754598
71.6899995,0.946310811,5.94981344e-09,0.323258176
71.6999995,0.946480095,5.94793644e-09,0.322762187
71.7099995,0.94664886,5.94411351e-09,0.322266871
71.7199995,0.946817178,5.94098597e-09,0.321772019
71.7299995,0.946985101,5.93864685e-09,0.321277479
71.7399995,0.94715264,5.93629644e-09,0.320783225
71.7499995,0.947319788,5.93354825e-09,0.320289274
71.7599995,0.947486569,5.93033278e-09,0.319795563
71.7699995,0.947653016,5.92748068e-09,0.319301992
71.7799995,0.947819163,5.9259335e-09,0.318808459
71.7899995,0.947985008,5.92414636e-09,0.318314978
71.7999995,0.948150544,5.92165193e-09,0.317821563
71.8099995,0.948315753,5.91879653e-09,0.317328273
71.8199995,0.948480583,5.91590351e-09,0.316835264
71.8299995,0.948645013,5.91290248e-09,0.316342597
71.8399995,0.948809089,5.90855898e-09,0.315850142
71.8499995,0.948972817,5.90443281e-09,0.31535788
71.8599995,0.949136167,5.90138735e-09,0.314865903
71.8699995,0.949299177,5.89848061e-09,0.314374098
71.8799995,0.949461874,5.89525688e-09,0.313882381
71.8899995,0.949624198,5.89162711e-09,0.313390944
71.8999995,0.949786052,5.88804442e-09,0.312900071
71.9099995,0.949947528,5.88568375e-09,0.312409496
71.9199995,0.950108667,5.8836297e-09,0.311919093
71.9299995,0.950269467,5.88100306e-09,0.311428869
71.9399995,0.950429923,5.87734412e-09,0.310938839
71.9499995,0.950590036,5.87325203e-09,0.310449004
71.9599995,0.950749817,5.86835307e-09,0.309959328
71.9699995,0.950909307,5.86351945e-09,0.30946969
71.9799995,0.95106855,5.85956368e-09,0.308979955
71.9899995,0.951227499,5.85431998e-09,0.308490269
71.9999995,0.951386029,5.8473088e-09,0.308001012
72.0099995,0.951544075,5.84277197e-09,0.307512394
72.0199995,0.95170173,5.83710995e-09,0.307024133
72.0299995,0.951859062,5.82932795e-09,0.306536011
72.0399995,0.952016029,5.81982561e-09,0.306048168
72.0499995,0.952172517,5.80771859e-09,0.305560957
72.0599995,0.95232853,5.79291095e-09,0.305074371
72.0699995,0.95248412,5.77799941e-09,0.30458825
72.0799995,0.952639313,5.76553717e-09,0.304102514
72.0899995,0.952794088,5.75528314e-09,0.303617236
72.0999995,0.952948481,5.7466065e-09,0.303132302
72.1099995,0.953102512,5.73911e-09,0.302647652
72.1199995,0.953256186,5.73132923e-09,0.302163275
72.1299995,0.953409473,5.7229122e-09,0.301679262
72.1399995,0.953562329,5.71479079e-09,0.301195757
72.1499995,0.953714777,5.70652069e-09,0.300712695
72.1599995,0.953866819,5.69901399e-09,0.300230064
72.1699995,0.954018497,5.69343487e-09,0.299747741
72.1799995,0.954169806,5.68864961e-09,0.299265738
72.1899995,0.954320751,5.68348214e-09,0.298784042
72.1999995,0.954471356,5.67790157e-09,0.298302583
72.2099995,0.954621628,5.67166851e-09,0.297821334
72.2199995,0.954771578,5.66560727e-09,0.297340267
72.2299995,0.954921202,5.65979704e-09,0.296859392
72.2399995,0.955070502,5.65274911e-09,0.296378705
72.2499995,0.955219447,5.64420977e-09,0.295898306
72.2599995,0.955367997,5.6357365e-09,0.295418332
72.2699995,0.955516099,5.62649877e-09,0.29493895
72.2799995,0.955663792,5.61566416e-09,0.294460043
72.2899995,0.955811133,5.6055365e-09,0.293981425
72.2999995,0.955958144,5.59656371e-09,0.293503026
72.3099995,0.956104813,5.58851239e-09,0.29302489
72.3199995,0.956251135,5.58238928e-09,0.292547035
72.3299995,0.956397087,5.57849349e-09,0.292069534
72.3399995,0.956542626,5.57610021e-09,0.291592531
72.3499995,0.956687703,5.57333955e-09,0.291116195
72.3599995,0.956832351,5.56807523e-09,0.290640416
72.3699995,0.956976584,5.55949542e-09,0.290165157
72.3799995,0.95712044,5.55112011e-09,0.28969029
72.3899995,0.957263939,5.54331864e-09,0.289215753
72.3999995,0.957407097,5.53572297e-09,0.288741496
72.4099995,0.957549913,5.52811662e-09,0.288267523
72.4199995,0.957692351,5.52003818e-09,0.287793956
72.4299995,0.95783439,5.51079385e-09,0.287320868
72.4399995,0.957976075,5.50195631e-09,0.286848114
72.4499995,0.958117433,5.49390797e-09,0.286375602
72.4599995,0.958258469,5.48692863e-09,0.285903316
72.4699995,0.958399184,5.48139211e-09,0.28543126
72.4799995,0.958539591,5.47587489e-09,0.284959386
72.4899995,0.958679701,5.46990089e-09,0.284487664
72.4999995,0.958819491,5.463626e-09,0.284016169
72.5099995,0.958958926,5.45726454e-09,0.283545021
72.5199995,0.959098028,5.45100986e-09,0.283074146
72.5299995,0.959236829,5.44479512e-09,0.282603443
72.5399995,0.959375323,5.4373734e-09,0.282132928
72.5499995,0.959513484,5.42749648e-09,0.281662696
72.5599995,0.959651327,5.41797083e-09,0.281192692
72.5699995,0.959788878,5.41062462e-09,0.280722833
72.5799995,0.95992613,5.40484849e-09,0.280253145
72.5899995,0.960063068,5.39966294e-09,0.279783678
72.5999995,0.960199698,5.3955589e-09,0.279314411
72.6099995,0.960336017,5.39330468e-09,0.278845358
72.6199995,0.960472014,5.39041205e-09,0.278376561
72.6299995,0.960607682,5.38591599e-09,0.277908045
72.6399995,0.960743057,5.38254419e-09,0.277439683
72.6499995,0.960878159,5.38070856e-09,0.276971413
72.6599995,0.961012994,5.37952054e-09,0.276503211
72.6699995,0.961147556,5.37861062e-09,0.276035098
72.6799995,0.961281833,5.37772494e-09,0.275567119
72.6899995,0.961415792,5.37752163e-09,0.275099392
72.6999995,0.961549391,5.37832426e-09,0.274632059
72.7099995,0.961682669,5.37873192e-09,0.274164993
72.7199995,0.961815655,5.37747558e-09,0.273698091
72.7299995,0.961948357,5.37611884e-09,0.273231327
72.7399995,0.962080749,5.37466834e-09,0.272764794
72.7499995,0.962212721,5.37462321e-09,0.272298879
72.7599995,0.962344156,5.37669202e-09,0.271834005
72.7699995,0.962475155,5.38092229e-09,0.271369814
72.7799995,0.962605784,5.38535448e-09,0.270906081
72.7899995,0.962735988,5.38783013e-09,0.270443001
72.7999995,0.962865728,5.38700527e-09,0.26998072
72.8099995,0.962995048,5.38734607e-09,0.269519087
72.8199995,0.963123972,5.39035532e-09,0.269058014
72.8299995,0.963252529,5.3952331e-09,0.268597405
72.8399995,0.963380734,5.40104913e-09,0.268137207
72.8499995,0.96350861,5.40724347e-09,0.26767734
72.8599995,0.963636161,5.4135102e-09,0.267217795
72.8699995,0.963763375,5.41998331e-09,0.266758611
72.8799995,0.963890261,5.42584109e-09,0.266299766
72.8899995,0.964016828,5.42931226e-09,0.265841222
72.8999995,0.964143088,5.43163158e-09,0.265382942
72.9099995,0.964269041,5.43444926e-09,0.264924926
72.9199995,0.964394672,5.43737574e-09,0.264467231
72.9299995,0.964519956,5.43856846e-09,0.264009952
72.9399995,0.964644815,5.43865757e-09,0.263553372
72.9499995,0.964769272,5.44204409e-09,0.263097418
72.9599995,0.964893372,5.44721467e-09,0.262641923
72.9699995,0.965017128,5.45299093e-09,0.262186846
72.9799995,0.965140564,5.45931291e-09,0.2617321
72.9899995,0.965263646,5.46659401e-09,0.26127781
72.9999995,0.965386336,5.47496564e-09,0.260824121
73.0099995,0.96550869,5.48333239e-09,0.26037083
73.0199995,0.965630752,5.4915413e-09,0.259917779
73.0299995,0.965752543,5.49994656e-09,0.259464883
73.0399995,0.965874065,5.50862967e-09,0.259012144
73.0499995,0.965995305,5.51764602e-09,0.258559607
73.0599995,0.966116272,5.52601262e-09,0.258107244
73.0699995,0.966236975,5.5332419e-09,0.257655016
73.0799995,0.966357423,5.53994073e-09,0.257202899
73.0899995,0.96647762,5.54636953e-09,0.256750872
73.0999995,0.966597556,5.55244175e-09,0.256298974
73.1099995,0.966717214,5.55797066e-09,0.255847276
73.1199995,0.966836608,5.56285119e-09,0.255395719
73.1299995,0.966955747,5.56689055e-09,0.254944274
73.1399995,0.967074616,5.57006361e-09,0.254492999
73.1499995,0.967193199,5.57414256e-09,0.254041957
73.1599995,0.967311507,5.5808257e-09,0.253591106
73.1699995,0.967429552,5.5885691e-09,0.2531404
73.1799995,0.967547336,5.59636756e-09,0.252689833
73.1899995,0.967664862,5.60381565e-09,0.252239402
73.1999995,0.96778214,5.61110426e-09,0.251789056
73.2099995,0.967899166,5.61855003e-09,0.251338824
73.2199995,0.968015954,5.62605931e-09,0.250888645
73.2299995,0.968132509,5.63378622e-09,0.250438505
73.2399995,0.968248808,5.64089399e-09,0.249988492
73.2499995,0.968364863,5.6470035e-09,0.249538559
73.2599995,0.968480686,5.65290547e-09,0.249088661
73.2699995,0.96859627,5.65796518e-09,0.248638827
73.2799995,0.968711598,5.66104312e-09,0.248189119
73.2899995,0.96882669,5.66379112e-09,0.24773947
73.2999995,0.968941542,5.66681223e-09,0.247289886
73.3099995,0.96905615,5.66941358e-09,0.24684039
73.3199995,0.96917052,5.67208593e-09,0.246390957
73.3299995,0.969284651,5.67479934e-09,0.24594159
73.3399995,0.969398543,5.67729089e-09,0.245492292
73.3499995,0.969512195,5.67924124e-09,0.245043065
73.3599995,0.969625606,5.67981997e-09,0.244593916
73.3699995,0.96973878,5.67897827e-09,0.24414483
73.3799995,0.969851688,5.6791169e-09,0.243695924
73.3899995,0.969964283,5.68072685e-09,0.243247382
73.3999995,0.97007659,5.6819416e-09,0.242799114
73.4099995,0.970188604,5.68267653e-09,0.242351136
73.4199995,0.970300345,5.68327622e-09,0.24190337
73.4299995,0.970411841,5.68431568e-09,0.241455706
73.4399995,0.970523087,5.68640776e-09,0.241008169
73.4499995,0.970634046,5.68932916e-09,0.240560904
73.4599995,0.970744709,5.69161116e-09,0.240113952
73.4699995,0.970855108,5.6930296e-09,0.239667185
73.4799995,0.97096527,5.69413177e-09,0.239220494
73.4899995,0.971075213,5.69538198e-09,0.238773806
73.4999995,0.971184928,5.69626312e-09,0.238327159
73.5099995,0.971294374,5.69741999e-09,0.237880724
73.5199995,0.971403497,5.69985725e-09,0.237434718
73.5299995,0.97151234,5.70196694e-09,0.236988971
73.5399995,0.971620928,5.70285077e-09,0.236543383
73.5499995,0.971729262,5.70250167e-09,0.236097949
73.5599995,0.971837346,5.70164787e-09,0.235652652
73.5699995,0.971945175,5.70056771e-09,0.235207519
73.5799995,0.972052743,5.69806096e-09,0.234762569
73.5899995,0.972160049,5.69495178e-09,0.234317817
73.5999995,0.972267101,5.69154836e-09,0.233873221
73.6099995,0.972373918,5.68869965e-09,0.233428714
73.6199995,0.972480498,5.68592156e-09,0.232984292
73.6299995,0.972586813,5.68369522e-09,0.232540087
73.6399995,0.972692883,5.68113714e-09,0.232096004
73.6499995,0.972798725,5.67798815e-09,0.231651984
73.6599995,0.972904332,5.67413514e-09,0.231208045
73.6699995,0.973009716,5.67089605e-09,0.23076415
73.6799995,0.973114878,5.66943453e-09,0.230320287
73.6899995,0.973219815,5.66735066e-09,0.229876472
73.6999995,0.973324537,5.66442272e-09,0.229432661
73.7099995,0.973429014,5.66057352e-09,0.228988986
73.7199995,0.97353319,5.65508643e-09,0.228545681
73.7299995,0.9736371,5.64799409e-09,0.228102603
73.7399995,0.973740777,5.64167386e-09,0.227659611
73.7499995,0.973844231,5.63656299e-09,0.227216668
73.7599995,0.973947459,5.63206782e-09,0.226773778
73.7699995,0.974050469,5.62723637e-09,0.226330917
73.7799995,0.974153274,5.62137299e-09,0.225888023
73.7899995,0.974255881,5.61541904e-09,0.225445067
73.7999995,0.974358285,5.61019839e-09,0.225002071
73.8099995,0.974460475,5.60587646e-09,0.224559083
73.8199995,0.974562443,5.60198393e-09,0.224116142
73.8299995,0.974664196,5.59806022e-09,0.223673209
73.8399995,0.974765739,5.59382061e-09,0.22323027
73.8499995,0.974867069,5.59043924e-09,0.222787335
73.8599995,0.974968176,5.58777803e-09,0.222344454
73.8699995,0.975069055,5.5848065e-09,0.22190164
73.8799995,0.975169713,5.58200013e-09,0.221458869
73.8899995,0.975270149,5.57919927e-09,0.221016143
73.8999995,0.975370354,5.57608212e-09,0.22057351
73.9099995,0.975470306,5.57391139e-09,0.220131058
73.9199995,0.975569995,5.57350896e-09,0.219688837
73.9299995,0.975669439,5.57421664e-09,0.219246771
73.9399995,0.975768618,5.57669907e-09,0.218804946
73.9499995,0.975867494,5.58177034e-09,0.218363535
73.9599995,0.975966094,5.58659562e-09,0.217922426
73.9699995,0.976064451,5.58988032e-09,0.217481467
73.9799995,0.976162573,5.59372309e-09,0.217040623
73.9899995,0.976260413,5.59951871e-09,0.216600108
73.9999995,0.976357908,5.60366102e-09,0.216160208
74.0099995,0.97645509,5.60625416e-09,0.215720784
74.0199995,0.976551999,5.60830725e-09,0.215281658
74.0299995,0.976648661,5.61040536e-09,0.214842718
74.0399995,0.97674508,5.61327464e-09,0.21440394
74.0499995,0.976841255,5.61713033e-09,0.213965331
74.0599995,0.97693718,5.61999992e-09,0.213526924
74.0699995,0.977032836,5.6224694e-09,0.213088801
74.0799995,0.977128203,5.62497431e-09,0.212651064
74.0899995,0.97722327,5.62809234e-09,0.21221376
74.0999995,0.977318043,5.63287436e-09,0.211776872
74.1099995,0.977412548,5.63818114e-09,0.211340273
74.1199995,0.977506809,5.64350439e-09,0.210903862
74.1299995,0.977600835,5.64856027e-09,0.210467591
74.1399995,0.97769463,5.65348648e-09,0.210031452
74.1499995,0.977788196,5.65891043e-09,0.209595431
74.1599995,0.977881538,5.66538656e-09,0.209159503
74.1699995,0.977974659,5.67179423e-09,0.208723662
74.1799995,0.978067555,5.67789433e-09,0.20828792
74.1899995,0.978160211,5.68260909e-09,0.207852355
74.1999995,0.978252607,5.68485809e-09,0.207417058
74.2099995,0.978344733,5.68818669e-09,0.206982083
74.2199995,0.978436595,5.69304409e-09,0.206547404
74.2299995,0.978528204,5.69841901e-09,0.206112966
74.2399995,0.978619562,5.70396e-09,0.205678763
74.2499995,0.978710688,5.70819033e-09,0.205244707
74.2599995,0.978801592,5.71000643e-09,0.204810752
74.2699995,0.978892287,5.71227121e-09,0.204376832
74.2799995,0.978982783,5.71570115e-09,0.203942911
74.2899995,0.979073067,5.71928566e-09,0.203509041
74.2999995,0.979163129,5.72277281e-09,0.203075273
74.3099995,0.979252958,5.72599844e-09,0.202641663
74.3199995,0.979342561,5.7282003e-09,0.202208178
74.3299995,0.979431939,5.72923134e-09,0.201774816
74.3399995,0.979521101,5.73127236e-09,0.201341534
74.3499995,0.979610051,5.73445272e-09,0.200908309
74.3599995,0.979698791,5.73799315e-09,0.200475131
74.3699995,0.979787312,5.74077907e-09,0.200042053
74.3799995,0.97987558,5.74215993e-09,0.199609237
74.3899995,0.979963561,5.74347689e-09,0.199176851
74.3999995,0.980051266,5.74613401e-09,0.198744849
74.4099995,0.980138724,5.75080833e-09,0.198313088
74.4199995,0.980225971,5.75601945e-09,0.197881391
74.4299995,0.98031301,5.76048753e-09,0.197449749
74.4399995,0.98039984,5.7634259e-09,0.197018156
74.4499995,0.980486468,5.76505428e-09,0.196586589
74.4599995,0.980572888,5.7674019e-09,0.196155067
74.4699995,0.980659108,5.76975415e-09,0.195723567
74.4799995,0.980745108,5.77277009e-09,0.195292173
74.4899995,0.980830865,5.77751404e-09,0.194861011
74.4999995,0.980916405,5.78039167e-09,0.194429954
74.5099995,0.981001732,5.7793559e-09,0.193998971
74.5199995,0.981086853,5.77690259e-09,0.19356804
74.5299995,0.981171769,5.77496028e-09,0.193137152
74.5399995,0.981256463,5.77366566e-09,0.192706392
74.5499995,0.981340924,5.77273729e-09,0.192275821
74.5599995,0.981425165,5.77204597e-09,0.191845367
74.5699995,0.981509202,5.77131332e-09,0.19141496
74.5799995,0.981593038,5.77042909e-09,0.190984576
74.5899995,0.981676663,5.76946216e-09,0.190554269
74.5999995,0.981760061,5.7685608e-09,0.190124124
74.6099995,0.981843244,5.7677017e-09,0.18969408
74.6199994,0.981926212,5.76683975e-09,0.189264141
74.6299994,0.982008955,5.76586524e-09,0.188834353
74.6399994,0.982091483,5.76486168e-09,0.188404667
74.6499994,0.982173804,5.76386437e-09,0.187975046
74.6599994,0.982255921,5.76284543e-09,0.187545474
74.6699994,0.982337835,5.76176862e-09,0.187115945
74.6799994,0.982419548,5.760616e-09,0.186686454
74.6899994,0.98250106,5.75938455e-09,0.186256995
74.6999994,0.982582372,5.75807638e-09,0.185827562
74.7099994,0.982663486,5.756694e-09,0.18539815
74.7199994,0.982744402,5.75523977e-09,0.184968757
74.7299994,0.982825121,5.75371635e-09,0.184539378
74.7399994,0.982905642,5.75218858e-09,0.184110019
74.7499994,0.982985962,5.75099367e-09,0.1836807
74.7599994,0.983066078,5.75027657e-09,0.183251427
74.7699994,0.983145996,5.74943711e-09,0.182822181
74.7799994,0.983225714,5.74719106e-09,0.182392969
74.7899994,0.983305224,5.74305472e-09,0.181963832
74.7999994,0.983384528,5.74027539e-09,0.181534763
74.8099994,0.983463618,5.74023052e-09,0.181105803
74.8199994,0.983542464,5.7443253e-09,0.180677118
74.8299994,0.983621044,5.75143898e-09,0.180248834
74.8399994,0.983699361,5.75815264e-09,0.17982093
74.8499994,0.983777437,5.76532915e-09,0.179393293
74.8599994,0.983855277,5.77465102e-09,0.178965904
74.8699994,0.983932885,5.78404742e-09,0.178538729
74.8799994,0.984010259,5.79399758e-09,0.17811179
74.8899994,0.984087408,5.80479324e-09,0.177685037
74.8999994,0.984164341,5.81644224e-09,0.177258425
74.9099994,0.984241061,5.82848988e-09,0.176831935
74.9199994,0.984317567,5.84085548e-09,0.176405577
74.9299994,0.98439385,5.85320124e-09,0.175979397
74.9399994,0.98446991,5.86478823e-09,0.175553401
74.9499994,0.984545759,5.87624302e-09,0.175127521
74.9599994,0.984621386,5.8875379e-09,0.174701819
74.9699994,0.984696756,5.89733647e-09,0.174276499
74.9799994,0.984771867,5.90452513e-09,0.173851572
74.9899994,0.984846744,5.91046259e-09,0.173426905
74.9999994,0.9849214,5.91601145e-09,0.173002414
75.0099994,0.984995841,5.91990865e-09,0.172578077
75.0199994,0.985070069,5.9239455e-09,0.172153881
75.0299994,0.985144086,5.92864434e-09,0.171729819
75.0399994,0.985217893,5.93359974e-09,0.171305878
75.0499994,0.985291495,5.9382596e-09,0.170882033
75.0599994,0.9853649,5.94244748e-09,0.170458249
75.0699994,0.985438105,5.94690767e-09,0.170034531
75.0799994,0.985511112,5.95199885e-09,0.16961087
75.0899994,0.985583912,5.95650733e-09,0.169187327
75.0999994,0.985656477,5.95956995e-09,0.168764062
75.1099994,0.985728811,5.96285524e-09,0.168341055
75.1199994,0.985800926,5.96571285e-09,0.167918238
75.1299994,0.985872838,5.96721086e-09,0.167495513
75.1399994,0.98594455,5.96853078e-09,0.167072872
75.1499994,0.986016059,5.97018124e-09,0.166650327
75.1599994,0.986087364,5.97210854e-09,0.166227888
75.1699994,0.986158467,5.97410408e-09,0.165805542
75.1799994,0.986229372,5.9761889e-09,0.165383268
75.1899994,0.986300084,5.97766404e-09,0.164961038
75.1999994,0.986370602,5.97914763e-09,0.164538859
75.2099994,0.986440926,5.98216792e-09,0.164116724
75.2199994,0.986511079,5.98559779e-09,0.163694504
75.2299994,0.986581056,5.98799678e-09,0.163272228
75.2399994,0.98665084,5.99000117e-09,0.16284999
75.2499994,0.98672042,5.99088054e-09,0.162427867
75.2599994,0.986789772,5.99034752e-09,0.162006003
75.2699994,0.986858912,5.98852364e-09,0.161584307
75.2799994,0.986927859,5.98574898e-09,0.161162651
75.2899994,0.986996658,5.98222054e-09,0.160740775
75.2999994,0.987065346,5.97779585e-09,0.160318443
75.3099994,0.987133884,5.97293286e-09,0.159895888
75.3199994,0.987202249,5.96781516e-09,0.159473257
75.3299994,0.987270389,5.96238053e-09,0.159050867
75.3399994,0.987338235,5.95620086e-09,0.15862916
75.3499994,0.987405827,5.94924074e-09,0.158207876
75.3599994,0.987473209,5.94250216e-09,0.157786762
75.3699994,0.987540382,5.93603065e-09,0.157365794
75.3799994,0.987607339,5.92952911e-09,0.156945034
75.3899994,0.987674092,5.92230468e-09,0.156524404
75.3999994,0.987740648,5.91283424e-09,0.156103849
75.4099994,0.98780699,5.90019581e-09,0.155683493
75.4199994,0.987873091,5.88723024e-09,0.155263506
75.4299994,0.987938949,5.87618156e-09,0.154843898
75.4399994,0.98800458,5.86751512e-09,0.154424579
75.4499994,0.98807,5.85995515e-09,0.154005442
75.4599994,0.988135222,5.85252541e-09,0.153586405
75.4699994,0.988200248,5.84517916e-09,0.153167454
75.4799994,0.988265084,5.83745284e-09,0.152748561
75.4899994,0.988329727,5.82949371e-09,0.152329744
75.4999994,0.988394175,5.82129388e-09,0.151911012
75.5099994,0.988458435,5.8123303e-09,0.151492318
75.5199994,0.988522499,5.80246077e-09,0.151073718
75.5299994,0.988586355,5.79136734e-09,0.150655298
75.5399994,0.988650011,5.77988273e-09,0.150236998
75.5499994,0.988713473,5.76818027e-09,0.149818787
75.5599994,0.988776745,5.75601879e-09,0.149400632
75.5699994,0.98883983,5.74323825e-09,0.148982519
75.5799994,0.988902728,5.72971734e-09,0.148564445
75.5899994,0.988965441,5.71549776e-09,0.148146404
75.5999994,0.989027967,5.70174677e-09,0.1477284
75.6099994,0.989090305,5.68935191e-09,0.147310452
75.6199994,0.989152454,5.67820887e-09,0.146892553
75.6299994,0.989214406,5.67001586e-09,0.146474772
75.6399994,0.989276162,5.66322573e-09,0.146057097
75.6499994,0.989337754,5.65468097e-09,0.145639309
75.6599994,0.989399177,5.6439887e-09,0.145221449
75.6699994,0.989460415,5.63276242e-09,0.144803613
75.6799994,0.98952146,5.62246452e-09,0.144385872
75.6899994,0.989582313,5.61121861e-09,0.14396821
75.6999994,0.989642974,5.59812323e-09,0.14355063
75.7099994,0.989703441,5.58341214e-09,0.143133151
75.7199994,0.989763718,5.569965e-09,0.142715738
75.7299994,0.989823815,5.55976226e-09,0.142298334
75.7399994,0.98988374,5.55112501e-09,0.14188087
75.7499994,0.989943508,5.54407395e-09,0.141463253
75.7599994,0.990003091,5.53959147e-09,0.141045666
75.7699994,0.990062481,5.53741002e-09,0.140628177
75.7799994,0.990121675,5.53573461e-09,0.140210801
75.7899994,0.990180673,5.5331962e-09,0.139793547
75.7999994,0.990239469,5.53329536e-09,0.139376447
75.8099994,0.990298069,5.53427855e-09,0.138959469
75.8199994,0.990356481,5.53446912e-09,0.138542558
75.8299994,0.990414709,5.53363317e-09,0.138125686
75.8399994,0.990472753,5.53199988e-09,0.137708844
75.8499994,0.990530614,5.52973399e-09,0.137292031
75.8599994,0.990588291,5.52658955e-09,0.136875263
75.8699994,0.99064578,5.52248721e-09,0.13645856
75.8799994,0.99070308,5.51927776e-09,0.136041935
75.8899994,0.990760184,5.51691702e-09,0.135625432
75.8999994,0.990817098,5.51288098e-09,0.135209017
75.9099994,0.990873831,5.50957944e-09,0.134792622
75.9199994,0.990930378,5.50801924e-09,0.134376286
75.9299994,0.990986719,5.50705581e-09,0.133960151
75.9399994,0.991042869,5.5069902e-09,0.133544117
75.9499994,0.991098842,5.50844699e-09,0.133128078
75.9599994,0.991154628,5.51079879e-09,0.132712104
75.9699994,0.991210227,5.51399232e-09,0.132296204
75.9799994,0.991265634,5.51778948e-09,0.13188041
75.9899994,0.991320853,5.52069423e-09,0.131464696
75.9999994,0.991375891,5.5225319e-09,0.131049011
76.0099994,0.991430753,5.52364936e-09,0.130633314
76.0199994,0.991485437,5.5241573e-09,0.130217615
76.0299994,0.991539943,5.52384936e-09,0.129801931
76.0399994,0.991594269,5.52311e-09,0.129386268
76.0499994,0.991648404,5.52286642e-09,0.128970707
76.0599994,0.991702329,5.52397476e-09,0.128555398
76.0699994,0.991756028,5.52540182e-09,0.128140476
76.0799994,0.991809474,5.52619084e-09,0.127726143
76.0899994,0.991862703,5.52597129e-09,0.12731213
76.0999994,0.991915737,5.52381878e-09,0.126898266
76.1099994,0.991968579,5.51867158e-09,0.12648454
76.1199994,0.992021226,5.51280389e-09,0.126070959
76.1299994,0.992073667,5.50830641e-09,0.125657629
76.1399994,0.992125879,5.50536402e-09,0.125244718
76.1499994,0.99217788,5.50249029e-09,0.124832107
76.1599994,0.992229676,5.49922369e-09,0.124419734
76.1699994,0.992281266,5.49545925e-09,0.124007621
76.1799994,0.992332654,5.49124941e-09,0.123595724
76.1899994,0.992383847,5.48771441e-09,0.123184013
76.1999994,0.992434849,5.485737e-09,0.122772431
76.2099994,0.992485664,5.48352722e-09,0.122360971
76.2199994,0.99253629,5.48044102e-09,0.121949633
76.2299994,0.992586728,5.47627706e-09,0.121538416
76.2399994,0.992636984,5.47132839e-09,0.121127283
76.2499994,0.992687065,5.46662964e-09,0.120716158
76.2599994,0.99273697,5.46121893e-09,0.120305067
76.2699994,0.992786691,5.45378734e-09,0.119894061
76.2799994,0.992836227,5.44375557e-09,0.119483167
76.2899994,0.992885584,5.43326817e-09,0.119072323
76.2999994,0.992934765,5.42318056e-09,0.118661507
76.3099994,0.992983774,5.41402522e-09,0.118250681
76.3199994,0.993032606,5.40604772e-09,0.117839904
76.3299994,0.993081262,5.3984878e-09,0.117429161
76.3399994,0.993129751,5.39050853e-09,0.117018367
76.3499994,0.993178064,5.38389017e-09,0.116607601
76.3599994,0.993226178,5.37901435e-09,0.116197069
76.3699994,0.993274063,5.37513317e-09,0.115787026
76.3799994,0.993321739,5.37198901e-09,0.115377309
76.3899994,0.993369221,5.36940255e-09,0.11496778
76.3999994,0.993416509,5.36764778e-09,0.114558456
76.4099994,0.993463593,5.36715158e-09,0.114149419
76.4199994,0.993510481,5.36713221e-09,0.113740601
76.4299994,0.99355718,5.36729497e-09,0.113331947
76.4399994,0.993603693,5.36766183e-09,0.112923431
76.4499994,0.993650021,5.36851668e-09,0.112515049
76.4599994,0.99369616,5.3680629e-09,0.112106835
76.4699994,0.993742107,5.36413877e-09,0.111698814
76.4799994,0.993787867,5.36170067e-09,0.111290954
76.4899994,0.993833434,5.36243004e-09,0.110883295
76.4999994,0.993878811,5.36488708e-09,0.11047583
76.5099994,0.993924,5.36784161e-09,0.110068533
76.5199994,0.993968997,5.37074521e-09,0.109661445
76.5299994,0.994013795,5.37338867e-09,0.109254637
76.5399994,0.994058402,5.37792538e-09,0.108848029
76.5499994,0.994102818,5.38661107e-09,0.108441633
76.5599994,0.994147041,5.39675988e-09,0.108035458
76.5699994,0.99419108,5.40658409e-09,0.107629445
76.5799994,0.994234934,5.41449815e-09,0.107223582
76.5899994,0.994278607,5.42111211e-09,0.106817846
76.5999994,0.994322102,5.42769222e-09,0.106412204
76.6099994,0.994365426,5.43561131e-09,0.106006597
76.6199994,0.99440858,5.4439838e-09,0.105601024
76.6299994,0.994451561,5.45181724e-09,0.105195502
76.6399994,0.994494366,5.45907677e-09,0.104790058
76.6499994,0.994536998,5.46580791e-09,0.104384674
76.6599994,0.994579449,5.47152136e-09,0.103979419
76.6699994,0.994621707,5.47649462e-09,0.103574415
76.6799994,0.994663781,5.48251135e-09,0.103169582
76.6899994,0.994705675,5.48994556e-09,0.102764877
76.6999994,0.994747391,5.49843817e-09,0.102360289
76.7099994,0.994788929,5.50803382e-09,0.101955809
76.7199994,0.994830291,5.51909631e-09,0.101551427
76.7299994,0.994871477,5.53137348e-09,0.101147137
76.7399994,0.994912481,5.54532983e-09,0.100743018
76.7499994,0.994953284,5.56086273e-09,0.100339233
76.7599994,0.994993902,5.5772099e-09,0.099935659
76.7699994,0.995034343,5.5944791e-09,0.0995321855
76.7799994,0.995074614,5.61320867e-09,0.0991287632
76.7899994,0.995114714,5.63209577e-09,0.0987254085
76.7999994,0.995154639,5.65027947e-09,0.0983221456
76.8099994,0.995194393,5.66809042e-09,0.0979189509
76.8199994,0.995233976,5.68565114e-09,0.0975158102
76.8299994,0.995273388,5.70162147e-09,0.0971127344
76.8399994,0.995312627,5.71397863e-09,0.0967097405
76.8499994,0.995351696,5.72444949e-09,0.0963068076
76.8599994,0.995390594,5.73518635e-09,0.095903937
76.8699994,0.995429315,5.74616153e-09,0.0955011954
76.8799994,0.995467848,5.75722924e-09,0.0950987096
76.8899994,0.995506194,5.76857175e-09,0.0946964531
76.8999994,0.995544366,5.77945894e-09,0.0942943028
76.9099994,0.995582369,5.78958123e-09,0.0938922078
76.9199994,0.995620204,5.79891721e-09,0.0934901616
76.9299994,0.99565787,5.80717223e-09,0.0930881627
76.9399994,0.995695363,5.81344505e-09,0.0926862693
76.9499994,0.995732674,5.81795044e-09,0.0922845753
76.9599994,0.995769808,5.8223686e-09,0.0918830196
76.9699994,0.995806771,5.82740825e-09,0.0914815579
76.9799994,0.995843563,5.8330742e-09,0.0910801772
76.9899994,0.995880186,5.83746703e-09,0.0906788616
76.9999994,0.995916639,5.84108101e-09,0.0902776122
77.0099994,0.99595292,5.84811268e-09,0.0898764728
77.0199994,0.99598903,5.85725737e-09,0.0894754262
77.0299994,0.996024972,5.86487822e-09,0.0890744375
77.0399994,0.996060743,5.86961587e-09,0.0886735417
77.0499994,0.996096342,5.87202935e-09,0.0882727405
77.0599994,0.996131775,5.87390091e-09,0.0878719932
77.0699994,0.996167039,5.87623974e-09,0.0874713161
77.0799994,0.996202131,5.87937799e-09,0.0870707396
77.0899994,0.996237052,5.88274448e-09,0.0866702771
77.0999994,0.996271797,5.88670059e-09,0.0862699572
77.1099994,0.996306373,5.8916501e-09,0.0858697336
77.1199994,0.996340782,5.89903765e-09,0.085469563
77.1299994,0.996375025,5.90663878e-09,0.0850694445
77.1399994,0.996409101,5.91348921e-09,0.0846693765
77.1499994,0.996443012,5.91968405e-09,0.0842693533
77.1599994,0.996476758,5.92546766e-09,0.0838693653
77.1699994,0.996510336,5.93115351e-09,0.0834694612
77.1799994,0.996543734,5.93672388e-09,0.0830697637
77.1899994,0.99657695,5.94115558e-09,0.08267032
77.1999994,0.996609986,5.94444828e-09,0.0822711109
77.2099994,0.996642846,5.94771312e-09,0.0818720849
77.2199994,0.996675526,5.951731e-09,0.0814732874
77.2299994,0.996708038,5.95690515e-09,0.0810745773
77.2399994,0.996740383,5.96233536e-09,0.0806759457
77.2499994,0.996772562,5.96735129e-09,0.0802773901
77.2599994,0.996804575,5.97189492e-09,0.0798789017
77.2699994,0.996836422,5.97610612e-09,0.0794804853
77.2799994,0.996868102,5.98012691e-09,0.0790821522
77.2899994,0.996899618,5.98405833e-09,0.0786838733
77.2999994,0.996930971,5.98740557e-09,0.0782856209
77.3099994,0.996962164,5.98959809e-09,0.0778873729
77.3199994,0.996993197,5.99152794e-09,0.0774891278
77.3299994,0.997024069,5.99348465e-09,0.0770908951
77.3399994,0.997054776,5.99543078e-09,0.076692717
77.3499994,0.997085316,5.99740686e-09,0.0762946492
77.3599994,0.997115689,5.99940239e-09,0.0758966554
77.3699994,0.9971459,6.00075779e-09,0.0754987073
77.3799994,0.997175955,5.9996886e-09,0.0751006927
77.3899994,0.997205869,5.99603201e-09,0.0747024371
77.3999994,0.997235632,5.9922251e-09,0.0743040725
77.4099994,0.997265226,5.99051467e-09,0.0739058102
77.4199994,0.997294655,5.99037145e-09,0.0735076271
77.4299994,0.997323922,5.99054756e-09,0.0731094673
77.4399994,0.997353029,5.99042198e-09,0.0727113109
77.4499994,0.997381979,5.99038139e-09,0.0723131287
77.4599994,0.997410774,5.99034869e-09,0.0719148639
77.4699994,0.997439417,5.98990453e-09,0.071516501
77.4799994,0.997467909,5.98863913e-09,0.0711180043
77.4899994,0.997496247,5.98747555e-09,0.0707194196
77.4999994,0.99752443,5.98666788e-09,0.0703207797
77.5099994,0.997552458,5.98746489e-09,0.0699220536
77.5199994,0.997580333,5.9897281e-09,0.0695232254
77.5299994,0.997608054,5.99265557e-09,0.0691243148
77.5399994,0.997635619,5.99588666e-09,0.0687253424
77.5499994,0.997663026,5.99930879e-09,0.0683263202
77.5599994,0.997690277,6.0028578e-09,0.0679272557
77.5699994,0.997717369,6.0064716e-09,0.0675281551
77.5799994,0.997744303,6.01009887e-09,0.0671290243
77.5899994,0.997771078,6.01356108e-09,0.0667298679
77.5999994,0.997797694,6.01671184e-09,0.0663307022
77.6099994,0.997824148,6.01983136e-09,0.0659315457
77.6199994,0.997850443,6.02293546e-09,0.0655323787
77.6299994,0.997876579,6.02592894e-09,0.0651331906
77.6399994,0.997902552,6.02761303e-09,0.0647340526
77.6499994,0.997928352,6.02769976e-09,0.0643350899
77.6599994,0.997953987,6.02978292e-09,0.0639362146
77.6699994,0.997979465,6.03365132e-09,0.0635372907
77.6799994,0.998004782,6.03781481e-09,0.0631383813
77.6899994,0.998029932,6.04064687e-09,0.0627395843
77.6999994,0.998054917,6.04163585e-09,0.0623408527
77.7099994,0.998079743,6.0433551e-09,0.06194212
77.7199994,0.998104412,6.04617229e-09,0.0615433341
77.7299994,0.998128927,6.04921132e-09,0.0611444661
77.7399994,0.99815329,6.05247578e-09,0.0607454475
77.7499994,0.998177503,6.0560311e-09,0.0603462691
77.7599994,0.998201558,6.05992903e-09,0.0599470605
77.7699994,0.998225447,6.06453934e-09,0.0595479427
77.7799994,0.998249173,6.0685417e-09,0.0591488656
77.7899994,0.99827274,6.07143389e-09,0.0587497856
77.7999994,0.998296147,6.07214434e-09,0.0583506923
77.8099994,0.998319392,6.07157694e-09,0.0579516234
77.8199994,0.998342472,6.07359243e-09,0.0575526537
77.8299994,0.998365388,6.07573514e-09,0.0571537568
77.8399994,0.998388141,6.07895652e-09,0.0567549136
77.8499994,0.998410728,6.08261301e-09,0.0563561808
77.8599994,0.998433149,6.08561378e-09,0.0559575445
77.8699994,0.998455405,6.08819756e-09,0.0555590158
77.8799994,0.998477494,6.09107649e-09,0.0551606134
77.8899994,0.99849942,6.09357178e-09,0.0547622941
77.8999994,0.998521175,6.09367015e-09,0.0543641682
77.9099994,0.998542763,6.0923265e-09,0.0539661923
77.9199994,0.998564188,6.09104451e-09,0.05356829
77.9299994,0.998585449,6.08979245e-09,0.0531704813
77.9399994,0.998606543,6.08922479e-09,0.0527728285
77.9499994,0.998627466,6.08892124e-09,0.0523754069
77.9599994,0.998648222,6.08808857e-09,0.0519781536
77.9699994,0.998668813,6.08655732e-09,0.0515810169
77.9799994,0.998689241,6.08443152e-09,0.0511839793
77.9899994,0.998709503,6.08155249e-09,0.0507870844
77.9999994,0.9987296,6.07815177e-09,0.0503903355
78.0099994,0.998749539,6.07544312e-09,0.0499935773
78.0199994,0.99876932,6.0729437e-09,0.0495968304
78.0299994,0.99878894,6.06990208e-09,0.0492001309
78.0399994,0.998808407,6.06637268e-09,0.0488033376
78.0499994,0.998827732,6.06254823e-09,0.0484062248
78.0599994,0.998846914,6.05960951e-09,0.0480087839
78.0699994,0.998865958,6.05839456e-09,0.0476108928
78.0799994,0.998884854,6.05664474e-09,0.0472127992
78.0899994,0.998903593,6.05367254e-09,0.0468146545
78.0999994,0.998922173,6.05096588e-09,0.0464164982
78.1099994,0.998940595,6.04895837e-09,0.0460183491
78.1199994,0.998958857,6.0455307e-09,0.0456201975
78.1299994,0.99897696,6.04046588e-09,0.0452220416
78.1399994,0.998994902,6.03367569e-09,0.044823942
78.1499994,0.999012679,6.0249145e-09,0.0444259799
78.1599994,0.99903029,6.0169793e-09,0.0440281607
78.1699994,0.999047736,6.01065651e-09,0.0436305008
78.1799994,0.999065018,6.00574827e-09,0.0432329702
78.1899994,0.999082138,6.00241132e-09,0.042835519
78.1999994,0.999099098,6.0010723e-09,0.042438091
78.2099994,0.999115899,6.00029325e-09,0.0420407104
78.2199994,0.999132537,5.99943162e-09,0.041643402
78.2299994,0.999149014,5.99913207e-09,0.0412461974
78.2399994,0.999165325,6.00092394e-09,0.0408491554
78.2499994,0.999181472,6.00470529e-09,0.0404522745
78.2599994,0.999197456,6.00864704e-09,0.0400555188
78.2699994,0.999213276,6.01289269e-09,0.0396588992
78.2799994,0.999228932,6.01879356e-09,0.039262481
78.2899994,0.999244424,6.02560083e-09,0.0388661871
78.2999994,0.999259758,6.03253665e-09,0.038469937
78.3099994,0.999274933,6.03763617e-09,0.0380737188
78.3199994,0.99928995,6.04192759e-09,0.0376775134
78.3299994,0.99930481,6.04606952e-09,0.0372813231
78.3399994,0.999319512,6.05038156e-09,0.036885137
78.3499994,0.999334057,6.05494805e-09,0.0364889427
78.3599994,0.999348445,6.05962324e-09,0.0360927232
78.3699994,0.999362681,6.06489679e-09,0.0356963704
78.3799994,0.999376767,6.0698991e-09,0.0352998273
78.3899994,0.999390697,6.07437267e-09,0.0349032109
78.3999994,0.99940447,6.0789689e-09,0.0345066115
78.4099994,0.999418082,6.08412267e-09,0.0341100703
78.4199994,0.999431535,6.0892327e-09,0.0337135897
78.4299994,0.999444826,6.0952031e-09,0.0333172714
78.4399994,0.999457952,6.1012434e-09,0.0329211476
78.4499994,0.999470918,6.10701271e-09,0.0325251246
78.4599994,0.999483726,6.11305394e-09,0.0321291459
78.4699994,0.999496376,6.11890802e-09,0.0317331899
78.4799994,0.999508868,6.12399386e-09,0.0313372474
78.4899994,0.999521203,6.12960446e-09,0.0309413195
78.4999994,0.99953338,6.13540378e-09,0.0305454069
78.5099994,0.999545398,6.14066615e-09,0.0301495811
78.5199994,0.999557254,6.14684304e-09,0.0297539179
78.5299994,0.999568952,6.1549938e-09,0.0293583069
78.5399994,0.999580494,6.1648398e-09,0.0289626794
78.5499994,0.999591878,6.17410572e-09,0.0285670763
78.5599994,0.999603104,6.18210605e-09,0.0281715264
78.5699994,0.999614172,6.18911515e-09,0.0277760318
78.5799994,0.999625082,6.19535277e-09,0.0273805681
78.5899994,0.999635836,6.20087164e-09,0.0269851013
78.5999994,0.999646433,6.20592316e-09,0.0265896424
78.6099994,0.999656873,6.21060465e-09,0.0261941999
78.6199994,0.999667156,6.21517323e-09,0.0257987922
78.6299994,0.999677281,6.21907375e-09,0.0254034211
78.6399994,0.99968725,6.22094257e-09,0.0250080239
78.6499994,0.999697064,6.2223307e-09,0.0246125862
78.6599994,0.999706723,6.22476526e-09,0.024217111
78.6699994,0.999716226,6.22853054e-09,0.0238215767
78.6799994,0.999725569,6.23256753e-09,0.0234261966
78.6899994,0.999734745,6.23721933e-09,0.0230312969
78.6999994,0.99974376,6.24273753e-09,0.0226365807
78.7099994,0.999752618,6.24844399e-09,0.0222419035
78.7199994,0.99976132,6.25372759e-09,0.021847287
78.7299994,0.999769862,6.257767e-09,0.0214527987
78.7399994,0.999778247,6.26144714e-09,0.0210584005
78.7499994,0.999786477,6.26488825e-09,0.0206639952
78.7599994,0.999794553,6.26809866e-09,0.0202694603
78.7699994,0.999802476,6.27090774e-09,0.0198748384
78.7799994,0.999810243,6.2725805e-09,0.019480188
78.7899994,0.999817856,6.27403846e-09,0.019085483
78.7999994,0.999825314,6.27242084e-09,0.0186906664
78.8099994,0.999832618,6.26634937e-09,0.0182957919
78.8199994,0.999839766,6.26043913e-09,0.0179009002
78.8299994,0.999846758,6.25562716e-09,0.0175059902
78.8399994,0.999853595,6.25084501e-09,0.0171110506
78.8499994,0.999860277,6.24609806e-09,0.0167160334
78.8599994,0.999866805,6.24292096e-09,0.0163209089
78.8699994,0.999873176,6.24138481e-09,0.0159257978
78.8799994,0.999879391,6.24231742e-09,0.0155307137
78.8899994,0.999885452,6.24470645e-09,0.0151354773
78.8999994,0.999891358,6.24695799e-09,0.0147401787
78.9099994,0.999897106,6.24899532e-09,0.0143449111
78.9199994,0.999902699,6.25121572e-09,0.0139496783
78.9299994,0.999908134,6.25385464e-09,0.0135544647
78.9399994,0.999913413,6.25621765e-09,0.0131592904
78.9499994,0.999918535,6.25845797e-09,0.0127641575
78.9599994,0.9999235,6.26109178e-09,0.0123690513
78.9699994,0.999928309,6.2635327e-09,0.0119739797
78.9799994,0.999932961,6.2645463e-09,0.0115789754
78.9899994,0.999937456,6.26334852e-09,0.0111840745
78.9999994,0.999941794,6.26300023e-09,0.0107892547
79.0099994,0.999945976,6.26492203e-09,0.0103945094
79.0199994,0.999950001,6.26794748e-09,0.00999979149
79.0299994,0.999953869,6.27067635e-09,0.00960515221
79.0399994,0.999957581,6.27271364e-09,0.00921064062
79.0499994,0.999961136,6.27354634e-09,0.00881624251
79.0599994,0.999964535,6.27278991e-09,0.00842196382
79.0699994,0.999967776,6.27143011e-09,0.00802785014
79.0799994,0.999970861,6.26943677e-09,0.00763399662
79.0899994,0.999973788,6.2666213e-09,0.00724035354
79.0999993,0.99997656,6.2641266e-09,0.00684680427
79.1099993,0.999979178,6.2627617e-09,0.00645323081
79.1199993,0.99998164,6.26086175e-09,0.00605964356
79.1299993,0.999983948,6.25867129e-09,0.00566602178
79.1399993,0.999986101,6.25755788e-09,0.00527237483
79.1499993,0.999988099,6.25628631e-09,0.00487873327
79.1599993,0.999989942,6.25423031e-09,0.00448510849
79.1699993,0.99999163,6.25115712e-09,0.00409149861
79.1799993,0.999993163,6.24705057e-09,0.00369789799
79.1899993,0.999994541,6.2427915e-09,0.00330430217
79.1999993,0.999995764,6.23861117e-09,0.00291071976
79.2099993,0.999996832,6.23438072e-09,0.00251715658
79.2199993,0.999997745,6.23000006e-09,0.00212361377
79.2299993,0.999998503,6.22546193e-09,0.00173009099
79.2399993,0.999999107,6.22126218e-09,0.00133658724
79.2499993,0.999999555,6.21774133e-09,0.000942922469
79.2599993,0.999999849,6.21436894e-09,0.000548835153
79.2699993,0.999999988,6.21165027e-09,0.000154526525
79.2799993,0.999999971,6.2086405e-09,-0.000239850377
79.2899993,0.999999799,6.20524544e-09,-0.000634265452
79.2999993,0.999999471,6.20179554e-09,-0.00102873148
79.3099993,0.999998987,6.19788635e-09,-0.0014232433
79.3199993,0.999998348,6.19401901e-09,-0.00181780719
79.3299993,0.999997553,6.19077824e-09,-0.00221233365
79.3399993,0.999996603,6.18750799e-09,-0.00260664673
79.3499993,0.999995497,6.18449467e-09,-0.00300085347
79.3599993,0.999994237,6.18108927e-09,-0.00339502852
79.3699993,0.999992821,6.17714478e-09,-0.00378918803
79.3799993,0.99999125,6.17278838e-09,-0.0041833274
79.3899993,0.999989523,6.16813445e-09,-0.00457744305
79.3999993,0.999987642,6.16323929e-09,-0.00497153475
79.4099993,0.999985605,6.15788445e-09,-0.00536560808
79.4199993,0.999983413,6.15196926e-09,-0.00575966951
79.4299993,0.999981066,6.14627465e-09,-0.00615371432
79.4399993,0.999978563,6.14251831e-09,-0.00654777517
79.4499993,0.999975905,6.14181116e-09,-0.00694190118
79.4599993,0.999973091,6.14080523e-09,-0.00733607057
79.4699993,0.999970121,6.13904492e-09,-0.00773027979
79.4799993,0.999966996,6.13855152e-09,-0.00812448736
79.4899993,0.999963716,6.14092895e-09,-0.00851858925
79.4999993,0.999960282,6.14280038e-09,-0.00891263021
79.5099993,0.999956691,6.14293467e-09,-0.00930673456
79.5199993,0.999952944,6.14190481e-09,-0.00970102236
79.5299993,0.99994904,6.14023284e-09,-0.0100954039
79.5399993,0.99994498,6.13788148e-09,-0.0104898229
79.5499993,0.999940764,6.13536928e-09,-0.0108842938
79.5599993,0.999936391,6.13308749e-09,-0.0112788893
79.5699993,0.999931861,6.13160798e-09,-0.0116735837
79.5799993,0.999927175,6.13088167e-09,-0.0120683165
79.5899993,0.999922333,6.12958774e-09,-0.012463077
79.5999993,0.999917334,6.12590563e-09,-0.0128578925
79.6099993,0.999912178,6.1186989e-09,-0.013252798
79.6199993,0.999906865,6.11150479e-09,-0.0136477796
79.6299993,0.999901395,6.10580553e-09,-0.0140428367
79.6399993,0.999895768,6.10067054e-09,-0.0144379265
79.6499993,0.999889984,6.09552714e-09,-0.0148330601
79.6599993,0.999884043,6.09062454e-09,-0.0152282638
79.6699993,0.999877945,6.08487936e-09,-0.0156235151
79.6799993,0.999871691,6.07816527e-09,-0.016018787
79.6899993,0.999865282,6.07097618e-09,-0.0164139817
79.6999993,0.999858718,6.06352215e-09,-0.0168090277
79.7099993,0.999851999,6.05564771e-09,-0.0172041007
79.7199993,0.99984512,6.04726405e-09,-0.0175993008
79.7299993,0.999838084,6.03809843e-09,-0.0179946189
79.7399993,0.999830889,6.02898003e-09,-0.0183900424
79.7499993,0.999823537,6.0207871e-09,-0.0187854717
79.7599993,0.999816029,6.01374726e-09,-0.0191809437
79.7699993,0.999808361,6.00742891e-09,-0.0195765269
79.7799993,0.999800534,6.0007559e-09,-0.0199722929
79.7899993,0.999792548,5.99216321e-09,-0.0203681506
79.7999993,0.999784405,5.98319132e-09,-0.0207639969
79.8099993,0.999776105,5.97597176e-09,-0.0211598822
79.8199993,0.999767647,5.9696055e-09,-0.0215558059
79.8299993,0.999759033,5.96412745e-09,-0.0219516842
79.8399993,0.999750265,5.95893879e-09,-0.02234741
79.8499993,0.999741344,5.95354116e-09,-0.0227430331
79.8599993,0.999732266,5.94797365e-09,-0.0231386247
79.8699993,0.999723031,5.94234065e-09,-0.0235342434
79.8799993,0.99971364,5.93609785e-09,-0.0239298416
79.8899993,0.999704095,5.92938775e-09,-0.0243253541
79.8999993,0.999694389,5.92394539e-09,-0.0247209982
79.9099993,0.999684513,5.92100121e-09,-0.0251172125
79.9199993,0.999674473,5.91993613e-09,-0.0255136928
79.9299993,0.999664274,5.92041057e-09,-0.0259101995
79.9399993,0.999653919,5.92083823e-09,-0.0263066805
79.9499993,0.999643409,5.91951939e-09,-0.0267030876
79.9599993,0.999632744,5.91601036e-09,-0.027099411
79.9699993,0.999621921,5.91297131e-09,-0.0274957257
79.9799993,0.999610942,5.91032961e-09,-0.0278920179
79.9899993,0.999599808,5.90732387e-09,-0.0282882425
79.9999993,0.999588519,5.90358987e-09,-0.0286843566
80.0099993,0.999577076,5.89947048e-09,-0.0290803784
80.0199993,0.999565479,5.89512524e-09,-0.029476321
80.0299993,0.999553727,5.89055461e-09,-0.0298721881
80.0399993,0.99954182,5.88666426e-09,-0.0302679647
80.0499993,0.99952976,5.88432463e-09,-0.03066363
80.0599993,0.999517547,5.8819706e-09,-0.0310592035
80.0699993,0.999505175,5.8789567e-09,-0.0314548244
80.0799993,0.999492638,5.87449316e-09,-0.0318506945
80.0899993,0.99947994,5.86951171e-09,-0.0322466904
80.0999993,0.999467084,5.86434903e-09,-0.0326427248
80.1099993,0.999454071,5.85829544e-09,-0.033038774
80.1199993,0.9994409,5.85098326e-09,-0.0334348348
80.1299993,0.999427571,5.84411904e-09,-0.0338309077
80.1399993,0.999414086,5.83776775e-09,-0.0342269692
80.1499993,0.999400442,5.83129849e-09,-0.0346230731
80.1599993,0.999386634,5.8250334e-09,-0.0350193544
80.1699993,0.999372664,5.81925875e-09,-0.0354157943
80.1799993,0.999358532,5.81490997e-09,-0.0358123455
80.1899993,0.999344238,5.81217836e-09,-0.0362090243
80.1999993,0.999329785,5.80972133e-09,-0.0366057544
80.2099993,0.999315177,5.80698351e-09,-0.0370023901
80.2199993,0.999300421,5.80465562e-09,-0.0373987763
80.2299993,0.999285512,5.80338617e-09,-0.0377950352
80.2399993,0.999270448,5.80295603e-09,-0.038191249
80.2499993,0.999255228,5.80386349e-09,-0.0385874332
80.2599993,0.999239852,5.80446044e-09,-0.0389835614
80.2699993,0.999224321,5.80466721e-09,-0.0393796366
80.2799993,0.999208635,5.80418576e-09,-0.0397756708
80.2899993,0.999192793,5.80339678e-09,-0.0401716624
80.2999993,0.999176797,5.80437867e-09,-0.0405675821
80.3099993,0.999160643,5.80668831e-09,-0.040963518
80.3199993,0.999144326,5.81022419e-09,-0.0413595894
80.3299993,0.999127848,5.81362537e-09,-0.0417557534
80.3399993,0.999111211,5.81672316e-09,-0.0421519658
80.3499993,0.999094412,5.8209417e-09,-0.0425482725
80.3599993,0.999077451,5.82667026e-09,-0.0429446862
80.3699993,0.999060332,5.83246204e-09,-0.0433411354
80.3799993,0.999043055,5.83778469e-09,-0.0437375685
80.3899993,0.999025622,5.84328528e-09,-0.0441339524
80.3999993,0.999008035,5.84966263e-09,-0.044530287
80.4099993,0.998990291,5.85585399e-09,-0.0449265868
80.4199993,0.99897239,5.86123597e-09,-0.0453228787
80.4299993,0.998954329,5.8653981e-09,-0.0457192317
80.4399993,0.998936106,5.86872817e-09,-0.0461156744
80.4499993,0.998917724,5.87313851e-09,-0.0465121609
80.4599993,0.998899183,5.87874533e-09,-0.0469086643
80.4699993,0.998880481,5.88509281e-09,-0.0473052183
80.4799993,0.998861618,5.89253629e-09,-0.0477018735
80.4899993,0.998842595,5.90104387e-09,-0.0480985517
80.4999993,0.998823414,5.90999419e-09,-0.0484952427
80.5099993,0.998804073,5.91908985e-09,-0.0488919601
80.5199993,0.998784578,5.92897702e-09,-0.0492885975
80.5299993,0.998764937,5.93853387e-09,-0.0496850125
80.5399993,0.998745146,5.94635399e-09,-0.0500812744
80.5499993,0.998725205,5.95378385e-09,-0.0504773709
80.5599993,0.99870511,5.96077297e-09,-0.0508733953
80.5699993,0.99868486,5.96708143e-09,-0.0512693981
80.5799993,0.998664454,5.9730474e-09,-0.0516653422
80.5899993,0.998643897,5.97886312e-09,-0.0520611918
80.5999993,0.998623181,5.98426283e-09,-0.0524570506
80.6099993,0.998602308,5.98969501e-09,-0.0528529198
80.6199993,0.998581277,5.99539478e-09,-0.0532487868
80.6299993,0.998560089,6.00130566e-09,-0.0536446471
80.6399993,0.998538742,6.0081035e-09,-0.0540405532
80.6499993,0.99851723,6.01697171e-09,-0.0544365835
80.6599993,0.998495557,6.02689935e-09,-0.0548326781
80.6699993,0.998473727,6.03659007e-09,-0.0552287678
80.6799993,0.998451741,6.04531541e-09,-0.0556248162
80.6899993,0.998429596,6.05217719e-09,-0.0560208995
80.6999993,0.998407288,6.05787496e-09,-0.0564170763
80.7099993,0.99838482,6.06439504e-09,-0.0568133096
80.7199993,0.998362186,6.07128412e-09,-0.0572096708
80.7299993,0.998339388,6.07773261e-09,-0.0576061394
80.7399993,0.998316425,6.08305458e-09,-0.0580027234
80.7499993,0.998293297,6.08806199e-09,-0.0583994258
80.7599993,0.998270003,6.09321123e-09,-0.0587962602
80.7699993,0.998246537,6.0977065e-09,-0.0591933442
80.7799993,0.998222899,6.10089693e-09,-0.0595906424
80.7899993,0.998199092,6.10109032e-09,-0.0599881065
80.7999993,0.998175118,6.10028247e-09,-0.0603857131
80.8099993,0.998150976,6.09931127e-09,-0.0607834614
80.8199993,0.998126664,6.09887991e-09,-0.0611813939
80.8299993,0.998102178,6.09953341e-09,-0.0615795629
80.8399993,0.998077525,6.09938522e-09,-0.0619778452
80.8499993,0.998052716,6.09800499e-09,-0.0623760923
80.8599993,0.99802775,6.09545789e-09,-0.0627742746
80.8699993,0.998002626,6.09170291e-09,-0.0631724441
80.8799993,0.997977344,6.0871488e-09,-0.0635706047
80.8899993,0.997951902,6.08047746e-09,-0.0639687521
80.8999993,0.997926296,6.07055798e-09,-0.0643669814
80.9099993,0.997900517,6.06050137e-09,-0.0647654126
80.9199993,0.997874574,6.05176339e-09,-0.0651639091
80.9299993,0.997848466,6.0443641e-09,-0.0655624792
80.9399993,0.99782218,6.03765274e-09,-0.0659613292
80.9499993,0.997795703,6.02987279e-09,-0.0663606449
80.9599993,0.997769047,6.02246661e-09,-0.066760227
80.9699993,0.997742222,6.01616821e-09,-0.0671599412
80.9799993,0.997715229,6.0108217e-09,-0.0675597679
80.9899993,0.997688066,6.00583856e-09,-0.0679597203
80.9999993,0.997660735,6.00057456e-09,-0.0683597621
81.0099993,0.99763324,5.99552847e-09,-0.0687598634
81.0199993,0.99760558,5.99083278e-09,-0.0691600054
81.0299993,0.997577757,5.98634413e-09,-0.0695601773
81.0399993,0.997549771,5.98192811e-09,-0.0699603716
81.0499993,0.997521623,5.97752648e-09,-0.0703605813
81.0599993,0.997493313,5.97312012e-09,-0.0707608
81.0699993,0.997464841,5.96862542e-09,-0.0711610215
81.0799993,0.997436207,5.96418388e-09,-0.0715612513
81.0899993,0.997407409,5.96005125e-09,-0.071961514
81.0999993,0.997378448,5.9560262e-09,-0.0723618099
81.1099993,0.997349327,5.95262677e-09,-0.0727620712
81.1199993,0.997320054,5.94966929e-09,-0.0731622207
81.1299993,0.997290627,5.94710296e-09,-0.0735622572
81.1399993,0.99726105,5.94540693e-09,-0.0739621463
81.1499993,0.997231321,5.94467049e-09,-0.0743619043
81.1599993,0.99720144,5.94452025e-09,-0.0747615364
81.1699993,0.997171405,5.94547933e-09,-0.075161086
81.1799993,0.997141206,5.94741686e-09,-0.0755606674
81.1899993,0.997110839,5.94831049e-09,-0.0759603454
81.1999993,0.997080313,5.9468132e-09,-0.0763600038
81.2099993,0.997049632,5.94531342e-09,-0.0767595645
81.2199993,0.997018799,5.94497748e-09,-0.0771590204
81.2299993,0.996987811,5.94558431e-09,-0.077558395
81.2399993,0.996956663,5.94641441e-09,-0.0779577581
81.2499993,0.996925349,5.94706942e-09,-0.07835719
81.2599993,0.99689387,5.94766704e-09,-0.0787566618
81.2699993,0.996862229,5.94800085e-09,-0.0791561462
81.2799993,0.996830428,5.94717888e-09,-0.0795556274
81.2899993,0.996798467,5.94505735e-09,-0.0799550897
81.2999993,0.996766346,5.94252397e-09,-0.080354532
81.3099993,0.996734065,5.94004832e-09,-0.0807539737
81.3199993,0.996701621,5.93786714e-09,-0.0811534322
81.3299993,0.996669016,5.93579508e-09,-0.0815528794
81.3399993,0.996636253,5.93369196e-09,-0.0819522958
81.3499993,0.996603331,5.93170507e-09,-0.0823516859
81.3599993,0.996570252,5.93038692e-09,-0.0827510351
81.3699993,0.996537006,5.92956732e-09,-0.0831504453
81.3799993,0.996503573,5.92826933e-09,-0.0835501615
81.3899993,0.996469955,5.92693026e-09,-0.0839501617
81.3999993,0.996436144,5.92683994e-09,-0.0843505282
81.4099993,0.996402153,5.92828053e-09,-0.0847511028
81.4199993,0.996367988,5.93108443e-09,-0.0851518145
81.4299993,0.996333658,5.93438148e-09,-0.0855525706
81.4399993,0.996299164,5.93745318e-09,-0.0859533313
81.4499993,0.996264509,5.94019316e-09,-0.0863540869
81.4599993,0.996229692,5.9427156e-09,-0.0867548338
81.4699993,0.99619471,5.94630723e-09,-0.0871556067
81.4799993,0.996159558,5.95221968e-09,-0.0875564657
81.4899993,0.996124238,5.9588418e-09,-0.0879573934
81.4999993,0.99608875,5.9660013e-09,-0.0883583771
81.5099993,0.996053095,5.9730015e-09,-0.0887594014
81.5199993,0.996017274,5.98048741e-09,-0.0891604768
81.5299993,0.995981287,5.98766062e-09,-0.0895615768
81.5399993,0.995945135,5.99333494e-09,-0.0899627064
81.5499993,0.995908813,5.99675172e-09,-0.0903639132
81.5599993,0.995872321,5.99988345e-09,-0.0907651939
81.5699993,0.995835659,6.00403204e-09,-0.0911665537
81.5799993,0.995798815,6.01056411e-09,-0.0915681116
81.5899993,0.99576179,6.01919454e-09,-0.0919698737
81.5999993,0.99572459,6.02856235e-09,-0.0923717531
81.6099993,0.995687221,6.03839138e-09,-0.0927736887
81.6199993,0.995649685,6.04873595e-09,-0.0931756609
81.6299993,0.995611975,6.05895335e-09,-0.0935777507
81.6399993,0.995574076,6.06841621e-09,-0.093980099
81.6499993,0.995535995,6.07622419e-09,-0.0943826402
81.6599993,0.995497739,6.08339214e-09,-0.0947852878
81.6699993,0.995459313,6.0905312e-09,-0.095188009
81.6799993,0.995420715,6.09756486e-09,-0.0955907992
81.6899993,0.995381946,6.10414574e-09,-0.0959936517
81.6999993,0.995343003,6.11152955e-09,-0.0963966133
81.7099993,0.995303869,6.1215521e-09,-0.0967998342
81.7199993,0.995264543,6.1317789e-09,-0.0972033417
81.7299993,0.995225039,6.14130804e-09,-0.0976069748
81.7399993,0.995185367,6.15015998e-09,-0.0980106373
81.7499993,0.995145529,6.15891974e-09,-0.09841431
81.7599993,0.995105523,6.16699507e-09,-0.0988180017
81.7699993,0.995065352,6.17499054e-09,-0.0992217006
81.7799993,0.995025015,6.18308362e-09,-0.0996254009
81.7899993,0.994984511,6.19100575e-09,-0.100029112
81.7999993,0.994943837,6.1994263e-09,-0.100432865
81.8099993,0.994902995,6.20899091e-09,-0.100836651
81.8199993,0.99486199,6.21759218e-09,-0.101240416
81.8299993,0.994820804,6.22575831e-09,-0.101644321
81.8399993,0.994779415,6.23439278e-09,-0.102048597
81.8499993,0.994737842,6.24290316e-09,-0.102453037
81.8599993,0.994696098,6.24992097e-09,-0.10285754
81.8699993,0.994654182,6.25584393e-09,-0.103262083
81.8799993,0.994612098,6.26161023e-09,-0.103666651
81.8899993,0.994569846,6.26694482e-09,-0.104071233
81.8999993,0.994527427,6.27173796e-09,-0.104475822
81.9099993,0.994484841,6.27604995e-09,-0.104880412
81.9199993,0.994442081,6.28035842e-09,-0.105285081
81.9299993,0.994399132,6.28555904e-09,-0.105689955
81.9399993,0.994356,6.29212973e-09,-0.106094983
81.9499993,0.994312686,6.30020633e-09,-0.106500153
81.9599993,0.994269197,6.30945954e-09,-0.106905399
81.9699993,0.994225538,6.32019261e-09,-0.107310672
81.9799993,0.99418171,6.33221748e-09,-0.107715954
81.9899993,0.994137722,6.34607953e-09,-0.108121182
81.9999993,0.994093569,6.36027068e-09,-0.108526388
82.0099993,0.994049248,6.37418853e-09,-0.108931597
82.0199993,0.994004756,6.38844555e-09,-0.109336839
82.0299993,0.993960088,6.40367994e-09,-0.109742172
82.0399993,0.993915236,6.4199278e-09,-0.110147647
82.0499993,0.993870204,6.43760678e-09,-0.110553238
82.0599993,0.993824995,6.45435864e-09,-0.110958906
82.0699993,0.993779601,6.47023707e-09,-0.111364736
82.0799993,0.993734026,6.4858391e-09,-0.111770686
82.0899993,0.993688272,6.50134283e-09,-0.112176731
82.0999993,0.993642337,6.51699011e-09,-0.112582886
82.1099993,0.993596222,6.53290384e-09,-0.112989146
82.1199993,0.99354993,6.54721161e-09,-0.113395489
82.1299993,0.993503453,6.5591584e-09,-0.113801972
82.1399993,0.993456792,6.5716848e-09,-0.114208595
82.1499993,0.993409946,6.58505735e-09,-0.114615356
82.1599993,0.993362916,6.59855132e-09,-0.115022247
82.1699993,0.993315698,6.61197298e-09,-0.115429305
82.1799993,0.993268284,6.62555165e-09,-0.115836596
82.1899993,0.993220681,6.63902258e-09,-0.116244051
82.1999993,0.993172895,6.65237506e-09,-0.116651617
82.2099993,0.99312493,6.66566074e-09,-0.11705927
82.2199993,0.993076766,6.67890969e-09,-0.117467176
82.2299993,0.993028372,6.69219112e-09,-0.117875577
82.2399993,0.992979773,6.70557818e-09,-0.118284279
82.2499993,0.992930987,6.71844181e-09,-0.118693113
82.2599993,0.992882026,6.73018539e-09,-0.11910198
82.2699993,0.99283288,6.74183994e-09,-0.119510971
82.2799993,0.99278355,6.75382321e-09,-0.119920066
82.2899993,0.992734047,6.76717529e-09,-0.120329179
82.2999993,0.992684372,6.78198585e-09,-0.120738306
82.3099993,0.992634522,6.79668823e-09,-0.121147455
82.3199993,0.992584494,6.81070867e-09,-0.12155666
82.3299993,0.99253429,6.82566607e-09,-0.121965913
82.3399993,0.992483911,6.84256545e-09,-0.122375189
82.3499993,0.992433363,6.86135026e-09,-0.122784448
82.3599993,0.992382642,6.87962644e-09,-0.123193715
82.3699993,0.992331749,6.89717284e-09,-0.123602997
82.3799993,0.992280682,6.91434509e-09,-0.124012291
82.3899993,0.992229442,6.93192663e-09,-0.124421603
82.3999993,0.992178021,6.95064387e-09,-0.124830985
82.4099993,0.992126414,6.96927262e-09,-0.125240481
82.4199993,0.99207462,6.98719865e-09,-0.125650104
82.4299993,0.992022629,7.00444335e-09,-0.126059917
82.4399993,0.991970449,7.0208864e-09,-0.126469871
82.4499993,0.99191806,7.03680553e-09,-0.126880109
82.4599993,0.991865426,7.05292295e-09,-0.127290911
82.4699993,0.991812576,7.0696877e-09,-0.127702051
82.4799993,0.991759529,7.0844082e-09,-0.128113377
82.4899993,0.99170629,7.09747786e-09,-0.128524842
82.4999993,0.991652862,7.1114081e-09,-0.128936425
82.5099993,0.991599213,7.12647806e-09,-0.129348371
82.5199993,0.991545295,7.14263208e-09,-0.129761042
82.5299993,0.991491142,7.15983235e-09,-0.130174172
82.5399993,0.991436774,7.17754811e-09,-0.130587606
82.5499993,0.991382188,7.19552996e-09,-0.131001366
82.5599993,0.991327394,7.21227316e-09,-0.131415363
82.5699993,0.991272402,7.22737877e-09,-0.131829527
82.5799993,0.991217218,7.24122713e-09,-0.132243817
82.5899993,0.991161846,7.25445462e-09,-0.132658188
82.5999993,0.991106291,7.26720204e-09,-0.133072614
82.6099993,0.991050543,7.27973583e-09,-0.133487154
82.6199993,0.990994604,7.29202857e-09,-0.13390181
82.6299993,0.990938476,7.30397859e-09,-0.134316558
82.6399993,0.99088216,7.31633071e-09,-0.134731379
82.6499993,0.990825674,7.32929571e-09,-0.135146153
82.6599993,0.990769016,7.34267058e-09,-0.135560901
82.6699993,0.990712168,7.3558374e-09,-0.135975731
82.6799993,0.990655111,7.36924686e-09,-0.136390806
82.6899993,0.990597851,7.38268492e-09,-0.136806058
82.6999993,0.990540393,7.3945475e-09,-0.137221466
82.7099993,0.99048273,7.40765927e-09,-0.137637067
82.7199993,0.99042487,7.42161695e-09,-0.138052804
82.7299993,0.990366819,7.43542182e-09,-0.138468642
82.7399993,0.990308576,7.44837901e-09,-0.138884571
82.7499993,0.990250146,7.46123756e-09,-0.139300568
82.7599993,0.99019153,7.47424853e-09,-0.13971662
82.7699993,0.990132729,7.48726057e-09,-0.140132721
82.7799993,0.99007374,7.50026631e-09,-0.140548887
82.7899993,0.990014556,7.51377395e-09,-0.14096517
82.7999993,0.989955172,7.52783581e-09,-0.141381604
82.8099993,0.989895586,7.54188201e-09,-0.141798198
82.8199993,0.989835795,7.55745302e-09,-0.142214973
82.8299993,0.989775777,7.57605849e-09,-0.142632082
82.8399993,0.989715536,7.59595853e-09,-0.143049496
82.8499993,0.989655102,7.61459283e-09,-0.143466999
82.8599993,0.989594485,7.63129457e-09,-0.143884519
82.8699993,0.989533687,7.64726325e-09,-0.144302052
82.8799993,0.989472705,7.6635099e-09,-0.144719615
82.8899993,0.989411534,7.6783046e-09,-0.145137232
82.8999993,0.989350179,7.69199746e-09,-0.145554884
82.9099993,0.98928864,7.70497362e-09,-0.145972552
82.9199993,0.989226912,7.71836257e-09,-0.146390288
82.9299993,0.989164983,7.73306866e-09,-0.146808161
82.9399993,0.989102867,7.74719561e-09,-0.147226077
82.9499993,0.98904058,7.76002965e-09,-0.147643932
82.9599993,0.9889781,7.77427097e-09,-0.148061871
82.9699993,0.988915399,7.79248519e-09,-0.148480081
82.9799993,0.98885249,7.81053263e-09,-0.148898464
82.9899993,0.988789383,7.82746491e-09,-0.149316964
82.9999993,0.988726086,7.84295322e-09,-0.149735524
83.0099993,0.988662602,7.85716885e-09,-0.150154118
83.0199993,0.988598934,7.87036268e-09,-0.150572731
83.0299993,0.988535084,7.88309571e-09,-0.150991352
83.0399993,0.988471049,7.89550496e-09,-0.151409991
83.0499993,0.988406828,7.90745788e-09,-0.15182866
83.0599993,0.988342413,7.91834657e-09,-0.152247416
83.0699993,0.988277786,7.92773104e-09,-0.152666358
83.0799993,0.988212969,7.93646869e-09,-0.153085364
83.0899993,0.98814797,7.94476947e-09,-0.153504363
83.0999993,0.988082786,7.95265945e-09,-0.153923383
83.1099993,0.988017418,7.95948108e-09,-0.154342416
83.1199993,0.987951869,7.96490207e-09,-0.154761446
83.1299993,0.98788614,7.96983811e-09,-0.155180456
83.1399993,0.987820239,7.97473894e-09,-0.15559941
83.1499993,0.987754169,7.97935474e-09,-0.156018271
83.1599993,0.987687911,7.98402828e-09,-0.156437178
83.1699993,0.987621419,7.99009536e-09,-0.156856407
83.1799993,0.987554688,7.99865219e-09,-0.157275995
83.1899993,0.987487743,8.00662633e-09,-0.157695773
83.1999993,0.987420605,8.01488655e-09,-0.15811562
83.2099993,0.987353269,8.02397386e-09,-0.158535556
83.2199993,0.98728572,8.03363576e-09,-0.158955675
83.2299993,0.987217968,8.0428397e-09,-0.159375921
83.2399993,0.987150018,8.05106389e-09,-0.159796251
83.2499993,0.987081818,8.05744415e-09,-0.160216994
83.2599993,0.98701329,8.06318126e-09,-0.160638619
83.2699993,0.986944489,8.06905983e-09,-0.161060781
83.2799993,0.986875459,8.07495708e-09,-0.161483212
83.2899993,0.98680623,8.08049619e-09,-0.161905726
83.2999993,0.986736829,8.08563331e-09,-0.162328153
83.3099993,0.986667243,8.09080888e-09,-0.162750582
83.3199993,0.986597461,8.09636806e-09,-0.16317307
83.3299993,0.986527461,8.10210442e-09,-0.163595749
83.3399993,0.986457211,8.10803804e-09,-0.164018812
83.3499993,0.986386689,8.11408913e-09,-0.16444239
83.3599993,0.986315914,8.12060086e-09,-0.164866365
83.3699993,0.986244917,8.12690162e-09,-0.165290541
83.3799993,0.986173714,8.1330193e-09,-0.16571483
83.3899993,0.986102304,8.13900762e-09,-0.166139238
83.3999993,0.986030693,8.14355713e-09,-0.166563717
83.4099993,0.985958886,8.14686801e-09,-0.166988251
83.4199993,0.985886882,8.14930496e-09,-0.16741283
83.4299993,0.985814684,8.15077692e-09,-0.16783745
83.4399993,0.985742288,8.15135139e-09,-0.168262124
83.4499993,0.985669696,8.15101684e-09,-0.168686838
83.4599993,0.985596914,8.14956596e-09,-0.169111568
83.4699993,0.985523943,8.14688229e-09,-0.169536304
83.4799993,0.985450782,8.14371629e-09,-0.169961045
83.4899993,0.985377417,8.13979375e-09,-0.170385872
83.4999993,0.985303822,8.13494399e-09,-0.170810941
83.5099993,0.985230006,8.13055429e-09,-0.171236196
83.5199993,0.98515598,8.12675004e-09,-0.171661573
83.5299993,0.985081753,8.12256665e-09,-0.17208701
83.5399993,0.985007329,8.11756268e-09,-0.1725125
83.5499993,0.984932695,8.11318993e-09,-0.172938099
83.5599993,0.984857862,8.10913112e-09,-0.173363756
83.5699992,0.984782836,8.10491205e-09,-0.173789431
83.5799992,0.984707619,8.0998832e-09,-0.174215112
83.5899992,0.984632212,8.09360751e-09,-0.174640797
83.5999992,0.984556615,8.08661639e-09,-0.175066478
83.6099992,0.984480818,8.07810832e-09,-0.175492222
83.6199992,0.984404797,8.06814083e-09,-0.175918148
83.6299992,0.984328551,8.05777236e-09,-0.176344278
83.6399992,0.984252077,8.04777412e-09,-0.176770609
83.6499992,0.984175386,8.03804854e-09,-0.17719709
83.6599992,0.984098469,8.02824673e-09,-0.177623771
83.6699992,0.984021323,8.01840563e-09,-0.178050655
83.6799992,0.983943967,8.00834809e-09,-0.178477644
83.6899992,0.983866411,7.99821123e-09,-0.178904682
83.6999992,0.983788658,7.98823917e-09,-0.179331748
83.7099992,0.983710696,7.97805851e-09,-0.179758913
83.7199992,0.983632505,7.9673424e-09,-0.180186281
83.7299992,0.983554093,7.9558832e-09,-0.180613802
83.7399992,0.983475461,7.94471808e-09,-0.181041479
83.7499992,0.983396585,7.93418255e-09,-0.181469435
83.7599992,0.983317411,7.92469765e-09,-0.181897964
83.7699992,0.983237937,7.9178494e-09,-0.182327066
83.7799992,0.98315818,7.9133899e-09,-0.182756651
83.7899992,0.983078171,7.90937418e-09,-0.183186544
83.7999992,0.982997923,7.9051577e-09,-0.183616674
83.8099992,0.982917446,7.89971573e-09,-0.18404699
83.8199992,0.982836748,7.89483707e-09,-0.184477445
83.8299992,0.982755829,7.89119824e-09,-0.184908034
83.8399992,0.982674686,7.88868444e-09,-0.185338778
83.8499992,0.982593321,7.88663177e-09,-0.185769659
83.8599992,0.982511741,7.88464201e-09,-0.186200641
83.8699992,0.982429952,7.88268882e-09,-0.186631694
83.8799992,0.982347957,7.88082551e-09,-0.1870628
83.8899992,0.982265758,7.87906889e-09,-0.187493946
83.8999992,0.982183358,7.87740906e-09,-0.18792512
83.9099992,0.982100759,7.87583235e-09,-0.18835631
83.9199992,0.982017962,7.87432795e-09,-0.188787506
83.9299992,0.981934969,7.87288674e-09,-0.1892187
83.9399992,0.981851782,7.87150006e-09,-0.189649882
83.9499992,0.981768402,7.8701596e-09,-0.190081048
83.9599992,0.981684813,7.86877454e-09,-0.190512275
83.9699992,0.981600989,7.86735637e-09,-0.190943704
83.9799992,0.981516943,7.86625843e-09,-0.191375261
83.9899992,0.98143268,7.86562716e-09,-0.191806921
83.9999992,0.981348191,7.86549893e-09,-0.192238727
84.0099992,0.981263493,7.86558881e-09,-0.192670593
84.0199992,0.981178596,7.86571215e-09,-0.193102465
84.0299992,0.9810935,7.86599144e-09,-0.19353435
84.0399992,0.981008188,7.86658268e-09,-0.193966325
84.0499992,0.980922648,7.86703158e-09,-0.194398454
84.0599992,0.980836894,7.86726129e-09,-0.194830664
84.0699992,0.980750939,7.86699144e-09,-0.195262889
84.0799992,0.980664779,7.86485801e-09,-0.195695147
84.0899992,0.98057841,7.86119106e-09,-0.196127465
84.0999992,0.980491823,7.85986924e-09,-0.196559878
84.1099992,0.980404994,7.86266859e-09,-0.196992506
84.1199992,0.980317932,7.86595805e-09,-0.197425307
84.1299992,0.980230656,7.86881936e-09,-0.197858183
84.1399992,0.980143178,7.87092358e-09,-0.198291075
84.1499992,0.980055515,7.87067799e-09,-0.198723899
84.1599992,0.979967663,7.86998726e-09,-0.19915667
84.1699992,0.97987963,7.8699782e-09,-0.199589355
84.1799992,0.979791416,7.87150068e-09,-0.200021951
84.1899992,0.979702989,7.87442145e-09,-0.200454618
84.1999992,0.979614318,7.87712004e-09,-0.2008875
84.2099992,0.979525387,7.87809863e-09,-0.201320679
84.2199992,0.979436225,7.87723057e-09,-0.201754013
84.2299992,0.979346858,7.87593632e-09,-0.202187366
84.2399992,0.9792573,7.87482133e-09,-0.202620682
84.2499992,0.979167545,7.87383037e-09,-0.203053982
84.2599992,0.979077584,7.87263432e-09,-0.203487306
84.2699992,0.97898742,7.86984912e-09,-0.20392065
84.2799992,0.978897046,7.86482363e-09,-0.204354039
84.2899992,0.978806445,7.85962279e-09,-0.204787558
84.2999992,0.978715616,7.85465555e-09,-0.205221203
84.3099992,0.978624565,7.84963038e-09,-0.205654957
84.3199992,0.978533305,7.84558037e-09,-0.206088745
84.3299992,0.978441838,7.84109871e-09,-0.206522565
84.3399992,0.978350159,7.83496445e-09,-0.206956436
84.3499992,0.97825826,7.8294708e-09,-0.207390399
84.3599992,0.978166122,7.82497463e-09,-0.207824535
84.3699992,0.978073747,7.82045952e-09,-0.208258842
84.3799992,0.977981123,7.81712405e-09,-0.208693373
84.3899992,0.977888251,7.81444783e-09,-0.209128114
84.3999992,0.977795143,7.81022391e-09,-0.209563016
84.4099992,0.97770181,7.8047772e-09,-0.209998026
84.4199992,0.977608262,7.7997577e-09,-0.210433093
84.4299992,0.977514497,7.79624764e-09,-0.210868223
84.4399992,0.977420511,7.7945831e-09,-0.211303444
84.4499992,0.977326307,7.79295704e-09,-0.211738729
84.4599992,0.977231893,7.79069995e-09,-0.21217405
84.4699992,0.977137271,7.7874754e-09,-0.212609394
84.4799992,0.977042436,7.78313307e-09,-0.21304478
84.4899992,0.976947383,7.77884449e-09,-0.213480236
84.4999992,0.976852087,7.77479452e-09,-0.213915873
84.5099992,0.976756481,7.77085973e-09,-0.214351994
84.5199992,0.976660553,7.76725326e-09,-0.214788652
84.5299992,0.976564341,7.76358067e-09,-0.215225669
84.5399992,0.976467874,7.76019449e-09,-0.215662912
84.5499992,0.976371162,7.75889478e-09,-0.216100334
84.5599992,0.976274212,7.75829431e-09,-0.216537902
84.5699992,0.976177023,7.75758344e-09,-0.216975618
84.5799992,0.976079581,7.75660026e-09,-0.217413548
84.5899992,0.975981832,7.75493773e-09,-0.217851932
84.5999992,0.975883715,7.7543872e-09,-0.218291034
84.6099992,0.975785287,7.75815076e-09,-0.218730596
84.6199992,0.975686601,7.76263583e-09,-0.219170381
84.6299992,0.975587669,7.76607392e-09,-0.219610337
84.6399992,0.97548846,7.76994597e-09,-0.220050597
84.6499992,0.97538894,7.77544645e-09,-0.220491304
84.6599992,0.975289134,7.78118219e-09,-0.220932352
84.6699992,0.975189054,7.78696956e-09,-0.221373685
84.6799992,0.975088689,7.79312154e-09,-0.22181535
84.6899992,0.974988055,7.79883504e-09,-0.222257269
84.6999992,0.974887164,7.80349705e-09,-0.222699388
84.7099992,0.974786025,7.80739495e-09,-0.223141671
84.7199992,0.974684643,7.81093257e-09,-0.223584095
84.7299992,0.974583018,7.81409979e-09,-0.224026652
84.7399992,0.974481149,7.8168241e-09,-0.22446935
84.7499992,0.974379038,7.81920819e-09,-0.224912183
84.7599992,0.974276693,7.8210206e-09,-0.22535511
84.7699992,0.974174111,7.82286988e-09,-0.225798144
84.7799992,0.974071275,7.82526327e-09,-0.226241357
84.7899992,0.973968186,7.82861419e-09,-0.226684744
84.7999992,0.973864863,7.83230856e-09,-0.227128219
84.8099992,0.973761327,7.83519315e-09,-0.227571701
84.8199992,0.973657582,7.83679407e-09,-0.22801516
84.8299992,0.973553628,7.83907191e-09,-0.228458602
84.8399992,0.973449469,7.84250824e-09,-0.228902012
84.8499992,0.973345108,7.84670258e-09,-0.229345376
84.8599992,0.973240542,7.85058367e-09,-0.229788702
84.8699992,0.973135713,7.85323809e-09,-0.230232241
84.8799992,0.973030546,7.85625344e-09,-0.230676302
84.8899992,0.97292511,7.86120674e-09,-0.231120597
84.8999992,0.972819436,7.86839506e-09,-0.231564991
84.9099992,0.972713508,7.87785255e-09,-0.232009551
84.9199992,0.972607341,7.89032867e-09,-0.232454213
84.9299992,0.972500946,7.90343666e-09,-0.232898927
84.9399992,0.972394317,7.91653551e-09,-0.233343723
84.9499992,0.972287463,7.92983333e-09,-0.233788557
84.9599992,0.972180363,7.94409963e-09,-0.23423352
84.9699992,0.972072976,7.95990043e-09,-0.234678779
84.9799992,0.97196533,7.97512842e-09,-0.235124217
84.9899992,0.971857438,7.98808841e-09,-0.235569779
84.9999992,0.971749291,7.99956043e-09,-0.236015498
85.0099992,0.971640892,8.01132435e-09,-0.236461364
85.0199992,0.971532265,8.02337474e-09,-0.236907276
85.0299992,0.971423418,8.03587629e-09,-0.237353205
85.0399992,0.971314331,8.04825443e-09,-0.237799222
85.0499992,0.971204998,8.05994585e-09,-0.238245359
85.0599992,0.971095431,8.07129818e-09,-0.238691566
85.0699992,0.970985587,8.0837854e-09,-0.239138014
85.0799992,0.970875406,8.09752644e-09,-0.239584945
85.0899992,0.970764939,8.11080539e-09,-0.240032148
85.0999992,0.970654235,8.12363264e-09,-0.240479429
85.1099992,0.970543317,8.13655119e-09,-0.240926688
85.1199992,0.970432178,8.14908316e-09,-0.24137396
85.1299992,0.970320788,8.16098829e-09,-0.241821358
85.1399992,0.970209104,8.17290768e-09,-0.242269053
85.1499992,0.970097135,8.18613844e-09,-0.242717013
85.1599992,0.969984909,8.19999996e-09,-0.243165122
85.1699992,0.969872436,8.2133912e-09,-0.243613336
85.1799992,0.969759689,8.22636373e-09,-0.244061767
85.1899992,0.969646643,8.2387421e-09,-0.244510506
85.1999992,0.969533307,8.25007767e-09,-0.244959519
85.2099992,0.969419657,8.26164718e-09,-0.2454089
85.2199992,0.969305732,8.27180318e-09,-0.245858492
85.2299992,0.969191553,8.27921496e-09,-0.246308209
85.2399992,0.969077124,8.28654969e-09,-0.246758034
85.2499992,0.968962454,8.29525735e-09,-0.247207933
85.2599992,0.96884755,8.30494402e-09,-0.24765788
85.2699992,0.968732414,8.3149006e-09,-0.248107861
85.2799992,0.968617045,8.32457382e-09,-0.24855788
85.2899992,0.968501442,8.33363954e-09,-0.249007946
85.2999992,0.96838561,8.34205655e-09,-0.249458032
85.3099992,0.96826954,8.34853352e-09,-0.24990818
85.3199992,0.968153207,8.35276398e-09,-0.250358479
85.3299992,0.968036623,8.35734914e-09,-0.250808886
85.3399992,0.967919795,8.36242217e-09,-0.25125937
85.3499992,0.967802726,8.36708359e-09,-0.25170992
85.3599992,0.967685406,8.37196592e-09,-0.252160575
85.3699992,0.96756782,8.37745444e-09,-0.252611389
85.3799992,0.967449979,8.38255904e-09,-0.253062322
85.3899992,0.967331876,8.38691145e-09,-0.253513396
85.3999992,0.967213505,8.39074701e-09,-0.253964633
85.4099992,0.967094876,8.39280539e-09,-0.254416001
85.4199992,0.966976,8.39299716e-09,-0.254867445
85.4299992,0.966856871,8.3926354e-09,-0.255319
85.4399992,0.966737458,8.39303107e-09,-0.25577077
85.4499992,0.966617755,8.39299923e-09,-0.256222787
85.4599992,0.966497784,8.39242509e-09,-0.256674957
85.4699992,0.966377564,8.39195607e-09,-0.257127213
85.4799992,0.966257096,8.39144348e-09,-0.25757955
85.4899992,0.966136371,8.39067694e-09,-0.258031999
85.4999992,0.966015384,8.39014853e-09,-0.25848458
85.5099992,0.965894146,8.3894741e-09,-0.258937248
85.5199992,0.96577267,8.38815368e-09,-0.259389958
85.5299992,0.965650963,8.38592076e-09,-0.259842679
85.5399992,0.965529018,8.38380661e-09,-0.260295441
85.5499992,0.965406824,8.38263762e-09,-0.260748276
85.5599992,0.965284396,8.38243759e-09,-0.26120114
85.5699992,0.965161729,8.3830387e-09,-0.261654039
85.5799992,0.965038831,8.3832918e-09,-0.262106954
85.5899992,0.964915655,8.38309505e-09,-0.262560046
85.5999992,0.96479213,8.38323575e-09,-0.263013586
85.6099992,0.964668286,8.38419097e-09,-0.263467451
85.6199992,0.964544136,8.38569792e-09,-0.263921598
85.6299992,0.964419681,8.38751233e-09,-0.264376018
85.6399992,0.964294946,8.38936711e-09,-0.264830618
85.6499992,0.964169876,8.39068011e-09,-0.265285601
85.6599992,0.96404441,8.38974807e-09,-0.265741181
85.6699992,0.963918615,8.38916855e-09,-0.266197113
85.6799992,0.963792518,8.38981125e-09,-0.266653299
85.6899992,0.963666095,8.39091212e-09,-0.267109824
85.6999992,0.96353935,8.39150521e-09,-0.267566666
85.7099992,0.963412311,8.39102167e-09,-0.268023727
85.7199992,0.963284981,8.39155711e-09,-0.268480998
85.7299992,0.963157336,8.39357479e-09,-0.268938555
85.7399992,0.9630294,8.39640453e-09,-0.269396314
85.7499992,0.962901185,8.39986521e-09,-0.269854233
85.7599992,0.962772691,8.40350859e-09,-0.270312312
85.7699992,0.962643912,8.40709641e-09,-0.270770563
85.7799992,0.962514826,8.41036761e-09,-0.271229073
85.7899992,0.962385446,8.41270309e-09,-0.271687788
85.7999992,0.962255751,8.41286588e-09,-0.272146781
85.8099992,0.962125627,8.40905808e-09,-0.272606452
85.8199992,0.961995028,8.40475733e-09,-0.273066963
85.8299992,0.961864016,8.40308865e-09,-0.273528089
85.8399992,0.961732536,8.40392284e-09,-0.273990016
85.8499992,0.961600446,8.40647196e-09,-0.274453241
85.8599992,0.961467854,8.41013872e-09,-0.274917381
85.8699992,0.961334853,8.41360964e-09,-0.275382099
85.8799992,0.961201486,8.41741119e-09,-0.275847245
85.8899992,0.961067734,8.42136445e-09,-0.276312886
85.8999992,0.960933543,8.42612587e-09,-0.2767792
85.9099992,0.960798918,8.43167252e-09,-0.277246169
85.9199992,0.960663918,8.43755706e-09,-0.277713589
85.9299992,0.960528578,8.44364093e-09,-0.278181328
85.9399992,0.960392917,8.44904093e-09,-0.278649324
85.9499992,0.96025694,8.45433536e-09,-0.279117553
85.9599992,0.960120639,8.45877072e-09,-0.27958605
85.9699992,0.959983993,8.46142332e-09,-0.280054875
85.9799992,0.95984702,8.46436059e-09,-0.28052397
85.9899992,0.959709717,8.46897577e-09,-0.280993345
85.9999992,0.959572074,8.47567152e-09,-0.281463026
86.0099992,0.959434088,8.48262677e-09,-0.281933024
86.0199992,0.959295797,8.48943929e-09,-0.282403211
86.0299992,0.95915722,8.49583744e-09,-0.282873518
86.0399992,0.959018334,8.5000294e-09,-0.283344022
86.0499992,0.958879116,8.50159906e-09,-0.2838148
86.0599992,0.958739584,8.50311108e-09,-0.284285788
86.0699992,0.958599762,8.5057757e-09,-0.284756908
86.0799992,0.958459625,8.50897191e-09,-0.285228236
86.0899992,0.958319123,8.51183119e-09,-0.285699944
86.0999992,0.958178283,8.51417153e-09,-0.286171939
86.1099992,0.95803714,8.51593255e-09,-0.286644096
86.1199992,0.957895702,8.51787795e-09,-0.287116394
86.1299992,0.957753958,8.52102512e-09,-0.287588867
86.1399992,0.957611924,8.5243254e-09,-0.288061457
86.1499992,0.957469615,8.52733515e-09,-0.288534116
86.1599992,0.957327014,8.52960765e-09,-0.2890069
86.1699992,0.957184074,8.53122894e-09,-0.289479962
86.1799992,0.957040799,8.53403323e-09,-0.289953286
86.1899992,0.956897225,8.53804201e-09,-0.290426757
86.1999992,0.956753369,8.54268943e-09,-0.290900312
86.2099992,0.956609233,8.54751285e-09,-0.291373945
86.2199992,0.956464783,8.55148823e-09,-0.291847768
86.2299992,0.956319975,8.55331693e-09,-0.29232192
86.2399992,0.956174766,8.55425008e-09,-0.292796544
86.2499992,0.956029067,8.55591089e-09,-0.293271926
86.2599992,0.95588294,8.55912603e-09,-0.29374786
86.2699992,0.955736377,8.56507863e-09,-0.294224366
86.2799992,0.955589368,8.57338633e-09,-0.294701475
86.2899992,0.95544196,8.58064397e-09,-0.295179033
86.2999992,0.955294156,8.58545325e-09,-0.295657023
86.3099992,0.955145982,8.58831444e-09,-0.296135363
86.3199992,0.954997366,8.58856204e-09,-0.296614279
86.3299992,0.954848265,8.58565635e-09,-0.29709391
86.3399992,0.954698749,8.58101797e-09,-0.297574023
86.3499992,0.954548836,8.57474286e-09,-0.298054557
86.3599992,0.954398588,8.56836014e-09,-0.298535318
86.3699992,0.954248029,8.56189824e-09,-0.299016219
86.3799992,0.954097148,8.55581062e-09,-0.299497298
86.3899992,0.953945956,8.5494157e-09,-0.299978522
86.3999992,0.95379444,8.54260201e-09,-0.300459923
86.4099992,0.953642566,8.53590597e-09,-0.300941615
86.4199992,0.95349031,8.5287605e-09,-0.30142367
86.4299992,0.953337689,8.52166307e-09,-0.301906031
86.4399992,0.953184687,8.51489003e-09,-0.302388744
86.4499992,0.953031327,8.50797322e-09,-0.302871738
86.4599992,0.952877561,8.50141769e-09,-0.303355162
86.4699992,0.952723322,8.49474289e-09,-0.303839221
86.4799992,0.952568674,8.48782721e-09,-0.304323713
86.4899992,0.952413681,8.480935e-09,-0.304808433
86.4999992,0.952258364,8.47422523e-09,-0.305293314
86.5099992,0.952102705,8.46734814e-09,-0.305778414
86.5199992,0.951946666,8.46081547e-09,-0.30626385
86.5299992,0.951790263,8.45381361e-09,-0.306749564
86.5399992,0.951633388,8.44443002e-09,-0.307235893
86.5499992,0.951475898,8.43287868e-09,-0.307723277
86.5599992,0.951317945,8.42174434e-09,-0.308211238
86.5699992,0.951159624,8.41193944e-09,-0.30869948
86.5799992,0.951000895,8.40468802e-09,-0.309188127
86.5899992,0.950841672,8.40088411e-09,-0.309677435
86.5999992,0.950681969,8.39802254e-09,-0.310167363
86.6099992,0.950521807,8.39505112e-09,-0.310657842
86.6199992,0.950361287,8.39318847e-09,-0.311148556
86.6299992,0.950200426,8.39145192e-09,-0.311639456
86.6399992,0.950039211,8.38891557e-09,-0.312130578
86.6499992,0.949877652,8.38534899e-09,-0.31262189
86.6599992,0.949715754,8.38106966e-09,-0.313113376
86.6699992,0.949553521,8.37629823e-09,-0.313605022
86.6799992,0.949390957,8.37130733e-09,-0.314096818
86.6899992,0.949228,8.36552223e-09,-0.314588944
86.6999992,0.949064542,8.35868154e-09,-0.315081726
86.7099992,0.948900673,8.35081682e-09,-0.315574894
86.7199992,0.948736459,8.34182171e-09,-0.316068238
86.7299992,0.948571922,8.3315036e-09,-0.316561698
86.7399992,0.948407031,8.32059933e-09,-0.317055364
86.7499992,0.948241745,8.30952387e-09,-0.317549355
86.7599992,0.948076089,8.29793543e-09,-0.318043596
86.7699992,0.947910059,8.28551341e-09,-0.318538099
86.7799992,0.947743691,8.27397886e-09,-0.31903275
86.7899992,0.94757699,8.26393146e-09,-0.31952754
86.7999992,0.947409946,8.25295418e-09,-0.320022489
86.8099992,0.94724258,8.2418602e-09,-0.320517541
86.8199992,0.947074912,8.23214509e-09,-0.321012633
86.8299992,0.946906962,8.22470535e-09,-0.321507706
86.8399992,0.946738733,8.21730937e-09,-0.322002751
86.8499992,0.946570215,8.20921075e-09,-0.322497795
86.8599992,0.946401398,8.2006426e-09,-0.322992869
86.8699992,0.946232302,8.1915336e-09,-0.323487914
86.8799992,0.946062938,8.18185138e-09,-0.323982897
86.8899992,0.94589324,8.17061473e-09,-0.324478008
86.8999992,0.945723096,8.15752548e-09,-0.324973577
86.9099992,0.945552527,8.14480151e-09,-0.325469535
86.9199992,0.945381549,8.13160034e-09,-0.325965836
86.9299992,0.945210181,8.1192489e-09,-0.326462422
86.9399992,0.945038418,8.10758172e-09,-0.326959308
86.9499992,0.944866265,8.0945258e-09,-0.327456474
86.9599992,0.944693687,8.08029184e-09,-0.327954019
86.9699992,0.944520703,8.06409591e-09,-0.328451887
86.9799992,0.944347321,8.04722378e-09,-0.328950052
86.9899992,0.9441735,8.03163733e-09,-0.329448632
86.9999992,0.943999259,8.01768134e-09,-0.329947571
87.0099992,0.943824559,8.0060059e-09,-0.330446973
87.0199992,0.943649431,7.99470194e-09,-0.330946751
87.0299992,0.943473912,7.98215392e-09,-0.331446793
87.0399992,0.943298032,7.9676335e-09,-0.331947019
87.0499992,0.943121791,7.95085759e-09,-0.33244742
87.0599992,0.942945183,7.93393052e-09,-0.332948017
87.0699992,0.942768128,7.91751263e-09,-0.333449031
87.0799992,0.942590582,7.90102703e-09,-0.333950586
87.0899992,0.942412642,7.88373977e-09,-0.334452407
87.0999992,0.942234352,7.86555899e-09,-0.334954363
87.1099992,0.942055684,7.84654388e-09,-0.335456538
87.1199992,0.941876595,7.82701966e-09,-0.335959044
87.1299992,0.941697095,7.80795958e-09,-0.336461856
87.1399992,0.941517235,7.7897715e-09,-0.33696483
87.1499992,0.941337046,7.77210367e-09,-0.337467874
87.1599992,0.941156536,7.75556412e-09,-0.337970968
87.1699992,0.940975709,7.74007482e-09,-0.338474097
87.1799992,0.940794526,7.72621719e-09,-0.338977373
87.1899992,0.940612924,7.7145323e-09,-0.339480966
87.1999992,0.940430962,7.70316543e-09,-0.339984715
87.2099992,0.940248666,7.69236501e-09,-0.340488539
87.2199992,0.940066007,7.68264548e-09,-0.340992526
87.2299992,0.93988296,7.67394312e-09,-0.341496736
87.2399992,0.939699563,7.66578791e-09,-0.342001068
87.2499992,0.939515838,7.65775937e-09,-0.34250546
87.2599992,0.939331783,7.6498257e-09,-0.343009915
87.2699992,0.939147413,7.6420011e-09,-0.343514391
87.2799992,0.938962712,7.63421207e-09,-0.344018933
87.2899992,0.938777628,7.6253607e-09,-0.344523679
87.2999992,0.938592167,7.61459337e-09,-0.345028614
87.3099992,0.938406365,7.60421892e-09,-0.345533637
87.3199992,0.938220069,7.59461957e-09,-0.346039164
87.3299992,0.938033031,7.58462457e-09,-0.34654586
87.3399992,0.937845436,7.57318303e-09,-0.34705322
87.3499992,0.937657382,7.56027629e-09,-0.347560978
87.3599992,0.937468847,7.54629645e-09,-0.348069191
87.3699992,0.937279857,7.53201059e-09,-0.348577781
87.3799992,0.937090387,7.5180595e-09,-0.349086819
87.3899992,0.936900445,7.50447506e-09,-0.349596275
87.3999992,0.936710065,7.49136556e-09,-0.350106062
87.4099992,0.936519296,7.47859241e-09,-0.350616041
87.4199992,0.936328151,7.46655195e-09,-0.351126179
87.4299992,0.936136606,7.45543526e-09,-0.351636539
87.4399992,0.935944655,7.44466038e-09,-0.352147133
87.4499992,0.935752265,7.43362652e-09,-0.352658047
87.4599992,0.935559374,7.4217347e-09,-0.353169447
87.4699992,0.935366065,7.40969563e-09,-0.353681105
87.4799992,0.935172394,7.39767876e-09,-0.354192876
87.4899992,0.93497837,7.38552747e-09,-0.354704734
87.4999992,0.934783984,7.37348797e-09,-0.355216698
87.5099992,0.934589207,7.36137362e-09,-0.35572885
87.5199992,0.93439395,7.34816325e-09,-0.356241416
87.5299992,0.934198128,7.33581628e-09,-0.356754618
87.5399992,0.934001827,7.32651454e-09,-0.357268227
87.5499992,0.933805143,7.31871151e-09,-0.357781993
87.5599992,0.93360811,7.30948565e-09,-0.358295824
87.5699992,0.933410682,7.30006747e-09,-0.358809837
87.5799992,0.933212794,7.29192558e-09,-0.359324202
87.5899992,0.933014337,7.28524411e-09,-0.359839195
87.5999992,0.932815166,7.27884711e-09,-0.360355194
87.6099992,0.932615417,7.27171422e-09,-0.360871838
87.6199992,0.932415189,7.26263681e-09,-0.36138887
87.6299992,0.932214519,7.25263488e-09,-0.36190619
87.6399992,0.932013424,7.24224552e-09,-0.362423755
87.6499992,0.931811925,7.23144118e-09,-0.362941504
87.6599992,0.931610026,7.22037078e-09,-0.363459434
87.6699992,0.931407719,7.2091968e-09,-0.363977557
87.6799992,0.931205036,7.19791886e-09,-0.364495791
87.6899992,0.931001925,7.18795818e-09,-0.365014268
87.6999992,0.930798277,7.17964277e-09,-0.365533264
87.7099992,0.930594123,7.17000547e-09,-0.366052699
87.7199992,0.930389536,7.15875901e-09,-0.366572383
87.7299992,0.930184548,7.14616857e-09,-0.367092233
87.7399992,0.929979136,7.13365515e-09,-0.367612304
87.7499992,0.929773259,7.12286411e-09,-0.368132702
87.7599992,0.92956695,7.11187765e-09,-0.368653341
87.7699992,0.929360237,7.09993933e-09,-0.369174145
87.7799992,0.92915308,7.08676285e-09,-0.369695217
87.7899992,0.928945373,7.07172099e-09,-0.37021682
87.7999992,0.928737184,7.0551548e-09,-0.370738781
87.8099992,0.92852857,7.03707678e-09,-0.371260953
87.8199992,0.928319538,7.01708747e-09,-0.371783318
87.8299992,0.92811007,6.99482687e-09,-0.372305919
87.8399992,0.927900186,6.97057159e-09,-0.372828706
87.8499992,0.927689917,6.94550085e-09,-0.373351602
87.8599992,0.927479276,6.91977911e-09,-0.373874569
87.8699992,0.927268268,6.89315114e-09,-0.374397595
87.8799992,0.9270569,6.86547934e-09,-0.374920664
87.8899992,0.926845168,6.8368329e-09,-0.375443783
87.8999992,0.926633017,6.80790685e-09,-0.375967089
87.9099992,0.926420407,6.7793674e-09,-0.376490676
87.9199992,0.92620731,6.74896994e-09,-0.377014615
87.9299992,0.925993593,6.71480502e-09,-0.377539224
87.9399992,0.92577927,6.67952856e-09,-0.378064471
87.9499992,0.925564451,6.64624522e-09,-0.378590078
87.9599992,0.925349179,6.61509394e-09,-0.379115942
87.9699992,0.925133455,6.58450042e-09,-0.379642057
87.9799992,0.924917292,6.55402057e-09,-0.380168388
87.9899992,0.924700686,6.52363871e-09,-0.380694946
87.9999992,0.924483582,6.49315615e-09,-0.381221859
88.0099992,0.924265993,6.4625615e-09,-0.381749099
88.0199992,0.924047966,6.43258968e-09,-0.382276546
88.0299992,0.923829514,6.40289955e-09,-0.382804165
88.0399991,0.923610645,6.37234256e-09,-0.38333194
88.0499991,0.923391287,6.34264039e-09,-0.383860042
88.0599991,0.923171387,6.31479278e-09,-0.384388594
88.0699991,0.922951019,6.28740869e-09,-0.384917415
88.0799991,0.922730235,6.25893704e-09,-0.385446381
88.0899991,0.922509041,6.22903635e-09,-0.385975479
88.0999991,0.922287417,6.19876815e-09,-0.386504748
88.1099991,0.922065353,6.16688935e-09,-0.387034216
88.1199991,0.921842848,6.13231339e-09,-0.387563884
88.1299991,0.921619828,6.0987079e-09,-0.388093924
88.1399991,0.921396214,6.06777775e-09,-0.388624519
88.1499991,0.921172057,6.03735397e-09,-0.38915555
88.1599991,0.920947318,6.00646118e-09,-0.389687102
88.1699991,0.92072207,5.97716987e-09,-0.390219001
88.1799991,0.920496365,5.94990851e-09,-0.390751125
88.1899991,0.920270221,5.92350667e-09,-0.391283426
88.1999991,0.920043629,5.89752587e-09,-0.391815927
88.2099991,0.919816563,5.8743423e-09,-0.392348684
88.2199991,0.919588967,5.85488837e-09,-0.392881828
88.2299991,0.919360757,5.8385339e-09,-0.393415554
88.2399991,0.91913199,5.82389826e-09,-0.393949723
88.2499991,0.918902668,5.80985336e-09,-0.394484329
88.2599991,0.918672803,5.79732067e-09,-0.395019341
88.2699991,0.918442472,5.78799075e-09,-0.395554579
88.2799991,0.918211712,5.78142915e-09,-0.396089955
88.2899991,0.917980517,5.77648646e-09,-0.39662548
88.2999991,0.91774882,5.77044603e-09,-0.397161308
88.3099991,0.917516539,5.76159148e-09,-0.397697624
88.3199991,0.917283716,5.75099493e-09,-0.398234334
88.3299991,0.917050365,5.73977667e-09,-0.398771399
88.3399991,0.916816362,5.73116473e-09,-0.399309102
88.3499991,0.916581522,5.72640347e-09,-0.399847862
88.3599991,0.916345892,5.72606247e-09,-0.40038757
88.3699991,0.916109631,5.72704115e-09,-0.400927854
88.3799991,0.915872832,5.72812648e-09,-0.401468499
88.3899991,0.915635503,5.7289772e-09,-0.402009485
88.3999991,0.915397626,5.73042934e-09,-0.402550849
88.4099991,0.915159205,5.73239266e-09,-0.403092582
88.4199991,0.914920199,5.73405426e-09,-0.403634773
88.4299991,0.914680667,5.7352597e-09,-0.404177284
88.4399991,0.914440669,5.73640252e-09,-0.404719981
88.4499991,0.914200147,5.73725927e-09,-0.405262991
88.4599991,0.913958946,5.73739535e-09,-0.405806659
88.4699991,0.913717089,5.73721274e-09,-0.406350934
88.4799991,0.913474658,5.73687898e-09,-0.406895625
88.4899991,0.913231705,5.73616776e-09,-0.407440613
88.4999991,0.912988262,5.73565896e-09,-0.407985825
88.5099991,0.912744253,5.7348705e-09,-0.40853143
88.5199991,0.912499559,5.7339527e-09,-0.409077688
88.5299991,0.912254317,5.73357114e-09,-0.409624292
88.5399991,0.912008573,5.73335536e-09,-0.410171139
88.5499991,0.911762228,5.73294601e-09,-0.410718444
88.5599991,0.911515226,5.73326406e-09,-0.411266328
88.5699991,0.91126762,5.7344107e-09,-0.411814673
88.5799991,0.911019481,5.73589463e-09,-0.412363316
88.5899991,0.910770833,5.73725077e-09,-0.412912205
88.5999991,0.910521705,5.73836318e-09,-0.413461273
88.6099991,0.910272113,5.7392655e-09,-0.414010484
88.6199991,0.910022061,5.73938745e-09,-0.414559825
88.6299991,0.909771538,5.73746074e-09,-0.415109322
88.6399991,0.909520507,5.73466828e-09,-0.415659052
88.6499991,0.909268959,5.73302678e-09,-0.416209035
88.6599991,0.909016904,5.73223105e-09,-0.416759245
88.6699991,0.908764376,5.73201296e-09,-0.417309607
88.6799991,0.908511389,5.73259683e-09,-0.417860092
88.6899991,0.908257877,5.73490864e-09,-0.418410837
88.6999991,0.908003725,5.74012521e-09,-0.418962092
88.7099991,0.907748906,5.74694823e-09,-0.419513914
88.7199991,0.907493507,5.75327156e-09,-0.420066107
88.7299991,0.907237524,5.75822155e-09,-0.420618681
88.7399991,0.906981008,5.76173059e-09,-0.421171523
88.7499991,0.906723991,5.7636232e-09,-0.42172456
88.7599991,0.906466468,5.76488662e-09,-0.422277802
88.7699991,0.906208428,5.7659769e-09,-0.422831273
88.7799991,0.905949899,5.76721465e-09,-0.423384908
88.7899991,0.905690856,5.76828418e-09,-0.423938761
88.7999991,0.905431303,5.76890271e-09,-0.424492821
88.8099991,0.905171275,5.76942342e-09,-0.425047013
88.8199991,0.90491075,5.7694715e-09,-0.42560138
88.8299991,0.904649763,5.77000134e-09,-0.426155847
88.8399991,0.904388325,5.77160645e-09,-0.426710392
88.8499991,0.904126461,5.77440001e-09,-0.427264955
88.8599991,0.903864187,5.77781678e-09,-0.427819507
88.8699991,0.903601472,5.78064006e-09,-0.428374112
88.8799991,0.903338197,5.78254059e-09,-0.428929017
88.8899991,0.903074303,5.78486472e-09,-0.429484346
88.8999991,0.902809794,5.78611709e-09,-0.430040087
88.9099991,0.902544709,5.78758048e-09,-0.430596154
88.9199991,0.902278991,5.78799284e-09,-0.431152667
88.9299991,0.902012664,5.78716111e-09,-0.431709572
88.9399991,0.90174581,5.78785203e-09,-0.432266693
88.9499991,0.901478475,5.79038848e-09,-0.432823936
88.9599991,0.901210668,5.79402603e-09,-0.433381278
88.9699991,0.900942356,5.796885e-09,-0.433938787
88.9799991,0.900673404,5.79633987e-09,-0.434496742
88.9899991,0.90040369,5.79528358e-09,-0.435055394
88.9999991,0.900133317,5.79790545e-09,-0.435614522
89.0099991,0.899862368,5.8034884e-09,-0.436173955
89.0199991,0.899590807,5.81040665e-09,-0.436733763
89.0299991,0.899318576,5.8185533e-09,-0.437294064
89.0399991,0.899045739,5.82767816e-09,-0.437854725
89.0499991,0.898772328,5.8367813e-09,-0.438415673
89.0599991,0.898498356,5.84539924e-09,-0.438976884
89.0699991,0.898223799,5.85320482e-09,-0.439538403
89.0799991,0.897948693,5.86176584e-09,-0.440100152
89.0899991,0.897673081,5.87111842e-09,-0.440662047
89.0999991,0.897396902,5.88097446e-09,-0.441224206
89.1099991,0.897120052,5.89067172e-09,-0.441786841
89.1199991,0.896842619,5.90008386e-09,-0.442349767
89.1299991,0.896564658,5.90903755e-09,-0.442912874
89.1399991,0.896286143,5.91867629e-09,-0.443476211
89.1499991,0.896006975,5.93033591e-09,-0.444039977
89.1599991,0.895726999,5.93964034e-09,-0.44460448
89.1699991,0.895446193,5.9448932e-09,-0.445169761
89.1799991,0.895164676,5.94863059e-09,-0.445735575
89.1899991,0.894882562,5.9523988e-09,-0.446301691
89.1999991,0.894599906,5.956664e-09,-0.446867998
89.2099991,0.894316692,5.9609788e-09,-0.447434526
89.2199991,0.894032841,5.96506488e-09,-0.448001428
89.2299991,0.893748335,5.9687059e-09,-0.448568738
89.2399991,0.893463193,5.9709249e-09,-0.449136418
89.2499991,0.893177373,5.97069902e-09,-0.449704547
89.2599991,0.892890916,5.9685314e-09,-0.450273042
89.2699991,0.892603827,5.96366477e-09,-0.450841888
89.2799991,0.892316096,5.95750479e-09,-0.451411103
89.2899991,0.892027632,5.95063117e-09,-0.451980866
89.2999991,0.891738516,5.94353214e-09,-0.452551012
89.3099991,0.891448745,5.93633828e-09,-0.453121546
89.3199991,0.891158334,5.9295386e-09,-0.453692434
89.3299991,0.890867326,5.92379987e-09,-0.454263588
89.3399991,0.890575635,5.91963542e-09,-0.454835177
89.3499991,0.890283189,5.91606019e-09,-0.455407339
89.3599991,0.889990102,5.9124072e-09,-0.455979845
89.3699991,0.889696453,5.90905964e-09,-0.45655254
89.3799991,0.889402175,5.90690307e-09,-0.457125552
89.3899991,0.889107136,5.90570042e-09,-0.457699138
89.3999991,0.888811425,5.90363985e-09,-0.458273118
89.4099991,0.888515098,5.90024147e-09,-0.458847383
89.4199991,0.888218177,5.89689782e-09,-0.459421886
89.4299991,0.887920686,5.89395027e-09,-0.459996582
89.4399991,0.887622607,5.89079466e-09,-0.460571501
89.4499991,0.887323806,5.88413981e-09,-0.4611469
89.4599991,0.887024044,5.87229046e-09,-0.461723235
89.4699991,0.886723415,5.8579372e-09,-0.46230032
89.4799991,0.886422059,5.84299074e-09,-0.462877882
89.4899991,0.886120054,5.82578876e-09,-0.463455769
89.4999991,0.885817393,5.80479833e-09,-0.464033992
89.5099991,0.885514139,5.78251053e-09,-0.46461243
89.5199991,0.885210331,5.75985603e-09,-0.465191003
89.5299991,0.884905937,5.73684348e-09,-0.465769775
89.5399991,0.884600893,5.7135935e-09,-0.46634886
89.5499991,0.884295288,5.69056239e-09,-0.466928093
89.5599991,0.883989064,5.66978869e-09,-0.467507577
89.5699991,0.883682074,5.6520092e-09,-0.46808759
89.5799991,0.883374433,5.634069e-09,-0.468667911
89.5899991,0.883066239,5.61435206e-09,-0.469248354
89.5999991,0.882757508,5.59338023e-09,-0.469828886
89.6099991,0.882448186,5.57207251e-09,-0.470409608
89.6199991,0.882138341,5.55021268e-09,-0.47099039
89.6299991,0.881828025,5.52756806e-09,-0.471571134
89.6399991,0.881517258,5.50413909e-09,-0.472151802
89.6499991,0.881206037,5.48011672e-09,-0.472732399
89.6599991,0.880894353,5.45562913e-09,-0.473312939
89.6699991,0.880582215,5.43067123e-09,-0.473893409
89.6799991,0.880269579,5.40509589e-09,-0.474473886
89.6899991,0.879956421,5.37855221e-09,-0.475054415
89.6999991,0.87964277,5.35142727e-09,-0.47563494
89.7099991,0.879328586,5.32383777e-09,-0.476215537
89.7199991,0.879013861,5.29594244e-09,-0.476796216
89.7299991,0.878698524,5.26775234e-09,-0.477377109
89.7399991,0.878382532,5.24045217e-09,-0.477958291
89.7499991,0.878065829,5.21332542e-09,-0.478539863
89.7599991,0.877748539,5.18489718e-09,-0.479121594
89.7699991,0.877430711,5.15620993e-09,-0.479703395
89.7799991,0.87711224,5.12681131e-09,-0.480285454
89.7899991,0.876792993,5.09707681e-09,-0.480868014
89.7999991,0.876472875,5.06384007e-09,-0.481451244
89.8099991,0.876152,5.02993576e-09,-0.482034929
89.8199991,0.875830486,4.99890231e-09,-0.482618856
89.8299991,0.875508425,4.97090159e-09,-0.483202854
89.8399991,0.875185758,4.94432027e-09,-0.483787028
89.8499991,0.874862338,4.91798807e-09,-0.484371644
89.8599991,0.874538161,4.8921186e-09,-0.484956704
89.8699991,0.874213199,4.86806921e-09,-0.485542256
89.8799991,0.873887243,4.84575147e-09,-0.486128673
89.8899991,0.873559933,4.82217145e-09,-0.486716595
89.8999991,0.873231482,4.79843581e-09,-0.487305632
89.9099991,0.872902129,4.77834165e-09,-0.487895351
89.9199991,0.872571958,4.76104536e-09,-0.488485597
89.9299991,0.872241017,4.7454628e-09,-0.489076281
89.9399991,0.871909225,4.72987286e-09,-0.489667544
89.9499991,0.871576399,4.7134258e-09,-0.490259707
89.9599991,0.871242558,4.6980865e-09,-0.490852732
89.9699991,0.870907792,4.6851865e-09,-0.491446455
89.9799991,0.870572044,4.67469101e-09,-0.492040969
89.9899991,0.870235406,4.66566696e-09,-0.492636111
89.9999991,0.86989796,4.6561379e-09,-0.49323173
90.0099991,0.869559775,4.64827494e-09,-0.493827701
90.0199991,0.869220664,4.64289549e-09,-0.49442435
90.0299991,0.868880272,4.64058536e-09,-0.495022295
90.0399991,0.868538727,4.64040045e-09,-0.495621307
90.0499991,0.868196272,4.64061537e-09,-0.496220952
90.0599991,0.867852969,4.64071574e-09,-0.496821119
90.0699991,0.867508783,4.63961613e-09,-0.497421864
90.0799991,0.86716376,4.63761043e-09,-0.498023106
90.0899991,0.866817926,4.6349857e-09,-0.498624793
90.0999991,0.866471334,4.63163315e-09,-0.49922683
90.1099991,0.866123973,4.62929237e-09,-0.499829235
90.1199991,0.865775801,4.62868554e-09,-0.500432076
90.1299991,0.865426901,4.62919062e-09,-0.501035207
90.1399991,0.865077267,4.63011231e-09,-0.501638637
90.1499991,0.8647268,4.63046218e-09,-0.502242533
90.1599991,0.864375524,4.63025434e-09,-0.502846848
90.1699991,0.864023481,4.6321539e-09,-0.503451511
90.1799991,0.863670544,4.63394155e-09,-0.504056734
90.1899991,0.863316648,4.63181027e-09,-0.504662625
90.1999991,0.86296176,4.63047453e-09,-0.505269237
90.2099991,0.862605813,4.63251067e-09,-0.505876676
90.2199991,0.862248972,4.63682203e-09,-0.50648466
90.2299991,0.861891278,4.64228708e-09,-0.507093113
90.2399991,0.861532787,4.64850993e-09,-0.507701938
90.2499991,0.861173458,4.65478726e-09,-0.5083112
90.2599991,0.860813275,4.66148149e-09,-0.508920923
90.2699991,0.860452264,4.66893053e-09,-0.50953106
90.2799991,0.860090466,4.67604451e-09,-0.510141539
90.2899991,0.859727858,4.68167524e-09,-0.510752397
90.2999991,0.859364506,4.68786045e-09,-0.511363517
90.3099991,0.8590004,4.69496248e-09,-0.511974914
90.3199991,0.858635445,4.70028578e-09,-0.512586746
90.3299991,0.858269492,4.70300784e-09,-0.513199259
90.3399991,0.857902726,4.70540568e-09,-0.513812137
90.3499991,0.857535295,4.70811145e-09,-0.514425133
90.3599991,0.857167231,4.70984186e-09,-0.515038192
90.3699991,0.856798514,4.70977775e-09,-0.515651343
90.3799991,0.856429137,4.71050276e-09,-0.516264596
90.3899991,0.856059051,4.71444593e-09,-0.516878033
90.3999991,0.855688036,4.72208167e-09,-0.517492015
90.4099991,0.855315875,4.73187454e-09,-0.518106894
90.4199991,0.854942804,4.74109559e-09,-0.518722279
90.4299991,0.854568971,4.74821334e-09,-0.519337918
90.4399991,0.854194429,4.75190255e-09,-0.519953727
90.4499991,0.853819124,4.75111482e-09,-0.520569787
90.4599991,0.853443076,4.7485162e-09,-0.521186067
90.4699991,0.853066346,4.74546016e-09,-0.521802462
90.4799991,0.852688925,4.74119104e-09,-0.522418986
90.4899991,0.852310834,4.73519265e-09,-0.523035604
90.4999991,0.85193213,4.72821815e-09,-0.523652218
90.5099991,0.851552801,4.72059643e-09,-0.52426885
90.5199991,0.851172677,4.71195058e-09,-0.524885772
90.5299991,0.850791607,4.70140243e-09,-0.525503226
90.5399991,0.850409648,4.69047518e-09,-0.526121118
90.5499991,0.85002679,4.68034034e-09,-0.526739457
90.5599991,0.849643048,4.66928066e-09,-0.527358219
90.5699991,0.849258472,4.6569758e-09,-0.527977318
90.5799991,0.84887311,4.64391436e-09,-0.528596673
90.5899991,0.848486782,4.62912179e-09,-0.529216572
90.5999991,0.848099315,4.61101523e-09,-0.529837288
90.6099991,0.84771093,4.5953071e-09,-0.530458461
90.6199991,0.847321778,4.58303962e-09,-0.531079848
90.6299991,0.846931784,4.57183538e-09,-0.531701564
90.6399991,0.84654063,4.55908441e-09,-0.532324114
90.6499991,0.846148237,4.54530946e-09,-0.532947616
90.6599991,0.84575483,4.53170291e-09,-0.533571708
90.6699991,0.845360511,4.51858931e-09,-0.534196224
90.6799991,0.84496522,4.50638392e-09,-0.534821258
90.6899991,0.844568744,4.49365362e-09,-0.535447137
90.6999991,0.844170942,4.48094658e-09,-0.536074081
90.7099991,0.843771752,4.47026012e-09,-0.536702181
90.7199991,0.84337136,4.46253937e-09,-0.537331136
90.7299991,0.842969816,4.45745139e-09,-0.537960862
90.7399991,0.842567344,4.45499968e-09,-0.538591005
90.7499991,0.842164028,4.45524944e-09,-0.53922143
90.7599991,0.841759866,4.457809e-09,-0.539852136
90.7699991,0.841354885,4.46222901e-09,-0.540483077
90.7799991,0.840949086,4.46839828e-09,-0.541114253
90.7899991,0.840542526,4.47566958e-09,-0.54174557
90.7999991,0.840135186,4.48301145e-09,-0.542377054
90.8099991,0.839726991,4.489338e-09,-0.543008822
90.8199991,0.839317933,4.49508007e-09,-0.543640881
90.8299991,0.838908079,4.50092531e-09,-0.544273125
90.8399991,0.8384975,4.50796023e-09,-0.544905444
90.8499991,0.838086226,4.51735737e-09,-0.545537788
90.8599991,0.837674196,4.52736871e-09,-0.546170249
90.8699991,0.837261375,4.53550799e-09,-0.54680288
90.8799991,0.836847767,4.54501309e-09,-0.547435672
90.8899991,0.836433256,4.55670244e-09,-0.548068798
90.8999991,0.836017795,4.56843272e-09,-0.548702329
90.9099991,0.835601348,4.58108007e-09,-0.549336315
90.9199991,0.835183994,4.59549566e-09,-0.549970631
90.9299991,0.834765851,4.60970675e-09,-0.550605098
90.9399991,0.834346924,4.62232757e-09,-0.551239703
90.9499991,0.833927216,4.63315002e-09,-0.551874441
90.9599991,0.833506789,4.64168707e-09,-0.552509214
90.9699991,0.833085664,4.64791858e-09,-0.553143992
90.9799991,0.832663832,4.65203324e-09,-0.553778784
90.9899991,0.832241227,4.65492846e-09,-0.554413691
90.9999991,0.831817759,4.65738064e-09,-0.555048841
91.0099991,0.831393561,4.65804791e-09,-0.555684036
91.0199991,0.83096865,4.65704357e-09,-0.556319246
91.0299991,0.830542995,4.65408446e-09,-0.556954516
91.0399991,0.830116612,4.64913506e-09,-0.557589823
91.0499991,0.829689554,4.64316593e-09,-0.558225084
91.0599991,0.82926173,4.6359916e-09,-0.558860432
91.0699991,0.828832927,4.62782642e-09,-0.559496183
91.0799991,0.828403235,4.62068594e-09,-0.560132198
91.0899991,0.827972773,4.6111637e-09,-0.560768301
91.0999991,0.827541535,4.59623622e-09,-0.561404496
91.1099991,0.827109536,4.57670582e-09,-0.56204076
91.1199991,0.8266767,4.55456834e-09,-0.562677203
91.1299991,0.826243028,4.5303143e-09,-0.56331382
91.1399991,0.825808545,4.50350296e-09,-0.563950571
91.1499991,0.825373278,4.4757363e-09,-0.564587418
91.1599991,0.824937213,4.44802526e-09,-0.565224375
91.1699991,0.824500279,4.42006307e-09,-0.565861547
91.1799991,0.82406249,4.39156924e-09,-0.566498908
91.1899991,0.823623852,4.36299322e-09,-0.567136448
91.1999991,0.823184416,4.33417625e-09,-0.56777409
91.2099991,0.822744174,4.30537056e-09,-0.568411844
91.2199991,0.822302901,4.2752804e-09,-0.569050032
91.2299991,0.821860286,4.2416602e-09,-0.5696891
91.2399991,0.82141657,4.20831249e-09,-0.570328694
91.2499991,0.820971965,4.17703126e-09,-0.570968504
91.2599991,0.82052636,4.14801735e-09,-0.571608688
91.2699991,0.820079446,4.12102905e-09,-0.572249685
91.2799991,0.819631332,4.09367204e-09,-0.572891333
91.2899991,0.819182132,4.06571818e-09,-0.573533465
91.2999991,0.818731676,4.03736783e-09,-0.574176317
91.3099991,0.818279833,4.01145409e-09,-0.574820072
91.3199991,0.817826508,3.99109504e-09,-0.575464858
91.3299991,0.817371859,3.97260853e-09,-0.576110445
91.3399991,0.81691599,3.9524047e-09,-0.576756677
91.3499991,0.816458814,3.93011235e-09,-0.577403675
91.3599991,0.816000568,3.90763789e-09,-0.578051099
91.3699991,0.815541364,3.88329042e-09,-0.578698785
91.3799991,0.815081009,3.8546877e-09,-0.579347001
91.3899991,0.814619312,3.82559247e-09,-0.579996014
91.3999991,0.814156391,3.79892586e-09,-0.58064565
91.4099991,0.813692482,3.77301149e-09,-0.581295574
91.4199991,0.813227624,3.74582102e-09,-0.581945728
91.4299991,0.812761694,3.71630865e-09,-0.582596283
91.4399991,0.81229468,3.68585149e-09,-0.583247248
91.4499991,0.811826526,3.65326688e-09,-0.583898701
91.4599991,0.811357176,3.61651757e-09,-0.58455071
91.4699991,0.810886717,3.57889159e-09,-0.585203155
91.4799991,0.810415109,3.54251809e-09,-0.585856084
91.4899991,0.809942274,3.50540574e-09,-0.586509602
91.4999991,0.809468186,3.46683586e-09,-0.587163739
91.5099991,0.80899288,3.42915665e-09,-0.587818441
91.5199991,0.808516437,3.39356595e-09,-0.588473595
91.5299991,0.808038826,3.35838047e-09,-0.589129235
91.5399991,0.807560063,3.32315614e-09,-0.589785338
91.5499991,0.80708023,3.28807881e-09,-0.590441786
91.5599991,0.806599318,3.25275382e-09,-0.591098587
91.5699991,0.806117351,3.2184175e-09,-0.591755706
91.5799991,0.805634149,3.18662062e-09,-0.592413384
91.5899991,0.805149517,3.15866183e-09,-0.59307188
91.5999991,0.804663827,3.13094178e-09,-0.593730684
91.6099991,0.804177294,3.10275747e-09,-0.594389502
91.6199991,0.803689931,3.07311211e-09,-0.595048313
91.6299991,0.803201688,3.04161277e-09,-0.595707184
91.6399991,0.802712613,3.01178901e-09,-0.596366047
91.6499991,0.802222678,2.98420537e-09,-0.597024936
91.6599991,0.801731791,2.95774672e-09,-0.597683976
91.6699991,0.801240003,2.9323944e-09,-0.598343093
91.6799991,0.800747336,2.90778116e-09,-0.599002256
91.6899991,0.800253732,2.88569816e-09,-0.599661542
91.6999991,0.799758939,2.86744863e-09,-0.60032128
91.7099991,0.799262841,2.84933791e-09,-0.600981623
91.7199991,0.798765182,2.82927782e-09,-0.601642903
91.7299991,0.798266325,2.80872834e-09,-0.602304636
91.7399991,0.797766448,2.78901292e-09,-0.602966578
91.7499991,0.797265451,2.77018458e-09,-0.60362886
91.7599991,0.796763327,2.75295453e-09,-0.604291487
91.7699991,0.79626017,2.73751548e-09,-0.604954331
91.7799991,0.795755976,2.7223074e-09,-0.605617393
91.7899991,0.795250645,2.7057328e-09,-0.606280802
91.7999991,0.794744099,2.68717987e-09,-0.606944658
91.8099991,0.794236129,2.66678554e-09,-0.607609226
91.8199991,0.793726249,2.64485979e-09,-0.608275137
91.8299991,0.793214615,2.6189991e-09,-0.608942177
91.8399991,0.792701318,2.58562982e-09,-0.60961022
91.8499991,0.792186386,2.54627697e-09,-0.610279223
91.8599991,0.791670031,2.50802626e-09,-0.610948903
91.8699991,0.791152387,2.472275e-09,-0.611619081
91.8799991,0.790633545,2.43833552e-09,-0.612289635
91.8899991,0.790113417,2.40555307e-09,-0.612960674
91.8999991,0.789591854,2.37359167e-09,-0.613632386
91.9099991,0.789068981,2.34310043e-09,-0.614304601
91.9199991,0.788544637,2.31047213e-09,-0.614977525
91.9299991,0.788018494,2.27426483e-09,-0.615651567
91.9399991,0.787490767,2.24109437e-09,-0.616326449
91.9499991,0.786961694,2.21222766e-09,-0.617001857
91.9599991,0.786431323,2.18475364e-09,-0.617677727
91.9699991,0.785899811,2.15794058e-09,-0.618353853
91.9799991,0.785367216,2.12989859e-09,-0.619030157
91.9899991,0.784833533,2.09846608e-09,-0.619706644
91.9999991,0.784298855,2.06731654e-09,-0.620383193
92.0099991,0.78376324,2.03860209e-09,-0.621059726
92.0199991,0.783226716,2.01025195e-09,-0.621736207
92.0299991,0.782689187,1.98201967e-09,-0.622412755
92.0399991,0.782150533,1.95521803e-09,-0.623089515
92.0499991,0.781610816,1.92871073e-09,-0.623766408
92.0599991,0.781070031,1.90252798e-09,-0.624443437
92.0699991,0.780527975,1.87517378e-09,-0.625120853
92.0799991,0.779984767,1.85054165e-09,-0.6257985
92.0899991,0.779440525,1.82953831e-09,-0.626476231
92.0999991,0.778895217,1.80994684e-09,-0.62715408
92.1099991,0.778348841,1.79011254e-09,-0.627832049
92.1199991,0.77780126,1.76655117e-09,-0.628510303
92.1299991,0.777252405,1.73812366e-09,-0.629188922
92.1399991,0.776702476,1.71100684e-09,-0.629867656
92.1499991,0.776151545,1.68649141e-09,-0.630546413
92.1599991,0.775599503,1.66253201e-09,-0.631225325
92.1699991,0.775046236,1.637414e-09,-0.631904528
92.1799991,0.77449178,1.61322839e-09,-0.632583973
92.1899991,0.77393623,1.59111899e-09,-0.633263541
92.1999991,0.773379688,1.56892572e-09,-0.633943103
92.2099991,0.772822142,1.54515868e-09,-0.634622672
92.2199991,0.77226357,1.5209624e-09,-0.635302273
92.2299991,0.771703928,1.49457352e-09,-0.635981955
92.2399991,0.771143228,1.46743941e-09,-0.636661701
92.2499991,0.770581394,1.44273565e-09,-0.6373416
92.2599991,0.770018217,1.41934771e-09,-0.6380219
92.2699991,0.769453858,1.39726736e-09,-0.638702404
92.2799991,0.768888314,1.37535989e-09,-0.639383109
92.2899991,0.768321576,1.35459413e-09,-0.640064025
92.2999991,0.767753614,1.33669458e-09,-0.640745182
92.3099991,0.767184454,1.31874885e-09,-0.641426546
92.3199991,0.766614123,1.29947407e-09,-0.64210808
92.3299991,0.766042593,1.27821951e-09,-0.642789814
92.3399991,0.765469897,1.25574877e-09,-0.643471706
92.3499991,0.764896118,1.23191332e-09,-0.644153653
92.3599991,0.764321264,1.2089211e-09,-0.644835643
92.3699991,0.763745152,1.18715754e-09,-0.645517887
92.3799991,0.763167823,1.16616254e-09,-0.646200336
92.3899991,0.762589329,1.14492833e-09,-0.646882922
92.3999991,0.762009548,1.1230118e-09,-0.647565787
92.4099991,0.761428562,1.10147622e-09,-0.64824883
92.4199991,0.76084631,1.07900053e-09,-0.648932118
92.4299991,0.760262657,1.05362448e-09,-0.649615804
92.4399991,0.759677725,1.02838613e-09,-0.650299742
92.4499991,0.759091469,1.00292113e-09,-0.65098398
92.4599991,0.758503412,9.74372549e-10,-0.651669067
92.4699991,0.757913212,9.46929973e-10,-0.652355396
92.4799991,0.757321244,9.26437801e-10,-0.653042521
92.4899991,0.756727642,9.12538253e-10,-0.653730278
92.4999991,0.75613223,8.98386506e-10,-0.654418865
92.5099991,0.755535098,8.85439153e-10,-0.65510817
92.519999,0.754936494,8.76344336e-10,-0.655797903
92.529999,0.754336482,8.70394556e-10,-0.656487983
92.539999,0.7537349,8.65097583e-10,-0.657178591
92.549999,0.753131604,8.60817774e-10,-0.657869887
92.559999,0.752526808,8.57678566e-10,-0.658561617
92.569999,0.751920677,8.55650801e-10,-0.659253589
92.579999,0.751313366,8.54955726e-10,-0.659945624
92.589999,0.750704955,8.55227451e-10,-0.660637624
92.599999,0.750095448,8.55001971e-10,-0.661329585
92.609999,0.749484802,8.53301766e-10,-0.662021549
92.619999,0.748873073,8.52686688e-10,-0.662713452
92.629999,0.748260239,8.53840169e-10,-0.663405317
92.639999,0.747646274,8.5661025e-10,-0.664097168
92.649999,0.747031235,8.59914424e-10,-0.664788939
92.659999,0.74641517,8.62036477e-10,-0.665480573
92.669999,0.745798041,8.61279131e-10,-0.666172112
92.679999,0.745179873,8.57792747e-10,-0.666863521
92.689999,0.744560713,8.49971279e-10,-0.667554751
92.699999,0.743940325,8.38135043e-10,-0.668246058
92.709999,0.74331836,8.23881824e-10,-0.668937826
92.719999,0.742695037,8.05105781e-10,-0.66962981
92.729999,0.74207035,7.79233022e-10,-0.670322009
92.739999,0.741444102,7.53107268e-10,-0.671014638
92.749999,0.740815947,7.30797895e-10,-0.671708072
92.759999,0.740186218,7.05296777e-10,-0.672401935
92.769999,0.739555,6.72826592e-10,-0.673096131
92.779999,0.738922286,6.37945475e-10,-0.673790662
92.789999,0.738287992,6.05709152e-10,-0.674485612
92.799999,0.737652345,5.75529149e-10,-0.675180729
92.809999,0.737015358,5.44979993e-10,-0.675875996
92.819999,0.736376988,5.11928242e-10,-0.676571454
92.829999,0.735737309,4.76201307e-10,-0.677267016
92.839999,0.735096357,4.39169715e-10,-0.677962644
92.849999,0.734454137,4.0033882e-10,-0.678658324
92.859999,0.733810474,3.59583522e-10,-0.679354243
92.869999,0.73316543,3.18603766e-10,-0.680050331
92.879999,0.732519216,2.78081042e-10,-0.680746354
92.889999,0.731871879,2.37043072e-10,-0.68144226
92.899999,0.731223428,1.96019708e-10,-0.682138035
92.909999,0.730573808,1.54670571e-10,-0.682833736
92.919999,0.729922773,1.10546023e-10,-0.683529623
92.929999,0.729270181,6.71136009e-11,-0.684225842
92.939999,0.728616025,3.0036041e-11,-0.684922395
92.949999,0.727960558,-7.68040862e-12,-0.685619009
92.959999,0.727303816,-4.87473153e-11,-0.686315641
92.969999,0.726645653,-9.36871972e-11,-0.687012442
92.979999,0.725986142,-1.40120437e-10,-0.687709329
92.989999,0.725325068,-1.81666501e-10,-0.688406527
92.999999,0.724662017,-2.16553693e-10,-0.689104463
93.009999,0.723997162,-2.52696558e-10,-0.68980295
93.019999,0.72333056,-2.93027724e-10,-0.69050192
93.029999,0.722662428,-3.36135209e-10,-0.691201139
93.039999,0.721992817,-3.81958134e-10,-0.69190055
93.049999,0.721321837,-4.28943302e-10,-0.692600034
93.059999,0.720649459,-4.73963488e-10,-0.693299616
93.069999,0.719975592,-5.13559572e-10,-0.693999386
93.079999,0.719300087,-5.52971672e-10,-0.694699492
93.089999,0.718622655,-5.91910232e-10,-0.69540023
93.099999,0.717943552,-6.28587322e-10,-0.696101326
93.109999,0.717263109,-6.64254798e-10,-0.696802434
93.119999,0.716581321,-7.0152212e-10,-0.697503556
93.129999,0.715898069,-7.40610476e-10,-0.698204809
93.139999,0.715213459,-7.77911649e-10,-0.698906079
93.149999,0.71452735,-8.13395186e-10,-0.699607509
93.159999,0.713839682,-8.47889637e-10,-0.700309152
93.169999,0.713150651,-8.79460929e-10,-0.701010805
93.179999,0.71246023,-9.09464061e-10,-0.701712492
93.189999,0.711768402,-9.37690462e-10,-0.702414224
93.199999,0.711075271,-9.63577731e-10,-0.703115893
93.209999,0.710380775,-9.87752345e-10,-0.703817558
93.219999,0.709684628,-1.00934669e-09,-0.704519502
93.229999,0.708986602,-1.029846e-09,-0.70522195
93.239999,0.708286928,-1.0523143e-09,-0.705924661
93.249999,0.707585704,-1.07797217e-09,-0.706627534
93.259999,0.706883062,-1.10732605e-09,-0.70733043
93.269999,0.706178976,-1.13499094e-09,-0.708033371
93.279999,0.705473197,-1.1579572e-09,-0.7087366
93.289999,0.704765974,-1.18013221e-09,-0.709439865
93.299999,0.70405732,-1.20426163e-09,-0.710143148
93.309999,0.703347094,-1.22993562e-09,-0.710846583
93.319999,0.702635298,-1.25518193e-09,-0.711550166
93.329999,0.701921754,-1.27903669e-09,-0.712254064
93.339999,0.701206364,-1.30058467e-09,-0.712958369
93.349999,0.700489439,-1.31909146e-09,-0.713662768
93.359999,0.699771175,-1.33412735e-09,-0.714367064
93.369999,0.699051471,-1.34768282e-09,-0.715071354
93.379999,0.698330321,-1.36007372e-09,-0.715775637
93.389999,0.697607697,-1.37035479e-09,-0.716479937
93.399999,0.69688337,-1.37977482e-09,-0.717184473
93.409999,0.696157464,-1.38847614e-09,-0.717889118
93.419999,0.69543002,-1.3989795e-09,-0.718593826
93.429999,0.694701001,-1.41340712e-09,-0.71929863
93.439999,0.693970631,-1.42702536e-09,-0.720003308
93.449999,0.693238961,-1.43966783e-09,-0.720707807
93.459999,0.692505647,-1.45504022e-09,-0.721412454
93.469999,0.691770508,-1.47395035e-09,-0.722117417
93.479999,0.69103374,-1.49503453e-09,-0.722822503
93.489999,0.690295323,-1.51635706e-09,-0.723527723
93.499999,0.689555411,-1.53643574e-09,-0.724232929
93.509999,0.688814108,-1.55559198e-09,-0.724938015
93.519999,0.688071284,-1.57392528e-09,-0.725643099
93.529999,0.687326873,-1.59004262e-09,-0.726348243
93.539999,0.686580933,-1.60498723e-09,-0.727053384
93.549999,0.685833291,-1.61845017e-09,-0.72775868
93.559999,0.685083415,-1.63160514e-09,-0.728464628
93.569999,0.684331518,-1.64207084e-09,-0.729171018
93.579999,0.683577868,-1.65042615e-09,-0.729877592
93.589999,0.682822619,-1.65952053e-09,-0.730584198
93.599999,0.682065732,-1.66982589e-09,-0.73129087
93.609999,0.68130706,-1.68077628e-09,-0.731997739
93.619999,0.680546621,-1.6927264e-09,-0.732704782
93.629999,0.67978446,-1.70475795e-09,-0.73341195
93.639999,0.679020743,-1.71551662e-09,-0.734119085
93.649999,0.678255604,-1.72543332e-09,-0.734826058
93.659999,0.677489058,-1.73651463e-09,-0.735532852
93.669999,0.676720919,-1.75038208e-09,-0.736239633
93.679999,0.675951023,-1.76549939e-09,-0.736946548
93.689999,0.67517957,-1.77943851e-09,-0.737653407
93.699999,0.674406659,-1.79244426e-09,-0.738360114
93.709999,0.673632263,-1.80712901e-09,-0.739066691
93.719999,0.672856323,-1.8234715e-09,-0.739773188
93.729999,0.672078951,-1.83998374e-09,-0.740479496
93.739999,0.671300122,-1.85553627e-09,-0.741185635
93.749999,0.670519446,-1.87330843e-09,-0.741891955
93.759999,0.669736986,-1.89464067e-09,-0.742598391
93.769999,0.668952811,-1.91574581e-09,-0.743304875
93.779999,0.668166516,-1.9368022e-09,-0.744011766
93.789999,0.667378212,-1.95828915e-09,-0.744718955
93.799999,0.666587956,-1.98054442e-09,-0.745426386
93.809999,0.66579575,-2.00091975e-09,-0.746134049
93.819999,0.66500155,-2.01975013e-09,-0.746841977
93.829999,0.664205611,-2.03776594e-09,-0.747549936
93.839999,0.663408048,-2.05574728e-09,-0.748257818
93.849999,0.662608924,-2.07515226e-09,-0.748965563
93.859999,0.661808352,-2.09538739e-09,-0.749673065
93.869999,0.661006339,-2.11556036e-09,-0.750380317
93.879999,0.660202817,-2.13691766e-09,-0.751087372
93.889999,0.659397847,-2.15967323e-09,-0.751794174
93.899999,0.658591535,-2.18251901e-09,-0.752500625
93.909999,0.657783873,-2.20509368e-09,-0.753206729
93.919999,0.656974998,-2.22726156e-09,-0.753912363
93.929999,0.656164937,-2.24982069e-09,-0.754617502
93.939999,0.655353555,-2.27442843e-09,-0.755322261
93.949999,0.654540609,-2.30198562e-09,-0.756026845
93.959999,0.653725881,-2.33264827e-09,-0.75673144
93.969999,0.652909606,-2.36623742e-09,-0.757435836
93.979999,0.652091963,-2.40068525e-09,-0.758139876
93.989999,0.651272674,-2.43744382e-09,-0.758843794
93.999999,0.650451552,-2.47698937e-09,-0.759547746
94.009999,0.649628525,-2.52084625e-09,-0.760251787
94.019999,0.648802946,-2.56986958e-09,-0.760956462
94.029999,0.647974852,-2.6199738e-09,-0.76166173
94.039999,0.647144706,-2.66620477e-09,-0.762367188
94.049999,0.646312627,-2.71042803e-09,-0.763072728
94.059999,0.645478658,-2.75706397e-09,-0.763778307
94.069999,0.644642928,-2.80541361e-09,-0.76448381
94.079999,0.643805362,-2.85486036e-09,-0.765189294
94.089999,0.642966102,-2.90647882e-09,-0.765894635
94.099999,0.642125061,-2.96069551e-09,-0.766599899
94.109999,0.641282169,-3.01613627e-09,-0.767305141
94.119999,0.640437523,-3.07549141e-09,-0.768010273
94.129999,0.639591163,-3.13723255e-09,-0.768715255
94.139999,0.638743103,-3.19865569e-09,-0.769420072
94.149999,0.637893294,-3.2624232e-09,-0.77012476
94.159999,0.637041602,-3.33133167e-09,-0.770829422
94.169999,0.636188056,-3.39858356e-09,-0.771534028
94.179999,0.635332608,-3.46245414e-09,-0.772238614
94.189999,0.634475154,-3.52489905e-09,-0.772943257
94.199999,0.633615663,-3.58617278e-09,-0.773647977
94.209999,0.632754224,-3.64671245e-09,-0.774352692
94.219999,0.631891116,-3.70487803e-09,-0.77505717
94.229999,0.631026527,-3.75963326e-09,-0.775761253
94.239999,0.630160372,-3.81265951e-09,-0.776465006
94.249999,0.629292446,-3.86459418e-09,-0.77716859
94.259999,0.628422701,-3.91357658e-09,-0.777872039
94.269999,0.627551347,-3.95908954e-09,-0.778575177
94.279999,0.626678539,-4.00350671e-09,-0.779277877
94.289999,0.625804103,-4.05062924e-09,-0.779980272
94.299999,0.624927939,-4.09998255e-09,-0.78068244
94.309999,0.624050154,-4.15063651e-09,-0.781384288
94.319999,0.623170788,-4.20397397e-09,-0.782085781
94.329999,0.62228978,-4.25738488e-09,-0.782786963
94.339999,0.621406895,-4.30747518e-09,-0.783488016
94.349999,0.620522348,-4.36109978e-09,-0.784188763
94.359999,0.619636074,-4.42288047e-09,-0.784889251
94.369999,0.618748038,-4.49082411e-09,-0.785589502
94.379999,0.617858501,-4.55805925e-09,-0.786289306
94.389999,0.616967533,-4.62346903e-09,-0.786988604
94.399999,0.616075141,-4.68688863e-09,-0.787687388
94.409999,0.615181433,-4.74777181e-09,-0.788385568
94.419999,0.614286434,-4.80619882e-09,-0.789083124
94.429999,0.613389925,-4.86456147e-09,-0.789780223
94.439999,0.612491547,-4.92886793e-09,-0.790477138
94.449999,0.611591062,-4.99980773e-09,-0.791174047
94.459999,0.610688603,-5.0674311e-09,-0.791870842
94.469999,0.609784237,-5.12882214e-09,-0.792567463
94.479999,0.608878174,-5.18544403e-09,-0.793263745
94.489999,0.607970502,-5.2396956e-09,-0.793959614
94.499999,0.607061025,-5.29309293e-09,-0.794655216
94.509999,0.606149241,-5.34902996e-09,-0.795350927
94.519999,0.605234875,-5.40771365e-09,-0.796046949
94.529999,0.604317526,-5.46938915e-09,-0.796743577
94.539999,0.603397577,-5.52723418e-09,-0.797440508
94.549999,0.60247543,-5.57933318e-09,-0.79813743
94.559999,0.601551279,-5.63595609e-09,-0.798834187
94.569999,0.600625161,-5.69791201e-09,-0.799530747
94.579999,0.599697132,-5.76357634e-09,-0.800227062
94.589999,0.598766928,-5.83829648e-09,-0.800923321
94.599999,0.597833728,-5.92390096e-09,-0.80162013
94.609999,0.596897562,-6.00971222e-09,-0.802317456
94.619999,0.595959005,-6.08737299e-09,-0.803014859
94.629999,0.595018344,-6.15885203e-09,-0.803712119
94.639999,0.594075701,-6.23051208e-09,-0.804409138
94.649999,0.593131277,-6.30617539e-09,-0.805105762
94.659999,0.592185226,-6.38560929e-09,-0.805801873
94.669999,0.591237587,-6.46823786e-09,-0.806497437
94.679999,0.590288273,-6.55158585e-09,-0.807192514
94.689999,0.589336964,-6.63590492e-09,-0.807887333
94.699999,0.588383785,-6.71837841e-09,-0.808581796
94.709999,0.587428927,-6.79750253e-09,-0.80927576
94.719999,0.586472536,-6.87580475e-09,-0.809969114
94.729999,0.585514539,-6.95493833e-09,-0.810661906
94.739999,0.584554899,-7.03513776e-09,-0.811354158
94.749999,0.583593291,-7.11613655e-09,-0.812046101
94.759999,0.582629662,-7.1922818e-09,-0.812737766
94.769999,0.581664104,-7.27497761e-09,-0.813429081
94.779999,0.580696558,-7.36771001e-09,-0.814120082
94.789999,0.579727021,-7.46262103e-09,-0.814810764
94.799999,0.578755494,-7.55880943e-09,-0.815501121
94.809999,0.577782193,-7.65703774e-09,-0.816190993
94.819999,0.576806897,-7.76314e-09,-0.816880532
94.829999,0.575829323,-7.87305973e-09,-0.81756993
94.839999,0.574849695,-7.983079e-09,-0.818259022
94.849999,0.573868002,-8.09076026e-09,-0.81894781
94.859999,0.572883991,-8.19278982e-09,-0.819636464
94.869999,0.571897261,-8.2829645e-09,-0.820325254
94.879999,0.57090806,-8.36702716e-09,-0.821014
94.889999,0.569916645,-8.45492564e-09,-0.821702512
94.899999,0.568923014,-8.54026669e-09,-0.822390785
94.909999,0.567926969,-8.62067629e-09,-0.82307895
94.919999,0.566928776,-8.70094476e-09,-0.823766814
94.929999,0.565928304,-8.78162516e-09,-0.824454459
94.939999,0.564925538,-8.86305092e-09,-0.825141889
94.949999,0.563920749,-8.94078506e-09,-0.82582891
94.959999,0.562913954,-9.01310037e-09,-0.826515505
94.969999,0.561905203,-9.08511982e-09,-0.827201634
94.979999,0.560894575,-9.15983055e-09,-0.827887236
94.989999,0.559881982,-9.23711032e-09,-0.828572366
94.999999,0.55886744,-9.31420003e-09,-0.829257008
95.009999,0.557851085,-9.3907002e-09,-0.829941062
95.019999,0.556832822,-9.46455329e-09,-0.830624589
95.029999,0.55581253,-9.53275405e-09,-0.831307664
95.039999,0.554790523,-9.60020433e-09,-0.831990069
95.049999,0.553766921,-9.66885599e-09,-0.832671722
95.059999,0.552741735,-9.73690092e-09,-0.833352611
95.069999,0.55171488,-9.80273027e-09,-0.834032788
95.079999,0.550686287,-9.86276144e-09,-0.834712294
95.089999,0.549656132,-9.91772252e-09,-0.835391008
95.099999,0.548624524,-9.97328455e-09,-0.836068856
95.109999,0.547591449,-1.00348374e-08,-0.836745842
95.119999,0.546556748,-1.0095381e-08,-0.837422069
95.129999,0.545520151,-1.01507648e-08,-0.838097706
95.139999,0.54448169,-1.02025437e-08,-0.838772728
95.149999,0.543441362,-1.02484687e-08,-0.839447131
95.159999,0.542399264,-1.02909716e-08,-0.840120848
95.169999,0.541355665,-1.03343546e-08,-0.840793699
95.179999,0.540310582,-1.0376703e-08,-0.841465671
95.189999,0.539263926,-1.04136247e-08,-0.842136817
95.199999,0.538215739,-1.04479519e-08,-0.842807106
95.209999,0.537166104,-1.0484897e-08,-0.843476483
95.219999,0.536115011,-1.05242804e-08,-0.844144949
95.229999,0.535062373,-1.05625814e-08,-0.844812558
95.239999,0.534008,-1.0596928e-08,-0.845479424
95.249999,0.532951632,-1.06290206e-08,-0.846145707
95.259999,0.531892594,-1.06638695e-08,-0.846811826
95.269999,0.530831345,-1.07025096e-08,-0.847477482
95.279999,0.529768066,-1.07413235e-08,-0.848142557
95.289999,0.528702474,-1.07772305e-08,-0.848807219
95.299999,0.527634851,-1.08117272e-08,-0.849471285
95.309999,0.526565202,-1.084452e-08,-0.850134747
95.319999,0.525493195,-1.08758041e-08,-0.850797803
95.329999,0.524419075,-1.09080954e-08,-0.851460295
95.339999,0.523342842,-1.09403554e-08,-0.852122215
95.349999,0.522264357,-1.09748647e-08,-0.852783643
95.359999,0.52118361,-1.1012418e-08,-0.853444576
95.369999,0.520100891,-1.10502924e-08,-0.854104832
95.379999,0.519016385,-1.1087486e-08,-0.854764291
95.389999,0.517930117,-1.11233092e-08,-0.855422933
95.399999,0.516842053,-1.11551442e-08,-0.856080774
95.409999,0.515752277,-1.11838712e-08,-0.85673776
95.419999,0.514660496,-1.12095456e-08,-0.85739406
95.429999,0.513566246,-1.12337814e-08,-0.858049947
95.439999,0.512469957,-1.12611165e-08,-0.858705155
95.449999,0.511372016,-1.12894437e-08,-0.859359448
95.459999,0.510272423,-1.13173746e-08,-0.860012822
95.469999,0.509170854,-1.13452936e-08,-0.860665464
95.479999,0.508067386,-1.13725075e-08,-0.861317323
95.489999,0.50696219,-1.13981215e-08,-0.861968293
95.499999,0.505855411,-1.14222487e-08,-0.862618284
95.509999,0.504747072,-1.14455896e-08,-0.863267278
95.519999,0.503637064,-1.14683337e-08,-0.863915336
95.529999,0.502525099,-1.14905964e-08,-0.864562621
95.539999,0.501410821,-1.1513346e-08,-0.865209332
95.549999,0.50029424,-1.15357553e-08,-0.865855458
95.559999,0.499175668,-1.15575547e-08,-0.866500809
95.569999,0.498055217,-1.15786277e-08,-0.867145317
95.579999,0.496932977,-1.15982503e-08,-0.867788924
95.589999,0.495808877,-1.16169551e-08,-0.868431666
95.599999,0.494682991,-1.16357832e-08,-0.869073494
95.609999,0.493555281,-1.16557638e-08,-0.869714427
95.619999,0.49242551,-1.16763647e-08,-0.870354593
95.629999,0.491293155,-1.16989783e-08,-0.87099428
95.639999,0.490158525,-1.17204066e-08,-0.871633306
95.649999,0.4890218,-1.17384965e-08,-0.872271563
95.659999,0.487882808,-1.17535153e-08,-0.87290914
95.669999,0.486741424,-1.17687045e-08,-0.873546098
95.679999,0.485597628,-1.17867187e-08,-0.874182443
95.689999,0.484451634,-1.18041998e-08,-0.874818047
95.699999,0.483303112,-1.18198564e-08,-0.875453084
95.709999,0.482151466,-1.18375236e-08,-0.876087875
95.719999,0.480996962,-1.18573519e-08,-0.876722261
95.729999,0.479839977,-1.18753413e-08,-0.877356026
95.739999,0.478680689,-1.18895514e-08,-0.877989065
95.749999,0.477518796,-1.19021158e-08,-0.878621534
95.759999,0.476354198,-1.19142231e-08,-0.879253477
95.769999,0.475187223,-1.19246311e-08,-0.87988471
95.779999,0.474017861,-1.19332608e-08,-0.880515228
95.789999,0.472846126,-1.19427179e-08,-0.881145017
95.799999,0.471672179,-1.19542916e-08,-0.881773982
95.809999,0.470496186,-1.19671287e-08,-0.882402028
95.819999,0.469318395,-1.1981019e-08,-0.883029017
95.829999,0.468138997,-1.1996787e-08,-0.883654842
95.839999,0.466958028,-1.20139417e-08,-0.884279481
95.849999,0.465775399,-1.20307673e-08,-0.884902976
95.859999,0.464590982,-1.2047325e-08,-0.885525392
95.869999,0.463404569,-1.20625685e-08,-0.886146831
95.879999,0.462216406,-1.20723498e-08,-0.886767159
95.889999,0.461026748,-1.20789574e-08,-0.887386239
95.899999,0.45983559,-1.20835187e-08,-0.888004071
95.909999,0.45864265,-1.20866673e-08,-0.888620796
95.919999,0.457447423,-1.20902096e-08,-0.88923667
95.929999,0.456250152,-1.20923297e-08,-0.88985156
95.939999,0.455051043,-1.2093196e-08,-0.890465355
95.949999,0.453850153,-1.2092762e-08,-0.891078021
95.959999,0.452647527,-1.20905112e-08,-0.891689529
95.969999,0.451443086,-1.20896355e-08,-0.892299916
95.979999,0.450236528,-1.20921578e-08,-0.892909329
95.989999,0.449027896,-1.20960958e-08,-0.893517738
95.999999,0.447817305,-1.21008092e-08,-0.894125082
96.009999,0.446604759,-1.21080891e-08,-0.89473135
96.019999,0.445390232,-1.21170371e-08,-0.895336552
96.029999,0.444173806,-1.21266508e-08,-0.89594064
96.039999,0.442955739,-1.21361923e-08,-0.896543481
96.049999,0.441735749,-1.21462629e-08,-0.89714521
96.059999,0.44051339,-1.21555372e-08,-0.89774604
96.069999,0.439289046,-1.21613415e-08,-0.898345776
96.079999,0.438062953,-1.21670437e-08,-0.898944297
96.089999,0.436835248,-1.21747653e-08,-0.899541531
96.099999,0.435605878,-1.21854998e-08,-0.9001375
96.109999,0.434374731,-1.21990746e-08,-0.900732254
96.119999,0.433141838,-1.22148324e-08,-0.901325772
96.129999,0.431907143,-1.22310293e-08,-0.901918078
96.139999,0.430670393,-1.22474536e-08,-0.902509287
96.149999,0.429431855,-1.22638768e-08,-0.903099265
96.159999,0.428191601,-1.22814532e-08,-0.903687973
96.169999,0.426949296,-1.23011255e-08,-0.904275566
96.179999,0.425704785,-1.2321182e-08,-0.904862109
96.189999,0.424458295,-1.23405793e-08,-0.905447489
96.199999,0.42321012,-1.23585882e-08,-0.906031564
96.209999,0.421960301,-1.23757413e-08,-0.906614308
96.219999,0.420708742,-1.23934784e-08,-0.907195764
96.229999,0.419455394,-1.2411889e-08,-0.907775948
96.239999,0.418200431,-1.24301247e-08,-0.908354776
96.249999,0.416943937,-1.24467702e-08,-0.908932205
96.259999,0.415685701,-1.24606582e-08,-0.909508327
96.269999,0.414425446,-1.24715753e-08,-0.910083265
96.279999,0.413163312,-1.2481614e-08,-0.910656949
96.289999,0.41189938,-1.24909306e-08,-0.911229335
96.299999,0.410633847,-1.24999719e-08,-0.911800331
96.309999,0.40936682,-1.2508841e-08,-0.912369885
96.319999,0.408098135,-1.25168901e-08,-0.912938066
96.329999,0.406827635,-1.25229689e-08,-0.91350494
96.339999,0.405555308,-1.25279922e-08,-0.914070507
96.349999,0.40428105,-1.25322029e-08,-0.914634808
96.359999,0.403004998,-1.25382732e-08,-0.915197777
96.369999,0.401727093,-1.25476177e-08,-0.915759435
96.379999,0.400447294,-1.25571908e-08,-0.916319794
96.389999,0.399165676,-1.25667429e-08,-0.916878816
96.399999,0.397882447,-1.2577389e-08,-0.917436406
96.409999,0.396597302,-1.25891478e-08,-0.917992691
96.419999,0.39530954,-1.26006432e-08,-0.918547967
96.429999,0.394019391,-1.26108847e-08,-0.919102127
96.439999,0.392727143,-1.26202452e-08,-0.919655039
96.449999,0.391433061,-1.26297604e-08,-0.920206585
96.459999,0.390136909,-1.26397665e-08,-0.920756858
96.469999,0.388838573,-1.26511388e-08,-0.921305902
96.479999,0.387538284,-1.26625198e-08,-0.92185361
96.489999,0.386236252,-1.26743112e-08,-0.92239989
96.499999,0.384932139,-1.26852511e-08,-0.922944878
96.509999,0.38362576,-1.26946169e-08,-0.923488645
96.519999,0.382317479,-1.27027829e-08,-0.924031031
96.529999,0.381007434,-1.27106018e-08,-0.924571974
96.539999,0.379695496,-1.27185643e-08,-0.925111523
96.549999,0.378381755,-1.27272953e-08,-0.925649635
96.559999,0.377066251,-1.27379121e-08,-0.926186289
96.569999,0.375749163,-1.27506585e-08,-0.926721407
96.579999,0.374430353,-1.27632089e-08,-0.927255041
96.589999,0.373109395,-1.27731668e-08,-0.927787357
96.599999,0.371786505,-1.27803208e-08,-0.928318262
96.609999,0.370462048,-1.27880959e-08,-0.928847604
96.619999,0.369136129,-1.27970689e-08,-0.929375338
96.629999,0.367808715,-1.28058983e-08,-0.929901473
96.639999,0.366479781,-1.28148009e-08,-0.930426015
96.649999,0.365149096,-1.28257509e-08,-0.930949052
96.659999,0.36381676,-1.28403034e-08,-0.931470539
96.669999,0.362482748,-1.28559994e-08,-0.931990481
96.679999,0.361146792,-1.28659086e-08,-0.932508978
96.689999,0.359809146,-1.28645987e-08,-0.933025926
96.699999,0.358470008,-1.28624485e-08,-0.933541243
96.709999,0.357129075,-1.2863234e-08,-0.934055043
96.719999,0.35578578,-1.28665298e-08,-0.934567536
96.729999,0.354440323,-1.28712712e-08,-0.935078637
96.739999,0.353092801,-1.2874261e-08,-0.935588303
96.749999,0.351743208,-1.28760058e-08,-0.936096531
96.759999,0.35039185,-1.28800837e-08,-0.936603199
96.769999,0.349038766,-1.28845642e-08,-0.937108286
96.779999,0.347684065,-1.28903801e-08,-0.937611749
96.789999,0.346327854,-1.29022175e-08,-0.938113542
96.799999,0.344969919,-1.29158849e-08,-0.938613741
96.809999,0.343609705,-1.29293014e-08,-0.939112544
96.819999,0.342246831,-1.29441509e-08,-0.939610082
96.829999,0.340881849,-1.29588961e-08,-0.940106146
96.839999,0.339515169,-1.29754111e-08,-0.940600579
96.849999,0.338146895,-1.29925642e-08,-0.941093341
96.859999,0.336777043,-1.30083068e-08,-0.941584422
96.869999,0.335405661,-1.30250747e-08,-0.942073799
96.879999,0.334032647,-1.30437559e-08,-0.942561505
96.889999,0.332658069,-1.30641031e-08,-0.943047512
96.899999,0.331281862,-1.30843744e-08,-0.943531837
96.909999,0.329904003,-1.31049322e-08,-0.944014485
96.919999,0.32852458,-1.31244689e-08,-0.944495421
96.929999,0.327143591,-1.31407657e-08,-0.94497464
96.939999,0.325760928,-1.31511271e-08,-0.945452176
96.949999,0.324376561,-1.31563052e-08,-0.945928035
96.959999,0.322990602,-1.31601066e-08,-0.946402172
96.969999,0.321602785,-1.31629238e-08,-0.946874674
96.979999,0.320213006,-1.31644932e-08,-0.947345571
96.9899989,0.318821597,-1.31656197e-08,-0.947814744
96.9999989,0.317428843,-1.31655958e-08,-0.948282094
97.0099989,0.316034689,-1.31640706e-08,-0.948747635
97.0199989,0.314638874,-1.31568207e-08,-0.949211451
97.0299989,0.313241454,-1.31485745e-08,-0.949673518
97.0399989,0.311842516,-1.31421361e-08,-0.950133804
97.0499989,0.310441845,-1.31353821e-08,-0.950592374
97.0599989,0.309039574,-1.31290191e-08,-0.951049179
97.0699989,0.307635914,-1.31219825e-08,-0.951504148
97.0799989,0.306230801,-1.31097207e-08,-0.951957297
97.0899989,0.304823794,-1.30935249e-08,-0.952408765
97.0999989,0.30341455,-1.30750383e-08,-0.952858652
97.1099989,0.302003307,-1.30586294e-08,-0.953306877
97.1199989,0.300590359,-1.30442248e-08,-0.953753341
97.1299989,0.299175573,-1.30293507e-08,-0.95419808
97.1399989,0.297758989,-1.30144167e-08,-0.954641076
97.1499989,0.296340755,-1.30010815e-08,-0.955082278
97.1599989,0.294920973,-1.2990465e-08,-0.955521648
97.1699989,0.293499454,-1.29846611e-08,-0.955959241
97.1799989,0.292075965,-1.29804603e-08,-0.956395123
97.1899989,0.29065051,-1.2973847e-08,-0.956829285
97.1999989,0.289222847,-1.29664356e-08,-0.957261795
97.2099989,0.287793236,-1.29601216e-08,-0.957692567
97.2199989,0.286361954,-1.29539867e-08,-0.958121512
97.2299989,0.284929007,-1.29508772e-08,-0.958548622
97.2399989,0.283494547,-1.29496386e-08,-0.958973848
97.2499989,0.282058608,-1.29492508e-08,-0.959397176
97.2599989,0.280621044,-1.29476629e-08,-0.959818644
97.2699989,0.279181873,-1.29430614e-08,-0.960238242
97.2799989,0.277741268,-1.29382782e-08,-0.960655916
97.2899989,0.276299223,-1.29351442e-08,-0.961071662
97.2999989,0.274855743,-1.29320921e-08,-0.961485476
97.3099989,0.273410835,-1.29268213e-08,-0.961897352
97.3199989,0.271964301,-1.29213436e-08,-0.962307341
97.3299989,0.27051588,-1.29161498e-08,-0.962715513
97.3399989,0.269064971,-1.29085193e-08,-0.963122028
97.3499989,0.267611589,-1.28986749e-08,-0.963526874
97.3599989,0.266156172,-1.28908742e-08,-0.963929921
97.3699989,0.264698971,-1.2887175e-08,-0.964331092
97.3799989,0.263239984,-1.28866779e-08,-0.964730382
97.3899989,0.261778932,-1.28878448e-08,-0.965127862
97.3999989,0.260315603,-1.28893925e-08,-0.965523582
97.4099989,0.258850174,-1.28917679e-08,-0.965917485
97.4199989,0.25738309,-1.28963954e-08,-0.966309446
97.4299989,0.255914567,-1.29031274e-08,-0.966699402
97.4399989,0.254444638,-1.29115557e-08,-0.967087342
97.4499989,0.252973195,-1.29174619e-08,-0.967473288
97.4599989,0.251500198,-1.29184346e-08,-0.967857247
97.4699989,0.25002582,-1.2919356e-08,-0.968239169
97.4799989,0.248550191,-1.29209988e-08,-0.968619018
97.4899989,0.247073319,-1.29219006e-08,-0.968996788
97.4999989,0.245595209,-1.2921779e-08,-0.969372474
97.5099989,0.244115936,-1.29238241e-08,-0.969746054
97.5199989,0.242635458,-1.29297747e-08,-0.970117536
97.5299989,0.241153551,-1.29363299e-08,-0.970486973
97.5399989,0.239670123,-1.29400086e-08,-0.970854383
97.5499989,0.238185277,-1.29427662e-08,-0.971219735
97.5599989,0.236699177,-1.29455992e-08,-0.971582987
97.5699989,0.235211661,-1.29484295e-08,-0.971944173
97.5799989,0.233722813,-1.29507381e-08,-0.972303269
97.5899989,0.232232771,-1.29527989e-08,-0.972660239
97.5999989,0.230741608,-1.2954954e-08,-0.973015062
97.6099989,0.22924927,-1.29581584e-08,-0.973367748
97.6199989,0.227755724,-1.29607121e-08,-0.973718301
97.6299989,0.226260879,-1.29612004e-08,-0.97406674
97.6399989,0.224764994,-1.29613738e-08,-0.974413001
97.6499989,0.223268271,-1.2964332e-08,-0.974757036
97.6599989,0.221770661,-1.29691939e-08,-0.975098853
97.6699989,0.220272138,-1.29748369e-08,-0.975438458
97.6799989,0.218772642,-1.29795959e-08,-0.975775861
97.6899989,0.217271949,-1.29813656e-08,-0.976111111
97.6999989,0.215769934,-1.29811818e-08,-0.976444231
97.7099989,0.214266502,-1.29753523e-08,-0.976775238
97.7199989,0.212761503,-1.29630921e-08,-0.977104162
97.7299989,0.211255031,-1.29485165e-08,-0.977430976
97.7399989,0.209746938,-1.29344189e-08,-0.977755707
97.7499989,0.208237546,-1.29207051e-08,-0.978078281
97.7599989,0.206727044,-1.29104577e-08,-0.978398655
97.7699989,0.20521531,-1.2902008e-08,-0.978716852
97.7799989,0.203702237,-1.28888536e-08,-0.979032889
97.7899989,0.202187946,-1.28728501e-08,-0.979346739
97.7999989,0.200672622,-1.28588687e-08,-0.979658358
97.8099989,0.199156316,-1.28483511e-08,-0.979967735
97.8199989,0.197638908,-1.28391476e-08,-0.980274891
97.8299989,0.196120154,-1.28295578e-08,-0.980579872
97.8399989,0.194600356,-1.28210834e-08,-0.980882613
97.8499989,0.193079519,-1.28134865e-08,-0.981183112
97.8599989,0.191557566,-1.28067831e-08,-0.98148138
97.8699989,0.190034544,-1.28011566e-08,-0.981777405
97.8799989,0.188510566,-1.27958888e-08,-0.982071162
97.8899989,0.186985604,-1.2790503e-08,-0.982362654
97.8999989,0.185459705,-1.27856326e-08,-0.98265187
97.9099989,0.183932995,-1.27817599e-08,-0.982938784
97.9199989,0.182405533,-1.2778422e-08,-0.983223383
97.9299989,0.180877287,-1.27752158e-08,-0.983505672
97.9399989,0.179348009,-1.27720858e-08,-0.983785694
97.9499989,0.177817388,-1.27688198e-08,-0.984063502
97.9599989,0.176285608,-1.27666263e-08,-0.98433906
97.9699989,0.174752814,-1.27638485e-08,-0.984612337
97.9799989,0.173218918,-1.27594926e-08,-0.984883347
97.9899989,0.171683783,-1.27548253e-08,-0.985152109
97.9999989,0.170147616,-1.27499335e-08,-0.985418586
98.0099989,0.168610591,-1.27454814e-08,-0.985682742
98.0199989,0.167072685,-1.27411845e-08,-0.985944582
98.0299989,0.16553377,-1.27355257e-08,-0.986204122
98.0399989,0.163993951,-1.27274256e-08,-0.986461344
98.0499989,0.162453385,-1.27160134e-08,-0.986716219
98.0599989,0.160912019,-1.27048104e-08,-0.986968754
98.0699989,0.159369787,-1.26934757e-08,-0.987218958
98.0799989,0.157826884,-1.26810718e-08,-0.987466797
98.0899989,0.156282748,-1.26694491e-08,-0.987712358
98.0999989,0.154737397,-1.26600543e-08,-0.987955636
98.1099989,0.153190908,-1.26522267e-08,-0.988196613
98.1199989,0.151643433,-1.26467243e-08,-0.988435263
98.1299989,0.150095096,-1.26434821e-08,-0.988671564
98.1399989,0.148545865,-1.26398626e-08,-0.988905519
98.1499989,0.14699581,-1.26354256e-08,-0.989137115
98.1599989,0.145444955,-1.2631575e-08,-0.989366345
98.1699989,0.14389327,-1.26268122e-08,-0.989593213
98.1799989,0.142340887,-1.26210643e-08,-0.989817696
98.1899989,0.140787946,-1.26171491e-08,-0.990039774
98.1999989,0.139234488,-1.26147704e-08,-0.990259439
98.2099989,0.137680195,-1.26116566e-08,-0.990476736
98.2199989,0.136125033,-1.26084389e-08,-0.990691665
98.2299989,0.134569095,-1.26068974e-08,-0.990904213
98.2399989,0.133012433,-1.26065798e-08,-0.991114369
98.2499989,0.131455036,-1.2607669e-08,-0.991322134
98.2599989,0.129897012,-1.26101061e-08,-0.991527491
98.2699989,0.128338411,-1.26153976e-08,-0.991730433
98.2799989,0.126778981,-1.2620972e-08,-0.99193099
98.2899989,0.12521831,-1.26236405e-08,-0.992129213
98.2999989,0.123656518,-1.26245788e-08,-0.992325081
98.3099989,0.122093602,-1.2624118e-08,-0.99251859
98.3199989,0.120529801,-1.26240896e-08,-0.992709709
98.3299989,0.118965264,-1.26247644e-08,-0.992898417
98.3399989,0.117400103,-1.2625708e-08,-0.993084697
98.3499989,0.115834429,-1.26282417e-08,-0.993268536
98.3599989,0.114268059,-1.26320083e-08,-0.993449954
98.3699989,0.112700664,-1.26360146e-08,-0.993628985
98.3799989,0.111132254,-1.26411178e-08,-0.993805626
98.3899989,0.109562939,-1.26479634e-08,-0.99397986
98.3999989,0.107992825,-1.26577803e-08,-0.994151673
98.4099989,0.106421816,-1.26692421e-08,-0.994321073
98.4199989,0.104849935,-1.26790502e-08,-0.994488055
98.4299989,0.103277356,-1.26864108e-08,-0.994652596
98.4399989,0.101704026,-1.26915436e-08,-0.994814702
98.4499989,0.100129809,-1.26946396e-08,-0.994974382
98.4599989,0.0985546727,-1.26960446e-08,-0.995131638
98.4699989,0.0969785384,-1.26952916e-08,-0.995286473
98.4799989,0.0954015722,-1.26941462e-08,-0.995438868
98.4899989,0.0938237895,-1.26942152e-08,-0.995588819
98.4999989,0.0922451058,-1.26934819e-08,-0.995736331
98.5099989,0.0906656606,-1.26917952e-08,-0.995881388
98.5199989,0.0890854838,-1.26901457e-08,-0.996023984
98.5299989,0.0875046187,-1.26882856e-08,-0.996164114
98.5399989,0.0859230305,-1.26859295e-08,-0.996301778
98.5499989,0.084340786,-1.26856056e-08,-0.996436968
98.5599989,0.0827579389,-1.26898986e-08,-0.996569678
98.5699989,0.0811743769,-1.26957458e-08,-0.996699915
98.5799989,0.0795898246,-1.26987389e-08,-0.996827698
98.5899989,0.0780043777,-1.27006988e-08,-0.996953016
98.5999989,0.0764182722,-1.27054593e-08,-0.997075849
98.6099989,0.0748316411,-1.27128738e-08,-0.997196182
98.6199989,0.0732445648,-1.27203766e-08,-0.99731401
98.6299989,0.07165715,-1.27267739e-08,-0.997429322
98.6399989,0.0700693295,-1.27321985e-08,-0.997542124
98.6499989,0.0684812144,-1.27376436e-08,-0.997652406
98.6599989,0.0668928339,-1.27440626e-08,-0.997760166
98.6699989,0.0653041998,-1.27525519e-08,-0.997865402
98.6799989,0.0637152236,-1.2762624e-08,-0.997968121
98.6899989,0.0621258359,-1.27726714e-08,-0.998068325
98.6999989,0.0605361465,-1.27811986e-08,-0.998166006
98.7099989,0.0589462332,-1.27882554e-08,-0.998261159
98.7199989,0.057356211,-1.27968967e-08,-0.998353778
98.7299989,0.0557659091,-1.28063515e-08,-0.998443871
98.7399989,0.0541752391,-1.28154274e-08,-0.998531443
98.7499989,0.0525842052,-1.28237708e-08,-0.998616494
98.7599989,0.0509927902,-1.28338809e-08,-0.998699021
98.7699989,0.0494009304,-1.28470286e-08,-0.998779029
98.7799989,0.0478088706,-1.28627382e-08,-0.998856502
98.7899989,0.0462170044,-1.28795028e-08,-0.998931423
98.7999989,0.0446254018,-1.28949649e-08,-0.999003791
98.8099989,0.0430337283,-1.29078562e-08,-0.99907362
98.8199989,0.0414417422,-1.29185528e-08,-0.999140922
98.8299989,0.0398494342,-1.29274393e-08,-0.999205696
98.8399989,0.0382566528,-1.29345638e-08,-0.999267946
98.8499989,0.0366633474,-1.29413363e-08,-0.999327673
98.8599989,0.0350697033,-1.29504943e-08,-0.999384869
98.8699989,0.0334759093,-1.29628173e-08,-0.999439525
98.8799989,0.0318819874,-1.29773647e-08,-0.99949164
98.8899989,0.0302877194,-1.29949282e-08,-0.999541222
98.8999989,0.0286930845,-1.30162493e-08,-0.999588269
98.9099989,0.0270981098,-1.30377633e-08,-0.999632779
98.9199989,0.0255029713,-1.30589084e-08,-0.999674746
98.9299989,0.0239077262,-1.30804661e-08,-0.999714169
98.9399989,0.0223121614,-1.31021514e-08,-0.999751053
98.9499989,0.0207159492,-1.31222345e-08,-0.999785402
98.9599989,0.019119441,-1.31441697e-08,-0.999817207
98.9699989,0.0175229603,-1.31701494e-08,-0.999846461
98.9799989,0.0159264937,-1.31936699e-08,-0.999873165
98.9899989,0.0143300641,-1.32142116e-08,-0.999897319
98.9999989,0.0127337894,-1.32330712e-08,-0.999918922
99.0099989,0.0111375822,-1.32501692e-08,-0.999937975
99.0199989,0.00954128715,-1.32669921e-08,-0.999954481
99.0299989,0.0079447869,-1.32830059e-08,-0.99996844
99.0399989,0.00634804267,-1.32977151e-08,-0.999979851
99.0499989,0.00475099259,-1.33103165e-08,-0.999988714
99.0599989,0.00315384284,-1.33228634e-08,-0.999995027
99.0699989,0.0015566734,-1.33353813e-08,-0.999998788
99.0799989,-4.05881205e-05,-1.33465321e-08,-0.999999999
99.0899989,-0.00163780436,-1.33558877e-08,-0.999998659
99.0999989,-0.00323482494,-1.33642974e-08,-0.999994768
99.1099989,-0.00483198672,-1.3371899e-08,-0.999988326
99.1199989,-0.00642929344,-1.33802754e-08,-0.999979332
99.1299989,-0.00802664334,-1.33894815e-08,-0.999967786
99.1399989,-0.00962399311,-1.33987086e-08,-0.999953688
99.1499989,-0.0112213526,-1.34080772e-08,-0.999937039
99.1599989,-0.0128185389,-1.34206536e-08,-0.999917839
99.1699989,-0.0144155595,-1.34378896e-08,-0.99989609
99.1799989,-0.0160124361,-1.34536549e-08,-0.999871793
99.1899989,-0.0176092865,-1.34666905e-08,-0.999844944
99.1999989,-0.0192061675,-1.34776999e-08,-0.999815545
99.2099989,-0.020802783,-1.34898004e-08,-0.999783599
99.2199989,-0.0223991143,-1.35048846e-08,-0.999749108
99.2299989,-0.0239952858,-1.35198154e-08,-0.999712072
99.2399989,-0.0255914006,-1.35343743e-08,-0.999672486
99.2499989,-0.0271872041,-1.35506426e-08,-0.99963036
99.2599989,-0.0287823681,-1.35673726e-08,-0.999585702
99.2699989,-0.0303772365,-1.35818683e-08,-0.999538505
99.2799989,-0.0319720635,-1.35947246e-08,-0.999488763
99.2899989,-0.0335668067,-1.36079907e-08,-0.999436476
99.2999989,-0.0351612818,-1.36215381e-08,-0.999381651
99.3099989,-0.0367554777,-1.36330475e-08,-0.999324289
99.3199989,-0.0383493574,-1.36424923e-08,-0.999264393
99.3299989,-0.0399431379,-1.36483242e-08,-0.999201954
99.3399989,-0.0415368977,-1.36509145e-08,-0.999136971
99.3499989,-0.0431305341,-1.36524813e-08,-0.999069446
99.3599989,-0.0447238114,-1.36560461e-08,-0.99899939
99.3699989,-0.0463168035,-1.36619465e-08,-0.998926801
99.3799989,-0.0479095907,-1.36693794e-08,-0.998851676
99.3899989,-0.0495021453,-1.36775298e-08,-0.998774017
99.3999989,-0.0510946583,-1.36867693e-08,-0.998693815
99.4099989,-0.052687433,-1.36971104e-08,-0.998611053
99.4199989,-0.0542802726,-1.37101336e-08,-0.998525739
99.4299989,-0.0558729679,-1.37255306e-08,-0.998437886
99.4399989,-0.0574653756,-1.37417143e-08,-0.9983475
99.4499989,-0.0590574967,-1.37584953e-08,-0.998254583
99.4599989,-0.0606492173,-1.37760517e-08,-0.998159142
99.4699989,-0.0622404102,-1.3793257e-08,-0.998061186
99.4799989,-0.0638311913,-1.38119149e-08,-0.99796071
99.4899989,-0.0654217028,-1.38314946e-08,-0.997857706
99.4999989,-0.0670117912,-1.38519745e-08,-0.997752184
99.5099989,-0.068601299,-1.38733697e-08,-0.997644156
99.5199989,-0.0701901282,-1.38947115e-08,-0.997533631
99.5299989,-0.0717784526,-1.39145457e-08,-0.9974206
99.5399989,-0.0733664041,-1.39324859e-08,-0.997305054
99.5499989,-0.0749540748,-1.39487341e-08,-0.997186987
99.5599989,-0.0765415198,-1.39654437e-08,-0.997066395
99.5699989,-0.078128656,-1.3982178e-08,-0.996943285
99.5799989,-0.0797156202,-1.39968129e-08,-0.996817646
99.5899989,-0.0813023985,-1.40087729e-08,-0.99668948
99.5999989,-0.0828889989,-1.40199413e-08,-0.996558786
99.6099989,-0.0844753059,-1.40328476e-08,-0.996425573
99.6199989,-0.0860610006,-1.404838e-08,-0.99628987
99.6299989,-0.0876459401,-1.40646792e-08,-0.99615169
99.6399989,-0.0892303725,-1.40799902e-08,-0.996011014
99.6499989,-0.0908143694,-1.40948915e-08,-0.995867838
99.6599989,-0.092397955,-1.41110043e-08,-0.995722159
99.6699989,-0.0939810769,-1.41259309e-08,-0.995573984
99.6799989,-0.0955636784,-1.41411988e-08,-0.995423319
99.6899989,-0.0971456691,-1.41606419e-08,-0.995270174
99.6999989,-0.0987270356,-1.41832598e-08,-0.995114552
99.7099989,-0.100307665,-1.42077981e-08,-0.994956468
99.7199989,-0.101887777,-1.42323443e-08,-0.994795899
99.7299989,-0.10346732,-1.42585612e-08,-0.994632854
99.7399989,-0.105046095,-1.4286991e-08,-0.994467354
99.7499989,-0.106624192,-1.43138223e-08,-0.994299392
99.7599989,-0.108201645,-1.43363673e-08,-0.994128967
99.7699989,-0.109778602,-1.43565028e-08,-0.993956065
99.7799989,-0.111355102,-1.43766696e-08,-0.993780681
99.7899989,-0.112930969,-1.43962619e-08,-0.993602836
99.7999989,-0.114506156,-1.44144216e-08,-0.993422539
99.8099989,-0.116080627,-1.44314723e-08,-0.993239794
99.8199989,-0.117654395,-1.44473317e-08,-0.993054602
99.8299989,-0.119227255,-1.4464258e-08,-0.992866991
99.8399989,-0.120799032,-1.44840329e-08,-0.992676984
99.8499989,-0.122369993,-1.45038325e-08,-0.992484551
99.8599989,-0.123940334,-1.45218741e-08,-0.992289672
99.8699989,-0.125510096,-1.45388761e-08,-0.992092342
99.8799989,-0.127079147,-1.4556813e-08,-0.99189258
99.8899989,-0.128647113,-1.45767487e-08,-0.991690436
99.8999989,-0.130213789,-1.45980032e-08,-0.99148594
99.9099989,-0.131779186,-1.46209518e-08,-0.991279096
99.9199989,-0.133343027,-1.46470457e-08,-0.991069946
99.9299989,-0.134905756,-1.46720991e-08,-0.990858434
99.9399989,-0.136467647,-1.46958457e-08,-0.990644528
99.9499989,-0.138028711,-1.47202831e-08,-0.990428228
99.9599989,-0.139588772,-1.47445378e-08,-0.990209561
99.9699989,-0.141147874,-1.47661333e-08,-0.989988524
99.9799989,-0.142706134,-1.47843854e-08,-0.989765103
99.9899989,-0.144263404,-1.48010815e-08,-0.989539322
99.9999989,-0.14581963,-1.4816761e-08,-0.989311192
100.009999,-0.147375023,-1.4829866e-08,-0.989080686
100.02,-0.147927523,-1.48201726e-08,-0.988998204
100.03,-0.148896295,-1.48084361e-08,-0.988852817
100.04,-0.149976544,-1.48091076e-08,-0.988689555
100.05,-0.15107442,-1.48188809e-08,-0.988522392
100.06,-0.152202701,-1.48439456e-08,-0.9883493
100.07,-0.153376663,-1.48932387e-08,-0.988167799
100.08,-0.154594641,-1.49321639e-08,-0.987977984
100.09,-0.155849321,-1.49529598e-08,-0.987780841
100.1,-0.157134596,-1.4963085e-08,-0.987577196
100.11,-0.15844617,-1.49677729e-08,-0.987367617
100.12,-0.159780972,-1.49686094e-08,-0.987152491
100.13,-0.161136185,-1.49659245e-08,-0.986932181
100.14,-0.162508948,-1.49605995e-08,-0.98670707
100.15,-0.163897714,-1.49517799e-08,-0.986477339
100.16,-0.165300854,-1.49414926e-08,-0.986243189
100.17,-0.166716215,-1.49310098e-08,-0.986004921
100.18,-0.168142631,-1.49189899e-08,-0.985762677
100.19,-0.169579122,-1.49054517e-08,-0.985516576
100.2,-0.171024563,-1.4891804e-08,-0.985266765
100.21,-0.172477835,-1.48791508e-08,-0.985013399
100.22,-0.173937998,-1.48673172e-08,-0.984756606
100.23,-0.175404367,-1.48564147e-08,-0.984496474
100.24,-0.176876233,-1.48466466e-08,-0.984233101
100.25,-0.178352791,-1.48377148e-08,-0.983966606
100.26,-0.179833452,-1.48288039e-08,-0.983697072
100.27,-0.1813178,-1.4820609e-08,-0.983424555
100.28,-0.182805266,-1.48139659e-08,-0.983149142
100.29,-0.184295147,-1.48086161e-08,-0.982870947
100.3,-0.185787091,-1.48029759e-08,-0.982590025
100.31,-0.187281085,-1.47964323e-08,-0.982306365
100.32,-0.188777037,-1.47881058e-08,-0.982019974
100.33,-0.190274767,-1.47781681e-08,-0.981730876
100.34,-0.191773994,-1.47673203e-08,-0.981439114
100.35,-0.193274358,-1.4756514e-08,-0.981144751
100.36,-0.194775703,-1.47458279e-08,-0.98084781
100.37,-0.196277918,-1.47341444e-08,-0.980548305
100.38,-0.197780695,-1.47214528e-08,-0.980246294
100.39,-0.199283879,-1.47066614e-08,-0.979941802
100.4,-0.200787682,-1.46895689e-08,-0.979634782
100.41,-0.202291924,-1.46745917e-08,-0.979325266
100.42,-0.203796216,-1.46617128e-08,-0.979013331
100.43,-0.205300691,-1.46477995e-08,-0.978698946
100.44,-0.206805349,-1.46323696e-08,-0.978382107
100.45,-0.208310104,-1.46161453e-08,-0.978062831
100.46,-0.209814698,-1.46016121e-08,-0.977741169
100.47,-0.211318935,-1.45879217e-08,-0.977417162
100.48,-0.212822862,-1.45706834e-08,-0.977090799
100.49,-0.214326588,-1.45506516e-08,-0.976762056
100.5,-0.215829849,-1.45317477e-08,-0.976430989
100.51,-0.217332201,-1.45161999e-08,-0.976097697
100.52,-0.218833638,-1.4502112e-08,-0.975762184
100.53,-0.220333973,-1.44911763e-08,-0.975424492
100.54,-0.221833293,-1.44804533e-08,-0.975084607
100.55,-0.223331473,-1.44700806e-08,-0.974742557
100.56,-0.224828637,-1.44611481e-08,-0.974398319
100.57,-0.22632502,-1.44530921e-08,-0.974051839
100.58,-0.227820652,-1.44463717e-08,-0.973703112
100.59,-0.229315487,-1.4441185e-08,-0.97335215
100.6,-0.230809633,-1.44383284e-08,-0.972998928
100.61,-0.232302929,-1.44372678e-08,-0.972643485
100.62,-0.233795111,-1.44379357e-08,-0.972285887
100.63,-0.235286243,-1.44387998e-08,-0.971926121
100.64,-0.236776299,-1.44411662e-08,-0.971564195
100.65,-0.238265396,-1.44458062e-08,-0.971200083
100.66,-0.239753637,-1.44505018e-08,-0.970833762
100.67,-0.241240941,-1.44557635e-08,-0.970465254
100.68,-0.242727123,-1.44618495e-08,-0.970094606
100.69,-0.244212191,-1.44679788e-08,-0.969721819
100.7,-0.245696135,-1.44748382e-08,-0.969346898
100.71,-0.247178802,-1.44835377e-08,-0.968969886
100.72,-0.248660224,-1.44911898e-08,-0.968590777
100.73,-0.25014066,-1.44976749e-08,-0.968209507
100.74,-0.25162019,-1.45049868e-08,-0.967826059
100.75,-0.253098737,-1.45132526e-08,-0.967440453
100.76,-0.25457618,-1.45205475e-08,-0.967052723
100.77,-0.256052499,-1.4525462e-08,-0.966662877
100.78,-0.257527682,-1.45282017e-08,-0.966270921
100.79,-0.259001645,-1.4531489e-08,-0.96587688
100.8,-0.260474541,-1.45326756e-08,-0.965480716
100.81,-0.261946488,-1.45310561e-08,-0.965082399
100.82,-0.263417475,-1.45283787e-08,-0.964681934
100.83,-0.264887222,-1.45263503e-08,-0.964279399
100.84,-0.266355121,-1.45269563e-08,-0.963874966
100.85,-0.267821127,-1.45283693e-08,-0.963468652
100.86,-0.269285599,-1.4529003e-08,-0.963060365
100.87,-0.270748679,-1.45289495e-08,-0.962650068
100.88,-0.272210346,-1.45283603e-08,-0.962237771
100.89,-0.273670338,-1.45288461e-08,-0.961823552
100.9,-0.275127886,-1.45324433e-08,-0.961407638
100.91,-0.276582652,-1.45375016e-08,-0.960990133
100.92,-0.278035209,-1.45408501e-08,-0.960570884
100.93,-0.279485818,-1.45420371e-08,-0.96014982
100.94,-0.280934751,-1.45394966e-08,-0.95972687
100.95,-0.282381962,-1.45348514e-08,-0.959302052
100.96,-0.283827438,-1.4529234e-08,-0.958875375
100.97,-0.285271334,-1.45227569e-08,-0.958446799
100.98,-0.286713598,-1.45134396e-08,-0.958016343
100.99,-0.288154161,-1.45000021e-08,-0.957584033
101,-0.289593196,-1.44829695e-08,-0.957149821
101.01,-0.291030794,-1.44637061e-08,-0.956713686
101.02,-0.292466858,-1.44438749e-08,-0.95627566
101.03,-0.293901193,-1.44260194e-08,-0.955835806
101.04,-0.295333241,-1.44146342e-08,-0.955394304
101.05,-0.296762991,-1.44097422e-08,-0.954951165
101.06,-0.298190602,-1.44088916e-08,-0.954506346
101.07,-0.299616101,-1.44102484e-08,-0.954059847
101.08,-0.301039782,-1.44124062e-08,-0.953611582
101.09,-0.302461763,-1.44150389e-08,-0.953161519
101.1,-0.303881857,-1.44186441e-08,-0.952709723
101.11,-0.305299899,-1.44224012e-08,-0.952256253
101.12,-0.306715989,-1.44246404e-08,-0.951801083
101.13,-0.308129986,-1.44233914e-08,-0.951344265
101.14,-0.309541591,-1.44227052e-08,-0.950885905
101.15,-0.310951057,-1.44230581e-08,-0.950425926
101.16,-0.31235828,-1.44249325e-08,-0.94996437
101.17,-0.313763779,-1.44276131e-08,-0.949501075
101.18,-0.315167723,-1.44303211e-08,-0.949035988
101.19,-0.316569979,-1.44325248e-08,-0.948569159
101.2,-0.317970196,-1.44348116e-08,-0.948100709
101.21,-0.319368469,-1.44388015e-08,-0.947630614
101.22,-0.320765031,-1.44434986e-08,-0.947158801
101.23,-0.322160128,-1.44477645e-08,-0.946685192
101.24,-0.323553947,-1.44500519e-08,-0.946209725
101.25,-0.324946537,-1.44493984e-08,-0.945732387
101.26,-0.326337693,-1.44483105e-08,-0.945253252
101.27,-0.327726988,-1.44513236e-08,-0.944772471
101.28,-0.329114577,-1.44564129e-08,-0.944289995
101.29,-0.330500339,-1.44641675e-08,-0.943805873
101.3,-0.331884117,-1.44744821e-08,-0.943320165
101.31,-0.333266204,-1.44836595e-08,-0.942832773
101.32,-0.334646669,-1.44916247e-08,-0.942343678
101.33,-0.336025325,-1.45003808e-08,-0.941852951
101.34,-0.337402327,-1.45098016e-08,-0.941360542
101.35,-0.338777804,-1.45179832e-08,-0.940866409
101.36,-0.340151858,-1.45237659e-08,-0.940370519
101.37,-0.341524357,-1.45281658e-08,-0.939872924
101.38,-0.342895391,-1.45313644e-08,-0.939373595
101.39,-0.344265048,-1.45335226e-08,-0.938872503
101.4,-0.345633371,-1.45338943e-08,-0.938369636
101.41,-0.346999882,-1.45328505e-08,-0.937865173
101.42,-0.348364073,-1.45288302e-08,-0.937359308
101.43,-0.349726223,-1.45227068e-08,-0.936851946
101.44,-0.351086303,-1.45142077e-08,-0.936343104
101.45,-0.352444595,-1.45016675e-08,-0.935832681
101.46,-0.353801158,-1.44902793e-08,-0.935320662
101.47,-0.355156002,-1.44826058e-08,-0.934807047
101.48,-0.356509373,-1.44739463e-08,-0.934291746
101.49,-0.357861073,-1.44675496e-08,-0.93377484
101.5,-0.359210842,-1.44648918e-08,-0.933256434
101.51,-0.360558928,-1.44585566e-08,-0.932736436
101.52,-0.361905122,-1.44472375e-08,-0.932214934
101.53,-0.363249077,-1.4431984e-08,-0.931692067
101.54,-0.364591246,-1.4414565e-08,-0.931167667
101.55,-0.365931773,-1.44001764e-08,-0.93064168
101.56,-0.367270488,-1.43891374e-08,-0.93011418
101.57,-0.368607439,-1.43777733e-08,-0.929585152
101.58,-0.369942716,-1.43642435e-08,-0.929054566
101.59,-0.371276309,-1.43498475e-08,-0.92852243
101.6,-0.372608037,-1.43366516e-08,-0.927988821
101.61,-0.373938077,-1.43255769e-08,-0.927453672
101.62,-0.375266664,-1.4314429e-08,-0.926916895
101.63,-0.376593856,-1.43015723e-08,-0.926378469
101.64,-0.377919352,-1.42903695e-08,-0.925838519
101.65,-0.37924281,-1.42849782e-08,-0.925297191
101.66,-0.380564371,-1.42800254e-08,-0.924754432
101.67,-0.381884229,-1.42709077e-08,-0.924210168
101.68,-0.383202391,-1.4259332e-08,-0.923664402
101.69,-0.384518907,-1.42482938e-08,-0.923117116
101.7,-0.385833691,-1.42397214e-08,-0.922568351
101.71,-0.387146835,-1.42288568e-08,-0.922018074
101.72,-0.388458224,-1.42172901e-08,-0.921466336
101.73,-0.38976764,-1.4207895e-08,-0.920913235
101.74,-0.391075295,-1.41969448e-08,-0.920358688
101.75,-0.392381141,-1.41871557e-08,-0.919802718
101.76,-0.393685106,-1.41796322e-08,-0.919245363
101.77,-0.394986945,-1.41747658e-08,-0.918686733
101.78,-0.396286767,-1.41703505e-08,-0.918126788
101.79,-0.397584803,-1.41633136e-08,-0.917565433
101.8,-0.398880924,-1.41578368e-08,-0.917002731
101.81,-0.400174938,-1.41560905e-08,-0.91643877
101.82,-0.401466418,-1.41563661e-08,-0.915873744
101.83,-0.402755541,-1.41555414e-08,-0.915307585
101.84,-0.404042602,-1.41518938e-08,-0.914740168
101.85,-0.405327769,-1.41458459e-08,-0.914171428
101.86,-0.406611017,-1.41378667e-08,-0.91360138
101.87,-0.407892039,-1.41287929e-08,-0.913030166
101.88,-0.409170949,-1.41181907e-08,-0.912457744
101.89,-0.410447739,-1.41063356e-08,-0.911884123
101.9,-0.411722561,-1.40921824e-08,-0.911309241
101.91,-0.412995326,-1.40761202e-08,-0.910733145
101.92,-0.414266182,-1.40572035e-08,-0.910155773
101.93,-0.415535348,-1.40357752e-08,-0.90957703
101.94,-0.416802803,-1.40129478e-08,-0.908996933
101.95,-0.418068509,-1.39889959e-08,-0.908415501
101.96,-0.419332406,-1.39655277e-08,-0.907832767
101.97,-0.420594173,-1.3943487e-08,-0.907248886
101.98,-0.421853877,-1.39202585e-08,-0.906663833
101.99,-0.423111724,-1.38959093e-08,-0.906077518
102,-0.424367799,-1.38695266e-08,-0.905489907
102.01,-0.425622148,-1.38411294e-08,-0.904900982
102.02,-0.426874918,-1.38120975e-08,-0.904310679
102.03,-0.428126068,-1.37840741e-08,-0.903719021
102.04,-0.429375661,-1.37578415e-08,-0.903125983
102.05,-0.4306235,-1.37324402e-08,-0.902531662
102.06,-0.431869308,-1.37064972e-08,-0.901936196
102.07,-0.43311314,-1.36796087e-08,-0.901339563
102.08,-0.434355311,-1.36533856e-08,-0.900741619
102.09,-0.435595678,-1.36305656e-08,-0.900142436
102.1,-0.436833926,-1.3613499e-08,-0.899542173
102.11,-0.438070235,-1.3600154e-08,-0.898940749
102.12,-0.439304612,-1.35894969e-08,-0.898338164
102.13,-0.440537121,-1.35800593e-08,-0.897734396
102.14,-0.441767946,-1.35674223e-08,-0.897129356
102.15,-0.442997119,-1.35507889e-08,-0.896523035
102.16,-0.444224463,-1.35338775e-08,-0.895915524
102.17,-0.445449658,-1.35229825e-08,-0.895306987
102.18,-0.446672358,-1.35173202e-08,-0.894697605
102.19,-0.447893011,-1.3510988e-08,-0.894087161
102.2,-0.449111846,-1.34994641e-08,-0.893475545
102.21,-0.450328801,-1.34876555e-08,-0.892862795
102.22,-0.451543776,-1.34736852e-08,-0.892248967
102.23,-0.452756752,-1.34548458e-08,-0.891634075
102.24,-0.453967624,-1.34368089e-08,-0.89101818
102.25,-0.455176319,-1.34132855e-08,-0.890401325
102.26,-0.45638281,-1.33830602e-08,-0.88978353
102.27,-0.457587362,-1.33513366e-08,-0.889164667
102.28,-0.458789949,-1.3325461e-08,-0.888544756
102.29,-0.459990617,-1.33043151e-08,-0.887923776
102.3,-0.461189436,-1.32867733e-08,-0.887301699
102.31,-0.462386088,-1.32730377e-08,-0.886678694
102.32,-0.463580133,-1.3263042e-08,-0.886054999
102.33,-0.464772055,-1.32557561e-08,-0.885430368
102.34,-0.465962158,-1.32507956e-08,-0.884804649
102.35,-0.467150572,-1.32473119e-08,-0.884177778
102.36,-0.468337058,-1.32452913e-08,-0.883549885
102.37,-0.469521457,-1.3243539e-08,-0.882921062
102.38,-0.470703999,-1.32434358e-08,-0.882291191
102.39,-0.471884879,-1.32447691e-08,-0.881660173
102.4,-0.473064325,-1.3246104e-08,-0.881027891
102.41,-0.474242432,-1.3247314e-08,-0.880394296
102.42,-0.475419183,-1.32481269e-08,-0.879759399
102.43,-0.47659442,-1.32490821e-08,-0.87912329
102.44,-0.477768034,-1.32481697e-08,-0.878486031
102.45,-0.478939841,-1.32439492e-08,-0.877847725
102.46,-0.480109861,-1.32409286e-08,-0.877208368
102.47,-0.481278017,-1.32383485e-08,-0.876568007
102.48,-0.482443855,-1.32349802e-08,-0.875926896
102.49,-0.483607776,-1.32308855e-08,-0.875284822
102.5,-0.48477013,-1.32199189e-08,-0.874641596
102.51,-0.485930723,-1.31994159e-08,-0.87399733
102.52,-0.487088915,-1.31714188e-08,-0.873352385
102.53,-0.488243975,-1.31421806e-08,-0.872707179
102.54,-0.489396407,-1.31189164e-08,-0.872061441
102.55,-0.490546562,-1.31011207e-08,-0.871414982
102.56,-0.49169423,-1.30845924e-08,-0.870767928
102.57,-0.492839631,-1.30646394e-08,-0.870120163
102.58,-0.493982739,-1.30419272e-08,-0.869471709
102.59,-0.495123356,-1.30167914e-08,-0.868822687
102.6,-0.496260945,-1.29907417e-08,-0.868173413
102.61,-0.497395992,-1.29639812e-08,-0.867523618
102.62,-0.498528798,-1.29356187e-08,-0.866873138
102.63,-0.499659534,-1.29032972e-08,-0.866221883
102.64,-0.500788259,-1.28672822e-08,-0.865569824
102.65,-0.501914992,-1.28280192e-08,-0.864916956
102.66,-0.503039756,-1.27887311e-08,-0.864263272
102.67,-0.504162254,-1.2751974e-08,-0.863608952
102.68,-0.505282289,-1.27155064e-08,-0.862954117
102.69,-0.506399878,-1.26812103e-08,-0.862298767
102.7,-0.507515109,-1.26425891e-08,-0.861642858
102.71,-0.508628195,-1.26005361e-08,-0.860986271
102.72,-0.509739243,-1.2556642e-08,-0.860328951
102.73,-0.510848232,-1.25116657e-08,-0.859670916
102.74,-0.511955213,-1.24659729e-08,-0.859012142
102.75,-0.513060251,-1.24186279e-08,-0.858352596
102.76,-0.514163238,-1.23723192e-08,-0.857692348
102.77,-0.515264238,-1.23305268e-08,-0.857031368
102.78,-0.516363506,-1.2287545e-08,-0.856369505
102.79,-0.51746092,-1.224015e-08,-0.85570684
102.8,-0.51855614,-1.21923378e-08,-0.855043584
102.81,-0.519649077,-1.21481842e-08,-0.854379797
102.82,-0.520740031,-1.21061111e-08,-0.853715304
102.83,-0.521829184,-1.2066379e-08,-0.85305
102.84,-0.522916702,-1.20257339e-08,-0.852383788
102.85,-0.52400265,-1.19826566e-08,-0.851716633
102.86,-0.525087068,-1.19368219e-08,-0.851048512
102.87,-0.526169582,-1.18908087e-08,-0.850379663
102.88,-0.527249838,-1.18487292e-08,-0.849710308
102.89,-0.528328083,-1.18107477e-08,-0.849040304
102.9,-0.529404297,-1.17768437e-08,-0.848369666
102.91,-0.53047824,-1.17431617e-08,-0.847698553
102.92,-0.531550123,-1.17099159e-08,-0.847026839
102.93,-0.532620006,-1.16735846e-08,-0.846354494
102.94,-0.53368766,-1.16325933e-08,-0.845681667
102.95,-0.534753048,-1.15888699e-08,-0.845008389
102.96,-0.535816111,-1.15511046e-08,-0.844334706
102.97,-0.536876367,-1.15192407e-08,-0.843660931
102.98,-0.537933662,-1.14881014e-08,-0.842987174
102.99,-0.538988392,-1.14608347e-08,-0.842313192
103,-0.540041112,-1.14371798e-08,-0.841638638
103.01,-0.541091976,-1.141252e-08,-0.84096342
103.02,-0.542141039,-1.1385782e-08,-0.840287507
103.03,-0.543188333,-1.13588651e-08,-0.839610883
103.04,-0.544233789,-1.13345348e-08,-0.838933599
103.05,-0.545277513,-1.13097571e-08,-0.83825559
103.06,-0.546319661,-1.12809943e-08,-0.837576759
103.07,-0.54736024,-1.12495826e-08,-0.836897107
103.08,-0.548399098,-1.12225224e-08,-0.836216736
103.09,-0.549435913,-1.11972814e-08,-0.835535862
103.1,-0.550470533,-1.11641985e-08,-0.834854594
103.11,-0.551503393,-1.11265628e-08,-0.834172649
103.12,-0.552534687,-1.10863912e-08,-0.833489904
103.13,-0.55356443,-1.10430839e-08,-0.832806353
103.14,-0.554592521,-1.10009711e-08,-0.832122068
103.15,-0.555618857,-1.09631554e-08,-0.831437121
103.16,-0.556643644,-1.09280705e-08,-0.830751379
103.17,-0.557666949,-1.08942138e-08,-0.830064801
103.18,-0.558688854,-1.08607894e-08,-0.829377336
103.19,-0.559709278,-1.08301243e-08,-0.828689039
103.2,-0.560727951,-1.08050506e-08,-0.828000099
103.21,-0.561744951,-1.07830394e-08,-0.827310468
103.22,-0.562760355,-1.07605316e-08,-0.826620096
103.23,-0.56377414,-1.0738049e-08,-0.825929004
103.24,-0.564786282,-1.07169404e-08,-0.825237212
103.25,-0.565796821,-1.06979776e-08,-0.824544697
103.26,-0.566805698,-1.06801225e-08,-0.823851504
103.27,-0.567812944,-1.06618563e-08,-0.823157616
103.28,-0.56881866,-1.06433173e-08,-0.822462967
103.29,-0.569822467,-1.06274719e-08,-0.821767823
103.3,-0.570823928,-1.06148296e-08,-0.821072496
103.31,-0.57182326,-1.05997033e-08,-0.82037684
103.32,-0.572820296,-1.05837471e-08,-0.81968098
103.33,-0.573815119,-1.05659852e-08,-0.818984865
103.34,-0.574807694,-1.05454596e-08,-0.818288528
103.35,-0.57579782,-1.0527268e-08,-0.817592117
103.36,-0.576785206,-1.05109983e-08,-0.816895847
103.37,-0.577770135,-1.04919898e-08,-0.816199529
103.38,-0.578752933,-1.04707308e-08,-0.815502938
103.39,-0.579733684,-1.04474432e-08,-0.814806023
103.4,-0.580712052,-1.04190322e-08,-0.81410903
103.41,-0.581688326,-1.03850602e-08,-0.81341176
103.42,-0.582662733,-1.03494258e-08,-0.812714058
103.43,-0.583635131,-1.03114357e-08,-0.812016031
103.44,-0.58460545,-1.02710601e-08,-0.811317735
103.45,-0.585573596,-1.02280162e-08,-0.810619247
103.46,-0.586539655,-1.01850666e-08,-0.809920511
103.47,-0.587503537,-1.01407309e-08,-0.809221597
103.48,-0.588465162,-1.00983004e-08,-0.808522575
103.49,-0.589424646,-1.00593345e-08,-0.807823363
103.5,-0.59038209,-1.00221098e-08,-0.807123898
103.51,-0.591337649,-9.98840207e-09,-0.806424072
103.52,-0.592291214,-9.95989832e-09,-0.805723971
103.53,-0.593242629,-9.93427101e-09,-0.805023716
103.54,-0.594191874,-9.9106757e-09,-0.804323329
103.55,-0.595139404,-9.88928378e-09,-0.80362248
103.56,-0.596085403,-9.8673632e-09,-0.802921038
103.57,-0.597029959,-9.84433297e-09,-0.802218941
103.58,-0.597973014,-9.81940776e-09,-0.801516235
103.59,-0.598914457,-9.79209979e-09,-0.800813008
103.6,-0.599854129,-9.76434894e-09,-0.800109383
103.61,-0.60079184,-9.73783924e-09,-0.799405508
103.62,-0.601727501,-9.71130501e-09,-0.798701455
103.63,-0.602660874,-9.68315945e-09,-0.797997413
103.64,-0.60359233,-9.66060564e-09,-0.797293107
103.65,-0.604521953,-9.64497382e-09,-0.796588481
103.66,-0.605449734,-9.63300617e-09,-0.795883547
103.67,-0.606375587,-9.6228203e-09,-0.795178375
103.68,-0.607299482,-9.61225676e-09,-0.794472994
103.69,-0.608221134,-9.60037055e-09,-0.793767631
103.7,-0.609139825,-9.58842648e-09,-0.793062843
103.71,-0.610055611,-9.5773771e-09,-0.792358601
103.72,-0.610968765,-9.56635603e-09,-0.791654703
103.73,-0.611879772,-9.55433669e-09,-0.790950785
103.74,-0.612788768,-9.54155785e-09,-0.79024675
103.75,-0.613695607,-9.52858198e-09,-0.789542717
103.76,-0.61460032,-9.5163574e-09,-0.788838669
103.77,-0.61550267,-9.50375365e-09,-0.788134801
103.78,-0.616402266,-9.49168557e-09,-0.787431423
103.79,-0.617299583,-9.47387058e-09,-0.786728177
103.8,-0.618194899,-9.45141986e-09,-0.786024851
103.81,-0.619088447,-9.42814038e-09,-0.785321268
103.82,-0.619980308,-9.40523333e-09,-0.78461737
103.83,-0.620870628,-9.38175772e-09,-0.783913046
103.84,-0.621759452,-9.3562415e-09,-0.783208263
103.85,-0.622646709,-9.32808548e-09,-0.782503083
103.86,-0.623532289,-9.29706855e-09,-0.781797598
103.87,-0.624416298,-9.26613196e-09,-0.781091728
103.88,-0.625298699,-9.23648503e-09,-0.780385505
103.89,-0.626179198,-9.20549448e-09,-0.779679172
103.9,-0.62705797,-9.17451059e-09,-0.778972594
103.91,-0.627935117,-9.14409561e-09,-0.778265693
103.92,-0.628810574,-9.11363395e-09,-0.777558526
103.93,-0.629684196,-9.08393972e-09,-0.776851217
103.94,-0.630556233,-9.05810303e-09,-0.776143568
103.95,-0.631426663,-9.03554515e-09,-0.7754356
103.96,-0.632295328,-9.01318376e-09,-0.774727448
103.97,-0.63316232,-8.99095228e-09,-0.774019041
103.98,-0.634027742,-8.97073353e-09,-0.773310301
103.99,-0.634891675,-8.95185753e-09,-0.772601166
104,-0.635754087,-8.93278513e-09,-0.771891664
104.01,-0.636614906,-8.91312421e-09,-0.77118186
104.02,-0.637474084,-8.89308432e-09,-0.770471799
104.03,-0.63833144,-8.87249667e-09,-0.769761634
104.04,-0.639187179,-8.85547229e-09,-0.769051201
104.05,-0.640041212,-8.84053619e-09,-0.76834058
104.06,-0.640893491,-8.82358584e-09,-0.767629816
104.07,-0.641744099,-8.80650524e-09,-0.766918843
104.08,-0.642593104,-8.78830675e-09,-0.76620761
104.09,-0.643440506,-8.76802652e-09,-0.765496123
104.1,-0.644286341,-8.74633018e-09,-0.764784356
104.11,-0.645130659,-8.72476433e-09,-0.76407227
104.12,-0.645973295,-8.70438384e-09,-0.763360009
104.13,-0.646814263,-8.68393537e-09,-0.762647566
104.14,-0.647653525,-8.66221135e-09,-0.761934978
104.15,-0.648491165,-8.63824922e-09,-0.761222181
104.16,-0.649327116,-8.61205132e-09,-0.760509235
104.17,-0.650161239,-8.58506302e-09,-0.759796264
104.18,-0.650993677,-8.55811636e-09,-0.759083153
104.19,-0.651823934,-8.52923421e-09,-0.758370331
104.2,-0.652651334,-8.49681401e-09,-0.75765839
104.21,-0.653476283,-8.46476893e-09,-0.756946991
104.22,-0.654298862,-8.43343953e-09,-0.756236074
104.23,-0.655119136,-8.40241345e-09,-0.755525591
104.24,-0.655937456,-8.37449797e-09,-0.754815244
104.25,-0.656753955,-8.34925059e-09,-0.754104928
104.26,-0.657568468,-8.32391556e-09,-0.75339479
104.27,-0.65838082,-8.2985706e-09,-0.752684991
104.28,-0.659191288,-8.27342951e-09,-0.751975296
104.29,-0.660000131,-8.24895179e-09,-0.751265484
104.3,-0.660807522,-8.2254329e-09,-0.750555407
104.31,-0.6616135,-8.20230052e-09,-0.749845035
104.32,-0.66241799,-8.17883151e-09,-0.749134438
104.33,-0.663220987,-8.15489459e-09,-0.748423625
104.34,-0.664022533,-8.13157737e-09,-0.747712563
104.35,-0.664822726,-8.10975648e-09,-0.747001166
104.36,-0.665621611,-8.08890007e-09,-0.746289402
104.37,-0.666419162,-8.06798309e-09,-0.745577294
104.38,-0.667215427,-8.04825742e-09,-0.744864802
104.39,-0.668010258,-8.03007989e-09,-0.744152064
104.4,-0.668803307,-8.01204134e-09,-0.743439397
104.41,-0.669594575,-7.99394177e-09,-0.742726804
104.42,-0.670384125,-7.97678852e-09,-0.742014235
104.43,-0.671171829,-7.95933272e-09,-0.741301811
104.44,-0.671957358,-7.9428196e-09,-0.740589839
104.45,-0.672741036,-7.92904299e-09,-0.73987803
104.46,-0.673522747,-7.91629964e-09,-0.739166496
104.47,-0.674302519,-7.90468593e-09,-0.738455221
104.48,-0.675080681,-7.89276088e-09,-0.737743908
104.49,-0.675857273,-7.88107794e-09,-0.737032528
104.5,-0.676632256,-7.8698124e-09,-0.736321119
104.51,-0.677405723,-7.85806584e-09,-0.735609602
104.52,-0.678177721,-7.84807406e-09,-0.734897937
104.53,-0.678948265,-7.83800612e-09,-0.734186116
104.54,-0.67971717,-7.82754244e-09,-0.733474313
104.55,-0.680484501,-7.8176172e-09,-0.732762475
104.56,-0.681250488,-7.80761846e-09,-0.73205039
104.57,-0.682015225,-7.79688939e-09,-0.731337974
104.58,-0.682778583,-7.7859242e-09,-0.730625353
104.59,-0.68354032,-7.77701641e-09,-0.729912756
104.6,-0.68430031,-7.7714148e-09,-0.729200305
104.61,-0.685058545,-7.76800529e-09,-0.728488017
104.62,-0.685815242,-7.7621496e-09,-0.727775689
104.63,-0.68657047,-7.75424176e-09,-0.727063264
104.64,-0.687324204,-7.74361759e-09,-0.726350769
104.65,-0.688076129,-7.73085249e-09,-0.725638505
104.66,-0.688825857,-7.71906109e-09,-0.724926851
104.67,-0.689573706,-7.71107655e-09,-0.724215509
104.68,-0.690319763,-7.70485383e-09,-0.723504406
104.69,-0.69106402,-7.69846209e-09,-0.722793553
104.7,-0.691806605,-7.69109432e-09,-0.722082835
104.71,-0.692547716,-7.6830639e-09,-0.721372069
104.72,-0.693287274,-7.67625249e-09,-0.720661332
104.73,-0.694025211,-7.67033706e-09,-0.719950697
104.74,-0.694761408,-7.66544941e-09,-0.719240284
104.75,-0.695495545,-7.66179395e-09,-0.718530408
104.76,-0.696227902,-7.65925845e-09,-0.717820805
104.77,-0.696958829,-7.65435753e-09,-0.717111142
104.78,-0.697688327,-7.64559891e-09,-0.716401422
104.79,-0.69841624,-7.63133454e-09,-0.715691802
104.8,-0.699142662,-7.61351253e-09,-0.714982194
104.81,-0.699867566,-7.59294027e-09,-0.71427263
104.82,-0.700590883,-7.57046507e-09,-0.713563182
104.83,-0.701312787,-7.54667394e-09,-0.712853684
104.84,-0.702033245,-7.52120631e-09,-0.712144173
104.85,-0.702752244,-7.49582175e-09,-0.711434666
104.86,-0.703469894,-7.47061601e-09,-0.710725058
104.87,-0.704185965,-7.44491143e-09,-0.710015582
104.88,-0.704900111,-7.42081597e-09,-0.709306586
104.89,-0.705612472,-7.39907886e-09,-0.708597939
104.9,-0.706323086,-7.37814239e-09,-0.707889609
104.91,-0.707032183,-7.35956746e-09,-0.707181372
104.92,-0.707740019,-7.3453562e-09,-0.706472976
104.93,-0.708446463,-7.33453589e-09,-0.705764557
104.94,-0.709151247,-7.32532331e-09,-0.705056387
104.95,-0.70985455,-7.31619721e-09,-0.704348293
104.96,-0.710556358,-7.30624511e-09,-0.703640293
104.97,-0.711256564,-7.29567672e-09,-0.702932501
104.98,-0.711954941,-7.28346814e-09,-0.70222515
104.99,-0.712651424,-7.2705665e-09,-0.701518316
105,-0.713346355,-7.25661559e-09,-0.700811656
105.01,-0.714039944,-7.24190346e-09,-0.700104962
105.02,-0.71473226,-7.2260966e-09,-0.699398167
105.03,-0.715423168,-7.20840211e-09,-0.698691413
105.04,-0.716112615,-7.19024518e-09,-0.697984758
105.05,-0.716800533,-7.17119103e-09,-0.697278277
105.06,-0.717486795,-7.15046189e-09,-0.696572106
105.07,-0.718171494,-7.13261594e-09,-0.695866155
105.08,-0.718854734,-7.11841242e-09,-0.695160321
105.09,-0.719536553,-7.10751423e-09,-0.694454569
105.1,-0.720217045,-7.10000139e-09,-0.693748808
105.11,-0.720896004,-7.09369143e-09,-0.693043254
105.12,-0.721573187,-7.0860258e-09,-0.692338166
105.13,-0.72224889,-7.08098219e-09,-0.691633241
105.14,-0.72292321,-7.07913213e-09,-0.690928384
105.15,-0.723595998,-7.07873397e-09,-0.690223755
105.16,-0.724267359,-7.07800434e-09,-0.689519248
105.17,-0.724937402,-7.07654319e-09,-0.688814753
105.18,-0.725606017,-7.07351952e-09,-0.68811039
105.19,-0.726273139,-7.0710241e-09,-0.687406232
105.2,-0.726938826,-7.07040965e-09,-0.686702223
105.21,-0.727602931,-7.07188911e-09,-0.685998524
105.22,-0.728264963,-7.07356733e-09,-0.685295661
105.23,-0.728925107,-7.0737545e-09,-0.684593448
105.24,-0.729583628,-7.07366903e-09,-0.683891607
105.25,-0.730240675,-7.07421777e-09,-0.683189985
105.26,-0.730896307,-7.07397046e-09,-0.682488526
105.27,-0.731550437,-7.07214659e-09,-0.681787327
105.28,-0.732203051,-7.06958867e-09,-0.681086406
105.29,-0.732854126,-7.06652513e-09,-0.680385795
105.3,-0.733503667,-7.06335874e-09,-0.679685494
105.31,-0.734151818,-7.06145604e-09,-0.678985352
105.32,-0.734798702,-7.06080799e-09,-0.67828524
105.33,-0.735444349,-7.06047352e-09,-0.67758513
105.34,-0.736088589,-7.05950695e-09,-0.676885211
105.35,-0.736731239,-7.05711514e-09,-0.676185686
105.36,-0.737372491,-7.05378294e-09,-0.67548635
105.37,-0.738012451,-7.04995394e-09,-0.674787094
105.38,-0.738651172,-7.04610803e-09,-0.674087862
105.39,-0.73928861,-7.04107791e-09,-0.673388707
105.4,-0.739924663,-7.03461051e-09,-0.672689745
105.41,-0.740559464,-7.02842074e-09,-0.671990833
105.42,-0.741192945,-7.02198454e-09,-0.671292051
105.43,-0.741824945,-7.01805293e-09,-0.670593581
105.44,-0.742455451,-7.01578351e-09,-0.669895442
105.45,-0.743084599,-7.01750449e-09,-0.669197488
105.46,-0.743712151,-7.0216775e-09,-0.66849999
105.47,-0.74433799,-7.02532661e-09,-0.667803083
105.48,-0.744962167,-7.02612344e-09,-0.667106716
105.49,-0.745584789,-7.02453382e-09,-0.666410776
105.5,-0.746205787,-7.02277053e-09,-0.665715348
105.51,-0.746825073,-7.02273038e-09,-0.665020533
105.52,-0.747442895,-7.02600735e-09,-0.664326063
105.53,-0.748059353,-7.03179545e-09,-0.663631829
105.54,-0.748674506,-7.03847148e-09,-0.662937767
105.55,-0.749288456,-7.04579464e-09,-0.662243769
105.56,-0.749901238,-7.05367638e-09,-0.661549796
105.57,-0.750512888,-7.06233772e-09,-0.660855813
105.58,-0.751123315,-7.07176264e-09,-0.660161924
105.59,-0.751732568,-7.08126616e-09,-0.659468078
105.6,-0.752340726,-7.08935332e-09,-0.658774189
105.61,-0.752947777,-7.09518696e-09,-0.658080272
105.62,-0.753553834,-7.10198417e-09,-0.657386202
105.63,-0.754158918,-7.10995513e-09,-0.656691957
105.64,-0.754762949,-7.11844858e-09,-0.65599763
105.65,-0.755365768,-7.12887885e-09,-0.655303408
105.66,-0.75596717,-7.14141765e-09,-0.654609531
105.67,-0.756567334,-7.15710826e-09,-0.653915796
105.68,-0.757166361,-7.17658503e-09,-0.653222093
105.69,-0.757764329,-7.19931492e-09,-0.65252833
105.7,-0.758361022,-7.22172207e-09,-0.651834765
105.71,-0.758956204,-7.24351275e-09,-0.651141674
105.72,-0.759550067,-7.27201906e-09,-0.650448841
105.73,-0.760142494,-7.30486996e-09,-0.649756407
105.74,-0.760732915,-7.33712199e-09,-0.649065044
105.75,-0.761321343,-7.36850263e-09,-0.648374747
105.76,-0.76190816,-7.40230128e-09,-0.647685074
105.77,-0.76249351,-7.43661444e-09,-0.646995863
105.78,-0.763077333,-7.46954414e-09,-0.64630719
105.79,-0.763659778,-7.50451241e-09,-0.645618883
105.8,-0.764240993,-7.54206861e-09,-0.644930775
105.81,-0.764820914,-7.58004809e-09,-0.644242943
105.82,-0.765399424,-7.61655738e-09,-0.643555531
105.83,-0.765976472,-7.65408973e-09,-0.642868606
105.84,-0.766552048,-7.69453763e-09,-0.642182184
105.85,-0.767126331,-7.73411353e-09,-0.641496058
105.86,-0.767699355,-7.77119776e-09,-0.64081019
105.87,-0.768271128,-7.80746297e-09,-0.640124577
105.88,-0.768841636,-7.84343029e-09,-0.639439238
105.89,-0.76941092,-7.87942369e-09,-0.638754128
105.9,-0.769978928,-7.91777951e-09,-0.638069315
105.91,-0.770545526,-7.96072607e-09,-0.637384964
105.92,-0.771110722,-8.00232703e-09,-0.636701071
105.93,-0.771674585,-8.04036994e-09,-0.636017559
105.94,-0.77223711,-8.07509339e-09,-0.635334436
105.95,-0.772798103,-8.1066347e-09,-0.634651946
105.96,-0.773357709,-8.13532212e-09,-0.633969916
105.97,-0.773915996,-8.15965588e-09,-0.633288268
105.98,-0.774473062,-8.18272236e-09,-0.63260689
105.99,-0.775028992,-8.20544542e-09,-0.631925677
106,-0.775583846,-8.22669407e-09,-0.631244562
106.01,-0.776137685,-8.24884548e-09,-0.630563474
106.02,-0.776690426,-8.27294459e-09,-0.629882514
106.03,-0.777241972,-8.29687663e-09,-0.629201809
106.04,-0.77779226,-8.31943833e-09,-0.62852144
106.05,-0.778341402,-8.34330772e-09,-0.627841271
106.06,-0.778889561,-8.36820575e-09,-0.627161105
106.07,-0.779436666,-8.39226932e-09,-0.626481032
106.08,-0.77998253,-8.41352668e-09,-0.625801288
106.09,-0.780527216,-8.43362281e-09,-0.6251218
106.1,-0.781070789,-8.45515777e-09,-0.624442489
106.11,-0.781613256,-8.47960814e-09,-0.62376335
106.12,-0.782154725,-8.50518294e-09,-0.623084253
106.13,-0.78269505,-8.52729362e-09,-0.622405381
106.14,-0.783234048,-8.54360539e-09,-0.621726971
106.15,-0.783771888,-8.56017561e-09,-0.621048813
106.16,-0.784308553,-8.57650271e-09,-0.620370932
106.17,-0.784843997,-8.59582148e-09,-0.619693392
106.18,-0.785378344,-8.61837148e-09,-0.61901604
106.19,-0.785911715,-8.6442699e-09,-0.618338723
106.2,-0.786444141,-8.67283587e-09,-0.617661407
106.21,-0.786975629,-8.70068182e-09,-0.616984083
106.22,-0.787506157,-8.72614978e-09,-0.616306784
106.23,-0.788035819,-8.75046105e-09,-0.615629392
106.24,-0.788564613,-8.7741619e-09,-0.61495191
106.25,-0.789092473,-8.79694994e-09,-0.614274425
106.26,-0.789619378,-8.81800495e-09,-0.613596967
106.27,-0.790145015,-8.83487577e-09,-0.612919942
106.28,-0.790669167,-8.85028229e-09,-0.612243635
106.29,-0.791192055,-8.86931851e-09,-0.611567766
106.3,-0.791713792,-8.89044585e-09,-0.610892193
106.31,-0.792234269,-8.91076264e-09,-0.610217062
106.32,-0.792753605,-8.93094363e-09,-0.609542224
106.33,-0.793271892,-8.95033098e-09,-0.608867559
106.34,-0.793789145,-8.96844047e-09,-0.608193056
106.35,-0.79430525,-8.98334772e-09,-0.607518864
106.36,-0.794819857,-8.99065598e-09,-0.606845445
106.37,-0.795332771,-8.99165804e-09,-0.606173064
106.38,-0.795843873,-8.99200513e-09,-0.605501883
106.39,-0.796353146,-8.99468111e-09,-0.604831933
106.4,-0.796860842,-8.99728971e-09,-0.60416289
106.41,-0.797367079,-8.9995779e-09,-0.603494607
106.42,-0.797872004,-9.00410569e-09,-0.602826894
106.43,-0.79837564,-9.01227822e-09,-0.602159728
106.44,-0.79887799,-9.02104963e-09,-0.601493106
106.45,-0.7993791,-9.02899139e-09,-0.600826975
106.46,-0.799879095,-9.03540058e-09,-0.600161173
106.47,-0.800377799,-9.03966857e-09,-0.599495937
106.48,-0.800874801,-9.04217791e-09,-0.598831824
106.49,-0.801370172,-9.04483108e-09,-0.598168745
106.5,-0.801863955,-9.04893115e-09,-0.597506651
106.51,-0.802356087,-9.05185624e-09,-0.596845632
106.52,-0.802846827,-9.05271117e-09,-0.596185351
106.53,-0.803336363,-9.05285265e-09,-0.595525556
106.54,-0.803824732,-9.05368581e-09,-0.594866204
106.55,-0.804312031,-9.0556495e-09,-0.594207167
106.56,-0.804798372,-9.06112636e-09,-0.593548297
106.57,-0.805283799,-9.06761066e-09,-0.592889536
106.58,-0.805768305,-9.07163126e-09,-0.5922309
106.59,-0.806251974,-9.07605907e-09,-0.591572273
106.6,-0.806734751,-9.08080826e-09,-0.590913734
106.61,-0.807216388,-9.08410621e-09,-0.590255625
106.62,-0.807696877,-9.08675126e-09,-0.589597961
106.63,-0.808176394,-9.09054857e-09,-0.588940503
106.64,-0.808654968,-9.09517259e-09,-0.588283217
106.65,-0.809132671,-9.10039889e-09,-0.587626004
106.66,-0.80960951,-9.10689597e-09,-0.586968859
106.67,-0.810085518,-9.11511287e-09,-0.586311737
106.68,-0.81056058,-9.12368947e-09,-0.585654801
106.69,-0.81103459,-9.13220056e-09,-0.584998199
106.7,-0.811507571,-9.14196815e-09,-0.584341906
106.71,-0.81197955,-9.15213216e-09,-0.583685883
106.72,-0.812450409,-9.16117291e-09,-0.583030301
106.73,-0.812920191,-9.1698683e-09,-0.582375105
106.74,-0.813388915,-9.17592882e-09,-0.58172027
106.75,-0.813856505,-9.1803901e-09,-0.581065908
106.76,-0.814322927,-9.18474019e-09,-0.58041207
106.77,-0.814788174,-9.18922904e-09,-0.57975877
106.78,-0.815252357,-9.19512717e-09,-0.579105857
106.79,-0.815715617,-9.20256615e-09,-0.578453138
106.8,-0.816177841,-9.21024524e-09,-0.577800772
106.81,-0.816638695,-9.21648485e-09,-0.577149237
106.82,-0.817098255,-9.22210137e-09,-0.576498432
106.83,-0.81755678,-9.22833685e-09,-0.575847993
106.84,-0.818014324,-9.2353348e-09,-0.575197849
106.85,-0.818470701,-9.24213835e-09,-0.574548267
106.86,-0.818925945,-9.24766986e-09,-0.573899205
106.87,-0.819379941,-9.25320169e-09,-0.573250829
106.88,-0.819832363,-9.25919736e-09,-0.572603612
106.89,-0.820283372,-9.26361948e-09,-0.571957332
106.9,-0.820733075,-9.27063467e-09,-0.571311841
106.91,-0.821181685,-9.28281253e-09,-0.570666839
106.92,-0.82162922,-9.29645026e-09,-0.570022303
106.93,-0.822075466,-9.30913025e-09,-0.569378546
106.94,-0.822520382,-9.32249458e-09,-0.568735634
106.95,-0.822964224,-9.33794152e-09,-0.568093202
106.96,-0.823407085,-9.35355711e-09,-0.567451119
106.97,-0.823848741,-9.36829004e-09,-0.566809714
106.98,-0.824289029,-9.3840001e-09,-0.56616923
106.99,-0.824728166,-9.40159211e-09,-0.565529355
107,-0.82516632,-9.42010815e-09,-0.564889851
107.01,-0.825603476,-9.43915488e-09,-0.564250742
107.02,-0.82603959,-9.46001749e-09,-0.563612097
107.03,-0.826474642,-9.48123858e-09,-0.562973949
107.04,-0.826908723,-9.50180361e-09,-0.562336166
107.05,-0.827341896,-9.52135246e-09,-0.561698662
107.06,-0.827774111,-9.53879355e-09,-0.561061512
107.07,-0.828205285,-9.55370606e-09,-0.560424845
107.08,-0.828635458,-9.56863604e-09,-0.559788601
107.09,-0.829064702,-9.58348895e-09,-0.55915268
107.1,-0.829493024,-9.59652204e-09,-0.558517075
107.11,-0.829920471,-9.60754667e-09,-0.557881718
107.12,-0.830346962,-9.61578743e-09,-0.557246735
107.13,-0.830772463,-9.62176074e-09,-0.556612176
107.14,-0.831197145,-9.62809111e-09,-0.555977792
107.15,-0.831621075,-9.63483914e-09,-0.555343487
107.16,-0.832044213,-9.640947e-09,-0.554709317
107.17,-0.832466555,-9.64658351e-09,-0.554075296
107.18,-0.832888128,-9.65196333e-09,-0.553441385
107.19,-0.833308954,-9.65638833e-09,-0.552807551
107.2,-0.833728998,-9.65981201e-09,-0.552173848
107.21,-0.834148159,-9.66237104e-09,-0.551540433
107.22,-0.834566519,-9.66450927e-09,-0.550907184
107.23,-0.834984167,-9.66662797e-09,-0.55027397
107.24,-0.835401123,-9.66889012e-09,-0.549640759
107.25,-0.835817359,-9.6709963e-09,-0.549007598
107.26,-0.836232897,-9.67261942e-09,-0.548374455
107.27,-0.836647754,-9.67413941e-09,-0.547741304
107.28,-0.837061883,-9.67474762e-09,-0.54710822
107.29,-0.837475078,-9.67396345e-09,-0.54647552
107.3,-0.837887301,-9.66880935e-09,-0.545843266
107.31,-0.838298634,-9.66177711e-09,-0.545211335
107.32,-0.838709039,-9.65596727e-09,-0.544579791
107.33,-0.839118559,-9.64843324e-09,-0.543948567
107.34,-0.839527313,-9.6392021e-09,-0.543317485
107.35,-0.83993532,-9.62778849e-09,-0.542686519
107.36,-0.84034261,-9.61361535e-09,-0.542055622
107.37,-0.840749214,-9.59715537e-09,-0.541424749
107.38,-0.841155121,-9.57952112e-09,-0.540793919
107.39,-0.841560292,-9.56307666e-09,-0.540163193
107.4,-0.841964719,-9.54802185e-09,-0.539532587
107.41,-0.842368433,-9.53325181e-09,-0.538902054
107.42,-0.842771468,-9.51816228e-09,-0.538271542
107.43,-0.843173812,-9.50287472e-09,-0.537641072
107.44,-0.843575418,-9.48613898e-09,-0.537010721
107.45,-0.843976336,-9.46739122e-09,-0.536380409
107.46,-0.844376547,-9.44834057e-09,-0.535750172
107.47,-0.844775939,-9.43014844e-09,-0.535120186
107.48,-0.845174519,-9.40937129e-09,-0.534490441
107.49,-0.845572227,-9.38664856e-09,-0.53386104
107.5,-0.845968684,-9.36403435e-09,-0.533232582
107.51,-0.846363799,-9.34239379e-09,-0.532605219
107.52,-0.846757885,-9.32663685e-09,-0.531978462
107.53,-0.847151105,-9.3164271e-09,-0.531352053
107.54,-0.847543475,-9.30807902e-09,-0.530725973
107.55,-0.847934795,-9.29842722e-09,-0.530100541
107.56,-0.848324976,-9.28690832e-09,-0.529475906
107.57,-0.848714158,-9.27635618e-09,-0.528851849
107.58,-0.849102488,-9.26753307e-09,-0.528228137
107.59,-0.849489891,-9.25753797e-09,-0.527604895
107.6,-0.849876142,-9.24326199e-09,-0.526982489
107.61,-0.850261352,-9.22995772e-09,-0.526360744
107.62,-0.850645676,-9.2211843e-09,-0.525739416
107.63,-0.85102917,-9.2141408e-09,-0.525118418
107.64,-0.851411769,-9.20667622e-09,-0.524497854
107.65,-0.851793426,-9.19851383e-09,-0.523877809
107.66,-0.852174028,-9.18933791e-09,-0.523258469
107.67,-0.852553547,-9.18136535e-09,-0.522639884
107.68,-0.852932058,-9.17692323e-09,-0.522021939
107.69,-0.853309724,-9.17555359e-09,-0.521404369
107.7,-0.853686611,-9.17558015e-09,-0.520787068
107.71,-0.854062706,-9.17549293e-09,-0.520170063
107.72,-0.854438023,-9.17591779e-09,-0.519553332
107.73,-0.854812581,-9.17696017e-09,-0.518936847
107.74,-0.855186349,-9.17782493e-09,-0.518320662
107.75,-0.855559366,-9.17796053e-09,-0.517704715
107.76,-0.855931662,-9.17678237e-09,-0.517088957
107.77,-0.856303273,-9.17599872e-09,-0.516473333
107.78,-0.856674042,-9.17740131e-09,-0.515858106
107.79,-0.857043695,-9.18345149e-09,-0.515243733
107.8,-0.857412314,-9.19169471e-09,-0.514630084
107.81,-0.857780115,-9.19901874e-09,-0.514016803
107.82,-0.858147147,-9.20466101e-09,-0.513403811
107.83,-0.858513457,-9.20754187e-09,-0.512791034
107.84,-0.858879109,-9.2088967e-09,-0.512178363
107.85,-0.859244137,-9.20879879e-09,-0.511565747
107.86,-0.859608492,-9.20632553e-09,-0.510953267
107.87,-0.859972036,-9.20010782e-09,-0.510341158
107.88,-0.860334759,-9.19048306e-09,-0.509729441
107.89,-0.860696776,-9.1811094e-09,-0.509117923
107.9,-0.861058066,-9.17204485e-09,-0.508506645
107.91,-0.861418623,-9.16090982e-09,-0.507895615
107.92,-0.861778525,-9.14884844e-09,-0.507284707
107.93,-0.862137763,-9.13555951e-09,-0.506673935
107.94,-0.862496303,-9.12037998e-09,-0.506063362
107.95,-0.862854126,-9.10370502e-09,-0.505453022
107.96,-0.863211254,-9.08671012e-09,-0.504842877
107.97,-0.863567645,-9.06935497e-09,-0.504233005
107.98,-0.863923236,-9.05115979e-09,-0.503623513
107.99,-0.864277922,-9.03124953e-09,-0.503014587
108,-0.864631762,-9.00883311e-09,-0.502406127
108.01,-0.864984755,-8.98408196e-09,-0.50179814
108.02,-0.86533684,-8.96005308e-09,-0.501190736
108.03,-0.865688115,-8.93858019e-09,-0.500583747
108.04,-0.866038563,-8.91738982e-09,-0.499977208
108.05,-0.866388154,-8.89683659e-09,-0.499371172
108.06,-0.866736975,-8.87767307e-09,-0.498765492
108.07,-0.867085048,-8.86073511e-09,-0.498160134
108.08,-0.867432305,-8.84606715e-09,-0.49755522
108.09,-0.867778804,-8.83198013e-09,-0.496950649
108.1,-0.868124619,-8.817564e-09,-0.496346296
108.11,-0.868469786,-8.80443757e-09,-0.495742101
108.12,-0.868814244,-8.7924718e-09,-0.495138173
108.13,-0.869157948,-8.78093714e-09,-0.49453459
108.14,-0.869500967,-8.77062675e-09,-0.493931239
108.15,-0.869843341,-8.76173231e-09,-0.493328048
108.16,-0.870184852,-8.75431672e-09,-0.492725404
108.17,-0.870525088,-8.74819612e-09,-0.49212404
108.18,-0.870864288,-8.74107428e-09,-0.491523541
108.19,-0.871202668,-8.73186045e-09,-0.490923529
108.2,-0.871540249,-8.72089742e-09,-0.490323968
108.21,-0.871876961,-8.71186587e-09,-0.48972499
108.22,-0.87221277,-8.70389909e-09,-0.489126655
108.23,-0.872547715,-8.69670084e-09,-0.488528898
108.24,-0.872881663,-8.68945699e-09,-0.487931965
108.25,-0.873214573,-8.68208291e-09,-0.487335931
108.26,-0.873546606,-8.67655759e-09,-0.486740513
108.27,-0.873877858,-8.67356556e-09,-0.486145543
108.28,-0.874208319,-8.67195908e-09,-0.485551042
108.29,-0.87453798,-8.66941945e-09,-0.484957031
108.3,-0.87486659,-8.66223508e-09,-0.484363964
108.31,-0.875193865,-8.65413758e-09,-0.483772362
108.32,-0.875519977,-8.64797902e-09,-0.483181922
108.33,-0.875845048,-8.64265956e-09,-0.482592429
108.34,-0.87616919,-8.64060255e-09,-0.482003683
108.35,-0.876492388,-8.64180397e-09,-0.481415717
108.36,-0.876814751,-8.64526593e-09,-0.480828339
108.37,-0.877136312,-8.64891292e-09,-0.480241492
108.38,-0.877457043,-8.6506727e-09,-0.479655228
108.39,-0.877776933,-8.65217222e-09,-0.479069573
108.4,-0.878095822,-8.65385776e-09,-0.478484824
108.41,-0.878413729,-8.65767957e-09,-0.477900953
108.42,-0.87873075,-8.66238942e-09,-0.477317786
108.43,-0.87904702,-8.66589229e-09,-0.47673508
108.44,-0.879362511,-8.66683665e-09,-0.47615289
108.45,-0.879677139,-8.66845518e-09,-0.475571374
108.46,-0.879990922,-8.67203901e-09,-0.474990502
108.47,-0.880303886,-8.67743662e-09,-0.474410232
108.48,-0.880616113,-8.68365508e-09,-0.473830414
108.49,-0.88092758,-8.69023099e-09,-0.473251095
108.5,-0.881238327,-8.69699532e-09,-0.472672203
108.51,-0.881548413,-8.70423855e-09,-0.47209363
108.52,-0.881857875,-8.7122087e-09,-0.47151531
108.53,-0.882166745,-8.72056832e-09,-0.470937186
108.54,-0.882475039,-8.72879799e-09,-0.470359231
108.55,-0.882782791,-8.73699587e-09,-0.469781379
108.56,-0.883090024,-8.74510181e-09,-0.469203591
108.57,-0.883396751,-8.75293585e-09,-0.468625842
108.58,-0.883702947,-8.76039864e-09,-0.468048183
108.59,-0.884008566,-8.76762588e-09,-0.4674707
108.6,-0.884313642,-8.77478537e-09,-0.466893331
108.61,-0.884618188,-8.78188775e-09,-0.466316053
108.62,-0.884922121,-8.79157498e-09,-0.465739026
108.63,-0.885225308,-8.80628861e-09,-0.465162503
108.64,-0.885527898,-8.82131574e-09,-0.464586205
108.65,-0.885829956,-8.83455924e-09,-0.46401001
108.66,-0.886131479,-8.84611419e-09,-0.463433923
108.67,-0.886432522,-8.85696021e-09,-0.462857844
108.68,-0.886733111,-8.86723402e-09,-0.462281721
108.69,-0.887033215,-8.87543022e-09,-0.461705616
108.7,-0.887332786,-8.88038052e-09,-0.461129621
108.71,-0.88763186,-8.88513252e-09,-0.460553668
108.72,-0.887930344,-8.89032953e-09,-0.459977939
108.73,-0.888228028,-8.89474684e-09,-0.459402841
108.74,-0.888524866,-8.89801808e-09,-0.458828467
108.75,-0.888820991,-8.9008855e-09,-0.458254565
108.76,-0.889116495,-8.90363317e-09,-0.457680956
108.77,-0.889411423,-8.90605886e-09,-0.457107559
108.78,-0.889705756,-8.90716194e-09,-0.45653441
108.79,-0.889999503,-8.90655966e-09,-0.455961494
108.8,-0.89029263,-8.90589194e-09,-0.455388881
108.81,-0.890585064,-8.90463921e-09,-0.454816715
108.82,-0.890876895,-8.90317478e-09,-0.454244823
108.83,-0.891168189,-8.90153609e-09,-0.453673076
108.84,-0.891458881,-8.89963528e-09,-0.453101603
108.85,-0.891748807,-8.89839822e-09,-0.452530734
108.86,-0.892038005,-8.89858475e-09,-0.451960395
108.87,-0.892326555,-8.89830576e-09,-0.451390429
108.88,-0.892614448,-8.89686569e-09,-0.45082086
108.89,-0.892901718,-8.89467671e-09,-0.45025162
108.9,-0.893188395,-8.89151546e-09,-0.449682656
108.91,-0.893474453,-8.88687989e-09,-0.449114018
108.92,-0.893759906,-8.88193406e-09,-0.448545683
108.93,-0.894044725,-8.87663934e-09,-0.447977711
108.94,-0.894328923,-8.87088417e-09,-0.447410078
108.95,-0.894612488,-8.8641763e-09,-0.446842809
108.96,-0.894895464,-8.85733456e-09,-0.446275821
108.97,-0.895177808,-8.85093093e-09,-0.4457092
108.98,-0.895459533,-8.84508447e-09,-0.445142926
108.99,-0.89574072,-8.83956833e-09,-0.444576835
109,-0.896021408,-8.83324287e-09,-0.444010851
109.01,-0.896301568,-8.82434605e-09,-0.443445036
109.02,-0.896581074,-8.8130414e-09,-0.442879643
109.03,-0.896859778,-8.80058782e-09,-0.442314977
109.04,-0.897137695,-8.7911061e-09,-0.441751012
109.05,-0.897414976,-8.78703523e-09,-0.441187444
109.06,-0.897691724,-8.78566197e-09,-0.440624068
109.07,-0.897967972,-8.78488165e-09,-0.440060816
109.08,-0.898243684,-8.78389756e-09,-0.439497764
109.09,-0.898518797,-8.78267706e-09,-0.438935043
109.1,-0.898793374,-8.78208725e-09,-0.438372525
109.11,-0.899067458,-8.78208002e-09,-0.437810125
109.12,-0.899341013,-8.78092797e-09,-0.437247918
109.13,-0.899613992,-8.77698939e-09,-0.436686003
109.14,-0.899886411,-8.77244796e-09,-0.436124348
109.15,-0.900158314,-8.76885706e-09,-0.435562866
109.16,-0.900429703,-8.7669878e-09,-0.435001551
109.17,-0.900700493,-8.76659396e-09,-0.434440586
109.18,-0.900970733,-8.76752853e-09,-0.433879866
109.19,-0.901240478,-8.76994177e-09,-0.433319284
109.2,-0.901509646,-8.7723148e-09,-0.432759006
109.21,-0.901778085,-8.77036201e-09,-0.432199358
109.22,-0.902045834,-8.76494354e-09,-0.431640259
109.23,-0.902313004,-8.7612223e-09,-0.43108148
109.24,-0.902579647,-8.75984673e-09,-0.430522916
109.25,-0.902845779,-8.75945363e-09,-0.429964534
109.26,-0.903111384,-8.75790894e-09,-0.429406367
109.27,-0.90337639,-8.75403395e-09,-0.428848573
109.28,-0.903640769,-8.75083669e-09,-0.42829121
109.29,-0.903904504,-8.74869606e-09,-0.427734319
109.3,-0.904167484,-8.74620963e-09,-0.427178137
109.31,-0.904429778,-8.74311548e-09,-0.426622523
109.32,-0.904691458,-8.73992829e-09,-0.426067325
109.33,-0.904952584,-8.73753665e-09,-0.425512421
109.34,-0.90521318,-8.73573197e-09,-0.424957762
109.35,-0.905473257,-8.73436326e-09,-0.424403323
109.36,-0.905732782,-8.73314051e-09,-0.423849181
109.37,-0.905991734,-8.7319802e-09,-0.423295379
109.38,-0.906250172,-8.73140052e-09,-0.422741795
109.39,-0.906508106,-8.73132084e-09,-0.422188411
109.4,-0.906765486,-8.73152907e-09,-0.421635333
109.41,-0.907022314,-8.73298729e-09,-0.42108256
109.42,-0.907278626,-8.73544916e-09,-0.420530016
109.43,-0.907534492,-8.73695105e-09,-0.419977554
109.44,-0.907789953,-8.73813118e-09,-0.419425084
109.45,-0.908044967,-8.73871011e-09,-0.418872698
109.46,-0.908299475,-8.73936328e-09,-0.418320528
109.47,-0.908553484,-8.73983488e-09,-0.417768556
109.48,-0.908806959,-8.74080919e-09,-0.417216864
109.49,-0.909059777,-8.74380213e-09,-0.41666572
109.5,-0.909311964,-8.74831577e-09,-0.416115071
109.51,-0.909563592,-8.7528908e-09,-0.415564762
109.52,-0.909814731,-8.75639863e-09,-0.415014645
109.53,-0.91006538,-8.75822908e-09,-0.41446472
109.54,-0.910315491,-8.75902141e-09,-0.413915096
109.55,-0.910565056,-8.7600581e-09,-0.413365794
109.56,-0.910814107,-8.76063554e-09,-0.412816742
109.57,-0.911062686,-8.75982941e-09,-0.412267853
109.58,-0.911310816,-8.75920628e-09,-0.411719076
109.59,-0.91155851,-8.75895077e-09,-0.411170381
109.6,-0.911805774,-8.75858344e-09,-0.410621762
109.61,-0.912052581,-8.75802065e-09,-0.410073274
109.62,-0.912298909,-8.75749637e-09,-0.409524969
109.63,-0.912544761,-8.75667472e-09,-0.408976845
109.64,-0.912790051,-8.75568455e-09,-0.408429091
109.65,-0.913034754,-8.75402625e-09,-0.40788177
109.66,-0.913278957,-8.75265993e-09,-0.407334686
109.67,-0.91352262,-8.75133295e-09,-0.406787933
109.68,-0.913765636,-8.74895074e-09,-0.406241755
109.69,-0.914008111,-8.74601036e-09,-0.405695913
109.7,-0.91425012,-8.74292013e-09,-0.405150242
109.71,-0.914491621,-8.73839974e-09,-0.404604839
109.72,-0.914732546,-8.73338421e-09,-0.404059858
109.73,-0.914972899,-8.72972015e-09,-0.403515297
109.74,-0.915212659,-8.72759244e-09,-0.402971201
109.75,-0.915451893,-8.72647057e-09,-0.402427424
109.76,-0.915690598,-8.72552638e-09,-0.401883974
109.77,-0.915928739,-8.72470287e-09,-0.401340934
109.78,-0.91616637,-8.72462364e-09,-0.400798181
109.79,-0.916403524,-8.72497047e-09,-0.400255645
109.8,-0.916640216,-8.72445155e-09,-0.399713291
109.81,-0.916876473,-8.72378043e-09,-0.399171058
109.82,-0.917112306,-8.7234347e-09,-0.398628922
109.83,-0.917347605,-8.72396902e-09,-0.39808714
109.84,-0.917582147,-8.72615815e-09,-0.397546229
109.85,-0.917815926,-8.72871159e-09,-0.397006203
109.86,-0.918049047,-8.72988955e-09,-0.396466831
109.87,-0.91828158,-8.72754435e-09,-0.395927948
109.88,-0.918513514,-8.72210642e-09,-0.395389586
109.89,-0.9187448,-8.71516309e-09,-0.394851861
109.9,-0.918975512,-8.71064074e-09,-0.394314607
109.91,-0.91920573,-8.70844309e-09,-0.393777635
109.92,-0.919435483,-8.70704027e-09,-0.393240883
109.93,-0.919664724,-8.70464313e-09,-0.392704464
109.94,-0.919893369,-8.70121996e-09,-0.392168573
109.95,-0.920121474,-8.69891286e-09,-0.391633085
109.96,-0.920349031,-8.69884613e-09,-0.391098021
109.97,-0.920575939,-8.70007856e-09,-0.39056362
109.98,-0.920802246,-8.69993107e-09,-0.390029774
109.99,-0.921028015,-8.69779441e-09,-0.389496336
110,-0.921253315,-8.69607177e-09,-0.388963147
110.01,-0.921478187,-8.69792079e-09,-0.388430112
110.02,-0.921702574,-8.70259115e-09,-0.387897364
110.03,-0.921926376,-8.70872748e-09,-0.387365146
110.04,-0.922149657,-8.71817268e-09,-0.38683331
110.05,-0.922372384,-8.73179485e-09,-0.386301936
110.06,-0.92259446,-8.74956666e-09,-0.385771256
110.07,-0.92281599,-8.7670224e-09,-0.385241026
110.08,-0.923037029,-8.78081561e-09,-0.384711116
110.09,-0.923257612,-8.79643262e-09,-0.384181445
110.1,-0.923477746,-8.81415301e-09,-0.383651993
110.11,-0.923697448,-8.83172341e-09,-0.383122727
110.12,-0.923916709,-8.85154293e-09,-0.382593668
110.13,-0.924135479,-8.8721799e-09,-0.382064937
110.14,-0.92435373,-8.88957743e-09,-0.381536606
110.15,-0.924571486,-8.90640395e-09,-0.381008618
110.16,-0.924788775,-8.92419445e-09,-0.380480908
110.17,-0.925005628,-8.9439616e-09,-0.379953403
110.18,-0.925222043,-8.96419473e-09,-0.379426107
110.19,-0.925438009,-8.98270683e-09,-0.378899052
110.2,-0.92565353,-9.00144295e-09,-0.378372228
110.21,-0.925868626,-9.02114487e-09,-0.377845586
110.22,-0.926083295,-9.0418658e-09,-0.377319136
110.23,-0.926297551,-9.06311216e-09,-0.376792844
110.24,-0.926511407,-9.0840828e-09,-0.376266677
110.25,-0.926724792,-9.10491987e-09,-0.375740815
110.26,-0.926937577,-9.12439426e-09,-0.375215577
110.27,-0.927149777,-9.14035498e-09,-0.374690928
110.28,-0.927361463,-9.15980891e-09,-0.374166696
110.29,-0.927572665,-9.18230688e-09,-0.373642812
110.3,-0.927783408,-9.20559123e-09,-0.373119215
110.31,-0.92799372,-9.22848081e-09,-0.372595833
110.32,-0.928203623,-9.25056921e-09,-0.372072621
110.33,-0.928413129,-9.27193726e-09,-0.371549541
110.34,-0.928622243,-9.29113795e-09,-0.37102659
110.35,-0.928830943,-9.30726683e-09,-0.370503818
110.36,-0.929039224,-9.32305156e-09,-0.369981243
110.37,-0.929247112,-9.33768807e-09,-0.369458801
110.38,-0.929454626,-9.35223811e-09,-0.368936442
110.39,-0.929661772,-9.36658354e-09,-0.368414155
110.4,-0.929868495,-9.37969084e-09,-0.367892078
110.41,-0.930074703,-9.39031194e-09,-0.36737045
110.42,-0.930280436,-9.3987627e-09,-0.366849165
110.43,-0.930485754,-9.40551206e-09,-0.366328079
110.44,-0.930690654,-9.41218547e-09,-0.365807199
110.45,-0.930895104,-9.42067309e-09,-0.365286608
110.46,-0.931099138,-9.42845395e-09,-0.36476622
110.47,-0.931302771,-9.43443786e-09,-0.364246
110.48,-0.931505945,-9.43873484e-09,-0.363726098
110.49,-0.931708563,-9.44302482e-09,-0.363206764
110.5,-0.931910609,-9.44858847e-09,-0.362688043
110.51,-0.932112173,-9.45374241e-09,-0.362169707
110.52,-0.932313308,-9.45921314e-09,-0.361651623
110.53,-0.932514025,-9.46443064e-09,-0.361133761
110.54,-0.932714336,-9.46904521e-09,-0.360616094
110.55,-0.932914252,-9.47284176e-09,-0.360098595
110.56,-0.933113786,-9.47553979e-09,-0.359581231
110.57,-0.933312938,-9.47661396e-09,-0.359064005
110.58,-0.933511577,-9.47643693e-09,-0.358547258
110.59,-0.933709513,-9.47683633e-09,-0.358031487
110.6,-0.933906866,-9.478093e-09,-0.357516385
110.61,-0.934103712,-9.47976802e-09,-0.357001757
110.62,-0.934300037,-9.48129131e-09,-0.356487645
110.63,-0.934495888,-9.48143512e-09,-0.355973926
110.64,-0.934691294,-9.48191717e-09,-0.355460525
110.65,-0.9348862,-9.4875031e-09,-0.354947593
110.66,-0.935080535,-9.49617926e-09,-0.354435315
110.67,-0.935274358,-9.50378672e-09,-0.353923544
110.68,-0.935467702,-9.50904379e-09,-0.353412193
110.69,-0.935660634,-9.51284155e-09,-0.352901088
110.7,-0.935853188,-9.5154222e-09,-0.352390139
110.71,-0.936045384,-9.51612941e-09,-0.351879297
110.72,-0.936237203,-9.51418334e-09,-0.35136861
110.73,-0.936428593,-9.51043114e-09,-0.350858219
110.74,-0.936619578,-9.50561701e-09,-0.350348063
110.75,-0.936810156,-9.49969874e-09,-0.349838152
110.76,-0.937000337,-9.49281544e-09,-0.349328455
110.77,-0.937190158,-9.48464272e-09,-0.348818876
110.78,-0.937379638,-9.47491835e-09,-0.348309365
110.79,-0.937568767,-9.46460463e-09,-0.347799954
110.8,-0.937757505,-9.45365941e-09,-0.347290746
110.81,-0.937945825,-9.4415323e-09,-0.346781817
110.82,-0.938133684,-9.42899735e-09,-0.346273289
110.83,-0.938321085,-9.41719721e-09,-0.345765155
110.84,-0.93850811,-9.40628386e-09,-0.34525719
110.85,-0.938694638,-9.39579961e-09,-0.34474973
110.86,-0.938880424,-9.38498146e-09,-0.344243445
110.87,-0.93906563,-9.37351132e-09,-0.343737898
110.88,-0.939250377,-9.36068305e-09,-0.343232763
110.89,-0.93943467,-9.3459043e-09,-0.342728026
110.9,-0.939618516,-9.33135446e-09,-0.342223675
110.91,-0.939801944,-9.31780704e-09,-0.341719631
110.92,-0.939984969,-9.30493558e-09,-0.341215853
110.93,-0.940167596,-9.29240447e-09,-0.34071233
110.94,-0.940349846,-9.28015408e-09,-0.340209004
110.95,-0.940531727,-9.26855654e-09,-0.339705858
110.96,-0.940713235,-9.25826516e-09,-0.339202904
110.97,-0.940894379,-9.24931286e-09,-0.338700115
110.98,-0.94107516,-9.24180319e-09,-0.338197491
110.99,-0.941255605,-9.23478191e-09,-0.33769496
111,-0.941435678,-9.22910515e-09,-0.337192621
111.01,-0.941615318,-9.22582533e-09,-0.336690649
111.02,-0.941794592,-9.22315518e-09,-0.336188856
111.03,-0.941973545,-9.22052253e-09,-0.335687118
111.04,-0.942152194,-9.21782553e-09,-0.335185387
111.05,-0.942330527,-9.21485079e-09,-0.334683698
111.06,-0.942508498,-9.21287279e-09,-0.334182183
111.07,-0.942686086,-9.2128025e-09,-0.3336809
111.08,-0.942863302,-9.21330814e-09,-0.333179821
111.09,-0.943040185,-9.21499699e-09,-0.33267884
111.1,-0.943216753,-9.2178733e-09,-0.332177898
111.11,-0.943392958,-9.22181202e-09,-0.331677142
111.12,-0.943568705,-9.22583386e-09,-0.331176839
111.13,-0.943744062,-9.22850514e-09,-0.330676798
111.14,-0.943919082,-9.23029404e-09,-0.330176872
111.15,-0.94409376,-9.23095735e-09,-0.329677073
111.16,-0.944268086,-9.23339497e-09,-0.329177432
111.17,-0.944442062,-9.23907736e-09,-0.328677945
111.18,-0.944615671,-9.24635114e-09,-0.328178661
111.19,-0.944788846,-9.2549953e-09,-0.327679776
111.2,-0.944961598,-9.26328008e-09,-0.327181261
111.21,-0.945133922,-9.26891676e-09,-0.326683134
111.22,-0.945305819,-9.27215147e-09,-0.326185389
111.23,-0.945477326,-9.27658811e-09,-0.325687929
111.24,-0.945648493,-9.28298184e-09,-0.325190602
111.25,-0.945819303,-9.2902339e-09,-0.324693465
111.26,-0.945989749,-9.29670023e-09,-0.324196538
111.27,-0.946159815,-9.30181796e-09,-0.323699869
111.28,-0.946329427,-9.30191265e-09,-0.323203675
111.29,-0.9464985,-9.29825078e-09,-0.322708212
111.3,-0.946667117,-9.29553864e-09,-0.322213236
111.31,-0.946835335,-9.29420655e-09,-0.321718587
111.32,-0.947003171,-9.29297163e-09,-0.321224212
111.33,-0.947170624,-9.29109218e-09,-0.32073012
111.34,-0.94733769,-9.28856831e-09,-0.320236321
111.35,-0.947504393,-9.28552931e-09,-0.319742749
111.36,-0.947670767,-9.28284081e-09,-0.319249303
111.37,-0.947836845,-9.28143609e-09,-0.318755885
111.38,-0.948002624,-9.2797689e-09,-0.31826251
111.39,-0.948168077,-9.27724396e-09,-0.317769251
111.4,-0.948333178,-9.27428942e-09,-0.317276193
111.41,-0.948497925,-9.27172509e-09,-0.316783343
111.42,-0.948662288,-9.26916169e-09,-0.316290788
111.43,-0.948826302,-9.26513952e-09,-0.315798431
111.44,-0.948989969,-9.26121839e-09,-0.315306262
111.45,-0.94915326,-9.25832867e-09,-0.314814373
111.46,-0.949316213,-9.25556747e-09,-0.314322648
111.47,-0.949478857,-9.25248747e-09,-0.313831006
111.48,-0.949641128,-9.24899772e-09,-0.313339637
111.49,-0.949802932,-9.24554992e-09,-0.31284883
111.5,-0.94996436,-9.24338646e-09,-0.312358311
111.51,-0.950125454,-9.24161727e-09,-0.311867955
111.52,-0.950286201,-9.23930752e-09,-0.311377802
111.53,-0.950446591,-9.2360726e-09,-0.310887885
111.54,-0.950606644,-9.23220749e-09,-0.310398146
111.55,-0.950766376,-9.22742053e-09,-0.309908531
111.56,-0.950925822,-9.22272978e-09,-0.309418941
111.57,-0.951084994,-9.21883973e-09,-0.308929335
111.58,-0.951243832,-9.21347176e-09,-0.308439902
111.59,-0.95140228,-9.20614858e-09,-0.307950812
111.6,-0.951560269,-9.20132159e-09,-0.307462283
111.61,-0.951717875,-9.19619322e-09,-0.306974081
111.62,-0.951875165,-9.1888661e-09,-0.306486002
111.63,-0.952032098,-9.17937509e-09,-0.305998176
111.64,-0.952188548,-9.16756316e-09,-0.305510995
111.65,-0.952344523,-9.15316383e-09,-0.30502444
111.66,-0.952500076,-9.13854946e-09,-0.304538348
111.67,-0.952655233,-9.12624961e-09,-0.304052639
111.68,-0.952809971,-9.11607637e-09,-0.303567389
111.69,-0.952964326,-9.10743681e-09,-0.303082485
111.7,-0.95311832,-9.0999475e-09,-0.302597865
111.71,-0.953271956,-9.09214786e-09,-0.302113518
111.72,-0.953425205,-9.08369031e-09,-0.301629537
111.73,-0.953578024,-9.07551015e-09,-0.301146065
111.74,-0.953730433,-9.06716237e-09,-0.300663037
111.75,-0.953882437,-9.05955692e-09,-0.30018044
111.76,-0.954034076,-9.05386205e-09,-0.299698152
111.77,-0.954185346,-9.04894692e-09,-0.299216184
111.78,-0.954336254,-9.04363757e-09,-0.298734522
111.79,-0.95448682,-9.03782708e-09,-0.298253097
111.8,-0.954637055,-9.03129853e-09,-0.297771881
111.81,-0.954786966,-9.02514263e-09,-0.29729085
111.82,-0.954936551,-9.01930109e-09,-0.296810012
111.83,-0.955085796,-9.01218379e-09,-0.296329414
111.84,-0.955234665,-9.00353896e-09,-0.295849176
111.85,-0.955383156,-8.99439383e-09,-0.295369302
111.86,-0.955531213,-8.98393698e-09,-0.294889981
111.87,-0.955678863,-8.97295314e-09,-0.294411126
111.88,-0.955826162,-8.96305582e-09,-0.293932557
111.89,-0.955973133,-8.95414237e-09,-0.293454203
111.9,-0.956119762,-8.94593035e-09,-0.292976111
111.91,-0.956266043,-8.93954352e-09,-0.292498299
111.92,-0.956411956,-8.93536033e-09,-0.292020839
111.93,-0.956557452,-8.93261282e-09,-0.291543894
111.94,-0.95670248,-8.92956268e-09,-0.29106763
111.95,-0.956847091,-8.92440498e-09,-0.290591885
111.96,-0.956991291,-8.91596357e-09,-0.290116648
111.97,-0.957135113,-8.90758417e-09,-0.289641804
111.98,-0.957278578,-8.89966452e-09,-0.289167293
111.99,-0.957421703,-8.89190655e-09,-0.288693061
112,-0.957564485,-8.88412858e-09,-0.288219114
112.01,-0.95770689,-8.87587671e-09,-0.287745571
112.02,-0.957848895,-8.86645965e-09,-0.287272508
112.03,-0.957990546,-8.85744849e-09,-0.286799779
112.04,-0.958131871,-8.84922594e-09,-0.286327292
112.05,-0.958272874,-8.84207331e-09,-0.28585503
112.06,-0.958413556,-8.836366e-09,-0.285382998
112.07,-0.95855393,-8.83068081e-09,-0.284911148
112.08,-0.958694007,-8.82454153e-09,-0.28443945
112.09,-0.958833759,-8.81818767e-09,-0.283967994
112.1,-0.95897315,-8.81186979e-09,-0.283496909
112.11,-0.959112214,-8.80555509e-09,-0.283026078
112.12,-0.959250976,-8.79919203e-09,-0.28255542
112.13,-0.959389425,-8.79178765e-09,-0.282084972
112.14,-0.959527543,-8.78226092e-09,-0.281614797
112.15,-0.959665351,-8.77296468e-09,-0.281144827
112.16,-0.95980287,-8.76570647e-09,-0.280674992
112.17,-0.959940089,-8.75995483e-09,-0.280205326
112.18,-0.960076995,-8.75476751e-09,-0.279735882
112.19,-0.960213593,-8.75064229e-09,-0.279266638
112.2,-0.960349881,-8.7483487e-09,-0.278797607
112.21,-0.960485847,-8.74539974e-09,-0.278328832
112.22,-0.960621482,-8.74083245e-09,-0.27786034
112.23,-0.960756825,-8.73737818e-09,-0.277392001
112.24,-0.960891895,-8.73545275e-09,-0.276923754
112.25,-0.961026694,-8.73441069e-09,-0.27645559
112.26,-0.961161214,-8.73389406e-09,-0.275987537
112.27,-0.961295445,-8.7330771e-09,-0.275519632
112.28,-0.961429349,-8.7330559e-09,-0.275052008
112.29,-0.961562904,-8.73407748e-09,-0.274584744
112.3,-0.961696144,-8.7346064e-09,-0.274117724
112.31,-0.961829094,-8.73336949e-09,-0.273650861
112.32,-0.961961761,-8.73197519e-09,-0.273184134
112.33,-0.962094059,-8.73210816e-09,-0.272717844
112.34,-0.962225855,-8.73526168e-09,-0.272252462
112.35,-0.962357187,-8.73724049e-09,-0.271787866
112.36,-0.962488108,-8.74024287e-09,-0.271323871
112.37,-0.962618628,-8.74376285e-09,-0.27086044
112.38,-0.962748753,-8.74593627e-09,-0.270397558
112.39,-0.962878438,-8.74503233e-09,-0.26993539
112.4,-0.96300771,-8.74527057e-09,-0.269473838
112.41,-0.963136591,-8.74810959e-09,-0.269012838
112.42,-0.963265106,-8.75277902e-09,-0.268552295
112.43,-0.963393272,-8.75837727e-09,-0.268092155
112.44,-0.963521111,-8.76435729e-09,-0.267632339
112.45,-0.963648619,-8.77054313e-09,-0.267172862
112.46,-0.963775783,-8.77699443e-09,-0.266713781
112.47,-0.963902628,-8.78219802e-09,-0.266254999
112.48,-0.964029166,-8.7847299e-09,-0.265796476
112.49,-0.964155381,-8.78664033e-09,-0.265338276
112.5,-0.964281266,-8.78919673e-09,-0.264880425
112.51,-0.96440685,-8.79194067e-09,-0.264422818
112.52,-0.964532103,-8.79295645e-09,-0.263965571
112.53,-0.964656935,-8.7928531e-09,-0.26350901
112.54,-0.964781364,-8.79602823e-09,-0.263053075
112.55,-0.964905436,-8.80097496e-09,-0.2625976
112.56,-0.965029159,-8.80637468e-09,-0.262142562
112.57,-0.965152551,-8.8123096e-09,-0.261687894
112.58,-0.965275596,-8.81974586e-09,-0.261233658
112.59,-0.965398258,-8.82831645e-09,-0.26077999
112.6,-0.965520588,-8.83675548e-09,-0.260326706
112.61,-0.965642626,-8.84491379e-09,-0.259873659
112.62,-0.965764394,-8.85319709e-09,-0.259420769
112.63,-0.965885892,-8.86172894e-09,-0.258968036
112.64,-0.966007109,-8.87058784e-09,-0.258515505
112.65,-0.966128052,-8.87879952e-09,-0.258063147
112.66,-0.966248732,-8.88587981e-09,-0.257610925
112.67,-0.966369156,-8.8924367e-09,-0.257158813
112.68,-0.966489319,-8.89901475e-09,-0.256706829
112.69,-0.966609207,-8.90537336e-09,-0.256255032
112.7,-0.966728825,-8.91031299e-09,-0.255803398
112.71,-0.966848189,-8.91439675e-09,-0.255351873
112.72,-0.9669673,-8.91788963e-09,-0.254900453
112.73,-0.967086139,-8.92067739e-09,-0.254449207
112.74,-0.967204695,-8.92415676e-09,-0.253998186
112.75,-0.967322976,-8.93023717e-09,-0.253547353
112.76,-0.967440995,-8.93747975e-09,-0.253096663
112.77,-0.967558754,-8.94486418e-09,-0.252646112
112.78,-0.967676253,-8.95195324e-09,-0.252195695
112.79,-0.967793507,-8.95892183e-09,-0.251745363
112.8,-0.967910508,-8.96608089e-09,-0.251295143
112.81,-0.968027271,-8.97333335e-09,-0.250844977
112.82,-0.968143801,-8.98082971e-09,-0.250394849
112.83,-0.968260075,-8.98772879e-09,-0.249944848
112.84,-0.968376106,-8.99364765e-09,-0.249494926
112.85,-0.968491904,-8.99937402e-09,-0.249045038
112.86,-0.968607464,-9.00426984e-09,-0.248595216
112.87,-0.968722768,-9.00719258e-09,-0.248145519
112.88,-0.968837835,-9.00979456e-09,-0.24769588
112.89,-0.968952663,-9.01267547e-09,-0.247246306
112.9,-0.969067247,-9.0151376e-09,-0.246796821
112.91,-0.969181592,-9.01767457e-09,-0.246347399
112.92,-0.969295699,-9.02025848e-09,-0.245898044
112.93,-0.969409566,-9.02262595e-09,-0.245448758
112.94,-0.969523194,-9.02445644e-09,-0.244999544
112.95,-0.96963658,-9.02491917e-09,-0.244550408
112.96,-0.96974973,-9.02396675e-09,-0.244101334
112.97,-0.969862613,-9.02400086e-09,-0.24365244
112.98,-0.969975184,-9.02551185e-09,-0.24320391
112.99,-0.970087467,-9.02663157e-09,-0.242755653
113,-0.970199456,-9.0272738e-09,-0.242307687
113.01,-0.970311174,-9.0277823e-09,-0.241859932
113.02,-0.970422646,-9.0287321e-09,-0.24141228
113.03,-0.970533867,-9.03073618e-09,-0.240964754
113.04,-0.970644802,-9.03357104e-09,-0.2405175
113.05,-0.970755441,-9.03576738e-09,-0.240070559
113.06,-0.970865816,-9.03710124e-09,-0.239623804
113.07,-0.970975954,-9.03812016e-09,-0.239177124
113.08,-0.971085873,-9.03928851e-09,-0.238730448
113.09,-0.971195565,-9.04008947e-09,-0.238283812
113.1,-0.971304987,-9.04116671e-09,-0.237837388
113.11,-0.971414086,-9.04352375e-09,-0.237391393
113.12,-0.971522906,-9.04555487e-09,-0.236945656
113.13,-0.97163147,-9.04636226e-09,-0.236500078
113.14,-0.97173978,-9.04594777e-09,-0.236054655
113.15,-0.971847841,-9.04505319e-09,-0.235609368
113.16,-0.971955646,-9.04395103e-09,-0.235164245
113.17,-0.972063191,-9.04143912e-09,-0.234719307
113.18,-0.972170473,-9.03833694e-09,-0.234274565
113.19,-0.972277502,-9.03495083e-09,-0.233829981
113.2,-0.972384294,-9.03212776e-09,-0.233385486
113.21,-0.972490851,-9.02938829e-09,-0.232941077
113.22,-0.972597141,-9.02722075e-09,-0.232496885
113.23,-0.972703187,-9.02473542e-09,-0.232052816
113.24,-0.972809005,-9.02166822e-09,-0.231608808
113.25,-0.972914589,-9.01790442e-09,-0.231164883
113.26,-0.973019948,-9.0147612e-09,-0.230721002
113.27,-0.973125086,-9.01340016e-09,-0.230277154
113.28,-0.973229998,-9.01141867e-09,-0.229833354
113.29,-0.973334696,-9.00859394e-09,-0.229389558
113.3,-0.973439148,-9.00484884e-09,-0.228945899
113.31,-0.9735433,-8.99946689e-09,-0.22850261
113.32,-0.973647186,-8.99248099e-09,-0.228059548
113.33,-0.973750839,-8.98626827e-09,-0.227616572
113.34,-0.973854268,-8.98126583e-09,-0.227173646
113.35,-0.973957472,-8.97687992e-09,-0.226730773
113.36,-0.974060457,-8.97215951e-09,-0.226287929
113.37,-0.974163237,-8.96640976e-09,-0.225845052
113.38,-0.97426582,-8.96056938e-09,-0.225402114
113.39,-0.974368199,-8.95546109e-09,-0.224959136
113.4,-0.974470364,-8.9512488e-09,-0.224516166
113.41,-0.974572307,-8.94746009e-09,-0.224073243
113.42,-0.974674036,-8.94363538e-09,-0.223630329
113.43,-0.974775554,-8.93949191e-09,-0.223187409
113.44,-0.974876856,-8.93573103e-09,-0.222744506
113.45,-0.97497793,-8.93215972e-09,-0.222301678
113.46,-0.975078779,-8.92908775e-09,-0.221858908
113.47,-0.975179407,-8.92646336e-09,-0.221416178
113.48,-0.975279814,-8.92376069e-09,-0.220973492
113.49,-0.975379989,-8.92064825e-09,-0.220530898
113.5,-0.975479912,-8.9184627e-09,-0.220088483
113.51,-0.97557957,-8.91800774e-09,-0.219646312
113.52,-0.975678978,-8.9185774e-09,-0.219204317
113.53,-0.975778124,-8.92095804e-09,-0.21876255
113.54,-0.975876971,-8.9260121e-09,-0.21832118
113.55,-0.975975542,-8.93083582e-09,-0.217880108
113.56,-0.976073871,-8.93409388e-09,-0.217439182
113.57,-0.976171966,-8.93789351e-09,-0.216998371
113.58,-0.976269779,-8.9436496e-09,-0.216557888
113.59,-0.976367248,-8.94776849e-09,-0.216118018
113.6,-0.976464404,-8.95035445e-09,-0.215678621
113.61,-0.976561288,-8.95241376e-09,-0.21523952
113.62,-0.976657924,-8.95452741e-09,-0.214800603
113.63,-0.976754319,-8.95741963e-09,-0.214361846
113.64,-0.97685047,-8.96130516e-09,-0.213923257
113.65,-0.976946371,-8.96421226e-09,-0.213484868
113.66,-0.977042004,-8.96672692e-09,-0.213046763
113.67,-0.977137331,-8.96985681e-09,-0.212609115
113.68,-0.977232335,-8.9740602e-09,-0.212172013
113.69,-0.977327059,-8.97857972e-09,-0.211735258
113.7,-0.977421529,-8.98331094e-09,-0.211298732
113.71,-0.977515759,-8.98831436e-09,-0.210862374
113.72,-0.977609756,-8.99325783e-09,-0.210426152
113.73,-0.977703523,-8.99870119e-09,-0.209990051
113.74,-0.977797064,-9.00524179e-09,-0.209554055
113.75,-0.977890381,-9.01176215e-09,-0.209118155
113.76,-0.977983471,-9.01800229e-09,-0.208682365
113.77,-0.978076328,-9.02320546e-09,-0.208246719
113.78,-0.978168949,-9.02598297e-09,-0.207811228
113.79,-0.978261317,-9.02866321e-09,-0.207375978
113.8,-0.978353415,-9.03306649e-09,-0.206941045
113.81,-0.978445248,-9.03856206e-09,-0.20650641
113.82,-0.978536829,-9.04417124e-09,-0.206072014
113.83,-0.97862816,-9.04979962e-09,-0.205637849
113.84,-0.978719259,-9.05409049e-09,-0.205203828
113.85,-0.978810144,-9.05617062e-09,-0.204769874
113.86,-0.978900831,-9.05887485e-09,-0.204335906
113.87,-0.978991311,-9.06224127e-09,-0.203901969
113.88,-0.979081575,-9.0655658e-09,-0.203468106
113.89,-0.979171615,-9.06883993e-09,-0.203034352
113.9,-0.979261422,-9.07124914e-09,-0.202600757
113.91,-0.979351004,-9.07207843e-09,-0.202167285
113.92,-0.979440361,-9.07326282e-09,-0.201733931
113.93,-0.9795295,-9.07587995e-09,-0.201300668
113.94,-0.979618426,-9.07935858e-09,-0.200867469
113.95,-0.979707142,-9.08294202e-09,-0.200434318
113.96,-0.979795639,-9.08568851e-09,-0.200001265
113.97,-0.979883883,-9.08702565e-09,-0.199568473
113.98,-0.979971841,-9.08830237e-09,-0.199136111
113.99,-0.980059523,-9.09091673e-09,-0.198704132
114,-0.980146958,-9.09554471e-09,-0.198272393
114.01,-0.980234182,-9.10070851e-09,-0.197840717
114.02,-0.980321197,-9.10513032e-09,-0.197409097
114.03,-0.980408004,-9.10802468e-09,-0.196977524
114.04,-0.980494609,-9.10961184e-09,-0.196545978
114.05,-0.980581007,-9.11191971e-09,-0.196114478
114.06,-0.980667193,-9.11425377e-09,-0.195683049
114.07,-0.980753147,-9.11733214e-09,-0.195251799
114.08,-0.980838869,-9.12224257e-09,-0.194820722
114.09,-0.980924379,-9.12532937e-09,-0.194389718
114.1,-0.98100968,-9.12430832e-09,-0.193958778
114.11,-0.981094775,-9.12165115e-09,-0.193527884
114.12,-0.981179665,-9.11977895e-09,-0.193097034
114.13,-0.981264334,-9.11862338e-09,-0.192666308
114.14,-0.98134877,-9.11776305e-09,-0.192235768
114.15,-0.981432988,-9.11707564e-09,-0.191805344
114.16,-0.981517001,-9.1163211e-09,-0.191374966
114.17,-0.981600813,-9.11540799e-09,-0.19094461
114.18,-0.981684415,-9.11440874e-09,-0.190514331
114.19,-0.981767789,-9.11347154e-09,-0.190084213
114.2,-0.981850949,-9.11257289e-09,-0.189654196
114.21,-0.981933893,-9.1116677e-09,-0.189224284
114.22,-0.982016613,-9.11064758e-09,-0.188794522
114.23,-0.982099119,-9.10959689e-09,-0.188364862
114.24,-0.982181417,-9.10855141e-09,-0.187935266
114.25,-0.982263511,-9.10748366e-09,-0.187505718
114.26,-0.982345403,-9.1063577e-09,-0.187076214
114.27,-0.982427093,-9.10515591e-09,-0.186646746
114.28,-0.982508582,-9.10387549e-09,-0.18621731
114.29,-0.982589872,-9.10251874e-09,-0.1857879
114.3,-0.982670963,-9.10108833e-09,-0.185358512
114.31,-0.982751857,-9.09958672e-09,-0.184929141
114.32,-0.982832554,-9.09801665e-09,-0.184499784
114.33,-0.982913053,-9.09644296e-09,-0.184070447
114.34,-0.982993351,-9.09520199e-09,-0.183641149
114.35,-0.983073446,-9.09443701e-09,-0.183211898
114.36,-0.983153342,-9.09354767e-09,-0.182782672
114.37,-0.983233038,-9.09125157e-09,-0.182353481
114.38,-0.983312527,-9.08706839e-09,-0.181924364
114.39,-0.983391809,-9.08424595e-09,-0.181495315
114.4,-0.983470878,-9.08416144e-09,-0.181066374
114.41,-0.983549703,-9.08822144e-09,-0.180637708
114.42,-0.983628261,-9.0953068e-09,-0.180209443
114.43,-0.983706557,-9.10199666e-09,-0.179781559
114.44,-0.983784613,-9.10915279e-09,-0.17935394
114.45,-0.983862431,-9.11845963e-09,-0.17892657
114.46,-0.983940018,-9.12784991e-09,-0.178499415
114.47,-0.984017371,-9.13780058e-09,-0.178072497
114.48,-0.984094498,-9.14860085e-09,-0.177645766
114.49,-0.98417141,-9.16025732e-09,-0.177219175
114.5,-0.984248108,-9.17231563e-09,-0.176792708
114.51,-0.984324592,-9.18469504e-09,-0.176366372
114.52,-0.984400854,-9.197057e-09,-0.175940214
114.53,-0.984476892,-9.20866205e-09,-0.175514242
114.54,-0.984552716,-9.21985327e-09,-0.175088407
114.55,-0.984628312,-9.23065727e-09,-0.174662781
114.56,-0.984703655,-9.24065284e-09,-0.174237516
114.57,-0.984778741,-9.2482478e-09,-0.173812635
114.58,-0.984853592,-9.25446681e-09,-0.173388013
114.59,-0.984928223,-9.26016916e-09,-0.172963569
114.6,-0.985002639,-9.26417231e-09,-0.172539277
114.61,-0.985076841,-9.26830942e-09,-0.172115125
114.62,-0.985150833,-9.27310877e-09,-0.171691106
114.63,-0.985224616,-9.27816206e-09,-0.171267207
114.64,-0.985298194,-9.28291623e-09,-0.170843402
114.65,-0.985371575,-9.28719575e-09,-0.170419658
114.66,-0.985444756,-9.29174621e-09,-0.16999598
114.67,-0.98551774,-9.29692756e-09,-0.169572357
114.68,-0.985590517,-9.30152789e-09,-0.16914885
114.69,-0.985663058,-9.30468463e-09,-0.168725622
114.7,-0.985735374,-9.30810707e-09,-0.168302622
114.71,-0.985807478,-9.311153e-09,-0.167879765
114.72,-0.985879377,-9.3127965e-09,-0.16745702
114.73,-0.985951072,-9.31428199e-09,-0.167034377
114.74,-0.986022564,-9.31611697e-09,-0.166611835
114.75,-0.986093851,-9.31822626e-09,-0.1661894
114.76,-0.986164936,-9.32039129e-09,-0.165767061
114.77,-0.986235823,-9.32263382e-09,-0.165344797
114.78,-0.986306516,-9.3242581e-09,-0.164922578
114.79,-0.986377016,-9.32598395e-09,-0.164500401
114.8,-0.986447327,-9.32932593e-09,-0.164078249
114.81,-0.986517463,-9.33285662e-09,-0.163656025
114.82,-0.986587422,-9.33531107e-09,-0.163233753
114.83,-0.986657175,-9.33741241e-09,-0.162811607
114.84,-0.986726702,-9.33839062e-09,-0.162389703
114.85,-0.986796014,-9.3378944e-09,-0.161967978
114.86,-0.986865125,-9.33606283e-09,-0.161546356
114.87,-0.986934047,-9.33325075e-09,-0.161124755
114.88,-0.98700282,-9.32966664e-09,-0.160702933
114.89,-0.987071482,-9.32518605e-09,-0.160280655
114.9,-0.987139996,-9.32028125e-09,-0.15985815
114.91,-0.987208337,-9.31514048e-09,-0.159435567
114.92,-0.987276453,-9.30970033e-09,-0.159013221
114.93,-0.987344275,-9.30353072e-09,-0.158591556
114.94,-0.987411845,-9.29659476e-09,-0.158170313
114.95,-0.987479204,-9.28989329e-09,-0.157749238
114.96,-0.987546355,-9.28347084e-09,-0.157328307
114.97,-0.987613293,-9.2770429e-09,-0.156907566
114.98,-0.98768003,-9.2698707e-09,-0.15648693
114.99,-0.987746566,-9.26032838e-09,-0.1560664
115,-0.987812885,-9.24757588e-09,-0.155646084
115.01,-0.987878958,-9.23453129e-09,-0.155226171
115.02,-0.987944782,-9.22344706e-09,-0.154806679
115.03,-0.988010383,-9.2147419e-09,-0.154387446
115.04,-0.988075777,-9.20716197e-09,-0.15396837
115.05,-0.988140975,-9.19972798e-09,-0.153549386
115.06,-0.988205978,-9.19238132e-09,-0.153130486
115.07,-0.98827079,-9.18465916e-09,-0.152711643
115.08,-0.988335409,-9.17670766e-09,-0.152292874
115.09,-0.988399834,-9.1685103e-09,-0.151874187
115.1,-0.988464072,-9.15954885e-09,-0.151455535
115.11,-0.988528114,-9.14968404e-09,-0.151036976
115.12,-0.988591948,-9.13859711e-09,-0.150618595
115.13,-0.988655582,-9.12712006e-09,-0.150200333
115.14,-0.988719022,-9.11542572e-09,-0.149782158
115.15,-0.988782273,-9.10327286e-09,-0.149364039
115.16,-0.988845337,-9.09050137e-09,-0.14894596
115.17,-0.988908215,-9.07699062e-09,-0.148527919
115.18,-0.988970907,-9.06278385e-09,-0.148109911
115.19,-0.989033412,-9.04905106e-09,-0.147691939
115.2,-0.98909573,-9.03668301e-09,-0.147274023
115.21,-0.989157859,-9.02557164e-09,-0.146856156
115.22,-0.98921979,-9.01740918e-09,-0.146438405
115.23,-0.989281525,-9.01058184e-09,-0.146020769
115.24,-0.989343093,-9.00197101e-09,-0.145603034
115.25,-0.989404488,-8.9922039e-09,-0.145185259
115.26,-0.989465689,-8.98253038e-09,-0.144767576
115.27,-0.989526701,-8.9717362e-09,-0.144349953
115.28,-0.989587526,-8.95939937e-09,-0.143932377
115.29,-0.989648161,-8.94555014e-09,-0.143514868
115.3,-0.989708606,-8.93161419e-09,-0.143097432
115.31,-0.989768867,-8.92063843e-09,-0.142680027
115.32,-0.98982894,-8.91124959e-09,-0.142262675
115.33,-0.98988884,-8.90246672e-09,-0.141845284
115.34,-0.989948581,-8.89512929e-09,-0.141427741
115.35,-0.99000814,-8.89043139e-09,-0.141010222
115.36,-0.990067506,-8.8880641e-09,-0.140592796
115.37,-0.990126676,-8.88619535e-09,-0.140175481
115.38,-0.99018565,-8.8834597e-09,-0.139758284
115.39,-0.990244424,-8.88337279e-09,-0.139341239
115.4,-0.990303002,-8.8841862e-09,-0.138924313
115.41,-0.990361391,-8.88422245e-09,-0.138507453
115.42,-0.990419597,-8.88324567e-09,-0.138090629
115.43,-0.99047762,-8.88148347e-09,-0.137673834
115.44,-0.990535457,-8.87873232e-09,-0.137257092
115.45,-0.990593104,-8.8749513e-09,-0.136840429
115.46,-0.990650566,-8.87136888e-09,-0.136423808
115.47,-0.990707841,-8.86893087e-09,-0.136007254
115.48,-0.990764921,-8.86706888e-09,-0.135590821
115.49,-0.990821813,-8.86367364e-09,-0.135174458
115.5,-0.990878528,-8.86126855e-09,-0.134758089
115.51,-0.990935055,-8.85973971e-09,-0.134341794
115.52,-0.990991374,-8.85850852e-09,-0.133925711
115.53,-0.991047502,-8.85824966e-09,-0.133509729
115.54,-0.991103454,-8.85960779e-09,-0.133093738
115.55,-0.99115922,-8.86189076e-09,-0.13267781
115.56,-0.991214798,-8.86501607e-09,-0.132261954
115.57,-0.991270184,-8.8687453e-09,-0.131846204
115.58,-0.991325386,-8.87155616e-09,-0.131430513
115.59,-0.99138041,-8.87331354e-09,-0.131014821
115.6,-0.991435256,-8.87426744e-09,-0.130599128
115.61,-0.991489924,-8.87434635e-09,-0.13018345
115.62,-0.991544412,-8.87395693e-09,-0.129767791
115.63,-0.99159871,-8.87404656e-09,-0.129352224
115.64,-0.991652803,-8.87508011e-09,-0.128936876
115.65,-0.991706695,-8.87571451e-09,-0.128521713
115.66,-0.991760368,-8.87617916e-09,-0.128106882
115.67,-0.991813791,-8.87628968e-09,-0.127692619
115.68,-0.991866997,-8.875667e-09,-0.127278672
115.69,-0.991920009,-8.87322256e-09,-0.126864872
115.7,-0.991972829,-8.86780868e-09,-0.126451204
115.71,-0.992025457,-8.86218494e-09,-0.12603766
115.72,-0.992077882,-8.85839305e-09,-0.125624342
115.73,-0.992130076,-8.8548614e-09,-0.125211474
115.74,-0.992182048,-8.85093126e-09,-0.124798974
115.75,-0.992233808,-8.84711616e-09,-0.124386776
115.76,-0.992285369,-8.84299094e-09,-0.123974778
115.77,-0.992336736,-8.83838123e-09,-0.123562952
115.78,-0.992387907,-8.83438658e-09,-0.123151301
115.79,-0.992438888,-8.83193978e-09,-0.122739778
115.8,-0.992489682,-8.82928869e-09,-0.122328377
115.81,-0.992540287,-8.82580005e-09,-0.121917095
115.82,-0.992590705,-8.8212694e-09,-0.121505932
115.83,-0.992640941,-8.8159849e-09,-0.121094849
115.84,-0.992691003,-8.81097781e-09,-0.120683774
115.85,-0.992740888,-8.80528247e-09,-0.12027273
115.86,-0.99279059,-8.79758791e-09,-0.119861771
115.87,-0.992840107,-8.78731311e-09,-0.119450922
115.88,-0.992889445,-8.77659919e-09,-0.119040122
115.89,-0.992938607,-8.76630098e-09,-0.11862935
115.9,-0.992987598,-8.75695044e-09,-0.118218567
115.91,-0.993036412,-8.74879254e-09,-0.117807831
115.92,-0.993085049,-8.74106274e-09,-0.117397129
115.93,-0.99313352,-8.7329197e-09,-0.116986375
115.94,-0.993181815,-8.72614442e-09,-0.116575647
115.95,-0.993229912,-8.72111953e-09,-0.116165153
115.96,-0.993277779,-8.71709669e-09,-0.115755147
115.97,-0.993325437,-8.71381738e-09,-0.115345466
115.98,-0.993372902,-8.71110153e-09,-0.114935973
115.99,-0.993420172,-8.70922274e-09,-0.114526683
116,-0.993467239,-8.70860785e-09,-0.114117681
116.01,-0.99351411,-8.70847498e-09,-0.113708898
116.02,-0.993560792,-8.70852911e-09,-0.113300277
116.03,-0.993607288,-8.70879189e-09,-0.112891795
116.04,-0.993653599,-8.70954752e-09,-0.112483446
116.05,-0.993699722,-8.70892219e-09,-0.112075258
116.06,-0.993745654,-8.70480173e-09,-0.111667255
116.07,-0.993791398,-8.70243296e-09,-0.111259418
116.08,-0.993836949,-8.70330543e-09,-0.110851783
116.09,-0.993882311,-8.70584667e-09,-0.11044434
116.1,-0.993927484,-8.70882149e-09,-0.110037066
116.11,-0.993972466,-8.71170856e-09,-0.109630003
116.12,-0.994017248,-8.71431011e-09,-0.109223219
116.13,-0.994061839,-8.7187883e-09,-0.108816638
116.14,-0.994106241,-8.72792993e-09,-0.108410244
116.15,-0.994150456,-8.73912461e-09,-0.108004034
116.16,-0.994194483,-8.74907406e-09,-0.107598005
116.17,-0.994238324,-8.75672171e-09,-0.107192137
116.18,-0.994281985,-8.76311919e-09,-0.106786397
116.19,-0.994325468,-8.76957365e-09,-0.106380751
116.2,-0.994368779,-8.7773892e-09,-0.105975141
116.21,-0.99441192,-8.78564539e-09,-0.105569566
116.22,-0.994454888,-8.79334821e-09,-0.105164044
116.23,-0.99449768,-8.80046986e-09,-0.104758601
116.24,-0.994540294,-8.80724692e-09,-0.10435326
116.25,-0.994582722,-8.81454352e-09,-0.10394811
116.26,-0.99462496,-8.8235881e-09,-0.103543174
116.27,-0.994667016,-8.83403358e-09,-0.103138385
116.28,-0.994708894,-8.84544336e-09,-0.102733718
116.29,-0.994750593,-8.85745398e-09,-0.102329167
116.3,-0.994792115,-8.87021885e-09,-0.10192472
116.31,-0.994833461,-8.88414002e-09,-0.101520368
116.32,-0.994874632,-8.89897663e-09,-0.101116104
116.33,-0.99491562,-8.91520827e-09,-0.100712009
116.34,-0.994956409,-8.93275568e-09,-0.100308246
116.35,-0.994997011,-8.95088323e-09,-0.0999046913
116.36,-0.995037439,-8.96972415e-09,-0.0995012355
116.37,-0.995077696,-8.98983965e-09,-0.0990978291
116.38,-0.995117781,-9.0099458e-09,-0.0986944887
116.39,-0.995157692,-9.02920029e-09,-0.0982912388
116.4,-0.995197432,-9.04795015e-09,-0.097888056
116.41,-0.995237002,-9.06633223e-09,-0.0974849261
116.42,-0.9952764,-9.08301989e-09,-0.0970818599
116.43,-0.995315626,-9.09600291e-09,-0.0966788749
116.44,-0.995354681,-9.10701677e-09,-0.09627595
116.45,-0.995393559,-9.11820825e-09,-0.0958731546
116.46,-0.995432252,-9.12960742e-09,-0.0954705794
116.47,-0.995470765,-9.14118341e-09,-0.0950681651
116.48,-0.995509098,-9.15301863e-09,-0.0946659153
116.49,-0.995547258,-9.1642858e-09,-0.0942637584
116.5,-0.995585249,-9.17467824e-09,-0.0938616599
116.51,-0.995623072,-9.18421491e-09,-0.0934596119
116.52,-0.995660726,-9.19262705e-09,-0.0930576103
116.53,-0.995698207,-9.19902197e-09,-0.0926557129
116.54,-0.995735505,-9.20361609e-09,-0.092254014
116.55,-0.995772628,-9.20809225e-09,-0.0918524532
116.56,-0.995809579,-9.21316313e-09,-0.0914509863
116.57,-0.995846359,-9.2188373e-09,-0.0910496004
116.58,-0.99588297,-9.22321887e-09,-0.0906482796
116.59,-0.995919412,-9.22680531e-09,-0.0902470251
116.6,-0.995955681,-9.23379578e-09,-0.0898458806
116.61,-0.995991778,-9.24288573e-09,-0.0894448287
116.62,-0.996027708,-9.25043802e-09,-0.0890438348
116.63,-0.996063467,-9.2551019e-09,-0.0886429337
116.64,-0.996099055,-9.25744513e-09,-0.0882421275
116.65,-0.996134475,-9.25923787e-09,-0.0878413753
116.66,-0.996169727,-9.26148621e-09,-0.0874406933
116.67,-0.996204806,-9.26505804e-09,-0.0870401314
116.68,-0.99623971,-9.26944548e-09,-0.0866397106
116.69,-0.996274443,-9.27447666e-09,-0.0862393976
116.7,-0.996309008,-9.28129672e-09,-0.0858391509
116.71,-0.996343406,-9.2889542e-09,-0.0854389656
116.72,-0.996377637,-9.29621269e-09,-0.0850388389
116.73,-0.996411702,-9.30281374e-09,-0.0846387634
116.74,-0.996445601,-9.30889935e-09,-0.084238732
116.75,-0.996479336,-9.31460368e-09,-0.0838387356
116.76,-0.996512901,-9.32020085e-09,-0.0834388233
116.77,-0.996546288,-9.32567539e-09,-0.083039118
116.78,-0.996579493,-9.33001637e-09,-0.0826396667
116.79,-0.996612517,-9.3332299e-09,-0.08224045
116.8,-0.996645364,-9.33641161e-09,-0.0818414165
116.81,-0.996678033,-9.34033712e-09,-0.0814426112
116.82,-0.996710533,-9.34541015e-09,-0.0810438933
116.83,-0.996742867,-9.35073098e-09,-0.0806452539
116.84,-0.996775034,-9.35562998e-09,-0.0802466905
116.85,-0.996807035,-9.36004986e-09,-0.0798481945
116.86,-0.996838871,-9.36413117e-09,-0.0794497704
116.87,-0.996870539,-9.36801667e-09,-0.0790514296
116.88,-0.996902043,-9.3718081e-09,-0.078653143
116.89,-0.996933385,-9.37501164e-09,-0.0782548831
116.9,-0.996964566,-9.37705781e-09,-0.0778566276
116.91,-0.996995587,-9.37883878e-09,-0.0774583751
116.92,-0.997026447,-9.38064432e-09,-0.077060135
116.93,-0.997057143,-9.3824426e-09,-0.0766619495
116.94,-0.99708767,-9.38428025e-09,-0.0762638743
116.95,-0.997118032,-9.38613798e-09,-0.0758658729
116.96,-0.99714823,-9.38736689e-09,-0.0754679173
116.97,-0.997178274,-9.38621025e-09,-0.0750698956
116.98,-0.997208176,-9.38249983e-09,-0.0746716346
116.99,-0.997237926,-9.37865198e-09,-0.0742732659
117,-0.997267509,-9.37690515e-09,-0.0738750002
117.01,-0.997296926,-9.37673063e-09,-0.0734768142
117.02,-0.997326181,-9.37688218e-09,-0.0730786518
117.03,-0.997355276,-9.37673965e-09,-0.0726804929
117.04,-0.997384213,-9.37668875e-09,-0.0722823084
117.05,-0.997412996,-9.37665036e-09,-0.0718840416
117.06,-0.997441626,-9.37620401e-09,-0.0714856769
117.07,-0.997470107,-9.3747351e-09,-0.0710871755
117.08,-0.997498433,-9.37330718e-09,-0.0706885818
117.09,-0.997526604,-9.37290643e-09,-0.0702899342
117.1,-0.99755462,-9.37418938e-09,-0.0698911969
117.11,-0.997582484,-9.37673793e-09,-0.0694923556
117.12,-0.997610193,-9.37980107e-09,-0.0690934326
117.13,-0.997637746,-9.38311213e-09,-0.0686944492
117.14,-0.997665142,-9.38659812e-09,-0.0682954175
117.15,-0.997692381,-9.39020075e-09,-0.0678963445
117.16,-0.997719461,-9.39385771e-09,-0.0674972364
117.17,-0.997746383,-9.39751943e-09,-0.0670980989
117.18,-0.997773146,-9.4010098e-09,-0.0666989366
117.19,-0.99779975,-9.40418423e-09,-0.0662997656
117.2,-0.997826192,-9.40732393e-09,-0.0659006044
117.21,-0.997852475,-9.41044528e-09,-0.0655014332
117.22,-0.997878599,-9.41345348e-09,-0.0651022414
117.23,-0.997904559,-9.41515105e-09,-0.0647031001
117.24,-0.997930347,-9.4152518e-09,-0.0643041345
117.25,-0.99795597,-9.41734822e-09,-0.0639052568
117.26,-0.997981436,-9.42122726e-09,-0.063506331
117.27,-0.99800674,-9.42492123e-09,-0.0631074254
117.28,-0.998031877,-9.4268793e-09,-0.0627086343
117.29,-0.99805685,-9.42804144e-09,-0.0623099006
117.3,-0.998081663,-9.43011621e-09,-0.0619111833
117.31,-0.998106318,-9.43304093e-09,-0.0615124236
117.32,-0.998130818,-9.43603134e-09,-0.0611135813
117.33,-0.998155168,-9.43923805e-09,-0.0607145835
117.34,-0.998179368,-9.44277455e-09,-0.0603154213
117.35,-0.998203409,-9.44668551e-09,-0.0599162252
117.36,-0.998227285,-9.45132877e-09,-0.0595171167
117.37,-0.998250999,-9.45537902e-09,-0.0591180462
117.38,-0.998274553,-9.45833209e-09,-0.0587189701
117.39,-0.998297948,-9.4595669e-09,-0.0583198756
117.4,-0.998321181,-9.46004735e-09,-0.0579208002
117.41,-0.998344249,-9.46233639e-09,-0.0575218287
117.42,-0.998367152,-9.46442898e-09,-0.0571229352
117.43,-0.998389892,-9.46763586e-09,-0.0567240967
117.44,-0.998412466,-9.47135611e-09,-0.0563253687
117.45,-0.998434874,-9.47435298e-09,-0.0559267638
117.46,-0.998457113,-9.47678551e-09,-0.0555283069
117.47,-0.998479188,-9.47959713e-09,-0.0551299518
117.48,-0.998501099,-9.48209193e-09,-0.0547316626
117.49,-0.998522841,-9.48219853e-09,-0.0543335599
117.5,-0.998544416,-9.48085492e-09,-0.0539356045
117.51,-0.998565828,-9.4795699e-09,-0.0535377202
117.52,-0.998587076,-9.47831736e-09,-0.053139927
117.53,-0.998608157,-9.47775361e-09,-0.0527422874
117.54,-0.998629067,-9.47745893e-09,-0.0523448771
117.55,-0.99864981,-9.47663907e-09,-0.0519476332
117.56,-0.998670389,-9.47512359e-09,-0.0515505046
117.57,-0.998690804,-9.47301599e-09,-0.0511534738
117.58,-0.998711054,-9.47015817e-09,-0.0507565846
117.59,-0.998731138,-9.46678244e-09,-0.0503598405
117.6,-0.998751065,-9.46410091e-09,-0.0499630864
117.61,-0.998770833,-9.46163342e-09,-0.0495663431
117.62,-0.998790441,-9.45863303e-09,-0.0491696466
117.63,-0.998809896,-9.45515515e-09,-0.0487728559
117.64,-0.998829208,-9.45139799e-09,-0.0483757455
117.65,-0.998848378,-9.44861192e-09,-0.0479783069
117.66,-0.99886741,-9.44761716e-09,-0.0475804211
117.67,-0.998886293,-9.44591982e-09,-0.0471823379
117.68,-0.99890502,-9.44296404e-09,-0.0467842021
117.69,-0.998923588,-9.44031552e-09,-0.0463860515
117.7,-0.998941997,-9.4384018e-09,-0.0459879059
117.71,-0.998960247,-9.43508367e-09,-0.0455897562
117.72,-0.998978338,-9.43013539e-09,-0.0451916015
117.73,-0.998996267,-9.42346634e-09,-0.0447935025
117.74,-0.999014032,-9.41482844e-09,-0.0443955405
117.75,-0.999031631,-9.40701843e-09,-0.0439977209
117.76,-0.999049065,-9.4008221e-09,-0.0436000603
117.77,-0.999066335,-9.39604028e-09,-0.0432025287
117.78,-0.999083443,-9.39282804e-09,-0.0428050761
117.79,-0.999100391,-9.39161132e-09,-0.0424076467
117.8,-0.999117179,-9.3909547e-09,-0.0420102643
117.81,-0.999133806,-9.39021622e-09,-0.041612954
117.82,-0.99915027,-9.39003993e-09,-0.0412157474
117.83,-0.999166569,-9.39195464e-09,-0.0408187034
117.84,-0.999182704,-9.39585808e-09,-0.0404218204
117.85,-0.999198676,-9.39992105e-09,-0.0400250628
117.86,-0.999214485,-9.40428711e-09,-0.0396284412
117.87,-0.999230128,-9.4103076e-09,-0.0392320206
117.88,-0.999245608,-9.41661932e-09,-0.0388357318
117.89,-0.99926093,-9.42251269e-09,-0.0384394879
117.9,-0.999276093,-9.42792638e-09,-0.0380432528
117.91,-0.999291099,-9.43292142e-09,-0.0376470355
117.92,-0.999305947,-9.43751528e-09,-0.0372508419
117.93,-0.999320636,-9.44204629e-09,-0.0368546555
117.94,-0.999335169,-9.44675414e-09,-0.0364584607
117.95,-0.999349548,-9.45154001e-09,-0.0360621753
117.96,-0.999363777,-9.45686664e-09,-0.0356656751
117.97,-0.999377852,-9.46188122e-09,-0.0352690854
117.98,-0.99939177,-9.46635043e-09,-0.0348724819
117.99,-0.999405529,-9.47095543e-09,-0.0344759031
118,-0.999419129,-9.47613875e-09,-0.034079376
118.01,-0.99943257,-9.48128537e-09,-0.033682906
118.02,-0.999445848,-9.4872913e-09,-0.0332865976
118.03,-0.999458962,-9.49336673e-09,-0.0328904836
118.04,-0.999471915,-9.49917283e-09,-0.0324944699
118.05,-0.99948471,-9.5052523e-09,-0.0320984996
118.06,-0.999497348,-9.51114569e-09,-0.0317025513
118.07,-0.999509828,-9.51627195e-09,-0.0313066158
118.08,-0.99952215,-9.52192347e-09,-0.0309106942
118.09,-0.999534315,-9.52776452e-09,-0.0305147873
118.1,-0.999546321,-9.53306999e-09,-0.0301189667
118.11,-0.999558165,-9.53929035e-09,-0.0297233085
118.12,-0.99956985,-9.54748533e-09,-0.029327702
118.13,-0.99958138,-9.55737699e-09,-0.0289320785
118.14,-0.999592752,-9.56668908e-09,-0.0285364791
118.15,-0.999603966,-9.57473576e-09,-0.0281409326
118.16,-0.999615021,-9.58179162e-09,-0.027745441
118.17,-0.999625919,-9.58807663e-09,-0.02734998
118.18,-0.999636661,-9.59364359e-09,-0.0269545157
118.19,-0.999647246,-9.59874388e-09,-0.0265590589
118.2,-0.999657674,-9.60347478e-09,-0.0261636184
118.21,-0.999667944,-9.60809386e-09,-0.0257682125
118.22,-0.999678058,-9.61204643e-09,-0.0253728431
118.23,-0.999688015,-9.61396748e-09,-0.0249774474
118.24,-0.999697817,-9.61540695e-09,-0.0245820113
118.25,-0.999707463,-9.61789381e-09,-0.0241865379
118.26,-0.999716954,-9.62171428e-09,-0.0237910055
118.27,-0.999726286,-9.62613494e-09,-0.0233955852
118.28,-0.999735452,-9.63153919e-09,-0.0230005821
118.29,-0.999744456,-9.63721152e-09,-0.0226058057
118.3,-0.999753303,-9.64276152e-09,-0.0222111014
118.31,-0.999761993,-9.64788676e-09,-0.021816466
118.32,-0.999770524,-9.651839e-09,-0.0214219587
118.33,-0.999778897,-9.65547604e-09,-0.0210275423
118.34,-0.999787114,-9.65889283e-09,-0.0206331209
118.35,-0.999795179,-9.66209115e-09,-0.0202385722
118.36,-0.99980309,-9.6648993e-09,-0.0198439382
118.37,-0.999810845,-9.66658224e-09,-0.0194492773
118.38,-0.999818445,-9.66806096e-09,-0.0190545631
118.39,-0.999825892,-9.66647818e-09,-0.0186597383
118.4,-0.999833184,-9.66046101e-09,-0.0182648569
118.41,-0.99984032,-9.65461634e-09,-0.0178699593
118.42,-0.9998473,-9.64987666e-09,-0.0174750443
118.43,-0.999854124,-9.64517064e-09,-0.0170801006
118.44,-0.999860794,-9.64050116e-09,-0.0166850804
118.45,-0.99986731,-9.63740694e-09,-0.0162899535
118.46,-0.999873669,-9.63596076e-09,-0.0158948409
118.47,-0.999879872,-9.6369871e-09,-0.015499756
118.48,-0.99988592,-9.63947182e-09,-0.0151045195
118.49,-0.999891814,-9.641822e-09,-0.0147092216
118.5,-0.99989755,-9.64396319e-09,-0.0143139556
118.51,-0.99990313,-9.6462917e-09,-0.0139187253
118.52,-0.999908553,-9.64904144e-09,-0.0135235148
118.53,-0.99991382,-9.65151747e-09,-0.0131283441
118.54,-0.999918929,-9.65387284e-09,-0.0127332153
118.55,-0.999923883,-9.65662354e-09,-0.0123381137
118.56,-0.999928679,-9.65918296e-09,-0.011943047
118.57,-0.999933319,-9.66031602e-09,-0.011548048
118.58,-0.999937802,-9.65923802e-09,-0.0111531527
118.59,-0.999942127,-9.65901015e-09,-0.0107583388
118.6,-0.999946296,-9.66105327e-09,-0.0103635996
118.61,-0.999950309,-9.66451519e-09,-0.00996888792
118.62,-0.999954166,-9.66796482e-09,-0.00957425112
118.63,-0.999957865,-9.67003776e-09,-0.00917973424
118.64,-0.999961408,-9.67070134e-09,-0.00878532991
118.65,-0.999964795,-9.66988553e-09,-0.00839104629
118.66,-0.999968024,-9.66838844e-09,-0.00799693517
118.67,-0.999971096,-9.66615115e-09,-0.00760309581
118.68,-0.999974011,-9.66355347e-09,-0.0072094612
118.69,-0.999976771,-9.66137644e-09,-0.00681591009
118.7,-0.999979377,-9.66019042e-09,-0.00642233125
118.71,-0.999981827,-9.6583453e-09,-0.0060287397
118.72,-0.999984123,-9.65616233e-09,-0.00563511598
118.73,-0.999986263,-9.655052e-09,-0.00524146962
118.74,-0.999988249,-9.65379208e-09,-0.00484783045
118.75,-0.99999008,-9.65175753e-09,-0.00445420949
118.76,-0.999991756,-9.6487164e-09,-0.00406060475
118.77,-0.999993276,-9.64465439e-09,-0.00366701051
118.78,-0.999994642,-9.64045142e-09,-0.00327342219
118.79,-0.999995853,-9.63633698e-09,-0.00287984827
118.8,-0.999996909,-9.63218078e-09,-0.00248629445
118.81,-0.99999781,-9.62788165e-09,-0.00209276178
118.82,-0.999998556,-9.62343138e-09,-0.00169924982
118.83,-0.999999147,-9.61932492e-09,-0.00130575757
118.84,-0.999999584,-9.61590206e-09,-0.000912105187
118.85,-0.999999866,-9.6126316e-09,-0.000518031295
118.86,-0.999999992,-9.61001821e-09,-0.000123737018
118.87,-0.999999963,-9.60711691e-09,0.000270624934
118.88,-0.999999779,-9.60383313e-09,0.000665024522
118.89,-0.999999439,-9.60049677e-09,0.00105947444
118.9,-0.999998943,-9.596703e-09,0.00145396965
118.91,-0.999998291,-9.59295283e-09,0.00184851653
118.92,-0.999997484,-9.58983084e-09,0.00224302562
118.93,-0.999996522,-9.58667991e-09,0.00263732104
118.94,-0.999995405,-9.5837859e-09,0.00303150988
118.95,-0.999994132,-9.58049978e-09,0.00342566681
118.96,-0.999992705,-9.57667447e-09,0.00381980804
118.97,-0.999991121,-9.572437e-09,0.00421392897
118.98,-0.999989383,-9.56790157e-09,0.00460802609
118.99,-0.999987489,-9.56312435e-09,0.00500209916
119,-0.999985441,-9.55788682e-09,0.00539615381
119.01,-0.999983237,-9.55208824e-09,0.00579019652
119.02,-0.999980878,-9.54650938e-09,0.00618422259
119.03,-0.999978363,-9.54286852e-09,0.00657826461
119.04,-0.999975693,-9.54227746e-09,0.00697237155
119.05,-0.999972867,-9.54138708e-09,0.0073665218
119.06,-0.999969885,-9.53974095e-09,0.00776071187
119.07,-0.999966748,-9.53935658e-09,0.00815490033
119.08,-0.999963457,-9.54183471e-09,0.00854898322
119.09,-0.99996001,-9.54371139e-09,0.00894308769
119.1,-0.999956406,-9.54378142e-09,0.00933737927
119.11,-0.999952645,-9.54294608e-09,0.00973176881
119.12,-0.999948729,-9.54156658e-09,0.0101261859
119.13,-0.999944657,-9.53944528e-09,0.0105206233
119.14,-0.999940428,-9.53709511e-09,0.0109151122
119.15,-0.999936043,-9.53494735e-09,0.011309724
119.16,-0.999931501,-9.53359208e-09,0.0117044303
119.17,-0.999926802,-9.53298086e-09,0.0120991706
119.18,-0.999921948,-9.53179035e-09,0.012493935
119.19,-0.999916937,-9.52820097e-09,0.0128887517
119.2,-0.999911768,-9.52107869e-09,0.0132836558
119.21,-0.999906443,-9.51396192e-09,0.0136786339
119.22,-0.999900961,-9.50833332e-09,0.0140736856
119.23,-0.999895322,-9.50326301e-09,0.0144687684
119.24,-0.999889526,-9.49818021e-09,0.0148638936
119.25,-0.999883573,-9.49333517e-09,0.0152590875
119.26,-0.999877463,-9.48764636e-09,0.015654328
119.27,-0.999871197,-9.48098646e-09,0.0160495882
119.28,-0.999864776,-9.47384803e-09,0.0164447705
119.29,-0.9998582,-9.46644378e-09,0.0168398036
119.3,-0.999851469,-9.45881402e-09,0.0172348469
119.31,-0.99984458,-9.45088599e-09,0.0176299939
119.32,-0.999837532,-9.44209076e-09,0.0180252409
119.33,-0.999830327,-9.43347986e-09,0.0184205515
119.34,-0.999822965,-9.42527762e-09,0.0188159113
119.35,-0.999815445,-9.41804566e-09,0.0192113455
119.36,-0.999807766,-9.41158095e-09,0.0196068992
119.37,-0.999799927,-9.40482065e-09,0.0200026357
119.38,-0.99979193,-9.3961626e-09,0.0203984644
119.39,-0.999783776,-9.38713019e-09,0.0207942833
119.4,-0.999775464,-9.37985781e-09,0.0211901428
119.41,-0.999766994,-9.37344953e-09,0.021586042
119.42,-0.999758369,-9.36793729e-09,0.0219818966
119.43,-0.99974959,-9.3627172e-09,0.0223775994
119.44,-0.999740657,-9.35729037e-09,0.0227732003
119.45,-0.999731568,-9.35169581e-09,0.0231687702
119.46,-0.999722322,-9.34590306e-09,0.023564368
119.47,-0.999712919,-9.33942486e-09,0.0239599464
119.48,-0.999703362,-9.33285834e-09,0.0243554407
119.49,-0.999693645,-9.32763645e-09,0.0247510691
119.5,-0.999683757,-9.3248199e-09,0.0251472688
119.51,-0.999673705,-9.32389351e-09,0.0255437431
119.52,-0.999663495,-9.32452389e-09,0.0259402563
119.53,-0.999653128,-9.32483393e-09,0.0263367348
119.54,-0.999642605,-9.3232548e-09,0.0267331496
119.55,-0.999631927,-9.31933829e-09,0.0271295052
119.56,-0.999621092,-9.31583532e-09,0.0275258365
119.57,-0.999610101,-9.31277343e-09,0.027922133
119.58,-0.999598955,-9.30940116e-09,0.0283183584
119.59,-0.999587655,-9.30534257e-09,0.0287144727
119.6,-0.9995762,-9.30093362e-09,0.0291104938
119.61,-0.99956459,-9.29632884e-09,0.0295064342
119.62,-0.999552826,-9.29152368e-09,0.0299022976
119.63,-0.999540908,-9.28741948e-09,0.0302980694
119.64,-0.999528837,-9.28488344e-09,0.0306937288
119.65,-0.999516611,-9.28234881e-09,0.0310892952
119.66,-0.999504227,-9.2791687e-09,0.0314849079
119.67,-0.999491679,-9.27455083e-09,0.0318807688
119.68,-0.99947897,-9.26942484e-09,0.0322767547
119.69,-0.999466102,-9.26412628e-09,0.0326727784
119.7,-0.999453077,-9.25794718e-09,0.0330688162
119.71,-0.999439895,-9.25052277e-09,0.0334648651
119.72,-0.999426554,-9.24355598e-09,0.0338609254
119.73,-0.999413055,-9.23705607e-09,0.0342570424
119.74,-0.999399394,-9.23045568e-09,0.0346532966
119.75,-0.999385573,-9.22439655e-09,0.0350496343
119.76,-0.999371591,-9.21898327e-09,0.0354460605
119.77,-0.999357448,-9.21478483e-09,0.0358425899
119.78,-0.999343142,-9.21209741e-09,0.0362392556
119.79,-0.999328677,-9.20968368e-09,0.0366359758
119.8,-0.999314058,-9.20700313e-09,0.0370326003
119.81,-0.99929929,-9.20472972e-09,0.0374289734
119.82,-0.99928437,-9.20350307e-09,0.037825218
119.83,-0.999269295,-9.20310749e-09,0.0382214169
119.84,-0.999254063,-9.20404697e-09,0.0386175854
119.85,-0.999238676,-9.20467579e-09,0.0390136975
119.86,-0.999223134,-9.2049128e-09,0.0394097563
119.87,-0.999207436,-9.20445877e-09,0.0398057736
119.88,-0.999191583,-9.203667e-09,0.0402017444
119.89,-0.999175576,-9.20465965e-09,0.0405976391
119.9,-0.999159411,-9.20711854e-09,0.0409935584
119.91,-0.999143083,-9.21081762e-09,0.0413896187
119.92,-0.999126593,-9.21433517e-09,0.0417857722
119.93,-0.999109944,-9.21750877e-09,0.042181973
119.94,-0.999093134,-9.22178317e-09,0.0425782673
119.95,-0.999076162,-9.22756073e-09,0.0429746679
119.96,-0.999059031,-9.23339759e-09,0.0433711037
119.97,-0.999041743,-9.23876135e-09,0.043767523
119.98,-0.999024299,-9.24429882e-09,0.0441638926
119.99,-0.9990067,-9.2507097e-09,0.0445602126
120,-0.998988946,-9.25693172e-09,0.0449564974
120.01,-0.998971034,-9.26234167e-09,0.045352774
