time,n_pairs,n_saturated
250.010000,315,0
250.015000,268,0
250.020000,268,0
250.025000,268,0
250.030000,268,0
250.035000,267,0
250.040000,267,0
250.045000,267,0
250.050000,267,0
250.055000,267,0
250.060000,266,0
250.065000,266,0
250.070000,266,0
250.075000,267,0
250.080000,267,0
250.085000,267,0
250.090000,267,0
250.095000,268,0
250.100000,268,0
250.105000,268,0
250.110000,269,0
250.115000,269,0
250.120000,269,0
250.125000,269,0
250.130000,268,0
250.135000,268,0
250.140000,268,0
250.145000,268,0
250.150000,268,0
250.155000,268,0
250.160000,268,0
250.165000,268,0
250.170000,268,0
250.175000,268,0
250.180000,268,0
250.185000,268,0
250.190000,268,0
250.195000,268,0
250.200000,268,0
250.205000,268,0
250.210000,268,0
250.215000,268,0
250.220000,268,0
250.225000,268,0
250.230000,268,0
250.235000,268,0
250.240000,268,0
250.245000,268,0
250.250000,268,0
250.255000,268,0
250.260000,268,0
250.265000,268,0
250.270000,268,0
250.275000,268,0
250.280000,268,0
250.285000,268,0
250.290000,268,0
250.295000,268,0
250.300000,268,0
250.305000,268,0
250.310000,267,0
250.315000,267,0
250.320000,267,0
250.325000,267,0
250.330000,267,0
250.335000,267,1
250.340000,267,1
250.345000,267,1
250.350000,267,1
250.355000,267,1
250.360000,267,1
250.365000,267,1
250.370000,268,1
250.375000,268,1
250.380000,268,1
250.385000,268,1
250.390000,268,1
250.395000,268,1
250.400000,268,1
250.405000,268,1
250.410000,268,1
250.415000,267,1
250.420000,267,1
250.425000,267,1
250.430000,268,1
250.435000,268,1
250.440000,268,1
250.445000,268,1
250.450000,268,1
250.455000,268,1
250.460000,269,1
250.465000,269,1
250.470000,269,1
250.475000,269,1
250.480000,269,1
250.485000,269,1
250.490000,269,1
250.495000,269,1
250.500000,270,1
250.505000,269,1
250.510000,268,1
250.515000,268,1
250.520000,268,1
250.525000,268,2
250.530000,268,2
250.535000,268,2
250.540000,268,2
250.545000,268,2
250.550000,268,2
250.555000,268,2
250.560000,268,2
250.565000,268,2
250.570000,268,2
250.575000,268,2
250.580000,269,2
250.585000,268,2
250.590000,267,2
250.595000,267,3
250.600000,267,4
250.605000,266,4
250.610000,266,4
250.615000,266,4
250.620000,266,4
250.625000,266,4
250.630000,266,4
250.635000,266,4
250.640000,266,4
250.645000,266,4
250.650000,266,4
250.655000,266,4
250.660000,266,4
250.665000,266,4
250.670000,266,5
250.675000,266,5
250.680000,266,5
250.685000,266,5
250.690000,267,5
250.695000,267,5
250.700000,266,5
250.705000,266,5
250.710000,266,5
250.715000,266,5
250.720000,266,5
250.725000,266,5
250.730000,267,5
250.735000,267,5
250.740000,267,5
250.745000,267,5
250.750000,267,5
250.755000,267,5
250.760000,266,5
250.765000,266,5
250.770000,266,5
250.775000,266,5
250.780000,266,5
250.785000,266,5
250.790000,266,5
250.795000,266,5
250.800000,267,5
250.805000,267,5
250.810000,267,5
250.815000,267,5
250.820000,267,5
250.825000,268,5
250.830000,268,5
250.835000,268,5
250.840000,268,5
250.845000,268,5
250.850000,267,5
250.855000,267,5
250.860000,267,5
250.865000,267,5
250.870000,266,5
250.875000,266,5
250.880000,266,5
250.885000,265,5
250.890000,265,6
250.895000,265,6
250.900000,265,6
250.905000,265,6
250.910000,265,6
250.915000,265,6
250.920000,265,6
250.925000,265,6
250.930000,265,6
250.935000,265,6
250.940000,264,6
250.945000,264,6
250.950000,264,6
250.955000,264,6
250.960000,262,6
250.965000,262,6
250.970000,262,6
250.975000,262,6
250.980000,262,6
250.985000,261,6
250.990000,261,6
250.995000,260,6
251.000000,261,6
251.005000,261,6
251.010000,261,6
251.015000,261,6
251.020000,261,6
251.025000,261,6
251.030000,261,6
251.035000,262,6
251.040000,262,6
251.045000,262,6
251.050000,262,6
251.055000,262,6
251.060000,261,6
251.065000,261,6
251.070000,261,6
251.075000,261,6
251.080000,261,6
251.085000,261,6
251.090000,261,6
251.095000,261,6
251.100000,261,6
251.105000,261,6
251.110000,261,6
251.115000,261,6
251.120000,261,6
251.125000,261,6
251.130000,261,6
251.135000,260,6
251.140000,260,6
251.145000,259,6
251.150000,259,6
251.155000,259,6
251.160000,259,6
251.165000,259,6
251.170000,260,6
251.175000,260,6
251.180000,260,6
251.185000,260,6
251.190000,260,6
251.195000,260,6
251.200000,260,7
251.205000,260,7
251.210000,260,7
251.215000,260,7
251.220000,260,7
251.225000,260,7
251.230000,260,7
251.235000,259,7
251.240000,259,7
251.245000,259,7
251.250000,259,7
251.255000,259,7
251.260000,259,7
251.265000,259,7
251.270000,259,7
251.275000,259,7
251.280000,259,7
251.285000,259,7
251.290000,259,7
251.295000,259,7
251.300000,259,7
251.305000,259,7
251.310000,259,7
251.315000,259,7
251.320000,259,7
251.325000,259,7
251.330000,259,7
251.335000,259,7
251.340000,259,7
251.345000,259,7
251.350000,259,7
251.355000,259,7
251.360000,259,7
251.365000,259,7
251.370000,259,7
251.375000,259,7
251.380000,259,7
251.385000,259,7
251.390000,259,7
251.395000,259,7
251.400000,260,7
251.405000,260,7
251.410000,260,7
251.415000,260,7
251.420000,259,7
251.425000,259,7
251.430000,259,7
251.435000,260,7
251.440000,260,7
251.445000,260,7
251.450000,260,7
251.455000,260,7
251.460000,260,7
251.465000,260,7
251.470000,260,7
251.475000,260,7
251.480000,261,7
251.485000,261,7
251.490000,261,7
251.495000,261,7
251.500000,261,7
251.505000,261,7
251.510000,261,7
251.515000,261,7
251.520000,261,8
251.525000,261,8
251.530000,261,8
251.535000,261,8
251.540000,262,8
251.545000,262,8
251.550000,262,8
251.555000,262,8
251.560000,262,8
251.565000,262,8
251.570000,262,8
251.575000,262,8
251.580000,262,8
251.585000,262,8
251.590000,262,8
251.595000,262,8
251.600000,262,8
251.605000,262,8
251.610000,262,8
251.615000,263,8
251.620000,263,8
251.625000,263,8
251.630000,263,8
251.635000,263,8
251.640000,263,8
251.645000,263,8
251.650000,263,8
251.655000,263,8
251.660000,263,8
251.665000,263,8
251.670000,263,8
251.675000,263,8
251.680000,263,8
251.685000,263,8
251.690000,263,8
251.695000,263,8
251.700000,263,8
251.705000,263,8
251.710000,263,8
251.715000,263,8
251.720000,263,8
251.725000,263,8
251.730000,263,8
251.735000,263,8
251.740000,263,8
251.745000,263,9
251.750000,262,9
251.755000,262,9
251.760000,262,9
251.765000,261,9
251.770000,261,9
251.775000,261,9
251.780000,259,9
251.785000,260,9
251.790000,260,9
251.795000,260,9
251.800000,260,9
251.805000,260,9
251.810000,260,9
251.815000,260,9
251.820000,260,9
251.825000,259,9
251.830000,260,9
251.835000,260,9
251.840000,260,9
251.845000,260,9
251.850000,260,9
251.855000,260,9
251.860000,260,9
251.865000,260,9
251.870000,260,9
251.875000,260,9
251.880000,260,9
251.885000,261,9
251.890000,261,9
251.895000,261,9
251.900000,261,9
251.905000,261,9
251.910000,261,9
251.915000,261,9
251.920000,262,9
251.925000,262,9
251.930000,262,9
251.935000,262,9
251.940000,262,10
251.945000,262,10
251.950000,262,10
251.955000,262,10
251.960000,262,10
251.965000,262,10
251.970000,262,10
251.975000,262,10
251.980000,262,10
251.985000,262,10
251.990000,262,10
251.995000,262,10
252.000000,262,11
252.005000,262,11
252.010000,262,11
252.015000,261,11
252.020000,261,11
252.025000,261,11
252.030000,261,11
252.035000,262,11
252.040000,262,11
252.045000,262,11
252.050000,262,11
252.055000,262,11
252.060000,262,11
252.065000,263,11
252.070000,263,11
252.075000,263,11
252.080000,263,11
252.085000,263,11
252.090000,263,11
252.095000,263,11
252.100000,263,11
252.105000,263,11
252.110000,263,11
252.115000,263,11
252.120000,263,11
252.125000,263,11
252.130000,263,11
252.135000,263,11
252.140000,262,11
252.145000,262,11
252.150000,262,11
252.155000,262,11
252.160000,262,11
252.165000,262,11
252.170000,261,11
252.175000,261,11
252.180000,261,12
252.185000,261,12
252.190000,260,12
252.195000,260,12
252.200000,259,12
252.205000,259,12
252.210000,259,12
252.215000,258,12
252.220000,258,12
252.225000,258,12
252.230000,258,12
252.235000,258,12
252.240000,258,12
252.245000,257,12
252.250000,256,12
252.255000,256,12
252.260000,256,12
252.265000,256,12
252.270000,256,12
252.275000,256,12
252.280000,256,12
252.285000,256,12
252.290000,256,12
252.295000,256,12
252.300000,256,12
252.305000,256,12
252.310000,255,12
252.315000,255,12
252.320000,254,12
252.325000,254,12
252.330000,255,12
252.335000,255,12
252.340000,255,12
252.345000,255,12
252.350000,256,12
252.355000,256,12
252.360000,256,12
252.365000,256,12
252.370000,255,12
252.375000,255,12
252.380000,255,12
252.385000,255,12
252.390000,254,12
252.395000,254,12
252.400000,254,12
252.405000,254,12
252.410000,253,12
252.415000,253,12
252.420000,253,12
252.425000,254,12
252.430000,254,12
252.435000,254,12
252.440000,254,12
252.445000,254,12
252.450000,254,12
252.455000,254,12
252.460000,254,12
252.465000,254,12
252.470000,254,12
252.475000,254,12
252.480000,254,12
252.485000,254,12
252.490000,254,12
252.495000,254,12
252.500000,254,12
252.505000,254,12
252.510000,254,12
252.515000,254,12
252.520000,254,12
252.525000,254,12
252.530000,254,12
252.535000,254,12
252.540000,254,12
252.545000,254,12
252.550000,254,12
252.555000,254,12
252.560000,254,12
252.565000,254,12
252.570000,254,12
252.575000,254,12
252.580000,254,12
252.585000,254,12
252.590000,254,12
252.595000,254,12
252.600000,255,12
252.605000,255,12
252.610000,255,12
252.615000,255,12
252.620000,255,12
252.625000,255,12
252.630000,255,12
252.635000,255,12
252.640000,255,12
252.645000,255,12
252.650000,256,12
252.655000,256,12
252.660000,256,12
252.665000,256,12
252.670000,256,12
252.675000,256,12
252.680000,256,12
252.685000,256,11
252.690000,256,11
252.695000,256,11
252.700000,256,11
252.705000,256,11
252.710000,256,12
252.715000,256,12
252.720000,256,12
252.725000,256,12
252.730000,256,12
252.735000,256,12
252.740000,256,12
252.745000,256,12
252.750000,256,12
252.755000,256,12
252.760000,256,12
252.765000,256,12
252.770000,256,12
252.775000,256,12
252.780000,256,12
252.785000,257,12
252.790000,257,12
252.795000,257,12
252.800000,257,12
252.805000,257,12
252.810000,257,12
252.815000,257,12
252.820000,257,12
252.825000,258,12
252.830000,258,12
252.835000,258,12
252.840000,258,12
252.845000,258,12
252.850000,258,12
252.855000,258,12
252.860000,258,12
252.865000,258,12
252.870000,257,12
252.875000,258,12
252.880000,259,12
252.885000,259,12
252.890000,259,12
252.895000,259,12
252.900000,258,12
252.905000,258,12
252.910000,258,12
252.915000,258,12
252.920000,257,12
252.925000,258,12
252.930000,258,12
252.935000,258,13
252.940000,258,13
252.945000,258,13
252.950000,259,13
252.955000,259,13
252.960000,259,13
252.965000,259,13
252.970000,259,13
252.975000,259,13
252.980000,259,13
252.985000,259,14
252.990000,259,14
252.995000,259,14
253.000000,259,14
253.005000,259,14
253.010000,259,14
253.015000,259,14
253.020000,259,14
253.025000,259,14
253.030000,259,14
253.035000,259,14
253.040000,259,14
253.045000,259,14
253.050000,259,14
253.055000,259,14
253.060000,259,14
253.065000,259,14
253.070000,259,14
253.075000,259,14
253.080000,259,14
253.085000,259,14
253.090000,259,15
253.095000,259,15
253.100000,259,15
253.105000,259,15
253.110000,259,15
253.115000,259,15
253.120000,259,15
253.125000,259,15
253.130000,259,15
253.135000,259,15
253.140000,259,15
253.145000,259,16
253.150000,259,16
253.155000,259,16
253.160000,260,17
253.165000,262,17
253.170000,262,17
253.175000,262,17
253.180000,261,17
253.185000,261,17
253.190000,261,17
253.195000,261,17
253.200000,261,17
253.205000,261,17
253.210000,261,17
253.215000,261,17
253.220000,261,17
253.225000,261,17
253.230000,261,17
253.235000,261,17
253.240000,262,17
253.245000,262,17
253.250000,262,17
253.255000,262,17
253.260000,262,17
253.265000,261,17
253.270000,261,17
253.275000,261,17
253.280000,261,17
253.285000,261,17
253.290000,261,17
253.295000,261,18
253.300000,261,18
253.305000,261,18
253.310000,261,19
253.315000,261,19
253.320000,262,19
253.325000,262,19
253.330000,262,19
253.335000,262,19
253.340000,262,19
253.345000,263,19
253.350000,263,19
253.355000,263,19
253.360000,263,19
253.365000,263,19
253.370000,263,20
253.375000,263,20
253.380000,263,20
253.385000,263,20
253.390000,263,20
253.395000,263,20
253.400000,263,20
253.405000,263,20
253.410000,263,20
253.415000,262,20
253.420000,262,20
253.425000,262,20
253.430000,262,20
253.435000,262,20
253.440000,262,20
253.445000,262,20
253.450000,262,20
253.455000,262,20
253.460000,262,20
253.465000,262,20
253.470000,263,20
253.475000,263,20
253.480000,262,20
253.485000,262,20
253.490000,262,20
253.495000,262,20
253.500000,262,21
253.505000,262,21
253.510000,262,21
253.515000,262,21
253.520000,262,21
253.525000,262,21
253.530000,263,21
253.535000,262,21
253.540000,262,21
253.545000,262,21
253.550000,262,22
253.555000,262,22
253.560000,262,22
253.565000,262,22
253.570000,261,22
253.575000,261,22
253.580000,261,22
253.585000,261,22
253.590000,262,22
253.595000,262,22
253.600000,262,22
253.605000,262,22
253.610000,262,23
253.615000,262,23
253.620000,262,23
253.625000,262,23
253.630000,262,23
253.635000,262,23
253.640000,262,23
253.645000,262,23
253.650000,262,23
253.655000,262,23
253.660000,262,23
253.665000,263,23
253.670000,263,23
253.675000,263,23
253.680000,264,23
253.685000,264,24
253.690000,264,24
253.695000,264,24
253.700000,264,24
253.705000,264,24
253.710000,264,24
253.715000,264,24
253.720000,264,24
253.725000,264,24
253.730000,264,24
253.735000,265,24
253.740000,266,25
253.745000,266,25
253.750000,266,25
253.755000,266,25
253.760000,266,25
253.765000,266,25
253.770000,266,25
253.775000,266,25
253.780000,267,25
253.785000,268,25
253.790000,267,25
253.795000,267,25
253.800000,267,25
253.805000,268,25
253.810000,268,25
253.815000,268,26
253.820000,268,26
253.825000,268,26
253.830000,268,26
253.835000,268,26
253.840000,268,26
253.845000,268,26
253.850000,268,26
253.855000,268,26
253.860000,268,26
253.865000,268,26
253.870000,268,26
253.875000,268,26
253.880000,268,26
253.885000,268,26
253.890000,268,26
253.895000,268,26
253.900000,268,26
253.905000,268,26
253.910000,269,26
253.915000,269,26
253.920000,269,26
253.925000,269,26
253.930000,268,26
253.935000,268,26
253.940000,268,26
253.945000,268,26
253.950000,268,26
253.955000,268,26
253.960000,268,26
253.965000,268,26
253.970000,268,26
253.975000,268,26
253.980000,268,26
253.985000,269,26
253.990000,269,26
253.995000,269,26
254.000000,269,26
254.005000,269,26
254.010000,268,26
254.015000,269,27
254.020000,269,27
254.025000,269,27
254.030000,269,27
254.035000,269,27
254.040000,267,27
254.045000,267,28
254.050000,267,29
254.055000,267,29
254.060000,267,29
254.065000,267,29
254.070000,267,29
254.075000,266,28
254.080000,266,28
254.085000,267,28
254.090000,267,28
254.095000,267,28
254.100000,267,28
254.105000,267,28
254.110000,268,29
254.115000,268,29
254.120000,268,29
254.125000,268,29
254.130000,268,29
254.135000,268,29
254.140000,268,29
254.145000,268,29
254.150000,268,29
254.155000,269,29
254.160000,269,29
254.165000,269,29
254.170000,269,29
254.175000,269,29
254.180000,269,29
254.185000,269,29
254.190000,268,29
254.195000,268,29
254.200000,268,29
254.205000,268,29
254.210000,268,29
254.215000,268,29
254.220000,267,29
254.225000,267,29
254.230000,267,29
254.235000,267,29
254.240000,267,29
254.245000,267,29
254.250000,266,29
254.255000,266,29
254.260000,266,29
254.265000,266,29
254.270000,266,29
254.275000,266,29
254.280000,265,28
254.285000,265,28
254.290000,265,28
254.295000,265,28
254.300000,265,28
254.305000,265,28
254.310000,265,28
254.315000,265,29
254.320000,265,29
254.325000,265,29
254.330000,264,29
254.335000,264,29
254.340000,264,29
254.345000,264,29
254.350000,264,29
254.355000,264,29
254.360000,264,29
254.365000,264,29
254.370000,264,29
254.375000,264,29
254.380000,264,29
254.385000,264,29
254.390000,264,29
254.395000,264,30
254.400000,264,30
254.405000,265,30
254.410000,265,30
254.415000,265,30
254.420000,265,30
254.425000,265,30
254.430000,266,30
254.435000,266,30
254.440000,266,30
254.445000,266,30
254.450000,266,30
254.455000,266,30
254.460000,267,30
254.465000,267,30
254.470000,267,31
254.475000,267,31
254.480000,267,31
254.485000,267,31
254.490000,266,31
254.495000,266,31
254.500000,266,31
254.505000,266,31
254.510000,266,31
254.515000,265,31
254.520000,265,31
254.525000,265,31
254.530000,264,31
254.535000,264,31
254.540000,264,31
254.545000,264,31
254.550000,263,31
254.555000,263,31
254.560000,263,31
254.565000,263,31
254.570000,263,31
254.575000,263,31
254.580000,263,31
254.585000,263,31
254.590000,263,31
254.595000,263,31
254.600000,263,31
254.605000,263,31
254.610000,263,31
254.615000,262,31
254.620000,263,31
254.625000,263,32
254.630000,263,32
254.635000,263,32
254.640000,263,32
254.645000,263,32
254.650000,263,32
254.655000,263,32
254.660000,263,32
254.665000,263,32
254.670000,263,32
254.675000,263,32
254.680000,263,32
254.685000,263,32
254.690000,263,32
254.695000,263,32
254.700000,263,32
254.705000,263,32
254.710000,263,32
254.715000,262,32
254.720000,262,33
254.725000,262,33
254.730000,262,33
254.735000,262,33
254.740000,263,33
254.745000,263,33
254.750000,263,33
254.755000,263,33
254.760000,263,33
254.765000,263,33
254.770000,263,34
254.775000,263,34
254.780000,263,34
254.785000,263,34
254.790000,263,34
254.795000,264,34
254.800000,264,34
254.805000,264,34
254.810000,264,34
254.815000,264,34
254.820000,264,34
254.825000,264,34
254.830000,264,34
254.835000,264,34
254.840000,264,34
254.845000,264,34
254.850000,264,34
254.855000,264,34
254.860000,264,34
254.865000,264,35
254.870000,264,35
254.875000,264,35
254.880000,264,35
254.885000,264,35
254.890000,264,35
254.895000,264,35
254.900000,264,35
254.905000,264,35
254.910000,265,35
254.915000,265,35
254.920000,265,34
254.925000,266,35
254.930000,266,35
254.935000,266,35
254.940000,266,35
254.945000,266,35
254.950000,266,35
254.955000,265,35
254.960000,265,35
254.965000,265,35
254.970000,265,35
254.975000,265,35
254.980000,265,35
254.985000,265,35
254.990000,265,36
254.995000,265,36
255.000000,265,36
255.005000,265,36
255.010000,265,36
255.015000,265,36
255.020000,266,36
255.025000,265,37
255.030000,265,37
255.035000,264,37
255.040000,264,37
255.045000,264,37
255.050000,264,37
255.055000,264,37
255.060000,264,37
255.065000,264,38
255.070000,264,38
255.075000,264,38
255.080000,264,38
255.085000,263,38
255.090000,263,38
255.095000,263,38
255.100000,263,38
255.105000,263,38
255.110000,264,38
255.115000,264,38
255.120000,264,38
255.125000,264,38
255.130000,264,38
255.135000,264,38
255.140000,264,38
255.145000,265,38
255.150000,265,38
255.155000,265,38
255.160000,265,38
255.165000,264,38
255.170000,264,38
255.175000,264,38
255.180000,264,38
255.185000,264,38
255.190000,264,38
255.195000,265,38
255.200000,265,38
255.205000,265,38
255.210000,265,38
255.215000,264,38
255.220000,264,38
255.225000,264,38
255.230000,264,38
255.235000,264,38
255.240000,264,38
255.245000,264,38
255.250000,265,38
255.255000,265,39
255.260000,265,39
255.265000,265,39
255.270000,265,39
255.275000,265,39
255.280000,264,38
255.285000,264,38
255.290000,264,38
255.295000,264,38
255.300000,264,38
255.305000,264,38
255.310000,264,38
255.315000,265,39
255.320000,264,38
255.325000,264,38
255.330000,264,38
255.335000,264,38
255.340000,264,38
255.345000,264,38
255.350000,264,38
255.355000,265,39
255.360000,264,38
255.365000,264,38
255.370000,264,38
255.375000,264,38
255.380000,264,38
255.385000,264,38
255.390000,264,38
255.395000,265,39
255.400000,264,38
255.405000,264,38
255.410000,264,38
255.415000,264,39
255.420000,264,39
255.425000,264,39
255.430000,264,39
255.435000,265,40
255.440000,265,39
255.445000,265,39
255.450000,265,39
255.455000,265,39
255.460000,265,39
255.465000,265,39
255.470000,265,39
255.475000,266,40
255.480000,266,39
255.485000,265,39
255.490000,265,39
255.495000,265,39
255.500000,265,39
255.505000,265,39
255.510000,265,39
255.515000,266,40
255.520000,265,39
255.525000,265,39
255.530000,265,39
255.535000,265,39
255.540000,265,39
255.545000,265,39
255.550000,265,39
255.555000,266,40
255.560000,265,39
255.565000,265,40
255.570000,265,41
255.575000,265,41
255.580000,265,41
255.585000,265,41
255.590000,265,41
255.595000,266,42
255.600000,265,41
255.605000,265,41
255.610000,265,41
255.615000,265,41
255.620000,265,41
255.625000,265,41
255.630000,266,41
255.635000,267,42
255.640000,266,41
255.645000,266,41
255.650000,266,41
255.655000,266,41
255.660000,266,41
255.665000,266,42
255.670000,267,43
255.675000,267,43
255.680000,266,42
255.685000,266,42
255.690000,266,42
255.695000,266,42
255.700000,266,42
255.705000,266,42
255.710000,267,43
255.715000,267,43
255.720000,266,42
255.725000,266,42
255.730000,266,42
255.735000,266,42
255.740000,266,42
255.745000,266,42
255.750000,267,43
255.755000,267,43
255.760000,266,42
255.765000,266,42
255.770000,266,42
255.775000,266,42
255.780000,265,42
255.785000,265,42
255.790000,266,43
255.795000,266,43
255.800000,265,42
255.805000,264,43
255.810000,264,43
255.815000,264,43
255.820000,264,43
255.825000,264,43
255.830000,266,45
255.835000,265,45
255.840000,264,44
255.845000,264,44
255.850000,264,44
255.855000,264,44
255.860000,264,44
255.865000,264,44
255.870000,265,45
255.875000,264,44
255.880000,264,44
255.885000,264,44
255.890000,264,44
255.895000,264,44
255.900000,264,44
255.905000,265,45
255.910000,264,44
255.915000,264,44
255.920000,264,44
255.925000,264,44
255.930000,263,44
255.935000,263,44
255.940000,264,45
255.945000,263,44
255.950000,263,44
255.955000,263,44
255.960000,263,44
255.965000,263,44
255.970000,263,44
255.975000,264,45
255.980000,263,44
255.985000,263,44
255.990000,263,44
255.995000,263,44
256.000000,263,44
256.005000,263,44
256.010000,264,45
256.015000,262,44
256.020000,262,44
256.025000,262,44
256.030000,263,44
256.035000,263,44
256.040000,263,44
256.045000,264,45
256.050000,263,44
256.055000,263,45
256.060000,263,45
256.065000,264,45
256.070000,264,45
256.075000,265,45
256.080000,266,46
256.085000,265,45
256.090000,265,45
256.095000,265,45
256.100000,265,45
256.105000,265,45
256.110000,265,45
256.115000,266,46
256.120000,266,45
256.125000,266,45
256.130000,266,45
256.135000,266,45
256.140000,266,45
256.145000,265,45
256.150000,266,46
256.155000,265,45
256.160000,265,45
256.165000,265,45
256.170000,265,46
256.175000,265,46
256.180000,265,46
256.185000,265,46
256.190000,264,45
256.195000,265,46
256.200000,264,45
256.205000,264,45
256.210000,265,46
256.215000,264,45
256.220000,265,46
256.225000,264,45
256.230000,265,46
256.235000,264,45
256.240000,264,45
256.245000,264,45
256.250000,263,45
256.255000,264,46
256.260000,264,46
256.265000,263,45
256.270000,263,45
256.275000,263,45
256.280000,263,45
256.285000,263,45
256.290000,265,47
256.295000,263,45
256.300000,264,45
256.305000,264,45
256.310000,264,45
256.315000,264,45
256.320000,265,46
256.325000,265,46
256.330000,264,45
256.335000,264,45
256.340000,264,45
256.345000,264,45
256.350000,265,46
256.355000,264,45
256.360000,264,46
256.365000,263,45
256.370000,263,45
256.375000,263,45
256.380000,265,46
256.385000,264,45
256.390000,265,45
256.395000,266,46
256.400000,265,45
256.405000,265,45
256.410000,266,46
256.415000,266,45
256.420000,266,45
256.425000,266,45
256.430000,266,46
256.435000,265,45
256.440000,266,46
256.445000,265,45
256.450000,265,45
256.455000,265,45
256.460000,265,45
256.465000,266,46
256.470000,266,46
256.475000,265,45
256.480000,265,45
256.485000,265,45
256.490000,265,45
256.495000,265,45
256.500000,267,47
256.505000,265,45
256.510000,265,43
256.515000,265,43
256.520000,265,43
256.525000,265,43
256.530000,266,44
256.535000,266,44
256.540000,266,44
256.545000,266,44
256.550000,265,43
256.555000,265,43
256.560000,266,44
256.565000,266,44
256.570000,267,46
256.575000,266,45
256.580000,267,46
256.585000,268,47
256.590000,266,46
256.595000,265,46
256.600000,265,46
256.605000,266,47
256.610000,265,46
256.615000,266,47
256.620000,267,49
256.625000,266,48
256.630000,265,47
256.635000,265,47
256.640000,267,48
256.645000,267,48
256.650000,267,48
256.655000,266,47
256.660000,267,49
256.665000,267,49
256.670000,266,48
256.675000,268,50
256.680000,267,49
256.685000,266,48
256.690000,266,49
256.695000,266,49
256.700000,267,50
256.705000,268,51
256.710000,268,51
256.715000,266,49
256.720000,267,49
256.725000,267,49
256.730000,267,49
256.735000,268,50
256.740000,268,50
256.745000,269,51
256.750000,267,49
256.755000,266,49
256.760000,268,50
256.765000,268,50
256.770000,267,49
256.775000,266,49
256.780000,268,51
256.785000,267,50
256.790000,267,50
256.795000,266,49
256.800000,266,49
256.805000,266,49
256.810000,265,50
256.815000,266,51
256.820000,266,52
256.825000,264,50
256.830000,263,49
256.835000,263,49
256.840000,263,50
256.845000,263,50
256.850000,263,50
256.855000,262,49
256.860000,263,51
256.865000,263,51
256.870000,261,50
256.875000,261,51
256.880000,261,51
256.885000,260,51
256.890000,259,50
256.895000,259,50
256.900000,261,52
256.905000,260,52
256.910000,258,50
256.915000,259,51
256.920000,259,51
256.925000,259,51
256.930000,260,51
256.935000,259,50
256.940000,260,51
256.945000,261,52
256.950000,259,51
256.955000,260,52
256.960000,258,50
256.965000,258,50
256.970000,258,50
256.975000,258,50
256.980000,260,52
256.985000,261,53
256.990000,259,51
256.995000,259,50
257.000000,259,50
257.005000,260,51
257.010000,258,49
257.015000,258,49
257.020000,260,51
257.025000,260,51
257.030000,260,51
257.035000,261,50
257.040000,261,49
257.045000,261,49
257.050000,261,49
257.055000,264,52
257.060000,262,50
257.065000,262,50
257.070000,260,48
257.075000,261,49
257.080000,262,50
257.085000,260,48
257.090000,261,49
257.095000,263,50
257.100000,261,48
257.105000,264,51
257.110000,262,49
257.115000,260,48
257.120000,260,48
257.125000,262,50
257.130000,263,51
257.135000,260,48
257.140000,260,48
257.145000,261,49
257.150000,260,48
257.155000,263,51
257.160000,260,48
257.165000,260,48
257.170000,260,48
257.175000,259,47
257.180000,261,49
257.185000,262,50
257.190000,259,47
257.195000,261,49
257.200000,259,48
257.205000,260,49
257.210000,258,47
257.215000,259,48
257.220000,259,48
257.225000,261,49
257.230000,264,52
257.235000,260,48
257.240000,259,47
257.245000,260,48
257.250000,260,47
257.255000,262,49
257.260000,261,48
257.265000,265,51
257.270000,262,48
257.275000,262,49
257.280000,263,50
257.285000,261,48
257.290000,261,48
257.295000,262,49
257.300000,265,52
257.305000,267,53
257.310000,262,48
257.315000,262,48
257.320000,262,48
257.325000,262,48
257.330000,264,50
257.335000,267,53
257.340000,262,48
257.345000,263,49
257.350000,262,48
257.355000,264,50
257.360000,262,48
257.365000,264,50
257.370000,265,51
257.375000,263,49
257.380000,264,50
257.385000,263,49
257.390000,261,48
257.395000,263,50
257.400000,261,48
257.405000,265,52
257.410000,262,49
257.415000,261,48
257.420000,261,48
257.425000,264,51
257.430000,263,50
257.435000,263,49
257.440000,264,50
257.445000,263,49
257.450000,263,49
257.455000,266,52
257.460000,262,48
257.465000,263,49
257.470000,263,49
257.475000,264,50
257.480000,264,50
257.485000,266,51
257.490000,263,48
257.495000,263,48
257.500000,263,48
257.505000,267,52
257.510000,265,50
257.515000,264,49
257.520000,262,48
257.525000,262,49
257.530000,263,50
257.535000,261,48
257.540000,261,48
257.545000,265,52
257.550000,261,48
257.555000,262,49
257.560000,262,49
257.565000,260,47
257.570000,260,47
257.575000,264,51
257.580000,264,51
257.585000,262,49
257.590000,260,47
257.595000,261,48
257.600000,261,48
257.605000,265,52
257.610000,261,48
257.615000,262,49
257.620000,260,47
257.625000,261,48
257.630000,262,49
257.635000,263,50
257.640000,262,49
257.645000,259,46
257.650000,260,47
257.655000,262,49
257.660000,262,48
257.665000,265,51
257.670000,263,49
257.675000,261,47
257.680000,264,50
257.685000,260,46
257.690000,261,47
257.695000,264,50
257.700000,262,48
257.705000,263,50
257.710000,262,49
257.715000,261,48
257.720000,262,49
257.725000,262,49
257.730000,263,50
257.735000,260,47
257.740000,262,49
257.745000,264,51
257.750000,261,48
257.755000,264,51
257.760000,260,47
257.765000,259,47
257.770000,262,50
257.775000,260,48
257.780000,262,50
257.785000,262,51
257.790000,260,49
257.795000,261,50
257.800000,260,49
257.805000,261,50
257.810000,260,49
257.815000,261,50
257.820000,262,51
257.825000,258,47
257.830000,261,50
257.835000,258,47
257.840000,259,49
257.845000,263,53
257.850000,260,50
257.855000,261,51
257.860000,260,50
257.865000,260,50
257.870000,262,52
257.875000,262,52
257.880000,262,52
257.885000,259,49
257.890000,261,51
257.895000,261,51
257.900000,262,52
257.905000,262,52
257.910000,260,50
257.915000,260,50
257.920000,263,53
257.925000,260,50
257.930000,262,52
257.935000,261,52
257.940000,261,52
257.945000,263,54
257.950000,262,53
257.955000,261,52
257.960000,263,54
257.965000,263,54
257.970000,264,55
257.975000,260,51
257.980000,262,53
257.985000,261,52
257.990000,262,53
257.995000,265,56
258.000000,262,53
258.005000,261,52
258.010000,261,52
258.015000,262,53
258.020000,264,55
258.025000,262,53
258.030000,263,54
258.035000,260,51
258.040000,263,53
258.045000,263,53
258.050000,263,53
258.055000,266,55
258.060000,264,53
258.065000,263,52
258.070000,265,54
258.075000,263,51
258.080000,266,54
258.085000,266,54
258.090000,265,53
258.095000,265,53
258.100000,265,53
258.105000,264,52
258.110000,266,54
258.115000,265,53
258.120000,266,54
258.125000,264,52
258.130000,266,54
258.135000,264,52
258.140000,265,53
258.145000,267,55
258.150000,264,52
258.155000,265,53
258.160000,265,53
258.165000,264,51
258.170000,270,56
258.175000,267,53
258.180000,268,54
258.185000,265,51
258.190000,266,52
258.195000,268,54
258.200000,268,54
258.205000,269,55
258.210000,264,51
258.215000,263,50
258.220000,266,53
258.225000,264,51
258.230000,268,55
258.235000,265,52
258.240000,266,52
258.245000,265,52
258.250000,265,53
258.255000,265,53
258.260000,265,53
258.265000,266,54
258.270000,268,56
258.275000,264,52
258.280000,265,53
258.285000,263,51
258.290000,266,54
258.295000,268,56
258.300000,266,54
258.305000,264,52
258.310000,265,53
258.315000,264,52
258.320000,267,55
258.325000,266,54
258.330000,266,54
258.335000,264,52
258.340000,265,53
258.345000,266,54
258.350000,266,54
258.355000,266,54
258.360000,264,52
258.365000,264,52
258.370000,268,56
258.375000,263,51
258.380000,267,55
258.385000,266,54
258.390000,264,52
258.395000,266,54
258.400000,266,53
258.405000,266,53
258.410000,267,54
258.415000,267,54
258.420000,268,55
258.425000,264,51
258.430000,266,53
258.435000,265,52
258.440000,268,55
258.445000,268,55
258.450000,266,53
258.455000,266,53
258.460000,266,52
258.465000,266,52
258.470000,270,56
258.475000,268,54
258.480000,268,54
258.485000,266,52
258.490000,267,53
258.495000,267,53
258.500000,268,53
258.505000,270,55
258.510000,269,54
258.515000,266,51
258.520000,270,55
258.525000,267,52
258.530000,269,54
258.535000,269,54
258.540000,268,53
258.545000,269,54
258.550000,268,53
258.555000,268,53
258.560000,268,54
258.565000,267,53
258.570000,268,54
258.575000,266,52
258.580000,269,55
258.585000,265,51
258.590000,268,54
258.595000,270,56
258.600000,266,52
258.605000,267,53
258.610000,267,53
258.615000,266,52
258.620000,269,56
258.625000,267,54
258.630000,267,54
258.635000,264,51
258.640000,265,52
258.645000,266,54
258.650000,266,55
258.655000,266,54
258.660000,265,53
258.665000,264,52
258.670000,266,54
258.675000,264,52
258.680000,268,56
258.685000,266,54
258.690000,265,53
258.695000,267,55
258.700000,264,52
258.705000,266,53
258.710000,266,53
258.715000,267,54
258.720000,270,57
258.725000,264,51
258.730000,267,54
258.735000,265,52
258.740000,266,53
258.745000,269,56
258.750000,267,54
258.755000,265,52
258.760000,265,52
258.765000,264,52
258.770000,268,56
258.775000,266,54
258.780000,265,53
258.785000,265,53
258.790000,265,53
258.795000,264,52
258.800000,265,53
258.805000,267,55
258.810000,264,53
258.815000,263,52
258.820000,267,56
258.825000,263,52
258.830000,266,55
258.835000,265,54
258.840000,263,52
258.845000,266,55
258.850000,265,54
258.855000,263,52
258.860000,264,53
258.865000,265,55
258.870000,268,57
258.875000,265,54
258.880000,265,54
258.885000,264,53
258.890000,266,55
258.895000,269,58
258.900000,264,53
258.905000,265,54
258.910000,266,55
258.915000,266,54
258.920000,270,58
258.925000,266,54
258.930000,266,54
258.935000,265,53
258.940000,267,55
258.945000,270,58
258.950000,266,54
258.955000,266,55
258.960000,265,54
258.965000,265,54
258.970000,267,56
258.975000,268,56
258.980000,269,57
258.985000,268,55
258.990000,266,53
258.995000,268,55
259.000000,267,54
259.005000,268,55
259.010000,270,57
259.015000,267,55
259.020000,268,56
259.025000,265,53
259.030000,267,55
259.035000,268,56
259.040000,268,56
259.045000,270,58
259.050000,266,54
259.055000,265,53
259.060000,265,53
259.065000,267,55
259.070000,269,57
259.075000,267,55
259.080000,267,55
259.085000,265,53
259.090000,267,55
259.095000,269,57
259.100000,267,55
259.105000,267,55
259.110000,265,53
259.115000,266,54
259.120000,267,55
259.125000,268,56
259.130000,267,55
259.135000,266,54
259.140000,266,54
259.145000,267,55
259.150000,267,55
259.155000,267,55
259.160000,266,54
259.165000,265,53
259.170000,265,53
259.175000,264,53
259.180000,268,58
259.185000,267,58
259.190000,264,55
259.195000,264,55
259.200000,262,53
259.205000,265,56
259.210000,265,57
259.215000,264,57
259.220000,265,58
259.225000,263,56
259.230000,264,57
259.235000,263,56
259.240000,263,57
259.245000,265,58
259.250000,264,57
259.255000,265,58
259.260000,264,57
259.265000,263,55
259.270000,266,58
259.275000,264,56
259.280000,265,57
259.285000,267,59
259.290000,265,57
259.295000,263,55
259.300000,265,56
259.305000,267,58
259.310000,267,59
259.315000,266,58
259.320000,266,58
259.325000,265,57
259.330000,267,59
259.335000,266,58
259.340000,266,58
259.345000,265,58
259.350000,264,57
259.355000,264,57
259.360000,265,59
259.365000,264,59
259.370000,263,58
259.375000,262,57
259.380000,262,57
259.385000,262,57
259.390000,265,60
259.395000,264,59
259.400000,262,57
259.405000,264,59
259.410000,263,58
259.415000,260,56
259.420000,262,58
259.425000,263,59
259.430000,264,60
259.435000,261,57
259.440000,261,57
259.445000,261,57
259.450000,264,60
259.455000,262,58
259.460000,263,59
259.465000,262,58
259.470000,263,60
259.475000,260,57
259.480000,261,58
259.485000,262,60
259.490000,265,64
259.495000,262,62
259.500000,261,61
259.505000,259,59
259.510000,261,62
259.515000,261,62
259.520000,261,62
259.525000,258,59
259.530000,261,62
259.535000,257,58
259.540000,261,62
259.545000,263,64
259.550000,261,62
259.555000,259,60
259.560000,260,62
259.565000,259,61
259.570000,263,65
259.575000,259,61
259.580000,260,62
259.585000,258,60
259.590000,262,63
259.595000,259,60
259.600000,260,62
259.605000,260,62
259.610000,260,62
259.615000,259,61
259.620000,262,64
259.625000,258,60
259.630000,261,63
259.635000,259,61
259.640000,261,64
259.645000,260,63
259.650000,261,64
259.655000,257,60
259.660000,260,63
259.665000,260,63
259.670000,261,64
259.675000,257,60
259.680000,259,63
259.685000,257,61
259.690000,261,65
259.695000,261,65
259.700000,260,65
259.705000,258,63
259.710000,260,65
259.715000,258,63
259.720000,262,67
259.725000,261,66
259.730000,261,66
259.735000,258,63
259.740000,261,65
259.745000,261,65
259.750000,261,65
259.755000,260,63
259.760000,261,64
259.765000,259,62
259.770000,261,64
259.775000,257,60
259.780000,261,64
259.785000,263,66
259.790000,262,65
259.795000,261,64
259.800000,260,63
259.805000,259,62
259.810000,262,65
259.815000,263,66
259.820000,263,66
259.825000,259,62
259.830000,260,64
259.835000,258,62
259.840000,264,68
259.845000,265,69
259.850000,259,64
259.855000,258,63
259.860000,259,64
259.865000,259,64
259.870000,264,69
259.875000,260,65
259.880000,260,65
259.885000,258,63
259.890000,261,65
259.895000,261,65
259.900000,263,67
259.905000,262,66
259.910000,260,64
259.915000,260,64
259.920000,262,66
259.925000,260,64
259.930000,263,67
259.935000,261,65
259.940000,262,66
259.945000,261,65
259.950000,260,64
259.955000,259,63
259.960000,262,66
259.965000,263,67
259.970000,262,66
259.975000,259,63
259.980000,260,64
259.985000,259,63
259.990000,262,66
259.995000,262,66
260.000000,260,64
260.005000,258,61
260.010000,261,64
260.015000,259,63
260.020000,263,67
260.025000,261,65
260.030000,260,63
260.035000,260,63
260.040000,262,66
260.045000,261,65
260.050000,263,67
260.055000,261,65
260.060000,261,65
260.065000,261,65
260.070000,262,66
260.075000,257,61
260.080000,261,65
260.085000,263,67
260.090000,259,64
260.095000,260,65
260.100000,259,64
260.105000,258,62
260.110000,261,65
260.115000,261,65
260.120000,263,67
260.125000,260,64
260.130000,260,64
260.135000,257,61
260.140000,262,66
260.145000,264,68
260.150000,259,63
260.155000,261,65
260.160000,259,64
260.165000,259,64
260.170000,262,67
260.175000,260,65
260.180000,261,66
260.185000,258,63
260.190000,260,65
260.195000,259,64
260.200000,261,66
260.205000,262,67
260.210000,258,63
260.215000,259,64
260.220000,261,66
260.225000,258,63
260.230000,260,65
260.235000,260,65
260.240000,260,65
260.245000,259,64
260.250000,258,63
260.255000,260,64
260.260000,262,66
260.265000,262,66
260.270000,260,65
260.275000,258,63
260.280000,259,63
260.285000,259,63
260.290000,263,67
260.295000,264,68
260.300000,259,63
260.305000,256,61
260.310000,258,63
260.315000,257,62
260.320000,259,64
260.325000,260,65
260.330000,259,64
260.335000,255,60
260.340000,260,65
260.345000,261,66
260.350000,258,63
260.355000,260,65
260.360000,258,63
260.365000,258,63
260.370000,260,65
260.375000,258,63
260.380000,260,65
260.385000,260,65
260.390000,258,63
260.395000,261,66
260.400000,260,65
260.405000,260,65
260.410000,261,65
260.415000,261,65
260.420000,262,66
260.425000,260,64
260.430000,260,64
260.435000,261,65
260.440000,260,64
260.445000,263,67
260.450000,261,64
260.455000,264,66
260.460000,262,64
260.465000,264,66
260.470000,265,67
260.475000,262,64
260.480000,265,67
260.485000,262,63
260.490000,265,66
260.495000,264,65
260.500000,264,65
260.505000,267,68
260.510000,265,66
260.515000,265,65
260.520000,265,65
260.525000,265,65
260.530000,265,65
260.535000,266,66
260.540000,266,66
260.545000,265,65
260.550000,264,64
260.555000,265,65
260.560000,266,66
260.565000,266,65
260.570000,266,66
260.575000,265,65
260.580000,264,64
260.585000,264,64
260.590000,267,67
260.595000,265,65
260.600000,262,62
260.605000,264,64
260.610000,263,63
260.615000,269,69
260.620000,265,65
260.625000,262,62
260.630000,263,63
260.635000,265,65
260.640000,266,66
260.645000,265,65
260.650000,264,64
260.655000,266,66
260.660000,263,63
260.665000,264,64
260.670000,266,66
260.675000,264,64
260.680000,265,65
260.685000,264,64
260.690000,264,63
260.695000,269,67
260.700000,267,65
260.705000,266,64
260.710000,265,62
260.715000,271,68
260.720000,267,63
260.725000,266,62
260.730000,270,66
260.735000,267,63
260.740000,268,64
260.745000,268,64
260.750000,267,63
260.755000,269,65
260.760000,268,64
260.765000,267,64
260.770000,268,66
260.775000,268,66
260.780000,267,64
260.785000,267,64
260.790000,268,65
260.795000,269,66
260.800000,267,64
260.805000,266,63
260.810000,263,60
260.815000,268,65
260.820000,267,64
260.825000,264,61
260.830000,266,63
260.835000,268,65
260.840000,268,65
260.845000,267,64
260.850000,266,63
260.855000,268,65
260.860000,265,62
260.865000,268,65
260.870000,268,65
260.875000,266,64
260.880000,268,67
260.885000,264,63
260.890000,267,66
260.895000,268,67
260.900000,263,63
260.905000,266,66
260.910000,266,66
260.915000,265,65
260.920000,265,65
260.925000,266,66
260.930000,265,64
260.935000,266,65
260.940000,268,67
260.945000,265,64
260.950000,265,64
260.955000,267,66
260.960000,267,66
260.965000,266,65
260.970000,265,64
260.975000,263,64
260.980000,263,64
260.985000,265,66
260.990000,265,66
260.995000,267,68
261.000000,263,64
261.005000,263,64
261.010000,266,66
261.015000,266,66
261.020000,265,65
261.025000,264,64
261.030000,267,67
261.035000,264,64
261.040000,266,66
261.045000,267,67
261.050000,264,65
261.055000,267,68
261.060000,266,67
261.065000,268,69
261.070000,267,68
261.075000,267,68
261.080000,266,67
261.085000,266,67
261.090000,267,69
261.095000,267,68
261.100000,266,67
261.105000,266,67
261.110000,266,67
261.115000,270,71
261.120000,266,67
261.125000,263,64
261.130000,266,67
261.135000,271,72
261.140000,267,68
261.145000,266,67
261.150000,266,67
261.155000,265,66
261.160000,266,67
261.165000,267,68
261.170000,269,70
261.175000,265,66
261.180000,266,67
261.185000,265,66
261.190000,266,67
261.195000,270,71
261.200000,265,66
261.205000,267,68
261.210000,265,67
261.215000,267,69
261.220000,269,71
261.225000,265,67
261.230000,265,67
261.235000,267,69
261.240000,269,71
261.245000,267,69
261.250000,266,69
261.255000,268,70
261.260000,265,67
261.265000,264,67
261.270000,267,69
261.275000,267,69
261.280000,266,68
261.285000,265,67
261.290000,267,69
261.295000,266,68
261.300000,263,65
261.305000,264,66
261.310000,269,71
261.315000,268,70
261.320000,265,67
261.325000,264,66
261.330000,268,69
261.335000,265,66
261.340000,267,68
261.345000,272,73
261.350000,266,68
261.355000,265,67
261.360000,266,69
261.365000,267,70
261.370000,268,71
261.375000,265,68
261.380000,269,72
261.385000,266,69
261.390000,267,70
261.395000,268,71
261.400000,267,70
261.405000,266,70
261.410000,263,68
261.415000,267,72
261.420000,264,69
261.425000,265,69
261.430000,266,70
261.435000,264,68
261.440000,266,70
261.445000,263,66
261.450000,265,68
261.455000,265,68
261.460000,265,68
261.465000,266,70
261.470000,265,68
261.475000,261,64
261.480000,264,67
261.485000,267,70
261.490000,266,69
261.495000,265,68
261.500000,264,67
261.505000,265,68
261.510000,263,66
261.515000,265,68
261.520000,268,71
261.525000,265,68
261.530000,265,69
261.535000,263,67
261.540000,266,70
261.545000,264,68
261.550000,265,68
261.555000,268,71
261.560000,264,67
261.565000,266,69
261.570000,267,70
261.575000,265,68
261.580000,265,68
261.585000,265,67
261.590000,271,73
261.595000,267,69
261.600000,265,67
261.605000,267,69
261.610000,265,67
261.615000,268,70
261.620000,265,67
261.625000,266,68
261.630000,268,70
261.635000,269,71
261.640000,267,70
261.645000,265,68
261.650000,262,65
261.655000,267,69
261.660000,271,73
261.665000,270,72
261.670000,267,69
261.675000,269,72
261.680000,267,70
261.685000,266,69
261.690000,270,73
261.695000,272,74
261.700000,267,69
261.705000,268,70
261.710000,268,70
261.715000,271,73
261.720000,268,70
261.725000,268,70
261.730000,270,72
261.735000,270,72
261.740000,268,70
261.745000,270,72
261.750000,269,71
261.755000,267,69
261.760000,268,70
261.765000,271,73
261.770000,267,70
261.775000,269,72
261.780000,266,69
261.785000,269,71
261.790000,268,70
261.795000,269,71
261.800000,271,73
261.805000,268,70
261.810000,268,70
261.815000,270,72
261.820000,270,71
261.825000,269,70
261.830000,268,69
261.835000,271,72
261.840000,269,70
261.845000,272,73
261.850000,269,70
261.855000,268,70
261.860000,266,68
261.865000,269,71
261.870000,269,71
261.875000,265,67
261.880000,266,69
261.885000,271,74
261.890000,265,68
261.895000,266,69
261.900000,266,69
261.905000,270,73
261.910000,266,69
261.915000,267,70
261.920000,267,70
261.925000,264,67
261.930000,265,67
261.935000,267,70
261.940000,270,73
261.945000,269,72
261.950000,264,67
261.955000,268,71
261.960000,265,68
261.965000,267,70
261.970000,268,71
261.975000,271,73
261.980000,266,68
261.985000,269,71
261.990000,269,71
261.995000,269,71
262.000000,266,68
262.005000,268,70
262.010000,271,73
262.015000,267,69
262.020000,268,70
262.025000,269,71
262.030000,265,67
262.035000,266,68
262.040000,268,70
262.045000,275,77
262.050000,264,66
262.055000,264,66
262.060000,268,70
262.065000,268,70
262.070000,271,73
262.075000,264,66
262.080000,266,68
262.085000,266,67
262.090000,267,68
262.095000,269,70
262.100000,266,67
262.105000,265,66
262.110000,265,66
262.115000,271,71
262.120000,266,66
262.125000,268,68
262.130000,267,66
262.135000,266,65
262.140000,267,66
262.145000,267,66
262.150000,270,69
262.155000,264,63
262.160000,268,67
262.165000,273,72
262.170000,263,62
262.175000,265,63
262.180000,268,66
262.185000,273,71
262.190000,269,67
262.195000,268,66
262.200000,267,65
262.205000,267,65
262.210000,268,66
262.215000,268,66
262.220000,271,69
262.225000,267,65
262.230000,267,65
262.235000,270,68
262.240000,267,65
262.245000,266,65
262.250000,269,68
262.255000,270,68
262.260000,268,66
262.265000,270,68
262.270000,273,71
262.275000,267,64
262.280000,268,65
262.285000,271,68
262.290000,271,68
262.295000,270,67
262.300000,272,69
262.305000,268,65
262.310000,270,67
262.315000,271,68
262.320000,267,64
262.325000,275,72
262.330000,270,67
262.335000,268,65
262.340000,270,67
262.345000,269,66
262.350000,267,64
262.355000,267,64
262.360000,274,71
262.365000,269,66
262.370000,267,64
262.375000,266,63
262.380000,266,63
262.385000,269,66
262.390000,271,67
262.395000,267,64
262.400000,267,64
262.405000,266,62
262.410000,266,62
262.415000,265,61
262.420000,267,63
262.425000,270,66
262.430000,271,67
262.435000,265,61
262.440000,267,63
262.445000,266,62
262.450000,267,63
262.455000,265,61
262.460000,270,66
262.465000,271,66
262.470000,265,60
262.475000,268,63
262.480000,270,65
262.485000,266,61
262.490000,267,62
262.495000,267,62
262.500000,271,66
262.505000,269,64
262.510000,271,66
262.515000,266,61
262.520000,268,63
262.525000,266,61
262.530000,270,65
262.535000,272,67
262.540000,269,64
262.545000,267,62
262.550000,270,65
262.555000,267,62
262.560000,268,63
262.565000,271,66
262.570000,270,65
262.575000,264,59
262.580000,270,66
262.585000,266,62
262.590000,265,61
262.595000,267,63
262.600000,269,65
262.605000,269,65
262.610000,266,62
262.615000,266,62
262.620000,265,61
262.625000,268,64
262.630000,268,64
262.635000,266,62
262.640000,270,66
262.645000,265,61
262.650000,264,60
262.655000,269,65
262.660000,270,66
262.665000,265,61
262.670000,268,64
262.675000,266,62
262.680000,268,63
262.685000,270,65
262.690000,269,64
262.695000,266,61
262.700000,270,65
262.705000,269,64
262.710000,269,64
262.715000,267,61
262.720000,271,65
262.725000,270,64
262.730000,272,66
262.735000,267,61
262.740000,269,63
262.745000,268,62
262.750000,270,64
262.755000,269,63
262.760000,272,66
262.765000,268,62
262.770000,268,62
262.775000,268,62
262.780000,273,67
262.785000,269,63
262.790000,270,64
262.795000,267,61
262.800000,271,65
262.805000,271,65
262.810000,271,65
262.815000,267,61
262.820000,271,65
262.825000,269,63
262.830000,272,66
262.835000,271,64
262.840000,274,67
262.845000,269,62
262.850000,273,66
262.855000,270,63
262.860000,273,66
262.865000,271,64
262.870000,273,66
262.875000,270,63
262.880000,274,67
262.885000,272,64
262.890000,270,62
262.895000,272,64
262.900000,277,69
262.905000,275,67
262.910000,274,66
262.915000,268,60
262.920000,272,64
262.925000,272,64
262.930000,274,66
262.935000,271,63
262.940000,275,67
262.945000,271,63
262.950000,269,61
262.955000,273,65
262.960000,276,68
262.965000,271,63
262.970000,272,64
262.975000,271,63
262.980000,273,65
262.985000,272,64
262.990000,272,64
262.995000,269,62
263.000000,274,67
263.005000,272,65
263.010000,273,66
263.015000,272,65
263.020000,272,65
263.025000,271,65
263.030000,276,69
263.035000,273,66
263.040000,269,62
263.045000,273,66
263.050000,276,70
263.055000,272,67
263.060000,275,70
263.065000,271,66
263.070000,271,66
263.075000,272,68
263.080000,276,72
263.085000,274,70
263.090000,271,67
263.095000,271,66
263.100000,271,66
263.105000,275,70
263.110000,276,72
263.115000,273,69
263.120000,274,70
263.125000,271,67
263.130000,274,70
263.135000,273,68
263.140000,275,70
263.145000,273,68
263.150000,277,72
263.155000,274,69
263.160000,271,66
263.165000,274,69
263.170000,276,70
263.175000,274,68
263.180000,278,72
263.185000,276,70
263.190000,272,66
263.195000,273,67
263.200000,277,71
263.205000,274,68
263.210000,277,71
263.215000,274,68
263.220000,276,68
263.225000,276,68
263.230000,279,71
263.235000,276,68
263.240000,276,68
263.245000,277,69
263.250000,277,69
263.255000,280,72
263.260000,278,71
263.265000,275,68
263.270000,277,70
263.275000,276,69
263.280000,276,69
263.285000,280,72
263.290000,278,70
263.295000,276,68
263.300000,280,72
263.305000,279,71
263.310000,277,69
263.315000,279,70
263.320000,278,69
263.325000,280,70
263.330000,282,72
263.335000,280,70
263.340000,280,70
263.345000,280,69
263.350000,281,70
263.355000,281,70
263.360000,282,71
263.365000,278,67
263.370000,280,69
263.375000,282,71
263.380000,281,70
263.385000,281,70
263.390000,281,70
263.395000,280,69
263.400000,279,68
263.405000,282,71
263.410000,281,70
263.415000,279,68
263.420000,283,72
263.425000,280,69
263.430000,281,71
263.435000,279,69
263.440000,277,66
263.445000,280,69
263.450000,279,68
263.455000,280,69
263.460000,279,68
263.465000,279,68
263.470000,278,67
263.475000,279,68
263.480000,280,69
263.485000,277,66
263.490000,278,67
263.495000,281,69
263.500000,280,68
263.505000,279,67
263.510000,280,69
263.515000,277,66
263.520000,277,66
263.525000,281,70
263.530000,281,70
263.535000,279,68
263.540000,279,68
263.545000,279,68
263.550000,279,68
263.555000,280,68
263.560000,280,68
263.565000,278,66
263.570000,282,70
263.575000,280,68
263.580000,281,69
263.585000,279,67
263.590000,279,67
263.595000,280,68
263.600000,280,68
263.605000,282,70
263.610000,280,69
263.615000,279,68
263.620000,281,70
263.625000,279,68
263.630000,281,70
263.635000,281,70
263.640000,276,66
263.645000,276,66
263.650000,279,69
263.655000,280,70
263.660000,280,71
263.665000,280,70
263.670000,278,68
263.675000,278,68
263.680000,281,70
263.685000,279,68
263.690000,281,70
263.695000,281,71
263.700000,278,68
263.705000,281,71
263.710000,280,70
263.715000,278,68
263.720000,282,71
263.725000,281,70
263.730000,282,71
263.735000,281,71
263.740000,280,70
263.745000,280,70
263.750000,281,71
263.755000,281,71
263.760000,278,69
263.765000,278,69
263.770000,280,71
263.775000,280,71
263.780000,279,70
263.785000,277,68
263.790000,275,66
263.795000,277,68
263.800000,280,71
263.805000,279,69
263.810000,279,69
263.815000,278,68
263.820000,278,68
263.825000,279,69
263.830000,281,71
263.835000,279,69
263.840000,279,69
263.845000,281,71
263.850000,278,68
263.855000,281,71
263.860000,277,67
263.865000,276,66
263.870000,286,76
263.875000,279,70
263.880000,278,69
263.885000,276,67
263.890000,277,68
263.895000,279,70
263.900000,280,71
263.905000,281,72
263.910000,277,68
263.915000,278,69
263.920000,276,67
263.925000,277,69
263.930000,279,71
263.935000,279,71
263.940000,278,70
263.945000,276,68
263.950000,278,69
263.955000,279,70
263.960000,277,68
263.965000,279,70
263.970000,277,68
263.975000,281,72
263.980000,279,70
263.985000,275,67
263.990000,277,69
263.995000,279,71
264.000000,275,67
264.005000,278,70
264.010000,277,69
264.015000,276,68
264.020000,279,71
264.025000,275,67
264.030000,278,70
264.035000,276,68
264.040000,272,64
264.045000,279,71
264.050000,276,68
264.055000,279,71
264.060000,278,70
264.065000,276,68
264.070000,274,66
264.075000,275,67
264.080000,280,72
264.085000,274,65
264.090000,277,68
264.095000,278,69
264.100000,277,68
264.105000,279,70
264.110000,275,65
264.115000,277,68
264.120000,277,68
264.125000,279,70
264.130000,276,67
264.135000,277,68
264.140000,277,68
264.145000,276,67
264.150000,281,72
264.155000,278,69
264.160000,274,65
264.165000,276,67
264.170000,276,67
264.175000,277,68
264.180000,280,71
264.185000,279,70
264.190000,274,65
264.195000,279,69
264.200000,278,68
264.205000,278,68
264.210000,276,66
264.215000,279,69
264.220000,280,70
264.225000,280,70
264.230000,276,66
264.235000,274,64
264.240000,278,68
264.245000,275,65
264.250000,277,67
264.255000,283,73
264.260000,277,67
264.265000,278,68
264.270000,275,65
264.275000,279,69
264.280000,276,66
264.285000,277,67
264.290000,276,67
264.295000,275,66
264.300000,278,69
264.305000,279,71
264.310000,274,65
264.315000,273,65
264.320000,274,66
264.325000,278,70
264.330000,278,70
264.335000,278,69
264.340000,273,64
264.345000,276,67
264.350000,277,68
264.355000,274,65
264.360000,277,68
264.365000,274,65
264.370000,275,65
264.375000,280,70
264.380000,278,68
264.385000,277,67
264.390000,275,65
264.395000,279,69
264.400000,276,66
264.405000,278,68
264.410000,275,65
264.415000,278,68
264.420000,279,69
264.425000,277,67
264.430000,277,67
264.435000,276,66
264.440000,279,69
264.445000,276,66
264.450000,278,68
264.455000,277,68
264.460000,274,65
264.465000,278,69
264.470000,274,65
264.475000,278,69
264.480000,274,65
264.485000,277,69
264.490000,275,67
264.495000,275,67
264.500000,279,71
264.505000,277,69
264.510000,277,69
264.515000,275,67
264.520000,273,65
264.525000,277,69
264.530000,276,68
264.535000,277,69
264.540000,276,68
264.545000,276,68
264.550000,275,67
264.555000,278,70
264.560000,275,67
264.565000,276,68
264.570000,276,68
264.575000,279,71
264.580000,276,68
264.585000,277,69
264.590000,273,65
264.595000,276,67
264.600000,276,67
264.605000,279,71
264.610000,275,67
264.615000,277,69
264.620000,276,68
264.625000,278,70
264.630000,276,68
264.635000,275,67
264.640000,277,68
264.645000,277,68
264.650000,277,67
264.655000,278,68
264.660000,280,70
264.665000,277,67
264.670000,273,63
264.675000,280,70
264.680000,278,68
264.685000,278,68
264.690000,274,64
264.695000,279,69
264.700000,277,67
264.705000,276,67
264.710000,277,68
264.715000,278,68
264.720000,279,69
264.725000,279,69
264.730000,278,68
264.735000,277,67
264.740000,276,66
264.745000,279,69
264.750000,278,68
264.755000,278,68
264.760000,275,66
264.765000,278,69
264.770000,274,65
264.775000,276,67
264.780000,280,71
264.785000,276,67
264.790000,275,66
264.795000,276,67
264.800000,278,69
264.805000,276,67
264.810000,276,67
264.815000,275,66
264.820000,274,65
264.825000,278,69
264.830000,273,64
264.835000,276,68
264.840000,277,69
264.845000,275,67
264.850000,274,66
264.855000,276,68
264.860000,277,69
264.865000,275,66
264.870000,279,70
264.875000,276,67
264.880000,277,68
264.885000,278,69
264.890000,274,65
264.895000,279,69
264.900000,278,68
264.905000,279,69
264.910000,276,66
264.915000,278,69
264.920000,279,69
264.925000,278,68
264.930000,282,72
264.935000,277,67
264.940000,277,67
264.945000,279,69
264.950000,276,66
264.955000,281,71
264.960000,282,71
264.965000,279,67
264.970000,275,63
264.975000,279,67
264.980000,281,69
264.985000,280,68
264.990000,280,68
264.995000,278,66
265.000000,280,68
265.005000,280,67
265.010000,279,66
265.015000,282,69
265.020000,280,66
265.025000,280,66
265.030000,278,64
265.035000,283,69
265.040000,278,66
265.045000,279,67
265.050000,279,68
265.055000,278,67
265.060000,278,67
265.065000,278,67
265.070000,280,69
265.075000,277,66
265.080000,280,69
265.085000,278,67
265.090000,275,64
265.095000,282,70
265.100000,278,66
265.105000,281,69
265.110000,279,67
265.115000,277,65
265.120000,281,69
265.125000,280,68
265.130000,281,69
265.135000,278,66
265.140000,281,69
265.145000,280,68
265.150000,278,66
265.155000,280,68
265.160000,277,65
265.165000,281,69
265.170000,280,68
265.175000,279,67
265.180000,280,68
265.185000,282,69
265.190000,280,67
265.195000,279,66
265.200000,283,70
265.205000,281,68
265.210000,279,65
265.215000,283,68
265.220000,283,68
265.225000,281,66
265.230000,284,69
265.235000,284,70
265.240000,281,67
265.245000,282,68
265.250000,281,67
265.255000,285,71
265.260000,282,68
265.265000,282,68
265.270000,282,68
265.275000,284,70
265.280000,284,70
265.285000,283,68
265.290000,284,69
265.295000,280,65
265.300000,280,65
265.305000,290,75
265.310000,284,69
265.315000,282,68
265.320000,279,65
265.325000,282,68
265.330000,284,70
265.335000,283,69
265.340000,279,66
265.345000,280,67
265.350000,284,71
265.355000,282,69
265.360000,279,66
265.365000,281,68
265.370000,281,68
265.375000,282,69
265.380000,285,72
265.385000,281,68
265.390000,278,65
265.395000,283,70
265.400000,279,66
265.405000,284,70
265.410000,283,69
265.415000,281,67
265.420000,279,65
265.425000,282,67
265.430000,286,70
265.435000,283,67
265.440000,284,68
265.445000,283,67
265.450000,284,68
265.455000,287,71
265.460000,279,63
265.465000,282,67
265.470000,285,69
265.475000,283,67
265.480000,284,68
265.485000,281,65
265.490000,284,68
265.495000,284,68
265.500000,284,68
265.505000,285,69
265.510000,283,67
265.515000,284,68
265.520000,280,64
265.525000,286,70
265.530000,287,71
265.535000,282,66
265.540000,281,65
265.545000,282,66
265.550000,286,71
265.555000,285,70
265.560000,282,67
265.565000,278,64
265.570000,281,67
265.575000,284,70
265.580000,282,69
265.585000,281,68
265.590000,282,69
265.595000,281,68
265.600000,279,66
265.605000,283,70
265.610000,281,68
265.615000,282,69
265.620000,282,70
265.625000,282,70
265.630000,283,71
265.635000,280,68
265.640000,278,66
265.645000,281,69
265.650000,286,74
265.655000,281,71
265.660000,276,66
265.665000,279,69
265.670000,280,70
265.675000,282,72
265.680000,282,72
265.685000,278,69
265.690000,276,67
265.695000,280,71
265.700000,279,70
265.705000,281,72
265.710000,279,70
265.715000,277,68
265.720000,275,66
265.725000,281,72
265.730000,279,70
265.735000,279,70
265.740000,277,68
265.745000,278,69
265.750000,279,70
265.755000,282,73
265.760000,275,66
265.765000,279,70
265.770000,278,69
265.775000,279,70
265.780000,280,71
265.785000,280,71
265.790000,276,67
265.795000,277,69
265.800000,279,71
265.805000,281,73
265.810000,276,68
265.815000,279,71
265.820000,277,69
265.825000,281,73
265.830000,278,70
265.835000,279,71
265.840000,278,70
265.845000,275,68
265.850000,278,72
265.855000,279,73
265.860000,275,69
265.865000,275,69
265.870000,278,72
265.875000,281,75
265.880000,274,68
265.885000,276,70
265.890000,279,73
265.895000,279,73
265.900000,277,71
265.905000,281,74
265.910000,278,71
265.915000,279,72
265.920000,279,72
265.925000,281,74
265.930000,279,72
265.935000,277,70
265.940000,276,70
265.945000,281,75
265.950000,280,74
265.955000,284,77
265.960000,277,70
265.965000,277,70
265.970000,275,68
265.975000,284,77
265.980000,283,76
265.985000,277,70
265.990000,276,69
265.995000,281,74
266.000000,279,72
266.005000,283,75
266.010000,279,71
266.015000,280,72
266.020000,278,70
266.025000,283,75
266.030000,280,72
266.035000,281,73
266.040000,279,71
266.045000,280,72
266.050000,280,72
266.055000,282,74
266.060000,280,72
266.065000,279,71
266.070000,278,70
266.075000,281,73
266.080000,283,74
266.085000,282,73
266.090000,279,70
266.095000,282,73
266.100000,282,73
266.105000,282,73
266.110000,276,67
266.115000,285,76
266.120000,280,71
266.125000,282,73
266.130000,282,73
266.135000,278,70
266.140000,279,71
266.145000,282,72
266.150000,281,71
266.155000,285,75
266.160000,284,74
266.165000,281,71
266.170000,278,68
266.175000,283,73
266.180000,285,75
266.185000,284,74
266.190000,283,73
266.195000,279,69
266.200000,281,71
266.205000,285,75
266.210000,280,70
266.215000,283,72
266.220000,284,73
266.225000,283,72
266.230000,281,70
266.235000,280,69
266.240000,282,71
266.245000,281,70
266.250000,280,69
266.255000,280,69
266.260000,276,65
266.265000,280,69
266.270000,276,65
266.275000,277,67
266.280000,280,70
266.285000,277,67
266.290000,276,65
266.295000,278,67
266.300000,280,69
266.305000,282,71
266.310000,277,66
266.315000,279,67
266.320000,279,67
266.325000,283,71
266.330000,281,69
266.335000,278,66
266.340000,282,70
266.345000,279,67
266.350000,280,68
266.355000,283,70
266.360000,280,67
266.365000,284,71
266.370000,279,66
266.375000,280,67
266.380000,281,68
266.385000,280,67
266.390000,280,67
266.395000,281,68
266.400000,284,71
266.405000,282,69
266.410000,281,68
266.415000,282,69
266.420000,279,66
266.425000,282,69
266.430000,286,73
266.435000,280,66
266.440000,283,69
266.445000,283,69
266.450000,281,67
266.455000,285,71
266.460000,282,68
266.465000,283,69
266.470000,281,67
266.475000,284,70
266.480000,285,71
266.485000,281,67
266.490000,283,69
266.495000,281,67
266.500000,283,69
266.505000,286,72
266.510000,279,65
266.515000,283,69
266.520000,281,67
266.525000,281,67
266.530000,287,73
266.535000,280,66
266.540000,279,65
266.545000,283,68
266.550000,284,69
266.555000,284,69
266.560000,282,67
266.565000,283,68
266.570000,282,68
266.575000,283,69
266.580000,283,69
266.585000,281,67
266.590000,284,70
266.595000,282,68
266.600000,281,67
266.605000,288,74
266.610000,281,67
266.615000,281,67
266.620000,285,71
266.625000,285,70
266.630000,284,69
266.635000,282,68
266.640000,282,68
266.645000,283,69
266.650000,283,69
266.655000,285,71
266.660000,281,67
266.665000,285,71
266.670000,282,68
266.675000,281,67
266.680000,287,73
266.685000,281,68
266.690000,282,69
266.695000,281,68
266.700000,279,66
266.705000,283,70
266.710000,281,68
266.715000,281,68
266.720000,281,68
266.725000,285,73
266.730000,282,70
266.735000,276,64
266.740000,281,69
266.745000,284,71
266.750000,280,67
266.755000,285,71
266.760000,283,69
266.765000,283,70
266.770000,283,70
266.775000,281,68
266.780000,285,72
266.785000,280,68
266.790000,283,71
266.795000,283,71
266.800000,283,71
266.805000,285,73
266.810000,281,69
266.815000,282,70
266.820000,283,71
266.825000,282,70
266.830000,287,75
266.835000,278,66
266.840000,281,69
266.845000,283,71
266.850000,280,68
266.855000,284,72
266.860000,281,69
266.865000,282,70
266.870000,281,69
266.875000,281,69
266.880000,284,72
266.885000,281,69
266.890000,283,71
266.895000,278,66
266.900000,281,69
266.905000,285,73
266.910000,280,68
266.915000,280,68
266.920000,283,71
266.925000,280,68
266.930000,282,70
266.935000,282,70
266.940000,281,69
266.945000,280,68
266.950000,279,67
266.955000,284,72
266.960000,279,67
266.965000,284,72
266.970000,283,71
266.975000,277,65
266.980000,284,72
266.985000,280,69
266.990000,281,71
266.995000,286,76
267.000000,279,69
267.005000,284,74
267.010000,281,71
267.015000,279,69
267.020000,283,73
267.025000,285,75
267.030000,281,71
267.035000,276,67
267.040000,282,73
267.045000,282,73
267.050000,279,70
267.055000,280,72
267.060000,280,72
267.065000,277,69
267.070000,280,72
267.075000,282,74
267.080000,284,76
267.085000,283,75
267.090000,277,69
267.095000,279,71
267.100000,281,73
267.105000,284,76
267.110000,282,74
267.115000,282,73
267.120000,282,73
267.125000,280,71
267.130000,285,76
267.135000,280,71
267.140000,284,75
267.145000,284,75
267.150000,280,71
267.155000,282,73
267.160000,282,73
267.165000,282,73
267.170000,283,74
267.175000,281,72
267.180000,286,77
267.185000,281,72
267.190000,280,71
267.195000,283,74
267.200000,282,73
267.205000,284,75
267.210000,279,70
267.215000,280,71
267.220000,287,78
267.225000,281,72
267.230000,283,74
267.235000,282,73
267.240000,281,72
267.245000,282,73
267.250000,283,74
267.255000,282,73
267.260000,283,74
267.265000,281,73
267.270000,281,73
267.275000,279,71
267.280000,285,76
267.285000,282,73
267.290000,277,68
267.295000,281,72
267.300000,284,75
267.305000,283,74
267.310000,280,71
267.315000,278,68
267.320000,284,73
267.325000,282,71
267.330000,285,74
267.335000,279,68
267.340000,283,72
267.345000,282,71
267.350000,281,69
267.355000,286,73
267.360000,284,71
267.365000,278,65
267.370000,281,68
267.375000,283,70
267.380000,285,72
267.385000,280,67
267.390000,282,69
267.395000,280,67
267.400000,282,69
267.405000,281,68
267.410000,279,66
267.415000,284,71
267.420000,284,71
267.425000,279,66
267.430000,282,69
267.435000,278,65
267.440000,281,68
267.445000,285,72
267.450000,282,68
267.455000,282,68
267.460000,284,70
267.465000,279,64
267.470000,285,70
267.475000,284,71
267.480000,283,71
267.485000,279,67
267.490000,280,68
267.495000,289,77
267.500000,285,73
267.505000,283,71
267.510000,282,69
267.515000,280,67
267.520000,289,77
267.525000,284,72
267.530000,285,73
267.535000,285,73
267.540000,282,70
267.545000,285,73
267.550000,285,73
267.555000,286,73
267.560000,282,69
267.565000,286,74
267.570000,283,73
267.575000,280,70
267.580000,285,75
267.585000,281,71
267.590000,281,71
267.595000,285,75
267.600000,284,73
267.605000,280,69
267.610000,282,72
267.615000,281,71
267.620000,285,75
267.625000,284,74
267.630000,282,72
267.635000,281,71
267.640000,282,72
267.645000,282,72
267.650000,282,72
267.655000,285,75
267.660000,280,71
267.665000,278,69
267.670000,285,76
267.675000,281,72
267.680000,279,70
267.685000,281,72
267.690000,282,73
267.695000,286,77
267.700000,282,73
267.705000,280,71
267.710000,279,69
267.715000,284,74
267.720000,286,76
267.725000,280,70
267.730000,284,74
267.735000,282,72
267.740000,284,74
267.745000,284,73
267.750000,282,71
267.755000,281,70
267.760000,285,74
267.765000,283,72
267.770000,285,74
267.775000,287,76
267.780000,282,71
267.785000,279,68
267.790000,285,74
267.795000,284,73
267.800000,285,74
267.805000,285,74
267.810000,283,72
267.815000,281,70
267.820000,286,75
267.825000,283,72
267.830000,282,71
267.835000,285,74
267.840000,283,72
267.845000,288,77
267.850000,281,70
267.855000,282,70
267.860000,284,72
267.865000,285,73
267.870000,283,71
267.875000,283,70
267.880000,286,73
267.885000,282,69
267.890000,282,69
267.895000,286,73
267.900000,282,69
267.905000,284,71
267.910000,281,68
267.915000,284,71
267.920000,284,71
267.925000,285,71
267.930000,282,68
267.935000,280,66
267.940000,282,68
267.945000,285,71
267.950000,285,71
267.955000,281,67
267.960000,281,67
267.965000,284,70
267.970000,285,71
267.975000,282,68
267.980000,282,68
267.985000,286,71
267.990000,282,67
267.995000,283,68
268.000000,287,72
268.005000,284,69
268.010000,282,67
268.015000,285,69
268.020000,289,73
268.025000,285,69
268.030000,283,68
268.035000,282,67
268.040000,286,71
268.045000,292,77
268.050000,283,68
268.055000,285,70
268.060000,284,69
268.065000,286,70
268.070000,288,72
268.075000,288,71
268.080000,289,72
268.085000,285,68
268.090000,290,73
268.095000,288,72
268.100000,287,71
268.105000,287,72
268.110000,284,69
268.115000,286,71
268.120000,290,75
268.125000,288,73
268.130000,285,70
268.135000,285,70
268.140000,288,73
268.145000,289,74
268.150000,287,72
268.155000,284,69
268.160000,289,74
268.165000,287,72
268.170000,285,71
268.175000,285,71
268.180000,286,72
268.185000,286,72
268.190000,284,70
268.195000,291,77
268.200000,286,72
268.205000,285,71
268.210000,287,73
268.215000,283,69
268.220000,287,73
268.225000,291,77
268.230000,291,76
268.235000,283,68
268.240000,286,71
268.245000,288,73
268.250000,288,73
268.255000,290,75
268.260000,287,72
268.265000,288,73
268.270000,288,73
268.275000,287,72
268.280000,288,73
268.285000,288,73
268.290000,287,73
268.295000,289,74
268.300000,294,80
268.305000,286,72
268.310000,286,72
268.315000,288,74
268.320000,289,75
268.325000,292,78
268.330000,287,73
268.335000,287,73
268.340000,288,73
268.345000,292,78
268.350000,289,75
268.355000,287,73
268.360000,287,73
268.365000,288,74
268.370000,293,79
268.375000,289,75
268.380000,285,70
268.385000,285,70
268.390000,291,76
268.395000,290,75
268.400000,287,72
268.405000,290,75
268.410000,288,72
268.415000,286,70
268.420000,290,75
268.425000,289,74
268.430000,287,72
268.435000,288,73
268.440000,290,76
268.445000,289,78
268.450000,289,78
268.455000,286,75
268.460000,287,77
268.465000,289,79
268.470000,291,81
268.475000,290,79
268.480000,288,77
268.485000,285,75
268.490000,288,78
268.495000,292,82
268.500000,290,80
268.505000,287,77
268.510000,290,80
268.515000,287,76
268.520000,288,77
268.525000,296,85
268.530000,287,77
268.535000,288,78
268.540000,289,79
268.545000,289,79
268.550000,289,79
268.555000,290,80
268.560000,288,78
268.565000,287,77
268.570000,294,84
268.575000,287,77
268.580000,289,79
268.585000,291,80
268.590000,288,77
268.595000,293,82
268.600000,293,82
268.605000,288,77
268.610000,289,78
268.615000,294,83
268.620000,290,79
268.625000,290,79
268.630000,292,81
268.635000,289,78
268.640000,289,78
268.645000,293,82
268.650000,291,80
268.655000,289,78
268.660000,290,79
268.665000,290,79
268.670000,290,79
268.675000,293,82
268.680000,287,76
268.685000,290,79
268.690000,290,79
268.695000,289,77
268.700000,290,78
268.705000,290,78
268.710000,288,76
268.715000,288,76
268.720000,295,83
268.725000,288,76
268.730000,288,76
268.735000,293,81
268.740000,288,75
268.745000,293,80
268.750000,294,82
268.755000,289,77
268.760000,289,77
268.765000,292,80
268.770000,290,78
268.775000,293,81
268.780000,292,80
268.785000,286,74
268.790000,289,78
268.795000,295,84
268.800000,292,81
268.805000,290,79
268.810000,290,79
268.815000,291,80
268.820000,289,78
268.825000,295,83
268.830000,288,76
268.835000,292,80
268.840000,292,80
268.845000,289,77
268.850000,289,77
268.855000,295,83
268.860000,291,79
268.865000,289,77
268.870000,293,81
268.875000,292,80
268.880000,287,77
268.885000,291,81
268.890000,288,78
268.895000,294,84
268.900000,293,83
268.905000,287,77
268.910000,287,77
268.915000,292,83
268.920000,292,83
268.925000,292,83
268.930000,292,83
268.935000,288,79
268.940000,288,79
268.945000,291,82
268.950000,289,80
268.955000,294,85
268.960000,290,81
268.965000,289,81
268.970000,288,80
268.975000,294,86
268.980000,291,83
268.985000,290,82
268.990000,290,82
268.995000,291,83
269.000000,290,84
269.005000,291,85
269.010000,288,82
269.015000,290,84
269.020000,290,84
269.025000,290,84
269.030000,287,81
269.035000,294,88
269.040000,287,81
269.045000,292,86
269.050000,290,84
269.055000,287,81
269.060000,289,83
269.065000,290,84
269.070000,290,84
269.075000,292,86
269.080000,289,83
269.085000,287,81
269.090000,287,81
269.095000,292,85
269.100000,294,87
269.105000,294,87
269.110000,288,81
269.115000,288,81
269.120000,289,83
269.125000,292,86
269.130000,289,83
269.135000,288,82
269.140000,288,83
269.145000,290,85
269.150000,287,82
269.155000,286,81
269.160000,288,82
269.165000,289,83
269.170000,290,84
269.175000,289,83
269.180000,286,80
269.185000,290,83
269.190000,288,81
269.195000,291,84
269.200000,291,85
269.205000,287,81
269.210000,288,81
269.215000,288,81
269.220000,291,84
269.225000,293,86
269.230000,288,82
269.235000,288,82
269.240000,289,83
269.245000,291,85
269.250000,290,84
269.255000,289,83
269.260000,285,78
269.265000,288,81
269.270000,292,85
269.275000,289,82
269.280000,289,82
269.285000,290,83
269.290000,289,82
269.295000,288,81
269.300000,290,84
269.305000,290,84
269.310000,288,82
269.315000,289,83
269.320000,286,80
269.325000,289,83
269.330000,287,82
269.335000,287,82
269.340000,287,82
269.345000,290,85
269.350000,291,86
269.355000,287,82
269.360000,286,81
269.365000,288,83
269.370000,287,82
269.375000,292,87
269.380000,285,80
269.385000,289,84
269.390000,288,83
269.395000,290,85
269.400000,289,83
269.405000,289,83
269.410000,289,83
269.415000,286,81
269.420000,288,83
269.425000,293,88
269.430000,285,80
269.435000,288,83
269.440000,287,82
269.445000,290,85
269.450000,288,83
269.455000,289,85
269.460000,287,83
269.465000,289,85
269.470000,289,84
269.475000,290,85
269.480000,290,85
269.485000,287,82
269.490000,288,84
269.495000,289,85
269.500000,291,87
269.505000,286,82
269.510000,288,85
269.515000,287,84
269.520000,292,89
269.525000,290,87
269.530000,286,83
269.535000,286,82
269.540000,289,86
269.545000,290,87
269.550000,294,90
269.555000,290,87
269.560000,289,86
269.565000,287,84
269.570000,294,91
269.575000,290,87
269.580000,289,86
269.585000,293,90
269.590000,289,86
269.595000,291,88
269.600000,297,93
269.605000,289,85
269.610000,290,87
269.615000,290,87
269.620000,294,91
269.625000,293,90
269.630000,294,91
269.635000,288,85
269.640000,288,84
269.645000,294,90
269.650000,297,93
269.655000,291,87
269.660000,292,88
269.665000,289,85
269.670000,292,89
269.675000,301,98
269.680000,293,90
269.685000,289,86
269.690000,290,87
269.695000,292,89
269.700000,296,93
269.705000,294,91
269.710000,291,88
269.715000,290,87
269.720000,294,91
269.725000,295,92
269.730000,293,90
269.735000,293,90
269.740000,291,88
269.745000,291,88
269.750000,299,96
269.755000,293,90
269.760000,294,91
269.765000,290,87
269.770000,294,91
269.775000,296,93
269.780000,294,91
269.785000,290,87
269.790000,293,90
269.795000,294,91
269.800000,297,95
269.805000,293,91
269.810000,291,89
269.815000,292,90
269.820000,295,93
269.825000,296,94
269.830000,292,91
269.835000,289,88
269.840000,292,91
269.845000,295,94
269.850000,294,93
269.855000,293,92
269.860000,292,91
269.865000,288,87
269.870000,296,95
269.875000,297,97
269.880000,292,92
269.885000,292,92
269.890000,288,88
269.895000,290,91
269.900000,295,96
269.905000,288,89
269.910000,294,95
269.915000,291,92
269.920000,293,94
269.925000,293,94
269.930000,289,90
269.935000,288,88
269.940000,291,91
269.945000,296,95
269.950000,295,95
269.955000,288,88
269.960000,290,90
269.965000,288,88
269.970000,291,92
269.975000,294,95
269.980000,292,93
269.985000,288,89
269.990000,290,91
269.995000,292,93
270.000000,294,95
270.005000,290,91
270.010000,287,88
270.015000,290,91
270.020000,292,94
270.025000,290,92
270.030000,290,92
270.035000,292,94
270.040000,290,91
270.045000,289,90
270.050000,293,94
270.055000,287,88
270.060000,292,92
270.065000,291,91
270.070000,292,92
270.075000,292,92
270.080000,290,90
270.085000,291,91
270.090000,288,89
270.095000,292,93
270.100000,292,93
270.105000,286,87
270.110000,288,89
270.115000,290,91
270.120000,294,95
270.125000,293,94
270.130000,288,89
270.135000,286,87
270.140000,288,90
270.145000,289,91
270.150000,290,92
270.155000,291,93
270.160000,286,88
270.165000,287,89
270.170000,287,89
270.175000,289,91
270.180000,287,89
270.185000,287,89
270.190000,291,93
270.195000,288,90
270.200000,291,93
270.205000,287,88
270.210000,287,88
270.215000,289,90
270.220000,290,91
270.225000,291,92
270.230000,289,90
270.235000,289,89
270.240000,291,91
270.245000,292,92
270.250000,291,91
270.255000,287,87
270.260000,291,91
270.265000,289,89
270.270000,295,96
270.275000,293,93
270.280000,289,89
270.285000,285,85
270.290000,289,89
270.295000,294,94
270.300000,293,93
270.305000,295,95
270.310000,289,89
270.315000,289,89
270.320000,292,92
270.325000,291,91
270.330000,292,92
270.335000,290,90
270.340000,291,92
270.345000,290,91
270.350000,291,93
270.355000,288,90
270.360000,288,90
270.365000,293,95
270.370000,291,92
270.375000,292,93
270.380000,292,92
270.385000,290,90
270.390000,291,91
270.395000,295,96
270.400000,293,94
270.405000,288,89
270.410000,292,93
270.415000,292,93
270.420000,293,94
270.425000,294,95
270.430000,292,94
270.435000,289,91
270.440000,290,91
270.445000,294,95
270.450000,296,97
270.455000,292,93
270.460000,290,90
270.465000,292,92
270.470000,297,97
270.475000,292,92
270.480000,293,93
270.485000,295,94
270.490000,296,95
270.495000,293,91
270.500000,294,92
270.505000,294,92
270.510000,293,91
270.515000,298,97
270.520000,295,95
270.525000,290,90
270.530000,292,92
270.535000,293,92
270.540000,293,92
270.545000,296,95
270.550000,297,96
270.555000,292,91
270.560000,291,90
270.565000,292,91
270.570000,296,95
270.575000,297,96
270.580000,292,92
270.585000,291,91
270.590000,297,96
270.595000,294,93
270.600000,293,92
270.605000,297,96
270.610000,296,95
270.615000,292,91
270.620000,296,95
270.625000,294,94
270.630000,295,94
270.635000,296,94
270.640000,295,92
270.645000,296,93
270.650000,296,94
270.655000,297,94
270.660000,295,92
270.665000,299,96
270.670000,297,93
270.675000,296,92
270.680000,297,93
270.685000,294,90
270.690000,298,94
270.695000,300,96
270.700000,295,91
270.705000,293,89
270.710000,298,94
270.715000,299,93
270.720000,299,93
270.725000,300,94
270.730000,300,94
270.735000,293,87
270.740000,297,91
270.745000,298,92
270.750000,302,96
270.755000,297,91
270.760000,294,88
270.765000,297,91
270.770000,299,92
270.775000,298,91
270.780000,296,89
270.785000,299,92
270.790000,296,89
270.795000,299,92
270.800000,300,93
270.805000,295,88
270.810000,296,89
270.815000,298,91
270.820000,297,90
270.825000,296,89
270.830000,300,92
270.835000,296,88
270.840000,297,88
270.845000,301,92
270.850000,298,89
270.855000,297,88
270.860000,296,87
270.865000,295,86
270.870000,301,92
270.875000,299,91
270.880000,295,87
270.885000,295,87
270.890000,297,89
270.895000,296,88
270.900000,297,89
270.905000,298,90
270.910000,298,90
270.915000,297,89
270.920000,296,88
270.925000,296,87
270.930000,300,91
270.935000,299,90
270.940000,299,90
270.945000,295,86
270.950000,300,91
270.955000,297,88
270.960000,296,87
270.965000,299,90
270.970000,300,91
270.975000,297,88
270.980000,296,87
270.985000,295,86
270.990000,302,93
270.995000,301,92
271.000000,297,88
271.005000,295,85
271.010000,300,90
271.015000,299,89
271.020000,303,93
271.025000,302,93
271.030000,299,90
271.035000,294,85
271.040000,299,90
271.045000,301,92
271.050000,303,94
271.055000,298,89
271.060000,296,87
271.065000,297,88
271.070000,301,92
271.075000,299,90
271.080000,301,92
271.085000,294,85
271.090000,302,93
271.095000,296,88
271.100000,298,90
271.105000,297,89
271.110000,299,91
271.115000,301,92
271.120000,301,92
271.125000,297,88
271.130000,299,90
271.135000,297,88
271.140000,301,92
271.145000,301,92
271.150000,302,93
271.155000,294,85
271.160000,301,92
271.165000,299,89
271.170000,303,93
271.175000,298,88
271.180000,299,89
271.185000,301,91
271.190000,301,91
271.195000,300,90
271.200000,301,91
271.205000,299,89
271.210000,301,91
271.215000,298,88
271.220000,301,91
271.225000,300,90
271.230000,301,91
271.235000,303,93
271.240000,301,91
271.245000,297,87
271.250000,302,92
271.255000,298,88
271.260000,303,93
271.265000,302,92
271.270000,304,94
271.275000,296,86
271.280000,299,89
271.285000,302,91
271.290000,307,95
271.295000,302,89
271.300000,304,91
271.305000,301,88
271.310000,304,92
271.315000,303,91
271.320000,304,92
271.325000,300,88
271.330000,305,93
271.335000,298,86
271.340000,305,93
271.345000,303,91
271.350000,305,93
271.355000,300,88
271.360000,305,93
271.365000,300,88
271.370000,304,92
271.375000,301,89
271.380000,301,89
271.385000,300,88
271.390000,308,96
271.395000,301,89
271.400000,301,89
271.405000,299,87
271.410000,305,93
271.415000,301,90
271.420000,302,91
271.425000,298,87
271.430000,302,91
271.435000,300,89
271.440000,305,94
271.445000,299,88
271.450000,302,92
271.455000,294,84
271.460000,300,90
271.465000,302,93
271.470000,304,95
271.475000,297,88
271.480000,297,88
271.485000,294,86
271.490000,302,94
271.495000,296,88
271.500000,298,90
271.505000,296,88
271.510000,301,92
271.515000,298,88
271.520000,298,88
271.525000,295,85
271.530000,301,91
271.535000,298,88
271.540000,301,91
271.545000,299,89
271.550000,298,88
271.555000,294,84
271.560000,300,90
271.565000,302,92
271.570000,302,92
271.575000,294,84
271.580000,293,84
271.585000,298,89
271.590000,305,97
271.595000,293,85
271.600000,296,88
271.605000,294,86
271.610000,301,93
271.615000,298,90
271.620000,298,90
271.625000,294,86
271.630000,299,91
271.635000,294,86
271.640000,299,91
271.645000,295,87
271.650000,300,92
271.655000,291,83
271.660000,295,87
271.665000,297,89
271.670000,300,92
271.675000,293,85
271.680000,296,88
271.685000,295,87
271.690000,302,94
271.695000,293,85
271.700000,293,85
271.705000,294,86
271.710000,302,94
271.715000,297,89
271.720000,296,88
271.725000,290,82
271.730000,296,88
271.735000,296,88
271.740000,297,89
271.745000,296,89
271.750000,296,89
271.755000,289,82
271.760000,293,86
271.765000,295,88
271.770000,299,92
271.775000,292,85
271.780000,291,84
271.785000,294,88
271.790000,302,96
271.795000,291,85
271.800000,293,87
271.805000,295,89
271.810000,296,90
271.815000,294,89
271.820000,294,89
271.825000,295,90
271.830000,296,90
271.835000,293,87
271.840000,298,92
271.845000,295,89
271.850000,295,89
271.855000,295,89
271.860000,294,88
271.865000,298,92
271.870000,296,90
271.875000,293,87
271.880000,293,87
271.885000,295,89
271.890000,299,93
271.895000,293,87
271.900000,292,86
271.905000,296,90
271.910000,298,92
271.915000,298,90
271.920000,299,90
271.925000,298,89
271.930000,296,87
271.935000,295,86
271.940000,299,90
271.945000,305,96
271.950000,300,91
271.955000,295,86
271.960000,298,89
271.965000,298,89
271.970000,302,92
271.975000,294,84
271.980000,297,87
271.985000,301,91
271.990000,300,90
271.995000,296,86
272.000000,295,85
272.005000,296,86
272.010000,298,88
272.015000,302,92
272.020000,298,89
272.025000,296,87
272.030000,300,91
272.035000,296,87
272.040000,297,88
272.045000,299,90
272.050000,294,85
272.055000,293,84
272.060000,298,89
272.065000,304,95
272.070000,297,89
272.075000,294,86
272.080000,294,86
272.085000,298,90
272.090000,301,93
272.095000,297,89
272.100000,294,86
272.105000,301,93
272.110000,298,90
272.115000,299,91
272.120000,301,92
272.125000,294,86
272.130000,298,90
272.135000,299,90
272.140000,301,92
272.145000,300,91
272.150000,302,93
272.155000,296,87
272.160000,299,90
272.165000,302,93
272.170000,300,91
272.175000,297,88
272.180000,297,88
272.185000,302,93
272.190000,304,95
272.195000,300,91
272.200000,295,87
272.205000,297,89
272.210000,299,91
272.215000,297,89
272.220000,302,93
272.225000,296,87
272.230000,295,86
272.235000,295,86
272.240000,300,91
272.245000,297,88
272.250000,296,87
272.255000,299,89
272.260000,297,87
272.265000,299,89
272.270000,301,91
272.275000,294,85
272.280000,296,87
272.285000,298,89
272.290000,305,95
272.295000,298,88
272.300000,296,86
272.305000,297,87
272.310000,300,90
272.315000,302,92
272.320000,300,90
272.325000,297,88
272.330000,295,86
272.335000,296,87
272.340000,302,93
272.345000,300,92
272.350000,297,89
272.355000,296,88
272.360000,300,92
272.365000,300,92
272.370000,297,89
272.375000,294,86
272.380000,295,87
272.385000,303,95
272.390000,304,96
272.395000,296,88
272.400000,295,87
272.405000,295,87
272.410000,297,89
272.415000,298,91
272.420000,299,92
272.425000,294,87
272.430000,294,87
272.435000,294,87
272.440000,297,90
272.445000,297,90
272.450000,294,87
272.455000,293,86
272.460000,295,88
272.465000,297,90
272.470000,295,88
272.475000,293,86
272.480000,300,93
272.485000,293,86
272.490000,297,90
272.495000,295,88
272.500000,293,86
272.505000,298,91
272.510000,301,94
272.515000,297,90
272.520000,292,85
272.525000,296,89
272.530000,293,86
272.535000,294,87
272.540000,301,94
272.545000,296,90
272.550000,294,88
272.555000,291,85
272.560000,294,88
272.565000,299,93
272.570000,297,91
272.575000,292,86
272.580000,292,86
272.585000,295,89
272.590000,300,94
272.595000,293,87
272.600000,294,88
272.605000,291,85
272.610000,295,89
272.615000,297,91
272.620000,296,90
272.625000,292,86
272.630000,297,91
272.635000,293,88
272.640000,295,91
272.645000,294,90
272.650000,298,94
272.655000,292,88
272.660000,295,91
272.665000,298,94
272.670000,294,90
272.675000,291,88
272.680000,293,90
272.685000,295,91
272.690000,305,100
272.695000,293,88
272.700000,294,89
272.705000,293,88
272.710000,298,93
272.715000,301,96
272.720000,298,93
272.725000,295,90
272.730000,294,89
272.735000,295,90
272.740000,299,94
272.745000,297,92
272.750000,300,94
272.755000,295,89
272.760000,297,91
272.765000,300,94
272.770000,298,92
272.775000,296,90
272.780000,298,92
272.785000,300,94
272.790000,305,99
272.795000,296,90
272.800000,295,88
272.805000,298,91
272.810000,301,94
272.815000,300,93
272.820000,300,93
272.825000,298,91
272.830000,300,93
272.835000,295,88
272.840000,301,93
272.845000,297,89
272.850000,298,89
272.855000,297,88
272.860000,300,91
272.865000,301,92
272.870000,303,94
272.875000,296,87
272.880000,296,87
272.885000,299,90
272.890000,305,95
272.895000,298,88
272.900000,300,90
272.905000,298,88
272.910000,302,92
272.915000,302,92
272.920000,300,90
272.925000,299,89
272.930000,301,91
272.935000,296,86
272.940000,303,93
272.945000,301,91
272.950000,299,89
272.955000,295,85
272.960000,301,91
272.965000,300,90
272.970000,300,90
272.975000,295,85
272.980000,298,88
272.985000,299,89
272.990000,308,98
272.995000,298,88
273.000000,295,85
273.005000,296,87
273.010000,301,93
273.015000,301,93
273.020000,301,93
273.025000,300,91
273.030000,299,90
273.035000,302,93
273.040000,305,96
273.045000,299,90
273.050000,302,93
273.055000,296,88
273.060000,302,94
273.065000,303,95
273.070000,302,93
273.075000,296,88
273.080000,302,94
273.085000,303,95
273.090000,301,93
273.095000,298,90
273.100000,300,92
273.105000,297,90
273.110000,305,98
273.115000,296,89
273.120000,298,91
273.125000,300,93
273.130000,301,94
273.135000,299,92
273.140000,301,94
273.145000,298,91
273.150000,298,91
273.155000,300,92
273.160000,302,94
273.165000,302,94
273.170000,303,95
273.175000,297,89
273.180000,297,90
273.185000,301,94
273.190000,306,100
273.195000,300,94
273.200000,304,98
273.205000,301,95
273.210000,301,95
273.215000,300,94
273.220000,302,96
273.225000,303,97
273.230000,303,97
273.235000,302,96
273.240000,302,96
273.245000,301,95
273.250000,302,96
273.255000,299,93
273.260000,305,98
273.265000,305,98
273.270000,306,99
273.275000,303,96
273.280000,302,95
273.285000,301,95
273.290000,307,100
273.295000,304,97
273.300000,299,92
273.305000,307,100
273.310000,306,100
273.315000,303,97
273.320000,306,100
273.325000,300,94
273.330000,301,95
273.335000,304,98
273.340000,309,103
273.345000,308,102
273.350000,305,99
273.355000,299,93
273.360000,302,97
273.365000,308,103
273.370000,303,98
273.375000,301,96
273.380000,305,100
273.385000,302,98
273.390000,303,99
273.395000,303,98
273.400000,303,98
273.405000,301,96
273.410000,307,102
273.415000,304,99
273.420000,302,97
273.425000,304,99
273.430000,302,97
273.435000,305,100
273.440000,308,103
273.445000,304,99
273.450000,300,95
273.455000,302,97
273.460000,305,100
273.465000,305,100
273.470000,306,101
273.475000,298,93
273.480000,304,99
273.485000,306,101
273.490000,302,97
273.495000,299,94
273.500000,304,99
273.505000,302,97
273.510000,304,98
273.515000,307,102
273.520000,304,99
273.525000,301,94
273.530000,305,98
273.535000,301,94
273.540000,305,98
273.545000,306,99
273.550000,302,95
273.555000,303,96
273.560000,305,98
273.565000,303,96
273.570000,302,95
273.575000,304,97
273.580000,303,95
273.585000,304,96
273.590000,309,100
273.595000,301,92
273.600000,301,92
273.605000,301,92
273.610000,304,95
273.615000,302,93
273.620000,306,98
273.625000,302,94
273.630000,299,91
273.635000,299,91
273.640000,304,96
273.645000,307,99
273.650000,301,94
273.655000,298,91
273.660000,303,96
273.665000,303,96
273.670000,301,94
273.675000,301,94
273.680000,306,99
273.685000,305,98
273.690000,305,98
273.695000,303,97
273.700000,298,92
273.705000,302,96
273.710000,306,100
273.715000,304,98
273.720000,304,98
273.725000,303,97
273.730000,298,92
273.735000,301,95
273.740000,309,103
273.745000,304,98
273.750000,301,95
273.755000,299,93
273.760000,303,97
273.765000,310,103
273.770000,306,99
273.775000,297,90
273.780000,301,94
273.785000,307,100
273.790000,300,93
273.795000,305,98
273.800000,306,99
273.805000,300,93
273.810000,302,95
273.815000,303,98
273.820000,302,97
273.825000,303,98
273.830000,304,99
273.835000,300,95
273.840000,303,98
273.845000,302,97
273.850000,301,96
273.855000,305,100
273.860000,304,99
273.865000,302,97
273.870000,302,97
273.875000,299,94
273.880000,299,94
273.885000,305,100
273.890000,305,100
273.895000,299,94
273.900000,303,98
273.905000,300,94
273.910000,300,94
273.915000,300,95
273.920000,307,102
273.925000,303,98
273.930000,300,95
273.935000,300,95
273.940000,302,96
273.945000,303,98
273.950000,299,94
273.955000,300,95
273.960000,305,100
273.965000,301,97
273.970000,299,95
273.975000,296,92
273.980000,299,96
273.985000,294,91
273.990000,301,98
273.995000,299,96
274.000000,296,93
274.005000,300,97
274.010000,299,96
274.015000,293,91
274.020000,299,97
274.025000,299,98
274.030000,296,95
274.035000,297,96
274.040000,300,99
274.045000,295,94
274.050000,297,96
274.055000,296,95
274.060000,297,96
274.065000,298,97
274.070000,300,99
274.075000,296,95
274.080000,298,97
274.085000,297,96
274.090000,296,95
274.095000,297,96
274.100000,297,97
274.105000,292,93
274.110000,298,99
274.115000,297,98
274.120000,293,94
274.125000,294,95
274.130000,297,98
274.135000,294,95
274.140000,297,98
274.145000,298,99
274.150000,294,95
274.155000,291,92
274.160000,297,98
274.165000,298,99
274.170000,298,99
274.175000,296,97
274.180000,294,95
274.185000,295,96
274.190000,299,100
274.195000,296,97
274.200000,299,100
274.205000,292,94
274.210000,296,97
274.215000,298,98
274.220000,299,99
274.225000,292,92
274.230000,294,94
274.235000,298,98
274.240000,298,98
274.245000,296,96
274.250000,298,98
274.255000,295,94
274.260000,295,93
274.265000,296,95
274.270000,300,97
274.275000,300,97
274.280000,299,96
274.285000,296,93
274.290000,299,95
274.295000,298,94
274.300000,295,91
274.305000,297,93
274.310000,301,98
274.315000,297,94
274.320000,297,94
274.325000,295,92
274.330000,294,91
274.335000,295,92
274.340000,302,99
274.345000,297,94
274.350000,299,94
274.355000,296,91
274.360000,299,94
274.365000,298,93
274.370000,300,95
274.375000,299,94
274.380000,301,96
274.385000,298,93
274.390000,300,95
274.395000,298,93
274.400000,301,95
274.405000,297,91
274.410000,301,95
274.415000,301,94
274.420000,301,94
274.425000,298,91
274.430000,302,95
274.435000,296,89
274.440000,301,94
274.445000,300,93
274.450000,302,95
274.455000,299,92
274.460000,300,94
274.465000,298,92
274.470000,298,92
274.475000,296,90
274.480000,301,95
274.485000,296,90
274.490000,302,97
274.495000,297,92
274.500000,297,92
274.505000,295,90
274.510000,297,91
274.515000,301,94
274.520000,303,96
274.525000,296,89
274.530000,300,93
274.535000,299,91
274.540000,300,92
274.545000,298,90
274.550000,304,96
274.555000,296,88
274.560000,301,93
274.565000,301,92
274.570000,302,93
274.575000,297,88
274.580000,300,91
274.585000,299,90
274.590000,305,96
274.595000,301,92
274.600000,299,90
274.605000,298,90
274.610000,301,93
274.615000,298,90
274.620000,304,96
274.625000,300,92
274.630000,301,93
274.635000,298,90
274.640000,304,95
274.645000,298,89
274.650000,302,93
274.655000,304,95
274.660000,300,91
274.665000,301,92
274.670000,303,94
274.675000,300,91
274.680000,301,92
274.685000,300,91
274.690000,303,94
274.695000,301,92
274.700000,303,94
274.705000,302,93
274.710000,305,96
274.715000,301,92
274.720000,302,94
274.725000,300,92
274.730000,304,96
274.735000,303,95
274.740000,304,96
274.745000,301,93
274.750000,301,93
274.755000,301,92
274.760000,309,100
274.765000,300,91
274.770000,305,96
274.775000,303,94
274.780000,303,94
274.785000,303,93
274.790000,304,94
274.795000,303,93
274.800000,303,93
274.805000,303,93
274.810000,304,94
274.815000,304,95
274.820000,306,98
274.825000,301,92
274.830000,306,97
274.835000,305,96
274.840000,306,97
274.845000,307,97
274.850000,306,96
274.855000,303,93
274.860000,310,99
274.865000,306,95
274.870000,307,96
274.875000,308,96
274.880000,309,97
274.885000,308,96
274.890000,309,97
274.895000,305,93
274.900000,309,97
274.905000,307,95
274.910000,311,99
274.915000,307,95
274.920000,310,98
274.925000,306,94
274.930000,307,95
274.935000,310,98
274.940000,311,99
274.945000,308,96
274.950000,311,99
274.955000,309,97
274.960000,309,97
274.965000,307,95
274.970000,312,100
274.975000,307,95
274.980000,310,98
274.985000,309,98
274.990000,308,96
274.995000,309,97
275.000000,307,96
275.005000,306,95
275.010000,312,101
275.015000,309,98
275.020000,307,96
275.025000,306,95
275.030000,308,97
275.035000,307,96
275.040000,312,101
275.045000,308,97
275.050000,307,96
275.055000,306,95
275.060000,311,100
275.065000,307,96
275.070000,309,98
275.075000,308,98
275.080000,307,97
275.085000,309,99
275.090000,310,100
275.095000,307,97
275.100000,310,100
275.105000,306,96
275.110000,308,98
275.115000,308,98
275.120000,311,101
275.125000,305,95
275.130000,308,98
275.135000,307,97
275.140000,308,98
275.145000,310,99
275.150000,310,99
275.155000,305,95
275.160000,311,101
275.165000,306,96
275.170000,309,99
275.175000,306,95
275.180000,311,100
275.185000,309,98
275.190000,310,99
275.195000,310,99
275.200000,308,97
275.205000,306,95
275.210000,311,100
275.215000,309,98
275.220000,313,102
275.225000,311,99
275.230000,309,97
275.235000,309,97
275.240000,309,97
275.245000,310,98
275.250000,314,102
275.255000,308,96
275.260000,309,97
275.265000,307,96
275.270000,310,99
275.275000,308,97
275.280000,312,102
275.285000,309,98
275.290000,308,97
275.295000,307,96
275.300000,311,101
275.305000,307,97
275.310000,312,102
275.315000,310,102
275.320000,308,100
275.325000,307,99
275.330000,311,103
275.335000,312,103
275.340000,309,100
275.345000,309,100
275.350000,309,100
275.355000,310,100
275.360000,315,105
275.365000,308,98
275.370000,310,100
275.375000,310,100
275.380000,312,102
275.385000,308,98
275.390000,310,100
275.395000,308,98
275.400000,313,103
275.405000,311,101
275.410000,311,101
275.415000,308,98
275.420000,310,100
275.425000,309,99
275.430000,313,102
275.435000,312,101
275.440000,311,100
275.445000,311,100
275.450000,313,102
275.455000,310,99
275.460000,316,105
275.465000,309,98
275.470000,308,97
275.475000,311,99
275.480000,321,108
275.485000,312,99
275.490000,311,98
275.495000,310,97
275.500000,312,99
275.505000,313,99
275.510000,316,103
275.515000,312,99
275.520000,313,100
275.525000,312,99
275.530000,314,102
275.535000,312,100
275.540000,314,102
275.545000,310,98
275.550000,314,102
275.555000,315,103
275.560000,314,102
275.565000,314,102
275.570000,314,102
275.575000,311,99
275.580000,316,104
275.585000,315,103
275.590000,313,101
275.595000,314,102
275.600000,318,105
275.605000,316,103
275.610000,315,102
275.615000,313,100
275.620000,320,107
275.625000,317,104
275.630000,313,101
275.635000,314,102
275.640000,316,104
275.645000,315,103
275.650000,315,103
275.655000,317,105
275.660000,314,102
275.665000,312,100
275.670000,314,102
275.675000,316,104
275.680000,317,105
275.685000,313,100
275.690000,313,100
275.695000,313,100
275.700000,314,101
275.705000,314,101
275.710000,310,98
275.715000,312,100
275.720000,313,101
275.725000,313,101
275.730000,314,102
275.735000,310,98
275.740000,310,98
275.745000,311,99
275.750000,311,99
275.755000,314,102
275.760000,317,105
275.765000,310,98
275.770000,309,97
275.775000,310,98
275.780000,315,102
275.785000,314,101
275.790000,311,98
275.795000,313,100
275.800000,313,100
275.805000,311,98
275.810000,311,97
275.815000,312,98
275.820000,313,98
275.825000,312,97
275.830000,314,100
275.835000,313,99
275.840000,314,100
275.845000,312,98
275.850000,310,97
275.855000,311,98
275.860000,311,98
275.865000,317,103
275.870000,314,100
275.875000,309,95
275.880000,312,98
275.885000,311,97
275.890000,309,95
275.895000,312,98
275.900000,314,100
275.905000,312,98
275.910000,308,94
275.915000,309,95
275.920000,311,97
275.925000,316,102
275.930000,310,96
275.935000,314,99
275.940000,313,99
275.945000,306,92
275.950000,310,96
275.955000,314,100
275.960000,309,96
275.965000,310,96
275.970000,310,96
275.975000,311,97
275.980000,314,100
275.985000,310,96
275.990000,307,94
275.995000,310,97
276.000000,312,99
276.005000,313,100
276.010000,312,99
276.015000,310,97
276.020000,307,94
276.025000,310,97
276.030000,313,100
276.035000,309,95
276.040000,311,97
276.045000,308,94
276.050000,309,95
276.055000,310,96
276.060000,307,93
276.065000,307,92
276.070000,310,95
276.075000,314,98
276.080000,309,93
276.085000,310,94
276.090000,309,93
276.095000,307,91
276.100000,311,95
276.105000,312,96
276.110000,311,95
276.115000,311,95
276.120000,305,90
276.125000,306,91
276.130000,310,95
276.135000,309,94
276.140000,307,92
276.145000,307,92
276.150000,311,96
276.155000,306,91
276.160000,308,93
276.165000,310,95
276.170000,305,90
276.175000,307,92
276.180000,312,97
276.185000,310,95
276.190000,306,91
276.195000,307,92
276.200000,307,92
276.205000,311,96
276.210000,309,94
276.215000,311,96
276.220000,308,93
276.225000,310,95
276.230000,308,93
276.235000,308,93
276.240000,312,97
276.245000,309,94
276.250000,313,97
276.255000,313,97
276.260000,308,92
276.265000,310,94
276.270000,309,93
276.275000,310,94
276.280000,313,97
276.285000,315,99
276.290000,311,95
276.295000,308,92
276.300000,310,94
276.305000,310,94
276.310000,310,94
276.315000,311,95
276.320000,311,95
276.325000,317,101
276.330000,311,94
276.335000,310,93
276.340000,311,94
276.345000,311,94
276.350000,312,96
276.355000,312,96
276.360000,315,98
276.365000,307,90
276.370000,308,91
276.375000,314,97
276.380000,309,92
276.385000,310,93
276.390000,311,94
276.395000,311,94
276.400000,310,93
276.405000,309,92
276.410000,310,93
276.415000,315,98
276.420000,310,93
276.425000,310,93
276.430000,313,96
276.435000,313,96
276.440000,310,92
276.445000,309,91
276.450000,310,91
276.455000,308,89
276.460000,313,94
276.465000,316,97
276.470000,309,90
276.475000,312,93
276.480000,311,92
276.485000,310,91
276.490000,311,92
276.495000,312,93
276.500000,315,96
276.505000,312,93
276.510000,310,91
276.515000,311,92
276.520000,310,91
276.525000,312,93
276.530000,309,90
276.535000,317,98
276.540000,313,94
276.545000,309,90
276.550000,309,91
276.555000,311,93
276.560000,309,91
276.565000,316,98
276.570000,314,96
276.575000,311,93
276.580000,310,92
276.585000,310,92
276.590000,310,92
276.595000,311,93
276.600000,313,95
276.605000,312,94
276.610000,310,92
276.615000,312,94
276.620000,311,93
276.625000,313,95
276.630000,310,93
276.635000,311,93
276.640000,315,97
276.645000,312,94
276.650000,310,92
276.655000,312,94
276.660000,312,94
276.665000,310,92
276.670000,311,93
276.675000,316,98
276.680000,311,93
276.685000,312,94
276.690000,312,94
276.695000,310,92
276.700000,312,94
276.705000,312,94
276.710000,314,95
276.715000,315,96
276.720000,309,90
276.725000,312,93
276.730000,311,92
276.735000,310,92
276.740000,313,95
276.745000,315,97
276.750000,309,91
276.755000,308,90
276.760000,311,93
276.765000,312,94
276.770000,310,93
276.775000,314,97
276.780000,313,96
276.785000,310,93
276.790000,310,93
276.795000,311,94
276.800000,314,97
276.805000,308,91
276.810000,310,93
276.815000,312,95
276.820000,309,93
276.825000,311,95
276.830000,308,92
276.835000,306,90
276.840000,307,91
276.845000,308,92
276.850000,311,96
276.855000,310,95
276.860000,306,91
276.865000,307,92
276.870000,304,89
276.875000,305,90
276.880000,309,94
276.885000,312,97
276.890000,307,93
276.895000,306,92
276.900000,307,93
276.905000,307,93
276.910000,303,89
276.915000,310,96
276.920000,310,96
276.925000,310,96
276.930000,305,91
276.935000,303,89
276.940000,307,93
276.945000,306,92
276.950000,308,94
276.955000,312,98
276.960000,304,90
276.965000,304,90
276.970000,307,92
276.975000,311,96
276.980000,303,88
276.985000,305,90
276.990000,306,91
276.995000,305,90
277.000000,305,89
277.005000,304,87
277.010000,301,84
277.015000,307,90
277.020000,304,87
277.025000,308,91
277.030000,304,87
277.035000,309,91
277.040000,303,85
277.045000,305,87
277.050000,306,88
277.055000,308,90
277.060000,308,90
277.065000,310,91
277.070000,302,83
277.075000,310,91
277.080000,307,88
277.085000,305,86
277.090000,305,86
277.095000,313,94
277.100000,307,88
277.105000,307,88
277.110000,307,88
277.115000,305,86
277.120000,304,85
277.125000,309,90
277.130000,312,92
277.135000,309,89
277.140000,306,86
277.145000,306,86
277.150000,310,90
277.155000,307,87
277.160000,308,88
277.165000,313,93
277.170000,309,89
277.175000,307,87
277.180000,305,85
277.185000,309,89
277.190000,304,84
277.195000,309,89
277.200000,315,95
277.205000,310,90
277.210000,304,84
277.215000,307,87
277.220000,305,86
277.225000,311,92
277.230000,309,90
277.235000,308,89
277.240000,306,88
277.245000,309,92
277.250000,306,89
277.255000,307,90
277.260000,307,90
277.265000,308,91
277.270000,308,91
277.275000,312,95
277.280000,306,90
277.285000,303,87
277.290000,310,94
277.295000,304,88
277.300000,309,93
277.305000,311,95
277.310000,304,88
277.315000,301,85
277.320000,306,89
277.325000,309,92
277.330000,309,92
277.335000,307,90
277.340000,311,94
277.345000,305,88
277.350000,305,88
277.355000,306,89
277.360000,309,92
277.365000,307,89
277.370000,309,91
277.375000,312,95
277.380000,306,89
277.385000,305,87
277.390000,308,90
277.395000,309,91
277.400000,309,92
277.405000,308,91
277.410000,310,93
277.415000,308,91
277.420000,304,87
277.425000,303,86
277.430000,306,89
277.435000,307,90
277.440000,305,88
277.445000,310,93
277.450000,310,93
277.455000,304,87
277.460000,304,87
277.465000,306,89
277.470000,304,87
277.475000,312,95
277.480000,310,93
277.485000,305,88
277.490000,307,90
277.495000,305,89
277.500000,307,91
277.505000,306,90
277.510000,308,93
277.515000,308,93
277.520000,306,92
277.525000,303,89
277.530000,304,90
277.535000,304,90
277.540000,303,89
277.545000,304,90
277.550000,309,95
277.555000,306,92
277.560000,303,88
277.565000,304,88
277.570000,307,91
277.575000,304,88
277.580000,309,93
277.585000,308,92
277.590000,306,90
277.595000,305,89
277.600000,308,93
277.605000,304,89
277.610000,307,92
277.615000,307,93
277.620000,306,92
277.625000,307,93
277.630000,304,90
277.635000,301,87
277.640000,304,91
277.645000,306,93
277.650000,306,93
277.655000,309,96
277.660000,304,91
277.665000,302,89
277.670000,306,93
277.675000,305,93
277.680000,303,92
277.685000,305,94
277.690000,304,92
277.695000,303,91
277.700000,304,92
277.705000,306,93
277.710000,303,91
277.715000,307,95
277.720000,305,94
277.725000,306,96
277.730000,304,94
277.735000,302,93
277.740000,302,93
277.745000,304,95
277.750000,303,94
277.755000,306,97
277.760000,303,93
277.765000,301,92
277.770000,301,92
277.775000,307,99
277.780000,302,94
277.785000,304,95
277.790000,305,96
277.795000,303,95
277.800000,301,93
277.805000,302,94
277.810000,304,96
277.815000,305,97
277.820000,302,94
277.825000,307,98
277.830000,302,93
277.835000,300,91
277.840000,301,92
277.845000,303,94
277.850000,305,96
277.855000,306,97
277.860000,303,93
277.865000,304,94
277.870000,303,93
277.875000,308,98
277.880000,308,98
277.885000,307,97
277.890000,301,91
277.895000,304,94
277.900000,309,99
277.905000,304,94
277.910000,301,91
277.915000,304,94
277.920000,307,96
277.925000,311,100
277.930000,309,98
277.935000,307,96
277.940000,307,96
277.945000,307,96
277.950000,311,99
277.955000,309,97
277.960000,310,97
277.965000,309,96
277.970000,310,97
277.975000,313,101
277.980000,305,93
277.985000,309,97
277.990000,307,95
277.995000,311,99
278.000000,312,100
278.005000,309,97
278.010000,305,93
278.015000,308,96
278.020000,309,97
278.025000,316,104
278.030000,311,100
278.035000,309,98
278.040000,307,96
278.045000,308,97
278.050000,309,98
278.055000,312,101
278.060000,314,103
278.065000,312,101
278.070000,306,95
278.075000,307,95
278.080000,309,96
278.085000,308,95
278.090000,310,97
278.095000,314,101
278.100000,312,99
278.105000,310,97
278.110000,306,93
278.115000,308,95
278.120000,310,97
278.125000,311,98
278.130000,310,97
278.135000,311,98
278.140000,306,93
278.145000,308,95
278.150000,309,96
278.155000,308,95
278.160000,309,96
278.165000,308,95
278.170000,307,94
278.175000,315,102
278.180000,307,94
278.185000,304,92
278.190000,302,90
278.195000,308,96
278.200000,312,100
278.205000,309,97
278.210000,307,95
278.215000,303,90
278.220000,302,89
278.225000,308,95
278.230000,308,95
278.235000,309,96
278.240000,308,95
278.245000,307,94
278.250000,303,90
278.255000,307,94
278.260000,305,92
278.265000,308,95
278.270000,307,94
278.275000,306,94
278.280000,305,93
278.285000,306,94
278.290000,304,92
278.295000,307,95
278.300000,313,101
278.305000,307,95
278.310000,303,91
278.315000,306,94
278.320000,305,93
278.325000,304,92
278.330000,308,97
278.335000,305,94
278.340000,304,93
278.345000,308,97
278.350000,304,93
278.355000,303,92
278.360000,305,95
278.365000,303,93
278.370000,303,93
278.375000,309,99
278.380000,308,98
278.385000,304,95
278.390000,303,94
278.395000,300,91
278.400000,304,94
278.405000,307,96
278.410000,305,94
278.415000,304,93
278.420000,305,95
278.425000,304,95
278.430000,299,90
278.435000,305,96
278.440000,303,94
278.445000,302,93
278.450000,308,99
278.455000,308,99
278.460000,301,92
278.465000,300,92
278.470000,299,91
278.475000,304,96
278.480000,306,98
278.485000,304,96
278.490000,300,92
278.495000,304,96
278.500000,300,92
278.505000,302,94
278.510000,307,98
278.515000,307,98
278.520000,302,93
278.525000,305,96
278.530000,304,95
278.535000,304,94
278.540000,306,96
278.545000,304,94
278.550000,302,92
278.555000,307,97
278.560000,303,93
278.565000,301,90
278.570000,308,97
278.575000,305,94
278.580000,303,92
278.585000,306,95
278.590000,305,94
278.595000,302,91
278.600000,303,92
278.605000,302,90
278.610000,303,91
278.615000,306,94
278.620000,306,94
278.625000,304,92
278.630000,308,96
278.635000,304,92
278.640000,299,87
278.645000,306,94
278.650000,303,91
278.655000,307,95
278.660000,304,92
278.665000,304,92
278.670000,299,86
278.675000,305,92
278.680000,304,92
278.685000,305,94
278.690000,306,95
278.695000,305,94
278.700000,302,91
278.705000,304,94
278.710000,295,86
278.715000,302,93
278.720000,302,92
278.725000,303,93
278.730000,303,93
278.735000,301,91
278.740000,294,84
278.745000,297,87
278.750000,299,89
278.755000,306,96
278.760000,298,88
278.765000,302,92
278.770000,298,88
278.775000,297,88
278.780000,304,95
278.785000,301,92
278.790000,297,88
278.795000,300,91
278.800000,300,91
278.805000,305,96
278.810000,301,91
278.815000,301,91
278.820000,301,91
278.825000,301,91
278.830000,302,93
278.835000,301,92
278.840000,301,92
278.845000,298,89
278.850000,297,88
278.855000,300,91
278.860000,295,86
278.865000,297,88
278.870000,298,89
278.875000,300,91
278.880000,300,91
278.885000,297,88
278.890000,294,85
278.895000,301,92
278.900000,300,90
278.905000,302,92
278.910000,299,87
278.915000,301,89
278.920000,296,84
278.925000,301,89
278.930000,307,95
278.935000,302,90
278.940000,296,84
278.945000,300,88
278.950000,295,83
278.955000,304,92
278.960000,302,90
278.965000,302,90
278.970000,300,88
278.975000,299,87
278.980000,299,87
278.985000,301,89
278.990000,302,90
278.995000,303,91
279.000000,301,89
279.005000,303,90
279.010000,298,85
279.015000,300,87
279.020000,304,91
279.025000,300,87
279.030000,300,87
279.035000,301,89
279.040000,295,83
279.045000,300,88
279.050000,301,89
279.055000,299,87
279.060000,298,86
279.065000,300,89
279.070000,301,90
279.075000,301,90
279.080000,299,88
279.085000,297,87
279.090000,297,87
279.095000,302,92
279.100000,299,89
279.105000,302,92
279.110000,298,87
279.115000,301,90
279.120000,302,91
279.125000,298,87
279.130000,298,87
279.135000,300,89
279.140000,303,92
279.145000,300,89
279.150000,300,89
279.155000,301,89
279.160000,298,86
279.165000,298,86
279.170000,305,93
279.175000,304,92
279.180000,301,89
279.185000,301,90
279.190000,302,91
279.195000,300,89
279.200000,300,89
279.205000,307,96
279.210000,305,94
279.215000,301,90
279.220000,301,90
279.225000,300,89
279.230000,299,89
279.235000,299,89
279.240000,302,92
279.245000,305,95
279.250000,300,90
279.255000,300,90
279.260000,301,91
279.265000,300,90
279.270000,298,88
279.275000,299,89
279.280000,301,91
279.285000,300,90
279.290000,304,94
279.295000,301,91
279.300000,297,88
279.305000,299,90
279.310000,300,91
279.315000,302,93
279.320000,304,96
279.325000,303,95
279.330000,299,91
279.335000,295,88
279.340000,297,91
279.345000,303,97
279.350000,298,92
279.355000,299,93
279.360000,296,91
279.365000,297,93
279.370000,298,94
279.375000,295,91
279.380000,303,98
279.385000,299,94
279.390000,295,91
279.395000,296,92
279.400000,303,99
279.405000,296,92
279.410000,294,90
279.415000,304,99
279.420000,301,96
279.425000,296,91
279.430000,298,92
279.435000,299,91
279.440000,303,95
279.445000,302,93
279.450000,300,91
279.455000,299,90
279.460000,301,92
279.465000,304,94
279.470000,303,92
279.475000,303,92
279.480000,298,87
279.485000,301,91
279.490000,296,87
279.495000,299,90
279.500000,299,91
279.505000,299,91
279.510000,293,85
279.515000,295,87
279.520000,299,91
279.525000,297,89
279.530000,298,91
279.535000,297,90
279.540000,293,86
279.545000,296,89
279.550000,296,89
279.555000,299,92
279.560000,295,88
279.565000,299,92
279.570000,297,90
279.575000,294,87
279.580000,296,89
279.585000,296,89
279.590000,298,91
279.595000,301,94
279.600000,294,87
279.605000,296,89
279.610000,293,87
279.615000,295,89
279.620000,301,95
279.625000,299,93
279.630000,295,90
279.635000,297,92
279.640000,296,91
279.645000,295,90
279.650000,295,90
279.655000,297,92
279.660000,299,94
279.665000,298,93
279.670000,298,93
279.675000,296,91
279.680000,297,92
279.685000,292,88
279.690000,292,88
279.695000,296,92
279.700000,299,95
279.705000,304,100
279.710000,292,88
279.715000,292,88
279.720000,299,95
279.725000,295,91
279.730000,300,96
279.735000,296,92
279.740000,297,93
279.745000,296,92
279.750000,295,91
279.755000,297,93
279.760000,296,92
279.765000,299,94
279.770000,300,94
279.775000,298,92
279.780000,298,92
279.785000,300,94
279.790000,294,88
279.795000,298,92
279.800000,300,94
279.805000,302,96
279.810000,295,89
279.815000,298,92
279.820000,297,92
279.825000,297,92
279.830000,302,96
279.835000,298,92
279.840000,297,90
279.845000,301,94
279.850000,297,90
279.855000,298,91
279.860000,301,94
279.865000,300,93
279.870000,300,92
279.875000,298,90
279.880000,298,90
279.885000,299,91
279.890000,297,89
279.895000,296,88
279.900000,300,92
279.905000,300,92
279.910000,299,91
279.915000,302,94
279.920000,301,92
279.925000,299,90
279.930000,297,88
279.935000,299,90
279.940000,300,91
279.945000,303,95
279.950000,300,93
279.955000,299,92
279.960000,297,90
279.965000,297,90
279.970000,299,92
279.975000,303,96
279.980000,301,94
279.985000,300,93
279.990000,298,91
279.995000,295,88
280.000000,299,92
280.005000,302,94
280.010000,302,94
280.015000,300,92
280.020000,300,92
280.025000,300,92
280.030000,307,99
280.035000,299,91
280.040000,298,90
280.045000,305,97
280.050000,300,92
280.055000,302,94
280.060000,303,95
280.065000,304,96
280.070000,297,88
280.075000,300,92
280.080000,301,94
280.085000,297,90
280.090000,302,94
280.095000,304,96
280.100000,301,93
280.105000,301,93
280.110000,297,89
280.115000,304,96
280.120000,297,89
280.125000,303,96
280.130000,306,98
280.135000,299,91
280.140000,295,87
280.145000,298,90
280.150000,304,96
280.155000,305,96
280.160000,301,90
280.165000,301,90
280.170000,300,89
280.175000,298,87
280.180000,303,94
280.185000,305,96
280.190000,302,93
280.195000,300,91
280.200000,294,85
280.205000,305,96
280.210000,300,91
280.215000,302,93
280.220000,308,99
280.225000,303,94
280.230000,301,92
280.235000,300,91
280.240000,301,92
280.245000,299,91
280.250000,303,95
280.255000,307,99
280.260000,296,88
280.265000,302,95
280.270000,298,91
280.275000,300,93
280.280000,302,95
280.285000,303,96
280.290000,300,93
280.295000,298,91
280.300000,301,94
280.305000,307,100
280.310000,302,94
280.315000,298,90
280.320000,296,88
280.325000,303,94
280.330000,301,92
280.335000,301,93
280.340000,300,92
280.345000,300,92
280.350000,298,90
280.355000,303,94
280.360000,302,93
280.365000,299,90
280.370000,304,95
280.375000,307,98
280.380000,300,91
280.385000,301,92
280.390000,300,91
280.395000,301,92
280.400000,303,94
280.405000,307,98
280.410000,302,93
280.415000,301,92
280.420000,299,90
280.425000,303,94
280.430000,307,98
280.435000,302,93
280.440000,299,90
280.445000,302,93
280.450000,302,93
280.455000,303,94
280.460000,303,94
280.465000,307,97
280.470000,301,91
280.475000,304,94
280.480000,306,96
280.485000,303,93
280.490000,304,94
280.495000,303,94
280.500000,304,95
280.505000,305,96
280.510000,306,97
280.515000,301,92
280.520000,301,91
280.525000,302,92
280.530000,303,93
280.535000,308,98
280.540000,301,91
280.545000,300,90
280.550000,302,92
280.555000,303,93
280.560000,299,89
280.565000,303,93
280.570000,304,94
280.575000,304,94
280.580000,308,98
280.585000,302,92
280.590000,297,87
280.595000,301,91
280.600000,305,95
280.605000,307,97
280.610000,303,93
280.615000,304,95
280.620000,303,93
280.625000,303,93
280.630000,306,96
280.635000,305,95
280.640000,305,95
280.645000,305,95
280.650000,304,94
280.655000,304,94
280.660000,303,93
280.665000,306,95
280.670000,306,95
280.675000,304,93
280.680000,307,94
280.685000,308,95
280.690000,306,93
280.695000,304,92
280.700000,309,97
280.705000,308,96
280.710000,304,92
280.715000,303,91
280.720000,308,96
280.725000,305,93
280.730000,310,98
280.735000,305,93
280.740000,306,94
280.745000,304,92
280.750000,307,95
280.755000,309,97
280.760000,307,95
280.765000,303,91
280.770000,306,95
280.775000,304,93
280.780000,310,99
280.785000,306,95
280.790000,305,94
280.795000,303,92
280.800000,305,94
280.805000,305,95
280.810000,308,99
280.815000,306,97
280.820000,303,94
280.825000,303,94
280.830000,304,95
280.835000,303,94
280.840000,305,95
280.845000,309,98
280.850000,309,98
280.855000,305,95
280.860000,307,97
280.865000,304,94
280.870000,308,97
280.875000,308,97
280.880000,310,99
280.885000,306,96
280.890000,305,96
280.895000,306,97
280.900000,305,96
280.905000,308,99
280.910000,307,99
280.915000,303,96
280.920000,305,98
280.925000,303,97
280.930000,305,99
280.935000,307,100
280.940000,304,97
280.945000,303,96
280.950000,305,98
280.955000,304,97
280.960000,305,98
280.965000,306,99
280.970000,305,99
280.975000,303,97
280.980000,306,101
280.985000,302,97
280.990000,301,96
280.995000,301,96
281.000000,304,99
281.005000,305,100
281.010000,304,98
281.015000,302,96
281.020000,302,96
281.025000,303,98
281.030000,304,98
281.035000,302,96
281.040000,304,98
281.045000,302,96
281.050000,304,98
281.055000,305,99
281.060000,306,100
281.065000,301,95
281.070000,302,96
281.075000,301,95
281.080000,305,99
281.085000,303,97
281.090000,304,98
281.095000,304,98
281.100000,302,96
281.105000,304,98
281.110000,302,96
281.115000,305,99
281.120000,303,97
281.125000,302,96
281.130000,305,98
281.135000,303,96
281.140000,304,97
281.145000,305,98
281.150000,306,100
281.155000,301,95
281.160000,306,100
281.165000,301,94
281.170000,302,95
281.175000,311,104
281.180000,305,98
281.185000,302,95
281.190000,304,97
281.195000,304,97
281.200000,311,104
281.205000,308,101
281.210000,306,99
281.215000,305,98
281.220000,309,101
281.225000,309,101
281.230000,308,100
281.235000,311,103
281.240000,310,102
281.245000,306,98
281.250000,307,99
281.255000,312,104
281.260000,309,101
281.265000,307,99
281.270000,306,98
281.275000,305,96
281.280000,312,103
281.285000,307,98
281.290000,305,96
281.295000,310,100
281.300000,312,102
281.305000,310,100
281.310000,306,96
281.315000,308,98
281.320000,306,95
281.325000,311,100
281.330000,309,98
281.335000,307,96
281.340000,309,98
281.345000,304,93
281.350000,307,97
281.355000,310,100
281.360000,310,100
281.365000,308,98
281.370000,306,97
281.375000,304,95
281.380000,303,94
281.385000,310,101
281.390000,310,101
281.395000,305,96
281.400000,308,99
281.405000,302,93
281.410000,304,95
281.415000,305,95
281.420000,313,103
281.425000,307,97
281.430000,307,97
281.435000,304,94
281.440000,302,92
281.445000,308,98
281.450000,312,102
281.455000,307,97
281.460000,306,96
281.465000,304,94
281.470000,305,95
281.475000,308,98
281.480000,314,104
281.485000,306,96
281.490000,305,95
281.495000,302,93
281.500000,308,99
281.505000,309,100
281.510000,309,100
281.515000,305,96
281.520000,302,93
281.525000,307,98
281.530000,303,95
281.535000,308,100
281.540000,309,101
281.545000,307,99
281.550000,303,96
281.555000,302,95
281.560000,308,101
281.565000,305,98
281.570000,307,100
281.575000,308,101
281.580000,301,94
281.585000,305,98
281.590000,303,96
281.595000,306,99
281.600000,309,101
281.605000,306,98
281.610000,306,98
281.615000,305,97
281.620000,303,95
281.625000,308,100
281.630000,309,102
281.635000,310,104
281.640000,304,98
281.645000,302,96
281.650000,306,100
281.655000,304,98
281.660000,306,100
281.665000,309,103
281.670000,303,97
281.675000,302,97
281.680000,303,98
281.685000,304,99
281.690000,306,101
281.695000,303,98
281.700000,306,101
281.705000,300,95
281.710000,303,98
281.715000,307,102
281.720000,305,100
281.725000,306,101
281.730000,299,94
281.735000,305,100
281.740000,302,97
281.745000,304,99
281.750000,310,105
281.755000,306,101
281.760000,303,97
281.765000,302,96
281.770000,307,101
281.775000,310,104
281.780000,309,103
281.785000,307,101
281.790000,305,99
281.795000,302,96
281.800000,306,100
281.805000,311,105
281.810000,309,104
281.815000,307,102
281.820000,304,99
281.825000,305,100
281.830000,304,99
281.835000,309,104
281.840000,312,106
281.845000,305,99
281.850000,305,99
281.855000,307,101
281.860000,309,103
281.865000,309,103
281.870000,308,101
281.875000,310,104
281.880000,303,97
281.885000,306,100
281.890000,307,101
281.895000,308,102
281.900000,311,104
281.905000,306,98
281.910000,310,102
281.915000,308,100
281.920000,307,99
281.925000,311,103
281.930000,309,102
281.935000,310,103
281.940000,305,98
281.945000,309,101
281.950000,309,101
281.955000,308,100
281.960000,311,104
281.965000,307,100
281.970000,305,98
281.975000,306,99
281.980000,308,101
281.985000,310,103
281.990000,311,105
281.995000,306,101
282.000000,306,101
282.005000,303,98
282.010000,304,99
282.015000,309,104
282.020000,308,103
282.025000,306,101
282.030000,304,99
282.035000,305,100
282.040000,304,99
282.045000,303,98
282.050000,313,108
282.055000,303,98
282.060000,305,99
282.065000,303,97
282.070000,303,97
282.075000,307,101
282.080000,305,99
282.085000,306,100
282.090000,302,97
282.095000,302,97
282.100000,305,100
282.105000,302,97
282.110000,309,104
282.115000,301,96
282.120000,304,99
282.125000,300,95
282.130000,301,96
282.135000,309,104
282.140000,306,101
282.145000,301,96
282.150000,301,96
282.155000,299,95
282.160000,303,99
282.165000,304,100
282.170000,305,100
282.175000,299,93
282.180000,299,93
282.185000,302,94
282.190000,303,95
282.195000,305,97
282.200000,306,98
282.205000,299,91
282.210000,305,97
282.215000,300,92
282.220000,301,93
282.225000,307,100
282.230000,302,95
282.235000,300,93
282.240000,299,93
282.245000,298,92
282.250000,303,97
282.255000,300,94
282.260000,304,98
282.265000,297,91
282.270000,298,93
282.275000,298,93
282.280000,296,91
282.285000,302,97
282.290000,300,95
282.295000,298,93
282.300000,300,96
282.305000,296,92
282.310000,297,93
282.315000,298,94
282.320000,298,94
282.325000,295,91
282.330000,297,93
282.335000,298,94
282.340000,299,95
282.345000,298,94
282.350000,300,96
282.355000,298,94
282.360000,298,95
282.365000,297,94
282.370000,297,94
282.375000,297,95
282.380000,299,97
282.385000,295,93
282.390000,299,97
282.395000,293,91
282.400000,297,95
282.405000,299,97
282.410000,299,97
282.415000,296,94
282.420000,293,91
282.425000,294,93
282.430000,301,100
282.435000,297,96
282.440000,298,97
282.445000,292,91
282.450000,296,95
282.455000,296,95
282.460000,300,98
282.465000,295,93
282.470000,294,92
282.475000,291,89
282.480000,295,93
282.485000,293,90
282.490000,294,91
282.495000,294,91
282.500000,295,92
282.505000,291,88
282.510000,294,91
282.515000,294,91
282.520000,295,92
282.525000,292,89
282.530000,296,93
282.535000,292,89
282.540000,295,92
282.545000,292,89
282.550000,293,91
282.555000,295,93
282.560000,293,91
282.565000,292,91
282.570000,292,91
282.575000,290,89
282.580000,293,92
282.585000,293,92
282.590000,294,93
282.595000,293,91
282.600000,294,92
282.605000,295,91
282.610000,296,92
282.615000,297,93
282.620000,295,91
282.625000,294,89
282.630000,301,94
282.635000,299,92
282.640000,302,95
282.645000,296,89
282.650000,298,91
282.655000,296,89
282.660000,301,93
282.665000,300,92
282.670000,300,92
282.675000,301,93
282.680000,301,93
282.685000,299,91
282.690000,303,95
282.695000,296,88
282.700000,298,90
282.705000,301,93
282.710000,302,94
282.715000,301,92
282.720000,299,90
282.725000,296,87
282.730000,304,95
282.735000,304,95
282.740000,301,92
282.745000,298,89
282.750000,303,94
282.755000,298,89
282.760000,302,92
282.765000,303,93
282.770000,301,91
282.775000,302,92
282.780000,302,92
282.785000,301,91
282.790000,302,92
282.795000,300,90
282.800000,303,93
282.805000,302,91
282.810000,302,92
282.815000,297,87
282.820000,302,92
282.825000,301,91
282.830000,303,93
282.835000,303,93
282.840000,300,90
282.845000,296,86
282.850000,300,91
282.855000,303,94
282.860000,305,96
282.865000,297,88
282.870000,298,90
282.875000,294,87
282.880000,297,90
282.885000,302,95
282.890000,300,93
282.895000,295,88
282.900000,299,92
282.905000,296,89
282.910000,298,91
282.915000,297,90
282.920000,299,92
282.925000,299,92
282.930000,297,90
282.935000,297,90
282.940000,298,91
282.945000,299,92
282.950000,299,92
282.955000,295,88
282.960000,300,93
282.965000,294,87
282.970000,299,92
282.975000,299,92
282.980000,300,93
282.985000,295,88
282.990000,297,90
282.995000,297,90
283.000000,297,90
283.005000,301,94
283.010000,299,92
283.015000,294,87
283.020000,295,88
283.025000,297,89
283.030000,302,94
283.035000,302,93
283.040000,299,90
283.045000,296,88
283.050000,298,90
283.055000,298,90
283.060000,302,94
283.065000,301,93
283.070000,295,88
283.075000,295,88
283.080000,301,94
283.085000,299,92
283.090000,297,90
283.095000,296,89
283.100000,297,90
283.105000,295,88
283.110000,300,93
283.115000,295,89
283.120000,294,88
283.125000,295,89
283.130000,296,90
283.135000,298,92
283.140000,296,90
283.145000,296,90
283.150000,297,91
283.155000,295,89
283.160000,297,91
283.165000,294,88
283.170000,295,89
283.175000,291,85
283.180000,297,91
283.185000,298,91
283.190000,293,86
283.195000,292,85
283.200000,295,88
283.205000,295,88
283.210000,296,89
283.215000,294,86
283.220000,298,90
283.225000,292,84
283.230000,293,85
283.235000,296,88
283.240000,295,88
283.245000,294,87
283.250000,295,88
283.255000,293,86
283.260000,297,90
283.265000,290,83
283.270000,295,88
283.275000,293,86
283.280000,296,89
283.285000,295,88
283.290000,293,86
283.295000,291,84
283.300000,293,86
283.305000,298,92
283.310000,297,91
283.315000,288,82
283.320000,296,90
283.325000,294,88
283.330000,295,89
283.335000,295,88
283.340000,294,87
283.345000,295,87
283.350000,299,91
283.355000,296,88
283.360000,298,90
283.365000,293,85
283.370000,296,88
283.375000,295,87
283.380000,299,91
283.385000,294,85
283.390000,296,87
283.395000,295,87
283.400000,295,87
283.405000,293,85
283.410000,297,89
283.415000,293,85
283.420000,295,87
283.425000,296,88
283.430000,299,91
283.435000,294,86
283.440000,292,84
283.445000,294,86
283.450000,298,90
283.455000,294,87
283.460000,297,90
283.465000,294,87
283.470000,294,87
283.475000,292,85
283.480000,295,89
283.485000,296,90
283.490000,294,88
283.495000,293,87
283.500000,295,89
283.505000,294,88
283.510000,297,91
283.515000,293,87
283.520000,296,90
283.525000,291,86
283.530000,295,91
283.535000,297,93
283.540000,289,85
283.545000,294,90
283.550000,294,90
283.555000,295,91
283.560000,295,90
283.565000,291,86
283.570000,295,90
283.575000,292,88
283.580000,296,92
283.585000,295,91
283.590000,293,89
283.595000,290,85
283.600000,293,87
283.605000,297,91
283.610000,296,92
283.615000,293,89
283.620000,293,89
283.625000,294,89
283.630000,296,91
283.635000,297,92
283.640000,297,92
283.645000,291,86
283.650000,294,89
283.655000,295,90
283.660000,300,94
283.665000,293,87
283.670000,297,92
283.675000,293,88
283.680000,297,92
283.685000,295,90
283.690000,293,88
283.695000,295,90
283.700000,295,90
283.705000,296,91
283.710000,298,93
283.715000,290,85
283.720000,295,90
283.725000,292,87
283.730000,301,96
283.735000,294,88
283.740000,294,88
283.745000,295,89
283.750000,295,89
283.755000,296,90
283.760000,297,91
283.765000,293,87
283.770000,297,91
283.775000,296,90
283.780000,304,98
283.785000,298,92
283.790000,294,87
283.795000,294,87
283.800000,298,91
283.805000,299,93
283.810000,302,96
283.815000,295,89
283.820000,294,88
283.825000,294,88
283.830000,296,90
283.835000,301,95
283.840000,295,90
283.845000,296,90
283.850000,298,91
283.855000,298,92
283.860000,297,91
283.865000,295,89
283.870000,300,94
283.875000,295,89
283.880000,299,93
283.885000,298,91
283.890000,295,88
283.895000,301,94
283.900000,298,91
283.905000,299,91
283.910000,296,88
283.915000,299,91
283.920000,300,93
283.925000,295,88
283.930000,300,93
283.935000,297,90
283.940000,296,89
283.945000,301,94
283.950000,297,90
283.955000,302,95
283.960000,297,90
283.965000,295,86
283.970000,302,93
283.975000,301,92
283.980000,299,90
283.985000,303,94
283.990000,303,94
283.995000,301,92
284.000000,299,89
284.005000,305,95
284.010000,305,95
284.015000,301,90
284.020000,304,93
284.025000,301,90
284.030000,307,96
284.035000,303,92
284.040000,299,88
284.045000,305,94
284.050000,304,93
284.055000,304,93
284.060000,303,93
284.065000,299,89
284.070000,303,93
284.075000,304,94
284.080000,304,94
284.085000,301,92
284.090000,302,93
284.095000,302,93
284.100000,299,91
284.105000,302,94
284.110000,306,98
284.115000,299,91
284.120000,299,91
284.125000,300,92
284.130000,308,100
284.135000,300,92
284.140000,295,87
284.145000,298,90
284.150000,303,95
284.155000,302,94
284.160000,301,93
284.165000,301,93
284.170000,302,94
284.175000,298,90
284.180000,300,92
284.185000,300,92
284.190000,303,95
284.195000,301,93
284.200000,298,90
284.205000,296,88
284.210000,301,94
284.215000,295,90
284.220000,299,94
284.225000,298,95
284.230000,298,95
284.235000,296,93
284.240000,293,90
284.245000,298,94
284.250000,303,99
284.255000,298,94
284.260000,294,91
284.265000,295,92
284.270000,301,98
284.275000,297,93
284.280000,293,90
284.285000,297,94
284.290000,295,92
284.295000,295,91
284.300000,299,95
284.305000,299,95
284.310000,299,95
284.315000,293,89
284.320000,295,91
284.325000,299,94
284.330000,295,90
284.335000,298,93
284.340000,297,92
284.345000,298,94
284.350000,292,88
284.355000,298,94
284.360000,296,92
284.365000,292,88
284.370000,302,98
284.375000,295,91
284.380000,294,90
284.385000,296,92
284.390000,291,87
284.395000,297,93
284.400000,297,93
284.405000,300,96
284.410000,301,97
284.415000,294,90
284.420000,293,89
284.425000,296,92
284.430000,300,96
284.435000,302,98
284.440000,294,90
284.445000,301,97
284.450000,292,88
284.455000,294,90
284.460000,303,99
284.465000,300,96
284.470000,297,93
284.475000,297,93
284.480000,294,90
284.485000,300,95
284.490000,300,96
284.495000,300,96
284.500000,297,93
284.505000,301,96
284.510000,300,95
284.515000,301,96
284.520000,301,96
284.525000,300,95
284.530000,302,97
284.535000,299,94
284.540000,296,91
284.545000,304,99
284.550000,302,97
284.555000,302,97
284.560000,298,93
284.565000,301,96
284.570000,299,94
284.575000,301,96
284.580000,306,100
284.585000,305,99
284.590000,297,91
284.595000,304,98
284.600000,304,98
284.605000,301,95
284.610000,308,102
284.615000,308,102
284.620000,307,100
284.625000,301,94
284.630000,301,94
284.635000,312,105
284.640000,306,99
284.645000,308,101
284.650000,304,97
284.655000,305,98
284.660000,303,97
284.665000,308,102
284.670000,306,102
284.675000,307,102
284.680000,301,96
284.685000,304,99
284.690000,303,98
284.695000,306,101
284.700000,301,96
284.705000,307,102
284.710000,304,99
284.715000,303,97
284.720000,302,96
284.725000,304,98
284.730000,303,97
284.735000,308,102
284.740000,305,99
284.745000,303,97
284.750000,300,94
284.755000,305,99
284.760000,306,100
284.765000,308,102
284.770000,301,95
284.775000,304,98
284.780000,302,96
284.785000,305,99
284.790000,306,100
284.795000,308,102
284.800000,301,95
284.805000,303,97
284.810000,306,100
284.815000,303,97
284.820000,301,95
284.825000,304,99
284.830000,304,99
284.835000,307,102
284.840000,300,95
284.845000,305,100
284.850000,301,96
284.855000,304,99
284.860000,303,98
284.865000,299,95
284.870000,301,98
284.875000,302,99
284.880000,304,101
284.885000,308,105
284.890000,301,98
284.895000,302,99
284.900000,298,95
284.905000,300,97
284.910000,302,99
284.915000,306,103
284.920000,302,100
284.925000,300,98
284.930000,301,99
284.935000,303,101
284.940000,300,98
284.945000,305,104
284.950000,298,96
284.955000,300,98
284.960000,298,96
284.965000,304,103
284.970000,305,103
284.975000,304,102
284.980000,299,97
284.985000,301,99
284.990000,302,100
284.995000,306,104
285.000000,305,103
285.005000,306,104
285.010000,300,98
285.015000,302,99
285.020000,305,102
285.025000,301,98
285.030000,302,99
285.035000,308,105
285.040000,301,98
285.045000,305,102
285.050000,301,98
285.055000,302,99
285.060000,304,101
285.065000,304,101
285.070000,304,101
285.075000,303,99
285.080000,304,99
285.085000,308,103
285.090000,309,104
285.095000,307,103
285.100000,300,96
285.105000,304,100
285.110000,302,98
285.115000,305,101
285.120000,305,101
285.125000,310,105
285.130000,303,98
285.135000,305,100
285.140000,302,97
285.145000,303,98
285.150000,302,97
285.155000,307,102
285.160000,305,100
285.165000,304,99
285.170000,301,96
285.175000,301,96
285.180000,304,99
285.185000,302,96
285.190000,305,99
285.195000,308,102
285.200000,298,92
285.205000,300,94
285.210000,304,98
285.215000,308,102
285.220000,301,96
285.225000,302,97
285.230000,301,96
285.235000,299,94
285.240000,302,96
285.245000,310,104
285.250000,296,90
285.255000,299,93
285.260000,301,95
285.265000,302,96
285.270000,305,99
285.275000,306,99
285.280000,298,91
285.285000,300,93
285.290000,302,95
285.295000,302,95
285.300000,303,97
285.305000,301,96
285.310000,297,92
285.315000,300,95
285.320000,301,96
285.325000,299,95
285.330000,303,99
285.335000,303,99
285.340000,297,93
285.345000,298,94
285.350000,303,99
285.355000,302,98
285.360000,301,97
285.365000,303,99
285.370000,300,96
285.375000,298,94
285.380000,300,96
285.385000,300,96
285.390000,303,98
285.395000,302,97
285.400000,303,98
285.405000,303,98
285.410000,299,94
285.415000,300,94
285.420000,303,97
285.425000,302,96
285.430000,301,95
285.435000,300,94
285.440000,304,97
285.445000,301,94
285.450000,301,94
285.455000,309,102
285.460000,302,95
285.465000,302,95
285.470000,303,96
285.475000,302,95
285.480000,305,97
285.485000,306,98
285.490000,305,98
285.495000,304,96
285.500000,301,93
285.505000,306,98
285.510000,306,99
285.515000,310,104
285.520000,302,95
285.525000,303,96
285.530000,306,99
285.535000,304,97
285.540000,309,102
285.545000,307,100
285.550000,302,95
285.555000,300,94
285.560000,307,101
285.565000,307,101
285.570000,307,101
285.575000,304,98
285.580000,305,99
285.585000,304,98
285.590000,306,100
285.595000,306,100
285.600000,304,98
285.605000,307,101
285.610000,303,97
285.615000,303,98
285.620000,300,95
285.625000,300,95
285.630000,307,102
285.635000,305,100
285.640000,302,97
285.645000,301,96
285.650000,304,99
285.655000,302,97
285.660000,305,101
285.665000,306,103
285.670000,299,96
285.675000,302,98
285.680000,307,103
285.685000,302,98
285.690000,305,101
285.695000,304,100
285.700000,303,99
285.705000,304,100
285.710000,303,99
285.715000,304,100
285.720000,306,102
285.725000,302,98
285.730000,302,98
285.735000,307,103
285.740000,304,100
285.745000,300,96
285.750000,305,101
285.755000,308,104
285.760000,303,99
285.765000,302,100
285.770000,301,99
285.775000,301,99
285.780000,302,100
285.785000,305,103
285.790000,303,101
285.795000,298,96
285.800000,301,99
285.805000,303,101
285.810000,306,103
285.815000,306,103
285.820000,300,97
285.825000,300,97
285.830000,305,102
285.835000,301,98
285.840000,307,104
285.845000,305,101
285.850000,301,97
285.855000,301,97
285.860000,303,99
285.865000,305,100
285.870000,301,96
285.875000,307,102
285.880000,302,97
285.885000,301,96
285.890000,306,101
285.895000,300,95
285.900000,302,97
285.905000,307,102
285.910000,304,99
285.915000,304,99
285.920000,299,94
285.925000,301,96
285.930000,308,103
285.935000,304,99
285.940000,303,98
285.945000,299,94
285.950000,302,97
285.955000,303,98
285.960000,303,98
285.965000,308,103
285.970000,301,96
285.975000,299,94
285.980000,306,101
285.985000,299,94
285.990000,307,102
285.995000,304,99
286.000000,305,100
286.005000,301,96
286.010000,301,96
286.015000,306,101
286.020000,302,97
286.025000,304,99
286.030000,307,102
286.035000,302,96
286.040000,306,100
286.045000,301,95
286.050000,306,100
286.055000,308,102
286.060000,306,99
286.065000,305,98
286.070000,306,99
286.075000,306,99
286.080000,304,97
286.085000,306,99
286.090000,309,102
286.095000,302,95
286.100000,307,100
286.105000,305,98
286.110000,301,96
286.115000,309,104
286.120000,304,99
286.125000,302,97
286.130000,306,101
286.135000,301,96
286.140000,306,101
286.145000,299,95
286.150000,300,96
286.155000,307,103
286.160000,303,99
286.165000,301,97
286.170000,297,93
286.175000,304,101
286.180000,301,98
286.185000,300,97
286.190000,307,103
286.195000,301,98
286.200000,300,97
286.205000,303,100
286.210000,306,102
286.215000,301,97
286.220000,300,96
286.225000,302,98
286.230000,303,98
286.235000,304,99
286.240000,306,101
286.245000,299,94
286.250000,299,95
286.255000,302,98
286.260000,303,99
286.265000,308,104
286.270000,299,95
286.275000,301,97
286.280000,302,98
286.285000,300,97
286.290000,301,98
286.295000,301,98
286.300000,302,100
286.305000,297,95
286.310000,296,94
286.315000,302,100
286.320000,294,92
286.325000,299,97
286.330000,300,98
286.335000,298,95
286.340000,303,101
286.345000,295,94
286.350000,296,95
286.355000,298,96
286.360000,298,95
286.365000,303,100
286.370000,296,93
286.375000,296,93
286.380000,299,96
286.385000,300,97
286.390000,301,98
286.395000,291,89
286.400000,299,97
286.405000,297,96
286.410000,295,94
286.415000,301,100
286.420000,295,94
286.425000,292,92
286.430000,292,92
286.435000,300,100
286.440000,300,100
286.445000,292,93
286.450000,294,94
286.455000,295,95
286.460000,295,95
286.465000,295,95
286.470000,293,93
286.475000,299,99
286.480000,297,97
286.485000,294,94
286.490000,297,97
286.495000,292,92
286.500000,293,93
286.505000,299,99
286.510000,298,98
286.515000,296,96
286.520000,292,92
286.525000,296,96
286.530000,292,93
286.535000,296,97
286.540000,299,100
286.545000,292,93
286.550000,292,94
286.555000,295,97
286.560000,297,97
286.565000,296,96
286.570000,294,94
286.575000,292,92
286.580000,296,96
286.585000,295,95
286.590000,295,96
286.595000,294,96
286.600000,293,95
286.605000,290,92
286.610000,296,97
286.615000,298,99
286.620000,292,93
286.625000,293,94
286.630000,294,95
286.635000,294,95
286.640000,296,97
286.645000,292,93
286.650000,292,93
286.655000,295,95
286.660000,297,97
286.665000,296,96
286.670000,291,91
286.675000,293,93
286.680000,295,94
286.685000,298,96
286.690000,298,96
286.695000,294,92
286.700000,296,94
286.705000,293,91
286.710000,296,94
286.715000,302,100
286.720000,296,94
286.725000,292,90
286.730000,294,92
286.735000,301,99
286.740000,296,94
286.745000,296,94
286.750000,296,93
286.755000,299,96
286.760000,300,96
286.765000,302,98
286.770000,294,90
286.775000,299,95
286.780000,300,96
286.785000,300,96
286.790000,300,96
286.795000,300,97
286.800000,296,93
286.805000,301,98
286.810000,301,98
286.815000,301,98
286.820000,297,94
286.825000,296,93
286.830000,296,93
286.835000,308,104
286.840000,303,99
286.845000,297,93
286.850000,296,92
286.855000,300,96
286.860000,302,98
286.865000,304,100
286.870000,301,97
286.875000,299,95
286.880000,296,92
286.885000,299,95
286.890000,301,98
286.895000,302,100
286.900000,301,99
286.905000,299,97
286.910000,299,97
286.915000,303,101
286.920000,296,93
286.925000,303,100
286.930000,302,99
286.935000,301,98
286.940000,301,99
286.945000,299,97
286.950000,299,97
286.955000,302,99
286.960000,303,100
286.965000,301,98
286.970000,296,93
286.975000,304,101
286.980000,302,98
286.985000,303,99
286.990000,304,100
286.995000,301,97
287.000000,299,95
287.005000,305,101
287.010000,300,94
287.015000,307,100
287.020000,303,96
287.025000,297,90
287.030000,304,98
287.035000,310,104
287.040000,304,98
287.045000,301,95
287.050000,298,92
287.055000,301,95
287.060000,306,100
287.065000,303,97
287.070000,301,95
287.075000,302,96
287.080000,301,96
287.085000,304,99
287.090000,299,94
287.095000,297,92
287.100000,303,98
287.105000,303,98
287.110000,303,98
287.115000,305,99
287.120000,295,90
287.125000,296,91
287.130000,298,92
287.135000,304,98
287.140000,304,98
287.145000,295,89
287.150000,297,91
287.155000,300,95
287.160000,298,93
287.165000,302,97
287.170000,301,95
287.175000,299,93
287.180000,298,92
287.185000,305,99
287.190000,303,97
287.195000,301,95
287.200000,303,97
287.205000,301,95
287.210000,300,94
287.215000,304,98
287.220000,298,92
287.225000,302,96
287.230000,305,99
287.235000,304,98
287.240000,304,97
287.245000,301,94
287.250000,302,95
287.255000,304,97
287.260000,304,97
287.265000,302,95
287.270000,299,92
287.275000,304,97
287.280000,306,99
287.285000,303,96
287.290000,302,95
287.295000,301,94
287.300000,303,96
287.305000,301,94
287.310000,307,100
287.315000,305,98
287.320000,303,95
287.325000,300,92
287.330000,300,91
287.335000,306,97
287.340000,307,98
287.345000,305,96
287.350000,303,94
287.355000,299,90
287.360000,304,95
287.365000,307,98
287.370000,302,93
287.375000,303,94
287.380000,303,94
287.385000,307,98
287.390000,305,96
287.395000,303,94
287.400000,302,93
287.405000,304,95
287.410000,306,97
287.415000,306,97
287.420000,302,92
287.425000,307,96
287.430000,306,95
287.435000,304,93
287.440000,305,94
287.445000,305,94
287.450000,305,94
287.455000,305,94
287.460000,307,95
287.465000,311,99
287.470000,303,91
287.475000,300,89
287.480000,308,95
287.485000,312,98
287.490000,311,97
287.495000,307,93
287.500000,308,93
287.505000,306,91
287.510000,308,93
287.515000,312,97
287.520000,308,93
287.525000,309,94
287.530000,310,94
287.535000,306,90
287.540000,316,100
287.545000,313,96
287.550000,308,91
287.555000,312,95
287.560000,312,95
287.565000,318,101
287.570000,310,93
287.575000,310,91
287.580000,311,92
287.585000,320,101
287.590000,319,100
287.595000,310,92
287.600000,313,95
287.605000,315,97
287.610000,313,95
287.615000,319,101
287.620000,317,98
287.625000,311,92
287.630000,314,95
287.635000,316,97
287.640000,318,99
287.645000,317,98
287.650000,316,98
287.655000,310,93
287.660000,311,94
287.665000,322,105
287.670000,311,94
287.675000,310,93
287.680000,316,97
287.685000,316,97
287.690000,317,98
287.695000,314,95
287.700000,314,95
287.705000,321,101
287.710000,318,98
287.715000,316,96
287.720000,313,93
287.725000,323,102
287.730000,314,93
287.735000,317,96
287.740000,322,101
287.745000,316,95
287.750000,313,91
287.755000,316,94
287.760000,318,96
287.765000,323,101
287.770000,318,96
287.775000,313,90
287.780000,317,94
287.785000,321,98
287.790000,320,97
287.795000,316,93
287.800000,317,94
287.805000,320,100
287.810000,316,96
287.815000,316,96
287.820000,314,94
287.825000,317,97
287.830000,313,93
287.835000,311,91
287.840000,320,100
287.845000,314,94
287.850000,310,89
287.855000,314,93
287.860000,315,94
287.865000,317,96
287.870000,311,90
287.875000,310,89
287.880000,316,94
287.885000,320,99
287.890000,317,96
287.895000,311,90
287.900000,313,92
287.905000,316,95
287.910000,313,92
287.915000,316,95
287.920000,316,95
287.925000,316,95
287.930000,314,92
287.935000,317,95
287.940000,315,93
287.945000,319,97
287.950000,317,95
287.955000,312,91
287.960000,313,92
287.965000,320,100
287.970000,312,92
287.975000,311,90
287.980000,319,98
287.985000,315,94
287.990000,317,97
287.995000,315,94
288.000000,311,90
288.005000,319,98
288.010000,320,99
288.015000,313,92
288.020000,313,92
288.025000,317,96
288.030000,315,94
288.035000,321,100
288.040000,319,98
288.045000,313,92
288.050000,313,92
288.055000,318,97
288.060000,315,94
288.065000,322,101
288.070000,317,96
288.075000,311,91
288.080000,315,95
288.085000,318,98
288.090000,318,97
288.095000,318,97
288.100000,316,95
288.105000,314,94
288.110000,315,95
288.115000,316,96
288.120000,316,96
288.125000,317,97
288.130000,316,96
288.135000,312,92
288.140000,315,95
288.145000,314,94
288.150000,314,94
288.155000,317,97
288.160000,317,97
288.165000,314,93
288.170000,312,91
288.175000,313,92
288.180000,315,94
288.185000,318,98
288.190000,316,96
288.195000,311,91
288.200000,314,94
288.205000,314,94
288.210000,313,93
288.215000,317,97
288.220000,315,95
288.225000,312,92
288.230000,312,92
288.235000,315,95
288.240000,317,97
288.245000,314,94
288.250000,314,94
288.255000,309,90
288.260000,316,97
288.265000,314,95
288.270000,313,94
288.275000,310,91
288.280000,311,92
288.285000,314,95
288.290000,312,93
288.295000,310,92
288.300000,312,94
288.305000,311,93
288.310000,312,94
288.315000,309,92
288.320000,309,92
288.325000,308,91
288.330000,309,92
288.335000,310,93
288.340000,310,92
288.345000,308,90
288.350000,308,90
288.355000,305,87
288.360000,310,92
288.365000,309,91
288.370000,310,92
288.375000,307,89
288.380000,309,91
288.385000,308,90
288.390000,310,92
288.395000,310,92
288.400000,310,92
288.405000,309,91
288.410000,309,91
288.415000,309,91
288.420000,308,90
288.425000,309,91
288.430000,310,92
288.435000,310,92
288.440000,311,93
288.445000,309,91
288.450000,306,88
288.455000,309,91
288.460000,312,94
288.465000,310,92
288.470000,310,92
288.475000,305,88
288.480000,307,90
288.485000,308,91
288.490000,311,94
288.495000,309,92
288.500000,307,90
288.505000,310,93
288.510000,308,91
288.515000,308,91
288.520000,310,93
288.525000,305,88
288.530000,309,92
288.535000,307,90
288.540000,311,94
288.545000,309,92
288.550000,308,91
288.555000,306,89
288.560000,307,90
288.565000,310,93
288.570000,307,90
288.575000,309,92
288.580000,311,94
288.585000,307,90
288.590000,308,90
288.595000,308,90
288.600000,308,90
288.605000,310,92
288.610000,312,94
288.615000,310,92
288.620000,310,92
288.625000,306,89
288.630000,308,91
288.635000,312,95
288.640000,311,94
288.645000,309,92
288.650000,311,94
288.655000,312,95
288.660000,307,90
288.665000,311,94
288.670000,314,96
288.675000,309,91
288.680000,314,96
288.685000,312,94
288.690000,309,91
288.695000,311,94
288.700000,313,96
288.705000,309,92
288.710000,310,93
288.715000,313,95
288.720000,313,95
288.725000,309,91
288.730000,309,91
288.735000,310,92
288.740000,312,94
288.745000,310,92
288.750000,310,92
288.755000,314,96
288.760000,313,95
288.765000,307,89
288.770000,309,91
288.775000,312,94
288.780000,310,92
288.785000,312,94
288.790000,313,95
288.795000,311,93
288.800000,311,93
288.805000,308,91
288.810000,308,91
288.815000,312,95
288.820000,314,96
288.825000,308,90
288.830000,312,95
288.835000,314,96
288.840000,310,91
288.845000,312,93
288.850000,313,94
288.855000,314,95
288.860000,313,94
288.865000,311,92
288.870000,310,91
288.875000,315,96
288.880000,313,94
288.885000,309,90
288.890000,313,94
288.895000,315,96
288.900000,310,92
288.905000,313,95
288.910000,312,94
288.915000,311,93
288.920000,311,93
288.925000,310,92
288.930000,309,91
288.935000,315,97
288.940000,313,95
288.945000,308,90
288.950000,313,94
288.955000,312,92
288.960000,311,91
288.965000,315,95
288.970000,315,95
288.975000,312,92
288.980000,316,96
288.985000,310,90
288.990000,308,88
288.995000,320,100
289.000000,315,95
289.005000,309,89
289.010000,313,93
289.015000,314,94
289.020000,309,89
289.025000,312,92
289.030000,317,97
289.035000,315,95
289.040000,312,92
289.045000,310,91
289.050000,308,89
289.055000,314,94
289.060000,314,94
289.065000,311,91
289.070000,311,91
289.075000,314,94
289.080000,309,89
289.085000,311,91
289.090000,316,96
289.095000,311,91
289.100000,311,91
289.105000,312,92
289.110000,308,88
289.115000,315,95
289.120000,314,94
289.125000,311,90
289.130000,310,89
289.135000,313,92
289.140000,308,87
289.145000,312,91
289.150000,310,90
289.155000,312,92
289.160000,307,87
289.165000,310,90
289.170000,308,88
289.175000,313,93
289.180000,313,92
289.185000,307,86
289.190000,310,89
289.195000,313,92
289.200000,307,86
289.205000,311,89
289.210000,316,94
289.215000,311,89
289.220000,312,90
289.225000,315,93
289.230000,308,86
289.235000,311,89
289.240000,314,92
289.245000,310,88
289.250000,312,90
289.255000,314,92
289.260000,306,84
289.265000,311,89
289.270000,313,91
289.275000,312,90
289.280000,312,90
289.285000,313,91
289.290000,307,85
289.295000,311,89
289.300000,315,93
289.305000,310,89
289.310000,310,89
289.315000,313,92
289.320000,309,88
289.325000,315,94
289.330000,312,91
289.335000,308,88
289.340000,311,91
289.345000,313,93
289.350000,311,91
289.355000,315,95
289.360000,311,93
289.365000,310,92
289.370000,310,92
289.375000,314,96
289.380000,308,90
289.385000,313,95
289.390000,313,95
289.395000,308,90
289.400000,310,93
289.405000,311,94
289.410000,308,91
289.415000,313,95
289.420000,313,95
289.425000,313,95
289.430000,310,92
289.435000,310,93
289.440000,309,92
289.445000,312,95
289.450000,316,99
289.455000,309,92
289.460000,310,93
289.465000,311,94
289.470000,307,92
289.475000,312,97
289.480000,309,95
289.485000,303,90
289.490000,311,98
289.495000,308,95
289.500000,304,91
289.505000,309,96
289.510000,309,96
289.515000,303,90
289.520000,311,98
289.525000,311,98
289.530000,305,92
289.535000,306,93
289.540000,311,98
289.545000,305,92
289.550000,312,98
289.555000,309,95
289.560000,304,90
289.565000,308,94
289.570000,315,101
289.575000,305,91
289.580000,307,93
289.585000,308,94
289.590000,306,92
289.595000,310,97
289.600000,314,101
289.605000,307,94
289.610000,308,95
289.615000,310,97
289.620000,309,96
289.625000,313,100
289.630000,313,99
289.635000,310,96
289.640000,309,95
289.645000,313,99
289.650000,310,97
289.655000,308,95
289.660000,309,96
289.665000,308,95
289.670000,313,100
289.675000,312,99
289.680000,307,94
289.685000,308,95
289.690000,311,98
289.695000,310,97
289.700000,312,99
289.705000,311,98
289.710000,307,95
289.715000,309,97
289.720000,312,100
289.725000,309,97
289.730000,310,98
289.735000,310,98
289.740000,308,96
289.745000,311,99
289.750000,314,102
289.755000,307,95
289.760000,307,95
289.765000,311,99
289.770000,312,100
289.775000,313,101
289.780000,311,99
289.785000,305,92
289.790000,309,96
289.795000,313,100
289.800000,311,98
289.805000,310,98
289.810000,310,98
289.815000,306,94
289.820000,309,97
289.825000,311,99
289.830000,308,96
289.835000,312,100
289.840000,307,95
289.845000,308,96
289.850000,309,97
289.855000,311,100
289.860000,304,93
289.865000,307,96
289.870000,312,101
289.875000,306,96
289.880000,308,98
289.885000,305,95
289.890000,305,95
289.895000,310,100
289.900000,309,100
289.905000,307,98
289.910000,303,94
289.915000,309,100
289.920000,307,98
289.925000,307,98
289.930000,307,98
289.935000,304,95
289.940000,306,97
289.945000,309,100
289.950000,307,98
289.955000,309,100
289.960000,303,94
289.965000,302,93
289.970000,308,99
289.975000,312,103
289.980000,305,96
289.985000,303,95
289.990000,307,98
289.995000,307,98
290.000000,305,96
290.005000,305,96
290.010000,306,97
290.015000,309,100
290.020000,308,99
290.025000,306,96
290.030000,308,98
290.035000,307,97
290.040000,305,95
290.045000,311,101
290.050000,309,99
290.055000,311,101
290.060000,302,92
290.065000,305,94
290.070000,309,98
290.075000,313,102
290.080000,313,102
290.085000,303,92
290.090000,307,96
290.095000,310,99
290.100000,307,96
290.105000,311,99
290.110000,309,97
290.115000,309,97
290.120000,310,98
290.125000,309,97
290.130000,310,98
290.135000,308,96
290.140000,310,98
290.145000,310,98
290.150000,311,99
290.155000,311,99
290.160000,306,94
290.165000,306,94
290.170000,311,99
290.175000,307,95
290.180000,308,96
290.185000,306,94
290.190000,308,96
290.195000,312,100
290.200000,310,99
290.205000,305,94
290.210000,306,95
290.215000,311,101
290.220000,311,101
290.225000,307,97
290.230000,313,103
290.235000,307,97
290.240000,305,95
290.245000,308,98
290.250000,311,101
290.255000,312,102
290.260000,306,97
290.265000,303,95
290.270000,308,100
290.275000,308,100
290.280000,305,97
290.285000,307,99
290.290000,309,101
290.295000,308,100
290.300000,305,97
290.305000,306,98
290.310000,305,97
290.315000,309,101
290.320000,309,101
290.325000,307,99
290.330000,309,101
290.335000,305,97
290.340000,304,96
290.345000,308,100
290.350000,310,102
290.355000,308,100
290.360000,304,96
290.365000,308,100
290.370000,307,99
290.375000,307,99
290.380000,308,100
290.385000,303,94
290.390000,309,100
290.395000,310,101
290.400000,306,97
290.405000,310,101
290.410000,306,96
290.415000,306,96
290.420000,308,98
290.425000,307,97
290.430000,309,99
290.435000,309,99
290.440000,308,98
290.445000,306,96
290.450000,309,99
290.455000,308,98
290.460000,304,94
290.465000,307,97
290.470000,312,102
290.475000,309,99
290.480000,307,97
290.485000,305,95
290.490000,306,96
290.495000,313,103
290.500000,306,97
290.505000,304,95
290.510000,308,99
290.515000,310,102
290.520000,305,96
290.525000,307,98
290.530000,311,101
290.535000,306,96
290.540000,307,97
290.545000,309,99
290.550000,307,98
290.555000,311,102
290.560000,306,97
290.565000,305,96
290.570000,309,100
290.575000,311,102
290.580000,306,97
290.585000,305,96
290.590000,310,101
290.595000,309,100
290.600000,307,98
290.605000,309,99
290.610000,307,97
290.615000,312,102
290.620000,307,98
290.625000,306,97
290.630000,311,102
290.635000,310,101
290.640000,305,96
290.645000,309,100
290.650000,311,102
290.655000,310,101
290.660000,304,95
290.665000,306,97
290.670000,311,102
290.675000,314,105
290.680000,308,99
290.685000,305,96
290.690000,309,100
290.695000,310,101
290.700000,308,99
290.705000,310,102
290.710000,309,101
290.715000,310,102
290.720000,310,103
290.725000,306,99
290.730000,307,100
290.735000,308,101
290.740000,309,102
290.745000,308,100
290.750000,310,102
290.755000,309,101
290.760000,307,99
290.765000,310,102
290.770000,311,103
290.775000,310,102
290.780000,309,101
290.785000,306,99
290.790000,311,103
290.795000,309,101
290.800000,308,100
290.805000,307,100
290.810000,306,99
290.815000,309,102
290.820000,309,102
290.825000,308,101
290.830000,310,103
290.835000,306,99
290.840000,307,98
290.845000,310,101
290.850000,311,102
290.855000,309,100
290.860000,308,99
290.865000,309,100
290.870000,311,102
290.875000,309,100
290.880000,309,100
290.885000,307,98
290.890000,310,101
290.895000,315,106
290.900000,308,99
290.905000,307,98
290.910000,308,99
290.915000,310,101
290.920000,310,102
290.925000,307,99
290.930000,313,105
290.935000,307,99
290.940000,304,96
290.945000,310,102
290.950000,309,101
290.955000,309,101
290.960000,306,99
290.965000,308,101
290.970000,308,101
290.975000,308,101
290.980000,305,98
290.985000,304,98
290.990000,309,103
290.995000,308,102
291.000000,309,103
291.005000,305,99
291.010000,303,97
291.015000,306,100
291.020000,308,102
291.025000,307,100
291.030000,305,98
291.035000,307,100
291.040000,309,102
291.045000,305,98
291.050000,306,100
291.055000,306,100
291.060000,303,97
291.065000,303,97
291.070000,309,104
291.075000,307,102
291.080000,303,98
291.085000,305,100
291.090000,306,101
291.095000,305,100
291.100000,309,106
291.105000,305,102
291.110000,300,97
291.115000,302,99
291.120000,301,98
291.125000,304,101
291.130000,307,104
291.135000,302,99
291.140000,301,98
291.145000,303,99
291.150000,303,99
291.155000,306,102
291.160000,303,98
291.165000,303,98
291.170000,301,96
291.175000,308,103
291.180000,303,97
291.185000,302,96
291.190000,306,99
291.195000,306,99
291.200000,305,98
291.205000,305,98
291.210000,303,96
291.215000,305,98
291.220000,304,97
291.225000,304,97
291.230000,308,101
291.235000,305,98
291.240000,303,95
291.245000,307,99
291.250000,309,100
291.255000,306,97
291.260000,304,95
291.265000,309,100
291.270000,306,97
291.275000,310,101
291.280000,311,102
291.285000,304,95
291.290000,306,97
291.295000,306,97
291.300000,311,102
291.305000,311,102
291.310000,308,99
291.315000,307,98
291.320000,304,95
291.325000,306,97
291.330000,307,98
291.335000,307,98
291.340000,309,100
291.345000,305,96
291.350000,308,99
291.355000,306,97
291.360000,304,96
291.365000,303,95
291.370000,306,98
291.375000,308,101
291.380000,305,98
291.385000,303,97
291.390000,302,96
291.395000,303,97
291.400000,305,99
291.405000,305,100
291.410000,303,98
291.415000,303,98
291.420000,303,98
291.425000,306,101
291.430000,305,100
291.435000,302,96
291.440000,302,99
291.445000,300,96
291.450000,304,100
291.455000,306,102
291.460000,303,99
291.465000,300,96
291.470000,299,95
291.475000,307,103
291.480000,305,101
291.485000,302,98
291.490000,302,98
291.495000,301,97
291.500000,302,98
291.505000,303,99
291.510000,306,102
291.515000,306,102
291.520000,301,97
291.525000,303,99
291.530000,306,102
291.535000,303,98
291.540000,306,101
291.545000,302,97
291.550000,308,104
291.555000,305,101
291.560000,305,101
291.565000,304,100
291.570000,307,103
291.575000,304,100
291.580000,307,103
291.585000,307,103
291.590000,307,103
291.595000,307,103
291.600000,304,100
291.605000,303,99
291.610000,306,102
291.615000,306,102
291.620000,308,104
291.625000,305,101
291.630000,310,106
291.635000,302,98
291.640000,300,97
291.645000,305,102
291.650000,310,107
291.655000,307,104
291.660000,303,100
291.665000,301,98
291.670000,307,104
291.675000,307,104
291.680000,304,101
291.685000,302,99
291.690000,307,104
291.695000,305,102
291.700000,307,104
291.705000,304,101
291.710000,303,100
291.715000,301,98
291.720000,305,102
291.725000,307,104
291.730000,307,104
291.735000,306,103
291.740000,300,97
291.745000,301,98
291.750000,310,105
291.755000,311,106
291.760000,306,101
291.765000,303,98
291.770000,309,104
291.775000,310,105
291.780000,308,103
291.785000,303,98
291.790000,305,100
291.795000,310,105
291.800000,307,102
291.805000,309,104
291.810000,308,103
291.815000,306,101
291.820000,304,99
291.825000,308,102
291.830000,314,107
291.835000,309,102
291.840000,305,99
291.845000,304,98
291.850000,305,99
291.855000,312,105
291.860000,308,101
291.865000,310,104
291.870000,309,103
291.875000,309,103
291.880000,310,104
291.885000,307,101
291.890000,310,105
291.895000,310,105
291.900000,309,104
291.905000,311,106
291.910000,313,108
291.915000,307,102
291.920000,308,103
291.925000,308,103
291.930000,311,106
291.935000,313,108
291.940000,307,103
291.945000,308,104
291.950000,308,104
291.955000,310,106
291.960000,308,104
291.965000,306,102
291.970000,311,107
291.975000,309,105
291.980000,311,106
291.985000,311,106
291.990000,305,100
291.995000,308,103
292.000000,310,105
292.005000,310,105
292.010000,313,108
292.015000,309,104
292.020000,307,102
292.025000,309,104
292.030000,310,105
292.035000,310,106
292.040000,307,103
292.045000,309,105
292.050000,311,107
292.055000,307,103
292.060000,310,107
292.065000,305,102
292.070000,312,109
292.075000,313,110
292.080000,310,107
292.085000,312,109
292.090000,306,104
292.095000,307,106
292.100000,309,108
292.105000,308,108
292.110000,312,112
292.115000,310,109
292.120000,309,108
292.125000,307,106
292.130000,309,108
292.135000,311,110
292.140000,306,105
292.145000,309,109
292.150000,312,112
292.155000,309,109
292.160000,312,112
292.165000,304,105
292.170000,306,108
292.175000,308,109
292.180000,308,109
292.185000,311,112
292.190000,307,109
292.195000,306,108
292.200000,307,109
292.205000,306,108
292.210000,308,110
292.215000,306,107
292.220000,309,110
292.225000,308,109
292.230000,307,109
292.235000,309,111
292.240000,305,107
292.245000,305,108
292.250000,309,112
292.255000,307,110
292.260000,310,112
292.265000,304,106
292.270000,306,108
292.275000,308,110
292.280000,309,111
292.285000,310,112
292.290000,306,108
292.295000,307,109
292.300000,308,110
292.305000,306,108
292.310000,311,113
292.315000,306,108
292.320000,308,110
292.325000,308,110
292.330000,307,109
292.335000,307,109
292.340000,306,108
292.345000,306,108
292.350000,307,110
292.355000,308,111
292.360000,309,112
292.365000,304,107
292.370000,308,111
292.375000,307,110
292.380000,306,109
292.385000,308,111
292.390000,305,108
292.395000,308,111
292.400000,308,111
292.405000,305,108
292.410000,308,111
292.415000,305,108
292.420000,307,110
292.425000,307,110
292.430000,308,111
292.435000,307,110
292.440000,305,107
292.445000,305,107
292.450000,309,111
292.455000,307,108
292.460000,311,112
292.465000,302,104
292.470000,303,106
292.475000,305,108
292.480000,305,108
292.485000,306,109
292.490000,304,108
292.495000,303,107
292.500000,304,108
292.505000,304,108
292.510000,305,109
292.515000,301,105
292.520000,308,112
292.525000,303,107
292.530000,305,109
292.535000,307,112
292.540000,302,107
292.545000,302,107
292.550000,306,111
292.555000,307,112
292.560000,304,109
292.565000,302,107
292.570000,304,109
292.575000,304,109
292.580000,308,113
292.585000,303,108
292.590000,302,107
292.595000,305,109
292.600000,307,112
292.605000,304,109
292.610000,306,111
292.615000,301,106
292.620000,303,108
292.625000,308,113
292.630000,305,110
292.635000,306,111
292.640000,306,111
292.645000,303,108
292.650000,305,111
292.655000,305,111
292.660000,306,113
292.665000,299,106
292.670000,307,114
292.675000,303,110
292.680000,303,110
292.685000,304,111
292.690000,300,107
292.695000,305,112
292.700000,306,113
292.705000,304,111
292.710000,303,110
292.715000,299,107
292.720000,303,111
292.725000,302,110
292.730000,305,113
292.735000,302,109
292.740000,302,109
292.745000,301,108
292.750000,303,110
292.755000,302,109
292.760000,303,110
292.765000,301,108
292.770000,302,109
292.775000,303,110
292.780000,303,110
292.785000,303,109
292.790000,302,108
292.795000,301,107
292.800000,304,110
292.805000,303,109
292.810000,304,110
292.815000,300,106
292.820000,302,108
292.825000,301,107
292.830000,301,107
292.835000,303,109
292.840000,300,106
292.845000,302,108
292.850000,305,111
292.855000,302,108
292.860000,302,108
292.865000,299,105
292.870000,303,109
292.875000,301,107
292.880000,304,110
292.885000,299,105
292.890000,297,103
292.895000,299,105
292.900000,300,107
292.905000,302,109
292.910000,301,108
292.915000,298,105
292.920000,298,105
292.925000,299,106
292.930000,298,106
292.935000,298,106
292.940000,299,107
292.945000,296,104
292.950000,301,109
292.955000,297,105
292.960000,297,106
292.965000,293,101
292.970000,298,107
292.975000,298,107
292.980000,294,103
292.985000,297,105
292.990000,294,102
292.995000,295,103
293.000000,300,108
293.005000,296,103
293.010000,300,106
293.015000,296,102
293.020000,300,107
293.025000,300,107
293.030000,299,106
293.035000,297,104
293.040000,296,103
293.045000,301,107
293.050000,299,105
293.055000,300,107
293.060000,300,107
293.065000,294,101
293.070000,297,104
293.075000,299,106
293.080000,300,107
293.085000,299,106
293.090000,298,106
293.095000,296,104
293.100000,294,103
293.105000,294,103
293.110000,300,109
293.115000,295,104
293.120000,296,105
293.125000,297,106
293.130000,296,105
293.135000,295,103
293.140000,292,100
293.145000,296,104
293.150000,301,109
293.155000,294,102
293.160000,298,106
293.165000,293,101
293.170000,296,104
293.175000,296,104
293.180000,296,104
293.185000,298,105
293.190000,292,99
293.195000,295,102
293.200000,296,103
293.205000,293,100
293.210000,299,105
293.215000,293,99
293.220000,296,101
293.225000,295,100
293.230000,299,104
293.235000,298,103
293.240000,295,100
293.245000,295,100
293.250000,297,102
293.255000,295,100
293.260000,297,102
293.265000,294,99
293.270000,299,104
293.275000,293,98
293.280000,293,98
293.285000,298,103
293.290000,299,104
293.295000,294,100
293.300000,298,104
293.305000,295,101
293.310000,295,101
293.315000,294,99
293.320000,298,103
293.325000,298,103
293.330000,299,104
293.335000,298,103
293.340000,293,98
293.345000,296,101
293.350000,297,102
293.355000,297,101
293.360000,299,103
293.365000,294,98
293.370000,298,102
293.375000,296,100
293.380000,297,102
293.385000,295,101
293.390000,294,100
293.395000,293,99
293.400000,293,99
293.405000,297,103
293.410000,298,105
293.415000,291,98
293.420000,294,101
293.425000,292,99
293.430000,294,101
293.435000,293,99
293.440000,294,100
293.445000,300,104
293.450000,298,102
293.455000,295,100
293.460000,294,99
293.465000,293,98
293.470000,296,101
293.475000,299,102
293.480000,301,104
293.485000,297,100
293.490000,293,96
293.495000,295,98
293.500000,298,101
293.505000,300,102
293.510000,301,103
293.515000,297,99
293.520000,296,98
293.525000,295,97
293.530000,299,101
293.535000,299,101
293.540000,297,99
293.545000,300,102
293.550000,298,100
293.555000,295,97
293.560000,298,100
293.565000,298,100
293.570000,300,102
293.575000,296,99
293.580000,296,99
293.585000,298,102
293.590000,294,97
293.595000,298,101
293.600000,299,102
293.605000,298,101
293.610000,294,96
293.615000,295,97
293.620000,301,103
293.625000,299,101
293.630000,299,101
293.635000,296,97
293.640000,293,95
293.645000,297,99
293.650000,297,99
293.655000,300,102
293.660000,297,98
293.665000,296,97
293.670000,294,95
293.675000,293,94
293.680000,298,99
293.685000,302,103
293.690000,299,99
293.695000,297,97
293.700000,294,94
293.705000,296,97
293.710000,298,99
293.715000,295,96
293.720000,300,101
293.725000,297,99
293.730000,294,96
293.735000,293,96
293.740000,294,97
293.745000,300,103
293.750000,295,99
293.755000,297,101
293.760000,295,99
293.765000,294,98
293.770000,297,100
293.775000,295,98
293.780000,299,102
293.785000,298,101
293.790000,295,98
293.795000,296,99
293.800000,295,98
293.805000,300,104
293.810000,298,102
293.815000,295,99
293.820000,294,98
293.825000,297,101
293.830000,300,104
293.835000,297,100
293.840000,296,99
293.845000,299,101
293.850000,294,98
293.855000,294,98
293.860000,299,103
293.865000,301,105
293.870000,298,102
293.875000,294,98
293.880000,295,99
293.885000,298,102
293.890000,296,100
293.895000,298,102
293.900000,299,103
293.905000,299,103
293.910000,295,99
293.915000,291,96
293.920000,296,101
293.925000,297,102
293.930000,301,106
293.935000,297,102
293.940000,290,95
293.945000,295,100
293.950000,294,99
293.955000,295,100
293.960000,295,100
293.965000,298,103
293.970000,296,101
293.975000,289,95
293.980000,294,100
293.985000,296,102
293.990000,296,102
293.995000,292,98
294.000000,292,98
294.005000,297,103
294.010000,295,101
294.015000,291,97
294.020000,295,101
294.025000,293,99
294.030000,294,100
294.035000,293,99
294.040000,296,102
294.045000,294,100
294.050000,296,101
294.055000,295,100
294.060000,292,97
294.065000,293,98
294.070000,299,104
294.075000,296,101
294.080000,296,101
294.085000,294,99
294.090000,294,99
294.095000,293,98
294.100000,294,99
294.105000,300,105
294.110000,300,105
294.115000,292,97
294.120000,292,97
294.125000,294,99
294.130000,298,103
294.135000,294,100
294.140000,298,104
294.145000,299,105
294.150000,294,102
294.155000,292,100
294.160000,294,102
294.165000,297,105
294.170000,298,106
294.175000,295,103
294.180000,294,102
294.185000,293,101
294.190000,296,104
294.195000,296,104
294.200000,295,103
294.205000,292,101
294.210000,297,106
294.215000,294,103
294.220000,294,103
294.225000,294,103
294.230000,295,104
294.235000,294,103
294.240000,291,100
294.245000,295,104
294.250000,298,107
294.255000,293,102
294.260000,294,103
294.265000,294,103
294.270000,296,105
294.275000,291,100
294.280000,295,104
294.285000,298,107
294.290000,295,104
294.295000,294,103
294.300000,291,99
294.305000,295,103
294.310000,295,103
294.315000,298,107
294.320000,297,106
294.325000,294,103
294.330000,292,101
294.335000,295,104
294.340000,297,105
294.345000,295,103
294.350000,296,104
294.355000,296,104
294.360000,294,102
294.365000,295,103
294.370000,295,103
294.375000,294,102
294.380000,295,103
294.385000,302,110
294.390000,293,101
294.395000,294,102
294.400000,295,103
294.405000,296,104
294.410000,296,104
294.415000,295,103
294.420000,294,102
294.425000,298,106
294.430000,293,102
294.435000,295,104
294.440000,293,102
294.445000,298,106
294.450000,291,99
294.455000,296,104
294.460000,301,109
294.465000,293,101
294.470000,294,102
294.475000,296,104
294.480000,294,102
294.485000,296,104
294.490000,295,104
294.495000,299,108
294.500000,293,102
294.505000,295,105
294.510000,294,104
294.515000,295,105
294.520000,295,105
294.525000,297,107
294.530000,298,108
294.535000,295,105
294.540000,292,103
294.545000,296,107
294.550000,293,105
294.555000,293,105
294.560000,298,109
294.565000,299,110
294.570000,290,102
294.575000,292,104
294.580000,297,108
294.585000,298,109
294.590000,294,105
294.595000,296,107
294.600000,297,108
294.605000,295,106
294.610000,294,105
294.615000,294,105
294.620000,297,108
294.625000,293,105
294.630000,293,105
294.635000,296,108
294.640000,295,107
294.645000,293,105
294.650000,291,103
294.655000,294,106
294.660000,294,106
294.665000,295,107
294.670000,295,107
294.675000,294,106
294.680000,294,106
294.685000,295,107
294.690000,293,105
294.695000,293,105
294.700000,297,108
294.705000,297,108
294.710000,298,109
294.715000,292,102
294.720000,296,106
294.725000,296,105
294.730000,296,105
294.735000,300,109
294.740000,299,108
294.745000,295,104
294.750000,295,104
294.755000,296,105
294.760000,299,107
294.765000,298,106
294.770000,299,107
294.775000,299,107
294.780000,295,103
294.785000,296,103
294.790000,298,105
294.795000,301,108
294.800000,297,104
294.805000,297,104
294.810000,298,105
294.815000,296,103
294.820000,298,105
294.825000,300,107
294.830000,299,106
294.835000,298,105
294.840000,298,105
294.845000,299,106
294.850000,299,105
294.855000,296,103
294.860000,298,106
294.865000,300,108
294.870000,296,104
294.875000,298,106
294.880000,302,110
294.885000,299,107
294.890000,295,103
294.895000,297,105
294.900000,298,106
294.905000,298,106
294.910000,299,107
294.915000,300,108
294.920000,297,105
294.925000,294,103
294.930000,297,106
294.935000,299,108
294.940000,298,107
294.945000,302,111
294.950000,297,106
294.955000,295,104
294.960000,299,108
294.965000,295,103
294.970000,298,106
294.975000,298,106
294.980000,299,107
294.985000,299,107
294.990000,292,100
294.995000,296,103
295.000000,297,104
295.005000,298,105
295.010000,300,107
295.015000,296,103
295.020000,299,106
295.025000,297,104
295.030000,295,102
295.035000,301,108
295.040000,298,105
295.045000,297,104
295.050000,297,104
295.055000,297,103
295.060000,300,106
295.065000,298,104
295.070000,300,105
295.075000,298,103
295.080000,298,102
295.085000,301,105
295.090000,299,103
295.095000,299,103
295.100000,299,103
295.105000,300,103
295.110000,302,105
295.115000,297,100
295.120000,301,104
295.125000,302,105
295.130000,299,102
295.135000,303,106
295.140000,299,102
295.145000,299,102
295.150000,299,102
295.155000,302,104
295.160000,307,110
295.165000,300,103
295.170000,298,101
295.175000,297,100
295.180000,302,105
295.185000,306,109
295.190000,302,105
295.195000,303,106
295.200000,299,102
295.205000,297,100
295.210000,303,106
295.215000,304,107
295.220000,304,106
295.225000,302,104
295.230000,302,104
295.235000,303,104
295.240000,302,103
295.245000,304,104
295.250000,305,105
295.255000,303,103
295.260000,306,105
295.265000,307,105
295.270000,307,105
295.275000,306,104
295.280000,306,104
295.285000,307,105
295.290000,305,103
295.295000,305,102
295.300000,307,104
295.305000,307,104
295.310000,306,103
295.315000,306,103
295.320000,306,103
295.325000,301,98
295.330000,303,100
295.335000,306,103
295.340000,307,104
295.345000,306,103
295.350000,302,99
295.355000,302,99
295.360000,304,101
295.365000,307,102
295.370000,309,103
295.375000,306,100
295.380000,305,99
295.385000,306,100
295.390000,305,99
295.395000,307,101
295.400000,308,102
295.405000,307,100
295.410000,306,99
295.415000,302,96
295.420000,306,100
295.425000,306,100
295.430000,304,98
295.435000,308,103
295.440000,305,100
295.445000,303,98
295.450000,301,96
295.455000,303,98
295.460000,308,103
295.465000,305,100
295.470000,307,102
295.475000,303,98
295.480000,300,95
295.485000,306,100
295.490000,307,101
295.495000,306,100
295.500000,304,98
295.505000,302,96
295.510000,306,100
295.515000,304,98
295.520000,303,97
295.525000,305,99
295.530000,303,97
295.535000,302,97
295.540000,304,99
295.545000,307,101
295.550000,302,96
295.555000,304,97
295.560000,305,98
295.565000,301,94
295.570000,302,95
295.575000,305,98
295.580000,305,98
295.585000,304,97
295.590000,302,95
295.595000,299,92
295.600000,300,93
295.605000,303,96
295.610000,306,99
295.615000,306,99
295.620000,301,94
295.625000,300,93
295.630000,301,94
295.635000,305,98
295.640000,302,95
295.645000,304,97
295.650000,305,98
295.655000,300,93
295.660000,301,94
295.665000,302,95
295.670000,302,96
295.675000,301,96
295.680000,302,97
295.685000,303,98
295.690000,299,94
295.695000,301,96
295.700000,301,96
295.705000,301,96
295.710000,302,97
295.715000,300,95
295.720000,302,97
295.725000,301,96
295.730000,302,97
295.735000,301,96
295.740000,299,94
295.745000,296,91
295.750000,299,93
295.755000,306,100
295.760000,302,96
295.765000,300,93
295.770000,299,92
295.775000,297,91
295.780000,297,91
295.785000,303,97
295.790000,307,101
295.795000,299,93
295.800000,297,91
295.805000,296,91
295.810000,297,92
295.815000,301,97
295.820000,303,98
295.825000,303,98
295.830000,299,93
295.835000,298,92
295.840000,297,91
295.845000,302,96
295.850000,301,95
295.855000,300,95
295.860000,304,99
295.865000,296,91
295.870000,296,91
295.875000,301,95
295.880000,302,96
295.885000,300,94
295.890000,301,95
295.895000,304,99
295.900000,295,90
295.905000,303,97
295.910000,302,96
295.915000,300,94
295.920000,300,95
295.925000,298,94
295.930000,303,99
295.935000,300,96
295.940000,300,96
295.945000,300,96
295.950000,296,92
295.955000,295,91
295.960000,300,95
295.965000,307,102
295.970000,300,95
295.975000,296,91
295.980000,300,94
295.985000,301,95
295.990000,296,90
295.995000,303,97
296.000000,303,97
296.005000,300,94
296.010000,299,93
296.015000,297,91
296.020000,299,93
296.025000,301,95
296.030000,303,97
296.035000,305,99
296.040000,297,91
296.045000,298,92
296.050000,294,89
296.055000,302,97
296.060000,301,96
296.065000,301,96
296.070000,302,97
296.075000,293,89
296.080000,297,93
296.085000,300,96
296.090000,298,94
296.095000,297,93
296.100000,298,95
296.105000,301,99
296.110000,293,92
296.115000,296,96
296.120000,296,96
296.125000,295,95
296.130000,296,96
296.135000,296,96
296.140000,298,98
296.145000,298,98
296.150000,295,95
296.155000,295,94
296.160000,295,94
296.165000,293,92
296.170000,295,94
296.175000,300,99
296.180000,296,95
296.185000,296,95
296.190000,293,92
296.195000,293,92
296.200000,290,89
296.205000,300,99
296.210000,301,100
296.215000,293,92
296.220000,294,93
296.225000,290,89
296.230000,294,93
296.235000,300,98
296.240000,297,95
296.245000,300,98
296.250000,293,91
296.255000,295,93
296.260000,295,93
296.265000,300,98
296.270000,296,94
296.275000,293,91
296.280000,302,100
296.285000,293,90
296.290000,294,91
296.295000,300,97
296.300000,296,93
296.305000,293,90
296.310000,297,94
296.315000,299,96
296.320000,294,91
296.325000,300,97
296.330000,296,93
296.335000,294,90
296.340000,296,92
296.345000,296,92
296.350000,299,96
296.355000,300,97
296.360000,294,91
296.365000,294,91
296.370000,297,94
296.375000,292,89
296.380000,296,94
296.385000,302,100
296.390000,296,94
296.395000,292,90
296.400000,295,92
296.405000,297,94
296.410000,297,94
296.415000,298,95
296.420000,301,98
296.425000,292,90
296.430000,296,94
296.435000,292,90
296.440000,296,94
296.445000,295,93
296.450000,297,95
296.455000,299,97
296.460000,293,91
296.465000,292,90
296.470000,296,93
296.475000,296,93
296.480000,297,94
296.485000,294,92
296.490000,300,98
296.495000,293,91
296.500000,294,93
296.505000,297,96
296.510000,297,96
296.515000,293,92
296.520000,294,93
296.525000,297,96
296.530000,297,96
296.535000,295,94
296.540000,294,93
296.545000,293,92
296.550000,295,94
296.555000,295,95
296.560000,297,97
296.565000,293,93
296.570000,295,95
296.575000,293,93
296.580000,293,93
296.585000,290,91
296.590000,295,96
296.595000,300,101
296.600000,293,94
296.605000,291,92
296.610000,292,93
296.615000,293,94
296.620000,290,91
296.625000,294,95
296.630000,299,100
296.635000,292,94
296.640000,292,94
296.645000,291,93
296.650000,293,95
296.655000,293,96
296.660000,296,99
296.665000,298,101
296.670000,294,98
296.675000,291,95
296.680000,292,96
296.685000,296,100
296.690000,293,97
296.695000,295,99
296.700000,296,101
296.705000,292,97
296.710000,292,97
296.715000,295,99
296.720000,296,99
296.725000,291,94
296.730000,299,102
296.735000,297,100
296.740000,293,96
296.745000,296,99
296.750000,295,98
296.755000,296,99
296.760000,293,96
296.765000,295,98
296.770000,300,103
296.775000,294,97
296.780000,295,98
296.785000,295,98
296.790000,293,96
296.795000,292,95
296.800000,299,102
296.805000,303,106
296.810000,293,96
296.815000,293,96
296.820000,296,99
296.825000,293,96
296.830000,297,99
296.835000,299,101
296.840000,297,100
296.845000,293,96
296.850000,296,99
296.855000,297,100
296.860000,295,98
296.865000,298,100
296.870000,297,99
296.875000,297,99
296.880000,298,100
296.885000,294,96
296.890000,296,97
296.895000,301,102
296.900000,295,96
296.905000,299,100
296.910000,300,101
296.915000,295,96
296.920000,298,98
296.925000,299,98
296.930000,300,99
296.935000,296,95
296.940000,299,98
296.945000,301,100
296.950000,297,96
296.955000,302,101
296.960000,298,97
296.965000,298,97
296.970000,298,97
296.975000,299,98
296.980000,301,100
296.985000,297,96
296.990000,298,97
296.995000,297,96
297.000000,299,98
297.005000,300,99
297.010000,297,96
297.015000,301,100
297.020000,296,95
297.025000,300,98
297.030000,301,99
297.035000,299,97
297.040000,297,95
297.045000,301,99
297.050000,301,99
297.055000,297,95
297.060000,301,99
297.065000,298,96
297.070000,297,95
297.075000,302,99
297.080000,303,100
297.085000,300,97
297.090000,300,97
297.095000,301,97
297.100000,304,100
297.105000,303,99
297.110000,296,93
297.115000,301,98
297.120000,304,102
297.125000,298,96
297.130000,302,99
297.135000,303,101
297.140000,300,98
297.145000,298,96
297.150000,303,101
297.155000,302,100
297.160000,298,96
297.165000,300,100
297.170000,299,99
297.175000,298,98
297.180000,301,101
297.185000,298,98
297.190000,301,101
297.195000,297,97
297.200000,301,101
297.205000,302,102
297.210000,297,97
297.215000,297,97
297.220000,302,102
297.225000,301,101
297.230000,298,98
297.235000,297,97
297.240000,301,101
297.245000,295,95
297.250000,295,96
297.255000,300,101
297.260000,297,98
297.265000,294,96
297.270000,295,97
297.275000,298,99
297.280000,298,98
297.285000,296,96
297.290000,298,98
297.295000,298,98
297.300000,297,97
297.305000,299,99
297.310000,298,98
297.315000,297,98
297.320000,295,96
297.325000,298,99
297.330000,300,101
297.335000,294,95
297.340000,297,99
297.345000,296,98
297.350000,296,98
297.355000,293,95
297.360000,300,100
297.365000,300,100
297.370000,295,95
297.375000,301,101
297.380000,302,101
297.385000,297,96
297.390000,301,100
297.395000,299,98
297.400000,303,102
297.405000,302,101
297.410000,299,98
297.415000,299,98
297.420000,299,98
297.425000,301,100
297.430000,301,100
297.435000,300,99
297.440000,300,99
297.445000,298,97
297.450000,299,98
297.455000,301,100
297.460000,297,96
297.465000,301,100
297.470000,299,98
297.475000,298,97
297.480000,299,98
297.485000,297,96
297.490000,297,96
297.495000,297,96
297.500000,303,102
297.505000,301,100
297.510000,295,94
297.515000,299,98
297.520000,294,94
297.525000,297,97
297.530000,297,97
297.535000,297,97
297.540000,302,102
297.545000,296,96
297.550000,292,93
297.555000,294,95
297.560000,295,96
297.565000,297,98
297.570000,296,97
297.575000,299,100
297.580000,296,98
297.585000,294,96
297.590000,295,97
297.595000,293,95
297.600000,299,101
297.605000,298,100
297.610000,294,96
297.615000,297,99
297.620000,294,96
297.625000,294,96
297.630000,294,96
297.635000,294,96
297.640000,296,98
297.645000,296,98
297.650000,297,98
297.655000,293,95
297.660000,296,99
297.665000,295,99
297.670000,292,96
297.675000,296,100
297.680000,298,102
297.685000,294,98
297.690000,293,96
297.695000,292,95
297.700000,297,100
297.705000,294,97
297.710000,293,96
297.715000,297,100
297.720000,295,98
297.725000,295,98
297.730000,292,95
297.735000,291,94
297.740000,296,99
297.745000,294,97
297.750000,297,100
297.755000,295,98
297.760000,291,95
297.765000,293,97
297.770000,291,95
297.775000,294,99
297.780000,294,98
297.785000,293,97
297.790000,292,97
297.795000,287,92
297.800000,292,97
297.805000,291,95
297.810000,289,93
297.815000,290,94
297.820000,292,96
297.825000,294,98
297.830000,289,93
297.835000,288,92
297.840000,289,93
297.845000,289,93
297.850000,291,95
297.855000,294,98
297.860000,288,92
297.865000,289,93
297.870000,288,92
297.875000,291,94
297.880000,290,93
297.885000,293,96
297.890000,291,94
297.895000,291,92
297.900000,292,93
297.905000,291,92
297.910000,286,87
297.915000,293,94
297.920000,289,91
297.925000,297,99
297.930000,296,98
297.935000,288,89
297.940000,291,92
297.945000,294,95
297.950000,292,93
297.955000,295,95
297.960000,294,94
297.965000,294,94
297.970000,292,92
297.975000,294,93
297.980000,291,90
297.985000,291,90
297.990000,295,95
297.995000,293,93
298.000000,293,93
298.005000,293,93
298.010000,289,89
298.015000,291,91
298.020000,293,93
298.025000,291,91
298.030000,293,93
298.035000,292,92
298.040000,293,93
298.045000,291,91
298.050000,292,92
298.055000,292,93
298.060000,289,90
298.065000,293,94
298.070000,294,95
298.075000,289,90
298.080000,291,91
298.085000,286,87
298.090000,288,89
298.095000,290,91
298.100000,294,95
298.105000,290,91
298.110000,287,88
298.115000,288,89
298.120000,287,88
298.125000,288,89
298.130000,289,89
298.135000,290,90
298.140000,291,90
298.145000,290,89
298.150000,286,85
298.155000,289,88
298.160000,292,90
298.165000,288,87
298.170000,293,91
298.175000,292,90
298.180000,292,90
298.185000,292,90
298.190000,290,89
298.195000,290,89
298.200000,293,92
298.205000,292,91
298.210000,293,91
298.215000,291,89
298.220000,293,91
298.225000,289,87
298.230000,291,89
298.235000,294,92
298.240000,291,89
298.245000,291,89
298.250000,291,89
298.255000,291,89
298.260000,290,88
298.265000,291,90
298.270000,290,89
298.275000,294,93
298.280000,291,90
298.285000,287,86
298.290000,290,90
298.295000,292,92
298.300000,294,94
298.305000,293,93
298.310000,290,90
298.315000,291,91
298.320000,291,90
298.325000,292,92
298.330000,289,89
298.335000,291,91
298.340000,291,91
298.345000,292,92
298.350000,290,90
298.355000,291,91
298.360000,290,90
298.365000,291,91
298.370000,290,90
298.375000,292,92
298.380000,294,94
298.385000,291,91
298.390000,288,88
298.395000,289,89
298.400000,290,90
298.405000,290,90
298.410000,288,88
298.415000,292,92
298.420000,293,93
298.425000,289,89
298.430000,287,87
298.435000,289,89
298.440000,291,91
298.445000,292,92
298.450000,291,91
298.455000,291,91
298.460000,288,88
298.465000,289,89
298.470000,287,87
298.475000,294,94
298.480000,295,94
298.485000,290,89
298.490000,290,89
298.495000,293,92
298.500000,289,88
298.505000,292,91
298.510000,288,87
298.515000,293,92
298.520000,291,90
298.525000,292,91
298.530000,288,87
298.535000,292,91
298.540000,289,89
298.545000,289,89
298.550000,291,91
298.555000,293,93
298.560000,287,87
298.565000,289,90
298.570000,290,90
298.575000,288,89
298.580000,290,91
298.585000,287,88
298.590000,289,90
298.595000,294,95
298.600000,288,89
298.605000,288,89
298.610000,286,87
298.615000,290,91
298.620000,289,90
298.625000,295,96
298.630000,287,88
298.635000,287,88
298.640000,288,89
298.645000,287,87
298.650000,290,90
298.655000,293,93
298.660000,286,86
298.665000,288,88
298.670000,287,87
298.675000,289,89
298.680000,288,88
298.685000,288,88
298.690000,286,86
298.695000,293,93
298.700000,287,87
298.705000,288,88
298.710000,287,87
298.715000,291,91
298.720000,287,87
298.725000,289,89
298.730000,288,88
298.735000,289,89
298.740000,286,86
298.745000,292,92
298.750000,289,89
298.755000,290,90
298.760000,289,89
298.765000,289,89
298.770000,290,89
298.775000,294,94
298.780000,287,88
298.785000,285,86
298.790000,285,86
298.795000,291,92
298.800000,291,92
298.805000,289,90
298.810000,283,85
298.815000,287,89
298.820000,286,89
298.825000,287,90
298.830000,286,89
298.835000,289,92
298.840000,285,88
298.845000,287,90
298.850000,288,90
298.855000,289,92
298.860000,287,90
298.865000,284,88
298.870000,285,89
298.875000,287,91
298.880000,287,91
298.885000,285,89
298.890000,285,88
298.895000,289,92
298.900000,285,88
298.905000,286,89
298.910000,287,90
298.915000,288,92
298.920000,286,90
298.925000,286,90
298.930000,282,85
298.935000,285,88
298.940000,288,90
298.945000,289,91
298.950000,286,88
298.955000,288,90
298.960000,282,84
298.965000,283,85
298.970000,291,92
298.975000,291,92
298.980000,284,85
298.985000,289,89
298.990000,287,87
298.995000,288,87
299.000000,289,88
299.005000,290,89
299.010000,291,90
299.015000,288,87
299.020000,287,86
299.025000,290,89
299.030000,289,88
299.035000,289,88
299.040000,289,88
299.045000,291,90
299.050000,287,86
299.055000,293,92
299.060000,287,86
299.065000,286,85
299.070000,287,86
299.075000,288,87
299.080000,288,86
299.085000,291,88
299.090000,291,88
299.095000,292,87
299.100000,288,84
299.105000,291,87
299.110000,290,85
299.115000,292,87
299.120000,294,89
299.125000,295,89
299.130000,292,86
299.135000,294,88
299.140000,290,84
299.145000,294,88
299.150000,295,89
299.155000,294,89
299.160000,292,87
299.165000,292,87
299.170000,292,87
299.175000,293,88
299.180000,293,88
299.185000,293,88
299.190000,293,88
299.195000,292,87
299.200000,292,87
299.205000,293,89
299.210000,292,88
299.215000,291,86
299.220000,293,88
299.225000,295,90
299.230000,293,88
299.235000,294,89
299.240000,293,88
299.245000,293,89
299.250000,290,87
299.255000,294,91
299.260000,291,88
299.265000,290,87
299.270000,292,89
299.275000,291,88
299.280000,289,87
299.285000,291,89
299.290000,290,88
299.295000,292,90
299.300000,291,88
299.305000,292,90
299.310000,291,88
299.315000,290,87
299.320000,291,88
299.325000,294,91
299.330000,292,89
299.335000,292,89
299.340000,290,87
299.345000,291,88
299.350000,290,88
299.355000,291,89
299.360000,293,91
299.365000,292,90
299.370000,291,89
299.375000,292,90
299.380000,288,86
299.385000,291,89
299.390000,292,90
299.395000,294,92
299.400000,291,89
299.405000,290,88
299.410000,290,87
299.415000,291,89
299.420000,294,92
299.425000,292,90
299.430000,292,90
299.435000,293,91
299.440000,290,88
299.445000,292,90
299.450000,291,89
299.455000,291,89
299.460000,294,92
299.465000,293,91
299.470000,292,90
299.475000,291,89
299.480000,292,89
299.485000,294,91
299.490000,291,88
299.495000,295,92
299.500000,295,92
299.505000,293,90
299.510000,293,90
299.515000,291,88
299.520000,293,90
299.525000,293,90
299.530000,291,88
299.535000,295,92
299.540000,293,89
299.545000,293,89
299.550000,291,87
299.555000,292,88
299.560000,292,88
299.565000,291,87
299.570000,296,92
299.575000,294,90
299.580000,291,87
299.585000,294,90
299.590000,289,85
299.595000,292,88
299.600000,296,92
299.605000,294,90
299.610000,293,89
299.615000,291,88
299.620000,291,88
299.625000,292,89
299.630000,293,90
299.635000,295,91
299.640000,295,91
299.645000,295,91
299.650000,291,87
299.655000,292,88
299.660000,295,91
299.665000,290,86
299.670000,292,88
299.675000,295,91
299.680000,289,85
299.685000,294,90
299.690000,291,87
299.695000,291,87
299.700000,291,87
299.705000,294,90
299.710000,295,91
299.715000,292,88
299.720000,293,88
299.725000,291,86
299.730000,289,84
299.735000,294,88
299.740000,295,89
299.745000,294,88
299.750000,294,88
299.755000,290,84
299.760000,292,86
299.765000,293,87
299.770000,292,85
299.775000,295,88
299.780000,294,87
299.785000,293,86
299.790000,294,87
299.795000,294,88
299.800000,293,87
299.805000,293,87
299.810000,295,89
299.815000,293,88
299.820000,292,87
299.825000,292,87
299.830000,291,86
299.835000,296,90
299.840000,295,89
299.845000,294,88
299.850000,291,86
299.855000,291,86
299.860000,293,88
299.865000,294,89
299.870000,296,90
299.875000,291,85
299.880000,292,86
299.885000,295,89
299.890000,295,89
299.895000,296,90
299.900000,294,88
299.905000,293,87
299.910000,294,88
299.915000,295,89
299.920000,295,89
299.925000,293,87
299.930000,293,88
299.935000,295,89
299.940000,294,88
299.945000,295,89
299.950000,295,89
299.955000,295,89
299.960000,295,89
299.965000,295,89
299.970000,294,88
299.975000,292,86
299.980000,293,87
299.985000,297,91
299.990000,296,90
299.995000,295,89
300.000000,292,86
300.005000,292,85
