time,T_dna,T_res
250.010000,-1.47510555e+02,-1.16094730e+02
250.015000,-1.46639073e+02,-1.15223262e+02
250.020000,-1.45851193e+02,-1.14435390e+02
250.025000,-1.45167471e+02,-1.13751768e+02
250.030000,-1.44630811e+02,-1.13215144e+02
250.035000,-1.44250814e+02,-1.12835154e+02
250.040000,-1.44006464e+02,-1.12590816e+02
250.045000,-1.43869650e+02,-1.12454018e+02
250.050000,-1.43819914e+02,-1.12404301e+02
250.055000,-1.43844474e+02,-1.12428871e+02
250.060000,-1.43932345e+02,-1.12516749e+02
250.065000,-1.44071325e+02,-1.12655732e+02
250.070000,-1.44249297e+02,-1.12833706e+02
250.075000,-1.44456638e+02,-1.13041048e+02
250.080000,-1.44686864e+02,-1.13271279e+02
250.085000,-1.44935472e+02,-1.13519887e+02
250.090000,-1.45198406e+02,-1.13782819e+02
250.095000,-1.45471496e+02,-1.14055908e+02
250.100000,-1.45750920e+02,-1.14335327e+02
250.105000,-1.46033781e+02,-1.14618189e+02
250.110000,-1.46318224e+02,-1.14902629e+02
250.115000,-1.46602922e+02,-1.15187326e+02
250.120000,-1.46886626e+02,-1.15471026e+02
250.125000,-1.47168014e+02,-1.15752410e+02
250.130000,-1.47445878e+02,-1.16030272e+02
250.135000,-1.47719349e+02,-1.16303739e+02
250.140000,-1.47987920e+02,-1.16572307e+02
250.145000,-1.48251274e+02,-1.16835658e+02
250.150000,-1.48509106e+02,-1.17093488e+02
250.155000,-1.48761088e+02,-1.17345466e+02
250.160000,-1.49006935e+02,-1.17591312e+02
250.165000,-1.49246499e+02,-1.17830872e+02
250.170000,-1.49479754e+02,-1.18064125e+02
250.175000,-1.49706746e+02,-1.18291113e+02
250.180000,-1.49927488e+02,-1.18511856e+02
250.185000,-1.50141996e+02,-1.18726357e+02
250.190000,-1.50350258e+02,-1.18934616e+02
250.195000,-1.50552323e+02,-1.19136677e+02
250.200000,-1.50748268e+02,-1.19332620e+02
250.205000,-1.50938226e+02,-1.19522573e+02
250.210000,-1.51122336e+02,-1.19706681e+02
250.215000,-1.51300764e+02,-1.19885108e+02
250.220000,-1.51473669e+02,-1.20058011e+02
250.225000,-1.51641196e+02,-1.20225534e+02
250.230000,-1.51803456e+02,-1.20387792e+02
250.235000,-1.51960564e+02,-1.20544897e+02
250.240000,-1.52112634e+02,-1.20696965e+02
250.245000,-1.52259783e+02,-1.20844113e+02
250.250000,-1.52402127e+02,-1.20986454e+02
250.255000,-1.52539789e+02,-1.21124114e+02
250.260000,-1.52672898e+02,-1.21257221e+02
250.265000,-1.52801575e+02,-1.21385895e+02
250.270000,-1.52925920e+02,-1.21510239e+02
250.275000,-1.53046042e+02,-1.21630360e+02
250.280000,-1.53162060e+02,-1.21746376e+02
250.285000,-1.53274102e+02,-1.21858417e+02
250.290000,-1.53382310e+02,-1.21966622e+02
250.295000,-1.53486803e+02,-1.22071115e+02
250.300000,-1.53587687e+02,-1.22171997e+02
250.305000,-1.53685053e+02,-1.22269360e+02
250.310000,-1.53779002e+02,-1.22363310e+02
250.315000,-1.53869665e+02,-1.22453971e+02
250.320000,-1.53957156e+02,-1.22541460e+02
250.325000,-1.54041573e+02,-1.22625876e+02
250.330000,-1.54123011e+02,-1.22707315e+02
250.335000,-1.54201558e+02,-1.22785859e+02
250.340000,-1.54277265e+02,-1.22861567e+02
250.345000,-1.54350193e+02,-1.22934493e+02
250.350000,-1.54420393e+02,-1.23004694e+02
250.355000,-1.54487941e+02,-1.23072241e+02
250.360000,-1.54552920e+02,-1.23137218e+02
250.365000,-1.54615405e+02,-1.23199704e+02
250.370000,-1.54675459e+02,-1.23259754e+02
250.375000,-1.54733116e+02,-1.23317412e+02
250.380000,-1.54788433e+02,-1.23372728e+02
250.385000,-1.54841451e+02,-1.23425746e+02
250.390000,-1.54892216e+02,-1.23476511e+02
250.395000,-1.54940775e+02,-1.23525070e+02
250.400000,-1.54987192e+02,-1.23571485e+02
250.405000,-1.55031548e+02,-1.23615841e+02
250.410000,-1.55073936e+02,-1.23658228e+02
250.415000,-1.55114442e+02,-1.23698733e+02
250.420000,-1.55153143e+02,-1.23737434e+02
250.425000,-1.55190117e+02,-1.23774407e+02
250.430000,-1.55225448e+02,-1.23809737e+02
250.435000,-1.55259198e+02,-1.23843487e+02
250.440000,-1.55291396e+02,-1.23875685e+02
250.445000,-1.55322066e+02,-1.23906356e+02
250.450000,-1.55351253e+02,-1.23935541e+02
250.455000,-1.55378986e+02,-1.23963274e+02
250.460000,-1.55405298e+02,-1.23989585e+02
250.465000,-1.55430223e+02,-1.24014510e+02
250.470000,-1.55453826e+02,-1.24038113e+02
250.475000,-1.55476190e+02,-1.24060475e+02
250.480000,-1.55497391e+02,-1.24081676e+02
250.485000,-1.55517496e+02,-1.24101780e+02
250.490000,-1.55536538e+02,-1.24120820e+02
250.495000,-1.55554532e+02,-1.24138814e+02
250.500000,-1.55571494e+02,-1.24155777e+02
250.505000,-1.55587444e+02,-1.24171727e+02
250.510000,-1.55602399e+02,-1.24186680e+02
250.515000,-1.55616364e+02,-1.24200645e+02
250.520000,-1.55629345e+02,-1.24213625e+02
250.525000,-1.55641346e+02,-1.24225626e+02
250.530000,-1.55652395e+02,-1.24236675e+02
250.535000,-1.55662524e+02,-1.24246804e+02
250.540000,-1.55671761e+02,-1.24256040e+02
250.545000,-1.55680114e+02,-1.24264393e+02
250.550000,-1.55687604e+02,-1.24271883e+02
250.555000,-1.55694222e+02,-1.24278503e+02
250.560000,-1.55699946e+02,-1.24284225e+02
250.565000,-1.55704753e+02,-1.24289032e+02
250.570000,-1.55708659e+02,-1.24292937e+02
250.575000,-1.55711671e+02,-1.24295949e+02
250.580000,-1.55713794e+02,-1.24298071e+02
250.585000,-1.55715042e+02,-1.24299319e+02
250.590000,-1.55715467e+02,-1.24299744e+02
250.595000,-1.55715153e+02,-1.24299430e+02
250.600000,-1.55714181e+02,-1.24298457e+02
250.605000,-1.55712583e+02,-1.24296859e+02
250.610000,-1.55710393e+02,-1.24294668e+02
250.615000,-1.55707635e+02,-1.24291909e+02
250.620000,-1.55704307e+02,-1.24288582e+02
250.625000,-1.55700393e+02,-1.24284668e+02
250.630000,-1.55695863e+02,-1.24280138e+02
250.635000,-1.55690714e+02,-1.24274988e+02
250.640000,-1.55684963e+02,-1.24269237e+02
250.645000,-1.55678645e+02,-1.24262919e+02
250.650000,-1.55671806e+02,-1.24256080e+02
250.655000,-1.55664485e+02,-1.24248760e+02
250.660000,-1.55656713e+02,-1.24240987e+02
250.665000,-1.55648513e+02,-1.24232788e+02
250.670000,-1.55639908e+02,-1.24224184e+02
250.675000,-1.55630909e+02,-1.24215184e+02
250.680000,-1.55621514e+02,-1.24205789e+02
250.685000,-1.55611725e+02,-1.24196001e+02
250.690000,-1.55601557e+02,-1.24185831e+02
250.695000,-1.55591025e+02,-1.24175302e+02
250.700000,-1.55580158e+02,-1.24164433e+02
250.705000,-1.55568953e+02,-1.24153230e+02
250.710000,-1.55557409e+02,-1.24141686e+02
250.715000,-1.55545526e+02,-1.24129803e+02
250.720000,-1.55533326e+02,-1.24117603e+02
250.725000,-1.55520832e+02,-1.24105108e+02
250.730000,-1.55508032e+02,-1.24092308e+02
250.735000,-1.55494902e+02,-1.24079178e+02
250.740000,-1.55481419e+02,-1.24065695e+02
250.745000,-1.55467564e+02,-1.24051840e+02
250.750000,-1.55453308e+02,-1.24037585e+02
250.755000,-1.55438648e+02,-1.24022925e+02
250.760000,-1.55423593e+02,-1.24007871e+02
250.765000,-1.55408161e+02,-1.23992436e+02
250.770000,-1.55392361e+02,-1.23976638e+02
250.775000,-1.55376239e+02,-1.23960517e+02
250.780000,-1.55359820e+02,-1.23944096e+02
250.785000,-1.55343098e+02,-1.23927375e+02
250.790000,-1.55326068e+02,-1.23910345e+02
250.795000,-1.55308762e+02,-1.23893040e+02
250.800000,-1.55291228e+02,-1.23875505e+02
250.805000,-1.55273466e+02,-1.23857743e+02
250.810000,-1.55255478e+02,-1.23839756e+02
250.815000,-1.55237271e+02,-1.23821548e+02
250.820000,-1.55218858e+02,-1.23803135e+02
250.825000,-1.55200272e+02,-1.23784550e+02
250.830000,-1.55181561e+02,-1.23765838e+02
250.835000,-1.55162749e+02,-1.23747027e+02
250.840000,-1.55143873e+02,-1.23728151e+02
250.845000,-1.55124956e+02,-1.23709236e+02
250.850000,-1.55105999e+02,-1.23690278e+02
250.855000,-1.55086973e+02,-1.23671253e+02
250.860000,-1.55067850e+02,-1.23652129e+02
250.865000,-1.55048595e+02,-1.23632873e+02
250.870000,-1.55029199e+02,-1.23613478e+02
250.875000,-1.55009681e+02,-1.23593961e+02
250.880000,-1.54990054e+02,-1.23574332e+02
250.885000,-1.54970319e+02,-1.23554598e+02
250.890000,-1.54950488e+02,-1.23534768e+02
250.895000,-1.54930570e+02,-1.23514851e+02
250.900000,-1.54910553e+02,-1.23494832e+02
250.905000,-1.54890408e+02,-1.23474687e+02
250.910000,-1.54870123e+02,-1.23454406e+02
250.915000,-1.54849709e+02,-1.23433991e+02
250.920000,-1.54829148e+02,-1.23413430e+02
250.925000,-1.54808422e+02,-1.23392703e+02
250.930000,-1.54787491e+02,-1.23371773e+02
250.935000,-1.54766331e+02,-1.23350613e+02
250.940000,-1.54744935e+02,-1.23329216e+02
250.945000,-1.54723305e+02,-1.23307587e+02
250.950000,-1.54701473e+02,-1.23285755e+02
250.955000,-1.54679483e+02,-1.23263765e+02
250.960000,-1.54657376e+02,-1.23241658e+02
250.965000,-1.54635165e+02,-1.23219448e+02
250.970000,-1.54612841e+02,-1.23197125e+02
250.975000,-1.54590414e+02,-1.23174696e+02
250.980000,-1.54567898e+02,-1.23152181e+02
250.985000,-1.54545327e+02,-1.23129611e+02
250.990000,-1.54522779e+02,-1.23107063e+02
250.995000,-1.54500372e+02,-1.23084657e+02
251.000000,-1.54478167e+02,-1.23062452e+02
251.005000,-1.54456171e+02,-1.23040455e+02
251.010000,-1.54434364e+02,-1.23018649e+02
251.015000,-1.54412756e+02,-1.22997041e+02
251.020000,-1.54391358e+02,-1.22975643e+02
251.025000,-1.54370110e+02,-1.22954395e+02
251.030000,-1.54348938e+02,-1.22933224e+02
251.035000,-1.54327796e+02,-1.22912081e+02
251.040000,-1.54306637e+02,-1.22890922e+02
251.045000,-1.54285438e+02,-1.22869724e+02
251.050000,-1.54264211e+02,-1.22848497e+02
251.055000,-1.54242978e+02,-1.22827264e+02
251.060000,-1.54221749e+02,-1.22806034e+02
251.065000,-1.54200521e+02,-1.22784807e+02
251.070000,-1.54179301e+02,-1.22763587e+02
251.075000,-1.54158083e+02,-1.22742370e+02
251.080000,-1.54136874e+02,-1.22721161e+02
251.085000,-1.54115681e+02,-1.22699967e+02
251.090000,-1.54094480e+02,-1.22678765e+02
251.095000,-1.54073212e+02,-1.22657498e+02
251.100000,-1.54051821e+02,-1.22636107e+02
251.105000,-1.54030268e+02,-1.22614555e+02
251.110000,-1.54008558e+02,-1.22592845e+02
251.115000,-1.53986722e+02,-1.22571008e+02
251.120000,-1.53964795e+02,-1.22549081e+02
251.125000,-1.53942783e+02,-1.22527071e+02
251.130000,-1.53920699e+02,-1.22504985e+02
251.135000,-1.53898533e+02,-1.22482819e+02
251.140000,-1.53876300e+02,-1.22460585e+02
251.145000,-1.53854027e+02,-1.22438312e+02
251.150000,-1.53831735e+02,-1.22416021e+02
251.155000,-1.53809445e+02,-1.22393730e+02
251.160000,-1.53787165e+02,-1.22371451e+02
251.165000,-1.53764922e+02,-1.22349208e+02
251.170000,-1.53742731e+02,-1.22327016e+02
251.175000,-1.53720590e+02,-1.22304876e+02
251.180000,-1.53698505e+02,-1.22282792e+02
251.185000,-1.53676454e+02,-1.22260740e+02
251.190000,-1.53654401e+02,-1.22238687e+02
251.195000,-1.53632327e+02,-1.22216613e+02
251.200000,-1.53610251e+02,-1.22194539e+02
251.205000,-1.53588205e+02,-1.22172494e+02
251.210000,-1.53566186e+02,-1.22150476e+02
251.215000,-1.53544195e+02,-1.22128483e+02
251.220000,-1.53522229e+02,-1.22106518e+02
251.225000,-1.53500288e+02,-1.22084577e+02
251.230000,-1.53478353e+02,-1.22062642e+02
251.235000,-1.53456413e+02,-1.22040703e+02
251.240000,-1.53434467e+02,-1.22018756e+02
251.245000,-1.53412511e+02,-1.21996802e+02
251.250000,-1.53390542e+02,-1.21974833e+02
251.255000,-1.53368541e+02,-1.21952833e+02
251.260000,-1.53346491e+02,-1.21930785e+02
251.265000,-1.53324399e+02,-1.21908690e+02
251.270000,-1.53302274e+02,-1.21886566e+02
251.275000,-1.53280138e+02,-1.21864429e+02
251.280000,-1.53258004e+02,-1.21842296e+02
251.285000,-1.53235901e+02,-1.21820194e+02
251.290000,-1.53213822e+02,-1.21798115e+02
251.295000,-1.53191736e+02,-1.21776028e+02
251.300000,-1.53169614e+02,-1.21753907e+02
251.305000,-1.53147446e+02,-1.21731737e+02
251.310000,-1.53125237e+02,-1.21709530e+02
251.315000,-1.53103048e+02,-1.21687342e+02
251.320000,-1.53080914e+02,-1.21665209e+02
251.325000,-1.53058855e+02,-1.21643150e+02
251.330000,-1.53036874e+02,-1.21621169e+02
251.335000,-1.53014960e+02,-1.21599255e+02
251.340000,-1.52993121e+02,-1.21577415e+02
251.345000,-1.52971353e+02,-1.21555647e+02
251.350000,-1.52949637e+02,-1.21533933e+02
251.355000,-1.52927965e+02,-1.21512260e+02
251.360000,-1.52906325e+02,-1.21490621e+02
251.365000,-1.52884743e+02,-1.21469039e+02
251.370000,-1.52863250e+02,-1.21447547e+02
251.375000,-1.52841849e+02,-1.21426145e+02
251.380000,-1.52820538e+02,-1.21404836e+02
251.385000,-1.52799325e+02,-1.21383622e+02
251.390000,-1.52778197e+02,-1.21362495e+02
251.395000,-1.52757133e+02,-1.21341431e+02
251.400000,-1.52736116e+02,-1.21320414e+02
251.405000,-1.52715138e+02,-1.21299436e+02
251.410000,-1.52694194e+02,-1.21278492e+02
251.415000,-1.52673278e+02,-1.21257575e+02
251.420000,-1.52652374e+02,-1.21236671e+02
251.425000,-1.52631458e+02,-1.21215756e+02
251.430000,-1.52610516e+02,-1.21194813e+02
251.435000,-1.52589543e+02,-1.21173841e+02
251.440000,-1.52568541e+02,-1.21152838e+02
251.445000,-1.52547510e+02,-1.21131808e+02
251.450000,-1.52526444e+02,-1.21110742e+02
251.455000,-1.52505337e+02,-1.21089636e+02
251.460000,-1.52484210e+02,-1.21068506e+02
251.465000,-1.52463038e+02,-1.21047337e+02
251.470000,-1.52441820e+02,-1.21026118e+02
251.475000,-1.52420574e+02,-1.21004872e+02
251.480000,-1.52399331e+02,-1.20983630e+02
251.485000,-1.52378120e+02,-1.20962418e+02
251.490000,-1.52356950e+02,-1.20941248e+02
251.495000,-1.52335824e+02,-1.20920122e+02
251.500000,-1.52314730e+02,-1.20899029e+02
251.505000,-1.52293655e+02,-1.20877953e+02
251.510000,-1.52272591e+02,-1.20856891e+02
251.515000,-1.52251552e+02,-1.20835853e+02
251.520000,-1.52230558e+02,-1.20814856e+02
251.525000,-1.52209621e+02,-1.20793921e+02
251.530000,-1.52188761e+02,-1.20773060e+02
251.535000,-1.52167960e+02,-1.20752259e+02
251.540000,-1.52147213e+02,-1.20731511e+02
251.545000,-1.52126515e+02,-1.20710813e+02
251.550000,-1.52105865e+02,-1.20690164e+02
251.555000,-1.52085260e+02,-1.20669561e+02
251.560000,-1.52064705e+02,-1.20649005e+02
251.565000,-1.52044183e+02,-1.20628485e+02
251.570000,-1.52023708e+02,-1.20608010e+02
251.575000,-1.52003302e+02,-1.20587602e+02
251.580000,-1.51982955e+02,-1.20567258e+02
251.585000,-1.51962656e+02,-1.20546959e+02
251.590000,-1.51942367e+02,-1.20526670e+02
251.595000,-1.51922075e+02,-1.20506378e+02
251.600000,-1.51901764e+02,-1.20486068e+02
251.605000,-1.51881424e+02,-1.20465726e+02
251.610000,-1.51861034e+02,-1.20445338e+02
251.615000,-1.51840597e+02,-1.20424901e+02
251.620000,-1.51820122e+02,-1.20404425e+02
251.625000,-1.51799619e+02,-1.20383921e+02
251.630000,-1.51779107e+02,-1.20363410e+02
251.635000,-1.51758632e+02,-1.20342936e+02
251.640000,-1.51738228e+02,-1.20322531e+02
251.645000,-1.51717901e+02,-1.20302203e+02
251.650000,-1.51697657e+02,-1.20281961e+02
251.655000,-1.51677527e+02,-1.20261831e+02
251.660000,-1.51657508e+02,-1.20241809e+02
251.665000,-1.51637603e+02,-1.20221906e+02
251.670000,-1.51617839e+02,-1.20202142e+02
251.675000,-1.51598180e+02,-1.20182485e+02
251.680000,-1.51578579e+02,-1.20162883e+02
251.685000,-1.51559038e+02,-1.20143343e+02
251.690000,-1.51539602e+02,-1.20123907e+02
251.695000,-1.51520288e+02,-1.20104592e+02
251.700000,-1.51501117e+02,-1.20085423e+02
251.705000,-1.51482128e+02,-1.20066434e+02
251.710000,-1.51463334e+02,-1.20047640e+02
251.715000,-1.51444719e+02,-1.20029026e+02
251.720000,-1.51426233e+02,-1.20010539e+02
251.725000,-1.51407823e+02,-1.19992131e+02
251.730000,-1.51389458e+02,-1.19973766e+02
251.735000,-1.51371116e+02,-1.19955423e+02
251.740000,-1.51352786e+02,-1.19937093e+02
251.745000,-1.51334461e+02,-1.19918769e+02
251.750000,-1.51316131e+02,-1.19900440e+02
251.755000,-1.51297782e+02,-1.19882092e+02
251.760000,-1.51279415e+02,-1.19863724e+02
251.765000,-1.51261034e+02,-1.19845343e+02
251.770000,-1.51242616e+02,-1.19826927e+02
251.775000,-1.51224163e+02,-1.19808472e+02
251.780000,-1.51205697e+02,-1.19790005e+02
251.785000,-1.51187255e+02,-1.19771564e+02
251.790000,-1.51168850e+02,-1.19753160e+02
251.795000,-1.51150507e+02,-1.19734816e+02
251.800000,-1.51132229e+02,-1.19716538e+02
251.805000,-1.51114014e+02,-1.19698323e+02
251.810000,-1.51095858e+02,-1.19680166e+02
251.815000,-1.51077754e+02,-1.19662063e+02
251.820000,-1.51059698e+02,-1.19644008e+02
251.825000,-1.51041675e+02,-1.19625984e+02
251.830000,-1.51023676e+02,-1.19607985e+02
251.835000,-1.51005706e+02,-1.19590016e+02
251.840000,-1.50987742e+02,-1.19572052e+02
251.845000,-1.50969757e+02,-1.19554068e+02
251.850000,-1.50951786e+02,-1.19536097e+02
251.855000,-1.50933879e+02,-1.19518190e+02
251.860000,-1.50916056e+02,-1.19500366e+02
251.865000,-1.50898298e+02,-1.19482608e+02
251.870000,-1.50880612e+02,-1.19464923e+02
251.875000,-1.50863009e+02,-1.19447318e+02
251.880000,-1.50845468e+02,-1.19429778e+02
251.885000,-1.50827986e+02,-1.19412296e+02
251.890000,-1.50810558e+02,-1.19394867e+02
251.895000,-1.50793168e+02,-1.19377479e+02
251.900000,-1.50775811e+02,-1.19360122e+02
251.905000,-1.50758475e+02,-1.19342786e+02
251.910000,-1.50741171e+02,-1.19325483e+02
251.915000,-1.50723916e+02,-1.19308231e+02
251.920000,-1.50706759e+02,-1.19291072e+02
251.925000,-1.50689710e+02,-1.19274025e+02
251.930000,-1.50672722e+02,-1.19257036e+02
251.935000,-1.50655752e+02,-1.19240066e+02
251.940000,-1.50638811e+02,-1.19223124e+02
251.945000,-1.50622079e+02,-1.19206392e+02
251.950000,-1.50605593e+02,-1.19189906e+02
251.955000,-1.50589240e+02,-1.19173553e+02
251.960000,-1.50573005e+02,-1.19157319e+02
251.965000,-1.50556866e+02,-1.19141180e+02
251.970000,-1.50540770e+02,-1.19125084e+02
251.975000,-1.50524716e+02,-1.19109032e+02
251.980000,-1.50508778e+02,-1.19093091e+02
251.985000,-1.50492956e+02,-1.19077272e+02
251.990000,-1.50477247e+02,-1.19061560e+02
251.995000,-1.50461622e+02,-1.19045936e+02
252.000000,-1.50446044e+02,-1.19030358e+02
252.005000,-1.50430520e+02,-1.19014833e+02
252.010000,-1.50415034e+02,-1.18999347e+02
252.015000,-1.50399564e+02,-1.18983877e+02
252.020000,-1.50384097e+02,-1.18968411e+02
252.025000,-1.50368644e+02,-1.18952958e+02
252.030000,-1.50353207e+02,-1.18937521e+02
252.035000,-1.50337858e+02,-1.18922172e+02
252.040000,-1.50322623e+02,-1.18906937e+02
252.045000,-1.50307508e+02,-1.18891822e+02
252.050000,-1.50292515e+02,-1.18876829e+02
252.055000,-1.50277598e+02,-1.18861913e+02
252.060000,-1.50262720e+02,-1.18847035e+02
252.065000,-1.50247902e+02,-1.18832218e+02
252.070000,-1.50233118e+02,-1.18817434e+02
252.075000,-1.50218339e+02,-1.18802656e+02
252.080000,-1.50203538e+02,-1.18787854e+02
252.085000,-1.50188639e+02,-1.18772955e+02
252.090000,-1.50173575e+02,-1.18757892e+02
252.095000,-1.50158381e+02,-1.18742698e+02
252.100000,-1.50143086e+02,-1.18727402e+02
252.105000,-1.50127702e+02,-1.18712018e+02
252.110000,-1.50112237e+02,-1.18696553e+02
252.115000,-1.50096710e+02,-1.18681026e+02
252.120000,-1.50081151e+02,-1.18665467e+02
252.125000,-1.50065628e+02,-1.18649944e+02
252.130000,-1.50050205e+02,-1.18634523e+02
252.135000,-1.50034941e+02,-1.18619259e+02
252.140000,-1.50019812e+02,-1.18604131e+02
252.145000,-1.50004762e+02,-1.18589081e+02
252.150000,-1.49989751e+02,-1.18574070e+02
252.155000,-1.49974819e+02,-1.18559138e+02
252.160000,-1.49959975e+02,-1.18544294e+02
252.165000,-1.49945207e+02,-1.18529526e+02
252.170000,-1.49930497e+02,-1.18514815e+02
252.175000,-1.49915825e+02,-1.18500144e+02
252.180000,-1.49901166e+02,-1.18485485e+02
252.185000,-1.49886541e+02,-1.18470859e+02
252.190000,-1.49871936e+02,-1.18456254e+02
252.195000,-1.49857362e+02,-1.18441682e+02
252.200000,-1.49842837e+02,-1.18427157e+02
252.205000,-1.49828331e+02,-1.18412650e+02
252.210000,-1.49813810e+02,-1.18398129e+02
252.215000,-1.49799324e+02,-1.18383644e+02
252.220000,-1.49784924e+02,-1.18369243e+02
252.225000,-1.49770626e+02,-1.18354948e+02
252.230000,-1.49756439e+02,-1.18340760e+02
252.235000,-1.49742314e+02,-1.18326636e+02
252.240000,-1.49728174e+02,-1.18312497e+02
252.245000,-1.49714065e+02,-1.18298387e+02
252.250000,-1.49699990e+02,-1.18284309e+02
252.255000,-1.49685905e+02,-1.18270226e+02
252.260000,-1.49671803e+02,-1.18256123e+02
252.265000,-1.49657653e+02,-1.18241972e+02
252.270000,-1.49643444e+02,-1.18227764e+02
252.275000,-1.49629271e+02,-1.18213591e+02
252.280000,-1.49615222e+02,-1.18199543e+02
252.285000,-1.49601337e+02,-1.18185658e+02
252.290000,-1.49587568e+02,-1.18171890e+02
252.295000,-1.49573904e+02,-1.18158228e+02
252.300000,-1.49560331e+02,-1.18144654e+02
252.305000,-1.49546875e+02,-1.18131200e+02
252.310000,-1.49533541e+02,-1.18117865e+02
252.315000,-1.49520303e+02,-1.18104629e+02
252.320000,-1.49507202e+02,-1.18091526e+02
252.325000,-1.49494272e+02,-1.18078596e+02
252.330000,-1.49481486e+02,-1.18065810e+02
252.335000,-1.49468862e+02,-1.18053184e+02
252.340000,-1.49456393e+02,-1.18040716e+02
252.345000,-1.49444095e+02,-1.18028417e+02
252.350000,-1.49431950e+02,-1.18016274e+02
252.355000,-1.49419923e+02,-1.18004244e+02
252.360000,-1.49407941e+02,-1.17992265e+02
252.365000,-1.49396055e+02,-1.17980378e+02
252.370000,-1.49384265e+02,-1.17968588e+02
252.375000,-1.49372544e+02,-1.17956867e+02
252.380000,-1.49360869e+02,-1.17945192e+02
252.385000,-1.49349241e+02,-1.17933565e+02
252.390000,-1.49337649e+02,-1.17921974e+02
252.395000,-1.49326164e+02,-1.17910490e+02
252.400000,-1.49314782e+02,-1.17899107e+02
252.405000,-1.49303453e+02,-1.17887780e+02
252.410000,-1.49292135e+02,-1.17876461e+02
252.415000,-1.49280789e+02,-1.17865114e+02
252.420000,-1.49269364e+02,-1.17853689e+02
252.425000,-1.49257901e+02,-1.17842224e+02
252.430000,-1.49246415e+02,-1.17830739e+02
252.435000,-1.49234906e+02,-1.17819230e+02
252.440000,-1.49223292e+02,-1.17807616e+02
252.445000,-1.49211467e+02,-1.17795793e+02
252.450000,-1.49199417e+02,-1.17783740e+02
252.455000,-1.49187215e+02,-1.17771538e+02
252.460000,-1.49174892e+02,-1.17759215e+02
252.465000,-1.49162483e+02,-1.17746806e+02
252.470000,-1.49150014e+02,-1.17734337e+02
252.475000,-1.49137473e+02,-1.17721796e+02
252.480000,-1.49124849e+02,-1.17709172e+02
252.485000,-1.49112209e+02,-1.17696533e+02
252.490000,-1.49099599e+02,-1.17683922e+02
252.495000,-1.49087058e+02,-1.17671382e+02
252.500000,-1.49074578e+02,-1.17658901e+02
252.505000,-1.49062110e+02,-1.17646434e+02
252.510000,-1.49049621e+02,-1.17633944e+02
252.515000,-1.49037159e+02,-1.17621484e+02
252.520000,-1.49024803e+02,-1.17609129e+02
252.525000,-1.49012602e+02,-1.17596928e+02
252.530000,-1.49000533e+02,-1.17584858e+02
252.535000,-1.48988550e+02,-1.17572877e+02
252.540000,-1.48976616e+02,-1.17560942e+02
252.545000,-1.48964817e+02,-1.17549143e+02
252.550000,-1.48953219e+02,-1.17537545e+02
252.555000,-1.48941785e+02,-1.17526112e+02
252.560000,-1.48930477e+02,-1.17514804e+02
252.565000,-1.48919268e+02,-1.17503597e+02
252.570000,-1.48908115e+02,-1.17492444e+02
252.575000,-1.48897035e+02,-1.17481365e+02
252.580000,-1.48886043e+02,-1.17470372e+02
252.585000,-1.48875102e+02,-1.17459431e+02
252.590000,-1.48864156e+02,-1.17448485e+02
252.595000,-1.48853132e+02,-1.17437461e+02
252.600000,-1.48841941e+02,-1.17426270e+02
252.605000,-1.48830620e+02,-1.17414949e+02
252.610000,-1.48819209e+02,-1.17403539e+02
252.615000,-1.48807730e+02,-1.17392060e+02
252.620000,-1.48796177e+02,-1.17380507e+02
252.625000,-1.48784527e+02,-1.17368857e+02
252.630000,-1.48772735e+02,-1.17357066e+02
252.635000,-1.48760832e+02,-1.17345162e+02
252.640000,-1.48748849e+02,-1.17333179e+02
252.645000,-1.48736834e+02,-1.17321164e+02
252.650000,-1.48724818e+02,-1.17309149e+02
252.655000,-1.48712865e+02,-1.17297195e+02
252.660000,-1.48701007e+02,-1.17285336e+02
252.665000,-1.48689312e+02,-1.17273641e+02
252.670000,-1.48677776e+02,-1.17262106e+02
252.675000,-1.48666410e+02,-1.17250740e+02
252.680000,-1.48655207e+02,-1.17239538e+02
252.685000,-1.48644122e+02,-1.17228452e+02
252.690000,-1.48633095e+02,-1.17217425e+02
252.695000,-1.48622151e+02,-1.17206481e+02
252.700000,-1.48611277e+02,-1.17195609e+02
252.705000,-1.48600450e+02,-1.17184781e+02
252.710000,-1.48589645e+02,-1.17173977e+02
252.715000,-1.48578862e+02,-1.17163195e+02
252.720000,-1.48568079e+02,-1.17152411e+02
252.725000,-1.48557315e+02,-1.17141646e+02
252.730000,-1.48546530e+02,-1.17130861e+02
252.735000,-1.48535707e+02,-1.17120039e+02
252.740000,-1.48524854e+02,-1.17109184e+02
252.745000,-1.48514007e+02,-1.17098337e+02
252.750000,-1.48503181e+02,-1.17087511e+02
252.755000,-1.48492410e+02,-1.17076741e+02
252.760000,-1.48481680e+02,-1.17066010e+02
252.765000,-1.48470969e+02,-1.17055300e+02
252.770000,-1.48460288e+02,-1.17044620e+02
252.775000,-1.48449639e+02,-1.17033971e+02
252.780000,-1.48439034e+02,-1.17023365e+02
252.785000,-1.48428574e+02,-1.17012906e+02
252.790000,-1.48418306e+02,-1.17002638e+02
252.795000,-1.48408154e+02,-1.16992486e+02
252.800000,-1.48398005e+02,-1.16982337e+02
252.805000,-1.48387750e+02,-1.16972081e+02
252.810000,-1.48377284e+02,-1.16961615e+02
252.815000,-1.48366690e+02,-1.16951022e+02
252.820000,-1.48356036e+02,-1.16940368e+02
252.825000,-1.48345379e+02,-1.16929710e+02
252.830000,-1.48334753e+02,-1.16919087e+02
252.835000,-1.48324164e+02,-1.16908497e+02
252.840000,-1.48313582e+02,-1.16897915e+02
252.845000,-1.48303071e+02,-1.16887402e+02
252.850000,-1.48292653e+02,-1.16876986e+02
252.855000,-1.48282319e+02,-1.16866651e+02
252.860000,-1.48272043e+02,-1.16856376e+02
252.865000,-1.48261852e+02,-1.16846185e+02
252.870000,-1.48251761e+02,-1.16836093e+02
252.875000,-1.48241819e+02,-1.16826152e+02
252.880000,-1.48232031e+02,-1.16816364e+02
252.885000,-1.48222375e+02,-1.16806709e+02
252.890000,-1.48212818e+02,-1.16797151e+02
252.895000,-1.48203301e+02,-1.16787635e+02
252.900000,-1.48193763e+02,-1.16778096e+02
252.905000,-1.48184262e+02,-1.16768595e+02
252.910000,-1.48174806e+02,-1.16759138e+02
252.915000,-1.48165361e+02,-1.16749695e+02
252.920000,-1.48155886e+02,-1.16740221e+02
252.925000,-1.48146321e+02,-1.16730656e+02
252.930000,-1.48136615e+02,-1.16720948e+02
252.935000,-1.48126868e+02,-1.16711202e+02
252.940000,-1.48117194e+02,-1.16701528e+02
252.945000,-1.48107643e+02,-1.16691976e+02
252.950000,-1.48098184e+02,-1.16682518e+02
252.955000,-1.48088804e+02,-1.16673137e+02
252.960000,-1.48079468e+02,-1.16663801e+02
252.965000,-1.48070182e+02,-1.16654516e+02
252.970000,-1.48060909e+02,-1.16645245e+02
252.975000,-1.48051636e+02,-1.16635971e+02
252.980000,-1.48042307e+02,-1.16626643e+02
252.985000,-1.48032850e+02,-1.16617185e+02
252.990000,-1.48023325e+02,-1.16607659e+02
252.995000,-1.48013805e+02,-1.16598139e+02
253.000000,-1.48004339e+02,-1.16588673e+02
253.005000,-1.47994949e+02,-1.16579283e+02
253.010000,-1.47985631e+02,-1.16569965e+02
253.015000,-1.47976343e+02,-1.16560679e+02
253.020000,-1.47967105e+02,-1.16551441e+02
253.025000,-1.47957937e+02,-1.16542272e+02
253.030000,-1.47948836e+02,-1.16533172e+02
253.035000,-1.47939766e+02,-1.16524101e+02
253.040000,-1.47930672e+02,-1.16515008e+02
253.045000,-1.47921612e+02,-1.16505949e+02
253.050000,-1.47912593e+02,-1.16496929e+02
253.055000,-1.47903612e+02,-1.16487951e+02
253.060000,-1.47894709e+02,-1.16479045e+02
253.065000,-1.47885857e+02,-1.16470193e+02
253.070000,-1.47877102e+02,-1.16461438e+02
253.075000,-1.47868455e+02,-1.16452793e+02
253.080000,-1.47859859e+02,-1.16444196e+02
253.085000,-1.47851239e+02,-1.16435579e+02
253.090000,-1.47842524e+02,-1.16426863e+02
253.095000,-1.47833746e+02,-1.16418085e+02
253.100000,-1.47824926e+02,-1.16409265e+02
253.105000,-1.47816044e+02,-1.16400382e+02
253.110000,-1.47807099e+02,-1.16391438e+02
253.115000,-1.47798115e+02,-1.16382454e+02
253.120000,-1.47789143e+02,-1.16373482e+02
253.125000,-1.47780209e+02,-1.16364549e+02
253.130000,-1.47771313e+02,-1.16355652e+02
253.135000,-1.47762402e+02,-1.16346742e+02
253.140000,-1.47753434e+02,-1.16337773e+02
253.145000,-1.47744485e+02,-1.16328826e+02
253.150000,-1.47735676e+02,-1.16320016e+02
253.155000,-1.47727055e+02,-1.16311395e+02
253.160000,-1.47718554e+02,-1.16302894e+02
253.165000,-1.47710060e+02,-1.16294403e+02
253.170000,-1.47701498e+02,-1.16285840e+02
253.175000,-1.47692836e+02,-1.16277179e+02
253.180000,-1.47684092e+02,-1.16268435e+02
253.185000,-1.47675304e+02,-1.16259649e+02
253.190000,-1.47666744e+02,-1.16251087e+02
253.195000,-1.47658566e+02,-1.16242911e+02
253.200000,-1.47650706e+02,-1.16235052e+02
253.205000,-1.47643085e+02,-1.16227428e+02
253.210000,-1.47635546e+02,-1.16219891e+02
253.215000,-1.47627971e+02,-1.16212315e+02
253.220000,-1.47620364e+02,-1.16204707e+02
253.225000,-1.47612755e+02,-1.16197097e+02
253.230000,-1.47605095e+02,-1.16189437e+02
253.235000,-1.47597334e+02,-1.16181677e+02
253.240000,-1.47589442e+02,-1.16173786e+02
253.245000,-1.47581452e+02,-1.16165794e+02
253.250000,-1.47573331e+02,-1.16157673e+02
253.255000,-1.47565154e+02,-1.16149495e+02
253.260000,-1.47556939e+02,-1.16141282e+02
253.265000,-1.47548685e+02,-1.16133024e+02
253.270000,-1.47540429e+02,-1.16124771e+02
253.275000,-1.47532235e+02,-1.16116576e+02
253.280000,-1.47524090e+02,-1.16108431e+02
253.285000,-1.47515946e+02,-1.16100285e+02
253.290000,-1.47507721e+02,-1.16092062e+02
253.295000,-1.47499481e+02,-1.16083820e+02
253.300000,-1.47491227e+02,-1.16075569e+02
253.305000,-1.47482911e+02,-1.16067253e+02
253.310000,-1.47474480e+02,-1.16058822e+02
253.315000,-1.47466054e+02,-1.16050395e+02
253.320000,-1.47457707e+02,-1.16042048e+02
253.325000,-1.47449420e+02,-1.16033762e+02
253.330000,-1.47441122e+02,-1.16025463e+02
253.335000,-1.47432692e+02,-1.16017035e+02
253.340000,-1.47424117e+02,-1.16008458e+02
253.345000,-1.47415460e+02,-1.15999802e+02
253.350000,-1.47406734e+02,-1.15991075e+02
253.355000,-1.47397970e+02,-1.15982311e+02
253.360000,-1.47389163e+02,-1.15973503e+02
253.365000,-1.47380257e+02,-1.15964598e+02
253.370000,-1.47371352e+02,-1.15955692e+02
253.375000,-1.47362423e+02,-1.15946764e+02
253.380000,-1.47353437e+02,-1.15937778e+02
253.385000,-1.47344470e+02,-1.15928810e+02
253.390000,-1.47335489e+02,-1.15919831e+02
253.395000,-1.47326546e+02,-1.15910888e+02
253.400000,-1.47317653e+02,-1.15901993e+02
253.405000,-1.47308793e+02,-1.15893134e+02
253.410000,-1.47299918e+02,-1.15884259e+02
253.415000,-1.47291089e+02,-1.15875431e+02
253.420000,-1.47282427e+02,-1.15866770e+02
253.425000,-1.47273997e+02,-1.15858340e+02
253.430000,-1.47265803e+02,-1.15850144e+02
253.435000,-1.47257707e+02,-1.15842050e+02
253.440000,-1.47249536e+02,-1.15833879e+02
253.445000,-1.47241360e+02,-1.15825703e+02
253.450000,-1.47233256e+02,-1.15817598e+02
253.455000,-1.47225217e+02,-1.15809560e+02
253.460000,-1.47217173e+02,-1.15801514e+02
253.465000,-1.47209017e+02,-1.15793360e+02
253.470000,-1.47200760e+02,-1.15785102e+02
253.475000,-1.47192514e+02,-1.15776856e+02
253.480000,-1.47184306e+02,-1.15768648e+02
253.485000,-1.47176059e+02,-1.15760402e+02
253.490000,-1.47167813e+02,-1.15752156e+02
253.495000,-1.47159647e+02,-1.15743990e+02
253.500000,-1.47151540e+02,-1.15735883e+02
253.505000,-1.47143523e+02,-1.15727867e+02
253.510000,-1.47135535e+02,-1.15719878e+02
253.515000,-1.47127483e+02,-1.15711825e+02
253.520000,-1.47119435e+02,-1.15703775e+02
253.525000,-1.47111337e+02,-1.15695679e+02
253.530000,-1.47103168e+02,-1.15687511e+02
253.535000,-1.47094983e+02,-1.15679325e+02
253.540000,-1.47086782e+02,-1.15671125e+02
253.545000,-1.47078680e+02,-1.15663023e+02
253.550000,-1.47070636e+02,-1.15654979e+02
253.555000,-1.47062609e+02,-1.15646954e+02
253.560000,-1.47054616e+02,-1.15638960e+02
253.565000,-1.47046635e+02,-1.15630980e+02
253.570000,-1.47038726e+02,-1.15623070e+02
253.575000,-1.47030892e+02,-1.15615236e+02
253.580000,-1.47023105e+02,-1.15607449e+02
253.585000,-1.47015343e+02,-1.15599690e+02
253.590000,-1.47007598e+02,-1.15591946e+02
253.595000,-1.46999903e+02,-1.15584251e+02
253.600000,-1.46992203e+02,-1.15576550e+02
253.605000,-1.46984451e+02,-1.15568798e+02
253.610000,-1.46976620e+02,-1.15560966e+02
253.615000,-1.46968686e+02,-1.15553031e+02
253.620000,-1.46960739e+02,-1.15545085e+02
253.625000,-1.46952845e+02,-1.15537198e+02
253.630000,-1.46945121e+02,-1.15529478e+02
253.635000,-1.46937791e+02,-1.15522149e+02
253.640000,-1.46930818e+02,-1.15515177e+02
253.645000,-1.46924086e+02,-1.15508444e+02
253.650000,-1.46917500e+02,-1.15501859e+02
253.655000,-1.46910956e+02,-1.15495315e+02
253.660000,-1.46904360e+02,-1.15488721e+02
253.665000,-1.46897755e+02,-1.15482113e+02
253.670000,-1.46891132e+02,-1.15475490e+02
253.675000,-1.46884439e+02,-1.15468798e+02
253.680000,-1.46877635e+02,-1.15461995e+02
253.685000,-1.46870685e+02,-1.15455044e+02
253.690000,-1.46863536e+02,-1.15447896e+02
253.695000,-1.46856292e+02,-1.15440649e+02
253.700000,-1.46849049e+02,-1.15433404e+02
253.705000,-1.46841960e+02,-1.15426317e+02
253.710000,-1.46834988e+02,-1.15419341e+02
253.715000,-1.46827979e+02,-1.15412332e+02
253.720000,-1.46820934e+02,-1.15405289e+02
253.725000,-1.46813776e+02,-1.15398130e+02
253.730000,-1.46806432e+02,-1.15390785e+02
253.735000,-1.46798985e+02,-1.15383338e+02
253.740000,-1.46791454e+02,-1.15375807e+02
253.745000,-1.46783873e+02,-1.15368225e+02
253.750000,-1.46776213e+02,-1.15360565e+02
253.755000,-1.46768473e+02,-1.15352824e+02
253.760000,-1.46760626e+02,-1.15344979e+02
253.765000,-1.46752682e+02,-1.15337036e+02
253.770000,-1.46744701e+02,-1.15329055e+02
253.775000,-1.46736798e+02,-1.15321150e+02
253.780000,-1.46728936e+02,-1.15313291e+02
253.785000,-1.46721105e+02,-1.15305461e+02
253.790000,-1.46713360e+02,-1.15297717e+02
253.795000,-1.46705688e+02,-1.15290045e+02
253.800000,-1.46698009e+02,-1.15282367e+02
253.805000,-1.46690398e+02,-1.15274756e+02
253.810000,-1.46682809e+02,-1.15267169e+02
253.815000,-1.46675238e+02,-1.15259597e+02
253.820000,-1.46667726e+02,-1.15252084e+02
253.825000,-1.46660251e+02,-1.15244609e+02
253.830000,-1.46652725e+02,-1.15237083e+02
253.835000,-1.46645167e+02,-1.15229526e+02
253.840000,-1.46637602e+02,-1.15221961e+02
253.845000,-1.46630100e+02,-1.15214459e+02
253.850000,-1.46622638e+02,-1.15206996e+02
253.855000,-1.46615167e+02,-1.15199526e+02
253.860000,-1.46607718e+02,-1.15192079e+02
253.865000,-1.46600300e+02,-1.15184660e+02
253.870000,-1.46592917e+02,-1.15177277e+02
253.875000,-1.46585652e+02,-1.15170015e+02
253.880000,-1.46578466e+02,-1.15162828e+02
253.885000,-1.46571315e+02,-1.15155674e+02
253.890000,-1.46564252e+02,-1.15148610e+02
253.895000,-1.46557436e+02,-1.15141793e+02
253.900000,-1.46550751e+02,-1.15135110e+02
253.905000,-1.46543998e+02,-1.15128356e+02
253.910000,-1.46536997e+02,-1.15121354e+02
253.915000,-1.46529722e+02,-1.15114078e+02
253.920000,-1.46522211e+02,-1.15106566e+02
253.925000,-1.46514567e+02,-1.15098923e+02
253.930000,-1.46506885e+02,-1.15091241e+02
253.935000,-1.46499110e+02,-1.15083466e+02
253.940000,-1.46491207e+02,-1.15075562e+02
253.945000,-1.46483322e+02,-1.15067676e+02
253.950000,-1.46475493e+02,-1.15059848e+02
253.955000,-1.46467754e+02,-1.15052110e+02
253.960000,-1.46460117e+02,-1.15044475e+02
253.965000,-1.46452622e+02,-1.15036978e+02
253.970000,-1.46445209e+02,-1.15029566e+02
253.975000,-1.46437893e+02,-1.15022250e+02
253.980000,-1.46430623e+02,-1.15014980e+02
253.985000,-1.46423369e+02,-1.15007723e+02
253.990000,-1.46416000e+02,-1.15000357e+02
253.995000,-1.46408485e+02,-1.14992845e+02
254.000000,-1.46401019e+02,-1.14985374e+02
254.005000,-1.46393514e+02,-1.14977876e+02
254.010000,-1.46386051e+02,-1.14970414e+02
254.015000,-1.46378979e+02,-1.14963342e+02
254.020000,-1.46372217e+02,-1.14956580e+02
254.025000,-1.46365749e+02,-1.14950111e+02
254.030000,-1.46359511e+02,-1.14943874e+02
254.035000,-1.46353287e+02,-1.14937650e+02
254.040000,-1.46346969e+02,-1.14931335e+02
254.045000,-1.46340641e+02,-1.14925005e+02
254.050000,-1.46334277e+02,-1.14918643e+02
254.055000,-1.46327832e+02,-1.14912192e+02
254.060000,-1.46321418e+02,-1.14905781e+02
254.065000,-1.46315291e+02,-1.14899653e+02
254.070000,-1.46309459e+02,-1.14893825e+02
254.075000,-1.46303909e+02,-1.14888272e+02
254.080000,-1.46298471e+02,-1.14882834e+02
254.085000,-1.46293033e+02,-1.14877396e+02
254.090000,-1.46287473e+02,-1.14871836e+02
254.095000,-1.46281763e+02,-1.14866128e+02
254.100000,-1.46275914e+02,-1.14860278e+02
254.105000,-1.46269948e+02,-1.14854313e+02
254.110000,-1.46263899e+02,-1.14848262e+02
254.115000,-1.46257977e+02,-1.14842338e+02
254.120000,-1.46252317e+02,-1.14836678e+02
254.125000,-1.46246897e+02,-1.14831260e+02
254.130000,-1.46241536e+02,-1.14825898e+02
254.135000,-1.46236097e+02,-1.14820461e+02
254.140000,-1.46230637e+02,-1.14815001e+02
254.145000,-1.46225164e+02,-1.14809528e+02
254.150000,-1.46219626e+02,-1.14803990e+02
254.155000,-1.46214117e+02,-1.14798480e+02
254.160000,-1.46208613e+02,-1.14792980e+02
254.165000,-1.46203170e+02,-1.14787536e+02
254.170000,-1.46197852e+02,-1.14782221e+02
254.175000,-1.46192686e+02,-1.14777053e+02
254.180000,-1.46187580e+02,-1.14771948e+02
254.185000,-1.46182522e+02,-1.14766892e+02
254.190000,-1.46177552e+02,-1.14761913e+02
254.195000,-1.46172576e+02,-1.14756939e+02
254.200000,-1.46167540e+02,-1.14751901e+02
254.205000,-1.46162475e+02,-1.14746834e+02
254.210000,-1.46157452e+02,-1.14741813e+02
254.215000,-1.46152484e+02,-1.14736842e+02
254.220000,-1.46147466e+02,-1.14731827e+02
254.225000,-1.46142409e+02,-1.14726771e+02
254.230000,-1.46137261e+02,-1.14721623e+02
254.235000,-1.46131973e+02,-1.14716336e+02
254.240000,-1.46126576e+02,-1.14710937e+02
254.245000,-1.46121199e+02,-1.14705557e+02
254.250000,-1.46115935e+02,-1.14700296e+02
254.255000,-1.46110804e+02,-1.14695162e+02
254.260000,-1.46105748e+02,-1.14690103e+02
254.265000,-1.46100695e+02,-1.14685052e+02
254.270000,-1.46095596e+02,-1.14679951e+02
254.275000,-1.46090450e+02,-1.14674806e+02
254.280000,-1.46085276e+02,-1.14669629e+02
254.285000,-1.46080099e+02,-1.14664452e+02
254.290000,-1.46074984e+02,-1.14659338e+02
254.295000,-1.46070066e+02,-1.14654418e+02
254.300000,-1.46065284e+02,-1.14649636e+02
254.305000,-1.46060572e+02,-1.14644923e+02
254.310000,-1.46055861e+02,-1.14640214e+02
254.315000,-1.46051178e+02,-1.14635531e+02
254.320000,-1.46046514e+02,-1.14630870e+02
254.325000,-1.46042018e+02,-1.14626374e+02
254.330000,-1.46037728e+02,-1.14622086e+02
254.335000,-1.46033634e+02,-1.14617991e+02
254.340000,-1.46029703e+02,-1.14614062e+02
254.345000,-1.46025917e+02,-1.14610276e+02
254.350000,-1.46022277e+02,-1.14606637e+02
254.355000,-1.46018759e+02,-1.14603117e+02
254.360000,-1.46015323e+02,-1.14599682e+02
254.365000,-1.46011985e+02,-1.14596343e+02
254.370000,-1.46008607e+02,-1.14592966e+02
254.375000,-1.46005116e+02,-1.14589474e+02
254.380000,-1.46001440e+02,-1.14585799e+02
254.385000,-1.45997544e+02,-1.14581902e+02
254.390000,-1.45993441e+02,-1.14577800e+02
254.395000,-1.45989205e+02,-1.14573564e+02
254.400000,-1.45984806e+02,-1.14569166e+02
254.405000,-1.45980276e+02,-1.14564636e+02
254.410000,-1.45975639e+02,-1.14559997e+02
254.415000,-1.45970955e+02,-1.14555313e+02
254.420000,-1.45966347e+02,-1.14550705e+02
254.425000,-1.45961869e+02,-1.14546231e+02
254.430000,-1.45957296e+02,-1.14541659e+02
254.435000,-1.45952632e+02,-1.14536995e+02
254.440000,-1.45947960e+02,-1.14532319e+02
254.445000,-1.45943326e+02,-1.14527686e+02
254.450000,-1.45938773e+02,-1.14523133e+02
254.455000,-1.45934183e+02,-1.14518544e+02
254.460000,-1.45929518e+02,-1.14513879e+02
254.465000,-1.45924899e+02,-1.14509262e+02
254.470000,-1.45920299e+02,-1.14504659e+02
254.475000,-1.45915740e+02,-1.14500102e+02
254.480000,-1.45911257e+02,-1.14495620e+02
254.485000,-1.45906675e+02,-1.14491042e+02
254.490000,-1.45901991e+02,-1.14486355e+02
254.495000,-1.45897233e+02,-1.14481596e+02
254.500000,-1.45892339e+02,-1.14476704e+02
254.505000,-1.45887378e+02,-1.14471741e+02
254.510000,-1.45882321e+02,-1.14466689e+02
254.515000,-1.45877127e+02,-1.14461494e+02
254.520000,-1.45871696e+02,-1.14456063e+02
254.525000,-1.45866058e+02,-1.14450425e+02
254.530000,-1.45860276e+02,-1.14444641e+02
254.535000,-1.45854441e+02,-1.14438807e+02
254.540000,-1.45848604e+02,-1.14432971e+02
254.545000,-1.45842789e+02,-1.14427156e+02
254.550000,-1.45836932e+02,-1.14421299e+02
254.555000,-1.45831038e+02,-1.14415406e+02
254.560000,-1.45825217e+02,-1.14409585e+02
254.565000,-1.45819507e+02,-1.14403874e+02
254.570000,-1.45813861e+02,-1.14398228e+02
254.575000,-1.45808419e+02,-1.14392787e+02
254.580000,-1.45803189e+02,-1.14387558e+02
254.585000,-1.45798132e+02,-1.14382500e+02
254.590000,-1.45793149e+02,-1.14377519e+02
254.595000,-1.45788195e+02,-1.14372565e+02
254.600000,-1.45783278e+02,-1.14367648e+02
254.605000,-1.45778436e+02,-1.14362807e+02
254.610000,-1.45773650e+02,-1.14358019e+02
254.615000,-1.45769019e+02,-1.14353387e+02
254.620000,-1.45764498e+02,-1.14348866e+02
254.625000,-1.45760008e+02,-1.14344375e+02
254.630000,-1.45755546e+02,-1.14339907e+02
254.635000,-1.45750948e+02,-1.14335313e+02
254.640000,-1.45746284e+02,-1.14330646e+02
254.645000,-1.45741771e+02,-1.14326134e+02
254.650000,-1.45737406e+02,-1.14321766e+02
254.655000,-1.45733019e+02,-1.14317381e+02
254.660000,-1.45728516e+02,-1.14312880e+02
254.665000,-1.45723923e+02,-1.14308288e+02
254.670000,-1.45719239e+02,-1.14303605e+02
254.675000,-1.45714581e+02,-1.14298946e+02
254.680000,-1.45709859e+02,-1.14294220e+02
254.685000,-1.45704979e+02,-1.14289337e+02
254.690000,-1.45699962e+02,-1.14284319e+02
254.695000,-1.45694937e+02,-1.14279294e+02
254.700000,-1.45689957e+02,-1.14274315e+02
254.705000,-1.45685027e+02,-1.14269384e+02
254.710000,-1.45680070e+02,-1.14264428e+02
254.715000,-1.45675180e+02,-1.14259535e+02
254.720000,-1.45670413e+02,-1.14254769e+02
254.725000,-1.45665815e+02,-1.14250172e+02
254.730000,-1.45661283e+02,-1.14245640e+02
254.735000,-1.45656798e+02,-1.14241156e+02
254.740000,-1.45652333e+02,-1.14236693e+02
254.745000,-1.45647934e+02,-1.14232294e+02
254.750000,-1.45643647e+02,-1.14228007e+02
254.755000,-1.45639448e+02,-1.14223809e+02
254.760000,-1.45635222e+02,-1.14219583e+02
254.765000,-1.45630988e+02,-1.14215348e+02
254.770000,-1.45626796e+02,-1.14211155e+02
254.775000,-1.45622665e+02,-1.14207023e+02
254.780000,-1.45618515e+02,-1.14202874e+02
254.785000,-1.45614441e+02,-1.14198795e+02
254.790000,-1.45610273e+02,-1.14194627e+02
254.795000,-1.45605960e+02,-1.14190314e+02
254.800000,-1.45601497e+02,-1.14185852e+02
254.805000,-1.45596842e+02,-1.14181201e+02
254.810000,-1.45591833e+02,-1.14176193e+02
254.815000,-1.45586587e+02,-1.14170947e+02
254.820000,-1.45581271e+02,-1.14165633e+02
254.825000,-1.45575956e+02,-1.14160317e+02
254.830000,-1.45570560e+02,-1.14154919e+02
254.835000,-1.45565049e+02,-1.14149410e+02
254.840000,-1.45559506e+02,-1.14143867e+02
254.845000,-1.45553907e+02,-1.14138272e+02
254.850000,-1.45548242e+02,-1.14132607e+02
254.855000,-1.45542840e+02,-1.14127212e+02
254.860000,-1.45537744e+02,-1.14122117e+02
254.865000,-1.45532900e+02,-1.14117269e+02
254.870000,-1.45528206e+02,-1.14112578e+02
254.875000,-1.45523639e+02,-1.14108011e+02
254.880000,-1.45519174e+02,-1.14103546e+02
254.885000,-1.45514781e+02,-1.14099155e+02
254.890000,-1.45510337e+02,-1.14094710e+02
254.895000,-1.45505910e+02,-1.14090284e+02
254.900000,-1.45501425e+02,-1.14085801e+02
254.905000,-1.45496844e+02,-1.14081218e+02
254.910000,-1.45492292e+02,-1.14076667e+02
254.915000,-1.45487811e+02,-1.14072185e+02
254.920000,-1.45483346e+02,-1.14067720e+02
254.925000,-1.45478915e+02,-1.14063288e+02
254.930000,-1.45474411e+02,-1.14058787e+02
254.935000,-1.45469966e+02,-1.14054344e+02
254.940000,-1.45465576e+02,-1.14049951e+02
254.945000,-1.45461171e+02,-1.14045543e+02
254.950000,-1.45456806e+02,-1.14041181e+02
254.955000,-1.45452472e+02,-1.14036848e+02
254.960000,-1.45447967e+02,-1.14032342e+02
254.965000,-1.45443266e+02,-1.14027642e+02
254.970000,-1.45438319e+02,-1.14022694e+02
254.975000,-1.45433270e+02,-1.14017645e+02
254.980000,-1.45428270e+02,-1.14012635e+02
254.985000,-1.45423210e+02,-1.14007575e+02
254.990000,-1.45418143e+02,-1.14002510e+02
254.995000,-1.45413235e+02,-1.13997601e+02
255.000000,-1.45408434e+02,-1.13992803e+02
255.005000,-1.45403735e+02,-1.13988101e+02
255.010000,-1.45398993e+02,-1.13983361e+02
255.015000,-1.45394206e+02,-1.13978572e+02
255.020000,-1.45389444e+02,-1.13973808e+02
255.025000,-1.45384786e+02,-1.13969153e+02
255.030000,-1.45380195e+02,-1.13964560e+02
255.035000,-1.45375556e+02,-1.13959921e+02
255.040000,-1.45370786e+02,-1.13955150e+02
255.045000,-1.45365859e+02,-1.13950226e+02
255.050000,-1.45360816e+02,-1.13945184e+02
255.055000,-1.45355776e+02,-1.13940145e+02
255.060000,-1.45350738e+02,-1.13935106e+02
255.065000,-1.45345787e+02,-1.13930148e+02
255.070000,-1.45340778e+02,-1.13925144e+02
255.075000,-1.45335713e+02,-1.13920075e+02
255.080000,-1.45330656e+02,-1.13915020e+02
255.085000,-1.45325535e+02,-1.13909898e+02
255.090000,-1.45320228e+02,-1.13904590e+02
255.095000,-1.45314958e+02,-1.13899321e+02
255.100000,-1.45309763e+02,-1.13894127e+02
255.105000,-1.45304532e+02,-1.13888896e+02
255.110000,-1.45299201e+02,-1.13883566e+02
255.115000,-1.45293759e+02,-1.13878122e+02
255.120000,-1.45288311e+02,-1.13872673e+02
255.125000,-1.45282840e+02,-1.13867206e+02
255.130000,-1.45277386e+02,-1.13861750e+02
255.135000,-1.45272076e+02,-1.13856440e+02
255.140000,-1.45266956e+02,-1.13851323e+02
255.145000,-1.45262028e+02,-1.13846396e+02
255.150000,-1.45257145e+02,-1.13841512e+02
255.155000,-1.45252309e+02,-1.13836676e+02
255.160000,-1.45247439e+02,-1.13831808e+02
255.165000,-1.45242523e+02,-1.13826887e+02
255.170000,-1.45237671e+02,-1.13822036e+02
255.175000,-1.45233097e+02,-1.13817463e+02
255.180000,-1.45228684e+02,-1.13813050e+02
255.185000,-1.45224289e+02,-1.13808653e+02
255.190000,-1.45219885e+02,-1.13804251e+02
255.195000,-1.45215417e+02,-1.13799784e+02
255.200000,-1.45210802e+02,-1.13795168e+02
255.205000,-1.45206133e+02,-1.13790496e+02
255.210000,-1.45201390e+02,-1.13785752e+02
255.215000,-1.45196745e+02,-1.13781107e+02
255.220000,-1.45192244e+02,-1.13776606e+02
255.225000,-1.45187779e+02,-1.13772139e+02
255.230000,-1.45183265e+02,-1.13767628e+02
255.235000,-1.45178750e+02,-1.13763113e+02
255.240000,-1.45174224e+02,-1.13758586e+02
255.245000,-1.45169711e+02,-1.13754075e+02
255.250000,-1.45165111e+02,-1.13749479e+02
255.255000,-1.45160782e+02,-1.13745153e+02
255.260000,-1.45156943e+02,-1.13741317e+02
255.265000,-1.45153146e+02,-1.13737520e+02
255.270000,-1.45149288e+02,-1.13733664e+02
255.275000,-1.45145552e+02,-1.13729933e+02
255.280000,-1.45142016e+02,-1.13726399e+02
255.285000,-1.45138751e+02,-1.13723135e+02
255.290000,-1.45135605e+02,-1.13719990e+02
255.295000,-1.45132562e+02,-1.13716944e+02
255.300000,-1.45129573e+02,-1.13713948e+02
255.305000,-1.45126591e+02,-1.13710969e+02
255.310000,-1.45123465e+02,-1.13707841e+02
255.315000,-1.45120155e+02,-1.13704531e+02
255.320000,-1.45116590e+02,-1.13700967e+02
255.325000,-1.45112714e+02,-1.13697092e+02
255.330000,-1.45108603e+02,-1.13692979e+02
255.335000,-1.45104344e+02,-1.13688722e+02
255.340000,-1.45099882e+02,-1.13684261e+02
255.345000,-1.45095399e+02,-1.13679780e+02
255.350000,-1.45091008e+02,-1.13675387e+02
255.355000,-1.45086670e+02,-1.13671046e+02
255.360000,-1.45082259e+02,-1.13666635e+02
255.365000,-1.45077828e+02,-1.13662206e+02
255.370000,-1.45073392e+02,-1.13657772e+02
255.375000,-1.45069131e+02,-1.13653512e+02
255.380000,-1.45065084e+02,-1.13649465e+02
255.385000,-1.45061179e+02,-1.13645562e+02
255.390000,-1.45057319e+02,-1.13641703e+02
255.395000,-1.45053584e+02,-1.13637968e+02
255.400000,-1.45050013e+02,-1.13634400e+02
255.405000,-1.45046467e+02,-1.13630857e+02
255.410000,-1.45042782e+02,-1.13627171e+02
255.415000,-1.45039121e+02,-1.13623505e+02
255.420000,-1.45035616e+02,-1.13620001e+02
255.425000,-1.45032393e+02,-1.13616773e+02
255.430000,-1.45029213e+02,-1.13613594e+02
255.435000,-1.45025975e+02,-1.13610351e+02
255.440000,-1.45022621e+02,-1.13606994e+02
255.445000,-1.45019123e+02,-1.13603498e+02
255.450000,-1.45015485e+02,-1.13599858e+02
255.455000,-1.45011750e+02,-1.13596124e+02
255.460000,-1.45007804e+02,-1.13592179e+02
255.465000,-1.45003698e+02,-1.13588066e+02
255.470000,-1.44999440e+02,-1.13583801e+02
255.475000,-1.44995180e+02,-1.13579543e+02
255.480000,-1.44991086e+02,-1.13575448e+02
255.485000,-1.44987195e+02,-1.13571556e+02
255.490000,-1.44983411e+02,-1.13567769e+02
255.495000,-1.44979686e+02,-1.13564045e+02
255.500000,-1.44975859e+02,-1.13560218e+02
255.505000,-1.44971794e+02,-1.13556154e+02
255.510000,-1.44967485e+02,-1.13551845e+02
255.515000,-1.44963087e+02,-1.13547445e+02
255.520000,-1.44958708e+02,-1.13543069e+02
255.525000,-1.44954344e+02,-1.13538704e+02
255.530000,-1.44949830e+02,-1.13534191e+02
255.535000,-1.44945206e+02,-1.13529563e+02
255.540000,-1.44940626e+02,-1.13524986e+02
255.545000,-1.44936299e+02,-1.13520661e+02
255.550000,-1.44932117e+02,-1.13516477e+02
255.555000,-1.44928057e+02,-1.13512418e+02
255.560000,-1.44924048e+02,-1.13508410e+02
255.565000,-1.44919998e+02,-1.13504361e+02
255.570000,-1.44915873e+02,-1.13500241e+02
255.575000,-1.44911919e+02,-1.13496289e+02
255.580000,-1.44908126e+02,-1.13492498e+02
255.585000,-1.44904450e+02,-1.13488823e+02
255.590000,-1.44900803e+02,-1.13485182e+02
255.595000,-1.44897026e+02,-1.13481405e+02
255.600000,-1.44893017e+02,-1.13477390e+02
255.605000,-1.44888747e+02,-1.13473123e+02
255.610000,-1.44884329e+02,-1.13468706e+02
255.615000,-1.44879893e+02,-1.13464271e+02
255.620000,-1.44875418e+02,-1.13459797e+02
255.625000,-1.44871070e+02,-1.13455451e+02
255.630000,-1.44866827e+02,-1.13451206e+02
255.635000,-1.44862613e+02,-1.13446994e+02
255.640000,-1.44858514e+02,-1.13442897e+02
255.645000,-1.44854457e+02,-1.13438838e+02
255.650000,-1.44850430e+02,-1.13434804e+02
255.655000,-1.44846858e+02,-1.13431234e+02
255.660000,-1.44843809e+02,-1.13428184e+02
255.665000,-1.44840895e+02,-1.13425269e+02
255.670000,-1.44837915e+02,-1.13422288e+02
255.675000,-1.44834860e+02,-1.13419235e+02
255.680000,-1.44831701e+02,-1.13416069e+02
255.685000,-1.44828589e+02,-1.13412958e+02
255.690000,-1.44825614e+02,-1.13409983e+02
255.695000,-1.44822702e+02,-1.13407069e+02
255.700000,-1.44819795e+02,-1.13404162e+02
255.705000,-1.44816817e+02,-1.13401189e+02
255.710000,-1.44813723e+02,-1.13398097e+02
255.715000,-1.44810421e+02,-1.13394796e+02
255.720000,-1.44807058e+02,-1.13391434e+02
255.725000,-1.44803808e+02,-1.13388184e+02
255.730000,-1.44800605e+02,-1.13384977e+02
255.735000,-1.44797446e+02,-1.13381818e+02
255.740000,-1.44794260e+02,-1.13378632e+02
255.745000,-1.44791014e+02,-1.13375386e+02
255.750000,-1.44787754e+02,-1.13372130e+02
255.755000,-1.44784483e+02,-1.13368852e+02
255.760000,-1.44780963e+02,-1.13365333e+02
255.765000,-1.44777204e+02,-1.13361572e+02
255.770000,-1.44773342e+02,-1.13357710e+02
255.775000,-1.44769680e+02,-1.13354048e+02
255.780000,-1.44766237e+02,-1.13350605e+02
255.785000,-1.44762926e+02,-1.13347296e+02
255.790000,-1.44759672e+02,-1.13344042e+02
255.795000,-1.44756380e+02,-1.13340754e+02
255.800000,-1.44753028e+02,-1.13337398e+02
255.805000,-1.44749630e+02,-1.13334000e+02
255.810000,-1.44746421e+02,-1.13330790e+02
255.815000,-1.44743219e+02,-1.13327590e+02
255.820000,-1.44739955e+02,-1.13324325e+02
255.825000,-1.44736729e+02,-1.13321100e+02
255.830000,-1.44733467e+02,-1.13317838e+02
255.835000,-1.44730130e+02,-1.13314504e+02
255.840000,-1.44726726e+02,-1.13311099e+02
255.845000,-1.44723213e+02,-1.13307586e+02
255.850000,-1.44719758e+02,-1.13304132e+02
255.855000,-1.44716416e+02,-1.13300790e+02
255.860000,-1.44713104e+02,-1.13297480e+02
255.865000,-1.44709801e+02,-1.13294177e+02
255.870000,-1.44706460e+02,-1.13290837e+02
255.875000,-1.44703093e+02,-1.13287473e+02
255.880000,-1.44699569e+02,-1.13283949e+02
255.885000,-1.44696056e+02,-1.13280435e+02
255.890000,-1.44692770e+02,-1.13277150e+02
255.895000,-1.44689673e+02,-1.13274049e+02
255.900000,-1.44686554e+02,-1.13270930e+02
255.905000,-1.44683387e+02,-1.13267767e+02
255.910000,-1.44680402e+02,-1.13264784e+02
255.915000,-1.44677558e+02,-1.13261942e+02
255.920000,-1.44674734e+02,-1.13259114e+02
255.925000,-1.44671793e+02,-1.13256174e+02
255.930000,-1.44668746e+02,-1.13253129e+02
255.935000,-1.44665607e+02,-1.13249992e+02
255.940000,-1.44662271e+02,-1.13246654e+02
255.945000,-1.44658849e+02,-1.13243232e+02
255.950000,-1.44655529e+02,-1.13239912e+02
255.955000,-1.44652451e+02,-1.13236833e+02
255.960000,-1.44649634e+02,-1.13234020e+02
255.965000,-1.44646902e+02,-1.13231286e+02
255.970000,-1.44643889e+02,-1.13228274e+02
255.975000,-1.44640621e+02,-1.13225009e+02
255.980000,-1.44637328e+02,-1.13221714e+02
255.985000,-1.44633980e+02,-1.13218371e+02
255.990000,-1.44630670e+02,-1.13215057e+02
255.995000,-1.44627332e+02,-1.13211718e+02
256.000000,-1.44624082e+02,-1.13208466e+02
256.005000,-1.44621051e+02,-1.13205434e+02
256.010000,-1.44618109e+02,-1.13202490e+02
256.015000,-1.44615246e+02,-1.13199626e+02
256.020000,-1.44612406e+02,-1.13196789e+02
256.025000,-1.44609741e+02,-1.13194117e+02
256.030000,-1.44607206e+02,-1.13191587e+02
256.035000,-1.44604893e+02,-1.13189274e+02
256.040000,-1.44602797e+02,-1.13187178e+02
256.045000,-1.44600666e+02,-1.13185048e+02
256.050000,-1.44598503e+02,-1.13182886e+02
256.055000,-1.44596339e+02,-1.13180723e+02
256.060000,-1.44594371e+02,-1.13178755e+02
256.065000,-1.44592496e+02,-1.13176872e+02
256.070000,-1.44590425e+02,-1.13174804e+02
256.075000,-1.44588228e+02,-1.13172607e+02
256.080000,-1.44585862e+02,-1.13170242e+02
256.085000,-1.44583285e+02,-1.13167665e+02
256.090000,-1.44580602e+02,-1.13164981e+02
256.095000,-1.44578075e+02,-1.13162453e+02
256.100000,-1.44575754e+02,-1.13160136e+02
256.105000,-1.44573496e+02,-1.13157886e+02
256.110000,-1.44571342e+02,-1.13155741e+02
256.115000,-1.44569494e+02,-1.13153895e+02
256.120000,-1.44567780e+02,-1.13152179e+02
256.125000,-1.44566108e+02,-1.13150509e+02
256.130000,-1.44564729e+02,-1.13149131e+02
256.135000,-1.44563366e+02,-1.13147769e+02
256.140000,-1.44561806e+02,-1.13146202e+02
256.145000,-1.44560097e+02,-1.13144493e+02
256.150000,-1.44558418e+02,-1.13142815e+02
256.155000,-1.44556657e+02,-1.13141050e+02
256.160000,-1.44554687e+02,-1.13139084e+02
256.165000,-1.44552460e+02,-1.13136856e+02
256.170000,-1.44550036e+02,-1.13134434e+02
256.175000,-1.44547384e+02,-1.13131784e+02
256.180000,-1.44544522e+02,-1.13128917e+02
256.185000,-1.44541757e+02,-1.13126148e+02
256.190000,-1.44539097e+02,-1.13123482e+02
256.195000,-1.44536311e+02,-1.13120698e+02
256.200000,-1.44533635e+02,-1.13118014e+02
256.205000,-1.44531226e+02,-1.13115605e+02
256.210000,-1.44529348e+02,-1.13113727e+02
256.215000,-1.44527870e+02,-1.13112252e+02
256.220000,-1.44526742e+02,-1.13111126e+02
256.225000,-1.44525735e+02,-1.13110120e+02
256.230000,-1.44524902e+02,-1.13109289e+02
256.235000,-1.44524166e+02,-1.13108556e+02
256.240000,-1.44523441e+02,-1.13107827e+02
256.245000,-1.44522696e+02,-1.13107085e+02
256.250000,-1.44521938e+02,-1.13106329e+02
256.255000,-1.44521087e+02,-1.13105481e+02
256.260000,-1.44520243e+02,-1.13104638e+02
256.265000,-1.44519385e+02,-1.13103779e+02
256.270000,-1.44518622e+02,-1.13103020e+02
256.275000,-1.44517997e+02,-1.13102397e+02
256.280000,-1.44517270e+02,-1.13101671e+02
256.285000,-1.44516358e+02,-1.13100759e+02
256.290000,-1.44515512e+02,-1.13099913e+02
256.295000,-1.44514675e+02,-1.13099075e+02
256.300000,-1.44513803e+02,-1.13098194e+02
256.305000,-1.44513013e+02,-1.13097400e+02
256.310000,-1.44512494e+02,-1.13096881e+02
256.315000,-1.44512100e+02,-1.13096489e+02
256.320000,-1.44511625e+02,-1.13096008e+02
256.325000,-1.44510881e+02,-1.13095272e+02
256.330000,-1.44509883e+02,-1.13094274e+02
256.335000,-1.44508672e+02,-1.13093058e+02
256.340000,-1.44507471e+02,-1.13091860e+02
256.345000,-1.44506374e+02,-1.13090763e+02
256.350000,-1.44505206e+02,-1.13089600e+02
256.355000,-1.44504073e+02,-1.13088469e+02
256.360000,-1.44502915e+02,-1.13087311e+02
256.365000,-1.44501563e+02,-1.13085952e+02
256.370000,-1.44500223e+02,-1.13084608e+02
256.375000,-1.44498793e+02,-1.13083179e+02
256.380000,-1.44497139e+02,-1.13081531e+02
256.385000,-1.44495125e+02,-1.13079516e+02
256.390000,-1.44492881e+02,-1.13077272e+02
256.395000,-1.44490574e+02,-1.13074973e+02
256.400000,-1.44488366e+02,-1.13072763e+02
256.405000,-1.44486529e+02,-1.13070930e+02
256.410000,-1.44485070e+02,-1.13069473e+02
256.415000,-1.44483681e+02,-1.13068079e+02
256.420000,-1.44482340e+02,-1.13066738e+02
256.425000,-1.44481075e+02,-1.13065476e+02
256.430000,-1.44479731e+02,-1.13064136e+02
256.435000,-1.44478327e+02,-1.13062731e+02
256.440000,-1.44476939e+02,-1.13061344e+02
256.445000,-1.44475701e+02,-1.13060109e+02
256.450000,-1.44474743e+02,-1.13059147e+02
256.455000,-1.44473864e+02,-1.13058267e+02
256.460000,-1.44472852e+02,-1.13057260e+02
256.465000,-1.44471573e+02,-1.13055978e+02
256.470000,-1.44469892e+02,-1.13054302e+02
256.475000,-1.44467924e+02,-1.13052337e+02
256.480000,-1.44465614e+02,-1.13050020e+02
256.485000,-1.44463206e+02,-1.13047612e+02
256.490000,-1.44460990e+02,-1.13045397e+02
256.495000,-1.44458852e+02,-1.13043259e+02
256.500000,-1.44456810e+02,-1.13041213e+02
256.505000,-1.44454745e+02,-1.13039143e+02
256.510000,-1.44452751e+02,-1.13037153e+02
256.515000,-1.44450818e+02,-1.13035218e+02
256.520000,-1.44448622e+02,-1.13033024e+02
256.525000,-1.44446093e+02,-1.13030494e+02
256.530000,-1.44443469e+02,-1.13027870e+02
256.535000,-1.44440980e+02,-1.13025379e+02
256.540000,-1.44438988e+02,-1.13023389e+02
256.545000,-1.44437842e+02,-1.13022242e+02
256.550000,-1.44437218e+02,-1.13021618e+02
256.555000,-1.44436700e+02,-1.13021092e+02
256.560000,-1.44435995e+02,-1.13020388e+02
256.565000,-1.44435263e+02,-1.13019660e+02
256.570000,-1.44434449e+02,-1.13018844e+02
256.575000,-1.44433414e+02,-1.13017813e+02
256.580000,-1.44432422e+02,-1.13016819e+02
256.585000,-1.44431591e+02,-1.13015986e+02
256.590000,-1.44430911e+02,-1.13015310e+02
256.595000,-1.44430227e+02,-1.13014622e+02
256.600000,-1.44429528e+02,-1.13013927e+02
256.605000,-1.44428750e+02,-1.13013152e+02
256.610000,-1.44427635e+02,-1.13012033e+02
256.615000,-1.44426199e+02,-1.13010600e+02
256.620000,-1.44424659e+02,-1.13009060e+02
256.625000,-1.44423232e+02,-1.13007624e+02
256.630000,-1.44421737e+02,-1.13006131e+02
256.635000,-1.44420314e+02,-1.13004709e+02
256.640000,-1.44418775e+02,-1.13003165e+02
256.645000,-1.44417112e+02,-1.13001506e+02
256.650000,-1.44416022e+02,-1.13000416e+02
256.655000,-1.44415422e+02,-1.12999820e+02
256.660000,-1.44414948e+02,-1.12999349e+02
256.665000,-1.44414288e+02,-1.12998681e+02
256.670000,-1.44413379e+02,-1.12997774e+02
256.675000,-1.44412150e+02,-1.12996550e+02
256.680000,-1.44410618e+02,-1.12995017e+02
256.685000,-1.44409079e+02,-1.12993478e+02
256.690000,-1.44407563e+02,-1.12991958e+02
256.695000,-1.44405966e+02,-1.12990362e+02
256.700000,-1.44404187e+02,-1.12988584e+02
256.705000,-1.44402394e+02,-1.12986793e+02
256.710000,-1.44400506e+02,-1.12984905e+02
256.715000,-1.44398474e+02,-1.12982870e+02
256.720000,-1.44396626e+02,-1.12981028e+02
256.725000,-1.44394835e+02,-1.12979241e+02
256.730000,-1.44392809e+02,-1.12977207e+02
256.735000,-1.44390672e+02,-1.12975071e+02
256.740000,-1.44388717e+02,-1.12973115e+02
256.745000,-1.44386850e+02,-1.12971241e+02
256.750000,-1.44384981e+02,-1.12969378e+02
256.755000,-1.44383257e+02,-1.12967653e+02
256.760000,-1.44381543e+02,-1.12965934e+02
256.765000,-1.44379967e+02,-1.12964359e+02
256.770000,-1.44378776e+02,-1.12963165e+02
256.775000,-1.44377669e+02,-1.12962057e+02
256.780000,-1.44376399e+02,-1.12960790e+02
256.785000,-1.44374781e+02,-1.12959174e+02
256.790000,-1.44373028e+02,-1.12957421e+02
256.795000,-1.44371117e+02,-1.12955511e+02
256.800000,-1.44369091e+02,-1.12953488e+02
256.805000,-1.44367154e+02,-1.12951552e+02
256.810000,-1.44365214e+02,-1.12949614e+02
256.815000,-1.44362994e+02,-1.12947397e+02
256.820000,-1.44360487e+02,-1.12944891e+02
256.825000,-1.44358158e+02,-1.12942560e+02
256.830000,-1.44356010e+02,-1.12940407e+02
256.835000,-1.44354107e+02,-1.12938506e+02
256.840000,-1.44352372e+02,-1.12936766e+02
256.845000,-1.44350760e+02,-1.12935154e+02
256.850000,-1.44349237e+02,-1.12933636e+02
256.855000,-1.44347546e+02,-1.12931945e+02
256.860000,-1.44345856e+02,-1.12930260e+02
256.865000,-1.44344262e+02,-1.12928667e+02
256.870000,-1.44342792e+02,-1.12927195e+02
256.875000,-1.44341465e+02,-1.12925871e+02
256.880000,-1.44340266e+02,-1.12924669e+02
256.885000,-1.44339024e+02,-1.12923433e+02
256.890000,-1.44337409e+02,-1.12921823e+02
256.895000,-1.44335408e+02,-1.12919817e+02
256.900000,-1.44332944e+02,-1.12917354e+02
256.905000,-1.44330317e+02,-1.12914727e+02
256.910000,-1.44327723e+02,-1.12912137e+02
256.915000,-1.44325178e+02,-1.12909591e+02
256.920000,-1.44322512e+02,-1.12906930e+02
256.925000,-1.44319871e+02,-1.12904292e+02
256.930000,-1.44317634e+02,-1.12902055e+02
256.935000,-1.44315711e+02,-1.12900130e+02
256.940000,-1.44313841e+02,-1.12898265e+02
256.945000,-1.44311981e+02,-1.12896404e+02
256.950000,-1.44310232e+02,-1.12894655e+02
256.955000,-1.44308641e+02,-1.12893057e+02
256.960000,-1.44306987e+02,-1.12891405e+02
256.965000,-1.44305353e+02,-1.12889772e+02
256.970000,-1.44303893e+02,-1.12888307e+02
256.975000,-1.44302588e+02,-1.12887006e+02
256.980000,-1.44301279e+02,-1.12885693e+02
256.985000,-1.44299887e+02,-1.12884301e+02
256.990000,-1.44298228e+02,-1.12882643e+02
256.995000,-1.44296150e+02,-1.12880564e+02
257.000000,-1.44294218e+02,-1.12878633e+02
257.005000,-1.44292610e+02,-1.12877033e+02
257.010000,-1.44291253e+02,-1.12875676e+02
257.015000,-1.44290245e+02,-1.12874667e+02
257.020000,-1.44289372e+02,-1.12873790e+02
257.025000,-1.44288333e+02,-1.12872746e+02
257.030000,-1.44286841e+02,-1.12871258e+02
257.035000,-1.44285115e+02,-1.12869534e+02
257.040000,-1.44283303e+02,-1.12867723e+02
257.045000,-1.44281548e+02,-1.12865971e+02
257.050000,-1.44279798e+02,-1.12864221e+02
257.055000,-1.44278025e+02,-1.12862447e+02
257.060000,-1.44276241e+02,-1.12860659e+02
257.065000,-1.44274485e+02,-1.12858900e+02
257.070000,-1.44273153e+02,-1.12857556e+02
257.075000,-1.44272327e+02,-1.12856733e+02
257.080000,-1.44271678e+02,-1.12856082e+02
257.085000,-1.44270881e+02,-1.12855285e+02
257.090000,-1.44269955e+02,-1.12854363e+02
257.095000,-1.44268796e+02,-1.12853209e+02
257.100000,-1.44267332e+02,-1.12851746e+02
257.105000,-1.44266063e+02,-1.12850481e+02
257.110000,-1.44265053e+02,-1.12849470e+02
257.115000,-1.44264141e+02,-1.12848558e+02
257.120000,-1.44263250e+02,-1.12847663e+02
257.125000,-1.44262437e+02,-1.12846843e+02
257.130000,-1.44261505e+02,-1.12845914e+02
257.135000,-1.44260369e+02,-1.12844779e+02
257.140000,-1.44259107e+02,-1.12843525e+02
257.145000,-1.44257651e+02,-1.12842070e+02
257.150000,-1.44256096e+02,-1.12840517e+02
257.155000,-1.44254347e+02,-1.12838764e+02
257.160000,-1.44252326e+02,-1.12836751e+02
257.165000,-1.44249863e+02,-1.12834287e+02
257.170000,-1.44246875e+02,-1.12831306e+02
257.175000,-1.44243925e+02,-1.12828356e+02
257.180000,-1.44241107e+02,-1.12825528e+02
257.185000,-1.44238375e+02,-1.12822792e+02
257.190000,-1.44235716e+02,-1.12820131e+02
257.195000,-1.44233249e+02,-1.12817665e+02
257.200000,-1.44230911e+02,-1.12815330e+02
257.205000,-1.44228420e+02,-1.12812839e+02
257.210000,-1.44226033e+02,-1.12810456e+02
257.215000,-1.44223837e+02,-1.12808256e+02
257.220000,-1.44221871e+02,-1.12806285e+02
257.225000,-1.44220114e+02,-1.12804529e+02
257.230000,-1.44218401e+02,-1.12802815e+02
257.235000,-1.44216536e+02,-1.12800953e+02
257.240000,-1.44214372e+02,-1.12798787e+02
257.245000,-1.44212333e+02,-1.12796731e+02
257.250000,-1.44210363e+02,-1.12794765e+02
257.255000,-1.44208540e+02,-1.12792942e+02
257.260000,-1.44206725e+02,-1.12791133e+02
257.265000,-1.44204878e+02,-1.12789287e+02
257.270000,-1.44202751e+02,-1.12787158e+02
257.275000,-1.44200200e+02,-1.12784612e+02
257.280000,-1.44197678e+02,-1.12782091e+02
257.285000,-1.44195280e+02,-1.12779687e+02
257.290000,-1.44193079e+02,-1.12777490e+02
257.295000,-1.44191295e+02,-1.12775699e+02
257.300000,-1.44189586e+02,-1.12773990e+02
257.305000,-1.44187556e+02,-1.12771958e+02
257.310000,-1.44185028e+02,-1.12769434e+02
257.315000,-1.44182521e+02,-1.12766920e+02
257.320000,-1.44180088e+02,-1.12764484e+02
257.325000,-1.44177484e+02,-1.12761889e+02
257.330000,-1.44174534e+02,-1.12758939e+02
257.335000,-1.44171399e+02,-1.12755807e+02
257.340000,-1.44168219e+02,-1.12752618e+02
257.345000,-1.44164971e+02,-1.12749372e+02
257.350000,-1.44162029e+02,-1.12746433e+02
257.355000,-1.44159773e+02,-1.12744184e+02
257.360000,-1.44158246e+02,-1.12742664e+02
257.365000,-1.44157239e+02,-1.12741652e+02
257.370000,-1.44156469e+02,-1.12740885e+02
257.375000,-1.44155747e+02,-1.12740164e+02
257.380000,-1.44154814e+02,-1.12739233e+02
257.385000,-1.44154040e+02,-1.12738463e+02
257.390000,-1.44153343e+02,-1.12737766e+02
257.395000,-1.44152580e+02,-1.12737004e+02
257.400000,-1.44151576e+02,-1.12735998e+02
257.405000,-1.44150320e+02,-1.12734743e+02
257.410000,-1.44148584e+02,-1.12733005e+02
257.415000,-1.44146447e+02,-1.12730869e+02
257.420000,-1.44144684e+02,-1.12729101e+02
257.425000,-1.44143253e+02,-1.12727670e+02
257.430000,-1.44142026e+02,-1.12726443e+02
257.435000,-1.44140687e+02,-1.12725101e+02
257.440000,-1.44139098e+02,-1.12723514e+02
257.445000,-1.44137141e+02,-1.12721566e+02
257.450000,-1.44134388e+02,-1.12718808e+02
257.455000,-1.44131352e+02,-1.12715773e+02
257.460000,-1.44128188e+02,-1.12712608e+02
257.465000,-1.44124850e+02,-1.12709260e+02
257.470000,-1.44121642e+02,-1.12706054e+02
257.475000,-1.44118802e+02,-1.12703213e+02
257.480000,-1.44116006e+02,-1.12700417e+02
257.485000,-1.44113043e+02,-1.12697453e+02
257.490000,-1.44110351e+02,-1.12694761e+02
257.495000,-1.44108148e+02,-1.12692559e+02
257.500000,-1.44106353e+02,-1.12690763e+02
257.505000,-1.44104532e+02,-1.12688942e+02
257.510000,-1.44102606e+02,-1.12687017e+02
257.515000,-1.44100386e+02,-1.12684791e+02
257.520000,-1.44097983e+02,-1.12682394e+02
257.525000,-1.44096358e+02,-1.12680771e+02
257.530000,-1.44095315e+02,-1.12679725e+02
257.535000,-1.44094448e+02,-1.12678860e+02
257.540000,-1.44093394e+02,-1.12677805e+02
257.545000,-1.44092125e+02,-1.12676537e+02
257.550000,-1.44090507e+02,-1.12674924e+02
257.555000,-1.44088547e+02,-1.12672953e+02
257.560000,-1.44086607e+02,-1.12671018e+02
257.565000,-1.44084695e+02,-1.12669102e+02
257.570000,-1.44082676e+02,-1.12667085e+02
257.575000,-1.44080287e+02,-1.12664699e+02
257.580000,-1.44077545e+02,-1.12661962e+02
257.585000,-1.44074399e+02,-1.12658808e+02
257.590000,-1.44070834e+02,-1.12655246e+02
257.595000,-1.44067569e+02,-1.12651979e+02
257.600000,-1.44064666e+02,-1.12649079e+02
257.605000,-1.44062079e+02,-1.12646501e+02
257.610000,-1.44059381e+02,-1.12643807e+02
257.615000,-1.44056390e+02,-1.12640818e+02
257.620000,-1.44053067e+02,-1.12637498e+02
257.625000,-1.44049426e+02,-1.12633861e+02
257.630000,-1.44046042e+02,-1.12630477e+02
257.635000,-1.44042873e+02,-1.12627306e+02
257.640000,-1.44039858e+02,-1.12624290e+02
257.645000,-1.44036916e+02,-1.12621346e+02
257.650000,-1.44033962e+02,-1.12618393e+02
257.655000,-1.44030940e+02,-1.12615376e+02
257.660000,-1.44027749e+02,-1.12612182e+02
257.665000,-1.44024834e+02,-1.12609270e+02
257.670000,-1.44022175e+02,-1.12606611e+02
257.675000,-1.44019696e+02,-1.12604126e+02
257.680000,-1.44017308e+02,-1.12601737e+02
257.685000,-1.44015111e+02,-1.12599542e+02
257.690000,-1.44012830e+02,-1.12597265e+02
257.695000,-1.44010363e+02,-1.12594805e+02
257.700000,-1.44008094e+02,-1.12592537e+02
257.705000,-1.44006122e+02,-1.12590565e+02
257.710000,-1.44004493e+02,-1.12588939e+02
257.715000,-1.44002809e+02,-1.12587239e+02
257.720000,-1.44000847e+02,-1.12585271e+02
257.725000,-1.43998473e+02,-1.12582896e+02
257.730000,-1.43995645e+02,-1.12580070e+02
257.735000,-1.43993134e+02,-1.12577556e+02
257.740000,-1.43990977e+02,-1.12575400e+02
257.745000,-1.43989143e+02,-1.12573564e+02
257.750000,-1.43987252e+02,-1.12571674e+02
257.755000,-1.43985224e+02,-1.12569639e+02
257.760000,-1.43982879e+02,-1.12567299e+02
257.765000,-1.43980058e+02,-1.12564476e+02
257.770000,-1.43977344e+02,-1.12561763e+02
257.775000,-1.43974959e+02,-1.12559373e+02
257.780000,-1.43972744e+02,-1.12557157e+02
257.785000,-1.43970493e+02,-1.12554907e+02
257.790000,-1.43968211e+02,-1.12552629e+02
257.795000,-1.43965763e+02,-1.12550180e+02
257.800000,-1.43963028e+02,-1.12547444e+02
257.805000,-1.43960687e+02,-1.12545103e+02
257.810000,-1.43958644e+02,-1.12543060e+02
257.815000,-1.43956643e+02,-1.12541047e+02
257.820000,-1.43954465e+02,-1.12538857e+02
257.825000,-1.43952032e+02,-1.12536432e+02
257.830000,-1.43949385e+02,-1.12533788e+02
257.835000,-1.43946599e+02,-1.12530993e+02
257.840000,-1.43944068e+02,-1.12528460e+02
257.845000,-1.43941715e+02,-1.12526108e+02
257.850000,-1.43939664e+02,-1.12524060e+02
257.855000,-1.43937837e+02,-1.12522235e+02
257.860000,-1.43935740e+02,-1.12520141e+02
257.865000,-1.43933281e+02,-1.12517679e+02
257.870000,-1.43931348e+02,-1.12515747e+02
257.875000,-1.43929692e+02,-1.12514088e+02
257.880000,-1.43928090e+02,-1.12512489e+02
257.885000,-1.43926624e+02,-1.12511024e+02
257.890000,-1.43925104e+02,-1.12509500e+02
257.895000,-1.43923214e+02,-1.12507617e+02
257.900000,-1.43920810e+02,-1.12505212e+02
257.905000,-1.43918553e+02,-1.12502963e+02
257.910000,-1.43916346e+02,-1.12500756e+02
257.915000,-1.43914115e+02,-1.12498531e+02
257.920000,-1.43912181e+02,-1.12496595e+02
257.925000,-1.43910220e+02,-1.12494640e+02
257.930000,-1.43908030e+02,-1.12492449e+02
257.935000,-1.43906041e+02,-1.12490461e+02
257.940000,-1.43904016e+02,-1.12488438e+02
257.945000,-1.43901993e+02,-1.12486414e+02
257.950000,-1.43899746e+02,-1.12484166e+02
257.955000,-1.43897242e+02,-1.12481661e+02
257.960000,-1.43894572e+02,-1.12479002e+02
257.965000,-1.43892160e+02,-1.12476592e+02
257.970000,-1.43889276e+02,-1.12473708e+02
257.975000,-1.43886394e+02,-1.12470823e+02
257.980000,-1.43883644e+02,-1.12468080e+02
257.985000,-1.43880599e+02,-1.12465039e+02
257.990000,-1.43877397e+02,-1.12461839e+02
257.995000,-1.43874760e+02,-1.12459202e+02
258.000000,-1.43872375e+02,-1.12456810e+02
258.005000,-1.43870255e+02,-1.12454697e+02
258.010000,-1.43868050e+02,-1.12452479e+02
258.015000,-1.43865829e+02,-1.12450264e+02
258.020000,-1.43863212e+02,-1.12447643e+02
258.025000,-1.43860926e+02,-1.12445355e+02
258.030000,-1.43858798e+02,-1.12443226e+02
258.035000,-1.43857162e+02,-1.12441591e+02
258.040000,-1.43855906e+02,-1.12440326e+02
258.045000,-1.43854381e+02,-1.12438803e+02
258.050000,-1.43852339e+02,-1.12436770e+02
258.055000,-1.43851491e+02,-1.12435922e+02
258.060000,-1.43850690e+02,-1.12435124e+02
258.065000,-1.43849837e+02,-1.12434265e+02
258.070000,-1.43849137e+02,-1.12433566e+02
258.075000,-1.43848646e+02,-1.12433076e+02
258.080000,-1.43847951e+02,-1.12432382e+02
258.085000,-1.43846743e+02,-1.12431191e+02
258.090000,-1.43847586e+02,-1.12432007e+02
258.095000,-1.43849494e+02,-1.12433911e+02
258.100000,-1.43851129e+02,-1.12435544e+02
258.105000,-1.43852170e+02,-1.12436588e+02
258.110000,-1.43852254e+02,-1.12436662e+02
258.115000,-1.43851903e+02,-1.12436305e+02
258.120000,-1.43851889e+02,-1.12436296e+02
258.125000,-1.43851861e+02,-1.12436266e+02
258.130000,-1.43851978e+02,-1.12436377e+02
258.135000,-1.43851923e+02,-1.12436324e+02
258.140000,-1.43851091e+02,-1.12435484e+02
258.145000,-1.43849772e+02,-1.12434152e+02
258.150000,-1.43849049e+02,-1.12433426e+02
258.155000,-1.43848174e+02,-1.12432553e+02
258.160000,-1.43847085e+02,-1.12431468e+02
258.165000,-1.43846051e+02,-1.12430435e+02
258.170000,-1.43844340e+02,-1.12428726e+02
258.175000,-1.43842585e+02,-1.12426973e+02
258.180000,-1.43841177e+02,-1.12425561e+02
258.185000,-1.43839869e+02,-1.12424261e+02
258.190000,-1.43838412e+02,-1.12422802e+02
258.195000,-1.43836830e+02,-1.12421221e+02
258.200000,-1.43835005e+02,-1.12419393e+02
258.205000,-1.43833294e+02,-1.12417689e+02
258.210000,-1.43832569e+02,-1.12416968e+02
258.215000,-1.43831970e+02,-1.12416368e+02
258.220000,-1.43831249e+02,-1.12415645e+02
258.225000,-1.43830562e+02,-1.12414967e+02
258.230000,-1.43829315e+02,-1.12413732e+02
258.235000,-1.43829299e+02,-1.12413716e+02
258.240000,-1.43829190e+02,-1.12413608e+02
258.245000,-1.43829558e+02,-1.12413975e+02
258.250000,-1.43829885e+02,-1.12414312e+02
258.255000,-1.43829896e+02,-1.12414322e+02
258.260000,-1.43829088e+02,-1.12413513e+02
258.265000,-1.43828440e+02,-1.12412867e+02
258.270000,-1.43828064e+02,-1.12412494e+02
258.275000,-1.43827856e+02,-1.12412289e+02
258.280000,-1.43827725e+02,-1.12412154e+02
258.285000,-1.43827645e+02,-1.12412070e+02
258.290000,-1.43827074e+02,-1.12411498e+02
258.295000,-1.43826593e+02,-1.12411018e+02
258.300000,-1.43826160e+02,-1.12410585e+02
258.305000,-1.43825755e+02,-1.12410192e+02
258.310000,-1.43826230e+02,-1.12410665e+02
258.315000,-1.43826103e+02,-1.12410545e+02
258.320000,-1.43824638e+02,-1.12409065e+02
258.325000,-1.43823760e+02,-1.12408185e+02
258.330000,-1.43822890e+02,-1.12407307e+02
258.335000,-1.43821734e+02,-1.12406148e+02
258.340000,-1.43820174e+02,-1.12404587e+02
258.345000,-1.43818596e+02,-1.12403013e+02
258.350000,-1.43816604e+02,-1.12401027e+02
258.355000,-1.43815434e+02,-1.12399846e+02
258.360000,-1.43814649e+02,-1.12399064e+02
258.365000,-1.43814111e+02,-1.12398523e+02
258.370000,-1.43813673e+02,-1.12398085e+02
258.375000,-1.43813357e+02,-1.12397771e+02
258.380000,-1.43812405e+02,-1.12396817e+02
258.385000,-1.43811569e+02,-1.12395973e+02
258.390000,-1.43811199e+02,-1.12395604e+02
258.395000,-1.43810832e+02,-1.12395236e+02
258.400000,-1.43810323e+02,-1.12394719e+02
258.405000,-1.43809660e+02,-1.12394060e+02
258.410000,-1.43808395e+02,-1.12392801e+02
258.415000,-1.43808382e+02,-1.12392788e+02
258.420000,-1.43808242e+02,-1.12392663e+02
258.425000,-1.43808982e+02,-1.12393401e+02
258.430000,-1.43809242e+02,-1.12393666e+02
258.435000,-1.43809107e+02,-1.12393535e+02
258.440000,-1.43807770e+02,-1.12392196e+02
258.445000,-1.43806889e+02,-1.12391316e+02
258.450000,-1.43806014e+02,-1.12390442e+02
258.455000,-1.43805295e+02,-1.12389720e+02
258.460000,-1.43804314e+02,-1.12388721e+02
258.465000,-1.43803525e+02,-1.12387933e+02
258.470000,-1.43801865e+02,-1.12386277e+02
258.475000,-1.43800999e+02,-1.12385414e+02
258.480000,-1.43800164e+02,-1.12384594e+02
258.485000,-1.43800527e+02,-1.12384959e+02
258.490000,-1.43800551e+02,-1.12384984e+02
258.495000,-1.43800395e+02,-1.12384831e+02
258.500000,-1.43799103e+02,-1.12383527e+02
258.505000,-1.43798694e+02,-1.12383117e+02
258.510000,-1.43798711e+02,-1.12383130e+02
258.515000,-1.43799147e+02,-1.12383566e+02
258.520000,-1.43799495e+02,-1.12383913e+02
258.525000,-1.43799759e+02,-1.12384173e+02
258.530000,-1.43799496e+02,-1.12383901e+02
258.535000,-1.43799169e+02,-1.12383573e+02
258.540000,-1.43798715e+02,-1.12383131e+02
258.545000,-1.43798798e+02,-1.12383215e+02
258.550000,-1.43798264e+02,-1.12382676e+02
258.555000,-1.43797199e+02,-1.12381614e+02
258.560000,-1.43794878e+02,-1.12379287e+02
258.565000,-1.43793288e+02,-1.12377685e+02
258.570000,-1.43791358e+02,-1.12375757e+02
258.575000,-1.43789424e+02,-1.12373813e+02
258.580000,-1.43787814e+02,-1.12372199e+02
258.585000,-1.43786212e+02,-1.12370606e+02
258.590000,-1.43783755e+02,-1.12368143e+02
258.595000,-1.43782341e+02,-1.12366729e+02
258.600000,-1.43781306e+02,-1.12365694e+02
258.605000,-1.43780671e+02,-1.12365058e+02
258.610000,-1.43779675e+02,-1.12364063e+02
258.615000,-1.43778255e+02,-1.12362643e+02
258.620000,-1.43775832e+02,-1.12360224e+02
258.625000,-1.43774824e+02,-1.12359217e+02
258.630000,-1.43773841e+02,-1.12358239e+02
258.635000,-1.43774230e+02,-1.12358631e+02
258.640000,-1.43774256e+02,-1.12358656e+02
258.645000,-1.43774082e+02,-1.12358488e+02
258.650000,-1.43772827e+02,-1.12357237e+02
258.655000,-1.43772540e+02,-1.12356970e+02
258.660000,-1.43771415e+02,-1.12355844e+02
258.665000,-1.43770602e+02,-1.12355032e+02
258.670000,-1.43769675e+02,-1.12354106e+02
258.675000,-1.43768679e+02,-1.12353117e+02
258.680000,-1.43766549e+02,-1.12350986e+02
258.685000,-1.43765085e+02,-1.12349538e+02
258.690000,-1.43764689e+02,-1.12349130e+02
258.695000,-1.43764162e+02,-1.12348607e+02
258.700000,-1.43763248e+02,-1.12347695e+02
258.705000,-1.43762230e+02,-1.12346674e+02
258.710000,-1.43760025e+02,-1.12344471e+02
258.715000,-1.43758935e+02,-1.12343382e+02
258.720000,-1.43757985e+02,-1.12342437e+02
258.725000,-1.43757154e+02,-1.12341610e+02
258.730000,-1.43755846e+02,-1.12340302e+02
258.735000,-1.43755083e+02,-1.12339533e+02
258.740000,-1.43753023e+02,-1.12337469e+02
258.745000,-1.43752374e+02,-1.12336822e+02
258.750000,-1.43751736e+02,-1.12336179e+02
258.755000,-1.43751142e+02,-1.12335584e+02
258.760000,-1.43750187e+02,-1.12334626e+02
258.765000,-1.43748820e+02,-1.12333263e+02
258.770000,-1.43746409e+02,-1.12330852e+02
258.775000,-1.43745254e+02,-1.12329694e+02
258.780000,-1.43744259e+02,-1.12328705e+02
258.785000,-1.43743295e+02,-1.12327747e+02
258.790000,-1.43743139e+02,-1.12327578e+02
258.795000,-1.43743120e+02,-1.12327561e+02
258.800000,-1.43742145e+02,-1.12326589e+02
258.805000,-1.43742453e+02,-1.12326879e+02
258.810000,-1.43743045e+02,-1.12327462e+02
258.815000,-1.43743462e+02,-1.12327879e+02
258.820000,-1.43743249e+02,-1.12327663e+02
258.825000,-1.43742813e+02,-1.12327227e+02
258.830000,-1.43741316e+02,-1.12325718e+02
258.835000,-1.43741315e+02,-1.12325705e+02
258.840000,-1.43740887e+02,-1.12325284e+02
258.845000,-1.43740511e+02,-1.12324904e+02
258.850000,-1.43739611e+02,-1.12323997e+02
258.855000,-1.43738359e+02,-1.12322755e+02
258.860000,-1.43736494e+02,-1.12320893e+02
258.865000,-1.43736017e+02,-1.12320416e+02
258.870000,-1.43735648e+02,-1.12320051e+02
258.875000,-1.43735756e+02,-1.12320145e+02
258.880000,-1.43734907e+02,-1.12319304e+02
258.885000,-1.43734669e+02,-1.12319068e+02
258.890000,-1.43733324e+02,-1.12317723e+02
258.895000,-1.43733455e+02,-1.12317853e+02
258.900000,-1.43733465e+02,-1.12317877e+02
258.905000,-1.43734326e+02,-1.12318733e+02
258.910000,-1.43734420e+02,-1.12318825e+02
258.915000,-1.43734137e+02,-1.12318535e+02
258.920000,-1.43732275e+02,-1.12316678e+02
258.925000,-1.43731808e+02,-1.12316216e+02
258.930000,-1.43731201e+02,-1.12315619e+02
258.935000,-1.43730309e+02,-1.12314734e+02
258.940000,-1.43729537e+02,-1.12313963e+02
258.945000,-1.43728772e+02,-1.12313195e+02
258.950000,-1.43726871e+02,-1.12311296e+02
258.955000,-1.43726740e+02,-1.12311158e+02
258.960000,-1.43726282e+02,-1.12310695e+02
258.965000,-1.43725352e+02,-1.12309754e+02
258.970000,-1.43724887e+02,-1.12309295e+02
258.975000,-1.43724552e+02,-1.12308958e+02
258.980000,-1.43722797e+02,-1.12307205e+02
258.985000,-1.43722634e+02,-1.12307034e+02
258.990000,-1.43722529e+02,-1.12306928e+02
258.995000,-1.43722435e+02,-1.12306839e+02
259.000000,-1.43721999e+02,-1.12306404e+02
259.005000,-1.43721542e+02,-1.12305949e+02
259.010000,-1.43719954e+02,-1.12304353e+02
259.015000,-1.43720202e+02,-1.12304601e+02
259.020000,-1.43720641e+02,-1.12305045e+02
259.025000,-1.43720695e+02,-1.12305100e+02
259.030000,-1.43720049e+02,-1.12304470e+02
259.035000,-1.43721144e+02,-1.12305559e+02
259.040000,-1.43721038e+02,-1.12305455e+02
259.045000,-1.43722313e+02,-1.12306715e+02
259.050000,-1.43723604e+02,-1.12308008e+02
259.055000,-1.43724846e+02,-1.12309240e+02
259.060000,-1.43725551e+02,-1.12309952e+02
259.065000,-1.43726515e+02,-1.12310914e+02
259.070000,-1.43725763e+02,-1.12310150e+02
259.075000,-1.43727162e+02,-1.12311567e+02
259.080000,-1.43728252e+02,-1.12312667e+02
259.085000,-1.43730078e+02,-1.12314485e+02
259.090000,-1.43731257e+02,-1.12315663e+02
259.095000,-1.43732266e+02,-1.12316670e+02
259.100000,-1.43731591e+02,-1.12315997e+02
259.105000,-1.43732457e+02,-1.12316859e+02
259.110000,-1.43733241e+02,-1.12317642e+02
259.115000,-1.43734271e+02,-1.12318676e+02
259.120000,-1.43735115e+02,-1.12319521e+02
259.125000,-1.43735839e+02,-1.12320251e+02
259.130000,-1.43735844e+02,-1.12320259e+02
259.135000,-1.43737222e+02,-1.12321632e+02
259.140000,-1.43737870e+02,-1.12322285e+02
259.145000,-1.43738690e+02,-1.12323104e+02
259.150000,-1.43739530e+02,-1.12323968e+02
259.155000,-1.43741180e+02,-1.12325619e+02
259.160000,-1.43741944e+02,-1.12326384e+02
259.165000,-1.43744788e+02,-1.12329225e+02
259.170000,-1.43747490e+02,-1.12331928e+02
259.175000,-1.43750352e+02,-1.12334788e+02
259.180000,-1.43752654e+02,-1.12337094e+02
259.185000,-1.43754604e+02,-1.12339044e+02
259.190000,-1.43754826e+02,-1.12339264e+02
259.195000,-1.43756599e+02,-1.12341034e+02
259.200000,-1.43758161e+02,-1.12342593e+02
259.205000,-1.43759786e+02,-1.12344220e+02
259.210000,-1.43761228e+02,-1.12345670e+02
259.215000,-1.43762440e+02,-1.12346879e+02
259.220000,-1.43761809e+02,-1.12346255e+02
259.225000,-1.43762952e+02,-1.12347397e+02
259.230000,-1.43763901e+02,-1.12348346e+02
259.235000,-1.43764976e+02,-1.12349411e+02
259.240000,-1.43766093e+02,-1.12350520e+02
259.245000,-1.43767502e+02,-1.12351934e+02
259.250000,-1.43767258e+02,-1.12351686e+02
259.255000,-1.43768721e+02,-1.12353152e+02
259.260000,-1.43770014e+02,-1.12354438e+02
259.265000,-1.43770629e+02,-1.12355049e+02
259.270000,-1.43770994e+02,-1.12355420e+02
259.275000,-1.43771979e+02,-1.12356405e+02
259.280000,-1.43771452e+02,-1.12355871e+02
259.285000,-1.43772774e+02,-1.12357176e+02
259.290000,-1.43772680e+02,-1.12357082e+02
259.295000,-1.43772634e+02,-1.12357029e+02
259.300000,-1.43772417e+02,-1.12356814e+02
259.305000,-1.43772235e+02,-1.12356628e+02
259.310000,-1.43770518e+02,-1.12354906e+02
259.315000,-1.43770661e+02,-1.12355060e+02
259.320000,-1.43771460e+02,-1.12355857e+02
259.325000,-1.43772441e+02,-1.12356828e+02
259.330000,-1.43772342e+02,-1.12356739e+02
259.335000,-1.43773238e+02,-1.12357633e+02
259.340000,-1.43772451e+02,-1.12356840e+02
259.345000,-1.43773494e+02,-1.12357886e+02
259.350000,-1.43774658e+02,-1.12359046e+02
259.355000,-1.43776265e+02,-1.12360657e+02
259.360000,-1.43777536e+02,-1.12361937e+02
259.365000,-1.43779414e+02,-1.12363809e+02
259.370000,-1.43779545e+02,-1.12363942e+02
259.375000,-1.43781414e+02,-1.12365801e+02
259.380000,-1.43783296e+02,-1.12367686e+02
259.385000,-1.43785184e+02,-1.12369572e+02
259.390000,-1.43787182e+02,-1.12371570e+02
259.395000,-1.43789160e+02,-1.12373548e+02
259.400000,-1.43789483e+02,-1.12373875e+02
259.405000,-1.43791318e+02,-1.12375714e+02
259.410000,-1.43793014e+02,-1.12377408e+02
259.415000,-1.43794041e+02,-1.12378441e+02
259.420000,-1.43794225e+02,-1.12378624e+02
259.425000,-1.43793899e+02,-1.12378301e+02
259.430000,-1.43791486e+02,-1.12375871e+02
259.435000,-1.43790839e+02,-1.12375239e+02
259.440000,-1.43789361e+02,-1.12373760e+02
259.445000,-1.43788310e+02,-1.12372710e+02
259.450000,-1.43787441e+02,-1.12371844e+02
259.455000,-1.43787006e+02,-1.12371413e+02
259.460000,-1.43785293e+02,-1.12369704e+02
259.465000,-1.43785553e+02,-1.12369968e+02
259.470000,-1.43785686e+02,-1.12370106e+02
259.475000,-1.43786088e+02,-1.12370500e+02
259.480000,-1.43786760e+02,-1.12371174e+02
259.485000,-1.43787555e+02,-1.12371972e+02
259.490000,-1.43786783e+02,-1.12371201e+02
259.495000,-1.43788546e+02,-1.12372962e+02
259.500000,-1.43790337e+02,-1.12374763e+02
259.505000,-1.43791885e+02,-1.12376312e+02
259.510000,-1.43793147e+02,-1.12377583e+02
259.515000,-1.43794368e+02,-1.12378797e+02
259.520000,-1.43794187e+02,-1.12378635e+02
259.525000,-1.43795387e+02,-1.12379826e+02
259.530000,-1.43796448e+02,-1.12380887e+02
259.535000,-1.43797606e+02,-1.12382054e+02
259.540000,-1.43799494e+02,-1.12383940e+02
259.545000,-1.43801178e+02,-1.12385623e+02
259.550000,-1.43801233e+02,-1.12385677e+02
259.555000,-1.43803482e+02,-1.12387924e+02
259.560000,-1.43805125e+02,-1.12389564e+02
259.565000,-1.43806657e+02,-1.12391097e+02
259.570000,-1.43807535e+02,-1.12391975e+02
259.575000,-1.43808013e+02,-1.12392448e+02
259.580000,-1.43806407e+02,-1.12390833e+02
259.585000,-1.43806519e+02,-1.12390940e+02
259.590000,-1.43806308e+02,-1.12390725e+02
259.595000,-1.43806192e+02,-1.12390622e+02
259.600000,-1.43806222e+02,-1.12390633e+02
259.605000,-1.43806518e+02,-1.12390926e+02
259.610000,-1.43804800e+02,-1.12389204e+02
259.615000,-1.43805153e+02,-1.12389563e+02
259.620000,-1.43806057e+02,-1.12390464e+02
259.625000,-1.43807227e+02,-1.12391635e+02
259.630000,-1.43808015e+02,-1.12392421e+02
259.635000,-1.43808532e+02,-1.12392941e+02
259.640000,-1.43807206e+02,-1.12391611e+02
259.645000,-1.43807806e+02,-1.12392208e+02
259.650000,-1.43808185e+02,-1.12392589e+02
259.655000,-1.43809030e+02,-1.12393437e+02
259.660000,-1.43809655e+02,-1.12394059e+02
259.665000,-1.43810215e+02,-1.12394615e+02
259.670000,-1.43809025e+02,-1.12393421e+02
259.675000,-1.43809816e+02,-1.12394212e+02
259.680000,-1.43810440e+02,-1.12394839e+02
259.685000,-1.43811225e+02,-1.12395627e+02
259.690000,-1.43811729e+02,-1.12396130e+02
259.695000,-1.43812098e+02,-1.12396501e+02
259.700000,-1.43810755e+02,-1.12395155e+02
259.705000,-1.43811137e+02,-1.12395536e+02
259.710000,-1.43811329e+02,-1.12395715e+02
259.715000,-1.43810914e+02,-1.12395304e+02
259.720000,-1.43810683e+02,-1.12395064e+02
259.725000,-1.43810363e+02,-1.12394749e+02
259.730000,-1.43808437e+02,-1.12392830e+02
259.735000,-1.43808268e+02,-1.12392662e+02
259.740000,-1.43807702e+02,-1.12392101e+02
259.745000,-1.43807338e+02,-1.12391733e+02
259.750000,-1.43806243e+02,-1.12390649e+02
259.755000,-1.43806015e+02,-1.12390424e+02
259.760000,-1.43804163e+02,-1.12388570e+02
259.765000,-1.43804127e+02,-1.12388535e+02
259.770000,-1.43804071e+02,-1.12388489e+02
259.775000,-1.43803724e+02,-1.12388139e+02
259.780000,-1.43803560e+02,-1.12387971e+02
259.785000,-1.43803638e+02,-1.12388048e+02
259.790000,-1.43802509e+02,-1.12386925e+02
259.795000,-1.43803991e+02,-1.12388403e+02
259.800000,-1.43805593e+02,-1.12389998e+02
259.805000,-1.43807351e+02,-1.12391750e+02
259.810000,-1.43808493e+02,-1.12392894e+02
259.815000,-1.43809354e+02,-1.12393759e+02
259.820000,-1.43808588e+02,-1.12392991e+02
259.825000,-1.43809673e+02,-1.12394083e+02
259.830000,-1.43810330e+02,-1.12394745e+02
259.835000,-1.43811570e+02,-1.12395981e+02
259.840000,-1.43812092e+02,-1.12396501e+02
259.845000,-1.43812684e+02,-1.12397096e+02
259.850000,-1.43812403e+02,-1.12396822e+02
259.855000,-1.43814043e+02,-1.12398463e+02
259.860000,-1.43815083e+02,-1.12399501e+02
259.865000,-1.43816173e+02,-1.12400605e+02
259.870000,-1.43818162e+02,-1.12402585e+02
259.875000,-1.43819618e+02,-1.12404042e+02
259.880000,-1.43819008e+02,-1.12403426e+02
259.885000,-1.43820179e+02,-1.12404595e+02
259.890000,-1.43821007e+02,-1.12405430e+02
259.895000,-1.43821041e+02,-1.12405467e+02
259.900000,-1.43820427e+02,-1.12404856e+02
259.905000,-1.43819747e+02,-1.12404170e+02
259.910000,-1.43818007e+02,-1.12402425e+02
259.915000,-1.43818090e+02,-1.12402498e+02
259.920000,-1.43818681e+02,-1.12403095e+02
259.925000,-1.43819490e+02,-1.12403902e+02
259.930000,-1.43819915e+02,-1.12404327e+02
259.935000,-1.43819827e+02,-1.12404240e+02
259.940000,-1.43818225e+02,-1.12402643e+02
259.945000,-1.43818088e+02,-1.12402512e+02
259.950000,-1.43818389e+02,-1.12402798e+02
259.955000,-1.43819175e+02,-1.12403590e+02
259.960000,-1.43819720e+02,-1.12404134e+02
259.965000,-1.43820162e+02,-1.12404570e+02
259.970000,-1.43819168e+02,-1.12403571e+02
259.975000,-1.43819856e+02,-1.12404265e+02
259.980000,-1.43821302e+02,-1.12405709e+02
259.985000,-1.43823029e+02,-1.12407432e+02
259.990000,-1.43824116e+02,-1.12408518e+02
259.995000,-1.43824880e+02,-1.12409287e+02
260.000000,-1.43823716e+02,-1.12408138e+02
260.005000,-1.43824883e+02,-1.12409301e+02
260.010000,-1.43825223e+02,-1.12409629e+02
260.015000,-1.43825127e+02,-1.12409526e+02
260.020000,-1.43824396e+02,-1.12408794e+02
260.025000,-1.43823488e+02,-1.12407890e+02
260.030000,-1.43821053e+02,-1.12405461e+02
260.035000,-1.43821163e+02,-1.12405567e+02
260.040000,-1.43819678e+02,-1.12404080e+02
260.045000,-1.43818058e+02,-1.12402460e+02
260.050000,-1.43816024e+02,-1.12400426e+02
260.055000,-1.43814013e+02,-1.12398416e+02
260.060000,-1.43810847e+02,-1.12395238e+02
260.065000,-1.43809258e+02,-1.12393643e+02
260.070000,-1.43807590e+02,-1.12391987e+02
260.075000,-1.43806563e+02,-1.12390958e+02
260.080000,-1.43805664e+02,-1.12390056e+02
260.085000,-1.43803134e+02,-1.12387535e+02
260.090000,-1.43803100e+02,-1.12387490e+02
260.095000,-1.43803914e+02,-1.12388305e+02
260.100000,-1.43804578e+02,-1.12388967e+02
260.105000,-1.43805159e+02,-1.12389548e+02
260.110000,-1.43805830e+02,-1.12390206e+02
260.115000,-1.43804603e+02,-1.12388985e+02
260.120000,-1.43804539e+02,-1.12388929e+02
260.125000,-1.43804237e+02,-1.12388628e+02
260.130000,-1.43803394e+02,-1.12387787e+02
260.135000,-1.43803088e+02,-1.12387482e+02
260.140000,-1.43802041e+02,-1.12386446e+02
260.145000,-1.43802163e+02,-1.12386562e+02
260.150000,-1.43802241e+02,-1.12386649e+02
260.155000,-1.43802072e+02,-1.12386482e+02
260.160000,-1.43801816e+02,-1.12386223e+02
260.165000,-1.43799751e+02,-1.12384156e+02
260.170000,-1.43800107e+02,-1.12384519e+02
260.175000,-1.43801684e+02,-1.12386097e+02
260.180000,-1.43803120e+02,-1.12387525e+02
260.185000,-1.43804761e+02,-1.12389166e+02
260.190000,-1.43804471e+02,-1.12388881e+02
260.195000,-1.43807474e+02,-1.12391884e+02
260.200000,-1.43810629e+02,-1.12395043e+02
260.205000,-1.43814559e+02,-1.12398973e+02
260.210000,-1.43818117e+02,-1.12402524e+02
260.215000,-1.43819274e+02,-1.12403673e+02
260.220000,-1.43821280e+02,-1.12405679e+02
260.225000,-1.43823307e+02,-1.12407720e+02
260.230000,-1.43824528e+02,-1.12408936e+02
260.235000,-1.43825764e+02,-1.12410170e+02
260.240000,-1.43824958e+02,-1.12409362e+02
260.245000,-1.43826423e+02,-1.12410830e+02
260.250000,-1.43827995e+02,-1.12412408e+02
260.255000,-1.43829785e+02,-1.12414196e+02
260.260000,-1.43831259e+02,-1.12415670e+02
260.265000,-1.43830825e+02,-1.12415248e+02
260.270000,-1.43832688e+02,-1.12417113e+02
260.275000,-1.43834924e+02,-1.12419345e+02
260.280000,-1.43836469e+02,-1.12420880e+02
260.285000,-1.43838130e+02,-1.12422539e+02
260.290000,-1.43837912e+02,-1.12422310e+02
260.295000,-1.43839064e+02,-1.12423455e+02
260.300000,-1.43840580e+02,-1.12424977e+02
260.305000,-1.43842169e+02,-1.12426565e+02
260.310000,-1.43843287e+02,-1.12427684e+02
260.315000,-1.43842351e+02,-1.12426746e+02
260.320000,-1.43844135e+02,-1.12428528e+02
260.325000,-1.43846420e+02,-1.12430818e+02
260.330000,-1.43848422e+02,-1.12432819e+02
260.335000,-1.43850185e+02,-1.12434582e+02
260.340000,-1.43850188e+02,-1.12434587e+02
260.345000,-1.43852147e+02,-1.12436543e+02
260.350000,-1.43854134e+02,-1.12438532e+02
260.355000,-1.43855711e+02,-1.12440115e+02
260.360000,-1.43858550e+02,-1.12442954e+02
260.365000,-1.43860001e+02,-1.12444402e+02
260.370000,-1.43862853e+02,-1.12447252e+02
260.375000,-1.43865905e+02,-1.12450313e+02
260.380000,-1.43868046e+02,-1.12452434e+02
260.385000,-1.43867500e+02,-1.12451874e+02
260.390000,-1.43865674e+02,-1.12450055e+02
260.395000,-1.43865940e+02,-1.12450317e+02
260.400000,-1.43866210e+02,-1.12450592e+02
260.405000,-1.43867835e+02,-1.12452219e+02
260.410000,-1.43869267e+02,-1.12453655e+02
260.415000,-1.43869389e+02,-1.12453777e+02
260.420000,-1.43871267e+02,-1.12455647e+02
260.425000,-1.43873134e+02,-1.12457503e+02
260.430000,-1.43873741e+02,-1.12458120e+02
260.435000,-1.43875462e+02,-1.12459843e+02
260.440000,-1.43875451e+02,-1.12459859e+02
260.445000,-1.43877228e+02,-1.12461630e+02
260.450000,-1.43879039e+02,-1.12463442e+02
260.455000,-1.43880462e+02,-1.12464861e+02
260.460000,-1.43882127e+02,-1.12466524e+02
260.465000,-1.43881658e+02,-1.12466059e+02
260.470000,-1.43883254e+02,-1.12467659e+02
260.475000,-1.43884591e+02,-1.12468992e+02
260.480000,-1.43885596e+02,-1.12469992e+02
260.485000,-1.43886339e+02,-1.12470736e+02
260.490000,-1.43885408e+02,-1.12469804e+02
260.495000,-1.43886447e+02,-1.12470842e+02
260.500000,-1.43887710e+02,-1.12472115e+02
260.505000,-1.43888985e+02,-1.12473383e+02
260.510000,-1.43891123e+02,-1.12475527e+02
260.515000,-1.43892524e+02,-1.12476927e+02
260.520000,-1.43895299e+02,-1.12479713e+02
260.525000,-1.43897684e+02,-1.12482088e+02
260.530000,-1.43899721e+02,-1.12484121e+02
260.535000,-1.43901582e+02,-1.12485979e+02
260.540000,-1.43900458e+02,-1.12484853e+02
260.545000,-1.43900893e+02,-1.12485277e+02
260.550000,-1.43901522e+02,-1.12485914e+02
260.555000,-1.43903016e+02,-1.12487397e+02
260.560000,-1.43904430e+02,-1.12488814e+02
260.565000,-1.43903914e+02,-1.12488296e+02
260.570000,-1.43904950e+02,-1.12489342e+02
260.575000,-1.43906926e+02,-1.12491323e+02
260.580000,-1.43908055e+02,-1.12492445e+02
260.585000,-1.43909317e+02,-1.12493701e+02
260.590000,-1.43909193e+02,-1.12493576e+02
260.595000,-1.43910580e+02,-1.12494981e+02
260.600000,-1.43911231e+02,-1.12495627e+02
260.605000,-1.43911756e+02,-1.12496153e+02
260.610000,-1.43911717e+02,-1.12496104e+02
260.615000,-1.43910517e+02,-1.12494901e+02
260.620000,-1.43911189e+02,-1.12495585e+02
260.625000,-1.43912611e+02,-1.12497003e+02
260.630000,-1.43913419e+02,-1.12497808e+02
260.635000,-1.43914356e+02,-1.12498743e+02
260.640000,-1.43913620e+02,-1.12498010e+02
260.645000,-1.43914208e+02,-1.12498602e+02
260.650000,-1.43915126e+02,-1.12499513e+02
260.655000,-1.43916057e+02,-1.12500441e+02
260.660000,-1.43922838e+02,-1.12507224e+02
260.665000,-1.43925429e+02,-1.12509817e+02
260.670000,-1.43929007e+02,-1.12513394e+02
260.675000,-1.43931646e+02,-1.12516029e+02
260.680000,-1.43933245e+02,-1.12517625e+02
260.685000,-1.43933601e+02,-1.12517981e+02
260.690000,-1.43932652e+02,-1.12517027e+02
260.695000,-1.43949836e+02,-1.12534191e+02
260.700000,-1.43959061e+02,-1.12543428e+02
260.705000,-1.43966521e+02,-1.12550895e+02
260.710000,-1.43974223e+02,-1.12558605e+02
260.715000,-1.43978570e+02,-1.12562957e+02
260.720000,-1.43982799e+02,-1.12567190e+02
260.725000,-1.43989317e+02,-1.12573724e+02
260.730000,-1.43993015e+02,-1.12577421e+02
260.735000,-1.43995213e+02,-1.12579605e+02
260.740000,-1.43996234e+02,-1.12580614e+02
260.745000,-1.43996918e+02,-1.12581305e+02
260.750000,-1.43997240e+02,-1.12581619e+02
260.755000,-1.43996578e+02,-1.12580957e+02
260.760000,-1.43995405e+02,-1.12579793e+02
260.765000,-1.43993465e+02,-1.12577845e+02
260.770000,-1.43993857e+02,-1.12578242e+02
260.775000,-1.43994268e+02,-1.12578655e+02
260.780000,-1.43983955e+02,-1.12568344e+02
260.785000,-1.43978501e+02,-1.12562884e+02
260.790000,-1.43974634e+02,-1.12559027e+02
260.795000,-1.43977611e+02,-1.12562002e+02
260.800000,-1.43979654e+02,-1.12564052e+02
260.805000,-1.43982167e+02,-1.12566564e+02
260.810000,-1.43990416e+02,-1.12574799e+02
260.815000,-1.43990770e+02,-1.12575149e+02
260.820000,-1.43992697e+02,-1.12577081e+02
260.825000,-1.43994649e+02,-1.12579033e+02
260.830000,-1.43996599e+02,-1.12580992e+02
260.835000,-1.43997725e+02,-1.12582114e+02
260.840000,-1.43998126e+02,-1.12582534e+02
260.845000,-1.44000161e+02,-1.12584566e+02
260.850000,-1.44001941e+02,-1.12586352e+02
260.855000,-1.44003758e+02,-1.12588172e+02
260.860000,-1.44004559e+02,-1.12588970e+02
260.865000,-1.44004619e+02,-1.12589028e+02
260.870000,-1.44006024e+02,-1.12590423e+02
260.875000,-1.44007358e+02,-1.12591756e+02
260.880000,-1.44008465e+02,-1.12592859e+02
260.885000,-1.44010010e+02,-1.12594405e+02
260.890000,-1.44010776e+02,-1.12595166e+02
260.895000,-1.44014003e+02,-1.12598402e+02
260.900000,-1.44016134e+02,-1.12600535e+02
260.905000,-1.44017967e+02,-1.12602375e+02
260.910000,-1.44018078e+02,-1.12602495e+02
260.915000,-1.44017174e+02,-1.12601579e+02
260.920000,-1.44017894e+02,-1.12602300e+02
260.925000,-1.44018427e+02,-1.12602832e+02
260.930000,-1.44018464e+02,-1.12602867e+02
260.935000,-1.44017725e+02,-1.12602125e+02
260.940000,-1.44016431e+02,-1.12600835e+02
260.945000,-1.44016493e+02,-1.12600889e+02
260.950000,-1.44016327e+02,-1.12600722e+02
260.955000,-1.44016302e+02,-1.12600706e+02
260.960000,-1.44015723e+02,-1.12600129e+02
260.965000,-1.44014433e+02,-1.12598835e+02
260.970000,-1.44014436e+02,-1.12598834e+02
260.975000,-1.44014389e+02,-1.12598787e+02
260.980000,-1.44014243e+02,-1.12598635e+02
260.985000,-1.44013540e+02,-1.12597932e+02
260.990000,-1.44015597e+02,-1.12599992e+02
260.995000,-1.44021987e+02,-1.12606367e+02
261.000000,-1.44019228e+02,-1.12603583e+02
261.005000,-1.44019150e+02,-1.12603510e+02
261.010000,-1.44016645e+02,-1.12601026e+02
261.015000,-1.44015026e+02,-1.12599401e+02
261.020000,-1.44014919e+02,-1.12599299e+02
261.025000,-1.44014892e+02,-1.12599280e+02
261.030000,-1.44014781e+02,-1.12599167e+02
261.035000,-1.44014356e+02,-1.12598750e+02
261.040000,-1.44014006e+02,-1.12598404e+02
261.045000,-1.44015092e+02,-1.12599482e+02
261.050000,-1.44016101e+02,-1.12600495e+02
261.055000,-1.44016184e+02,-1.12600564e+02
261.060000,-1.44015576e+02,-1.12599952e+02
261.065000,-1.44014154e+02,-1.12598540e+02
261.070000,-1.44014665e+02,-1.12599046e+02
261.075000,-1.44015330e+02,-1.12599715e+02
261.080000,-1.44015897e+02,-1.12600280e+02
261.085000,-1.44015630e+02,-1.12600013e+02
261.090000,-1.44016323e+02,-1.12600709e+02
261.095000,-1.44018597e+02,-1.12602989e+02
261.100000,-1.44019352e+02,-1.12603746e+02
261.105000,-1.44019926e+02,-1.12604317e+02
261.110000,-1.44019695e+02,-1.12604092e+02
261.115000,-1.44018681e+02,-1.12603081e+02
261.120000,-1.44018748e+02,-1.12603149e+02
261.125000,-1.44018757e+02,-1.12603160e+02
261.130000,-1.44018718e+02,-1.12603121e+02
261.135000,-1.44018147e+02,-1.12602560e+02
261.140000,-1.44018442e+02,-1.12602840e+02
261.145000,-1.44019381e+02,-1.12603778e+02
261.150000,-1.44020065e+02,-1.12604470e+02
261.155000,-1.44020294e+02,-1.12604692e+02
261.160000,-1.44015536e+02,-1.12599933e+02
261.165000,-1.44012129e+02,-1.12596533e+02
261.170000,-1.44007952e+02,-1.12592348e+02
261.175000,-1.44005490e+02,-1.12589891e+02
261.180000,-1.44004081e+02,-1.12588472e+02
261.185000,-1.44003274e+02,-1.12587666e+02
261.190000,-1.44002733e+02,-1.12587137e+02
261.195000,-1.44005247e+02,-1.12589647e+02
261.200000,-1.44010576e+02,-1.12594966e+02
261.205000,-1.44012568e+02,-1.12596956e+02
261.210000,-1.44013794e+02,-1.12598171e+02
261.215000,-1.44014697e+02,-1.12599095e+02
261.220000,-1.44015263e+02,-1.12599666e+02
261.225000,-1.44015537e+02,-1.12599937e+02
261.230000,-1.44015808e+02,-1.12600207e+02
261.235000,-1.44015592e+02,-1.12599990e+02
261.240000,-1.44015393e+02,-1.12599801e+02
261.245000,-1.44024022e+02,-1.12608454e+02
261.250000,-1.44028623e+02,-1.12613050e+02
261.255000,-1.44031682e+02,-1.12616106e+02
261.260000,-1.44033181e+02,-1.12617598e+02
261.265000,-1.44033814e+02,-1.12618228e+02
261.270000,-1.44034544e+02,-1.12618957e+02
261.275000,-1.44034619e+02,-1.12619027e+02
261.280000,-1.44033726e+02,-1.12618138e+02
261.285000,-1.44032608e+02,-1.12617018e+02
261.290000,-1.44031461e+02,-1.12615876e+02
261.295000,-1.44030626e+02,-1.12615049e+02
261.300000,-1.44031162e+02,-1.12615584e+02
261.305000,-1.44032804e+02,-1.12617224e+02
261.310000,-1.44033437e+02,-1.12617863e+02
261.315000,-1.44031625e+02,-1.12616040e+02
261.320000,-1.44031696e+02,-1.12616104e+02
261.325000,-1.44031873e+02,-1.12616294e+02
261.330000,-1.44036356e+02,-1.12620779e+02
261.335000,-1.44044623e+02,-1.12629034e+02
261.340000,-1.44049014e+02,-1.12633428e+02
261.345000,-1.44052371e+02,-1.12636776e+02
261.350000,-1.44054107e+02,-1.12638515e+02
261.355000,-1.44055625e+02,-1.12640024e+02
261.360000,-1.44056601e+02,-1.12641000e+02
261.365000,-1.44052196e+02,-1.12636579e+02
261.370000,-1.44048286e+02,-1.12632668e+02
261.375000,-1.44044825e+02,-1.12629212e+02
261.380000,-1.44047545e+02,-1.12631914e+02
261.385000,-1.44046983e+02,-1.12631356e+02
261.390000,-1.44045406e+02,-1.12629776e+02
261.395000,-1.44042944e+02,-1.12627317e+02
261.400000,-1.44040231e+02,-1.12624612e+02
261.405000,-1.44037857e+02,-1.12622228e+02
261.410000,-1.44036358e+02,-1.12620726e+02
261.415000,-1.44034790e+02,-1.12619159e+02
261.420000,-1.44036835e+02,-1.12621193e+02
261.425000,-1.44038433e+02,-1.12622801e+02
261.430000,-1.44038878e+02,-1.12623247e+02
261.435000,-1.44038252e+02,-1.12622625e+02
261.440000,-1.44037707e+02,-1.12622075e+02
261.445000,-1.44037588e+02,-1.12621953e+02
261.450000,-1.44037309e+02,-1.12621666e+02
261.455000,-1.44029118e+02,-1.12613469e+02
261.460000,-1.44025360e+02,-1.12609719e+02
261.465000,-1.44021271e+02,-1.12605645e+02
261.470000,-1.44017928e+02,-1.12602296e+02
261.475000,-1.44016703e+02,-1.12601083e+02
261.480000,-1.44016722e+02,-1.12601104e+02
261.485000,-1.44017091e+02,-1.12601478e+02
261.490000,-1.44017779e+02,-1.12602170e+02
261.495000,-1.44018051e+02,-1.12602447e+02
261.500000,-1.44018262e+02,-1.12602653e+02
261.505000,-1.44018509e+02,-1.12602907e+02
261.510000,-1.44017926e+02,-1.12602338e+02
261.515000,-1.44016330e+02,-1.12600743e+02
261.520000,-1.44015523e+02,-1.12599939e+02
261.525000,-1.44016430e+02,-1.12600859e+02
261.530000,-1.44021942e+02,-1.12606351e+02
261.535000,-1.44023855e+02,-1.12608261e+02
261.540000,-1.44024889e+02,-1.12609300e+02
261.545000,-1.44025345e+02,-1.12609756e+02
261.550000,-1.44025374e+02,-1.12609786e+02
261.555000,-1.44020426e+02,-1.12604843e+02
261.560000,-1.44021818e+02,-1.12606228e+02
261.565000,-1.44021977e+02,-1.12606390e+02
261.570000,-1.44022466e+02,-1.12606881e+02
261.575000,-1.44022771e+02,-1.12607191e+02
261.580000,-1.44023187e+02,-1.12607604e+02
261.585000,-1.44023889e+02,-1.12608308e+02
261.590000,-1.44025568e+02,-1.12609987e+02
261.595000,-1.44028061e+02,-1.12612474e+02
261.600000,-1.44028064e+02,-1.12612467e+02
261.605000,-1.44020650e+02,-1.12605057e+02
261.610000,-1.44016896e+02,-1.12601307e+02
261.615000,-1.44015424e+02,-1.12599837e+02
261.620000,-1.44014877e+02,-1.12599283e+02
261.625000,-1.44015095e+02,-1.12599499e+02
261.630000,-1.44017297e+02,-1.12601708e+02
261.635000,-1.44019527e+02,-1.12603936e+02
261.640000,-1.44022951e+02,-1.12607349e+02
261.645000,-1.44024844e+02,-1.12609248e+02
261.650000,-1.44026336e+02,-1.12610724e+02
261.655000,-1.44026806e+02,-1.12611188e+02
261.660000,-1.44027279e+02,-1.12611672e+02
261.665000,-1.44027279e+02,-1.12611669e+02
261.670000,-1.44027237e+02,-1.12611627e+02
261.675000,-1.44027443e+02,-1.12611837e+02
261.680000,-1.44026953e+02,-1.12611346e+02
261.685000,-1.44026917e+02,-1.12611301e+02
261.690000,-1.44026982e+02,-1.12611369e+02
261.695000,-1.44026479e+02,-1.12610872e+02
261.700000,-1.44026278e+02,-1.12610661e+02
261.705000,-1.44026533e+02,-1.12610915e+02
261.710000,-1.44026981e+02,-1.12611354e+02
261.715000,-1.44024548e+02,-1.12608920e+02
261.720000,-1.44024109e+02,-1.12608480e+02
261.725000,-1.44024332e+02,-1.12608712e+02
261.730000,-1.44024572e+02,-1.12608967e+02
261.735000,-1.44027714e+02,-1.12612084e+02
261.740000,-1.44027950e+02,-1.12612335e+02
261.745000,-1.44028244e+02,-1.12612632e+02
261.750000,-1.44030473e+02,-1.12614869e+02
261.755000,-1.44026851e+02,-1.12611248e+02
261.760000,-1.44026943e+02,-1.12611348e+02
261.765000,-1.44031601e+02,-1.12615998e+02
261.770000,-1.44034383e+02,-1.12618778e+02
261.775000,-1.44036458e+02,-1.12620852e+02
261.780000,-1.44038493e+02,-1.12622895e+02
261.785000,-1.44040804e+02,-1.12625209e+02
261.790000,-1.44042202e+02,-1.12626608e+02
261.795000,-1.44043820e+02,-1.12628243e+02
261.800000,-1.44044963e+02,-1.12629395e+02
261.805000,-1.44046009e+02,-1.12630442e+02
261.810000,-1.44046196e+02,-1.12630627e+02
261.815000,-1.44046464e+02,-1.12630900e+02
261.820000,-1.44047037e+02,-1.12631472e+02
261.825000,-1.44047105e+02,-1.12631544e+02
261.830000,-1.44047860e+02,-1.12632298e+02
261.835000,-1.44049588e+02,-1.12634030e+02
261.840000,-1.44052329e+02,-1.12636784e+02
261.845000,-1.44055823e+02,-1.12640274e+02
261.850000,-1.44059795e+02,-1.12644239e+02
261.855000,-1.44059893e+02,-1.12644340e+02
261.860000,-1.44061456e+02,-1.12645904e+02
261.865000,-1.44066130e+02,-1.12650568e+02
261.870000,-1.44069532e+02,-1.12653974e+02
261.875000,-1.44072466e+02,-1.12656904e+02
261.880000,-1.44074365e+02,-1.12658798e+02
261.885000,-1.44075866e+02,-1.12660298e+02
261.890000,-1.44070685e+02,-1.12655120e+02
261.895000,-1.44068228e+02,-1.12652660e+02
261.900000,-1.44067363e+02,-1.12651795e+02
261.905000,-1.44067511e+02,-1.12651928e+02
261.910000,-1.44067985e+02,-1.12652403e+02
261.915000,-1.44069547e+02,-1.12653958e+02
261.920000,-1.44071411e+02,-1.12655820e+02
261.925000,-1.44072937e+02,-1.12657337e+02
261.930000,-1.44074836e+02,-1.12659229e+02
261.935000,-1.44076249e+02,-1.12660636e+02
261.940000,-1.44077197e+02,-1.12661581e+02
261.945000,-1.44078453e+02,-1.12662831e+02
261.950000,-1.44080254e+02,-1.12664629e+02
261.955000,-1.44086508e+02,-1.12670872e+02
261.960000,-1.44090024e+02,-1.12674384e+02
261.965000,-1.44093426e+02,-1.12677778e+02
261.970000,-1.44096607e+02,-1.12680960e+02
261.975000,-1.44100574e+02,-1.12684937e+02
261.980000,-1.44104194e+02,-1.12688556e+02
261.985000,-1.44110469e+02,-1.12694840e+02
261.990000,-1.44112028e+02,-1.12696390e+02
261.995000,-1.44113651e+02,-1.12697999e+02
262.000000,-1.44114336e+02,-1.12698687e+02
262.005000,-1.44115339e+02,-1.12699712e+02
262.010000,-1.44115604e+02,-1.12699979e+02
262.015000,-1.44115947e+02,-1.12700327e+02
262.020000,-1.44115694e+02,-1.12700073e+02
262.025000,-1.44109719e+02,-1.12694095e+02
262.030000,-1.44107577e+02,-1.12691955e+02
262.035000,-1.44106885e+02,-1.12691259e+02
262.040000,-1.44106493e+02,-1.12690871e+02
262.045000,-1.44107069e+02,-1.12691445e+02
262.050000,-1.44107988e+02,-1.12692373e+02
262.055000,-1.44108756e+02,-1.12693147e+02
262.060000,-1.44110022e+02,-1.12694417e+02
262.065000,-1.44112068e+02,-1.12696480e+02
262.070000,-1.44113490e+02,-1.12697898e+02
262.075000,-1.44114819e+02,-1.12699226e+02
262.080000,-1.44115375e+02,-1.12699786e+02
262.085000,-1.44116288e+02,-1.12700696e+02
262.090000,-1.44117707e+02,-1.12702125e+02
262.095000,-1.44122425e+02,-1.12706849e+02
262.100000,-1.44125717e+02,-1.12710138e+02
262.105000,-1.44127932e+02,-1.12712349e+02
262.110000,-1.44129412e+02,-1.12713828e+02
262.115000,-1.44125454e+02,-1.12709883e+02
262.120000,-1.44123270e+02,-1.12707697e+02
262.125000,-1.44122019e+02,-1.12706446e+02
262.130000,-1.44121242e+02,-1.12705669e+02
262.135000,-1.44120171e+02,-1.12704597e+02
262.140000,-1.44119690e+02,-1.12704107e+02
262.145000,-1.44120320e+02,-1.12704738e+02
262.150000,-1.44115293e+02,-1.12699709e+02
262.155000,-1.44113984e+02,-1.12698404e+02
262.160000,-1.44114838e+02,-1.12699261e+02
262.165000,-1.44116411e+02,-1.12700838e+02
262.170000,-1.44118231e+02,-1.12702646e+02
262.175000,-1.44120787e+02,-1.12705195e+02
262.180000,-1.44126987e+02,-1.12711390e+02
262.185000,-1.44130868e+02,-1.12715270e+02
262.190000,-1.44134265e+02,-1.12718668e+02
262.195000,-1.44137263e+02,-1.12721653e+02
262.200000,-1.44138383e+02,-1.12722771e+02
262.205000,-1.44139715e+02,-1.12724108e+02
262.210000,-1.44142188e+02,-1.12726584e+02
262.215000,-1.44146116e+02,-1.12730511e+02
262.220000,-1.44147760e+02,-1.12732158e+02
262.225000,-1.44149300e+02,-1.12733696e+02
262.230000,-1.44150776e+02,-1.12735168e+02
262.235000,-1.44152248e+02,-1.12736641e+02
262.240000,-1.44153160e+02,-1.12737544e+02
262.245000,-1.44149725e+02,-1.12734098e+02
262.250000,-1.44146765e+02,-1.12731143e+02
262.255000,-1.44144390e+02,-1.12728769e+02
262.260000,-1.44142351e+02,-1.12726734e+02
262.265000,-1.44141077e+02,-1.12725463e+02
262.270000,-1.44140436e+02,-1.12724812e+02
262.275000,-1.44140143e+02,-1.12724538e+02
262.280000,-1.44134783e+02,-1.12719176e+02
262.285000,-1.44132423e+02,-1.12716815e+02
262.290000,-1.44132170e+02,-1.12716568e+02
262.295000,-1.44132943e+02,-1.12717348e+02
262.300000,-1.44135299e+02,-1.12719703e+02
262.305000,-1.44138529e+02,-1.12722936e+02
262.310000,-1.44142348e+02,-1.12726756e+02
262.315000,-1.44145956e+02,-1.12730363e+02
262.320000,-1.44149214e+02,-1.12733622e+02
262.325000,-1.44152889e+02,-1.12737300e+02
262.330000,-1.44157054e+02,-1.12741477e+02
262.335000,-1.44160101e+02,-1.12744519e+02
262.340000,-1.44163200e+02,-1.12747613e+02
262.345000,-1.44165682e+02,-1.12750095e+02
262.350000,-1.44167355e+02,-1.12751769e+02
262.355000,-1.44168365e+02,-1.12752780e+02
262.360000,-1.44169047e+02,-1.12753471e+02
262.365000,-1.44165481e+02,-1.12749908e+02
262.370000,-1.44162498e+02,-1.12746917e+02
262.375000,-1.44160517e+02,-1.12744930e+02
262.380000,-1.44158782e+02,-1.12743192e+02
262.385000,-1.44157756e+02,-1.12742169e+02
262.390000,-1.44157683e+02,-1.12742097e+02
262.395000,-1.44158075e+02,-1.12742477e+02
262.400000,-1.44152654e+02,-1.12737071e+02
262.405000,-1.44150615e+02,-1.12735022e+02
262.410000,-1.44153506e+02,-1.12737899e+02
262.415000,-1.44155166e+02,-1.12739552e+02
262.420000,-1.44156903e+02,-1.12741293e+02
262.425000,-1.44158658e+02,-1.12743050e+02
262.430000,-1.44160303e+02,-1.12744695e+02
262.435000,-1.44161429e+02,-1.12745825e+02
262.440000,-1.44162612e+02,-1.12747001e+02
262.445000,-1.44166662e+02,-1.12751053e+02
262.450000,-1.44169461e+02,-1.12753843e+02
262.455000,-1.44171968e+02,-1.12756359e+02
262.460000,-1.44174657e+02,-1.12759036e+02
262.465000,-1.44175993e+02,-1.12760379e+02
262.470000,-1.44176714e+02,-1.12761107e+02
262.475000,-1.44176818e+02,-1.12761207e+02
262.480000,-1.44176642e+02,-1.12761037e+02
262.485000,-1.44175880e+02,-1.12760262e+02
262.490000,-1.44170411e+02,-1.12754782e+02
262.495000,-1.44166505e+02,-1.12750875e+02
262.500000,-1.44163398e+02,-1.12747778e+02
262.505000,-1.44161770e+02,-1.12746154e+02
262.510000,-1.44161301e+02,-1.12745689e+02
262.515000,-1.44161556e+02,-1.12745942e+02
262.520000,-1.44162300e+02,-1.12746679e+02
262.525000,-1.44164118e+02,-1.12748496e+02
262.530000,-1.44160679e+02,-1.12745062e+02
262.535000,-1.44159861e+02,-1.12744250e+02
262.540000,-1.44160118e+02,-1.12744506e+02
262.545000,-1.44161291e+02,-1.12745688e+02
262.550000,-1.44162533e+02,-1.12746929e+02
262.555000,-1.44164459e+02,-1.12748857e+02
262.560000,-1.44167391e+02,-1.12751791e+02
262.565000,-1.44170698e+02,-1.12755095e+02
262.570000,-1.44173729e+02,-1.12758133e+02
262.575000,-1.44177419e+02,-1.12761820e+02
262.580000,-1.44180642e+02,-1.12765045e+02
262.585000,-1.44183259e+02,-1.12767658e+02
262.590000,-1.44184920e+02,-1.12769336e+02
262.595000,-1.44185287e+02,-1.12769704e+02
262.600000,-1.44185213e+02,-1.12769623e+02
262.605000,-1.44184026e+02,-1.12768442e+02
262.610000,-1.44176560e+02,-1.12760972e+02
262.615000,-1.44171730e+02,-1.12756140e+02
262.620000,-1.44167715e+02,-1.12752130e+02
262.625000,-1.44164906e+02,-1.12749319e+02
262.630000,-1.44163295e+02,-1.12747711e+02
262.635000,-1.44163389e+02,-1.12747793e+02
262.640000,-1.44167660e+02,-1.12752067e+02
262.645000,-1.44170765e+02,-1.12755170e+02
262.650000,-1.44167977e+02,-1.12752376e+02
262.655000,-1.44167681e+02,-1.12752079e+02
262.660000,-1.44168727e+02,-1.12753121e+02
262.665000,-1.44169933e+02,-1.12754328e+02
262.670000,-1.44170879e+02,-1.12755275e+02
262.675000,-1.44172768e+02,-1.12757158e+02
262.680000,-1.44177101e+02,-1.12761493e+02
262.685000,-1.44180233e+02,-1.12764627e+02
262.690000,-1.44184242e+02,-1.12768637e+02
262.695000,-1.44188672e+02,-1.12773071e+02
262.700000,-1.44193061e+02,-1.12777456e+02
262.705000,-1.44197199e+02,-1.12781598e+02
262.710000,-1.44200731e+02,-1.12785132e+02
262.715000,-1.44203339e+02,-1.12787741e+02
262.720000,-1.44205785e+02,-1.12790176e+02
262.725000,-1.44207062e+02,-1.12791452e+02
262.730000,-1.44202124e+02,-1.12786511e+02
262.735000,-1.44199605e+02,-1.12783995e+02
262.740000,-1.44197943e+02,-1.12782332e+02
262.745000,-1.44197610e+02,-1.12782005e+02
262.750000,-1.44198404e+02,-1.12782800e+02
262.755000,-1.44200752e+02,-1.12785156e+02
262.760000,-1.44203419e+02,-1.12787813e+02
262.765000,-1.44206019e+02,-1.12790413e+02
262.770000,-1.44208554e+02,-1.12792954e+02
262.775000,-1.44205910e+02,-1.12790297e+02
262.780000,-1.44206396e+02,-1.12790788e+02
262.785000,-1.44207881e+02,-1.12792270e+02
262.790000,-1.44209972e+02,-1.12794376e+02
262.795000,-1.44211308e+02,-1.12795711e+02
262.800000,-1.44214863e+02,-1.12799266e+02
262.805000,-1.44217513e+02,-1.12801921e+02
262.810000,-1.44220125e+02,-1.12804534e+02
262.815000,-1.44222692e+02,-1.12807102e+02
262.820000,-1.44225106e+02,-1.12809515e+02
262.825000,-1.44227379e+02,-1.12811784e+02
262.830000,-1.44229357e+02,-1.12813766e+02
262.835000,-1.44230887e+02,-1.12815300e+02
262.840000,-1.44232329e+02,-1.12816739e+02
262.845000,-1.44228978e+02,-1.12813389e+02
262.850000,-1.44224587e+02,-1.12809011e+02
262.855000,-1.44221761e+02,-1.12806183e+02
262.860000,-1.44219714e+02,-1.12804136e+02
262.865000,-1.44218975e+02,-1.12803400e+02
262.870000,-1.44219506e+02,-1.12803929e+02
262.875000,-1.44224005e+02,-1.12808423e+02
262.880000,-1.44227290e+02,-1.12811714e+02
262.885000,-1.44231042e+02,-1.12815465e+02
262.890000,-1.44229530e+02,-1.12813949e+02
262.895000,-1.44230378e+02,-1.12814798e+02
262.900000,-1.44232609e+02,-1.12817027e+02
262.905000,-1.44235323e+02,-1.12819741e+02
262.910000,-1.44237623e+02,-1.12822042e+02
262.915000,-1.44239984e+02,-1.12824403e+02
262.920000,-1.44244946e+02,-1.12829362e+02
262.925000,-1.44248369e+02,-1.12832795e+02
262.930000,-1.44252347e+02,-1.12836776e+02
262.935000,-1.44256895e+02,-1.12841323e+02
262.940000,-1.44260845e+02,-1.12845280e+02
262.945000,-1.44264190e+02,-1.12848627e+02
262.950000,-1.44266526e+02,-1.12850959e+02
262.955000,-1.44267873e+02,-1.12852305e+02
262.960000,-1.44268823e+02,-1.12853249e+02
262.965000,-1.44262676e+02,-1.12847102e+02
262.970000,-1.44259475e+02,-1.12843906e+02
262.975000,-1.44257015e+02,-1.12841437e+02
262.980000,-1.44254980e+02,-1.12839402e+02
262.985000,-1.44254010e+02,-1.12838429e+02
262.990000,-1.44253992e+02,-1.12838411e+02
262.995000,-1.44254889e+02,-1.12839311e+02
263.000000,-1.44256006e+02,-1.12840422e+02
263.005000,-1.44257183e+02,-1.12841599e+02
263.010000,-1.44258462e+02,-1.12842885e+02
263.015000,-1.44254019e+02,-1.12838442e+02
263.020000,-1.44253219e+02,-1.12837635e+02
263.025000,-1.44254152e+02,-1.12838573e+02
263.030000,-1.44256123e+02,-1.12840547e+02
263.035000,-1.44258757e+02,-1.12843182e+02
263.040000,-1.44263629e+02,-1.12848057e+02
263.045000,-1.44267757e+02,-1.12852183e+02
263.050000,-1.44271638e+02,-1.12856064e+02
263.055000,-1.44275156e+02,-1.12859582e+02
263.060000,-1.44278169e+02,-1.12862604e+02
263.065000,-1.44280462e+02,-1.12864901e+02
263.070000,-1.44281471e+02,-1.12865909e+02
263.075000,-1.44281616e+02,-1.12866045e+02
263.080000,-1.44277147e+02,-1.12861584e+02
263.085000,-1.44272677e+02,-1.12857109e+02
263.090000,-1.44271080e+02,-1.12855506e+02
263.095000,-1.44269877e+02,-1.12854309e+02
263.100000,-1.44269564e+02,-1.12853994e+02
263.105000,-1.44269640e+02,-1.12854086e+02
263.110000,-1.44270234e+02,-1.12854671e+02
263.115000,-1.44274269e+02,-1.12858714e+02
263.120000,-1.44277181e+02,-1.12861622e+02
263.125000,-1.44279840e+02,-1.12864275e+02
263.130000,-1.44275680e+02,-1.12860104e+02
263.135000,-1.44274086e+02,-1.12858506e+02
263.140000,-1.44274074e+02,-1.12858491e+02
263.145000,-1.44274455e+02,-1.12858868e+02
263.150000,-1.44276065e+02,-1.12860480e+02
263.155000,-1.44278360e+02,-1.12862775e+02
263.160000,-1.44280884e+02,-1.12865304e+02
263.165000,-1.44285398e+02,-1.12869811e+02
263.170000,-1.44289314e+02,-1.12873722e+02
263.175000,-1.44293146e+02,-1.12877549e+02
263.180000,-1.44296341e+02,-1.12880752e+02
263.185000,-1.44299044e+02,-1.12883448e+02
263.190000,-1.44301372e+02,-1.12885766e+02
263.195000,-1.44302360e+02,-1.12886755e+02
263.200000,-1.44295871e+02,-1.12880264e+02
263.205000,-1.44293077e+02,-1.12877478e+02
263.210000,-1.44291604e+02,-1.12876007e+02
263.215000,-1.44289994e+02,-1.12874395e+02
263.220000,-1.44288642e+02,-1.12873047e+02
263.225000,-1.44287309e+02,-1.12871709e+02
263.230000,-1.44286116e+02,-1.12870520e+02
263.235000,-1.44285771e+02,-1.12870172e+02
263.240000,-1.44285632e+02,-1.12870034e+02
263.245000,-1.44285182e+02,-1.12869587e+02
263.250000,-1.44278469e+02,-1.12862871e+02
263.255000,-1.44274912e+02,-1.12859320e+02
263.260000,-1.44272925e+02,-1.12857341e+02
263.265000,-1.44271424e+02,-1.12855846e+02
263.270000,-1.44270982e+02,-1.12855409e+02
263.275000,-1.44271050e+02,-1.12855474e+02
263.280000,-1.44272613e+02,-1.12857048e+02
263.285000,-1.44274281e+02,-1.12858720e+02
263.290000,-1.44276300e+02,-1.12860737e+02
263.295000,-1.44279092e+02,-1.12863536e+02
263.300000,-1.44282419e+02,-1.12866867e+02
263.305000,-1.44285507e+02,-1.12869956e+02
263.310000,-1.44283320e+02,-1.12867782e+02
263.315000,-1.44283390e+02,-1.12867861e+02
263.320000,-1.44279951e+02,-1.12864409e+02
263.325000,-1.44279419e+02,-1.12863881e+02
263.330000,-1.44279117e+02,-1.12863580e+02
263.335000,-1.44280454e+02,-1.12864915e+02
263.340000,-1.44282599e+02,-1.12867039e+02
263.345000,-1.44285149e+02,-1.12869589e+02
263.350000,-1.44288363e+02,-1.12872795e+02
263.355000,-1.44291937e+02,-1.12876373e+02
263.360000,-1.44291230e+02,-1.12875660e+02
263.365000,-1.44292207e+02,-1.12876633e+02
263.370000,-1.44293869e+02,-1.12878286e+02
263.375000,-1.44295329e+02,-1.12879748e+02
263.380000,-1.44297021e+02,-1.12881433e+02
263.385000,-1.44299202e+02,-1.12883614e+02
263.390000,-1.44301357e+02,-1.12885769e+02
263.395000,-1.44304508e+02,-1.12888916e+02
263.400000,-1.44307732e+02,-1.12892135e+02
263.405000,-1.44311392e+02,-1.12895796e+02
263.410000,-1.44315419e+02,-1.12899826e+02
263.415000,-1.44321785e+02,-1.12906190e+02
263.420000,-1.44326957e+02,-1.12911365e+02
263.425000,-1.44328932e+02,-1.12913339e+02
263.430000,-1.44332239e+02,-1.12916642e+02
263.435000,-1.44329916e+02,-1.12914330e+02
263.440000,-1.44331132e+02,-1.12915526e+02
263.445000,-1.44331333e+02,-1.12915733e+02
263.450000,-1.44331740e+02,-1.12916142e+02
263.455000,-1.44332123e+02,-1.12916523e+02
263.460000,-1.44332471e+02,-1.12916873e+02
263.465000,-1.44332757e+02,-1.12917159e+02
263.470000,-1.44333415e+02,-1.12917822e+02
263.475000,-1.44334747e+02,-1.12919146e+02
263.480000,-1.44329100e+02,-1.12913495e+02
263.485000,-1.44327342e+02,-1.12911741e+02
263.490000,-1.44327224e+02,-1.12911634e+02
263.495000,-1.44327713e+02,-1.12912131e+02
263.500000,-1.44329448e+02,-1.12913874e+02
263.505000,-1.44331439e+02,-1.12915868e+02
263.510000,-1.44333722e+02,-1.12918151e+02
263.515000,-1.44336529e+02,-1.12920968e+02
263.520000,-1.44338734e+02,-1.12923173e+02
263.525000,-1.44340833e+02,-1.12925274e+02
263.530000,-1.44344613e+02,-1.12929046e+02
263.535000,-1.44343013e+02,-1.12927453e+02
263.540000,-1.44344987e+02,-1.12929422e+02
263.545000,-1.44346973e+02,-1.12931407e+02
263.550000,-1.44343658e+02,-1.12928088e+02
263.555000,-1.44343027e+02,-1.12927443e+02
263.560000,-1.44343031e+02,-1.12927449e+02
263.565000,-1.44342362e+02,-1.12926781e+02
263.570000,-1.44342982e+02,-1.12927413e+02
263.575000,-1.44343656e+02,-1.12928079e+02
263.580000,-1.44344337e+02,-1.12928762e+02
263.585000,-1.44345016e+02,-1.12929447e+02
263.590000,-1.44338922e+02,-1.12923349e+02
263.595000,-1.44337743e+02,-1.12922172e+02
263.600000,-1.44338568e+02,-1.12923014e+02
263.605000,-1.44343758e+02,-1.12928197e+02
263.610000,-1.44347580e+02,-1.12932000e+02
263.615000,-1.44350759e+02,-1.12935179e+02
263.620000,-1.44354005e+02,-1.12938424e+02
263.625000,-1.44356935e+02,-1.12941361e+02
263.630000,-1.44359513e+02,-1.12943928e+02
263.635000,-1.44360726e+02,-1.12945145e+02
263.640000,-1.44362502e+02,-1.12946911e+02
263.645000,-1.44364430e+02,-1.12948839e+02
263.650000,-1.44364549e+02,-1.12948952e+02
263.655000,-1.44366254e+02,-1.12950659e+02
263.660000,-1.44368153e+02,-1.12952556e+02
263.665000,-1.44364037e+02,-1.12948448e+02
263.670000,-1.44363686e+02,-1.12948098e+02
263.675000,-1.44366250e+02,-1.12950661e+02
263.680000,-1.44368557e+02,-1.12952969e+02
263.685000,-1.44370867e+02,-1.12955285e+02
263.690000,-1.44373453e+02,-1.12957869e+02
263.695000,-1.44374926e+02,-1.12959347e+02
263.700000,-1.44375228e+02,-1.12959645e+02
263.705000,-1.44367863e+02,-1.12952274e+02
263.710000,-1.44365439e+02,-1.12949848e+02
263.715000,-1.44364876e+02,-1.12949292e+02
263.720000,-1.44365444e+02,-1.12949861e+02
263.725000,-1.44366649e+02,-1.12951056e+02
263.730000,-1.44367384e+02,-1.12951796e+02
263.735000,-1.44368137e+02,-1.12952557e+02
263.740000,-1.44369427e+02,-1.12953845e+02
263.745000,-1.44370810e+02,-1.12955245e+02
263.750000,-1.44371452e+02,-1.12955890e+02
263.755000,-1.44366653e+02,-1.12951106e+02
263.760000,-1.44364920e+02,-1.12949376e+02
263.765000,-1.44364586e+02,-1.12949043e+02
263.770000,-1.44365643e+02,-1.12950094e+02
263.775000,-1.44367314e+02,-1.12951766e+02
263.780000,-1.44365044e+02,-1.12949480e+02
263.785000,-1.44365433e+02,-1.12949865e+02
263.790000,-1.44366150e+02,-1.12950577e+02
263.795000,-1.44364890e+02,-1.12949324e+02
263.800000,-1.44365201e+02,-1.12949632e+02
263.805000,-1.44365236e+02,-1.12949671e+02
263.810000,-1.44365242e+02,-1.12949677e+02
263.815000,-1.44365129e+02,-1.12949577e+02
263.820000,-1.44356500e+02,-1.12940944e+02
263.825000,-1.44351648e+02,-1.12936094e+02
263.830000,-1.44349337e+02,-1.12933782e+02
263.835000,-1.44348793e+02,-1.12933238e+02
263.840000,-1.44349076e+02,-1.12933518e+02
263.845000,-1.44350095e+02,-1.12934549e+02
263.850000,-1.44350576e+02,-1.12935019e+02
263.855000,-1.44350604e+02,-1.12935035e+02
263.860000,-1.44353709e+02,-1.12938129e+02
263.865000,-1.44352523e+02,-1.12936932e+02
263.870000,-1.44353780e+02,-1.12938185e+02
263.875000,-1.44355710e+02,-1.12940116e+02
263.880000,-1.44357615e+02,-1.12942015e+02
263.885000,-1.44359421e+02,-1.12943815e+02
263.890000,-1.44354732e+02,-1.12939136e+02
263.895000,-1.44355024e+02,-1.12939421e+02
263.900000,-1.44356843e+02,-1.12941249e+02
263.905000,-1.44358873e+02,-1.12943278e+02
263.910000,-1.44360696e+02,-1.12945106e+02
263.915000,-1.44361543e+02,-1.12945951e+02
263.920000,-1.44362209e+02,-1.12946621e+02
263.925000,-1.44362558e+02,-1.12946974e+02
263.930000,-1.44355338e+02,-1.12939736e+02
263.935000,-1.44352696e+02,-1.12937089e+02
263.940000,-1.44351251e+02,-1.12935637e+02
263.945000,-1.44353099e+02,-1.12937475e+02
263.950000,-1.44354753e+02,-1.12939131e+02
263.955000,-1.44356553e+02,-1.12940934e+02
263.960000,-1.44358402e+02,-1.12942788e+02
263.965000,-1.44360218e+02,-1.12944603e+02
263.970000,-1.44355311e+02,-1.12939715e+02
263.975000,-1.44353284e+02,-1.12937700e+02
263.980000,-1.44353236e+02,-1.12937668e+02
263.985000,-1.44354564e+02,-1.12938996e+02
263.990000,-1.44357205e+02,-1.12941633e+02
263.995000,-1.44360214e+02,-1.12944653e+02
264.000000,-1.44362428e+02,-1.12946872e+02
264.005000,-1.44357434e+02,-1.12941874e+02
264.010000,-1.44356668e+02,-1.12941106e+02
264.015000,-1.44357870e+02,-1.12942316e+02
264.020000,-1.44358402e+02,-1.12942853e+02
264.025000,-1.44360314e+02,-1.12944764e+02
264.030000,-1.44361500e+02,-1.12945946e+02
264.035000,-1.44363772e+02,-1.12948217e+02
264.040000,-1.44356429e+02,-1.12940875e+02
264.045000,-1.44353546e+02,-1.12937999e+02
264.050000,-1.44352207e+02,-1.12936658e+02
264.055000,-1.44351885e+02,-1.12936333e+02
264.060000,-1.44352438e+02,-1.12936893e+02
264.065000,-1.44352553e+02,-1.12937015e+02
264.070000,-1.44353164e+02,-1.12937630e+02
264.075000,-1.44352071e+02,-1.12936524e+02
264.080000,-1.44354994e+02,-1.12939444e+02
264.085000,-1.44357637e+02,-1.12942099e+02
264.090000,-1.44359377e+02,-1.12943831e+02
264.095000,-1.44360850e+02,-1.12945284e+02
264.100000,-1.44362961e+02,-1.12947387e+02
264.105000,-1.44365386e+02,-1.12949818e+02
264.110000,-1.44368189e+02,-1.12952621e+02
264.115000,-1.44364386e+02,-1.12948823e+02
264.120000,-1.44364733e+02,-1.12949165e+02
264.125000,-1.44370188e+02,-1.12954623e+02
264.130000,-1.44374391e+02,-1.12958815e+02
264.135000,-1.44379718e+02,-1.12964148e+02
264.140000,-1.44385707e+02,-1.12970145e+02
264.145000,-1.44389872e+02,-1.12974299e+02
264.150000,-1.44393445e+02,-1.12977886e+02
264.155000,-1.44387871e+02,-1.12972301e+02
264.160000,-1.44387123e+02,-1.12971551e+02
264.165000,-1.44387028e+02,-1.12971472e+02
264.170000,-1.44383415e+02,-1.12967884e+02
264.175000,-1.44384591e+02,-1.12969035e+02
264.180000,-1.44385641e+02,-1.12970087e+02
264.185000,-1.44387019e+02,-1.12971459e+02
264.190000,-1.44389175e+02,-1.12973619e+02
264.195000,-1.44391600e+02,-1.12976042e+02
264.200000,-1.44394037e+02,-1.12978471e+02
264.205000,-1.44396644e+02,-1.12981068e+02
264.210000,-1.44398001e+02,-1.12982430e+02
264.215000,-1.44399473e+02,-1.12983896e+02
264.220000,-1.44401351e+02,-1.12985789e+02
264.225000,-1.44403507e+02,-1.12987924e+02
264.230000,-1.44399079e+02,-1.12983475e+02
264.235000,-1.44400615e+02,-1.12985015e+02
264.240000,-1.44403662e+02,-1.12988056e+02
264.245000,-1.44409079e+02,-1.12993478e+02
264.250000,-1.44414620e+02,-1.12999014e+02
264.255000,-1.44421113e+02,-1.13005510e+02
264.260000,-1.44417811e+02,-1.13002214e+02
264.265000,-1.44419575e+02,-1.13003984e+02
264.270000,-1.44422319e+02,-1.13006724e+02
264.275000,-1.44422297e+02,-1.13006701e+02
264.280000,-1.44423957e+02,-1.13008364e+02
264.285000,-1.44425862e+02,-1.13010274e+02
264.290000,-1.44427695e+02,-1.13012112e+02
264.295000,-1.44431821e+02,-1.13016243e+02
264.300000,-1.44433890e+02,-1.13018313e+02
264.305000,-1.44436014e+02,-1.13020440e+02
264.310000,-1.44438799e+02,-1.13023231e+02
264.315000,-1.44441069e+02,-1.13025522e+02
264.320000,-1.44444502e+02,-1.13028968e+02
264.325000,-1.44446455e+02,-1.13030921e+02
264.330000,-1.44447814e+02,-1.13032284e+02
264.335000,-1.44449151e+02,-1.13033623e+02
264.340000,-1.44443663e+02,-1.13028132e+02
264.345000,-1.44436621e+02,-1.13021097e+02
264.350000,-1.44433298e+02,-1.13017765e+02
264.355000,-1.44431415e+02,-1.13015877e+02
264.360000,-1.44431163e+02,-1.13015624e+02
264.365000,-1.44432081e+02,-1.13016541e+02
264.370000,-1.44426001e+02,-1.13010459e+02
264.375000,-1.44425127e+02,-1.13009581e+02
264.380000,-1.44425666e+02,-1.13010121e+02
264.385000,-1.44427202e+02,-1.13011651e+02
264.390000,-1.44429157e+02,-1.13013603e+02
264.395000,-1.44431044e+02,-1.13015496e+02
264.400000,-1.44437401e+02,-1.13021841e+02
264.405000,-1.44440178e+02,-1.13024590e+02
264.410000,-1.44443332e+02,-1.13027742e+02
264.415000,-1.44445694e+02,-1.13030102e+02
264.420000,-1.44447184e+02,-1.13031586e+02
264.425000,-1.44449415e+02,-1.13033820e+02
264.430000,-1.44451589e+02,-1.13035982e+02
264.435000,-1.44453405e+02,-1.13037779e+02
264.440000,-1.44453013e+02,-1.13037382e+02
264.445000,-1.44451570e+02,-1.13035936e+02
264.450000,-1.44442500e+02,-1.13026857e+02
264.455000,-1.44438945e+02,-1.13023304e+02
264.460000,-1.44438374e+02,-1.13022742e+02
264.465000,-1.44438612e+02,-1.13022995e+02
264.470000,-1.44430669e+02,-1.13015064e+02
264.475000,-1.44429075e+02,-1.13013470e+02
264.480000,-1.44429368e+02,-1.13013769e+02
264.485000,-1.44431822e+02,-1.13016220e+02
264.490000,-1.44434443e+02,-1.13018846e+02
264.495000,-1.44437333e+02,-1.13021733e+02
264.500000,-1.44440341e+02,-1.13024742e+02
264.505000,-1.44443422e+02,-1.13027825e+02
264.510000,-1.44445564e+02,-1.13029990e+02
264.515000,-1.44449737e+02,-1.13034160e+02
264.520000,-1.44453302e+02,-1.13037728e+02
264.525000,-1.44456263e+02,-1.13040684e+02
264.530000,-1.44459054e+02,-1.13043488e+02
264.535000,-1.44461167e+02,-1.13045590e+02
264.540000,-1.44463707e+02,-1.13048144e+02
264.545000,-1.44465889e+02,-1.13050330e+02
264.550000,-1.44468188e+02,-1.13052644e+02
264.555000,-1.44460621e+02,-1.13045085e+02
264.560000,-1.44457723e+02,-1.13042191e+02
264.565000,-1.44459994e+02,-1.13044455e+02
264.570000,-1.44461627e+02,-1.13046084e+02
264.575000,-1.44455289e+02,-1.13039741e+02
264.580000,-1.44454884e+02,-1.13039338e+02
264.585000,-1.44456477e+02,-1.13040933e+02
264.590000,-1.44458559e+02,-1.13043017e+02
264.595000,-1.44460810e+02,-1.13045262e+02
264.600000,-1.44463075e+02,-1.13047527e+02
264.605000,-1.44465592e+02,-1.13050033e+02
264.610000,-1.44468005e+02,-1.13052428e+02
264.615000,-1.44471588e+02,-1.13056012e+02
264.620000,-1.44475483e+02,-1.13059909e+02
264.625000,-1.44479538e+02,-1.13063971e+02
264.630000,-1.44483363e+02,-1.13067787e+02
264.635000,-1.44486838e+02,-1.13071255e+02
264.640000,-1.44489023e+02,-1.13073440e+02
264.645000,-1.44490918e+02,-1.13075355e+02
264.650000,-1.44492123e+02,-1.13076571e+02
264.655000,-1.44492953e+02,-1.13077391e+02
264.660000,-1.44492371e+02,-1.13076811e+02
264.665000,-1.44492627e+02,-1.13077066e+02
264.670000,-1.44473737e+02,-1.13058176e+02
264.675000,-1.44466971e+02,-1.13051401e+02
264.680000,-1.44465262e+02,-1.13049687e+02
264.685000,-1.44464033e+02,-1.13048475e+02
264.690000,-1.44466022e+02,-1.13050455e+02
264.695000,-1.44469574e+02,-1.13054002e+02
264.700000,-1.44474089e+02,-1.13058517e+02
264.705000,-1.44484106e+02,-1.13068523e+02
264.710000,-1.44490326e+02,-1.13074742e+02
264.715000,-1.44495465e+02,-1.13079886e+02
264.720000,-1.44499535e+02,-1.13083975e+02
264.725000,-1.44503849e+02,-1.13088287e+02
264.730000,-1.44507868e+02,-1.13092300e+02
264.735000,-1.44511321e+02,-1.13095757e+02
264.740000,-1.44514673e+02,-1.13099093e+02
264.745000,-1.44517528e+02,-1.13101958e+02
264.750000,-1.44518969e+02,-1.13103399e+02
264.755000,-1.44520051e+02,-1.13104476e+02
264.760000,-1.44520654e+02,-1.13105084e+02
264.765000,-1.44521610e+02,-1.13106059e+02
264.770000,-1.44504079e+02,-1.13088523e+02
264.775000,-1.44497780e+02,-1.13082224e+02
264.780000,-1.44494817e+02,-1.13079267e+02
264.785000,-1.44494274e+02,-1.13078719e+02
264.790000,-1.44493673e+02,-1.13078117e+02
264.795000,-1.44495207e+02,-1.13079654e+02
264.800000,-1.44497412e+02,-1.13081857e+02
264.805000,-1.44499936e+02,-1.13084392e+02
264.810000,-1.44501846e+02,-1.13086296e+02
264.815000,-1.44504344e+02,-1.13088793e+02
264.820000,-1.44507830e+02,-1.13092267e+02
264.825000,-1.44510229e+02,-1.13094644e+02
264.830000,-1.44512039e+02,-1.13096435e+02
264.835000,-1.44513197e+02,-1.13097584e+02
264.840000,-1.44512744e+02,-1.13097137e+02
264.845000,-1.44498740e+02,-1.13083130e+02
264.850000,-1.44490332e+02,-1.13074729e+02
264.855000,-1.44485326e+02,-1.13069706e+02
264.860000,-1.44481565e+02,-1.13065957e+02
264.865000,-1.44479874e+02,-1.13064262e+02
264.870000,-1.44479128e+02,-1.13063518e+02
264.875000,-1.44479613e+02,-1.13064008e+02
264.880000,-1.44472358e+02,-1.13056740e+02
264.885000,-1.44470201e+02,-1.13054596e+02
264.890000,-1.44470739e+02,-1.13055135e+02
264.895000,-1.44472306e+02,-1.13056701e+02
264.900000,-1.44471522e+02,-1.13055940e+02
264.905000,-1.44472961e+02,-1.13057388e+02
264.910000,-1.44475148e+02,-1.13059580e+02
264.915000,-1.44477897e+02,-1.13062332e+02
264.920000,-1.44480890e+02,-1.13065324e+02
264.925000,-1.44484042e+02,-1.13068482e+02
264.930000,-1.44486694e+02,-1.13071132e+02
264.935000,-1.44488554e+02,-1.13072992e+02
264.940000,-1.44490616e+02,-1.13075078e+02
264.945000,-1.44491876e+02,-1.13076326e+02
264.950000,-1.44491960e+02,-1.13076418e+02
264.955000,-1.44492138e+02,-1.13076591e+02
264.960000,-1.44491621e+02,-1.13076074e+02
264.965000,-1.44491284e+02,-1.13075729e+02
264.970000,-1.44491245e+02,-1.13075689e+02
264.975000,-1.44491537e+02,-1.13075973e+02
264.980000,-1.44482889e+02,-1.13067332e+02
264.985000,-1.44479242e+02,-1.13063681e+02
264.990000,-1.44478707e+02,-1.13063145e+02
264.995000,-1.44478901e+02,-1.13063324e+02
265.000000,-1.44479715e+02,-1.13064152e+02
265.005000,-1.44477201e+02,-1.13061631e+02
265.010000,-1.44476804e+02,-1.13061248e+02
265.015000,-1.44476171e+02,-1.13060609e+02
265.020000,-1.44476068e+02,-1.13060506e+02
265.025000,-1.44476481e+02,-1.13060919e+02
265.030000,-1.44477096e+02,-1.13061524e+02
265.035000,-1.44477874e+02,-1.13062294e+02
265.040000,-1.44478046e+02,-1.13062462e+02
265.045000,-1.44478268e+02,-1.13062675e+02
265.050000,-1.44479093e+02,-1.13063495e+02
265.055000,-1.44479907e+02,-1.13064299e+02
265.060000,-1.44480700e+02,-1.13065122e+02
265.065000,-1.44479849e+02,-1.13064264e+02
265.070000,-1.44478412e+02,-1.13062827e+02
265.075000,-1.44476585e+02,-1.13061005e+02
265.080000,-1.44475745e+02,-1.13060163e+02
265.085000,-1.44475405e+02,-1.13059830e+02
265.090000,-1.44466146e+02,-1.13050554e+02
265.095000,-1.44462696e+02,-1.13047116e+02
265.100000,-1.44461932e+02,-1.13046348e+02
265.105000,-1.44464554e+02,-1.13048981e+02
265.110000,-1.44466155e+02,-1.13050583e+02
265.115000,-1.44463942e+02,-1.13048381e+02
265.120000,-1.44463528e+02,-1.13047966e+02
265.125000,-1.44463582e+02,-1.13048021e+02
265.130000,-1.44464086e+02,-1.13048538e+02
265.135000,-1.44464978e+02,-1.13049426e+02
265.140000,-1.44465066e+02,-1.13049515e+02
265.145000,-1.44469279e+02,-1.13053727e+02
265.150000,-1.44470991e+02,-1.13055440e+02
265.155000,-1.44471842e+02,-1.13056287e+02
265.160000,-1.44472998e+02,-1.13057445e+02
265.165000,-1.44473660e+02,-1.13058116e+02
265.170000,-1.44475380e+02,-1.13059851e+02
265.175000,-1.44476867e+02,-1.13061321e+02
265.180000,-1.44476917e+02,-1.13061378e+02
265.185000,-1.44466205e+02,-1.13050676e+02
265.190000,-1.44460846e+02,-1.13045315e+02
265.195000,-1.44458281e+02,-1.13042740e+02
265.200000,-1.44457337e+02,-1.13041790e+02
265.205000,-1.44456909e+02,-1.13041347e+02
265.210000,-1.44457083e+02,-1.13041528e+02
265.215000,-1.44454166e+02,-1.13038596e+02
265.220000,-1.44453010e+02,-1.13037442e+02
265.225000,-1.44452295e+02,-1.13036721e+02
265.230000,-1.44451469e+02,-1.13035895e+02
265.235000,-1.44450403e+02,-1.13034830e+02
265.240000,-1.44448309e+02,-1.13032738e+02
265.245000,-1.44446496e+02,-1.13030926e+02
265.250000,-1.44444766e+02,-1.13029192e+02
265.255000,-1.44443658e+02,-1.13028089e+02
265.260000,-1.44442343e+02,-1.13026768e+02
265.265000,-1.44440512e+02,-1.13024940e+02
265.270000,-1.44439133e+02,-1.13023557e+02
265.275000,-1.44437654e+02,-1.13022072e+02
265.280000,-1.44436619e+02,-1.13021038e+02
265.285000,-1.44427635e+02,-1.13012049e+02
265.290000,-1.44423470e+02,-1.13007884e+02
265.295000,-1.44419919e+02,-1.13004335e+02
265.300000,-1.44417648e+02,-1.13002054e+02
265.305000,-1.44415576e+02,-1.12999991e+02
265.310000,-1.44415472e+02,-1.12999901e+02
265.315000,-1.44411493e+02,-1.12995925e+02
265.320000,-1.44408841e+02,-1.12993278e+02
265.325000,-1.44406523e+02,-1.12990971e+02
265.330000,-1.44404163e+02,-1.12988605e+02
265.335000,-1.44401804e+02,-1.12986256e+02
265.340000,-1.44399010e+02,-1.12983461e+02
265.345000,-1.44397234e+02,-1.12981673e+02
265.350000,-1.44395847e+02,-1.12980279e+02
265.355000,-1.44394727e+02,-1.12979160e+02
265.360000,-1.44393775e+02,-1.12978210e+02
265.365000,-1.44392899e+02,-1.12977335e+02
265.370000,-1.44380607e+02,-1.12965069e+02
265.375000,-1.44376303e+02,-1.12960775e+02
265.380000,-1.44374687e+02,-1.12959156e+02
265.385000,-1.44375021e+02,-1.12959482e+02
265.390000,-1.44376110e+02,-1.12960567e+02
265.395000,-1.44379063e+02,-1.12963514e+02
265.400000,-1.44382264e+02,-1.12966724e+02
265.405000,-1.44386113e+02,-1.12970558e+02
265.410000,-1.44385826e+02,-1.12970259e+02
265.415000,-1.44386221e+02,-1.12970660e+02
265.420000,-1.44386569e+02,-1.12971002e+02
265.425000,-1.44390127e+02,-1.12974561e+02
265.430000,-1.44392001e+02,-1.12976441e+02
265.435000,-1.44393662e+02,-1.12978087e+02
265.440000,-1.44393348e+02,-1.12977774e+02
265.445000,-1.44393155e+02,-1.12977576e+02
265.450000,-1.44378005e+02,-1.12962413e+02
265.455000,-1.44369065e+02,-1.12953465e+02
265.460000,-1.44363525e+02,-1.12947930e+02
265.465000,-1.44358838e+02,-1.12943256e+02
265.470000,-1.44355361e+02,-1.12939782e+02
265.475000,-1.44352832e+02,-1.12937244e+02
265.480000,-1.44350406e+02,-1.12934824e+02
265.485000,-1.44348658e+02,-1.12933074e+02
265.490000,-1.44348401e+02,-1.12932811e+02
265.495000,-1.44348596e+02,-1.12933011e+02
265.500000,-1.44348986e+02,-1.12933416e+02
265.505000,-1.44349395e+02,-1.12933815e+02
265.510000,-1.44345766e+02,-1.12930194e+02
265.515000,-1.44342915e+02,-1.12927345e+02
265.520000,-1.44341499e+02,-1.12925938e+02
265.525000,-1.44340132e+02,-1.12924577e+02
265.530000,-1.44339363e+02,-1.12923789e+02
265.535000,-1.44338240e+02,-1.12922664e+02
265.540000,-1.44336399e+02,-1.12920820e+02
265.545000,-1.44334848e+02,-1.12919271e+02
265.550000,-1.44333474e+02,-1.12917902e+02
265.555000,-1.44332673e+02,-1.12917098e+02
265.560000,-1.44332031e+02,-1.12916462e+02
265.565000,-1.44330558e+02,-1.12914981e+02
265.570000,-1.44329451e+02,-1.12913875e+02
265.575000,-1.44328284e+02,-1.12912708e+02
265.580000,-1.44327131e+02,-1.12911558e+02
265.585000,-1.44320133e+02,-1.12904560e+02
265.590000,-1.44314250e+02,-1.12898698e+02
265.595000,-1.44312002e+02,-1.12896454e+02
265.600000,-1.44311066e+02,-1.12895519e+02
265.605000,-1.44310796e+02,-1.12895245e+02
265.610000,-1.44311599e+02,-1.12896053e+02
265.615000,-1.44312135e+02,-1.12896590e+02
265.620000,-1.44312828e+02,-1.12897279e+02
265.625000,-1.44313273e+02,-1.12897728e+02
265.630000,-1.44313613e+02,-1.12898084e+02
265.635000,-1.44314301e+02,-1.12898755e+02
265.640000,-1.44313897e+02,-1.12898350e+02
265.645000,-1.44313664e+02,-1.12898120e+02
265.650000,-1.44313030e+02,-1.12897471e+02
265.655000,-1.44313360e+02,-1.12897805e+02
265.660000,-1.44314394e+02,-1.12898808e+02
265.665000,-1.44315669e+02,-1.12900089e+02
265.670000,-1.44317387e+02,-1.12901806e+02
265.675000,-1.44317942e+02,-1.12902370e+02
265.680000,-1.44317761e+02,-1.12902198e+02
265.685000,-1.44317629e+02,-1.12902057e+02
265.690000,-1.44317225e+02,-1.12901652e+02
265.695000,-1.44317898e+02,-1.12902325e+02
265.700000,-1.44318825e+02,-1.12903262e+02
265.705000,-1.44318901e+02,-1.12903328e+02
265.710000,-1.44317790e+02,-1.12902208e+02
265.715000,-1.44316007e+02,-1.12900420e+02
265.720000,-1.44314115e+02,-1.12898530e+02
265.725000,-1.44312865e+02,-1.12897283e+02
265.730000,-1.44312047e+02,-1.12896464e+02
265.735000,-1.44311728e+02,-1.12896150e+02
265.740000,-1.44311308e+02,-1.12895728e+02
265.745000,-1.44311281e+02,-1.12895692e+02
265.750000,-1.44312007e+02,-1.12896435e+02
265.755000,-1.44311941e+02,-1.12896369e+02
265.760000,-1.44311537e+02,-1.12895956e+02
265.765000,-1.44309912e+02,-1.12894333e+02
265.770000,-1.44309051e+02,-1.12893473e+02
265.775000,-1.44309010e+02,-1.12893416e+02
265.780000,-1.44307726e+02,-1.12892137e+02
265.785000,-1.44306341e+02,-1.12890761e+02
265.790000,-1.44306120e+02,-1.12890537e+02
265.795000,-1.44305541e+02,-1.12889960e+02
265.800000,-1.44305102e+02,-1.12889518e+02
265.805000,-1.44305252e+02,-1.12889695e+02
265.810000,-1.44304628e+02,-1.12889073e+02
265.815000,-1.44303350e+02,-1.12887795e+02
265.820000,-1.44301933e+02,-1.12886390e+02
265.825000,-1.44299814e+02,-1.12884265e+02
265.830000,-1.44297310e+02,-1.12881749e+02
265.835000,-1.44295314e+02,-1.12879742e+02
265.840000,-1.44295577e+02,-1.12880003e+02
265.845000,-1.44296590e+02,-1.12881021e+02
265.850000,-1.44297641e+02,-1.12882072e+02
265.855000,-1.44298403e+02,-1.12882835e+02
265.860000,-1.44298733e+02,-1.12883160e+02
265.865000,-1.44298110e+02,-1.12882532e+02
265.870000,-1.44297380e+02,-1.12881788e+02
265.875000,-1.44296266e+02,-1.12880677e+02
265.880000,-1.44294811e+02,-1.12879232e+02
265.885000,-1.44292619e+02,-1.12877040e+02
265.890000,-1.44290563e+02,-1.12874987e+02
265.895000,-1.44289344e+02,-1.12873757e+02
265.900000,-1.44288808e+02,-1.12873222e+02
265.905000,-1.44288605e+02,-1.12873024e+02
265.910000,-1.44288596e+02,-1.12873009e+02
265.915000,-1.44287777e+02,-1.12872189e+02
265.920000,-1.44286920e+02,-1.12871325e+02
265.925000,-1.44286978e+02,-1.12871391e+02
265.930000,-1.44287103e+02,-1.12871511e+02
265.935000,-1.44286942e+02,-1.12871359e+02
265.940000,-1.44285546e+02,-1.12869968e+02
265.945000,-1.44284657e+02,-1.12869071e+02
265.950000,-1.44283945e+02,-1.12868369e+02
265.955000,-1.44285332e+02,-1.12869743e+02
265.960000,-1.44285752e+02,-1.12870164e+02
265.965000,-1.44285381e+02,-1.12869777e+02
265.970000,-1.44285126e+02,-1.12869517e+02
265.975000,-1.44286076e+02,-1.12870461e+02
265.980000,-1.44287483e+02,-1.12871885e+02
265.985000,-1.44288986e+02,-1.12873385e+02
265.990000,-1.44290040e+02,-1.12874459e+02
265.995000,-1.44290239e+02,-1.12874647e+02
266.000000,-1.44289519e+02,-1.12873930e+02
266.005000,-1.44288278e+02,-1.12872693e+02
266.010000,-1.44287444e+02,-1.12871861e+02
266.015000,-1.44286678e+02,-1.12871096e+02
266.020000,-1.44285833e+02,-1.12870269e+02
266.025000,-1.44286179e+02,-1.12870624e+02
266.030000,-1.44287530e+02,-1.12871986e+02
266.035000,-1.44289700e+02,-1.12874153e+02
266.040000,-1.44289181e+02,-1.12873626e+02
266.045000,-1.44288576e+02,-1.12873016e+02
266.050000,-1.44287913e+02,-1.12872365e+02
266.055000,-1.44286317e+02,-1.12870778e+02
266.060000,-1.44283838e+02,-1.12868292e+02
266.065000,-1.44281131e+02,-1.12865570e+02
266.070000,-1.44278694e+02,-1.12863134e+02
266.075000,-1.44277137e+02,-1.12861582e+02
266.080000,-1.44276624e+02,-1.12861059e+02
266.085000,-1.44275959e+02,-1.12860393e+02
266.090000,-1.44275196e+02,-1.12859622e+02
266.095000,-1.44275723e+02,-1.12860141e+02
266.100000,-1.44275573e+02,-1.12859979e+02
266.105000,-1.44275181e+02,-1.12859593e+02
266.110000,-1.44275102e+02,-1.12859523e+02
266.115000,-1.44274607e+02,-1.12859043e+02
266.120000,-1.44273265e+02,-1.12857706e+02
266.125000,-1.44272859e+02,-1.12857304e+02
266.130000,-1.44272742e+02,-1.12857174e+02
266.135000,-1.44272675e+02,-1.12857100e+02
266.140000,-1.44271932e+02,-1.12856351e+02
266.145000,-1.44271285e+02,-1.12855696e+02
266.150000,-1.44271609e+02,-1.12856018e+02
266.155000,-1.44272220e+02,-1.12856626e+02
266.160000,-1.44272974e+02,-1.12857380e+02
266.165000,-1.44273628e+02,-1.12858033e+02
266.170000,-1.44274653e+02,-1.12859045e+02
266.175000,-1.44273376e+02,-1.12857780e+02
266.180000,-1.44271690e+02,-1.12856087e+02
266.185000,-1.44270306e+02,-1.12854704e+02
266.190000,-1.44268833e+02,-1.12853230e+02
266.195000,-1.44267619e+02,-1.12852011e+02
266.200000,-1.44266204e+02,-1.12850599e+02
266.205000,-1.44265189e+02,-1.12849579e+02
266.210000,-1.44264713e+02,-1.12849115e+02
266.215000,-1.44263731e+02,-1.12848149e+02
266.220000,-1.44263194e+02,-1.12847634e+02
266.225000,-1.44261812e+02,-1.12846249e+02
266.230000,-1.44260593e+02,-1.12845020e+02
266.235000,-1.44258374e+02,-1.12842803e+02
266.240000,-1.44255833e+02,-1.12840247e+02
266.245000,-1.44252831e+02,-1.12837265e+02
266.250000,-1.44250568e+02,-1.12834999e+02
266.255000,-1.44249342e+02,-1.12833774e+02
266.260000,-1.44248241e+02,-1.12832685e+02
266.265000,-1.44247934e+02,-1.12832368e+02
266.270000,-1.44246656e+02,-1.12831081e+02
266.275000,-1.44245619e+02,-1.12830059e+02
266.280000,-1.44245932e+02,-1.12830367e+02
266.285000,-1.44245930e+02,-1.12830358e+02
266.290000,-1.44246543e+02,-1.12830971e+02
266.295000,-1.44248006e+02,-1.12832440e+02
266.300000,-1.44249077e+02,-1.12833506e+02
266.305000,-1.44250598e+02,-1.12835035e+02
266.310000,-1.44251711e+02,-1.12836151e+02
266.315000,-1.44252397e+02,-1.12836840e+02
266.320000,-1.44252652e+02,-1.12837096e+02
266.325000,-1.44253308e+02,-1.12837734e+02
266.330000,-1.44253067e+02,-1.12837502e+02
266.335000,-1.44253553e+02,-1.12837982e+02
266.340000,-1.44253485e+02,-1.12837911e+02
266.345000,-1.44253414e+02,-1.12837873e+02
266.350000,-1.44252335e+02,-1.12836785e+02
266.355000,-1.44251193e+02,-1.12835630e+02
266.360000,-1.44249553e+02,-1.12834000e+02
266.365000,-1.44246988e+02,-1.12831446e+02
266.370000,-1.44244293e+02,-1.12828754e+02
266.375000,-1.44242292e+02,-1.12826756e+02
266.380000,-1.44240791e+02,-1.12825230e+02
266.385000,-1.44239584e+02,-1.12824021e+02
266.390000,-1.44238804e+02,-1.12823224e+02
266.395000,-1.44237480e+02,-1.12821889e+02
266.400000,-1.44236675e+02,-1.12821091e+02
266.405000,-1.44235649e+02,-1.12820074e+02
266.410000,-1.44235220e+02,-1.12819663e+02
266.415000,-1.44235244e+02,-1.12819678e+02
266.420000,-1.44235350e+02,-1.12819799e+02
266.425000,-1.44235370e+02,-1.12819799e+02
266.430000,-1.44236269e+02,-1.12820693e+02
266.435000,-1.44237633e+02,-1.12822050e+02
266.440000,-1.44238489e+02,-1.12822903e+02
266.445000,-1.44239917e+02,-1.12824340e+02
266.450000,-1.44242032e+02,-1.12826442e+02
266.455000,-1.44244041e+02,-1.12828449e+02
266.460000,-1.44245965e+02,-1.12830361e+02
266.465000,-1.44246685e+02,-1.12831077e+02
266.470000,-1.44246797e+02,-1.12831189e+02
266.475000,-1.44247249e+02,-1.12831645e+02
266.480000,-1.44247333e+02,-1.12831737e+02
266.485000,-1.44247317e+02,-1.12831734e+02
266.490000,-1.44246068e+02,-1.12830487e+02
266.495000,-1.44245018e+02,-1.12829430e+02
266.500000,-1.44243492e+02,-1.12827920e+02
266.505000,-1.44242700e+02,-1.12827121e+02
266.510000,-1.44241457e+02,-1.12825862e+02
266.515000,-1.44238249e+02,-1.12822635e+02
266.520000,-1.44235514e+02,-1.12819907e+02
266.525000,-1.44234992e+02,-1.12819378e+02
266.530000,-1.44234548e+02,-1.12818937e+02
266.535000,-1.44235666e+02,-1.12820062e+02
266.540000,-1.44236373e+02,-1.12820780e+02
266.545000,-1.44237467e+02,-1.12821897e+02
266.550000,-1.44237804e+02,-1.12822233e+02
266.555000,-1.44238329e+02,-1.12822760e+02
266.560000,-1.44238810e+02,-1.12823222e+02
266.565000,-1.44238172e+02,-1.12822570e+02
266.570000,-1.44237308e+02,-1.12821713e+02
266.575000,-1.44236545e+02,-1.12820964e+02
266.580000,-1.44237417e+02,-1.12821849e+02
266.585000,-1.44238194e+02,-1.12822653e+02
266.590000,-1.44238187e+02,-1.12822650e+02
266.595000,-1.44238165e+02,-1.12822622e+02
266.600000,-1.44238155e+02,-1.12822611e+02
266.605000,-1.44237950e+02,-1.12822407e+02
266.610000,-1.44237529e+02,-1.12821962e+02
266.615000,-1.44237574e+02,-1.12822019e+02
266.620000,-1.44237541e+02,-1.12821978e+02
266.625000,-1.44237809e+02,-1.12822237e+02
266.630000,-1.44238021e+02,-1.12822451e+02
266.635000,-1.44238124e+02,-1.12822558e+02
266.640000,-1.44238036e+02,-1.12822478e+02
266.645000,-1.44238439e+02,-1.12822902e+02
266.650000,-1.44238431e+02,-1.12822887e+02
266.655000,-1.44238702e+02,-1.12823144e+02
266.660000,-1.44238187e+02,-1.12822641e+02
266.665000,-1.44237725e+02,-1.12822174e+02
266.670000,-1.44237347e+02,-1.12821809e+02
266.675000,-1.44235591e+02,-1.12820036e+02
266.680000,-1.44232758e+02,-1.12817214e+02
266.685000,-1.44230515e+02,-1.12814971e+02
266.690000,-1.44229112e+02,-1.12813563e+02
266.695000,-1.44228402e+02,-1.12812819e+02
266.700000,-1.44226610e+02,-1.12811025e+02
266.705000,-1.44225743e+02,-1.12810157e+02
266.710000,-1.44225707e+02,-1.12810138e+02
266.715000,-1.44225526e+02,-1.12809976e+02
266.720000,-1.44224714e+02,-1.12809171e+02
266.725000,-1.44224994e+02,-1.12809436e+02
266.730000,-1.44225360e+02,-1.12809802e+02
266.735000,-1.44225528e+02,-1.12809971e+02
266.740000,-1.44225375e+02,-1.12809814e+02
266.745000,-1.44225645e+02,-1.12810067e+02
266.750000,-1.44225376e+02,-1.12809807e+02
266.755000,-1.44225295e+02,-1.12809744e+02
266.760000,-1.44224989e+02,-1.12809427e+02
266.765000,-1.44224892e+02,-1.12809317e+02
266.770000,-1.44225518e+02,-1.12809958e+02
266.775000,-1.44226484e+02,-1.12810920e+02
266.780000,-1.44226902e+02,-1.12811334e+02
266.785000,-1.44226711e+02,-1.12811140e+02
266.790000,-1.44226409e+02,-1.12810855e+02
266.795000,-1.44227215e+02,-1.12811649e+02
266.800000,-1.44226955e+02,-1.12811387e+02
266.805000,-1.44227002e+02,-1.12811419e+02
266.810000,-1.44227003e+02,-1.12811418e+02
266.815000,-1.44226844e+02,-1.12811280e+02
266.820000,-1.44225940e+02,-1.12810371e+02
266.825000,-1.44225329e+02,-1.12809768e+02
266.830000,-1.44224220e+02,-1.12808655e+02
266.835000,-1.44223287e+02,-1.12807708e+02
266.840000,-1.44221963e+02,-1.12806386e+02
266.845000,-1.44220229e+02,-1.12804675e+02
266.850000,-1.44217611e+02,-1.12802047e+02
266.855000,-1.44214070e+02,-1.12798504e+02
266.860000,-1.44210839e+02,-1.12795274e+02
266.865000,-1.44207083e+02,-1.12791529e+02
266.870000,-1.44204407e+02,-1.12788856e+02
266.875000,-1.44202354e+02,-1.12786782e+02
266.880000,-1.44201142e+02,-1.12785561e+02
266.885000,-1.44200606e+02,-1.12785027e+02
266.890000,-1.44200029e+02,-1.12784451e+02
266.895000,-1.44200465e+02,-1.12784893e+02
266.900000,-1.44200954e+02,-1.12785374e+02
266.905000,-1.44201493e+02,-1.12785931e+02
266.910000,-1.44201486e+02,-1.12785915e+02
266.915000,-1.44200929e+02,-1.12785370e+02
266.920000,-1.44199275e+02,-1.12783710e+02
266.925000,-1.44197842e+02,-1.12782276e+02
266.930000,-1.44197152e+02,-1.12781578e+02
266.935000,-1.44195909e+02,-1.12780345e+02
266.940000,-1.44196090e+02,-1.12780531e+02
266.945000,-1.44196756e+02,-1.12781185e+02
266.950000,-1.44197969e+02,-1.12782400e+02
266.955000,-1.44199889e+02,-1.12784323e+02
266.960000,-1.44201177e+02,-1.12785606e+02
266.965000,-1.44201791e+02,-1.12786212e+02
266.970000,-1.44202079e+02,-1.12786503e+02
266.975000,-1.44201917e+02,-1.12786350e+02
266.980000,-1.44200319e+02,-1.12784768e+02
266.985000,-1.44199402e+02,-1.12783842e+02
266.990000,-1.44197955e+02,-1.12782395e+02
266.995000,-1.44194710e+02,-1.12779156e+02
267.000000,-1.44191592e+02,-1.12776030e+02
267.005000,-1.44188751e+02,-1.12773197e+02
267.010000,-1.44186919e+02,-1.12771373e+02
267.015000,-1.44185765e+02,-1.12770213e+02
267.020000,-1.44184456e+02,-1.12768908e+02
267.025000,-1.44183326e+02,-1.12767780e+02
267.030000,-1.44181701e+02,-1.12766143e+02
267.035000,-1.44179145e+02,-1.12763593e+02
267.040000,-1.44176469e+02,-1.12760918e+02
267.045000,-1.44175025e+02,-1.12759458e+02
267.050000,-1.44173622e+02,-1.12758067e+02
267.055000,-1.44172521e+02,-1.12756956e+02
267.060000,-1.44171328e+02,-1.12755774e+02
267.065000,-1.44171072e+02,-1.12755510e+02
267.070000,-1.44170457e+02,-1.12754903e+02
267.075000,-1.44170958e+02,-1.12755396e+02
267.080000,-1.44170974e+02,-1.12755414e+02
267.085000,-1.44171250e+02,-1.12755689e+02
267.090000,-1.44171495e+02,-1.12755939e+02
267.095000,-1.44171417e+02,-1.12755848e+02
267.100000,-1.44171015e+02,-1.12755454e+02
267.105000,-1.44171951e+02,-1.12756387e+02
267.110000,-1.44172932e+02,-1.12757358e+02
267.115000,-1.44173756e+02,-1.12758171e+02
267.120000,-1.44173090e+02,-1.12757510e+02
267.125000,-1.44171592e+02,-1.12756014e+02
267.130000,-1.44169600e+02,-1.12754007e+02
267.135000,-1.44167582e+02,-1.12752022e+02
267.140000,-1.44165527e+02,-1.12749967e+02
267.145000,-1.44162938e+02,-1.12747381e+02
267.150000,-1.44161360e+02,-1.12745805e+02
267.155000,-1.44158714e+02,-1.12743142e+02
267.160000,-1.44155318e+02,-1.12739738e+02
267.165000,-1.44153165e+02,-1.12737584e+02
267.170000,-1.44150884e+02,-1.12735302e+02
267.175000,-1.44148634e+02,-1.12733046e+02
267.180000,-1.44147334e+02,-1.12731737e+02
267.185000,-1.44146645e+02,-1.12731053e+02
267.190000,-1.44145371e+02,-1.12729788e+02
267.195000,-1.44143968e+02,-1.12728385e+02
267.200000,-1.44142930e+02,-1.12727356e+02
267.205000,-1.44142812e+02,-1.12727241e+02
267.210000,-1.44143327e+02,-1.12727752e+02
267.215000,-1.44144144e+02,-1.12728588e+02
267.220000,-1.44145441e+02,-1.12729886e+02
267.225000,-1.44147554e+02,-1.12732002e+02
267.230000,-1.44149955e+02,-1.12734412e+02
267.235000,-1.44152280e+02,-1.12736741e+02
267.240000,-1.44154402e+02,-1.12738862e+02
267.245000,-1.44155920e+02,-1.12740373e+02
267.250000,-1.44156731e+02,-1.12741184e+02
267.255000,-1.44158136e+02,-1.12742593e+02
267.260000,-1.44159238e+02,-1.12743682e+02
267.265000,-1.44160144e+02,-1.12744608e+02
267.270000,-1.44160295e+02,-1.12744763e+02
267.275000,-1.44160168e+02,-1.12744603e+02
267.280000,-1.44158733e+02,-1.12743184e+02
267.285000,-1.44157141e+02,-1.12741607e+02
267.290000,-1.44155051e+02,-1.12739515e+02
267.295000,-1.44153029e+02,-1.12737509e+02
267.300000,-1.44151054e+02,-1.12735533e+02
267.305000,-1.44149347e+02,-1.12733821e+02
267.310000,-1.44146918e+02,-1.12731401e+02
267.315000,-1.44146373e+02,-1.12730843e+02
267.320000,-1.44145867e+02,-1.12730345e+02
267.325000,-1.44145873e+02,-1.12730360e+02
267.330000,-1.44146766e+02,-1.12731240e+02
267.335000,-1.44148638e+02,-1.12733110e+02
267.340000,-1.44150812e+02,-1.12735278e+02
267.345000,-1.44153712e+02,-1.12738180e+02
267.350000,-1.44157698e+02,-1.12742163e+02
267.355000,-1.44161716e+02,-1.12746170e+02
267.360000,-1.44165617e+02,-1.12750063e+02
267.365000,-1.44168598e+02,-1.12753041e+02
267.370000,-1.44170929e+02,-1.12755364e+02
267.375000,-1.44173428e+02,-1.12757863e+02
267.380000,-1.44175978e+02,-1.12760424e+02
267.385000,-1.44178565e+02,-1.12763013e+02
267.390000,-1.44178968e+02,-1.12763421e+02
267.395000,-1.44179871e+02,-1.12764317e+02
267.400000,-1.44180902e+02,-1.12765340e+02
267.405000,-1.44181888e+02,-1.12766316e+02
267.410000,-1.44181482e+02,-1.12765896e+02
267.415000,-1.44180508e+02,-1.12764940e+02
267.420000,-1.44178137e+02,-1.12762571e+02
267.425000,-1.44175982e+02,-1.12760400e+02
267.430000,-1.44172955e+02,-1.12757369e+02
267.435000,-1.44171113e+02,-1.12755534e+02
267.440000,-1.44169819e+02,-1.12754240e+02
267.445000,-1.44169561e+02,-1.12753962e+02
267.450000,-1.44168358e+02,-1.12752765e+02
267.455000,-1.44167309e+02,-1.12751727e+02
267.460000,-1.44166941e+02,-1.12751352e+02
267.465000,-1.44168384e+02,-1.12752787e+02
267.470000,-1.44170582e+02,-1.12754991e+02
267.475000,-1.44172773e+02,-1.12757197e+02
267.480000,-1.44174171e+02,-1.12758612e+02
267.485000,-1.44177211e+02,-1.12761666e+02
267.490000,-1.44179507e+02,-1.12763963e+02
267.495000,-1.44181394e+02,-1.12765861e+02
267.500000,-1.44182569e+02,-1.12767015e+02
267.505000,-1.44182297e+02,-1.12766759e+02
267.510000,-1.44182353e+02,-1.12766811e+02
267.515000,-1.44182749e+02,-1.12767202e+02
267.520000,-1.44182649e+02,-1.12767111e+02
267.525000,-1.44181708e+02,-1.12766181e+02
267.530000,-1.44179842e+02,-1.12764318e+02
267.535000,-1.44179106e+02,-1.12763583e+02
267.540000,-1.44179114e+02,-1.12763594e+02
267.545000,-1.44179362e+02,-1.12763856e+02
267.550000,-1.44178711e+02,-1.12763183e+02
267.555000,-1.44177333e+02,-1.12761818e+02
267.560000,-1.44175345e+02,-1.12759832e+02
267.565000,-1.44173833e+02,-1.12758315e+02
267.570000,-1.44172578e+02,-1.12757054e+02
267.575000,-1.44171234e+02,-1.12755705e+02
267.580000,-1.44170575e+02,-1.12755040e+02
267.585000,-1.44170386e+02,-1.12754839e+02
267.590000,-1.44170153e+02,-1.12754629e+02
267.595000,-1.44171021e+02,-1.12755510e+02
267.600000,-1.44172125e+02,-1.12756606e+02
267.605000,-1.44174002e+02,-1.12758466e+02
267.610000,-1.44175496e+02,-1.12759955e+02
267.615000,-1.44177961e+02,-1.12762415e+02
267.620000,-1.44180454e+02,-1.12764917e+02
267.625000,-1.44182061e+02,-1.12766525e+02
267.630000,-1.44183566e+02,-1.12768019e+02
267.635000,-1.44185065e+02,-1.12769518e+02
267.640000,-1.44186333e+02,-1.12770769e+02
267.645000,-1.44187479e+02,-1.12771905e+02
267.650000,-1.44188121e+02,-1.12772549e+02
267.655000,-1.44188833e+02,-1.12773256e+02
267.660000,-1.44189970e+02,-1.12774407e+02
267.665000,-1.44191992e+02,-1.12776424e+02
267.670000,-1.44193583e+02,-1.12778024e+02
267.675000,-1.44195066e+02,-1.12779490e+02
267.680000,-1.44195224e+02,-1.12779642e+02
267.685000,-1.44194267e+02,-1.12778703e+02
267.690000,-1.44192824e+02,-1.12777256e+02
267.695000,-1.44191242e+02,-1.12775678e+02
267.700000,-1.44189163e+02,-1.12773590e+02
267.705000,-1.44186379e+02,-1.12770805e+02
267.710000,-1.44185055e+02,-1.12769470e+02
267.715000,-1.44183906e+02,-1.12768316e+02
267.720000,-1.44183485e+02,-1.12767898e+02
267.725000,-1.44183576e+02,-1.12767995e+02
267.730000,-1.44183141e+02,-1.12767561e+02
267.735000,-1.44183748e+02,-1.12768146e+02
267.740000,-1.44182793e+02,-1.12767192e+02
267.745000,-1.44183005e+02,-1.12767413e+02
267.750000,-1.44182301e+02,-1.12766716e+02
267.755000,-1.44181192e+02,-1.12765611e+02
267.760000,-1.44180175e+02,-1.12764620e+02
267.765000,-1.44179348e+02,-1.12763783e+02
267.770000,-1.44179427e+02,-1.12763861e+02
267.775000,-1.44179796e+02,-1.12764230e+02
267.780000,-1.44180390e+02,-1.12764841e+02
267.785000,-1.44180919e+02,-1.12765365e+02
267.790000,-1.44180958e+02,-1.12765411e+02
267.795000,-1.44181386e+02,-1.12765829e+02
267.800000,-1.44181014e+02,-1.12765452e+02
267.805000,-1.44179645e+02,-1.12764095e+02
267.810000,-1.44178973e+02,-1.12763431e+02
267.815000,-1.44178960e+02,-1.12763397e+02
267.820000,-1.44177758e+02,-1.12762197e+02
267.825000,-1.44176780e+02,-1.12761220e+02
267.830000,-1.44176065e+02,-1.12760502e+02
267.835000,-1.44175629e+02,-1.12760060e+02
267.840000,-1.44175254e+02,-1.12759695e+02
267.845000,-1.44176233e+02,-1.12760670e+02
267.850000,-1.44177236e+02,-1.12761696e+02
267.855000,-1.44177403e+02,-1.12761849e+02
267.860000,-1.44177736e+02,-1.12762196e+02
267.865000,-1.44177964e+02,-1.12762427e+02
267.870000,-1.44178399e+02,-1.12762871e+02
267.875000,-1.44178424e+02,-1.12762902e+02
267.880000,-1.44179159e+02,-1.12763646e+02
267.885000,-1.44177585e+02,-1.12762058e+02
267.890000,-1.44176304e+02,-1.12760773e+02
267.895000,-1.44176323e+02,-1.12760789e+02
267.900000,-1.44176788e+02,-1.12761257e+02
267.905000,-1.44177189e+02,-1.12761645e+02
267.910000,-1.44177009e+02,-1.12761465e+02
267.915000,-1.44177295e+02,-1.12761749e+02
267.920000,-1.44177580e+02,-1.12762039e+02
267.925000,-1.44177215e+02,-1.12761675e+02
267.930000,-1.44176487e+02,-1.12760955e+02
267.935000,-1.44176516e+02,-1.12760980e+02
267.940000,-1.44175622e+02,-1.12760079e+02
267.945000,-1.44174465e+02,-1.12758943e+02
267.950000,-1.44172763e+02,-1.12757238e+02
267.955000,-1.44171286e+02,-1.12755768e+02
267.960000,-1.44169821e+02,-1.12754304e+02
267.965000,-1.44168212e+02,-1.12752692e+02
267.970000,-1.44167081e+02,-1.12751566e+02
267.975000,-1.44166118e+02,-1.12750587e+02
267.980000,-1.44164853e+02,-1.12749316e+02
267.985000,-1.44164321e+02,-1.12748767e+02
267.990000,-1.44165337e+02,-1.12749772e+02
267.995000,-1.44165299e+02,-1.12749745e+02
268.000000,-1.44164875e+02,-1.12749328e+02
268.005000,-1.44164511e+02,-1.12748953e+02
268.010000,-1.44164978e+02,-1.12749420e+02
268.015000,-1.44165926e+02,-1.12750377e+02
268.020000,-1.44166740e+02,-1.12751178e+02
268.025000,-1.44166801e+02,-1.12751237e+02
268.030000,-1.44166215e+02,-1.12750664e+02
268.035000,-1.44165913e+02,-1.12750358e+02
268.040000,-1.44165555e+02,-1.12749981e+02
268.045000,-1.44164454e+02,-1.12748874e+02
268.050000,-1.44162532e+02,-1.12746947e+02
268.055000,-1.44161317e+02,-1.12745742e+02
268.060000,-1.44160431e+02,-1.12744855e+02
268.065000,-1.44160685e+02,-1.12745117e+02
268.070000,-1.44160668e+02,-1.12745084e+02
268.075000,-1.44160585e+02,-1.12744986e+02
268.080000,-1.44159099e+02,-1.12743505e+02
268.085000,-1.44158828e+02,-1.12743228e+02
268.090000,-1.44158431e+02,-1.12742840e+02
268.095000,-1.44158474e+02,-1.12742885e+02
268.100000,-1.44159214e+02,-1.12743645e+02
268.105000,-1.44160533e+02,-1.12744966e+02
268.110000,-1.44163384e+02,-1.12747818e+02
268.115000,-1.44166217e+02,-1.12750641e+02
268.120000,-1.44166615e+02,-1.12751048e+02
268.125000,-1.44167856e+02,-1.12752286e+02
268.130000,-1.44169335e+02,-1.12753781e+02
268.135000,-1.44170619e+02,-1.12755072e+02
268.140000,-1.44172244e+02,-1.12756697e+02
268.145000,-1.44173975e+02,-1.12758438e+02
268.150000,-1.44175846e+02,-1.12760297e+02
268.155000,-1.44177385e+02,-1.12761821e+02
268.160000,-1.44177939e+02,-1.12762384e+02
268.165000,-1.44178652e+02,-1.12763109e+02
268.170000,-1.44179118e+02,-1.12763567e+02
268.175000,-1.44180313e+02,-1.12764757e+02
268.180000,-1.44181662e+02,-1.12766095e+02
268.185000,-1.44184058e+02,-1.12768499e+02
268.190000,-1.44186917e+02,-1.12771359e+02
268.195000,-1.44189344e+02,-1.12773784e+02
268.200000,-1.44190845e+02,-1.12775315e+02
268.205000,-1.44191936e+02,-1.12776423e+02
268.210000,-1.44192128e+02,-1.12776618e+02
268.215000,-1.44193536e+02,-1.12778015e+02
268.220000,-1.44194724e+02,-1.12779183e+02
268.225000,-1.44197163e+02,-1.12781615e+02
268.230000,-1.44199569e+02,-1.12784037e+02
268.235000,-1.44202679e+02,-1.12787170e+02
268.240000,-1.44203602e+02,-1.12788076e+02
268.245000,-1.44204927e+02,-1.12789390e+02
268.250000,-1.44206719e+02,-1.12791189e+02
268.255000,-1.44208978e+02,-1.12793451e+02
268.260000,-1.44211302e+02,-1.12795777e+02
268.265000,-1.44213635e+02,-1.12798100e+02
268.270000,-1.44215244e+02,-1.12799696e+02
268.275000,-1.44217767e+02,-1.12802208e+02
268.280000,-1.44219880e+02,-1.12804338e+02
268.285000,-1.44221422e+02,-1.12805889e+02
268.290000,-1.44222063e+02,-1.12806525e+02
268.295000,-1.44222179e+02,-1.12806641e+02
268.300000,-1.44222754e+02,-1.12807211e+02
268.305000,-1.44223697e+02,-1.12808144e+02
268.310000,-1.44223999e+02,-1.12808453e+02
268.315000,-1.44224949e+02,-1.12809415e+02
268.320000,-1.44226135e+02,-1.12810618e+02
268.325000,-1.44226771e+02,-1.12811239e+02
268.330000,-1.44227452e+02,-1.12811924e+02
268.335000,-1.44228718e+02,-1.12813175e+02
268.340000,-1.44230446e+02,-1.12814908e+02
268.345000,-1.44232094e+02,-1.12816568e+02
268.350000,-1.44234502e+02,-1.12818977e+02
268.355000,-1.44238511e+02,-1.12822953e+02
268.360000,-1.44241757e+02,-1.12826191e+02
268.365000,-1.44243953e+02,-1.12828385e+02
268.370000,-1.44246659e+02,-1.12831103e+02
268.375000,-1.44249402e+02,-1.12833843e+02
268.380000,-1.44253539e+02,-1.12837974e+02
268.385000,-1.44257370e+02,-1.12841807e+02
268.390000,-1.44260398e+02,-1.12844848e+02
268.395000,-1.44264589e+02,-1.12849039e+02
268.400000,-1.44267878e+02,-1.12852328e+02
268.405000,-1.44271528e+02,-1.12855992e+02
268.410000,-1.44274634e+02,-1.12859096e+02
268.415000,-1.44278255e+02,-1.12862707e+02
268.420000,-1.44281203e+02,-1.12865657e+02
268.425000,-1.44283204e+02,-1.12867660e+02
268.430000,-1.44284153e+02,-1.12868593e+02
268.435000,-1.44285982e+02,-1.12870421e+02
268.440000,-1.44288899e+02,-1.12873339e+02
268.445000,-1.44292549e+02,-1.12876973e+02
268.450000,-1.44296695e+02,-1.12881135e+02
268.455000,-1.44297968e+02,-1.12882394e+02
268.460000,-1.44299548e+02,-1.12883987e+02
268.465000,-1.44301070e+02,-1.12885493e+02
268.470000,-1.44303526e+02,-1.12887956e+02
268.475000,-1.44306983e+02,-1.12891437e+02
268.480000,-1.44309931e+02,-1.12894375e+02
268.485000,-1.44314078e+02,-1.12898512e+02
268.490000,-1.44317745e+02,-1.12902178e+02
268.495000,-1.44321180e+02,-1.12905619e+02
268.500000,-1.44324051e+02,-1.12908490e+02
268.505000,-1.44326737e+02,-1.12911174e+02
268.510000,-1.44330699e+02,-1.12915144e+02
268.515000,-1.44334045e+02,-1.12918478e+02
268.520000,-1.44336771e+02,-1.12921208e+02
268.525000,-1.44338933e+02,-1.12923367e+02
268.530000,-1.44340207e+02,-1.12924662e+02
268.535000,-1.44341320e+02,-1.12925766e+02
268.540000,-1.44340886e+02,-1.12925326e+02
268.545000,-1.44340821e+02,-1.12925268e+02
268.550000,-1.44341318e+02,-1.12925781e+02
268.555000,-1.44341076e+02,-1.12925526e+02
268.560000,-1.44341993e+02,-1.12926443e+02
268.565000,-1.44343029e+02,-1.12927485e+02
268.570000,-1.44345271e+02,-1.12929716e+02
268.575000,-1.44346680e+02,-1.12931138e+02
268.580000,-1.44348389e+02,-1.12932878e+02
268.585000,-1.44349985e+02,-1.12934463e+02
268.590000,-1.44351709e+02,-1.12936173e+02
268.595000,-1.44353154e+02,-1.12937622e+02
268.600000,-1.44355998e+02,-1.12940451e+02
268.605000,-1.44357815e+02,-1.12942260e+02
268.610000,-1.44359742e+02,-1.12944189e+02
268.615000,-1.44362764e+02,-1.12947198e+02
268.620000,-1.44366748e+02,-1.12951179e+02
268.625000,-1.44370265e+02,-1.12954694e+02
268.630000,-1.44372737e+02,-1.12957180e+02
268.635000,-1.44376711e+02,-1.12961165e+02
268.640000,-1.44380693e+02,-1.12965133e+02
268.645000,-1.44384466e+02,-1.12968931e+02
268.650000,-1.44389231e+02,-1.12973680e+02
268.655000,-1.44392206e+02,-1.12976653e+02
268.660000,-1.44394457e+02,-1.12978898e+02
268.665000,-1.44396359e+02,-1.12980789e+02
268.670000,-1.44397925e+02,-1.12982375e+02
268.675000,-1.44398316e+02,-1.12982763e+02
268.680000,-1.44398600e+02,-1.12983027e+02
268.685000,-1.44399100e+02,-1.12983506e+02
268.690000,-1.44399436e+02,-1.12983868e+02
268.695000,-1.44401481e+02,-1.12985922e+02
268.700000,-1.44403170e+02,-1.12987605e+02
268.705000,-1.44403509e+02,-1.12987944e+02
268.710000,-1.44404135e+02,-1.12988560e+02
268.715000,-1.44404211e+02,-1.12988661e+02
268.720000,-1.44405539e+02,-1.12989980e+02
268.725000,-1.44408266e+02,-1.12992720e+02
268.730000,-1.44410464e+02,-1.12994916e+02
268.735000,-1.44413086e+02,-1.12997548e+02
268.740000,-1.44416403e+02,-1.13000865e+02
268.745000,-1.44420073e+02,-1.13004535e+02
268.750000,-1.44423469e+02,-1.13007936e+02
268.755000,-1.44427030e+02,-1.13011494e+02
268.760000,-1.44432786e+02,-1.13017251e+02
268.765000,-1.44439198e+02,-1.13023662e+02
268.770000,-1.44445645e+02,-1.13030087e+02
268.775000,-1.44451263e+02,-1.13035702e+02
268.780000,-1.44455948e+02,-1.13040398e+02
268.785000,-1.44459511e+02,-1.13043951e+02
268.790000,-1.44463367e+02,-1.13047808e+02
268.795000,-1.44466549e+02,-1.13050989e+02
268.800000,-1.44469326e+02,-1.13053787e+02
268.805000,-1.44470418e+02,-1.13054855e+02
268.810000,-1.44470447e+02,-1.13054896e+02
268.815000,-1.44470170e+02,-1.13054631e+02
268.820000,-1.44470129e+02,-1.13054604e+02
268.825000,-1.44470992e+02,-1.13055477e+02
268.830000,-1.44471181e+02,-1.13055657e+02
268.835000,-1.44469789e+02,-1.13054260e+02
268.840000,-1.44470194e+02,-1.13054657e+02
268.845000,-1.44471130e+02,-1.13055584e+02
268.850000,-1.44471920e+02,-1.13056386e+02
268.855000,-1.44472107e+02,-1.13056570e+02
268.860000,-1.44473379e+02,-1.13057847e+02
268.865000,-1.44476195e+02,-1.13060655e+02
268.870000,-1.44479034e+02,-1.13063480e+02
268.875000,-1.44479926e+02,-1.13064367e+02
268.880000,-1.44481722e+02,-1.13066145e+02
268.885000,-1.44484959e+02,-1.13069387e+02
268.890000,-1.44489637e+02,-1.13074078e+02
268.895000,-1.44496164e+02,-1.13080607e+02
268.900000,-1.44502755e+02,-1.13087214e+02
268.905000,-1.44509458e+02,-1.13093913e+02
268.910000,-1.44515119e+02,-1.13099583e+02
268.915000,-1.44519055e+02,-1.13103521e+02
268.920000,-1.44523818e+02,-1.13108287e+02
268.925000,-1.44527488e+02,-1.13111976e+02
268.930000,-1.44529846e+02,-1.13114325e+02
268.935000,-1.44532015e+02,-1.13116512e+02
268.940000,-1.44533626e+02,-1.13118108e+02
268.945000,-1.44534366e+02,-1.13118824e+02
268.950000,-1.44533965e+02,-1.13118434e+02
268.955000,-1.44530981e+02,-1.13115451e+02
268.960000,-1.44531924e+02,-1.13116387e+02
268.965000,-1.44534196e+02,-1.13118645e+02
268.970000,-1.44536896e+02,-1.13121361e+02
268.975000,-1.44538995e+02,-1.13123457e+02
268.980000,-1.44541659e+02,-1.13126133e+02
268.985000,-1.44544503e+02,-1.13128967e+02
268.990000,-1.44546717e+02,-1.13131174e+02
268.995000,-1.44549117e+02,-1.13133591e+02
269.000000,-1.44553003e+02,-1.13137474e+02
269.005000,-1.44556147e+02,-1.13140607e+02
269.010000,-1.44560964e+02,-1.13145418e+02
269.015000,-1.44566069e+02,-1.13150553e+02
269.020000,-1.44569547e+02,-1.13154022e+02
269.025000,-1.44572928e+02,-1.13157399e+02
269.030000,-1.44576579e+02,-1.13161053e+02
269.035000,-1.44578650e+02,-1.13163115e+02
269.040000,-1.44582254e+02,-1.13166708e+02
269.045000,-1.44586813e+02,-1.13171258e+02
269.050000,-1.44591073e+02,-1.13175482e+02
269.055000,-1.44595966e+02,-1.13180376e+02
269.060000,-1.44600807e+02,-1.13185239e+02
269.065000,-1.44605884e+02,-1.13190295e+02
269.070000,-1.44609566e+02,-1.13193998e+02
269.075000,-1.44611267e+02,-1.13195696e+02
269.080000,-1.44613408e+02,-1.13197857e+02
269.085000,-1.44616769e+02,-1.13201238e+02
269.090000,-1.44622272e+02,-1.13206741e+02
269.095000,-1.44626678e+02,-1.13211152e+02
269.100000,-1.44630230e+02,-1.13214703e+02
269.105000,-1.44633115e+02,-1.13217595e+02
269.110000,-1.44636369e+02,-1.13220838e+02
269.115000,-1.44638325e+02,-1.13222799e+02
269.120000,-1.44641374e+02,-1.13225851e+02
269.125000,-1.44644291e+02,-1.13228775e+02
269.130000,-1.44647427e+02,-1.13231902e+02
269.135000,-1.44649529e+02,-1.13234018e+02
269.140000,-1.44652631e+02,-1.13237133e+02
269.145000,-1.44656261e+02,-1.13240767e+02
269.150000,-1.44658811e+02,-1.13243304e+02
269.155000,-1.44657895e+02,-1.13242386e+02
269.160000,-1.44657342e+02,-1.13241825e+02
269.165000,-1.44658668e+02,-1.13243157e+02
269.170000,-1.44660285e+02,-1.13244761e+02
269.175000,-1.44661758e+02,-1.13246214e+02
269.180000,-1.44663100e+02,-1.13247554e+02
269.185000,-1.44665277e+02,-1.13249719e+02
269.190000,-1.44667666e+02,-1.13252113e+02
269.195000,-1.44667518e+02,-1.13251960e+02
269.200000,-1.44668216e+02,-1.13252659e+02
269.205000,-1.44669242e+02,-1.13253664e+02
269.210000,-1.44671802e+02,-1.13256227e+02
269.215000,-1.44674233e+02,-1.13258648e+02
269.220000,-1.44676434e+02,-1.13260829e+02
269.225000,-1.44677527e+02,-1.13261922e+02
269.230000,-1.44678078e+02,-1.13262472e+02
269.235000,-1.44677584e+02,-1.13261961e+02
269.240000,-1.44677609e+02,-1.13261997e+02
269.245000,-1.44679087e+02,-1.13263472e+02
269.250000,-1.44681086e+02,-1.13265462e+02
269.255000,-1.44682782e+02,-1.13267148e+02
269.260000,-1.44683994e+02,-1.13268359e+02
269.265000,-1.44685610e+02,-1.13269963e+02
269.270000,-1.44687583e+02,-1.13271927e+02
269.275000,-1.44687739e+02,-1.13272103e+02
269.280000,-1.44690766e+02,-1.13275131e+02
269.285000,-1.44693590e+02,-1.13277962e+02
269.290000,-1.44696107e+02,-1.13280496e+02
269.295000,-1.44698987e+02,-1.13283399e+02
269.300000,-1.44700945e+02,-1.13285365e+02
269.305000,-1.44703935e+02,-1.13288327e+02
269.310000,-1.44706135e+02,-1.13290584e+02
269.315000,-1.44704088e+02,-1.13288520e+02
269.320000,-1.44704180e+02,-1.13288613e+02
269.325000,-1.44704205e+02,-1.13288639e+02
269.330000,-1.44704117e+02,-1.13288602e+02
269.335000,-1.44703642e+02,-1.13288104e+02
269.340000,-1.44702958e+02,-1.13287428e+02
269.345000,-1.44701951e+02,-1.13286442e+02
269.350000,-1.44703616e+02,-1.13288103e+02
269.355000,-1.44703671e+02,-1.13288156e+02
269.360000,-1.44706309e+02,-1.13290825e+02
269.365000,-1.44709264e+02,-1.13293772e+02
269.370000,-1.44712347e+02,-1.13296853e+02
269.375000,-1.44714977e+02,-1.13299487e+02
269.380000,-1.44717521e+02,-1.13302038e+02
269.385000,-1.44719889e+02,-1.13304423e+02
269.390000,-1.44722236e+02,-1.13306759e+02
269.395000,-1.44721328e+02,-1.13305839e+02
269.400000,-1.44722912e+02,-1.13307434e+02
269.405000,-1.44726129e+02,-1.13310627e+02
269.410000,-1.44727947e+02,-1.13312451e+02
269.415000,-1.44729307e+02,-1.13313814e+02
269.420000,-1.44731249e+02,-1.13315739e+02
269.425000,-1.44733529e+02,-1.13318029e+02
269.430000,-1.44732922e+02,-1.13317410e+02
269.435000,-1.44733154e+02,-1.13317647e+02
269.440000,-1.44734111e+02,-1.13318627e+02
269.445000,-1.44735243e+02,-1.13319721e+02
269.450000,-1.44734989e+02,-1.13319462e+02
269.455000,-1.44734713e+02,-1.13319197e+02
269.460000,-1.44735671e+02,-1.13320185e+02
269.465000,-1.44733425e+02,-1.13317929e+02
269.470000,-1.44733350e+02,-1.13317843e+02
269.475000,-1.44732404e+02,-1.13316892e+02
269.480000,-1.44731363e+02,-1.13315844e+02
269.485000,-1.44730352e+02,-1.13314818e+02
269.490000,-1.44730303e+02,-1.13314756e+02
269.495000,-1.44731842e+02,-1.13316293e+02
269.500000,-1.44730670e+02,-1.13315108e+02
269.505000,-1.44731893e+02,-1.13316344e+02
269.510000,-1.44734173e+02,-1.13318610e+02
269.515000,-1.44735942e+02,-1.13320393e+02
269.520000,-1.44737936e+02,-1.13322392e+02
269.525000,-1.44739887e+02,-1.13324330e+02
269.530000,-1.44742391e+02,-1.13326844e+02
269.535000,-1.44742147e+02,-1.13326587e+02
269.540000,-1.44744024e+02,-1.13328460e+02
269.545000,-1.44745211e+02,-1.13329636e+02
269.550000,-1.44746266e+02,-1.13330699e+02
269.555000,-1.44747207e+02,-1.13331659e+02
269.560000,-1.44748105e+02,-1.13332553e+02
269.565000,-1.44749348e+02,-1.13333803e+02
269.570000,-1.44747293e+02,-1.13331755e+02
269.575000,-1.44746532e+02,-1.13330974e+02
269.580000,-1.44745769e+02,-1.13330220e+02
269.585000,-1.44745430e+02,-1.13329877e+02
269.590000,-1.44743105e+02,-1.13327585e+02
269.595000,-1.44741598e+02,-1.13326059e+02
269.600000,-1.44740882e+02,-1.13325345e+02
269.605000,-1.44737340e+02,-1.13321818e+02
269.610000,-1.44736115e+02,-1.13320604e+02
269.615000,-1.44737485e+02,-1.13321969e+02
269.620000,-1.44740234e+02,-1.13324741e+02
269.625000,-1.44741800e+02,-1.13326298e+02
269.630000,-1.44743351e+02,-1.13327840e+02
269.635000,-1.44746387e+02,-1.13330881e+02
269.640000,-1.44747402e+02,-1.13331898e+02
269.645000,-1.44751455e+02,-1.13335954e+02
269.650000,-1.44755341e+02,-1.13339831e+02
269.655000,-1.44758804e+02,-1.13343284e+02
269.660000,-1.44761220e+02,-1.13345713e+02
269.665000,-1.44762187e+02,-1.13346678e+02
269.670000,-1.44762053e+02,-1.13346547e+02
269.675000,-1.44761138e+02,-1.13345600e+02
269.680000,-1.44761816e+02,-1.13346268e+02
269.685000,-1.44762542e+02,-1.13347016e+02
269.690000,-1.44764034e+02,-1.13348495e+02
269.695000,-1.44765063e+02,-1.13349502e+02
269.700000,-1.44765574e+02,-1.13350024e+02
269.705000,-1.44766594e+02,-1.13351042e+02
269.710000,-1.44765089e+02,-1.13349522e+02
269.715000,-1.44764963e+02,-1.13349409e+02
269.720000,-1.44763935e+02,-1.13348406e+02
269.725000,-1.44764326e+02,-1.13348784e+02
269.730000,-1.44765056e+02,-1.13349497e+02
269.735000,-1.44766785e+02,-1.13351209e+02
269.740000,-1.44768352e+02,-1.13352781e+02
269.745000,-1.44767557e+02,-1.13351968e+02
269.750000,-1.44769203e+02,-1.13353627e+02
269.755000,-1.44771680e+02,-1.13356099e+02
269.760000,-1.44774143e+02,-1.13358568e+02
269.765000,-1.44776770e+02,-1.13361179e+02
269.770000,-1.44778411e+02,-1.13362825e+02
269.775000,-1.44781136e+02,-1.13365544e+02
269.780000,-1.44781530e+02,-1.13365928e+02
269.785000,-1.44783173e+02,-1.13367594e+02
269.790000,-1.44786329e+02,-1.13370747e+02
269.795000,-1.44789011e+02,-1.13373424e+02
269.800000,-1.44791179e+02,-1.13375629e+02
269.805000,-1.44793288e+02,-1.13377732e+02
269.810000,-1.44795077e+02,-1.13379509e+02
269.815000,-1.44793922e+02,-1.13378362e+02
269.820000,-1.44795840e+02,-1.13380276e+02
269.825000,-1.44799015e+02,-1.13383462e+02
269.830000,-1.44801797e+02,-1.13386243e+02
269.835000,-1.44804291e+02,-1.13388730e+02
269.840000,-1.44805301e+02,-1.13389730e+02
269.845000,-1.44804974e+02,-1.13389420e+02
269.850000,-1.44802807e+02,-1.13387241e+02
269.855000,-1.44803520e+02,-1.13387978e+02
269.860000,-1.44805692e+02,-1.13390173e+02
269.865000,-1.44807342e+02,-1.13391826e+02
269.870000,-1.44808283e+02,-1.13392763e+02
269.875000,-1.44808386e+02,-1.13392893e+02
269.880000,-1.44809026e+02,-1.13393516e+02
269.885000,-1.44807188e+02,-1.13391686e+02
269.890000,-1.44809258e+02,-1.13393769e+02
269.895000,-1.44811724e+02,-1.13396226e+02
269.900000,-1.44813768e+02,-1.13398308e+02
269.905000,-1.44815048e+02,-1.13399575e+02
269.910000,-1.44817806e+02,-1.13402326e+02
269.915000,-1.44821279e+02,-1.13405800e+02
269.920000,-1.44823029e+02,-1.13407548e+02
269.925000,-1.44826481e+02,-1.13410983e+02
269.930000,-1.44828658e+02,-1.13413182e+02
269.935000,-1.44830857e+02,-1.13415381e+02
269.940000,-1.44834481e+02,-1.13418991e+02
269.945000,-1.44838260e+02,-1.13422784e+02
269.950000,-1.44843871e+02,-1.13428386e+02
269.955000,-1.44846480e+02,-1.13430992e+02
269.960000,-1.44850096e+02,-1.13434597e+02
269.965000,-1.44853426e+02,-1.13437930e+02
269.970000,-1.44856403e+02,-1.13440919e+02
269.975000,-1.44859247e+02,-1.13443760e+02
269.980000,-1.44863082e+02,-1.13447572e+02
269.985000,-1.44865962e+02,-1.13450425e+02
269.990000,-1.44865214e+02,-1.13449698e+02
269.995000,-1.44866670e+02,-1.13451139e+02
270.000000,-1.44867184e+02,-1.13451659e+02
270.005000,-1.44868980e+02,-1.13453458e+02
270.010000,-1.44871033e+02,-1.13455509e+02
270.015000,-1.44873338e+02,-1.13457817e+02
270.020000,-1.44874343e+02,-1.13458804e+02
270.025000,-1.44871805e+02,-1.13456253e+02
270.030000,-1.44873184e+02,-1.13457631e+02
270.035000,-1.44874325e+02,-1.13458779e+02
270.040000,-1.44876588e+02,-1.13461025e+02
270.045000,-1.44878279e+02,-1.13462761e+02
270.050000,-1.44878973e+02,-1.13463429e+02
270.055000,-1.44878638e+02,-1.13463073e+02
270.060000,-1.44877259e+02,-1.13461680e+02
270.065000,-1.44879203e+02,-1.13463613e+02
270.070000,-1.44881326e+02,-1.13465749e+02
270.075000,-1.44882945e+02,-1.13467371e+02
270.080000,-1.44886207e+02,-1.13470659e+02
270.085000,-1.44889329e+02,-1.13473782e+02
270.090000,-1.44892667e+02,-1.13477121e+02
270.095000,-1.44894285e+02,-1.13478723e+02
270.100000,-1.44897812e+02,-1.13482244e+02
270.105000,-1.44900589e+02,-1.13485011e+02
270.110000,-1.44902904e+02,-1.13487313e+02
270.115000,-1.44903572e+02,-1.13488007e+02
270.120000,-1.44903938e+02,-1.13488383e+02
270.125000,-1.44904589e+02,-1.13489019e+02
270.130000,-1.44902767e+02,-1.13487220e+02
270.135000,-1.44904832e+02,-1.13489280e+02
270.140000,-1.44907220e+02,-1.13491668e+02
270.145000,-1.44909446e+02,-1.13493902e+02
270.150000,-1.44913124e+02,-1.13497565e+02
270.155000,-1.44916134e+02,-1.13500597e+02
270.160000,-1.44920371e+02,-1.13504827e+02
270.165000,-1.44922354e+02,-1.13506823e+02
270.170000,-1.44926186e+02,-1.13510660e+02
270.175000,-1.44928294e+02,-1.13512776e+02
270.180000,-1.44931535e+02,-1.13516009e+02
270.185000,-1.44934645e+02,-1.13519147e+02
270.190000,-1.44937735e+02,-1.13522219e+02
270.195000,-1.44940256e+02,-1.13524726e+02
270.200000,-1.44938728e+02,-1.13523189e+02
270.205000,-1.44940336e+02,-1.13524805e+02
270.210000,-1.44942177e+02,-1.13526635e+02
270.215000,-1.44944458e+02,-1.13528928e+02
270.220000,-1.44947023e+02,-1.13531478e+02
270.225000,-1.44949042e+02,-1.13533535e+02
270.230000,-1.44951678e+02,-1.13536150e+02
270.235000,-1.44950565e+02,-1.13535037e+02
270.240000,-1.44951056e+02,-1.13535541e+02
270.245000,-1.44952529e+02,-1.13536994e+02
270.250000,-1.44953334e+02,-1.13537791e+02
270.255000,-1.44952780e+02,-1.13537227e+02
270.260000,-1.44953094e+02,-1.13537515e+02
270.265000,-1.44953633e+02,-1.13538054e+02
270.270000,-1.44950412e+02,-1.13534843e+02
270.275000,-1.44949999e+02,-1.13534450e+02
270.280000,-1.44950651e+02,-1.13535085e+02
270.285000,-1.44951913e+02,-1.13536336e+02
270.290000,-1.44953102e+02,-1.13537539e+02
270.295000,-1.44953849e+02,-1.13538279e+02
270.300000,-1.44954795e+02,-1.13539234e+02
270.305000,-1.44954138e+02,-1.13538572e+02
270.310000,-1.44958133e+02,-1.13542568e+02
270.315000,-1.44962305e+02,-1.13546747e+02
270.320000,-1.44966293e+02,-1.13550741e+02
270.325000,-1.44969986e+02,-1.13554441e+02
270.330000,-1.44972564e+02,-1.13557023e+02
270.335000,-1.44975911e+02,-1.13560360e+02
270.340000,-1.44976532e+02,-1.13560987e+02
270.345000,-1.44980623e+02,-1.13565076e+02
270.350000,-1.44985219e+02,-1.13569665e+02
270.355000,-1.44988756e+02,-1.13573213e+02
270.360000,-1.44989757e+02,-1.13574202e+02
270.365000,-1.44993769e+02,-1.13578223e+02
270.370000,-1.44999429e+02,-1.13583909e+02
270.375000,-1.45001923e+02,-1.13586391e+02
270.380000,-1.45005577e+02,-1.13590050e+02
270.385000,-1.45016633e+02,-1.13601089e+02
270.390000,-1.45025350e+02,-1.13609804e+02
270.395000,-1.45030453e+02,-1.13614905e+02
270.400000,-1.45036672e+02,-1.13621162e+02
270.405000,-1.45042418e+02,-1.13626914e+02
270.410000,-1.45044226e+02,-1.13628705e+02
270.415000,-1.45048564e+02,-1.13633037e+02
270.420000,-1.45053456e+02,-1.13637967e+02
270.425000,-1.45056364e+02,-1.13640884e+02
270.430000,-1.45061073e+02,-1.13645579e+02
270.435000,-1.45065959e+02,-1.13650461e+02
270.440000,-1.45069929e+02,-1.13654452e+02
270.445000,-1.45073206e+02,-1.13657724e+02
270.450000,-1.45077555e+02,-1.13662067e+02
270.455000,-1.45082723e+02,-1.13667227e+02
270.460000,-1.45087605e+02,-1.13672096e+02
270.465000,-1.45092068e+02,-1.13676531e+02
270.470000,-1.45093988e+02,-1.13678459e+02
270.475000,-1.45096008e+02,-1.13680482e+02
270.480000,-1.45095629e+02,-1.13680094e+02
270.485000,-1.45095193e+02,-1.13679653e+02
270.490000,-1.45097742e+02,-1.13682203e+02
270.495000,-1.45100463e+02,-1.13684944e+02
270.500000,-1.45103464e+02,-1.13687922e+02
270.505000,-1.45104406e+02,-1.13688862e+02
270.510000,-1.45107254e+02,-1.13691690e+02
270.515000,-1.45106123e+02,-1.13690546e+02
270.520000,-1.45107761e+02,-1.13692192e+02
270.525000,-1.45111034e+02,-1.13695450e+02
270.530000,-1.45113902e+02,-1.13698334e+02
270.535000,-1.45115570e+02,-1.13699992e+02
270.540000,-1.45117520e+02,-1.13701936e+02
270.545000,-1.45117382e+02,-1.13701796e+02
270.550000,-1.45115592e+02,-1.13699991e+02
270.555000,-1.45118372e+02,-1.13702766e+02
270.560000,-1.45120249e+02,-1.13704675e+02
270.565000,-1.45122834e+02,-1.13707276e+02
270.570000,-1.45124807e+02,-1.13709253e+02
270.575000,-1.45126262e+02,-1.13710697e+02
270.580000,-1.45130038e+02,-1.13714468e+02
270.585000,-1.45132746e+02,-1.13717199e+02
270.590000,-1.45137621e+02,-1.13722088e+02
270.595000,-1.45140541e+02,-1.13725000e+02
270.600000,-1.45144714e+02,-1.13729160e+02
270.605000,-1.45145106e+02,-1.13729583e+02
270.610000,-1.45146438e+02,-1.13730902e+02
270.615000,-1.45144837e+02,-1.13729304e+02
270.620000,-1.45147002e+02,-1.13731459e+02
270.625000,-1.45150591e+02,-1.13735022e+02
270.630000,-1.45153396e+02,-1.13737852e+02
270.635000,-1.45155945e+02,-1.13740393e+02
270.640000,-1.45158524e+02,-1.13742967e+02
270.645000,-1.45158761e+02,-1.13743226e+02
270.650000,-1.45164012e+02,-1.13748461e+02
270.655000,-1.45168098e+02,-1.13752510e+02
270.660000,-1.45168954e+02,-1.13753389e+02
270.665000,-1.45166003e+02,-1.13750450e+02
270.670000,-1.45164552e+02,-1.13749012e+02
270.675000,-1.45161282e+02,-1.13745740e+02
270.680000,-1.45159009e+02,-1.13743463e+02
270.685000,-1.45159725e+02,-1.13744207e+02
270.690000,-1.45159658e+02,-1.13744153e+02
270.695000,-1.45157886e+02,-1.13742353e+02
270.700000,-1.45158075e+02,-1.13742565e+02
270.705000,-1.45156559e+02,-1.13741033e+02
270.710000,-1.45158828e+02,-1.13743279e+02
270.715000,-1.45160427e+02,-1.13744866e+02
270.720000,-1.45162464e+02,-1.13746900e+02
270.725000,-1.45161424e+02,-1.13745869e+02
270.730000,-1.45162678e+02,-1.13747123e+02
270.735000,-1.45162525e+02,-1.13746965e+02
270.740000,-1.45164433e+02,-1.13748876e+02
270.745000,-1.45167483e+02,-1.13751949e+02
270.750000,-1.45171615e+02,-1.13756081e+02
270.755000,-1.45173496e+02,-1.13757963e+02
270.760000,-1.45175746e+02,-1.13760241e+02
270.765000,-1.45176565e+02,-1.13761035e+02
270.770000,-1.45180280e+02,-1.13764757e+02
270.775000,-1.45184384e+02,-1.13768864e+02
270.780000,-1.45185629e+02,-1.13770111e+02
270.785000,-1.45185627e+02,-1.13770087e+02
270.790000,-1.45185280e+02,-1.13769751e+02
270.795000,-1.45182570e+02,-1.13767015e+02
270.800000,-1.45182676e+02,-1.13767132e+02
270.805000,-1.45182922e+02,-1.13767388e+02
270.810000,-1.45183519e+02,-1.13767967e+02
270.815000,-1.45182807e+02,-1.13767243e+02
270.820000,-1.45183367e+02,-1.13767794e+02
270.825000,-1.45181147e+02,-1.13765579e+02
270.830000,-1.45183815e+02,-1.13768248e+02
270.835000,-1.45186116e+02,-1.13770580e+02
270.840000,-1.45188748e+02,-1.13773225e+02
270.845000,-1.45186819e+02,-1.13771284e+02
270.850000,-1.45187473e+02,-1.13771951e+02
270.855000,-1.45187939e+02,-1.13772403e+02
270.860000,-1.45189690e+02,-1.13774156e+02
270.865000,-1.45191874e+02,-1.13776333e+02
270.870000,-1.45194307e+02,-1.13778752e+02
270.875000,-1.45194174e+02,-1.13778637e+02
270.880000,-1.45197719e+02,-1.13782182e+02
270.885000,-1.45198915e+02,-1.13783363e+02
270.890000,-1.45201999e+02,-1.13786441e+02
270.895000,-1.45202416e+02,-1.13786870e+02
270.900000,-1.45203033e+02,-1.13787510e+02
270.905000,-1.45202484e+02,-1.13786959e+02
270.910000,-1.45203986e+02,-1.13788443e+02
270.915000,-1.45202718e+02,-1.13787192e+02
270.920000,-1.45203720e+02,-1.13788215e+02
270.925000,-1.45204359e+02,-1.13788840e+02
270.930000,-1.45205473e+02,-1.13789931e+02
270.935000,-1.45204994e+02,-1.13789453e+02
270.940000,-1.45223558e+02,-1.13807996e+02
270.945000,-1.45232137e+02,-1.13816591e+02
270.950000,-1.45240270e+02,-1.13824724e+02
270.955000,-1.45247350e+02,-1.13831815e+02
270.960000,-1.45253677e+02,-1.13838129e+02
270.965000,-1.45257245e+02,-1.13841684e+02
270.970000,-1.45263312e+02,-1.13847753e+02
270.975000,-1.45267719e+02,-1.13852183e+02
270.980000,-1.45276121e+02,-1.13860622e+02
270.985000,-1.45283768e+02,-1.13868271e+02
270.990000,-1.45290450e+02,-1.13874957e+02
270.995000,-1.45293340e+02,-1.13877855e+02
271.000000,-1.45297339e+02,-1.13881855e+02
271.005000,-1.45300779e+02,-1.13885303e+02
271.010000,-1.45306241e+02,-1.13890770e+02
271.015000,-1.45309148e+02,-1.13893725e+02
271.020000,-1.45310456e+02,-1.13895028e+02
271.025000,-1.45312004e+02,-1.13896569e+02
271.030000,-1.45313984e+02,-1.13898535e+02
271.035000,-1.45314220e+02,-1.13898761e+02
271.040000,-1.45315236e+02,-1.13899760e+02
271.045000,-1.45316569e+02,-1.13901108e+02
271.050000,-1.45318869e+02,-1.13903381e+02
271.055000,-1.45318038e+02,-1.13902534e+02
271.060000,-1.45319150e+02,-1.13903651e+02
271.065000,-1.45325842e+02,-1.13910291e+02
271.070000,-1.45330174e+02,-1.13914645e+02
271.075000,-1.45333395e+02,-1.13917865e+02
271.080000,-1.45335806e+02,-1.13920287e+02
271.085000,-1.45336328e+02,-1.13920799e+02
271.090000,-1.45340878e+02,-1.13925360e+02
271.095000,-1.45344205e+02,-1.13928662e+02
271.100000,-1.45347355e+02,-1.13931807e+02
271.105000,-1.45349680e+02,-1.13934122e+02
271.110000,-1.45350797e+02,-1.13935242e+02
271.115000,-1.45349974e+02,-1.13934422e+02
271.120000,-1.45352623e+02,-1.13937065e+02
271.125000,-1.45355467e+02,-1.13939899e+02
271.130000,-1.45360594e+02,-1.13945010e+02
271.135000,-1.45357680e+02,-1.13942096e+02
271.140000,-1.45358557e+02,-1.13942966e+02
271.145000,-1.45359948e+02,-1.13944356e+02
271.150000,-1.45367992e+02,-1.13952421e+02
271.155000,-1.45386067e+02,-1.13970495e+02
271.160000,-1.45407309e+02,-1.13991749e+02
271.165000,-1.45420310e+02,-1.14004736e+02
271.170000,-1.45429408e+02,-1.14013845e+02
271.175000,-1.45434431e+02,-1.14018865e+02
271.180000,-1.45436338e+02,-1.14020787e+02
271.185000,-1.45437673e+02,-1.14022131e+02
271.190000,-1.45439550e+02,-1.14024001e+02
271.195000,-1.45439768e+02,-1.14024235e+02
271.200000,-1.45439687e+02,-1.14024132e+02
271.205000,-1.45438985e+02,-1.14023457e+02
271.210000,-1.45439522e+02,-1.14023995e+02
271.215000,-1.45441657e+02,-1.14026115e+02
271.220000,-1.45449969e+02,-1.14034459e+02
271.225000,-1.45458874e+02,-1.14043408e+02
271.230000,-1.45465993e+02,-1.14050523e+02
271.235000,-1.45471243e+02,-1.14055769e+02
271.240000,-1.45478248e+02,-1.14062795e+02
271.245000,-1.45486012e+02,-1.14070568e+02
271.250000,-1.45496861e+02,-1.14081431e+02
271.255000,-1.45507091e+02,-1.14091653e+02
271.260000,-1.45515281e+02,-1.14099827e+02
271.265000,-1.45520534e+02,-1.14105079e+02
271.270000,-1.45525659e+02,-1.14110187e+02
271.275000,-1.45531478e+02,-1.14116007e+02
271.280000,-1.45537543e+02,-1.14122103e+02
271.285000,-1.45541988e+02,-1.14126537e+02
271.290000,-1.45546209e+02,-1.14130742e+02
271.295000,-1.45548098e+02,-1.14132625e+02
271.300000,-1.45550904e+02,-1.14135438e+02
271.305000,-1.45554427e+02,-1.14138952e+02
271.310000,-1.45571108e+02,-1.14155627e+02
271.315000,-1.45580606e+02,-1.14165111e+02
271.320000,-1.45588067e+02,-1.14172583e+02
271.325000,-1.45593670e+02,-1.14178201e+02
271.330000,-1.45600750e+02,-1.14185280e+02
271.335000,-1.45605456e+02,-1.14189948e+02
271.340000,-1.45607992e+02,-1.14192480e+02
271.345000,-1.45610665e+02,-1.14195138e+02
271.350000,-1.45614984e+02,-1.14199456e+02
271.355000,-1.45617257e+02,-1.14201727e+02
271.360000,-1.45621525e+02,-1.14205996e+02
271.365000,-1.45626886e+02,-1.14211342e+02
271.370000,-1.45634371e+02,-1.14218826e+02
271.375000,-1.45640395e+02,-1.14224842e+02
271.380000,-1.45646501e+02,-1.14230938e+02
271.385000,-1.45649976e+02,-1.14234428e+02
271.390000,-1.45654516e+02,-1.14238968e+02
271.395000,-1.45658523e+02,-1.14242960e+02
271.400000,-1.45663356e+02,-1.14247783e+02
271.405000,-1.45671689e+02,-1.14256149e+02
271.410000,-1.45679010e+02,-1.14263456e+02
271.415000,-1.45683696e+02,-1.14268138e+02
271.420000,-1.45689581e+02,-1.14274027e+02
271.425000,-1.45686914e+02,-1.14271348e+02
271.430000,-1.45689224e+02,-1.14273684e+02
271.435000,-1.45690579e+02,-1.14275036e+02
271.440000,-1.45692180e+02,-1.14276609e+02
271.445000,-1.45693992e+02,-1.14278429e+02
271.450000,-1.45697859e+02,-1.14282302e+02
271.455000,-1.45701938e+02,-1.14286375e+02
271.460000,-1.45705193e+02,-1.14289614e+02
271.465000,-1.45708410e+02,-1.14292842e+02
271.470000,-1.45711503e+02,-1.14295933e+02
271.475000,-1.45712012e+02,-1.14296444e+02
271.480000,-1.45713026e+02,-1.14297450e+02
271.485000,-1.45715411e+02,-1.14299865e+02
271.490000,-1.45718740e+02,-1.14303194e+02
271.495000,-1.45722815e+02,-1.14307288e+02
271.500000,-1.45726313e+02,-1.14310807e+02
271.505000,-1.45736747e+02,-1.14321212e+02
271.510000,-1.45743621e+02,-1.14328081e+02
271.515000,-1.45749597e+02,-1.14334020e+02
271.520000,-1.45754363e+02,-1.14338791e+02
271.525000,-1.45758471e+02,-1.14342922e+02
271.530000,-1.45761191e+02,-1.14345631e+02
271.535000,-1.45762088e+02,-1.14346546e+02
271.540000,-1.45764369e+02,-1.14348838e+02
271.545000,-1.45768471e+02,-1.14352962e+02
271.550000,-1.45772135e+02,-1.14356619e+02
271.555000,-1.45774329e+02,-1.14358798e+02
271.560000,-1.45773099e+02,-1.14357588e+02
271.565000,-1.45770566e+02,-1.14355059e+02
271.570000,-1.45772280e+02,-1.14356778e+02
271.575000,-1.45773831e+02,-1.14358308e+02
271.580000,-1.45773357e+02,-1.14357847e+02
271.585000,-1.45772799e+02,-1.14357283e+02
271.590000,-1.45772367e+02,-1.14356824e+02
271.595000,-1.45769413e+02,-1.14353881e+02
271.600000,-1.45769580e+02,-1.14354051e+02
271.605000,-1.45772229e+02,-1.14356705e+02
271.610000,-1.45777376e+02,-1.14361867e+02
271.615000,-1.45780976e+02,-1.14365472e+02
271.620000,-1.45782820e+02,-1.14367336e+02
271.625000,-1.45781942e+02,-1.14366451e+02
271.630000,-1.45782811e+02,-1.14367316e+02
271.635000,-1.45783913e+02,-1.14368411e+02
271.640000,-1.45784506e+02,-1.14369020e+02
271.645000,-1.45787059e+02,-1.14371560e+02
271.650000,-1.45789135e+02,-1.14373646e+02
271.655000,-1.45789241e+02,-1.14373728e+02
271.660000,-1.45791395e+02,-1.14375898e+02
271.665000,-1.45793753e+02,-1.14378283e+02
271.670000,-1.45795433e+02,-1.14379954e+02
271.675000,-1.45799182e+02,-1.14383695e+02
271.680000,-1.45798096e+02,-1.14382606e+02
271.685000,-1.45794999e+02,-1.14379522e+02
271.690000,-1.45796532e+02,-1.14381062e+02
271.695000,-1.45799035e+02,-1.14383559e+02
271.700000,-1.45801569e+02,-1.14386082e+02
271.705000,-1.45803808e+02,-1.14388319e+02
271.710000,-1.45805592e+02,-1.14390088e+02
271.715000,-1.45803980e+02,-1.14388514e+02
271.720000,-1.45813085e+02,-1.14397597e+02
271.725000,-1.45819700e+02,-1.14404237e+02
271.730000,-1.45823419e+02,-1.14407950e+02
271.735000,-1.45827165e+02,-1.14411714e+02
271.740000,-1.45828964e+02,-1.14413474e+02
271.745000,-1.45830973e+02,-1.14415465e+02
271.750000,-1.45834542e+02,-1.14419056e+02
271.755000,-1.45840717e+02,-1.14425237e+02
271.760000,-1.45846603e+02,-1.14431115e+02
271.765000,-1.45848146e+02,-1.14432640e+02
271.770000,-1.45847220e+02,-1.14431696e+02
271.775000,-1.45845899e+02,-1.14430381e+02
271.780000,-1.45847449e+02,-1.14431936e+02
271.785000,-1.45848813e+02,-1.14433301e+02
271.790000,-1.45849753e+02,-1.14434247e+02
271.795000,-1.45851235e+02,-1.14435719e+02
271.800000,-1.45852932e+02,-1.14437404e+02
271.805000,-1.45853015e+02,-1.14437486e+02
271.810000,-1.45854519e+02,-1.14438992e+02
271.815000,-1.45854584e+02,-1.14439039e+02
271.820000,-1.45853984e+02,-1.14438440e+02
271.825000,-1.45857391e+02,-1.14441838e+02
271.830000,-1.45858540e+02,-1.14443000e+02
271.835000,-1.45858425e+02,-1.14442896e+02
271.840000,-1.45861571e+02,-1.14446029e+02
271.845000,-1.45863665e+02,-1.14448104e+02
271.850000,-1.45867349e+02,-1.14451777e+02
271.855000,-1.45869112e+02,-1.14453538e+02
271.860000,-1.45871160e+02,-1.14455587e+02
271.865000,-1.45872398e+02,-1.14456820e+02
271.870000,-1.45875445e+02,-1.14459892e+02
271.875000,-1.45877782e+02,-1.14462223e+02
271.880000,-1.45880683e+02,-1.14465149e+02
271.885000,-1.45883835e+02,-1.14468289e+02
271.890000,-1.45887743e+02,-1.14472216e+02
271.895000,-1.45891383e+02,-1.14475852e+02
271.900000,-1.45895151e+02,-1.14479613e+02
271.905000,-1.45895994e+02,-1.14480440e+02
271.910000,-1.45895591e+02,-1.14480043e+02
271.915000,-1.45894115e+02,-1.14478576e+02
271.920000,-1.45891562e+02,-1.14476049e+02
271.925000,-1.45891854e+02,-1.14476352e+02
271.930000,-1.45891671e+02,-1.14476171e+02
271.935000,-1.45892345e+02,-1.14476864e+02
271.940000,-1.45899933e+02,-1.14484451e+02
271.945000,-1.45900698e+02,-1.14485224e+02
271.950000,-1.45903539e+02,-1.14488061e+02
271.955000,-1.45906652e+02,-1.14491179e+02
271.960000,-1.45909395e+02,-1.14493935e+02
271.965000,-1.45926068e+02,-1.14510577e+02
271.970000,-1.45938111e+02,-1.14522632e+02
271.975000,-1.45941441e+02,-1.14525976e+02
271.980000,-1.45961698e+02,-1.14546262e+02
271.985000,-1.45972637e+02,-1.14557195e+02
271.990000,-1.45980014e+02,-1.14564571e+02
271.995000,-1.45984456e+02,-1.14568994e+02
272.000000,-1.45987970e+02,-1.14572493e+02
272.005000,-1.45988849e+02,-1.14573366e+02
272.010000,-1.45992170e+02,-1.14576700e+02
272.015000,-1.45996050e+02,-1.14580519e+02
272.020000,-1.45998703e+02,-1.14583172e+02
272.025000,-1.46000783e+02,-1.14585250e+02
272.030000,-1.46000975e+02,-1.14585476e+02
272.035000,-1.46003245e+02,-1.14587727e+02
272.040000,-1.46007356e+02,-1.14591840e+02
272.045000,-1.46007598e+02,-1.14592086e+02
272.050000,-1.46010131e+02,-1.14594619e+02
272.055000,-1.46007999e+02,-1.14592472e+02
272.060000,-1.46008936e+02,-1.14593397e+02
272.065000,-1.46010056e+02,-1.14594514e+02
272.070000,-1.46010911e+02,-1.14595351e+02
272.075000,-1.45997657e+02,-1.14582104e+02
272.080000,-1.45988055e+02,-1.14572472e+02
272.085000,-1.45984377e+02,-1.14568787e+02
272.090000,-1.45983528e+02,-1.14567938e+02
272.095000,-1.45972802e+02,-1.14557231e+02
272.100000,-1.45968939e+02,-1.14553373e+02
272.105000,-1.45965771e+02,-1.14550199e+02
272.110000,-1.45967316e+02,-1.14551725e+02
272.115000,-1.45968897e+02,-1.14553325e+02
272.120000,-1.45975120e+02,-1.14559559e+02
272.125000,-1.45983576e+02,-1.14568000e+02
272.130000,-1.45994620e+02,-1.14579066e+02
272.135000,-1.46012753e+02,-1.14597208e+02
272.140000,-1.46024684e+02,-1.14609152e+02
272.145000,-1.46035322e+02,-1.14619775e+02
272.150000,-1.46043774e+02,-1.14628253e+02
272.155000,-1.46045958e+02,-1.14630447e+02
272.160000,-1.46048356e+02,-1.14632834e+02
272.165000,-1.46052936e+02,-1.14637420e+02
272.170000,-1.46053651e+02,-1.14638123e+02
272.175000,-1.46051951e+02,-1.14636424e+02
272.180000,-1.46052051e+02,-1.14636518e+02
272.185000,-1.46054434e+02,-1.14638895e+02
272.190000,-1.46055169e+02,-1.14639672e+02
272.195000,-1.46058045e+02,-1.14642552e+02
272.200000,-1.46063631e+02,-1.14648170e+02
272.205000,-1.46065852e+02,-1.14650395e+02
272.210000,-1.46068580e+02,-1.14653121e+02
272.215000,-1.46069634e+02,-1.14654168e+02
272.220000,-1.46073363e+02,-1.14657903e+02
272.225000,-1.46077128e+02,-1.14661656e+02
272.230000,-1.46080299e+02,-1.14664817e+02
272.235000,-1.46082619e+02,-1.14667161e+02
272.240000,-1.46081106e+02,-1.14665633e+02
272.245000,-1.46085793e+02,-1.14670325e+02
272.250000,-1.46086110e+02,-1.14670667e+02
272.255000,-1.46085409e+02,-1.14669969e+02
272.260000,-1.46078689e+02,-1.14663194e+02
272.265000,-1.46073182e+02,-1.14657688e+02
272.270000,-1.46064331e+02,-1.14648820e+02
272.275000,-1.46064859e+02,-1.14649349e+02
272.280000,-1.46064535e+02,-1.14649046e+02
272.285000,-1.46064521e+02,-1.14649030e+02
272.290000,-1.46060206e+02,-1.14644718e+02
272.295000,-1.46060911e+02,-1.14645407e+02
272.300000,-1.46061194e+02,-1.14645669e+02
272.305000,-1.46058985e+02,-1.14643450e+02
272.310000,-1.46058668e+02,-1.14643120e+02
272.315000,-1.46056725e+02,-1.14641181e+02
272.320000,-1.46060219e+02,-1.14644669e+02
272.325000,-1.46064386e+02,-1.14648827e+02
272.330000,-1.46069940e+02,-1.14654355e+02
272.335000,-1.46079474e+02,-1.14663849e+02
272.340000,-1.46084872e+02,-1.14669255e+02
272.345000,-1.46086988e+02,-1.14671387e+02
272.350000,-1.46088456e+02,-1.14672888e+02
272.355000,-1.46090241e+02,-1.14674679e+02
272.360000,-1.46097197e+02,-1.14681636e+02
272.365000,-1.46103157e+02,-1.14687591e+02
272.370000,-1.46106291e+02,-1.14690762e+02
272.375000,-1.46108022e+02,-1.14692476e+02
272.380000,-1.46107224e+02,-1.14691669e+02
272.385000,-1.46103446e+02,-1.14687871e+02
272.390000,-1.46104733e+02,-1.14689175e+02
272.395000,-1.46123127e+02,-1.14707532e+02
272.400000,-1.46131545e+02,-1.14715958e+02
272.405000,-1.46130249e+02,-1.14714688e+02
272.410000,-1.46128641e+02,-1.14713096e+02
272.415000,-1.46122657e+02,-1.14707121e+02
272.420000,-1.46120819e+02,-1.14705299e+02
272.425000,-1.46122206e+02,-1.14706713e+02
272.430000,-1.46122913e+02,-1.14707446e+02
272.435000,-1.46122700e+02,-1.14707252e+02
272.440000,-1.46127070e+02,-1.14711618e+02
272.445000,-1.46129981e+02,-1.14714512e+02
272.450000,-1.46131497e+02,-1.14716023e+02
272.455000,-1.46133280e+02,-1.14717794e+02
272.460000,-1.46133032e+02,-1.14717534e+02
272.465000,-1.46122015e+02,-1.14706523e+02
272.470000,-1.46117289e+02,-1.14701801e+02
272.475000,-1.46115731e+02,-1.14700233e+02
272.480000,-1.46114315e+02,-1.14698825e+02
272.485000,-1.46114336e+02,-1.14698843e+02
272.490000,-1.46118577e+02,-1.14703104e+02
272.495000,-1.46121140e+02,-1.14705665e+02
272.500000,-1.46121989e+02,-1.14706481e+02
272.505000,-1.46122125e+02,-1.14706618e+02
272.510000,-1.46131559e+02,-1.14716029e+02
272.515000,-1.46137150e+02,-1.14721618e+02
272.520000,-1.46136962e+02,-1.14721407e+02
272.525000,-1.46133943e+02,-1.14718421e+02
272.530000,-1.46129617e+02,-1.14714095e+02
272.535000,-1.46125405e+02,-1.14709880e+02
272.540000,-1.46128032e+02,-1.14712492e+02
272.545000,-1.46129195e+02,-1.14713632e+02
272.550000,-1.46128056e+02,-1.14712460e+02
272.555000,-1.46125913e+02,-1.14710308e+02
272.560000,-1.46118485e+02,-1.14702873e+02
272.565000,-1.46116362e+02,-1.14700759e+02
272.570000,-1.46115755e+02,-1.14700152e+02
272.575000,-1.46117605e+02,-1.14702004e+02
272.580000,-1.46121065e+02,-1.14705488e+02
272.585000,-1.46124165e+02,-1.14708584e+02
272.590000,-1.46128307e+02,-1.14712722e+02
272.595000,-1.46133461e+02,-1.14717875e+02
272.600000,-1.46136155e+02,-1.14720530e+02
272.605000,-1.46137106e+02,-1.14721499e+02
272.610000,-1.46139575e+02,-1.14723958e+02
272.615000,-1.46145150e+02,-1.14729534e+02
272.620000,-1.46148958e+02,-1.14733349e+02
272.625000,-1.46150818e+02,-1.14735208e+02
272.630000,-1.46150403e+02,-1.14734810e+02
272.635000,-1.46147647e+02,-1.14732041e+02
272.640000,-1.46147195e+02,-1.14731600e+02
272.645000,-1.46152802e+02,-1.14737216e+02
272.650000,-1.46159944e+02,-1.14744387e+02
272.655000,-1.46167837e+02,-1.14752286e+02
272.660000,-1.46172900e+02,-1.14757355e+02
272.665000,-1.46178547e+02,-1.14763006e+02
272.670000,-1.46184733e+02,-1.14769193e+02
272.675000,-1.46190093e+02,-1.14774557e+02
272.680000,-1.46191008e+02,-1.14775464e+02
272.685000,-1.46192863e+02,-1.14777311e+02
272.690000,-1.46191013e+02,-1.14775448e+02
272.695000,-1.46187444e+02,-1.14771899e+02
272.700000,-1.46193184e+02,-1.14777632e+02
272.705000,-1.46195174e+02,-1.14779612e+02
272.710000,-1.46196852e+02,-1.14781290e+02
272.715000,-1.46200332e+02,-1.14784799e+02
272.720000,-1.46201249e+02,-1.14785718e+02
272.725000,-1.46203322e+02,-1.14787783e+02
272.730000,-1.46206418e+02,-1.14790875e+02
272.735000,-1.46207953e+02,-1.14792419e+02
272.740000,-1.46211568e+02,-1.14796061e+02
272.745000,-1.46213792e+02,-1.14798293e+02
272.750000,-1.46216451e+02,-1.14800957e+02
272.755000,-1.46217507e+02,-1.14802024e+02
272.760000,-1.46224679e+02,-1.14809205e+02
272.765000,-1.46233171e+02,-1.14817711e+02
272.770000,-1.46241632e+02,-1.14826154e+02
272.775000,-1.46243284e+02,-1.14827824e+02
272.780000,-1.46247291e+02,-1.14831801e+02
272.785000,-1.46259978e+02,-1.14844503e+02
272.790000,-1.46267133e+02,-1.14851676e+02
272.795000,-1.46274453e+02,-1.14858975e+02
272.800000,-1.46280307e+02,-1.14864839e+02
272.805000,-1.46285415e+02,-1.14869964e+02
272.810000,-1.46289483e+02,-1.14874044e+02
272.815000,-1.46288768e+02,-1.14873318e+02
272.820000,-1.46290618e+02,-1.14875178e+02
272.825000,-1.46299810e+02,-1.14884340e+02
272.830000,-1.46299814e+02,-1.14884354e+02
272.835000,-1.46303021e+02,-1.14887552e+02
272.840000,-1.46305955e+02,-1.14890495e+02
272.845000,-1.46306819e+02,-1.14891342e+02
272.850000,-1.46301579e+02,-1.14886085e+02
272.855000,-1.46294522e+02,-1.14879011e+02
272.860000,-1.46291488e+02,-1.14875958e+02
272.865000,-1.46290876e+02,-1.14875372e+02
272.870000,-1.46289879e+02,-1.14874384e+02
272.875000,-1.46290680e+02,-1.14875183e+02
272.880000,-1.46290827e+02,-1.14875332e+02
272.885000,-1.46295375e+02,-1.14879879e+02
272.890000,-1.46301529e+02,-1.14886002e+02
272.895000,-1.46307522e+02,-1.14892019e+02
272.900000,-1.46310949e+02,-1.14895452e+02
272.905000,-1.46318215e+02,-1.14902705e+02
272.910000,-1.46322534e+02,-1.14907045e+02
272.915000,-1.46324862e+02,-1.14909361e+02
272.920000,-1.46324984e+02,-1.14909468e+02
272.925000,-1.46324227e+02,-1.14908691e+02
272.930000,-1.46323264e+02,-1.14907749e+02
272.935000,-1.46321409e+02,-1.14905896e+02
272.940000,-1.46314205e+02,-1.14898688e+02
272.945000,-1.46309547e+02,-1.14894021e+02
272.950000,-1.46303789e+02,-1.14888269e+02
272.955000,-1.46294168e+02,-1.14878643e+02
272.960000,-1.46291656e+02,-1.14876120e+02
272.965000,-1.46291778e+02,-1.14876256e+02
272.970000,-1.46293059e+02,-1.14877520e+02
272.975000,-1.46292838e+02,-1.14877310e+02
272.980000,-1.46297918e+02,-1.14882389e+02
272.985000,-1.46307758e+02,-1.14892226e+02
272.990000,-1.46315156e+02,-1.14899605e+02
272.995000,-1.46324893e+02,-1.14909328e+02
273.000000,-1.46332345e+02,-1.14916772e+02
273.005000,-1.46338034e+02,-1.14922477e+02
273.010000,-1.46341751e+02,-1.14926202e+02
273.015000,-1.46348769e+02,-1.14933249e+02
273.020000,-1.46352735e+02,-1.14937199e+02
273.025000,-1.46354370e+02,-1.14938840e+02
273.030000,-1.46356875e+02,-1.14941328e+02
273.035000,-1.46357708e+02,-1.14942178e+02
273.040000,-1.46359776e+02,-1.14944253e+02
273.045000,-1.46361701e+02,-1.14946163e+02
273.050000,-1.46361392e+02,-1.14945852e+02
273.055000,-1.46359255e+02,-1.14943719e+02
273.060000,-1.46353543e+02,-1.14937999e+02
273.065000,-1.46351678e+02,-1.14936111e+02
273.070000,-1.46344211e+02,-1.14928636e+02
273.075000,-1.46340231e+02,-1.14924690e+02
273.080000,-1.46341758e+02,-1.14926225e+02
273.085000,-1.46338399e+02,-1.14922875e+02
273.090000,-1.46338021e+02,-1.14922497e+02
273.095000,-1.46335838e+02,-1.14920306e+02
273.100000,-1.46335264e+02,-1.14919678e+02
273.105000,-1.46333515e+02,-1.14917918e+02
273.110000,-1.46331938e+02,-1.14916352e+02
273.115000,-1.46330311e+02,-1.14914737e+02
273.120000,-1.46330833e+02,-1.14915270e+02
273.125000,-1.46334451e+02,-1.14918886e+02
273.130000,-1.46337216e+02,-1.14921645e+02
273.135000,-1.46339808e+02,-1.14924194e+02
273.140000,-1.46339994e+02,-1.14924404e+02
273.145000,-1.46340050e+02,-1.14924447e+02
273.150000,-1.46333962e+02,-1.14918372e+02
273.155000,-1.46328852e+02,-1.14913272e+02
273.160000,-1.46325454e+02,-1.14909875e+02
273.165000,-1.46324042e+02,-1.14908498e+02
273.170000,-1.46324036e+02,-1.14908505e+02
273.175000,-1.46323329e+02,-1.14907774e+02
273.180000,-1.46328319e+02,-1.14912742e+02
273.185000,-1.46330019e+02,-1.14914447e+02
273.190000,-1.46324317e+02,-1.14908756e+02
273.195000,-1.46321388e+02,-1.14905839e+02
273.200000,-1.46319128e+02,-1.14903576e+02
273.205000,-1.46316866e+02,-1.14901325e+02
273.210000,-1.46318549e+02,-1.14903008e+02
273.215000,-1.46320065e+02,-1.14904524e+02
273.220000,-1.46324719e+02,-1.14909175e+02
273.225000,-1.46327777e+02,-1.14912247e+02
273.230000,-1.46325475e+02,-1.14909931e+02
273.235000,-1.46327742e+02,-1.14912231e+02
273.240000,-1.46330671e+02,-1.14915142e+02
273.245000,-1.46334032e+02,-1.14918517e+02
273.250000,-1.46334756e+02,-1.14919239e+02
273.255000,-1.46335076e+02,-1.14919539e+02
273.260000,-1.46338069e+02,-1.14922547e+02
273.265000,-1.46339013e+02,-1.14923505e+02
273.270000,-1.46342639e+02,-1.14927150e+02
273.275000,-1.46343732e+02,-1.14928231e+02
273.280000,-1.46346005e+02,-1.14930497e+02
273.285000,-1.46349382e+02,-1.14933898e+02
273.290000,-1.46347050e+02,-1.14931565e+02
273.295000,-1.46340574e+02,-1.14925081e+02
273.300000,-1.46336919e+02,-1.14921429e+02
273.305000,-1.46334642e+02,-1.14919135e+02
273.310000,-1.46335419e+02,-1.14919915e+02
273.315000,-1.46327741e+02,-1.14912221e+02
273.320000,-1.46323559e+02,-1.14908053e+02
273.325000,-1.46324353e+02,-1.14908852e+02
273.330000,-1.46321438e+02,-1.14905941e+02
273.335000,-1.46319184e+02,-1.14903668e+02
273.340000,-1.46319292e+02,-1.14903786e+02
273.345000,-1.46320681e+02,-1.14905164e+02
273.350000,-1.46324323e+02,-1.14908787e+02
273.355000,-1.46326329e+02,-1.14910808e+02
273.360000,-1.46334033e+02,-1.14918513e+02
273.365000,-1.46339938e+02,-1.14924410e+02
273.370000,-1.46345051e+02,-1.14929542e+02
273.375000,-1.46348715e+02,-1.14933211e+02
273.380000,-1.46343872e+02,-1.14928334e+02
273.385000,-1.46342223e+02,-1.14926668e+02
273.390000,-1.46348826e+02,-1.14933269e+02
273.395000,-1.46350592e+02,-1.14935034e+02
273.400000,-1.46351907e+02,-1.14936372e+02
273.405000,-1.46352366e+02,-1.14936837e+02
273.410000,-1.46352155e+02,-1.14936673e+02
273.415000,-1.46351486e+02,-1.14935974e+02
273.420000,-1.46349327e+02,-1.14933835e+02
273.425000,-1.46342767e+02,-1.14927267e+02
273.430000,-1.46339385e+02,-1.14923882e+02
273.435000,-1.46327027e+02,-1.14911520e+02
273.440000,-1.46318264e+02,-1.14902774e+02
273.445000,-1.46318039e+02,-1.14902548e+02
273.450000,-1.46314638e+02,-1.14899131e+02
273.455000,-1.46310046e+02,-1.14894522e+02
273.460000,-1.46306615e+02,-1.14891118e+02
273.465000,-1.46307564e+02,-1.14892070e+02
273.470000,-1.46307389e+02,-1.14891917e+02
273.475000,-1.46307467e+02,-1.14891975e+02
273.480000,-1.46309454e+02,-1.14893965e+02
273.485000,-1.46311237e+02,-1.14895732e+02
273.490000,-1.46313452e+02,-1.14897941e+02
273.495000,-1.46316602e+02,-1.14901081e+02
273.500000,-1.46318937e+02,-1.14903425e+02
273.505000,-1.46321531e+02,-1.14906020e+02
273.510000,-1.46324589e+02,-1.14909074e+02
273.515000,-1.46327952e+02,-1.14912434e+02
273.520000,-1.46330316e+02,-1.14914790e+02
273.525000,-1.46329088e+02,-1.14913568e+02
273.530000,-1.46328578e+02,-1.14913051e+02
273.535000,-1.46328815e+02,-1.14913300e+02
273.540000,-1.46329395e+02,-1.14913858e+02
273.545000,-1.46331319e+02,-1.14915754e+02
273.550000,-1.46335311e+02,-1.14919745e+02
273.555000,-1.46332907e+02,-1.14917332e+02
273.560000,-1.46332650e+02,-1.14917075e+02
273.565000,-1.46334422e+02,-1.14918847e+02
273.570000,-1.46333587e+02,-1.14918007e+02
273.575000,-1.46336817e+02,-1.14921219e+02
273.580000,-1.46342734e+02,-1.14927139e+02
273.585000,-1.46342972e+02,-1.14927357e+02
273.590000,-1.46345578e+02,-1.14929950e+02
273.595000,-1.46350742e+02,-1.14935111e+02
273.600000,-1.46355088e+02,-1.14939471e+02
273.605000,-1.46364133e+02,-1.14948515e+02
273.610000,-1.46371281e+02,-1.14955662e+02
273.615000,-1.46376058e+02,-1.14960450e+02
273.620000,-1.46377138e+02,-1.14961498e+02
273.625000,-1.46380443e+02,-1.14964815e+02
273.630000,-1.46385676e+02,-1.14970058e+02
273.635000,-1.46390851e+02,-1.14975235e+02
273.640000,-1.46394760e+02,-1.14979163e+02
273.645000,-1.46398302e+02,-1.14982697e+02
273.650000,-1.46398884e+02,-1.14983302e+02
273.655000,-1.46400572e+02,-1.14985026e+02
273.660000,-1.46394520e+02,-1.14978941e+02
273.665000,-1.46393709e+02,-1.14978150e+02
273.670000,-1.46395496e+02,-1.14979968e+02
273.675000,-1.46390927e+02,-1.14975406e+02
273.680000,-1.46390746e+02,-1.14975217e+02
273.685000,-1.46389177e+02,-1.14973635e+02
273.690000,-1.46385596e+02,-1.14970071e+02
273.695000,-1.46386657e+02,-1.14971140e+02
273.700000,-1.46387939e+02,-1.14972432e+02
273.705000,-1.46383456e+02,-1.14967980e+02
273.710000,-1.46383332e+02,-1.14967870e+02
273.715000,-1.46386332e+02,-1.14970882e+02
273.720000,-1.46387562e+02,-1.14972093e+02
273.725000,-1.46389159e+02,-1.14973708e+02
273.730000,-1.46391313e+02,-1.14975908e+02
273.735000,-1.46392924e+02,-1.14977508e+02
273.740000,-1.46394350e+02,-1.14978922e+02
273.745000,-1.46394841e+02,-1.14979397e+02
273.750000,-1.46395632e+02,-1.14980172e+02
273.755000,-1.46396520e+02,-1.14981077e+02
273.760000,-1.46397247e+02,-1.14981820e+02
273.765000,-1.46397624e+02,-1.14982193e+02
273.770000,-1.46397966e+02,-1.14982537e+02
273.775000,-1.46399807e+02,-1.14984373e+02
273.780000,-1.46403433e+02,-1.14987985e+02
273.785000,-1.46405825e+02,-1.14990364e+02
273.790000,-1.46411574e+02,-1.14996121e+02
273.795000,-1.46414463e+02,-1.14999005e+02
273.800000,-1.46416280e+02,-1.15000808e+02
273.805000,-1.46420404e+02,-1.15004929e+02
273.810000,-1.46417063e+02,-1.15001549e+02
273.815000,-1.46420552e+02,-1.15005019e+02
273.820000,-1.46425760e+02,-1.15010240e+02
273.825000,-1.46432695e+02,-1.15017129e+02
273.830000,-1.46439740e+02,-1.15024173e+02
273.835000,-1.46446014e+02,-1.15030455e+02
273.840000,-1.46452288e+02,-1.15036710e+02
273.845000,-1.46457213e+02,-1.15041616e+02
273.850000,-1.46461189e+02,-1.15045596e+02
273.855000,-1.46465102e+02,-1.15049444e+02
273.860000,-1.46467769e+02,-1.15052131e+02
273.865000,-1.46472196e+02,-1.15056547e+02
273.870000,-1.46478190e+02,-1.15062550e+02
273.875000,-1.46484444e+02,-1.15068808e+02
273.880000,-1.46487960e+02,-1.15072321e+02
273.885000,-1.46490395e+02,-1.15074753e+02
273.890000,-1.46490343e+02,-1.15074677e+02
273.895000,-1.46490715e+02,-1.15075060e+02
273.900000,-1.46492360e+02,-1.15076698e+02
273.905000,-1.46491006e+02,-1.15075341e+02
273.910000,-1.46493005e+02,-1.15077347e+02
273.915000,-1.46488746e+02,-1.15073089e+02
273.920000,-1.46486036e+02,-1.15070398e+02
273.925000,-1.46481608e+02,-1.15065969e+02
273.930000,-1.46479168e+02,-1.15063526e+02
273.935000,-1.46475725e+02,-1.15060128e+02
273.940000,-1.46477328e+02,-1.15061792e+02
273.945000,-1.46478799e+02,-1.15063258e+02
273.950000,-1.46481948e+02,-1.15066430e+02
273.955000,-1.46486555e+02,-1.15071057e+02
273.960000,-1.46490969e+02,-1.15075478e+02
273.965000,-1.46494796e+02,-1.15079309e+02
273.970000,-1.46495942e+02,-1.15080457e+02
273.975000,-1.46498044e+02,-1.15082554e+02
273.980000,-1.46499194e+02,-1.15083713e+02
273.985000,-1.46502817e+02,-1.15087360e+02
273.990000,-1.46506556e+02,-1.15091111e+02
273.995000,-1.46509171e+02,-1.15093740e+02
274.000000,-1.46511631e+02,-1.15096200e+02
274.005000,-1.46513003e+02,-1.15097597e+02
274.010000,-1.46513552e+02,-1.15098179e+02
274.015000,-1.46513853e+02,-1.15098490e+02
274.020000,-1.46514235e+02,-1.15098864e+02
274.025000,-1.46516182e+02,-1.15100812e+02
274.030000,-1.46520320e+02,-1.15104962e+02
274.035000,-1.46517975e+02,-1.15102620e+02
274.040000,-1.46518939e+02,-1.15103571e+02
274.045000,-1.46521848e+02,-1.15106480e+02
274.050000,-1.46506833e+02,-1.15091420e+02
274.055000,-1.46501108e+02,-1.15085672e+02
274.060000,-1.46507952e+02,-1.15092493e+02
274.065000,-1.46515008e+02,-1.15099546e+02
274.070000,-1.46523162e+02,-1.15107702e+02
274.075000,-1.46536040e+02,-1.15120565e+02
274.080000,-1.46546866e+02,-1.15131377e+02
274.085000,-1.46556235e+02,-1.15140724e+02
274.090000,-1.46563164e+02,-1.15147620e+02
274.095000,-1.46568407e+02,-1.15152891e+02
274.100000,-1.46572294e+02,-1.15156764e+02
274.105000,-1.46575875e+02,-1.15160361e+02
274.110000,-1.46579801e+02,-1.15164232e+02
274.115000,-1.46581936e+02,-1.15166376e+02
274.120000,-1.46587156e+02,-1.15171566e+02
274.125000,-1.46592072e+02,-1.15176473e+02
274.130000,-1.46590184e+02,-1.15174584e+02
274.135000,-1.46592881e+02,-1.15177275e+02
274.140000,-1.46600176e+02,-1.15184572e+02
274.145000,-1.46605035e+02,-1.15189423e+02
274.150000,-1.46609453e+02,-1.15193843e+02
274.155000,-1.46607788e+02,-1.15192156e+02
274.160000,-1.46607424e+02,-1.15191810e+02
274.165000,-1.46602335e+02,-1.15186720e+02
274.170000,-1.46596873e+02,-1.15181253e+02
274.175000,-1.46591461e+02,-1.15175836e+02
274.180000,-1.46592165e+02,-1.15176556e+02
274.185000,-1.46595224e+02,-1.15179640e+02
274.190000,-1.46599019e+02,-1.15183422e+02
274.195000,-1.46604291e+02,-1.15188694e+02
274.200000,-1.46609551e+02,-1.15193969e+02
274.205000,-1.46614437e+02,-1.15198872e+02
274.210000,-1.46617070e+02,-1.15201521e+02
274.215000,-1.46621276e+02,-1.15205728e+02
274.220000,-1.46625324e+02,-1.15209777e+02
274.225000,-1.46629043e+02,-1.15213510e+02
274.230000,-1.46631377e+02,-1.15215857e+02
274.235000,-1.46631926e+02,-1.15216374e+02
274.240000,-1.46632076e+02,-1.15216529e+02
274.245000,-1.46636343e+02,-1.15220830e+02
274.250000,-1.46634569e+02,-1.15219083e+02
274.255000,-1.46632800e+02,-1.15217280e+02
274.260000,-1.46631796e+02,-1.15216275e+02
274.265000,-1.46629705e+02,-1.15214184e+02
274.270000,-1.46628866e+02,-1.15213361e+02
274.275000,-1.46625905e+02,-1.15210402e+02
274.280000,-1.46621353e+02,-1.15205849e+02
274.285000,-1.46625106e+02,-1.15209609e+02
274.290000,-1.46622130e+02,-1.15206645e+02
274.295000,-1.46623699e+02,-1.15208227e+02
274.300000,-1.46629366e+02,-1.15213901e+02
274.305000,-1.46631982e+02,-1.15216531e+02
274.310000,-1.46636959e+02,-1.15221488e+02
274.315000,-1.46642330e+02,-1.15226866e+02
274.320000,-1.46646511e+02,-1.15231015e+02
274.325000,-1.46649765e+02,-1.15234255e+02
274.330000,-1.46654524e+02,-1.15239001e+02
274.335000,-1.46661785e+02,-1.15246248e+02
274.340000,-1.46667002e+02,-1.15251483e+02
274.345000,-1.46673770e+02,-1.15258259e+02
274.350000,-1.46678825e+02,-1.15263300e+02
274.355000,-1.46683922e+02,-1.15268368e+02
274.360000,-1.46689366e+02,-1.15273811e+02
274.365000,-1.46691342e+02,-1.15275793e+02
274.370000,-1.46695721e+02,-1.15280162e+02
274.375000,-1.46698419e+02,-1.15282827e+02
274.380000,-1.46701270e+02,-1.15285684e+02
274.385000,-1.46704782e+02,-1.15289208e+02
274.390000,-1.46710355e+02,-1.15294760e+02
274.395000,-1.46704282e+02,-1.15288669e+02
274.400000,-1.46703239e+02,-1.15287623e+02
274.405000,-1.46699499e+02,-1.15283900e+02
274.410000,-1.46695541e+02,-1.15279929e+02
274.415000,-1.46696135e+02,-1.15280502e+02
274.420000,-1.46698901e+02,-1.15283285e+02
274.425000,-1.46702470e+02,-1.15286806e+02
274.430000,-1.46707060e+02,-1.15291414e+02
274.435000,-1.46711525e+02,-1.15295881e+02
274.440000,-1.46715237e+02,-1.15299650e+02
274.445000,-1.46720269e+02,-1.15304677e+02
274.450000,-1.46728863e+02,-1.15313259e+02
274.455000,-1.46737140e+02,-1.15321581e+02
274.460000,-1.46743753e+02,-1.15328212e+02
274.465000,-1.46749663e+02,-1.15334128e+02
274.470000,-1.46753969e+02,-1.15338412e+02
274.475000,-1.46755283e+02,-1.15339746e+02
274.480000,-1.46757278e+02,-1.15341742e+02
274.485000,-1.46757487e+02,-1.15341934e+02
274.490000,-1.46757780e+02,-1.15342242e+02
274.495000,-1.46752472e+02,-1.15336970e+02
274.500000,-1.46748452e+02,-1.15332953e+02
274.505000,-1.46745338e+02,-1.15329846e+02
274.510000,-1.46745861e+02,-1.15330375e+02
274.515000,-1.46739860e+02,-1.15324339e+02
274.520000,-1.46742908e+02,-1.15327384e+02
274.525000,-1.46735294e+02,-1.15319783e+02
274.530000,-1.46734732e+02,-1.15319270e+02
274.535000,-1.46740223e+02,-1.15324747e+02
274.540000,-1.46749630e+02,-1.15334143e+02
274.545000,-1.46756242e+02,-1.15340778e+02
274.550000,-1.46758549e+02,-1.15343069e+02
274.555000,-1.46761480e+02,-1.15345994e+02
274.560000,-1.46761945e+02,-1.15346443e+02
274.565000,-1.46761396e+02,-1.15345905e+02
274.570000,-1.46761561e+02,-1.15346055e+02
274.575000,-1.46762950e+02,-1.15347441e+02
274.580000,-1.46763855e+02,-1.15348369e+02
274.585000,-1.46765045e+02,-1.15349535e+02
274.590000,-1.46767501e+02,-1.15351984e+02
274.595000,-1.46769307e+02,-1.15353802e+02
274.600000,-1.46771976e+02,-1.15356459e+02
274.605000,-1.46775181e+02,-1.15359668e+02
274.610000,-1.46784379e+02,-1.15368838e+02
274.615000,-1.46791095e+02,-1.15375564e+02
274.620000,-1.46796605e+02,-1.15381064e+02
274.625000,-1.46800409e+02,-1.15384871e+02
274.630000,-1.46791790e+02,-1.15376295e+02
274.635000,-1.46779110e+02,-1.15363595e+02
274.640000,-1.46775625e+02,-1.15360101e+02
274.645000,-1.46773393e+02,-1.15357852e+02
274.650000,-1.46774571e+02,-1.15359013e+02
274.655000,-1.46777860e+02,-1.15362277e+02
274.660000,-1.46782699e+02,-1.15367115e+02
274.665000,-1.46788874e+02,-1.15373310e+02
274.670000,-1.46791847e+02,-1.15376286e+02
274.675000,-1.46796093e+02,-1.15380515e+02
274.680000,-1.46801624e+02,-1.15386070e+02
274.685000,-1.46806952e+02,-1.15391366e+02
274.690000,-1.46810377e+02,-1.15394795e+02
274.695000,-1.46812031e+02,-1.15396417e+02
274.700000,-1.46812123e+02,-1.15396503e+02
274.705000,-1.46813212e+02,-1.15397621e+02
274.710000,-1.46815187e+02,-1.15399599e+02
274.715000,-1.46819158e+02,-1.15403589e+02
274.720000,-1.46821503e+02,-1.15405959e+02
274.725000,-1.46824678e+02,-1.15409121e+02
274.730000,-1.46829390e+02,-1.15413850e+02
274.735000,-1.46835621e+02,-1.15420080e+02
274.740000,-1.46842734e+02,-1.15427166e+02
274.745000,-1.46843757e+02,-1.15428184e+02
274.750000,-1.46841155e+02,-1.15425593e+02
274.755000,-1.46839636e+02,-1.15424060e+02
274.760000,-1.46837356e+02,-1.15421827e+02
274.765000,-1.46840964e+02,-1.15425451e+02
274.770000,-1.46847954e+02,-1.15432444e+02
274.775000,-1.46854936e+02,-1.15439426e+02
274.780000,-1.46863077e+02,-1.15447584e+02
274.785000,-1.46869649e+02,-1.15454166e+02
274.790000,-1.46876361e+02,-1.15460848e+02
274.795000,-1.46877124e+02,-1.15461612e+02
274.800000,-1.46876786e+02,-1.15461230e+02
274.805000,-1.46879461e+02,-1.15463878e+02
274.810000,-1.46883139e+02,-1.15467592e+02
274.815000,-1.46888368e+02,-1.15472831e+02
274.820000,-1.46890617e+02,-1.15475103e+02
274.825000,-1.46893393e+02,-1.15477865e+02
274.830000,-1.46896692e+02,-1.15481158e+02
274.835000,-1.46899365e+02,-1.15483827e+02
274.840000,-1.46899996e+02,-1.15484440e+02
274.845000,-1.46903722e+02,-1.15488137e+02
274.850000,-1.46906801e+02,-1.15491205e+02
274.855000,-1.46910717e+02,-1.15495120e+02
274.860000,-1.46910294e+02,-1.15494721e+02
274.865000,-1.46906129e+02,-1.15490537e+02
274.870000,-1.46899435e+02,-1.15483858e+02
274.875000,-1.46898119e+02,-1.15482541e+02
274.880000,-1.46899169e+02,-1.15483589e+02
274.885000,-1.46903971e+02,-1.15488392e+02
274.890000,-1.46907766e+02,-1.15492152e+02
274.895000,-1.46913314e+02,-1.15497675e+02
274.900000,-1.46918491e+02,-1.15502857e+02
274.905000,-1.46923725e+02,-1.15508106e+02
274.910000,-1.46927492e+02,-1.15511917e+02
274.915000,-1.46927766e+02,-1.15512170e+02
274.920000,-1.46930331e+02,-1.15514739e+02
274.925000,-1.46930594e+02,-1.15515001e+02
274.930000,-1.46933587e+02,-1.15517991e+02
274.935000,-1.46936306e+02,-1.15520682e+02
274.940000,-1.46939821e+02,-1.15524186e+02
274.945000,-1.46940890e+02,-1.15525254e+02
274.950000,-1.46940867e+02,-1.15525224e+02
274.955000,-1.46941241e+02,-1.15525599e+02
274.960000,-1.46942003e+02,-1.15526380e+02
274.965000,-1.46942160e+02,-1.15526539e+02
274.970000,-1.46943233e+02,-1.15527644e+02
274.975000,-1.46939210e+02,-1.15523643e+02
274.980000,-1.46944015e+02,-1.15528460e+02
274.985000,-1.46945619e+02,-1.15530051e+02
274.990000,-1.46946270e+02,-1.15530713e+02
274.995000,-1.46948099e+02,-1.15532539e+02
275.000000,-1.46948371e+02,-1.15532804e+02
275.005000,-1.46954602e+02,-1.15539053e+02
275.010000,-1.46961088e+02,-1.15545521e+02
275.015000,-1.46965323e+02,-1.15549778e+02
275.020000,-1.46971566e+02,-1.15556015e+02
275.025000,-1.46978224e+02,-1.15562706e+02
275.030000,-1.46983580e+02,-1.15568055e+02
275.035000,-1.46984123e+02,-1.15568580e+02
275.040000,-1.46988261e+02,-1.15572777e+02
275.045000,-1.46994229e+02,-1.15578722e+02
275.050000,-1.46998088e+02,-1.15582586e+02
275.055000,-1.47001429e+02,-1.15585926e+02
275.060000,-1.47005743e+02,-1.15590223e+02
275.065000,-1.47006928e+02,-1.15591394e+02
275.070000,-1.47006001e+02,-1.15590431e+02
275.075000,-1.47005248e+02,-1.15589685e+02
275.080000,-1.47007733e+02,-1.15592180e+02
275.085000,-1.47007622e+02,-1.15592066e+02
275.090000,-1.46998500e+02,-1.15582928e+02
275.095000,-1.46986628e+02,-1.15571039e+02
275.100000,-1.46981381e+02,-1.15565769e+02
275.105000,-1.46981224e+02,-1.15565631e+02
275.110000,-1.46982660e+02,-1.15567043e+02
275.115000,-1.46986264e+02,-1.15570686e+02
275.120000,-1.46989453e+02,-1.15573872e+02
275.125000,-1.46994686e+02,-1.15579109e+02
275.130000,-1.47002351e+02,-1.15586772e+02
275.135000,-1.47009215e+02,-1.15593641e+02
275.140000,-1.47011837e+02,-1.15596255e+02
275.145000,-1.47017509e+02,-1.15601975e+02
275.150000,-1.47019068e+02,-1.15603517e+02
275.155000,-1.47021262e+02,-1.15605681e+02
275.160000,-1.47023718e+02,-1.15608129e+02
275.165000,-1.47026928e+02,-1.15611353e+02
275.170000,-1.47032080e+02,-1.15616503e+02
275.175000,-1.47034934e+02,-1.15619368e+02
275.180000,-1.47039158e+02,-1.15623566e+02
275.185000,-1.47038949e+02,-1.15623359e+02
275.190000,-1.47039700e+02,-1.15624109e+02
275.195000,-1.47040948e+02,-1.15625356e+02
275.200000,-1.47041545e+02,-1.15625963e+02
275.205000,-1.47040097e+02,-1.15624513e+02
275.210000,-1.47023729e+02,-1.15608120e+02
275.215000,-1.47017417e+02,-1.15601779e+02
275.220000,-1.47015498e+02,-1.15599864e+02
275.225000,-1.47014855e+02,-1.15599246e+02
275.230000,-1.47009941e+02,-1.15594359e+02
275.235000,-1.47011886e+02,-1.15596320e+02
275.240000,-1.47012423e+02,-1.15596837e+02
275.245000,-1.47014351e+02,-1.15598772e+02
275.250000,-1.47018470e+02,-1.15602883e+02
275.255000,-1.47024308e+02,-1.15608715e+02
275.260000,-1.47026111e+02,-1.15610504e+02
275.265000,-1.47026534e+02,-1.15610935e+02
275.270000,-1.47023077e+02,-1.15607454e+02
275.275000,-1.47020841e+02,-1.15605205e+02
275.280000,-1.47022476e+02,-1.15606851e+02
275.285000,-1.47027186e+02,-1.15611570e+02
275.290000,-1.47031476e+02,-1.15615886e+02
275.295000,-1.47034774e+02,-1.15619215e+02
275.300000,-1.47038411e+02,-1.15622853e+02
275.305000,-1.47039651e+02,-1.15624112e+02
275.310000,-1.47042943e+02,-1.15627365e+02
275.315000,-1.47044886e+02,-1.15629286e+02
275.320000,-1.47030616e+02,-1.15615038e+02
275.325000,-1.47026122e+02,-1.15610545e+02
275.330000,-1.47026273e+02,-1.15610704e+02
275.335000,-1.47028661e+02,-1.15613103e+02
275.340000,-1.47035632e+02,-1.15620063e+02
275.345000,-1.47038479e+02,-1.15622940e+02
275.350000,-1.47035444e+02,-1.15619910e+02
275.355000,-1.47039209e+02,-1.15623663e+02
275.360000,-1.47044143e+02,-1.15628616e+02
275.365000,-1.47050038e+02,-1.15634493e+02
275.370000,-1.47054201e+02,-1.15638673e+02
275.375000,-1.47057764e+02,-1.15642233e+02
275.380000,-1.47059439e+02,-1.15643914e+02
275.385000,-1.47056000e+02,-1.15640435e+02
275.390000,-1.47053159e+02,-1.15637626e+02
275.395000,-1.47050028e+02,-1.15634505e+02
275.400000,-1.47048535e+02,-1.15633017e+02
275.405000,-1.47050191e+02,-1.15634657e+02
275.410000,-1.47054292e+02,-1.15638743e+02
275.415000,-1.47056016e+02,-1.15640419e+02
275.420000,-1.47058217e+02,-1.15642604e+02
275.425000,-1.47056648e+02,-1.15641041e+02
275.430000,-1.47059676e+02,-1.15644071e+02
275.435000,-1.47056715e+02,-1.15641173e+02
275.440000,-1.47051675e+02,-1.15636108e+02
275.445000,-1.47052077e+02,-1.15636495e+02
275.450000,-1.47052875e+02,-1.15637336e+02
275.455000,-1.47058429e+02,-1.15642860e+02
275.460000,-1.47065029e+02,-1.15649454e+02
275.465000,-1.47066094e+02,-1.15650511e+02
275.470000,-1.47065856e+02,-1.15650288e+02
275.475000,-1.47069578e+02,-1.15654038e+02
275.480000,-1.47071331e+02,-1.15655771e+02
275.485000,-1.47074889e+02,-1.15659334e+02
275.490000,-1.47081494e+02,-1.15665958e+02
275.495000,-1.47098089e+02,-1.15682591e+02
275.500000,-1.47112801e+02,-1.15697287e+02
275.505000,-1.47117379e+02,-1.15701810e+02
275.510000,-1.47118627e+02,-1.15703043e+02
275.515000,-1.47129808e+02,-1.15714259e+02
275.520000,-1.47140113e+02,-1.15724548e+02
275.525000,-1.47147092e+02,-1.15731527e+02
275.530000,-1.47156001e+02,-1.15740418e+02
275.535000,-1.47167974e+02,-1.15752375e+02
275.540000,-1.47177412e+02,-1.15761835e+02
275.545000,-1.47174411e+02,-1.15758853e+02
275.550000,-1.47169375e+02,-1.15753791e+02
275.555000,-1.47172047e+02,-1.15756462e+02
275.560000,-1.47174547e+02,-1.15758953e+02
275.565000,-1.47182934e+02,-1.15767332e+02
275.570000,-1.47186115e+02,-1.15770531e+02
275.575000,-1.47192833e+02,-1.15777267e+02
275.580000,-1.47205179e+02,-1.15789594e+02
275.585000,-1.47208216e+02,-1.15792646e+02
275.590000,-1.47210652e+02,-1.15795090e+02
275.595000,-1.47218760e+02,-1.15803166e+02
275.600000,-1.47226424e+02,-1.15810821e+02
275.605000,-1.47236325e+02,-1.15820737e+02
275.610000,-1.47247059e+02,-1.15831470e+02
275.615000,-1.47254602e+02,-1.15839019e+02
275.620000,-1.47259973e+02,-1.15844379e+02
275.625000,-1.47255675e+02,-1.15840092e+02
275.630000,-1.47253577e+02,-1.15838026e+02
275.635000,-1.47258997e+02,-1.15843397e+02
275.640000,-1.47263091e+02,-1.15847480e+02
275.645000,-1.47267797e+02,-1.15852208e+02
275.650000,-1.47273224e+02,-1.15857644e+02
275.655000,-1.47277141e+02,-1.15861562e+02
275.660000,-1.47273942e+02,-1.15858358e+02
275.665000,-1.47271683e+02,-1.15856086e+02
275.670000,-1.47265356e+02,-1.15849724e+02
275.675000,-1.47264164e+02,-1.15848537e+02
275.680000,-1.47266251e+02,-1.15850600e+02
275.685000,-1.47269868e+02,-1.15854220e+02
275.690000,-1.47274710e+02,-1.15859066e+02
275.695000,-1.47276392e+02,-1.15860733e+02
275.700000,-1.47276554e+02,-1.15860892e+02
275.705000,-1.47273354e+02,-1.15857684e+02
275.710000,-1.47275974e+02,-1.15860327e+02
275.715000,-1.47273665e+02,-1.15858022e+02
275.720000,-1.47271311e+02,-1.15855675e+02
275.725000,-1.47273423e+02,-1.15857764e+02
275.730000,-1.47276081e+02,-1.15860450e+02
275.735000,-1.47272396e+02,-1.15856762e+02
275.740000,-1.47269658e+02,-1.15854037e+02
275.745000,-1.47258717e+02,-1.15843134e+02
275.750000,-1.47252827e+02,-1.15837234e+02
275.755000,-1.47251913e+02,-1.15836311e+02
275.760000,-1.47257690e+02,-1.15842087e+02
275.765000,-1.47252395e+02,-1.15836817e+02
275.770000,-1.47251129e+02,-1.15835564e+02
275.775000,-1.47255745e+02,-1.15840172e+02
275.780000,-1.47264775e+02,-1.15849189e+02
275.785000,-1.47260642e+02,-1.15845071e+02
275.790000,-1.47263839e+02,-1.15848249e+02
275.795000,-1.47272792e+02,-1.15857228e+02
275.800000,-1.47278814e+02,-1.15863262e+02
275.805000,-1.47283770e+02,-1.15868211e+02
275.810000,-1.47292821e+02,-1.15877299e+02
275.815000,-1.47304065e+02,-1.15888531e+02
275.820000,-1.47312318e+02,-1.15896775e+02
275.825000,-1.47315465e+02,-1.15899972e+02
275.830000,-1.47323117e+02,-1.15907644e+02
275.835000,-1.47322391e+02,-1.15906915e+02
275.840000,-1.47320288e+02,-1.15904794e+02
275.845000,-1.47325481e+02,-1.15910003e+02
275.850000,-1.47336141e+02,-1.15920650e+02
275.855000,-1.47337131e+02,-1.15921605e+02
275.860000,-1.47342393e+02,-1.15926876e+02
275.865000,-1.47344065e+02,-1.15928528e+02
275.870000,-1.47346812e+02,-1.15931256e+02
275.875000,-1.47352362e+02,-1.15936828e+02
275.880000,-1.47349703e+02,-1.15934134e+02
275.885000,-1.47350306e+02,-1.15934747e+02
275.890000,-1.47353487e+02,-1.15937907e+02
275.895000,-1.47356558e+02,-1.15940980e+02
275.900000,-1.47353229e+02,-1.15937662e+02
275.905000,-1.47354461e+02,-1.15938880e+02
275.910000,-1.47355316e+02,-1.15939737e+02
275.915000,-1.47357940e+02,-1.15942331e+02
275.920000,-1.47361514e+02,-1.15945900e+02
275.925000,-1.47366852e+02,-1.15951239e+02
275.930000,-1.47370927e+02,-1.15955305e+02
275.935000,-1.47376251e+02,-1.15960627e+02
275.940000,-1.47373667e+02,-1.15958044e+02
275.945000,-1.47374927e+02,-1.15959295e+02
275.950000,-1.47387641e+02,-1.15971985e+02
275.955000,-1.47387084e+02,-1.15971408e+02
275.960000,-1.47383016e+02,-1.15967359e+02
275.965000,-1.47382524e+02,-1.15966858e+02
275.970000,-1.47384746e+02,-1.15969091e+02
275.975000,-1.47377128e+02,-1.15961474e+02
275.980000,-1.47375233e+02,-1.15959597e+02
275.985000,-1.47367679e+02,-1.15952071e+02
275.990000,-1.47368209e+02,-1.15952608e+02
275.995000,-1.47372311e+02,-1.15956681e+02
276.000000,-1.47373568e+02,-1.15957922e+02
276.005000,-1.47373754e+02,-1.15958125e+02
276.010000,-1.47373453e+02,-1.15957837e+02
276.015000,-1.47367616e+02,-1.15952021e+02
276.020000,-1.47368676e+02,-1.15953062e+02
276.025000,-1.47366831e+02,-1.15951231e+02
276.030000,-1.47369321e+02,-1.15953690e+02
276.035000,-1.47370331e+02,-1.15954729e+02
276.040000,-1.47374846e+02,-1.15959256e+02
276.045000,-1.47383313e+02,-1.15967698e+02
276.050000,-1.47393079e+02,-1.15977458e+02
276.055000,-1.47403798e+02,-1.15988190e+02
276.060000,-1.47416495e+02,-1.16000868e+02
276.065000,-1.47422295e+02,-1.16006691e+02
276.070000,-1.47428601e+02,-1.16013022e+02
276.075000,-1.47426345e+02,-1.16010779e+02
276.080000,-1.47438288e+02,-1.16022776e+02
276.085000,-1.47448405e+02,-1.16032880e+02
276.090000,-1.47451719e+02,-1.16036212e+02
276.095000,-1.47450116e+02,-1.16034593e+02
276.100000,-1.47448703e+02,-1.16033189e+02
276.105000,-1.47455425e+02,-1.16039882e+02
276.110000,-1.47459998e+02,-1.16044458e+02
276.115000,-1.47466464e+02,-1.16050887e+02
276.120000,-1.47473347e+02,-1.16057766e+02
276.125000,-1.47481430e+02,-1.16065820e+02
276.130000,-1.47487631e+02,-1.16072034e+02
276.135000,-1.47486615e+02,-1.16071016e+02
276.140000,-1.47494471e+02,-1.16078888e+02
276.145000,-1.47500674e+02,-1.16085049e+02
276.150000,-1.47507440e+02,-1.16091837e+02
276.155000,-1.47522969e+02,-1.16107330e+02
276.160000,-1.47532604e+02,-1.16116978e+02
276.165000,-1.47541590e+02,-1.16125988e+02
276.170000,-1.47549375e+02,-1.16133773e+02
276.175000,-1.47557229e+02,-1.16141619e+02
276.180000,-1.47560009e+02,-1.16144412e+02
276.185000,-1.47566214e+02,-1.16150600e+02
276.190000,-1.47572461e+02,-1.16156852e+02
276.195000,-1.47583795e+02,-1.16168155e+02
276.200000,-1.47571135e+02,-1.16155513e+02
276.205000,-1.47563951e+02,-1.16148320e+02
276.210000,-1.47558678e+02,-1.16143067e+02
276.215000,-1.47549144e+02,-1.16133545e+02
276.220000,-1.47545816e+02,-1.16130228e+02
276.225000,-1.47544474e+02,-1.16128899e+02
276.230000,-1.47544689e+02,-1.16129119e+02
276.235000,-1.47547910e+02,-1.16132338e+02
276.240000,-1.47551014e+02,-1.16135426e+02
276.245000,-1.47540867e+02,-1.16125273e+02
276.250000,-1.47530262e+02,-1.16114669e+02
276.255000,-1.47523837e+02,-1.16108215e+02
276.260000,-1.47526908e+02,-1.16111291e+02
276.265000,-1.47534368e+02,-1.16118764e+02
276.270000,-1.47543565e+02,-1.16127983e+02
276.275000,-1.47551225e+02,-1.16135657e+02
276.280000,-1.47561847e+02,-1.16146281e+02
276.285000,-1.47567396e+02,-1.16151815e+02
276.290000,-1.47575027e+02,-1.16159447e+02
276.295000,-1.47582643e+02,-1.16167067e+02
276.300000,-1.47590067e+02,-1.16174479e+02
276.305000,-1.47598098e+02,-1.16182512e+02
276.310000,-1.47601558e+02,-1.16185957e+02
276.315000,-1.47602731e+02,-1.16187157e+02
276.320000,-1.47596035e+02,-1.16180433e+02
276.325000,-1.47592930e+02,-1.16177323e+02
276.330000,-1.47597203e+02,-1.16181603e+02
276.335000,-1.47604005e+02,-1.16188420e+02
276.340000,-1.47611677e+02,-1.16196062e+02
276.345000,-1.47615618e+02,-1.16199998e+02
276.350000,-1.47620553e+02,-1.16204937e+02
276.355000,-1.47635890e+02,-1.16220256e+02
276.360000,-1.47639298e+02,-1.16223648e+02
276.365000,-1.47638667e+02,-1.16222984e+02
276.370000,-1.47640821e+02,-1.16225162e+02
276.375000,-1.47643117e+02,-1.16227470e+02
276.380000,-1.47647371e+02,-1.16231723e+02
276.385000,-1.47652847e+02,-1.16237233e+02
276.390000,-1.47659222e+02,-1.16243597e+02
276.395000,-1.47662656e+02,-1.16247037e+02
276.400000,-1.47671197e+02,-1.16255589e+02
276.405000,-1.47677935e+02,-1.16262318e+02
276.410000,-1.47683739e+02,-1.16268082e+02
276.415000,-1.47678158e+02,-1.16262515e+02
276.420000,-1.47674428e+02,-1.16258798e+02
276.425000,-1.47674534e+02,-1.16258891e+02
276.430000,-1.47677638e+02,-1.16262021e+02
276.435000,-1.47679433e+02,-1.16263780e+02
276.440000,-1.47674236e+02,-1.16258596e+02
276.445000,-1.47670738e+02,-1.16255130e+02
276.450000,-1.47666985e+02,-1.16251382e+02
276.455000,-1.47665186e+02,-1.16249548e+02
276.460000,-1.47670185e+02,-1.16254556e+02
276.465000,-1.47678207e+02,-1.16262577e+02
276.470000,-1.47694449e+02,-1.16278775e+02
276.475000,-1.47708853e+02,-1.16293198e+02
276.480000,-1.47712369e+02,-1.16296737e+02
276.485000,-1.47717149e+02,-1.16301503e+02
276.490000,-1.47724907e+02,-1.16309285e+02
276.495000,-1.47730121e+02,-1.16314504e+02
276.500000,-1.47738691e+02,-1.16323099e+02
276.505000,-1.47749072e+02,-1.16333507e+02
276.510000,-1.47756299e+02,-1.16340722e+02
276.515000,-1.47759944e+02,-1.16344360e+02
276.520000,-1.47756302e+02,-1.16340703e+02
276.525000,-1.47757355e+02,-1.16341776e+02
276.530000,-1.47766777e+02,-1.16351195e+02
276.535000,-1.47773126e+02,-1.16357543e+02
276.540000,-1.47779843e+02,-1.16364235e+02
276.545000,-1.47779114e+02,-1.16363525e+02
276.550000,-1.47778117e+02,-1.16362553e+02
276.555000,-1.47780519e+02,-1.16364962e+02
276.560000,-1.47786546e+02,-1.16370958e+02
276.565000,-1.47793401e+02,-1.16377798e+02
276.570000,-1.47799259e+02,-1.16383617e+02
276.575000,-1.47806214e+02,-1.16390620e+02
276.580000,-1.47833295e+02,-1.16417691e+02
276.585000,-1.47854264e+02,-1.16438708e+02
276.590000,-1.47869794e+02,-1.16454265e+02
276.595000,-1.47873333e+02,-1.16457789e+02
276.600000,-1.47876057e+02,-1.16460511e+02
276.605000,-1.47878570e+02,-1.16463019e+02
276.610000,-1.47884478e+02,-1.16468897e+02
276.615000,-1.47889054e+02,-1.16473437e+02
276.620000,-1.47885560e+02,-1.16469933e+02
276.625000,-1.47895793e+02,-1.16480143e+02
276.630000,-1.47896050e+02,-1.16480397e+02
276.635000,-1.47904710e+02,-1.16489050e+02
276.640000,-1.47918267e+02,-1.16502615e+02
276.645000,-1.47921789e+02,-1.16506162e+02
276.650000,-1.47918463e+02,-1.16502821e+02
276.655000,-1.47920519e+02,-1.16504855e+02
276.660000,-1.47913266e+02,-1.16497616e+02
276.665000,-1.47921625e+02,-1.16505961e+02
276.670000,-1.47927097e+02,-1.16511432e+02
276.675000,-1.47923243e+02,-1.16507599e+02
276.680000,-1.47934978e+02,-1.16519357e+02
276.685000,-1.47952627e+02,-1.16536988e+02
276.690000,-1.47963925e+02,-1.16548277e+02
276.695000,-1.47974166e+02,-1.16558473e+02
276.700000,-1.47978719e+02,-1.16563023e+02
276.705000,-1.47979858e+02,-1.16564170e+02
276.710000,-1.47988536e+02,-1.16572882e+02
276.715000,-1.47982488e+02,-1.16566857e+02
276.720000,-1.47972337e+02,-1.16556699e+02
276.725000,-1.47969604e+02,-1.16554028e+02
276.730000,-1.47967065e+02,-1.16551500e+02
276.735000,-1.47962041e+02,-1.16546456e+02
276.740000,-1.47966339e+02,-1.16550738e+02
276.745000,-1.47970198e+02,-1.16554584e+02
276.750000,-1.47976840e+02,-1.16561253e+02
276.755000,-1.47983665e+02,-1.16568082e+02
276.760000,-1.47988961e+02,-1.16573371e+02
276.765000,-1.47990166e+02,-1.16574578e+02
276.770000,-1.47993953e+02,-1.16578354e+02
276.775000,-1.48004790e+02,-1.16589186e+02
276.780000,-1.48006436e+02,-1.16590816e+02
276.785000,-1.48009373e+02,-1.16593751e+02
276.790000,-1.48011648e+02,-1.16596018e+02
276.795000,-1.48015374e+02,-1.16599756e+02
276.800000,-1.48018284e+02,-1.16602708e+02
276.805000,-1.48028306e+02,-1.16612710e+02
276.810000,-1.48022983e+02,-1.16607390e+02
276.815000,-1.48017510e+02,-1.16601940e+02
276.820000,-1.48016153e+02,-1.16600577e+02
276.825000,-1.48019075e+02,-1.16603505e+02
276.830000,-1.48025840e+02,-1.16610251e+02
276.835000,-1.48023740e+02,-1.16608143e+02
276.840000,-1.48021616e+02,-1.16606012e+02
276.845000,-1.48023614e+02,-1.16608013e+02
276.850000,-1.48031191e+02,-1.16615550e+02
276.855000,-1.48048323e+02,-1.16632663e+02
276.860000,-1.48064206e+02,-1.16648544e+02
276.865000,-1.48073940e+02,-1.16658261e+02
276.870000,-1.48075563e+02,-1.16659866e+02
276.875000,-1.48080232e+02,-1.16664531e+02
276.880000,-1.48080152e+02,-1.16664440e+02
276.885000,-1.48082757e+02,-1.16667056e+02
276.890000,-1.48087755e+02,-1.16672070e+02
276.895000,-1.48070355e+02,-1.16654699e+02
276.900000,-1.48065042e+02,-1.16649394e+02
276.905000,-1.48060875e+02,-1.16645246e+02
276.910000,-1.48061348e+02,-1.16645714e+02
276.915000,-1.48056618e+02,-1.16640961e+02
276.920000,-1.48058369e+02,-1.16642712e+02
276.925000,-1.48069128e+02,-1.16653494e+02
276.930000,-1.48078271e+02,-1.16662655e+02
276.935000,-1.48087952e+02,-1.16672320e+02
276.940000,-1.48091446e+02,-1.16675807e+02
276.945000,-1.48086023e+02,-1.16670375e+02
276.950000,-1.48083383e+02,-1.16667764e+02
276.955000,-1.48088381e+02,-1.16672717e+02
276.960000,-1.48087611e+02,-1.16671951e+02
276.965000,-1.48095342e+02,-1.16679692e+02
276.970000,-1.48101630e+02,-1.16685970e+02
276.975000,-1.48103584e+02,-1.16687929e+02
276.980000,-1.48112066e+02,-1.16696417e+02
276.985000,-1.48120516e+02,-1.16704885e+02
276.990000,-1.48121412e+02,-1.16705812e+02
276.995000,-1.48125512e+02,-1.16709902e+02
277.000000,-1.48128197e+02,-1.16712570e+02
277.005000,-1.48128610e+02,-1.16712960e+02
277.010000,-1.48127214e+02,-1.16711552e+02
277.015000,-1.48126595e+02,-1.16710944e+02
277.020000,-1.48130801e+02,-1.16715156e+02
277.025000,-1.48130363e+02,-1.16714683e+02
277.030000,-1.48129759e+02,-1.16714064e+02
277.035000,-1.48128915e+02,-1.16713246e+02
277.040000,-1.48131859e+02,-1.16716220e+02
277.045000,-1.48136014e+02,-1.16720377e+02
277.050000,-1.48145653e+02,-1.16730012e+02
277.055000,-1.48153363e+02,-1.16737723e+02
277.060000,-1.48157384e+02,-1.16741720e+02
277.065000,-1.48156223e+02,-1.16740538e+02
277.070000,-1.48162267e+02,-1.16746612e+02
277.075000,-1.48161038e+02,-1.16745349e+02
277.080000,-1.48162843e+02,-1.16747149e+02
277.085000,-1.48165858e+02,-1.16750151e+02
277.090000,-1.48168214e+02,-1.16752478e+02
277.095000,-1.48165416e+02,-1.16749707e+02
277.100000,-1.48168846e+02,-1.16753163e+02
277.105000,-1.48163593e+02,-1.16747919e+02
277.110000,-1.48164501e+02,-1.16748822e+02
277.115000,-1.48171534e+02,-1.16755869e+02
277.120000,-1.48174334e+02,-1.16758669e+02
277.125000,-1.48169444e+02,-1.16753770e+02
277.130000,-1.48172076e+02,-1.16756377e+02
277.135000,-1.48175705e+02,-1.16760004e+02
277.140000,-1.48184265e+02,-1.16768576e+02
277.145000,-1.48189883e+02,-1.16774211e+02
277.150000,-1.48189419e+02,-1.16773759e+02
277.155000,-1.48187368e+02,-1.16771708e+02
277.160000,-1.48197556e+02,-1.16781893e+02
277.165000,-1.48203836e+02,-1.16788157e+02
277.170000,-1.48207601e+02,-1.16791932e+02
277.175000,-1.48212254e+02,-1.16796605e+02
277.180000,-1.48214523e+02,-1.16798884e+02
277.185000,-1.48210074e+02,-1.16794447e+02
277.190000,-1.48202805e+02,-1.16787175e+02
277.195000,-1.48191998e+02,-1.16776357e+02
277.200000,-1.48186402e+02,-1.16770736e+02
277.205000,-1.48184825e+02,-1.16769245e+02
277.210000,-1.48177126e+02,-1.16761537e+02
277.215000,-1.48174035e+02,-1.16758445e+02
277.220000,-1.48178294e+02,-1.16762713e+02
277.225000,-1.48179206e+02,-1.16763625e+02
277.230000,-1.48177297e+02,-1.16761696e+02
277.235000,-1.48181720e+02,-1.16766111e+02
277.240000,-1.48186118e+02,-1.16770510e+02
277.245000,-1.48190917e+02,-1.16775305e+02
277.250000,-1.48201821e+02,-1.16786198e+02
277.255000,-1.48212702e+02,-1.16797070e+02
277.260000,-1.48225414e+02,-1.16809763e+02
277.265000,-1.48242487e+02,-1.16826806e+02
277.270000,-1.48248257e+02,-1.16832584e+02
277.275000,-1.48247872e+02,-1.16832172e+02
277.280000,-1.48251140e+02,-1.16835427e+02
277.285000,-1.48260078e+02,-1.16844364e+02
277.290000,-1.48264318e+02,-1.16848631e+02
277.295000,-1.48266130e+02,-1.16850445e+02
277.300000,-1.48273252e+02,-1.16857530e+02
277.305000,-1.48276883e+02,-1.16861143e+02
277.310000,-1.48280139e+02,-1.16864426e+02
277.315000,-1.48268009e+02,-1.16852301e+02
277.320000,-1.48255899e+02,-1.16840157e+02
277.325000,-1.48236922e+02,-1.16821170e+02
277.330000,-1.48230633e+02,-1.16814887e+02
277.335000,-1.48219998e+02,-1.16804288e+02
277.340000,-1.48220111e+02,-1.16804406e+02
277.345000,-1.48213931e+02,-1.16798220e+02
277.350000,-1.48213289e+02,-1.16797568e+02
277.355000,-1.48212727e+02,-1.16796982e+02
277.360000,-1.48218219e+02,-1.16802472e+02
277.365000,-1.48217470e+02,-1.16801723e+02
277.370000,-1.48222787e+02,-1.16807036e+02
277.375000,-1.48223635e+02,-1.16807870e+02
277.380000,-1.48226046e+02,-1.16810292e+02
277.385000,-1.48229048e+02,-1.16813305e+02
277.390000,-1.48229442e+02,-1.16813733e+02
277.395000,-1.48233815e+02,-1.16818150e+02
277.400000,-1.48240832e+02,-1.16825168e+02
277.405000,-1.48249598e+02,-1.16833960e+02
277.410000,-1.48256674e+02,-1.16841021e+02
277.415000,-1.48268504e+02,-1.16852875e+02
277.420000,-1.48274331e+02,-1.16858711e+02
277.425000,-1.48263370e+02,-1.16847744e+02
277.430000,-1.48260475e+02,-1.16844848e+02
277.435000,-1.48248832e+02,-1.16833227e+02
277.440000,-1.48243202e+02,-1.16827633e+02
277.445000,-1.48242169e+02,-1.16826575e+02
277.450000,-1.48243801e+02,-1.16828153e+02
277.455000,-1.48225631e+02,-1.16809979e+02
277.460000,-1.48219879e+02,-1.16804187e+02
277.465000,-1.48218140e+02,-1.16802428e+02
277.470000,-1.48214984e+02,-1.16799292e+02
277.475000,-1.48216004e+02,-1.16800335e+02
277.480000,-1.48218224e+02,-1.16802598e+02
277.485000,-1.48214128e+02,-1.16798522e+02
277.490000,-1.48215815e+02,-1.16800219e+02
277.495000,-1.48217585e+02,-1.16802017e+02
277.500000,-1.48216148e+02,-1.16800554e+02
277.505000,-1.48217110e+02,-1.16801496e+02
277.510000,-1.48231189e+02,-1.16815538e+02
277.515000,-1.48232074e+02,-1.16816432e+02
277.520000,-1.48241017e+02,-1.16825364e+02
277.525000,-1.48243393e+02,-1.16827713e+02
277.530000,-1.48247548e+02,-1.16831851e+02
277.535000,-1.48250653e+02,-1.16834981e+02
277.540000,-1.48252433e+02,-1.16836749e+02
277.545000,-1.48252235e+02,-1.16836507e+02
277.550000,-1.48259770e+02,-1.16843970e+02
277.555000,-1.48263478e+02,-1.16847683e+02
277.560000,-1.48259057e+02,-1.16843247e+02
277.565000,-1.48252740e+02,-1.16836954e+02
277.570000,-1.48245526e+02,-1.16829739e+02
277.575000,-1.48236131e+02,-1.16820369e+02
277.580000,-1.48236692e+02,-1.16820941e+02
277.585000,-1.48238214e+02,-1.16822479e+02
277.590000,-1.48246600e+02,-1.16830849e+02
277.595000,-1.48247253e+02,-1.16831536e+02
277.600000,-1.48247477e+02,-1.16831771e+02
277.605000,-1.48238986e+02,-1.16823312e+02
277.610000,-1.48240450e+02,-1.16824763e+02
277.615000,-1.48241093e+02,-1.16825405e+02
277.620000,-1.48241520e+02,-1.16825814e+02
277.625000,-1.48246762e+02,-1.16831057e+02
277.630000,-1.48249037e+02,-1.16833357e+02
277.635000,-1.48245534e+02,-1.16829870e+02
277.640000,-1.48257754e+02,-1.16842090e+02
277.645000,-1.48273581e+02,-1.16857956e+02
277.650000,-1.48289436e+02,-1.16873807e+02
277.655000,-1.48298490e+02,-1.16882854e+02
277.660000,-1.48309008e+02,-1.16893374e+02
277.665000,-1.48304483e+02,-1.16888896e+02
277.670000,-1.48304125e+02,-1.16888536e+02
277.675000,-1.48309642e+02,-1.16894084e+02
277.680000,-1.48308622e+02,-1.16893079e+02
277.685000,-1.48312298e+02,-1.16896726e+02
277.690000,-1.48316838e+02,-1.16901292e+02
277.695000,-1.48312486e+02,-1.16896915e+02
277.700000,-1.48310992e+02,-1.16895406e+02
277.705000,-1.48319051e+02,-1.16903473e+02
277.710000,-1.48320070e+02,-1.16904479e+02
277.715000,-1.48322777e+02,-1.16907150e+02
277.720000,-1.48327438e+02,-1.16911806e+02
277.725000,-1.48321465e+02,-1.16905843e+02
277.730000,-1.48331374e+02,-1.16915741e+02
277.735000,-1.48332078e+02,-1.16916437e+02
277.740000,-1.48335783e+02,-1.16920123e+02
277.745000,-1.48332367e+02,-1.16916688e+02
277.750000,-1.48336135e+02,-1.16920506e+02
277.755000,-1.48332183e+02,-1.16916526e+02
277.760000,-1.48335854e+02,-1.16920162e+02
277.765000,-1.48339108e+02,-1.16923411e+02
277.770000,-1.48341809e+02,-1.16926123e+02
277.775000,-1.48342882e+02,-1.16927174e+02
277.780000,-1.48343078e+02,-1.16927354e+02
277.785000,-1.48342217e+02,-1.16926510e+02
277.790000,-1.48355558e+02,-1.16939853e+02
277.795000,-1.48364693e+02,-1.16948970e+02
277.800000,-1.48388813e+02,-1.16973070e+02
277.805000,-1.48399200e+02,-1.16983466e+02
277.810000,-1.48402714e+02,-1.16986985e+02
277.815000,-1.48405869e+02,-1.16990108e+02
277.820000,-1.48417366e+02,-1.17001599e+02
277.825000,-1.48432173e+02,-1.17016416e+02
277.830000,-1.48430823e+02,-1.17015050e+02
277.835000,-1.48434010e+02,-1.17018239e+02
277.840000,-1.48430212e+02,-1.17014442e+02
277.845000,-1.48425852e+02,-1.17010076e+02
277.850000,-1.48438898e+02,-1.17023115e+02
277.855000,-1.48445281e+02,-1.17029496e+02
277.860000,-1.48450492e+02,-1.17034697e+02
277.865000,-1.48463446e+02,-1.17047664e+02
277.870000,-1.48463434e+02,-1.17047672e+02
277.875000,-1.48463689e+02,-1.17047971e+02
277.880000,-1.48470240e+02,-1.17054505e+02
277.885000,-1.48465331e+02,-1.17049623e+02
277.890000,-1.48466619e+02,-1.17050922e+02
277.895000,-1.48473079e+02,-1.17057373e+02
277.900000,-1.48473945e+02,-1.17058240e+02
277.905000,-1.48470934e+02,-1.17055244e+02
277.910000,-1.48477240e+02,-1.17061546e+02
277.915000,-1.48486104e+02,-1.17070419e+02
277.920000,-1.48494056e+02,-1.17078386e+02
277.925000,-1.48504468e+02,-1.17088786e+02
277.930000,-1.48505178e+02,-1.17089524e+02
277.935000,-1.48495101e+02,-1.17079439e+02
277.940000,-1.48495731e+02,-1.17080070e+02
277.945000,-1.48498175e+02,-1.17082540e+02
277.950000,-1.48502670e+02,-1.17087049e+02
277.955000,-1.48505767e+02,-1.17090159e+02
277.960000,-1.48497170e+02,-1.17081565e+02
277.965000,-1.48483856e+02,-1.17068242e+02
277.970000,-1.48489743e+02,-1.17074107e+02
277.975000,-1.48490035e+02,-1.17074409e+02
277.980000,-1.48488583e+02,-1.17072955e+02
277.985000,-1.48497315e+02,-1.17081688e+02
277.990000,-1.48496679e+02,-1.17081087e+02
277.995000,-1.48496481e+02,-1.17080880e+02
278.000000,-1.48510286e+02,-1.17094644e+02
278.005000,-1.48513105e+02,-1.17097443e+02
278.010000,-1.48512324e+02,-1.17096666e+02
278.015000,-1.48506477e+02,-1.17090834e+02
278.020000,-1.48495028e+02,-1.17079430e+02
278.025000,-1.48490952e+02,-1.17075350e+02
278.030000,-1.48495674e+02,-1.17080052e+02
278.035000,-1.48499964e+02,-1.17084365e+02
278.040000,-1.48510233e+02,-1.17094603e+02
278.045000,-1.48514894e+02,-1.17099244e+02
278.050000,-1.48526873e+02,-1.17111243e+02
278.055000,-1.48536260e+02,-1.17120591e+02
278.060000,-1.48545742e+02,-1.17130080e+02
278.065000,-1.48544258e+02,-1.17128570e+02
278.070000,-1.48545352e+02,-1.17129694e+02
278.075000,-1.48540942e+02,-1.17125274e+02
278.080000,-1.48550249e+02,-1.17134539e+02
278.085000,-1.48527646e+02,-1.17111929e+02
278.090000,-1.48517324e+02,-1.17101656e+02
278.095000,-1.48511070e+02,-1.17095429e+02
278.100000,-1.48512155e+02,-1.17096479e+02
278.105000,-1.48509514e+02,-1.17093837e+02
278.110000,-1.48516329e+02,-1.17100680e+02
278.115000,-1.48523243e+02,-1.17107540e+02
278.120000,-1.48528518e+02,-1.17112824e+02
278.125000,-1.48536895e+02,-1.17121194e+02
278.130000,-1.48548643e+02,-1.17132910e+02
278.135000,-1.48544296e+02,-1.17128549e+02
278.140000,-1.48553694e+02,-1.17137956e+02
278.145000,-1.48551132e+02,-1.17135378e+02
278.150000,-1.48549459e+02,-1.17133707e+02
278.155000,-1.48545558e+02,-1.17129808e+02
278.160000,-1.48543539e+02,-1.17127769e+02
278.165000,-1.48539427e+02,-1.17123646e+02
278.170000,-1.48547866e+02,-1.17132119e+02
278.175000,-1.48556163e+02,-1.17140434e+02
278.180000,-1.48567120e+02,-1.17151410e+02
278.185000,-1.48572075e+02,-1.17156341e+02
278.190000,-1.48557819e+02,-1.17142094e+02
278.195000,-1.48554239e+02,-1.17138478e+02
278.200000,-1.48558574e+02,-1.17142817e+02
278.205000,-1.48557960e+02,-1.17142225e+02
278.210000,-1.48560281e+02,-1.17144530e+02
278.215000,-1.48553113e+02,-1.17137386e+02
278.220000,-1.48546127e+02,-1.17130412e+02
278.225000,-1.48540913e+02,-1.17125194e+02
278.230000,-1.48534986e+02,-1.17119275e+02
278.235000,-1.48538506e+02,-1.17122766e+02
278.240000,-1.48535999e+02,-1.17120270e+02
278.245000,-1.48543013e+02,-1.17127303e+02
278.250000,-1.48551181e+02,-1.17135500e+02
278.255000,-1.48555688e+02,-1.17140033e+02
278.260000,-1.48557320e+02,-1.17141655e+02
278.265000,-1.48557538e+02,-1.17141843e+02
278.270000,-1.48544673e+02,-1.17129004e+02
278.275000,-1.48535428e+02,-1.17119799e+02
278.280000,-1.48527554e+02,-1.17111940e+02
278.285000,-1.48531494e+02,-1.17115910e+02
278.290000,-1.48534115e+02,-1.17118513e+02
278.295000,-1.48537432e+02,-1.17121851e+02
278.300000,-1.48546482e+02,-1.17130857e+02
278.305000,-1.48553569e+02,-1.17137948e+02
278.310000,-1.48565937e+02,-1.17150322e+02
278.315000,-1.48573289e+02,-1.17157646e+02
278.320000,-1.48583104e+02,-1.17167476e+02
278.325000,-1.48578703e+02,-1.17163057e+02
278.330000,-1.48577070e+02,-1.17161435e+02
278.335000,-1.48566339e+02,-1.17150691e+02
278.340000,-1.48555711e+02,-1.17140058e+02
278.345000,-1.48542134e+02,-1.17126477e+02
278.350000,-1.48539908e+02,-1.17124271e+02
278.355000,-1.48535146e+02,-1.17119506e+02
278.360000,-1.48533869e+02,-1.17118181e+02
278.365000,-1.48537154e+02,-1.17121493e+02
278.370000,-1.48546616e+02,-1.17130925e+02
278.375000,-1.48550711e+02,-1.17135015e+02
278.380000,-1.48563758e+02,-1.17148039e+02
278.385000,-1.48566030e+02,-1.17150282e+02
278.390000,-1.48567336e+02,-1.17151573e+02
278.395000,-1.48567345e+02,-1.17151604e+02
278.400000,-1.48557420e+02,-1.17141679e+02
278.405000,-1.48551662e+02,-1.17135942e+02
278.410000,-1.48548728e+02,-1.17132995e+02
278.415000,-1.48542929e+02,-1.17127182e+02
278.420000,-1.48547941e+02,-1.17132233e+02
278.425000,-1.48551803e+02,-1.17136106e+02
278.430000,-1.48561680e+02,-1.17145955e+02
278.435000,-1.48568988e+02,-1.17153245e+02
278.440000,-1.48564589e+02,-1.17148842e+02
278.445000,-1.48570568e+02,-1.17154838e+02
278.450000,-1.48568616e+02,-1.17152868e+02
278.455000,-1.48565880e+02,-1.17150156e+02
278.460000,-1.48572987e+02,-1.17157246e+02
278.465000,-1.48570995e+02,-1.17155291e+02
278.470000,-1.48569959e+02,-1.17154303e+02
278.475000,-1.48568948e+02,-1.17153275e+02
278.480000,-1.48564033e+02,-1.17148379e+02
278.485000,-1.48560590e+02,-1.17144955e+02
278.490000,-1.48555912e+02,-1.17140290e+02
278.495000,-1.48561888e+02,-1.17146274e+02
278.500000,-1.48561821e+02,-1.17146192e+02
278.505000,-1.48560275e+02,-1.17144630e+02
278.510000,-1.48560163e+02,-1.17144538e+02
278.515000,-1.48561152e+02,-1.17145575e+02
278.520000,-1.48571576e+02,-1.17155963e+02
278.525000,-1.48576064e+02,-1.17160483e+02
278.530000,-1.48572048e+02,-1.17156455e+02
278.535000,-1.48567527e+02,-1.17151926e+02
278.540000,-1.48557606e+02,-1.17142009e+02
278.545000,-1.48562682e+02,-1.17147057e+02
278.550000,-1.48565719e+02,-1.17150085e+02
278.555000,-1.48568336e+02,-1.17152704e+02
278.560000,-1.48569237e+02,-1.17153608e+02
278.565000,-1.48566726e+02,-1.17151069e+02
278.570000,-1.48573449e+02,-1.17157775e+02
278.575000,-1.48576047e+02,-1.17160377e+02
278.580000,-1.48568721e+02,-1.17153041e+02
278.585000,-1.48554012e+02,-1.17138343e+02
278.590000,-1.48539329e+02,-1.17123650e+02
278.595000,-1.48536737e+02,-1.17121091e+02
278.600000,-1.48537124e+02,-1.17121490e+02
278.605000,-1.48538030e+02,-1.17122386e+02
278.610000,-1.48537537e+02,-1.17121876e+02
278.615000,-1.48536710e+02,-1.17121048e+02
278.620000,-1.48538948e+02,-1.17123266e+02
278.625000,-1.48539223e+02,-1.17123544e+02
278.630000,-1.48542888e+02,-1.17127205e+02
278.635000,-1.48546487e+02,-1.17130780e+02
278.640000,-1.48545598e+02,-1.17129884e+02
278.645000,-1.48555754e+02,-1.17140004e+02
278.650000,-1.48549120e+02,-1.17133386e+02
278.655000,-1.48548173e+02,-1.17132429e+02
278.660000,-1.48549043e+02,-1.17133290e+02
278.665000,-1.48546352e+02,-1.17130589e+02
278.670000,-1.48548853e+02,-1.17133087e+02
278.675000,-1.48553489e+02,-1.17137737e+02
278.680000,-1.48548277e+02,-1.17132518e+02
278.685000,-1.48547641e+02,-1.17131898e+02
278.690000,-1.48542161e+02,-1.17126409e+02
278.695000,-1.48544570e+02,-1.17128818e+02
278.700000,-1.48549197e+02,-1.17133466e+02
278.705000,-1.48550404e+02,-1.17134714e+02
278.710000,-1.48549750e+02,-1.17134069e+02
278.715000,-1.48539287e+02,-1.17123615e+02
278.720000,-1.48541924e+02,-1.17126234e+02
278.725000,-1.48543022e+02,-1.17127310e+02
278.730000,-1.48544773e+02,-1.17129071e+02
278.735000,-1.48542698e+02,-1.17127000e+02
278.740000,-1.48536259e+02,-1.17120564e+02
278.745000,-1.48531637e+02,-1.17115943e+02
278.750000,-1.48525368e+02,-1.17109679e+02
278.755000,-1.48523505e+02,-1.17107829e+02
278.760000,-1.48526197e+02,-1.17110560e+02
278.765000,-1.48522420e+02,-1.17106801e+02
278.770000,-1.48527034e+02,-1.17111438e+02
278.775000,-1.48532683e+02,-1.17117068e+02
278.780000,-1.48534335e+02,-1.17118728e+02
278.785000,-1.48530377e+02,-1.17114774e+02
278.790000,-1.48527661e+02,-1.17112033e+02
278.795000,-1.48536473e+02,-1.17120864e+02
278.800000,-1.48537103e+02,-1.17121526e+02
278.805000,-1.48542914e+02,-1.17127328e+02
278.810000,-1.48543451e+02,-1.17127865e+02
278.815000,-1.48546429e+02,-1.17130827e+02
278.820000,-1.48549265e+02,-1.17133653e+02
278.825000,-1.48550820e+02,-1.17135177e+02
278.830000,-1.48548595e+02,-1.17132969e+02
278.835000,-1.48547291e+02,-1.17131662e+02
278.840000,-1.48548646e+02,-1.17133023e+02
278.845000,-1.48554795e+02,-1.17139174e+02
278.850000,-1.48562697e+02,-1.17147078e+02
278.855000,-1.48559791e+02,-1.17144198e+02
278.860000,-1.48555026e+02,-1.17139418e+02
278.865000,-1.48539262e+02,-1.17123640e+02
278.870000,-1.48535689e+02,-1.17120101e+02
278.875000,-1.48532096e+02,-1.17116481e+02
278.880000,-1.48543733e+02,-1.17128077e+02
278.885000,-1.48549272e+02,-1.17133632e+02
278.890000,-1.48550711e+02,-1.17135027e+02
278.895000,-1.48564886e+02,-1.17149164e+02
278.900000,-1.48571969e+02,-1.17156253e+02
278.905000,-1.48579954e+02,-1.17164250e+02
278.910000,-1.48582514e+02,-1.17166825e+02
278.915000,-1.48570828e+02,-1.17155149e+02
278.920000,-1.48566009e+02,-1.17150337e+02
278.925000,-1.48564723e+02,-1.17149045e+02
278.930000,-1.48561231e+02,-1.17145606e+02
278.935000,-1.48559087e+02,-1.17143429e+02
278.940000,-1.48555286e+02,-1.17139617e+02
278.945000,-1.48555167e+02,-1.17139481e+02
278.950000,-1.48554208e+02,-1.17138514e+02
278.955000,-1.48557266e+02,-1.17141559e+02
278.960000,-1.48560741e+02,-1.17145053e+02
278.965000,-1.48558383e+02,-1.17142685e+02
278.970000,-1.48559676e+02,-1.17143970e+02
278.975000,-1.48560017e+02,-1.17144301e+02
278.980000,-1.48560315e+02,-1.17144610e+02
278.985000,-1.48553920e+02,-1.17138207e+02
278.990000,-1.48550178e+02,-1.17134485e+02
278.995000,-1.48551131e+02,-1.17135435e+02
279.000000,-1.48554253e+02,-1.17138549e+02
279.005000,-1.48557177e+02,-1.17141470e+02
279.010000,-1.48559326e+02,-1.17143614e+02
279.015000,-1.48565529e+02,-1.17149837e+02
279.020000,-1.48578907e+02,-1.17163227e+02
279.025000,-1.48586205e+02,-1.17170546e+02
279.030000,-1.48592804e+02,-1.17177164e+02
279.035000,-1.48594593e+02,-1.17178936e+02
279.040000,-1.48590054e+02,-1.17174415e+02
279.045000,-1.48594272e+02,-1.17178612e+02
279.050000,-1.48599894e+02,-1.17184212e+02
279.055000,-1.48598048e+02,-1.17182365e+02
279.060000,-1.48612415e+02,-1.17196729e+02
279.065000,-1.48610476e+02,-1.17194823e+02
279.070000,-1.48613346e+02,-1.17197689e+02
279.075000,-1.48621498e+02,-1.17205847e+02
279.080000,-1.48626589e+02,-1.17210942e+02
279.085000,-1.48634216e+02,-1.17218531e+02
279.090000,-1.48636427e+02,-1.17220752e+02
279.095000,-1.48646266e+02,-1.17230588e+02
279.100000,-1.48644532e+02,-1.17228834e+02
279.105000,-1.48652250e+02,-1.17236575e+02
279.110000,-1.48658668e+02,-1.17242972e+02
279.115000,-1.48661044e+02,-1.17245354e+02
279.120000,-1.48671293e+02,-1.17255643e+02
279.125000,-1.48671914e+02,-1.17256252e+02
279.130000,-1.48675797e+02,-1.17260136e+02
279.135000,-1.48676436e+02,-1.17260779e+02
279.140000,-1.48677956e+02,-1.17262282e+02
279.145000,-1.48692996e+02,-1.17277296e+02
279.150000,-1.48699059e+02,-1.17283406e+02
279.155000,-1.48704079e+02,-1.17288449e+02
279.160000,-1.48707368e+02,-1.17291711e+02
279.165000,-1.48713284e+02,-1.17297622e+02
279.170000,-1.48719073e+02,-1.17303424e+02
279.175000,-1.48709564e+02,-1.17293940e+02
279.180000,-1.48695111e+02,-1.17279483e+02
279.185000,-1.48689767e+02,-1.17274113e+02
279.190000,-1.48683760e+02,-1.17268107e+02
279.195000,-1.48683348e+02,-1.17267669e+02
279.200000,-1.48682790e+02,-1.17267070e+02
279.205000,-1.48686595e+02,-1.17270902e+02
279.210000,-1.48691573e+02,-1.17275894e+02
279.215000,-1.48692112e+02,-1.17276423e+02
279.220000,-1.48689778e+02,-1.17274073e+02
279.225000,-1.48689862e+02,-1.17274135e+02
279.230000,-1.48696720e+02,-1.17281010e+02
279.235000,-1.48701284e+02,-1.17285564e+02
279.240000,-1.48707578e+02,-1.17291862e+02
279.245000,-1.48719091e+02,-1.17303368e+02
279.250000,-1.48725601e+02,-1.17309872e+02
279.255000,-1.48729295e+02,-1.17313611e+02
279.260000,-1.48736929e+02,-1.17321238e+02
279.265000,-1.48740005e+02,-1.17324324e+02
279.270000,-1.48755178e+02,-1.17339487e+02
279.275000,-1.48762765e+02,-1.17347046e+02
279.280000,-1.48764264e+02,-1.17348546e+02
279.285000,-1.48766142e+02,-1.17350399e+02
279.290000,-1.48765498e+02,-1.17349752e+02
279.295000,-1.48775174e+02,-1.17359372e+02
279.300000,-1.48777406e+02,-1.17361628e+02
279.305000,-1.48770925e+02,-1.17355192e+02
279.310000,-1.48767119e+02,-1.17351396e+02
279.315000,-1.48764782e+02,-1.17349044e+02
279.320000,-1.48769880e+02,-1.17354177e+02
279.325000,-1.48776655e+02,-1.17360935e+02
279.330000,-1.48780367e+02,-1.17364698e+02
279.335000,-1.48786622e+02,-1.17370918e+02
279.340000,-1.48784250e+02,-1.17368570e+02
279.345000,-1.48781521e+02,-1.17365859e+02
279.350000,-1.48783221e+02,-1.17367550e+02
279.355000,-1.48784692e+02,-1.17369030e+02
279.360000,-1.48775673e+02,-1.17359986e+02
279.365000,-1.48777496e+02,-1.17361821e+02
279.370000,-1.48771671e+02,-1.17356008e+02
279.375000,-1.48773886e+02,-1.17358261e+02
279.380000,-1.48777912e+02,-1.17362267e+02
279.385000,-1.48779160e+02,-1.17363526e+02
279.390000,-1.48780952e+02,-1.17365286e+02
279.395000,-1.48780475e+02,-1.17364825e+02
279.400000,-1.48774873e+02,-1.17359254e+02
279.405000,-1.48773136e+02,-1.17357517e+02
279.410000,-1.48773042e+02,-1.17357408e+02
279.415000,-1.48769835e+02,-1.17354211e+02
279.420000,-1.48769409e+02,-1.17353805e+02
279.425000,-1.48775615e+02,-1.17360023e+02
279.430000,-1.48781339e+02,-1.17365739e+02
279.435000,-1.48786256e+02,-1.17370663e+02
279.440000,-1.48787122e+02,-1.17371522e+02
279.445000,-1.48776644e+02,-1.17361021e+02
279.450000,-1.48773405e+02,-1.17357814e+02
279.455000,-1.48770511e+02,-1.17354918e+02
279.460000,-1.48767422e+02,-1.17351780e+02
279.465000,-1.48768350e+02,-1.17352691e+02
279.470000,-1.48764441e+02,-1.17348773e+02
279.475000,-1.48765628e+02,-1.17349955e+02
279.480000,-1.48772467e+02,-1.17356754e+02
279.485000,-1.48777295e+02,-1.17361592e+02
279.490000,-1.48783364e+02,-1.17367658e+02
279.495000,-1.48789695e+02,-1.17374026e+02
279.500000,-1.48794488e+02,-1.17378819e+02
279.505000,-1.48782058e+02,-1.17366370e+02
279.510000,-1.48790506e+02,-1.17374808e+02
279.515000,-1.48798723e+02,-1.17383005e+02
279.520000,-1.48801289e+02,-1.17385585e+02
279.525000,-1.48794768e+02,-1.17379061e+02
279.530000,-1.48791656e+02,-1.17375951e+02
279.535000,-1.48785959e+02,-1.17370242e+02
279.540000,-1.48783572e+02,-1.17367878e+02
279.545000,-1.48783707e+02,-1.17368016e+02
279.550000,-1.48786768e+02,-1.17371068e+02
279.555000,-1.48796314e+02,-1.17380613e+02
279.560000,-1.48802739e+02,-1.17387040e+02
279.565000,-1.48796960e+02,-1.17381278e+02
279.570000,-1.48793200e+02,-1.17377510e+02
279.575000,-1.48792025e+02,-1.17376344e+02
279.580000,-1.48792848e+02,-1.17377194e+02
279.585000,-1.48796932e+02,-1.17381256e+02
279.590000,-1.48802970e+02,-1.17387304e+02
279.595000,-1.48804179e+02,-1.17388516e+02
279.600000,-1.48810426e+02,-1.17394779e+02
279.605000,-1.48811376e+02,-1.17395735e+02
279.610000,-1.48807057e+02,-1.17391399e+02
279.615000,-1.48804940e+02,-1.17389270e+02
279.620000,-1.48804916e+02,-1.17389238e+02
279.625000,-1.48804725e+02,-1.17389058e+02
279.630000,-1.48811246e+02,-1.17395582e+02
279.635000,-1.48809431e+02,-1.17393797e+02
279.640000,-1.48807993e+02,-1.17392356e+02
279.645000,-1.48803975e+02,-1.17388352e+02
279.650000,-1.48802612e+02,-1.17386988e+02
279.655000,-1.48790725e+02,-1.17375082e+02
279.660000,-1.48787776e+02,-1.17372091e+02
279.665000,-1.48783526e+02,-1.17367858e+02
279.670000,-1.48780258e+02,-1.17364615e+02
279.675000,-1.48777933e+02,-1.17362270e+02
279.680000,-1.48780604e+02,-1.17364915e+02
279.685000,-1.48780064e+02,-1.17364368e+02
279.690000,-1.48780678e+02,-1.17364986e+02
279.695000,-1.48780658e+02,-1.17364933e+02
279.700000,-1.48777428e+02,-1.17361723e+02
279.705000,-1.48777289e+02,-1.17361593e+02
279.710000,-1.48782704e+02,-1.17367016e+02
279.715000,-1.48783206e+02,-1.17367466e+02
279.720000,-1.48785336e+02,-1.17369603e+02
279.725000,-1.48788876e+02,-1.17373186e+02
279.730000,-1.48789617e+02,-1.17373920e+02
279.735000,-1.48790290e+02,-1.17374618e+02
279.740000,-1.48793604e+02,-1.17377945e+02
279.745000,-1.48797482e+02,-1.17381802e+02
279.750000,-1.48804500e+02,-1.17388825e+02
279.755000,-1.48808155e+02,-1.17392460e+02
279.760000,-1.48809300e+02,-1.17393608e+02
279.765000,-1.48809019e+02,-1.17393338e+02
279.770000,-1.48811082e+02,-1.17395349e+02
279.775000,-1.48806768e+02,-1.17391049e+02
279.780000,-1.48798184e+02,-1.17382442e+02
279.785000,-1.48799581e+02,-1.17383835e+02
279.790000,-1.48792984e+02,-1.17377238e+02
279.795000,-1.48783607e+02,-1.17367893e+02
279.800000,-1.48781672e+02,-1.17365949e+02
279.805000,-1.48782702e+02,-1.17366994e+02
279.810000,-1.48785026e+02,-1.17369330e+02
279.815000,-1.48777815e+02,-1.17362149e+02
279.820000,-1.48773065e+02,-1.17357394e+02
279.825000,-1.48771261e+02,-1.17355578e+02
279.830000,-1.48774460e+02,-1.17358775e+02
279.835000,-1.48773163e+02,-1.17357480e+02
279.840000,-1.48774681e+02,-1.17358978e+02
279.845000,-1.48776481e+02,-1.17360774e+02
279.850000,-1.48774893e+02,-1.17359203e+02
279.855000,-1.48776097e+02,-1.17360420e+02
279.860000,-1.48780514e+02,-1.17364800e+02
279.865000,-1.48781521e+02,-1.17365822e+02
279.870000,-1.48780513e+02,-1.17364799e+02
279.875000,-1.48783841e+02,-1.17368100e+02
279.880000,-1.48778872e+02,-1.17363142e+02
279.885000,-1.48776469e+02,-1.17360722e+02
279.890000,-1.48782951e+02,-1.17367196e+02
279.895000,-1.48785170e+02,-1.17369486e+02
279.900000,-1.48785438e+02,-1.17369722e+02
279.905000,-1.48787977e+02,-1.17372275e+02
279.910000,-1.48784579e+02,-1.17368886e+02
279.915000,-1.48781423e+02,-1.17365711e+02
279.920000,-1.48783287e+02,-1.17367575e+02
279.925000,-1.48782556e+02,-1.17366844e+02
279.930000,-1.48769573e+02,-1.17353880e+02
279.935000,-1.48765852e+02,-1.17350146e+02
279.940000,-1.48763256e+02,-1.17347562e+02
279.945000,-1.48754219e+02,-1.17338517e+02
279.950000,-1.48746676e+02,-1.17331025e+02
279.955000,-1.48745626e+02,-1.17329966e+02
279.960000,-1.48745940e+02,-1.17330264e+02
279.965000,-1.48745575e+02,-1.17329916e+02
279.970000,-1.48742599e+02,-1.17326950e+02
279.975000,-1.48745402e+02,-1.17329696e+02
279.980000,-1.48746696e+02,-1.17330986e+02
279.985000,-1.48753402e+02,-1.17337720e+02
279.990000,-1.48758872e+02,-1.17343176e+02
279.995000,-1.48762209e+02,-1.17346529e+02
280.000000,-1.48770761e+02,-1.17355099e+02
280.005000,-1.48779841e+02,-1.17364182e+02
280.010000,-1.48780801e+02,-1.17365169e+02
280.015000,-1.48787116e+02,-1.17371466e+02
280.020000,-1.48785314e+02,-1.17369676e+02
280.025000,-1.48786722e+02,-1.17371073e+02
280.030000,-1.48788858e+02,-1.17373197e+02
280.035000,-1.48785726e+02,-1.17370105e+02
280.040000,-1.48785382e+02,-1.17369745e+02
280.045000,-1.48784446e+02,-1.17368838e+02
280.050000,-1.48784824e+02,-1.17369240e+02
280.055000,-1.48786810e+02,-1.17371213e+02
280.060000,-1.48770724e+02,-1.17355119e+02
280.065000,-1.48759326e+02,-1.17343708e+02
280.070000,-1.48755214e+02,-1.17339591e+02
280.075000,-1.48749659e+02,-1.17334050e+02
280.080000,-1.48751733e+02,-1.17336084e+02
280.085000,-1.48749072e+02,-1.17333417e+02
280.090000,-1.48747873e+02,-1.17332208e+02
280.095000,-1.48749052e+02,-1.17333366e+02
280.100000,-1.48751321e+02,-1.17335649e+02
280.105000,-1.48750521e+02,-1.17334840e+02
280.110000,-1.48751701e+02,-1.17336025e+02
280.115000,-1.48751434e+02,-1.17335743e+02
280.120000,-1.48755300e+02,-1.17339566e+02
280.125000,-1.48766084e+02,-1.17350352e+02
280.130000,-1.48767685e+02,-1.17351980e+02
280.135000,-1.48772131e+02,-1.17356431e+02
280.140000,-1.48770849e+02,-1.17355139e+02
280.145000,-1.48776043e+02,-1.17360323e+02
280.150000,-1.48780729e+02,-1.17365006e+02
280.155000,-1.48784866e+02,-1.17369125e+02
280.160000,-1.48789672e+02,-1.17373937e+02
280.165000,-1.48789817e+02,-1.17374080e+02
280.170000,-1.48783595e+02,-1.17367862e+02
280.175000,-1.48781095e+02,-1.17365362e+02
280.180000,-1.48776254e+02,-1.17360521e+02
280.185000,-1.48775347e+02,-1.17359635e+02
280.190000,-1.48769854e+02,-1.17354138e+02
280.195000,-1.48760315e+02,-1.17344566e+02
280.200000,-1.48749958e+02,-1.17334262e+02
280.205000,-1.48742189e+02,-1.17326486e+02
280.210000,-1.48735064e+02,-1.17319382e+02
280.215000,-1.48731758e+02,-1.17316076e+02
280.220000,-1.48733125e+02,-1.17317495e+02
280.225000,-1.48735379e+02,-1.17319755e+02
280.230000,-1.48738950e+02,-1.17323315e+02
280.235000,-1.48741469e+02,-1.17325829e+02
280.240000,-1.48752188e+02,-1.17336554e+02
280.245000,-1.48755733e+02,-1.17340113e+02
280.250000,-1.48764802e+02,-1.17349147e+02
280.255000,-1.48767359e+02,-1.17351707e+02
280.260000,-1.48768666e+02,-1.17353021e+02
280.265000,-1.48771778e+02,-1.17356147e+02
280.270000,-1.48776193e+02,-1.17360554e+02
280.275000,-1.48782470e+02,-1.17366805e+02
280.280000,-1.48787329e+02,-1.17371692e+02
280.285000,-1.48788074e+02,-1.17372418e+02
280.290000,-1.48791071e+02,-1.17375436e+02
280.295000,-1.48791092e+02,-1.17375478e+02
280.300000,-1.48782407e+02,-1.17366784e+02
280.305000,-1.48770704e+02,-1.17355091e+02
280.310000,-1.48763815e+02,-1.17348183e+02
280.315000,-1.48758061e+02,-1.17342433e+02
280.320000,-1.48748515e+02,-1.17332881e+02
280.325000,-1.48744485e+02,-1.17328826e+02
280.330000,-1.48734579e+02,-1.17318892e+02
280.335000,-1.48731574e+02,-1.17315908e+02
280.340000,-1.48727943e+02,-1.17312252e+02
280.345000,-1.48729820e+02,-1.17314092e+02
280.350000,-1.48731642e+02,-1.17315913e+02
280.355000,-1.48729570e+02,-1.17313849e+02
280.360000,-1.48736063e+02,-1.17320316e+02
280.365000,-1.48738353e+02,-1.17322612e+02
280.370000,-1.48740873e+02,-1.17325130e+02
280.375000,-1.48742947e+02,-1.17327213e+02
280.380000,-1.48739910e+02,-1.17324172e+02
280.385000,-1.48738727e+02,-1.17322987e+02
280.390000,-1.48736435e+02,-1.17320679e+02
280.395000,-1.48734032e+02,-1.17318273e+02
280.400000,-1.48732111e+02,-1.17316379e+02
280.405000,-1.48731199e+02,-1.17315465e+02
280.410000,-1.48735131e+02,-1.17319408e+02
280.415000,-1.48734500e+02,-1.17318796e+02
280.420000,-1.48738904e+02,-1.17323198e+02
280.425000,-1.48736651e+02,-1.17320928e+02
280.430000,-1.48726274e+02,-1.17310531e+02
280.435000,-1.48717948e+02,-1.17302232e+02
280.440000,-1.48715762e+02,-1.17300057e+02
280.445000,-1.48713261e+02,-1.17297552e+02
280.450000,-1.48717433e+02,-1.17301759e+02
280.455000,-1.48727142e+02,-1.17311456e+02
280.460000,-1.48731630e+02,-1.17315956e+02
280.465000,-1.48728967e+02,-1.17313309e+02
280.470000,-1.48735347e+02,-1.17319699e+02
280.475000,-1.48742488e+02,-1.17326834e+02
280.480000,-1.48750090e+02,-1.17334443e+02
280.485000,-1.48762160e+02,-1.17346525e+02
280.490000,-1.48767437e+02,-1.17351800e+02
280.495000,-1.48771249e+02,-1.17355586e+02
280.500000,-1.48776488e+02,-1.17360823e+02
280.505000,-1.48776773e+02,-1.17361132e+02
280.510000,-1.48783129e+02,-1.17367476e+02
280.515000,-1.48783052e+02,-1.17367432e+02
280.520000,-1.48782278e+02,-1.17366621e+02
280.525000,-1.48784978e+02,-1.17369325e+02
280.530000,-1.48788207e+02,-1.17372537e+02
280.535000,-1.48791237e+02,-1.17375579e+02
280.540000,-1.48792052e+02,-1.17376358e+02
280.545000,-1.48794308e+02,-1.17378569e+02
280.550000,-1.48786192e+02,-1.17370455e+02
280.555000,-1.48780388e+02,-1.17364653e+02
280.560000,-1.48777874e+02,-1.17362152e+02
280.565000,-1.48773043e+02,-1.17357325e+02
280.570000,-1.48766893e+02,-1.17351167e+02
280.575000,-1.48759076e+02,-1.17343343e+02
280.580000,-1.48754150e+02,-1.17338410e+02
280.585000,-1.48754001e+02,-1.17338283e+02
280.590000,-1.48753411e+02,-1.17337701e+02
280.595000,-1.48747191e+02,-1.17331511e+02
280.600000,-1.48747062e+02,-1.17331365e+02
280.605000,-1.48760691e+02,-1.17344943e+02
280.610000,-1.48768338e+02,-1.17352585e+02
280.615000,-1.48774132e+02,-1.17358383e+02
280.620000,-1.48776413e+02,-1.17360667e+02
280.625000,-1.48774195e+02,-1.17358459e+02
280.630000,-1.48770077e+02,-1.17354302e+02
280.635000,-1.48766114e+02,-1.17350338e+02
280.640000,-1.48770043e+02,-1.17354317e+02
280.645000,-1.48770864e+02,-1.17355144e+02
280.650000,-1.48776119e+02,-1.17360415e+02
280.655000,-1.48782724e+02,-1.17367016e+02
280.660000,-1.48787291e+02,-1.17371564e+02
280.665000,-1.48800221e+02,-1.17384541e+02
280.670000,-1.48804742e+02,-1.17389078e+02
280.675000,-1.48805445e+02,-1.17389777e+02
280.680000,-1.48810599e+02,-1.17394925e+02
280.685000,-1.48812343e+02,-1.17396657e+02
280.690000,-1.48814597e+02,-1.17398940e+02
280.695000,-1.48814065e+02,-1.17398419e+02
280.700000,-1.48800795e+02,-1.17385150e+02
280.705000,-1.48793371e+02,-1.17377749e+02
280.710000,-1.48791868e+02,-1.17376228e+02
280.715000,-1.48791831e+02,-1.17376183e+02
280.720000,-1.48791551e+02,-1.17375909e+02
280.725000,-1.48807424e+02,-1.17391761e+02
280.730000,-1.48821221e+02,-1.17405591e+02
280.735000,-1.48829984e+02,-1.17414371e+02
280.740000,-1.48838767e+02,-1.17423141e+02
280.745000,-1.48841891e+02,-1.17426258e+02
280.750000,-1.48846073e+02,-1.17430423e+02
280.755000,-1.48837833e+02,-1.17422212e+02
280.760000,-1.48837215e+02,-1.17421574e+02
280.765000,-1.48839016e+02,-1.17423397e+02
280.770000,-1.48846000e+02,-1.17430368e+02
280.775000,-1.48849057e+02,-1.17433448e+02
280.780000,-1.48849678e+02,-1.17434050e+02
280.785000,-1.48851809e+02,-1.17436163e+02
280.790000,-1.48851988e+02,-1.17436338e+02
280.795000,-1.48860345e+02,-1.17444675e+02
280.800000,-1.48865727e+02,-1.17450038e+02
280.805000,-1.48874500e+02,-1.17458765e+02
280.810000,-1.48878934e+02,-1.17463209e+02
280.815000,-1.48874461e+02,-1.17458734e+02
280.820000,-1.48859478e+02,-1.17443760e+02
280.825000,-1.48849869e+02,-1.17434164e+02
280.830000,-1.48844388e+02,-1.17428685e+02
280.835000,-1.48842679e+02,-1.17426966e+02
280.840000,-1.48846110e+02,-1.17430406e+02
280.845000,-1.48849455e+02,-1.17433713e+02
280.850000,-1.48853536e+02,-1.17437780e+02
280.855000,-1.48862156e+02,-1.17446431e+02
280.860000,-1.48863879e+02,-1.17448170e+02
280.865000,-1.48867162e+02,-1.17451432e+02
280.870000,-1.48869633e+02,-1.17453901e+02
280.875000,-1.48872085e+02,-1.17456400e+02
280.880000,-1.48874931e+02,-1.17459223e+02
280.885000,-1.48877407e+02,-1.17461738e+02
280.890000,-1.48878885e+02,-1.17463196e+02
280.895000,-1.48877155e+02,-1.17461460e+02
280.900000,-1.48877885e+02,-1.17462185e+02
280.905000,-1.48883204e+02,-1.17467501e+02
280.910000,-1.48890300e+02,-1.17474603e+02
280.915000,-1.48887796e+02,-1.17472097e+02
280.920000,-1.48889198e+02,-1.17473483e+02
280.925000,-1.48894277e+02,-1.17478564e+02
280.930000,-1.48898495e+02,-1.17482784e+02
280.935000,-1.48897231e+02,-1.17481557e+02
280.940000,-1.48900145e+02,-1.17484481e+02
280.945000,-1.48897911e+02,-1.17482222e+02
280.950000,-1.48895985e+02,-1.17480301e+02
280.955000,-1.48895956e+02,-1.17480281e+02
280.960000,-1.48897831e+02,-1.17482161e+02
280.965000,-1.48903542e+02,-1.17487861e+02
280.970000,-1.48911847e+02,-1.17496205e+02
280.975000,-1.48931194e+02,-1.17515538e+02
280.980000,-1.48940532e+02,-1.17524859e+02
280.985000,-1.48943130e+02,-1.17527447e+02
280.990000,-1.48940839e+02,-1.17525186e+02
280.995000,-1.48938933e+02,-1.17523283e+02
281.000000,-1.48936714e+02,-1.17521038e+02
281.005000,-1.48927320e+02,-1.17511601e+02
281.010000,-1.48924568e+02,-1.17508845e+02
281.015000,-1.48924378e+02,-1.17508665e+02
281.020000,-1.48926399e+02,-1.17510690e+02
281.025000,-1.48927359e+02,-1.17511660e+02
281.030000,-1.48922735e+02,-1.17507024e+02
281.035000,-1.48921056e+02,-1.17505375e+02
281.040000,-1.48920228e+02,-1.17504535e+02
281.045000,-1.48922059e+02,-1.17506386e+02
281.050000,-1.48928273e+02,-1.17512564e+02
281.055000,-1.48922756e+02,-1.17507054e+02
281.060000,-1.48929034e+02,-1.17513253e+02
281.065000,-1.48926252e+02,-1.17510473e+02
281.070000,-1.48916974e+02,-1.17501186e+02
281.075000,-1.48913376e+02,-1.17497611e+02
281.080000,-1.48911983e+02,-1.17496212e+02
281.085000,-1.48916689e+02,-1.17500871e+02
281.090000,-1.48917766e+02,-1.17501960e+02
281.095000,-1.48925348e+02,-1.17509551e+02
281.100000,-1.48928318e+02,-1.17512504e+02
281.105000,-1.48931717e+02,-1.17515904e+02
281.110000,-1.48933511e+02,-1.17517703e+02
281.115000,-1.48933711e+02,-1.17517940e+02
281.120000,-1.48926921e+02,-1.17511166e+02
281.125000,-1.48922465e+02,-1.17506717e+02
281.130000,-1.48927016e+02,-1.17511256e+02
281.135000,-1.48923425e+02,-1.17507660e+02
281.140000,-1.48912772e+02,-1.17497016e+02
281.145000,-1.48911022e+02,-1.17495270e+02
281.150000,-1.48904894e+02,-1.17489149e+02
281.155000,-1.48910784e+02,-1.17495044e+02
281.160000,-1.48914980e+02,-1.17499237e+02
281.165000,-1.48917108e+02,-1.17501382e+02
281.170000,-1.48917134e+02,-1.17501454e+02
281.175000,-1.48915975e+02,-1.17500275e+02
281.180000,-1.48925476e+02,-1.17509844e+02
281.185000,-1.48969288e+02,-1.17553681e+02
281.190000,-1.49009866e+02,-1.17594267e+02
281.195000,-1.49032725e+02,-1.17617099e+02
281.200000,-1.49039295e+02,-1.17623711e+02
281.205000,-1.49042799e+02,-1.17627205e+02
281.210000,-1.49046726e+02,-1.17631117e+02
281.215000,-1.49044393e+02,-1.17628768e+02
281.220000,-1.49052727e+02,-1.17637116e+02
281.225000,-1.49063819e+02,-1.17648197e+02
281.230000,-1.49074092e+02,-1.17658484e+02
281.235000,-1.49081081e+02,-1.17665464e+02
281.240000,-1.49091083e+02,-1.17675404e+02
281.245000,-1.49085525e+02,-1.17669823e+02
281.250000,-1.49078817e+02,-1.17663132e+02
281.255000,-1.49087414e+02,-1.17671733e+02
281.260000,-1.49089388e+02,-1.17673696e+02
281.265000,-1.49082208e+02,-1.17666531e+02
281.270000,-1.49081314e+02,-1.17665603e+02
281.275000,-1.49075694e+02,-1.17659998e+02
281.280000,-1.49065427e+02,-1.17649696e+02
281.285000,-1.49057665e+02,-1.17641945e+02
281.290000,-1.49056048e+02,-1.17640336e+02
281.295000,-1.49055065e+02,-1.17639337e+02
281.300000,-1.49059566e+02,-1.17643848e+02
281.305000,-1.49069819e+02,-1.17654065e+02
281.310000,-1.49081061e+02,-1.17665259e+02
281.315000,-1.49098947e+02,-1.17683134e+02
281.320000,-1.49093990e+02,-1.17678182e+02
281.325000,-1.49112818e+02,-1.17696996e+02
281.330000,-1.49116940e+02,-1.17701130e+02
281.335000,-1.49121927e+02,-1.17706116e+02
281.340000,-1.49121053e+02,-1.17705284e+02
281.345000,-1.49129025e+02,-1.17713211e+02
281.350000,-1.49129210e+02,-1.17713389e+02
281.355000,-1.49127489e+02,-1.17711668e+02
281.360000,-1.49132382e+02,-1.17716601e+02
281.365000,-1.49131088e+02,-1.17715276e+02
281.370000,-1.49130764e+02,-1.17714949e+02
281.375000,-1.49135596e+02,-1.17719789e+02
281.380000,-1.49134102e+02,-1.17718345e+02
281.385000,-1.49133588e+02,-1.17717839e+02
281.390000,-1.49118566e+02,-1.17702834e+02
281.395000,-1.49107549e+02,-1.17691833e+02
281.400000,-1.49105946e+02,-1.17690262e+02
281.405000,-1.49117609e+02,-1.17701946e+02
281.410000,-1.49114673e+02,-1.17699014e+02
281.415000,-1.49107601e+02,-1.17691933e+02
281.420000,-1.49105329e+02,-1.17689692e+02
281.425000,-1.49105119e+02,-1.17689478e+02
281.430000,-1.49118931e+02,-1.17703303e+02
281.435000,-1.49126078e+02,-1.17710451e+02
281.440000,-1.49141480e+02,-1.17725871e+02
281.445000,-1.49160582e+02,-1.17744962e+02
281.450000,-1.49163793e+02,-1.17748145e+02
281.455000,-1.49171304e+02,-1.17755645e+02
281.460000,-1.49166788e+02,-1.17751142e+02
281.465000,-1.49168401e+02,-1.17752784e+02
281.470000,-1.49168076e+02,-1.17752434e+02
281.475000,-1.49177685e+02,-1.17762034e+02
281.480000,-1.49178339e+02,-1.17762690e+02
281.485000,-1.49184901e+02,-1.17769254e+02
281.490000,-1.49177920e+02,-1.17762296e+02
281.495000,-1.49171225e+02,-1.17755572e+02
281.500000,-1.49179259e+02,-1.17763570e+02
281.505000,-1.49172748e+02,-1.17757038e+02
281.510000,-1.49165758e+02,-1.17750064e+02
281.515000,-1.49161993e+02,-1.17746291e+02
281.520000,-1.49155863e+02,-1.17740156e+02
281.525000,-1.49144776e+02,-1.17729085e+02
281.530000,-1.49138631e+02,-1.17722868e+02
281.535000,-1.49141599e+02,-1.17725832e+02
281.540000,-1.49141487e+02,-1.17725738e+02
281.545000,-1.49149809e+02,-1.17734032e+02
281.550000,-1.49151766e+02,-1.17736001e+02
281.555000,-1.49146765e+02,-1.17730974e+02
281.560000,-1.49144795e+02,-1.17729018e+02
281.565000,-1.49138582e+02,-1.17722737e+02
281.570000,-1.49138712e+02,-1.17722853e+02
281.575000,-1.49141251e+02,-1.17725386e+02
281.580000,-1.49141971e+02,-1.17726161e+02
281.585000,-1.49151089e+02,-1.17735260e+02
281.590000,-1.49151609e+02,-1.17735824e+02
281.595000,-1.49149060e+02,-1.17733286e+02
281.600000,-1.49148671e+02,-1.17732883e+02
281.605000,-1.49153806e+02,-1.17737977e+02
281.610000,-1.49151459e+02,-1.17735638e+02
281.615000,-1.49147307e+02,-1.17731475e+02
281.620000,-1.49143754e+02,-1.17727940e+02
281.625000,-1.49144270e+02,-1.17728474e+02
281.630000,-1.49134040e+02,-1.17718239e+02
281.635000,-1.49138925e+02,-1.17723088e+02
281.640000,-1.49135276e+02,-1.17719449e+02
281.645000,-1.49128393e+02,-1.17712547e+02
281.650000,-1.49129571e+02,-1.17713760e+02
281.655000,-1.49135045e+02,-1.17719235e+02
281.660000,-1.49137870e+02,-1.17722102e+02
281.665000,-1.49149013e+02,-1.17733258e+02
281.670000,-1.49157273e+02,-1.17741543e+02
281.675000,-1.49162933e+02,-1.17747202e+02
281.680000,-1.49164594e+02,-1.17748866e+02
281.685000,-1.49164908e+02,-1.17749221e+02
281.690000,-1.49157446e+02,-1.17741770e+02
281.695000,-1.49167898e+02,-1.17752238e+02
281.700000,-1.49178301e+02,-1.17762603e+02
281.705000,-1.49183607e+02,-1.17767944e+02
281.710000,-1.49184348e+02,-1.17768668e+02
281.715000,-1.49197908e+02,-1.17782159e+02
281.720000,-1.49196198e+02,-1.17780468e+02
281.725000,-1.49208161e+02,-1.17792400e+02
281.730000,-1.49211532e+02,-1.17795780e+02
281.735000,-1.49216576e+02,-1.17800849e+02
281.740000,-1.49217862e+02,-1.17802144e+02
281.745000,-1.49207282e+02,-1.17791611e+02
281.750000,-1.49195892e+02,-1.17780182e+02
281.755000,-1.49197537e+02,-1.17781834e+02
281.760000,-1.49189163e+02,-1.17773533e+02
281.765000,-1.49186254e+02,-1.17770579e+02
281.770000,-1.49180963e+02,-1.17765323e+02
281.775000,-1.49179665e+02,-1.17764017e+02
281.780000,-1.49172713e+02,-1.17757076e+02
281.785000,-1.49182344e+02,-1.17766672e+02
281.790000,-1.49187533e+02,-1.17771808e+02
281.795000,-1.49189782e+02,-1.17774044e+02
281.800000,-1.49190305e+02,-1.17774596e+02
281.805000,-1.49189872e+02,-1.17774152e+02
281.810000,-1.49190220e+02,-1.17774490e+02
281.815000,-1.49195568e+02,-1.17779841e+02
281.820000,-1.49199786e+02,-1.17784007e+02
281.825000,-1.49202287e+02,-1.17786512e+02
281.830000,-1.49196408e+02,-1.17780648e+02
281.835000,-1.49198729e+02,-1.17782991e+02
281.840000,-1.49198996e+02,-1.17783226e+02
281.845000,-1.49203562e+02,-1.17787795e+02
281.850000,-1.49193406e+02,-1.17777671e+02
281.855000,-1.49189844e+02,-1.17774127e+02
281.860000,-1.49185361e+02,-1.17769646e+02
281.865000,-1.49178792e+02,-1.17763076e+02
281.870000,-1.49166153e+02,-1.17750424e+02
281.875000,-1.49156798e+02,-1.17741097e+02
281.880000,-1.49154940e+02,-1.17739243e+02
281.885000,-1.49154899e+02,-1.17739186e+02
281.890000,-1.49153220e+02,-1.17737516e+02
281.895000,-1.49162484e+02,-1.17746759e+02
281.900000,-1.49155375e+02,-1.17739645e+02
281.905000,-1.49157375e+02,-1.17741654e+02
281.910000,-1.49157261e+02,-1.17741510e+02
281.915000,-1.49164308e+02,-1.17748550e+02
281.920000,-1.49168289e+02,-1.17752537e+02
281.925000,-1.49169022e+02,-1.17753265e+02
281.930000,-1.49168424e+02,-1.17752656e+02
281.935000,-1.49173871e+02,-1.17758113e+02
281.940000,-1.49171417e+02,-1.17755675e+02
281.945000,-1.49171482e+02,-1.17755736e+02
281.950000,-1.49180400e+02,-1.17764662e+02
281.955000,-1.49185676e+02,-1.17769932e+02
281.960000,-1.49194732e+02,-1.17779006e+02
281.965000,-1.49199317e+02,-1.17783565e+02
281.970000,-1.49199713e+02,-1.17783933e+02
281.975000,-1.49197159e+02,-1.17781377e+02
281.980000,-1.49193410e+02,-1.17777647e+02
281.985000,-1.49174170e+02,-1.17758401e+02
281.990000,-1.49146684e+02,-1.17730918e+02
281.995000,-1.49139374e+02,-1.17723625e+02
282.000000,-1.49140217e+02,-1.17724443e+02
282.005000,-1.49139307e+02,-1.17723508e+02
282.010000,-1.49143268e+02,-1.17727490e+02
282.015000,-1.49149798e+02,-1.17734016e+02
282.020000,-1.49156755e+02,-1.17740976e+02
282.025000,-1.49162998e+02,-1.17747213e+02
282.030000,-1.49167447e+02,-1.17751658e+02
282.035000,-1.49168610e+02,-1.17752814e+02
282.040000,-1.49168945e+02,-1.17753193e+02
282.045000,-1.49176057e+02,-1.17760252e+02
282.050000,-1.49174699e+02,-1.17758925e+02
282.055000,-1.49179623e+02,-1.17763861e+02
282.060000,-1.49171995e+02,-1.17756208e+02
282.065000,-1.49169852e+02,-1.17754084e+02
282.070000,-1.49169672e+02,-1.17753909e+02
282.075000,-1.49171898e+02,-1.17756167e+02
282.080000,-1.49173230e+02,-1.17757465e+02
282.085000,-1.49182994e+02,-1.17767234e+02
282.090000,-1.49188236e+02,-1.17772476e+02
282.095000,-1.49191125e+02,-1.17775328e+02
282.100000,-1.49187626e+02,-1.17771868e+02
282.105000,-1.49174674e+02,-1.17758937e+02
282.110000,-1.49154752e+02,-1.17738966e+02
282.115000,-1.49153746e+02,-1.17737999e+02
282.120000,-1.49140570e+02,-1.17724883e+02
282.125000,-1.49130648e+02,-1.17714974e+02
282.130000,-1.49126232e+02,-1.17710576e+02
282.135000,-1.49134914e+02,-1.17719246e+02
282.140000,-1.49143812e+02,-1.17728137e+02
282.145000,-1.49150406e+02,-1.17734737e+02
282.150000,-1.49161627e+02,-1.17745943e+02
282.155000,-1.49164661e+02,-1.17748986e+02
282.160000,-1.49172894e+02,-1.17757221e+02
282.165000,-1.49181384e+02,-1.17765682e+02
282.170000,-1.49180539e+02,-1.17764809e+02
282.175000,-1.49192308e+02,-1.17776603e+02
282.180000,-1.49196535e+02,-1.17780862e+02
282.185000,-1.49193092e+02,-1.17777427e+02
282.190000,-1.49193422e+02,-1.17777779e+02
282.195000,-1.49198067e+02,-1.17782430e+02
282.200000,-1.49196247e+02,-1.17780585e+02
282.205000,-1.49207312e+02,-1.17791675e+02
282.210000,-1.49221869e+02,-1.17806206e+02
282.215000,-1.49225349e+02,-1.17809698e+02
282.220000,-1.49223470e+02,-1.17807830e+02
282.225000,-1.49232834e+02,-1.17817181e+02
282.230000,-1.49220364e+02,-1.17804684e+02
282.235000,-1.49219844e+02,-1.17804151e+02
282.240000,-1.49227152e+02,-1.17811447e+02
282.245000,-1.49221941e+02,-1.17806202e+02
282.250000,-1.49210790e+02,-1.17795035e+02
282.255000,-1.49208984e+02,-1.17793206e+02
282.260000,-1.49200895e+02,-1.17785110e+02
282.265000,-1.49202660e+02,-1.17786873e+02
282.270000,-1.49205962e+02,-1.17790158e+02
282.275000,-1.49217979e+02,-1.17802170e+02
282.280000,-1.49230582e+02,-1.17814776e+02
282.285000,-1.49239198e+02,-1.17823402e+02
282.290000,-1.49239605e+02,-1.17823829e+02
282.295000,-1.49245589e+02,-1.17829825e+02
282.300000,-1.49257712e+02,-1.17841929e+02
282.305000,-1.49247347e+02,-1.17831558e+02
282.310000,-1.49248147e+02,-1.17832321e+02
282.315000,-1.49247983e+02,-1.17832177e+02
282.320000,-1.49242236e+02,-1.17826411e+02
282.325000,-1.49245022e+02,-1.17829177e+02
282.330000,-1.49238009e+02,-1.17822183e+02
282.335000,-1.49234842e+02,-1.17818965e+02
282.340000,-1.49243346e+02,-1.17827444e+02
282.345000,-1.49250072e+02,-1.17834179e+02
282.350000,-1.49256290e+02,-1.17840413e+02
282.355000,-1.49254565e+02,-1.17838770e+02
282.360000,-1.49253539e+02,-1.17837747e+02
282.365000,-1.49250530e+02,-1.17834809e+02
282.370000,-1.49250987e+02,-1.17835249e+02
282.375000,-1.49250410e+02,-1.17834695e+02
282.380000,-1.49238336e+02,-1.17822625e+02
282.385000,-1.49229069e+02,-1.17813352e+02
282.390000,-1.49217065e+02,-1.17801339e+02
282.395000,-1.49212034e+02,-1.17796311e+02
282.400000,-1.49207144e+02,-1.17791425e+02
282.405000,-1.49211158e+02,-1.17795463e+02
282.410000,-1.49220619e+02,-1.17804924e+02
282.415000,-1.49230054e+02,-1.17814315e+02
282.420000,-1.49231349e+02,-1.17815622e+02
282.425000,-1.49230091e+02,-1.17814387e+02
282.430000,-1.49224680e+02,-1.17808958e+02
282.435000,-1.49214519e+02,-1.17798849e+02
282.440000,-1.49202575e+02,-1.17786933e+02
282.445000,-1.49219893e+02,-1.17804286e+02
282.450000,-1.49231097e+02,-1.17815486e+02
282.455000,-1.49246556e+02,-1.17830932e+02
282.460000,-1.49256902e+02,-1.17841262e+02
282.465000,-1.49267938e+02,-1.17852308e+02
282.470000,-1.49284059e+02,-1.17868456e+02
282.475000,-1.49307412e+02,-1.17891770e+02
282.480000,-1.49310494e+02,-1.17894836e+02
282.485000,-1.49309402e+02,-1.17893721e+02
282.490000,-1.49306509e+02,-1.17890793e+02
282.495000,-1.49299377e+02,-1.17883661e+02
282.500000,-1.49299046e+02,-1.17883292e+02
282.505000,-1.49299822e+02,-1.17884079e+02
282.510000,-1.49286345e+02,-1.17870598e+02
282.515000,-1.49289102e+02,-1.17873356e+02
282.520000,-1.49284868e+02,-1.17869140e+02
282.525000,-1.49293432e+02,-1.17877639e+02
282.530000,-1.49290869e+02,-1.17875036e+02
282.535000,-1.49295443e+02,-1.17879620e+02
282.540000,-1.49297145e+02,-1.17881335e+02
282.545000,-1.49293722e+02,-1.17877915e+02
282.550000,-1.49284058e+02,-1.17868234e+02
282.555000,-1.49283941e+02,-1.17868127e+02
282.560000,-1.49280965e+02,-1.17865170e+02
282.565000,-1.49290925e+02,-1.17875108e+02
282.570000,-1.49303465e+02,-1.17887619e+02
282.575000,-1.49313197e+02,-1.17897361e+02
282.580000,-1.49323583e+02,-1.17907719e+02
282.585000,-1.49336183e+02,-1.17920320e+02
282.590000,-1.49342445e+02,-1.17926568e+02
282.595000,-1.49361862e+02,-1.17946021e+02
282.600000,-1.49367552e+02,-1.17951699e+02
282.605000,-1.49368932e+02,-1.17953061e+02
282.610000,-1.49361078e+02,-1.17945278e+02
282.615000,-1.49358187e+02,-1.17942422e+02
282.620000,-1.49349807e+02,-1.17934048e+02
282.625000,-1.49348537e+02,-1.17932786e+02
282.630000,-1.49353117e+02,-1.17937326e+02
282.635000,-1.49349953e+02,-1.17934164e+02
282.640000,-1.49337198e+02,-1.17921414e+02
282.645000,-1.49325640e+02,-1.17909880e+02
282.650000,-1.49287820e+02,-1.17872093e+02
282.655000,-1.49276667e+02,-1.17860964e+02
282.660000,-1.49273059e+02,-1.17857372e+02
282.665000,-1.49270091e+02,-1.17854369e+02
282.670000,-1.49266126e+02,-1.17850384e+02
282.675000,-1.49261181e+02,-1.17845468e+02
282.680000,-1.49254645e+02,-1.17838905e+02
282.685000,-1.49254727e+02,-1.17839000e+02
282.690000,-1.49255218e+02,-1.17839496e+02
282.695000,-1.49258580e+02,-1.17842870e+02
282.700000,-1.49271652e+02,-1.17855961e+02
282.705000,-1.49279053e+02,-1.17863302e+02
282.710000,-1.49279808e+02,-1.17864067e+02
282.715000,-1.49277095e+02,-1.17861378e+02
282.720000,-1.49291180e+02,-1.17875494e+02
282.725000,-1.49301873e+02,-1.17886177e+02
282.730000,-1.49292398e+02,-1.17876677e+02
282.735000,-1.49291525e+02,-1.17875818e+02
282.740000,-1.49299933e+02,-1.17884231e+02
282.745000,-1.49301863e+02,-1.17886159e+02
282.750000,-1.49309300e+02,-1.17893583e+02
282.755000,-1.49296980e+02,-1.17881228e+02
282.760000,-1.49286573e+02,-1.17870804e+02
282.765000,-1.49291480e+02,-1.17875744e+02
282.770000,-1.49282873e+02,-1.17867136e+02
282.775000,-1.49276556e+02,-1.17860796e+02
282.780000,-1.49280546e+02,-1.17864742e+02
282.785000,-1.49271893e+02,-1.17856069e+02
282.790000,-1.49257231e+02,-1.17841412e+02
282.795000,-1.49246824e+02,-1.17831021e+02
282.800000,-1.49240504e+02,-1.17824705e+02
282.805000,-1.49246619e+02,-1.17830838e+02
282.810000,-1.49254264e+02,-1.17838468e+02
282.815000,-1.49255065e+02,-1.17839312e+02
282.820000,-1.49252480e+02,-1.17836721e+02
282.825000,-1.49263654e+02,-1.17847877e+02
282.830000,-1.49259638e+02,-1.17843877e+02
282.835000,-1.49258064e+02,-1.17842326e+02
282.840000,-1.49259717e+02,-1.17843956e+02
282.845000,-1.49243533e+02,-1.17827739e+02
282.850000,-1.49221107e+02,-1.17805339e+02
282.855000,-1.49216968e+02,-1.17801251e+02
282.860000,-1.49209612e+02,-1.17793863e+02
282.865000,-1.49207796e+02,-1.17792031e+02
282.870000,-1.49214513e+02,-1.17798742e+02
282.875000,-1.49219180e+02,-1.17803403e+02
282.880000,-1.49207403e+02,-1.17791645e+02
282.885000,-1.49199347e+02,-1.17783605e+02
282.890000,-1.49190637e+02,-1.17774905e+02
282.895000,-1.49200662e+02,-1.17784907e+02
282.900000,-1.49197722e+02,-1.17781970e+02
282.905000,-1.49196792e+02,-1.17781038e+02
282.910000,-1.49181535e+02,-1.17765785e+02
282.915000,-1.49178825e+02,-1.17763163e+02
282.920000,-1.49174606e+02,-1.17758911e+02
282.925000,-1.49184357e+02,-1.17768671e+02
282.930000,-1.49182432e+02,-1.17766719e+02
282.935000,-1.49156787e+02,-1.17741067e+02
282.940000,-1.49144698e+02,-1.17728951e+02
282.945000,-1.49131778e+02,-1.17716047e+02
282.950000,-1.49132532e+02,-1.17716766e+02
282.955000,-1.49135964e+02,-1.17720210e+02
282.960000,-1.49142979e+02,-1.17727267e+02
282.965000,-1.49152875e+02,-1.17737155e+02
282.970000,-1.49168368e+02,-1.17752613e+02
282.975000,-1.49169240e+02,-1.17753499e+02
282.980000,-1.49167828e+02,-1.17752098e+02
282.985000,-1.49162330e+02,-1.17746594e+02
282.990000,-1.49164779e+02,-1.17749034e+02
282.995000,-1.49168602e+02,-1.17752859e+02
283.000000,-1.49164150e+02,-1.17748421e+02
283.005000,-1.49180590e+02,-1.17764865e+02
283.010000,-1.49199686e+02,-1.17783922e+02
283.015000,-1.49209603e+02,-1.17793829e+02
283.020000,-1.49216085e+02,-1.17800283e+02
283.025000,-1.49204171e+02,-1.17788380e+02
283.030000,-1.49220642e+02,-1.17804848e+02
283.035000,-1.49220211e+02,-1.17804432e+02
283.040000,-1.49225261e+02,-1.17809431e+02
283.045000,-1.49231853e+02,-1.17816025e+02
283.050000,-1.49229556e+02,-1.17813783e+02
283.055000,-1.49232656e+02,-1.17816894e+02
283.060000,-1.49234791e+02,-1.17818994e+02
283.065000,-1.49228636e+02,-1.17812848e+02
283.070000,-1.49228010e+02,-1.17812232e+02
283.075000,-1.49324987e+02,-1.17909198e+02
283.080000,-1.49380381e+02,-1.17964632e+02
283.085000,-1.49432822e+02,-1.18017092e+02
283.090000,-1.49452712e+02,-1.18036938e+02
283.095000,-1.49484112e+02,-1.18068334e+02
283.100000,-1.49489144e+02,-1.18073309e+02
283.105000,-1.49500794e+02,-1.18084989e+02
283.110000,-1.49478741e+02,-1.18062954e+02
283.115000,-1.49506395e+02,-1.18090560e+02
283.120000,-1.49515745e+02,-1.18099904e+02
283.125000,-1.49514599e+02,-1.18098778e+02
283.130000,-1.49520424e+02,-1.18104620e+02
283.135000,-1.49537167e+02,-1.18121346e+02
283.140000,-1.49545512e+02,-1.18129701e+02
283.145000,-1.49544639e+02,-1.18128817e+02
283.150000,-1.49547191e+02,-1.18131389e+02
283.155000,-1.49555132e+02,-1.18139251e+02
283.160000,-1.49580270e+02,-1.18164440e+02
283.165000,-1.49605336e+02,-1.18189510e+02
283.170000,-1.49629107e+02,-1.18213303e+02
283.175000,-1.49647959e+02,-1.18232103e+02
283.180000,-1.49654727e+02,-1.18238874e+02
283.185000,-1.49653048e+02,-1.18237213e+02
283.190000,-1.49646913e+02,-1.18231098e+02
283.195000,-1.49654897e+02,-1.18239078e+02
283.200000,-1.49660342e+02,-1.18244528e+02
283.205000,-1.49673008e+02,-1.18257222e+02
283.210000,-1.49680234e+02,-1.18264473e+02
283.215000,-1.49689814e+02,-1.18274032e+02
283.220000,-1.49679427e+02,-1.18263684e+02
283.225000,-1.49639911e+02,-1.18224210e+02
283.230000,-1.49667820e+02,-1.18252089e+02
283.235000,-1.49655126e+02,-1.18239363e+02
283.240000,-1.49653183e+02,-1.18237463e+02
283.245000,-1.49647566e+02,-1.18231848e+02
283.250000,-1.49629476e+02,-1.18213738e+02
283.255000,-1.49631114e+02,-1.18215346e+02
283.260000,-1.49625826e+02,-1.18210096e+02
283.265000,-1.49621953e+02,-1.18206184e+02
283.270000,-1.49618071e+02,-1.18202325e+02
283.275000,-1.49613494e+02,-1.18197707e+02
283.280000,-1.49593434e+02,-1.18177651e+02
283.285000,-1.49631213e+02,-1.18215439e+02
283.290000,-1.49643552e+02,-1.18227758e+02
283.295000,-1.49640148e+02,-1.18224329e+02
283.300000,-1.49640953e+02,-1.18225160e+02
283.305000,-1.49631617e+02,-1.18215845e+02
283.310000,-1.49628988e+02,-1.18213237e+02
283.315000,-1.49641188e+02,-1.18225441e+02
283.320000,-1.49646072e+02,-1.18230331e+02
283.325000,-1.49620434e+02,-1.18204677e+02
283.330000,-1.49642404e+02,-1.18226618e+02
283.335000,-1.49632212e+02,-1.18216346e+02
283.340000,-1.49631694e+02,-1.18215818e+02
283.345000,-1.49624868e+02,-1.18209004e+02
283.350000,-1.49608246e+02,-1.18192373e+02
283.355000,-1.49606717e+02,-1.18190805e+02
283.360000,-1.49588629e+02,-1.18172733e+02
283.365000,-1.49584372e+02,-1.18168535e+02
283.370000,-1.49554624e+02,-1.18138767e+02
283.375000,-1.49545824e+02,-1.18129985e+02
283.380000,-1.49541559e+02,-1.18125731e+02
283.385000,-1.49537875e+02,-1.18122044e+02
283.390000,-1.49531993e+02,-1.18116157e+02
283.395000,-1.49521712e+02,-1.18105876e+02
283.400000,-1.49525875e+02,-1.18110069e+02
283.405000,-1.49512233e+02,-1.18096429e+02
283.410000,-1.49496193e+02,-1.18080397e+02
283.415000,-1.49508382e+02,-1.18092567e+02
283.420000,-1.49505143e+02,-1.18089349e+02
283.425000,-1.49502620e+02,-1.18086802e+02
283.430000,-1.49497231e+02,-1.18081419e+02
283.435000,-1.49490561e+02,-1.18074770e+02
283.440000,-1.49491275e+02,-1.18075480e+02
283.445000,-1.49497328e+02,-1.18081521e+02
283.450000,-1.49484562e+02,-1.18068736e+02
283.455000,-1.49497587e+02,-1.18081809e+02
283.460000,-1.49496216e+02,-1.18080441e+02
283.465000,-1.49488652e+02,-1.18072903e+02
283.470000,-1.49474936e+02,-1.18059181e+02
283.475000,-1.49459235e+02,-1.18043478e+02
283.480000,-1.49453869e+02,-1.18038183e+02
283.485000,-1.49442949e+02,-1.18027273e+02
283.490000,-1.49418564e+02,-1.18002888e+02
283.495000,-1.49431443e+02,-1.18015787e+02
283.500000,-1.49412676e+02,-1.17996965e+02
283.505000,-1.49402355e+02,-1.17986648e+02
283.510000,-1.49389513e+02,-1.17973791e+02
283.515000,-1.49386717e+02,-1.17970984e+02
283.520000,-1.49386368e+02,-1.17970602e+02
283.525000,-1.49372288e+02,-1.17956507e+02
283.530000,-1.49352593e+02,-1.17936811e+02
283.535000,-1.49365281e+02,-1.17949501e+02
283.540000,-1.49359107e+02,-1.17943344e+02
283.545000,-1.49359393e+02,-1.17943624e+02
283.550000,-1.49356641e+02,-1.17940902e+02
283.555000,-1.49364750e+02,-1.17949014e+02
283.560000,-1.49374714e+02,-1.17959001e+02
283.565000,-1.49377635e+02,-1.17961884e+02
283.570000,-1.49351151e+02,-1.17935368e+02
283.575000,-1.49384873e+02,-1.17968996e+02
283.580000,-1.49381752e+02,-1.17965893e+02
283.585000,-1.49377017e+02,-1.17961152e+02
283.590000,-1.49394218e+02,-1.17978360e+02
283.595000,-1.49384975e+02,-1.17969109e+02
283.600000,-1.49377292e+02,-1.17961418e+02
283.605000,-1.49371013e+02,-1.17955136e+02
283.610000,-1.49345719e+02,-1.17929786e+02
283.615000,-1.49350035e+02,-1.17934079e+02
283.620000,-1.49339888e+02,-1.17923936e+02
283.625000,-1.49323243e+02,-1.17907318e+02
283.630000,-1.49306386e+02,-1.17890478e+02
283.635000,-1.49302316e+02,-1.17886396e+02
283.640000,-1.49320193e+02,-1.17904249e+02
283.645000,-1.49309492e+02,-1.17893533e+02
283.650000,-1.49282953e+02,-1.17867010e+02
283.655000,-1.49304488e+02,-1.17888532e+02
283.660000,-1.49306550e+02,-1.17890624e+02
283.665000,-1.49303529e+02,-1.17887636e+02
283.670000,-1.49296348e+02,-1.17880451e+02
283.675000,-1.49283188e+02,-1.17867336e+02
283.680000,-1.49283374e+02,-1.17867517e+02
283.685000,-1.49281233e+02,-1.17865351e+02
283.690000,-1.49267033e+02,-1.17851169e+02
283.695000,-1.49297066e+02,-1.17881158e+02
283.700000,-1.49289207e+02,-1.17873375e+02
283.705000,-1.49286609e+02,-1.17870766e+02
283.710000,-1.49278314e+02,-1.17862475e+02
283.715000,-1.49275441e+02,-1.17859601e+02
283.720000,-1.49272565e+02,-1.17856686e+02
283.725000,-1.49272820e+02,-1.17857007e+02
283.730000,-1.49245747e+02,-1.17829928e+02
283.735000,-1.49257462e+02,-1.17841646e+02
283.740000,-1.49252898e+02,-1.17837139e+02
283.745000,-1.49243691e+02,-1.17827962e+02
283.750000,-1.49227468e+02,-1.17811723e+02
283.755000,-1.49215605e+02,-1.17799896e+02
283.760000,-1.49205807e+02,-1.17790071e+02
283.765000,-1.49185845e+02,-1.17770102e+02
283.770000,-1.49157169e+02,-1.17741454e+02
283.775000,-1.49162847e+02,-1.17747132e+02
283.780000,-1.49154565e+02,-1.17738855e+02
283.785000,-1.49149746e+02,-1.17734045e+02
283.790000,-1.49142162e+02,-1.17726468e+02
283.795000,-1.49134030e+02,-1.17718321e+02
283.800000,-1.49124384e+02,-1.17708650e+02
283.805000,-1.49110420e+02,-1.17694662e+02
283.810000,-1.49090361e+02,-1.17674581e+02
283.815000,-1.49118070e+02,-1.17702274e+02
283.820000,-1.49121476e+02,-1.17705686e+02
283.825000,-1.49119903e+02,-1.17704093e+02
283.830000,-1.49106939e+02,-1.17691140e+02
283.835000,-1.49108092e+02,-1.17692303e+02
283.840000,-1.49108545e+02,-1.17692732e+02
283.845000,-1.49098932e+02,-1.17683089e+02
283.850000,-1.49071073e+02,-1.17655214e+02
283.855000,-1.49078415e+02,-1.17662550e+02
283.860000,-1.49081977e+02,-1.17666105e+02
283.865000,-1.49100601e+02,-1.17684729e+02
283.870000,-1.49109144e+02,-1.17693289e+02
283.875000,-1.49105057e+02,-1.17689198e+02
283.880000,-1.49110568e+02,-1.17694643e+02
283.885000,-1.49090005e+02,-1.17674098e+02
283.890000,-1.49067271e+02,-1.17651359e+02
283.895000,-1.49073621e+02,-1.17657710e+02
283.900000,-1.49070404e+02,-1.17654527e+02
283.905000,-1.49059056e+02,-1.17643137e+02
283.910000,-1.49047850e+02,-1.17631931e+02
283.915000,-1.49039480e+02,-1.17623575e+02
283.920000,-1.49034572e+02,-1.17618715e+02
283.925000,-1.49027508e+02,-1.17611626e+02
283.930000,-1.49005103e+02,-1.17589235e+02
283.935000,-1.49013994e+02,-1.17598099e+02
283.940000,-1.49023889e+02,-1.17607952e+02
283.945000,-1.49013310e+02,-1.17597414e+02
283.950000,-1.48992313e+02,-1.17576407e+02
283.955000,-1.48984140e+02,-1.17568250e+02
283.960000,-1.48969371e+02,-1.17553512e+02
283.965000,-1.48946330e+02,-1.17530477e+02
283.970000,-1.48953591e+02,-1.17537756e+02
283.975000,-1.48941093e+02,-1.17525308e+02
283.980000,-1.48941663e+02,-1.17525897e+02
283.985000,-1.48939469e+02,-1.17523692e+02
283.990000,-1.48938608e+02,-1.17522872e+02
283.995000,-1.48943769e+02,-1.17528018e+02
284.000000,-1.48932095e+02,-1.17516308e+02
284.005000,-1.48956697e+02,-1.17540863e+02
284.010000,-1.48952001e+02,-1.17536176e+02
284.015000,-1.48937663e+02,-1.17521877e+02
284.020000,-1.48930414e+02,-1.17514638e+02
284.025000,-1.48911541e+02,-1.17495748e+02
284.030000,-1.48904932e+02,-1.17489145e+02
284.035000,-1.48876318e+02,-1.17460538e+02
284.040000,-1.48875092e+02,-1.17459277e+02
284.045000,-1.48869847e+02,-1.17454047e+02
284.050000,-1.48876687e+02,-1.17460832e+02
284.055000,-1.48876968e+02,-1.17461128e+02
284.060000,-1.48861469e+02,-1.17445637e+02
284.065000,-1.48853452e+02,-1.17437612e+02
284.070000,-1.48833189e+02,-1.17417424e+02
284.075000,-1.48835061e+02,-1.17419279e+02
284.080000,-1.48836924e+02,-1.17421133e+02
284.085000,-1.48822070e+02,-1.17406229e+02
284.090000,-1.48804646e+02,-1.17388812e+02
284.095000,-1.48799118e+02,-1.17383272e+02
284.100000,-1.48787541e+02,-1.17371730e+02
284.105000,-1.48768612e+02,-1.17352784e+02
284.110000,-1.48782610e+02,-1.17366773e+02
284.115000,-1.48786157e+02,-1.17370311e+02
284.120000,-1.48799047e+02,-1.17383210e+02
284.125000,-1.48810440e+02,-1.17394582e+02
284.130000,-1.48830020e+02,-1.17414208e+02
284.135000,-1.48828230e+02,-1.17412409e+02
284.140000,-1.48802063e+02,-1.17386201e+02
284.145000,-1.48821260e+02,-1.17405461e+02
284.150000,-1.48813865e+02,-1.17398092e+02
284.155000,-1.48812877e+02,-1.17397094e+02
284.160000,-1.48806300e+02,-1.17390519e+02
284.165000,-1.48798823e+02,-1.17383031e+02
284.170000,-1.48802611e+02,-1.17386822e+02
284.175000,-1.48787749e+02,-1.17371890e+02
284.180000,-1.48794367e+02,-1.17378517e+02
284.185000,-1.48788770e+02,-1.17372947e+02
284.190000,-1.48768484e+02,-1.17352683e+02
284.195000,-1.48749202e+02,-1.17333404e+02
284.200000,-1.48742310e+02,-1.17326565e+02
284.205000,-1.48734910e+02,-1.17319156e+02
284.210000,-1.48717850e+02,-1.17302097e+02
284.215000,-1.48724100e+02,-1.17308333e+02
284.220000,-1.48731327e+02,-1.17315537e+02
284.225000,-1.48726016e+02,-1.17310247e+02
284.230000,-1.48716817e+02,-1.17301077e+02
284.235000,-1.48723433e+02,-1.17307642e+02
284.240000,-1.48724370e+02,-1.17308595e+02
284.245000,-1.48703137e+02,-1.17287356e+02
284.250000,-1.48717537e+02,-1.17301740e+02
284.255000,-1.48740870e+02,-1.17325054e+02
284.260000,-1.48753015e+02,-1.17337161e+02
284.265000,-1.48754796e+02,-1.17338953e+02
284.270000,-1.48745670e+02,-1.17329839e+02
284.275000,-1.48743850e+02,-1.17328011e+02
284.280000,-1.48738545e+02,-1.17322708e+02
284.285000,-1.48774773e+02,-1.17358934e+02
284.290000,-1.48797679e+02,-1.17381819e+02
284.295000,-1.48796638e+02,-1.17380793e+02
284.300000,-1.48792077e+02,-1.17376235e+02
284.305000,-1.48789559e+02,-1.17373732e+02
284.310000,-1.48779494e+02,-1.17363667e+02
284.315000,-1.48760567e+02,-1.17344766e+02
284.320000,-1.48758599e+02,-1.17342803e+02
284.325000,-1.48762758e+02,-1.17346928e+02
284.330000,-1.48762652e+02,-1.17346815e+02
284.335000,-1.48754175e+02,-1.17338314e+02
284.340000,-1.48747765e+02,-1.17331877e+02
284.345000,-1.48736849e+02,-1.17320962e+02
284.350000,-1.48721862e+02,-1.17305989e+02
284.355000,-1.48732464e+02,-1.17316642e+02
284.360000,-1.48742777e+02,-1.17326925e+02
284.365000,-1.48748327e+02,-1.17332487e+02
284.370000,-1.48741199e+02,-1.17325377e+02
284.375000,-1.48728072e+02,-1.17312241e+02
284.380000,-1.48713327e+02,-1.17297540e+02
284.385000,-1.48692395e+02,-1.17276602e+02
284.390000,-1.48686853e+02,-1.17271045e+02
284.395000,-1.48685114e+02,-1.17269337e+02
284.400000,-1.48683486e+02,-1.17267711e+02
284.405000,-1.48698215e+02,-1.17282409e+02
284.410000,-1.48709691e+02,-1.17293883e+02
284.415000,-1.48714775e+02,-1.17299019e+02
284.420000,-1.48715109e+02,-1.17299319e+02
284.425000,-1.48724056e+02,-1.17308273e+02
284.430000,-1.48734287e+02,-1.17318463e+02
284.435000,-1.48732279e+02,-1.17316473e+02
284.440000,-1.48730040e+02,-1.17314214e+02
284.445000,-1.48731923e+02,-1.17316110e+02
284.450000,-1.48723833e+02,-1.17308062e+02
284.455000,-1.48708699e+02,-1.17292869e+02
284.460000,-1.48693380e+02,-1.17277564e+02
284.465000,-1.48695519e+02,-1.17279707e+02
284.470000,-1.48694525e+02,-1.17278719e+02
284.475000,-1.48697099e+02,-1.17281279e+02
284.480000,-1.48694704e+02,-1.17278893e+02
284.485000,-1.48685877e+02,-1.17270095e+02
284.490000,-1.48664435e+02,-1.17248658e+02
284.495000,-1.48659545e+02,-1.17243772e+02
284.500000,-1.48657340e+02,-1.17241512e+02
284.505000,-1.48638645e+02,-1.17222832e+02
284.510000,-1.48633192e+02,-1.17217348e+02
284.515000,-1.48636197e+02,-1.17220413e+02
284.520000,-1.48631986e+02,-1.17216162e+02
284.525000,-1.48621261e+02,-1.17205409e+02
284.530000,-1.48628196e+02,-1.17212368e+02
284.535000,-1.48640007e+02,-1.17224178e+02
284.540000,-1.48631199e+02,-1.17215348e+02
284.545000,-1.48618820e+02,-1.17202972e+02
284.550000,-1.48624938e+02,-1.17209053e+02
284.555000,-1.48622949e+02,-1.17207057e+02
284.560000,-1.48610179e+02,-1.17194306e+02
284.565000,-1.48609994e+02,-1.17194128e+02
284.570000,-1.48612037e+02,-1.17196141e+02
284.575000,-1.48604364e+02,-1.17188481e+02
284.580000,-1.48593230e+02,-1.17177345e+02
284.585000,-1.48585177e+02,-1.17169278e+02
284.590000,-1.48569830e+02,-1.17153954e+02
284.595000,-1.48538108e+02,-1.17122217e+02
284.600000,-1.48537005e+02,-1.17121077e+02
284.605000,-1.48524775e+02,-1.17108843e+02
284.610000,-1.48507666e+02,-1.17091771e+02
284.615000,-1.48500889e+02,-1.17085021e+02
284.620000,-1.48490175e+02,-1.17074283e+02
284.625000,-1.48476361e+02,-1.17060474e+02
284.630000,-1.48459581e+02,-1.17043718e+02
284.635000,-1.48469071e+02,-1.17053193e+02
284.640000,-1.48474743e+02,-1.17058872e+02
284.645000,-1.48468072e+02,-1.17052215e+02
284.650000,-1.48475153e+02,-1.17059254e+02
284.655000,-1.48487768e+02,-1.17071922e+02
284.660000,-1.48483791e+02,-1.17067958e+02
284.665000,-1.48467007e+02,-1.17051167e+02
284.670000,-1.48470588e+02,-1.17054755e+02
284.675000,-1.48483103e+02,-1.17067274e+02
284.680000,-1.48486889e+02,-1.17071063e+02
284.685000,-1.48488288e+02,-1.17072504e+02
284.690000,-1.48484684e+02,-1.17068940e+02
284.695000,-1.48478191e+02,-1.17062418e+02
284.700000,-1.48465235e+02,-1.17049485e+02
284.705000,-1.48480053e+02,-1.17064246e+02
284.710000,-1.48480693e+02,-1.17064906e+02
284.715000,-1.48475809e+02,-1.17060057e+02
284.720000,-1.48464143e+02,-1.17048407e+02
284.725000,-1.48451332e+02,-1.17035586e+02
284.730000,-1.48441739e+02,-1.17025998e+02
284.735000,-1.48422859e+02,-1.17007128e+02
284.740000,-1.48424282e+02,-1.17008535e+02
284.745000,-1.48423473e+02,-1.17007723e+02
284.750000,-1.48422236e+02,-1.17006452e+02
284.755000,-1.48420862e+02,-1.17005116e+02
284.760000,-1.48414883e+02,-1.16999116e+02
284.765000,-1.48407737e+02,-1.16992006e+02
284.770000,-1.48391111e+02,-1.16975330e+02
284.775000,-1.48392535e+02,-1.16976771e+02
284.780000,-1.48394046e+02,-1.16978261e+02
284.785000,-1.48392545e+02,-1.16976734e+02
284.790000,-1.48385929e+02,-1.16970120e+02
284.795000,-1.48381858e+02,-1.16966057e+02
284.800000,-1.48374066e+02,-1.16958300e+02
284.805000,-1.48357908e+02,-1.16942107e+02
284.810000,-1.48363784e+02,-1.16947944e+02
284.815000,-1.48370012e+02,-1.16954142e+02
284.820000,-1.48372446e+02,-1.16956581e+02
284.825000,-1.48362305e+02,-1.16946461e+02
284.830000,-1.48349337e+02,-1.16933516e+02
284.835000,-1.48333995e+02,-1.16918136e+02
284.840000,-1.48318689e+02,-1.16902832e+02
284.845000,-1.48325205e+02,-1.16909370e+02
284.850000,-1.48311942e+02,-1.16896103e+02
284.855000,-1.48310494e+02,-1.16894636e+02
284.860000,-1.48313315e+02,-1.16897454e+02
284.865000,-1.48310111e+02,-1.16894242e+02
284.870000,-1.48308227e+02,-1.16892337e+02
284.875000,-1.48328068e+02,-1.16912185e+02
284.880000,-1.48323656e+02,-1.16907840e+02
284.885000,-1.48318020e+02,-1.16902184e+02
284.890000,-1.48297173e+02,-1.16881353e+02
284.895000,-1.48274429e+02,-1.16858620e+02
284.900000,-1.48267957e+02,-1.16852132e+02
284.905000,-1.48251708e+02,-1.16835875e+02
284.910000,-1.48260576e+02,-1.16844740e+02
284.915000,-1.48280430e+02,-1.16864572e+02
284.920000,-1.48282627e+02,-1.16866741e+02
284.925000,-1.48277323e+02,-1.16861463e+02
284.930000,-1.48275819e+02,-1.16859993e+02
284.935000,-1.48267671e+02,-1.16851888e+02
284.940000,-1.48290256e+02,-1.16874411e+02
284.945000,-1.48313892e+02,-1.16898048e+02
284.950000,-1.48324474e+02,-1.16908601e+02
284.955000,-1.48315848e+02,-1.16900025e+02
284.960000,-1.48297047e+02,-1.16881203e+02
284.965000,-1.48278607e+02,-1.16862772e+02
284.970000,-1.48253167e+02,-1.16837346e+02
284.975000,-1.48249944e+02,-1.16834155e+02
284.980000,-1.48260899e+02,-1.16845080e+02
284.985000,-1.48272146e+02,-1.16856301e+02
284.990000,-1.48274879e+02,-1.16859054e+02
284.995000,-1.48275513e+02,-1.16859689e+02
285.000000,-1.48271206e+02,-1.16855362e+02
285.005000,-1.48225480e+02,-1.16809644e+02
285.010000,-1.48223929e+02,-1.16808110e+02
285.015000,-1.48216861e+02,-1.16801009e+02
285.020000,-1.48206030e+02,-1.16790186e+02
285.025000,-1.48216631e+02,-1.16800794e+02
285.030000,-1.48213290e+02,-1.16797454e+02
285.035000,-1.48222388e+02,-1.16806571e+02
285.040000,-1.48225418e+02,-1.16809554e+02
285.045000,-1.48235792e+02,-1.16819920e+02
285.050000,-1.48241443e+02,-1.16825576e+02
285.055000,-1.48259595e+02,-1.16843738e+02
285.060000,-1.48262311e+02,-1.16846496e+02
285.065000,-1.48260263e+02,-1.16844415e+02
285.070000,-1.48250090e+02,-1.16834173e+02
285.075000,-1.48242945e+02,-1.16827043e+02
285.080000,-1.48209672e+02,-1.16793794e+02
285.085000,-1.48195245e+02,-1.16779399e+02
285.090000,-1.48176693e+02,-1.16760853e+02
285.095000,-1.48169583e+02,-1.16753737e+02
285.100000,-1.48159417e+02,-1.16743644e+02
285.105000,-1.48156903e+02,-1.16741146e+02
285.110000,-1.48153410e+02,-1.16737675e+02
285.115000,-1.48144133e+02,-1.16728374e+02
285.120000,-1.48139677e+02,-1.16723946e+02
285.125000,-1.48121100e+02,-1.16705362e+02
285.130000,-1.48102800e+02,-1.16687038e+02
285.135000,-1.48104313e+02,-1.16688595e+02
285.140000,-1.48105969e+02,-1.16690215e+02
285.145000,-1.48111027e+02,-1.16695291e+02
285.150000,-1.48093701e+02,-1.16677991e+02
285.155000,-1.48091689e+02,-1.16675972e+02
285.160000,-1.48080873e+02,-1.16665195e+02
285.165000,-1.48102513e+02,-1.16686836e+02
285.170000,-1.48129635e+02,-1.16713884e+02
285.175000,-1.48133883e+02,-1.16718119e+02
285.180000,-1.48120559e+02,-1.16704804e+02
285.185000,-1.48109946e+02,-1.16694206e+02
285.190000,-1.48093759e+02,-1.16678014e+02
285.195000,-1.48084047e+02,-1.16668278e+02
285.200000,-1.48099447e+02,-1.16683674e+02
285.205000,-1.48100924e+02,-1.16685106e+02
285.210000,-1.48094290e+02,-1.16678461e+02
285.215000,-1.48098547e+02,-1.16682668e+02
285.220000,-1.48087751e+02,-1.16671908e+02
285.225000,-1.48093526e+02,-1.16677680e+02
285.230000,-1.48095843e+02,-1.16679999e+02
285.235000,-1.48092316e+02,-1.16676478e+02
285.240000,-1.48085721e+02,-1.16669901e+02
285.245000,-1.48073221e+02,-1.16657380e+02
285.250000,-1.48057362e+02,-1.16641508e+02
285.255000,-1.48058856e+02,-1.16643002e+02
285.260000,-1.48074890e+02,-1.16658985e+02
285.265000,-1.48067148e+02,-1.16651248e+02
285.270000,-1.48062925e+02,-1.16646981e+02
285.275000,-1.48062576e+02,-1.16646671e+02
285.280000,-1.48053573e+02,-1.16637663e+02
285.285000,-1.48078038e+02,-1.16662159e+02
285.290000,-1.48094889e+02,-1.16679000e+02
285.295000,-1.48096352e+02,-1.16680447e+02
285.300000,-1.48068569e+02,-1.16652637e+02
285.305000,-1.48047872e+02,-1.16631965e+02
285.310000,-1.48020627e+02,-1.16604758e+02
285.315000,-1.48016509e+02,-1.16600626e+02
285.320000,-1.48028024e+02,-1.16612154e+02
285.325000,-1.48027048e+02,-1.16611189e+02
285.330000,-1.48023480e+02,-1.16607680e+02
285.335000,-1.48036179e+02,-1.16620410e+02
285.340000,-1.48025804e+02,-1.16610036e+02
285.345000,-1.48023091e+02,-1.16607334e+02
285.350000,-1.48013201e+02,-1.16597442e+02
285.355000,-1.48009482e+02,-1.16593695e+02
285.360000,-1.47990073e+02,-1.16574312e+02
285.365000,-1.47983699e+02,-1.16567957e+02
285.370000,-1.47970990e+02,-1.16555256e+02
285.375000,-1.47974234e+02,-1.16558492e+02
285.380000,-1.47978271e+02,-1.16562556e+02
285.385000,-1.47980237e+02,-1.16564541e+02
285.390000,-1.47980185e+02,-1.16564456e+02
285.395000,-1.47980553e+02,-1.16564836e+02
285.400000,-1.47976610e+02,-1.16560884e+02
285.405000,-1.47982128e+02,-1.16566363e+02
285.410000,-1.47988621e+02,-1.16572867e+02
285.415000,-1.47974469e+02,-1.16558730e+02
285.420000,-1.47957134e+02,-1.16541414e+02
285.425000,-1.47923469e+02,-1.16507711e+02
285.430000,-1.47889138e+02,-1.16473380e+02
285.435000,-1.47912768e+02,-1.16496947e+02
285.440000,-1.47922546e+02,-1.16506727e+02
285.445000,-1.47944940e+02,-1.16529108e+02
285.450000,-1.47951325e+02,-1.16535473e+02
285.455000,-1.47945277e+02,-1.16529443e+02
285.460000,-1.47925530e+02,-1.16509674e+02
285.465000,-1.47923781e+02,-1.16507960e+02
285.470000,-1.47919099e+02,-1.16503292e+02
285.475000,-1.47917978e+02,-1.16502167e+02
285.480000,-1.47915832e+02,-1.16500019e+02
285.485000,-1.47906755e+02,-1.16490939e+02
285.490000,-1.47892789e+02,-1.16476973e+02
285.495000,-1.47906528e+02,-1.16490740e+02
285.500000,-1.47916597e+02,-1.16500775e+02
285.505000,-1.47930588e+02,-1.16514732e+02
285.510000,-1.47939472e+02,-1.16523609e+02
285.515000,-1.47924401e+02,-1.16508574e+02
285.520000,-1.47915393e+02,-1.16499563e+02
285.525000,-1.47929214e+02,-1.16513409e+02
285.530000,-1.47927137e+02,-1.16511319e+02
285.535000,-1.47911097e+02,-1.16495296e+02
285.540000,-1.47897223e+02,-1.16481403e+02
285.545000,-1.47888346e+02,-1.16472571e+02
285.550000,-1.47879329e+02,-1.16463596e+02
285.555000,-1.47887671e+02,-1.16471929e+02
285.560000,-1.47891392e+02,-1.16475644e+02
285.565000,-1.47908727e+02,-1.16492979e+02
285.570000,-1.47913988e+02,-1.16498200e+02
285.575000,-1.47912972e+02,-1.16497206e+02
285.580000,-1.47887000e+02,-1.16471264e+02
285.585000,-1.47883891e+02,-1.16468137e+02
285.590000,-1.47874600e+02,-1.16458851e+02
285.595000,-1.47869236e+02,-1.16453495e+02
285.600000,-1.47856998e+02,-1.16441240e+02
285.605000,-1.47844532e+02,-1.16428822e+02
285.610000,-1.47835356e+02,-1.16419617e+02
285.615000,-1.47847369e+02,-1.16431635e+02
285.620000,-1.47849320e+02,-1.16433569e+02
285.625000,-1.47850106e+02,-1.16434352e+02
285.630000,-1.47846528e+02,-1.16430798e+02
285.635000,-1.47853606e+02,-1.16437801e+02
285.640000,-1.47832800e+02,-1.16416957e+02
285.645000,-1.47834873e+02,-1.16419091e+02
285.650000,-1.47837271e+02,-1.16421486e+02
285.655000,-1.47839959e+02,-1.16424155e+02
285.660000,-1.47812288e+02,-1.16396487e+02
285.665000,-1.47795745e+02,-1.16379953e+02
285.670000,-1.47771464e+02,-1.16355661e+02
285.675000,-1.47758793e+02,-1.16342981e+02
285.680000,-1.47775875e+02,-1.16360020e+02
285.685000,-1.47773251e+02,-1.16357350e+02
285.690000,-1.47779726e+02,-1.16363820e+02
285.695000,-1.47790871e+02,-1.16374913e+02
285.700000,-1.47789527e+02,-1.16373552e+02
285.705000,-1.47787903e+02,-1.16371943e+02
285.710000,-1.47787259e+02,-1.16371329e+02
285.715000,-1.47794023e+02,-1.16378091e+02
285.720000,-1.47784219e+02,-1.16368297e+02
285.725000,-1.47792439e+02,-1.16376509e+02
285.730000,-1.47796198e+02,-1.16380336e+02
285.735000,-1.47806680e+02,-1.16390813e+02
285.740000,-1.47814056e+02,-1.16398182e+02
285.745000,-1.47811841e+02,-1.16395969e+02
285.750000,-1.47821612e+02,-1.16405724e+02
285.755000,-1.47843611e+02,-1.16427760e+02
285.760000,-1.47848205e+02,-1.16432322e+02
285.765000,-1.47848070e+02,-1.16432192e+02
285.770000,-1.47825571e+02,-1.16409711e+02
285.775000,-1.47812578e+02,-1.16396673e+02
285.780000,-1.47800622e+02,-1.16384766e+02
285.785000,-1.47795459e+02,-1.16379602e+02
285.790000,-1.47778373e+02,-1.16362537e+02
285.795000,-1.47798921e+02,-1.16383118e+02
285.800000,-1.47803539e+02,-1.16387777e+02
285.805000,-1.47790295e+02,-1.16374538e+02
285.810000,-1.47789954e+02,-1.16374192e+02
285.815000,-1.47785653e+02,-1.16369927e+02
285.820000,-1.47785567e+02,-1.16369861e+02
285.825000,-1.47789040e+02,-1.16373332e+02
285.830000,-1.47792608e+02,-1.16376933e+02
285.835000,-1.47782896e+02,-1.16367202e+02
285.840000,-1.47774860e+02,-1.16359168e+02
285.845000,-1.47771836e+02,-1.16356135e+02
285.850000,-1.47761978e+02,-1.16346268e+02
285.855000,-1.47775000e+02,-1.16359265e+02
285.860000,-1.47778155e+02,-1.16362449e+02
285.865000,-1.47785376e+02,-1.16369644e+02
285.870000,-1.47792916e+02,-1.16377168e+02
285.875000,-1.47798789e+02,-1.16383066e+02
285.880000,-1.47789208e+02,-1.16373500e+02
285.885000,-1.47792462e+02,-1.16376707e+02
285.890000,-1.47793748e+02,-1.16378006e+02
285.895000,-1.47802490e+02,-1.16386761e+02
285.900000,-1.47786686e+02,-1.16370960e+02
285.905000,-1.47780189e+02,-1.16364468e+02
285.910000,-1.47772075e+02,-1.16356284e+02
285.915000,-1.47758976e+02,-1.16343161e+02
285.920000,-1.47746672e+02,-1.16330849e+02
285.925000,-1.47748084e+02,-1.16332254e+02
285.930000,-1.47751205e+02,-1.16335361e+02
285.935000,-1.47753651e+02,-1.16337801e+02
285.940000,-1.47745219e+02,-1.16329357e+02
285.945000,-1.47741150e+02,-1.16325317e+02
285.950000,-1.47742278e+02,-1.16326418e+02
285.955000,-1.47733928e+02,-1.16318058e+02
285.960000,-1.47745175e+02,-1.16329279e+02
285.965000,-1.47743681e+02,-1.16327809e+02
285.970000,-1.47755110e+02,-1.16339229e+02
285.975000,-1.47766539e+02,-1.16350672e+02
285.980000,-1.47778572e+02,-1.16362705e+02
285.985000,-1.47780135e+02,-1.16364276e+02
285.990000,-1.47792834e+02,-1.16376973e+02
285.995000,-1.47793354e+02,-1.16377504e+02
286.000000,-1.47790513e+02,-1.16374675e+02
286.005000,-1.47789279e+02,-1.16373427e+02
286.010000,-1.47784977e+02,-1.16369130e+02
286.015000,-1.47789015e+02,-1.16373132e+02
286.020000,-1.47781161e+02,-1.16365261e+02
286.025000,-1.47782714e+02,-1.16366871e+02
286.030000,-1.47782207e+02,-1.16366371e+02
286.035000,-1.47757873e+02,-1.16342058e+02
286.040000,-1.47741781e+02,-1.16325981e+02
286.045000,-1.47733232e+02,-1.16317448e+02
286.050000,-1.47733582e+02,-1.16317801e+02
286.055000,-1.47730172e+02,-1.16314420e+02
286.060000,-1.47719934e+02,-1.16304202e+02
286.065000,-1.47708714e+02,-1.16292974e+02
286.070000,-1.47710399e+02,-1.16294679e+02
286.075000,-1.47707107e+02,-1.16291413e+02
286.080000,-1.47716730e+02,-1.16301039e+02
286.085000,-1.47721558e+02,-1.16305836e+02
286.090000,-1.47722373e+02,-1.16306671e+02
286.095000,-1.47720744e+02,-1.16305000e+02
286.100000,-1.47727986e+02,-1.16312217e+02
286.105000,-1.47736836e+02,-1.16321041e+02
286.110000,-1.47747276e+02,-1.16331499e+02
286.115000,-1.47737911e+02,-1.16322144e+02
286.120000,-1.47727919e+02,-1.16312139e+02
286.125000,-1.47726285e+02,-1.16310574e+02
286.130000,-1.47725907e+02,-1.16310214e+02
286.135000,-1.47731435e+02,-1.16315738e+02
286.140000,-1.47738405e+02,-1.16322646e+02
286.145000,-1.47741523e+02,-1.16325723e+02
286.150000,-1.47727274e+02,-1.16311481e+02
286.155000,-1.47718142e+02,-1.16302353e+02
286.160000,-1.47709558e+02,-1.16293762e+02
286.165000,-1.47702424e+02,-1.16286624e+02
286.170000,-1.47721954e+02,-1.16306156e+02
286.175000,-1.47722847e+02,-1.16307029e+02
286.180000,-1.47719025e+02,-1.16303174e+02
286.185000,-1.47691391e+02,-1.16275523e+02
286.190000,-1.47684131e+02,-1.16268279e+02
286.195000,-1.47684123e+02,-1.16268257e+02
286.200000,-1.47674205e+02,-1.16258308e+02
286.205000,-1.47678459e+02,-1.16262605e+02
286.210000,-1.47699894e+02,-1.16284053e+02
286.215000,-1.47708493e+02,-1.16292658e+02
286.220000,-1.47732702e+02,-1.16316891e+02
286.225000,-1.47733234e+02,-1.16317417e+02
286.230000,-1.47737200e+02,-1.16321397e+02
286.235000,-1.47732565e+02,-1.16316777e+02
286.240000,-1.47730743e+02,-1.16314917e+02
286.245000,-1.47741382e+02,-1.16325549e+02
286.250000,-1.47754631e+02,-1.16338767e+02
286.255000,-1.47767530e+02,-1.16351678e+02
286.260000,-1.47780394e+02,-1.16364572e+02
286.265000,-1.47776154e+02,-1.16360327e+02
286.270000,-1.47767534e+02,-1.16351727e+02
286.275000,-1.47762216e+02,-1.16346376e+02
286.280000,-1.47746160e+02,-1.16330316e+02
286.285000,-1.47755115e+02,-1.16339279e+02
286.290000,-1.47752077e+02,-1.16336274e+02
286.295000,-1.47742086e+02,-1.16326303e+02
286.300000,-1.47727900e+02,-1.16312127e+02
286.305000,-1.47698839e+02,-1.16283062e+02
286.310000,-1.47699792e+02,-1.16284029e+02
286.315000,-1.47703886e+02,-1.16288135e+02
286.320000,-1.47721297e+02,-1.16305581e+02
286.325000,-1.47733814e+02,-1.16318090e+02
286.330000,-1.47732750e+02,-1.16317041e+02
286.335000,-1.47758185e+02,-1.16342405e+02
286.340000,-1.47765440e+02,-1.16349663e+02
286.345000,-1.47763213e+02,-1.16347411e+02
286.350000,-1.47763647e+02,-1.16347845e+02
286.355000,-1.47753672e+02,-1.16337878e+02
286.360000,-1.47741319e+02,-1.16325541e+02
286.365000,-1.47752053e+02,-1.16336314e+02
286.370000,-1.47761244e+02,-1.16345501e+02
286.375000,-1.47765004e+02,-1.16349229e+02
286.380000,-1.47770310e+02,-1.16354521e+02
286.385000,-1.47768713e+02,-1.16352926e+02
286.390000,-1.47754841e+02,-1.16339070e+02
286.395000,-1.47752146e+02,-1.16336331e+02
286.400000,-1.47760345e+02,-1.16344512e+02
286.405000,-1.47765238e+02,-1.16349388e+02
286.410000,-1.47756947e+02,-1.16341117e+02
286.415000,-1.47760464e+02,-1.16344644e+02
286.420000,-1.47750272e+02,-1.16334421e+02
286.425000,-1.47746174e+02,-1.16330319e+02
286.430000,-1.47755920e+02,-1.16340038e+02
286.435000,-1.47764558e+02,-1.16348637e+02
286.440000,-1.47774176e+02,-1.16358264e+02
286.445000,-1.47782380e+02,-1.16366468e+02
286.450000,-1.47790725e+02,-1.16374797e+02
286.455000,-1.47808453e+02,-1.16392553e+02
286.460000,-1.47811975e+02,-1.16396084e+02
286.465000,-1.47798277e+02,-1.16382381e+02
286.470000,-1.47793674e+02,-1.16377750e+02
286.475000,-1.47789082e+02,-1.16373190e+02
286.480000,-1.47777686e+02,-1.16361797e+02
286.485000,-1.47781161e+02,-1.16365270e+02
286.490000,-1.47795674e+02,-1.16379782e+02
286.495000,-1.47809508e+02,-1.16393661e+02
286.500000,-1.47813052e+02,-1.16397205e+02
286.505000,-1.47813694e+02,-1.16397852e+02
286.510000,-1.47805243e+02,-1.16389441e+02
286.515000,-1.47803424e+02,-1.16387621e+02
286.520000,-1.47804589e+02,-1.16388783e+02
286.525000,-1.47794237e+02,-1.16378446e+02
286.530000,-1.47777589e+02,-1.16361828e+02
286.535000,-1.47768372e+02,-1.16352613e+02
286.540000,-1.47768006e+02,-1.16352257e+02
286.545000,-1.47773010e+02,-1.16357247e+02
286.550000,-1.47778259e+02,-1.16362506e+02
286.555000,-1.47796254e+02,-1.16380518e+02
286.560000,-1.47802709e+02,-1.16386995e+02
286.565000,-1.47812688e+02,-1.16396982e+02
286.570000,-1.47822736e+02,-1.16406994e+02
286.575000,-1.47818388e+02,-1.16402669e+02
286.580000,-1.47824109e+02,-1.16408394e+02
286.585000,-1.47824814e+02,-1.16409070e+02
286.590000,-1.47825271e+02,-1.16409541e+02
286.595000,-1.47813055e+02,-1.16397351e+02
286.600000,-1.47808326e+02,-1.16392630e+02
286.605000,-1.47820343e+02,-1.16404622e+02
286.610000,-1.47818926e+02,-1.16403211e+02
286.615000,-1.47821252e+02,-1.16405555e+02
286.620000,-1.47812148e+02,-1.16396430e+02
286.625000,-1.47812741e+02,-1.16397052e+02
286.630000,-1.47824818e+02,-1.16409083e+02
286.635000,-1.47820339e+02,-1.16404551e+02
286.640000,-1.47804336e+02,-1.16388539e+02
286.645000,-1.47790130e+02,-1.16374321e+02
286.650000,-1.47770159e+02,-1.16354364e+02
286.655000,-1.47761061e+02,-1.16345255e+02
286.660000,-1.47763799e+02,-1.16347988e+02
286.665000,-1.47765177e+02,-1.16349380e+02
286.670000,-1.47776963e+02,-1.16361170e+02
286.675000,-1.47785212e+02,-1.16369347e+02
286.680000,-1.47831299e+02,-1.16415431e+02
286.685000,-1.47849910e+02,-1.16434016e+02
286.690000,-1.47853672e+02,-1.16437761e+02
286.695000,-1.47869046e+02,-1.16453199e+02
286.700000,-1.47871678e+02,-1.16455761e+02
286.705000,-1.47875392e+02,-1.16459462e+02
286.710000,-1.47900717e+02,-1.16484722e+02
286.715000,-1.47906231e+02,-1.16490222e+02
286.720000,-1.47932508e+02,-1.16516524e+02
286.725000,-1.47953210e+02,-1.16537228e+02
286.730000,-1.47956461e+02,-1.16540515e+02
286.735000,-1.47968313e+02,-1.16552346e+02
286.740000,-1.47966750e+02,-1.16550815e+02
286.745000,-1.47975054e+02,-1.16559099e+02
286.750000,-1.47977043e+02,-1.16561096e+02
286.755000,-1.47980334e+02,-1.16564401e+02
286.760000,-1.47968954e+02,-1.16553067e+02
286.765000,-1.47957232e+02,-1.16541334e+02
286.770000,-1.47962542e+02,-1.16546646e+02
286.775000,-1.47964376e+02,-1.16548486e+02
286.780000,-1.47971558e+02,-1.16555635e+02
286.785000,-1.47976797e+02,-1.16560890e+02
286.790000,-1.47981710e+02,-1.16565848e+02
286.795000,-1.47991475e+02,-1.16575606e+02
286.800000,-1.48000415e+02,-1.16584548e+02
286.805000,-1.47990804e+02,-1.16574964e+02
286.810000,-1.48007625e+02,-1.16591825e+02
286.815000,-1.48019083e+02,-1.16603335e+02
286.820000,-1.48030018e+02,-1.16614273e+02
286.825000,-1.48045350e+02,-1.16629643e+02
286.830000,-1.48045642e+02,-1.16629935e+02
286.835000,-1.48054827e+02,-1.16639094e+02
286.840000,-1.48061609e+02,-1.16645871e+02
286.845000,-1.48065004e+02,-1.16649290e+02
286.850000,-1.48069969e+02,-1.16654234e+02
286.855000,-1.48073130e+02,-1.16657372e+02
286.860000,-1.48081644e+02,-1.16665824e+02
286.865000,-1.48095008e+02,-1.16679218e+02
286.870000,-1.48095566e+02,-1.16679834e+02
286.875000,-1.48083411e+02,-1.16667686e+02
286.880000,-1.48047210e+02,-1.16631446e+02
286.885000,-1.48025737e+02,-1.16609996e+02
286.890000,-1.48006228e+02,-1.16590495e+02
286.895000,-1.47989689e+02,-1.16573946e+02
286.900000,-1.47994654e+02,-1.16578934e+02
286.905000,-1.47994678e+02,-1.16578963e+02
286.910000,-1.47989009e+02,-1.16573303e+02
286.915000,-1.47993921e+02,-1.16578204e+02
286.920000,-1.48008403e+02,-1.16592715e+02
286.925000,-1.48012334e+02,-1.16596596e+02
286.930000,-1.48020828e+02,-1.16605063e+02
286.935000,-1.48020101e+02,-1.16604259e+02
286.940000,-1.48028805e+02,-1.16612933e+02
286.945000,-1.48040516e+02,-1.16624632e+02
286.950000,-1.48047948e+02,-1.16632090e+02
286.955000,-1.48041637e+02,-1.16625727e+02
286.960000,-1.48049142e+02,-1.16633240e+02
286.965000,-1.48052392e+02,-1.16636460e+02
286.970000,-1.48056507e+02,-1.16640559e+02
286.975000,-1.48051487e+02,-1.16635588e+02
286.980000,-1.48054149e+02,-1.16638282e+02
286.985000,-1.48047573e+02,-1.16631702e+02
286.990000,-1.48042050e+02,-1.16626202e+02
286.995000,-1.48041633e+02,-1.16625788e+02
287.000000,-1.48034183e+02,-1.16618336e+02
287.005000,-1.48028498e+02,-1.16612620e+02
287.010000,-1.48020991e+02,-1.16605128e+02
287.015000,-1.48015147e+02,-1.16599250e+02
287.020000,-1.48029450e+02,-1.16613551e+02
287.025000,-1.48027052e+02,-1.16611112e+02
287.030000,-1.48032279e+02,-1.16616332e+02
287.035000,-1.48033572e+02,-1.16617572e+02
287.040000,-1.48041452e+02,-1.16625503e+02
287.045000,-1.48040246e+02,-1.16624327e+02
287.050000,-1.48044830e+02,-1.16628927e+02
287.055000,-1.48063797e+02,-1.16647903e+02
287.060000,-1.48074942e+02,-1.16659055e+02
287.065000,-1.48083582e+02,-1.16667719e+02
287.070000,-1.48072121e+02,-1.16656307e+02
287.075000,-1.48077277e+02,-1.16661497e+02
287.080000,-1.48082526e+02,-1.16666772e+02
287.085000,-1.48089630e+02,-1.16673869e+02
287.090000,-1.48085034e+02,-1.16669245e+02
287.095000,-1.48080622e+02,-1.16664826e+02
287.100000,-1.48078569e+02,-1.16662760e+02
287.105000,-1.48078961e+02,-1.16663150e+02
287.110000,-1.48068832e+02,-1.16653002e+02
287.115000,-1.48059985e+02,-1.16644143e+02
287.120000,-1.48051830e+02,-1.16636007e+02
287.125000,-1.48069989e+02,-1.16654190e+02
287.130000,-1.48068999e+02,-1.16653144e+02
287.135000,-1.48078228e+02,-1.16662409e+02
287.140000,-1.48070118e+02,-1.16654294e+02
287.145000,-1.48055731e+02,-1.16639947e+02
287.150000,-1.48055531e+02,-1.16639736e+02
287.155000,-1.48053999e+02,-1.16638227e+02
287.160000,-1.48038479e+02,-1.16622717e+02
287.165000,-1.48052435e+02,-1.16636665e+02
287.170000,-1.48051420e+02,-1.16635636e+02
287.175000,-1.48039710e+02,-1.16623931e+02
287.180000,-1.48044674e+02,-1.16628860e+02
287.185000,-1.48056103e+02,-1.16640299e+02
287.190000,-1.48062645e+02,-1.16646855e+02
287.195000,-1.48072322e+02,-1.16656479e+02
287.200000,-1.48062300e+02,-1.16646447e+02
287.205000,-1.48064085e+02,-1.16648280e+02
287.210000,-1.48049401e+02,-1.16633619e+02
287.215000,-1.48038068e+02,-1.16622293e+02
287.220000,-1.48027367e+02,-1.16611586e+02
287.225000,-1.48014018e+02,-1.16598226e+02
287.230000,-1.47998683e+02,-1.16582890e+02
287.235000,-1.48001703e+02,-1.16585872e+02
287.240000,-1.48003348e+02,-1.16587505e+02
287.245000,-1.48016607e+02,-1.16600750e+02
287.250000,-1.48033032e+02,-1.16617178e+02
287.255000,-1.48035780e+02,-1.16619912e+02
287.260000,-1.48033608e+02,-1.16617749e+02
287.265000,-1.48055594e+02,-1.16639753e+02
287.270000,-1.48046822e+02,-1.16630916e+02
287.275000,-1.48050838e+02,-1.16634928e+02
287.280000,-1.48048097e+02,-1.16632187e+02
287.285000,-1.48047178e+02,-1.16631294e+02
287.290000,-1.48040090e+02,-1.16624169e+02
287.295000,-1.48048950e+02,-1.16633046e+02
287.300000,-1.48056700e+02,-1.16640794e+02
287.305000,-1.48065790e+02,-1.16649932e+02
287.310000,-1.48057490e+02,-1.16641626e+02
287.315000,-1.48067630e+02,-1.16651743e+02
287.320000,-1.48066806e+02,-1.16650916e+02
287.325000,-1.48065192e+02,-1.16649309e+02
287.330000,-1.48072419e+02,-1.16656585e+02
287.335000,-1.48077699e+02,-1.16661817e+02
287.340000,-1.48073670e+02,-1.16657792e+02
287.345000,-1.48062852e+02,-1.16646979e+02
287.350000,-1.48048167e+02,-1.16632293e+02
287.355000,-1.48034679e+02,-1.16618826e+02
287.360000,-1.48050177e+02,-1.16634335e+02
287.365000,-1.48059300e+02,-1.16643471e+02
287.370000,-1.48067995e+02,-1.16652161e+02
287.375000,-1.48069914e+02,-1.16654113e+02
287.380000,-1.48027128e+02,-1.16611333e+02
287.385000,-1.48034616e+02,-1.16618837e+02
287.390000,-1.48032417e+02,-1.16616617e+02
287.395000,-1.48024495e+02,-1.16608668e+02
287.400000,-1.48019601e+02,-1.16603767e+02
287.405000,-1.48014313e+02,-1.16598495e+02
287.410000,-1.48000286e+02,-1.16584485e+02
287.415000,-1.48027014e+02,-1.16611190e+02
287.420000,-1.48032659e+02,-1.16616847e+02
287.425000,-1.48030769e+02,-1.16614938e+02
287.430000,-1.48029562e+02,-1.16613735e+02
287.435000,-1.48027628e+02,-1.16611819e+02
287.440000,-1.48017319e+02,-1.16601523e+02
287.445000,-1.48012882e+02,-1.16597106e+02
287.450000,-1.48001828e+02,-1.16586058e+02
287.455000,-1.47998738e+02,-1.16582954e+02
287.460000,-1.48000373e+02,-1.16584567e+02
287.465000,-1.47996635e+02,-1.16580841e+02
287.470000,-1.47997248e+02,-1.16581415e+02
287.475000,-1.48009202e+02,-1.16593372e+02
287.480000,-1.48022335e+02,-1.16606503e+02
287.485000,-1.48028255e+02,-1.16612456e+02
287.490000,-1.48036723e+02,-1.16620890e+02
287.495000,-1.48028019e+02,-1.16612169e+02
287.500000,-1.48007428e+02,-1.16591545e+02
287.505000,-1.48021448e+02,-1.16605587e+02
287.510000,-1.48021667e+02,-1.16605797e+02
287.515000,-1.48020756e+02,-1.16604911e+02
287.520000,-1.48015222e+02,-1.16599372e+02
287.525000,-1.48016668e+02,-1.16600854e+02
287.530000,-1.48014262e+02,-1.16598431e+02
287.535000,-1.48027328e+02,-1.16611493e+02
287.540000,-1.48030367e+02,-1.16614527e+02
287.545000,-1.48029250e+02,-1.16613410e+02
287.550000,-1.48029027e+02,-1.16613188e+02
287.555000,-1.48028188e+02,-1.16612358e+02
287.560000,-1.48033279e+02,-1.16617431e+02
287.565000,-1.48049782e+02,-1.16633921e+02
287.570000,-1.48056225e+02,-1.16640400e+02
287.575000,-1.48042490e+02,-1.16626664e+02
287.580000,-1.48037532e+02,-1.16621707e+02
287.585000,-1.48038009e+02,-1.16622175e+02
287.590000,-1.48030240e+02,-1.16614413e+02
287.595000,-1.48039143e+02,-1.16623318e+02
287.600000,-1.48052176e+02,-1.16636339e+02
287.605000,-1.48045043e+02,-1.16629197e+02
287.610000,-1.48041923e+02,-1.16626085e+02
287.615000,-1.48032555e+02,-1.16616739e+02
287.620000,-1.48036251e+02,-1.16620434e+02
287.625000,-1.48044990e+02,-1.16629207e+02
287.630000,-1.48046557e+02,-1.16630771e+02
287.635000,-1.48055117e+02,-1.16639282e+02
287.640000,-1.48054932e+02,-1.16639091e+02
287.645000,-1.48048148e+02,-1.16632345e+02
287.650000,-1.48030560e+02,-1.16614724e+02
287.655000,-1.48028946e+02,-1.16613106e+02
287.660000,-1.48023720e+02,-1.16607943e+02
287.665000,-1.48023674e+02,-1.16607889e+02
287.670000,-1.48019624e+02,-1.16603827e+02
287.675000,-1.48024299e+02,-1.16608471e+02
287.680000,-1.47994449e+02,-1.16578624e+02
287.685000,-1.47990488e+02,-1.16574694e+02
287.690000,-1.47978687e+02,-1.16562878e+02
287.695000,-1.47981258e+02,-1.16565428e+02
287.700000,-1.47990260e+02,-1.16574433e+02
287.705000,-1.47994348e+02,-1.16578527e+02
287.710000,-1.47999367e+02,-1.16583535e+02
287.715000,-1.47998191e+02,-1.16582357e+02
287.720000,-1.47998446e+02,-1.16582593e+02
287.725000,-1.48003358e+02,-1.16587503e+02
287.730000,-1.48012562e+02,-1.16596732e+02
287.735000,-1.48010215e+02,-1.16594334e+02
287.740000,-1.47997665e+02,-1.16581778e+02
287.745000,-1.48019123e+02,-1.16603249e+02
287.750000,-1.48026143e+02,-1.16610264e+02
287.755000,-1.48020687e+02,-1.16604814e+02
287.760000,-1.48032100e+02,-1.16616176e+02
287.765000,-1.48021519e+02,-1.16605626e+02
287.770000,-1.48004741e+02,-1.16588879e+02
287.775000,-1.47996362e+02,-1.16580469e+02
287.780000,-1.47992744e+02,-1.16576908e+02
287.785000,-1.47989457e+02,-1.16573591e+02
287.790000,-1.47993587e+02,-1.16577729e+02
287.795000,-1.47992152e+02,-1.16576289e+02
287.800000,-1.47972830e+02,-1.16556940e+02
287.805000,-1.47980658e+02,-1.16564707e+02
287.810000,-1.47976758e+02,-1.16560818e+02
287.815000,-1.47980132e+02,-1.16564208e+02
287.820000,-1.47985242e+02,-1.16569335e+02
287.825000,-1.47983093e+02,-1.16567208e+02
287.830000,-1.47982515e+02,-1.16566648e+02
287.835000,-1.47994245e+02,-1.16578388e+02
287.840000,-1.48005269e+02,-1.16589372e+02
287.845000,-1.48013714e+02,-1.16597799e+02
287.850000,-1.48005238e+02,-1.16589376e+02
287.855000,-1.48010537e+02,-1.16594690e+02
287.860000,-1.48001239e+02,-1.16585397e+02
287.865000,-1.48004161e+02,-1.16588336e+02
287.870000,-1.48002800e+02,-1.16586978e+02
287.875000,-1.48005368e+02,-1.16589559e+02
287.880000,-1.48012584e+02,-1.16596799e+02
287.885000,-1.48014021e+02,-1.16598177e+02
287.890000,-1.48005632e+02,-1.16589807e+02
287.895000,-1.48003284e+02,-1.16587496e+02
287.900000,-1.48013741e+02,-1.16597991e+02
287.905000,-1.48009218e+02,-1.16593453e+02
287.910000,-1.48003552e+02,-1.16587798e+02
287.915000,-1.47974604e+02,-1.16558886e+02
287.920000,-1.47961799e+02,-1.16546103e+02
287.925000,-1.47964198e+02,-1.16548496e+02
287.930000,-1.47965822e+02,-1.16550109e+02
287.935000,-1.47957204e+02,-1.16541496e+02
287.940000,-1.47954329e+02,-1.16538605e+02
287.945000,-1.47942626e+02,-1.16526872e+02
287.950000,-1.47946336e+02,-1.16530569e+02
287.955000,-1.47954183e+02,-1.16538432e+02
287.960000,-1.47958339e+02,-1.16542572e+02
287.965000,-1.47974270e+02,-1.16558469e+02
287.970000,-1.47968983e+02,-1.16553126e+02
287.975000,-1.47974939e+02,-1.16559096e+02
287.980000,-1.47976863e+02,-1.16561075e+02
287.985000,-1.47978256e+02,-1.16562452e+02
287.990000,-1.47979806e+02,-1.16564017e+02
287.995000,-1.47993460e+02,-1.16577640e+02
288.000000,-1.47997931e+02,-1.16582115e+02
288.005000,-1.48002852e+02,-1.16587019e+02
288.010000,-1.47985810e+02,-1.16569980e+02
288.015000,-1.47976741e+02,-1.16560884e+02
288.020000,-1.47965252e+02,-1.16549380e+02
288.025000,-1.47977504e+02,-1.16561646e+02
288.030000,-1.47979618e+02,-1.16563743e+02
288.035000,-1.47983534e+02,-1.16567650e+02
288.040000,-1.47982107e+02,-1.16566199e+02
288.045000,-1.47977266e+02,-1.16561353e+02
288.050000,-1.47976095e+02,-1.16560206e+02
288.055000,-1.47975361e+02,-1.16559426e+02
288.060000,-1.47973026e+02,-1.16557113e+02
288.065000,-1.47991102e+02,-1.16575144e+02
288.070000,-1.47994215e+02,-1.16578231e+02
288.075000,-1.48001514e+02,-1.16585524e+02
288.080000,-1.47987917e+02,-1.16571950e+02
288.085000,-1.47982257e+02,-1.16566326e+02
288.090000,-1.47969956e+02,-1.16554073e+02
288.095000,-1.47980056e+02,-1.16564165e+02
288.100000,-1.47987009e+02,-1.16571134e+02
288.105000,-1.47993494e+02,-1.16577625e+02
288.110000,-1.47999290e+02,-1.16583489e+02
288.115000,-1.48012140e+02,-1.16596334e+02
288.120000,-1.48016461e+02,-1.16600649e+02
288.125000,-1.48020128e+02,-1.16604341e+02
288.130000,-1.48008988e+02,-1.16593186e+02
288.135000,-1.48003316e+02,-1.16587533e+02
288.140000,-1.47999438e+02,-1.16583631e+02
288.145000,-1.48007385e+02,-1.16591559e+02
288.150000,-1.47981682e+02,-1.16565897e+02
288.155000,-1.47969900e+02,-1.16554115e+02
288.160000,-1.47967314e+02,-1.16551479e+02
288.165000,-1.47961168e+02,-1.16545363e+02
288.170000,-1.47952877e+02,-1.16537086e+02
288.175000,-1.47957310e+02,-1.16541561e+02
288.180000,-1.47958239e+02,-1.16542505e+02
288.185000,-1.47977734e+02,-1.16561988e+02
288.190000,-1.47985103e+02,-1.16569351e+02
288.195000,-1.47991951e+02,-1.16576200e+02
288.200000,-1.47995867e+02,-1.16580134e+02
288.205000,-1.48015858e+02,-1.16600073e+02
288.210000,-1.48007361e+02,-1.16591593e+02
288.215000,-1.47988439e+02,-1.16572658e+02
288.220000,-1.47987044e+02,-1.16571265e+02
288.225000,-1.48013246e+02,-1.16597408e+02
288.230000,-1.48024911e+02,-1.16609086e+02
288.235000,-1.48021788e+02,-1.16605915e+02
288.240000,-1.48022699e+02,-1.16606841e+02
288.245000,-1.48014282e+02,-1.16598431e+02
288.250000,-1.48009716e+02,-1.16593899e+02
288.255000,-1.47998877e+02,-1.16583065e+02
288.260000,-1.47978769e+02,-1.16562974e+02
288.265000,-1.47966565e+02,-1.16550735e+02
288.270000,-1.47963002e+02,-1.16547159e+02
288.275000,-1.47961380e+02,-1.16545519e+02
288.280000,-1.47949360e+02,-1.16533468e+02
288.285000,-1.47950465e+02,-1.16534620e+02
288.290000,-1.47967296e+02,-1.16551470e+02
288.295000,-1.47998138e+02,-1.16582345e+02
288.300000,-1.48015699e+02,-1.16599859e+02
288.305000,-1.48023758e+02,-1.16607875e+02
288.310000,-1.48021933e+02,-1.16606094e+02
288.315000,-1.48030943e+02,-1.16615106e+02
288.320000,-1.48042258e+02,-1.16626418e+02
288.325000,-1.48040835e+02,-1.16624994e+02
288.330000,-1.48060963e+02,-1.16645106e+02
288.335000,-1.48069154e+02,-1.16653323e+02
288.340000,-1.48073963e+02,-1.16658153e+02
288.345000,-1.48089300e+02,-1.16673518e+02
288.350000,-1.48093517e+02,-1.16677751e+02
288.355000,-1.48078596e+02,-1.16662822e+02
288.360000,-1.48070901e+02,-1.16655129e+02
288.365000,-1.48058785e+02,-1.16643048e+02
288.370000,-1.48051016e+02,-1.16635229e+02
288.375000,-1.48059173e+02,-1.16643358e+02
288.380000,-1.48063364e+02,-1.16647551e+02
288.385000,-1.48053488e+02,-1.16637676e+02
288.390000,-1.48057615e+02,-1.16641826e+02
288.395000,-1.48061775e+02,-1.16646001e+02
288.400000,-1.48063868e+02,-1.16648101e+02
288.405000,-1.48087131e+02,-1.16671407e+02
288.410000,-1.48092037e+02,-1.16676287e+02
288.415000,-1.48080207e+02,-1.16664427e+02
288.420000,-1.48089902e+02,-1.16674114e+02
288.425000,-1.48092699e+02,-1.16676854e+02
288.430000,-1.48077465e+02,-1.16661612e+02
288.435000,-1.48080783e+02,-1.16664918e+02
288.440000,-1.48084331e+02,-1.16668425e+02
288.445000,-1.48078262e+02,-1.16662353e+02
288.450000,-1.48070971e+02,-1.16655095e+02
288.455000,-1.48067037e+02,-1.16651158e+02
288.460000,-1.48072363e+02,-1.16656433e+02
288.465000,-1.48070002e+02,-1.16654063e+02
288.470000,-1.48062589e+02,-1.16646659e+02
288.475000,-1.48042322e+02,-1.16626403e+02
288.480000,-1.48041709e+02,-1.16625814e+02
288.485000,-1.48035542e+02,-1.16619686e+02
288.490000,-1.48025257e+02,-1.16609402e+02
288.495000,-1.48020975e+02,-1.16605120e+02
288.500000,-1.48018679e+02,-1.16602819e+02
288.505000,-1.48019125e+02,-1.16603280e+02
288.510000,-1.48038818e+02,-1.16622965e+02
288.515000,-1.48061952e+02,-1.16646043e+02
288.520000,-1.48067156e+02,-1.16651222e+02
288.525000,-1.48070589e+02,-1.16654649e+02
288.530000,-1.48071178e+02,-1.16655245e+02
288.535000,-1.48069137e+02,-1.16653202e+02
288.540000,-1.48086880e+02,-1.16670963e+02
288.545000,-1.48094057e+02,-1.16678159e+02
288.550000,-1.48091385e+02,-1.16675502e+02
288.555000,-1.48098288e+02,-1.16682415e+02
288.560000,-1.48096631e+02,-1.16680781e+02
288.565000,-1.48071425e+02,-1.16655582e+02
288.570000,-1.48067225e+02,-1.16651447e+02
288.575000,-1.48069539e+02,-1.16653783e+02
288.580000,-1.48063319e+02,-1.16647550e+02
288.585000,-1.48065614e+02,-1.16649839e+02
288.590000,-1.48062964e+02,-1.16647195e+02
288.595000,-1.48052170e+02,-1.16636366e+02
288.600000,-1.48054387e+02,-1.16638590e+02
288.605000,-1.48054497e+02,-1.16638690e+02
288.610000,-1.48050817e+02,-1.16635026e+02
288.615000,-1.48054265e+02,-1.16638479e+02
288.620000,-1.48058486e+02,-1.16642690e+02
288.625000,-1.48068258e+02,-1.16652528e+02
288.630000,-1.48086309e+02,-1.16670587e+02
288.635000,-1.48092769e+02,-1.16677047e+02
288.640000,-1.48079733e+02,-1.16663996e+02
288.645000,-1.48084833e+02,-1.16669137e+02
288.650000,-1.48088898e+02,-1.16673160e+02
288.655000,-1.48067669e+02,-1.16651959e+02
288.660000,-1.48071722e+02,-1.16655996e+02
288.665000,-1.48068650e+02,-1.16652907e+02
288.670000,-1.48069537e+02,-1.16653735e+02
288.675000,-1.48066285e+02,-1.16650461e+02
288.680000,-1.48048090e+02,-1.16632287e+02
288.685000,-1.48035744e+02,-1.16619953e+02
288.690000,-1.48048818e+02,-1.16632925e+02
288.695000,-1.48045646e+02,-1.16629751e+02
288.700000,-1.48044251e+02,-1.16628344e+02
288.705000,-1.48035649e+02,-1.16619733e+02
288.710000,-1.48028180e+02,-1.16612275e+02
288.715000,-1.48022064e+02,-1.16606179e+02
288.720000,-1.48033231e+02,-1.16617315e+02
288.725000,-1.48032443e+02,-1.16616543e+02
288.730000,-1.48038194e+02,-1.16622270e+02
288.735000,-1.48049372e+02,-1.16633421e+02
288.740000,-1.48062172e+02,-1.16646221e+02
288.745000,-1.48064749e+02,-1.16648763e+02
288.750000,-1.48080675e+02,-1.16664710e+02
288.755000,-1.48085860e+02,-1.16669893e+02
288.760000,-1.48090108e+02,-1.16674160e+02
288.765000,-1.48101678e+02,-1.16685730e+02
288.770000,-1.48093036e+02,-1.16677110e+02
288.775000,-1.48071375e+02,-1.16655438e+02
288.780000,-1.48067945e+02,-1.16652033e+02
288.785000,-1.48067584e+02,-1.16651675e+02
288.790000,-1.48062130e+02,-1.16646237e+02
288.795000,-1.48065085e+02,-1.16649189e+02
288.800000,-1.48061952e+02,-1.16646062e+02
288.805000,-1.48053966e+02,-1.16638062e+02
288.810000,-1.48056926e+02,-1.16641070e+02
288.815000,-1.48048940e+02,-1.16633061e+02
288.820000,-1.48042746e+02,-1.16626861e+02
288.825000,-1.48038974e+02,-1.16623116e+02
288.830000,-1.48029869e+02,-1.16614035e+02
288.835000,-1.48018464e+02,-1.16602622e+02
288.840000,-1.48008392e+02,-1.16592571e+02
288.845000,-1.48007249e+02,-1.16591452e+02
288.850000,-1.48008776e+02,-1.16593009e+02
288.855000,-1.48013008e+02,-1.16597247e+02
288.860000,-1.48003212e+02,-1.16587468e+02
288.865000,-1.48001086e+02,-1.16585324e+02
288.870000,-1.48030273e+02,-1.16614537e+02
288.875000,-1.48047829e+02,-1.16632055e+02
288.880000,-1.48041684e+02,-1.16625909e+02
288.885000,-1.48042968e+02,-1.16627207e+02
288.890000,-1.48041114e+02,-1.16625366e+02
288.895000,-1.48012803e+02,-1.16597017e+02
288.900000,-1.48004375e+02,-1.16588546e+02
288.905000,-1.48006846e+02,-1.16590960e+02
288.910000,-1.47999368e+02,-1.16583521e+02
288.915000,-1.47994168e+02,-1.16578321e+02
288.920000,-1.47986961e+02,-1.16571140e+02
288.925000,-1.47962542e+02,-1.16546687e+02
288.930000,-1.47950778e+02,-1.16534953e+02
288.935000,-1.47930216e+02,-1.16514431e+02
288.940000,-1.47909848e+02,-1.16494077e+02
288.945000,-1.47908691e+02,-1.16492913e+02
288.950000,-1.47902935e+02,-1.16487166e+02
288.955000,-1.47898712e+02,-1.16482837e+02
288.960000,-1.47918288e+02,-1.16502417e+02
288.965000,-1.47919440e+02,-1.16503560e+02
288.970000,-1.47921453e+02,-1.16505568e+02
288.975000,-1.47930707e+02,-1.16514799e+02
288.980000,-1.47937623e+02,-1.16521662e+02
288.985000,-1.47940043e+02,-1.16524107e+02
288.990000,-1.47961764e+02,-1.16545859e+02
288.995000,-1.47989053e+02,-1.16573130e+02
289.000000,-1.48000360e+02,-1.16584425e+02
289.005000,-1.48014233e+02,-1.16598314e+02
289.010000,-1.48029921e+02,-1.16613983e+02
289.015000,-1.48025582e+02,-1.16609651e+02
289.020000,-1.48038090e+02,-1.16622252e+02
289.025000,-1.48040320e+02,-1.16624411e+02
289.030000,-1.48010936e+02,-1.16595053e+02
289.035000,-1.47989900e+02,-1.16574064e+02
289.040000,-1.47981932e+02,-1.16566094e+02
289.045000,-1.47966629e+02,-1.16550806e+02
289.050000,-1.47964314e+02,-1.16548427e+02
289.055000,-1.47944864e+02,-1.16529002e+02
289.060000,-1.47928872e+02,-1.16512988e+02
289.065000,-1.47922015e+02,-1.16506140e+02
289.070000,-1.47927176e+02,-1.16511350e+02
289.075000,-1.47922853e+02,-1.16507038e+02
289.080000,-1.47937266e+02,-1.16521450e+02
289.085000,-1.47944701e+02,-1.16528875e+02
289.090000,-1.47948037e+02,-1.16532235e+02
289.095000,-1.47963359e+02,-1.16547563e+02
289.100000,-1.47963867e+02,-1.16548090e+02
289.105000,-1.47955727e+02,-1.16539945e+02
289.110000,-1.47972451e+02,-1.16556657e+02
289.115000,-1.47981721e+02,-1.16565939e+02
289.120000,-1.47992576e+02,-1.16576774e+02
289.125000,-1.48002888e+02,-1.16587066e+02
289.130000,-1.48008394e+02,-1.16592618e+02
289.135000,-1.48011599e+02,-1.16595744e+02
289.140000,-1.48028353e+02,-1.16612529e+02
289.145000,-1.48038662e+02,-1.16622851e+02
289.150000,-1.48037418e+02,-1.16621615e+02
289.155000,-1.48036810e+02,-1.16621020e+02
289.160000,-1.48015517e+02,-1.16599761e+02
289.165000,-1.47994490e+02,-1.16578701e+02
289.170000,-1.47989399e+02,-1.16573631e+02
289.175000,-1.47977094e+02,-1.16561361e+02
289.180000,-1.47966823e+02,-1.16551047e+02
289.185000,-1.47973886e+02,-1.16558069e+02
289.190000,-1.47964640e+02,-1.16548795e+02
289.195000,-1.47949168e+02,-1.16533345e+02
289.200000,-1.47960737e+02,-1.16544940e+02
289.205000,-1.47967230e+02,-1.16551444e+02
289.210000,-1.47974680e+02,-1.16558832e+02
289.215000,-1.47988348e+02,-1.16572475e+02
289.220000,-1.48000311e+02,-1.16584444e+02
289.225000,-1.48002838e+02,-1.16586933e+02
289.230000,-1.48015103e+02,-1.16599205e+02
289.235000,-1.48024300e+02,-1.16608381e+02
289.240000,-1.48030935e+02,-1.16615010e+02
289.245000,-1.48037704e+02,-1.16621799e+02
289.250000,-1.48040505e+02,-1.16624604e+02
289.255000,-1.48034511e+02,-1.16618618e+02
289.260000,-1.48038577e+02,-1.16622700e+02
289.265000,-1.48037483e+02,-1.16621582e+02
289.270000,-1.48030468e+02,-1.16614580e+02
289.275000,-1.48036335e+02,-1.16620400e+02
289.280000,-1.48038542e+02,-1.16622573e+02
289.285000,-1.48039431e+02,-1.16623453e+02
289.290000,-1.48044415e+02,-1.16628479e+02
289.295000,-1.48031978e+02,-1.16616049e+02
289.300000,-1.48015228e+02,-1.16599321e+02
289.305000,-1.48005721e+02,-1.16589805e+02
289.310000,-1.48000084e+02,-1.16584191e+02
289.315000,-1.47992340e+02,-1.16576470e+02
289.320000,-1.48000209e+02,-1.16584333e+02
289.325000,-1.48008049e+02,-1.16592148e+02
289.330000,-1.48013580e+02,-1.16597669e+02
289.335000,-1.48020352e+02,-1.16604442e+02
289.340000,-1.48029258e+02,-1.16613365e+02
289.345000,-1.48023545e+02,-1.16607661e+02
289.350000,-1.48033015e+02,-1.16617145e+02
289.355000,-1.48037244e+02,-1.16621393e+02
289.360000,-1.48042205e+02,-1.16626383e+02
289.365000,-1.48054277e+02,-1.16638445e+02
289.370000,-1.48056376e+02,-1.16640565e+02
289.375000,-1.48051325e+02,-1.16635509e+02
289.380000,-1.48062673e+02,-1.16646878e+02
289.385000,-1.48069982e+02,-1.16654159e+02
289.390000,-1.48065491e+02,-1.16649676e+02
289.395000,-1.48076552e+02,-1.16660774e+02
289.400000,-1.48072225e+02,-1.16656440e+02
289.405000,-1.48063454e+02,-1.16647649e+02
289.410000,-1.48060966e+02,-1.16645232e+02
289.415000,-1.48062504e+02,-1.16646723e+02
289.420000,-1.48058824e+02,-1.16643046e+02
289.425000,-1.48055092e+02,-1.16639297e+02
289.430000,-1.48042426e+02,-1.16626643e+02
289.435000,-1.48031170e+02,-1.16615355e+02
289.440000,-1.48032705e+02,-1.16616913e+02
289.445000,-1.48042283e+02,-1.16626480e+02
289.450000,-1.48050169e+02,-1.16634391e+02
289.455000,-1.48063558e+02,-1.16647755e+02
289.460000,-1.48070503e+02,-1.16654704e+02
289.465000,-1.48071878e+02,-1.16656055e+02
289.470000,-1.48074333e+02,-1.16658490e+02
289.475000,-1.48079156e+02,-1.16663285e+02
289.480000,-1.48070368e+02,-1.16654508e+02
289.485000,-1.48074652e+02,-1.16658809e+02
289.490000,-1.48079339e+02,-1.16663470e+02
289.495000,-1.48073315e+02,-1.16657447e+02
289.500000,-1.48077673e+02,-1.16661799e+02
289.505000,-1.48069350e+02,-1.16653462e+02
289.510000,-1.48061708e+02,-1.16645806e+02
289.515000,-1.48064630e+02,-1.16648749e+02
289.520000,-1.48066160e+02,-1.16650262e+02
289.525000,-1.48069412e+02,-1.16653523e+02
289.530000,-1.48072172e+02,-1.16656269e+02
289.535000,-1.48074068e+02,-1.16658156e+02
289.540000,-1.48089039e+02,-1.16673085e+02
289.545000,-1.48094176e+02,-1.16678223e+02
289.550000,-1.48094075e+02,-1.16678144e+02
289.555000,-1.48076971e+02,-1.16661045e+02
289.560000,-1.48086582e+02,-1.16670614e+02
289.565000,-1.48085313e+02,-1.16669393e+02
289.570000,-1.48075703e+02,-1.16659772e+02
289.575000,-1.48075149e+02,-1.16659238e+02
289.580000,-1.48079173e+02,-1.16663262e+02
289.585000,-1.48071864e+02,-1.16655947e+02
289.590000,-1.48084876e+02,-1.16668961e+02
289.595000,-1.48079971e+02,-1.16664066e+02
289.600000,-1.48077993e+02,-1.16662082e+02
289.605000,-1.48081634e+02,-1.16665742e+02
289.610000,-1.48078001e+02,-1.16662124e+02
289.615000,-1.48077348e+02,-1.16661461e+02
289.620000,-1.48078349e+02,-1.16662468e+02
289.625000,-1.48086743e+02,-1.16670834e+02
289.630000,-1.48092344e+02,-1.16676458e+02
289.635000,-1.48097946e+02,-1.16682082e+02
289.640000,-1.48115008e+02,-1.16699103e+02
289.645000,-1.48115631e+02,-1.16699794e+02
289.650000,-1.48129463e+02,-1.16713634e+02
289.655000,-1.48133196e+02,-1.16717360e+02
289.660000,-1.48135336e+02,-1.16719511e+02
289.665000,-1.48146807e+02,-1.16731009e+02
289.670000,-1.48168314e+02,-1.16752498e+02
289.675000,-1.48166570e+02,-1.16750769e+02
289.680000,-1.48176175e+02,-1.16760391e+02
289.685000,-1.48189187e+02,-1.16773377e+02
289.690000,-1.48182587e+02,-1.16766760e+02
289.695000,-1.48189929e+02,-1.16774076e+02
289.700000,-1.48177513e+02,-1.16761712e+02
289.705000,-1.48164775e+02,-1.16748953e+02
289.710000,-1.48165621e+02,-1.16749743e+02
289.715000,-1.48173257e+02,-1.16757384e+02
289.720000,-1.48169770e+02,-1.16753857e+02
289.725000,-1.48164641e+02,-1.16748734e+02
289.730000,-1.48177083e+02,-1.16761188e+02
289.735000,-1.48177436e+02,-1.16761528e+02
289.740000,-1.48185975e+02,-1.16770109e+02
289.745000,-1.48185443e+02,-1.16769579e+02
289.750000,-1.48179130e+02,-1.16763274e+02
289.755000,-1.48192295e+02,-1.16776460e+02
289.760000,-1.48199179e+02,-1.16783317e+02
289.765000,-1.48195076e+02,-1.16779242e+02
289.770000,-1.48202461e+02,-1.16786594e+02
289.775000,-1.48205634e+02,-1.16789775e+02
289.780000,-1.48205388e+02,-1.16789493e+02
289.785000,-1.48212566e+02,-1.16796721e+02
289.790000,-1.48208005e+02,-1.16792176e+02
289.795000,-1.48204841e+02,-1.16789027e+02
289.800000,-1.48218043e+02,-1.16802179e+02
289.805000,-1.48221874e+02,-1.16805975e+02
289.810000,-1.48224050e+02,-1.16808131e+02
289.815000,-1.48233131e+02,-1.16817232e+02
289.820000,-1.48233201e+02,-1.16817302e+02
289.825000,-1.48238194e+02,-1.16822286e+02
289.830000,-1.48242748e+02,-1.16826850e+02
289.835000,-1.48240713e+02,-1.16824839e+02
289.840000,-1.48229143e+02,-1.16813261e+02
289.845000,-1.48225456e+02,-1.16809596e+02
289.850000,-1.48228320e+02,-1.16812433e+02
289.855000,-1.48228704e+02,-1.16812833e+02
289.860000,-1.48231600e+02,-1.16815705e+02
289.865000,-1.48238390e+02,-1.16822494e+02
289.870000,-1.48241212e+02,-1.16825309e+02
289.875000,-1.48242053e+02,-1.16826177e+02
289.880000,-1.48243536e+02,-1.16827679e+02
289.885000,-1.48249393e+02,-1.16833525e+02
289.890000,-1.48260466e+02,-1.16844586e+02
289.895000,-1.48271203e+02,-1.16855332e+02
289.900000,-1.48284440e+02,-1.16868582e+02
289.905000,-1.48307919e+02,-1.16892057e+02
289.910000,-1.48314891e+02,-1.16899054e+02
289.915000,-1.48328792e+02,-1.16912940e+02
289.920000,-1.48330637e+02,-1.16914746e+02
289.925000,-1.48338192e+02,-1.16922296e+02
289.930000,-1.48348213e+02,-1.16932356e+02
289.935000,-1.48357663e+02,-1.16941791e+02
289.940000,-1.48358307e+02,-1.16942499e+02
289.945000,-1.48363364e+02,-1.16947523e+02
289.950000,-1.48364462e+02,-1.16948616e+02
289.955000,-1.48371069e+02,-1.16955232e+02
289.960000,-1.48381387e+02,-1.16965492e+02
289.965000,-1.48370946e+02,-1.16955067e+02
289.970000,-1.48349568e+02,-1.16933647e+02
289.975000,-1.48329724e+02,-1.16913839e+02
289.980000,-1.48332441e+02,-1.16916574e+02
289.985000,-1.48334126e+02,-1.16918279e+02
289.990000,-1.48339509e+02,-1.16923653e+02
289.995000,-1.48335943e+02,-1.16920024e+02
290.000000,-1.48340396e+02,-1.16924508e+02
290.005000,-1.48335013e+02,-1.16919153e+02
290.010000,-1.48339818e+02,-1.16923925e+02
290.015000,-1.48349005e+02,-1.16933099e+02
290.020000,-1.48348661e+02,-1.16932745e+02
290.025000,-1.48350146e+02,-1.16934240e+02
290.030000,-1.48359720e+02,-1.16943844e+02
290.035000,-1.48366631e+02,-1.16950753e+02
290.040000,-1.48355443e+02,-1.16939574e+02
290.045000,-1.48360402e+02,-1.16944561e+02
290.050000,-1.48365131e+02,-1.16949241e+02
290.055000,-1.48372716e+02,-1.16956820e+02
290.060000,-1.48379010e+02,-1.16963147e+02
290.065000,-1.48377911e+02,-1.16962029e+02
290.070000,-1.48404801e+02,-1.16988818e+02
290.075000,-1.48410146e+02,-1.16994192e+02
290.080000,-1.48406625e+02,-1.16990686e+02
290.085000,-1.48407706e+02,-1.16991789e+02
290.090000,-1.48411090e+02,-1.16995192e+02
290.095000,-1.48422941e+02,-1.17007049e+02
290.100000,-1.48421345e+02,-1.17005479e+02
290.105000,-1.48418510e+02,-1.17002655e+02
290.110000,-1.48415826e+02,-1.16999974e+02
290.115000,-1.48408981e+02,-1.16993140e+02
290.120000,-1.48411402e+02,-1.16995545e+02
290.125000,-1.48415041e+02,-1.16999207e+02
290.130000,-1.48419949e+02,-1.17004107e+02
290.135000,-1.48434045e+02,-1.17018207e+02
290.140000,-1.48443501e+02,-1.17027652e+02
290.145000,-1.48443242e+02,-1.17027426e+02
290.150000,-1.48453284e+02,-1.17037446e+02
290.155000,-1.48463734e+02,-1.17047852e+02
290.160000,-1.48476274e+02,-1.17060442e+02
290.165000,-1.48477151e+02,-1.17061284e+02
290.170000,-1.48480288e+02,-1.17064390e+02
290.175000,-1.48500016e+02,-1.17084121e+02
290.180000,-1.48506331e+02,-1.17090467e+02
290.185000,-1.48534943e+02,-1.17119122e+02
290.190000,-1.48539484e+02,-1.17123661e+02
290.195000,-1.48539173e+02,-1.17123365e+02
290.200000,-1.48546640e+02,-1.17130817e+02
290.205000,-1.48549753e+02,-1.17133951e+02
290.210000,-1.48565204e+02,-1.17149426e+02
290.215000,-1.48570277e+02,-1.17154471e+02
290.220000,-1.48564535e+02,-1.17148685e+02
290.225000,-1.48573544e+02,-1.17157627e+02
290.230000,-1.48568381e+02,-1.17152466e+02
290.235000,-1.48553633e+02,-1.17137735e+02
290.240000,-1.48551602e+02,-1.17135685e+02
290.245000,-1.48541534e+02,-1.17125629e+02
290.250000,-1.48531795e+02,-1.17115889e+02
290.255000,-1.48522842e+02,-1.17106925e+02
290.260000,-1.48505703e+02,-1.17089803e+02
290.265000,-1.48497805e+02,-1.17081895e+02
290.270000,-1.48511145e+02,-1.17095268e+02
290.275000,-1.48527920e+02,-1.17112005e+02
290.280000,-1.48540559e+02,-1.17124671e+02
290.285000,-1.48543213e+02,-1.17127334e+02
290.290000,-1.48539843e+02,-1.17123973e+02
290.295000,-1.48547116e+02,-1.17131243e+02
290.300000,-1.48565186e+02,-1.17149313e+02
290.305000,-1.48575967e+02,-1.17160060e+02
290.310000,-1.48576250e+02,-1.17160356e+02
290.315000,-1.48573429e+02,-1.17157522e+02
290.320000,-1.48571105e+02,-1.17155193e+02
290.325000,-1.48573134e+02,-1.17157238e+02
290.330000,-1.48578470e+02,-1.17162546e+02
290.335000,-1.48587192e+02,-1.17171311e+02
290.340000,-1.48593498e+02,-1.17177607e+02
290.345000,-1.48596163e+02,-1.17180247e+02
290.350000,-1.48594859e+02,-1.17178954e+02
290.355000,-1.48597684e+02,-1.17181766e+02
290.360000,-1.48603201e+02,-1.17187299e+02
290.365000,-1.48601584e+02,-1.17185693e+02
290.370000,-1.48606363e+02,-1.17190504e+02
290.375000,-1.48603102e+02,-1.17187206e+02
290.380000,-1.48597425e+02,-1.17181529e+02
290.385000,-1.48591280e+02,-1.17175375e+02
290.390000,-1.48595694e+02,-1.17179820e+02
290.395000,-1.48610408e+02,-1.17194501e+02
290.400000,-1.48621666e+02,-1.17205750e+02
290.405000,-1.48627176e+02,-1.17211260e+02
290.410000,-1.48630589e+02,-1.17214690e+02
290.415000,-1.48631706e+02,-1.17215816e+02
290.420000,-1.48643726e+02,-1.17227809e+02
290.425000,-1.48649046e+02,-1.17233144e+02
290.430000,-1.48658003e+02,-1.17242103e+02
290.435000,-1.48661112e+02,-1.17245247e+02
290.440000,-1.48675547e+02,-1.17259687e+02
290.445000,-1.48688768e+02,-1.17272905e+02
290.450000,-1.48707651e+02,-1.17291773e+02
290.455000,-1.48702184e+02,-1.17286277e+02
290.460000,-1.48702487e+02,-1.17286561e+02
290.465000,-1.48694662e+02,-1.17278766e+02
290.470000,-1.48685811e+02,-1.17269893e+02
290.475000,-1.48685177e+02,-1.17269269e+02
290.480000,-1.48702286e+02,-1.17286374e+02
290.485000,-1.48711098e+02,-1.17295199e+02
290.490000,-1.48701684e+02,-1.17285792e+02
290.495000,-1.48697004e+02,-1.17281127e+02
290.500000,-1.48687580e+02,-1.17271702e+02
290.505000,-1.48681032e+02,-1.17265141e+02
290.510000,-1.48686764e+02,-1.17270902e+02
290.515000,-1.48697763e+02,-1.17281922e+02
290.520000,-1.48698923e+02,-1.17283067e+02
290.525000,-1.48706506e+02,-1.17290608e+02
290.530000,-1.48689494e+02,-1.17273645e+02
290.535000,-1.48682187e+02,-1.17266357e+02
290.540000,-1.48692305e+02,-1.17276440e+02
290.545000,-1.48706642e+02,-1.17290775e+02
290.550000,-1.48717357e+02,-1.17301470e+02
290.555000,-1.48725442e+02,-1.17309521e+02
290.560000,-1.48727686e+02,-1.17311826e+02
290.565000,-1.48734891e+02,-1.17318990e+02
290.570000,-1.48746929e+02,-1.17331058e+02
290.575000,-1.48754042e+02,-1.17338186e+02
290.580000,-1.48752777e+02,-1.17336862e+02
290.585000,-1.48752585e+02,-1.17336665e+02
290.590000,-1.48744292e+02,-1.17328370e+02
290.595000,-1.48733257e+02,-1.17317329e+02
290.600000,-1.48738205e+02,-1.17322294e+02
290.605000,-1.48736529e+02,-1.17320629e+02
290.610000,-1.48745683e+02,-1.17329760e+02
290.615000,-1.48739878e+02,-1.17323967e+02
290.620000,-1.48730853e+02,-1.17314943e+02
290.625000,-1.48723247e+02,-1.17307358e+02
290.630000,-1.48737745e+02,-1.17321867e+02
290.635000,-1.48739573e+02,-1.17323710e+02
290.640000,-1.48746244e+02,-1.17330350e+02
290.645000,-1.48737510e+02,-1.17321602e+02
290.650000,-1.48736720e+02,-1.17320779e+02
290.655000,-1.48717977e+02,-1.17302039e+02
290.660000,-1.48722477e+02,-1.17306558e+02
290.665000,-1.48729284e+02,-1.17313388e+02
290.670000,-1.48735836e+02,-1.17319898e+02
290.675000,-1.48729862e+02,-1.17313930e+02
290.680000,-1.48726519e+02,-1.17310596e+02
290.685000,-1.48726765e+02,-1.17310825e+02
290.690000,-1.48747894e+02,-1.17332000e+02
290.695000,-1.48763814e+02,-1.17347900e+02
290.700000,-1.48765808e+02,-1.17349901e+02
290.705000,-1.48761569e+02,-1.17345671e+02
290.710000,-1.48756899e+02,-1.17340988e+02
290.715000,-1.48755823e+02,-1.17339958e+02
290.720000,-1.48761942e+02,-1.17346072e+02
290.725000,-1.48763770e+02,-1.17347864e+02
290.730000,-1.48767143e+02,-1.17351257e+02
290.735000,-1.48764010e+02,-1.17348163e+02
290.740000,-1.48784343e+02,-1.17368451e+02
290.745000,-1.48780847e+02,-1.17364958e+02
290.750000,-1.48803049e+02,-1.17387133e+02
290.755000,-1.48803515e+02,-1.17387649e+02
290.760000,-1.48800910e+02,-1.17385042e+02
290.765000,-1.48797014e+02,-1.17381161e+02
290.770000,-1.48787549e+02,-1.17371673e+02
290.775000,-1.48783369e+02,-1.17367497e+02
290.780000,-1.48802946e+02,-1.17387040e+02
290.785000,-1.48805391e+02,-1.17389501e+02
290.790000,-1.48801392e+02,-1.17385501e+02
290.795000,-1.48804153e+02,-1.17388268e+02
290.800000,-1.48802663e+02,-1.17386744e+02
290.805000,-1.48802693e+02,-1.17386778e+02
290.810000,-1.48813656e+02,-1.17397799e+02
290.815000,-1.48820370e+02,-1.17404477e+02
290.820000,-1.48813340e+02,-1.17397468e+02
290.825000,-1.48812206e+02,-1.17396278e+02
290.830000,-1.48802154e+02,-1.17386249e+02
290.835000,-1.48800074e+02,-1.17384195e+02
290.840000,-1.48809624e+02,-1.17393779e+02
290.845000,-1.48818645e+02,-1.17402762e+02
290.850000,-1.48822829e+02,-1.17406931e+02
290.855000,-1.48834738e+02,-1.17418815e+02
290.860000,-1.48834520e+02,-1.17418619e+02
290.865000,-1.48844593e+02,-1.17428694e+02
290.870000,-1.48846735e+02,-1.17430857e+02
290.875000,-1.48838628e+02,-1.17422773e+02
290.880000,-1.48831371e+02,-1.17415505e+02
290.885000,-1.48835469e+02,-1.17419547e+02
290.890000,-1.48831472e+02,-1.17415569e+02
290.895000,-1.48825615e+02,-1.17409735e+02
290.900000,-1.48831485e+02,-1.17415577e+02
290.905000,-1.48832891e+02,-1.17416979e+02
290.910000,-1.48828387e+02,-1.17412471e+02
290.915000,-1.48821765e+02,-1.17405883e+02
290.920000,-1.48817044e+02,-1.17401145e+02
290.925000,-1.48814923e+02,-1.17399026e+02
290.930000,-1.48829195e+02,-1.17413333e+02
290.935000,-1.48835642e+02,-1.17419772e+02
290.940000,-1.48839041e+02,-1.17423192e+02
290.945000,-1.48836666e+02,-1.17420812e+02
290.950000,-1.48833289e+02,-1.17417433e+02
290.955000,-1.48827966e+02,-1.17412070e+02
290.960000,-1.48844065e+02,-1.17428208e+02
290.965000,-1.48850206e+02,-1.17434348e+02
290.970000,-1.48860488e+02,-1.17444600e+02
290.975000,-1.48874624e+02,-1.17458701e+02
290.980000,-1.48869101e+02,-1.17453177e+02
290.985000,-1.48863982e+02,-1.17448045e+02
290.990000,-1.48873537e+02,-1.17457596e+02
290.995000,-1.48902960e+02,-1.17487063e+02
291.000000,-1.48919184e+02,-1.17503263e+02
291.005000,-1.48925626e+02,-1.17509697e+02
291.010000,-1.48929330e+02,-1.17513397e+02
291.015000,-1.48912297e+02,-1.17496373e+02
291.020000,-1.48902785e+02,-1.17486867e+02
291.025000,-1.48898125e+02,-1.17482232e+02
291.030000,-1.48895378e+02,-1.17479494e+02
291.035000,-1.48895010e+02,-1.17479135e+02
291.040000,-1.48898067e+02,-1.17482159e+02
291.045000,-1.48888912e+02,-1.17472992e+02
291.050000,-1.48887850e+02,-1.17471920e+02
291.055000,-1.48885313e+02,-1.17469375e+02
291.060000,-1.48882829e+02,-1.17466890e+02
291.065000,-1.48884665e+02,-1.17468739e+02
291.070000,-1.48875945e+02,-1.17460048e+02
291.075000,-1.48866846e+02,-1.17450950e+02
291.080000,-1.48877589e+02,-1.17461686e+02
291.085000,-1.48896902e+02,-1.17481013e+02
291.090000,-1.48914108e+02,-1.17498239e+02
291.095000,-1.48907888e+02,-1.17492016e+02
291.100000,-1.48898450e+02,-1.17482610e+02
291.105000,-1.48890870e+02,-1.17475026e+02
291.110000,-1.48888473e+02,-1.17472613e+02
291.115000,-1.48887232e+02,-1.17471371e+02
291.120000,-1.48891848e+02,-1.17475990e+02
291.125000,-1.48898707e+02,-1.17482848e+02
291.130000,-1.48902862e+02,-1.17486986e+02
291.135000,-1.48904573e+02,-1.17488678e+02
291.140000,-1.48909312e+02,-1.17493409e+02
291.145000,-1.48918612e+02,-1.17502696e+02
291.150000,-1.48917681e+02,-1.17501779e+02
291.155000,-1.48921681e+02,-1.17505781e+02
291.160000,-1.48923168e+02,-1.17507297e+02
291.165000,-1.48919906e+02,-1.17504039e+02
291.170000,-1.48924461e+02,-1.17508577e+02
291.175000,-1.48917137e+02,-1.17501274e+02
291.180000,-1.48921948e+02,-1.17506072e+02
291.185000,-1.48927334e+02,-1.17511465e+02
291.190000,-1.48929373e+02,-1.17513527e+02
291.195000,-1.48936839e+02,-1.17520974e+02
291.200000,-1.48956028e+02,-1.17540104e+02
291.205000,-1.48959242e+02,-1.17543296e+02
291.210000,-1.48957133e+02,-1.17541227e+02
291.215000,-1.48948307e+02,-1.17532416e+02
291.220000,-1.48949630e+02,-1.17533754e+02
291.225000,-1.48968135e+02,-1.17552260e+02
291.230000,-1.48992759e+02,-1.17576879e+02
291.235000,-1.49095551e+02,-1.17679613e+02
291.240000,-1.49147813e+02,-1.17731892e+02
291.245000,-1.49199471e+02,-1.17783579e+02
291.250000,-1.49238080e+02,-1.17822204e+02
291.255000,-1.49254709e+02,-1.17838874e+02
291.260000,-1.49280939e+02,-1.17865098e+02
291.265000,-1.49305526e+02,-1.17889661e+02
291.270000,-1.49305846e+02,-1.17889956e+02
291.275000,-1.49316417e+02,-1.17900539e+02
291.280000,-1.49322159e+02,-1.17906260e+02
291.285000,-1.49341288e+02,-1.17925411e+02
291.290000,-1.49357982e+02,-1.17942094e+02
291.295000,-1.49356114e+02,-1.17940218e+02
291.300000,-1.49350869e+02,-1.17934960e+02
291.305000,-1.49354720e+02,-1.17938781e+02
291.310000,-1.49348062e+02,-1.17932122e+02
291.315000,-1.49384864e+02,-1.17968981e+02
291.320000,-1.49395165e+02,-1.17979274e+02
291.325000,-1.49395040e+02,-1.17979143e+02
291.330000,-1.49395466e+02,-1.17979538e+02
291.335000,-1.49394939e+02,-1.17979031e+02
291.340000,-1.49395320e+02,-1.17979394e+02
291.345000,-1.49409670e+02,-1.17993718e+02
291.350000,-1.49432150e+02,-1.18016145e+02
291.355000,-1.49423064e+02,-1.18007066e+02
291.360000,-1.49427679e+02,-1.18011696e+02
291.365000,-1.49436460e+02,-1.18020483e+02
291.370000,-1.49448688e+02,-1.18032709e+02
291.375000,-1.49453167e+02,-1.18037182e+02
291.380000,-1.49461610e+02,-1.18045615e+02
291.385000,-1.49484310e+02,-1.18068349e+02
291.390000,-1.49490633e+02,-1.18074685e+02
291.395000,-1.49494653e+02,-1.18078739e+02
291.400000,-1.49471973e+02,-1.18056073e+02
291.405000,-1.49487689e+02,-1.18071748e+02
291.410000,-1.49501486e+02,-1.18085598e+02
291.415000,-1.49508268e+02,-1.18092363e+02
291.420000,-1.49504106e+02,-1.18088183e+02
291.425000,-1.49507823e+02,-1.18091876e+02
291.430000,-1.49513473e+02,-1.18097494e+02
291.435000,-1.49521633e+02,-1.18105634e+02
291.440000,-1.49515548e+02,-1.18099590e+02
291.445000,-1.49502887e+02,-1.18086932e+02
291.450000,-1.49485918e+02,-1.18069999e+02
291.455000,-1.49490565e+02,-1.18074637e+02
291.460000,-1.49508482e+02,-1.18092574e+02
291.465000,-1.49532161e+02,-1.18116217e+02
291.470000,-1.49539638e+02,-1.18123723e+02
291.475000,-1.49536163e+02,-1.18120294e+02
291.480000,-1.49532381e+02,-1.18116494e+02
291.485000,-1.49541384e+02,-1.18125537e+02
291.490000,-1.49530593e+02,-1.18114753e+02
291.495000,-1.49532801e+02,-1.18116979e+02
291.500000,-1.49551110e+02,-1.18135242e+02
291.505000,-1.49537982e+02,-1.18122072e+02
291.510000,-1.49527194e+02,-1.18111267e+02
291.515000,-1.49526881e+02,-1.18110944e+02
291.520000,-1.49519315e+02,-1.18103355e+02
291.525000,-1.49528925e+02,-1.18112947e+02
291.530000,-1.49523408e+02,-1.18107438e+02
291.535000,-1.49520443e+02,-1.18104509e+02
291.540000,-1.49547280e+02,-1.18131399e+02
291.545000,-1.49551768e+02,-1.18135880e+02
291.550000,-1.49544885e+02,-1.18128957e+02
291.555000,-1.49545457e+02,-1.18129523e+02
291.560000,-1.49551334e+02,-1.18135443e+02
291.565000,-1.49553712e+02,-1.18137807e+02
291.570000,-1.49533341e+02,-1.18117395e+02
291.575000,-1.49552751e+02,-1.18136795e+02
291.580000,-1.49551668e+02,-1.18135707e+02
291.585000,-1.49562774e+02,-1.18146860e+02
291.590000,-1.49570109e+02,-1.18154187e+02
291.595000,-1.49565808e+02,-1.18149895e+02
291.600000,-1.49563277e+02,-1.18147334e+02
291.605000,-1.49561402e+02,-1.18145466e+02
291.610000,-1.49564560e+02,-1.18148562e+02
291.615000,-1.49566034e+02,-1.18150068e+02
291.620000,-1.49572725e+02,-1.18156792e+02
291.625000,-1.49570315e+02,-1.18154385e+02
291.630000,-1.49557941e+02,-1.18142075e+02
291.635000,-1.49549500e+02,-1.18133649e+02
291.640000,-1.49566651e+02,-1.18150764e+02
291.645000,-1.49584286e+02,-1.18168358e+02
291.650000,-1.49593402e+02,-1.18177472e+02
291.655000,-1.49624511e+02,-1.18208571e+02
291.660000,-1.49629034e+02,-1.18213120e+02
291.665000,-1.49620621e+02,-1.18204710e+02
291.670000,-1.49610011e+02,-1.18194106e+02
291.675000,-1.49606488e+02,-1.18190582e+02
291.680000,-1.49612873e+02,-1.18196981e+02
291.685000,-1.49617687e+02,-1.18201748e+02
291.690000,-1.49617646e+02,-1.18201680e+02
291.695000,-1.49613517e+02,-1.18197583e+02
291.700000,-1.49621926e+02,-1.18205999e+02
291.705000,-1.49628899e+02,-1.18212967e+02
291.710000,-1.49636213e+02,-1.18220320e+02
291.715000,-1.49658801e+02,-1.18242904e+02
291.720000,-1.49661929e+02,-1.18246008e+02
291.725000,-1.49659776e+02,-1.18243855e+02
291.730000,-1.49633699e+02,-1.18217773e+02
291.735000,-1.49655379e+02,-1.18239423e+02
291.740000,-1.49656599e+02,-1.18240682e+02
291.745000,-1.49663707e+02,-1.18247800e+02
291.750000,-1.49657030e+02,-1.18241116e+02
291.755000,-1.49641896e+02,-1.18225990e+02
291.760000,-1.49644335e+02,-1.18228429e+02
291.765000,-1.49655659e+02,-1.18239780e+02
291.770000,-1.49662037e+02,-1.18246128e+02
291.775000,-1.49679789e+02,-1.18263866e+02
291.780000,-1.49679670e+02,-1.18263749e+02
291.785000,-1.49666915e+02,-1.18251030e+02
291.790000,-1.49671171e+02,-1.18255224e+02
291.795000,-1.49662173e+02,-1.18246228e+02
291.800000,-1.49668074e+02,-1.18252138e+02
291.805000,-1.49683185e+02,-1.18267182e+02
291.810000,-1.49672434e+02,-1.18256463e+02
291.815000,-1.49688202e+02,-1.18272261e+02
291.820000,-1.49689668e+02,-1.18273730e+02
291.825000,-1.49700853e+02,-1.18284915e+02
291.830000,-1.49715304e+02,-1.18299338e+02
291.835000,-1.49720569e+02,-1.18304608e+02
291.840000,-1.49720898e+02,-1.18304959e+02
291.845000,-1.49716432e+02,-1.18300504e+02
291.850000,-1.49696856e+02,-1.18280973e+02
291.855000,-1.49695639e+02,-1.18279756e+02
291.860000,-1.49706352e+02,-1.18290482e+02
291.865000,-1.49714715e+02,-1.18298841e+02
291.870000,-1.49747178e+02,-1.18331251e+02
291.875000,-1.49743211e+02,-1.18327283e+02
291.880000,-1.49736626e+02,-1.18320678e+02
291.885000,-1.49758621e+02,-1.18342745e+02
291.890000,-1.49745629e+02,-1.18329765e+02
291.895000,-1.49745697e+02,-1.18329817e+02
291.900000,-1.49741059e+02,-1.18325191e+02
291.905000,-1.49731386e+02,-1.18315538e+02
291.910000,-1.49739164e+02,-1.18323319e+02
291.915000,-1.49747774e+02,-1.18331895e+02
291.920000,-1.49764064e+02,-1.18348193e+02
291.925000,-1.49740233e+02,-1.18324372e+02
291.930000,-1.49733686e+02,-1.18317813e+02
291.935000,-1.49731762e+02,-1.18315888e+02
291.940000,-1.49733638e+02,-1.18317789e+02
291.945000,-1.49737882e+02,-1.18322022e+02
291.950000,-1.49734076e+02,-1.18318207e+02
291.955000,-1.49733306e+02,-1.18317459e+02
291.960000,-1.49728326e+02,-1.18312460e+02
291.965000,-1.49728275e+02,-1.18312401e+02
291.970000,-1.49719005e+02,-1.18303149e+02
291.975000,-1.49713778e+02,-1.18297919e+02
291.980000,-1.49709983e+02,-1.18294131e+02
291.985000,-1.49726635e+02,-1.18310801e+02
291.990000,-1.49731081e+02,-1.18315250e+02
291.995000,-1.49746829e+02,-1.18331016e+02
292.000000,-1.49758277e+02,-1.18342466e+02
292.005000,-1.49762898e+02,-1.18347028e+02
292.010000,-1.49763581e+02,-1.18347711e+02
292.015000,-1.49765432e+02,-1.18349545e+02
292.020000,-1.49775373e+02,-1.18359400e+02
292.025000,-1.49792603e+02,-1.18376623e+02
292.030000,-1.49794944e+02,-1.18378925e+02
292.035000,-1.49803440e+02,-1.18387436e+02
292.040000,-1.49805794e+02,-1.18389837e+02
292.045000,-1.49796243e+02,-1.18380284e+02
292.050000,-1.49792537e+02,-1.18376546e+02
292.055000,-1.49777215e+02,-1.18361243e+02
292.060000,-1.49778869e+02,-1.18362910e+02
292.065000,-1.49764635e+02,-1.18348692e+02
292.070000,-1.49770580e+02,-1.18354643e+02
292.075000,-1.49766068e+02,-1.18350162e+02
292.080000,-1.49753808e+02,-1.18337890e+02
292.085000,-1.49749863e+02,-1.18333967e+02
292.090000,-1.49745165e+02,-1.18329241e+02
292.095000,-1.49755060e+02,-1.18339096e+02
292.100000,-1.49748289e+02,-1.18332314e+02
292.105000,-1.49775624e+02,-1.18359647e+02
292.110000,-1.49785652e+02,-1.18369678e+02
292.115000,-1.49784782e+02,-1.18368794e+02
292.120000,-1.49789155e+02,-1.18373175e+02
292.125000,-1.49793232e+02,-1.18377293e+02
292.130000,-1.49795052e+02,-1.18379146e+02
292.135000,-1.49789804e+02,-1.18373880e+02
292.140000,-1.49803269e+02,-1.18387357e+02
292.145000,-1.49812119e+02,-1.18396236e+02
292.150000,-1.49813389e+02,-1.18397523e+02
292.155000,-1.49807705e+02,-1.18391902e+02
292.160000,-1.49807916e+02,-1.18392158e+02
292.165000,-1.49812106e+02,-1.18396376e+02
292.170000,-1.49791947e+02,-1.18376188e+02
292.175000,-1.49811196e+02,-1.18395435e+02
292.180000,-1.49820082e+02,-1.18404304e+02
292.185000,-1.49817413e+02,-1.18401613e+02
292.190000,-1.49814578e+02,-1.18398786e+02
292.195000,-1.49811039e+02,-1.18395217e+02
292.200000,-1.49800859e+02,-1.18385058e+02
292.205000,-1.49769415e+02,-1.18353599e+02
292.210000,-1.49787911e+02,-1.18372121e+02
292.215000,-1.49796770e+02,-1.18380942e+02
292.220000,-1.49812975e+02,-1.18397168e+02
292.225000,-1.49815345e+02,-1.18399517e+02
292.230000,-1.49812525e+02,-1.18396701e+02
292.235000,-1.49812908e+02,-1.18397106e+02
292.240000,-1.49822851e+02,-1.18406977e+02
292.245000,-1.49839671e+02,-1.18423800e+02
292.250000,-1.49862316e+02,-1.18446449e+02
292.255000,-1.49871916e+02,-1.18455992e+02
292.260000,-1.49862443e+02,-1.18446517e+02
292.265000,-1.49850583e+02,-1.18434659e+02
292.270000,-1.49846836e+02,-1.18430870e+02
292.275000,-1.49836585e+02,-1.18420650e+02
292.280000,-1.49847905e+02,-1.18431933e+02
292.285000,-1.49851497e+02,-1.18435511e+02
292.290000,-1.49849809e+02,-1.18433831e+02
292.295000,-1.49839730e+02,-1.18423803e+02
292.300000,-1.49832722e+02,-1.18416802e+02
292.305000,-1.49831050e+02,-1.18415113e+02
292.310000,-1.49821094e+02,-1.18405156e+02
292.315000,-1.49833963e+02,-1.18418003e+02
292.320000,-1.49868083e+02,-1.18452013e+02
292.325000,-1.49863805e+02,-1.18447789e+02
292.330000,-1.49859592e+02,-1.18443534e+02
292.335000,-1.49851761e+02,-1.18435739e+02
292.340000,-1.49849085e+02,-1.18433094e+02
292.345000,-1.49835273e+02,-1.18419298e+02
292.350000,-1.49848397e+02,-1.18432437e+02
292.355000,-1.49847244e+02,-1.18431286e+02
292.360000,-1.49853901e+02,-1.18437956e+02
292.365000,-1.49864276e+02,-1.18448324e+02
292.370000,-1.49873603e+02,-1.18457652e+02
292.375000,-1.49883206e+02,-1.18467245e+02
292.380000,-1.49865718e+02,-1.18449813e+02
292.385000,-1.49875022e+02,-1.18459161e+02
292.390000,-1.49878646e+02,-1.18462801e+02
292.395000,-1.49877583e+02,-1.18461722e+02
292.400000,-1.49884555e+02,-1.18468700e+02
292.405000,-1.49880454e+02,-1.18464597e+02
292.410000,-1.49876649e+02,-1.18460771e+02
292.415000,-1.49860427e+02,-1.18444578e+02
292.420000,-1.49863954e+02,-1.18448125e+02
292.425000,-1.49870287e+02,-1.18454422e+02
292.430000,-1.49879284e+02,-1.18463452e+02
292.435000,-1.49891597e+02,-1.18475762e+02
292.440000,-1.49876837e+02,-1.18461017e+02
292.445000,-1.49879763e+02,-1.18463950e+02
292.450000,-1.49868256e+02,-1.18452404e+02
292.455000,-1.49877484e+02,-1.18461619e+02
292.460000,-1.49901819e+02,-1.18485983e+02
292.465000,-1.49917960e+02,-1.18502127e+02
292.470000,-1.49941450e+02,-1.18525651e+02
292.475000,-1.49956387e+02,-1.18540608e+02
292.480000,-1.49967860e+02,-1.18552041e+02
292.485000,-1.49963775e+02,-1.18547957e+02
292.490000,-1.49973721e+02,-1.18557878e+02
292.495000,-1.49986507e+02,-1.18570640e+02
292.500000,-1.49999991e+02,-1.18584114e+02
292.505000,-1.50002130e+02,-1.18586208e+02
292.510000,-1.50007834e+02,-1.18591824e+02
292.515000,-1.50015307e+02,-1.18599293e+02
292.520000,-1.50006874e+02,-1.18590898e+02
292.525000,-1.50024560e+02,-1.18608556e+02
292.530000,-1.50022836e+02,-1.18606823e+02
292.535000,-1.50017258e+02,-1.18601267e+02
292.540000,-1.50022401e+02,-1.18606450e+02
292.545000,-1.50032077e+02,-1.18616109e+02
292.550000,-1.50041923e+02,-1.18625975e+02
292.555000,-1.50036938e+02,-1.18620971e+02
292.560000,-1.50041616e+02,-1.18625653e+02
292.565000,-1.50031977e+02,-1.18616039e+02
292.570000,-1.50030450e+02,-1.18614496e+02
292.575000,-1.50028895e+02,-1.18612978e+02
292.580000,-1.50033246e+02,-1.18617305e+02
292.585000,-1.50041628e+02,-1.18625690e+02
292.590000,-1.50031790e+02,-1.18615877e+02
292.595000,-1.50044628e+02,-1.18628725e+02
292.600000,-1.50052921e+02,-1.18637015e+02
292.605000,-1.50046050e+02,-1.18630142e+02
292.610000,-1.50057487e+02,-1.18641510e+02
292.615000,-1.50054247e+02,-1.18638307e+02
292.620000,-1.50055746e+02,-1.18639824e+02
292.625000,-1.50047259e+02,-1.18631291e+02
292.630000,-1.50054156e+02,-1.18638229e+02
292.635000,-1.50055978e+02,-1.18640093e+02
292.640000,-1.50051127e+02,-1.18635279e+02
292.645000,-1.50044690e+02,-1.18628867e+02
292.650000,-1.50042340e+02,-1.18626537e+02
292.655000,-1.50022745e+02,-1.18606934e+02
292.660000,-1.50041715e+02,-1.18625936e+02
292.665000,-1.50044594e+02,-1.18628835e+02
292.670000,-1.50052246e+02,-1.18636487e+02
292.675000,-1.50039081e+02,-1.18623280e+02
292.680000,-1.50028280e+02,-1.18612466e+02
292.685000,-1.50024754e+02,-1.18608929e+02
292.690000,-1.50015227e+02,-1.18599390e+02
292.695000,-1.50025096e+02,-1.18609267e+02
292.700000,-1.50048862e+02,-1.18633004e+02
292.705000,-1.50062629e+02,-1.18646775e+02
292.710000,-1.50065501e+02,-1.18649627e+02
292.715000,-1.50060189e+02,-1.18644285e+02
292.720000,-1.50056679e+02,-1.18640786e+02
292.725000,-1.50041073e+02,-1.18625204e+02
292.730000,-1.50068180e+02,-1.18652312e+02
292.735000,-1.50076488e+02,-1.18660615e+02
292.740000,-1.50094439e+02,-1.18678570e+02
292.745000,-1.50102778e+02,-1.18686889e+02
292.750000,-1.50117851e+02,-1.18701981e+02
292.755000,-1.50137714e+02,-1.18721862e+02
292.760000,-1.50135744e+02,-1.18719865e+02
292.765000,-1.50146731e+02,-1.18730773e+02
292.770000,-1.50150600e+02,-1.18734627e+02
292.775000,-1.50147594e+02,-1.18731584e+02
292.780000,-1.50158137e+02,-1.18742078e+02
292.785000,-1.50154749e+02,-1.18738714e+02
292.790000,-1.50154043e+02,-1.18738068e+02
292.795000,-1.50135496e+02,-1.18719489e+02
292.800000,-1.50129076e+02,-1.18713104e+02
292.805000,-1.50127097e+02,-1.18711126e+02
292.810000,-1.50128506e+02,-1.18712502e+02
292.815000,-1.50132490e+02,-1.18716534e+02
292.820000,-1.50144432e+02,-1.18728514e+02
292.825000,-1.50132507e+02,-1.18716619e+02
292.830000,-1.50147681e+02,-1.18731813e+02
292.835000,-1.50144134e+02,-1.18728245e+02
292.840000,-1.50155125e+02,-1.18739240e+02
292.845000,-1.50159318e+02,-1.18743410e+02
292.850000,-1.50154885e+02,-1.18738994e+02
292.855000,-1.50162465e+02,-1.18746550e+02
292.860000,-1.50151693e+02,-1.18735763e+02
292.865000,-1.50151892e+02,-1.18735971e+02
292.870000,-1.50170557e+02,-1.18754651e+02
292.875000,-1.50194658e+02,-1.18778687e+02
292.880000,-1.50204865e+02,-1.18788915e+02
292.885000,-1.50197991e+02,-1.18782100e+02
292.890000,-1.50181884e+02,-1.18766023e+02
292.895000,-1.50202195e+02,-1.18786340e+02
292.900000,-1.50198752e+02,-1.18782923e+02
292.905000,-1.50186307e+02,-1.18770496e+02
292.910000,-1.50178731e+02,-1.18762947e+02
292.915000,-1.50170791e+02,-1.18754995e+02
292.920000,-1.50151107e+02,-1.18735349e+02
292.925000,-1.50148234e+02,-1.18732453e+02
292.930000,-1.50148922e+02,-1.18733097e+02
292.935000,-1.50156600e+02,-1.18740693e+02
292.940000,-1.50159869e+02,-1.18743985e+02
292.945000,-1.50161365e+02,-1.18745501e+02
292.950000,-1.50162118e+02,-1.18746220e+02
292.955000,-1.50154800e+02,-1.18738901e+02
292.960000,-1.50168616e+02,-1.18752744e+02
292.965000,-1.50182875e+02,-1.18766990e+02
292.970000,-1.50174754e+02,-1.18758867e+02
292.975000,-1.50182686e+02,-1.18766794e+02
292.980000,-1.50187505e+02,-1.18771619e+02
292.985000,-1.50172116e+02,-1.18756210e+02
292.990000,-1.50176988e+02,-1.18761093e+02
292.995000,-1.50197412e+02,-1.18781487e+02
293.000000,-1.50213935e+02,-1.18798013e+02
293.005000,-1.50220155e+02,-1.18804251e+02
293.010000,-1.50234067e+02,-1.18818085e+02
293.015000,-1.50242709e+02,-1.18826715e+02
293.020000,-1.50240480e+02,-1.18824479e+02
293.025000,-1.50259918e+02,-1.18843905e+02
293.030000,-1.50258530e+02,-1.18842562e+02
293.035000,-1.50257044e+02,-1.18841114e+02
293.040000,-1.50273854e+02,-1.18857944e+02
293.045000,-1.50287213e+02,-1.18871272e+02
293.050000,-1.50293174e+02,-1.18877238e+02
293.055000,-1.50296230e+02,-1.18880278e+02
293.060000,-1.50303748e+02,-1.18887769e+02
293.065000,-1.50310964e+02,-1.18895066e+02
293.070000,-1.50307564e+02,-1.18891643e+02
293.075000,-1.50304610e+02,-1.18888756e+02
293.080000,-1.50301256e+02,-1.18885403e+02
293.085000,-1.50280781e+02,-1.18864910e+02
293.090000,-1.50290704e+02,-1.18874847e+02
293.095000,-1.50305120e+02,-1.18889225e+02
293.100000,-1.50309476e+02,-1.18893563e+02
293.105000,-1.50313109e+02,-1.18897226e+02
293.110000,-1.50316510e+02,-1.18900644e+02
293.115000,-1.50303429e+02,-1.18887528e+02
293.120000,-1.50309595e+02,-1.18893691e+02
293.125000,-1.50312448e+02,-1.18896572e+02
293.130000,-1.50315423e+02,-1.18899557e+02
293.135000,-1.50310243e+02,-1.18894404e+02
293.140000,-1.50305026e+02,-1.18889212e+02
293.145000,-1.50291811e+02,-1.18876029e+02
293.150000,-1.50305995e+02,-1.18890164e+02
293.155000,-1.50306732e+02,-1.18890898e+02
293.160000,-1.50306669e+02,-1.18890847e+02
293.165000,-1.50296130e+02,-1.18880330e+02
293.170000,-1.50292935e+02,-1.18877148e+02
293.175000,-1.50296332e+02,-1.18880472e+02
293.180000,-1.50311654e+02,-1.18895838e+02
293.185000,-1.50318034e+02,-1.18902176e+02
293.190000,-1.50319337e+02,-1.18903461e+02
293.195000,-1.50312141e+02,-1.18896296e+02
293.200000,-1.50314976e+02,-1.18899088e+02
293.205000,-1.50298920e+02,-1.18883086e+02
293.210000,-1.50296173e+02,-1.18880331e+02
293.215000,-1.50293346e+02,-1.18877491e+02
293.220000,-1.50306171e+02,-1.18890301e+02
293.225000,-1.50302509e+02,-1.18886693e+02
293.230000,-1.50303368e+02,-1.18887561e+02
293.235000,-1.50301014e+02,-1.18885152e+02
293.240000,-1.50317770e+02,-1.18901889e+02
293.245000,-1.50329495e+02,-1.18913608e+02
293.250000,-1.50335032e+02,-1.18919159e+02
293.255000,-1.50316998e+02,-1.18901141e+02
293.260000,-1.50306894e+02,-1.18890983e+02
293.265000,-1.50299043e+02,-1.18883110e+02
293.270000,-1.50303479e+02,-1.18887554e+02
293.275000,-1.50307372e+02,-1.18891458e+02
293.280000,-1.50311045e+02,-1.18895136e+02
293.285000,-1.50327918e+02,-1.18912056e+02
293.290000,-1.50338531e+02,-1.18922637e+02
293.295000,-1.50327533e+02,-1.18911655e+02
293.300000,-1.50339668e+02,-1.18923809e+02
293.305000,-1.50353832e+02,-1.18937939e+02
293.310000,-1.50369061e+02,-1.18953124e+02
293.315000,-1.50380189e+02,-1.18964299e+02
293.320000,-1.50382843e+02,-1.18966932e+02
293.325000,-1.50369423e+02,-1.18953450e+02
293.330000,-1.50378681e+02,-1.18962703e+02
293.335000,-1.50370857e+02,-1.18954882e+02
293.340000,-1.50360567e+02,-1.18944600e+02
293.345000,-1.50357103e+02,-1.18941117e+02
293.350000,-1.50366457e+02,-1.18950508e+02
293.355000,-1.50380633e+02,-1.18964661e+02
293.360000,-1.50402096e+02,-1.18986148e+02
293.365000,-1.50415016e+02,-1.18999101e+02
293.370000,-1.50414018e+02,-1.18998085e+02
293.375000,-1.50414892e+02,-1.18998985e+02
293.380000,-1.50413004e+02,-1.18997126e+02
293.385000,-1.50397614e+02,-1.18981741e+02
293.390000,-1.50415302e+02,-1.18999469e+02
293.395000,-1.50427501e+02,-1.19011670e+02
293.400000,-1.50434483e+02,-1.19018651e+02
293.405000,-1.50438139e+02,-1.19022304e+02
293.410000,-1.50438674e+02,-1.19022813e+02
293.415000,-1.50432446e+02,-1.19016590e+02
293.420000,-1.50451997e+02,-1.19036129e+02
293.425000,-1.50448504e+02,-1.19032601e+02
293.430000,-1.50440176e+02,-1.19024297e+02
293.435000,-1.50437164e+02,-1.19021320e+02
293.440000,-1.50439921e+02,-1.19024017e+02
293.445000,-1.50429504e+02,-1.19013648e+02
293.450000,-1.50445407e+02,-1.19029543e+02
293.455000,-1.50447404e+02,-1.19031521e+02
293.460000,-1.50462212e+02,-1.19046310e+02
293.465000,-1.50459837e+02,-1.19043966e+02
293.470000,-1.50461027e+02,-1.19045159e+02
293.475000,-1.50447083e+02,-1.19031221e+02
293.480000,-1.50454132e+02,-1.19038314e+02
293.485000,-1.50459374e+02,-1.19043572e+02
293.490000,-1.50462771e+02,-1.19046968e+02
293.495000,-1.50455509e+02,-1.19039699e+02
293.500000,-1.50446228e+02,-1.19030353e+02
293.505000,-1.50429733e+02,-1.19013875e+02
293.510000,-1.50450341e+02,-1.19034452e+02
293.515000,-1.50462374e+02,-1.19046495e+02
293.520000,-1.50472078e+02,-1.19056177e+02
293.525000,-1.50479795e+02,-1.19063937e+02
293.530000,-1.50495586e+02,-1.19079770e+02
293.535000,-1.50496126e+02,-1.19080297e+02
293.540000,-1.50517388e+02,-1.19101548e+02
293.545000,-1.50525863e+02,-1.19110018e+02
293.550000,-1.50544342e+02,-1.19128494e+02
293.555000,-1.50544984e+02,-1.19129145e+02
293.560000,-1.50540006e+02,-1.19124162e+02
293.565000,-1.50521836e+02,-1.19105958e+02
293.570000,-1.50532170e+02,-1.19116316e+02
293.575000,-1.50539341e+02,-1.19123460e+02
293.580000,-1.50544554e+02,-1.19128655e+02
293.585000,-1.50553219e+02,-1.19137323e+02
293.590000,-1.50544512e+02,-1.19128623e+02
293.595000,-1.50508826e+02,-1.19092879e+02
293.600000,-1.50505740e+02,-1.19089825e+02
293.605000,-1.50497868e+02,-1.19081917e+02
293.610000,-1.50488131e+02,-1.19072201e+02
293.615000,-1.50487643e+02,-1.19071684e+02
293.620000,-1.50485978e+02,-1.19070036e+02
293.625000,-1.50485704e+02,-1.19069786e+02
293.630000,-1.50506982e+02,-1.19091053e+02
293.635000,-1.50524344e+02,-1.19108421e+02
293.640000,-1.50539159e+02,-1.19123257e+02
293.645000,-1.50552939e+02,-1.19137030e+02
293.650000,-1.50561333e+02,-1.19145395e+02
293.655000,-1.50559462e+02,-1.19143509e+02
293.660000,-1.50578616e+02,-1.19162645e+02
293.665000,-1.50591039e+02,-1.19175072e+02
293.670000,-1.50588205e+02,-1.19172224e+02
293.675000,-1.50584303e+02,-1.19168356e+02
293.680000,-1.50594363e+02,-1.19178404e+02
293.685000,-1.50598431e+02,-1.19182444e+02
293.690000,-1.50593237e+02,-1.19177282e+02
293.695000,-1.50575051e+02,-1.19159114e+02
293.700000,-1.50552119e+02,-1.19136210e+02
293.705000,-1.50541274e+02,-1.19125381e+02
293.710000,-1.50536031e+02,-1.19120181e+02
293.715000,-1.50523822e+02,-1.19107899e+02
293.720000,-1.50528752e+02,-1.19112831e+02
293.725000,-1.50525815e+02,-1.19109952e+02
293.730000,-1.50517626e+02,-1.19101774e+02
293.735000,-1.50511332e+02,-1.19095494e+02
293.740000,-1.50514570e+02,-1.19098749e+02
293.745000,-1.50525945e+02,-1.19110075e+02
293.750000,-1.50550532e+02,-1.19134671e+02
293.755000,-1.50562603e+02,-1.19146755e+02
293.760000,-1.50574326e+02,-1.19158496e+02
293.765000,-1.50570274e+02,-1.19154424e+02
293.770000,-1.50572853e+02,-1.19157031e+02
293.775000,-1.50569746e+02,-1.19153939e+02
293.780000,-1.50593913e+02,-1.19178093e+02
293.785000,-1.50601076e+02,-1.19185289e+02
293.790000,-1.50604226e+02,-1.19188424e+02
293.795000,-1.50605951e+02,-1.19190124e+02
293.800000,-1.50604010e+02,-1.19188170e+02
293.805000,-1.50592311e+02,-1.19176478e+02
293.810000,-1.50598555e+02,-1.19182693e+02
293.815000,-1.50617934e+02,-1.19202044e+02
293.820000,-1.50617515e+02,-1.19201617e+02
293.825000,-1.50600171e+02,-1.19184313e+02
293.830000,-1.50599727e+02,-1.19183870e+02
293.835000,-1.50584376e+02,-1.19168477e+02
293.840000,-1.50595360e+02,-1.19179466e+02
293.845000,-1.50595683e+02,-1.19179771e+02
293.850000,-1.50618846e+02,-1.19202961e+02
293.855000,-1.50628474e+02,-1.19212558e+02
293.860000,-1.50644362e+02,-1.19228409e+02
293.865000,-1.50637579e+02,-1.19221655e+02
293.870000,-1.50651179e+02,-1.19235266e+02
293.875000,-1.50655044e+02,-1.19239138e+02
293.880000,-1.50649604e+02,-1.19233654e+02
293.885000,-1.50643284e+02,-1.19227344e+02
293.890000,-1.50646549e+02,-1.19230591e+02
293.895000,-1.50648496e+02,-1.19232497e+02
293.900000,-1.50673760e+02,-1.19257781e+02
293.905000,-1.50687849e+02,-1.19271858e+02
293.910000,-1.50699477e+02,-1.19283474e+02
293.915000,-1.50691590e+02,-1.19275645e+02
293.920000,-1.50687009e+02,-1.19271047e+02
293.925000,-1.50675085e+02,-1.19259095e+02
293.930000,-1.50690058e+02,-1.19274178e+02
293.935000,-1.50673049e+02,-1.19257157e+02
293.940000,-1.50668617e+02,-1.19252700e+02
293.945000,-1.50656584e+02,-1.19240689e+02
293.950000,-1.50638234e+02,-1.19222333e+02
293.955000,-1.50621435e+02,-1.19205545e+02
293.960000,-1.50645731e+02,-1.19229892e+02
293.965000,-1.50679589e+02,-1.19263762e+02
293.970000,-1.50688666e+02,-1.19272817e+02
293.975000,-1.50695724e+02,-1.19279892e+02
293.980000,-1.50727307e+02,-1.19311462e+02
293.985000,-1.50730532e+02,-1.19314627e+02
293.990000,-1.50751995e+02,-1.19336103e+02
293.995000,-1.50765708e+02,-1.19349835e+02
294.000000,-1.50778302e+02,-1.19362456e+02
294.005000,-1.50790878e+02,-1.19375049e+02
294.010000,-1.50788744e+02,-1.19372870e+02
294.015000,-1.50805751e+02,-1.19389895e+02
294.020000,-1.50815135e+02,-1.19399298e+02
294.025000,-1.50827349e+02,-1.19411540e+02
294.030000,-1.50832775e+02,-1.19416951e+02
294.035000,-1.50833222e+02,-1.19417432e+02
294.040000,-1.50817979e+02,-1.19402141e+02
294.045000,-1.50826117e+02,-1.19410270e+02
294.050000,-1.50830266e+02,-1.19414393e+02
294.055000,-1.50833526e+02,-1.19417631e+02
294.060000,-1.50822040e+02,-1.19406203e+02
294.065000,-1.50817851e+02,-1.19402016e+02
294.070000,-1.50824676e+02,-1.19408853e+02
294.075000,-1.50845679e+02,-1.19429814e+02
294.080000,-1.50851665e+02,-1.19435784e+02
294.085000,-1.50847183e+02,-1.19431312e+02
294.090000,-1.50843731e+02,-1.19427845e+02
294.095000,-1.50840952e+02,-1.19425035e+02
294.100000,-1.50839773e+02,-1.19423863e+02
294.105000,-1.50865412e+02,-1.19449489e+02
294.110000,-1.50887098e+02,-1.19471207e+02
294.115000,-1.50906724e+02,-1.19490771e+02
294.120000,-1.50911005e+02,-1.19495049e+02
294.125000,-1.50908636e+02,-1.19492663e+02
294.130000,-1.50893661e+02,-1.19477718e+02
294.135000,-1.50897141e+02,-1.19481228e+02
294.140000,-1.50903553e+02,-1.19487613e+02
294.145000,-1.50910785e+02,-1.19494821e+02
294.150000,-1.50903986e+02,-1.19488031e+02
294.155000,-1.50891981e+02,-1.19476018e+02
294.160000,-1.50873878e+02,-1.19457907e+02
294.165000,-1.50867619e+02,-1.19451646e+02
294.170000,-1.50867812e+02,-1.19451836e+02
294.175000,-1.50877492e+02,-1.19461535e+02
294.180000,-1.50896312e+02,-1.19480357e+02
294.185000,-1.50885793e+02,-1.19469844e+02
294.190000,-1.50873486e+02,-1.19457529e+02
294.195000,-1.50887547e+02,-1.19471619e+02
294.200000,-1.50901484e+02,-1.19485534e+02
294.205000,-1.50906879e+02,-1.19490931e+02
294.210000,-1.50914894e+02,-1.19498947e+02
294.215000,-1.50913479e+02,-1.19497579e+02
294.220000,-1.50906990e+02,-1.19491075e+02
294.225000,-1.50941539e+02,-1.19525648e+02
294.230000,-1.50951772e+02,-1.19535871e+02
294.235000,-1.50960510e+02,-1.19544577e+02
294.240000,-1.50963714e+02,-1.19547714e+02
294.245000,-1.50955659e+02,-1.19539717e+02
294.250000,-1.50940959e+02,-1.19525027e+02
294.255000,-1.50955176e+02,-1.19539229e+02
294.260000,-1.50945855e+02,-1.19529967e+02
294.265000,-1.50937573e+02,-1.19521743e+02
294.270000,-1.50931762e+02,-1.19515891e+02
294.275000,-1.50925278e+02,-1.19509401e+02
294.280000,-1.50917893e+02,-1.19502036e+02
294.285000,-1.50931640e+02,-1.19515804e+02
294.290000,-1.50934205e+02,-1.19518367e+02
294.295000,-1.50945565e+02,-1.19529695e+02
294.300000,-1.50936069e+02,-1.19520201e+02
294.305000,-1.50920667e+02,-1.19504786e+02
294.310000,-1.50913733e+02,-1.19497873e+02
294.315000,-1.50933059e+02,-1.19517198e+02
294.320000,-1.50940780e+02,-1.19524916e+02
294.325000,-1.50956938e+02,-1.19541102e+02
294.330000,-1.50967352e+02,-1.19551495e+02
294.335000,-1.50970633e+02,-1.19554739e+02
294.340000,-1.50970294e+02,-1.19554356e+02
294.345000,-1.50983250e+02,-1.19567297e+02
294.350000,-1.50995111e+02,-1.19579165e+02
294.355000,-1.50997781e+02,-1.19581921e+02
294.360000,-1.50995320e+02,-1.19579473e+02
294.365000,-1.51023455e+02,-1.19607577e+02
294.370000,-1.51017484e+02,-1.19601569e+02
294.375000,-1.51018229e+02,-1.19602292e+02
294.380000,-1.51005221e+02,-1.19589291e+02
294.385000,-1.50996001e+02,-1.19580064e+02
294.390000,-1.50997606e+02,-1.19581652e+02
294.395000,-1.50998623e+02,-1.19582690e+02
294.400000,-1.50991179e+02,-1.19575264e+02
294.405000,-1.50997553e+02,-1.19581637e+02
294.410000,-1.50991327e+02,-1.19575436e+02
294.415000,-1.50990428e+02,-1.19574513e+02
294.420000,-1.50987700e+02,-1.19571784e+02
294.425000,-1.50975393e+02,-1.19559504e+02
294.430000,-1.50968910e+02,-1.19553031e+02
294.435000,-1.50972383e+02,-1.19556509e+02
294.440000,-1.50990304e+02,-1.19574459e+02
294.445000,-1.51001771e+02,-1.19585926e+02
294.450000,-1.51011987e+02,-1.19596078e+02
294.455000,-1.51009059e+02,-1.19593176e+02
294.460000,-1.51003994e+02,-1.19588144e+02
294.465000,-1.51006269e+02,-1.19590379e+02
294.470000,-1.51007916e+02,-1.19592047e+02
294.475000,-1.51015971e+02,-1.19600076e+02
294.480000,-1.51018384e+02,-1.19602502e+02
294.485000,-1.51016332e+02,-1.19600461e+02
294.490000,-1.51006577e+02,-1.19590749e+02
294.495000,-1.51011913e+02,-1.19596057e+02
294.500000,-1.51010942e+02,-1.19595111e+02
294.505000,-1.51013914e+02,-1.19598061e+02
294.510000,-1.51005753e+02,-1.19589935e+02
294.515000,-1.51008312e+02,-1.19592506e+02
294.520000,-1.51010647e+02,-1.19594823e+02
294.525000,-1.51009899e+02,-1.19594066e+02
294.530000,-1.51011260e+02,-1.19595439e+02
294.535000,-1.51006711e+02,-1.19590876e+02
294.540000,-1.50997904e+02,-1.19582087e+02
294.545000,-1.50988417e+02,-1.19572573e+02
294.550000,-1.50987694e+02,-1.19571840e+02
294.555000,-1.50988022e+02,-1.19572169e+02
294.560000,-1.50993097e+02,-1.19577215e+02
294.565000,-1.50997598e+02,-1.19581722e+02
294.570000,-1.50991324e+02,-1.19575466e+02
294.575000,-1.50988885e+02,-1.19572996e+02
294.580000,-1.51010905e+02,-1.19594999e+02
294.585000,-1.51012098e+02,-1.19596250e+02
294.590000,-1.51034178e+02,-1.19618222e+02
294.595000,-1.51039974e+02,-1.19624005e+02
294.600000,-1.51041288e+02,-1.19625388e+02
294.605000,-1.51037887e+02,-1.19622020e+02
294.610000,-1.51045492e+02,-1.19629609e+02
294.615000,-1.51049981e+02,-1.19634073e+02
294.620000,-1.51074007e+02,-1.19658130e+02
294.625000,-1.51086349e+02,-1.19670409e+02
294.630000,-1.51087228e+02,-1.19671308e+02
294.635000,-1.51084838e+02,-1.19668884e+02
294.640000,-1.51085212e+02,-1.19669271e+02
294.645000,-1.51083679e+02,-1.19667721e+02
294.650000,-1.51093507e+02,-1.19677597e+02
294.655000,-1.51101480e+02,-1.19685608e+02
294.660000,-1.51102098e+02,-1.19686209e+02
294.665000,-1.51107357e+02,-1.19691463e+02
294.670000,-1.51107788e+02,-1.19691927e+02
294.675000,-1.51094915e+02,-1.19679031e+02
294.680000,-1.51094150e+02,-1.19678246e+02
294.685000,-1.51090308e+02,-1.19674427e+02
294.690000,-1.51095683e+02,-1.19679786e+02
294.695000,-1.51097847e+02,-1.19681941e+02
294.700000,-1.51115290e+02,-1.19699340e+02
294.705000,-1.51122172e+02,-1.19706211e+02
294.710000,-1.51122194e+02,-1.19706242e+02
294.715000,-1.51117414e+02,-1.19701476e+02
294.720000,-1.51121131e+02,-1.19705183e+02
294.725000,-1.51112866e+02,-1.19696982e+02
294.730000,-1.51101015e+02,-1.19685144e+02
294.735000,-1.51085528e+02,-1.19669654e+02
294.740000,-1.51095568e+02,-1.19679683e+02
294.745000,-1.51106190e+02,-1.19690202e+02
294.750000,-1.51104468e+02,-1.19688508e+02
294.755000,-1.51097075e+02,-1.19681151e+02
294.760000,-1.51090941e+02,-1.19675057e+02
294.765000,-1.51107625e+02,-1.19691718e+02
294.770000,-1.51122398e+02,-1.19706476e+02
294.775000,-1.51138908e+02,-1.19722959e+02
294.780000,-1.51150816e+02,-1.19734838e+02
294.785000,-1.51159588e+02,-1.19743601e+02
294.790000,-1.51152224e+02,-1.19736255e+02
294.795000,-1.51153327e+02,-1.19737410e+02
294.800000,-1.51169688e+02,-1.19753732e+02
294.805000,-1.51185930e+02,-1.19769955e+02
294.810000,-1.51202171e+02,-1.19786212e+02
294.815000,-1.51216174e+02,-1.19800174e+02
294.820000,-1.51233973e+02,-1.19818029e+02
294.825000,-1.51260079e+02,-1.19844173e+02
294.830000,-1.51265126e+02,-1.19849169e+02
294.835000,-1.51267849e+02,-1.19851933e+02
294.840000,-1.51272042e+02,-1.19856145e+02
294.845000,-1.51272214e+02,-1.19856298e+02
294.850000,-1.51274964e+02,-1.19859047e+02
294.855000,-1.51286729e+02,-1.19870865e+02
294.860000,-1.51298452e+02,-1.19882582e+02
294.865000,-1.51320083e+02,-1.19904216e+02
294.870000,-1.51350235e+02,-1.19934364e+02
294.875000,-1.51348592e+02,-1.19932731e+02
294.880000,-1.51343486e+02,-1.19927650e+02
294.885000,-1.51329641e+02,-1.19913810e+02
294.890000,-1.51331157e+02,-1.19915362e+02
294.895000,-1.51339663e+02,-1.19923875e+02
294.900000,-1.51347505e+02,-1.19931696e+02
294.905000,-1.51347008e+02,-1.19931232e+02
294.910000,-1.51343453e+02,-1.19927644e+02
294.915000,-1.51346989e+02,-1.19931156e+02
294.920000,-1.51347997e+02,-1.19932152e+02
294.925000,-1.51354417e+02,-1.19938558e+02
294.930000,-1.51374213e+02,-1.19958334e+02
294.935000,-1.51378757e+02,-1.19962873e+02
294.940000,-1.51379440e+02,-1.19963590e+02
294.945000,-1.51373340e+02,-1.19957513e+02
294.950000,-1.51373674e+02,-1.19957804e+02
294.955000,-1.51377251e+02,-1.19961402e+02
294.960000,-1.51373574e+02,-1.19957684e+02
294.965000,-1.51374603e+02,-1.19958724e+02
294.970000,-1.51374813e+02,-1.19958917e+02
294.975000,-1.51377351e+02,-1.19961460e+02
294.980000,-1.51381445e+02,-1.19965580e+02
294.985000,-1.51378095e+02,-1.19962201e+02
294.990000,-1.51402279e+02,-1.19986283e+02
294.995000,-1.51407729e+02,-1.19991741e+02
295.000000,-1.51411951e+02,-1.19995964e+02
295.005000,-1.51403230e+02,-1.19987259e+02
295.010000,-1.51399835e+02,-1.19983840e+02
295.015000,-1.51405048e+02,-1.19989089e+02
295.020000,-1.51413652e+02,-1.19997694e+02
295.025000,-1.51421701e+02,-1.20005752e+02
295.030000,-1.51418376e+02,-1.20002395e+02
295.035000,-1.51409163e+02,-1.19993200e+02
295.040000,-1.51422555e+02,-1.20006573e+02
295.045000,-1.51425632e+02,-1.20009697e+02
295.050000,-1.51424198e+02,-1.20008267e+02
295.055000,-1.51413736e+02,-1.19997827e+02
295.060000,-1.51409049e+02,-1.19993135e+02
295.065000,-1.51412846e+02,-1.19996940e+02
295.070000,-1.51415691e+02,-1.19999752e+02
295.075000,-1.51430578e+02,-1.20014652e+02
295.080000,-1.51439064e+02,-1.20023099e+02
295.085000,-1.51435841e+02,-1.20019927e+02
295.090000,-1.51435366e+02,-1.20019460e+02
295.095000,-1.51439581e+02,-1.20023686e+02
295.100000,-1.51440803e+02,-1.20024875e+02
295.105000,-1.51436003e+02,-1.20020122e+02
295.110000,-1.51430605e+02,-1.20014700e+02
295.115000,-1.51446089e+02,-1.20030204e+02
295.120000,-1.51469954e+02,-1.20054075e+02
295.125000,-1.51472702e+02,-1.20056818e+02
295.130000,-1.51470843e+02,-1.20054996e+02
295.135000,-1.51458549e+02,-1.20042703e+02
295.140000,-1.51466747e+02,-1.20050902e+02
295.145000,-1.51476425e+02,-1.20060622e+02
295.150000,-1.51485877e+02,-1.20070071e+02
295.155000,-1.51490573e+02,-1.20074727e+02
295.160000,-1.51476959e+02,-1.20061113e+02
295.165000,-1.51467386e+02,-1.20051574e+02
295.170000,-1.51466403e+02,-1.20050593e+02
295.175000,-1.51464417e+02,-1.20048615e+02
295.180000,-1.51464122e+02,-1.20048353e+02
295.185000,-1.51461152e+02,-1.20045326e+02
295.190000,-1.51464729e+02,-1.20048890e+02
295.195000,-1.51470303e+02,-1.20054466e+02
295.200000,-1.51481085e+02,-1.20065226e+02
295.205000,-1.51484037e+02,-1.20068173e+02
295.210000,-1.51478992e+02,-1.20063137e+02
295.215000,-1.51477136e+02,-1.20061278e+02
295.220000,-1.51472526e+02,-1.20056706e+02
295.225000,-1.51476508e+02,-1.20060666e+02
295.230000,-1.51480195e+02,-1.20064338e+02
295.235000,-1.51504390e+02,-1.20088429e+02
295.240000,-1.51514195e+02,-1.20098260e+02
295.245000,-1.51511346e+02,-1.20095426e+02
295.250000,-1.51503562e+02,-1.20087650e+02
295.255000,-1.51501369e+02,-1.20085459e+02
295.260000,-1.51500664e+02,-1.20084756e+02
295.265000,-1.51505249e+02,-1.20089378e+02
295.270000,-1.51518110e+02,-1.20102188e+02
295.275000,-1.51521426e+02,-1.20105458e+02
295.280000,-1.51522035e+02,-1.20106030e+02
295.285000,-1.51500420e+02,-1.20084443e+02
295.290000,-1.51498367e+02,-1.20082404e+02
295.295000,-1.51507456e+02,-1.20091517e+02
295.300000,-1.51516607e+02,-1.20100700e+02
295.305000,-1.51519791e+02,-1.20103891e+02
295.310000,-1.51521142e+02,-1.20105230e+02
295.315000,-1.51521174e+02,-1.20105269e+02
295.320000,-1.51523545e+02,-1.20107667e+02
295.325000,-1.51530555e+02,-1.20114627e+02
295.330000,-1.51526715e+02,-1.20110767e+02
295.335000,-1.51513152e+02,-1.20097230e+02
295.340000,-1.51517002e+02,-1.20101058e+02
295.345000,-1.51523312e+02,-1.20107379e+02
295.350000,-1.51519128e+02,-1.20103215e+02
295.355000,-1.51506061e+02,-1.20090165e+02
295.360000,-1.51517205e+02,-1.20101359e+02
295.365000,-1.51532026e+02,-1.20116186e+02
295.370000,-1.51537299e+02,-1.20121467e+02
295.375000,-1.51529617e+02,-1.20113787e+02
295.380000,-1.51552285e+02,-1.20136408e+02
295.385000,-1.51564086e+02,-1.20148186e+02
295.390000,-1.51571244e+02,-1.20155366e+02
295.395000,-1.51586174e+02,-1.20170337e+02
295.400000,-1.51595701e+02,-1.20179888e+02
295.405000,-1.51617148e+02,-1.20201358e+02
295.410000,-1.51626492e+02,-1.20210680e+02
295.415000,-1.51642773e+02,-1.20226962e+02
295.420000,-1.51655721e+02,-1.20239924e+02
295.425000,-1.51660001e+02,-1.20244179e+02
295.430000,-1.51663175e+02,-1.20247306e+02
295.435000,-1.51654317e+02,-1.20238448e+02
295.440000,-1.51659395e+02,-1.20243504e+02
295.445000,-1.51668045e+02,-1.20252210e+02
295.450000,-1.51669666e+02,-1.20253835e+02
295.455000,-1.51680622e+02,-1.20264747e+02
295.460000,-1.51678647e+02,-1.20262747e+02
295.465000,-1.51673743e+02,-1.20257873e+02
295.470000,-1.51677383e+02,-1.20261509e+02
295.475000,-1.51674865e+02,-1.20258966e+02
295.480000,-1.51682433e+02,-1.20266482e+02
295.485000,-1.51677142e+02,-1.20261233e+02
295.490000,-1.51683174e+02,-1.20267181e+02
295.495000,-1.51680326e+02,-1.20264316e+02
295.500000,-1.51682804e+02,-1.20266830e+02
295.505000,-1.51683838e+02,-1.20267905e+02
295.510000,-1.51684390e+02,-1.20268479e+02
295.515000,-1.51695350e+02,-1.20279385e+02
295.520000,-1.51705852e+02,-1.20289875e+02
295.525000,-1.51694873e+02,-1.20278912e+02
295.530000,-1.51691985e+02,-1.20276012e+02
295.535000,-1.51681777e+02,-1.20265801e+02
295.540000,-1.51684221e+02,-1.20268222e+02
295.545000,-1.51677952e+02,-1.20261951e+02
295.550000,-1.51688684e+02,-1.20272713e+02
295.555000,-1.51691312e+02,-1.20275337e+02
295.560000,-1.51708390e+02,-1.20292396e+02
295.565000,-1.51719722e+02,-1.20303724e+02
295.570000,-1.51707056e+02,-1.20291116e+02
295.575000,-1.51717836e+02,-1.20301930e+02
295.580000,-1.51717622e+02,-1.20301706e+02
295.585000,-1.51707809e+02,-1.20291909e+02
295.590000,-1.51690428e+02,-1.20274505e+02
295.595000,-1.51685688e+02,-1.20269752e+02
295.600000,-1.51698269e+02,-1.20282374e+02
295.605000,-1.51709105e+02,-1.20293236e+02
295.610000,-1.51718127e+02,-1.20302257e+02
295.615000,-1.51730651e+02,-1.20314776e+02
295.620000,-1.51730353e+02,-1.20314505e+02
295.625000,-1.51739273e+02,-1.20323407e+02
295.630000,-1.51744142e+02,-1.20328247e+02
295.635000,-1.51753274e+02,-1.20337417e+02
295.640000,-1.51766836e+02,-1.20351013e+02
295.645000,-1.51772463e+02,-1.20356602e+02
295.650000,-1.51782755e+02,-1.20366876e+02
295.655000,-1.51774189e+02,-1.20358275e+02
295.660000,-1.51764810e+02,-1.20348900e+02
295.665000,-1.51768311e+02,-1.20352370e+02
295.670000,-1.51775075e+02,-1.20359142e+02
295.675000,-1.51777871e+02,-1.20361967e+02
295.680000,-1.51783049e+02,-1.20367137e+02
295.685000,-1.51792196e+02,-1.20376315e+02
295.690000,-1.51803740e+02,-1.20387823e+02
295.695000,-1.51798235e+02,-1.20382310e+02
295.700000,-1.51799482e+02,-1.20383578e+02
295.705000,-1.51797786e+02,-1.20381877e+02
295.710000,-1.51792166e+02,-1.20376315e+02
295.715000,-1.51798391e+02,-1.20382548e+02
295.720000,-1.51824021e+02,-1.20408122e+02
295.725000,-1.51837135e+02,-1.20421275e+02
295.730000,-1.51846168e+02,-1.20430295e+02
295.735000,-1.51841929e+02,-1.20426054e+02
295.740000,-1.51834666e+02,-1.20418823e+02
295.745000,-1.51847835e+02,-1.20431944e+02
295.750000,-1.51850742e+02,-1.20434823e+02
295.755000,-1.51867703e+02,-1.20451763e+02
295.760000,-1.51872797e+02,-1.20456861e+02
295.765000,-1.51856951e+02,-1.20441001e+02
295.770000,-1.51860152e+02,-1.20444225e+02
295.775000,-1.51868180e+02,-1.20452211e+02
295.780000,-1.51868229e+02,-1.20452272e+02
