time,T_dna,T_res
250.010000,-1.06599912e+02,-7.51845754e+01
250.015000,-1.06599928e+02,-7.51845901e+01
250.020000,-1.06599915e+02,-7.51845768e+01
250.025000,-1.06599757e+02,-7.51844189e+01
250.030000,-1.06599265e+02,-7.51839266e+01
250.035000,-1.06598256e+02,-7.51829172e+01
250.040000,-1.06596635e+02,-7.51812960e+01
250.045000,-1.06594481e+02,-7.51791423e+01
250.050000,-1.06592097e+02,-7.51767589e+01
250.055000,-1.06589978e+02,-7.51746394e+01
250.060000,-1.06588722e+02,-7.51733840e+01
250.065000,-1.06588956e+02,-7.51736180e+01
250.070000,-1.06591275e+02,-7.51759374e+01
250.075000,-1.06596216e+02,-7.51808791e+01
250.080000,-1.06604238e+02,-7.51889020e+01
250.085000,-1.06615711e+02,-7.52003747e+01
250.090000,-1.06630905e+02,-7.52155697e+01
250.095000,-1.06650002e+02,-7.52346672e+01
250.100000,-1.06673099e+02,-7.52577644e+01
250.105000,-1.06700222e+02,-7.52848876e+01
250.110000,-1.06731337e+02,-7.53160036e+01
250.115000,-1.06766362e+02,-7.53510286e+01
250.120000,-1.06805172e+02,-7.53898384e+01
250.125000,-1.06847610e+02,-7.54322766e+01
250.130000,-1.06893496e+02,-7.54781632e+01
250.135000,-1.06942634e+02,-7.55273013e+01
250.140000,-1.06994816e+02,-7.55794829e+01
250.145000,-1.07049826e+02,-7.56344931e+01
250.150000,-1.07107447e+02,-7.56921143e+01
250.155000,-1.07167463e+02,-7.57521295e+01
250.160000,-1.07229658e+02,-7.58143248e+01
250.165000,-1.07293825e+02,-7.58784917e+01
250.170000,-1.07359762e+02,-7.59444284e+01
250.175000,-1.07427275e+02,-7.60119406e+01
250.180000,-1.07496177e+02,-7.60808428e+01
250.185000,-1.07566293e+02,-7.61509584e+01
250.190000,-1.07637455e+02,-7.62221200e+01
250.195000,-1.07709506e+02,-7.62941696e+01
250.200000,-1.07782295e+02,-7.63669586e+01
250.205000,-1.07855684e+02,-7.64403472e+01
250.210000,-1.07929542e+02,-7.65142047e+01
250.215000,-1.08003747e+02,-7.65884088e+01
250.220000,-1.08078184e+02,-7.66628458e+01
250.225000,-1.08152749e+02,-7.67374097e+01
250.230000,-1.08227342e+02,-7.68120024e+01
250.235000,-1.08301873e+02,-7.68865330e+01
250.240000,-1.08376259e+02,-7.69609175e+01
250.245000,-1.08450421e+02,-7.70350788e+01
250.250000,-1.08524288e+02,-7.71089458e+01
250.255000,-1.08597797e+02,-7.71824535e+01
250.260000,-1.08670886e+02,-7.72555426e+01
250.265000,-1.08743503e+02,-7.73281590e+01
250.270000,-1.08815598e+02,-7.74002534e+01
250.275000,-1.08887127e+02,-7.74717812e+01
250.280000,-1.08958048e+02,-7.75427019e+01
250.285000,-1.09028326e+02,-7.76129788e+01
250.290000,-1.09097927e+02,-7.76825792e+01
250.295000,-1.09166822e+02,-7.77514733e+01
250.300000,-1.09234984e+02,-7.78196350e+01
250.305000,-1.09302391e+02,-7.78870410e+01
250.310000,-1.09369021e+02,-7.79536709e+01
250.315000,-1.09434858e+02,-7.80195070e+01
250.320000,-1.09499886e+02,-7.80845344e+01
250.325000,-1.09564093e+02,-7.81487403e+01
250.330000,-1.09627467e+02,-7.82121141e+01
250.335000,-1.09690001e+02,-7.82746474e+01
250.340000,-1.09751687e+02,-7.83363332e+01
250.345000,-1.09812521e+02,-7.83971662e+01
250.350000,-1.09872498e+02,-7.84571425e+01
250.355000,-1.09931615e+02,-7.85162592e+01
250.360000,-1.09989872e+02,-7.85745148e+01
250.365000,-1.10047266e+02,-7.86319086e+01
250.370000,-1.10103799e+02,-7.86884411e+01
250.375000,-1.10159472e+02,-7.87441137e+01
250.380000,-1.10214288e+02,-7.87989285e+01
250.385000,-1.10268248e+02,-7.88528888e+01
250.390000,-1.10321358e+02,-7.89059982e+01
250.395000,-1.10373622e+02,-7.89582613e+01
250.400000,-1.10425044e+02,-7.90096830e+01
250.405000,-1.10475631e+02,-7.90602688e+01
250.410000,-1.10525387e+02,-7.91100244e+01
250.415000,-1.10574319e+02,-7.91589563e+01
250.420000,-1.10622434e+02,-7.92070709e+01
250.425000,-1.10669739e+02,-7.92543753e+01
250.430000,-1.10716241e+02,-7.93008765e+01
250.435000,-1.10761947e+02,-7.93465822e+01
250.440000,-1.10806866e+02,-7.93915001e+01
250.445000,-1.10851004e+02,-7.94356382e+01
250.450000,-1.10894371e+02,-7.94790047e+01
250.455000,-1.10936975e+02,-7.95216079e+01
250.460000,-1.10978824e+02,-7.95634565e+01
250.465000,-1.11019927e+02,-7.96045591e+01
250.470000,-1.11060293e+02,-7.96449245e+01
250.475000,-1.11099930e+02,-7.96845617e+01
250.480000,-1.11138849e+02,-7.97234797e+01
250.485000,-1.11177057e+02,-7.97616874e+01
250.490000,-1.11214564e+02,-7.97991940e+01
250.495000,-1.11251379e+02,-7.98360087e+01
250.500000,-1.11287511e+02,-7.98721403e+01
250.505000,-1.11322969e+02,-7.99075982e+01
250.510000,-1.11357763e+02,-7.99423916e+01
250.515000,-1.11391902e+02,-7.99765297e+01
250.520000,-1.11425394e+02,-8.00100218e+01
250.525000,-1.11458250e+02,-8.00428771e+01
250.530000,-1.11490478e+02,-8.00751048e+01
250.535000,-1.11522087e+02,-8.01067141e+01
250.540000,-1.11553088e+02,-8.01377142e+01
250.545000,-1.11583488e+02,-8.01681144e+01
250.550000,-1.11613298e+02,-8.01979235e+01
250.555000,-1.11642525e+02,-8.02271507e+01
250.560000,-1.11671180e+02,-8.02558047e+01
250.565000,-1.11699269e+02,-8.02838941e+01
250.570000,-1.11726803e+02,-8.03114276e+01
250.575000,-1.11753789e+02,-8.03384133e+01
250.580000,-1.11780236e+02,-8.03648594e+01
250.585000,-1.11806150e+02,-8.03907737e+01
250.590000,-1.11831541e+02,-8.04161639e+01
250.595000,-1.11856415e+02,-8.04410377e+01
250.600000,-1.11880780e+02,-8.04654025e+01
250.605000,-1.11904643e+02,-8.04892658e+01
250.610000,-1.11928013e+02,-8.05126350e+01
250.615000,-1.11950895e+02,-8.05355173e+01
250.620000,-1.11973298e+02,-8.05579201e+01
250.625000,-1.11995229e+02,-8.05798506e+01
250.630000,-1.12016695e+02,-8.06013160e+01
250.635000,-1.12037703e+02,-8.06223236e+01
250.640000,-1.12058260e+02,-8.06428806e+01
250.645000,-1.12078374e+02,-8.06629942e+01
250.650000,-1.12098051e+02,-8.06826715e+01
250.655000,-1.12117300e+02,-8.07019196e+01
250.660000,-1.12136126e+02,-8.07207455e+01
250.665000,-1.12154537e+02,-8.07391561e+01
250.670000,-1.12172539e+02,-8.07571582e+01
250.675000,-1.12190139e+02,-8.07747584e+01
250.680000,-1.12207344e+02,-8.07919632e+01
250.685000,-1.12224160e+02,-8.08087789e+01
250.690000,-1.12240593e+02,-8.08252120e+01
250.695000,-1.12256650e+02,-8.08412685e+01
250.700000,-1.12272336e+02,-8.08569545e+01
250.705000,-1.12287658e+02,-8.08722756e+01
250.710000,-1.12302620e+02,-8.08872377e+01
250.715000,-1.12317229e+02,-8.09018462e+01
250.720000,-1.12331489e+02,-8.09161066e+01
250.725000,-1.12345407e+02,-8.09300239e+01
250.730000,-1.12358986e+02,-8.09436032e+01
250.735000,-1.12372232e+02,-8.09568493e+01
250.740000,-1.12385150e+02,-8.09697672e+01
250.745000,-1.12397745e+02,-8.09823616e+01
250.750000,-1.12410021e+02,-8.09946374e+01
250.755000,-1.12421983e+02,-8.10065992e+01
250.760000,-1.12433636e+02,-8.10182519e+01
250.765000,-1.12444984e+02,-8.10296001e+01
250.770000,-1.12456032e+02,-8.10406484e+01
250.775000,-1.12466786e+02,-8.10514016e+01
250.780000,-1.12477248e+02,-8.10618640e+01
250.785000,-1.12487425e+02,-8.10720402e+01
250.790000,-1.12497319e+02,-8.10819347e+01
250.795000,-1.12506936e+02,-8.10915517e+01
250.800000,-1.12516281e+02,-8.11008959e+01
250.805000,-1.12525356e+02,-8.11099717e+01
250.810000,-1.12534168e+02,-8.11187834e+01
250.815000,-1.12542721e+02,-8.11273356e+01
250.820000,-1.12551018e+02,-8.11356327e+01
250.825000,-1.12559064e+02,-8.11436792e+01
250.830000,-1.12566865e+02,-8.11514796e+01
250.835000,-1.12574424e+02,-8.11590382e+01
250.840000,-1.12581745e+02,-8.11663594e+01
250.845000,-1.12588833e+02,-8.11734474e+01
250.850000,-1.12595692e+02,-8.11803062e+01
250.855000,-1.12602325e+02,-8.11869396e+01
250.860000,-1.12608737e+02,-8.11933515e+01
250.865000,-1.12614931e+02,-8.11995454e+01
250.870000,-1.12620911e+02,-8.12055247e+01
250.875000,-1.12626679e+02,-8.12112929e+01
250.880000,-1.12632239e+02,-8.12168531e+01
250.885000,-1.12637595e+02,-8.12222085e+01
250.890000,-1.12642748e+02,-8.12273621e+01
250.895000,-1.12647703e+02,-8.12323169e+01
250.900000,-1.12652463e+02,-8.12370761e+01
250.905000,-1.12657029e+02,-8.12416426e+01
250.910000,-1.12661406e+02,-8.12460196e+01
250.915000,-1.12665597e+02,-8.12502098e+01
250.920000,-1.12669603e+02,-8.12542161e+01
250.925000,-1.12673428e+02,-8.12580411e+01
250.930000,-1.12677074e+02,-8.12616874e+01
250.935000,-1.12680544e+02,-8.12651575e+01
250.940000,-1.12683841e+02,-8.12684541e+01
250.945000,-1.12686967e+02,-8.12715798e+01
250.950000,-1.12689924e+02,-8.12745373e+01
250.955000,-1.12692716e+02,-8.12773293e+01
250.960000,-1.12695346e+02,-8.12799588e+01
250.965000,-1.12697815e+02,-8.12824282e+01
250.970000,-1.12700128e+02,-8.12847403e+01
250.975000,-1.12702285e+02,-8.12868976e+01
250.980000,-1.12704290e+02,-8.12889024e+01
250.985000,-1.12706144e+02,-8.12907570e+01
250.990000,-1.12707851e+02,-8.12924637e+01
250.995000,-1.12709412e+02,-8.12940247e+01
251.000000,-1.12710830e+02,-8.12954422e+01
251.005000,-1.12712106e+02,-8.12967184e+01
251.010000,-1.12713243e+02,-8.12978556e+01
251.015000,-1.12714243e+02,-8.12988557e+01
251.020000,-1.12715109e+02,-8.12997209e+01
251.025000,-1.12715841e+02,-8.13004532e+01
251.030000,-1.12716442e+02,-8.13010545e+01
251.035000,-1.12716915e+02,-8.13015271e+01
251.040000,-1.12717261e+02,-8.13018730e+01
251.045000,-1.12717482e+02,-8.13020946e+01
251.050000,-1.12717582e+02,-8.13021943e+01
251.055000,-1.12717562e+02,-8.13021746e+01
251.060000,-1.12717426e+02,-8.13020380e+01
251.065000,-1.12717175e+02,-8.13017868e+01
251.070000,-1.12716811e+02,-8.13014232e+01
251.075000,-1.12716337e+02,-8.13009493e+01
251.080000,-1.12715755e+02,-8.13003670e+01
251.085000,-1.12715066e+02,-8.12996777e+01
251.090000,-1.12714271e+02,-8.12988833e+01
251.095000,-1.12713373e+02,-8.12979849e+01
251.100000,-1.12712372e+02,-8.12969842e+01
251.105000,-1.12711270e+02,-8.12958825e+01
251.110000,-1.12710069e+02,-8.12946810e+01
251.115000,-1.12708769e+02,-8.12933811e+01
251.120000,-1.12707372e+02,-8.12919841e+01
251.125000,-1.12705879e+02,-8.12904914e+01
251.130000,-1.12704292e+02,-8.12889043e+01
251.135000,-1.12702612e+02,-8.12872238e+01
251.140000,-1.12700839e+02,-8.12854512e+01
251.145000,-1.12698976e+02,-8.12835877e+01
251.150000,-1.12697022e+02,-8.12816342e+01
251.155000,-1.12694980e+02,-8.12795917e+01
251.160000,-1.12692849e+02,-8.12774614e+01
251.165000,-1.12690632e+02,-8.12752442e+01
251.170000,-1.12688329e+02,-8.12729409e+01
251.175000,-1.12685941e+02,-8.12705527e+01
251.180000,-1.12683468e+02,-8.12680804e+01
251.185000,-1.12680913e+02,-8.12655251e+01
251.190000,-1.12678276e+02,-8.12628881e+01
251.195000,-1.12675559e+02,-8.12601707e+01
251.200000,-1.12672762e+02,-8.12573743e+01
251.205000,-1.12669888e+02,-8.12545005e+01
251.210000,-1.12666939e+02,-8.12515510e+01
251.215000,-1.12663915e+02,-8.12485276e+01
251.220000,-1.12660820e+02,-8.12454321e+01
251.225000,-1.12657654e+02,-8.12422666e+01
251.230000,-1.12654421e+02,-8.12390329e+01
251.235000,-1.12651121e+02,-8.12357329e+01
251.240000,-1.12647756e+02,-8.12323684e+01
251.245000,-1.12644328e+02,-8.12289407e+01
251.250000,-1.12640839e+02,-8.12254510e+01
251.255000,-1.12637288e+02,-8.12219004e+01
251.260000,-1.12633677e+02,-8.12182895e+01
251.265000,-1.12630007e+02,-8.12146194e+01
251.270000,-1.12626278e+02,-8.12108908e+01
251.275000,-1.12622492e+02,-8.12071047e+01
251.280000,-1.12618649e+02,-8.12032617e+01
251.285000,-1.12614750e+02,-8.11993625e+01
251.290000,-1.12610796e+02,-8.11954080e+01
251.295000,-1.12606786e+02,-8.11913990e+01
251.300000,-1.12602724e+02,-8.11873362e+01
251.305000,-1.12598608e+02,-8.11832208e+01
251.310000,-1.12594441e+02,-8.11790538e+01
251.315000,-1.12590224e+02,-8.11748365e+01
251.320000,-1.12585957e+02,-8.11705700e+01
251.325000,-1.12581643e+02,-8.11662554e+01
251.330000,-1.12577281e+02,-8.11618936e+01
251.335000,-1.12572873e+02,-8.11574854e+01
251.340000,-1.12568418e+02,-8.11530312e+01
251.345000,-1.12563919e+02,-8.11485315e+01
251.350000,-1.12559374e+02,-8.11439866e+01
251.355000,-1.12554784e+02,-8.11393967e+01
251.360000,-1.12550150e+02,-8.11347625e+01
251.365000,-1.12545471e+02,-8.11300844e+01
251.370000,-1.12540750e+02,-8.11253632e+01
251.375000,-1.12535987e+02,-8.11205999e+01
251.380000,-1.12531182e+02,-8.11157954e+01
251.385000,-1.12526338e+02,-8.11109509e+01
251.390000,-1.12521454e+02,-8.11060672e+01
251.395000,-1.12516532e+02,-8.11011452e+01
251.400000,-1.12511572e+02,-8.10961856e+01
251.405000,-1.12506576e+02,-8.10911890e+01
251.410000,-1.12501542e+02,-8.10861557e+01
251.415000,-1.12496473e+02,-8.10810859e+01
251.420000,-1.12491367e+02,-8.10759798e+01
251.425000,-1.12486224e+02,-8.10708374e+01
251.430000,-1.12481045e+02,-8.10656588e+01
251.435000,-1.12475831e+02,-8.10604443e+01
251.440000,-1.12470581e+02,-8.10551942e+01
251.445000,-1.12465295e+02,-8.10499087e+01
251.450000,-1.12459975e+02,-8.10445884e+01
251.455000,-1.12454620e+02,-8.10392336e+01
251.460000,-1.12449231e+02,-8.10338450e+01
251.465000,-1.12443809e+02,-8.10284231e+01
251.470000,-1.12438355e+02,-8.10229683e+01
251.475000,-1.12432868e+02,-8.10174814e+01
251.480000,-1.12427349e+02,-8.10119629e+01
251.485000,-1.12421800e+02,-8.10064136e+01
251.490000,-1.12416220e+02,-8.10008339e+01
251.495000,-1.12410611e+02,-8.09952246e+01
251.500000,-1.12404972e+02,-8.09895863e+01
251.505000,-1.12399306e+02,-8.09839197e+01
251.510000,-1.12393612e+02,-8.09782255e+01
251.515000,-1.12387890e+02,-8.09725045e+01
251.520000,-1.12382143e+02,-8.09667571e+01
251.525000,-1.12376370e+02,-8.09609838e+01
251.530000,-1.12370571e+02,-8.09551852e+01
251.535000,-1.12364747e+02,-8.09493614e+01
251.540000,-1.12358899e+02,-8.09435128e+01
251.545000,-1.12353025e+02,-8.09376394e+01
251.550000,-1.12347127e+02,-8.09317417e+01
251.555000,-1.12341205e+02,-8.09258197e+01
251.560000,-1.12335259e+02,-8.09198739e+01
251.565000,-1.12329290e+02,-8.09139043e+01
251.570000,-1.12323297e+02,-8.09079113e+01
251.575000,-1.12317280e+02,-8.09018950e+01
251.580000,-1.12311241e+02,-8.08958559e+01
251.585000,-1.12305180e+02,-8.08897945e+01
251.590000,-1.12299097e+02,-8.08837114e+01
251.595000,-1.12292993e+02,-8.08776075e+01
251.600000,-1.12286869e+02,-8.08714836e+01
251.605000,-1.12280726e+02,-8.08653409e+01
251.610000,-1.12274565e+02,-8.08591802e+01
251.615000,-1.12268388e+02,-8.08530025e+01
251.620000,-1.12262194e+02,-8.08468087e+01
251.625000,-1.12255984e+02,-8.08405993e+01
251.630000,-1.12249760e+02,-8.08343752e+01
251.635000,-1.12243522e+02,-8.08281367e+01
251.640000,-1.12237269e+02,-8.08218844e+01
251.645000,-1.12231004e+02,-8.08156188e+01
251.650000,-1.12224725e+02,-8.08093401e+01
251.655000,-1.12218434e+02,-8.08030489e+01
251.660000,-1.12212130e+02,-8.07967454e+01
251.665000,-1.12205815e+02,-8.07904302e+01
251.670000,-1.12199488e+02,-8.07841035e+01
251.675000,-1.12193150e+02,-8.07777657e+01
251.680000,-1.12186801e+02,-8.07714169e+01
251.685000,-1.12180442e+02,-8.07650573e+01
251.690000,-1.12174071e+02,-8.07586871e+01
251.695000,-1.12167691e+02,-8.07523063e+01
251.700000,-1.12161299e+02,-8.07459151e+01
251.705000,-1.12154898e+02,-8.07395136e+01
251.710000,-1.12148486e+02,-8.07331018e+01
251.715000,-1.12142064e+02,-8.07266799e+01
251.720000,-1.12135632e+02,-8.07202478e+01
251.725000,-1.12129190e+02,-8.07138056e+01
251.730000,-1.12122737e+02,-8.07073533e+01
251.735000,-1.12116274e+02,-8.07008904e+01
251.740000,-1.12109801e+02,-8.06944169e+01
251.745000,-1.12103316e+02,-8.06879325e+01
251.750000,-1.12096821e+02,-8.06814368e+01
251.755000,-1.12090314e+02,-8.06749298e+01
251.760000,-1.12083795e+02,-8.06684116e+01
251.765000,-1.12077266e+02,-8.06618823e+01
251.770000,-1.12070726e+02,-8.06553422e+01
251.775000,-1.12064175e+02,-8.06487919e+01
251.780000,-1.12057615e+02,-8.06422319e+01
251.785000,-1.12051046e+02,-8.06356629e+01
251.790000,-1.12044469e+02,-8.06290857e+01
251.795000,-1.12037884e+02,-8.06225009e+01
251.800000,-1.12031292e+02,-8.06159093e+01
251.805000,-1.12024695e+02,-8.06093114e+01
251.810000,-1.12018091e+02,-8.06027078e+01
251.815000,-1.12011482e+02,-8.05960992e+01
251.820000,-1.12004869e+02,-8.05894858e+01
251.825000,-1.11998251e+02,-8.05828679e+01
251.830000,-1.11991629e+02,-8.05762459e+01
251.835000,-1.11985002e+02,-8.05696196e+01
251.840000,-1.11978372e+02,-8.05629890e+01
251.845000,-1.11971737e+02,-8.05563538e+01
251.850000,-1.11965096e+02,-8.05497136e+01
251.855000,-1.11958450e+02,-8.05430677e+01
251.860000,-1.11951798e+02,-8.05364156e+01
251.865000,-1.11945139e+02,-8.05297567e+01
251.870000,-1.11938473e+02,-8.05230905e+01
251.875000,-1.11931799e+02,-8.05164169e+01
251.880000,-1.11925118e+02,-8.05097359e+01
251.885000,-1.11918430e+02,-8.05030477e+01
251.890000,-1.11911735e+02,-8.04963527e+01
251.895000,-1.11905034e+02,-8.04896514e+01
251.900000,-1.11898326e+02,-8.04829442e+01
251.905000,-1.11891614e+02,-8.04762315e+01
251.910000,-1.11884896e+02,-8.04695136e+01
251.915000,-1.11878173e+02,-8.04627909e+01
251.920000,-1.11871445e+02,-8.04560634e+01
251.925000,-1.11864713e+02,-8.04493313e+01
251.930000,-1.11857976e+02,-8.04425945e+01
251.935000,-1.11851235e+02,-8.04358532e+01
251.940000,-1.11844489e+02,-8.04291076e+01
251.945000,-1.11837739e+02,-8.04223577e+01
251.950000,-1.11830986e+02,-8.04156039e+01
251.955000,-1.11824228e+02,-8.04088463e+01
251.960000,-1.11817467e+02,-8.04020853e+01
251.965000,-1.11810703e+02,-8.03953211e+01
251.970000,-1.11803936e+02,-8.03885542e+01
251.975000,-1.11797167e+02,-8.03817851e+01
251.980000,-1.11790396e+02,-8.03750144e+01
251.985000,-1.11783624e+02,-8.03682427e+01
251.990000,-1.11776852e+02,-8.03614706e+01
251.995000,-1.11770080e+02,-8.03546989e+01
252.000000,-1.11763309e+02,-8.03479282e+01
252.005000,-1.11756540e+02,-8.03411590e+01
252.010000,-1.11749773e+02,-8.03343916e+01
252.015000,-1.11743008e+02,-8.03276266e+01
252.020000,-1.11736245e+02,-8.03208643e+01
252.025000,-1.11729486e+02,-8.03141051e+01
252.030000,-1.11722730e+02,-8.03073494e+01
252.035000,-1.11715978e+02,-8.03005976e+01
252.040000,-1.11709231e+02,-8.02938500e+01
252.045000,-1.11702487e+02,-8.02871069e+01
252.050000,-1.11695749e+02,-8.02803686e+01
252.055000,-1.11689016e+02,-8.02736354e+01
252.060000,-1.11682288e+02,-8.02669075e+01
252.065000,-1.11675565e+02,-8.02601850e+01
252.070000,-1.11668848e+02,-8.02534681e+01
252.075000,-1.11662137e+02,-8.02467569e+01
252.080000,-1.11655432e+02,-8.02400513e+01
252.085000,-1.11648731e+02,-8.02333511e+01
252.090000,-1.11642036e+02,-8.02266560e+01
252.095000,-1.11635345e+02,-8.02199654e+01
252.100000,-1.11628659e+02,-8.02132789e+01
252.105000,-1.11621976e+02,-8.02065959e+01
252.110000,-1.11615296e+02,-8.01999159e+01
252.115000,-1.11608618e+02,-8.01932385e+01
252.120000,-1.11601943e+02,-8.01865632e+01
252.125000,-1.11595269e+02,-8.01798895e+01
252.130000,-1.11588596e+02,-8.01732168e+01
252.135000,-1.11581924e+02,-8.01665448e+01
252.140000,-1.11575253e+02,-8.01598731e+01
252.145000,-1.11568581e+02,-8.01532013e+01
252.150000,-1.11561909e+02,-8.01465295e+01
252.155000,-1.11555237e+02,-8.01398577e+01
252.160000,-1.11548565e+02,-8.01331861e+01
252.165000,-1.11541894e+02,-8.01265152e+01
252.170000,-1.11535224e+02,-8.01198452e+01
252.175000,-1.11528556e+02,-8.01131765e+01
252.180000,-1.11521888e+02,-8.01065094e+01
252.185000,-1.11515223e+02,-8.00998440e+01
252.190000,-1.11508560e+02,-8.00931807e+01
252.195000,-1.11501899e+02,-8.00865196e+01
252.200000,-1.11495240e+02,-8.00798609e+01
252.205000,-1.11488584e+02,-8.00732049e+01
252.210000,-1.11481931e+02,-8.00665521e+01
252.215000,-1.11475281e+02,-8.00599027e+01
252.220000,-1.11468636e+02,-8.00532573e+01
252.225000,-1.11461995e+02,-8.00466164e+01
252.230000,-1.11455359e+02,-8.00399805e+01
252.235000,-1.11448729e+02,-8.00333501e+01
252.240000,-1.11442104e+02,-8.00267255e+01
252.245000,-1.11435485e+02,-8.00201070e+01
252.250000,-1.11428873e+02,-8.00134947e+01
252.255000,-1.11422267e+02,-8.00068884e+01
252.260000,-1.11415666e+02,-8.00002878e+01
252.265000,-1.11409071e+02,-7.99936925e+01
252.270000,-1.11402480e+02,-7.99871019e+01
252.275000,-1.11395893e+02,-7.99805154e+01
252.280000,-1.11389310e+02,-7.99739322e+01
252.285000,-1.11382730e+02,-7.99673516e+01
252.290000,-1.11376151e+02,-7.99607732e+01
252.295000,-1.11369574e+02,-7.99541963e+01
252.300000,-1.11362999e+02,-7.99476207e+01
252.305000,-1.11356424e+02,-7.99410462e+01
252.310000,-1.11349850e+02,-7.99344728e+01
252.315000,-1.11343278e+02,-7.99279002e+01
252.320000,-1.11336706e+02,-7.99213284e+01
252.325000,-1.11330135e+02,-7.99147572e+01
252.330000,-1.11323564e+02,-7.99081864e+01
252.335000,-1.11316993e+02,-7.99016158e+01
252.340000,-1.11310423e+02,-7.98950453e+01
252.345000,-1.11303852e+02,-7.98884745e+01
252.350000,-1.11297281e+02,-7.98819036e+01
252.355000,-1.11290710e+02,-7.98753328e+01
252.360000,-1.11284140e+02,-7.98687625e+01
252.365000,-1.11277570e+02,-7.98621932e+01
252.370000,-1.11271003e+02,-7.98556255e+01
252.375000,-1.11264437e+02,-7.98490601e+01
252.380000,-1.11257875e+02,-7.98424976e+01
252.385000,-1.11251316e+02,-7.98359386e+01
252.390000,-1.11244761e+02,-7.98293838e+01
252.395000,-1.11238211e+02,-7.98228341e+01
252.400000,-1.11231667e+02,-7.98162902e+01
252.405000,-1.11225130e+02,-7.98097530e+01
252.410000,-1.11218600e+02,-7.98032236e+01
252.415000,-1.11212080e+02,-7.97967030e+01
252.420000,-1.11205568e+02,-7.97901919e+01
252.425000,-1.11199068e+02,-7.97836913e+01
252.430000,-1.11192578e+02,-7.97772016e+01
252.435000,-1.11186099e+02,-7.97707231e+01
252.440000,-1.11179632e+02,-7.97642558e+01
252.445000,-1.11173176e+02,-7.97577995e+01
252.450000,-1.11166730e+02,-7.97513537e+01
252.455000,-1.11160294e+02,-7.97449176e+01
252.460000,-1.11153867e+02,-7.97384904e+01
252.465000,-1.11147448e+02,-7.97320715e+01
252.470000,-1.11141036e+02,-7.97256598e+01
252.475000,-1.11134631e+02,-7.97192547e+01
252.480000,-1.11128231e+02,-7.97128553e+01
252.485000,-1.11121837e+02,-7.97064610e+01
252.490000,-1.11115447e+02,-7.97000713e+01
252.495000,-1.11109062e+02,-7.96936858e+01
252.500000,-1.11102680e+02,-7.96873043e+01
252.505000,-1.11096302e+02,-7.96809267e+01
252.510000,-1.11089929e+02,-7.96745532e+01
252.515000,-1.11083559e+02,-7.96681839e+01
252.520000,-1.11077194e+02,-7.96618189e+01
252.525000,-1.11070834e+02,-7.96554584e+01
252.530000,-1.11064478e+02,-7.96491023e+01
252.535000,-1.11058126e+02,-7.96427507e+01
252.540000,-1.11051779e+02,-7.96364035e+01
252.545000,-1.11045436e+02,-7.96300605e+01
252.550000,-1.11039097e+02,-7.96237215e+01
252.555000,-1.11032761e+02,-7.96173862e+01
252.560000,-1.11026430e+02,-7.96110547e+01
252.565000,-1.11020102e+02,-7.96047270e+01
252.570000,-1.11013778e+02,-7.95984030e+01
252.575000,-1.11007458e+02,-7.95920831e+01
252.580000,-1.11001142e+02,-7.95857674e+01
252.585000,-1.10994831e+02,-7.95794564e+01
252.590000,-1.10988525e+02,-7.95731506e+01
252.595000,-1.10982225e+02,-7.95668507e+01
252.600000,-1.10975932e+02,-7.95605572e+01
252.605000,-1.10969646e+02,-7.95542709e+01
252.610000,-1.10963367e+02,-7.95479923e+01
252.615000,-1.10957096e+02,-7.95417216e+01
252.620000,-1.10950833e+02,-7.95354590e+01
252.625000,-1.10944579e+02,-7.95292047e+01
252.630000,-1.10938333e+02,-7.95229582e+01
252.635000,-1.10932093e+02,-7.95167192e+01
252.640000,-1.10925861e+02,-7.95104872e+01
252.645000,-1.10919636e+02,-7.95042617e+01
252.650000,-1.10913416e+02,-7.94980421e+01
252.655000,-1.10907202e+02,-7.94918280e+01
252.660000,-1.10900993e+02,-7.94856191e+01
252.665000,-1.10894789e+02,-7.94794150e+01
252.670000,-1.10888590e+02,-7.94732157e+01
252.675000,-1.10882395e+02,-7.94670209e+01
252.680000,-1.10876205e+02,-7.94608307e+01
252.685000,-1.10870019e+02,-7.94546453e+01
252.690000,-1.10863839e+02,-7.94484649e+01
252.695000,-1.10857663e+02,-7.94422895e+01
252.700000,-1.10851493e+02,-7.94361195e+01
252.705000,-1.10845329e+02,-7.94299551e+01
252.710000,-1.10839170e+02,-7.94237965e+01
252.715000,-1.10833017e+02,-7.94176440e+01
252.720000,-1.10826871e+02,-7.94114977e+01
252.725000,-1.10820731e+02,-7.94053575e+01
252.730000,-1.10814597e+02,-7.93992235e+01
252.735000,-1.10808469e+02,-7.93930955e+01
252.740000,-1.10802347e+02,-7.93869737e+01
252.745000,-1.10796231e+02,-7.93808579e+01
252.750000,-1.10790121e+02,-7.93747482e+01
252.755000,-1.10784018e+02,-7.93686445e+01
252.760000,-1.10777920e+02,-7.93625469e+01
252.765000,-1.10771828e+02,-7.93564555e+01
252.770000,-1.10765743e+02,-7.93503705e+01
252.775000,-1.10759665e+02,-7.93442919e+01
252.780000,-1.10753593e+02,-7.93382198e+01
252.785000,-1.10747527e+02,-7.93321545e+01
252.790000,-1.10741468e+02,-7.93260957e+01
252.795000,-1.10735416e+02,-7.93200434e+01
252.800000,-1.10729370e+02,-7.93139974e+01
252.805000,-1.10723330e+02,-7.93079574e+01
252.810000,-1.10717296e+02,-7.93019230e+01
252.815000,-1.10711267e+02,-7.92958941e+01
252.820000,-1.10705243e+02,-7.92898705e+01
252.825000,-1.10699224e+02,-7.92838519e+01
252.830000,-1.10693211e+02,-7.92778384e+01
252.835000,-1.10687202e+02,-7.92718300e+01
252.840000,-1.10681199e+02,-7.92658267e+01
252.845000,-1.10675201e+02,-7.92598289e+01
252.850000,-1.10669209e+02,-7.92538368e+01
252.855000,-1.10663223e+02,-7.92478509e+01
252.860000,-1.10657244e+02,-7.92418717e+01
252.865000,-1.10651271e+02,-7.92358995e+01
252.870000,-1.10645307e+02,-7.92299347e+01
252.875000,-1.10639349e+02,-7.92239775e+01
252.880000,-1.10633400e+02,-7.92180281e+01
252.885000,-1.10627458e+02,-7.92120864e+01
252.890000,-1.10621524e+02,-7.92061524e+01
252.895000,-1.10615598e+02,-7.92002261e+01
252.900000,-1.10609679e+02,-7.91943075e+01
252.905000,-1.10603768e+02,-7.91883966e+01
252.910000,-1.10597865e+02,-7.91824933e+01
252.915000,-1.10591969e+02,-7.91765975e+01
252.920000,-1.10586080e+02,-7.91707090e+01
252.925000,-1.10580199e+02,-7.91648274e+01
252.930000,-1.10574324e+02,-7.91589524e+01
252.935000,-1.10568455e+02,-7.91530834e+01
252.940000,-1.10562591e+02,-7.91472202e+01
252.945000,-1.10556733e+02,-7.91413621e+01
252.950000,-1.10550880e+02,-7.91355088e+01
252.955000,-1.10545031e+02,-7.91296599e+01
252.960000,-1.10539186e+02,-7.91238152e+01
252.965000,-1.10533346e+02,-7.91179745e+01
252.970000,-1.10527509e+02,-7.91121378e+01
252.975000,-1.10521676e+02,-7.91063054e+01
252.980000,-1.10515849e+02,-7.91004777e+01
252.985000,-1.10510026e+02,-7.90946553e+01
252.990000,-1.10504210e+02,-7.90888389e+01
252.995000,-1.10498400e+02,-7.90830288e+01
253.000000,-1.10492596e+02,-7.90772258e+01
253.005000,-1.10486801e+02,-7.90714301e+01
253.010000,-1.10481013e+02,-7.90656424e+01
253.015000,-1.10475233e+02,-7.90598628e+01
253.020000,-1.10469462e+02,-7.90540917e+01
253.025000,-1.10463700e+02,-7.90483295e+01
253.030000,-1.10457947e+02,-7.90425762e+01
253.035000,-1.10452202e+02,-7.90368320e+01
253.040000,-1.10446467e+02,-7.90310968e+01
253.045000,-1.10440741e+02,-7.90253705e+01
253.050000,-1.10435023e+02,-7.90196528e+01
253.055000,-1.10429314e+02,-7.90139435e+01
253.060000,-1.10423612e+02,-7.90082423e+01
253.065000,-1.10417919e+02,-7.90025492e+01
253.070000,-1.10412234e+02,-7.89968639e+01
253.075000,-1.10406556e+02,-7.89911865e+01
253.080000,-1.10400887e+02,-7.89855169e+01
253.085000,-1.10395225e+02,-7.89798555e+01
253.090000,-1.10389572e+02,-7.89742023e+01
253.095000,-1.10383927e+02,-7.89685574e+01
253.100000,-1.10378291e+02,-7.89629210e+01
253.105000,-1.10372663e+02,-7.89572930e+01
253.110000,-1.10367043e+02,-7.89516734e+01
253.115000,-1.10361432e+02,-7.89460621e+01
253.120000,-1.10355828e+02,-7.89404588e+01
253.125000,-1.10350233e+02,-7.89348630e+01
253.130000,-1.10344644e+02,-7.89292745e+01
253.135000,-1.10339062e+02,-7.89236927e+01
253.140000,-1.10333487e+02,-7.89181174e+01
253.145000,-1.10327917e+02,-7.89125481e+01
253.150000,-1.10322354e+02,-7.89069845e+01
253.155000,-1.10316796e+02,-7.89014264e+01
253.160000,-1.10311243e+02,-7.88958736e+01
253.165000,-1.10305695e+02,-7.88903261e+01
253.170000,-1.10300153e+02,-7.88847841e+01
253.175000,-1.10294617e+02,-7.88792477e+01
253.180000,-1.10289086e+02,-7.88737172e+01
253.185000,-1.10283562e+02,-7.88681927e+01
253.190000,-1.10278044e+02,-7.88626749e+01
253.195000,-1.10272533e+02,-7.88571638e+01
253.200000,-1.10267029e+02,-7.88516600e+01
253.205000,-1.10261532e+02,-7.88461635e+01
253.210000,-1.10256043e+02,-7.88406746e+01
253.215000,-1.10250562e+02,-7.88351935e+01
253.220000,-1.10245089e+02,-7.88297205e+01
253.225000,-1.10239624e+02,-7.88242557e+01
253.230000,-1.10234168e+02,-7.88187992e+01
253.235000,-1.10228720e+02,-7.88133511e+01
253.240000,-1.10223280e+02,-7.88079112e+01
253.245000,-1.10217848e+02,-7.88024794e+01
253.250000,-1.10212424e+02,-7.87970552e+01
253.255000,-1.10207006e+02,-7.87916381e+01
253.260000,-1.10201596e+02,-7.87862274e+01
253.265000,-1.10196191e+02,-7.87808226e+01
253.270000,-1.10190791e+02,-7.87754231e+01
253.275000,-1.10185396e+02,-7.87700282e+01
253.280000,-1.10180006e+02,-7.87646377e+01
253.285000,-1.10174619e+02,-7.87592513e+01
253.290000,-1.10169237e+02,-7.87538692e+01
253.295000,-1.10163859e+02,-7.87484914e+01
253.300000,-1.10158486e+02,-7.87431181e+01
253.305000,-1.10153118e+02,-7.87377497e+01
253.310000,-1.10147754e+02,-7.87323866e+01
253.315000,-1.10142397e+02,-7.87270294e+01
253.320000,-1.10137046e+02,-7.87216784e+01
253.325000,-1.10131702e+02,-7.87163344e+01
253.330000,-1.10126366e+02,-7.87109979e+01
253.335000,-1.10121037e+02,-7.87056694e+01
253.340000,-1.10115717e+02,-7.87003493e+01
253.345000,-1.10110405e+02,-7.86950378e+01
253.350000,-1.10105103e+02,-7.86897352e+01
253.355000,-1.10099809e+02,-7.86844415e+01
253.360000,-1.10094524e+02,-7.86791565e+01
253.365000,-1.10089248e+02,-7.86738804e+01
253.370000,-1.10083981e+02,-7.86686134e+01
253.375000,-1.10078723e+02,-7.86633554e+01
253.380000,-1.10073474e+02,-7.86581068e+01
253.385000,-1.10068235e+02,-7.86528675e+01
253.390000,-1.10063005e+02,-7.86476377e+01
253.395000,-1.10057784e+02,-7.86424173e+01
253.400000,-1.10052573e+02,-7.86372061e+01
253.405000,-1.10047370e+02,-7.86320034e+01
253.410000,-1.10042175e+02,-7.86268085e+01
253.415000,-1.10036987e+02,-7.86216206e+01
253.420000,-1.10031806e+02,-7.86164387e+01
253.425000,-1.10026629e+02,-7.86112622e+01
253.430000,-1.10021457e+02,-7.86060902e+01
253.435000,-1.10016289e+02,-7.86009223e+01
253.440000,-1.10011125e+02,-7.85957581e+01
253.445000,-1.10005964e+02,-7.85905975e+01
253.450000,-1.10000807e+02,-7.85854403e+01
253.455000,-1.09995653e+02,-7.85802868e+01
253.460000,-1.09990504e+02,-7.85751372e+01
253.465000,-1.09985359e+02,-7.85699921e+01
253.470000,-1.09980218e+02,-7.85648520e+01
253.475000,-1.09975084e+02,-7.85597176e+01
253.480000,-1.09969956e+02,-7.85545894e+01
253.485000,-1.09964834e+02,-7.85494679e+01
253.490000,-1.09959719e+02,-7.85443532e+01
253.495000,-1.09954612e+02,-7.85392455e+01
253.500000,-1.09949511e+02,-7.85341449e+01
253.505000,-1.09944417e+02,-7.85290512e+01
253.510000,-1.09939331e+02,-7.85239646e+01
253.515000,-1.09934251e+02,-7.85188849e+01
253.520000,-1.09929178e+02,-7.85138120e+01
253.525000,-1.09924112e+02,-7.85087459e+01
253.530000,-1.09919052e+02,-7.85036864e+01
253.535000,-1.09913999e+02,-7.84986335e+01
253.540000,-1.09908953e+02,-7.84935872e+01
253.545000,-1.09903913e+02,-7.84885474e+01
253.550000,-1.09898880e+02,-7.84835141e+01
253.555000,-1.09893853e+02,-7.84784875e+01
253.560000,-1.09888833e+02,-7.84734676e+01
253.565000,-1.09883820e+02,-7.84684544e+01
253.570000,-1.09878813e+02,-7.84634477e+01
253.575000,-1.09873813e+02,-7.84584476e+01
253.580000,-1.09868819e+02,-7.84534535e+01
253.585000,-1.09863830e+02,-7.84484649e+01
253.590000,-1.09858847e+02,-7.84434814e+01
253.595000,-1.09853868e+02,-7.84385022e+01
253.600000,-1.09848892e+02,-7.84335267e+01
253.605000,-1.09843920e+02,-7.84285542e+01
253.610000,-1.09838949e+02,-7.84235840e+01
253.615000,-1.09833981e+02,-7.84186154e+01
253.620000,-1.09829013e+02,-7.84136480e+01
253.625000,-1.09824047e+02,-7.84086815e+01
253.630000,-1.09819081e+02,-7.84037159e+01
253.635000,-1.09814117e+02,-7.83987515e+01
253.640000,-1.09809154e+02,-7.83937890e+01
253.645000,-1.09804194e+02,-7.83888288e+01
253.650000,-1.09799237e+02,-7.83838716e+01
253.655000,-1.09794283e+02,-7.83789182e+01
253.660000,-1.09789334e+02,-7.83739691e+01
253.665000,-1.09784390e+02,-7.83690249e+01
253.670000,-1.09779451e+02,-7.83640861e+01
253.675000,-1.09774518e+02,-7.83591529e+01
253.680000,-1.09769590e+02,-7.83542255e+01
253.685000,-1.09764669e+02,-7.83493039e+01
253.690000,-1.09759753e+02,-7.83443880e+01
253.695000,-1.09754842e+02,-7.83394775e+01
253.700000,-1.09749937e+02,-7.83345723e+01
253.705000,-1.09745037e+02,-7.83296721e+01
253.710000,-1.09740141e+02,-7.83247768e+01
253.715000,-1.09735251e+02,-7.83198863e+01
253.720000,-1.09730365e+02,-7.83150006e+01
253.725000,-1.09725484e+02,-7.83101200e+01
253.730000,-1.09720609e+02,-7.83052444e+01
253.735000,-1.09715738e+02,-7.83003740e+01
253.740000,-1.09710873e+02,-7.82955089e+01
253.745000,-1.09706013e+02,-7.82906490e+01
253.750000,-1.09701158e+02,-7.82857942e+01
253.755000,-1.09696308e+02,-7.82809444e+01
253.760000,-1.09691463e+02,-7.82760994e+01
253.765000,-1.09686623e+02,-7.82712593e+01
253.770000,-1.09681788e+02,-7.82664242e+01
253.775000,-1.09676958e+02,-7.82615938e+01
253.780000,-1.09672132e+02,-7.82567682e+01
253.785000,-1.09667311e+02,-7.82519472e+01
253.790000,-1.09662495e+02,-7.82471309e+01
253.795000,-1.09657683e+02,-7.82423193e+01
253.800000,-1.09652876e+02,-7.82375126e+01
253.805000,-1.09648074e+02,-7.82327107e+01
253.810000,-1.09643277e+02,-7.82279138e+01
253.815000,-1.09638486e+02,-7.82231221e+01
253.820000,-1.09633699e+02,-7.82183355e+01
253.825000,-1.09628918e+02,-7.82135542e+01
253.830000,-1.09624142e+02,-7.82087784e+01
253.835000,-1.09619371e+02,-7.82040079e+01
253.840000,-1.09614607e+02,-7.81992431e+01
253.845000,-1.09609847e+02,-7.81944841e+01
253.850000,-1.09605094e+02,-7.81897311e+01
253.855000,-1.09600348e+02,-7.81849844e+01
253.860000,-1.09595607e+02,-7.81802441e+01
253.865000,-1.09590874e+02,-7.81755106e+01
253.870000,-1.09586147e+02,-7.81707839e+01
253.875000,-1.09581427e+02,-7.81660643e+01
253.880000,-1.09576715e+02,-7.81613515e+01
253.885000,-1.09572009e+02,-7.81566456e+01
253.890000,-1.09567309e+02,-7.81519464e+01
253.895000,-1.09562617e+02,-7.81472535e+01
253.900000,-1.09557930e+02,-7.81425667e+01
253.905000,-1.09553248e+02,-7.81378855e+01
253.910000,-1.09548572e+02,-7.81332093e+01
253.915000,-1.09543900e+02,-7.81285376e+01
253.920000,-1.09539233e+02,-7.81238699e+01
253.925000,-1.09534568e+02,-7.81192055e+01
253.930000,-1.09529907e+02,-7.81145442e+01
253.935000,-1.09525248e+02,-7.81098855e+01
253.940000,-1.09520592e+02,-7.81052295e+01
253.945000,-1.09515939e+02,-7.81005761e+01
253.950000,-1.09511288e+02,-7.80959250e+01
253.955000,-1.09506639e+02,-7.80912761e+01
253.960000,-1.09501992e+02,-7.80866293e+01
253.965000,-1.09497347e+02,-7.80819844e+01
253.970000,-1.09492704e+02,-7.80773413e+01
253.975000,-1.09488062e+02,-7.80726997e+01
253.980000,-1.09483422e+02,-7.80680598e+01
253.985000,-1.09478784e+02,-7.80634215e+01
253.990000,-1.09474147e+02,-7.80587850e+01
253.995000,-1.09469513e+02,-7.80541508e+01
254.000000,-1.09464881e+02,-7.80495190e+01
254.005000,-1.09460252e+02,-7.80448901e+01
254.010000,-1.09455627e+02,-7.80402645e+01
254.015000,-1.09451004e+02,-7.80356424e+01
254.020000,-1.09446387e+02,-7.80310245e+01
254.025000,-1.09441773e+02,-7.80264112e+01
254.030000,-1.09437165e+02,-7.80218032e+01
254.035000,-1.09432563e+02,-7.80172014e+01
254.040000,-1.09427968e+02,-7.80126064e+01
254.045000,-1.09423381e+02,-7.80080191e+01
254.050000,-1.09418802e+02,-7.80034398e+01
254.055000,-1.09414231e+02,-7.79988688e+01
254.060000,-1.09409668e+02,-7.79943067e+01
254.065000,-1.09405115e+02,-7.79897534e+01
254.070000,-1.09400571e+02,-7.79852092e+01
254.075000,-1.09396036e+02,-7.79806741e+01
254.080000,-1.09391510e+02,-7.79761481e+01
254.085000,-1.09386992e+02,-7.79716309e+01
254.090000,-1.09382484e+02,-7.79671223e+01
254.095000,-1.09377984e+02,-7.79626221e+01
254.100000,-1.09373491e+02,-7.79581301e+01
254.105000,-1.09369007e+02,-7.79536461e+01
254.110000,-1.09364531e+02,-7.79491699e+01
254.115000,-1.09360063e+02,-7.79447012e+01
254.120000,-1.09355601e+02,-7.79402398e+01
254.125000,-1.09351146e+02,-7.79357850e+01
254.130000,-1.09346698e+02,-7.79313365e+01
254.135000,-1.09342255e+02,-7.79268935e+01
254.140000,-1.09337817e+02,-7.79224557e+01
254.145000,-1.09333383e+02,-7.79180224e+01
254.150000,-1.09328954e+02,-7.79135930e+01
254.155000,-1.09324528e+02,-7.79091670e+01
254.160000,-1.09320105e+02,-7.79047440e+01
254.165000,-1.09315685e+02,-7.79003236e+01
254.170000,-1.09311267e+02,-7.78959057e+01
254.175000,-1.09306851e+02,-7.78914903e+01
254.180000,-1.09302438e+02,-7.78870773e+01
254.185000,-1.09298028e+02,-7.78826668e+01
254.190000,-1.09293620e+02,-7.78782590e+01
254.195000,-1.09289215e+02,-7.78738541e+01
254.200000,-1.09284813e+02,-7.78694527e+01
254.205000,-1.09280416e+02,-7.78650551e+01
254.210000,-1.09276022e+02,-7.78606619e+01
254.215000,-1.09271634e+02,-7.78562737e+01
254.220000,-1.09267252e+02,-7.78518910e+01
254.225000,-1.09262875e+02,-7.78475144e+01
254.230000,-1.09258505e+02,-7.78431441e+01
254.235000,-1.09254141e+02,-7.78387803e+01
254.240000,-1.09249783e+02,-7.78344231e+01
254.245000,-1.09245433e+02,-7.78300723e+01
254.250000,-1.09241088e+02,-7.78257276e+01
254.255000,-1.09236749e+02,-7.78213884e+01
254.260000,-1.09232414e+02,-7.78170542e+01
254.265000,-1.09228085e+02,-7.78127247e+01
254.270000,-1.09223760e+02,-7.78083994e+01
254.275000,-1.09219438e+02,-7.78040780e+01
254.280000,-1.09215120e+02,-7.77997604e+01
254.285000,-1.09210806e+02,-7.77954463e+01
254.290000,-1.09206496e+02,-7.77911357e+01
254.295000,-1.09202188e+02,-7.77868280e+01
254.300000,-1.09197883e+02,-7.77825229e+01
254.305000,-1.09193580e+02,-7.77782198e+01
254.310000,-1.09189278e+02,-7.77739184e+01
254.315000,-1.09184978e+02,-7.77696184e+01
254.320000,-1.09180680e+02,-7.77653197e+01
254.325000,-1.09176383e+02,-7.77610230e+01
254.330000,-1.09172089e+02,-7.77567292e+01
254.335000,-1.09167799e+02,-7.77524398e+01
254.340000,-1.09163516e+02,-7.77481563e+01
254.345000,-1.09159240e+02,-7.77438804e+01
254.350000,-1.09154974e+02,-7.77396139e+01
254.355000,-1.09150718e+02,-7.77353582e+01
254.360000,-1.09146474e+02,-7.77311145e+01
254.365000,-1.09142244e+02,-7.77268841e+01
254.370000,-1.09138027e+02,-7.77226680e+01
254.375000,-1.09133826e+02,-7.77184668e+01
254.380000,-1.09129641e+02,-7.77142812e+01
254.385000,-1.09125471e+02,-7.77101115e+01
254.390000,-1.09121317e+02,-7.77059581e+01
254.395000,-1.09117180e+02,-7.77018207e+01
254.400000,-1.09113058e+02,-7.76976990e+01
254.405000,-1.09108951e+02,-7.76935921e+01
254.410000,-1.09104858e+02,-7.76894989e+01
254.415000,-1.09100777e+02,-7.76854184e+01
254.420000,-1.09096708e+02,-7.76813491e+01
254.425000,-1.09092649e+02,-7.76772897e+01
254.430000,-1.09088598e+02,-7.76732390e+01
254.435000,-1.09084555e+02,-7.76691959e+01
254.440000,-1.09080519e+02,-7.76651596e+01
254.445000,-1.09076489e+02,-7.76611296e+01
254.450000,-1.09072464e+02,-7.76571056e+01
254.455000,-1.09068446e+02,-7.76530874e+01
254.460000,-1.09064434e+02,-7.76490751e+01
254.465000,-1.09060428e+02,-7.76450687e+01
254.470000,-1.09056427e+02,-7.76410684e+01
254.475000,-1.09052433e+02,-7.76370742e+01
254.480000,-1.09048445e+02,-7.76330861e+01
254.485000,-1.09044463e+02,-7.76291041e+01
254.490000,-1.09040487e+02,-7.76251282e+01
254.495000,-1.09036517e+02,-7.76211584e+01
254.500000,-1.09032554e+02,-7.76171950e+01
254.505000,-1.09028597e+02,-7.76132384e+01
254.510000,-1.09024647e+02,-7.76092887e+01
254.515000,-1.09020705e+02,-7.76053464e+01
254.520000,-1.09016770e+02,-7.76014116e+01
254.525000,-1.09012843e+02,-7.75974843e+01
254.530000,-1.09008923e+02,-7.75935644e+01
254.535000,-1.09005010e+02,-7.75896520e+01
254.540000,-1.09001105e+02,-7.75857472e+01
254.545000,-1.08997208e+02,-7.75818498e+01
254.550000,-1.08993318e+02,-7.75779602e+01
254.555000,-1.08989437e+02,-7.75740784e+01
254.560000,-1.08985563e+02,-7.75702045e+01
254.565000,-1.08981697e+02,-7.75663389e+01
254.570000,-1.08977840e+02,-7.75624815e+01
254.575000,-1.08973990e+02,-7.75586323e+01
254.580000,-1.08970149e+02,-7.75547911e+01
254.585000,-1.08966316e+02,-7.75509576e+01
254.590000,-1.08962490e+02,-7.75471317e+01
254.595000,-1.08958671e+02,-7.75433129e+01
254.600000,-1.08954859e+02,-7.75395010e+01
254.605000,-1.08951053e+02,-7.75356954e+01
254.610000,-1.08947254e+02,-7.75318961e+01
254.615000,-1.08943461e+02,-7.75281027e+01
254.620000,-1.08939673e+02,-7.75243152e+01
254.625000,-1.08935891e+02,-7.75205334e+01
254.630000,-1.08932115e+02,-7.75167571e+01
254.635000,-1.08928343e+02,-7.75129858e+01
254.640000,-1.08924577e+02,-7.75092189e+01
254.645000,-1.08920813e+02,-7.75054556e+01
254.650000,-1.08917053e+02,-7.75016953e+01
254.655000,-1.08913295e+02,-7.74979371e+01
254.660000,-1.08909538e+02,-7.74941806e+01
254.665000,-1.08905783e+02,-7.74904255e+01
254.670000,-1.08902029e+02,-7.74866717e+01
254.675000,-1.08898276e+02,-7.74829190e+01
254.680000,-1.08894525e+02,-7.74791675e+01
254.685000,-1.08890774e+02,-7.74754169e+01
254.690000,-1.08887025e+02,-7.74716673e+01
254.695000,-1.08883276e+02,-7.74679186e+01
254.700000,-1.08879528e+02,-7.74641709e+01
254.705000,-1.08875782e+02,-7.74604243e+01
254.710000,-1.08872036e+02,-7.74566788e+01
254.715000,-1.08868292e+02,-7.74529349e+01
254.720000,-1.08864550e+02,-7.74491931e+01
254.725000,-1.08860811e+02,-7.74454538e+01
254.730000,-1.08857075e+02,-7.74417177e+01
254.735000,-1.08853343e+02,-7.74379855e+01
254.740000,-1.08849615e+02,-7.74342579e+01
254.745000,-1.08845892e+02,-7.74305354e+01
254.750000,-1.08842175e+02,-7.74268185e+01
254.755000,-1.08838464e+02,-7.74231075e+01
254.760000,-1.08834760e+02,-7.74194027e+01
254.765000,-1.08831061e+02,-7.74157040e+01
254.770000,-1.08827368e+02,-7.74120113e+01
254.775000,-1.08823681e+02,-7.74083244e+01
254.780000,-1.08819999e+02,-7.74046426e+01
254.785000,-1.08816322e+02,-7.74009657e+01
254.790000,-1.08812650e+02,-7.73972928e+01
254.795000,-1.08808980e+02,-7.73936237e+01
254.800000,-1.08805314e+02,-7.73899575e+01
254.805000,-1.08801651e+02,-7.73862940e+01
254.810000,-1.08797989e+02,-7.73826326e+01
254.815000,-1.08794330e+02,-7.73789733e+01
254.820000,-1.08790672e+02,-7.73753159e+01
254.825000,-1.08787017e+02,-7.73716602e+01
254.830000,-1.08783363e+02,-7.73680062e+01
254.835000,-1.08779710e+02,-7.73643536e+01
254.840000,-1.08776059e+02,-7.73607026e+01
254.845000,-1.08772410e+02,-7.73570532e+01
254.850000,-1.08768762e+02,-7.73534058e+01
254.855000,-1.08765117e+02,-7.73497608e+01
254.860000,-1.08761475e+02,-7.73461185e+01
254.865000,-1.08757836e+02,-7.73424796e+01
254.870000,-1.08754201e+02,-7.73388445e+01
254.875000,-1.08750570e+02,-7.73352138e+01
254.880000,-1.08746944e+02,-7.73315878e+01
254.885000,-1.08743323e+02,-7.73279669e+01
254.890000,-1.08739707e+02,-7.73243511e+01
254.895000,-1.08736096e+02,-7.73207403e+01
254.900000,-1.08732490e+02,-7.73171342e+01
254.905000,-1.08728889e+02,-7.73135325e+01
254.910000,-1.08725291e+02,-7.73099350e+01
254.915000,-1.08721697e+02,-7.73063410e+01
254.920000,-1.08718106e+02,-7.73027503e+01
254.925000,-1.08714518e+02,-7.72991623e+01
254.930000,-1.08710934e+02,-7.72955780e+01
254.935000,-1.08707352e+02,-7.72919964e+01
254.940000,-1.08703773e+02,-7.72884171e+01
254.945000,-1.08700196e+02,-7.72848398e+01
254.950000,-1.08696620e+02,-7.72812645e+01
254.955000,-1.08693048e+02,-7.72776925e+01
254.960000,-1.08689482e+02,-7.72741262e+01
254.965000,-1.08685925e+02,-7.72705694e+01
254.970000,-1.08682382e+02,-7.72670262e+01
254.975000,-1.08678856e+02,-7.72635004e+01
254.980000,-1.08675350e+02,-7.72599948e+01
254.985000,-1.08671867e+02,-7.72565118e+01
254.990000,-1.08668408e+02,-7.72530527e+01
254.995000,-1.08664974e+02,-7.72496185e+01
255.000000,-1.08661565e+02,-7.72462096e+01
255.005000,-1.08658181e+02,-7.72428259e+01
255.010000,-1.08654822e+02,-7.72394670e+01
255.015000,-1.08651488e+02,-7.72361324e+01
255.020000,-1.08648176e+02,-7.72328211e+01
255.025000,-1.08644888e+02,-7.72295325e+01
255.030000,-1.08641621e+02,-7.72262656e+01
255.035000,-1.08638375e+02,-7.72230197e+01
255.040000,-1.08635149e+02,-7.72197938e+01
255.045000,-1.08631942e+02,-7.72165868e+01
255.050000,-1.08628753e+02,-7.72133977e+01
255.055000,-1.08625580e+02,-7.72102252e+01
255.060000,-1.08622423e+02,-7.72070675e+01
255.065000,-1.08619278e+02,-7.72039231e+01
255.070000,-1.08616145e+02,-7.72007902e+01
255.075000,-1.08613022e+02,-7.71976671e+01
255.080000,-1.08609907e+02,-7.71945524e+01
255.085000,-1.08606800e+02,-7.71914447e+01
255.090000,-1.08603698e+02,-7.71883430e+01
255.095000,-1.08600601e+02,-7.71852463e+01
255.100000,-1.08597508e+02,-7.71821535e+01
255.105000,-1.08594419e+02,-7.71790638e+01
255.110000,-1.08591331e+02,-7.71759765e+01
255.115000,-1.08588246e+02,-7.71728909e+01
255.120000,-1.08585161e+02,-7.71698065e+01
255.125000,-1.08582078e+02,-7.71667227e+01
255.130000,-1.08578994e+02,-7.71636391e+01
255.135000,-1.08575910e+02,-7.71605553e+01
255.140000,-1.08572826e+02,-7.71574709e+01
255.145000,-1.08569740e+02,-7.71543856e+01
255.150000,-1.08566654e+02,-7.71512990e+01
255.155000,-1.08563565e+02,-7.71482108e+01
255.160000,-1.08560475e+02,-7.71451208e+01
255.165000,-1.08557384e+02,-7.71420291e+01
255.170000,-1.08554291e+02,-7.71389362e+01
255.175000,-1.08551197e+02,-7.71358423e+01
255.180000,-1.08548103e+02,-7.71327481e+01
255.185000,-1.08545009e+02,-7.71296541e+01
255.190000,-1.08541915e+02,-7.71265607e+01
255.195000,-1.08538823e+02,-7.71234681e+01
255.200000,-1.08535731e+02,-7.71203766e+01
255.205000,-1.08532641e+02,-7.71172863e+01
255.210000,-1.08529552e+02,-7.71141976e+01
255.215000,-1.08526465e+02,-7.71111105e+01
255.220000,-1.08523380e+02,-7.71080254e+01
255.225000,-1.08520297e+02,-7.71049424e+01
255.230000,-1.08517216e+02,-7.71018615e+01
255.235000,-1.08514137e+02,-7.70987824e+01
255.240000,-1.08511059e+02,-7.70957050e+01
255.245000,-1.08507983e+02,-7.70926288e+01
255.250000,-1.08504908e+02,-7.70895535e+01
255.255000,-1.08501833e+02,-7.70864787e+01
255.260000,-1.08498758e+02,-7.70834043e+01
255.265000,-1.08495684e+02,-7.70803301e+01
255.270000,-1.08492610e+02,-7.70772560e+01
255.275000,-1.08489536e+02,-7.70741824e+01
255.280000,-1.08486464e+02,-7.70711096e+01
255.285000,-1.08483392e+02,-7.70680380e+01
255.290000,-1.08480322e+02,-7.70649682e+01
255.295000,-1.08477255e+02,-7.70619006e+01
255.300000,-1.08474189e+02,-7.70588353e+01
255.305000,-1.08471126e+02,-7.70557726e+01
255.310000,-1.08468066e+02,-7.70527124e+01
255.315000,-1.08465008e+02,-7.70496546e+01
255.320000,-1.08461953e+02,-7.70465992e+01
255.325000,-1.08458900e+02,-7.70435461e+01
255.330000,-1.08455849e+02,-7.70404952e+01
255.335000,-1.08452800e+02,-7.70374466e+01
255.340000,-1.08449754e+02,-7.70344003e+01
255.345000,-1.08446710e+02,-7.70313562e+01
255.350000,-1.08443668e+02,-7.70283143e+01
255.355000,-1.08440628e+02,-7.70252745e+01
255.360000,-1.08437590e+02,-7.70222365e+01
255.365000,-1.08434554e+02,-7.70192002e+01
255.370000,-1.08431519e+02,-7.70161654e+01
255.375000,-1.08428486e+02,-7.70131320e+01
255.380000,-1.08425453e+02,-7.70100999e+01
255.385000,-1.08422423e+02,-7.70070691e+01
255.390000,-1.08419393e+02,-7.70040391e+01
255.395000,-1.08416363e+02,-7.70010097e+01
255.400000,-1.08413334e+02,-7.69979802e+01
255.405000,-1.08410303e+02,-7.69949497e+01
255.410000,-1.08407271e+02,-7.69919177e+01
255.415000,-1.08404236e+02,-7.69888831e+01
255.420000,-1.08401199e+02,-7.69858454e+01
255.425000,-1.08398157e+02,-7.69828039e+01
255.430000,-1.08395112e+02,-7.69797585e+01
255.435000,-1.08392063e+02,-7.69767093e+01
255.440000,-1.08389010e+02,-7.69736565e+01
255.445000,-1.08385954e+02,-7.69706008e+01
255.450000,-1.08382896e+02,-7.69675430e+01
255.455000,-1.08379837e+02,-7.69644838e+01
255.460000,-1.08376777e+02,-7.69614240e+01
255.465000,-1.08373717e+02,-7.69583642e+01
255.470000,-1.08370658e+02,-7.69553046e+01
255.475000,-1.08367599e+02,-7.69522457e+01
255.480000,-1.08364541e+02,-7.69491875e+01
255.485000,-1.08361483e+02,-7.69461304e+01
255.490000,-1.08358428e+02,-7.69430746e+01
255.495000,-1.08355374e+02,-7.69400208e+01
255.500000,-1.08352323e+02,-7.69369696e+01
255.505000,-1.08349274e+02,-7.69339215e+01
255.510000,-1.08346230e+02,-7.69308770e+01
255.515000,-1.08343189e+02,-7.69278366e+01
255.520000,-1.08340153e+02,-7.69248004e+01
255.525000,-1.08337121e+02,-7.69217683e+01
255.530000,-1.08334093e+02,-7.69187405e+01
255.535000,-1.08331069e+02,-7.69157165e+01
255.540000,-1.08328049e+02,-7.69126959e+01
255.545000,-1.08325031e+02,-7.69096784e+01
255.550000,-1.08322016e+02,-7.69066632e+01
255.555000,-1.08319002e+02,-7.69036498e+01
255.560000,-1.08315990e+02,-7.69006378e+01
255.565000,-1.08312979e+02,-7.68976268e+01
255.570000,-1.08309969e+02,-7.68946166e+01
255.575000,-1.08306960e+02,-7.68916070e+01
255.580000,-1.08303950e+02,-7.68885978e+01
255.585000,-1.08300941e+02,-7.68855890e+01
255.590000,-1.08297933e+02,-7.68825802e+01
255.595000,-1.08294924e+02,-7.68795713e+01
255.600000,-1.08291915e+02,-7.68765621e+01
255.605000,-1.08288905e+02,-7.68735525e+01
255.610000,-1.08285895e+02,-7.68705427e+01
255.615000,-1.08282885e+02,-7.68675327e+01
255.620000,-1.08279875e+02,-7.68645229e+01
255.625000,-1.08276866e+02,-7.68615135e+01
255.630000,-1.08273857e+02,-7.68585050e+01
255.635000,-1.08270850e+02,-7.68554976e+01
255.640000,-1.08267844e+02,-7.68524918e+01
255.645000,-1.08264840e+02,-7.68494881e+01
255.650000,-1.08261840e+02,-7.68464874e+01
255.655000,-1.08258842e+02,-7.68434903e+01
255.660000,-1.08255849e+02,-7.68404974e+01
255.665000,-1.08252861e+02,-7.68375089e+01
255.670000,-1.08249877e+02,-7.68345253e+01
255.675000,-1.08246899e+02,-7.68315466e+01
255.680000,-1.08243925e+02,-7.68285732e+01
255.685000,-1.08240957e+02,-7.68256052e+01
255.690000,-1.08237995e+02,-7.68226429e+01
255.695000,-1.08235039e+02,-7.68196866e+01
255.700000,-1.08232088e+02,-7.68167366e+01
255.705000,-1.08229145e+02,-7.68137928e+01
255.710000,-1.08226207e+02,-7.68108554e+01
255.715000,-1.08223276e+02,-7.68079239e+01
255.720000,-1.08220350e+02,-7.68049979e+01
255.725000,-1.08217429e+02,-7.68020769e+01
255.730000,-1.08214512e+02,-7.67991607e+01
255.735000,-1.08211600e+02,-7.67962484e+01
255.740000,-1.08208691e+02,-7.67933396e+01
255.745000,-1.08205786e+02,-7.67904339e+01
255.750000,-1.08202883e+02,-7.67875308e+01
255.755000,-1.08199982e+02,-7.67846303e+01
255.760000,-1.08197084e+02,-7.67817320e+01
255.765000,-1.08194187e+02,-7.67788358e+01
255.770000,-1.08191293e+02,-7.67759413e+01
255.775000,-1.08188400e+02,-7.67730482e+01
255.780000,-1.08185507e+02,-7.67701558e+01
255.785000,-1.08182615e+02,-7.67672639e+01
255.790000,-1.08179724e+02,-7.67643721e+01
255.795000,-1.08176832e+02,-7.67614804e+01
255.800000,-1.08173940e+02,-7.67585886e+01
255.805000,-1.08171048e+02,-7.67556970e+01
255.810000,-1.08168157e+02,-7.67528060e+01
255.815000,-1.08165267e+02,-7.67499158e+01
255.820000,-1.08162379e+02,-7.67470271e+01
255.825000,-1.08159492e+02,-7.67441405e+01
255.830000,-1.08156608e+02,-7.67412564e+01
255.835000,-1.08153727e+02,-7.67383758e+01
255.840000,-1.08150851e+02,-7.67354994e+01
255.845000,-1.08147979e+02,-7.67326279e+01
255.850000,-1.08145113e+02,-7.67297623e+01
255.855000,-1.08142254e+02,-7.67269030e+01
255.860000,-1.08139402e+02,-7.67240505e+01
255.865000,-1.08136556e+02,-7.67212046e+01
255.870000,-1.08133716e+02,-7.67183653e+01
255.875000,-1.08130883e+02,-7.67155319e+01
255.880000,-1.08128055e+02,-7.67127038e+01
255.885000,-1.08125231e+02,-7.67098803e+01
255.890000,-1.08122412e+02,-7.67070607e+01
255.895000,-1.08119595e+02,-7.67042441e+01
255.900000,-1.08116781e+02,-7.67014299e+01
255.905000,-1.08113968e+02,-7.66986175e+01
255.910000,-1.08111157e+02,-7.66958062e+01
255.915000,-1.08108346e+02,-7.66929955e+01
255.920000,-1.08105537e+02,-7.66901866e+01
255.925000,-1.08102732e+02,-7.66873811e+01
255.930000,-1.08099932e+02,-7.66845814e+01
255.935000,-1.08097141e+02,-7.66817899e+01
255.940000,-1.08094359e+02,-7.66790083e+01
255.945000,-1.08091588e+02,-7.66762377e+01
255.950000,-1.08088829e+02,-7.66734784e+01
255.955000,-1.08086081e+02,-7.66707306e+01
255.960000,-1.08083344e+02,-7.66679937e+01
255.965000,-1.08080618e+02,-7.66652673e+01
255.970000,-1.08077901e+02,-7.66625506e+01
255.975000,-1.08075193e+02,-7.66598428e+01
255.980000,-1.08072494e+02,-7.66571430e+01
255.985000,-1.08069801e+02,-7.66544502e+01
255.990000,-1.08067115e+02,-7.66517640e+01
255.995000,-1.08064434e+02,-7.66490837e+01
256.000000,-1.08061760e+02,-7.66464094e+01
256.005000,-1.08059093e+02,-7.66437422e+01
256.010000,-1.08056434e+02,-7.66410833e+01
256.015000,-1.08053784e+02,-7.66384338e+01
256.020000,-1.08051145e+02,-7.66357942e+01
256.025000,-1.08048515e+02,-7.66331651e+01
256.030000,-1.08045896e+02,-7.66305459e+01
256.035000,-1.08043287e+02,-7.66279363e+01
256.040000,-1.08040686e+02,-7.66253356e+01
256.045000,-1.08038093e+02,-7.66227429e+01
256.050000,-1.08035507e+02,-7.66201572e+01
256.055000,-1.08032928e+02,-7.66175782e+01
256.060000,-1.08030356e+02,-7.66150060e+01
256.065000,-1.08027791e+02,-7.66124407e+01
256.070000,-1.08025232e+02,-7.66098821e+01
256.075000,-1.08022680e+02,-7.66073298e+01
256.080000,-1.08020133e+02,-7.66047831e+01
256.085000,-1.08017591e+02,-7.66022409e+01
256.090000,-1.08015052e+02,-7.65997021e+01
256.095000,-1.08012516e+02,-7.65971662e+01
256.100000,-1.08009983e+02,-7.65946328e+01
256.105000,-1.08007452e+02,-7.65921018e+01
256.110000,-1.08004923e+02,-7.65895729e+01
256.115000,-1.08002396e+02,-7.65870456e+01
256.120000,-1.07999869e+02,-7.65845195e+01
256.125000,-1.07997344e+02,-7.65819937e+01
256.130000,-1.07994818e+02,-7.65794679e+01
256.135000,-1.07992291e+02,-7.65769413e+01
256.140000,-1.07989764e+02,-7.65744138e+01
256.145000,-1.07987235e+02,-7.65718849e+01
256.150000,-1.07984704e+02,-7.65693546e+01
256.155000,-1.07982172e+02,-7.65668225e+01
256.160000,-1.07979638e+02,-7.65642885e+01
256.165000,-1.07977103e+02,-7.65617527e+01
256.170000,-1.07974565e+02,-7.65592153e+01
256.175000,-1.07972027e+02,-7.65566768e+01
256.180000,-1.07969487e+02,-7.65541376e+01
256.185000,-1.07966948e+02,-7.65515981e+01
256.190000,-1.07964408e+02,-7.65490583e+01
256.195000,-1.07961868e+02,-7.65465179e+01
256.200000,-1.07959326e+02,-7.65439768e+01
256.205000,-1.07956784e+02,-7.65414346e+01
256.210000,-1.07954241e+02,-7.65388911e+01
256.215000,-1.07951696e+02,-7.65363464e+01
256.220000,-1.07949150e+02,-7.65338005e+01
256.225000,-1.07946603e+02,-7.65312537e+01
256.230000,-1.07944056e+02,-7.65287060e+01
256.235000,-1.07941508e+02,-7.65261580e+01
256.240000,-1.07938959e+02,-7.65236100e+01
256.245000,-1.07936412e+02,-7.65210625e+01
256.250000,-1.07933865e+02,-7.65185160e+01
256.255000,-1.07931320e+02,-7.65159702e+01
256.260000,-1.07928775e+02,-7.65134253e+01
256.265000,-1.07926230e+02,-7.65108809e+01
256.270000,-1.07923687e+02,-7.65083376e+01
256.275000,-1.07921145e+02,-7.65057953e+01
256.280000,-1.07918604e+02,-7.65032543e+01
256.285000,-1.07916064e+02,-7.65007148e+01
256.290000,-1.07913526e+02,-7.64981766e+01
256.295000,-1.07910989e+02,-7.64956395e+01
256.300000,-1.07908453e+02,-7.64931033e+01
256.305000,-1.07905917e+02,-7.64905678e+01
256.310000,-1.07903382e+02,-7.64880329e+01
256.315000,-1.07900848e+02,-7.64854985e+01
256.320000,-1.07898314e+02,-7.64829650e+01
256.325000,-1.07895782e+02,-7.64804327e+01
256.330000,-1.07893252e+02,-7.64779024e+01
256.335000,-1.07890724e+02,-7.64753754e+01
256.340000,-1.07888203e+02,-7.64728535e+01
256.345000,-1.07885687e+02,-7.64703381e+01
256.350000,-1.07883179e+02,-7.64678304e+01
256.355000,-1.07880680e+02,-7.64653314e+01
256.360000,-1.07878191e+02,-7.64628417e+01
256.365000,-1.07875710e+02,-7.64603611e+01
256.370000,-1.07873238e+02,-7.64578892e+01
256.375000,-1.07870775e+02,-7.64554257e+01
256.380000,-1.07868319e+02,-7.64529698e+01
256.385000,-1.07865870e+02,-7.64505215e+01
256.390000,-1.07863430e+02,-7.64480812e+01
256.395000,-1.07860998e+02,-7.64456495e+01
256.400000,-1.07858576e+02,-7.64432269e+01
256.405000,-1.07856162e+02,-7.64408133e+01
256.410000,-1.07853757e+02,-7.64384082e+01
256.415000,-1.07851360e+02,-7.64360109e+01
256.420000,-1.07848969e+02,-7.64336204e+01
256.425000,-1.07846584e+02,-7.64312355e+01
256.430000,-1.07844204e+02,-7.64288554e+01
256.435000,-1.07841828e+02,-7.64264792e+01
256.440000,-1.07839455e+02,-7.64241064e+01
256.445000,-1.07837085e+02,-7.64217365e+01
256.450000,-1.07834718e+02,-7.64193692e+01
256.455000,-1.07832353e+02,-7.64170042e+01
256.460000,-1.07829990e+02,-7.64146415e+01
256.465000,-1.07827629e+02,-7.64122807e+01
256.470000,-1.07825270e+02,-7.64099216e+01
256.475000,-1.07822912e+02,-7.64075639e+01
256.480000,-1.07820557e+02,-7.64052085e+01
256.485000,-1.07818205e+02,-7.64028570e+01
256.490000,-1.07815860e+02,-7.64005119e+01
256.495000,-1.07813524e+02,-7.63981753e+01
256.500000,-1.07811197e+02,-7.63958486e+01
256.505000,-1.07808881e+02,-7.63935321e+01
256.510000,-1.07806574e+02,-7.63912252e+01
256.515000,-1.07804275e+02,-7.63889269e+01
256.520000,-1.07801984e+02,-7.63866354e+01
256.525000,-1.07799697e+02,-7.63843485e+01
256.530000,-1.07797412e+02,-7.63820636e+01
256.535000,-1.07795126e+02,-7.63797781e+01
256.540000,-1.07792838e+02,-7.63774896e+01
256.545000,-1.07790544e+02,-7.63751961e+01
256.550000,-1.07788245e+02,-7.63728966e+01
256.555000,-1.07785939e+02,-7.63705904e+01
256.560000,-1.07783626e+02,-7.63682776e+01
256.565000,-1.07781306e+02,-7.63659581e+01
256.570000,-1.07778981e+02,-7.63636325e+01
256.575000,-1.07776650e+02,-7.63613014e+01
256.580000,-1.07774314e+02,-7.63589662e+01
256.585000,-1.07771976e+02,-7.63566283e+01
256.590000,-1.07769637e+02,-7.63542885e+01
256.595000,-1.07767296e+02,-7.63519475e+01
256.600000,-1.07764953e+02,-7.63496051e+01
256.605000,-1.07762609e+02,-7.63472610e+01
256.610000,-1.07760263e+02,-7.63449146e+01
256.615000,-1.07757913e+02,-7.63425653e+01
256.620000,-1.07755561e+02,-7.63402132e+01
256.625000,-1.07753206e+02,-7.63378579e+01
256.630000,-1.07750848e+02,-7.63354996e+01
256.635000,-1.07748486e+02,-7.63331382e+01
256.640000,-1.07746122e+02,-7.63307742e+01
256.645000,-1.07743756e+02,-7.63284085e+01
256.650000,-1.07741390e+02,-7.63260420e+01
256.655000,-1.07739024e+02,-7.63236758e+01
256.660000,-1.07736658e+02,-7.63213105e+01
256.665000,-1.07734294e+02,-7.63189464e+01
256.670000,-1.07731931e+02,-7.63165836e+01
256.675000,-1.07729570e+02,-7.63142220e+01
256.680000,-1.07727209e+02,-7.63118616e+01
256.685000,-1.07724851e+02,-7.63095029e+01
256.690000,-1.07722494e+02,-7.63071463e+01
256.695000,-1.07720140e+02,-7.63047921e+01
256.700000,-1.07717788e+02,-7.63024408e+01
256.705000,-1.07715440e+02,-7.63000927e+01
256.710000,-1.07713096e+02,-7.62977484e+01
256.715000,-1.07710756e+02,-7.62954082e+01
256.720000,-1.07708420e+02,-7.62930725e+01
256.725000,-1.07706089e+02,-7.62907414e+01
256.730000,-1.07703763e+02,-7.62884152e+01
256.735000,-1.07701442e+02,-7.62860940e+01
256.740000,-1.07699125e+02,-7.62837779e+01
256.745000,-1.07696814e+02,-7.62814668e+01
256.750000,-1.07694507e+02,-7.62791600e+01
256.755000,-1.07692204e+02,-7.62768569e+01
256.760000,-1.07689905e+02,-7.62745571e+01
256.765000,-1.07687607e+02,-7.62722598e+01
256.770000,-1.07685312e+02,-7.62699645e+01
256.775000,-1.07683018e+02,-7.62676706e+01
256.780000,-1.07680725e+02,-7.62653775e+01
256.785000,-1.07678432e+02,-7.62630845e+01
256.790000,-1.07676138e+02,-7.62607910e+01
256.795000,-1.07673845e+02,-7.62584972e+01
256.800000,-1.07671551e+02,-7.62562036e+01
256.805000,-1.07669258e+02,-7.62539111e+01
256.810000,-1.07666968e+02,-7.62516209e+01
256.815000,-1.07664681e+02,-7.62493341e+01
256.820000,-1.07662399e+02,-7.62470517e+01
256.825000,-1.07660121e+02,-7.62447741e+01
256.830000,-1.07657849e+02,-7.62425014e+01
256.835000,-1.07655582e+02,-7.62402343e+01
256.840000,-1.07653319e+02,-7.62379720e+01
256.845000,-1.07651060e+02,-7.62357131e+01
256.850000,-1.07648803e+02,-7.62334563e+01
256.855000,-1.07646548e+02,-7.62312014e+01
256.860000,-1.07644296e+02,-7.62289487e+01
256.865000,-1.07642046e+02,-7.62266991e+01
256.870000,-1.07639801e+02,-7.62244535e+01
256.875000,-1.07637559e+02,-7.62222120e+01
256.880000,-1.07635323e+02,-7.62199759e+01
256.885000,-1.07633091e+02,-7.62177445e+01
256.890000,-1.07630864e+02,-7.62155171e+01
256.895000,-1.07628640e+02,-7.62132930e+01
256.900000,-1.07626419e+02,-7.62110725e+01
256.905000,-1.07624203e+02,-7.62088559e+01
256.910000,-1.07621991e+02,-7.62066443e+01
256.915000,-1.07619785e+02,-7.62044377e+01
256.920000,-1.07617585e+02,-7.62022381e+01
256.925000,-1.07615392e+02,-7.62000450e+01
256.930000,-1.07613205e+02,-7.61978577e+01
256.935000,-1.07611022e+02,-7.61956754e+01
256.940000,-1.07608844e+02,-7.61934974e+01
256.945000,-1.07606671e+02,-7.61913238e+01
256.950000,-1.07604502e+02,-7.61891550e+01
256.955000,-1.07602338e+02,-7.61869910e+01
256.960000,-1.07600180e+02,-7.61848331e+01
256.965000,-1.07598028e+02,-7.61826812e+01
256.970000,-1.07595882e+02,-7.61805356e+01
256.975000,-1.07593743e+02,-7.61783962e+01
256.980000,-1.07591610e+02,-7.61762639e+01
256.985000,-1.07589487e+02,-7.61741399e+01
256.990000,-1.07587372e+02,-7.61720258e+01
256.995000,-1.07585268e+02,-7.61699218e+01
257.000000,-1.07583176e+02,-7.61678297e+01
257.005000,-1.07581096e+02,-7.61657491e+01
257.010000,-1.07579026e+02,-7.61636792e+01
257.015000,-1.07576965e+02,-7.61616186e+01
257.020000,-1.07574913e+02,-7.61595665e+01
257.025000,-1.07572869e+02,-7.61575226e+01
257.030000,-1.07570833e+02,-7.61554861e+01
257.035000,-1.07568802e+02,-7.61534560e+01
257.040000,-1.07566780e+02,-7.61514331e+01
257.045000,-1.07564763e+02,-7.61494162e+01
257.050000,-1.07562751e+02,-7.61474043e+01
257.055000,-1.07560743e+02,-7.61453966e+01
257.060000,-1.07558739e+02,-7.61433925e+01
257.065000,-1.07556738e+02,-7.61413920e+01
257.070000,-1.07554742e+02,-7.61393955e+01
257.075000,-1.07552749e+02,-7.61374025e+01
257.080000,-1.07550760e+02,-7.61354142e+01
257.085000,-1.07548776e+02,-7.61334297e+01
257.090000,-1.07546794e+02,-7.61314478e+01
257.095000,-1.07544814e+02,-7.61294675e+01
257.100000,-1.07542834e+02,-7.61274881e+01
257.105000,-1.07540857e+02,-7.61255103e+01
257.110000,-1.07538881e+02,-7.61235349e+01
257.115000,-1.07536908e+02,-7.61215616e+01
257.120000,-1.07534938e+02,-7.61195917e+01
257.125000,-1.07532971e+02,-7.61176246e+01
257.130000,-1.07531005e+02,-7.61156594e+01
257.135000,-1.07529041e+02,-7.61136953e+01
257.140000,-1.07527078e+02,-7.61117323e+01
257.145000,-1.07525117e+02,-7.61097710e+01
257.150000,-1.07523158e+02,-7.61078119e+01
257.155000,-1.07521201e+02,-7.61058551e+01
257.160000,-1.07519248e+02,-7.61039019e+01
257.165000,-1.07517298e+02,-7.61019523e+01
257.170000,-1.07515352e+02,-7.61000062e+01
257.175000,-1.07513409e+02,-7.60980635e+01
257.180000,-1.07511470e+02,-7.60961244e+01
257.185000,-1.07509535e+02,-7.60941892e+01
257.190000,-1.07507604e+02,-7.60922584e+01
257.195000,-1.07505677e+02,-7.60903310e+01
257.200000,-1.07503754e+02,-7.60884082e+01
257.205000,-1.07501835e+02,-7.60864890e+01
257.210000,-1.07499919e+02,-7.60845731e+01
257.215000,-1.07498006e+02,-7.60826603e+01
257.220000,-1.07496097e+02,-7.60807508e+01
257.225000,-1.07494191e+02,-7.60788451e+01
257.230000,-1.07492290e+02,-7.60769439e+01
257.235000,-1.07490392e+02,-7.60750467e+01
257.240000,-1.07488500e+02,-7.60731545e+01
257.245000,-1.07486612e+02,-7.60712662e+01
257.250000,-1.07484727e+02,-7.60693809e+01
257.255000,-1.07482843e+02,-7.60674975e+01
257.260000,-1.07480961e+02,-7.60656151e+01
257.265000,-1.07479080e+02,-7.60637339e+01
257.270000,-1.07477199e+02,-7.60618537e+01
257.275000,-1.07475319e+02,-7.60599737e+01
257.280000,-1.07473441e+02,-7.60580951e+01
257.285000,-1.07471563e+02,-7.60562169e+01
257.290000,-1.07469684e+02,-7.60543387e+01
257.295000,-1.07467806e+02,-7.60524604e+01
257.300000,-1.07465928e+02,-7.60505822e+01
257.305000,-1.07464051e+02,-7.60487055e+01
257.310000,-1.07462176e+02,-7.60468309e+01
257.315000,-1.07460304e+02,-7.60449587e+01
257.320000,-1.07458437e+02,-7.60430910e+01
257.325000,-1.07456573e+02,-7.60412275e+01
257.330000,-1.07454713e+02,-7.60393677e+01
257.335000,-1.07452857e+02,-7.60375119e+01
257.340000,-1.07451006e+02,-7.60356607e+01
257.345000,-1.07449161e+02,-7.60338151e+01
257.350000,-1.07447323e+02,-7.60319774e+01
257.355000,-1.07445493e+02,-7.60301478e+01
257.360000,-1.07443673e+02,-7.60283281e+01
257.365000,-1.07441862e+02,-7.60265168e+01
257.370000,-1.07440057e+02,-7.60247121e+01
257.375000,-1.07438257e+02,-7.60229114e+01
257.380000,-1.07436458e+02,-7.60211128e+01
257.385000,-1.07434660e+02,-7.60193151e+01
257.390000,-1.07432862e+02,-7.60175171e+01
257.395000,-1.07431062e+02,-7.60157171e+01
257.400000,-1.07429261e+02,-7.60139153e+01
257.405000,-1.07427455e+02,-7.60121095e+01
257.410000,-1.07425643e+02,-7.60102980e+01
257.415000,-1.07423825e+02,-7.60084795e+01
257.420000,-1.07421999e+02,-7.60066535e+01
257.425000,-1.07420166e+02,-7.60048210e+01
257.430000,-1.07418328e+02,-7.60029833e+01
257.435000,-1.07416486e+02,-7.60011410e+01
257.440000,-1.07414642e+02,-7.59992969e+01
257.445000,-1.07412796e+02,-7.59974513e+01
257.450000,-1.07410949e+02,-7.59956041e+01
257.455000,-1.07409100e+02,-7.59937554e+01
257.460000,-1.07407250e+02,-7.59919054e+01
257.465000,-1.07405399e+02,-7.59900545e+01
257.470000,-1.07403549e+02,-7.59882037e+01
257.475000,-1.07401698e+02,-7.59863532e+01
257.480000,-1.07399850e+02,-7.59845052e+01
257.485000,-1.07398004e+02,-7.59826594e+01
257.490000,-1.07396161e+02,-7.59808160e+01
257.495000,-1.07394319e+02,-7.59789746e+01
257.500000,-1.07392481e+02,-7.59771356e+01
257.505000,-1.07390645e+02,-7.59753003e+01
257.510000,-1.07388815e+02,-7.59734697e+01
257.515000,-1.07386989e+02,-7.59716442e+01
257.520000,-1.07385170e+02,-7.59698256e+01
257.525000,-1.07383358e+02,-7.59680136e+01
257.530000,-1.07381552e+02,-7.59662074e+01
257.535000,-1.07379751e+02,-7.59644061e+01
257.540000,-1.07377954e+02,-7.59626090e+01
257.545000,-1.07376162e+02,-7.59608169e+01
257.550000,-1.07374375e+02,-7.59590302e+01
257.555000,-1.07372593e+02,-7.59572486e+01
257.560000,-1.07370819e+02,-7.59554742e+01
257.565000,-1.07369052e+02,-7.59537069e+01
257.570000,-1.07367292e+02,-7.59519468e+01
257.575000,-1.07365538e+02,-7.59501937e+01
257.580000,-1.07363792e+02,-7.59484476e+01
257.585000,-1.07362054e+02,-7.59467091e+01
257.590000,-1.07360323e+02,-7.59449781e+01
257.595000,-1.07358599e+02,-7.59432538e+01
257.600000,-1.07356881e+02,-7.59415366e+01
257.605000,-1.07355169e+02,-7.59398245e+01
257.610000,-1.07353460e+02,-7.59381150e+01
257.615000,-1.07351751e+02,-7.59364059e+01
257.620000,-1.07350041e+02,-7.59346961e+01
257.625000,-1.07348330e+02,-7.59329853e+01
257.630000,-1.07346619e+02,-7.59312743e+01
257.635000,-1.07344907e+02,-7.59295623e+01
257.640000,-1.07343196e+02,-7.59278513e+01
257.645000,-1.07341484e+02,-7.59261392e+01
257.650000,-1.07339769e+02,-7.59244247e+01
257.655000,-1.07338051e+02,-7.59227070e+01
257.660000,-1.07336330e+02,-7.59209854e+01
257.665000,-1.07334605e+02,-7.59192606e+01
257.670000,-1.07332878e+02,-7.59175334e+01
257.675000,-1.07331148e+02,-7.59158040e+01
257.680000,-1.07329419e+02,-7.59140748e+01
257.685000,-1.07327690e+02,-7.59123461e+01
257.690000,-1.07325962e+02,-7.59106178e+01
257.695000,-1.07324235e+02,-7.59088907e+01
257.700000,-1.07322510e+02,-7.59071655e+01
257.705000,-1.07320790e+02,-7.59054453e+01
257.710000,-1.07319079e+02,-7.59037342e+01
257.715000,-1.07317378e+02,-7.59020339e+01
257.720000,-1.07315691e+02,-7.59003468e+01
257.725000,-1.07314017e+02,-7.58986731e+01
257.730000,-1.07312356e+02,-7.58970122e+01
257.735000,-1.07310707e+02,-7.58953624e+01
257.740000,-1.07309068e+02,-7.58937233e+01
257.745000,-1.07307440e+02,-7.58920955e+01
257.750000,-1.07305823e+02,-7.58904791e+01
257.755000,-1.07304219e+02,-7.58888752e+01
257.760000,-1.07302627e+02,-7.58872826e+01
257.765000,-1.07301044e+02,-7.58856997e+01
257.770000,-1.07299470e+02,-7.58841260e+01
257.775000,-1.07297906e+02,-7.58825617e+01
257.780000,-1.07296351e+02,-7.58810067e+01
257.785000,-1.07294804e+02,-7.58794604e+01
257.790000,-1.07293268e+02,-7.58779240e+01
257.795000,-1.07291740e+02,-7.58763963e+01
257.800000,-1.07290221e+02,-7.58748765e+01
257.805000,-1.07288707e+02,-7.58733629e+01
257.810000,-1.07287199e+02,-7.58718553e+01
257.815000,-1.07285698e+02,-7.58703540e+01
257.820000,-1.07284202e+02,-7.58688583e+01
257.825000,-1.07282713e+02,-7.58673687e+01
257.830000,-1.07281227e+02,-7.58658832e+01
257.835000,-1.07279743e+02,-7.58643994e+01
257.840000,-1.07278258e+02,-7.58629145e+01
257.845000,-1.07276772e+02,-7.58614282e+01
257.850000,-1.07275284e+02,-7.58599405e+01
257.855000,-1.07273795e+02,-7.58584506e+01
257.860000,-1.07272304e+02,-7.58569599e+01
257.865000,-1.07270811e+02,-7.58554675e+01
257.870000,-1.07269316e+02,-7.58539723e+01
257.875000,-1.07267817e+02,-7.58524736e+01
257.880000,-1.07266316e+02,-7.58509722e+01
257.885000,-1.07264813e+02,-7.58494695e+01
257.890000,-1.07263311e+02,-7.58479668e+01
257.895000,-1.07261810e+02,-7.58464666e+01
257.900000,-1.07260312e+02,-7.58449684e+01
257.905000,-1.07258815e+02,-7.58434715e+01
257.910000,-1.07257318e+02,-7.58419747e+01
257.915000,-1.07255822e+02,-7.58404780e+01
257.920000,-1.07254326e+02,-7.58389819e+01
257.925000,-1.07252830e+02,-7.58374861e+01
257.930000,-1.07251336e+02,-7.58359920e+01
257.935000,-1.07249842e+02,-7.58344988e+01
257.940000,-1.07248349e+02,-7.58330049e+01
257.945000,-1.07246854e+02,-7.58315102e+01
257.950000,-1.07245360e+02,-7.58300165e+01
257.955000,-1.07243869e+02,-7.58285253e+01
257.960000,-1.07242380e+02,-7.58270360e+01
257.965000,-1.07240893e+02,-7.58255497e+01
257.970000,-1.07239407e+02,-7.58240637e+01
257.975000,-1.07237919e+02,-7.58225753e+01
257.980000,-1.07236426e+02,-7.58210822e+01
257.985000,-1.07234928e+02,-7.58195839e+01
257.990000,-1.07233425e+02,-7.58180817e+01
257.995000,-1.07231921e+02,-7.58165775e+01
258.000000,-1.07230418e+02,-7.58150740e+01
258.005000,-1.07228914e+02,-7.58135709e+01
258.010000,-1.07227411e+02,-7.58120678e+01
258.015000,-1.07225908e+02,-7.58105641e+01
258.020000,-1.07224403e+02,-7.58090599e+01
258.025000,-1.07222900e+02,-7.58075565e+01
258.030000,-1.07221398e+02,-7.58060542e+01
258.035000,-1.07219898e+02,-7.58045548e+01
258.040000,-1.07218401e+02,-7.58030573e+01
258.045000,-1.07216903e+02,-7.58015597e+01
258.050000,-1.07215404e+02,-7.58000606e+01
258.055000,-1.07213904e+02,-7.57985606e+01
258.060000,-1.07212404e+02,-7.57970605e+01
258.065000,-1.07210903e+02,-7.57955597e+01
258.070000,-1.07209403e+02,-7.57940597e+01
258.075000,-1.07207903e+02,-7.57925595e+01
258.080000,-1.07206401e+02,-7.57910577e+01
258.085000,-1.07204898e+02,-7.57895543e+01
258.090000,-1.07203393e+02,-7.57880497e+01
258.095000,-1.07201889e+02,-7.57865453e+01
258.100000,-1.07200384e+02,-7.57850408e+01
258.105000,-1.07198880e+02,-7.57835371e+01
258.110000,-1.07197376e+02,-7.57820326e+01
258.115000,-1.07195869e+02,-7.57805255e+01
258.120000,-1.07194358e+02,-7.57790143e+01
258.125000,-1.07192843e+02,-7.57774998e+01
258.130000,-1.07191327e+02,-7.57759835e+01
258.135000,-1.07189809e+02,-7.57744654e+01
258.140000,-1.07188290e+02,-7.57729471e+01
258.145000,-1.07186771e+02,-7.57714277e+01
258.150000,-1.07185248e+02,-7.57699047e+01
258.155000,-1.07183720e+02,-7.57683767e+01
258.160000,-1.07182189e+02,-7.57668454e+01
258.165000,-1.07180657e+02,-7.57653135e+01
258.170000,-1.07179125e+02,-7.57637821e+01
258.175000,-1.07177598e+02,-7.57622544e+01
258.180000,-1.07176072e+02,-7.57607291e+01
258.185000,-1.07174547e+02,-7.57592041e+01
258.190000,-1.07173021e+02,-7.57576780e+01
258.195000,-1.07171494e+02,-7.57561510e+01
258.200000,-1.07169967e+02,-7.57546238e+01
258.205000,-1.07168439e+02,-7.57530958e+01
258.210000,-1.07166911e+02,-7.57515682e+01
258.215000,-1.07165386e+02,-7.57500435e+01
258.220000,-1.07163860e+02,-7.57485171e+01
258.225000,-1.07162331e+02,-7.57469879e+01
258.230000,-1.07160804e+02,-7.57454614e+01
258.235000,-1.07159292e+02,-7.57439486e+01
258.240000,-1.07157801e+02,-7.57424585e+01
258.245000,-1.07156342e+02,-7.57409993e+01
258.250000,-1.07154914e+02,-7.57395715e+01
258.255000,-1.07153516e+02,-7.57381729e+01
258.260000,-1.07152144e+02,-7.57368007e+01
258.265000,-1.07150796e+02,-7.57354534e+01
258.270000,-1.07149474e+02,-7.57341307e+01
258.275000,-1.07148172e+02,-7.57328293e+01
258.280000,-1.07146890e+02,-7.57315475e+01
258.285000,-1.07145626e+02,-7.57302833e+01
258.290000,-1.07144375e+02,-7.57290318e+01
258.295000,-1.07143133e+02,-7.57277904e+01
258.300000,-1.07141902e+02,-7.57265590e+01
258.305000,-1.07140682e+02,-7.57253393e+01
258.310000,-1.07139473e+02,-7.57241307e+01
258.315000,-1.07138277e+02,-7.57229344e+01
258.320000,-1.07137089e+02,-7.57217459e+01
258.325000,-1.07135903e+02,-7.57205603e+01
258.330000,-1.07134717e+02,-7.57193745e+01
258.335000,-1.07133531e+02,-7.57181881e+01
258.340000,-1.07132346e+02,-7.57170031e+01
258.345000,-1.07131160e+02,-7.57158176e+01
258.350000,-1.07129973e+02,-7.57146303e+01
258.355000,-1.07128784e+02,-7.57134411e+01
258.360000,-1.07127589e+02,-7.57122466e+01
258.365000,-1.07126388e+02,-7.57110451e+01
258.370000,-1.07125180e+02,-7.57098376e+01
258.375000,-1.07123969e+02,-7.57086264e+01
258.380000,-1.07122755e+02,-7.57074121e+01
258.385000,-1.07121540e+02,-7.57061978e+01
258.390000,-1.07120324e+02,-7.57049811e+01
258.395000,-1.07119102e+02,-7.57037590e+01
258.400000,-1.07117873e+02,-7.57025307e+01
258.405000,-1.07116639e+02,-7.57012968e+01
258.410000,-1.07115402e+02,-7.57000595e+01
258.415000,-1.07114160e+02,-7.56988169e+01
258.420000,-1.07112911e+02,-7.56975679e+01
258.425000,-1.07111655e+02,-7.56963122e+01
258.430000,-1.07110390e+02,-7.56950470e+01
258.435000,-1.07109113e+02,-7.56937709e+01
258.440000,-1.07107828e+02,-7.56924855e+01
258.445000,-1.07106538e+02,-7.56911953e+01
258.450000,-1.07105245e+02,-7.56899027e+01
258.455000,-1.07103955e+02,-7.56886121e+01
258.460000,-1.07102666e+02,-7.56873236e+01
258.465000,-1.07101379e+02,-7.56860364e+01
258.470000,-1.07100093e+02,-7.56847510e+01
258.475000,-1.07098811e+02,-7.56834689e+01
258.480000,-1.07097534e+02,-7.56821918e+01
258.485000,-1.07096261e+02,-7.56809183e+01
258.490000,-1.07094991e+02,-7.56796487e+01
258.495000,-1.07093726e+02,-7.56783830e+01
258.500000,-1.07092460e+02,-7.56771174e+01
258.505000,-1.07091191e+02,-7.56758489e+01
258.510000,-1.07089919e+02,-7.56745770e+01
258.515000,-1.07088645e+02,-7.56733023e+01
258.520000,-1.07087366e+02,-7.56720236e+01
258.525000,-1.07086084e+02,-7.56707419e+01
258.530000,-1.07084796e+02,-7.56694535e+01
258.535000,-1.07083497e+02,-7.56681551e+01
258.540000,-1.07082187e+02,-7.56668444e+01
258.545000,-1.07080864e+02,-7.56655218e+01
258.550000,-1.07079533e+02,-7.56641903e+01
258.555000,-1.07078191e+02,-7.56628490e+01
258.560000,-1.07076841e+02,-7.56614989e+01
258.565000,-1.07075484e+02,-7.56601421e+01
258.570000,-1.07074120e+02,-7.56587772e+01
258.575000,-1.07072746e+02,-7.56574039e+01
258.580000,-1.07071368e+02,-7.56560255e+01
258.585000,-1.07069990e+02,-7.56546475e+01
258.590000,-1.07068615e+02,-7.56532727e+01
258.595000,-1.07067248e+02,-7.56519055e+01
258.600000,-1.07065886e+02,-7.56505436e+01
258.605000,-1.07064524e+02,-7.56491820e+01
258.610000,-1.07063160e+02,-7.56478175e+01
258.615000,-1.07061792e+02,-7.56464497e+01
258.620000,-1.07060423e+02,-7.56450810e+01
258.625000,-1.07059054e+02,-7.56437123e+01
258.630000,-1.07057687e+02,-7.56423448e+01
258.635000,-1.07056322e+02,-7.56409800e+01
258.640000,-1.07054957e+02,-7.56396152e+01
258.645000,-1.07053590e+02,-7.56382482e+01
258.650000,-1.07052221e+02,-7.56368793e+01
258.655000,-1.07050853e+02,-7.56355109e+01
258.660000,-1.07049484e+02,-7.56341420e+01
258.665000,-1.07048116e+02,-7.56327734e+01
258.670000,-1.07046743e+02,-7.56314011e+01
258.675000,-1.07045362e+02,-7.56300197e+01
258.680000,-1.07043969e+02,-7.56286266e+01
258.685000,-1.07042565e+02,-7.56272229e+01
258.690000,-1.07041155e+02,-7.56258125e+01
258.695000,-1.07039738e+02,-7.56243961e+01
258.700000,-1.07038317e+02,-7.56229753e+01
258.705000,-1.07036893e+02,-7.56215507e+01
258.710000,-1.07035462e+02,-7.56201198e+01
258.715000,-1.07034023e+02,-7.56186814e+01
258.720000,-1.07032579e+02,-7.56172374e+01
258.725000,-1.07031133e+02,-7.56157906e+01
258.730000,-1.07029681e+02,-7.56143395e+01
258.735000,-1.07028226e+02,-7.56128843e+01
258.740000,-1.07026763e+02,-7.56114210e+01
258.745000,-1.07025289e+02,-7.56099466e+01
258.750000,-1.07023802e+02,-7.56084602e+01
258.755000,-1.07022306e+02,-7.56069643e+01
258.760000,-1.07020804e+02,-7.56054619e+01
258.765000,-1.07019300e+02,-7.56039583e+01
258.770000,-1.07017793e+02,-7.56024512e+01
258.775000,-1.07016279e+02,-7.56009370e+01
258.780000,-1.07014757e+02,-7.55994152e+01
258.785000,-1.07013231e+02,-7.55978891e+01
258.790000,-1.07011706e+02,-7.55963639e+01
258.795000,-1.07010181e+02,-7.55948390e+01
258.800000,-1.07008656e+02,-7.55933146e+01
258.805000,-1.07007135e+02,-7.55917936e+01
258.810000,-1.07005615e+02,-7.55902730e+01
258.815000,-1.07004092e+02,-7.55887505e+01
258.820000,-1.07002574e+02,-7.55872327e+01
258.825000,-1.07001069e+02,-7.55857276e+01
258.830000,-1.06999583e+02,-7.55842412e+01
258.835000,-1.06998116e+02,-7.55827745e+01
258.840000,-1.06996664e+02,-7.55813225e+01
258.845000,-1.06995222e+02,-7.55798802e+01
258.850000,-1.06993788e+02,-7.55784464e+01
258.855000,-1.06992361e+02,-7.55770193e+01
258.860000,-1.06990942e+02,-7.55756005e+01
258.865000,-1.06989529e+02,-7.55741870e+01
258.870000,-1.06988115e+02,-7.55727735e+01
258.875000,-1.06986699e+02,-7.55713578e+01
258.880000,-1.06985284e+02,-7.55699422e+01
258.885000,-1.06983871e+02,-7.55685290e+01
258.890000,-1.06982465e+02,-7.55671230e+01
258.895000,-1.06981062e+02,-7.55657208e+01
258.900000,-1.06979658e+02,-7.55643166e+01
258.905000,-1.06978249e+02,-7.55629074e+01
258.910000,-1.06976839e+02,-7.55614974e+01
258.915000,-1.06975429e+02,-7.55600879e+01
258.920000,-1.06974018e+02,-7.55586770e+01
258.925000,-1.06972608e+02,-7.55572663e+01
258.930000,-1.06971196e+02,-7.55558547e+01
258.935000,-1.06969784e+02,-7.55544421e+01
258.940000,-1.06968369e+02,-7.55530274e+01
258.945000,-1.06966954e+02,-7.55516124e+01
258.950000,-1.06965540e+02,-7.55501988e+01
258.955000,-1.06964129e+02,-7.55487874e+01
258.960000,-1.06962722e+02,-7.55473811e+01
258.965000,-1.06961319e+02,-7.55459776e+01
258.970000,-1.06959915e+02,-7.55445733e+01
258.975000,-1.06958507e+02,-7.55431659e+01
258.980000,-1.06957100e+02,-7.55417583e+01
258.985000,-1.06955692e+02,-7.55403503e+01
258.990000,-1.06954283e+02,-7.55389416e+01
258.995000,-1.06952873e+02,-7.55375318e+01
259.000000,-1.06951459e+02,-7.55361180e+01
259.005000,-1.06950041e+02,-7.55346993e+01
259.010000,-1.06948621e+02,-7.55332793e+01
259.015000,-1.06947202e+02,-7.55318611e+01
259.020000,-1.06945789e+02,-7.55304477e+01
259.025000,-1.06944381e+02,-7.55290393e+01
259.030000,-1.06942971e+02,-7.55276299e+01
259.035000,-1.06941555e+02,-7.55262138e+01
259.040000,-1.06940135e+02,-7.55247939e+01
259.045000,-1.06938715e+02,-7.55233740e+01
259.050000,-1.06937299e+02,-7.55219581e+01
259.055000,-1.06935889e+02,-7.55205476e+01
259.060000,-1.06934481e+02,-7.55191395e+01
259.065000,-1.06933072e+02,-7.55177310e+01
259.070000,-1.06931664e+02,-7.55163233e+01
259.075000,-1.06930260e+02,-7.55149186e+01
259.080000,-1.06928861e+02,-7.55135198e+01
259.085000,-1.06927468e+02,-7.55121270e+01
259.090000,-1.06926075e+02,-7.55107341e+01
259.095000,-1.06924676e+02,-7.55093349e+01
259.100000,-1.06923272e+02,-7.55079306e+01
259.105000,-1.06921864e+02,-7.55065232e+01
259.110000,-1.06920455e+02,-7.55051144e+01
259.115000,-1.06919046e+02,-7.55037048e+01
259.120000,-1.06917632e+02,-7.55022905e+01
259.125000,-1.06916210e+02,-7.55008689e+01
259.130000,-1.06914783e+02,-7.54994418e+01
259.135000,-1.06913353e+02,-7.54980121e+01
259.140000,-1.06911925e+02,-7.54965840e+01
259.145000,-1.06910500e+02,-7.54951589e+01
259.150000,-1.06909073e+02,-7.54937322e+01
259.155000,-1.06907641e+02,-7.54922997e+01
259.160000,-1.06906207e+02,-7.54908659e+01
259.165000,-1.06904777e+02,-7.54894357e+01
259.170000,-1.06903354e+02,-7.54880133e+01
259.175000,-1.06901941e+02,-7.54865999e+01
259.180000,-1.06900534e+02,-7.54851931e+01
259.185000,-1.06899132e+02,-7.54837912e+01
259.190000,-1.06897736e+02,-7.54823951e+01
259.195000,-1.06896347e+02,-7.54810057e+01
259.200000,-1.06894964e+02,-7.54796234e+01
259.205000,-1.06893587e+02,-7.54782458e+01
259.210000,-1.06892206e+02,-7.54768649e+01
259.215000,-1.06890815e+02,-7.54754742e+01
259.220000,-1.06889416e+02,-7.54740753e+01
259.225000,-1.06888010e+02,-7.54726693e+01
259.230000,-1.06886597e+02,-7.54712567e+01
259.235000,-1.06885178e+02,-7.54698367e+01
259.240000,-1.06883746e+02,-7.54684051e+01
259.245000,-1.06882302e+02,-7.54669609e+01
259.250000,-1.06880848e+02,-7.54655071e+01
259.255000,-1.06879389e+02,-7.54640481e+01
259.260000,-1.06877929e+02,-7.54625883e+01
259.265000,-1.06876467e+02,-7.54611262e+01
259.270000,-1.06874999e+02,-7.54596580e+01
259.275000,-1.06873523e+02,-7.54581820e+01
259.280000,-1.06872043e+02,-7.54567029e+01
259.285000,-1.06870564e+02,-7.54552235e+01
259.290000,-1.06869087e+02,-7.54537465e+01
259.295000,-1.06867614e+02,-7.54522733e+01
259.300000,-1.06866150e+02,-7.54508090e+01
259.305000,-1.06864716e+02,-7.54493749e+01
259.310000,-1.06863334e+02,-7.54479929e+01
259.315000,-1.06862011e+02,-7.54466705e+01
259.320000,-1.06860750e+02,-7.54454088e+01
259.325000,-1.06859541e+02,-7.54442002e+01
259.330000,-1.06858374e+02,-7.54430332e+01
259.335000,-1.06857237e+02,-7.54418960e+01
259.340000,-1.06856121e+02,-7.54407800e+01
259.345000,-1.06855016e+02,-7.54396750e+01
259.350000,-1.06853913e+02,-7.54385729e+01
259.355000,-1.06852806e+02,-7.54374659e+01
259.360000,-1.06851686e+02,-7.54363450e+01
259.365000,-1.06850546e+02,-7.54352052e+01
259.370000,-1.06849387e+02,-7.54340465e+01
259.375000,-1.06848209e+02,-7.54328690e+01
259.380000,-1.06847016e+02,-7.54316759e+01
259.385000,-1.06845809e+02,-7.54304684e+01
259.390000,-1.06844594e+02,-7.54292537e+01
259.395000,-1.06843380e+02,-7.54280398e+01
259.400000,-1.06842173e+02,-7.54268326e+01
259.405000,-1.06840970e+02,-7.54256299e+01
259.410000,-1.06839769e+02,-7.54244285e+01
259.415000,-1.06838564e+02,-7.54232230e+01
259.420000,-1.06837347e+02,-7.54220064e+01
259.425000,-1.06836116e+02,-7.54207754e+01
259.430000,-1.06834872e+02,-7.54195311e+01
259.435000,-1.06833615e+02,-7.54182745e+01
259.440000,-1.06832348e+02,-7.54170076e+01
259.445000,-1.06831066e+02,-7.54157256e+01
259.450000,-1.06829765e+02,-7.54144247e+01
259.455000,-1.06828445e+02,-7.54131047e+01
259.460000,-1.06827111e+02,-7.54117707e+01
259.465000,-1.06825766e+02,-7.54104260e+01
259.470000,-1.06824416e+02,-7.54090755e+01
259.475000,-1.06823061e+02,-7.54077208e+01
259.480000,-1.06821699e+02,-7.54063589e+01
259.485000,-1.06820330e+02,-7.54049896e+01
259.490000,-1.06818954e+02,-7.54036138e+01
259.495000,-1.06817573e+02,-7.54022336e+01
259.500000,-1.06816196e+02,-7.54008559e+01
259.505000,-1.06814825e+02,-7.53994850e+01
259.510000,-1.06813469e+02,-7.53981292e+01
259.515000,-1.06812137e+02,-7.53967970e+01
259.520000,-1.06810832e+02,-7.53954926e+01
259.525000,-1.06809551e+02,-7.53942113e+01
259.530000,-1.06808288e+02,-7.53929485e+01
259.535000,-1.06807043e+02,-7.53917027e+01
259.540000,-1.06805812e+02,-7.53904716e+01
259.545000,-1.06804594e+02,-7.53892540e+01
259.550000,-1.06803389e+02,-7.53880488e+01
259.555000,-1.06802191e+02,-7.53868517e+01
259.560000,-1.06801001e+02,-7.53856612e+01
259.565000,-1.06799813e+02,-7.53844735e+01
259.570000,-1.06798632e+02,-7.53832922e+01
259.575000,-1.06797462e+02,-7.53821217e+01
259.580000,-1.06796303e+02,-7.53809636e+01
259.585000,-1.06795154e+02,-7.53798135e+01
259.590000,-1.06794008e+02,-7.53786681e+01
259.595000,-1.06792862e+02,-7.53775217e+01
259.600000,-1.06791708e+02,-7.53763678e+01
259.605000,-1.06790545e+02,-7.53752057e+01
259.610000,-1.06789375e+02,-7.53740355e+01
259.615000,-1.06788194e+02,-7.53728539e+01
259.620000,-1.06786998e+02,-7.53716586e+01
259.625000,-1.06785780e+02,-7.53704407e+01
259.630000,-1.06784535e+02,-7.53691956e+01
259.635000,-1.06783264e+02,-7.53679244e+01
259.640000,-1.06781970e+02,-7.53666304e+01
259.645000,-1.06780654e+02,-7.53653148e+01
259.650000,-1.06779317e+02,-7.53639775e+01
259.655000,-1.06777955e+02,-7.53626159e+01
259.660000,-1.06776568e+02,-7.53612289e+01
259.665000,-1.06775163e+02,-7.53598234e+01
259.670000,-1.06773751e+02,-7.53584117e+01
259.675000,-1.06772341e+02,-7.53570015e+01
259.680000,-1.06770937e+02,-7.53555976e+01
259.685000,-1.06769535e+02,-7.53541955e+01
259.690000,-1.06768132e+02,-7.53527925e+01
259.695000,-1.06766730e+02,-7.53513903e+01
259.700000,-1.06765331e+02,-7.53499918e+01
259.705000,-1.06763934e+02,-7.53485943e+01
259.710000,-1.06762536e+02,-7.53471966e+01
259.715000,-1.06761135e+02,-7.53457961e+01
259.720000,-1.06759729e+02,-7.53443899e+01
259.725000,-1.06758320e+02,-7.53429803e+01
259.730000,-1.06756911e+02,-7.53415720e+01
259.735000,-1.06755508e+02,-7.53401684e+01
259.740000,-1.06754113e+02,-7.53387736e+01
259.745000,-1.06752722e+02,-7.53373831e+01
259.750000,-1.06751333e+02,-7.53359935e+01
259.755000,-1.06749945e+02,-7.53346062e+01
259.760000,-1.06748563e+02,-7.53332242e+01
259.765000,-1.06747185e+02,-7.53318466e+01
259.770000,-1.06745815e+02,-7.53304757e+01
259.775000,-1.06744451e+02,-7.53291116e+01
259.780000,-1.06743088e+02,-7.53277486e+01
259.785000,-1.06741723e+02,-7.53263837e+01
259.790000,-1.06740356e+02,-7.53250168e+01
259.795000,-1.06738986e+02,-7.53236467e+01
259.800000,-1.06737613e+02,-7.53222739e+01
259.805000,-1.06736231e+02,-7.53208913e+01
259.810000,-1.06734835e+02,-7.53194956e+01
259.815000,-1.06733429e+02,-7.53180896e+01
259.820000,-1.06732017e+02,-7.53166775e+01
259.825000,-1.06730598e+02,-7.53152585e+01
259.830000,-1.06729173e+02,-7.53138341e+01
259.835000,-1.06727749e+02,-7.53124098e+01
259.840000,-1.06726331e+02,-7.53109912e+01
259.845000,-1.06724924e+02,-7.53095852e+01
259.850000,-1.06723536e+02,-7.53081965e+01
259.855000,-1.06722164e+02,-7.53068250e+01
259.860000,-1.06720813e+02,-7.53054738e+01
259.865000,-1.06719477e+02,-7.53041381e+01
259.870000,-1.06718155e+02,-7.53028157e+01
259.875000,-1.06716846e+02,-7.53015069e+01
259.880000,-1.06715550e+02,-7.53002111e+01
259.885000,-1.06714262e+02,-7.52989233e+01
259.890000,-1.06712979e+02,-7.52976400e+01
259.895000,-1.06711697e+02,-7.52963577e+01
259.900000,-1.06710416e+02,-7.52950769e+01
259.905000,-1.06709144e+02,-7.52938045e+01
259.910000,-1.06707885e+02,-7.52925455e+01
259.915000,-1.06706638e+02,-7.52912987e+01
259.920000,-1.06705401e+02,-7.52900612e+01
259.925000,-1.06704160e+02,-7.52888211e+01
259.930000,-1.06702913e+02,-7.52875739e+01
259.935000,-1.06701662e+02,-7.52863227e+01
259.940000,-1.06700410e+02,-7.52850705e+01
259.945000,-1.06699153e+02,-7.52838138e+01
259.950000,-1.06697890e+02,-7.52825505e+01
259.955000,-1.06696615e+02,-7.52812763e+01
259.960000,-1.06695327e+02,-7.52799878e+01
259.965000,-1.06694028e+02,-7.52786895e+01
259.970000,-1.06692726e+02,-7.52773870e+01
259.975000,-1.06691420e+02,-7.52760813e+01
259.980000,-1.06690112e+02,-7.52747729e+01
259.985000,-1.06688794e+02,-7.52734553e+01
259.990000,-1.06687467e+02,-7.52721283e+01
259.995000,-1.06686134e+02,-7.52707949e+01
260.000000,-1.06684798e+02,-7.52694595e+01
260.005000,-1.06683463e+02,-7.52681239e+01
260.010000,-1.06682129e+02,-7.52667902e+01
260.015000,-1.06680795e+02,-7.52654562e+01
260.020000,-1.06679457e+02,-7.52641184e+01
260.025000,-1.06678119e+02,-7.52627798e+01
260.030000,-1.06676782e+02,-7.52614436e+01
260.035000,-1.06675448e+02,-7.52601094e+01
260.040000,-1.06674118e+02,-7.52587784e+01
260.045000,-1.06672786e+02,-7.52574476e+01
260.050000,-1.06671461e+02,-7.52561228e+01
260.055000,-1.06670154e+02,-7.52548153e+01
260.060000,-1.06668870e+02,-7.52535320e+01
260.065000,-1.06667607e+02,-7.52522684e+01
260.070000,-1.06666360e+02,-7.52510209e+01
260.075000,-1.06665125e+02,-7.52497864e+01
260.080000,-1.06663901e+02,-7.52485629e+01
260.085000,-1.06662692e+02,-7.52473537e+01
260.090000,-1.06661502e+02,-7.52461632e+01
260.095000,-1.06660329e+02,-7.52449902e+01
260.100000,-1.06659175e+02,-7.52438369e+01
260.105000,-1.06658034e+02,-7.52426953e+01
260.110000,-1.06656899e+02,-7.52415605e+01
260.115000,-1.06655770e+02,-7.52404318e+01
260.120000,-1.06654646e+02,-7.52393075e+01
260.125000,-1.06653518e+02,-7.52381794e+01
260.130000,-1.06652381e+02,-7.52370424e+01
260.135000,-1.06651228e+02,-7.52358897e+01
260.140000,-1.06650055e+02,-7.52347161e+01
260.145000,-1.06648862e+02,-7.52335238e+01
260.150000,-1.06647655e+02,-7.52323163e+01
260.155000,-1.06646433e+02,-7.52310947e+01
260.160000,-1.06645200e+02,-7.52298621e+01
260.165000,-1.06643951e+02,-7.52286130e+01
260.170000,-1.06642687e+02,-7.52273494e+01
260.175000,-1.06641419e+02,-7.52260809e+01
260.180000,-1.06640153e+02,-7.52248152e+01
260.185000,-1.06638893e+02,-7.52235552e+01
260.190000,-1.06637643e+02,-7.52223048e+01
260.195000,-1.06636401e+02,-7.52210632e+01
260.200000,-1.06635165e+02,-7.52198268e+01
260.205000,-1.06633936e+02,-7.52185981e+01
260.210000,-1.06632718e+02,-7.52173801e+01
260.215000,-1.06631508e+02,-7.52161705e+01
260.220000,-1.06630305e+02,-7.52149676e+01
260.225000,-1.06629101e+02,-7.52137629e+01
260.230000,-1.06627891e+02,-7.52125534e+01
260.235000,-1.06626683e+02,-7.52113455e+01
260.240000,-1.06625482e+02,-7.52101438e+01
260.245000,-1.06624283e+02,-7.52089447e+01
260.250000,-1.06623083e+02,-7.52077447e+01
260.255000,-1.06621876e+02,-7.52065381e+01
260.260000,-1.06620658e+02,-7.52053198e+01
260.265000,-1.06619433e+02,-7.52040951e+01
260.270000,-1.06618211e+02,-7.52028732e+01
260.275000,-1.06616995e+02,-7.52016571e+01
260.280000,-1.06615784e+02,-7.52004465e+01
260.285000,-1.06614570e+02,-7.51992318e+01
260.290000,-1.06613346e+02,-7.51980080e+01
260.295000,-1.06612112e+02,-7.51967744e+01
260.300000,-1.06610867e+02,-7.51955287e+01
260.305000,-1.06609606e+02,-7.51942678e+01
260.310000,-1.06608331e+02,-7.51929928e+01
260.315000,-1.06607040e+02,-7.51917020e+01
260.320000,-1.06605733e+02,-7.51903952e+01
260.325000,-1.06604416e+02,-7.51890775e+01
260.330000,-1.06603090e+02,-7.51877514e+01
260.335000,-1.06601752e+02,-7.51864139e+01
260.340000,-1.06600402e+02,-7.51850643e+01
260.345000,-1.06599036e+02,-7.51836979e+01
260.350000,-1.06597655e+02,-7.51823164e+01
260.355000,-1.06596266e+02,-7.51809278e+01
260.360000,-1.06594877e+02,-7.51795386e+01
260.365000,-1.06593487e+02,-7.51781491e+01
260.370000,-1.06592098e+02,-7.51767601e+01
260.375000,-1.06590706e+02,-7.51753683e+01
260.380000,-1.06589310e+02,-7.51739721e+01
260.385000,-1.06587918e+02,-7.51725796e+01
260.390000,-1.06586539e+02,-7.51712012e+01
260.395000,-1.06585179e+02,-7.51698405e+01
260.400000,-1.06583835e+02,-7.51684969e+01
260.405000,-1.06582498e+02,-7.51671601e+01
260.410000,-1.06581164e+02,-7.51658263e+01
260.415000,-1.06579836e+02,-7.51644978e+01
260.420000,-1.06578513e+02,-7.51631749e+01
260.425000,-1.06577190e+02,-7.51618526e+01
260.430000,-1.06575866e+02,-7.51605280e+01
260.435000,-1.06574533e+02,-7.51591949e+01
260.440000,-1.06573186e+02,-7.51578481e+01
260.445000,-1.06571828e+02,-7.51564904e+01
260.450000,-1.06570463e+02,-7.51551250e+01
260.455000,-1.06569088e+02,-7.51537503e+01
260.460000,-1.06567704e+02,-7.51523666e+01
260.465000,-1.06566307e+02,-7.51509697e+01
260.470000,-1.06564905e+02,-7.51495670e+01
260.475000,-1.06563511e+02,-7.51481730e+01
260.480000,-1.06562133e+02,-7.51467949e+01
260.485000,-1.06560766e+02,-7.51454281e+01
260.490000,-1.06559406e+02,-7.51440684e+01
260.495000,-1.06558046e+02,-7.51427085e+01
260.500000,-1.06556681e+02,-7.51413438e+01
260.505000,-1.06555320e+02,-7.51399822e+01
260.510000,-1.06553967e+02,-7.51386297e+01
260.515000,-1.06552621e+02,-7.51372833e+01
260.520000,-1.06551276e+02,-7.51359381e+01
260.525000,-1.06549921e+02,-7.51345837e+01
260.530000,-1.06548557e+02,-7.51332193e+01
260.535000,-1.06547189e+02,-7.51318513e+01
260.540000,-1.06545820e+02,-7.51304818e+01
260.545000,-1.06544449e+02,-7.51291107e+01
260.550000,-1.06543065e+02,-7.51277275e+01
260.555000,-1.06541670e+02,-7.51263323e+01
260.560000,-1.06540271e+02,-7.51249331e+01
260.565000,-1.06538870e+02,-7.51235320e+01
260.570000,-1.06537457e+02,-7.51221198e+01
260.575000,-1.06536031e+02,-7.51206930e+01
260.580000,-1.06534592e+02,-7.51192549e+01
260.585000,-1.06533152e+02,-7.51178148e+01
260.590000,-1.06531723e+02,-7.51163862e+01
260.595000,-1.06530314e+02,-7.51149771e+01
260.600000,-1.06528933e+02,-7.51135955e+01
260.605000,-1.06527576e+02,-7.51122388e+01
260.610000,-1.06526243e+02,-7.51109053e+01
260.615000,-1.06524936e+02,-7.51095991e+01
260.620000,-1.06523659e+02,-7.51083214e+01
260.625000,-1.06522403e+02,-7.51070663e+01
260.630000,-1.06521163e+02,-7.51058263e+01
260.635000,-1.06519923e+02,-7.51045859e+01
260.640000,-1.06518675e+02,-7.51033384e+01
260.645000,-1.06517425e+02,-7.51020882e+01
260.650000,-1.06516175e+02,-7.51008381e+01
260.655000,-1.06514924e+02,-7.50995868e+01
260.660000,-1.06513659e+02,-7.50983218e+01
260.665000,-1.06512380e+02,-7.50970427e+01
260.670000,-1.06511095e+02,-7.50957576e+01
260.675000,-1.06509806e+02,-7.50944692e+01
260.680000,-1.06508510e+02,-7.50931733e+01
260.685000,-1.06507206e+02,-7.50918688e+01
260.690000,-1.06505890e+02,-7.50905524e+01
260.695000,-1.06504563e+02,-7.50892263e+01
260.700000,-1.06503235e+02,-7.50878985e+01
260.705000,-1.06501904e+02,-7.50865673e+01
260.710000,-1.06500567e+02,-7.50852295e+01
260.715000,-1.06499213e+02,-7.50838764e+01
260.720000,-1.06497844e+02,-7.50825068e+01
260.725000,-1.06496467e+02,-7.50811301e+01
260.730000,-1.06495091e+02,-7.50797540e+01
260.735000,-1.06493717e+02,-7.50783798e+01
260.740000,-1.06492333e+02,-7.50769959e+01
260.745000,-1.06490942e+02,-7.50756046e+01
260.750000,-1.06489554e+02,-7.50742166e+01
260.755000,-1.06488169e+02,-7.50728316e+01
260.760000,-1.06486782e+02,-7.50714456e+01
260.765000,-1.06485395e+02,-7.50700580e+01
260.770000,-1.06483996e+02,-7.50686591e+01
260.775000,-1.06482585e+02,-7.50672476e+01
260.780000,-1.06481165e+02,-7.50658276e+01
260.785000,-1.06479738e+02,-7.50644009e+01
260.790000,-1.06478309e+02,-7.50629716e+01
260.795000,-1.06476872e+02,-7.50615348e+01
260.800000,-1.06475425e+02,-7.50600877e+01
260.805000,-1.06473974e+02,-7.50586375e+01
260.810000,-1.06472527e+02,-7.50571896e+01
260.815000,-1.06471082e+02,-7.50557445e+01
260.820000,-1.06469631e+02,-7.50542944e+01
260.825000,-1.06468181e+02,-7.50528439e+01
260.830000,-1.06466742e+02,-7.50514046e+01
260.835000,-1.06465316e+02,-7.50499787e+01
260.840000,-1.06463903e+02,-7.50485660e+01
260.845000,-1.06462504e+02,-7.50471668e+01
260.850000,-1.06461107e+02,-7.50457703e+01
260.855000,-1.06459709e+02,-7.50443724e+01
260.860000,-1.06458312e+02,-7.50429752e+01
260.865000,-1.06456916e+02,-7.50415787e+01
260.870000,-1.06455519e+02,-7.50401817e+01
260.875000,-1.06454110e+02,-7.50387732e+01
260.880000,-1.06452688e+02,-7.50373516e+01
260.885000,-1.06451260e+02,-7.50359232e+01
260.890000,-1.06449828e+02,-7.50344908e+01
260.895000,-1.06448393e+02,-7.50330566e+01
260.900000,-1.06446950e+02,-7.50316133e+01
260.905000,-1.06445494e+02,-7.50301575e+01
260.910000,-1.06444034e+02,-7.50286976e+01
260.915000,-1.06442577e+02,-7.50272403e+01
260.920000,-1.06441124e+02,-7.50257870e+01
260.925000,-1.06439665e+02,-7.50243283e+01
260.930000,-1.06438206e+02,-7.50228694e+01
260.935000,-1.06436759e+02,-7.50214229e+01
260.940000,-1.06435327e+02,-7.50199904e+01
260.945000,-1.06433904e+02,-7.50185671e+01
260.950000,-1.06432476e+02,-7.50171394e+01
260.955000,-1.06431042e+02,-7.50157054e+01
260.960000,-1.06429606e+02,-7.50142695e+01
260.965000,-1.06428166e+02,-7.50128299e+01
260.970000,-1.06426719e+02,-7.50113829e+01
260.975000,-1.06425265e+02,-7.50099290e+01
260.980000,-1.06423801e+02,-7.50084654e+01
260.985000,-1.06422330e+02,-7.50069935e+01
260.990000,-1.06420858e+02,-7.50055220e+01
260.995000,-1.06419390e+02,-7.50040538e+01
261.000000,-1.06417923e+02,-7.50025869e+01
261.005000,-1.06416449e+02,-7.50011126e+01
261.010000,-1.06414965e+02,-7.49996291e+01
261.015000,-1.06413482e+02,-7.49981452e+01
261.020000,-1.06412004e+02,-7.49966676e+01
261.025000,-1.06410538e+02,-7.49952013e+01
261.030000,-1.06409075e+02,-7.49937389e+01
261.035000,-1.06407621e+02,-7.49922839e+01
261.040000,-1.06406183e+02,-7.49908460e+01
261.045000,-1.06404762e+02,-7.49894254e+01
261.050000,-1.06403356e+02,-7.49880191e+01
261.055000,-1.06401962e+02,-7.49866252e+01
261.060000,-1.06400570e+02,-7.49852334e+01
261.065000,-1.06399177e+02,-7.49838410e+01
261.070000,-1.06397787e+02,-7.49824510e+01
261.075000,-1.06396401e+02,-7.49810647e+01
261.080000,-1.06395023e+02,-7.49796861e+01
261.085000,-1.06393645e+02,-7.49783090e+01
261.090000,-1.06392270e+02,-7.49769338e+01
261.095000,-1.06390902e+02,-7.49755656e+01
261.100000,-1.06389542e+02,-7.49742053e+01
261.105000,-1.06388187e+02,-7.49728509e+01
261.110000,-1.06386829e+02,-7.49714931e+01
261.115000,-1.06385464e+02,-7.49701273e+01
261.120000,-1.06384095e+02,-7.49687585e+01
261.125000,-1.06382727e+02,-7.49673907e+01
261.130000,-1.06381361e+02,-7.49660245e+01
261.135000,-1.06379986e+02,-7.49646495e+01
261.140000,-1.06378602e+02,-7.49632656e+01
261.145000,-1.06377215e+02,-7.49618790e+01
261.150000,-1.06375824e+02,-7.49604883e+01
261.155000,-1.06374426e+02,-7.49590901e+01
261.160000,-1.06373012e+02,-7.49576762e+01
261.165000,-1.06371588e+02,-7.49562519e+01
261.170000,-1.06370165e+02,-7.49548287e+01
261.175000,-1.06368750e+02,-7.49534135e+01
261.180000,-1.06367343e+02,-7.49520065e+01
261.185000,-1.06365945e+02,-7.49506084e+01
261.190000,-1.06364552e+02,-7.49492155e+01
261.195000,-1.06363164e+02,-7.49478277e+01
261.200000,-1.06361787e+02,-7.49464506e+01
261.205000,-1.06360418e+02,-7.49450821e+01
261.210000,-1.06359053e+02,-7.49437171e+01
261.215000,-1.06357681e+02,-7.49423448e+01
261.220000,-1.06356298e+02,-7.49409622e+01
261.225000,-1.06354914e+02,-7.49395785e+01
261.230000,-1.06353536e+02,-7.49382006e+01
261.235000,-1.06352165e+02,-7.49368292e+01
261.240000,-1.06350793e+02,-7.49354566e+01
261.245000,-1.06349424e+02,-7.49340884e+01
261.250000,-1.06348072e+02,-7.49327362e+01
261.255000,-1.06346736e+02,-7.49314005e+01
261.260000,-1.06345414e+02,-7.49300778e+01
261.265000,-1.06344094e+02,-7.49287582e+01
261.270000,-1.06342771e+02,-7.49274350e+01
261.275000,-1.06341445e+02,-7.49261094e+01
261.280000,-1.06340118e+02,-7.49247822e+01
261.285000,-1.06338790e+02,-7.49234537e+01
261.290000,-1.06337456e+02,-7.49221195e+01
261.295000,-1.06336115e+02,-7.49207793e+01
261.300000,-1.06334775e+02,-7.49194389e+01
261.305000,-1.06333434e+02,-7.49180979e+01
261.310000,-1.06332091e+02,-7.49167555e+01
261.315000,-1.06330741e+02,-7.49154052e+01
261.320000,-1.06329384e+02,-7.49140486e+01
261.325000,-1.06328046e+02,-7.49127098e+01
261.330000,-1.06326743e+02,-7.49114071e+01
261.335000,-1.06325474e+02,-7.49101383e+01
261.340000,-1.06324226e+02,-7.49088899e+01
261.345000,-1.06322987e+02,-7.49076518e+01
261.350000,-1.06321759e+02,-7.49064239e+01
261.355000,-1.06320540e+02,-7.49052040e+01
261.360000,-1.06319323e+02,-7.49039879e+01
261.365000,-1.06318101e+02,-7.49027654e+01
261.370000,-1.06316869e+02,-7.49015336e+01
261.375000,-1.06315634e+02,-7.49002989e+01
261.380000,-1.06314399e+02,-7.48990639e+01
261.385000,-1.06313167e+02,-7.48978314e+01
261.390000,-1.06311934e+02,-7.48965985e+01
261.395000,-1.06310700e+02,-7.48953639e+01
261.400000,-1.06309466e+02,-7.48941300e+01
261.405000,-1.06308229e+02,-7.48928936e+01
261.410000,-1.06306988e+02,-7.48916527e+01
261.415000,-1.06305736e+02,-7.48904005e+01
261.420000,-1.06304471e+02,-7.48891351e+01
261.425000,-1.06303199e+02,-7.48878638e+01
261.430000,-1.06301927e+02,-7.48865915e+01
261.435000,-1.06300654e+02,-7.48853182e+01
261.440000,-1.06299371e+02,-7.48840356e+01
261.445000,-1.06298077e+02,-7.48827414e+01
261.450000,-1.06296778e+02,-7.48814423e+01
261.455000,-1.06295478e+02,-7.48801425e+01
261.460000,-1.06294178e+02,-7.48788431e+01
261.465000,-1.06292869e+02,-7.48775331e+01
261.470000,-1.06291558e+02,-7.48762221e+01
261.475000,-1.06290278e+02,-7.48749419e+01
261.480000,-1.06289044e+02,-7.48737083e+01
261.485000,-1.06287861e+02,-7.48725253e+01
261.490000,-1.06286711e+02,-7.48713750e+01
261.495000,-1.06285588e+02,-7.48702521e+01
261.500000,-1.06284492e+02,-7.48691556e+01
261.505000,-1.06283412e+02,-7.48680764e+01
261.510000,-1.06282338e+02,-7.48670023e+01
261.515000,-1.06281252e+02,-7.48659158e+01
261.520000,-1.06280152e+02,-7.48648162e+01
261.525000,-1.06279045e+02,-7.48637088e+01
261.530000,-1.06277929e+02,-7.48625931e+01
261.535000,-1.06276796e+02,-7.48614603e+01
261.540000,-1.06275648e+02,-7.48603118e+01
261.545000,-1.06274503e+02,-7.48591670e+01
261.550000,-1.06273366e+02,-7.48580298e+01
261.555000,-1.06272231e+02,-7.48568957e+01
261.560000,-1.06271092e+02,-7.48557561e+01
261.565000,-1.06269929e+02,-7.48545931e+01
261.570000,-1.06268740e+02,-7.48534047e+01
261.575000,-1.06267537e+02,-7.48522014e+01
261.580000,-1.06266320e+02,-7.48509844e+01
261.585000,-1.06265082e+02,-7.48497458e+01
261.590000,-1.06263809e+02,-7.48484739e+01
261.595000,-1.06262531e+02,-7.48471961e+01
261.600000,-1.06261286e+02,-7.48459504e+01
261.605000,-1.06260073e+02,-7.48447378e+01
261.610000,-1.06258882e+02,-7.48435466e+01
261.615000,-1.06257696e+02,-7.48423609e+01
261.620000,-1.06256515e+02,-7.48411793e+01
261.625000,-1.06255338e+02,-7.48400031e+01
261.630000,-1.06254169e+02,-7.48388334e+01
261.635000,-1.06252999e+02,-7.48376633e+01
261.640000,-1.06251817e+02,-7.48364822e+01
261.645000,-1.06250629e+02,-7.48352940e+01
261.650000,-1.06249438e+02,-7.48341031e+01
261.655000,-1.06248242e+02,-7.48329068e+01
261.660000,-1.06247040e+02,-7.48317050e+01
261.665000,-1.06245836e+02,-7.48305007e+01
261.670000,-1.06244634e+02,-7.48292986e+01
261.675000,-1.06243433e+02,-7.48280979e+01
261.680000,-1.06242238e+02,-7.48269028e+01
261.685000,-1.06241052e+02,-7.48257175e+01
261.690000,-1.06239852e+02,-7.48245176e+01
261.695000,-1.06238622e+02,-7.48232878e+01
261.700000,-1.06237370e+02,-7.48220359e+01
261.705000,-1.06236103e+02,-7.48207687e+01
261.710000,-1.06234822e+02,-7.48194875e+01
261.715000,-1.06233525e+02,-7.48181903e+01
261.720000,-1.06232223e+02,-7.48168882e+01
261.725000,-1.06230920e+02,-7.48155859e+01
261.730000,-1.06229629e+02,-7.48142941e+01
261.735000,-1.06228357e+02,-7.48130225e+01
261.740000,-1.06227095e+02,-7.48117603e+01
261.745000,-1.06225846e+02,-7.48105107e+01
261.750000,-1.06224612e+02,-7.48092773e+01
261.755000,-1.06223387e+02,-7.48080524e+01
261.760000,-1.06222177e+02,-7.48068423e+01
261.765000,-1.06220990e+02,-7.48056556e+01
261.770000,-1.06219827e+02,-7.48044920e+01
261.775000,-1.06218680e+02,-7.48033458e+01
261.780000,-1.06217539e+02,-7.48022042e+01
261.785000,-1.06216390e+02,-7.48010556e+01
261.790000,-1.06215228e+02,-7.47998935e+01
261.795000,-1.06214062e+02,-7.47987273e+01
261.800000,-1.06212897e+02,-7.47975623e+01
261.805000,-1.06211734e+02,-7.47963989e+01
261.810000,-1.06210567e+02,-7.47952318e+01
261.815000,-1.06209386e+02,-7.47940507e+01
261.820000,-1.06208196e+02,-7.47928614e+01
261.825000,-1.06207002e+02,-7.47916675e+01
261.830000,-1.06205803e+02,-7.47904683e+01
261.835000,-1.06204600e+02,-7.47892649e+01
261.840000,-1.06203394e+02,-7.47880592e+01
261.845000,-1.06202204e+02,-7.47868688e+01
261.850000,-1.06201017e+02,-7.47856816e+01
261.855000,-1.06199813e+02,-7.47844778e+01
261.860000,-1.06198595e+02,-7.47832595e+01
261.865000,-1.06197358e+02,-7.47820224e+01
261.870000,-1.06196108e+02,-7.47807730e+01
261.875000,-1.06194860e+02,-7.47795240e+01
261.880000,-1.06193604e+02,-7.47782683e+01
261.885000,-1.06192323e+02,-7.47769876e+01
261.890000,-1.06191012e+02,-7.47756766e+01
261.895000,-1.06189682e+02,-7.47743462e+01
261.900000,-1.06188341e+02,-7.47730055e+01
261.905000,-1.06187001e+02,-7.47716654e+01
261.910000,-1.06185670e+02,-7.47703343e+01
261.915000,-1.06184344e+02,-7.47690089e+01
261.920000,-1.06183028e+02,-7.47676929e+01
261.925000,-1.06181721e+02,-7.47663864e+01
261.930000,-1.06180422e+02,-7.47650871e+01
261.935000,-1.06179130e+02,-7.47637955e+01
261.940000,-1.06177844e+02,-7.47625093e+01
261.945000,-1.06176569e+02,-7.47612344e+01
261.950000,-1.06175306e+02,-7.47599713e+01
261.955000,-1.06174056e+02,-7.47587215e+01
261.960000,-1.06172819e+02,-7.47574851e+01
261.965000,-1.06171599e+02,-7.47562649e+01
261.970000,-1.06170410e+02,-7.47550756e+01
261.975000,-1.06169250e+02,-7.47539160e+01
261.980000,-1.06168113e+02,-7.47527783e+01
261.985000,-1.06166986e+02,-7.47516518e+01
261.990000,-1.06165856e+02,-7.47505216e+01
261.995000,-1.06164718e+02,-7.47493837e+01
262.000000,-1.06163572e+02,-7.47482378e+01
262.005000,-1.06162419e+02,-7.47470843e+01
262.010000,-1.06161256e+02,-7.47459212e+01
262.015000,-1.06160077e+02,-7.47447420e+01
262.020000,-1.06158890e+02,-7.47435557e+01
262.025000,-1.06157706e+02,-7.47423709e+01
262.030000,-1.06156524e+02,-7.47411893e+01
262.035000,-1.06155345e+02,-7.47400110e+01
262.040000,-1.06154154e+02,-7.47388196e+01
262.045000,-1.06152936e+02,-7.47376012e+01
262.050000,-1.06151697e+02,-7.47363630e+01
262.055000,-1.06150434e+02,-7.47351004e+01
262.060000,-1.06149138e+02,-7.47338037e+01
262.065000,-1.06147811e+02,-7.47324760e+01
262.070000,-1.06146470e+02,-7.47311354e+01
262.075000,-1.06145138e+02,-7.47298028e+01
262.080000,-1.06143825e+02,-7.47284908e+01
262.085000,-1.06142542e+02,-7.47272076e+01
262.090000,-1.06141280e+02,-7.47259457e+01
262.095000,-1.06140040e+02,-7.47247057e+01
262.100000,-1.06138821e+02,-7.47234865e+01
262.105000,-1.06137617e+02,-7.47222826e+01
262.110000,-1.06136421e+02,-7.47210862e+01
262.115000,-1.06135218e+02,-7.47198836e+01
262.120000,-1.06134010e+02,-7.47186753e+01
262.125000,-1.06132802e+02,-7.47174677e+01
262.130000,-1.06131600e+02,-7.47162652e+01
262.135000,-1.06130403e+02,-7.47150690e+01
262.140000,-1.06129207e+02,-7.47138725e+01
262.145000,-1.06128015e+02,-7.47126812e+01
262.150000,-1.06126836e+02,-7.47115022e+01
262.155000,-1.06125665e+02,-7.47103306e+01
262.160000,-1.06124491e+02,-7.47091570e+01
262.165000,-1.06123317e+02,-7.47079830e+01
262.170000,-1.06122146e+02,-7.47068116e+01
262.175000,-1.06120978e+02,-7.47056436e+01
262.180000,-1.06119811e+02,-7.47044769e+01
262.185000,-1.06118639e+02,-7.47033051e+01
262.190000,-1.06117463e+02,-7.47021290e+01
262.195000,-1.06116291e+02,-7.47009572e+01
262.200000,-1.06115149e+02,-7.46998151e+01
262.205000,-1.06114037e+02,-7.46987029e+01
262.210000,-1.06112912e+02,-7.46975777e+01
262.215000,-1.06111753e+02,-7.46964190e+01
262.220000,-1.06110567e+02,-7.46952328e+01
262.225000,-1.06109366e+02,-7.46940324e+01
262.230000,-1.06108161e+02,-7.46928271e+01
262.235000,-1.06106952e+02,-7.46916180e+01
262.240000,-1.06105746e+02,-7.46904120e+01
262.245000,-1.06104549e+02,-7.46892150e+01
262.250000,-1.06103363e+02,-7.46880292e+01
262.255000,-1.06102186e+02,-7.46868515e+01
262.260000,-1.06101020e+02,-7.46856864e+01
262.265000,-1.06099875e+02,-7.46845405e+01
262.270000,-1.06098743e+02,-7.46834094e+01
262.275000,-1.06097615e+02,-7.46822811e+01
262.280000,-1.06096480e+02,-7.46811462e+01
262.285000,-1.06095340e+02,-7.46800058e+01
262.290000,-1.06094196e+02,-7.46788620e+01
262.295000,-1.06093048e+02,-7.46777136e+01
262.300000,-1.06091891e+02,-7.46765564e+01
262.305000,-1.06090729e+02,-7.46753947e+01
262.310000,-1.06089567e+02,-7.46742326e+01
262.315000,-1.06088413e+02,-7.46730785e+01
262.320000,-1.06087279e+02,-7.46719447e+01
262.325000,-1.06086159e+02,-7.46708249e+01
262.330000,-1.06085053e+02,-7.46697181e+01
262.335000,-1.06083959e+02,-7.46686252e+01
262.340000,-1.06082879e+02,-7.46675446e+01
262.345000,-1.06081801e+02,-7.46664659e+01
262.350000,-1.06080720e+02,-7.46653852e+01
262.355000,-1.06079639e+02,-7.46643058e+01
262.360000,-1.06078540e+02,-7.46632064e+01
262.365000,-1.06077387e+02,-7.46620535e+01
262.370000,-1.06076188e+02,-7.46608542e+01
262.375000,-1.06074960e+02,-7.46596260e+01
262.380000,-1.06073716e+02,-7.46583817e+01
262.385000,-1.06072461e+02,-7.46571271e+01
262.390000,-1.06071204e+02,-7.46558706e+01
262.395000,-1.06069959e+02,-7.46546255e+01
262.400000,-1.06068732e+02,-7.46533984e+01
262.405000,-1.06067518e+02,-7.46521848e+01
262.410000,-1.06066321e+02,-7.46509870e+01
262.415000,-1.06065140e+02,-7.46498066e+01
262.420000,-1.06063971e+02,-7.46486372e+01
262.425000,-1.06062803e+02,-7.46474692e+01
262.430000,-1.06061633e+02,-7.46462991e+01
262.435000,-1.06060468e+02,-7.46451348e+01
262.440000,-1.06059312e+02,-7.46439795e+01
262.445000,-1.06058185e+02,-7.46428523e+01
262.450000,-1.06057105e+02,-7.46417720e+01
262.455000,-1.06056070e+02,-7.46407371e+01
262.460000,-1.06055076e+02,-7.46397426e+01
262.465000,-1.06054114e+02,-7.46387814e+01
262.470000,-1.06053181e+02,-7.46378480e+01
262.475000,-1.06052277e+02,-7.46369443e+01
262.480000,-1.06051403e+02,-7.46360695e+01
262.485000,-1.06050544e+02,-7.46352113e+01
262.490000,-1.06049688e+02,-7.46343554e+01
262.495000,-1.06048835e+02,-7.46335020e+01
262.500000,-1.06047976e+02,-7.46326419e+01
262.505000,-1.06047078e+02,-7.46317442e+01
262.510000,-1.06046125e+02,-7.46307916e+01
262.515000,-1.06045130e+02,-7.46297964e+01
262.520000,-1.06044112e+02,-7.46287787e+01
262.525000,-1.06043087e+02,-7.46277528e+01
262.530000,-1.06042059e+02,-7.46267251e+01
262.535000,-1.06041038e+02,-7.46257041e+01
262.540000,-1.06040031e+02,-7.46246970e+01
262.545000,-1.06039037e+02,-7.46237036e+01
262.550000,-1.06038055e+02,-7.46227208e+01
262.555000,-1.06037078e+02,-7.46217438e+01
262.560000,-1.06036101e+02,-7.46207672e+01
262.565000,-1.06035122e+02,-7.46197877e+01
262.570000,-1.06034140e+02,-7.46188053e+01
262.575000,-1.06033170e+02,-7.46178354e+01
262.580000,-1.06032223e+02,-7.46168890e+01
262.585000,-1.06031298e+02,-7.46159637e+01
262.590000,-1.06030387e+02,-7.46150524e+01
262.595000,-1.06029489e+02,-7.46141549e+01
262.600000,-1.06028607e+02,-7.46132728e+01
262.605000,-1.06027738e+02,-7.46124040e+01
262.610000,-1.06026878e+02,-7.46115439e+01
262.615000,-1.06026026e+02,-7.46106917e+01
262.620000,-1.06025181e+02,-7.46098466e+01
262.625000,-1.06024337e+02,-7.46090031e+01
262.630000,-1.06023489e+02,-7.46081550e+01
262.635000,-1.06022638e+02,-7.46073040e+01
262.640000,-1.06021773e+02,-7.46064394e+01
262.645000,-1.06020878e+02,-7.46055452e+01
262.650000,-1.06019945e+02,-7.46046115e+01
262.655000,-1.06018975e+02,-7.46036418e+01
262.660000,-1.06017989e+02,-7.46026559e+01
262.665000,-1.06016998e+02,-7.46016645e+01
262.670000,-1.06016006e+02,-7.46006727e+01
262.675000,-1.06015022e+02,-7.45996892e+01
262.680000,-1.06014055e+02,-7.45987218e+01
262.685000,-1.06013105e+02,-7.45977721e+01
262.690000,-1.06012172e+02,-7.45968388e+01
262.695000,-1.06011249e+02,-7.45959158e+01
262.700000,-1.06010342e+02,-7.45950087e+01
262.705000,-1.06009460e+02,-7.45941271e+01
262.710000,-1.06008595e+02,-7.45932626e+01
262.715000,-1.06007753e+02,-7.45924205e+01
262.720000,-1.06006946e+02,-7.45916133e+01
262.725000,-1.06006167e+02,-7.45908343e+01
262.730000,-1.06005412e+02,-7.45900799e+01
262.735000,-1.06004688e+02,-7.45893554e+01
262.740000,-1.06003989e+02,-7.45886563e+01
262.745000,-1.06003307e+02,-7.45879741e+01
262.750000,-1.06002628e+02,-7.45872957e+01
262.755000,-1.06001947e+02,-7.45866142e+01
262.760000,-1.06001259e+02,-7.45859264e+01
262.765000,-1.06000563e+02,-7.45852304e+01
262.770000,-1.05999845e+02,-7.45845116e+01
262.775000,-1.05999079e+02,-7.45837463e+01
262.780000,-1.05998265e+02,-7.45829315e+01
262.785000,-1.05997397e+02,-7.45820637e+01
262.790000,-1.05996474e+02,-7.45811407e+01
262.795000,-1.05995514e+02,-7.45801809e+01
262.800000,-1.05994538e+02,-7.45792046e+01
262.805000,-1.05993557e+02,-7.45782241e+01
262.810000,-1.05992579e+02,-7.45772452e+01
262.815000,-1.05991607e+02,-7.45762740e+01
262.820000,-1.05990653e+02,-7.45753198e+01
262.825000,-1.05989725e+02,-7.45743911e+01
262.830000,-1.05988812e+02,-7.45734784e+01
262.835000,-1.05987910e+02,-7.45725754e+01
262.840000,-1.05987014e+02,-7.45716798e+01
262.845000,-1.05986124e+02,-7.45707896e+01
262.850000,-1.05985240e+02,-7.45699057e+01
262.855000,-1.05984371e+02,-7.45690371e+01
262.860000,-1.05983521e+02,-7.45681870e+01
262.865000,-1.05982687e+02,-7.45673526e+01
262.870000,-1.05981862e+02,-7.45665280e+01
262.875000,-1.05981049e+02,-7.45657146e+01
262.880000,-1.05980244e+02,-7.45649103e+01
262.885000,-1.05979442e+02,-7.45641081e+01
262.890000,-1.05978638e+02,-7.45633041e+01
262.895000,-1.05977829e+02,-7.45624944e+01
262.900000,-1.05977011e+02,-7.45616778e+01
262.905000,-1.05976180e+02,-7.45608464e+01
262.910000,-1.05975318e+02,-7.45599847e+01
262.915000,-1.05974427e+02,-7.45590941e+01
262.920000,-1.05973507e+02,-7.45581737e+01
262.925000,-1.05972551e+02,-7.45572180e+01
262.930000,-1.05971571e+02,-7.45562377e+01
262.935000,-1.05970577e+02,-7.45552441e+01
262.940000,-1.05969568e+02,-7.45542349e+01
262.945000,-1.05968547e+02,-7.45532138e+01
262.950000,-1.05967524e+02,-7.45521905e+01
262.955000,-1.05966505e+02,-7.45511720e+01
262.960000,-1.05965486e+02,-7.45501531e+01
262.965000,-1.05964458e+02,-7.45491256e+01
262.970000,-1.05963438e+02,-7.45481060e+01
262.975000,-1.05962451e+02,-7.45471191e+01
262.980000,-1.05961501e+02,-7.45461688e+01
262.985000,-1.05960583e+02,-7.45452510e+01
262.990000,-1.05959689e+02,-7.45443566e+01
262.995000,-1.05958824e+02,-7.45434920e+01
263.000000,-1.05957996e+02,-7.45426635e+01
263.005000,-1.05957193e+02,-7.45418611e+01
263.010000,-1.05956406e+02,-7.45410738e+01
263.015000,-1.05955622e+02,-7.45402902e+01
263.020000,-1.05954839e+02,-7.45395066e+01
263.025000,-1.05954046e+02,-7.45387132e+01
263.030000,-1.05953228e+02,-7.45378953e+01
263.035000,-1.05952389e+02,-7.45370560e+01
263.040000,-1.05951528e+02,-7.45361949e+01
263.045000,-1.05950639e+02,-7.45353054e+01
263.050000,-1.05949712e+02,-7.45343786e+01
263.055000,-1.05948745e+02,-7.45334123e+01
263.060000,-1.05947750e+02,-7.45324171e+01
263.065000,-1.05946738e+02,-7.45314049e+01
263.070000,-1.05945721e+02,-7.45303884e+01
263.075000,-1.05944709e+02,-7.45293756e+01
263.080000,-1.05943702e+02,-7.45283695e+01
263.085000,-1.05942705e+02,-7.45273723e+01
263.090000,-1.05941713e+02,-7.45263801e+01
263.095000,-1.05940724e+02,-7.45253906e+01
263.100000,-1.05939740e+02,-7.45244070e+01
263.105000,-1.05938765e+02,-7.45234314e+01
263.110000,-1.05937802e+02,-7.45224687e+01
263.115000,-1.05936860e+02,-7.45215265e+01
263.120000,-1.05935940e+02,-7.45206062e+01
263.125000,-1.05935040e+02,-7.45197065e+01
263.130000,-1.05934159e+02,-7.45188260e+01
263.135000,-1.05933294e+02,-7.45179603e+01
263.140000,-1.05932440e+02,-7.45171066e+01
263.145000,-1.05931601e+02,-7.45162683e+01
263.150000,-1.05930767e+02,-7.45154340e+01
263.155000,-1.05929923e+02,-7.45145898e+01
263.160000,-1.05929071e+02,-7.45137381e+01
263.165000,-1.05928219e+02,-7.45128859e+01
263.170000,-1.05927373e+02,-7.45120401e+01
263.175000,-1.05926539e+02,-7.45112063e+01
263.180000,-1.05925708e+02,-7.45103758e+01
263.185000,-1.05924865e+02,-7.45095326e+01
263.190000,-1.05924008e+02,-7.45086756e+01
263.195000,-1.05923141e+02,-7.45078085e+01
263.200000,-1.05922268e+02,-7.45069357e+01
263.205000,-1.05921393e+02,-7.45060605e+01
263.210000,-1.05920518e+02,-7.45051856e+01
263.215000,-1.05919645e+02,-7.45043128e+01
263.220000,-1.05918776e+02,-7.45034438e+01
263.225000,-1.05917913e+02,-7.45025810e+01
263.230000,-1.05917059e+02,-7.45017262e+01
263.235000,-1.05916211e+02,-7.45008790e+01
263.240000,-1.05915372e+02,-7.45000395e+01
263.245000,-1.05914542e+02,-7.44992100e+01
263.250000,-1.05913722e+02,-7.44983895e+01
263.255000,-1.05912917e+02,-7.44975849e+01
263.260000,-1.05912135e+02,-7.44968026e+01
263.265000,-1.05911374e+02,-7.44960413e+01
263.270000,-1.05910616e+02,-7.44952835e+01
263.275000,-1.05909841e+02,-7.44945087e+01
263.280000,-1.05909048e+02,-7.44937154e+01
263.285000,-1.05908241e+02,-7.44929088e+01
263.290000,-1.05907424e+02,-7.44920916e+01
263.295000,-1.05906612e+02,-7.44912793e+01
263.300000,-1.05905805e+02,-7.44904728e+01
263.305000,-1.05904989e+02,-7.44896568e+01
263.310000,-1.05904163e+02,-7.44888307e+01
263.315000,-1.05903331e+02,-7.44879988e+01
263.320000,-1.05902498e+02,-7.44871655e+01
263.325000,-1.05901665e+02,-7.44863323e+01
263.330000,-1.05900834e+02,-7.44855016e+01
263.335000,-1.05900002e+02,-7.44846694e+01
263.340000,-1.05899164e+02,-7.44838314e+01
263.345000,-1.05898323e+02,-7.44829904e+01
263.350000,-1.05897483e+02,-7.44821500e+01
263.355000,-1.05896647e+02,-7.44813139e+01
263.360000,-1.05895817e+02,-7.44804847e+01
263.365000,-1.05894997e+02,-7.44796639e+01
263.370000,-1.05894185e+02,-7.44788526e+01
263.375000,-1.05893385e+02,-7.44780521e+01
263.380000,-1.05892598e+02,-7.44772650e+01
263.385000,-1.05891825e+02,-7.44764932e+01
263.390000,-1.05891055e+02,-7.44757224e+01
263.395000,-1.05890268e+02,-7.44749354e+01
263.400000,-1.05889467e+02,-7.44741345e+01
263.405000,-1.05888662e+02,-7.44733299e+01
263.410000,-1.05887866e+02,-7.44725333e+01
263.415000,-1.05887080e+02,-7.44717479e+01
263.420000,-1.05886308e+02,-7.44709761e+01
263.425000,-1.05885541e+02,-7.44702088e+01
263.430000,-1.05884764e+02,-7.44694325e+01
263.435000,-1.05883981e+02,-7.44686489e+01
263.440000,-1.05883195e+02,-7.44678625e+01
263.445000,-1.05882409e+02,-7.44670767e+01
263.450000,-1.05881625e+02,-7.44662921e+01
263.455000,-1.05880845e+02,-7.44655127e+01
263.460000,-1.05880072e+02,-7.44647404e+01
263.465000,-1.05879304e+02,-7.44639716e+01
263.470000,-1.05878538e+02,-7.44632058e+01
263.475000,-1.05877773e+02,-7.44624410e+01
263.480000,-1.05877006e+02,-7.44616740e+01
263.485000,-1.05876235e+02,-7.44609025e+01
263.490000,-1.05875458e+02,-7.44601259e+01
263.495000,-1.05874681e+02,-7.44593484e+01
263.500000,-1.05873891e+02,-7.44585588e+01
263.505000,-1.05873076e+02,-7.44577436e+01
263.510000,-1.05872237e+02,-7.44569047e+01
263.515000,-1.05871387e+02,-7.44560550e+01
263.520000,-1.05870544e+02,-7.44552112e+01
263.525000,-1.05869714e+02,-7.44543820e+01
263.530000,-1.05868902e+02,-7.44535699e+01
263.535000,-1.05868109e+02,-7.44527764e+01
263.540000,-1.05867339e+02,-7.44520067e+01
263.545000,-1.05866581e+02,-7.44512484e+01
263.550000,-1.05865817e+02,-7.44504839e+01
263.555000,-1.05865043e+02,-7.44497104e+01
263.560000,-1.05864273e+02,-7.44489405e+01
263.565000,-1.05863521e+02,-7.44481886e+01
263.570000,-1.05862789e+02,-7.44474562e+01
263.575000,-1.05862065e+02,-7.44467324e+01
263.580000,-1.05861338e+02,-7.44460059e+01
263.585000,-1.05860606e+02,-7.44452736e+01
263.590000,-1.05859869e+02,-7.44445369e+01
263.595000,-1.05859132e+02,-7.44437998e+01
263.600000,-1.05858397e+02,-7.44430644e+01
263.605000,-1.05857664e+02,-7.44423312e+01
263.610000,-1.05856936e+02,-7.44416045e+01
263.615000,-1.05856211e+02,-7.44408786e+01
263.620000,-1.05855472e+02,-7.44401406e+01
263.625000,-1.05854725e+02,-7.44393927e+01
263.630000,-1.05853981e+02,-7.44386485e+01
263.635000,-1.05853255e+02,-7.44379230e+01
263.640000,-1.05852548e+02,-7.44372163e+01
263.645000,-1.05851860e+02,-7.44365282e+01
263.650000,-1.05851192e+02,-7.44358594e+01
263.655000,-1.05850542e+02,-7.44352092e+01
263.660000,-1.05849910e+02,-7.44345788e+01
263.665000,-1.05849290e+02,-7.44339586e+01
263.670000,-1.05848669e+02,-7.44333375e+01
263.675000,-1.05848053e+02,-7.44327215e+01
263.680000,-1.05847449e+02,-7.44321177e+01
263.685000,-1.05846861e+02,-7.44315296e+01
263.690000,-1.05846289e+02,-7.44309580e+01
263.695000,-1.05845729e+02,-7.44303970e+01
263.700000,-1.05845169e+02,-7.44298376e+01
263.705000,-1.05844608e+02,-7.44292762e+01
263.710000,-1.05844047e+02,-7.44287142e+01
263.715000,-1.05843473e+02,-7.44281411e+01
263.720000,-1.05842879e+02,-7.44275462e+01
263.725000,-1.05842266e+02,-7.44269333e+01
263.730000,-1.05841643e+02,-7.44263103e+01
263.735000,-1.05841015e+02,-7.44256825e+01
263.740000,-1.05840385e+02,-7.44250524e+01
263.745000,-1.05839754e+02,-7.44244215e+01
263.750000,-1.05839122e+02,-7.44237903e+01
263.755000,-1.05838488e+02,-7.44231556e+01
263.760000,-1.05837849e+02,-7.44225164e+01
263.765000,-1.05837207e+02,-7.44218751e+01
263.770000,-1.05836573e+02,-7.44212401e+01
263.775000,-1.05835934e+02,-7.44206017e+01
263.780000,-1.05835279e+02,-7.44199461e+01
263.785000,-1.05834611e+02,-7.44192784e+01
263.790000,-1.05833943e+02,-7.44186104e+01
263.795000,-1.05833285e+02,-7.44179528e+01
263.800000,-1.05832643e+02,-7.44173113e+01
263.805000,-1.05832023e+02,-7.44166904e+01
263.810000,-1.05831420e+02,-7.44160872e+01
263.815000,-1.05830834e+02,-7.44155023e+01
263.820000,-1.05830262e+02,-7.44149302e+01
263.825000,-1.05829693e+02,-7.44143604e+01
263.830000,-1.05829121e+02,-7.44137893e+01
263.835000,-1.05828552e+02,-7.44132199e+01
263.840000,-1.05827990e+02,-7.44126583e+01
263.845000,-1.05827438e+02,-7.44121064e+01
263.850000,-1.05826898e+02,-7.44115660e+01
263.855000,-1.05826368e+02,-7.44110356e+01
263.860000,-1.05825844e+02,-7.44105126e+01
263.865000,-1.05825327e+02,-7.44099955e+01
263.870000,-1.05824815e+02,-7.44094830e+01
263.875000,-1.05824302e+02,-7.44089701e+01
263.880000,-1.05823783e+02,-7.44084509e+01
263.885000,-1.05823253e+02,-7.44079211e+01
263.890000,-1.05822712e+02,-7.44073802e+01
263.895000,-1.05822160e+02,-7.44068283e+01
263.900000,-1.05821606e+02,-7.44062741e+01
263.905000,-1.05821040e+02,-7.44057079e+01
263.910000,-1.05820448e+02,-7.44051160e+01
263.915000,-1.05819840e+02,-7.44045083e+01
263.920000,-1.05819228e+02,-7.44038957e+01
263.925000,-1.05818618e+02,-7.44032858e+01
263.930000,-1.05818021e+02,-7.44026888e+01
263.935000,-1.05817444e+02,-7.44021115e+01
263.940000,-1.05816889e+02,-7.44015570e+01
263.945000,-1.05816357e+02,-7.44010249e+01
263.950000,-1.05815846e+02,-7.44005134e+01
263.955000,-1.05815350e+02,-7.44000181e+01
263.960000,-1.05814866e+02,-7.43995338e+01
263.965000,-1.05814389e+02,-7.43990568e+01
263.970000,-1.05813921e+02,-7.43985896e+01
263.975000,-1.05813453e+02,-7.43981215e+01
263.980000,-1.05812960e+02,-7.43976286e+01
263.985000,-1.05812444e+02,-7.43971118e+01
263.990000,-1.05811894e+02,-7.43965618e+01
263.995000,-1.05811301e+02,-7.43959692e+01
264.000000,-1.05810678e+02,-7.43953457e+01
264.005000,-1.05810039e+02,-7.43947074e+01
264.010000,-1.05809402e+02,-7.43940702e+01
264.015000,-1.05808775e+02,-7.43934429e+01
264.020000,-1.05808165e+02,-7.43928331e+01
264.025000,-1.05807569e+02,-7.43922373e+01
264.030000,-1.05806980e+02,-7.43916481e+01
264.035000,-1.05806398e+02,-7.43910660e+01
264.040000,-1.05805825e+02,-7.43904933e+01
264.045000,-1.05805265e+02,-7.43899327e+01
264.050000,-1.05804719e+02,-7.43893876e+01
264.055000,-1.05804193e+02,-7.43888615e+01
264.060000,-1.05803689e+02,-7.43883569e+01
264.065000,-1.05803206e+02,-7.43878743e+01
264.070000,-1.05802745e+02,-7.43874129e+01
264.075000,-1.05802304e+02,-7.43869723e+01
264.080000,-1.05801886e+02,-7.43865537e+01
264.085000,-1.05801481e+02,-7.43861493e+01
264.090000,-1.05801086e+02,-7.43857548e+01
264.095000,-1.05800687e+02,-7.43853563e+01
264.100000,-1.05800271e+02,-7.43849398e+01
264.105000,-1.05799840e+02,-7.43845082e+01
264.110000,-1.05799398e+02,-7.43840663e+01
264.115000,-1.05798950e+02,-7.43836189e+01
264.120000,-1.05798504e+02,-7.43831724e+01
264.125000,-1.05798065e+02,-7.43827336e+01
264.130000,-1.05797637e+02,-7.43823055e+01
264.135000,-1.05797215e+02,-7.43818835e+01
264.140000,-1.05796791e+02,-7.43814598e+01
264.145000,-1.05796366e+02,-7.43810346e+01
264.150000,-1.05795940e+02,-7.43806081e+01
264.155000,-1.05795513e+02,-7.43801810e+01
264.160000,-1.05795088e+02,-7.43797559e+01
264.165000,-1.05794668e+02,-7.43793365e+01
264.170000,-1.05794258e+02,-7.43789263e+01
264.175000,-1.05793864e+02,-7.43785319e+01
264.180000,-1.05793473e+02,-7.43781412e+01
264.185000,-1.05793068e+02,-7.43777360e+01
264.190000,-1.05792652e+02,-7.43773200e+01
264.195000,-1.05792234e+02,-7.43769020e+01
264.200000,-1.05791822e+02,-7.43764896e+01
264.205000,-1.05791416e+02,-7.43760841e+01
264.210000,-1.05791016e+02,-7.43756839e+01
264.215000,-1.05790618e+02,-7.43752859e+01
264.220000,-1.05790231e+02,-7.43748988e+01
264.225000,-1.05789854e+02,-7.43745216e+01
264.230000,-1.05789474e+02,-7.43741417e+01
264.235000,-1.05789089e+02,-7.43737569e+01
264.240000,-1.05788702e+02,-7.43733702e+01
264.245000,-1.05788318e+02,-7.43729854e+01
264.250000,-1.05787937e+02,-7.43726050e+01
264.255000,-1.05787564e+02,-7.43722333e+01
264.260000,-1.05787187e+02,-7.43718553e+01
264.265000,-1.05786775e+02,-7.43714435e+01
264.270000,-1.05786329e+02,-7.43709976e+01
264.275000,-1.05785859e+02,-7.43705276e+01
264.280000,-1.05785375e+02,-7.43700441e+01
264.285000,-1.05784887e+02,-7.43695561e+01
264.290000,-1.05784400e+02,-7.43690690e+01
264.295000,-1.05783917e+02,-7.43685860e+01
264.300000,-1.05783441e+02,-7.43681097e+01
264.305000,-1.05782973e+02,-7.43676415e+01
264.310000,-1.05782512e+02,-7.43671813e+01
264.315000,-1.05782053e+02,-7.43667221e+01
264.320000,-1.05781587e+02,-7.43662561e+01
264.325000,-1.05781116e+02,-7.43657849e+01
264.330000,-1.05780646e+02,-7.43653147e+01
264.335000,-1.05780177e+02,-7.43648464e+01
264.340000,-1.05779709e+02,-7.43643784e+01
264.345000,-1.05779241e+02,-7.43639105e+01
264.350000,-1.05778778e+02,-7.43634473e+01
264.355000,-1.05778324e+02,-7.43629935e+01
264.360000,-1.05777887e+02,-7.43625560e+01
264.365000,-1.05777459e+02,-7.43621279e+01
264.370000,-1.05777028e+02,-7.43616968e+01
264.375000,-1.05776595e+02,-7.43612633e+01
264.380000,-1.05776162e+02,-7.43608307e+01
264.385000,-1.05775734e+02,-7.43604021e+01
264.390000,-1.05775309e+02,-7.43599778e+01
264.395000,-1.05774889e+02,-7.43595575e+01
264.400000,-1.05774473e+02,-7.43591422e+01
264.405000,-1.05774069e+02,-7.43587377e+01
264.410000,-1.05773682e+02,-7.43583508e+01
264.415000,-1.05773317e+02,-7.43579858e+01
264.420000,-1.05772974e+02,-7.43576423e+01
264.425000,-1.05772648e+02,-7.43573166e+01
264.430000,-1.05772335e+02,-7.43570034e+01
264.435000,-1.05772031e+02,-7.43566993e+01
264.440000,-1.05771735e+02,-7.43564032e+01
264.445000,-1.05771446e+02,-7.43561149e+01
264.450000,-1.05771166e+02,-7.43558347e+01
264.455000,-1.05770888e+02,-7.43555565e+01
264.460000,-1.05770604e+02,-7.43552727e+01
264.465000,-1.05770310e+02,-7.43549789e+01
264.470000,-1.05770007e+02,-7.43546758e+01
264.475000,-1.05769698e+02,-7.43543667e+01
264.480000,-1.05769387e+02,-7.43540553e+01
264.485000,-1.05769074e+02,-7.43537430e+01
264.490000,-1.05768763e+02,-7.43534317e+01
264.495000,-1.05768456e+02,-7.43531249e+01
264.500000,-1.05768158e+02,-7.43528266e+01
264.505000,-1.05767871e+02,-7.43525402e+01
264.510000,-1.05767595e+02,-7.43522639e+01
264.515000,-1.05767325e+02,-7.43519939e+01
264.520000,-1.05767057e+02,-7.43517256e+01
264.525000,-1.05766787e+02,-7.43514562e+01
264.530000,-1.05766513e+02,-7.43511820e+01
264.535000,-1.05766232e+02,-7.43509005e+01
264.540000,-1.05765944e+02,-7.43506123e+01
264.545000,-1.05765651e+02,-7.43503197e+01
264.550000,-1.05765357e+02,-7.43500262e+01
264.555000,-1.05765066e+02,-7.43497355e+01
264.560000,-1.05764784e+02,-7.43494524e+01
264.565000,-1.05764508e+02,-7.43491767e+01
264.570000,-1.05764236e+02,-7.43489046e+01
264.575000,-1.05763962e+02,-7.43486309e+01
264.580000,-1.05763682e+02,-7.43483511e+01
264.585000,-1.05763395e+02,-7.43480639e+01
264.590000,-1.05763103e+02,-7.43477716e+01
264.595000,-1.05762809e+02,-7.43474784e+01
264.600000,-1.05762521e+02,-7.43471895e+01
264.605000,-1.05762239e+02,-7.43469078e+01
264.610000,-1.05761966e+02,-7.43466345e+01
264.615000,-1.05761701e+02,-7.43463702e+01
264.620000,-1.05761446e+02,-7.43461156e+01
264.625000,-1.05761204e+02,-7.43458729e+01
264.630000,-1.05760971e+02,-7.43456402e+01
264.635000,-1.05760744e+02,-7.43454122e+01
264.640000,-1.05760514e+02,-7.43451823e+01
264.645000,-1.05760281e+02,-7.43449495e+01
264.650000,-1.05760049e+02,-7.43447173e+01
264.655000,-1.05759822e+02,-7.43444907e+01
264.660000,-1.05759606e+02,-7.43442746e+01
264.665000,-1.05759403e+02,-7.43440718e+01
264.670000,-1.05759214e+02,-7.43438825e+01
264.675000,-1.05759032e+02,-7.43437011e+01
264.680000,-1.05758854e+02,-7.43435228e+01
264.685000,-1.05758678e+02,-7.43433467e+01
264.690000,-1.05758505e+02,-7.43431742e+01
264.695000,-1.05758339e+02,-7.43430075e+01
264.700000,-1.05758176e+02,-7.43428451e+01
264.705000,-1.05758013e+02,-7.43426819e+01
264.710000,-1.05757847e+02,-7.43425156e+01
264.715000,-1.05757680e+02,-7.43423484e+01
264.720000,-1.05757513e+02,-7.43421815e+01
264.725000,-1.05757346e+02,-7.43420151e+01
264.730000,-1.05757179e+02,-7.43418480e+01
264.735000,-1.05757011e+02,-7.43416803e+01
264.740000,-1.05756845e+02,-7.43415136e+01
264.745000,-1.05756682e+02,-7.43413505e+01
264.750000,-1.05756524e+02,-7.43411927e+01
264.755000,-1.05756371e+02,-7.43410402e+01
264.760000,-1.05756221e+02,-7.43408900e+01
264.765000,-1.05756072e+02,-7.43407413e+01
264.770000,-1.05755924e+02,-7.43405935e+01
264.775000,-1.05755780e+02,-7.43404485e+01
264.780000,-1.05755636e+02,-7.43403047e+01
264.785000,-1.05755488e+02,-7.43401572e+01
264.790000,-1.05755332e+02,-7.43400012e+01
264.795000,-1.05755167e+02,-7.43398363e+01
264.800000,-1.05754997e+02,-7.43396658e+01
264.805000,-1.05754825e+02,-7.43394939e+01
264.810000,-1.05754655e+02,-7.43393234e+01
264.815000,-1.05754486e+02,-7.43391551e+01
264.820000,-1.05754320e+02,-7.43389891e+01
264.825000,-1.05754150e+02,-7.43388190e+01
264.830000,-1.05753970e+02,-7.43386391e+01
264.835000,-1.05753780e+02,-7.43384486e+01
264.840000,-1.05753582e+02,-7.43382511e+01
264.845000,-1.05753385e+02,-7.43380535e+01
264.850000,-1.05753190e+02,-7.43378590e+01
264.855000,-1.05752998e+02,-7.43376669e+01
264.860000,-1.05752808e+02,-7.43374764e+01
264.865000,-1.05752622e+02,-7.43372910e+01
264.870000,-1.05752447e+02,-7.43371158e+01
264.875000,-1.05752285e+02,-7.43369540e+01
264.880000,-1.05752134e+02,-7.43368026e+01
264.885000,-1.05751984e+02,-7.43366527e+01
264.890000,-1.05751828e+02,-7.43364962e+01
264.895000,-1.05751664e+02,-7.43363324e+01
264.900000,-1.05751497e+02,-7.43361658e+01
264.905000,-1.05751333e+02,-7.43360017e+01
264.910000,-1.05751176e+02,-7.43358449e+01
264.915000,-1.05751029e+02,-7.43356979e+01
264.920000,-1.05750894e+02,-7.43355630e+01
264.925000,-1.05750773e+02,-7.43354420e+01
264.930000,-1.05750667e+02,-7.43353357e+01
264.935000,-1.05750577e+02,-7.43352456e+01
264.940000,-1.05750502e+02,-7.43351707e+01
264.945000,-1.05750438e+02,-7.43351071e+01
264.950000,-1.05750381e+02,-7.43350492e+01
264.955000,-1.05750324e+02,-7.43349929e+01
264.960000,-1.05750269e+02,-7.43349377e+01
264.965000,-1.05750216e+02,-7.43348845e+01
264.970000,-1.05750166e+02,-7.43348348e+01
264.975000,-1.05750120e+02,-7.43347883e+01
264.980000,-1.05750076e+02,-7.43347445e+01
264.985000,-1.05750034e+02,-7.43347024e+01
264.990000,-1.05749991e+02,-7.43346595e+01
264.995000,-1.05749946e+02,-7.43346147e+01
265.000000,-1.05749902e+02,-7.43345701e+01
265.005000,-1.05749858e+02,-7.43345271e+01
265.010000,-1.05749815e+02,-7.43344836e+01
265.015000,-1.05749768e+02,-7.43344368e+01
265.020000,-1.05749718e+02,-7.43343866e+01
265.025000,-1.05749667e+02,-7.43343352e+01
265.030000,-1.05749616e+02,-7.43342849e+01
265.035000,-1.05749571e+02,-7.43342393e+01
265.040000,-1.05749533e+02,-7.43342015e+01
265.045000,-1.05749503e+02,-7.43341719e+01
265.050000,-1.05749482e+02,-7.43341506e+01
265.055000,-1.05749469e+02,-7.43341374e+01
265.060000,-1.05749462e+02,-7.43341311e+01
265.065000,-1.05749457e+02,-7.43341260e+01
265.070000,-1.05749446e+02,-7.43341150e+01
265.075000,-1.05749422e+02,-7.43340904e+01
265.080000,-1.05749378e+02,-7.43340476e+01
265.085000,-1.05749321e+02,-7.43339897e+01
265.090000,-1.05749251e+02,-7.43339200e+01
265.095000,-1.05749172e+02,-7.43338405e+01
265.100000,-1.05749085e+02,-7.43337534e+01
265.105000,-1.05748991e+02,-7.43336595e+01
265.110000,-1.05748892e+02,-7.43335606e+01
265.115000,-1.05748790e+02,-7.43334597e+01
265.120000,-1.05748693e+02,-7.43333615e+01
265.125000,-1.05748599e+02,-7.43332680e+01
265.130000,-1.05748510e+02,-7.43331789e+01
265.135000,-1.05748425e+02,-7.43330938e+01
265.140000,-1.05748346e+02,-7.43330151e+01
265.145000,-1.05748277e+02,-7.43329459e+01
265.150000,-1.05748222e+02,-7.43328910e+01
265.155000,-1.05748183e+02,-7.43328511e+01
265.160000,-1.05748157e+02,-7.43328256e+01
265.165000,-1.05748144e+02,-7.43328126e+01
265.170000,-1.05748144e+02,-7.43328126e+01
265.175000,-1.05748159e+02,-7.43328278e+01
265.180000,-1.05748189e+02,-7.43328572e+01
265.185000,-1.05748230e+02,-7.43328981e+01
265.190000,-1.05748278e+02,-7.43329466e+01
265.195000,-1.05748331e+02,-7.43329990e+01
265.200000,-1.05748386e+02,-7.43330543e+01
265.205000,-1.05748444e+02,-7.43331129e+01
265.210000,-1.05748505e+02,-7.43331733e+01
265.215000,-1.05748554e+02,-7.43332222e+01
265.220000,-1.05748577e+02,-7.43332458e+01
265.225000,-1.05748570e+02,-7.43332382e+01
265.230000,-1.05748533e+02,-7.43332011e+01
265.235000,-1.05748471e+02,-7.43331400e+01
265.240000,-1.05748393e+02,-7.43330618e+01
265.245000,-1.05748304e+02,-7.43329728e+01
265.250000,-1.05748210e+02,-7.43328784e+01
265.255000,-1.05748110e+02,-7.43327788e+01
265.260000,-1.05748004e+02,-7.43326725e+01
265.265000,-1.05747892e+02,-7.43325605e+01
265.270000,-1.05747778e+02,-7.43324464e+01
265.275000,-1.05747666e+02,-7.43323349e+01
265.280000,-1.05747561e+02,-7.43322295e+01
265.285000,-1.05747464e+02,-7.43321325e+01
265.290000,-1.05747377e+02,-7.43320456e+01
265.295000,-1.05747302e+02,-7.43319708e+01
265.300000,-1.05747238e+02,-7.43319064e+01
265.305000,-1.05747180e+02,-7.43318496e+01
265.310000,-1.05747130e+02,-7.43317991e+01
265.315000,-1.05747085e+02,-7.43317538e+01
265.320000,-1.05747044e+02,-7.43317137e+01
265.325000,-1.05747012e+02,-7.43316807e+01
265.330000,-1.05746985e+02,-7.43316541e+01
265.335000,-1.05746962e+02,-7.43316307e+01
265.340000,-1.05746936e+02,-7.43316046e+01
265.345000,-1.05746904e+02,-7.43315727e+01
265.350000,-1.05746867e+02,-7.43315362e+01
265.355000,-1.05746828e+02,-7.43314974e+01
265.360000,-1.05746789e+02,-7.43314585e+01
265.365000,-1.05746755e+02,-7.43314235e+01
265.370000,-1.05746726e+02,-7.43313947e+01
265.375000,-1.05746704e+02,-7.43313732e+01
265.380000,-1.05746691e+02,-7.43313598e+01
265.385000,-1.05746687e+02,-7.43313562e+01
265.390000,-1.05746694e+02,-7.43313631e+01
265.395000,-1.05746713e+02,-7.43313812e+01
265.400000,-1.05746741e+02,-7.43314099e+01
265.405000,-1.05746781e+02,-7.43314500e+01
265.410000,-1.05746831e+02,-7.43314995e+01
265.415000,-1.05746886e+02,-7.43315549e+01
265.420000,-1.05746944e+02,-7.43316124e+01
265.425000,-1.05747003e+02,-7.43316720e+01
265.430000,-1.05747068e+02,-7.43317366e+01
265.435000,-1.05747138e+02,-7.43318068e+01
265.440000,-1.05747214e+02,-7.43318820e+01
265.445000,-1.05747295e+02,-7.43319633e+01
265.450000,-1.05747382e+02,-7.43320504e+01
265.455000,-1.05747468e+02,-7.43321368e+01
265.460000,-1.05747548e+02,-7.43322165e+01
265.465000,-1.05747619e+02,-7.43322878e+01
265.470000,-1.05747684e+02,-7.43323527e+01
265.475000,-1.05747745e+02,-7.43324135e+01
265.480000,-1.05747804e+02,-7.43324721e+01
265.485000,-1.05747862e+02,-7.43325306e+01
265.490000,-1.05747924e+02,-7.43325928e+01
265.495000,-1.05747993e+02,-7.43326619e+01
265.500000,-1.05748066e+02,-7.43327352e+01
265.505000,-1.05748140e+02,-7.43328083e+01
265.510000,-1.05748211e+02,-7.43328797e+01
265.515000,-1.05748282e+02,-7.43329506e+01
265.520000,-1.05748354e+02,-7.43330226e+01
265.525000,-1.05748423e+02,-7.43330924e+01
265.530000,-1.05748487e+02,-7.43331560e+01
265.535000,-1.05748543e+02,-7.43332123e+01
265.540000,-1.05748593e+02,-7.43332622e+01
265.545000,-1.05748639e+02,-7.43333082e+01
265.550000,-1.05748684e+02,-7.43333528e+01
265.555000,-1.05748729e+02,-7.43333975e+01
265.560000,-1.05748772e+02,-7.43334415e+01
265.565000,-1.05748813e+02,-7.43334815e+01
265.570000,-1.05748845e+02,-7.43335135e+01
265.575000,-1.05748866e+02,-7.43335346e+01
265.580000,-1.05748876e+02,-7.43335448e+01
265.585000,-1.05748879e+02,-7.43335480e+01
265.590000,-1.05748880e+02,-7.43335492e+01
265.595000,-1.05748884e+02,-7.43335531e+01
265.600000,-1.05748894e+02,-7.43335630e+01
265.605000,-1.05748911e+02,-7.43335801e+01
265.610000,-1.05748936e+02,-7.43336050e+01
265.615000,-1.05748966e+02,-7.43336348e+01
265.620000,-1.05748995e+02,-7.43336640e+01
265.625000,-1.05749019e+02,-7.43336880e+01
265.630000,-1.05749039e+02,-7.43337074e+01
265.635000,-1.05749054e+02,-7.43337225e+01
265.640000,-1.05749064e+02,-7.43337326e+01
265.645000,-1.05749068e+02,-7.43337366e+01
265.650000,-1.05749067e+02,-7.43337355e+01
265.655000,-1.05749063e+02,-7.43337313e+01
265.660000,-1.05749057e+02,-7.43337254e+01
265.665000,-1.05749051e+02,-7.43337199e+01
265.670000,-1.05749046e+02,-7.43337148e+01
265.675000,-1.05749038e+02,-7.43337068e+01
265.680000,-1.05749022e+02,-7.43336905e+01
265.685000,-1.05748993e+02,-7.43336619e+01
265.690000,-1.05748949e+02,-7.43336179e+01
265.695000,-1.05748891e+02,-7.43335600e+01
265.700000,-1.05748825e+02,-7.43334939e+01
265.705000,-1.05748757e+02,-7.43334259e+01
265.710000,-1.05748693e+02,-7.43333613e+01
265.715000,-1.05748635e+02,-7.43333032e+01
265.720000,-1.05748585e+02,-7.43332538e+01
265.725000,-1.05748545e+02,-7.43332133e+01
265.730000,-1.05748513e+02,-7.43331813e+01
265.735000,-1.05748488e+02,-7.43331564e+01
265.740000,-1.05748464e+02,-7.43331327e+01
265.745000,-1.05748431e+02,-7.43331004e+01
265.750000,-1.05748384e+02,-7.43330530e+01
265.755000,-1.05748322e+02,-7.43329913e+01
265.760000,-1.05748255e+02,-7.43329238e+01
265.765000,-1.05748191e+02,-7.43328604e+01
265.770000,-1.05748139e+02,-7.43328077e+01
265.775000,-1.05748099e+02,-7.43327680e+01
265.780000,-1.05748069e+02,-7.43327383e+01
265.785000,-1.05748045e+02,-7.43327143e+01
265.790000,-1.05748025e+02,-7.43326944e+01
265.795000,-1.05748008e+02,-7.43326774e+01
265.800000,-1.05747994e+02,-7.43326626e+01
265.805000,-1.05747975e+02,-7.43326445e+01
265.810000,-1.05747948e+02,-7.43326167e+01
265.815000,-1.05747906e+02,-7.43325751e+01
265.820000,-1.05747853e+02,-7.43325222e+01
265.825000,-1.05747794e+02,-7.43324629e+01
265.830000,-1.05747734e+02,-7.43324024e+01
265.835000,-1.05747676e+02,-7.43323447e+01
265.840000,-1.05747625e+02,-7.43322939e+01
265.845000,-1.05747586e+02,-7.43322550e+01
265.850000,-1.05747557e+02,-7.43322268e+01
265.855000,-1.05747539e+02,-7.43322076e+01
265.860000,-1.05747523e+02,-7.43321911e+01
265.865000,-1.05747503e+02,-7.43321714e+01
265.870000,-1.05747477e+02,-7.43321449e+01
265.875000,-1.05747445e+02,-7.43321138e+01
265.880000,-1.05747415e+02,-7.43320833e+01
265.885000,-1.05747389e+02,-7.43320571e+01
265.890000,-1.05747369e+02,-7.43320368e+01
265.895000,-1.05747354e+02,-7.43320220e+01
265.900000,-1.05747345e+02,-7.43320129e+01
265.905000,-1.05747342e+02,-7.43320103e+01
265.910000,-1.05747347e+02,-7.43320150e+01
265.915000,-1.05747356e+02,-7.43320244e+01
265.920000,-1.05747367e+02,-7.43320351e+01
265.925000,-1.05747373e+02,-7.43320410e+01
265.930000,-1.05747370e+02,-7.43320383e+01
265.935000,-1.05747358e+02,-7.43320267e+01
265.940000,-1.05747340e+02,-7.43320079e+01
265.945000,-1.05747315e+02,-7.43319833e+01
265.950000,-1.05747285e+02,-7.43319532e+01
265.955000,-1.05747244e+02,-7.43319124e+01
265.960000,-1.05747188e+02,-7.43318565e+01
265.965000,-1.05747117e+02,-7.43317851e+01
265.970000,-1.05747034e+02,-7.43317020e+01
265.975000,-1.05746941e+02,-7.43316101e+01
265.980000,-1.05746839e+02,-7.43315079e+01
265.985000,-1.05746722e+02,-7.43313913e+01
265.990000,-1.05746592e+02,-7.43312607e+01
265.995000,-1.05746452e+02,-7.43311209e+01
266.000000,-1.05746310e+02,-7.43309788e+01
266.005000,-1.05746173e+02,-7.43308416e+01
266.010000,-1.05746047e+02,-7.43307161e+01
266.015000,-1.05745938e+02,-7.43306070e+01
266.020000,-1.05745848e+02,-7.43305176e+01
266.025000,-1.05745781e+02,-7.43304501e+01
266.030000,-1.05745734e+02,-7.43304041e+01
266.035000,-1.05745708e+02,-7.43303779e+01
266.040000,-1.05745698e+02,-7.43303670e+01
266.045000,-1.05745694e+02,-7.43303634e+01
266.050000,-1.05745690e+02,-7.43303589e+01
266.055000,-1.05745680e+02,-7.43303486e+01
266.060000,-1.05745664e+02,-7.43303329e+01
266.065000,-1.05745646e+02,-7.43303152e+01
266.070000,-1.05745631e+02,-7.43302997e+01
266.075000,-1.05745622e+02,-7.43302913e+01
266.080000,-1.05745624e+02,-7.43302924e+01
266.085000,-1.05745634e+02,-7.43303031e+01
266.090000,-1.05745652e+02,-7.43303218e+01
266.095000,-1.05745681e+02,-7.43303496e+01
266.100000,-1.05745715e+02,-7.43303835e+01
266.105000,-1.05745749e+02,-7.43304173e+01
266.110000,-1.05745778e+02,-7.43304468e+01
266.115000,-1.05745805e+02,-7.43304735e+01
266.120000,-1.05745832e+02,-7.43305008e+01
266.125000,-1.05745862e+02,-7.43305303e+01
266.130000,-1.05745891e+02,-7.43305591e+01
266.135000,-1.05745916e+02,-7.43305845e+01
266.140000,-1.05745938e+02,-7.43306069e+01
266.145000,-1.05745958e+02,-7.43306266e+01
266.150000,-1.05745975e+02,-7.43306435e+01
266.155000,-1.05745985e+02,-7.43306541e+01
266.160000,-1.05745987e+02,-7.43306558e+01
266.165000,-1.05745980e+02,-7.43306490e+01
266.170000,-1.05745964e+02,-7.43306336e+01
266.175000,-1.05745941e+02,-7.43306102e+01
266.180000,-1.05745908e+02,-7.43305772e+01
266.185000,-1.05745861e+02,-7.43305295e+01
266.190000,-1.05745790e+02,-7.43304593e+01
266.195000,-1.05745696e+02,-7.43303645e+01
266.200000,-1.05745578e+02,-7.43302476e+01
266.205000,-1.05745446e+02,-7.43301147e+01
266.210000,-1.05745304e+02,-7.43299734e+01
266.215000,-1.05745164e+02,-7.43298331e+01
266.220000,-1.05745029e+02,-7.43296976e+01
266.225000,-1.05744897e+02,-7.43295668e+01
266.230000,-1.05744776e+02,-7.43294449e+01
266.235000,-1.05744666e+02,-7.43293350e+01
266.240000,-1.05744568e+02,-7.43292372e+01
266.245000,-1.05744480e+02,-7.43291492e+01
266.250000,-1.05744401e+02,-7.43290701e+01
266.255000,-1.05744331e+02,-7.43290001e+01
266.260000,-1.05744272e+02,-7.43289404e+01
266.265000,-1.05744218e+02,-7.43288868e+01
266.270000,-1.05744164e+02,-7.43288330e+01
266.275000,-1.05744105e+02,-7.43287738e+01
266.280000,-1.05744040e+02,-7.43287089e+01
266.285000,-1.05743972e+02,-7.43286405e+01
266.290000,-1.05743903e+02,-7.43285718e+01
266.295000,-1.05743837e+02,-7.43285059e+01
266.300000,-1.05743777e+02,-7.43284456e+01
266.305000,-1.05743723e+02,-7.43283919e+01
266.310000,-1.05743677e+02,-7.43283457e+01
266.315000,-1.05743638e+02,-7.43283071e+01
266.320000,-1.05743608e+02,-7.43282764e+01
266.325000,-1.05743582e+02,-7.43282518e+01
266.330000,-1.05743566e+02,-7.43282351e+01
266.335000,-1.05743556e+02,-7.43282243e+01
266.340000,-1.05743547e+02,-7.43282151e+01
266.345000,-1.05743535e+02,-7.43282038e+01
266.350000,-1.05743523e+02,-7.43281918e+01
266.355000,-1.05743514e+02,-7.43281828e+01
266.360000,-1.05743513e+02,-7.43281811e+01
266.365000,-1.05743523e+02,-7.43281909e+01
266.370000,-1.05743547e+02,-7.43282156e+01
266.375000,-1.05743585e+02,-7.43282532e+01
266.380000,-1.05743626e+02,-7.43282946e+01
266.385000,-1.05743665e+02,-7.43283334e+01
266.390000,-1.05743701e+02,-7.43283694e+01
266.395000,-1.05743737e+02,-7.43284056e+01
266.400000,-1.05743777e+02,-7.43284460e+01
266.405000,-1.05743825e+02,-7.43284940e+01
266.410000,-1.05743882e+02,-7.43285512e+01
266.415000,-1.05743950e+02,-7.43286190e+01
266.420000,-1.05744029e+02,-7.43286981e+01
266.425000,-1.05744120e+02,-7.43287892e+01
266.430000,-1.05744224e+02,-7.43288934e+01
266.435000,-1.05744344e+02,-7.43290127e+01
266.440000,-1.05744480e+02,-7.43291486e+01
266.445000,-1.05744632e+02,-7.43293013e+01
266.450000,-1.05744800e+02,-7.43294692e+01
266.455000,-1.05744976e+02,-7.43296452e+01
266.460000,-1.05745154e+02,-7.43298230e+01
266.465000,-1.05745331e+02,-7.43300000e+01
266.470000,-1.05745508e+02,-7.43301772e+01
266.475000,-1.05745687e+02,-7.43303567e+01
266.480000,-1.05745872e+02,-7.43305421e+01
266.485000,-1.05746070e+02,-7.43307390e+01
266.490000,-1.05746279e+02,-7.43309478e+01
266.495000,-1.05746493e+02,-7.43311619e+01
266.500000,-1.05746705e+02,-7.43313740e+01
266.505000,-1.05746912e+02,-7.43315806e+01
266.510000,-1.05747113e+02,-7.43317817e+01
266.515000,-1.05747309e+02,-7.43319782e+01
266.520000,-1.05747503e+02,-7.43321718e+01
266.525000,-1.05747695e+02,-7.43323636e+01
266.530000,-1.05747885e+02,-7.43325543e+01
266.535000,-1.05748075e+02,-7.43327437e+01
266.540000,-1.05748262e+02,-7.43329305e+01
266.545000,-1.05748444e+02,-7.43331129e+01
266.550000,-1.05748621e+02,-7.43332898e+01
266.555000,-1.05748793e+02,-7.43334616e+01
266.560000,-1.05748960e+02,-7.43336293e+01
266.565000,-1.05749128e+02,-7.43337964e+01
266.570000,-1.05749293e+02,-7.43339619e+01
266.575000,-1.05749454e+02,-7.43341223e+01
266.580000,-1.05749606e+02,-7.43342744e+01
266.585000,-1.05749751e+02,-7.43344189e+01
266.590000,-1.05749890e+02,-7.43345589e+01
266.595000,-1.05750024e+02,-7.43346931e+01
266.600000,-1.05750146e+02,-7.43348149e+01
266.605000,-1.05750251e+02,-7.43349197e+01
266.610000,-1.05750340e+02,-7.43350089e+01
266.615000,-1.05750419e+02,-7.43350883e+01
266.620000,-1.05750496e+02,-7.43351646e+01
266.625000,-1.05750575e+02,-7.43352436e+01
266.630000,-1.05750661e+02,-7.43353301e+01
266.635000,-1.05750758e+02,-7.43354267e+01
266.640000,-1.05750865e+02,-7.43355342e+01
266.645000,-1.05750986e+02,-7.43356553e+01
266.650000,-1.05751124e+02,-7.43357931e+01
266.655000,-1.05751281e+02,-7.43359499e+01
266.660000,-1.05751458e+02,-7.43361265e+01
266.665000,-1.05751652e+02,-7.43363204e+01
266.670000,-1.05751860e+02,-7.43365284e+01
266.675000,-1.05752078e+02,-7.43367473e+01
266.680000,-1.05752304e+02,-7.43369732e+01
266.685000,-1.05752529e+02,-7.43371981e+01
266.690000,-1.05752745e+02,-7.43374143e+01
266.695000,-1.05752950e+02,-7.43376186e+01
266.700000,-1.05753138e+02,-7.43378071e+01
266.705000,-1.05753306e+02,-7.43379744e+01
266.710000,-1.05753449e+02,-7.43381173e+01
266.715000,-1.05753568e+02,-7.43382365e+01
266.720000,-1.05753667e+02,-7.43383361e+01
266.725000,-1.05753752e+02,-7.43384212e+01
266.730000,-1.05753830e+02,-7.43384984e+01
266.735000,-1.05753906e+02,-7.43385743e+01
266.740000,-1.05753986e+02,-7.43386549e+01
266.745000,-1.05754076e+02,-7.43387444e+01
266.750000,-1.05754177e+02,-7.43388457e+01
266.755000,-1.05754292e+02,-7.43389607e+01
266.760000,-1.05754422e+02,-7.43390909e+01
266.765000,-1.05754569e+02,-7.43392374e+01
266.770000,-1.05754732e+02,-7.43394011e+01
266.775000,-1.05754913e+02,-7.43395820e+01
266.780000,-1.05755110e+02,-7.43397782e+01
266.785000,-1.05755318e+02,-7.43399866e+01
266.790000,-1.05755534e+02,-7.43402032e+01
266.795000,-1.05755748e+02,-7.43404170e+01
266.800000,-1.05755939e+02,-7.43406077e+01
266.805000,-1.05756089e+02,-7.43407574e+01
266.810000,-1.05756192e+02,-7.43408604e+01
266.815000,-1.05756251e+02,-7.43409193e+01
266.820000,-1.05756273e+02,-7.43409416e+01
266.825000,-1.05756267e+02,-7.43409358e+01
266.830000,-1.05756242e+02,-7.43409103e+01
266.835000,-1.05756203e+02,-7.43408719e+01
266.840000,-1.05756158e+02,-7.43408263e+01
266.845000,-1.05756109e+02,-7.43407772e+01
266.850000,-1.05756058e+02,-7.43407266e+01
266.855000,-1.05756007e+02,-7.43406753e+01
266.860000,-1.05755955e+02,-7.43406235e+01
266.865000,-1.05755902e+02,-7.43405711e+01
266.870000,-1.05755849e+02,-7.43405182e+01
266.875000,-1.05755795e+02,-7.43404650e+01
266.880000,-1.05755746e+02,-7.43404147e+01
266.885000,-1.05755698e+02,-7.43403666e+01
266.890000,-1.05755653e+02,-7.43403211e+01
266.895000,-1.05755610e+02,-7.43402782e+01
266.900000,-1.05755573e+02,-7.43402413e+01
266.905000,-1.05755545e+02,-7.43402137e+01
266.910000,-1.05755523e+02,-7.43401917e+01
266.915000,-1.05755504e+02,-7.43401728e+01
266.920000,-1.05755491e+02,-7.43401591e+01
266.925000,-1.05755486e+02,-7.43401545e+01
266.930000,-1.05755494e+02,-7.43401621e+01
266.935000,-1.05755514e+02,-7.43401825e+01
266.940000,-1.05755547e+02,-7.43402155e+01
266.945000,-1.05755591e+02,-7.43402597e+01
266.950000,-1.05755643e+02,-7.43403114e+01
266.955000,-1.05755686e+02,-7.43403545e+01
266.960000,-1.05755702e+02,-7.43403710e+01
266.965000,-1.05755684e+02,-7.43403525e+01
266.970000,-1.05755630e+02,-7.43402987e+01
266.975000,-1.05755547e+02,-7.43402153e+01
266.980000,-1.05755442e+02,-7.43401102e+01
266.985000,-1.05755323e+02,-7.43399918e+01
266.990000,-1.05755199e+02,-7.43398674e+01
266.995000,-1.05755074e+02,-7.43397431e+01
267.000000,-1.05754955e+02,-7.43396233e+01
267.005000,-1.05754842e+02,-7.43395110e+01
267.010000,-1.05754742e+02,-7.43394106e+01
267.015000,-1.05754652e+02,-7.43393201e+01
267.020000,-1.05754565e+02,-7.43392339e+01
267.025000,-1.05754477e+02,-7.43391454e+01
267.030000,-1.05754384e+02,-7.43390526e+01
267.035000,-1.05754289e+02,-7.43389574e+01
267.040000,-1.05754194e+02,-7.43388628e+01
267.045000,-1.05754105e+02,-7.43387732e+01
267.050000,-1.05754024e+02,-7.43386926e+01
267.055000,-1.05753957e+02,-7.43386251e+01
267.060000,-1.05753906e+02,-7.43385743e+01
267.065000,-1.05753874e+02,-7.43385427e+01
267.070000,-1.05753863e+02,-7.43385313e+01
267.075000,-1.05753872e+02,-7.43385400e+01
267.080000,-1.05753898e+02,-7.43385667e+01
267.085000,-1.05753939e+02,-7.43386076e+01
267.090000,-1.05753992e+02,-7.43386598e+01
267.095000,-1.05754052e+02,-7.43387202e+01
267.100000,-1.05754119e+02,-7.43387871e+01
267.105000,-1.05754192e+02,-7.43388597e+01
267.110000,-1.05754269e+02,-7.43389367e+01
267.115000,-1.05754348e+02,-7.43390170e+01
267.120000,-1.05754426e+02,-7.43390950e+01
267.125000,-1.05754493e+02,-7.43391614e+01
267.130000,-1.05754542e+02,-7.43392104e+01
267.135000,-1.05754573e+02,-7.43392423e+01
267.140000,-1.05754592e+02,-7.43392611e+01
267.145000,-1.05754603e+02,-7.43392717e+01
267.150000,-1.05754609e+02,-7.43392776e+01
267.155000,-1.05754614e+02,-7.43392825e+01
267.160000,-1.05754621e+02,-7.43392897e+01
267.165000,-1.05754633e+02,-7.43393015e+01
267.170000,-1.05754651e+02,-7.43393201e+01
267.175000,-1.05754679e+02,-7.43393475e+01
267.180000,-1.05754717e+02,-7.43393858e+01
267.185000,-1.05754767e+02,-7.43394360e+01
267.190000,-1.05754829e+02,-7.43394978e+01
267.195000,-1.05754901e+02,-7.43395705e+01
267.200000,-1.05754983e+02,-7.43396518e+01
267.205000,-1.05755071e+02,-7.43397402e+01
267.210000,-1.05755165e+02,-7.43398344e+01
267.215000,-1.05755268e+02,-7.43399366e+01
267.220000,-1.05755374e+02,-7.43400427e+01
267.225000,-1.05755475e+02,-7.43401438e+01
267.230000,-1.05755562e+02,-7.43402306e+01
267.235000,-1.05755632e+02,-7.43403007e+01
267.240000,-1.05755687e+02,-7.43403560e+01
267.245000,-1.05755731e+02,-7.43403995e+01
267.250000,-1.05755765e+02,-7.43404337e+01
267.255000,-1.05755792e+02,-7.43404606e+01
267.260000,-1.05755813e+02,-7.43404813e+01
267.265000,-1.05755828e+02,-7.43404966e+01
267.270000,-1.05755837e+02,-7.43405059e+01
267.275000,-1.05755841e+02,-7.43405098e+01
267.280000,-1.05755840e+02,-7.43405087e+01
267.285000,-1.05755835e+02,-7.43405040e+01
267.290000,-1.05755829e+02,-7.43404975e+01
267.295000,-1.05755823e+02,-7.43404917e+01
267.300000,-1.05755820e+02,-7.43404891e+01
267.305000,-1.05755819e+02,-7.43404873e+01
267.310000,-1.05755808e+02,-7.43404768e+01
267.315000,-1.05755783e+02,-7.43404517e+01
267.320000,-1.05755743e+02,-7.43404118e+01
267.325000,-1.05755692e+02,-7.43403608e+01
267.330000,-1.05755634e+02,-7.43403024e+01
267.335000,-1.05755571e+02,-7.43402402e+01
267.340000,-1.05755509e+02,-7.43401775e+01
267.345000,-1.05755448e+02,-7.43401173e+01
267.350000,-1.05755393e+02,-7.43400617e+01
267.355000,-1.05755344e+02,-7.43400129e+01
267.360000,-1.05755301e+02,-7.43399706e+01
267.365000,-1.05755266e+02,-7.43399354e+01
267.370000,-1.05755239e+02,-7.43399080e+01
267.375000,-1.05755212e+02,-7.43398805e+01
267.380000,-1.05755167e+02,-7.43398359e+01
267.385000,-1.05755090e+02,-7.43397584e+01
267.390000,-1.05754974e+02,-7.43396422e+01
267.395000,-1.05754822e+02,-7.43394907e+01
267.400000,-1.05754643e+02,-7.43393114e+01
267.405000,-1.05754445e+02,-7.43391132e+01
267.410000,-1.05754236e+02,-7.43389047e+01
267.415000,-1.05754025e+02,-7.43386934e+01
267.420000,-1.05753818e+02,-7.43384865e+01
267.425000,-1.05753621e+02,-7.43382897e+01
267.430000,-1.05753439e+02,-7.43381073e+01
267.435000,-1.05753274e+02,-7.43379426e+01
267.440000,-1.05753128e+02,-7.43377967e+01
267.445000,-1.05753001e+02,-7.43376695e+01
267.450000,-1.05752892e+02,-7.43375607e+01
267.455000,-1.05752800e+02,-7.43374691e+01
267.460000,-1.05752724e+02,-7.43373926e+01
267.465000,-1.05752660e+02,-7.43373285e+01
267.470000,-1.05752605e+02,-7.43372738e+01
267.475000,-1.05752559e+02,-7.43372273e+01
267.480000,-1.05752518e+02,-7.43371869e+01
267.485000,-1.05752482e+02,-7.43371505e+01
267.490000,-1.05752447e+02,-7.43371153e+01
267.495000,-1.05752410e+02,-7.43370789e+01
267.500000,-1.05752372e+02,-7.43370407e+01
267.505000,-1.05752332e+02,-7.43370008e+01
267.510000,-1.05752292e+02,-7.43369608e+01
267.515000,-1.05752254e+02,-7.43369222e+01
267.520000,-1.05752217e+02,-7.43368856e+01
267.525000,-1.05752183e+02,-7.43368514e+01
267.530000,-1.05752152e+02,-7.43368208e+01
267.535000,-1.05752126e+02,-7.43367951e+01
267.540000,-1.05752107e+02,-7.43367758e+01
267.545000,-1.05752096e+02,-7.43367646e+01
267.550000,-1.05752094e+02,-7.43367625e+01
267.555000,-1.05752102e+02,-7.43367707e+01
267.560000,-1.05752121e+02,-7.43367893e+01
267.565000,-1.05752150e+02,-7.43368186e+01
267.570000,-1.05752190e+02,-7.43368581e+01
267.575000,-1.05752238e+02,-7.43369061e+01
267.580000,-1.05752293e+02,-7.43369617e+01
267.585000,-1.05752355e+02,-7.43370240e+01
267.590000,-1.05752425e+02,-7.43370931e+01
267.595000,-1.05752500e+02,-7.43371686e+01
267.600000,-1.05752580e+02,-7.43372487e+01
267.605000,-1.05752663e+02,-7.43373316e+01
267.610000,-1.05752747e+02,-7.43374159e+01
267.615000,-1.05752832e+02,-7.43375004e+01
267.620000,-1.05752915e+02,-7.43375841e+01
267.625000,-1.05752997e+02,-7.43376652e+01
267.630000,-1.05753074e+02,-7.43377430e+01
267.635000,-1.05753148e+02,-7.43378166e+01
267.640000,-1.05753217e+02,-7.43378858e+01
267.645000,-1.05753281e+02,-7.43379497e+01
267.650000,-1.05753340e+02,-7.43380086e+01
267.655000,-1.05753395e+02,-7.43380635e+01
267.660000,-1.05753448e+02,-7.43381164e+01
267.665000,-1.05753501e+02,-7.43381696e+01
267.670000,-1.05753556e+02,-7.43382242e+01
267.675000,-1.05753612e+02,-7.43382809e+01
267.680000,-1.05753672e+02,-7.43383408e+01
267.685000,-1.05753737e+02,-7.43384061e+01
267.690000,-1.05753811e+02,-7.43384793e+01
267.695000,-1.05753894e+02,-7.43385624e+01
267.700000,-1.05753989e+02,-7.43386576e+01
267.705000,-1.05754096e+02,-7.43387650e+01
267.710000,-1.05754215e+02,-7.43388840e+01
267.715000,-1.05754345e+02,-7.43390137e+01
267.720000,-1.05754485e+02,-7.43391537e+01
267.725000,-1.05754634e+02,-7.43393029e+01
267.730000,-1.05754790e+02,-7.43394588e+01
267.735000,-1.05754950e+02,-7.43396188e+01
267.740000,-1.05755112e+02,-7.43397804e+01
267.745000,-1.05755272e+02,-7.43399410e+01
267.750000,-1.05755429e+02,-7.43400980e+01
267.755000,-1.05755580e+02,-7.43402485e+01
267.760000,-1.05755722e+02,-7.43403905e+01
267.765000,-1.05755855e+02,-7.43405232e+01
267.770000,-1.05755979e+02,-7.43406478e+01
267.775000,-1.05756097e+02,-7.43407660e+01
267.780000,-1.05756211e+02,-7.43408793e+01
267.785000,-1.05756320e+02,-7.43409887e+01
267.790000,-1.05756427e+02,-7.43410957e+01
267.795000,-1.05756534e+02,-7.43412022e+01
267.800000,-1.05756641e+02,-7.43413099e+01
267.805000,-1.05756752e+02,-7.43414209e+01
267.810000,-1.05756867e+02,-7.43415360e+01
267.815000,-1.05756986e+02,-7.43416550e+01
267.820000,-1.05757109e+02,-7.43417774e+01
267.825000,-1.05757235e+02,-7.43419036e+01
267.830000,-1.05757365e+02,-7.43420334e+01
267.835000,-1.05757498e+02,-7.43421669e+01
267.840000,-1.05757636e+02,-7.43423042e+01
267.845000,-1.05757775e+02,-7.43424440e+01
267.850000,-1.05757917e+02,-7.43425851e+01
267.855000,-1.05758058e+02,-7.43427263e+01
267.860000,-1.05758200e+02,-7.43428683e+01
267.865000,-1.05758343e+02,-7.43430115e+01
267.870000,-1.05758488e+02,-7.43431566e+01
267.875000,-1.05758636e+02,-7.43433051e+01
267.880000,-1.05758787e+02,-7.43434557e+01
267.885000,-1.05758937e+02,-7.43436057e+01
267.890000,-1.05759083e+02,-7.43437517e+01
267.895000,-1.05759224e+02,-7.43438923e+01
267.900000,-1.05759359e+02,-7.43440272e+01
267.905000,-1.05759488e+02,-7.43441571e+01
267.910000,-1.05759615e+02,-7.43442840e+01
267.915000,-1.05759740e+02,-7.43444084e+01
267.920000,-1.05759861e+02,-7.43445292e+01
267.925000,-1.05759977e+02,-7.43446453e+01
267.930000,-1.05760088e+02,-7.43447568e+01
267.935000,-1.05760196e+02,-7.43448647e+01
267.940000,-1.05760300e+02,-7.43449686e+01
267.945000,-1.05760400e+02,-7.43450683e+01
267.950000,-1.05760494e+02,-7.43451626e+01
267.955000,-1.05760582e+02,-7.43452508e+01
267.960000,-1.05760664e+02,-7.43453327e+01
267.965000,-1.05760741e+02,-7.43454096e+01
267.970000,-1.05760815e+02,-7.43454836e+01
267.975000,-1.05760887e+02,-7.43455561e+01
267.980000,-1.05760961e+02,-7.43456298e+01
267.985000,-1.05761037e+02,-7.43457058e+01
267.990000,-1.05761117e+02,-7.43457858e+01
267.995000,-1.05761202e+02,-7.43458709e+01
268.000000,-1.05761294e+02,-7.43459621e+01
268.005000,-1.05761390e+02,-7.43460585e+01
268.010000,-1.05761490e+02,-7.43461583e+01
268.015000,-1.05761590e+02,-7.43462590e+01
268.020000,-1.05761689e+02,-7.43463576e+01
268.025000,-1.05761783e+02,-7.43464516e+01
268.030000,-1.05761871e+02,-7.43465391e+01
268.035000,-1.05761951e+02,-7.43466195e+01
268.040000,-1.05762025e+02,-7.43466938e+01
268.045000,-1.05762095e+02,-7.43467632e+01
268.050000,-1.05762162e+02,-7.43468309e+01
268.055000,-1.05762230e+02,-7.43468981e+01
268.060000,-1.05762296e+02,-7.43469646e+01
268.065000,-1.05762361e+02,-7.43470291e+01
268.070000,-1.05762423e+02,-7.43470912e+01
268.075000,-1.05762483e+02,-7.43471511e+01
268.080000,-1.05762540e+02,-7.43472087e+01
268.085000,-1.05762596e+02,-7.43472645e+01
268.090000,-1.05762649e+02,-7.43473177e+01
268.095000,-1.05762699e+02,-7.43473678e+01
268.100000,-1.05762747e+02,-7.43474155e+01
268.105000,-1.05762794e+02,-7.43474628e+01
268.110000,-1.05762843e+02,-7.43475117e+01
268.115000,-1.05762895e+02,-7.43475637e+01
268.120000,-1.05762953e+02,-7.43476213e+01
268.125000,-1.05763015e+02,-7.43476836e+01
268.130000,-1.05763080e+02,-7.43477489e+01
268.135000,-1.05763146e+02,-7.43478150e+01
268.140000,-1.05763213e+02,-7.43478812e+01
268.145000,-1.05763279e+02,-7.43479475e+01
268.150000,-1.05763345e+02,-7.43480138e+01
268.155000,-1.05763412e+02,-7.43480810e+01
268.160000,-1.05763480e+02,-7.43481487e+01
268.165000,-1.05763548e+02,-7.43482168e+01
268.170000,-1.05763617e+02,-7.43482853e+01
268.175000,-1.05763687e+02,-7.43483560e+01
268.180000,-1.05763762e+02,-7.43484304e+01
268.185000,-1.05763840e+02,-7.43485084e+01
268.190000,-1.05763920e+02,-7.43485885e+01
268.195000,-1.05763999e+02,-7.43486673e+01
268.200000,-1.05764073e+02,-7.43487420e+01
268.205000,-1.05764143e+02,-7.43488113e+01
268.210000,-1.05764208e+02,-7.43488767e+01
268.215000,-1.05764272e+02,-7.43489403e+01
268.220000,-1.05764335e+02,-7.43490036e+01
268.225000,-1.05764401e+02,-7.43490693e+01
268.230000,-1.05764471e+02,-7.43491396e+01
268.235000,-1.05764548e+02,-7.43492161e+01
268.240000,-1.05764631e+02,-7.43492992e+01
268.245000,-1.05764721e+02,-7.43493892e+01
268.250000,-1.05764817e+02,-7.43494855e+01
268.255000,-1.05764919e+02,-7.43495872e+01
268.260000,-1.05765026e+02,-7.43496944e+01
268.265000,-1.05765137e+02,-7.43498059e+01
268.270000,-1.05765250e+02,-7.43499185e+01
268.275000,-1.05765361e+02,-7.43500294e+01
268.280000,-1.05765468e+02,-7.43501369e+01
268.285000,-1.05765571e+02,-7.43502393e+01
268.290000,-1.05765667e+02,-7.43503357e+01
268.295000,-1.05765758e+02,-7.43504266e+01
268.300000,-1.05765845e+02,-7.43505132e+01
268.305000,-1.05765928e+02,-7.43505963e+01
268.310000,-1.05766008e+02,-7.43506763e+01
268.315000,-1.05766087e+02,-7.43507554e+01
268.320000,-1.05766167e+02,-7.43508360e+01
268.325000,-1.05766252e+02,-7.43509207e+01
268.330000,-1.05766342e+02,-7.43510110e+01
268.335000,-1.05766438e+02,-7.43511066e+01
268.340000,-1.05766538e+02,-7.43512066e+01
268.345000,-1.05766643e+02,-7.43513114e+01
268.350000,-1.05766752e+02,-7.43514210e+01
268.355000,-1.05766866e+02,-7.43515347e+01
268.360000,-1.05766982e+02,-7.43516506e+01
268.365000,-1.05767099e+02,-7.43517673e+01
268.370000,-1.05767214e+02,-7.43518824e+01
268.375000,-1.05767326e+02,-7.43519942e+01
268.380000,-1.05767434e+02,-7.43521021e+01
268.385000,-1.05767540e+02,-7.43522081e+01
268.390000,-1.05767646e+02,-7.43523148e+01
268.395000,-1.05767756e+02,-7.43524246e+01
268.400000,-1.05767871e+02,-7.43525398e+01
268.405000,-1.05767991e+02,-7.43526598e+01
268.410000,-1.05768114e+02,-7.43527829e+01
268.415000,-1.05768239e+02,-7.43529072e+01
268.420000,-1.05768363e+02,-7.43530311e+01
268.425000,-1.05768485e+02,-7.43531537e+01
268.430000,-1.05768605e+02,-7.43532740e+01
268.435000,-1.05768724e+02,-7.43533920e+01
268.440000,-1.05768837e+02,-7.43535053e+01
268.445000,-1.05768943e+02,-7.43536111e+01
268.450000,-1.05769039e+02,-7.43537072e+01
268.455000,-1.05769125e+02,-7.43537932e+01
268.460000,-1.05769201e+02,-7.43538697e+01
268.465000,-1.05769268e+02,-7.43539368e+01
268.470000,-1.05769326e+02,-7.43539949e+01
268.475000,-1.05769375e+02,-7.43540430e+01
268.480000,-1.05769413e+02,-7.43540811e+01
268.485000,-1.05769442e+02,-7.43541101e+01
268.490000,-1.05769465e+02,-7.43541330e+01
268.495000,-1.05769484e+02,-7.43541524e+01
268.500000,-1.05769501e+02,-7.43541700e+01
268.505000,-1.05769519e+02,-7.43541875e+01
268.510000,-1.05769536e+02,-7.43542047e+01
268.515000,-1.05769552e+02,-7.43542202e+01
268.520000,-1.05769564e+02,-7.43542326e+01
268.525000,-1.05769573e+02,-7.43542413e+01
268.530000,-1.05769578e+02,-7.43542462e+01
268.535000,-1.05769578e+02,-7.43542470e+01
268.540000,-1.05769577e+02,-7.43542452e+01
268.545000,-1.05769574e+02,-7.43542420e+01
268.550000,-1.05769568e+02,-7.43542367e+01
268.555000,-1.05769559e+02,-7.43542274e+01
268.560000,-1.05769545e+02,-7.43542136e+01
268.565000,-1.05769528e+02,-7.43541962e+01
268.570000,-1.05769508e+02,-7.43541765e+01
268.575000,-1.05769489e+02,-7.43541573e+01
268.580000,-1.05769472e+02,-7.43541407e+01
268.585000,-1.05769459e+02,-7.43541274e+01
268.590000,-1.05769450e+02,-7.43541182e+01
268.595000,-1.05769445e+02,-7.43541138e+01
268.600000,-1.05769446e+02,-7.43541150e+01
268.605000,-1.05769453e+02,-7.43541211e+01
268.610000,-1.05769463e+02,-7.43541313e+01
268.615000,-1.05769475e+02,-7.43541437e+01
268.620000,-1.05769489e+02,-7.43541572e+01
268.625000,-1.05769503e+02,-7.43541718e+01
268.630000,-1.05769521e+02,-7.43541893e+01
268.635000,-1.05769544e+02,-7.43542121e+01
268.640000,-1.05769574e+02,-7.43542427e+01
268.645000,-1.05769615e+02,-7.43542836e+01
268.650000,-1.05769667e+02,-7.43543352e+01
268.655000,-1.05769728e+02,-7.43543969e+01
268.660000,-1.05769798e+02,-7.43544666e+01
268.665000,-1.05769874e+02,-7.43545429e+01
268.670000,-1.05769955e+02,-7.43546239e+01
268.675000,-1.05770040e+02,-7.43547087e+01
268.680000,-1.05770128e+02,-7.43547961e+01
268.685000,-1.05770216e+02,-7.43548845e+01
268.690000,-1.05770302e+02,-7.43549700e+01
268.695000,-1.05770380e+02,-7.43550489e+01
268.700000,-1.05770451e+02,-7.43551192e+01
268.705000,-1.05770512e+02,-7.43551803e+01
268.710000,-1.05770564e+02,-7.43552329e+01
268.715000,-1.05770612e+02,-7.43552805e+01
268.720000,-1.05770658e+02,-7.43553266e+01
268.725000,-1.05770706e+02,-7.43553744e+01
268.730000,-1.05770758e+02,-7.43554269e+01
268.735000,-1.05770819e+02,-7.43554875e+01
268.740000,-1.05770890e+02,-7.43555584e+01
268.745000,-1.05770972e+02,-7.43556401e+01
268.750000,-1.05771064e+02,-7.43557325e+01
268.755000,-1.05771166e+02,-7.43558344e+01
268.760000,-1.05771275e+02,-7.43559439e+01
268.765000,-1.05771391e+02,-7.43560591e+01
268.770000,-1.05771510e+02,-7.43561788e+01
268.775000,-1.05771634e+02,-7.43563021e+01
268.780000,-1.05771759e+02,-7.43564276e+01
268.785000,-1.05771887e+02,-7.43565552e+01
268.790000,-1.05772015e+02,-7.43566834e+01
268.795000,-1.05772142e+02,-7.43568108e+01
268.800000,-1.05772268e+02,-7.43569365e+01
268.805000,-1.05772392e+02,-7.43570609e+01
268.810000,-1.05772516e+02,-7.43571847e+01
268.815000,-1.05772640e+02,-7.43573089e+01
268.820000,-1.05772766e+02,-7.43574343e+01
268.825000,-1.05772890e+02,-7.43575587e+01
268.830000,-1.05773010e+02,-7.43576786e+01
268.835000,-1.05773123e+02,-7.43577916e+01
268.840000,-1.05773229e+02,-7.43578975e+01
268.845000,-1.05773329e+02,-7.43579977e+01
268.850000,-1.05773426e+02,-7.43580944e+01
268.855000,-1.05773522e+02,-7.43581903e+01
268.860000,-1.05773618e+02,-7.43582866e+01
268.865000,-1.05773715e+02,-7.43583834e+01
268.870000,-1.05773811e+02,-7.43584800e+01
268.875000,-1.05773908e+02,-7.43585769e+01
268.880000,-1.05774005e+02,-7.43586738e+01
268.885000,-1.05774103e+02,-7.43587718e+01
268.890000,-1.05774203e+02,-7.43588711e+01
268.895000,-1.05774303e+02,-7.43589716e+01
268.900000,-1.05774406e+02,-7.43590743e+01
268.905000,-1.05774512e+02,-7.43591802e+01
268.910000,-1.05774622e+02,-7.43592908e+01
268.915000,-1.05774738e+02,-7.43594069e+01
268.920000,-1.05774860e+02,-7.43595288e+01
268.925000,-1.05774987e+02,-7.43596552e+01
268.930000,-1.05775116e+02,-7.43597848e+01
268.935000,-1.05775247e+02,-7.43599156e+01
268.940000,-1.05775376e+02,-7.43600449e+01
268.945000,-1.05775502e+02,-7.43601705e+01
268.950000,-1.05775621e+02,-7.43602896e+01
268.955000,-1.05775730e+02,-7.43603990e+01
268.960000,-1.05775828e+02,-7.43604962e+01
268.965000,-1.05775911e+02,-7.43605795e+01
268.970000,-1.05775979e+02,-7.43606477e+01
268.975000,-1.05776033e+02,-7.43607017e+01
268.980000,-1.05776073e+02,-7.43607415e+01
268.985000,-1.05776099e+02,-7.43607674e+01
268.990000,-1.05776112e+02,-7.43607809e+01
268.995000,-1.05776117e+02,-7.43607849e+01
269.000000,-1.05776114e+02,-7.43607826e+01
269.005000,-1.05776108e+02,-7.43607765e+01
269.010000,-1.05776099e+02,-7.43607678e+01
269.015000,-1.05776089e+02,-7.43607573e+01
269.020000,-1.05776077e+02,-7.43607457e+01
269.025000,-1.05776067e+02,-7.43607350e+01
269.030000,-1.05776058e+02,-7.43607268e+01
269.035000,-1.05776054e+02,-7.43607229e+01
269.040000,-1.05776056e+02,-7.43607241e+01
269.045000,-1.05776062e+02,-7.43607306e+01
269.050000,-1.05776074e+02,-7.43607427e+01
269.055000,-1.05776093e+02,-7.43607609e+01
269.060000,-1.05776117e+02,-7.43607851e+01
269.065000,-1.05776147e+02,-7.43608156e+01
269.070000,-1.05776184e+02,-7.43608526e+01
269.075000,-1.05776226e+02,-7.43608946e+01
269.080000,-1.05776272e+02,-7.43609403e+01
269.085000,-1.05776321e+02,-7.43609892e+01
269.090000,-1.05776373e+02,-7.43610411e+01
269.095000,-1.05776429e+02,-7.43610977e+01
269.100000,-1.05776490e+02,-7.43611581e+01
269.105000,-1.05776551e+02,-7.43612194e+01
269.110000,-1.05776610e+02,-7.43612786e+01
269.115000,-1.05776665e+02,-7.43613338e+01
269.120000,-1.05776715e+02,-7.43613838e+01
269.125000,-1.05776760e+02,-7.43614284e+01
269.130000,-1.05776798e+02,-7.43614668e+01
269.135000,-1.05776830e+02,-7.43614983e+01
269.140000,-1.05776855e+02,-7.43615231e+01
269.145000,-1.05776874e+02,-7.43615423e+01
269.150000,-1.05776890e+02,-7.43615581e+01
269.155000,-1.05776905e+02,-7.43615734e+01
269.160000,-1.05776922e+02,-7.43615903e+01
269.165000,-1.05776941e+02,-7.43616097e+01
269.170000,-1.05776963e+02,-7.43616318e+01
269.175000,-1.05776988e+02,-7.43616570e+01
269.180000,-1.05777016e+02,-7.43616848e+01
269.185000,-1.05777046e+02,-7.43617143e+01
269.190000,-1.05777075e+02,-7.43617432e+01
269.195000,-1.05777099e+02,-7.43617679e+01
269.200000,-1.05777117e+02,-7.43617858e+01
269.205000,-1.05777127e+02,-7.43617952e+01
269.210000,-1.05777127e+02,-7.43617954e+01
269.215000,-1.05777117e+02,-7.43617858e+01
269.220000,-1.05777097e+02,-7.43617654e+01
269.225000,-1.05777065e+02,-7.43617337e+01
269.230000,-1.05777023e+02,-7.43616915e+01
269.235000,-1.05776972e+02,-7.43616409e+01
269.240000,-1.05776917e+02,-7.43615856e+01
269.245000,-1.05776860e+02,-7.43615279e+01
269.250000,-1.05776800e+02,-7.43614682e+01
269.255000,-1.05776738e+02,-7.43614067e+01
269.260000,-1.05776676e+02,-7.43613442e+01
269.265000,-1.05776614e+02,-7.43612828e+01
269.270000,-1.05776557e+02,-7.43612251e+01
269.275000,-1.05776506e+02,-7.43611742e+01
269.280000,-1.05776464e+02,-7.43611321e+01
269.285000,-1.05776432e+02,-7.43611005e+01
269.290000,-1.05776413e+02,-7.43610816e+01
269.295000,-1.05776410e+02,-7.43610780e+01
269.300000,-1.05776423e+02,-7.43610918e+01
269.305000,-1.05776456e+02,-7.43611249e+01
269.310000,-1.05776509e+02,-7.43611774e+01
269.315000,-1.05776579e+02,-7.43612474e+01
269.320000,-1.05776663e+02,-7.43613313e+01
269.325000,-1.05776757e+02,-7.43614251e+01
269.330000,-1.05776857e+02,-7.43615252e+01
269.335000,-1.05776961e+02,-7.43616291e+01
269.340000,-1.05777066e+02,-7.43617344e+01
269.345000,-1.05777170e+02,-7.43618384e+01
269.350000,-1.05777270e+02,-7.43619386e+01
269.355000,-1.05777365e+02,-7.43620335e+01
269.360000,-1.05777454e+02,-7.43621228e+01
269.365000,-1.05777538e+02,-7.43622068e+01
269.370000,-1.05777616e+02,-7.43622848e+01
269.375000,-1.05777689e+02,-7.43623571e+01
269.380000,-1.05777755e+02,-7.43624230e+01
269.385000,-1.05777814e+02,-7.43624825e+01
269.390000,-1.05777865e+02,-7.43625338e+01
269.395000,-1.05777908e+02,-7.43625759e+01
269.400000,-1.05777939e+02,-7.43626071e+01
269.405000,-1.05777957e+02,-7.43626257e+01
269.410000,-1.05777963e+02,-7.43626315e+01
269.415000,-1.05777958e+02,-7.43626260e+01
269.420000,-1.05777942e+02,-7.43626101e+01
269.425000,-1.05777916e+02,-7.43625846e+01
269.430000,-1.05777881e+02,-7.43625494e+01
269.435000,-1.05777837e+02,-7.43625052e+01
269.440000,-1.05777786e+02,-7.43624541e+01
269.445000,-1.05777732e+02,-7.43624002e+01
269.450000,-1.05777679e+02,-7.43623479e+01
269.455000,-1.05777633e+02,-7.43623011e+01
269.460000,-1.05777593e+02,-7.43622612e+01
269.465000,-1.05777559e+02,-7.43622271e+01
269.470000,-1.05777528e+02,-7.43621969e+01
269.475000,-1.05777501e+02,-7.43621696e+01
269.480000,-1.05777476e+02,-7.43621443e+01
269.485000,-1.05777452e+02,-7.43621208e+01
269.490000,-1.05777430e+02,-7.43620987e+01
269.495000,-1.05777408e+02,-7.43620768e+01
269.500000,-1.05777386e+02,-7.43620548e+01
269.505000,-1.05777366e+02,-7.43620340e+01
269.510000,-1.05777348e+02,-7.43620161e+01
269.515000,-1.05777335e+02,-7.43620035e+01
269.520000,-1.05777327e+02,-7.43619957e+01
269.525000,-1.05777324e+02,-7.43619922e+01
269.530000,-1.05777323e+02,-7.43619916e+01
269.535000,-1.05777325e+02,-7.43619931e+01
269.540000,-1.05777328e+02,-7.43619967e+01
269.545000,-1.05777334e+02,-7.43620028e+01
269.550000,-1.05777343e+02,-7.43620113e+01
269.555000,-1.05777354e+02,-7.43620221e+01
269.560000,-1.05777368e+02,-7.43620364e+01
269.565000,-1.05777388e+02,-7.43620568e+01
269.570000,-1.05777418e+02,-7.43620866e+01
269.575000,-1.05777460e+02,-7.43621285e+01
269.580000,-1.05777515e+02,-7.43621831e+01
269.585000,-1.05777581e+02,-7.43622498e+01
269.590000,-1.05777659e+02,-7.43623273e+01
269.595000,-1.05777747e+02,-7.43624149e+01
269.600000,-1.05777845e+02,-7.43625130e+01
269.605000,-1.05777953e+02,-7.43626216e+01
269.610000,-1.05778070e+02,-7.43627385e+01
269.615000,-1.05778191e+02,-7.43628591e+01
269.620000,-1.05778311e+02,-7.43629794e+01
269.625000,-1.05778429e+02,-7.43630975e+01
269.630000,-1.05778544e+02,-7.43632125e+01
269.635000,-1.05778655e+02,-7.43633238e+01
269.640000,-1.05778761e+02,-7.43634295e+01
269.645000,-1.05778859e+02,-7.43635277e+01
269.650000,-1.05778949e+02,-7.43636170e+01
269.655000,-1.05779030e+02,-7.43636982e+01
269.660000,-1.05779103e+02,-7.43637712e+01
269.665000,-1.05779169e+02,-7.43638373e+01
269.670000,-1.05779227e+02,-7.43638954e+01
269.675000,-1.05779275e+02,-7.43639436e+01
269.680000,-1.05779310e+02,-7.43639787e+01
269.685000,-1.05779332e+02,-7.43640005e+01
269.690000,-1.05779343e+02,-7.43640111e+01
269.695000,-1.05779345e+02,-7.43640138e+01
269.700000,-1.05779343e+02,-7.43640111e+01
269.705000,-1.05779337e+02,-7.43640058e+01
269.710000,-1.05779331e+02,-7.43639992e+01
269.715000,-1.05779325e+02,-7.43639939e+01
269.720000,-1.05779325e+02,-7.43639932e+01
269.725000,-1.05779333e+02,-7.43640010e+01
269.730000,-1.05779351e+02,-7.43640192e+01
269.735000,-1.05779379e+02,-7.43640478e+01
269.740000,-1.05779418e+02,-7.43640862e+01
269.745000,-1.05779466e+02,-7.43641341e+01
269.750000,-1.05779522e+02,-7.43641905e+01
269.755000,-1.05779585e+02,-7.43642533e+01
269.760000,-1.05779650e+02,-7.43643180e+01
269.765000,-1.05779711e+02,-7.43643796e+01
269.770000,-1.05779766e+02,-7.43644345e+01
269.775000,-1.05779812e+02,-7.43644805e+01
269.780000,-1.05779848e+02,-7.43645169e+01
269.785000,-1.05779875e+02,-7.43645437e+01
269.790000,-1.05779892e+02,-7.43645600e+01
269.795000,-1.05779896e+02,-7.43645648e+01
269.800000,-1.05779889e+02,-7.43645577e+01
269.805000,-1.05779872e+02,-7.43645406e+01
269.810000,-1.05779847e+02,-7.43645155e+01
269.815000,-1.05779816e+02,-7.43644839e+01
269.820000,-1.05779778e+02,-7.43644466e+01
269.825000,-1.05779735e+02,-7.43644036e+01
269.830000,-1.05779686e+02,-7.43643544e+01
269.835000,-1.05779631e+02,-7.43642996e+01
269.840000,-1.05779574e+02,-7.43642419e+01
269.845000,-1.05779517e+02,-7.43641855e+01
269.850000,-1.05779465e+02,-7.43641332e+01
269.855000,-1.05779419e+02,-7.43640870e+01
269.860000,-1.05779380e+02,-7.43640480e+01
269.865000,-1.05779349e+02,-7.43640175e+01
269.870000,-1.05779328e+02,-7.43639959e+01
269.875000,-1.05779315e+02,-7.43639833e+01
269.880000,-1.05779310e+02,-7.43639787e+01
269.885000,-1.05779312e+02,-7.43639809e+01
269.890000,-1.05779321e+02,-7.43639891e+01
269.895000,-1.05779334e+02,-7.43640029e+01
269.900000,-1.05779353e+02,-7.43640216e+01
269.905000,-1.05779376e+02,-7.43640443e+01
269.910000,-1.05779400e+02,-7.43640686e+01
269.915000,-1.05779423e+02,-7.43640918e+01
269.920000,-1.05779443e+02,-7.43641118e+01
269.925000,-1.05779461e+02,-7.43641290e+01
269.930000,-1.05779475e+02,-7.43641435e+01
269.935000,-1.05779487e+02,-7.43641559e+01
269.940000,-1.05779498e+02,-7.43641664e+01
269.945000,-1.05779506e+02,-7.43641747e+01
269.950000,-1.05779513e+02,-7.43641810e+01
269.955000,-1.05779517e+02,-7.43641854e+01
269.960000,-1.05779520e+02,-7.43641886e+01
269.965000,-1.05779524e+02,-7.43641924e+01
269.970000,-1.05779529e+02,-7.43641975e+01
269.975000,-1.05779534e+02,-7.43642022e+01
269.980000,-1.05779536e+02,-7.43642043e+01
269.985000,-1.05779534e+02,-7.43642025e+01
269.990000,-1.05779528e+02,-7.43641964e+01
269.995000,-1.05779518e+02,-7.43641865e+01
270.000000,-1.05779503e+02,-7.43641718e+01
270.005000,-1.05779484e+02,-7.43641519e+01
270.010000,-1.05779458e+02,-7.43641267e+01
270.015000,-1.05779429e+02,-7.43640977e+01
270.020000,-1.05779398e+02,-7.43640666e+01
270.025000,-1.05779367e+02,-7.43640350e+01
270.030000,-1.05779335e+02,-7.43640033e+01
270.035000,-1.05779303e+02,-7.43639712e+01
270.040000,-1.05779271e+02,-7.43639393e+01
270.045000,-1.05779241e+02,-7.43639091e+01
270.050000,-1.05779214e+02,-7.43638828e+01
270.055000,-1.05779193e+02,-7.43638616e+01
270.060000,-1.05779176e+02,-7.43638442e+01
270.065000,-1.05779160e+02,-7.43638285e+01
270.070000,-1.05779145e+02,-7.43638134e+01
270.075000,-1.05779131e+02,-7.43637998e+01
270.080000,-1.05779120e+02,-7.43637888e+01
270.085000,-1.05779113e+02,-7.43637813e+01
270.090000,-1.05779109e+02,-7.43637772e+01
270.095000,-1.05779107e+02,-7.43637755e+01
270.100000,-1.05779107e+02,-7.43637755e+01
270.105000,-1.05779108e+02,-7.43637769e+01
270.110000,-1.05779111e+02,-7.43637791e+01
270.115000,-1.05779114e+02,-7.43637823e+01
270.120000,-1.05779117e+02,-7.43637857e+01
270.125000,-1.05779119e+02,-7.43637875e+01
270.130000,-1.05779116e+02,-7.43637843e+01
270.135000,-1.05779105e+02,-7.43637733e+01
270.140000,-1.05779084e+02,-7.43637526e+01
270.145000,-1.05779055e+02,-7.43637229e+01
270.150000,-1.05779017e+02,-7.43636850e+01
270.155000,-1.05778971e+02,-7.43636398e+01
270.160000,-1.05778920e+02,-7.43635886e+01
270.165000,-1.05778864e+02,-7.43635327e+01
270.170000,-1.05778805e+02,-7.43634737e+01
270.175000,-1.05778745e+02,-7.43634129e+01
270.180000,-1.05778683e+02,-7.43633509e+01
270.185000,-1.05778620e+02,-7.43632887e+01
270.190000,-1.05778559e+02,-7.43632279e+01
270.195000,-1.05778503e+02,-7.43631716e+01
270.200000,-1.05778455e+02,-7.43631232e+01
270.205000,-1.05778417e+02,-7.43630851e+01
270.210000,-1.05778389e+02,-7.43630577e+01
270.215000,-1.05778372e+02,-7.43630407e+01
270.220000,-1.05778366e+02,-7.43630346e+01
270.225000,-1.05778372e+02,-7.43630406e+01
270.230000,-1.05778391e+02,-7.43630592e+01
270.235000,-1.05778422e+02,-7.43630903e+01
270.240000,-1.05778464e+02,-7.43631325e+01
270.245000,-1.05778515e+02,-7.43631838e+01
270.250000,-1.05778574e+02,-7.43632429e+01
270.255000,-1.05778640e+02,-7.43633088e+01
270.260000,-1.05778711e+02,-7.43633796e+01
270.265000,-1.05778785e+02,-7.43634531e+01
270.270000,-1.05778858e+02,-7.43635260e+01
270.275000,-1.05778925e+02,-7.43635932e+01
270.280000,-1.05778981e+02,-7.43636498e+01
270.285000,-1.05779024e+02,-7.43636925e+01
270.290000,-1.05779051e+02,-7.43637193e+01
270.295000,-1.05779061e+02,-7.43637292e+01
270.300000,-1.05779052e+02,-7.43637209e+01
270.305000,-1.05779025e+02,-7.43636931e+01
270.310000,-1.05778978e+02,-7.43636461e+01
270.315000,-1.05778913e+02,-7.43635818e+01
270.320000,-1.05778835e+02,-7.43635038e+01
270.325000,-1.05778748e+02,-7.43634169e+01
270.330000,-1.05778656e+02,-7.43633248e+01
270.335000,-1.05778561e+02,-7.43632297e+01
270.340000,-1.05778466e+02,-7.43631341e+01
270.345000,-1.05778372e+02,-7.43630400e+01
270.350000,-1.05778280e+02,-7.43629482e+01
270.355000,-1.05778191e+02,-7.43628595e+01
270.360000,-1.05778105e+02,-7.43627738e+01
270.365000,-1.05778022e+02,-7.43626905e+01
270.370000,-1.05777941e+02,-7.43626096e+01
270.375000,-1.05777864e+02,-7.43625321e+01
270.380000,-1.05777791e+02,-7.43624599e+01
270.385000,-1.05777727e+02,-7.43623955e+01
270.390000,-1.05777671e+02,-7.43623396e+01
270.395000,-1.05777623e+02,-7.43622918e+01
270.400000,-1.05777582e+02,-7.43622503e+01
270.405000,-1.05777546e+02,-7.43622143e+01
270.410000,-1.05777515e+02,-7.43621831e+01
270.415000,-1.05777488e+02,-7.43621562e+01
270.420000,-1.05777464e+02,-7.43621321e+01
270.425000,-1.05777440e+02,-7.43621085e+01
270.430000,-1.05777415e+02,-7.43620831e+01
270.435000,-1.05777385e+02,-7.43620534e+01
270.440000,-1.05777349e+02,-7.43620170e+01
270.445000,-1.05777304e+02,-7.43619728e+01
270.450000,-1.05777252e+02,-7.43619204e+01
270.455000,-1.05777191e+02,-7.43618596e+01
270.460000,-1.05777122e+02,-7.43617904e+01
270.465000,-1.05777046e+02,-7.43617142e+01
270.470000,-1.05776965e+02,-7.43616337e+01
270.475000,-1.05776884e+02,-7.43615524e+01
270.480000,-1.05776803e+02,-7.43614718e+01
270.485000,-1.05776724e+02,-7.43613923e+01
270.490000,-1.05776646e+02,-7.43613141e+01
270.495000,-1.05776571e+02,-7.43612392e+01
270.500000,-1.05776502e+02,-7.43611699e+01
270.505000,-1.05776440e+02,-7.43611088e+01
270.510000,-1.05776389e+02,-7.43610575e+01
270.515000,-1.05776347e+02,-7.43610154e+01
270.520000,-1.05776313e+02,-7.43609814e+01
270.525000,-1.05776285e+02,-7.43609536e+01
270.530000,-1.05776262e+02,-7.43609303e+01
270.535000,-1.05776242e+02,-7.43609107e+01
270.540000,-1.05776225e+02,-7.43608934e+01
270.545000,-1.05776208e+02,-7.43608767e+01
270.550000,-1.05776191e+02,-7.43608589e+01
270.555000,-1.05776170e+02,-7.43608386e+01
270.560000,-1.05776146e+02,-7.43608146e+01
270.565000,-1.05776118e+02,-7.43607867e+01
270.570000,-1.05776086e+02,-7.43607548e+01
270.575000,-1.05776050e+02,-7.43607186e+01
270.580000,-1.05776011e+02,-7.43606798e+01
270.585000,-1.05775972e+02,-7.43606406e+01
270.590000,-1.05775934e+02,-7.43606022e+01
270.595000,-1.05775895e+02,-7.43605632e+01
270.600000,-1.05775852e+02,-7.43605206e+01
270.605000,-1.05775804e+02,-7.43604722e+01
270.610000,-1.05775748e+02,-7.43604169e+01
270.615000,-1.05775687e+02,-7.43603555e+01
270.620000,-1.05775622e+02,-7.43602906e+01
270.625000,-1.05775557e+02,-7.43602258e+01
270.630000,-1.05775494e+02,-7.43601629e+01
270.635000,-1.05775434e+02,-7.43601025e+01
270.640000,-1.05775377e+02,-7.43600453e+01
270.645000,-1.05775324e+02,-7.43599921e+01
270.650000,-1.05775276e+02,-7.43599449e+01
270.655000,-1.05775234e+02,-7.43599025e+01
270.660000,-1.05775194e+02,-7.43598624e+01
270.665000,-1.05775154e+02,-7.43598222e+01
270.670000,-1.05775113e+02,-7.43597820e+01
270.675000,-1.05775074e+02,-7.43597425e+01
270.680000,-1.05775037e+02,-7.43597051e+01
270.685000,-1.05775001e+02,-7.43596699e+01
270.690000,-1.05774967e+02,-7.43596356e+01
270.695000,-1.05774932e+02,-7.43596005e+01
270.700000,-1.05774895e+02,-7.43595630e+01
270.705000,-1.05774854e+02,-7.43595224e+01
270.710000,-1.05774811e+02,-7.43594791e+01
270.715000,-1.05774763e+02,-7.43594317e+01
270.720000,-1.05774712e+02,-7.43593802e+01
270.725000,-1.05774658e+02,-7.43593268e+01
270.730000,-1.05774606e+02,-7.43592747e+01
270.735000,-1.05774559e+02,-7.43592275e+01
270.740000,-1.05774519e+02,-7.43591873e+01
270.745000,-1.05774485e+02,-7.43591536e+01
270.750000,-1.05774455e+02,-7.43591238e+01
270.755000,-1.05774426e+02,-7.43590944e+01
270.760000,-1.05774395e+02,-7.43590631e+01
270.765000,-1.05774360e+02,-7.43590284e+01
270.770000,-1.05774322e+02,-7.43589903e+01
270.775000,-1.05774281e+02,-7.43589496e+01
270.780000,-1.05774240e+02,-7.43589082e+01
270.785000,-1.05774199e+02,-7.43588678e+01
270.790000,-1.05774160e+02,-7.43588288e+01
270.795000,-1.05774122e+02,-7.43587909e+01
270.800000,-1.05774087e+02,-7.43587553e+01
270.805000,-1.05774055e+02,-7.43587230e+01
270.810000,-1.05774027e+02,-7.43586958e+01
270.815000,-1.05774005e+02,-7.43586736e+01
270.820000,-1.05773989e+02,-7.43586572e+01
270.825000,-1.05773974e+02,-7.43586429e+01
270.830000,-1.05773960e+02,-7.43586280e+01
270.835000,-1.05773943e+02,-7.43586119e+01
270.840000,-1.05773927e+02,-7.43585957e+01
270.845000,-1.05773914e+02,-7.43585829e+01
270.850000,-1.05773910e+02,-7.43585787e+01
270.855000,-1.05773919e+02,-7.43585880e+01
270.860000,-1.05773949e+02,-7.43586171e+01
270.865000,-1.05773999e+02,-7.43586676e+01
270.870000,-1.05774071e+02,-7.43587396e+01
270.875000,-1.05774165e+02,-7.43588330e+01
270.880000,-1.05774280e+02,-7.43589480e+01
270.885000,-1.05774417e+02,-7.43590854e+01
270.890000,-1.05774576e+02,-7.43592445e+01
270.895000,-1.05774756e+02,-7.43594243e+01
270.900000,-1.05774955e+02,-7.43596237e+01
270.905000,-1.05775173e+02,-7.43598411e+01
270.910000,-1.05775406e+02,-7.43600744e+01
270.915000,-1.05775651e+02,-7.43603192e+01
270.920000,-1.05775903e+02,-7.43605719e+01
270.925000,-1.05776160e+02,-7.43608290e+01
270.930000,-1.05776421e+02,-7.43610892e+01
270.935000,-1.05776684e+02,-7.43613522e+01
270.940000,-1.05776948e+02,-7.43616166e+01
270.945000,-1.05777212e+02,-7.43618806e+01
270.950000,-1.05777475e+02,-7.43621437e+01
270.955000,-1.05777737e+02,-7.43624057e+01
270.960000,-1.05777999e+02,-7.43626670e+01
270.965000,-1.05778258e+02,-7.43629264e+01
270.970000,-1.05778512e+02,-7.43631808e+01
270.975000,-1.05778759e+02,-7.43634279e+01
270.980000,-1.05778999e+02,-7.43636678e+01
270.985000,-1.05779233e+02,-7.43639020e+01
270.990000,-1.05779463e+02,-7.43641313e+01
270.995000,-1.05779686e+02,-7.43643549e+01
271.000000,-1.05779906e+02,-7.43645744e+01
271.005000,-1.05780123e+02,-7.43647912e+01
271.010000,-1.05780339e+02,-7.43650075e+01
271.015000,-1.05780555e+02,-7.43652235e+01
271.020000,-1.05780770e+02,-7.43654387e+01
271.025000,-1.05780985e+02,-7.43656530e+01
271.030000,-1.05781198e+02,-7.43658665e+01
271.035000,-1.05781412e+02,-7.43660805e+01
271.040000,-1.05781626e+02,-7.43662939e+01
271.045000,-1.05781836e+02,-7.43665047e+01
271.050000,-1.05782043e+02,-7.43667117e+01
271.055000,-1.05782246e+02,-7.43669143e+01
271.060000,-1.05782446e+02,-7.43671144e+01
271.065000,-1.05782643e+02,-7.43673115e+01
271.070000,-1.05782837e+02,-7.43675053e+01
271.075000,-1.05783025e+02,-7.43676936e+01
271.080000,-1.05783206e+02,-7.43678749e+01
271.085000,-1.05783381e+02,-7.43680491e+01
271.090000,-1.05783549e+02,-7.43682171e+01
271.095000,-1.05783711e+02,-7.43683795e+01
271.100000,-1.05783869e+02,-7.43685377e+01
271.105000,-1.05784025e+02,-7.43686938e+01
271.110000,-1.05784181e+02,-7.43688494e+01
271.115000,-1.05784337e+02,-7.43690053e+01
271.120000,-1.05784492e+02,-7.43691608e+01
271.125000,-1.05784647e+02,-7.43693154e+01
271.130000,-1.05784801e+02,-7.43694695e+01
271.135000,-1.05784956e+02,-7.43696240e+01
271.140000,-1.05785113e+02,-7.43697809e+01
271.145000,-1.05785271e+02,-7.43699395e+01
271.150000,-1.05785431e+02,-7.43700989e+01
271.155000,-1.05785590e+02,-7.43702579e+01
271.160000,-1.05785749e+02,-7.43704172e+01
271.165000,-1.05785908e+02,-7.43705766e+01
271.170000,-1.05786067e+02,-7.43707350e+01
271.175000,-1.05786225e+02,-7.43708930e+01
271.180000,-1.05786382e+02,-7.43710502e+01
271.185000,-1.05786538e+02,-7.43712059e+01
271.190000,-1.05786690e+02,-7.43713585e+01
271.195000,-1.05786838e+02,-7.43715063e+01
271.200000,-1.05786980e+02,-7.43716480e+01
271.205000,-1.05787114e+02,-7.43717827e+01
271.210000,-1.05787243e+02,-7.43719115e+01
271.215000,-1.05787365e+02,-7.43720338e+01
271.220000,-1.05787481e+02,-7.43721492e+01
271.225000,-1.05787589e+02,-7.43722576e+01
271.230000,-1.05787692e+02,-7.43723599e+01
271.235000,-1.05787790e+02,-7.43724580e+01
271.240000,-1.05787883e+02,-7.43725518e+01
271.245000,-1.05787973e+02,-7.43726415e+01
271.250000,-1.05788058e+02,-7.43727265e+01
271.255000,-1.05788138e+02,-7.43728067e+01
271.260000,-1.05788216e+02,-7.43728841e+01
271.265000,-1.05788292e+02,-7.43729603e+01
271.270000,-1.05788368e+02,-7.43730362e+01
271.275000,-1.05788444e+02,-7.43731119e+01
271.280000,-1.05788520e+02,-7.43731884e+01
271.285000,-1.05788598e+02,-7.43732661e+01
271.290000,-1.05788675e+02,-7.43733438e+01
271.295000,-1.05788752e+02,-7.43734201e+01
271.300000,-1.05788825e+02,-7.43734937e+01
271.305000,-1.05788897e+02,-7.43735659e+01
271.310000,-1.05788970e+02,-7.43736380e+01
271.315000,-1.05789043e+02,-7.43737109e+01
271.320000,-1.05789115e+02,-7.43737837e+01
271.325000,-1.05789188e+02,-7.43738558e+01
271.330000,-1.05789259e+02,-7.43739276e+01
271.335000,-1.05789332e+02,-7.43740003e+01
271.340000,-1.05789405e+02,-7.43740732e+01
271.345000,-1.05789477e+02,-7.43741451e+01
271.350000,-1.05789545e+02,-7.43742137e+01
271.355000,-1.05789610e+02,-7.43742780e+01
271.360000,-1.05789669e+02,-7.43743372e+01
271.365000,-1.05789723e+02,-7.43743913e+01
271.370000,-1.05789772e+02,-7.43744405e+01
271.375000,-1.05789819e+02,-7.43744871e+01
271.380000,-1.05789864e+02,-7.43745326e+01
271.385000,-1.05789911e+02,-7.43745793e+01
271.390000,-1.05789960e+02,-7.43746287e+01
271.395000,-1.05790014e+02,-7.43746819e+01
271.400000,-1.05790069e+02,-7.43747375e+01
271.405000,-1.05790131e+02,-7.43747995e+01
271.410000,-1.05790207e+02,-7.43748752e+01
271.415000,-1.05790303e+02,-7.43749720e+01
271.420000,-1.05790423e+02,-7.43750918e+01
271.425000,-1.05790565e+02,-7.43752332e+01
271.430000,-1.05790725e+02,-7.43753938e+01
271.435000,-1.05790904e+02,-7.43755721e+01
271.440000,-1.05791097e+02,-7.43757653e+01
271.445000,-1.05791301e+02,-7.43759699e+01
271.450000,-1.05791514e+02,-7.43761825e+01
271.455000,-1.05791732e+02,-7.43764009e+01
271.460000,-1.05791955e+02,-7.43766234e+01
271.465000,-1.05792180e+02,-7.43768490e+01
271.470000,-1.05792406e+02,-7.43770748e+01
271.475000,-1.05792629e+02,-7.43772975e+01
271.480000,-1.05792846e+02,-7.43775145e+01
271.485000,-1.05793057e+02,-7.43777252e+01
271.490000,-1.05793266e+02,-7.43779346e+01
271.495000,-1.05793481e+02,-7.43781496e+01
271.500000,-1.05793704e+02,-7.43783723e+01
271.505000,-1.05793934e+02,-7.43786022e+01
271.510000,-1.05794169e+02,-7.43788377e+01
271.515000,-1.05794407e+02,-7.43790758e+01
271.520000,-1.05794645e+02,-7.43793136e+01
271.525000,-1.05794881e+02,-7.43795494e+01
271.530000,-1.05795113e+02,-7.43797811e+01
271.535000,-1.05795338e+02,-7.43800065e+01
271.540000,-1.05795554e+02,-7.43802226e+01
271.545000,-1.05795759e+02,-7.43804271e+01
271.550000,-1.05795950e+02,-7.43806187e+01
271.555000,-1.05796131e+02,-7.43807995e+01
271.560000,-1.05796303e+02,-7.43809717e+01
271.565000,-1.05796468e+02,-7.43811361e+01
271.570000,-1.05796624e+02,-7.43812922e+01
271.575000,-1.05796773e+02,-7.43814414e+01
271.580000,-1.05796919e+02,-7.43815875e+01
271.585000,-1.05797067e+02,-7.43817359e+01
271.590000,-1.05797220e+02,-7.43818882e+01
271.595000,-1.05797375e+02,-7.43820443e+01
271.600000,-1.05797537e+02,-7.43822055e+01
271.605000,-1.05797702e+02,-7.43823705e+01
271.610000,-1.05797867e+02,-7.43825353e+01
271.615000,-1.05798027e+02,-7.43826952e+01
271.620000,-1.05798179e+02,-7.43828470e+01
271.625000,-1.05798322e+02,-7.43829902e+01
271.630000,-1.05798458e+02,-7.43831265e+01
271.635000,-1.05798589e+02,-7.43832575e+01
271.640000,-1.05798715e+02,-7.43833833e+01
271.645000,-1.05798836e+02,-7.43835039e+01
271.650000,-1.05798950e+02,-7.43836183e+01
271.655000,-1.05799057e+02,-7.43837253e+01
271.660000,-1.05799156e+02,-7.43838240e+01
271.665000,-1.05799245e+02,-7.43839131e+01
271.670000,-1.05799323e+02,-7.43839912e+01
271.675000,-1.05799391e+02,-7.43840589e+01
271.680000,-1.05799447e+02,-7.43841152e+01
271.685000,-1.05799493e+02,-7.43841612e+01
271.690000,-1.05799536e+02,-7.43842044e+01
271.695000,-1.05799586e+02,-7.43842545e+01
271.700000,-1.05799647e+02,-7.43843156e+01
271.705000,-1.05799723e+02,-7.43843910e+01
271.710000,-1.05799814e+02,-7.43844828e+01
271.715000,-1.05799924e+02,-7.43845922e+01
271.720000,-1.05800050e+02,-7.43847180e+01
271.725000,-1.05800189e+02,-7.43848572e+01
271.730000,-1.05800337e+02,-7.43850056e+01
271.735000,-1.05800491e+02,-7.43851600e+01
271.740000,-1.05800647e+02,-7.43853156e+01
271.745000,-1.05800800e+02,-7.43854684e+01
271.750000,-1.05800947e+02,-7.43856157e+01
271.755000,-1.05801089e+02,-7.43857575e+01
271.760000,-1.05801225e+02,-7.43858938e+01
271.765000,-1.05801357e+02,-7.43860251e+01
271.770000,-1.05801482e+02,-7.43861505e+01
271.775000,-1.05801605e+02,-7.43862735e+01
271.780000,-1.05801731e+02,-7.43863992e+01
271.785000,-1.05801866e+02,-7.43865345e+01
271.790000,-1.05802015e+02,-7.43866838e+01
271.795000,-1.05802182e+02,-7.43868504e+01
271.800000,-1.05802366e+02,-7.43870346e+01
271.805000,-1.05802567e+02,-7.43872359e+01
271.810000,-1.05802783e+02,-7.43874511e+01
271.815000,-1.05803006e+02,-7.43876746e+01
271.820000,-1.05803231e+02,-7.43878996e+01
271.825000,-1.05803450e+02,-7.43881189e+01
271.830000,-1.05803659e+02,-7.43883271e+01
271.835000,-1.05803853e+02,-7.43885217e+01
271.840000,-1.05804033e+02,-7.43887017e+01
271.845000,-1.05804201e+02,-7.43888693e+01
271.850000,-1.05804359e+02,-7.43890273e+01
271.855000,-1.05804512e+02,-7.43891804e+01
271.860000,-1.05804662e+02,-7.43893308e+01
271.865000,-1.05804809e+02,-7.43894774e+01
271.870000,-1.05804951e+02,-7.43896191e+01
271.875000,-1.05805088e+02,-7.43897570e+01
271.880000,-1.05805224e+02,-7.43898933e+01
271.885000,-1.05805363e+02,-7.43900313e+01
271.890000,-1.05805501e+02,-7.43901698e+01
271.895000,-1.05805637e+02,-7.43903055e+01
271.900000,-1.05805764e+02,-7.43904332e+01
271.905000,-1.05805880e+02,-7.43905483e+01
271.910000,-1.05805979e+02,-7.43906472e+01
271.915000,-1.05806064e+02,-7.43907328e+01
271.920000,-1.05806140e+02,-7.43908088e+01
271.925000,-1.05806211e+02,-7.43908793e+01
271.930000,-1.05806279e+02,-7.43909469e+01
271.935000,-1.05806345e+02,-7.43910134e+01
271.940000,-1.05806410e+02,-7.43910780e+01
271.945000,-1.05806472e+02,-7.43911406e+01
271.950000,-1.05806532e+02,-7.43912002e+01
271.955000,-1.05806587e+02,-7.43912555e+01
271.960000,-1.05806637e+02,-7.43913055e+01
271.965000,-1.05806681e+02,-7.43913494e+01
271.970000,-1.05806717e+02,-7.43913855e+01
271.975000,-1.05806747e+02,-7.43914150e+01
271.980000,-1.05806770e+02,-7.43914384e+01
271.985000,-1.05806795e+02,-7.43914629e+01
271.990000,-1.05806827e+02,-7.43914950e+01
271.995000,-1.05806869e+02,-7.43915370e+01
272.000000,-1.05806919e+02,-7.43915871e+01
272.005000,-1.05806975e+02,-7.43916433e+01
272.010000,-1.05807035e+02,-7.43917031e+01
272.015000,-1.05807095e+02,-7.43917627e+01
272.020000,-1.05807150e+02,-7.43918183e+01
272.025000,-1.05807199e+02,-7.43918668e+01
272.030000,-1.05807240e+02,-7.43919079e+01
272.035000,-1.05807275e+02,-7.43919434e+01
272.040000,-1.05807306e+02,-7.43919735e+01
272.045000,-1.05807330e+02,-7.43919983e+01
272.050000,-1.05807351e+02,-7.43920189e+01
272.055000,-1.05807368e+02,-7.43920361e+01
272.060000,-1.05807382e+02,-7.43920497e+01
272.065000,-1.05807392e+02,-7.43920598e+01
272.070000,-1.05807399e+02,-7.43920668e+01
272.075000,-1.05807403e+02,-7.43920715e+01
272.080000,-1.05807406e+02,-7.43920740e+01
272.085000,-1.05807405e+02,-7.43920733e+01
272.090000,-1.05807401e+02,-7.43920689e+01
272.095000,-1.05807396e+02,-7.43920640e+01
272.100000,-1.05807393e+02,-7.43920611e+01
272.105000,-1.05807387e+02,-7.43920557e+01
272.110000,-1.05807372e+02,-7.43920405e+01
272.115000,-1.05807343e+02,-7.43920114e+01
272.120000,-1.05807300e+02,-7.43919680e+01
272.125000,-1.05807246e+02,-7.43919138e+01
272.130000,-1.05807185e+02,-7.43918529e+01
272.135000,-1.05807121e+02,-7.43917891e+01
272.140000,-1.05807057e+02,-7.43917249e+01
272.145000,-1.05806993e+02,-7.43916619e+01
272.150000,-1.05806932e+02,-7.43916005e+01
272.155000,-1.05806873e+02,-7.43915411e+01
272.160000,-1.05806817e+02,-7.43914851e+01
272.165000,-1.05806765e+02,-7.43914335e+01
272.170000,-1.05806718e+02,-7.43913868e+01
272.175000,-1.05806677e+02,-7.43913451e+01
272.180000,-1.05806641e+02,-7.43913088e+01
272.185000,-1.05806611e+02,-7.43912798e+01
272.190000,-1.05806589e+02,-7.43912575e+01
272.195000,-1.05806570e+02,-7.43912387e+01
272.200000,-1.05806553e+02,-7.43912214e+01
272.205000,-1.05806537e+02,-7.43912052e+01
272.210000,-1.05806524e+02,-7.43911920e+01
272.215000,-1.05806521e+02,-7.43911899e+01
272.220000,-1.05806537e+02,-7.43912056e+01
272.225000,-1.05806573e+02,-7.43912415e+01
272.230000,-1.05806628e+02,-7.43912968e+01
272.235000,-1.05806701e+02,-7.43913693e+01
272.240000,-1.05806786e+02,-7.43914548e+01
272.245000,-1.05806882e+02,-7.43915501e+01
272.250000,-1.05806983e+02,-7.43916511e+01
272.255000,-1.05807086e+02,-7.43917545e+01
272.260000,-1.05807188e+02,-7.43918568e+01
272.265000,-1.05807286e+02,-7.43919543e+01
272.270000,-1.05807374e+02,-7.43920428e+01
272.275000,-1.05807453e+02,-7.43921213e+01
272.280000,-1.05807522e+02,-7.43921900e+01
272.285000,-1.05807579e+02,-7.43922482e+01
272.290000,-1.05807624e+02,-7.43922928e+01
272.295000,-1.05807651e+02,-7.43923193e+01
272.300000,-1.05807656e+02,-7.43923246e+01
272.305000,-1.05807640e+02,-7.43923083e+01
272.310000,-1.05807602e+02,-7.43922704e+01
272.315000,-1.05807542e+02,-7.43922099e+01
272.320000,-1.05807459e+02,-7.43921267e+01
272.325000,-1.05807356e+02,-7.43920245e+01
272.330000,-1.05807243e+02,-7.43919114e+01
272.335000,-1.05807130e+02,-7.43917979e+01
272.340000,-1.05807023e+02,-7.43916915e+01
272.345000,-1.05806928e+02,-7.43915963e+01
272.350000,-1.05806846e+02,-7.43915146e+01
272.355000,-1.05806780e+02,-7.43914485e+01
272.360000,-1.05806730e+02,-7.43913982e+01
272.365000,-1.05806695e+02,-7.43913631e+01
272.370000,-1.05806673e+02,-7.43913408e+01
272.375000,-1.05806662e+02,-7.43913299e+01
272.380000,-1.05806663e+02,-7.43913308e+01
272.385000,-1.05806677e+02,-7.43913454e+01
272.390000,-1.05806707e+02,-7.43913748e+01
272.395000,-1.05806752e+02,-7.43914203e+01
272.400000,-1.05806812e+02,-7.43914806e+01
272.405000,-1.05806886e+02,-7.43915538e+01
272.410000,-1.05806970e+02,-7.43916383e+01
272.415000,-1.05807064e+02,-7.43917325e+01
272.420000,-1.05807166e+02,-7.43918342e+01
272.425000,-1.05807274e+02,-7.43919422e+01
272.430000,-1.05807386e+02,-7.43920546e+01
272.435000,-1.05807501e+02,-7.43921691e+01
272.440000,-1.05807615e+02,-7.43922830e+01
272.445000,-1.05807725e+02,-7.43923935e+01
272.450000,-1.05807829e+02,-7.43924969e+01
272.455000,-1.05807923e+02,-7.43925912e+01
272.460000,-1.05808008e+02,-7.43926766e+01
272.465000,-1.05808085e+02,-7.43927530e+01
272.470000,-1.05808149e+02,-7.43928167e+01
272.475000,-1.05808196e+02,-7.43928641e+01
272.480000,-1.05808228e+02,-7.43928957e+01
272.485000,-1.05808247e+02,-7.43929152e+01
272.490000,-1.05808256e+02,-7.43929243e+01
272.495000,-1.05808255e+02,-7.43929233e+01
272.500000,-1.05808244e+02,-7.43929126e+01
272.505000,-1.05808226e+02,-7.43928942e+01
272.510000,-1.05808202e+02,-7.43928700e+01
272.515000,-1.05808175e+02,-7.43928432e+01
272.520000,-1.05808148e+02,-7.43928157e+01
272.525000,-1.05808120e+02,-7.43927882e+01
272.530000,-1.05808091e+02,-7.43927595e+01
272.535000,-1.05808059e+02,-7.43927269e+01
272.540000,-1.05808021e+02,-7.43926895e+01
272.545000,-1.05807982e+02,-7.43926503e+01
272.550000,-1.05807942e+02,-7.43926106e+01
272.555000,-1.05807904e+02,-7.43925723e+01
272.560000,-1.05807868e+02,-7.43925364e+01
272.565000,-1.05807837e+02,-7.43925052e+01
272.570000,-1.05807810e+02,-7.43924788e+01
272.575000,-1.05807790e+02,-7.43924579e+01
272.580000,-1.05807777e+02,-7.43924451e+01
272.585000,-1.05807786e+02,-7.43924543e+01
272.590000,-1.05807831e+02,-7.43924996e+01
272.595000,-1.05807916e+02,-7.43925843e+01
272.600000,-1.05808043e+02,-7.43927114e+01
272.605000,-1.05808216e+02,-7.43928842e+01
272.610000,-1.05808431e+02,-7.43930995e+01
272.615000,-1.05808681e+02,-7.43933492e+01
272.620000,-1.05808954e+02,-7.43936223e+01
272.625000,-1.05809240e+02,-7.43939082e+01
272.630000,-1.05809526e+02,-7.43941948e+01
272.635000,-1.05809805e+02,-7.43944728e+01
272.640000,-1.05810065e+02,-7.43947334e+01
272.645000,-1.05810302e+02,-7.43949702e+01
272.650000,-1.05810511e+02,-7.43951797e+01
272.655000,-1.05810695e+02,-7.43953632e+01
272.660000,-1.05810856e+02,-7.43955247e+01
272.665000,-1.05811002e+02,-7.43956700e+01
272.670000,-1.05811133e+02,-7.43958014e+01
272.675000,-1.05811251e+02,-7.43959190e+01
272.680000,-1.05811356e+02,-7.43960239e+01
272.685000,-1.05811449e+02,-7.43961174e+01
272.690000,-1.05811531e+02,-7.43961996e+01
272.695000,-1.05811604e+02,-7.43962719e+01
272.700000,-1.05811664e+02,-7.43963327e+01
272.705000,-1.05811712e+02,-7.43963803e+01
272.710000,-1.05811748e+02,-7.43964165e+01
272.715000,-1.05811780e+02,-7.43964484e+01
272.720000,-1.05811815e+02,-7.43964836e+01
272.725000,-1.05811868e+02,-7.43965362e+01
272.730000,-1.05811949e+02,-7.43966169e+01
272.735000,-1.05812065e+02,-7.43967327e+01
272.740000,-1.05812219e+02,-7.43968865e+01
272.745000,-1.05812411e+02,-7.43970787e+01
272.750000,-1.05812637e+02,-7.43973051e+01
272.755000,-1.05812891e+02,-7.43975586e+01
272.760000,-1.05813163e+02,-7.43978305e+01
272.765000,-1.05813445e+02,-7.43981131e+01
272.770000,-1.05813731e+02,-7.43983993e+01
272.775000,-1.05814015e+02,-7.43986831e+01
272.780000,-1.05814292e+02,-7.43989600e+01
272.785000,-1.05814560e+02,-7.43992275e+01
272.790000,-1.05814814e+02,-7.43994820e+01
272.795000,-1.05815054e+02,-7.43997213e+01
272.800000,-1.05815275e+02,-7.43999430e+01
272.805000,-1.05815478e+02,-7.44001461e+01
272.810000,-1.05815660e+02,-7.44003277e+01
272.815000,-1.05815819e+02,-7.44004871e+01
272.820000,-1.05815957e+02,-7.44006245e+01
272.825000,-1.05816072e+02,-7.44007400e+01
272.830000,-1.05816166e+02,-7.44008345e+01
272.835000,-1.05816245e+02,-7.44009127e+01
272.840000,-1.05816315e+02,-7.44009829e+01
272.845000,-1.05816386e+02,-7.44010538e+01
272.850000,-1.05816463e+02,-7.44011311e+01
272.855000,-1.05816552e+02,-7.44012201e+01
272.860000,-1.05816653e+02,-7.44013212e+01
272.865000,-1.05816763e+02,-7.44014315e+01
272.870000,-1.05816871e+02,-7.44015397e+01
272.875000,-1.05816963e+02,-7.44016324e+01
272.880000,-1.05817033e+02,-7.44017019e+01
272.885000,-1.05817079e+02,-7.44017482e+01
272.890000,-1.05817106e+02,-7.44017752e+01
272.895000,-1.05817120e+02,-7.44017891e+01
272.900000,-1.05817126e+02,-7.44017949e+01
272.905000,-1.05817129e+02,-7.44017981e+01
272.910000,-1.05817135e+02,-7.44018042e+01
272.915000,-1.05817149e+02,-7.44018180e+01
272.920000,-1.05817171e+02,-7.44018401e+01
272.925000,-1.05817202e+02,-7.44018712e+01
272.930000,-1.05817240e+02,-7.44019091e+01
272.935000,-1.05817288e+02,-7.44019569e+01
272.940000,-1.05817351e+02,-7.44020204e+01
272.945000,-1.05817436e+02,-7.44021053e+01
272.950000,-1.05817542e+02,-7.44022117e+01
272.955000,-1.05817671e+02,-7.44023396e+01
272.960000,-1.05817816e+02,-7.44024855e+01
272.965000,-1.05817978e+02,-7.44026472e+01
272.970000,-1.05818149e+02,-7.44028178e+01
272.975000,-1.05818322e+02,-7.44029911e+01
272.980000,-1.05818492e+02,-7.44031602e+01
272.985000,-1.05818652e+02,-7.44033204e+01
272.990000,-1.05818799e+02,-7.44034672e+01
272.995000,-1.05818928e+02,-7.44035970e+01
273.000000,-1.05819039e+02,-7.44037078e+01
273.005000,-1.05819137e+02,-7.44038053e+01
273.010000,-1.05819226e+02,-7.44038950e+01
273.015000,-1.05819311e+02,-7.44039799e+01
273.020000,-1.05819390e+02,-7.44040582e+01
273.025000,-1.05819462e+02,-7.44041301e+01
273.030000,-1.05819527e+02,-7.44041951e+01
273.035000,-1.05819587e+02,-7.44042550e+01
273.040000,-1.05819643e+02,-7.44043119e+01
273.045000,-1.05819701e+02,-7.44043690e+01
273.050000,-1.05819762e+02,-7.44044301e+01
273.055000,-1.05819836e+02,-7.44045041e+01
273.060000,-1.05819927e+02,-7.44045966e+01
273.065000,-1.05820039e+02,-7.44047080e+01
273.070000,-1.05820162e+02,-7.44048306e+01
273.075000,-1.05820286e+02,-7.44049547e+01
273.080000,-1.05820407e+02,-7.44050751e+01
273.085000,-1.05820524e+02,-7.44051923e+01
273.090000,-1.05820636e+02,-7.44053049e+01
273.095000,-1.05820743e+02,-7.44054115e+01
273.100000,-1.05820843e+02,-7.44055119e+01
273.105000,-1.05820937e+02,-7.44056055e+01
273.110000,-1.05821021e+02,-7.44056898e+01
273.115000,-1.05821091e+02,-7.44057592e+01
273.120000,-1.05821136e+02,-7.44058040e+01
273.125000,-1.05821148e+02,-7.44058163e+01
273.130000,-1.05821121e+02,-7.44057895e+01
273.135000,-1.05821054e+02,-7.44057220e+01
273.140000,-1.05820950e+02,-7.44056189e+01
273.145000,-1.05820827e+02,-7.44054953e+01
273.150000,-1.05820698e+02,-7.44053662e+01
273.155000,-1.05820574e+02,-7.44052425e+01
273.160000,-1.05820466e+02,-7.44051346e+01
273.165000,-1.05820385e+02,-7.44050531e+01
273.170000,-1.05820334e+02,-7.44050023e+01
273.175000,-1.05820313e+02,-7.44049813e+01
273.180000,-1.05820318e+02,-7.44049864e+01
273.185000,-1.05820345e+02,-7.44050138e+01
273.190000,-1.05820392e+02,-7.44050604e+01
273.195000,-1.05820450e+02,-7.44051182e+01
273.200000,-1.05820510e+02,-7.44051786e+01
273.205000,-1.05820571e+02,-7.44052393e+01
273.210000,-1.05820631e+02,-7.44052997e+01
273.215000,-1.05820692e+02,-7.44053605e+01
273.220000,-1.05820754e+02,-7.44054224e+01
273.225000,-1.05820817e+02,-7.44054861e+01
273.230000,-1.05820885e+02,-7.44055536e+01
273.235000,-1.05820961e+02,-7.44056295e+01
273.240000,-1.05821045e+02,-7.44057138e+01
273.245000,-1.05821130e+02,-7.44057987e+01
273.250000,-1.05821210e+02,-7.44058785e+01
273.255000,-1.05821284e+02,-7.44059526e+01
273.260000,-1.05821353e+02,-7.44060218e+01
273.265000,-1.05821421e+02,-7.44060895e+01
273.270000,-1.05821492e+02,-7.44061613e+01
273.275000,-1.05821572e+02,-7.44062413e+01
273.280000,-1.05821661e+02,-7.44063300e+01
273.285000,-1.05821755e+02,-7.44064241e+01
273.290000,-1.05821852e+02,-7.44065203e+01
273.295000,-1.05821949e+02,-7.44066178e+01
273.300000,-1.05822048e+02,-7.44067166e+01
273.305000,-1.05822148e+02,-7.44068163e+01
273.310000,-1.05822248e+02,-7.44069163e+01
273.315000,-1.05822348e+02,-7.44070164e+01
273.320000,-1.05822444e+02,-7.44071136e+01
273.325000,-1.05822536e+02,-7.44072051e+01
273.330000,-1.05822617e+02,-7.44072860e+01
273.335000,-1.05822684e+02,-7.44073530e+01
273.340000,-1.05822735e+02,-7.44074041e+01
273.345000,-1.05822771e+02,-7.44074399e+01
273.350000,-1.05822793e+02,-7.44074627e+01
273.355000,-1.05822810e+02,-7.44074784e+01
273.360000,-1.05822819e+02,-7.44074884e+01
273.365000,-1.05822825e+02,-7.44074932e+01
273.370000,-1.05822822e+02,-7.44074910e+01
273.375000,-1.05822813e+02,-7.44074817e+01
273.380000,-1.05822796e+02,-7.44074647e+01
273.385000,-1.05822773e+02,-7.44074416e+01
273.390000,-1.05822750e+02,-7.44074187e+01
273.395000,-1.05822734e+02,-7.44074024e+01
273.400000,-1.05822726e+02,-7.44073954e+01
273.405000,-1.05822731e+02,-7.44073998e+01
273.410000,-1.05822743e+02,-7.44074118e+01
273.415000,-1.05822759e+02,-7.44074272e+01
273.420000,-1.05822775e+02,-7.44074429e+01
273.425000,-1.05822789e+02,-7.44074574e+01
273.430000,-1.05822802e+02,-7.44074696e+01
273.435000,-1.05822808e+02,-7.44074766e+01
273.440000,-1.05822807e+02,-7.44074753e+01
273.445000,-1.05822796e+02,-7.44074643e+01
273.450000,-1.05822774e+02,-7.44074427e+01
273.455000,-1.05822743e+02,-7.44074116e+01
273.460000,-1.05822706e+02,-7.44073747e+01
273.465000,-1.05822667e+02,-7.44073358e+01
273.470000,-1.05822633e+02,-7.44073009e+01
273.475000,-1.05822606e+02,-7.44072743e+01
273.480000,-1.05822591e+02,-7.44072597e+01
273.485000,-1.05822589e+02,-7.44072566e+01
273.490000,-1.05822595e+02,-7.44072631e+01
273.495000,-1.05822612e+02,-7.44072795e+01
273.500000,-1.05822639e+02,-7.44073068e+01
273.505000,-1.05822678e+02,-7.44073457e+01
273.510000,-1.05822727e+02,-7.44073957e+01
273.515000,-1.05822788e+02,-7.44074564e+01
273.520000,-1.05822859e+02,-7.44075275e+01
273.525000,-1.05822939e+02,-7.44076069e+01
273.530000,-1.05823021e+02,-7.44076895e+01
273.535000,-1.05823100e+02,-7.44077685e+01
273.540000,-1.05823168e+02,-7.44078362e+01
273.545000,-1.05823220e+02,-7.44078883e+01
273.550000,-1.05823257e+02,-7.44079250e+01
273.555000,-1.05823281e+02,-7.44079493e+01
273.560000,-1.05823296e+02,-7.44079644e+01
273.565000,-1.05823305e+02,-7.44079732e+01
273.570000,-1.05823309e+02,-7.44079772e+01
273.575000,-1.05823305e+02,-7.44079737e+01
273.580000,-1.05823293e+02,-7.44079613e+01
273.585000,-1.05823269e+02,-7.44079373e+01
273.590000,-1.05823233e+02,-7.44079012e+01
273.595000,-1.05823187e+02,-7.44078558e+01
273.600000,-1.05823136e+02,-7.44078048e+01
273.605000,-1.05823080e+02,-7.44077486e+01
273.610000,-1.05823018e+02,-7.44076874e+01
273.615000,-1.05822952e+02,-7.44076211e+01
273.620000,-1.05822882e+02,-7.44075503e+01
273.625000,-1.05822807e+02,-7.44074762e+01
273.630000,-1.05822738e+02,-7.44074074e+01
273.635000,-1.05822687e+02,-7.44073560e+01
273.640000,-1.05822662e+02,-7.44073306e+01
273.645000,-1.05822667e+02,-7.44073363e+01
273.650000,-1.05822705e+02,-7.44073745e+01
273.655000,-1.05822775e+02,-7.44074440e+01
273.660000,-1.05822873e+02,-7.44075426e+01
273.665000,-1.05822996e+02,-7.44076647e+01
273.670000,-1.05823133e+02,-7.44078025e+01
273.675000,-1.05823282e+02,-7.44079515e+01
273.680000,-1.05823441e+02,-7.44081098e+01
273.685000,-1.05823606e+02,-7.44082752e+01
273.690000,-1.05823774e+02,-7.44084437e+01
273.695000,-1.05823945e+02,-7.44086141e+01
273.700000,-1.05824120e+02,-7.44087887e+01
273.705000,-1.05824303e+02,-7.44089712e+01
273.710000,-1.05824493e+02,-7.44091619e+01
273.715000,-1.05824689e+02,-7.44093575e+01
273.720000,-1.05824885e+02,-7.44095533e+01
273.725000,-1.05825078e+02,-7.44097472e+01
273.730000,-1.05825270e+02,-7.44099390e+01
273.735000,-1.05825457e+02,-7.44101250e+01
273.740000,-1.05825629e+02,-7.44102974e+01
273.745000,-1.05825780e+02,-7.44104481e+01
273.750000,-1.05825905e+02,-7.44105731e+01
273.755000,-1.05826004e+02,-7.44106726e+01
273.760000,-1.05826082e+02,-7.44107506e+01
273.765000,-1.05826144e+02,-7.44108119e+01
273.770000,-1.05826193e+02,-7.44108612e+01
273.775000,-1.05826236e+02,-7.44109049e+01
273.780000,-1.05826281e+02,-7.44109500e+01
273.785000,-1.05826335e+02,-7.44110030e+01
273.790000,-1.05826394e+02,-7.44110627e+01
273.795000,-1.05826458e+02,-7.44111263e+01
273.800000,-1.05826523e+02,-7.44111913e+01
273.805000,-1.05826590e+02,-7.44112580e+01
273.810000,-1.05826660e+02,-7.44113286e+01
273.815000,-1.05826737e+02,-7.44114057e+01
273.820000,-1.05826820e+02,-7.44114890e+01
273.825000,-1.05826908e+02,-7.44115764e+01
273.830000,-1.05826996e+02,-7.44116648e+01
273.835000,-1.05827084e+02,-7.44117523e+01
273.840000,-1.05827167e+02,-7.44118359e+01
273.845000,-1.05827244e+02,-7.44119126e+01
273.850000,-1.05827311e+02,-7.44119798e+01
273.855000,-1.05827367e+02,-7.44120362e+01
273.860000,-1.05827413e+02,-7.44120818e+01
273.865000,-1.05827443e+02,-7.44121123e+01
273.870000,-1.05827457e+02,-7.44121264e+01
273.875000,-1.05827459e+02,-7.44121277e+01
273.880000,-1.05827454e+02,-7.44121231e+01
273.885000,-1.05827450e+02,-7.44121190e+01
273.890000,-1.05827439e+02,-7.44121092e+01
273.895000,-1.05827418e+02,-7.44120868e+01
273.900000,-1.05827378e+02,-7.44120473e+01
273.905000,-1.05827320e+02,-7.44119885e+01
273.910000,-1.05827245e+02,-7.44119134e+01
273.915000,-1.05827159e+02,-7.44118281e+01
273.920000,-1.05827069e+02,-7.44117373e+01
273.925000,-1.05826976e+02,-7.44116449e+01
273.930000,-1.05826887e+02,-7.44115560e+01
273.935000,-1.05826813e+02,-7.44114811e+01
273.940000,-1.05826760e+02,-7.44114282e+01
273.945000,-1.05826731e+02,-7.44113989e+01
273.950000,-1.05826722e+02,-7.44113903e+01
273.955000,-1.05826730e+02,-7.44113985e+01
273.960000,-1.05826752e+02,-7.44114202e+01
273.965000,-1.05826782e+02,-7.44114506e+01
273.970000,-1.05826816e+02,-7.44114843e+01
273.975000,-1.05826849e+02,-7.44115177e+01
273.980000,-1.05826881e+02,-7.44115488e+01
273.985000,-1.05826908e+02,-7.44115760e+01
273.990000,-1.05826927e+02,-7.44115958e+01
273.995000,-1.05826936e+02,-7.44116043e+01
274.000000,-1.05826932e+02,-7.44116004e+01
274.005000,-1.05826916e+02,-7.44115845e+01
274.010000,-1.05826889e+02,-7.44115578e+01
274.015000,-1.05826853e+02,-7.44115217e+01
274.020000,-1.05826806e+02,-7.44114747e+01
274.025000,-1.05826744e+02,-7.44114129e+01
274.030000,-1.05826662e+02,-7.44113305e+01
274.035000,-1.05826556e+02,-7.44112249e+01
274.040000,-1.05826430e+02,-7.44110985e+01
274.045000,-1.05826285e+02,-7.44109528e+01
274.050000,-1.05826121e+02,-7.44107896e+01
274.055000,-1.05825942e+02,-7.44106102e+01
274.060000,-1.05825751e+02,-7.44104198e+01
274.065000,-1.05825556e+02,-7.44102246e+01
274.070000,-1.05825362e+02,-7.44100303e+01
274.075000,-1.05825173e+02,-7.44098416e+01
274.080000,-1.05824993e+02,-7.44096612e+01
274.085000,-1.05824826e+02,-7.44094942e+01
274.090000,-1.05824674e+02,-7.44093432e+01
274.095000,-1.05824535e+02,-7.44092041e+01
274.100000,-1.05824404e+02,-7.44090724e+01
274.105000,-1.05824279e+02,-7.44089473e+01
274.110000,-1.05824162e+02,-7.44088307e+01
274.115000,-1.05824056e+02,-7.44087248e+01
274.120000,-1.05823961e+02,-7.44086295e+01
274.125000,-1.05823870e+02,-7.44085386e+01
274.130000,-1.05823777e+02,-7.44084455e+01
274.135000,-1.05823680e+02,-7.44083487e+01
274.140000,-1.05823579e+02,-7.44082478e+01
274.145000,-1.05823474e+02,-7.44081425e+01
274.150000,-1.05823362e+02,-7.44080310e+01
274.155000,-1.05823243e+02,-7.44079118e+01
274.160000,-1.05823116e+02,-7.44077850e+01
274.165000,-1.05822979e+02,-7.44076485e+01
274.170000,-1.05822831e+02,-7.44074996e+01
274.175000,-1.05822664e+02,-7.44073326e+01
274.180000,-1.05822480e+02,-7.44071487e+01
274.185000,-1.05822285e+02,-7.44069536e+01
274.190000,-1.05822082e+02,-7.44067512e+01
274.195000,-1.05821874e+02,-7.44065430e+01
274.200000,-1.05821658e+02,-7.44063268e+01
274.205000,-1.05821430e+02,-7.44060988e+01
274.210000,-1.05821191e+02,-7.44058598e+01
274.215000,-1.05820944e+02,-7.44056130e+01
274.220000,-1.05820693e+02,-7.44053615e+01
274.225000,-1.05820439e+02,-7.44051079e+01
274.230000,-1.05820186e+02,-7.44048548e+01
274.235000,-1.05819938e+02,-7.44046066e+01
274.240000,-1.05819694e+02,-7.44043630e+01
274.245000,-1.05819453e+02,-7.44041215e+01
274.250000,-1.05819211e+02,-7.44038802e+01
274.255000,-1.05818970e+02,-7.44036389e+01
274.260000,-1.05818730e+02,-7.44033985e+01
274.265000,-1.05818491e+02,-7.44031596e+01
274.270000,-1.05818254e+02,-7.44029229e+01
274.275000,-1.05818021e+02,-7.44026898e+01
274.280000,-1.05817792e+02,-7.44024604e+01
274.285000,-1.05817566e+02,-7.44022350e+01
274.290000,-1.05817345e+02,-7.44020134e+01
274.295000,-1.05817128e+02,-7.44017968e+01
274.300000,-1.05816916e+02,-7.44015844e+01
274.305000,-1.05816705e+02,-7.44013734e+01
274.310000,-1.05816496e+02,-7.44011652e+01
274.315000,-1.05816294e+02,-7.44009629e+01
274.320000,-1.05816101e+02,-7.44007698e+01
274.325000,-1.05815920e+02,-7.44005886e+01
274.330000,-1.05815748e+02,-7.44004164e+01
274.335000,-1.05815579e+02,-7.44002472e+01
274.340000,-1.05815405e+02,-7.44000737e+01
274.345000,-1.05815216e+02,-7.43998850e+01
274.350000,-1.05815002e+02,-7.43996701e+01
274.355000,-1.05814757e+02,-7.43994251e+01
274.360000,-1.05814489e+02,-7.43991577e+01
274.365000,-1.05814209e+02,-7.43988776e+01
274.370000,-1.05813924e+02,-7.43985928e+01
274.375000,-1.05813642e+02,-7.43983104e+01
274.380000,-1.05813367e+02,-7.43980351e+01
274.385000,-1.05813101e+02,-7.43977690e+01
274.390000,-1.05812841e+02,-7.43975093e+01
274.395000,-1.05812584e+02,-7.43972524e+01
274.400000,-1.05812328e+02,-7.43969968e+01
274.405000,-1.05812074e+02,-7.43967422e+01
274.410000,-1.05811822e+02,-7.43964898e+01
274.415000,-1.05811573e+02,-7.43962415e+01
274.420000,-1.05811332e+02,-7.43960006e+01
274.425000,-1.05811099e+02,-7.43957672e+01
274.430000,-1.05810870e+02,-7.43955387e+01
274.435000,-1.05810645e+02,-7.43953131e+01
274.440000,-1.05810420e+02,-7.43950883e+01
274.445000,-1.05810194e+02,-7.43948631e+01
274.450000,-1.05809968e+02,-7.43946364e+01
274.455000,-1.05809742e+02,-7.43944105e+01
274.460000,-1.05809520e+02,-7.43941887e+01
274.465000,-1.05809305e+02,-7.43939735e+01
274.470000,-1.05809096e+02,-7.43937648e+01
274.475000,-1.05808891e+02,-7.43935593e+01
274.480000,-1.05808684e+02,-7.43933527e+01
274.485000,-1.05808470e+02,-7.43931387e+01
274.490000,-1.05808241e+02,-7.43929095e+01
274.495000,-1.05807985e+02,-7.43926536e+01
274.500000,-1.05807694e+02,-7.43923628e+01
274.505000,-1.05807370e+02,-7.43920386e+01
274.510000,-1.05807017e+02,-7.43916858e+01
274.515000,-1.05806641e+02,-7.43913097e+01
274.520000,-1.05806247e+02,-7.43909160e+01
274.525000,-1.05805842e+02,-7.43905109e+01
274.530000,-1.05805433e+02,-7.43901020e+01
274.535000,-1.05805026e+02,-7.43896950e+01
274.540000,-1.05804625e+02,-7.43892941e+01
274.545000,-1.05804238e+02,-7.43889064e+01
274.550000,-1.05803871e+02,-7.43885401e+01
274.555000,-1.05803535e+02,-7.43882035e+01
274.560000,-1.05803234e+02,-7.43879024e+01
274.565000,-1.05802967e+02,-7.43876362e+01
274.570000,-1.05802731e+02,-7.43874002e+01
274.575000,-1.05802519e+02,-7.43871881e+01
274.580000,-1.05802325e+02,-7.43869945e+01
274.585000,-1.05802149e+02,-7.43868174e+01
274.590000,-1.05801987e+02,-7.43866557e+01
274.595000,-1.05801841e+02,-7.43865099e+01
274.600000,-1.05801711e+02,-7.43863800e+01
274.605000,-1.05801597e+02,-7.43862656e+01
274.610000,-1.05801499e+02,-7.43861677e+01
274.615000,-1.05801416e+02,-7.43860853e+01
274.620000,-1.05801345e+02,-7.43860138e+01
274.625000,-1.05801280e+02,-7.43859491e+01
274.630000,-1.05801217e+02,-7.43858857e+01
274.635000,-1.05801151e+02,-7.43858201e+01
274.640000,-1.05801076e+02,-7.43857448e+01
274.645000,-1.05800983e+02,-7.43856517e+01
274.650000,-1.05800867e+02,-7.43855353e+01
274.655000,-1.05800727e+02,-7.43853957e+01
274.660000,-1.05800570e+02,-7.43852382e+01
274.665000,-1.05800404e+02,-7.43850727e+01
274.670000,-1.05800243e+02,-7.43849111e+01
274.675000,-1.05800093e+02,-7.43847619e+01
274.680000,-1.05799961e+02,-7.43846296e+01
274.685000,-1.05799842e+02,-7.43845105e+01
274.690000,-1.05799727e+02,-7.43843952e+01
274.695000,-1.05799606e+02,-7.43842741e+01
274.700000,-1.05799473e+02,-7.43841421e+01
274.705000,-1.05799330e+02,-7.43839987e+01
274.710000,-1.05799178e+02,-7.43838468e+01
274.715000,-1.05799021e+02,-7.43836898e+01
274.720000,-1.05798860e+02,-7.43835291e+01
274.725000,-1.05798697e+02,-7.43833655e+01
274.730000,-1.05798531e+02,-7.43831997e+01
274.735000,-1.05798369e+02,-7.43830377e+01
274.740000,-1.05798219e+02,-7.43828875e+01
274.745000,-1.05798083e+02,-7.43827522e+01
274.750000,-1.05797961e+02,-7.43826300e+01
274.755000,-1.05797846e+02,-7.43825148e+01
274.760000,-1.05797732e+02,-7.43824010e+01
274.765000,-1.05797615e+02,-7.43822837e+01
274.770000,-1.05797491e+02,-7.43821600e+01
274.775000,-1.05797361e+02,-7.43820294e+01
274.780000,-1.05797224e+02,-7.43818927e+01
274.785000,-1.05797082e+02,-7.43817511e+01
274.790000,-1.05796931e+02,-7.43816003e+01
274.795000,-1.05796768e+02,-7.43814372e+01
274.800000,-1.05796594e+02,-7.43812626e+01
274.805000,-1.05796410e+02,-7.43810792e+01
274.810000,-1.05796223e+02,-7.43808920e+01
274.815000,-1.05796036e+02,-7.43807050e+01
274.820000,-1.05795852e+02,-7.43805213e+01
274.825000,-1.05795674e+02,-7.43803424e+01
274.830000,-1.05795499e+02,-7.43801682e+01
274.835000,-1.05795332e+02,-7.43800005e+01
274.840000,-1.05795173e+02,-7.43798414e+01
274.845000,-1.05795024e+02,-7.43796926e+01
274.850000,-1.05794883e+02,-7.43795521e+01
274.855000,-1.05794747e+02,-7.43794155e+01
274.860000,-1.05794608e+02,-7.43792765e+01
274.865000,-1.05794463e+02,-7.43791320e+01
274.870000,-1.05794316e+02,-7.43789846e+01
274.875000,-1.05794173e+02,-7.43788421e+01
274.880000,-1.05794043e+02,-7.43787116e+01
274.885000,-1.05793930e+02,-7.43785987e+01
274.890000,-1.05793835e+02,-7.43785043e+01
274.895000,-1.05793754e+02,-7.43784233e+01
274.900000,-1.05793680e+02,-7.43783492e+01
274.905000,-1.05793607e+02,-7.43782763e+01
274.910000,-1.05793533e+02,-7.43782023e+01
274.915000,-1.05793459e+02,-7.43781280e+01
274.920000,-1.05793387e+02,-7.43780563e+01
274.925000,-1.05793321e+02,-7.43779906e+01
274.930000,-1.05793261e+02,-7.43779305e+01
274.935000,-1.05793207e+02,-7.43778756e+01
274.940000,-1.05793153e+02,-7.43778217e+01
274.945000,-1.05793093e+02,-7.43777616e+01
274.950000,-1.05793021e+02,-7.43776901e+01
274.955000,-1.05792937e+02,-7.43776061e+01
274.960000,-1.05792844e+02,-7.43775122e+01
274.965000,-1.05792744e+02,-7.43774127e+01
274.970000,-1.05792644e+02,-7.43773130e+01
274.975000,-1.05792546e+02,-7.43772152e+01
274.980000,-1.05792451e+02,-7.43771192e+01
274.985000,-1.05792356e+02,-7.43770249e+01
274.990000,-1.05792264e+02,-7.43769324e+01
274.995000,-1.05792174e+02,-7.43768431e+01
275.000000,-1.05792090e+02,-7.43767587e+01
275.005000,-1.05792010e+02,-7.43766789e+01
275.010000,-1.05791935e+02,-7.43766042e+01
275.015000,-1.05791871e+02,-7.43765407e+01
275.020000,-1.05791825e+02,-7.43764942e+01
275.025000,-1.05791795e+02,-7.43764637e+01
275.030000,-1.05791778e+02,-7.43764470e+01
275.035000,-1.05791776e+02,-7.43764448e+01
275.040000,-1.05791787e+02,-7.43764560e+01
275.045000,-1.05791807e+02,-7.43764757e+01
275.050000,-1.05791828e+02,-7.43764974e+01
275.055000,-1.05791847e+02,-7.43765162e+01
275.060000,-1.05791862e+02,-7.43765307e+01
275.065000,-1.05791873e+02,-7.43765421e+01
275.070000,-1.05791883e+02,-7.43765523e+01
275.075000,-1.05791889e+02,-7.43765585e+01
275.080000,-1.05791879e+02,-7.43765479e+01
275.085000,-1.05791840e+02,-7.43765091e+01
275.090000,-1.05791773e+02,-7.43764423e+01
275.095000,-1.05791683e+02,-7.43763523e+01
275.100000,-1.05791575e+02,-7.43762442e+01
275.105000,-1.05791453e+02,-7.43761220e+01
275.110000,-1.05791321e+02,-7.43759898e+01
275.115000,-1.05791180e+02,-7.43758486e+01
275.120000,-1.05791029e+02,-7.43756980e+01
275.125000,-1.05790870e+02,-7.43755390e+01
275.130000,-1.05790705e+02,-7.43753742e+01
275.135000,-1.05790539e+02,-7.43752079e+01
275.140000,-1.05790374e+02,-7.43750427e+01
275.145000,-1.05790211e+02,-7.43748799e+01
275.150000,-1.05790053e+02,-7.43747216e+01
275.155000,-1.05789903e+02,-7.43745722e+01
275.160000,-1.05789772e+02,-7.43744414e+01
275.165000,-1.05789668e+02,-7.43743373e+01
275.170000,-1.05789593e+02,-7.43742621e+01
275.175000,-1.05789543e+02,-7.43742122e+01
275.180000,-1.05789510e+02,-7.43741786e+01
275.185000,-1.05789483e+02,-7.43741519e+01
275.190000,-1.05789451e+02,-7.43741207e+01
275.195000,-1.05789408e+02,-7.43740771e+01
275.200000,-1.05789349e+02,-7.43740187e+01
275.205000,-1.05789278e+02,-7.43739472e+01
275.210000,-1.05789197e+02,-7.43738662e+01
275.215000,-1.05789109e+02,-7.43737791e+01
275.220000,-1.05789016e+02,-7.43736854e+01
275.225000,-1.05788910e+02,-7.43735793e+01
275.230000,-1.05788786e+02,-7.43734550e+01
275.235000,-1.05788642e+02,-7.43733115e+01
275.240000,-1.05788483e+02,-7.43731518e+01
275.245000,-1.05788312e+02,-7.43729809e+01
275.250000,-1.05788135e+02,-7.43728039e+01
275.255000,-1.05787955e+02,-7.43726247e+01
275.260000,-1.05787774e+02,-7.43724432e+01
275.265000,-1.05787589e+02,-7.43722583e+01
275.270000,-1.05787400e+02,-7.43720691e+01
275.275000,-1.05787210e+02,-7.43718790e+01
275.280000,-1.05787025e+02,-7.43716943e+01
275.285000,-1.05786852e+02,-7.43715215e+01
275.290000,-1.05786695e+02,-7.43713647e+01
275.295000,-1.05786560e+02,-7.43712291e+01
275.300000,-1.05786454e+02,-7.43711230e+01
275.305000,-1.05786387e+02,-7.43710559e+01
275.310000,-1.05786362e+02,-7.43710316e+01
275.315000,-1.05786378e+02,-7.43710470e+01
275.320000,-1.05786424e+02,-7.43710936e+01
275.325000,-1.05786490e+02,-7.43711590e+01
275.330000,-1.05786559e+02,-7.43712283e+01
275.335000,-1.05786617e+02,-7.43712866e+01
275.340000,-1.05786655e+02,-7.43713241e+01
275.345000,-1.05786667e+02,-7.43713364e+01
275.350000,-1.05786655e+02,-7.43713241e+01
275.355000,-1.05786619e+02,-7.43712883e+01
275.360000,-1.05786558e+02,-7.43712268e+01
275.365000,-1.05786468e+02,-7.43711367e+01
275.370000,-1.05786347e+02,-7.43710156e+01
275.375000,-1.05786198e+02,-7.43708671e+01
275.380000,-1.05786029e+02,-7.43706979e+01
275.385000,-1.05785846e+02,-7.43705146e+01
275.390000,-1.05785654e+02,-7.43703231e+01
275.395000,-1.05785462e+02,-7.43701305e+01
275.400000,-1.05785273e+02,-7.43699414e+01
275.405000,-1.05785092e+02,-7.43697610e+01
275.410000,-1.05784924e+02,-7.43695929e+01
275.415000,-1.05784772e+02,-7.43694405e+01
275.420000,-1.05784637e+02,-7.43693053e+01
275.425000,-1.05784519e+02,-7.43691881e+01
275.430000,-1.05784418e+02,-7.43690867e+01
275.435000,-1.05784331e+02,-7.43689997e+01
275.440000,-1.05784258e+02,-7.43689270e+01
275.445000,-1.05784203e+02,-7.43688721e+01
275.450000,-1.05784171e+02,-7.43688401e+01
275.455000,-1.05784166e+02,-7.43688345e+01
275.460000,-1.05784184e+02,-7.43688531e+01
275.465000,-1.05784220e+02,-7.43688888e+01
275.470000,-1.05784263e+02,-7.43689319e+01
275.475000,-1.05784305e+02,-7.43689739e+01
275.480000,-1.05784339e+02,-7.43690082e+01
275.485000,-1.05784363e+02,-7.43690319e+01
275.490000,-1.05784378e+02,-7.43690465e+01
275.495000,-1.05784382e+02,-7.43690511e+01
275.500000,-1.05784373e+02,-7.43690424e+01
275.505000,-1.05784345e+02,-7.43690139e+01
275.510000,-1.05784288e+02,-7.43689573e+01
275.515000,-1.05784200e+02,-7.43688686e+01
275.520000,-1.05784080e+02,-7.43687487e+01
275.525000,-1.05783938e+02,-7.43686071e+01
275.530000,-1.05783786e+02,-7.43684550e+01
275.535000,-1.05783634e+02,-7.43683025e+01
275.540000,-1.05783487e+02,-7.43681558e+01
275.545000,-1.05783348e+02,-7.43680167e+01
275.550000,-1.05783218e+02,-7.43678871e+01
275.555000,-1.05783101e+02,-7.43677703e+01
275.560000,-1.05782998e+02,-7.43676672e+01
275.565000,-1.05782908e+02,-7.43675767e+01
275.570000,-1.05782827e+02,-7.43674958e+01
275.575000,-1.05782754e+02,-7.43674226e+01
275.580000,-1.05782687e+02,-7.43673565e+01
275.585000,-1.05782634e+02,-7.43673030e+01
275.590000,-1.05782600e+02,-7.43672687e+01
275.595000,-1.05782588e+02,-7.43672571e+01
275.600000,-1.05782600e+02,-7.43672693e+01
275.605000,-1.05782633e+02,-7.43673023e+01
275.610000,-1.05782681e+02,-7.43673500e+01
275.615000,-1.05782738e+02,-7.43674066e+01
275.620000,-1.05782799e+02,-7.43674676e+01
275.625000,-1.05782860e+02,-7.43675290e+01
275.630000,-1.05782917e+02,-7.43675857e+01
275.635000,-1.05782963e+02,-7.43676323e+01
275.640000,-1.05782996e+02,-7.43676655e+01
275.645000,-1.05783015e+02,-7.43676841e+01
275.650000,-1.05783017e+02,-7.43676865e+01
275.655000,-1.05782999e+02,-7.43676683e+01
275.660000,-1.05782958e+02,-7.43676268e+01
275.665000,-1.05782896e+02,-7.43675650e+01
275.670000,-1.05782821e+02,-7.43674898e+01
275.675000,-1.05782738e+02,-7.43674075e+01
275.680000,-1.05782654e+02,-7.43673233e+01
275.685000,-1.05782569e+02,-7.43672379e+01
275.690000,-1.05782483e+02,-7.43671518e+01
275.695000,-1.05782399e+02,-7.43670680e+01
275.700000,-1.05782320e+02,-7.43669893e+01
275.705000,-1.05782248e+02,-7.43669167e+01
275.710000,-1.05782183e+02,-7.43668513e+01
275.715000,-1.05782126e+02,-7.43667949e+01
275.720000,-1.05782080e+02,-7.43667488e+01
275.725000,-1.05782045e+02,-7.43667142e+01
275.730000,-1.05782023e+02,-7.43666923e+01
275.735000,-1.05782016e+02,-7.43666848e+01
275.740000,-1.05782024e+02,-7.43666925e+01
275.745000,-1.05782046e+02,-7.43667149e+01
275.750000,-1.05782082e+02,-7.43667510e+01
275.755000,-1.05782132e+02,-7.43668008e+01
275.760000,-1.05782190e+02,-7.43668595e+01
275.765000,-1.05782279e+02,-7.43669484e+01
275.770000,-1.05782417e+02,-7.43670864e+01
275.775000,-1.05782598e+02,-7.43672672e+01
275.780000,-1.05782811e+02,-7.43674802e+01
275.785000,-1.05783037e+02,-7.43677061e+01
275.790000,-1.05783258e+02,-7.43679269e+01
275.795000,-1.05783461e+02,-7.43681296e+01
275.800000,-1.05783635e+02,-7.43683037e+01
275.805000,-1.05783774e+02,-7.43684431e+01
275.810000,-1.05783879e+02,-7.43685477e+01
275.815000,-1.05783954e+02,-7.43686228e+01
275.820000,-1.05784006e+02,-7.43686754e+01
275.825000,-1.05784041e+02,-7.43687100e+01
275.830000,-1.05784060e+02,-7.43687291e+01
275.835000,-1.05784070e+02,-7.43687385e+01
275.840000,-1.05784080e+02,-7.43687483e+01
275.845000,-1.05784094e+02,-7.43687631e+01
275.850000,-1.05784112e+02,-7.43687810e+01
275.855000,-1.05784130e+02,-7.43687988e+01
275.860000,-1.05784145e+02,-7.43688134e+01
275.865000,-1.05784155e+02,-7.43688238e+01
275.870000,-1.05784162e+02,-7.43688307e+01
275.875000,-1.05784172e+02,-7.43688404e+01
275.880000,-1.05784191e+02,-7.43688596e+01
275.885000,-1.05784224e+02,-7.43688926e+01
275.890000,-1.05784271e+02,-7.43689398e+01
275.895000,-1.05784335e+02,-7.43690035e+01
275.900000,-1.05784410e+02,-7.43690785e+01
275.905000,-1.05784463e+02,-7.43691317e+01
275.910000,-1.05784470e+02,-7.43691384e+01
275.915000,-1.05784436e+02,-7.43691041e+01
275.920000,-1.05784374e+02,-7.43690418e+01
275.925000,-1.05784292e+02,-7.43689601e+01
275.930000,-1.05784194e+02,-7.43688628e+01
275.935000,-1.05784075e+02,-7.43687438e+01
275.940000,-1.05783954e+02,-7.43686227e+01
275.945000,-1.05783861e+02,-7.43685299e+01
275.950000,-1.05783796e+02,-7.43684650e+01
275.955000,-1.05783750e+02,-7.43684193e+01
275.960000,-1.05783712e+02,-7.43683812e+01
275.965000,-1.05783673e+02,-7.43683424e+01
275.970000,-1.05783630e+02,-7.43682987e+01
275.975000,-1.05783581e+02,-7.43682496e+01
275.980000,-1.05783527e+02,-7.43681965e+01
275.985000,-1.05783472e+02,-7.43681408e+01
275.990000,-1.05783414e+02,-7.43680831e+01
275.995000,-1.05783356e+02,-7.43680247e+01
276.000000,-1.05783298e+02,-7.43679664e+01
276.005000,-1.05783242e+02,-7.43679109e+01
276.010000,-1.05783192e+02,-7.43678607e+01
276.015000,-1.05783148e+02,-7.43678170e+01
276.020000,-1.05783113e+02,-7.43677819e+01
276.025000,-1.05783089e+02,-7.43677580e+01
276.030000,-1.05783080e+02,-7.43677486e+01
276.035000,-1.05783084e+02,-7.43677527e+01
276.040000,-1.05783102e+02,-7.43677696e+01
276.045000,-1.05783137e+02,-7.43678051e+01
276.050000,-1.05783195e+02,-7.43678632e+01
276.055000,-1.05783273e+02,-7.43679410e+01
276.060000,-1.05783362e+02,-7.43680307e+01
276.065000,-1.05783455e+02,-7.43681234e+01
276.070000,-1.05783541e+02,-7.43682096e+01
276.075000,-1.05783612e+02,-7.43682805e+01
276.080000,-1.05783661e+02,-7.43683295e+01
276.085000,-1.05783687e+02,-7.43683548e+01
276.090000,-1.05783692e+02,-7.43683594e+01
276.095000,-1.05783683e+02,-7.43683526e+01
276.100000,-1.05783651e+02,-7.43683196e+01
276.105000,-1.05783568e+02,-7.43682375e+01
276.110000,-1.05783444e+02,-7.43681132e+01
276.115000,-1.05783294e+02,-7.43679625e+01
276.120000,-1.05783132e+02,-7.43678010e+01
276.125000,-1.05782973e+02,-7.43676418e+01
276.130000,-1.05782825e+02,-7.43674938e+01
276.135000,-1.05782691e+02,-7.43673601e+01
276.140000,-1.05782570e+02,-7.43672393e+01
276.145000,-1.05782456e+02,-7.43671251e+01
276.150000,-1.05782344e+02,-7.43670134e+01
276.155000,-1.05782234e+02,-7.43669034e+01
276.160000,-1.05782137e+02,-7.43668064e+01
276.165000,-1.05782071e+02,-7.43667405e+01
276.170000,-1.05782036e+02,-7.43667061e+01
276.175000,-1.05782026e+02,-7.43666957e+01
276.180000,-1.05782035e+02,-7.43667052e+01
276.185000,-1.05782062e+02,-7.43667321e+01
276.190000,-1.05782103e+02,-7.43667729e+01
276.195000,-1.05782153e+02,-7.43668224e+01
276.200000,-1.05782206e+02,-7.43668753e+01
276.205000,-1.05782258e+02,-7.43669276e+01
276.210000,-1.05782302e+02,-7.43669718e+01
276.215000,-1.05782332e+02,-7.43670021e+01
276.220000,-1.05782352e+02,-7.43670214e+01
276.225000,-1.05782365e+02,-7.43670353e+01
276.230000,-1.05782379e+02,-7.43670489e+01
276.235000,-1.05782397e+02,-7.43670665e+01
276.240000,-1.05782417e+02,-7.43670868e+01
276.245000,-1.05782436e+02,-7.43671058e+01
276.250000,-1.05782453e+02,-7.43671222e+01
276.255000,-1.05782476e+02,-7.43671448e+01
276.260000,-1.05782491e+02,-7.43671602e+01
276.265000,-1.05782480e+02,-7.43671489e+01
276.270000,-1.05782448e+02,-7.43671166e+01
276.275000,-1.05782412e+02,-7.43670808e+01
276.280000,-1.05782393e+02,-7.43670619e+01
276.285000,-1.05782397e+02,-7.43670658e+01
276.290000,-1.05782423e+02,-7.43670923e+01
276.295000,-1.05782471e+02,-7.43671399e+01
276.300000,-1.05782536e+02,-7.43672040e+01
276.305000,-1.05782612e+02,-7.43672804e+01
276.310000,-1.05782699e+02,-7.43673667e+01
276.315000,-1.05782793e+02,-7.43674607e+01
276.320000,-1.05782893e+02,-7.43675615e+01
276.325000,-1.05783003e+02,-7.43676713e+01
276.330000,-1.05783123e+02,-7.43677907e+01
276.335000,-1.05783248e+02,-7.43679167e+01
276.340000,-1.05783380e+02,-7.43680481e+01
276.345000,-1.05783513e+02,-7.43681815e+01
276.350000,-1.05783644e+02,-7.43683115e+01
276.355000,-1.05783765e+02,-7.43684331e+01
276.360000,-1.05783877e+02,-7.43685452e+01
276.365000,-1.05783984e+02,-7.43686515e+01
276.370000,-1.05784089e+02,-7.43687567e+01
276.375000,-1.05784196e+02,-7.43688640e+01
276.380000,-1.05784302e+02,-7.43689702e+01
276.385000,-1.05784402e+02,-7.43690698e+01
276.390000,-1.05784492e+02,-7.43691607e+01
276.395000,-1.05784572e+02,-7.43692407e+01
276.400000,-1.05784659e+02,-7.43693275e+01
276.405000,-1.05784772e+02,-7.43694403e+01
276.410000,-1.05784903e+02,-7.43695712e+01
276.415000,-1.05785043e+02,-7.43697126e+01
276.420000,-1.05785172e+02,-7.43698408e+01
276.425000,-1.05785262e+02,-7.43699311e+01
276.430000,-1.05785314e+02,-7.43699832e+01
276.435000,-1.05785335e+02,-7.43700040e+01
276.440000,-1.05785331e+02,-7.43700001e+01
276.445000,-1.05785308e+02,-7.43699778e+01
276.450000,-1.05785273e+02,-7.43699422e+01
276.455000,-1.05785229e+02,-7.43698988e+01
276.460000,-1.05785184e+02,-7.43698540e+01
276.465000,-1.05785142e+02,-7.43698114e+01
276.470000,-1.05785103e+02,-7.43697726e+01
276.475000,-1.05785069e+02,-7.43697387e+01
276.480000,-1.05785040e+02,-7.43697093e+01
276.485000,-1.05785014e+02,-7.43696837e+01
276.490000,-1.05784991e+02,-7.43696611e+01
276.495000,-1.05784970e+02,-7.43696401e+01
276.500000,-1.05784950e+02,-7.43696199e+01
276.505000,-1.05784934e+02,-7.43696037e+01
276.510000,-1.05784926e+02,-7.43695954e+01
276.515000,-1.05784930e+02,-7.43695991e+01
276.520000,-1.05784953e+02,-7.43696225e+01
276.525000,-1.05785004e+02,-7.43696735e+01
276.530000,-1.05785077e+02,-7.43697460e+01
276.535000,-1.05785161e+02,-7.43698303e+01
276.540000,-1.05785250e+02,-7.43699192e+01
276.545000,-1.05785339e+02,-7.43700081e+01
276.550000,-1.05785431e+02,-7.43700999e+01
276.555000,-1.05785527e+02,-7.43701957e+01
276.560000,-1.05785625e+02,-7.43702941e+01
276.565000,-1.05785721e+02,-7.43703892e+01
276.570000,-1.05785793e+02,-7.43704619e+01
276.575000,-1.05785838e+02,-7.43705056e+01
276.580000,-1.05785863e+02,-7.43705308e+01
276.585000,-1.05785881e+02,-7.43705487e+01
276.590000,-1.05785899e+02,-7.43705668e+01
276.595000,-1.05785925e+02,-7.43705931e+01
276.600000,-1.05785962e+02,-7.43706307e+01
276.605000,-1.05786014e+02,-7.43706813e+01
276.610000,-1.05786075e+02,-7.43707429e+01
276.615000,-1.05786142e+02,-7.43708103e+01
276.620000,-1.05786209e+02,-7.43708765e+01
276.625000,-1.05786270e+02,-7.43709376e+01
276.630000,-1.05786325e+02,-7.43709928e+01
276.635000,-1.05786375e+02,-7.43710432e+01
276.640000,-1.05786425e+02,-7.43710928e+01
276.645000,-1.05786474e+02,-7.43711426e+01
276.650000,-1.05786542e+02,-7.43712104e+01
276.655000,-1.05786648e+02,-7.43713165e+01
276.660000,-1.05786787e+02,-7.43714553e+01
276.665000,-1.05786946e+02,-7.43716141e+01
276.670000,-1.05787112e+02,-7.43717803e+01
276.675000,-1.05787278e+02,-7.43719464e+01
276.680000,-1.05787431e+02,-7.43720994e+01
276.685000,-1.05787560e+02,-7.43722282e+01
276.690000,-1.05787661e+02,-7.43723296e+01
276.695000,-1.05787740e+02,-7.43724083e+01
276.700000,-1.05787805e+02,-7.43724731e+01
276.705000,-1.05787864e+02,-7.43725329e+01
276.710000,-1.05787928e+02,-7.43725967e+01
276.715000,-1.05787998e+02,-7.43726674e+01
276.720000,-1.05788059e+02,-7.43727283e+01
276.725000,-1.05788098e+02,-7.43727675e+01
276.730000,-1.05788121e+02,-7.43727900e+01
276.735000,-1.05788134e+02,-7.43728038e+01
276.740000,-1.05788145e+02,-7.43728148e+01
276.745000,-1.05788154e+02,-7.43728237e+01
276.750000,-1.05788161e+02,-7.43728302e+01
276.755000,-1.05788166e+02,-7.43728358e+01
276.760000,-1.05788172e+02,-7.43728420e+01
276.765000,-1.05788179e+02,-7.43728490e+01
276.770000,-1.05788182e+02,-7.43728519e+01
276.775000,-1.05788184e+02,-7.43728528e+01
276.780000,-1.05788192e+02,-7.43728613e+01
276.785000,-1.05788215e+02,-7.43728844e+01
276.790000,-1.05788252e+02,-7.43729214e+01
276.795000,-1.05788300e+02,-7.43729691e+01
276.800000,-1.05788351e+02,-7.43730196e+01
276.805000,-1.05788394e+02,-7.43730629e+01
276.810000,-1.05788426e+02,-7.43730943e+01
276.815000,-1.05788446e+02,-7.43731146e+01
276.820000,-1.05788457e+02,-7.43731257e+01
276.825000,-1.05788461e+02,-7.43731297e+01
276.830000,-1.05788461e+02,-7.43731297e+01
276.835000,-1.05788462e+02,-7.43731308e+01
276.840000,-1.05788473e+02,-7.43731419e+01
276.845000,-1.05788503e+02,-7.43731717e+01
276.850000,-1.05788562e+02,-7.43732307e+01
276.855000,-1.05788633e+02,-7.43733014e+01
276.860000,-1.05788688e+02,-7.43733564e+01
276.865000,-1.05788727e+02,-7.43733954e+01
276.870000,-1.05788755e+02,-7.43734235e+01
276.875000,-1.05788779e+02,-7.43734472e+01
276.880000,-1.05788803e+02,-7.43734711e+01
276.885000,-1.05788831e+02,-7.43734987e+01
276.890000,-1.05788865e+02,-7.43735332e+01
276.895000,-1.05788910e+02,-7.43735786e+01
276.900000,-1.05788973e+02,-7.43736404e+01
276.905000,-1.05789055e+02,-7.43737232e+01
276.910000,-1.05789170e+02,-7.43738385e+01
276.915000,-1.05789328e+02,-7.43739960e+01
276.920000,-1.05789524e+02,-7.43741929e+01
276.925000,-1.05789750e+02,-7.43744186e+01
276.930000,-1.05789994e+02,-7.43746627e+01
276.935000,-1.05790250e+02,-7.43749185e+01
276.940000,-1.05790514e+02,-7.43751826e+01
276.945000,-1.05790781e+02,-7.43754499e+01
276.950000,-1.05791050e+02,-7.43757184e+01
276.955000,-1.05791318e+02,-7.43759868e+01
276.960000,-1.05791587e+02,-7.43762551e+01
276.965000,-1.05791855e+02,-7.43765240e+01
276.970000,-1.05792129e+02,-7.43767980e+01
276.975000,-1.05792413e+02,-7.43770817e+01
276.980000,-1.05792711e+02,-7.43773799e+01
276.985000,-1.05793030e+02,-7.43776983e+01
276.990000,-1.05793370e+02,-7.43780388e+01
276.995000,-1.05793734e+02,-7.43784031e+01
277.000000,-1.05794098e+02,-7.43787678e+01
277.005000,-1.05794434e+02,-7.43791038e+01
277.010000,-1.05794741e+02,-7.43794104e+01
277.015000,-1.05795028e+02,-7.43796974e+01
277.020000,-1.05795306e+02,-7.43799756e+01
277.025000,-1.05795584e+02,-7.43802529e+01
277.030000,-1.05795865e+02,-7.43805346e+01
277.035000,-1.05796156e+02,-7.43808260e+01
277.040000,-1.05796463e+02,-7.43811314e+01
277.045000,-1.05796787e+02,-7.43814554e+01
277.050000,-1.05797140e+02,-7.43818087e+01
277.055000,-1.05797523e+02,-7.43821916e+01
277.060000,-1.05797933e+02,-7.43826015e+01
277.065000,-1.05798364e+02,-7.43830329e+01
277.070000,-1.05798812e+02,-7.43834802e+01
277.075000,-1.05799269e+02,-7.43839377e+01
277.080000,-1.05799732e+02,-7.43844000e+01
277.085000,-1.05800193e+02,-7.43848618e+01
277.090000,-1.05800652e+02,-7.43853205e+01
277.095000,-1.05801106e+02,-7.43857746e+01
277.100000,-1.05801559e+02,-7.43862270e+01
277.105000,-1.05802014e+02,-7.43866825e+01
277.110000,-1.05802477e+02,-7.43871454e+01
277.115000,-1.05802941e+02,-7.43876104e+01
277.120000,-1.05803401e+02,-7.43880701e+01
277.125000,-1.05803850e+02,-7.43885187e+01
277.130000,-1.05804285e+02,-7.43889534e+01
277.135000,-1.05804690e+02,-7.43893582e+01
277.140000,-1.05805058e+02,-7.43897256e+01
277.145000,-1.05805398e+02,-7.43900655e+01
277.150000,-1.05805720e+02,-7.43903883e+01
277.155000,-1.05806037e+02,-7.43907054e+01
277.160000,-1.05806360e+02,-7.43910284e+01
277.165000,-1.05806699e+02,-7.43913665e+01
277.170000,-1.05807056e+02,-7.43917244e+01
277.175000,-1.05807436e+02,-7.43921037e+01
277.180000,-1.05807829e+02,-7.43924978e+01
277.185000,-1.05808251e+02,-7.43929193e+01
277.190000,-1.05808720e+02,-7.43933882e+01
277.195000,-1.05809232e+02,-7.43939009e+01
277.200000,-1.05809781e+02,-7.43944490e+01
277.205000,-1.05810356e+02,-7.43950247e+01
277.210000,-1.05810953e+02,-7.43956212e+01
277.215000,-1.05811561e+02,-7.43962296e+01
277.220000,-1.05812175e+02,-7.43968432e+01
277.225000,-1.05812792e+02,-7.43974606e+01
277.230000,-1.05813415e+02,-7.43980837e+01
277.235000,-1.05814045e+02,-7.43987130e+01
277.240000,-1.05814681e+02,-7.43993502e+01
277.245000,-1.05815328e+02,-7.43999970e+01
277.250000,-1.05815983e+02,-7.44006517e+01
277.255000,-1.05816644e+02,-7.44013122e+01
277.260000,-1.05817311e+02,-7.44019794e+01
277.265000,-1.05817990e+02,-7.44026595e+01
277.270000,-1.05818669e+02,-7.44033387e+01
277.275000,-1.05819327e+02,-7.44039964e+01
277.280000,-1.05819967e+02,-7.44046363e+01
277.285000,-1.05820598e+02,-7.44052672e+01
277.290000,-1.05821227e+02,-7.44058964e+01
277.295000,-1.05821861e+02,-7.44065305e+01
277.300000,-1.05822509e+02,-7.44071784e+01
277.305000,-1.05823179e+02,-7.44078485e+01
277.310000,-1.05823873e+02,-7.44085426e+01
277.315000,-1.05824585e+02,-7.44092537e+01
277.320000,-1.05825311e+02,-7.44099797e+01
277.325000,-1.05826061e+02,-7.44107295e+01
277.330000,-1.05826836e+02,-7.44115048e+01
277.335000,-1.05827633e+02,-7.44123023e+01
277.340000,-1.05828448e+02,-7.44131167e+01
277.345000,-1.05829271e+02,-7.44139398e+01
277.350000,-1.05830095e+02,-7.44147639e+01
277.355000,-1.05830915e+02,-7.44155843e+01
277.360000,-1.05831733e+02,-7.44164017e+01
277.365000,-1.05832546e+02,-7.44172147e+01
277.370000,-1.05833352e+02,-7.44180208e+01
277.375000,-1.05834150e+02,-7.44188183e+01
277.380000,-1.05834940e+02,-7.44196086e+01
277.385000,-1.05835731e+02,-7.44203988e+01
277.390000,-1.05836529e+02,-7.44211975e+01
277.395000,-1.05837349e+02,-7.44220163e+01
277.400000,-1.05838171e+02,-7.44228387e+01
277.405000,-1.05838974e+02,-7.44236423e+01
277.410000,-1.05839763e+02,-7.44244309e+01
277.415000,-1.05840544e+02,-7.44252119e+01
277.420000,-1.05841323e+02,-7.44259907e+01
277.425000,-1.05842106e+02,-7.44267736e+01
277.430000,-1.05842902e+02,-7.44275696e+01
277.435000,-1.05843716e+02,-7.44283837e+01
277.440000,-1.05844548e+02,-7.44292157e+01
277.445000,-1.05845395e+02,-7.44300631e+01
277.450000,-1.05846255e+02,-7.44309231e+01
277.455000,-1.05847127e+02,-7.44317951e+01
277.460000,-1.05848008e+02,-7.44326764e+01
277.465000,-1.05848916e+02,-7.44335845e+01
277.470000,-1.05849872e+02,-7.44345401e+01
277.475000,-1.05850868e+02,-7.44355368e+01
277.480000,-1.05851889e+02,-7.44365573e+01
277.485000,-1.05852912e+02,-7.44375806e+01
277.490000,-1.05853924e+02,-7.44385932e+01
277.495000,-1.05854921e+02,-7.44395900e+01
277.500000,-1.05855903e+02,-7.44405712e+01
277.505000,-1.05856872e+02,-7.44415400e+01
277.510000,-1.05857836e+02,-7.44425040e+01
277.515000,-1.05858805e+02,-7.44434739e+01
277.520000,-1.05859790e+02,-7.44444586e+01
277.525000,-1.05860797e+02,-7.44454655e+01
277.530000,-1.05861835e+02,-7.44465045e+01
277.535000,-1.05862891e+02,-7.44475597e+01
277.540000,-1.05863936e+02,-7.44486050e+01
277.545000,-1.05864967e+02,-7.44496364e+01
277.550000,-1.05865990e+02,-7.44506586e+01
277.555000,-1.05867012e+02,-7.44516813e+01
277.560000,-1.05868045e+02,-7.44527142e+01
277.565000,-1.05869092e+02,-7.44537609e+01
277.570000,-1.05870153e+02,-7.44548222e+01
277.575000,-1.05871231e+02,-7.44559000e+01
277.580000,-1.05872329e+02,-7.44569975e+01
277.585000,-1.05873443e+02,-7.44581118e+01
277.590000,-1.05874565e+02,-7.44592338e+01
277.595000,-1.05875689e+02,-7.44603572e+01
277.600000,-1.05876818e+02,-7.44614856e+01
277.605000,-1.05877963e+02,-7.44626312e+01
277.610000,-1.05879141e+02,-7.44638085e+01
277.615000,-1.05880346e+02,-7.44650138e+01
277.620000,-1.05881567e+02,-7.44662348e+01
277.625000,-1.05882788e+02,-7.44674559e+01
277.630000,-1.05883998e+02,-7.44686663e+01
277.635000,-1.05885192e+02,-7.44698593e+01
277.640000,-1.05886366e+02,-7.44710334e+01
277.645000,-1.05887523e+02,-7.44721911e+01
277.650000,-1.05888671e+02,-7.44733386e+01
277.655000,-1.05889821e+02,-7.44744881e+01
277.660000,-1.05890957e+02,-7.44756247e+01
277.665000,-1.05892050e+02,-7.44767178e+01
277.670000,-1.05893098e+02,-7.44777647e+01
277.675000,-1.05894104e+02,-7.44787710e+01
277.680000,-1.05895078e+02,-7.44797447e+01
277.685000,-1.05896028e+02,-7.44806952e+01
277.690000,-1.05896965e+02,-7.44816327e+01
277.695000,-1.05897894e+02,-7.44825612e+01
277.700000,-1.05898816e+02,-7.44834833e+01
277.705000,-1.05899734e+02,-7.44844016e+01
277.710000,-1.05900653e+02,-7.44853201e+01
277.715000,-1.05901576e+02,-7.44862433e+01
277.720000,-1.05902504e+02,-7.44871709e+01
277.725000,-1.05903433e+02,-7.44880997e+01
277.730000,-1.05904360e+02,-7.44890273e+01
277.735000,-1.05905287e+02,-7.44899538e+01
277.740000,-1.05906215e+02,-7.44908824e+01
277.745000,-1.05907148e+02,-7.44918151e+01
277.750000,-1.05908076e+02,-7.44927436e+01
277.755000,-1.05909007e+02,-7.44936754e+01
277.760000,-1.05909961e+02,-7.44946284e+01
277.765000,-1.05910929e+02,-7.44955970e+01
277.770000,-1.05911904e+02,-7.44965716e+01
277.775000,-1.05912877e+02,-7.44975443e+01
277.780000,-1.05913847e+02,-7.44985144e+01
277.785000,-1.05914819e+02,-7.44994867e+01
277.790000,-1.05915776e+02,-7.45004442e+01
277.795000,-1.05916697e+02,-7.45013646e+01
277.800000,-1.05917589e+02,-7.45022570e+01
277.805000,-1.05918468e+02,-7.45031359e+01
277.810000,-1.05919337e+02,-7.45040055e+01
277.815000,-1.05920199e+02,-7.45048673e+01
277.820000,-1.05921055e+02,-7.45057236e+01
277.825000,-1.05921911e+02,-7.45065789e+01
277.830000,-1.05922769e+02,-7.45074374e+01
277.835000,-1.05923636e+02,-7.45083043e+01
277.840000,-1.05924516e+02,-7.45091834e+01
277.845000,-1.05925409e+02,-7.45100770e+01
277.850000,-1.05926319e+02,-7.45109872e+01
277.855000,-1.05927243e+02,-7.45119111e+01
277.860000,-1.05928176e+02,-7.45128436e+01
277.865000,-1.05929109e+02,-7.45137767e+01
277.870000,-1.05930035e+02,-7.45147041e+01
277.875000,-1.05930957e+02,-7.45156252e+01
277.880000,-1.05931871e+02,-7.45165389e+01
277.885000,-1.05932780e+02,-7.45174475e+01
277.890000,-1.05933685e+02,-7.45183533e+01
277.895000,-1.05934592e+02,-7.45192589e+01
277.900000,-1.05935505e+02,-7.45201728e+01
277.905000,-1.05936446e+02,-7.45211127e+01
277.910000,-1.05937388e+02,-7.45220550e+01
277.915000,-1.05938301e+02,-7.45229678e+01
277.920000,-1.05939184e+02,-7.45238509e+01
277.925000,-1.05940048e+02,-7.45247151e+01
277.930000,-1.05940907e+02,-7.45255740e+01
277.935000,-1.05941770e+02,-7.45264369e+01
277.940000,-1.05942639e+02,-7.45273063e+01
277.945000,-1.05943516e+02,-7.45281829e+01
277.950000,-1.05944402e+02,-7.45290687e+01
277.955000,-1.05945298e+02,-7.45299655e+01
277.960000,-1.05946208e+02,-7.45308749e+01
277.965000,-1.05947129e+02,-7.45317957e+01
277.970000,-1.05948059e+02,-7.45327258e+01
277.975000,-1.05948995e+02,-7.45336619e+01
277.980000,-1.05949934e+02,-7.45346009e+01
277.985000,-1.05950870e+02,-7.45355365e+01
277.990000,-1.05951796e+02,-7.45364632e+01
277.995000,-1.05952710e+02,-7.45373769e+01
278.000000,-1.05953610e+02,-7.45382765e+01
278.005000,-1.05954498e+02,-7.45391644e+01
278.010000,-1.05955376e+02,-7.45400426e+01
278.015000,-1.05956244e+02,-7.45409107e+01
278.020000,-1.05957096e+02,-7.45417638e+01
278.025000,-1.05957935e+02,-7.45426013e+01
278.030000,-1.05958757e+02,-7.45434238e+01
278.035000,-1.05959564e+02,-7.45442317e+01
278.040000,-1.05960338e+02,-7.45450055e+01
278.045000,-1.05961069e+02,-7.45457366e+01
278.050000,-1.05961770e+02,-7.45464376e+01
278.055000,-1.05962453e+02,-7.45471202e+01
278.060000,-1.05963149e+02,-7.45478161e+01
278.065000,-1.05963888e+02,-7.45485555e+01
278.070000,-1.05964664e+02,-7.45493309e+01
278.075000,-1.05965460e+02,-7.45501274e+01
278.080000,-1.05966271e+02,-7.45509381e+01
278.085000,-1.05967090e+02,-7.45517578e+01
278.090000,-1.05967917e+02,-7.45525841e+01
278.095000,-1.05968749e+02,-7.45534170e+01
278.100000,-1.05969590e+02,-7.45542577e+01
278.105000,-1.05970440e+02,-7.45551075e+01
278.110000,-1.05971300e+02,-7.45559675e+01
278.115000,-1.05972170e+02,-7.45568373e+01
278.120000,-1.05973047e+02,-7.45577142e+01
278.125000,-1.05973927e+02,-7.45585944e+01
278.130000,-1.05974807e+02,-7.45594744e+01
278.135000,-1.05975684e+02,-7.45603522e+01
278.140000,-1.05976561e+02,-7.45612284e+01
278.145000,-1.05977431e+02,-7.45620991e+01
278.150000,-1.05978295e+02,-7.45629622e+01
278.155000,-1.05979121e+02,-7.45637879e+01
278.160000,-1.05979878e+02,-7.45645453e+01
278.165000,-1.05980571e+02,-7.45652382e+01
278.170000,-1.05981214e+02,-7.45658810e+01
278.175000,-1.05981828e+02,-7.45664949e+01
278.180000,-1.05982432e+02,-7.45670990e+01
278.185000,-1.05983032e+02,-7.45676998e+01
278.190000,-1.05983630e+02,-7.45682976e+01
278.195000,-1.05984224e+02,-7.45688908e+01
278.200000,-1.05984813e+02,-7.45694797e+01
278.205000,-1.05985399e+02,-7.45700665e+01
278.210000,-1.05985988e+02,-7.45706545e+01
278.215000,-1.05986586e+02,-7.45712532e+01
278.220000,-1.05987209e+02,-7.45718757e+01
278.225000,-1.05987857e+02,-7.45725235e+01
278.230000,-1.05988534e+02,-7.45732002e+01
278.235000,-1.05989242e+02,-7.45739091e+01
278.240000,-1.05989983e+02,-7.45746497e+01
278.245000,-1.05990752e+02,-7.45754181e+01
278.250000,-1.05991540e+02,-7.45762065e+01
278.255000,-1.05992341e+02,-7.45770075e+01
278.260000,-1.05993149e+02,-7.45778153e+01
278.265000,-1.05993958e+02,-7.45786247e+01
278.270000,-1.05994762e+02,-7.45794278e+01
278.275000,-1.05995556e+02,-7.45802236e+01
278.280000,-1.05996321e+02,-7.45809877e+01
278.285000,-1.05997026e+02,-7.45816927e+01
278.290000,-1.05997679e+02,-7.45823465e+01
278.295000,-1.05998299e+02,-7.45829663e+01
278.300000,-1.05998896e+02,-7.45835630e+01
278.305000,-1.05999477e+02,-7.45841432e+01
278.310000,-1.06000044e+02,-7.45847101e+01
278.315000,-1.06000603e+02,-7.45852698e+01
278.320000,-1.06001162e+02,-7.45858288e+01
278.325000,-1.06001722e+02,-7.45863885e+01
278.330000,-1.06002279e+02,-7.45869456e+01
278.335000,-1.06002833e+02,-7.45874996e+01
278.340000,-1.06003385e+02,-7.45880521e+01
278.345000,-1.06003940e+02,-7.45886066e+01
278.350000,-1.06004505e+02,-7.45891719e+01
278.355000,-1.06005090e+02,-7.45897563e+01
278.360000,-1.06005696e+02,-7.45903630e+01
278.365000,-1.06006326e+02,-7.45909931e+01
278.370000,-1.06006977e+02,-7.45916443e+01
278.375000,-1.06007647e+02,-7.45923141e+01
278.380000,-1.06008331e+02,-7.45929983e+01
278.385000,-1.06009024e+02,-7.45936914e+01
278.390000,-1.06009709e+02,-7.45943761e+01
278.395000,-1.06010371e+02,-7.45950382e+01
278.400000,-1.06011011e+02,-7.45956783e+01
278.405000,-1.06011639e+02,-7.45963058e+01
278.410000,-1.06012258e+02,-7.45969251e+01
278.415000,-1.06012865e+02,-7.45975321e+01
278.420000,-1.06013455e+02,-7.45981214e+01
278.425000,-1.06014028e+02,-7.45986948e+01
278.430000,-1.06014589e+02,-7.45992558e+01
278.435000,-1.06015138e+02,-7.45998049e+01
278.440000,-1.06015677e+02,-7.46003440e+01
278.445000,-1.06016211e+02,-7.46008781e+01
278.450000,-1.06016744e+02,-7.46014107e+01
278.455000,-1.06017276e+02,-7.46019431e+01
278.460000,-1.06017807e+02,-7.46024736e+01
278.465000,-1.06018334e+02,-7.46030012e+01
278.470000,-1.06018862e+02,-7.46035289e+01
278.475000,-1.06019396e+02,-7.46040626e+01
278.480000,-1.06019942e+02,-7.46046088e+01
278.485000,-1.06020506e+02,-7.46051729e+01
278.490000,-1.06021090e+02,-7.46057566e+01
278.495000,-1.06021693e+02,-7.46063593e+01
278.500000,-1.06022317e+02,-7.46069853e+01
278.505000,-1.06022946e+02,-7.46076141e+01
278.510000,-1.06023546e+02,-7.46082136e+01
278.515000,-1.06024122e+02,-7.46087894e+01
278.520000,-1.06024684e+02,-7.46093510e+01
278.525000,-1.06025237e+02,-7.46099042e+01
278.530000,-1.06025786e+02,-7.46104525e+01
278.535000,-1.06026332e+02,-7.46109990e+01
278.540000,-1.06026874e+02,-7.46115410e+01
278.545000,-1.06027403e+02,-7.46120703e+01
278.550000,-1.06027914e+02,-7.46125814e+01
278.555000,-1.06028408e+02,-7.46130754e+01
278.560000,-1.06028891e+02,-7.46135579e+01
278.565000,-1.06029370e+02,-7.46140364e+01
278.570000,-1.06029860e+02,-7.46145265e+01
278.575000,-1.06030371e+02,-7.46150371e+01
278.580000,-1.06030897e+02,-7.46155630e+01
278.585000,-1.06031427e+02,-7.46160936e+01
278.590000,-1.06031955e+02,-7.46166215e+01
278.595000,-1.06032481e+02,-7.46171470e+01
278.600000,-1.06033003e+02,-7.46176692e+01
278.605000,-1.06033500e+02,-7.46181655e+01
278.610000,-1.06033952e+02,-7.46186184e+01
278.615000,-1.06034372e+02,-7.46190379e+01
278.620000,-1.06034767e+02,-7.46194335e+01
278.625000,-1.06035146e+02,-7.46198122e+01
278.630000,-1.06035516e+02,-7.46201817e+01
278.635000,-1.06035886e+02,-7.46205523e+01
278.640000,-1.06036270e+02,-7.46209359e+01
278.645000,-1.06036674e+02,-7.46213399e+01
278.650000,-1.06037099e+02,-7.46217654e+01
278.655000,-1.06037544e+02,-7.46222104e+01
278.660000,-1.06038007e+02,-7.46226734e+01
278.665000,-1.06038489e+02,-7.46231563e+01
278.670000,-1.06038994e+02,-7.46236608e+01
278.675000,-1.06039518e+02,-7.46241846e+01
278.680000,-1.06040057e+02,-7.46247238e+01
278.685000,-1.06040608e+02,-7.46252751e+01
278.690000,-1.06041174e+02,-7.46258398e+01
278.695000,-1.06041752e+02,-7.46264196e+01
278.700000,-1.06042311e+02,-7.46269780e+01
278.705000,-1.06042789e+02,-7.46274560e+01
278.710000,-1.06043180e+02,-7.46278471e+01
278.715000,-1.06043498e+02,-7.46281649e+01
278.720000,-1.06043767e+02,-7.46284336e+01
278.725000,-1.06044010e+02,-7.46286771e+01
278.730000,-1.06044250e+02,-7.46289167e+01
278.735000,-1.06044502e+02,-7.46291687e+01
278.740000,-1.06044777e+02,-7.46294441e+01
278.745000,-1.06045083e+02,-7.46297502e+01
278.750000,-1.06045422e+02,-7.46300889e+01
278.755000,-1.06045793e+02,-7.46304603e+01
278.760000,-1.06046197e+02,-7.46308635e+01
278.765000,-1.06046629e+02,-7.46312957e+01
278.770000,-1.06047090e+02,-7.46317574e+01
278.775000,-1.06047586e+02,-7.46322529e+01
278.780000,-1.06048116e+02,-7.46327825e+01
278.785000,-1.06048674e+02,-7.46333406e+01
278.790000,-1.06049253e+02,-7.46339198e+01
278.795000,-1.06049851e+02,-7.46345173e+01
278.800000,-1.06050464e+02,-7.46351300e+01
278.805000,-1.06051088e+02,-7.46357542e+01
278.810000,-1.06051717e+02,-7.46363837e+01
278.815000,-1.06052347e+02,-7.46370138e+01
278.820000,-1.06052976e+02,-7.46376426e+01
278.825000,-1.06053606e+02,-7.46382719e+01
278.830000,-1.06054233e+02,-7.46388992e+01
278.835000,-1.06054849e+02,-7.46395149e+01
278.840000,-1.06055443e+02,-7.46401092e+01
278.845000,-1.06056015e+02,-7.46406808e+01
278.850000,-1.06056570e+02,-7.46412367e+01
278.855000,-1.06057118e+02,-7.46417848e+01
278.860000,-1.06057667e+02,-7.46423334e+01
278.865000,-1.06058222e+02,-7.46428887e+01
278.870000,-1.06058789e+02,-7.46434549e+01
278.875000,-1.06059369e+02,-7.46440355e+01
278.880000,-1.06059965e+02,-7.46446312e+01
278.885000,-1.06060575e+02,-7.46452414e+01
278.890000,-1.06061197e+02,-7.46458638e+01
278.895000,-1.06061828e+02,-7.46464948e+01
278.900000,-1.06062465e+02,-7.46471311e+01
278.905000,-1.06063102e+02,-7.46477680e+01
278.910000,-1.06063735e+02,-7.46484012e+01
278.915000,-1.06064361e+02,-7.46490272e+01
278.920000,-1.06064977e+02,-7.46496437e+01
278.925000,-1.06065586e+02,-7.46502527e+01
278.930000,-1.06066194e+02,-7.46508603e+01
278.935000,-1.06066800e+02,-7.46514662e+01
278.940000,-1.06067399e+02,-7.46520658e+01
278.945000,-1.06067987e+02,-7.46526541e+01
278.950000,-1.06068568e+02,-7.46532344e+01
278.955000,-1.06069143e+02,-7.46538099e+01
278.960000,-1.06069714e+02,-7.46543804e+01
278.965000,-1.06070271e+02,-7.46549373e+01
278.970000,-1.06070808e+02,-7.46554748e+01
278.975000,-1.06071329e+02,-7.46559955e+01
278.980000,-1.06071840e+02,-7.46565060e+01
278.985000,-1.06072345e+02,-7.46570116e+01
278.990000,-1.06072848e+02,-7.46575141e+01
278.995000,-1.06073348e+02,-7.46580146e+01
279.000000,-1.06073849e+02,-7.46585152e+01
279.005000,-1.06074351e+02,-7.46590176e+01
279.010000,-1.06074858e+02,-7.46595246e+01
279.015000,-1.06075372e+02,-7.46600380e+01
279.020000,-1.06075891e+02,-7.46605578e+01
279.025000,-1.06076416e+02,-7.46610823e+01
279.030000,-1.06076943e+02,-7.46616090e+01
279.035000,-1.06077469e+02,-7.46621361e+01
279.040000,-1.06077996e+02,-7.46626626e+01
279.045000,-1.06078519e+02,-7.46631850e+01
279.050000,-1.06079035e+02,-7.46637012e+01
279.055000,-1.06079544e+02,-7.46642101e+01
279.060000,-1.06080049e+02,-7.46647149e+01
279.065000,-1.06080551e+02,-7.46652171e+01
279.070000,-1.06081047e+02,-7.46657135e+01
279.075000,-1.06081536e+02,-7.46662022e+01
279.080000,-1.06082019e+02,-7.46666855e+01
279.085000,-1.06082498e+02,-7.46671648e+01
279.090000,-1.06082975e+02,-7.46676409e+01
279.095000,-1.06083444e+02,-7.46681103e+01
279.100000,-1.06083907e+02,-7.46685731e+01
279.105000,-1.06084366e+02,-7.46690324e+01
279.110000,-1.06084829e+02,-7.46694950e+01
279.115000,-1.06085302e+02,-7.46699684e+01
279.120000,-1.06085792e+02,-7.46704586e+01
279.125000,-1.06086304e+02,-7.46709700e+01
279.130000,-1.06086839e+02,-7.46715048e+01
279.135000,-1.06087398e+02,-7.46720641e+01
279.140000,-1.06087981e+02,-7.46726472e+01
279.145000,-1.06088585e+02,-7.46732517e+01
279.150000,-1.06089209e+02,-7.46738756e+01
279.155000,-1.06089849e+02,-7.46745155e+01
279.160000,-1.06090503e+02,-7.46751696e+01
279.165000,-1.06091169e+02,-7.46758351e+01
279.170000,-1.06091843e+02,-7.46765092e+01
279.175000,-1.06092522e+02,-7.46771882e+01
279.180000,-1.06093199e+02,-7.46778655e+01
279.185000,-1.06093869e+02,-7.46785355e+01
279.190000,-1.06094529e+02,-7.46791953e+01
279.195000,-1.06095177e+02,-7.46798439e+01
279.200000,-1.06095814e+02,-7.46804804e+01
279.205000,-1.06096432e+02,-7.46810984e+01
279.210000,-1.06097027e+02,-7.46816928e+01
279.215000,-1.06097596e+02,-7.46822622e+01
279.220000,-1.06098145e+02,-7.46828107e+01
279.225000,-1.06098678e+02,-7.46833438e+01
279.230000,-1.06099199e+02,-7.46838649e+01
279.235000,-1.06099709e+02,-7.46843746e+01
279.240000,-1.06100208e+02,-7.46848739e+01
279.245000,-1.06100703e+02,-7.46853689e+01
279.250000,-1.06101202e+02,-7.46858677e+01
279.255000,-1.06101709e+02,-7.46863751e+01
279.260000,-1.06102227e+02,-7.46868936e+01
279.265000,-1.06102757e+02,-7.46874235e+01
279.270000,-1.06103300e+02,-7.46879659e+01
279.275000,-1.06103855e+02,-7.46885215e+01
279.280000,-1.06104423e+02,-7.46890892e+01
279.285000,-1.06105002e+02,-7.46896677e+01
279.290000,-1.06105589e+02,-7.46902549e+01
279.295000,-1.06106184e+02,-7.46908502e+01
279.300000,-1.06106787e+02,-7.46914530e+01
279.305000,-1.06107396e+02,-7.46920621e+01
279.310000,-1.06108008e+02,-7.46926743e+01
279.315000,-1.06108618e+02,-7.46932841e+01
279.320000,-1.06109220e+02,-7.46938859e+01
279.325000,-1.06109810e+02,-7.46944765e+01
279.330000,-1.06110381e+02,-7.46950473e+01
279.335000,-1.06110922e+02,-7.46955878e+01
279.340000,-1.06111426e+02,-7.46960925e+01
279.345000,-1.06111895e+02,-7.46965611e+01
279.350000,-1.06112332e+02,-7.46969981e+01
279.355000,-1.06112743e+02,-7.46974094e+01
279.360000,-1.06113135e+02,-7.46978013e+01
279.365000,-1.06113508e+02,-7.46981740e+01
279.370000,-1.06113861e+02,-7.46985271e+01
279.375000,-1.06114197e+02,-7.46988634e+01
279.380000,-1.06114521e+02,-7.46991878e+01
279.385000,-1.06114840e+02,-7.46995066e+01
279.390000,-1.06115160e+02,-7.46998260e+01
279.395000,-1.06115488e+02,-7.47001546e+01
279.400000,-1.06115836e+02,-7.47005018e+01
279.405000,-1.06116208e+02,-7.47008747e+01
279.410000,-1.06116612e+02,-7.47012780e+01
279.415000,-1.06117045e+02,-7.47017116e+01
279.420000,-1.06117506e+02,-7.47021725e+01
279.425000,-1.06117990e+02,-7.47026566e+01
279.430000,-1.06118494e+02,-7.47031604e+01
279.435000,-1.06119016e+02,-7.47036820e+01
279.440000,-1.06119553e+02,-7.47042194e+01
279.445000,-1.06120105e+02,-7.47047712e+01
279.450000,-1.06120663e+02,-7.47053296e+01
279.455000,-1.06121218e+02,-7.47058848e+01
279.460000,-1.06121766e+02,-7.47064317e+01
279.465000,-1.06122299e+02,-7.47069653e+01
279.470000,-1.06122814e+02,-7.47074801e+01
279.475000,-1.06123307e+02,-7.47079727e+01
279.480000,-1.06123778e+02,-7.47084436e+01
279.485000,-1.06124232e+02,-7.47088978e+01
279.490000,-1.06124675e+02,-7.47093407e+01
279.495000,-1.06125110e+02,-7.47097756e+01
279.500000,-1.06125534e+02,-7.47101997e+01
279.505000,-1.06125944e+02,-7.47106101e+01
279.510000,-1.06126342e+02,-7.47110079e+01
279.515000,-1.06126730e+02,-7.47113952e+01
279.520000,-1.06127108e+02,-7.47117735e+01
279.525000,-1.06127478e+02,-7.47121433e+01
279.530000,-1.06127838e+02,-7.47125032e+01
279.535000,-1.06128187e+02,-7.47128529e+01
279.540000,-1.06128528e+02,-7.47131937e+01
279.545000,-1.06128863e+02,-7.47135292e+01
279.550000,-1.06129198e+02,-7.47138643e+01
279.555000,-1.06129535e+02,-7.47142011e+01
279.560000,-1.06129876e+02,-7.47145419e+01
279.565000,-1.06130222e+02,-7.47148880e+01
279.570000,-1.06130575e+02,-7.47152412e+01
279.575000,-1.06130929e+02,-7.47155952e+01
279.580000,-1.06131275e+02,-7.47159409e+01
279.585000,-1.06131607e+02,-7.47162729e+01
279.590000,-1.06131922e+02,-7.47165882e+01
279.595000,-1.06132217e+02,-7.47168831e+01
279.600000,-1.06132486e+02,-7.47171517e+01
279.605000,-1.06132727e+02,-7.47173934e+01
279.610000,-1.06132948e+02,-7.47176143e+01
279.615000,-1.06133155e+02,-7.47178214e+01
279.620000,-1.06133356e+02,-7.47180228e+01
279.625000,-1.06133559e+02,-7.47182253e+01
279.630000,-1.06133764e+02,-7.47184295e+01
279.635000,-1.06133967e+02,-7.47186332e+01
279.640000,-1.06134167e+02,-7.47188332e+01
279.645000,-1.06134363e+02,-7.47190290e+01
279.650000,-1.06134558e+02,-7.47192242e+01
279.655000,-1.06134755e+02,-7.47194216e+01
279.660000,-1.06134959e+02,-7.47196251e+01
279.665000,-1.06135170e+02,-7.47198358e+01
279.670000,-1.06135387e+02,-7.47200537e+01
279.675000,-1.06135613e+02,-7.47202794e+01
279.680000,-1.06135845e+02,-7.47205113e+01
279.685000,-1.06136084e+02,-7.47207502e+01
279.690000,-1.06136326e+02,-7.47209918e+01
279.695000,-1.06136567e+02,-7.47212327e+01
279.700000,-1.06136807e+02,-7.47214733e+01
279.705000,-1.06137050e+02,-7.47217158e+01
279.710000,-1.06137298e+02,-7.47219640e+01
279.715000,-1.06137550e+02,-7.47222160e+01
279.720000,-1.06137798e+02,-7.47224648e+01
279.725000,-1.06138039e+02,-7.47227045e+01
279.730000,-1.06138264e+02,-7.47229299e+01
279.735000,-1.06138472e+02,-7.47231380e+01
279.740000,-1.06138661e+02,-7.47233269e+01
279.745000,-1.06138838e+02,-7.47235040e+01
279.750000,-1.06139013e+02,-7.47236783e+01
279.755000,-1.06139189e+02,-7.47238541e+01
279.760000,-1.06139368e+02,-7.47240331e+01
279.765000,-1.06139548e+02,-7.47242135e+01
279.770000,-1.06139726e+02,-7.47243912e+01
279.775000,-1.06139898e+02,-7.47245634e+01
279.780000,-1.06140064e+02,-7.47247297e+01
279.785000,-1.06140226e+02,-7.47248916e+01
279.790000,-1.06140385e+02,-7.47250504e+01
279.795000,-1.06140543e+02,-7.47252083e+01
279.800000,-1.06140704e+02,-7.47253694e+01
279.805000,-1.06140870e+02,-7.47255357e+01
279.810000,-1.06141037e+02,-7.47257023e+01
279.815000,-1.06141196e+02,-7.47258613e+01
279.820000,-1.06141344e+02,-7.47260092e+01
279.825000,-1.06141480e+02,-7.47261459e+01
279.830000,-1.06141607e+02,-7.47262731e+01
279.835000,-1.06141727e+02,-7.47263929e+01
279.840000,-1.06141838e+02,-7.47265033e+01
279.845000,-1.06141935e+02,-7.47266009e+01
279.850000,-1.06142016e+02,-7.47266813e+01
279.855000,-1.06142073e+02,-7.47267387e+01
279.860000,-1.06142108e+02,-7.47267736e+01
279.865000,-1.06142121e+02,-7.47267864e+01
279.870000,-1.06142114e+02,-7.47267801e+01
279.875000,-1.06142095e+02,-7.47267611e+01
279.880000,-1.06142071e+02,-7.47267369e+01
279.885000,-1.06142050e+02,-7.47267158e+01
279.890000,-1.06142036e+02,-7.47267024e+01
279.895000,-1.06142035e+02,-7.47267008e+01
279.900000,-1.06142042e+02,-7.47267078e+01
279.905000,-1.06142050e+02,-7.47267163e+01
279.910000,-1.06142055e+02,-7.47267212e+01
279.915000,-1.06142057e+02,-7.47267232e+01
279.920000,-1.06142059e+02,-7.47267250e+01
279.925000,-1.06142064e+02,-7.47267296e+01
279.930000,-1.06142073e+02,-7.47267385e+01
279.935000,-1.06142089e+02,-7.47267551e+01
279.940000,-1.06142117e+02,-7.47267825e+01
279.945000,-1.06142158e+02,-7.47268239e+01
279.950000,-1.06142215e+02,-7.47268810e+01
279.955000,-1.06142288e+02,-7.47269533e+01
279.960000,-1.06142374e+02,-7.47270394e+01
279.965000,-1.06142469e+02,-7.47271347e+01
279.970000,-1.06142570e+02,-7.47272354e+01
279.975000,-1.06142673e+02,-7.47273394e+01
279.980000,-1.06142777e+02,-7.47274426e+01
279.985000,-1.06142872e+02,-7.47275385e+01
279.990000,-1.06142960e+02,-7.47276263e+01
279.995000,-1.06143042e+02,-7.47277076e+01
280.000000,-1.06143119e+02,-7.47277850e+01
280.005000,-1.06143197e+02,-7.47278624e+01
280.010000,-1.06143280e+02,-7.47279461e+01
280.015000,-1.06143376e+02,-7.47280412e+01
280.020000,-1.06143483e+02,-7.47281489e+01
280.025000,-1.06143601e+02,-7.47282668e+01
280.030000,-1.06143720e+02,-7.47283863e+01
280.035000,-1.06143830e+02,-7.47284962e+01
280.040000,-1.06143923e+02,-7.47285888e+01
280.045000,-1.06143999e+02,-7.47286650e+01
280.050000,-1.06144065e+02,-7.47287306e+01
280.055000,-1.06144127e+02,-7.47287933e+01
280.060000,-1.06144192e+02,-7.47288583e+01
280.065000,-1.06144264e+02,-7.47289296e+01
280.070000,-1.06144341e+02,-7.47290067e+01
280.075000,-1.06144423e+02,-7.47290887e+01
280.080000,-1.06144505e+02,-7.47291714e+01
280.085000,-1.06144583e+02,-7.47292493e+01
280.090000,-1.06144654e+02,-7.47293199e+01
280.095000,-1.06144717e+02,-7.47293825e+01
280.100000,-1.06144774e+02,-7.47294404e+01
280.105000,-1.06144833e+02,-7.47294989e+01
280.110000,-1.06144894e+02,-7.47295597e+01
280.115000,-1.06144955e+02,-7.47296209e+01
280.120000,-1.06145008e+02,-7.47296749e+01
280.125000,-1.06145052e+02,-7.47297182e+01
280.130000,-1.06145076e+02,-7.47297421e+01
280.135000,-1.06145069e+02,-7.47297351e+01
280.140000,-1.06145024e+02,-7.47296895e+01
280.145000,-1.06144943e+02,-7.47296090e+01
280.150000,-1.06144836e+02,-7.47295016e+01
280.155000,-1.06144713e+02,-7.47293793e+01
280.160000,-1.06144588e+02,-7.47292544e+01
280.165000,-1.06144473e+02,-7.47291388e+01
280.170000,-1.06144372e+02,-7.47290381e+01
280.175000,-1.06144282e+02,-7.47289482e+01
280.180000,-1.06144198e+02,-7.47288638e+01
280.185000,-1.06144117e+02,-7.47287825e+01
280.190000,-1.06144038e+02,-7.47287035e+01
280.195000,-1.06143963e+02,-7.47286281e+01
280.200000,-1.06143890e+02,-7.47285557e+01
280.205000,-1.06143818e+02,-7.47284836e+01
280.210000,-1.06143744e+02,-7.47284093e+01
280.215000,-1.06143665e+02,-7.47283309e+01
280.220000,-1.06143584e+02,-7.47282497e+01
280.225000,-1.06143500e+02,-7.47281660e+01
280.230000,-1.06143416e+02,-7.47280814e+01
280.235000,-1.06143334e+02,-7.47279991e+01
280.240000,-1.06143256e+02,-7.47279217e+01
280.245000,-1.06143185e+02,-7.47278510e+01
280.250000,-1.06143114e+02,-7.47277804e+01
280.255000,-1.06143037e+02,-7.47277028e+01
280.260000,-1.06142946e+02,-7.47276120e+01
280.265000,-1.06142838e+02,-7.47275039e+01
280.270000,-1.06142712e+02,-7.47273780e+01
280.275000,-1.06142570e+02,-7.47272361e+01
280.280000,-1.06142417e+02,-7.47270825e+01
280.285000,-1.06142255e+02,-7.47269207e+01
280.290000,-1.06142087e+02,-7.47267529e+01
280.295000,-1.06141921e+02,-7.47265869e+01
280.300000,-1.06141763e+02,-7.47264283e+01
280.305000,-1.06141612e+02,-7.47262772e+01
280.310000,-1.06141464e+02,-7.47261297e+01
280.315000,-1.06141319e+02,-7.47259846e+01
280.320000,-1.06141177e+02,-7.47258426e+01
280.325000,-1.06141037e+02,-7.47257031e+01
280.330000,-1.06140899e+02,-7.47255651e+01
280.335000,-1.06140762e+02,-7.47254283e+01
280.340000,-1.06140625e+02,-7.47252912e+01
280.345000,-1.06140489e+02,-7.47251548e+01
280.350000,-1.06140353e+02,-7.47250184e+01
280.355000,-1.06140216e+02,-7.47248822e+01
280.360000,-1.06140081e+02,-7.47247475e+01
280.365000,-1.06139948e+02,-7.47246138e+01
280.370000,-1.06139813e+02,-7.47244797e+01
280.375000,-1.06139677e+02,-7.47243429e+01
280.380000,-1.06139531e+02,-7.47241969e+01
280.385000,-1.06139368e+02,-7.47240334e+01
280.390000,-1.06139180e+02,-7.47238463e+01
280.395000,-1.06138971e+02,-7.47236367e+01
280.400000,-1.06138737e+02,-7.47234031e+01
280.405000,-1.06138480e+02,-7.47231464e+01
280.410000,-1.06138205e+02,-7.47228714e+01
280.415000,-1.06137918e+02,-7.47225841e+01
280.420000,-1.06137626e+02,-7.47222926e+01
280.425000,-1.06137337e+02,-7.47220029e+01
280.430000,-1.06137051e+02,-7.47217176e+01
280.435000,-1.06136768e+02,-7.47214337e+01
280.440000,-1.06136476e+02,-7.47211423e+01
280.445000,-1.06136173e+02,-7.47208385e+01
280.450000,-1.06135857e+02,-7.47205229e+01
280.455000,-1.06135535e+02,-7.47202006e+01
280.460000,-1.06135212e+02,-7.47198781e+01
280.465000,-1.06134896e+02,-7.47195621e+01
280.470000,-1.06134592e+02,-7.47192580e+01
280.475000,-1.06134302e+02,-7.47189674e+01
280.480000,-1.06134024e+02,-7.47186895e+01
280.485000,-1.06133758e+02,-7.47184239e+01
280.490000,-1.06133504e+02,-7.47181693e+01
280.495000,-1.06133260e+02,-7.47179258e+01
280.500000,-1.06133028e+02,-7.47176936e+01
280.505000,-1.06132809e+02,-7.47174743e+01
280.510000,-1.06132603e+02,-7.47172684e+01
280.515000,-1.06132406e+02,-7.47170713e+01
280.520000,-1.06132211e+02,-7.47168776e+01
280.525000,-1.06132015e+02,-7.47166804e+01
280.530000,-1.06131806e+02,-7.47164713e+01
280.535000,-1.06131579e+02,-7.47162446e+01
280.540000,-1.06131332e+02,-7.47159980e+01
280.545000,-1.06131071e+02,-7.47157367e+01
280.550000,-1.06130802e+02,-7.47154671e+01
280.555000,-1.06130528e+02,-7.47151938e+01
280.560000,-1.06130255e+02,-7.47149209e+01
280.565000,-1.06129985e+02,-7.47146500e+01
280.570000,-1.06129717e+02,-7.47143823e+01
280.575000,-1.06129449e+02,-7.47141149e+01
280.580000,-1.06129177e+02,-7.47138425e+01
280.585000,-1.06128898e+02,-7.47135632e+01
280.590000,-1.06128613e+02,-7.47132786e+01
280.595000,-1.06128332e+02,-7.47129979e+01
280.600000,-1.06128062e+02,-7.47127279e+01
280.605000,-1.06127806e+02,-7.47124715e+01
280.610000,-1.06127563e+02,-7.47122288e+01
280.615000,-1.06127333e+02,-7.47119989e+01
280.620000,-1.06127120e+02,-7.47117859e+01
280.625000,-1.06126927e+02,-7.47115926e+01
280.630000,-1.06126752e+02,-7.47114180e+01
280.635000,-1.06126593e+02,-7.47112588e+01
280.640000,-1.06126446e+02,-7.47111120e+01
280.645000,-1.06126305e+02,-7.47109713e+01
280.650000,-1.06126160e+02,-7.47108257e+01
280.655000,-1.06126001e+02,-7.47106671e+01
280.660000,-1.06125826e+02,-7.47104918e+01
280.665000,-1.06125631e+02,-7.47102971e+01
280.670000,-1.06125414e+02,-7.47100796e+01
280.675000,-1.06125170e+02,-7.47098361e+01
280.680000,-1.06124903e+02,-7.47095693e+01
280.685000,-1.06124617e+02,-7.47092832e+01
280.690000,-1.06124317e+02,-7.47089831e+01
280.695000,-1.06124011e+02,-7.47086769e+01
280.700000,-1.06123705e+02,-7.47083711e+01
280.705000,-1.06123403e+02,-7.47080693e+01
280.710000,-1.06123103e+02,-7.47077685e+01
280.715000,-1.06122796e+02,-7.47074621e+01
280.720000,-1.06122480e+02,-7.47071456e+01
280.725000,-1.06122152e+02,-7.47068178e+01
280.730000,-1.06121815e+02,-7.47064804e+01
280.735000,-1.06121470e+02,-7.47061360e+01
280.740000,-1.06121121e+02,-7.47057869e+01
280.745000,-1.06120772e+02,-7.47054375e+01
280.750000,-1.06120426e+02,-7.47050923e+01
280.755000,-1.06120090e+02,-7.47047556e+01
280.760000,-1.06119766e+02,-7.47044315e+01
280.765000,-1.06119459e+02,-7.47041251e+01
280.770000,-1.06119177e+02,-7.47038427e+01
280.775000,-1.06118920e+02,-7.47035860e+01
280.780000,-1.06118687e+02,-7.47033525e+01
280.785000,-1.06118468e+02,-7.47031334e+01
280.790000,-1.06118254e+02,-7.47029199e+01
280.795000,-1.06118042e+02,-7.47027079e+01
280.800000,-1.06117826e+02,-7.47024919e+01
280.805000,-1.06117602e+02,-7.47022678e+01
280.810000,-1.06117367e+02,-7.47020331e+01
280.815000,-1.06117123e+02,-7.47017890e+01
280.820000,-1.06116874e+02,-7.47015395e+01
280.825000,-1.06116622e+02,-7.47012877e+01
280.830000,-1.06116370e+02,-7.47010357e+01
280.835000,-1.06116119e+02,-7.47007849e+01
280.840000,-1.06115870e+02,-7.47005354e+01
280.845000,-1.06115621e+02,-7.47002869e+01
280.850000,-1.06115367e+02,-7.47000329e+01
280.855000,-1.06115103e+02,-7.46997685e+01
280.860000,-1.06114828e+02,-7.46994935e+01
280.865000,-1.06114545e+02,-7.46992109e+01
280.870000,-1.06114259e+02,-7.46989246e+01
280.875000,-1.06113971e+02,-7.46986370e+01
280.880000,-1.06113683e+02,-7.46983496e+01
280.885000,-1.06113398e+02,-7.46980642e+01
280.890000,-1.06113119e+02,-7.46977848e+01
280.895000,-1.06112855e+02,-7.46975211e+01
280.900000,-1.06112614e+02,-7.46972798e+01
280.905000,-1.06112395e+02,-7.46970612e+01
280.910000,-1.06112196e+02,-7.46968621e+01
280.915000,-1.06112010e+02,-7.46966761e+01
280.920000,-1.06111833e+02,-7.46964990e+01
280.925000,-1.06111661e+02,-7.46963272e+01
280.930000,-1.06111495e+02,-7.46961613e+01
280.935000,-1.06111335e+02,-7.46960012e+01
280.940000,-1.06111173e+02,-7.46958394e+01
280.945000,-1.06111003e+02,-7.46956695e+01
280.950000,-1.06110823e+02,-7.46954887e+01
280.955000,-1.06110632e+02,-7.46952979e+01
280.960000,-1.06110434e+02,-7.46950999e+01
280.965000,-1.06110231e+02,-7.46948973e+01
280.970000,-1.06110026e+02,-7.46946920e+01
280.975000,-1.06109817e+02,-7.46944835e+01
280.980000,-1.06109605e+02,-7.46942714e+01
280.985000,-1.06109386e+02,-7.46940517e+01
280.990000,-1.06109154e+02,-7.46938194e+01
280.995000,-1.06108908e+02,-7.46935743e+01
281.000000,-1.06108652e+02,-7.46933179e+01
281.005000,-1.06108387e+02,-7.46930531e+01
281.010000,-1.06108117e+02,-7.46927829e+01
281.015000,-1.06107843e+02,-7.46925094e+01
281.020000,-1.06107568e+02,-7.46922341e+01
281.025000,-1.06107289e+02,-7.46919553e+01
281.030000,-1.06107006e+02,-7.46916713e+01
281.035000,-1.06106714e+02,-7.46913794e+01
281.040000,-1.06106412e+02,-7.46910775e+01
281.045000,-1.06106102e+02,-7.46907674e+01
281.050000,-1.06105787e+02,-7.46904532e+01
281.055000,-1.06105468e+02,-7.46901339e+01
281.060000,-1.06105141e+02,-7.46898071e+01
281.065000,-1.06104811e+02,-7.46894768e+01
281.070000,-1.06104479e+02,-7.46891443e+01
281.075000,-1.06104140e+02,-7.46888054e+01
281.080000,-1.06103790e+02,-7.46884561e+01
281.085000,-1.06103431e+02,-7.46880965e+01
281.090000,-1.06103063e+02,-7.46877292e+01
281.095000,-1.06102692e+02,-7.46873577e+01
281.100000,-1.06102318e+02,-7.46869836e+01
281.105000,-1.06101943e+02,-7.46866084e+01
281.110000,-1.06101567e+02,-7.46862326e+01
281.115000,-1.06101191e+02,-7.46858567e+01
281.120000,-1.06100814e+02,-7.46854799e+01
281.125000,-1.06100432e+02,-7.46850976e+01
281.130000,-1.06100043e+02,-7.46847087e+01
281.135000,-1.06099649e+02,-7.46843147e+01
281.140000,-1.06099253e+02,-7.46839191e+01
281.145000,-1.06098858e+02,-7.46835239e+01
281.150000,-1.06098464e+02,-7.46831304e+01
281.155000,-1.06098073e+02,-7.46827386e+01
281.160000,-1.06097681e+02,-7.46823473e+01
281.165000,-1.06097291e+02,-7.46819571e+01
281.170000,-1.06096900e+02,-7.46815662e+01
281.175000,-1.06096507e+02,-7.46811733e+01
281.180000,-1.06096111e+02,-7.46807782e+01
281.185000,-1.06095716e+02,-7.46803818e+01
281.190000,-1.06095318e+02,-7.46799846e+01
281.195000,-1.06094923e+02,-7.46795889e+01
281.200000,-1.06094531e+02,-7.46791966e+01
281.205000,-1.06094139e+02,-7.46788056e+01
281.210000,-1.06093740e+02,-7.46784062e+01
281.215000,-1.06093324e+02,-7.46779903e+01
281.220000,-1.06092888e+02,-7.46775548e+01
281.225000,-1.06092435e+02,-7.46771010e+01
281.230000,-1.06091964e+02,-7.46766306e+01
281.235000,-1.06091480e+02,-7.46761469e+01
281.240000,-1.06090989e+02,-7.46756550e+01
281.245000,-1.06090493e+02,-7.46751596e+01
281.250000,-1.06089996e+02,-7.46746628e+01
281.255000,-1.06089499e+02,-7.46741655e+01
281.260000,-1.06088996e+02,-7.46736622e+01
281.265000,-1.06088481e+02,-7.46731468e+01
281.270000,-1.06087951e+02,-7.46726167e+01
281.275000,-1.06087408e+02,-7.46720744e+01
281.280000,-1.06086859e+02,-7.46715254e+01
281.285000,-1.06086308e+02,-7.46709745e+01
281.290000,-1.06085760e+02,-7.46704262e+01
281.295000,-1.06085221e+02,-7.46698871e+01
281.300000,-1.06084694e+02,-7.46693597e+01
281.305000,-1.06084179e+02,-7.46688447e+01
281.310000,-1.06083675e+02,-7.46683413e+01
281.315000,-1.06083184e+02,-7.46678504e+01
281.320000,-1.06082707e+02,-7.46673733e+01
281.325000,-1.06082241e+02,-7.46669071e+01
281.330000,-1.06081781e+02,-7.46664469e+01
281.335000,-1.06081322e+02,-7.46659883e+01
281.340000,-1.06080867e+02,-7.46655331e+01
281.345000,-1.06080416e+02,-7.46650821e+01
281.350000,-1.06079968e+02,-7.46646343e+01
281.355000,-1.06079522e+02,-7.46641886e+01
281.360000,-1.06079078e+02,-7.46637437e+01
281.365000,-1.06078633e+02,-7.46632993e+01
281.370000,-1.06078193e+02,-7.46628586e+01
281.375000,-1.06077761e+02,-7.46624269e+01
281.380000,-1.06077342e+02,-7.46620077e+01
281.385000,-1.06076937e+02,-7.46616025e+01
281.390000,-1.06076546e+02,-7.46612119e+01
281.395000,-1.06076166e+02,-7.46608325e+01
281.400000,-1.06075791e+02,-7.46604575e+01
281.405000,-1.06075416e+02,-7.46600824e+01
281.410000,-1.06075039e+02,-7.46597055e+01
281.415000,-1.06074662e+02,-7.46593281e+01
281.420000,-1.06074285e+02,-7.46589510e+01
281.425000,-1.06073909e+02,-7.46585751e+01
281.430000,-1.06073535e+02,-7.46582008e+01
281.435000,-1.06073160e+02,-7.46578261e+01
281.440000,-1.06072781e+02,-7.46574476e+01
281.445000,-1.06072398e+02,-7.46570641e+01
281.450000,-1.06072008e+02,-7.46566752e+01
281.455000,-1.06071617e+02,-7.46562835e+01
281.460000,-1.06071220e+02,-7.46558866e+01
281.465000,-1.06070814e+02,-7.46554804e+01
281.470000,-1.06070393e+02,-7.46550596e+01
281.475000,-1.06069956e+02,-7.46546222e+01
281.480000,-1.06069501e+02,-7.46541677e+01
281.485000,-1.06069024e+02,-7.46536909e+01
281.490000,-1.06068520e+02,-7.46531862e+01
281.495000,-1.06067992e+02,-7.46526583e+01
281.500000,-1.06067450e+02,-7.46521161e+01
281.505000,-1.06066901e+02,-7.46515673e+01
281.510000,-1.06066351e+02,-7.46510170e+01
281.515000,-1.06065802e+02,-7.46504684e+01
281.520000,-1.06065257e+02,-7.46499233e+01
281.525000,-1.06064717e+02,-7.46493841e+01
281.530000,-1.06064184e+02,-7.46488508e+01
281.535000,-1.06063652e+02,-7.46483191e+01
281.540000,-1.06063118e+02,-7.46477843e+01
281.545000,-1.06062578e+02,-7.46472447e+01
281.550000,-1.06062038e+02,-7.46467046e+01
281.555000,-1.06061503e+02,-7.46461697e+01
281.560000,-1.06060976e+02,-7.46456427e+01
281.565000,-1.06060457e+02,-7.46451233e+01
281.570000,-1.06059943e+02,-7.46446098e+01
281.575000,-1.06059435e+02,-7.46441017e+01
281.580000,-1.06058933e+02,-7.46435991e+01
281.585000,-1.06058439e+02,-7.46431056e+01
281.590000,-1.06057958e+02,-7.46426241e+01
281.595000,-1.06057491e+02,-7.46421568e+01
281.600000,-1.06057034e+02,-7.46417002e+01
281.605000,-1.06056583e+02,-7.46412495e+01
281.610000,-1.06056136e+02,-7.46408031e+01
281.615000,-1.06055696e+02,-7.46403624e+01
281.620000,-1.06055259e+02,-7.46399254e+01
281.625000,-1.06054819e+02,-7.46394855e+01
281.630000,-1.06054369e+02,-7.46390348e+01
281.635000,-1.06053904e+02,-7.46385700e+01
281.640000,-1.06053428e+02,-7.46380942e+01
281.645000,-1.06052948e+02,-7.46376140e+01
281.650000,-1.06052466e+02,-7.46371319e+01
281.655000,-1.06051981e+02,-7.46366469e+01
281.660000,-1.06051491e+02,-7.46361571e+01
281.665000,-1.06050995e+02,-7.46356614e+01
281.670000,-1.06050494e+02,-7.46351601e+01
281.675000,-1.06049986e+02,-7.46346526e+01
281.680000,-1.06049473e+02,-7.46341394e+01
281.685000,-1.06048955e+02,-7.46336218e+01
281.690000,-1.06048434e+02,-7.46331003e+01
281.695000,-1.06047907e+02,-7.46325737e+01
281.700000,-1.06047373e+02,-7.46320394e+01
281.705000,-1.06046829e+02,-7.46314955e+01
281.710000,-1.06046277e+02,-7.46309432e+01
281.715000,-1.06045718e+02,-7.46303843e+01
281.720000,-1.06045153e+02,-7.46298203e+01
281.725000,-1.06044586e+02,-7.46292527e+01
281.730000,-1.06044013e+02,-7.46286795e+01
281.735000,-1.06043430e+02,-7.46280970e+01
281.740000,-1.06042833e+02,-7.46274994e+01
281.745000,-1.06042216e+02,-7.46268828e+01
281.750000,-1.06041580e+02,-7.46262462e+01
281.755000,-1.06040924e+02,-7.46255907e+01
281.760000,-1.06040252e+02,-7.46249184e+01
281.765000,-1.06039560e+02,-7.46242269e+01
281.770000,-1.06038847e+02,-7.46235140e+01
281.775000,-1.06038114e+02,-7.46227810e+01
281.780000,-1.06037365e+02,-7.46220319e+01
281.785000,-1.06036606e+02,-7.46212726e+01
281.790000,-1.06035846e+02,-7.46205128e+01
281.795000,-1.06035094e+02,-7.46197610e+01
281.800000,-1.06034354e+02,-7.46190210e+01
281.805000,-1.06033626e+02,-7.46182922e+01
281.810000,-1.06032902e+02,-7.46175691e+01
281.815000,-1.06032180e+02,-7.46168464e+01
281.820000,-1.06031457e+02,-7.46161234e+01
281.825000,-1.06030736e+02,-7.46154025e+01
281.830000,-1.06030017e+02,-7.46146841e+01
281.835000,-1.06029300e+02,-7.46139668e+01
281.840000,-1.06028582e+02,-7.46132485e+01
281.845000,-1.06027863e+02,-7.46125296e+01
281.850000,-1.06027146e+02,-7.46118130e+01
281.855000,-1.06026436e+02,-7.46111027e+01
281.860000,-1.06025736e+02,-7.46104028e+01
281.865000,-1.06025049e+02,-7.46097159e+01
281.870000,-1.06024374e+02,-7.46090404e+01
281.875000,-1.06023705e+02,-7.46083716e+01
281.880000,-1.06023040e+02,-7.46077063e+01
281.885000,-1.06022379e+02,-7.46070455e+01
281.890000,-1.06021725e+02,-7.46063919e+01
281.895000,-1.06021082e+02,-7.46057482e+01
281.900000,-1.06020446e+02,-7.46051123e+01
281.905000,-1.06019812e+02,-7.46044784e+01
281.910000,-1.06019174e+02,-7.46038404e+01
281.915000,-1.06018530e+02,-7.46031966e+01
281.920000,-1.06017880e+02,-7.46025471e+01
281.925000,-1.06017227e+02,-7.46018937e+01
281.930000,-1.06016575e+02,-7.46012416e+01
281.935000,-1.06015932e+02,-7.46005985e+01
281.940000,-1.06015304e+02,-7.45999702e+01
281.945000,-1.06014691e+02,-7.45993573e+01
281.950000,-1.06014089e+02,-7.45987555e+01
281.955000,-1.06013491e+02,-7.45981575e+01
281.960000,-1.06012891e+02,-7.45975578e+01
281.965000,-1.06012284e+02,-7.45969506e+01
281.970000,-1.06011668e+02,-7.45963348e+01
281.975000,-1.06011046e+02,-7.45957124e+01
281.980000,-1.06010419e+02,-7.45950863e+01
281.985000,-1.06009792e+02,-7.45944585e+01
281.990000,-1.06009162e+02,-7.45938291e+01
281.995000,-1.06008531e+02,-7.45931979e+01
282.000000,-1.06007898e+02,-7.45925651e+01
282.005000,-1.06007262e+02,-7.45919293e+01
282.010000,-1.06006620e+02,-7.45912865e+01
282.015000,-1.06005966e+02,-7.45906331e+01
282.020000,-1.06005303e+02,-7.45899700e+01
282.025000,-1.06004634e+02,-7.45893004e+01
282.030000,-1.06003963e+02,-7.45886301e+01
282.035000,-1.06003297e+02,-7.45879638e+01
282.040000,-1.06002635e+02,-7.45873024e+01
282.045000,-1.06001971e+02,-7.45866377e+01
282.050000,-1.06001295e+02,-7.45859619e+01
282.055000,-1.06000605e+02,-7.45852719e+01
282.060000,-1.05999900e+02,-7.45845669e+01
282.065000,-1.05999180e+02,-7.45838469e+01
282.070000,-1.05998445e+02,-7.45831122e+01
282.075000,-1.05997700e+02,-7.45823674e+01
282.080000,-1.05996950e+02,-7.45816178e+01
282.085000,-1.05996200e+02,-7.45808675e+01
282.090000,-1.05995452e+02,-7.45801188e+01
282.095000,-1.05994705e+02,-7.45793719e+01
282.100000,-1.05993962e+02,-7.45786284e+01
282.105000,-1.05993225e+02,-7.45778918e+01
282.110000,-1.05992499e+02,-7.45771661e+01
282.115000,-1.05991788e+02,-7.45764545e+01
282.120000,-1.05991092e+02,-7.45757590e+01
282.125000,-1.05990414e+02,-7.45750807e+01
282.130000,-1.05989752e+02,-7.45744185e+01
282.135000,-1.05989103e+02,-7.45737697e+01
282.140000,-1.05988464e+02,-7.45731311e+01
282.145000,-1.05987832e+02,-7.45724990e+01
282.150000,-1.05987200e+02,-7.45718674e+01
282.155000,-1.05986565e+02,-7.45712320e+01
282.160000,-1.05985926e+02,-7.45705929e+01
282.165000,-1.05985288e+02,-7.45699550e+01
282.170000,-1.05984661e+02,-7.45693281e+01
282.175000,-1.05984055e+02,-7.45687224e+01
282.180000,-1.05983474e+02,-7.45681406e+01
282.185000,-1.05982912e+02,-7.45675789e+01
282.190000,-1.05982364e+02,-7.45670312e+01
282.195000,-1.05981827e+02,-7.45664937e+01
282.200000,-1.05981298e+02,-7.45659646e+01
282.205000,-1.05980776e+02,-7.45654426e+01
282.210000,-1.05980258e+02,-7.45649251e+01
282.215000,-1.05979745e+02,-7.45644116e+01
282.220000,-1.05979235e+02,-7.45639022e+01
282.225000,-1.05978731e+02,-7.45633976e+01
282.230000,-1.05978226e+02,-7.45628928e+01
282.235000,-1.05977712e+02,-7.45623790e+01
282.240000,-1.05977184e+02,-7.45618510e+01
282.245000,-1.05976641e+02,-7.45613081e+01
282.250000,-1.05976085e+02,-7.45607524e+01
282.255000,-1.05975521e+02,-7.45601879e+01
282.260000,-1.05974951e+02,-7.45596183e+01
282.265000,-1.05974383e+02,-7.45590501e+01
282.270000,-1.05973819e+02,-7.45584868e+01
282.275000,-1.05973263e+02,-7.45579301e+01
282.280000,-1.05972709e+02,-7.45573762e+01
282.285000,-1.05972150e+02,-7.45568174e+01
282.290000,-1.05971579e+02,-7.45562459e+01
282.295000,-1.05970990e+02,-7.45556574e+01
282.300000,-1.05970384e+02,-7.45550512e+01
282.305000,-1.05969762e+02,-7.45544287e+01
282.310000,-1.05969125e+02,-7.45537921e+01
282.315000,-1.05968478e+02,-7.45531451e+01
282.320000,-1.05967823e+02,-7.45524898e+01
282.325000,-1.05967156e+02,-7.45518228e+01
282.330000,-1.05966473e+02,-7.45511406e+01
282.335000,-1.05965776e+02,-7.45504432e+01
282.340000,-1.05965066e+02,-7.45497331e+01
282.345000,-1.05964344e+02,-7.45490113e+01
282.350000,-1.05963612e+02,-7.45482795e+01
282.355000,-1.05962871e+02,-7.45475386e+01
282.360000,-1.05962121e+02,-7.45467887e+01
282.365000,-1.05961363e+02,-7.45460307e+01
282.370000,-1.05960598e+02,-7.45452652e+01
282.375000,-1.05959823e+02,-7.45444899e+01
282.380000,-1.05959035e+02,-7.45437021e+01
282.385000,-1.05958234e+02,-7.45429012e+01
282.390000,-1.05957423e+02,-7.45420899e+01
282.395000,-1.05956604e+02,-7.45412708e+01
282.400000,-1.05955779e+02,-7.45404462e+01
282.405000,-1.05954950e+02,-7.45396172e+01
282.410000,-1.05954118e+02,-7.45387848e+01
282.415000,-1.05953283e+02,-7.45379496e+01
282.420000,-1.05952443e+02,-7.45371099e+01
282.425000,-1.05951593e+02,-7.45362601e+01
282.430000,-1.05950727e+02,-7.45353941e+01
282.435000,-1.05949842e+02,-7.45345090e+01
282.440000,-1.05948938e+02,-7.45336051e+01
282.445000,-1.05948017e+02,-7.45326848e+01
282.450000,-1.05947085e+02,-7.45317523e+01
282.455000,-1.05946144e+02,-7.45308122e+01
282.460000,-1.05945203e+02,-7.45298704e+01
282.465000,-1.05944260e+02,-7.45289275e+01
282.470000,-1.05943314e+02,-7.45279813e+01
282.475000,-1.05942365e+02,-7.45270324e+01
282.480000,-1.05941420e+02,-7.45260874e+01
282.485000,-1.05940486e+02,-7.45251532e+01
282.490000,-1.05939567e+02,-7.45242337e+01
282.495000,-1.05938664e+02,-7.45233306e+01
282.500000,-1.05937774e+02,-7.45224412e+01
282.505000,-1.05936894e+02,-7.45215609e+01
282.510000,-1.05936022e+02,-7.45206890e+01
282.515000,-1.05935162e+02,-7.45198293e+01
282.520000,-1.05934314e+02,-7.45189816e+01
282.525000,-1.05933477e+02,-7.45181447e+01
282.530000,-1.05932650e+02,-7.45173175e+01
282.535000,-1.05931830e+02,-7.45164977e+01
282.540000,-1.05931015e+02,-7.45156831e+01
282.545000,-1.05930204e+02,-7.45148713e+01
282.550000,-1.05929391e+02,-7.45140594e+01
282.555000,-1.05928578e+02,-7.45132453e+01
282.560000,-1.05927760e+02,-7.45124273e+01
282.565000,-1.05926935e+02,-7.45116028e+01
282.570000,-1.05926101e+02,-7.45107686e+01
282.575000,-1.05925258e+02,-7.45099253e+01
282.580000,-1.05924408e+02,-7.45090756e+01
282.585000,-1.05923556e+02,-7.45082234e+01
282.590000,-1.05922705e+02,-7.45073724e+01
282.595000,-1.05921859e+02,-7.45065265e+01
282.600000,-1.05921023e+02,-7.45056898e+01
282.605000,-1.05920197e+02,-7.45048644e+01
282.610000,-1.05919382e+02,-7.45040496e+01
282.615000,-1.05918570e+02,-7.45032379e+01
282.620000,-1.05917755e+02,-7.45024230e+01
282.625000,-1.05916937e+02,-7.45016044e+01
282.630000,-1.05916118e+02,-7.45007863e+01
282.635000,-1.05915306e+02,-7.44999738e+01
282.640000,-1.05914500e+02,-7.44991677e+01
282.645000,-1.05913696e+02,-7.44983636e+01
282.650000,-1.05912896e+02,-7.44975632e+01
282.655000,-1.05912101e+02,-7.44967686e+01
282.660000,-1.05911313e+02,-7.44959802e+01
282.665000,-1.05910530e+02,-7.44951980e+01
282.670000,-1.05909756e+02,-7.44944236e+01
282.675000,-1.05908991e+02,-7.44936580e+01
282.680000,-1.05908232e+02,-7.44928999e+01
282.685000,-1.05907479e+02,-7.44921463e+01
282.690000,-1.05906726e+02,-7.44913938e+01
282.695000,-1.05905971e+02,-7.44906384e+01
282.700000,-1.05905207e+02,-7.44898746e+01
282.705000,-1.05904431e+02,-7.44890985e+01
282.710000,-1.05903641e+02,-7.44883087e+01
282.715000,-1.05902837e+02,-7.44875047e+01
282.720000,-1.05902018e+02,-7.44866858e+01
282.725000,-1.05901185e+02,-7.44858526e+01
282.730000,-1.05900340e+02,-7.44850075e+01
282.735000,-1.05899485e+02,-7.44841529e+01
282.740000,-1.05898624e+02,-7.44832915e+01
282.745000,-1.05897758e+02,-7.44824258e+01
282.750000,-1.05896892e+02,-7.44815601e+01
282.755000,-1.05896028e+02,-7.44806958e+01
282.760000,-1.05895164e+02,-7.44798313e+01
282.765000,-1.05894298e+02,-7.44789662e+01
282.770000,-1.05893433e+02,-7.44781010e+01
282.775000,-1.05892571e+02,-7.44772388e+01
282.780000,-1.05891716e+02,-7.44763836e+01
282.785000,-1.05890873e+02,-7.44755406e+01
282.790000,-1.05890047e+02,-7.44747150e+01
282.795000,-1.05889242e+02,-7.44739095e+01
282.800000,-1.05888454e+02,-7.44731218e+01
282.805000,-1.05887681e+02,-7.44723493e+01
282.810000,-1.05886920e+02,-7.44715882e+01
282.815000,-1.05886167e+02,-7.44708355e+01
282.820000,-1.05885421e+02,-7.44700890e+01
282.825000,-1.05884679e+02,-7.44693472e+01
282.830000,-1.05883940e+02,-7.44686087e+01
282.835000,-1.05883205e+02,-7.44678729e+01
282.840000,-1.05882468e+02,-7.44671364e+01
282.845000,-1.05881726e+02,-7.44663939e+01
282.850000,-1.05880974e+02,-7.44656422e+01
282.855000,-1.05880217e+02,-7.44648848e+01
282.860000,-1.05879459e+02,-7.44641266e+01
282.865000,-1.05878702e+02,-7.44633704e+01
282.870000,-1.05877950e+02,-7.44626176e+01
282.875000,-1.05877201e+02,-7.44618692e+01
282.880000,-1.05876459e+02,-7.44611265e+01
282.885000,-1.05875721e+02,-7.44603892e+01
282.890000,-1.05874989e+02,-7.44596570e+01
282.895000,-1.05874261e+02,-7.44589292e+01
282.900000,-1.05873537e+02,-7.44582048e+01
282.905000,-1.05872809e+02,-7.44574766e+01
282.910000,-1.05872070e+02,-7.44567381e+01
282.915000,-1.05871321e+02,-7.44559893e+01
282.920000,-1.05870568e+02,-7.44552362e+01
282.925000,-1.05869818e+02,-7.44544858e+01
282.930000,-1.05869080e+02,-7.44537482e+01
282.935000,-1.05868365e+02,-7.44530325e+01
282.940000,-1.05867673e+02,-7.44523406e+01
282.945000,-1.05867002e+02,-7.44516695e+01
282.950000,-1.05866348e+02,-7.44510156e+01
282.955000,-1.05865709e+02,-7.44503770e+01
282.960000,-1.05865085e+02,-7.44497525e+01
282.965000,-1.05864473e+02,-7.44491408e+01
282.970000,-1.05863873e+02,-7.44485409e+01
282.975000,-1.05863284e+02,-7.44479514e+01
282.980000,-1.05862699e+02,-7.44473663e+01
282.985000,-1.05862111e+02,-7.44467790e+01
282.990000,-1.05861519e+02,-7.44461868e+01
282.995000,-1.05860922e+02,-7.44455895e+01
283.000000,-1.05860321e+02,-7.44449886e+01
283.005000,-1.05859716e+02,-7.44443840e+01
283.010000,-1.05859106e+02,-7.44437743e+01
283.015000,-1.05858491e+02,-7.44431594e+01
283.020000,-1.05857871e+02,-7.44425390e+01
283.025000,-1.05857246e+02,-7.44419139e+01
283.030000,-1.05856617e+02,-7.44412848e+01
283.035000,-1.05855985e+02,-7.44406536e+01
283.040000,-1.05855350e+02,-7.44400184e+01
283.045000,-1.05854709e+02,-7.44393772e+01
283.050000,-1.05854060e+02,-7.44387280e+01
283.055000,-1.05853402e+02,-7.44380702e+01
283.060000,-1.05852737e+02,-7.44374052e+01
283.065000,-1.05852069e+02,-7.44367377e+01
283.070000,-1.05851403e+02,-7.44360715e+01
283.075000,-1.05850743e+02,-7.44354109e+01
283.080000,-1.05850092e+02,-7.44347602e+01
283.085000,-1.05849454e+02,-7.44341227e+01
283.090000,-1.05848832e+02,-7.44335007e+01
283.095000,-1.05848227e+02,-7.44328957e+01
283.100000,-1.05847642e+02,-7.44323101e+01
283.105000,-1.05847076e+02,-7.44317448e+01
283.110000,-1.05846530e+02,-7.44311990e+01
283.115000,-1.05846003e+02,-7.44306717e+01
283.120000,-1.05845491e+02,-7.44301592e+01
283.125000,-1.05844988e+02,-7.44296561e+01
283.130000,-1.05844488e+02,-7.44291569e+01
283.135000,-1.05843990e+02,-7.44286584e+01
283.140000,-1.05843491e+02,-7.44281596e+01
283.145000,-1.05842995e+02,-7.44276631e+01
283.150000,-1.05842504e+02,-7.44271726e+01
283.155000,-1.05842019e+02,-7.44266876e+01
283.160000,-1.05841537e+02,-7.44262054e+01
283.165000,-1.05841054e+02,-7.44257225e+01
283.170000,-1.05840568e+02,-7.44252359e+01
283.175000,-1.05840076e+02,-7.44247438e+01
283.180000,-1.05839576e+02,-7.44242446e+01
283.185000,-1.05839068e+02,-7.44237363e+01
283.190000,-1.05838550e+02,-7.44232183e+01
283.195000,-1.05838023e+02,-7.44226913e+01
283.200000,-1.05837484e+02,-7.44221523e+01
283.205000,-1.05836932e+02,-7.44216001e+01
283.210000,-1.05836371e+02,-7.44210396e+01
283.215000,-1.05835808e+02,-7.44204768e+01
283.220000,-1.05835248e+02,-7.44199164e+01
283.225000,-1.05834693e+02,-7.44193610e+01
283.230000,-1.05834145e+02,-7.44188126e+01
283.235000,-1.05833604e+02,-7.44182718e+01
283.240000,-1.05833072e+02,-7.44177397e+01
283.245000,-1.05832548e+02,-7.44172162e+01
283.250000,-1.05832033e+02,-7.44167015e+01
283.255000,-1.05831526e+02,-7.44161944e+01
283.260000,-1.05831021e+02,-7.44156890e+01
283.265000,-1.05830512e+02,-7.44151799e+01
283.270000,-1.05829998e+02,-7.44146662e+01
283.275000,-1.05829482e+02,-7.44141501e+01
283.280000,-1.05828967e+02,-7.44136349e+01
283.285000,-1.05828456e+02,-7.44131246e+01
283.290000,-1.05827953e+02,-7.44126213e+01
283.295000,-1.05827456e+02,-7.44121244e+01
283.300000,-1.05826964e+02,-7.44116323e+01
283.305000,-1.05826475e+02,-7.44111430e+01
283.310000,-1.05825986e+02,-7.44106547e+01
283.315000,-1.05825496e+02,-7.44101644e+01
283.320000,-1.05825003e+02,-7.44096711e+01
283.325000,-1.05824507e+02,-7.44091754e+01
283.330000,-1.05824008e+02,-7.44086764e+01
283.335000,-1.05823505e+02,-7.44081741e+01
283.340000,-1.05823006e+02,-7.44076743e+01
283.345000,-1.05822512e+02,-7.44071808e+01
283.350000,-1.05822026e+02,-7.44066947e+01
283.355000,-1.05821544e+02,-7.44062129e+01
283.360000,-1.05821067e+02,-7.44057357e+01
283.365000,-1.05820597e+02,-7.44052654e+01
283.370000,-1.05820134e+02,-7.44048022e+01
283.375000,-1.05819676e+02,-7.44043442e+01
283.380000,-1.05819222e+02,-7.44038909e+01
283.385000,-1.05818777e+02,-7.44034454e+01
283.390000,-1.05818340e+02,-7.44030092e+01
283.395000,-1.05817915e+02,-7.44025835e+01
283.400000,-1.05817498e+02,-7.44021662e+01
283.405000,-1.05817084e+02,-7.44017528e+01
283.410000,-1.05816671e+02,-7.44013394e+01
283.415000,-1.05816256e+02,-7.44009249e+01
283.420000,-1.05815842e+02,-7.44005102e+01
283.425000,-1.05815429e+02,-7.44000979e+01
283.430000,-1.05815024e+02,-7.43996921e+01
283.435000,-1.05814627e+02,-7.43992957e+01
283.440000,-1.05814241e+02,-7.43989098e+01
283.445000,-1.05813865e+02,-7.43985335e+01
283.450000,-1.05813497e+02,-7.43981655e+01
283.455000,-1.05813135e+02,-7.43978035e+01
283.460000,-1.05812777e+02,-7.43974458e+01
283.465000,-1.05812422e+02,-7.43970906e+01
283.470000,-1.05812067e+02,-7.43967354e+01
283.475000,-1.05811709e+02,-7.43963773e+01
283.480000,-1.05811347e+02,-7.43960148e+01
283.485000,-1.05810983e+02,-7.43956514e+01
283.490000,-1.05810621e+02,-7.43952896e+01
283.495000,-1.05810256e+02,-7.43949243e+01
283.500000,-1.05809881e+02,-7.43945496e+01
283.505000,-1.05809496e+02,-7.43941649e+01
283.510000,-1.05809106e+02,-7.43937741e+01
283.515000,-1.05808710e+02,-7.43933784e+01
283.520000,-1.05808310e+02,-7.43929783e+01
283.525000,-1.05807906e+02,-7.43925745e+01
283.530000,-1.05807501e+02,-7.43921694e+01
283.535000,-1.05807095e+02,-7.43917634e+01
283.540000,-1.05806686e+02,-7.43913545e+01
283.545000,-1.05806268e+02,-7.43909359e+01
283.550000,-1.05805835e+02,-7.43905031e+01
283.555000,-1.05805386e+02,-7.43900547e+01
283.560000,-1.05804924e+02,-7.43895928e+01
283.565000,-1.05804452e+02,-7.43891207e+01
283.570000,-1.05803974e+02,-7.43886427e+01
283.575000,-1.05803495e+02,-7.43881633e+01
283.580000,-1.05803017e+02,-7.43876857e+01
283.585000,-1.05802542e+02,-7.43872103e+01
283.590000,-1.05802066e+02,-7.43867347e+01
283.595000,-1.05801590e+02,-7.43862589e+01
283.600000,-1.05801118e+02,-7.43857863e+01
283.605000,-1.05800652e+02,-7.43853208e+01
283.610000,-1.05800195e+02,-7.43848638e+01
283.615000,-1.05799747e+02,-7.43844157e+01
283.620000,-1.05799307e+02,-7.43839759e+01
283.625000,-1.05798876e+02,-7.43835445e+01
283.630000,-1.05798451e+02,-7.43831207e+01
283.635000,-1.05798035e+02,-7.43827040e+01
283.640000,-1.05797623e+02,-7.43822914e+01
283.645000,-1.05797210e+02,-7.43818788e+01
283.650000,-1.05796794e+02,-7.43814634e+01
283.655000,-1.05796376e+02,-7.43810450e+01
283.660000,-1.05795955e+02,-7.43806235e+01
283.665000,-1.05795531e+02,-7.43802002e+01
283.670000,-1.05795107e+02,-7.43797765e+01
283.675000,-1.05794687e+02,-7.43793558e+01
283.680000,-1.05794271e+02,-7.43789399e+01
283.685000,-1.05793860e+02,-7.43785290e+01
283.690000,-1.05793453e+02,-7.43781218e+01
283.695000,-1.05793050e+02,-7.43777186e+01
283.700000,-1.05792652e+02,-7.43773212e+01
283.705000,-1.05792263e+02,-7.43769315e+01
283.710000,-1.05791880e+02,-7.43765492e+01
283.715000,-1.05791506e+02,-7.43761749e+01
283.720000,-1.05791144e+02,-7.43758126e+01
283.725000,-1.05790798e+02,-7.43754666e+01
283.730000,-1.05790467e+02,-7.43751358e+01
283.735000,-1.05790148e+02,-7.43748172e+01
283.740000,-1.05789839e+02,-7.43745077e+01
283.745000,-1.05789536e+02,-7.43742047e+01
283.750000,-1.05789238e+02,-7.43739067e+01
283.755000,-1.05788946e+02,-7.43736146e+01
283.760000,-1.05788662e+02,-7.43733307e+01
283.765000,-1.05788384e+02,-7.43730531e+01
283.770000,-1.05788108e+02,-7.43727768e+01
283.775000,-1.05787829e+02,-7.43724972e+01
283.780000,-1.05787542e+02,-7.43722106e+01
283.785000,-1.05787245e+02,-7.43719136e+01
283.790000,-1.05786931e+02,-7.43715999e+01
283.795000,-1.05786598e+02,-7.43712666e+01
283.800000,-1.05786247e+02,-7.43709161e+01
283.805000,-1.05785882e+02,-7.43705506e+01
283.810000,-1.05785504e+02,-7.43701724e+01
283.815000,-1.05785114e+02,-7.43697826e+01
283.820000,-1.05784714e+02,-7.43693824e+01
283.825000,-1.05784301e+02,-7.43689699e+01
283.830000,-1.05783878e+02,-7.43685466e+01
283.835000,-1.05783449e+02,-7.43681173e+01
283.840000,-1.05783018e+02,-7.43676871e+01
283.845000,-1.05782591e+02,-7.43672600e+01
283.850000,-1.05782169e+02,-7.43668383e+01
283.855000,-1.05781754e+02,-7.43664232e+01
283.860000,-1.05781345e+02,-7.43660135e+01
283.865000,-1.05780938e+02,-7.43656068e+01
283.870000,-1.05780535e+02,-7.43652039e+01
283.875000,-1.05780137e+02,-7.43648053e+01
283.880000,-1.05779743e+02,-7.43644116e+01
283.885000,-1.05779354e+02,-7.43640231e+01
283.890000,-1.05778973e+02,-7.43636422e+01
283.895000,-1.05778602e+02,-7.43632711e+01
283.900000,-1.05778242e+02,-7.43629108e+01
283.905000,-1.05777892e+02,-7.43625608e+01
283.910000,-1.05777552e+02,-7.43622213e+01
283.915000,-1.05777222e+02,-7.43618915e+01
283.920000,-1.05776902e+02,-7.43615709e+01
283.925000,-1.05776589e+02,-7.43612581e+01
283.930000,-1.05776281e+02,-7.43609502e+01
283.935000,-1.05775979e+02,-7.43606481e+01
283.940000,-1.05775684e+02,-7.43603529e+01
283.945000,-1.05775395e+02,-7.43600645e+01
283.950000,-1.05775110e+02,-7.43597792e+01
283.955000,-1.05774826e+02,-7.43594953e+01
283.960000,-1.05774546e+02,-7.43592150e+01
283.965000,-1.05774268e+02,-7.43589372e+01
283.970000,-1.05773989e+02,-7.43586582e+01
283.975000,-1.05773708e+02,-7.43583769e+01
283.980000,-1.05773426e+02,-7.43580955e+01
283.985000,-1.05773149e+02,-7.43578177e+01
283.990000,-1.05772879e+02,-7.43575480e+01
283.995000,-1.05772620e+02,-7.43572890e+01
284.000000,-1.05772371e+02,-7.43570402e+01
284.005000,-1.05772133e+02,-7.43568018e+01
284.010000,-1.05771905e+02,-7.43565738e+01
284.015000,-1.05771686e+02,-7.43563548e+01
284.020000,-1.05771474e+02,-7.43561426e+01
284.025000,-1.05771266e+02,-7.43559354e+01
284.030000,-1.05771066e+02,-7.43557348e+01
284.035000,-1.05770874e+02,-7.43555428e+01
284.040000,-1.05770689e+02,-7.43553577e+01
284.045000,-1.05770507e+02,-7.43551757e+01
284.050000,-1.05770325e+02,-7.43549942e+01
284.055000,-1.05770139e+02,-7.43548076e+01
284.060000,-1.05769942e+02,-7.43546107e+01
284.065000,-1.05769734e+02,-7.43544030e+01
284.070000,-1.05769517e+02,-7.43541860e+01
284.075000,-1.05769293e+02,-7.43539620e+01
284.080000,-1.05769064e+02,-7.43537331e+01
284.085000,-1.05768832e+02,-7.43535006e+01
284.090000,-1.05768591e+02,-7.43532596e+01
284.095000,-1.05768335e+02,-7.43530036e+01
284.100000,-1.05768063e+02,-7.43527317e+01
284.105000,-1.05767777e+02,-7.43524456e+01
284.110000,-1.05767477e+02,-7.43521453e+01
284.115000,-1.05767161e+02,-7.43518295e+01
284.120000,-1.05766831e+02,-7.43514997e+01
284.125000,-1.05766491e+02,-7.43511598e+01
284.130000,-1.05766144e+02,-7.43508132e+01
284.135000,-1.05765792e+02,-7.43504608e+01
284.140000,-1.05765434e+02,-7.43501033e+01
284.145000,-1.05765074e+02,-7.43497429e+01
284.150000,-1.05764715e+02,-7.43493840e+01
284.155000,-1.05764361e+02,-7.43490298e+01
284.160000,-1.05764015e+02,-7.43486836e+01
284.165000,-1.05763681e+02,-7.43483501e+01
284.170000,-1.05763365e+02,-7.43480340e+01
284.175000,-1.05763067e+02,-7.43477367e+01
284.180000,-1.05762788e+02,-7.43474570e+01
284.185000,-1.05762523e+02,-7.43471926e+01
284.190000,-1.05762272e+02,-7.43469409e+01
284.195000,-1.05762032e+02,-7.43467014e+01
284.200000,-1.05761802e+02,-7.43464719e+01
284.205000,-1.05761578e+02,-7.43462475e+01
284.210000,-1.05761353e+02,-7.43460229e+01
284.215000,-1.05761127e+02,-7.43457963e+01
284.220000,-1.05760899e+02,-7.43455684e+01
284.225000,-1.05760673e+02,-7.43453420e+01
284.230000,-1.05760449e+02,-7.43451187e+01
284.235000,-1.05760231e+02,-7.43449002e+01
284.240000,-1.05760011e+02,-7.43446809e+01
284.245000,-1.05759786e+02,-7.43444558e+01
284.250000,-1.05759550e+02,-7.43442195e+01
284.255000,-1.05759299e+02,-7.43439680e+01
284.260000,-1.05759031e+02,-7.43437005e+01
284.265000,-1.05758751e+02,-7.43434202e+01
284.270000,-1.05758462e+02,-7.43431313e+01
284.275000,-1.05758171e+02,-7.43428398e+01
284.280000,-1.05757882e+02,-7.43425510e+01
284.285000,-1.05757600e+02,-7.43422688e+01
284.290000,-1.05757327e+02,-7.43419961e+01
284.295000,-1.05757069e+02,-7.43417382e+01
284.300000,-1.05756834e+02,-7.43415034e+01
284.305000,-1.05756630e+02,-7.43412993e+01
284.310000,-1.05756460e+02,-7.43411287e+01
284.315000,-1.05756321e+02,-7.43409898e+01
284.320000,-1.05756209e+02,-7.43408781e+01
284.325000,-1.05756120e+02,-7.43407891e+01
284.330000,-1.05756051e+02,-7.43407199e+01
284.335000,-1.05755999e+02,-7.43406678e+01
284.340000,-1.05755960e+02,-7.43406288e+01
284.345000,-1.05755928e+02,-7.43405969e+01
284.350000,-1.05755897e+02,-7.43405653e+01
284.355000,-1.05755859e+02,-7.43405276e+01
284.360000,-1.05755811e+02,-7.43404800e+01
284.365000,-1.05755754e+02,-7.43404230e+01
284.370000,-1.05755693e+02,-7.43403614e+01
284.375000,-1.05755631e+02,-7.43402996e+01
284.380000,-1.05755575e+02,-7.43402428e+01
284.385000,-1.05755522e+02,-7.43401901e+01
284.390000,-1.05755465e+02,-7.43401337e+01
284.395000,-1.05755391e+02,-7.43400595e+01
284.400000,-1.05755288e+02,-7.43399569e+01
284.405000,-1.05755153e+02,-7.43398215e+01
284.410000,-1.05754987e+02,-7.43396554e+01
284.415000,-1.05754796e+02,-7.43394645e+01
284.420000,-1.05754589e+02,-7.43392579e+01
284.425000,-1.05754375e+02,-7.43390436e+01
284.430000,-1.05754160e+02,-7.43388290e+01
284.435000,-1.05753952e+02,-7.43386209e+01
284.440000,-1.05753757e+02,-7.43384263e+01
284.445000,-1.05753581e+02,-7.43382501e+01
284.450000,-1.05753425e+02,-7.43380947e+01
284.455000,-1.05753289e+02,-7.43379585e+01
284.460000,-1.05753170e+02,-7.43378392e+01
284.465000,-1.05753066e+02,-7.43377354e+01
284.470000,-1.05752979e+02,-7.43376488e+01
284.475000,-1.05752914e+02,-7.43375830e+01
284.480000,-1.05752871e+02,-7.43375406e+01
284.485000,-1.05752851e+02,-7.43375207e+01
284.490000,-1.05752851e+02,-7.43375205e+01
284.495000,-1.05752867e+02,-7.43375365e+01
284.500000,-1.05752892e+02,-7.43375616e+01
284.505000,-1.05752920e+02,-7.43375898e+01
284.510000,-1.05752949e+02,-7.43376190e+01
284.515000,-1.05752979e+02,-7.43376489e+01
284.520000,-1.05753009e+02,-7.43376786e+01
284.525000,-1.05753037e+02,-7.43377075e+01
284.530000,-1.05753066e+02,-7.43377360e+01
284.535000,-1.05753090e+02,-7.43377597e+01
284.540000,-1.05753100e+02,-7.43377693e+01
284.545000,-1.05753086e+02,-7.43377553e+01
284.550000,-1.05753046e+02,-7.43377153e+01
284.555000,-1.05752983e+02,-7.43376531e+01
284.560000,-1.05752908e+02,-7.43375769e+01
284.565000,-1.05752828e+02,-7.43374972e+01
284.570000,-1.05752756e+02,-7.43374248e+01
284.575000,-1.05752698e+02,-7.43373667e+01
284.580000,-1.05752661e+02,-7.43373298e+01
284.585000,-1.05752649e+02,-7.43373181e+01
284.590000,-1.05752662e+02,-7.43373314e+01
284.595000,-1.05752698e+02,-7.43373666e+01
284.600000,-1.05752751e+02,-7.43374203e+01
284.605000,-1.05752822e+02,-7.43374912e+01
284.610000,-1.05752910e+02,-7.43375785e+01
284.615000,-1.05753012e+02,-7.43376811e+01
284.620000,-1.05753127e+02,-7.43377960e+01
284.625000,-1.05753250e+02,-7.43379187e+01
284.630000,-1.05753375e+02,-7.43380441e+01
284.635000,-1.05753499e+02,-7.43381682e+01
284.640000,-1.05753619e+02,-7.43382881e+01
284.645000,-1.05753732e+02,-7.43384011e+01
284.650000,-1.05753838e+02,-7.43385064e+01
284.655000,-1.05753935e+02,-7.43386040e+01
284.660000,-1.05754027e+02,-7.43386954e+01
284.665000,-1.05754114e+02,-7.43387828e+01
284.670000,-1.05754202e+02,-7.43388702e+01
284.675000,-1.05754289e+02,-7.43389573e+01
284.680000,-1.05754368e+02,-7.43390369e+01
284.685000,-1.05754433e+02,-7.43391016e+01
284.690000,-1.05754478e+02,-7.43391470e+01
284.695000,-1.05754500e+02,-7.43391691e+01
284.700000,-1.05754500e+02,-7.43391686e+01
284.705000,-1.05754484e+02,-7.43391527e+01
284.710000,-1.05754463e+02,-7.43391319e+01
284.715000,-1.05754447e+02,-7.43391162e+01
284.720000,-1.05754448e+02,-7.43391164e+01
284.725000,-1.05754471e+02,-7.43391402e+01
284.730000,-1.05754521e+02,-7.43391899e+01
284.735000,-1.05754593e+02,-7.43392620e+01
284.740000,-1.05754681e+02,-7.43393508e+01
284.745000,-1.05754783e+02,-7.43394526e+01
284.750000,-1.05754899e+02,-7.43395683e+01
284.755000,-1.05755032e+02,-7.43397009e+01
284.760000,-1.05755182e+02,-7.43398517e+01
284.765000,-1.05755351e+02,-7.43400200e+01
284.770000,-1.05755535e+02,-7.43402044e+01
284.775000,-1.05755733e+02,-7.43404026e+01
284.780000,-1.05755943e+02,-7.43406124e+01
284.785000,-1.05756163e+02,-7.43408327e+01
284.790000,-1.05756393e+02,-7.43410623e+01
284.795000,-1.05756629e+02,-7.43412985e+01
284.800000,-1.05756871e+02,-7.43415409e+01
284.805000,-1.05757119e+02,-7.43417889e+01
284.810000,-1.05757370e+02,-7.43420397e+01
284.815000,-1.05757620e+02,-7.43422896e+01
284.820000,-1.05757861e+02,-7.43425307e+01
284.825000,-1.05758080e+02,-7.43427496e+01
284.830000,-1.05758266e+02,-7.43429355e+01
284.835000,-1.05758418e+02,-7.43430873e+01
284.840000,-1.05758538e+02,-7.43432078e+01
284.845000,-1.05758636e+02,-7.43433050e+01
284.850000,-1.05758719e+02,-7.43433879e+01
284.855000,-1.05758797e+02,-7.43434657e+01
284.860000,-1.05758879e+02,-7.43435482e+01
284.865000,-1.05758976e+02,-7.43436453e+01
284.870000,-1.05759094e+02,-7.43437626e+01
284.875000,-1.05759231e+02,-7.43439003e+01
284.880000,-1.05759388e+02,-7.43440566e+01
284.885000,-1.05759561e+02,-7.43442296e+01
284.890000,-1.05759749e+02,-7.43444179e+01
284.895000,-1.05759951e+02,-7.43446197e+01
284.900000,-1.05760159e+02,-7.43448281e+01
284.905000,-1.05760375e+02,-7.43450439e+01
284.910000,-1.05760677e+02,-7.43453461e+01
284.915000,-1.05761160e+02,-7.43458294e+01
284.920000,-1.05761818e+02,-7.43464873e+01
284.925000,-1.05762622e+02,-7.43472911e+01
284.930000,-1.05763561e+02,-7.43482302e+01
284.935000,-1.05764600e+02,-7.43492688e+01
284.940000,-1.05765684e+02,-7.43503527e+01
284.945000,-1.05766786e+02,-7.43514554e+01
284.950000,-1.05767910e+02,-7.43525785e+01
284.955000,-1.05769041e+02,-7.43537094e+01
284.960000,-1.05770168e+02,-7.43548366e+01
284.965000,-1.05771285e+02,-7.43559540e+01
284.970000,-1.05772376e+02,-7.43570445e+01
284.975000,-1.05773422e+02,-7.43580912e+01
284.980000,-1.05774418e+02,-7.43590871e+01
284.985000,-1.05775365e+02,-7.43600339e+01
284.990000,-1.05776268e+02,-7.43609372e+01
284.995000,-1.05777135e+02,-7.43618037e+01
285.000000,-1.05777970e+02,-7.43626394e+01
285.005000,-1.05778782e+02,-7.43634506e+01
285.010000,-1.05779575e+02,-7.43642438e+01
285.015000,-1.05780354e+02,-7.43650229e+01
285.020000,-1.05781123e+02,-7.43657919e+01
285.025000,-1.05781886e+02,-7.43665547e+01
285.030000,-1.05782646e+02,-7.43673158e+01
285.035000,-1.05783411e+02,-7.43680801e+01
285.040000,-1.05784181e+02,-7.43688504e+01
285.045000,-1.05784961e+02,-7.43696298e+01
285.050000,-1.05785748e+02,-7.43704172e+01
285.055000,-1.05786539e+02,-7.43712085e+01
285.060000,-1.05787331e+02,-7.43720001e+01
285.065000,-1.05788117e+02,-7.43727866e+01
285.070000,-1.05788895e+02,-7.43735643e+01
285.075000,-1.05789661e+02,-7.43743307e+01
285.080000,-1.05790415e+02,-7.43750838e+01
285.085000,-1.05791149e+02,-7.43758184e+01
285.090000,-1.05791860e+02,-7.43765293e+01
285.095000,-1.05792546e+02,-7.43772153e+01
285.100000,-1.05793209e+02,-7.43778780e+01
285.105000,-1.05793847e+02,-7.43785172e+01
285.110000,-1.05794469e+02,-7.43791386e+01
285.115000,-1.05795077e+02,-7.43797464e+01
285.120000,-1.05795671e+02,-7.43803400e+01
285.125000,-1.05796246e+02,-7.43809150e+01
285.130000,-1.05796797e+02,-7.43814666e+01
285.135000,-1.05797325e+02,-7.43819937e+01
285.140000,-1.05797833e+02,-7.43825018e+01
285.145000,-1.05798334e+02,-7.43830028e+01
285.150000,-1.05798839e+02,-7.43835084e+01
285.155000,-1.05799355e+02,-7.43840243e+01
285.160000,-1.05799880e+02,-7.43845489e+01
285.165000,-1.05800409e+02,-7.43850775e+01
285.170000,-1.05800937e+02,-7.43856054e+01
285.175000,-1.05801463e+02,-7.43861317e+01
285.180000,-1.05801988e+02,-7.43866569e+01
285.185000,-1.05802512e+02,-7.43871807e+01
285.190000,-1.05803034e+02,-7.43877032e+01
285.195000,-1.05803555e+02,-7.43882242e+01
285.200000,-1.05804074e+02,-7.43887430e+01
285.205000,-1.05804590e+02,-7.43892590e+01
285.210000,-1.05805103e+02,-7.43897719e+01
285.215000,-1.05805613e+02,-7.43902816e+01
285.220000,-1.05806121e+02,-7.43907893e+01
285.225000,-1.05806628e+02,-7.43912966e+01
285.230000,-1.05807135e+02,-7.43918033e+01
285.235000,-1.05807639e+02,-7.43923082e+01
285.240000,-1.05808141e+02,-7.43928101e+01
285.245000,-1.05808639e+02,-7.43933080e+01
285.250000,-1.05809132e+02,-7.43938014e+01
285.255000,-1.05809620e+02,-7.43942888e+01
285.260000,-1.05810100e+02,-7.43947683e+01
285.265000,-1.05810565e+02,-7.43952343e+01
285.270000,-1.05811008e+02,-7.43956767e+01
285.275000,-1.05811417e+02,-7.43960857e+01
285.280000,-1.05811794e+02,-7.43964624e+01
285.285000,-1.05812146e+02,-7.43968145e+01
285.290000,-1.05812484e+02,-7.43971530e+01
285.295000,-1.05812821e+02,-7.43974893e+01
285.300000,-1.05813163e+02,-7.43978316e+01
285.305000,-1.05813513e+02,-7.43981818e+01
285.310000,-1.05813870e+02,-7.43985387e+01
285.315000,-1.05814233e+02,-7.43989015e+01
285.320000,-1.05814600e+02,-7.43992688e+01
285.325000,-1.05814967e+02,-7.43996357e+01
285.330000,-1.05815330e+02,-7.43999983e+01
285.335000,-1.05815686e+02,-7.44003550e+01
285.340000,-1.05816039e+02,-7.44007078e+01
285.345000,-1.05816388e+02,-7.44010567e+01
285.350000,-1.05816734e+02,-7.44014028e+01
285.355000,-1.05817078e+02,-7.44017471e+01
285.360000,-1.05817421e+02,-7.44020898e+01
285.365000,-1.05817761e+02,-7.44024297e+01
285.370000,-1.05818097e+02,-7.44027653e+01
285.375000,-1.05818430e+02,-7.44030991e+01
285.380000,-1.05818767e+02,-7.44034353e+01
285.385000,-1.05819107e+02,-7.44037754e+01
285.390000,-1.05819448e+02,-7.44041168e+01
285.395000,-1.05819788e+02,-7.44044565e+01
285.400000,-1.05820125e+02,-7.44047940e+01
285.405000,-1.05820459e+02,-7.44051286e+01
285.410000,-1.05820794e+02,-7.44054629e+01
285.415000,-1.05821125e+02,-7.44057938e+01
285.420000,-1.05821447e+02,-7.44061152e+01
285.425000,-1.05821753e+02,-7.44064219e+01
285.430000,-1.05822053e+02,-7.44067213e+01
285.435000,-1.05822351e+02,-7.44070198e+01
285.440000,-1.05822652e+02,-7.44073206e+01
285.445000,-1.05822957e+02,-7.44076257e+01
285.450000,-1.05823269e+02,-7.44079378e+01
285.455000,-1.05823590e+02,-7.44082589e+01
285.460000,-1.05823922e+02,-7.44085909e+01
285.465000,-1.05824266e+02,-7.44089342e+01
285.470000,-1.05824618e+02,-7.44092866e+01
285.475000,-1.05824977e+02,-7.44096459e+01
285.480000,-1.05825338e+02,-7.44100064e+01
285.485000,-1.05825692e+02,-7.44103609e+01
285.490000,-1.05826034e+02,-7.44107024e+01
285.495000,-1.05826359e+02,-7.44110274e+01
285.500000,-1.05826668e+02,-7.44113367e+01
285.505000,-1.05826963e+02,-7.44116321e+01
285.510000,-1.05827248e+02,-7.44119169e+01
285.515000,-1.05827526e+02,-7.44121950e+01
285.520000,-1.05827800e+02,-7.44124684e+01
285.525000,-1.05828068e+02,-7.44127369e+01
285.530000,-1.05828331e+02,-7.44129994e+01
285.535000,-1.05828586e+02,-7.44132543e+01
285.540000,-1.05828834e+02,-7.44135022e+01
285.545000,-1.05829077e+02,-7.44137459e+01
285.550000,-1.05829323e+02,-7.44139911e+01
285.555000,-1.05829576e+02,-7.44142442e+01
285.560000,-1.05829841e+02,-7.44145093e+01
285.565000,-1.05830116e+02,-7.44147845e+01
285.570000,-1.05830395e+02,-7.44150638e+01
285.575000,-1.05830674e+02,-7.44153426e+01
285.580000,-1.05830952e+02,-7.44156206e+01
285.585000,-1.05831229e+02,-7.44158977e+01
285.590000,-1.05831507e+02,-7.44161752e+01
285.595000,-1.05831787e+02,-7.44164557e+01
285.600000,-1.05832075e+02,-7.44167436e+01
285.605000,-1.05832372e+02,-7.44170410e+01
285.610000,-1.05832680e+02,-7.44173484e+01
285.615000,-1.05832995e+02,-7.44176640e+01
285.620000,-1.05833318e+02,-7.44179862e+01
285.625000,-1.05833646e+02,-7.44183149e+01
285.630000,-1.05833981e+02,-7.44186495e+01
285.635000,-1.05834320e+02,-7.44189884e+01
285.640000,-1.05834663e+02,-7.44193316e+01
285.645000,-1.05835007e+02,-7.44196756e+01
285.650000,-1.05835346e+02,-7.44200141e+01
285.655000,-1.05835674e+02,-7.44203428e+01
285.660000,-1.05835992e+02,-7.44206599e+01
285.665000,-1.05836297e+02,-7.44209652e+01
285.670000,-1.05836591e+02,-7.44212600e+01
285.675000,-1.05836878e+02,-7.44215462e+01
285.680000,-1.05837159e+02,-7.44218274e+01
285.685000,-1.05837438e+02,-7.44221065e+01
285.690000,-1.05837717e+02,-7.44223855e+01
285.695000,-1.05837997e+02,-7.44226661e+01
285.700000,-1.05838281e+02,-7.44229501e+01
285.705000,-1.05838570e+02,-7.44232388e+01
285.710000,-1.05838871e+02,-7.44235400e+01
285.715000,-1.05839193e+02,-7.44238611e+01
285.720000,-1.05839531e+02,-7.44241989e+01
285.725000,-1.05839874e+02,-7.44245426e+01
285.730000,-1.05840216e+02,-7.44248841e+01
285.735000,-1.05840552e+02,-7.44252202e+01
285.740000,-1.05840882e+02,-7.44255502e+01
285.745000,-1.05841207e+02,-7.44258755e+01
285.750000,-1.05841532e+02,-7.44262006e+01
285.755000,-1.05841860e+02,-7.44265284e+01
285.760000,-1.05842194e+02,-7.44268617e+01
285.765000,-1.05842533e+02,-7.44272011e+01
285.770000,-1.05842878e+02,-7.44275469e+01
285.775000,-1.05843229e+02,-7.44278972e+01
285.780000,-1.05843581e+02,-7.44282500e+01
285.785000,-1.05843936e+02,-7.44286047e+01
285.790000,-1.05844291e+02,-7.44289598e+01
285.795000,-1.05844650e+02,-7.44293181e+01
285.800000,-1.05845011e+02,-7.44296793e+01
285.805000,-1.05845372e+02,-7.44300402e+01
285.810000,-1.05845727e+02,-7.44303958e+01
285.815000,-1.05846074e+02,-7.44307430e+01
285.820000,-1.05846412e+02,-7.44310808e+01
285.825000,-1.05846741e+02,-7.44314097e+01
285.830000,-1.05847065e+02,-7.44317338e+01
285.835000,-1.05847391e+02,-7.44320588e+01
285.840000,-1.05847720e+02,-7.44323884e+01
285.845000,-1.05848056e+02,-7.44327246e+01
285.850000,-1.05848401e+02,-7.44330696e+01
285.855000,-1.05848758e+02,-7.44334260e+01
285.860000,-1.05849125e+02,-7.44337936e+01
285.865000,-1.05849500e+02,-7.44341684e+01
285.870000,-1.05849872e+02,-7.44345406e+01
285.875000,-1.05850233e+02,-7.44349014e+01
285.880000,-1.05850577e+02,-7.44352456e+01
285.885000,-1.05850904e+02,-7.44355728e+01
285.890000,-1.05851216e+02,-7.44358844e+01
285.895000,-1.05851513e+02,-7.44361816e+01
285.900000,-1.05851799e+02,-7.44364671e+01
285.905000,-1.05852078e+02,-7.44367459e+01
285.910000,-1.05852358e+02,-7.44370262e+01
285.915000,-1.05852647e+02,-7.44373153e+01
285.920000,-1.05852948e+02,-7.44376170e+01
285.925000,-1.05853267e+02,-7.44379354e+01
285.930000,-1.05853602e+02,-7.44382711e+01
285.935000,-1.05853955e+02,-7.44386231e+01
285.940000,-1.05854317e+02,-7.44389858e+01
285.945000,-1.05854683e+02,-7.44393510e+01
285.950000,-1.05855043e+02,-7.44397118e+01
285.955000,-1.05855396e+02,-7.44400645e+01
285.960000,-1.05855739e+02,-7.44404069e+01
285.965000,-1.05856069e+02,-7.44407374e+01
285.970000,-1.05856389e+02,-7.44410570e+01
285.975000,-1.05856699e+02,-7.44413671e+01
285.980000,-1.05857000e+02,-7.44416685e+01
285.985000,-1.05857293e+02,-7.44419611e+01
285.990000,-1.05857577e+02,-7.44422454e+01
285.995000,-1.05857860e+02,-7.44425283e+01
286.000000,-1.05858146e+02,-7.44428149e+01
286.005000,-1.05858437e+02,-7.44431066e+01
286.010000,-1.05858737e+02,-7.44434049e+01
286.015000,-1.05859038e+02,-7.44437067e+01
286.020000,-1.05859335e+02,-7.44440035e+01
286.025000,-1.05859617e+02,-7.44442846e+01
286.030000,-1.05859878e+02,-7.44445458e+01
286.035000,-1.05860118e+02,-7.44447862e+01
286.040000,-1.05860339e+02,-7.44450071e+01
286.045000,-1.05860542e+02,-7.44452105e+01
286.050000,-1.05860734e+02,-7.44454023e+01
286.055000,-1.05860922e+02,-7.44455901e+01
286.060000,-1.05861111e+02,-7.44457790e+01
286.065000,-1.05861305e+02,-7.44459731e+01
286.070000,-1.05861505e+02,-7.44461732e+01
286.075000,-1.05861712e+02,-7.44463800e+01
286.080000,-1.05861925e+02,-7.44465937e+01
286.085000,-1.05862147e+02,-7.44468153e+01
286.090000,-1.05862375e+02,-7.44470432e+01
286.095000,-1.05862598e+02,-7.44472667e+01
286.100000,-1.05862818e+02,-7.44474862e+01
286.105000,-1.05863041e+02,-7.44477098e+01
286.110000,-1.05863273e+02,-7.44479416e+01
286.115000,-1.05863510e+02,-7.44481783e+01
286.120000,-1.05863744e+02,-7.44484118e+01
286.125000,-1.05863966e+02,-7.44486344e+01
286.130000,-1.05864174e+02,-7.44488424e+01
286.135000,-1.05864364e+02,-7.44490322e+01
286.140000,-1.05864542e+02,-7.44492103e+01
286.145000,-1.05864721e+02,-7.44493891e+01
286.150000,-1.05864905e+02,-7.44495726e+01
286.155000,-1.05865093e+02,-7.44497616e+01
286.160000,-1.05865285e+02,-7.44499534e+01
286.165000,-1.05865470e+02,-7.44501378e+01
286.170000,-1.05865638e+02,-7.44503061e+01
286.175000,-1.05865785e+02,-7.44504534e+01
286.180000,-1.05865924e+02,-7.44505927e+01
286.185000,-1.05866073e+02,-7.44507421e+01
286.190000,-1.05866240e+02,-7.44509086e+01
286.195000,-1.05866420e+02,-7.44510888e+01
286.200000,-1.05866608e+02,-7.44512764e+01
286.205000,-1.05866799e+02,-7.44514673e+01
286.210000,-1.05866991e+02,-7.44516590e+01
286.215000,-1.05867177e+02,-7.44518451e+01
286.220000,-1.05867363e+02,-7.44520314e+01
286.225000,-1.05867563e+02,-7.44522314e+01
286.230000,-1.05867782e+02,-7.44524504e+01
286.235000,-1.05868018e+02,-7.44526868e+01
286.240000,-1.05868271e+02,-7.44529395e+01
286.245000,-1.05868537e+02,-7.44532055e+01
286.250000,-1.05868813e+02,-7.44534817e+01
286.255000,-1.05869089e+02,-7.44537579e+01
286.260000,-1.05869365e+02,-7.44540339e+01
286.265000,-1.05869650e+02,-7.44543189e+01
286.270000,-1.05869955e+02,-7.44546236e+01
286.275000,-1.05870288e+02,-7.44549566e+01
286.280000,-1.05870649e+02,-7.44553176e+01
286.285000,-1.05871034e+02,-7.44557020e+01
286.290000,-1.05871435e+02,-7.44561033e+01
286.295000,-1.05871839e+02,-7.44565068e+01
286.300000,-1.05872240e+02,-7.44569083e+01
286.305000,-1.05872650e+02,-7.44573181e+01
286.310000,-1.05873067e+02,-7.44577351e+01
286.315000,-1.05873473e+02,-7.44581414e+01
286.320000,-1.05873849e+02,-7.44585172e+01
286.325000,-1.05874188e+02,-7.44588563e+01
286.330000,-1.05874493e+02,-7.44591617e+01
286.335000,-1.05874765e+02,-7.44594335e+01
286.340000,-1.05875015e+02,-7.44596837e+01
286.345000,-1.05875262e+02,-7.44599308e+01
286.350000,-1.05875512e+02,-7.44601801e+01
286.355000,-1.05875763e+02,-7.44604314e+01
286.360000,-1.05876016e+02,-7.44606845e+01
286.365000,-1.05876271e+02,-7.44609395e+01
286.370000,-1.05876527e+02,-7.44611960e+01
286.375000,-1.05876781e+02,-7.44614496e+01
286.380000,-1.05877044e+02,-7.44617125e+01
286.385000,-1.05877337e+02,-7.44620056e+01
286.390000,-1.05877666e+02,-7.44623346e+01
286.395000,-1.05878025e+02,-7.44626928e+01
286.400000,-1.05878401e+02,-7.44630690e+01
286.405000,-1.05878785e+02,-7.44634535e+01
286.410000,-1.05879170e+02,-7.44638383e+01
286.415000,-1.05879546e+02,-7.44642143e+01
286.420000,-1.05879917e+02,-7.44645850e+01
286.425000,-1.05880296e+02,-7.44649640e+01
286.430000,-1.05880683e+02,-7.44653517e+01
286.435000,-1.05881076e+02,-7.44657446e+01
286.440000,-1.05881470e+02,-7.44661383e+01
286.445000,-1.05881861e+02,-7.44665296e+01
286.450000,-1.05882247e+02,-7.44669154e+01
286.455000,-1.05882615e+02,-7.44672828e+01
286.460000,-1.05882961e+02,-7.44676290e+01
286.465000,-1.05883288e+02,-7.44679568e+01
286.470000,-1.05883596e+02,-7.44682642e+01
286.475000,-1.05883882e+02,-7.44685502e+01
286.480000,-1.05884149e+02,-7.44688170e+01
286.485000,-1.05884401e+02,-7.44690700e+01
286.490000,-1.05884646e+02,-7.44693143e+01
286.495000,-1.05884877e+02,-7.44695454e+01
286.500000,-1.05885100e+02,-7.44697684e+01
286.505000,-1.05885328e+02,-7.44699963e+01
286.510000,-1.05885566e+02,-7.44702346e+01
286.515000,-1.05885815e+02,-7.44704832e+01
286.520000,-1.05886074e+02,-7.44707423e+01
286.525000,-1.05886343e+02,-7.44710115e+01
286.530000,-1.05886621e+02,-7.44712900e+01
286.535000,-1.05886901e+02,-7.44715700e+01
286.540000,-1.05887186e+02,-7.44718549e+01
286.545000,-1.05887486e+02,-7.44721548e+01
286.550000,-1.05887801e+02,-7.44724696e+01
286.555000,-1.05888130e+02,-7.44727989e+01
286.560000,-1.05888473e+02,-7.44731418e+01
286.565000,-1.05888831e+02,-7.44734998e+01
286.570000,-1.05889204e+02,-7.44738723e+01
286.575000,-1.05889581e+02,-7.44742501e+01
286.580000,-1.05889970e+02,-7.44746379e+01
286.585000,-1.05890380e+02,-7.44750487e+01
286.590000,-1.05890811e+02,-7.44754789e+01
286.595000,-1.05891244e+02,-7.44759128e+01
286.600000,-1.05891671e+02,-7.44763393e+01
286.605000,-1.05892085e+02,-7.44767536e+01
286.610000,-1.05892482e+02,-7.44771500e+01
286.615000,-1.05892848e+02,-7.44775160e+01
286.620000,-1.05893187e+02,-7.44778551e+01
286.625000,-1.05893519e+02,-7.44781867e+01
286.630000,-1.05893852e+02,-7.44785198e+01
286.635000,-1.05894190e+02,-7.44788574e+01
286.640000,-1.05894532e+02,-7.44792000e+01
286.645000,-1.05894882e+02,-7.44795499e+01
286.650000,-1.05895239e+02,-7.44799064e+01
286.655000,-1.05895591e+02,-7.44802587e+01
286.660000,-1.05895944e+02,-7.44806123e+01
286.665000,-1.05896313e+02,-7.44809812e+01
286.670000,-1.05896701e+02,-7.44813692e+01
286.675000,-1.05897106e+02,-7.44817734e+01
286.680000,-1.05897520e+02,-7.44821878e+01
286.685000,-1.05897939e+02,-7.44826070e+01
286.690000,-1.05898360e+02,-7.44830280e+01
286.695000,-1.05898778e+02,-7.44834460e+01
286.700000,-1.05899199e+02,-7.44838672e+01
286.705000,-1.05899638e+02,-7.44843063e+01
286.710000,-1.05900101e+02,-7.44847686e+01
286.715000,-1.05900583e+02,-7.44852504e+01
286.720000,-1.05901076e+02,-7.44857434e+01
286.725000,-1.05901573e+02,-7.44862404e+01
286.730000,-1.05902070e+02,-7.44867383e+01
286.735000,-1.05902558e+02,-7.44872259e+01
286.740000,-1.05903039e+02,-7.44877071e+01
286.745000,-1.05903524e+02,-7.44881916e+01
286.750000,-1.05904009e+02,-7.44886769e+01
286.755000,-1.05904484e+02,-7.44891523e+01
286.760000,-1.05904936e+02,-7.44896039e+01
286.765000,-1.05905357e+02,-7.44900245e+01
286.770000,-1.05905742e+02,-7.44904100e+01
286.775000,-1.05906087e+02,-7.44907544e+01
286.780000,-1.05906399e+02,-7.44910674e+01
286.785000,-1.05906700e+02,-7.44913678e+01
286.790000,-1.05906991e+02,-7.44916598e+01
286.795000,-1.05907273e+02,-7.44919417e+01
286.800000,-1.05907547e+02,-7.44922147e+01
286.805000,-1.05907814e+02,-7.44924825e+01
286.810000,-1.05908082e+02,-7.44927506e+01
286.815000,-1.05908348e+02,-7.44930163e+01
286.820000,-1.05908621e+02,-7.44932892e+01
286.825000,-1.05908919e+02,-7.44935874e+01
286.830000,-1.05909248e+02,-7.44939157e+01
286.835000,-1.05909607e+02,-7.44942751e+01
286.840000,-1.05909995e+02,-7.44946630e+01
286.845000,-1.05910408e+02,-7.44950757e+01
286.850000,-1.05910839e+02,-7.44955070e+01
286.855000,-1.05911275e+02,-7.44959435e+01
286.860000,-1.05911717e+02,-7.44963851e+01
286.865000,-1.05912172e+02,-7.44968397e+01
286.870000,-1.05912637e+02,-7.44973046e+01
286.875000,-1.05913101e+02,-7.44977686e+01
286.880000,-1.05913553e+02,-7.44982210e+01
286.885000,-1.05913988e+02,-7.44986558e+01
286.890000,-1.05914400e+02,-7.44990685e+01
286.895000,-1.05914781e+02,-7.44994490e+01
286.900000,-1.05915131e+02,-7.44997991e+01
286.905000,-1.05915464e+02,-7.45001318e+01
286.910000,-1.05915776e+02,-7.45004445e+01
286.915000,-1.05916062e+02,-7.45007303e+01
286.920000,-1.05916316e+02,-7.45009838e+01
286.925000,-1.05916540e+02,-7.45012083e+01
286.930000,-1.05916742e+02,-7.45014101e+01
286.935000,-1.05916922e+02,-7.45015897e+01
286.940000,-1.05917093e+02,-7.45017603e+01
286.945000,-1.05917273e+02,-7.45019412e+01
286.950000,-1.05917472e+02,-7.45021396e+01
286.955000,-1.05917685e+02,-7.45023532e+01
286.960000,-1.05917908e+02,-7.45025762e+01
286.965000,-1.05918137e+02,-7.45028050e+01
286.970000,-1.05918370e+02,-7.45030381e+01
286.975000,-1.05918603e+02,-7.45032705e+01
286.980000,-1.05918837e+02,-7.45035053e+01
286.985000,-1.05919084e+02,-7.45037514e+01
286.990000,-1.05919341e+02,-7.45040092e+01
286.995000,-1.05919607e+02,-7.45042751e+01
287.000000,-1.05919876e+02,-7.45045442e+01
287.005000,-1.05920145e+02,-7.45048131e+01
287.010000,-1.05920412e+02,-7.45050793e+01
287.015000,-1.05920664e+02,-7.45053317e+01
287.020000,-1.05920906e+02,-7.45055737e+01
287.025000,-1.05921151e+02,-7.45058186e+01
287.030000,-1.05921401e+02,-7.45060691e+01
287.035000,-1.05921654e+02,-7.45063219e+01
287.040000,-1.05921908e+02,-7.45065751e+01
287.045000,-1.05922162e+02,-7.45068296e+01
287.050000,-1.05922414e+02,-7.45070815e+01
287.055000,-1.05922649e+02,-7.45073166e+01
287.060000,-1.05922862e+02,-7.45075295e+01
287.065000,-1.05923058e+02,-7.45077260e+01
287.070000,-1.05923240e+02,-7.45079077e+01
287.075000,-1.05923406e+02,-7.45080743e+01
287.080000,-1.05923563e+02,-7.45082304e+01
287.085000,-1.05923713e+02,-7.45083805e+01
287.090000,-1.05923860e+02,-7.45085281e+01
287.095000,-1.05923999e+02,-7.45086668e+01
287.100000,-1.05924135e+02,-7.45088029e+01
287.105000,-1.05924283e+02,-7.45089513e+01
287.110000,-1.05924448e+02,-7.45091161e+01
287.115000,-1.05924632e+02,-7.45093002e+01
287.120000,-1.05924838e+02,-7.45095057e+01
287.125000,-1.05925067e+02,-7.45097343e+01
287.130000,-1.05925316e+02,-7.45099837e+01
287.135000,-1.05925574e+02,-7.45102417e+01
287.140000,-1.05925840e+02,-7.45105079e+01
287.145000,-1.05926123e+02,-7.45107901e+01
287.150000,-1.05926420e+02,-7.45110878e+01
287.155000,-1.05926723e+02,-7.45113913e+01
287.160000,-1.05927020e+02,-7.45116880e+01
287.165000,-1.05927301e+02,-7.45119686e+01
287.170000,-1.05927564e+02,-7.45122321e+01
287.175000,-1.05927806e+02,-7.45124736e+01
287.180000,-1.05928034e+02,-7.45127016e+01
287.185000,-1.05928265e+02,-7.45129333e+01
287.190000,-1.05928503e+02,-7.45131710e+01
287.195000,-1.05928741e+02,-7.45134096e+01
287.200000,-1.05928975e+02,-7.45136432e+01
287.205000,-1.05929198e+02,-7.45138658e+01
287.210000,-1.05929405e+02,-7.45140732e+01
287.215000,-1.05929587e+02,-7.45142554e+01
287.220000,-1.05929748e+02,-7.45144156e+01
287.225000,-1.05929906e+02,-7.45145735e+01
287.230000,-1.05930080e+02,-7.45147480e+01
287.235000,-1.05930273e+02,-7.45149402e+01
287.240000,-1.05930478e+02,-7.45151456e+01
287.245000,-1.05930694e+02,-7.45153612e+01
287.250000,-1.05930918e+02,-7.45155852e+01
287.255000,-1.05931142e+02,-7.45158099e+01
287.260000,-1.05931370e+02,-7.45160372e+01
287.265000,-1.05931610e+02,-7.45162778e+01
287.270000,-1.05931865e+02,-7.45165326e+01
287.275000,-1.05932131e+02,-7.45167990e+01
287.280000,-1.05932408e+02,-7.45170759e+01
287.285000,-1.05932698e+02,-7.45173657e+01
287.290000,-1.05932994e+02,-7.45176621e+01
287.295000,-1.05933294e+02,-7.45179621e+01
287.300000,-1.05933613e+02,-7.45182813e+01
287.305000,-1.05933959e+02,-7.45186273e+01
287.310000,-1.05934324e+02,-7.45189921e+01
287.315000,-1.05934696e+02,-7.45193643e+01
287.320000,-1.05935065e+02,-7.45197324e+01
287.325000,-1.05935422e+02,-7.45200901e+01
287.330000,-1.05935767e+02,-7.45204352e+01
287.335000,-1.05936086e+02,-7.45207541e+01
287.340000,-1.05936377e+02,-7.45210449e+01
287.345000,-1.05936655e+02,-7.45213232e+01
287.350000,-1.05936919e+02,-7.45215871e+01
287.355000,-1.05937158e+02,-7.45218258e+01
287.360000,-1.05937362e+02,-7.45220302e+01
287.365000,-1.05937524e+02,-7.45221923e+01
287.370000,-1.05937669e+02,-7.45223370e+01
287.375000,-1.05937829e+02,-7.45224972e+01
287.380000,-1.05938012e+02,-7.45226802e+01
287.385000,-1.05938225e+02,-7.45228936e+01
287.390000,-1.05938469e+02,-7.45231374e+01
287.395000,-1.05938736e+02,-7.45234040e+01
287.400000,-1.05939020e+02,-7.45236881e+01
287.405000,-1.05939314e+02,-7.45239826e+01
287.410000,-1.05939601e+02,-7.45242689e+01
287.415000,-1.05939880e+02,-7.45245477e+01
287.420000,-1.05940158e+02,-7.45248267e+01
287.425000,-1.05940436e+02,-7.45251036e+01
287.430000,-1.05940710e+02,-7.45253775e+01
287.435000,-1.05940992e+02,-7.45256596e+01
287.440000,-1.05941276e+02,-7.45259435e+01
287.445000,-1.05941545e+02,-7.45262128e+01
287.450000,-1.05941812e+02,-7.45264786e+01
287.455000,-1.05942064e+02,-7.45267314e+01
287.460000,-1.05942277e+02,-7.45269444e+01
287.465000,-1.05942452e+02,-7.45271191e+01
287.470000,-1.05942599e+02,-7.45272656e+01
287.475000,-1.05942727e+02,-7.45273943e+01
287.480000,-1.05942838e+02,-7.45275054e+01
287.485000,-1.05942948e+02,-7.45276149e+01
287.490000,-1.05943069e+02,-7.45277362e+01
287.495000,-1.05943212e+02,-7.45278792e+01
287.500000,-1.05943377e+02,-7.45280436e+01
287.505000,-1.05943547e+02,-7.45282144e+01
287.510000,-1.05943710e+02,-7.45283767e+01
287.515000,-1.05943844e+02,-7.45285105e+01
287.520000,-1.05943957e+02,-7.45286237e+01
287.525000,-1.05944069e+02,-7.45287366e+01
287.530000,-1.05944189e+02,-7.45288561e+01
287.535000,-1.05944311e+02,-7.45289787e+01
287.540000,-1.05944450e+02,-7.45291171e+01
287.545000,-1.05944621e+02,-7.45292880e+01
287.550000,-1.05944799e+02,-7.45294660e+01
287.555000,-1.05944974e+02,-7.45296411e+01
287.560000,-1.05945149e+02,-7.45298165e+01
287.565000,-1.05945321e+02,-7.45299888e+01
287.570000,-1.05945486e+02,-7.45301528e+01
287.575000,-1.05945637e+02,-7.45303046e+01
287.580000,-1.05945771e+02,-7.45304386e+01
287.585000,-1.05945879e+02,-7.45305467e+01
287.590000,-1.05945973e+02,-7.45306405e+01
287.595000,-1.05946069e+02,-7.45307362e+01
287.600000,-1.05946172e+02,-7.45308390e+01
287.605000,-1.05946283e+02,-7.45309505e+01
287.610000,-1.05946406e+02,-7.45310727e+01
287.615000,-1.05946535e+02,-7.45312022e+01
287.620000,-1.05946659e+02,-7.45313260e+01
287.625000,-1.05946783e+02,-7.45314503e+01
287.630000,-1.05946917e+02,-7.45315844e+01
287.635000,-1.05947059e+02,-7.45317262e+01
287.640000,-1.05947201e+02,-7.45318678e+01
287.645000,-1.05947340e+02,-7.45320070e+01
287.650000,-1.05947476e+02,-7.45321432e+01
287.655000,-1.05947592e+02,-7.45322596e+01
287.660000,-1.05947695e+02,-7.45323622e+01
287.665000,-1.05947795e+02,-7.45324628e+01
287.670000,-1.05947900e+02,-7.45325675e+01
287.675000,-1.05948014e+02,-7.45326820e+01
287.680000,-1.05948144e+02,-7.45328119e+01
287.685000,-1.05948266e+02,-7.45329338e+01
287.690000,-1.05948339e+02,-7.45330072e+01
287.695000,-1.05948372e+02,-7.45330407e+01
287.700000,-1.05948388e+02,-7.45330556e+01
287.705000,-1.05948395e+02,-7.45330631e+01
287.710000,-1.05948396e+02,-7.45330641e+01
287.715000,-1.05948387e+02,-7.45330555e+01
287.720000,-1.05948372e+02,-7.45330397e+01
287.725000,-1.05948348e+02,-7.45330163e+01
287.730000,-1.05948327e+02,-7.45329948e+01
287.735000,-1.05948317e+02,-7.45329851e+01
287.740000,-1.05948317e+02,-7.45329854e+01
287.745000,-1.05948314e+02,-7.45329820e+01
287.750000,-1.05948295e+02,-7.45329626e+01
287.755000,-1.05948253e+02,-7.45329215e+01
287.760000,-1.05948199e+02,-7.45328676e+01
287.765000,-1.05948171e+02,-7.45328387e+01
287.770000,-1.05948191e+02,-7.45328580e+01
287.775000,-1.05948279e+02,-7.45329459e+01
287.780000,-1.05948422e+02,-7.45330895e+01
287.785000,-1.05948600e+02,-7.45332677e+01
287.790000,-1.05948790e+02,-7.45334575e+01
287.795000,-1.05948964e+02,-7.45336313e+01
287.800000,-1.05949123e+02,-7.45337903e+01
287.805000,-1.05949273e+02,-7.45339402e+01
287.810000,-1.05949415e+02,-7.45340822e+01
287.815000,-1.05949549e+02,-7.45342156e+01
287.820000,-1.05949673e+02,-7.45343402e+01
287.825000,-1.05949788e+02,-7.45344553e+01
287.830000,-1.05949883e+02,-7.45345496e+01
287.835000,-1.05949973e+02,-7.45346394e+01
287.840000,-1.05950066e+02,-7.45347336e+01
287.845000,-1.05950176e+02,-7.45348437e+01
287.850000,-1.05950312e+02,-7.45349794e+01
287.855000,-1.05950464e+02,-7.45351310e+01
287.860000,-1.05950594e+02,-7.45352606e+01
287.865000,-1.05950657e+02,-7.45353240e+01
287.870000,-1.05950665e+02,-7.45353312e+01
287.875000,-1.05950641e+02,-7.45353077e+01
287.880000,-1.05950607e+02,-7.45352740e+01
287.885000,-1.05950570e+02,-7.45352364e+01
287.890000,-1.05950527e+02,-7.45351940e+01
287.895000,-1.05950474e+02,-7.45351405e+01
287.900000,-1.05950397e+02,-7.45350635e+01
287.905000,-1.05950313e+02,-7.45349800e+01
287.910000,-1.05950238e+02,-7.45349047e+01
287.915000,-1.05950175e+02,-7.45348417e+01
287.920000,-1.05950120e+02,-7.45347874e+01
287.925000,-1.05950066e+02,-7.45347329e+01
287.930000,-1.05950000e+02,-7.45346665e+01
287.935000,-1.05949918e+02,-7.45345842e+01
287.940000,-1.05949846e+02,-7.45345128e+01
287.945000,-1.05949802e+02,-7.45344685e+01
287.950000,-1.05949784e+02,-7.45344517e+01
287.955000,-1.05949778e+02,-7.45344458e+01
287.960000,-1.05949763e+02,-7.45344303e+01
287.965000,-1.05949733e+02,-7.45344007e+01
287.970000,-1.05949683e+02,-7.45343504e+01
287.975000,-1.05949634e+02,-7.45343012e+01
287.980000,-1.05949595e+02,-7.45342635e+01
287.985000,-1.05949569e+02,-7.45342362e+01
287.990000,-1.05949539e+02,-7.45342069e+01
287.995000,-1.05949513e+02,-7.45341808e+01
288.000000,-1.05949496e+02,-7.45341640e+01
288.005000,-1.05949472e+02,-7.45341398e+01
288.010000,-1.05949448e+02,-7.45341157e+01
288.015000,-1.05949431e+02,-7.45340988e+01
288.020000,-1.05949419e+02,-7.45340864e+01
288.025000,-1.05949402e+02,-7.45340697e+01
288.030000,-1.05949373e+02,-7.45340406e+01
288.035000,-1.05949326e+02,-7.45339932e+01
288.040000,-1.05949250e+02,-7.45339180e+01
288.045000,-1.05949168e+02,-7.45338359e+01
288.050000,-1.05949090e+02,-7.45337578e+01
288.055000,-1.05949017e+02,-7.45336845e+01
288.060000,-1.05948945e+02,-7.45336132e+01
288.065000,-1.05948878e+02,-7.45335457e+01
288.070000,-1.05948814e+02,-7.45334815e+01
288.075000,-1.05948746e+02,-7.45334141e+01
288.080000,-1.05948697e+02,-7.45333654e+01
288.085000,-1.05948681e+02,-7.45333489e+01
288.090000,-1.05948693e+02,-7.45333607e+01
288.095000,-1.05948723e+02,-7.45333911e+01
288.100000,-1.05948759e+02,-7.45334267e+01
288.105000,-1.05948785e+02,-7.45334527e+01
288.110000,-1.05948794e+02,-7.45334615e+01
288.115000,-1.05948816e+02,-7.45334829e+01
288.120000,-1.05948861e+02,-7.45335283e+01
288.125000,-1.05948929e+02,-7.45335963e+01
288.130000,-1.05949009e+02,-7.45336763e+01
288.135000,-1.05949093e+02,-7.45337602e+01
288.140000,-1.05949170e+02,-7.45338374e+01
288.145000,-1.05949225e+02,-7.45338922e+01
288.150000,-1.05949280e+02,-7.45339473e+01
288.155000,-1.05949364e+02,-7.45340308e+01
288.160000,-1.05949459e+02,-7.45341254e+01
288.165000,-1.05949536e+02,-7.45342024e+01
288.170000,-1.05949597e+02,-7.45342633e+01
288.175000,-1.05949649e+02,-7.45343151e+01
288.180000,-1.05949690e+02,-7.45343565e+01
288.185000,-1.05949748e+02,-7.45344152e+01
288.190000,-1.05949831e+02,-7.45344987e+01
288.195000,-1.05949940e+02,-7.45346078e+01
288.200000,-1.05950073e+02,-7.45347404e+01
288.205000,-1.05950229e+02,-7.45348962e+01
288.210000,-1.05950382e+02,-7.45350490e+01
288.215000,-1.05950497e+02,-7.45351640e+01
288.220000,-1.05950596e+02,-7.45352624e+01
288.225000,-1.05950702e+02,-7.45353689e+01
288.230000,-1.05950821e+02,-7.45354886e+01
288.235000,-1.05950962e+02,-7.45356288e+01
288.240000,-1.05951128e+02,-7.45357953e+01
288.245000,-1.05951310e+02,-7.45359769e+01
288.250000,-1.05951488e+02,-7.45361559e+01
288.255000,-1.05951680e+02,-7.45363476e+01
288.260000,-1.05951886e+02,-7.45365541e+01
288.265000,-1.05952120e+02,-7.45367879e+01
288.270000,-1.05952385e+02,-7.45370524e+01
288.275000,-1.05952665e+02,-7.45373323e+01
288.280000,-1.05952943e+02,-7.45376110e+01
288.285000,-1.05953202e+02,-7.45378694e+01
288.290000,-1.05953456e+02,-7.45381231e+01
288.295000,-1.05953712e+02,-7.45383795e+01
288.300000,-1.05953966e+02,-7.45386329e+01
288.305000,-1.05954210e+02,-7.45388768e+01
288.310000,-1.05954439e+02,-7.45391058e+01
288.315000,-1.05954647e+02,-7.45393142e+01
288.320000,-1.05954826e+02,-7.45394926e+01
288.325000,-1.05954996e+02,-7.45396635e+01
288.330000,-1.05955170e+02,-7.45398375e+01
288.335000,-1.05955350e+02,-7.45400168e+01
288.340000,-1.05955532e+02,-7.45401991e+01
288.345000,-1.05955718e+02,-7.45403843e+01
288.350000,-1.05955897e+02,-7.45405648e+01
288.355000,-1.05956050e+02,-7.45407173e+01
288.360000,-1.05956185e+02,-7.45408525e+01
288.365000,-1.05956321e+02,-7.45409887e+01
288.370000,-1.05956463e+02,-7.45411297e+01
288.375000,-1.05956613e+02,-7.45412794e+01
288.380000,-1.05956784e+02,-7.45414517e+01
288.385000,-1.05956961e+02,-7.45416283e+01
288.390000,-1.05957106e+02,-7.45417734e+01
288.395000,-1.05957242e+02,-7.45419097e+01
288.400000,-1.05957385e+02,-7.45420518e+01
288.405000,-1.05957532e+02,-7.45421993e+01
288.410000,-1.05957679e+02,-7.45423467e+01
288.415000,-1.05957825e+02,-7.45424918e+01
288.420000,-1.05957960e+02,-7.45426269e+01
288.425000,-1.05958071e+02,-7.45427386e+01
288.430000,-1.05958179e+02,-7.45428458e+01
288.435000,-1.05958291e+02,-7.45429591e+01
288.440000,-1.05958410e+02,-7.45430778e+01
288.445000,-1.05958530e+02,-7.45431975e+01
288.450000,-1.05958643e+02,-7.45433104e+01
288.455000,-1.05958735e+02,-7.45434028e+01
288.460000,-1.05958786e+02,-7.45434538e+01
288.465000,-1.05958811e+02,-7.45434792e+01
288.470000,-1.05958821e+02,-7.45434888e+01
288.475000,-1.05958816e+02,-7.45434835e+01
288.480000,-1.05958789e+02,-7.45434572e+01
288.485000,-1.05958757e+02,-7.45434250e+01
288.490000,-1.05958726e+02,-7.45433946e+01
288.495000,-1.05958700e+02,-7.45433687e+01
288.500000,-1.05958719e+02,-7.45433870e+01
288.505000,-1.05958786e+02,-7.45434539e+01
288.510000,-1.05958887e+02,-7.45435552e+01
288.515000,-1.05959007e+02,-7.45436751e+01
288.520000,-1.05959133e+02,-7.45438009e+01
288.525000,-1.05959252e+02,-7.45439201e+01
288.530000,-1.05959330e+02,-7.45439976e+01
288.535000,-1.05959361e+02,-7.45440292e+01
288.540000,-1.05959360e+02,-7.45440278e+01
288.545000,-1.05959324e+02,-7.45439913e+01
288.550000,-1.05959239e+02,-7.45439068e+01
288.555000,-1.05959114e+02,-7.45437813e+01
288.560000,-1.05958957e+02,-7.45436243e+01
288.565000,-1.05958772e+02,-7.45434395e+01
288.570000,-1.05958592e+02,-7.45432591e+01
288.575000,-1.05958434e+02,-7.45431016e+01
288.580000,-1.05958299e+02,-7.45429666e+01
288.585000,-1.05958179e+02,-7.45428467e+01
288.590000,-1.05958069e+02,-7.45427361e+01
288.595000,-1.05957960e+02,-7.45426275e+01
288.600000,-1.05957837e+02,-7.45425042e+01
288.605000,-1.05957714e+02,-7.45423809e+01
288.610000,-1.05957601e+02,-7.45422679e+01
288.615000,-1.05957504e+02,-7.45421701e+01
288.620000,-1.05957412e+02,-7.45420787e+01
288.625000,-1.05957319e+02,-7.45419852e+01
288.630000,-1.05957219e+02,-7.45418851e+01
288.635000,-1.05957114e+02,-7.45417808e+01
288.640000,-1.05957035e+02,-7.45417010e+01
288.645000,-1.05956988e+02,-7.45416542e+01
288.650000,-1.05956966e+02,-7.45416325e+01
288.655000,-1.05956959e+02,-7.45416256e+01
288.660000,-1.05956958e+02,-7.45416246e+01
288.665000,-1.05956953e+02,-7.45416197e+01
288.670000,-1.05956925e+02,-7.45415919e+01
288.675000,-1.05956887e+02,-7.45415526e+01
288.680000,-1.05956834e+02,-7.45415004e+01
288.685000,-1.05956774e+02,-7.45414405e+01
288.690000,-1.05956705e+02,-7.45413717e+01
288.695000,-1.05956626e+02,-7.45412924e+01
288.700000,-1.05956527e+02,-7.45411933e+01
288.705000,-1.05956397e+02,-7.45410647e+01
288.710000,-1.05956239e+02,-7.45409058e+01
288.715000,-1.05956023e+02,-7.45406910e+01
288.720000,-1.05955776e+02,-7.45404435e+01
288.725000,-1.05955525e+02,-7.45401935e+01
288.730000,-1.05955303e+02,-7.45399714e+01
288.735000,-1.05955128e+02,-7.45397960e+01
288.740000,-1.05954976e+02,-7.45396441e+01
288.745000,-1.05954853e+02,-7.45395217e+01
288.750000,-1.05954742e+02,-7.45394109e+01
288.755000,-1.05954630e+02,-7.45392990e+01
288.760000,-1.05954501e+02,-7.45391700e+01
288.765000,-1.05954353e+02,-7.45390221e+01
288.770000,-1.05954190e+02,-7.45388593e+01
288.775000,-1.05954009e+02,-7.45386782e+01
288.780000,-1.05953843e+02,-7.45385114e+01
288.785000,-1.05953704e+02,-7.45383726e+01
288.790000,-1.05953588e+02,-7.45382565e+01
288.795000,-1.05953484e+02,-7.45381516e+01
288.800000,-1.05953387e+02,-7.45380546e+01
288.805000,-1.05953297e+02,-7.45379647e+01
288.810000,-1.05953201e+02,-7.45378683e+01
288.815000,-1.05953127e+02,-7.45377952e+01
288.820000,-1.05953086e+02,-7.45377537e+01
288.825000,-1.05953054e+02,-7.45377216e+01
288.830000,-1.05953006e+02,-7.45376736e+01
288.835000,-1.05952929e+02,-7.45375968e+01
288.840000,-1.05952813e+02,-7.45374807e+01
288.845000,-1.05952647e+02,-7.45373143e+01
288.850000,-1.05952457e+02,-7.45371244e+01
288.855000,-1.05952259e+02,-7.45369261e+01
288.860000,-1.05952053e+02,-7.45367200e+01
288.865000,-1.05951836e+02,-7.45365031e+01
288.870000,-1.05951596e+02,-7.45362626e+01
288.875000,-1.05951300e+02,-7.45359660e+01
288.880000,-1.05950922e+02,-7.45355886e+01
288.885000,-1.05950501e+02,-7.45351674e+01
288.890000,-1.05950061e+02,-7.45347281e+01
288.895000,-1.05949615e+02,-7.45342823e+01
288.900000,-1.05949177e+02,-7.45338439e+01
288.905000,-1.05948766e+02,-7.45334331e+01
288.910000,-1.05948380e+02,-7.45330466e+01
288.915000,-1.05948000e+02,-7.45326674e+01
288.920000,-1.05947651e+02,-7.45323176e+01
288.925000,-1.05947334e+02,-7.45320009e+01
288.930000,-1.05947044e+02,-7.45317109e+01
288.935000,-1.05946774e+02,-7.45314407e+01
288.940000,-1.05946511e+02,-7.45311779e+01
288.945000,-1.05946242e+02,-7.45309091e+01
288.950000,-1.05945954e+02,-7.45306209e+01
288.955000,-1.05945678e+02,-7.45303451e+01
288.960000,-1.05945426e+02,-7.45300932e+01
288.965000,-1.05945194e+02,-7.45298615e+01
288.970000,-1.05944980e+02,-7.45296477e+01
288.975000,-1.05944781e+02,-7.45294488e+01
288.980000,-1.05944586e+02,-7.45292537e+01
288.985000,-1.05944387e+02,-7.45290549e+01
288.990000,-1.05944204e+02,-7.45288715e+01
288.995000,-1.05944039e+02,-7.45287058e+01
289.000000,-1.05943872e+02,-7.45285397e+01
289.005000,-1.05943690e+02,-7.45283572e+01
289.010000,-1.05943491e+02,-7.45281576e+01
289.015000,-1.05943275e+02,-7.45279422e+01
289.020000,-1.05943038e+02,-7.45277052e+01
289.025000,-1.05942814e+02,-7.45274820e+01
289.030000,-1.05942598e+02,-7.45272649e+01
289.035000,-1.05942361e+02,-7.45270278e+01
289.040000,-1.05942109e+02,-7.45267769e+01
289.045000,-1.05941853e+02,-7.45265207e+01
289.050000,-1.05941577e+02,-7.45262450e+01
289.055000,-1.05941273e+02,-7.45259404e+01
289.060000,-1.05940971e+02,-7.45256384e+01
289.065000,-1.05940683e+02,-7.45253502e+01
289.070000,-1.05940404e+02,-7.45250710e+01
289.075000,-1.05940127e+02,-7.45247939e+01
289.080000,-1.05939848e+02,-7.45245152e+01
289.085000,-1.05939561e+02,-7.45242284e+01
289.090000,-1.05939251e+02,-7.45239183e+01
289.095000,-1.05938946e+02,-7.45236137e+01
289.100000,-1.05938656e+02,-7.45233229e+01
289.105000,-1.05938380e+02,-7.45230468e+01
289.110000,-1.05938127e+02,-7.45227935e+01
289.115000,-1.05937900e+02,-7.45225674e+01
289.120000,-1.05937673e+02,-7.45223400e+01
289.125000,-1.05937408e+02,-7.45220756e+01
289.130000,-1.05937133e+02,-7.45218001e+01
289.135000,-1.05936858e+02,-7.45215251e+01
289.140000,-1.05936587e+02,-7.45212544e+01
289.145000,-1.05936318e+02,-7.45209851e+01
289.150000,-1.05936047e+02,-7.45207144e+01
289.155000,-1.05935761e+02,-7.45204280e+01
289.160000,-1.05935453e+02,-7.45201202e+01
289.165000,-1.05935163e+02,-7.45198307e+01
289.170000,-1.05934900e+02,-7.45195677e+01
289.175000,-1.05934655e+02,-7.45193228e+01
289.180000,-1.05934419e+02,-7.45190870e+01
289.185000,-1.05934178e+02,-7.45188455e+01
289.190000,-1.05933908e+02,-7.45185750e+01
289.195000,-1.05933599e+02,-7.45182666e+01
289.200000,-1.05933280e+02,-7.45179481e+01
289.205000,-1.05932956e+02,-7.45176232e+01
289.210000,-1.05932607e+02,-7.45172753e+01
289.215000,-1.05932235e+02,-7.45169019e+01
289.220000,-1.05931860e+02,-7.45165271e+01
289.225000,-1.05931493e+02,-7.45161603e+01
289.230000,-1.05931135e+02,-7.45158030e+01
289.235000,-1.05930827e+02,-7.45154948e+01
289.240000,-1.05930570e+02,-7.45152372e+01
289.245000,-1.05930344e+02,-7.45150118e+01
289.250000,-1.05930131e+02,-7.45147990e+01
289.255000,-1.05929928e+02,-7.45145957e+01
289.260000,-1.05929723e+02,-7.45143903e+01
289.265000,-1.05929494e+02,-7.45141619e+01
289.270000,-1.05929269e+02,-7.45139363e+01
289.275000,-1.05929060e+02,-7.45137270e+01
289.280000,-1.05928874e+02,-7.45135409e+01
289.285000,-1.05928701e+02,-7.45133680e+01
289.290000,-1.05928525e+02,-7.45131920e+01
289.295000,-1.05928333e+02,-7.45130006e+01
289.300000,-1.05928115e+02,-7.45127822e+01
289.305000,-1.05927904e+02,-7.45125708e+01
289.310000,-1.05927714e+02,-7.45123814e+01
289.315000,-1.05927550e+02,-7.45122174e+01
289.320000,-1.05927403e+02,-7.45120702e+01
289.325000,-1.05927266e+02,-7.45119325e+01
289.330000,-1.05927121e+02,-7.45117875e+01
289.335000,-1.05926960e+02,-7.45116264e+01
289.340000,-1.05926829e+02,-7.45114961e+01
289.345000,-1.05926720e+02,-7.45113873e+01
289.350000,-1.05926602e+02,-7.45112695e+01
289.355000,-1.05926466e+02,-7.45111327e+01
289.360000,-1.05926315e+02,-7.45109823e+01
289.365000,-1.05926146e+02,-7.45108134e+01
289.370000,-1.05925950e+02,-7.45106179e+01
289.375000,-1.05925753e+02,-7.45104199e+01
289.380000,-1.05925540e+02,-7.45102072e+01
289.385000,-1.05925303e+02,-7.45099698e+01
289.390000,-1.05925047e+02,-7.45097135e+01
289.395000,-1.05924780e+02,-7.45094470e+01
289.400000,-1.05924514e+02,-7.45091815e+01
289.405000,-1.05924238e+02,-7.45089051e+01
289.410000,-1.05923967e+02,-7.45086344e+01
289.415000,-1.05923705e+02,-7.45083720e+01
289.420000,-1.05923445e+02,-7.45081126e+01
289.425000,-1.05923186e+02,-7.45078534e+01
289.430000,-1.05922924e+02,-7.45075917e+01
289.435000,-1.05922655e+02,-7.45073226e+01
289.440000,-1.05922372e+02,-7.45070395e+01
289.445000,-1.05922109e+02,-7.45067760e+01
289.450000,-1.05921880e+02,-7.45065480e+01
289.455000,-1.05921668e+02,-7.45063361e+01
289.460000,-1.05921455e+02,-7.45061227e+01
289.465000,-1.05921242e+02,-7.45059096e+01
289.470000,-1.05921017e+02,-7.45056854e+01
289.475000,-1.05920764e+02,-7.45054319e+01
289.480000,-1.05920508e+02,-7.45051767e+01
289.485000,-1.05920264e+02,-7.45049318e+01
289.490000,-1.05920030e+02,-7.45046985e+01
289.495000,-1.05919798e+02,-7.45044659e+01
289.500000,-1.05919545e+02,-7.45042124e+01
289.505000,-1.05919244e+02,-7.45039122e+01
289.510000,-1.05918884e+02,-7.45035521e+01
289.515000,-1.05918501e+02,-7.45031689e+01
289.520000,-1.05918113e+02,-7.45027810e+01
289.525000,-1.05917735e+02,-7.45024018e+01
289.530000,-1.05917356e+02,-7.45020235e+01
289.535000,-1.05916966e+02,-7.45016334e+01
289.540000,-1.05916555e+02,-7.45012228e+01
289.545000,-1.05916112e+02,-7.45007793e+01
289.550000,-1.05915665e+02,-7.45003322e+01
289.555000,-1.05915223e+02,-7.44998901e+01
289.560000,-1.05914766e+02,-7.44994339e+01
289.565000,-1.05914280e+02,-7.44989480e+01
289.570000,-1.05913776e+02,-7.44984434e+01
289.575000,-1.05913256e+02,-7.44979231e+01
289.580000,-1.05912723e+02,-7.44973902e+01
289.585000,-1.05912224e+02,-7.44968912e+01
289.590000,-1.05911764e+02,-7.44964310e+01
289.595000,-1.05911329e+02,-7.44959963e+01
289.600000,-1.05910908e+02,-7.44955754e+01
289.605000,-1.05910492e+02,-7.44951590e+01
289.610000,-1.05910078e+02,-7.44947452e+01
289.615000,-1.05909698e+02,-7.44943644e+01
289.620000,-1.05909340e+02,-7.44940067e+01
289.625000,-1.05908993e+02,-7.44936595e+01
289.630000,-1.05908646e+02,-7.44933133e+01
289.635000,-1.05908292e+02,-7.44929584e+01
289.640000,-1.05907912e+02,-7.44925789e+01
289.645000,-1.05907546e+02,-7.44922125e+01
289.650000,-1.05907212e+02,-7.44918797e+01
289.655000,-1.05906899e+02,-7.44915666e+01
289.660000,-1.05906586e+02,-7.44912534e+01
289.665000,-1.05906259e+02,-7.44909270e+01
289.670000,-1.05905906e+02,-7.44905731e+01
289.675000,-1.05905555e+02,-7.44902224e+01
289.680000,-1.05905230e+02,-7.44898975e+01
289.685000,-1.05904945e+02,-7.44896128e+01
289.690000,-1.05904704e+02,-7.44893723e+01
289.695000,-1.05904475e+02,-7.44891424e+01
289.700000,-1.05904208e+02,-7.44888757e+01
289.705000,-1.05903936e+02,-7.44886044e+01
289.710000,-1.05903685e+02,-7.44883532e+01
289.715000,-1.05903444e+02,-7.44881127e+01
289.720000,-1.05903201e+02,-7.44878685e+01
289.725000,-1.05902933e+02,-7.44876006e+01
289.730000,-1.05902620e+02,-7.44872882e+01
289.735000,-1.05902299e+02,-7.44869673e+01
289.740000,-1.05901993e+02,-7.44866611e+01
289.745000,-1.05901714e+02,-7.44863827e+01
289.750000,-1.05901456e+02,-7.44861248e+01
289.755000,-1.05901200e+02,-7.44858685e+01
289.760000,-1.05900926e+02,-7.44855939e+01
289.765000,-1.05900661e+02,-7.44853295e+01
289.770000,-1.05900427e+02,-7.44850951e+01
289.775000,-1.05900221e+02,-7.44848895e+01
289.780000,-1.05900030e+02,-7.44846982e+01
289.785000,-1.05899837e+02,-7.44845059e+01
289.790000,-1.05899623e+02,-7.44842909e+01
289.795000,-1.05899405e+02,-7.44840739e+01
289.800000,-1.05899203e+02,-7.44838707e+01
289.805000,-1.05899009e+02,-7.44836764e+01
289.810000,-1.05898804e+02,-7.44834718e+01
289.815000,-1.05898572e+02,-7.44832395e+01
289.820000,-1.05898294e+02,-7.44829617e+01
289.825000,-1.05898001e+02,-7.44826689e+01
289.830000,-1.05897704e+02,-7.44823720e+01
289.835000,-1.05897404e+02,-7.44820712e+01
289.840000,-1.05897085e+02,-7.44817526e+01
289.845000,-1.05896736e+02,-7.44814027e+01
289.850000,-1.05896334e+02,-7.44810015e+01
289.855000,-1.05895906e+02,-7.44805728e+01
289.860000,-1.05895462e+02,-7.44801290e+01
289.865000,-1.05895008e+02,-7.44796746e+01
289.870000,-1.05894540e+02,-7.44792068e+01
289.875000,-1.05894044e+02,-7.44787112e+01
289.880000,-1.05893511e+02,-7.44781780e+01
289.885000,-1.05892976e+02,-7.44776432e+01
289.890000,-1.05892447e+02,-7.44771148e+01
289.895000,-1.05891935e+02,-7.44766025e+01
289.900000,-1.05891449e+02,-7.44761170e+01
289.905000,-1.05890974e+02,-7.44756415e+01
289.910000,-1.05890486e+02,-7.44751535e+01
289.915000,-1.05890011e+02,-7.44746786e+01
289.920000,-1.05889553e+02,-7.44742213e+01
289.925000,-1.05889104e+02,-7.44737719e+01
289.930000,-1.05888645e+02,-7.44733132e+01
289.935000,-1.05888154e+02,-7.44728221e+01
289.940000,-1.05887620e+02,-7.44722883e+01
289.945000,-1.05887091e+02,-7.44717578e+01
289.950000,-1.05886583e+02,-7.44712501e+01
289.955000,-1.05886118e+02,-7.44707864e+01
289.960000,-1.05885691e+02,-7.44703585e+01
289.965000,-1.05885257e+02,-7.44699246e+01
289.970000,-1.05884796e+02,-7.44694642e+01
289.975000,-1.05884352e+02,-7.44690193e+01
289.980000,-1.05883932e+02,-7.44685993e+01
289.985000,-1.05883522e+02,-7.44681903e+01
289.990000,-1.05883116e+02,-7.44677842e+01
289.995000,-1.05882703e+02,-7.44673709e+01
290.000000,-1.05882266e+02,-7.44669343e+01
290.005000,-1.05881822e+02,-7.44664905e+01
290.010000,-1.05881363e+02,-7.44660310e+01
290.015000,-1.05880886e+02,-7.44655545e+01
290.020000,-1.05880387e+02,-7.44650557e+01
290.025000,-1.05879856e+02,-7.44645238e+01
290.030000,-1.05879281e+02,-7.44639494e+01
290.035000,-1.05878708e+02,-7.44633763e+01
290.040000,-1.05878164e+02,-7.44628328e+01
290.045000,-1.05877659e+02,-7.44623277e+01
290.050000,-1.05877182e+02,-7.44618505e+01
290.055000,-1.05876708e+02,-7.44613759e+01
290.060000,-1.05876190e+02,-7.44608586e+01
290.065000,-1.05875639e+02,-7.44603070e+01
290.070000,-1.05875065e+02,-7.44597332e+01
290.075000,-1.05874481e+02,-7.44591496e+01
290.080000,-1.05873900e+02,-7.44585683e+01
290.085000,-1.05873315e+02,-7.44579835e+01
290.090000,-1.05872703e+02,-7.44573712e+01
290.095000,-1.05872082e+02,-7.44567500e+01
290.100000,-1.05871454e+02,-7.44561224e+01
290.105000,-1.05870819e+02,-7.44554876e+01
290.110000,-1.05870166e+02,-7.44548347e+01
290.115000,-1.05869476e+02,-7.44541435e+01
290.120000,-1.05868742e+02,-7.44534102e+01
290.125000,-1.05868008e+02,-7.44526754e+01
290.130000,-1.05867277e+02,-7.44519447e+01
290.135000,-1.05866557e+02,-7.44512244e+01
290.140000,-1.05865858e+02,-7.44505258e+01
290.145000,-1.05865184e+02,-7.44498519e+01
290.150000,-1.05864534e+02,-7.44492016e+01
290.155000,-1.05863945e+02,-7.44486120e+01
290.160000,-1.05863405e+02,-7.44480727e+01
290.165000,-1.05862883e+02,-7.44475498e+01
290.170000,-1.05862356e+02,-7.44470233e+01
290.175000,-1.05861814e+02,-7.44464811e+01
290.180000,-1.05861248e+02,-7.44459155e+01
290.185000,-1.05860694e+02,-7.44453614e+01
290.190000,-1.05860159e+02,-7.44448266e+01
290.195000,-1.05859641e+02,-7.44443081e+01
290.200000,-1.05859125e+02,-7.44437928e+01
290.205000,-1.05858600e+02,-7.44432677e+01
290.210000,-1.05858055e+02,-7.44427222e+01
290.215000,-1.05857517e+02,-7.44421848e+01
290.220000,-1.05856984e+02,-7.44416516e+01
290.225000,-1.05856439e+02,-7.44411064e+01
290.230000,-1.05855874e+02,-7.44405420e+01
290.235000,-1.05855279e+02,-7.44399466e+01
290.240000,-1.05854642e+02,-7.44393100e+01
290.245000,-1.05854019e+02,-7.44386870e+01
290.250000,-1.05853436e+02,-7.44381033e+01
290.255000,-1.05852886e+02,-7.44375541e+01
290.260000,-1.05852350e+02,-7.44370182e+01
290.265000,-1.05851788e+02,-7.44364567e+01
290.270000,-1.05851175e+02,-7.44358433e+01
290.275000,-1.05850544e+02,-7.44352137e+01
290.280000,-1.05849908e+02,-7.44345768e+01
290.285000,-1.05849256e+02,-7.44339254e+01
290.290000,-1.05848584e+02,-7.44332524e+01
290.295000,-1.05847874e+02,-7.44325433e+01
290.300000,-1.05847121e+02,-7.44317893e+01
290.305000,-1.05846363e+02,-7.44310324e+01
290.310000,-1.05845601e+02,-7.44302701e+01
290.315000,-1.05844814e+02,-7.44294831e+01
290.320000,-1.05844002e+02,-7.44286710e+01
290.325000,-1.05843157e+02,-7.44278265e+01
290.330000,-1.05842274e+02,-7.44269433e+01
290.335000,-1.05841396e+02,-7.44260647e+01
290.340000,-1.05840532e+02,-7.44252008e+01
290.345000,-1.05839687e+02,-7.44243554e+01
290.350000,-1.05838858e+02,-7.44235264e+01
290.355000,-1.05838030e+02,-7.44226984e+01
290.360000,-1.05837185e+02,-7.44218532e+01
290.365000,-1.05836353e+02,-7.44210212e+01
290.370000,-1.05835545e+02,-7.44202131e+01
290.375000,-1.05834758e+02,-7.44194258e+01
290.380000,-1.05833972e+02,-7.44186410e+01
290.385000,-1.05833180e+02,-7.44178479e+01
290.390000,-1.05832368e+02,-7.44170371e+01
290.395000,-1.05831571e+02,-7.44162391e+01
290.400000,-1.05830788e+02,-7.44154560e+01
290.405000,-1.05830025e+02,-7.44146929e+01
290.410000,-1.05829266e+02,-7.44139343e+01
290.415000,-1.05828478e+02,-7.44131456e+01
290.420000,-1.05827642e+02,-7.44123105e+01
290.425000,-1.05826803e+02,-7.44114711e+01
290.430000,-1.05825972e+02,-7.44106400e+01
290.435000,-1.05825149e+02,-7.44098173e+01
290.440000,-1.05824328e+02,-7.44089961e+01
290.445000,-1.05823498e+02,-7.44081662e+01
290.450000,-1.05822659e+02,-7.44073277e+01
290.455000,-1.05821875e+02,-7.44065428e+01
290.460000,-1.05821133e+02,-7.44058008e+01
290.465000,-1.05820382e+02,-7.44050498e+01
290.470000,-1.05819598e+02,-7.44042664e+01
290.475000,-1.05818771e+02,-7.44034390e+01
290.480000,-1.05817895e+02,-7.44025631e+01
290.485000,-1.05817016e+02,-7.44016843e+01
290.490000,-1.05816142e+02,-7.44008103e+01
290.495000,-1.05815276e+02,-7.43999446e+01
290.500000,-1.05814428e+02,-7.43990961e+01
290.505000,-1.05813582e+02,-7.43982500e+01
290.510000,-1.05812725e+02,-7.43973937e+01
290.515000,-1.05811892e+02,-7.43965607e+01
290.520000,-1.05811086e+02,-7.43957542e+01
290.525000,-1.05810300e+02,-7.43949682e+01
290.530000,-1.05809518e+02,-7.43941863e+01
290.535000,-1.05808728e+02,-7.43933965e+01
290.540000,-1.05807915e+02,-7.43925831e+01
290.545000,-1.05807106e+02,-7.43917746e+01
290.550000,-1.05806308e+02,-7.43909758e+01
290.555000,-1.05805513e+02,-7.43901816e+01
290.560000,-1.05804710e+02,-7.43893786e+01
290.565000,-1.05803876e+02,-7.43885442e+01
290.570000,-1.05803006e+02,-7.43876747e+01
290.575000,-1.05802147e+02,-7.43868151e+01
290.580000,-1.05801311e+02,-7.43859789e+01
290.585000,-1.05800492e+02,-7.43851606e+01
290.590000,-1.05799680e+02,-7.43843481e+01
290.595000,-1.05798857e+02,-7.43835253e+01
290.600000,-1.05798009e+02,-7.43826772e+01
290.605000,-1.05797169e+02,-7.43818376e+01
290.610000,-1.05796344e+02,-7.43810138e+01
290.615000,-1.05795518e+02,-7.43801863e+01
290.620000,-1.05794663e+02,-7.43793320e+01
290.625000,-1.05793778e+02,-7.43784473e+01
290.630000,-1.05792858e+02,-7.43775275e+01
290.635000,-1.05791954e+02,-7.43766231e+01
290.640000,-1.05791072e+02,-7.43757417e+01
290.645000,-1.05790199e+02,-7.43748679e+01
290.650000,-1.05789328e+02,-7.43739978e+01
290.655000,-1.05788454e+02,-7.43731234e+01
290.660000,-1.05787569e+02,-7.43722385e+01
290.665000,-1.05786707e+02,-7.43713763e+01
290.670000,-1.05785868e+02,-7.43705367e+01
290.675000,-1.05785036e+02,-7.43697055e+01
290.680000,-1.05784219e+02,-7.43688878e+01
290.685000,-1.05783410e+02,-7.43680783e+01
290.690000,-1.05782573e+02,-7.43672427e+01
290.695000,-1.05781731e+02,-7.43664001e+01
290.700000,-1.05780892e+02,-7.43655614e+01
290.705000,-1.05780050e+02,-7.43647189e+01
290.710000,-1.05779185e+02,-7.43638541e+01
290.715000,-1.05778288e+02,-7.43629563e+01
290.720000,-1.05777354e+02,-7.43620223e+01
290.725000,-1.05776430e+02,-7.43610983e+01
290.730000,-1.05775525e+02,-7.43601934e+01
290.735000,-1.05774629e+02,-7.43592982e+01
290.740000,-1.05773733e+02,-7.43584013e+01
290.745000,-1.05772822e+02,-7.43574912e+01
290.750000,-1.05771904e+02,-7.43565732e+01
290.755000,-1.05771028e+02,-7.43556965e+01
290.760000,-1.05770184e+02,-7.43548526e+01
290.765000,-1.05769344e+02,-7.43540123e+01
290.770000,-1.05768498e+02,-7.43531667e+01
290.775000,-1.05767637e+02,-7.43523061e+01
290.780000,-1.05766748e+02,-7.43514165e+01
290.785000,-1.05765862e+02,-7.43505303e+01
290.790000,-1.05764983e+02,-7.43496519e+01
290.795000,-1.05764111e+02,-7.43487799e+01
290.800000,-1.05763242e+02,-7.43479101e+01
290.805000,-1.05762344e+02,-7.43470124e+01
290.810000,-1.05761385e+02,-7.43460526e+01
290.815000,-1.05760390e+02,-7.43450581e+01
290.820000,-1.05759369e+02,-7.43440378e+01
290.825000,-1.05758327e+02,-7.43429955e+01
290.830000,-1.05757264e+02,-7.43419324e+01
290.835000,-1.05756174e+02,-7.43408427e+01
290.840000,-1.05755037e+02,-7.43397056e+01
290.845000,-1.05753881e+02,-7.43385502e+01
290.850000,-1.05752716e+02,-7.43373849e+01
290.855000,-1.05751537e+02,-7.43362064e+01
290.860000,-1.05750358e+02,-7.43350273e+01
290.865000,-1.05749180e+02,-7.43338496e+01
290.870000,-1.05747999e+02,-7.43326681e+01
290.875000,-1.05746853e+02,-7.43315217e+01
290.880000,-1.05745747e+02,-7.43304164e+01
290.885000,-1.05744680e+02,-7.43293491e+01
290.890000,-1.05743645e+02,-7.43283147e+01
290.895000,-1.05742621e+02,-7.43272895e+01
290.900000,-1.05741582e+02,-7.43262509e+01
290.905000,-1.05740576e+02,-7.43252460e+01
290.910000,-1.05739615e+02,-7.43242852e+01
290.915000,-1.05738668e+02,-7.43233378e+01
290.920000,-1.05737717e+02,-7.43223875e+01
290.925000,-1.05736753e+02,-7.43214230e+01
290.930000,-1.05735761e+02,-7.43204301e+01
290.935000,-1.05734768e+02,-7.43194375e+01
290.940000,-1.05733778e+02,-7.43184471e+01
290.945000,-1.05732782e+02,-7.43174523e+01
290.950000,-1.05731795e+02,-7.43164647e+01
290.955000,-1.05730816e+02,-7.43154860e+01
290.960000,-1.05729830e+02,-7.43144994e+01
290.965000,-1.05728858e+02,-7.43135283e+01
290.970000,-1.05727885e+02,-7.43125548e+01
290.975000,-1.05726881e+02,-7.43115513e+01
290.980000,-1.05725844e+02,-7.43105136e+01
290.985000,-1.05724771e+02,-7.43094410e+01
290.990000,-1.05723653e+02,-7.43083222e+01
290.995000,-1.05722502e+02,-7.43071722e+01
291.000000,-1.05721334e+02,-7.43060037e+01
291.005000,-1.05720166e+02,-7.43048360e+01
291.010000,-1.05719015e+02,-7.43036851e+01
291.015000,-1.05717883e+02,-7.43025518e+01
291.020000,-1.05716754e+02,-7.43014236e+01
291.025000,-1.05715666e+02,-7.43003357e+01
291.030000,-1.05714617e+02,-7.42992860e+01
291.035000,-1.05713589e+02,-7.42982583e+01
291.040000,-1.05712575e+02,-7.42972444e+01
291.045000,-1.05711561e+02,-7.42962305e+01
291.050000,-1.05710534e+02,-7.42952029e+01
291.055000,-1.05709518e+02,-7.42941863e+01
291.060000,-1.05708495e+02,-7.42931636e+01
291.065000,-1.05707454e+02,-7.42921222e+01
291.070000,-1.05706396e+02,-7.42910646e+01
291.075000,-1.05705323e+02,-7.42899914e+01
291.080000,-1.05704229e+02,-7.42888972e+01
291.085000,-1.05703149e+02,-7.42878173e+01
291.090000,-1.05702090e+02,-7.42867584e+01
291.095000,-1.05701044e+02,-7.42857126e+01
291.100000,-1.05699999e+02,-7.42846682e+01
291.105000,-1.05698932e+02,-7.42836006e+01
291.110000,-1.05697825e+02,-7.42824935e+01
291.115000,-1.05696709e+02,-7.42813782e+01
291.120000,-1.05695595e+02,-7.42802634e+01
291.125000,-1.05694467e+02,-7.42791351e+01
291.130000,-1.05693308e+02,-7.42779763e+01
291.135000,-1.05692116e+02,-7.42767855e+01
291.140000,-1.05690899e+02,-7.42755681e+01
291.145000,-1.05689692e+02,-7.42743618e+01
291.150000,-1.05688507e+02,-7.42731759e+01
291.155000,-1.05687339e+02,-7.42720085e+01
291.160000,-1.05686190e+02,-7.42708589e+01
291.165000,-1.05685052e+02,-7.42697216e+01
291.170000,-1.05683922e+02,-7.42685915e+01
291.175000,-1.05682828e+02,-7.42674974e+01
291.180000,-1.05681767e+02,-7.42664364e+01
291.185000,-1.05680729e+02,-7.42653979e+01
291.190000,-1.05679703e+02,-7.42643721e+01
291.195000,-1.05678664e+02,-7.42633334e+01
291.200000,-1.05677604e+02,-7.42622749e+01
291.205000,-1.05676552e+02,-7.42612219e+01
291.210000,-1.05675487e+02,-7.42601574e+01
291.215000,-1.05674403e+02,-7.42590729e+01
291.220000,-1.05673302e+02,-7.42579725e+01
291.225000,-1.05672179e+02,-7.42568495e+01
291.230000,-1.05671020e+02,-7.42556900e+01
291.235000,-1.05669847e+02,-7.42545175e+01
291.240000,-1.05668662e+02,-7.42533321e+01
291.245000,-1.05667458e+02,-7.42521286e+01
291.250000,-1.05666230e+02,-7.42509000e+01
291.255000,-1.05664976e+02,-7.42496462e+01
291.260000,-1.05663709e+02,-7.42483788e+01
291.265000,-1.05662464e+02,-7.42471335e+01
291.270000,-1.05661237e+02,-7.42459070e+01
291.275000,-1.05660022e+02,-7.42446920e+01
291.280000,-1.05658817e+02,-7.42434865e+01
291.285000,-1.05657583e+02,-7.42422529e+01
291.290000,-1.05656287e+02,-7.42409567e+01
291.295000,-1.05654973e+02,-7.42396431e+01
291.300000,-1.05653662e+02,-7.42383318e+01
291.305000,-1.05652359e+02,-7.42370293e+01
291.310000,-1.05651070e+02,-7.42357397e+01
291.315000,-1.05649783e+02,-7.42344532e+01
291.320000,-1.05648483e+02,-7.42331524e+01
291.325000,-1.05647200e+02,-7.42318692e+01
291.330000,-1.05645944e+02,-7.42306141e+01
291.335000,-1.05644711e+02,-7.42293803e+01
291.340000,-1.05643487e+02,-7.42281563e+01
291.345000,-1.05642256e+02,-7.42269250e+01
291.350000,-1.05640992e+02,-7.42256617e+01
291.355000,-1.05639723e+02,-7.42243922e+01
291.360000,-1.05638458e+02,-7.42231278e+01
291.365000,-1.05637204e+02,-7.42218733e+01
291.370000,-1.05635962e+02,-7.42206317e+01
291.375000,-1.05634739e+02,-7.42194079e+01
291.380000,-1.05633533e+02,-7.42182032e+01
291.385000,-1.05632377e+02,-7.42170470e+01
291.390000,-1.05631264e+02,-7.42159332e+01
291.395000,-1.05630170e+02,-7.42148400e+01
291.400000,-1.05629085e+02,-7.42137544e+01
291.405000,-1.05627992e+02,-7.42126615e+01
291.410000,-1.05626877e+02,-7.42115466e+01
291.415000,-1.05625769e+02,-7.42104389e+01
291.420000,-1.05624659e+02,-7.42093282e+01
291.425000,-1.05623528e+02,-7.42081978e+01
291.430000,-1.05622374e+02,-7.42070443e+01
291.435000,-1.05621173e+02,-7.42058426e+01
291.440000,-1.05619902e+02,-7.42045727e+01
291.445000,-1.05618607e+02,-7.42032768e+01
291.450000,-1.05617317e+02,-7.42019870e+01
291.455000,-1.05616049e+02,-7.42007197e+01
291.460000,-1.05614798e+02,-7.41994684e+01
291.465000,-1.05613549e+02,-7.41982193e+01
291.470000,-1.05612291e+02,-7.41969617e+01
291.475000,-1.05611054e+02,-7.41957241e+01
291.480000,-1.05609832e+02,-7.41945020e+01
291.485000,-1.05608619e+02,-7.41932887e+01
291.490000,-1.05607410e+02,-7.41920802e+01
291.495000,-1.05606184e+02,-7.41908545e+01
291.500000,-1.05604930e+02,-7.41896002e+01
291.505000,-1.05603696e+02,-7.41883666e+01
291.510000,-1.05602502e+02,-7.41871719e+01
291.515000,-1.05601350e+02,-7.41860208e+01
291.520000,-1.05600244e+02,-7.41849142e+01
291.525000,-1.05599164e+02,-7.41838338e+01
291.530000,-1.05598087e+02,-7.41827577e+01
291.535000,-1.05597036e+02,-7.41817066e+01
291.540000,-1.05596001e+02,-7.41806714e+01
291.545000,-1.05594970e+02,-7.41796402e+01
291.550000,-1.05593939e+02,-7.41786094e+01
291.555000,-1.05592899e+02,-7.41775690e+01
291.560000,-1.05591838e+02,-7.41765085e+01
291.565000,-1.05590783e+02,-7.41754533e+01
291.570000,-1.05589712e+02,-7.41743815e+01
291.575000,-1.05588608e+02,-7.41732773e+01
291.580000,-1.05587481e+02,-7.41721506e+01
291.585000,-1.05586333e+02,-7.41710028e+01
291.590000,-1.05585155e+02,-7.41698253e+01
291.595000,-1.05583974e+02,-7.41686443e+01
291.600000,-1.05582801e+02,-7.41674713e+01
291.605000,-1.05581643e+02,-7.41663127e+01
291.610000,-1.05580499e+02,-7.41651693e+01
291.615000,-1.05579368e+02,-7.41640385e+01
291.620000,-1.05578249e+02,-7.41629197e+01
291.625000,-1.05577163e+02,-7.41618333e+01
291.630000,-1.05576095e+02,-7.41607653e+01
291.635000,-1.05575031e+02,-7.41597010e+01
291.640000,-1.05573971e+02,-7.41586411e+01
291.645000,-1.05572913e+02,-7.41575834e+01
291.650000,-1.05571849e+02,-7.41565192e+01
291.655000,-1.05570804e+02,-7.41554739e+01
291.660000,-1.05569775e+02,-7.41544454e+01
291.665000,-1.05568763e+02,-7.41534332e+01
291.670000,-1.05567762e+02,-7.41524327e+01
291.675000,-1.05566749e+02,-7.41514193e+01
291.680000,-1.05565707e+02,-7.41503770e+01
291.685000,-1.05564664e+02,-7.41493348e+01
291.690000,-1.05563627e+02,-7.41482973e+01
291.695000,-1.05562584e+02,-7.41472551e+01
291.700000,-1.05561545e+02,-7.41462151e+01
291.705000,-1.05560503e+02,-7.41451744e+01
291.710000,-1.05559431e+02,-7.41441014e+01
291.715000,-1.05558338e+02,-7.41430089e+01
291.720000,-1.05557235e+02,-7.41419058e+01
291.725000,-1.05556118e+02,-7.41407884e+01
291.730000,-1.05554988e+02,-7.41396591e+01
291.735000,-1.05553854e+02,-7.41385239e+01
291.740000,-1.05552692e+02,-7.41373624e+01
291.745000,-1.05551524e+02,-7.41361941e+01
291.750000,-1.05550360e+02,-7.41350303e+01
291.755000,-1.05549197e+02,-7.41338676e+01
291.760000,-1.05548049e+02,-7.41327195e+01
291.765000,-1.05546928e+02,-7.41315982e+01
291.770000,-1.05545822e+02,-7.41304927e+01
291.775000,-1.05544754e+02,-7.41294249e+01
291.780000,-1.05543707e+02,-7.41283783e+01
291.785000,-1.05542665e+02,-7.41273352e+01
291.790000,-1.05541622e+02,-7.41262927e+01
291.795000,-1.05540573e+02,-7.41252436e+01
291.800000,-1.05539507e+02,-7.41241776e+01
291.805000,-1.05538453e+02,-7.41231233e+01
291.810000,-1.05537414e+02,-7.41220843e+01
291.815000,-1.05536385e+02,-7.41210557e+01
291.820000,-1.05535364e+02,-7.41200343e+01
291.825000,-1.05534337e+02,-7.41190075e+01
291.830000,-1.05533290e+02,-7.41179601e+01
291.835000,-1.05532245e+02,-7.41169153e+01
291.840000,-1.05531198e+02,-7.41158687e+01
291.845000,-1.05530144e+02,-7.41148139e+01
291.850000,-1.05529061e+02,-7.41137318e+01
291.855000,-1.05527937e+02,-7.41126077e+01
291.860000,-1.05526783e+02,-7.41114532e+01
291.865000,-1.05525629e+02,-7.41103000e+01
291.870000,-1.05524492e+02,-7.41091635e+01
291.875000,-1.05523378e+02,-7.41080487e+01
291.880000,-1.05522264e+02,-7.41069355e+01
291.885000,-1.05521137e+02,-7.41058084e+01
291.890000,-1.05520019e+02,-7.41046904e+01
291.895000,-1.05518913e+02,-7.41035837e+01
291.900000,-1.05517813e+02,-7.41024846e+01
291.905000,-1.05516720e+02,-7.41013907e+01
291.910000,-1.05515625e+02,-7.41002959e+01
291.915000,-1.05514522e+02,-7.40991927e+01
291.920000,-1.05513427e+02,-7.40980973e+01
291.925000,-1.05512333e+02,-7.40970038e+01
291.930000,-1.05511238e+02,-7.40959086e+01
291.935000,-1.05510129e+02,-7.40948002e+01
291.940000,-1.05508992e+02,-7.40936634e+01
291.945000,-1.05507860e+02,-7.40925309e+01
291.950000,-1.05506747e+02,-7.40914179e+01
291.955000,-1.05505654e+02,-7.40903246e+01
291.960000,-1.05504563e+02,-7.40892342e+01
291.965000,-1.05503457e+02,-7.40881276e+01
291.970000,-1.05502362e+02,-7.40870331e+01
291.975000,-1.05501293e+02,-7.40859641e+01
291.980000,-1.05500243e+02,-7.40849142e+01
291.985000,-1.05499206e+02,-7.40838773e+01
291.990000,-1.05498159e+02,-7.40828299e+01
291.995000,-1.05497074e+02,-7.40817455e+01
292.000000,-1.05495978e+02,-7.40806495e+01
292.005000,-1.05494874e+02,-7.40795455e+01
292.010000,-1.05493772e+02,-7.40784437e+01
292.015000,-1.05492677e+02,-7.40773480e+01
292.020000,-1.05491564e+02,-7.40762359e+01
292.025000,-1.05490475e+02,-7.40751462e+01
292.030000,-1.05489421e+02,-7.40740926e+01
292.035000,-1.05488388e+02,-7.40730588e+01
292.040000,-1.05487351e+02,-7.40720218e+01
292.045000,-1.05486292e+02,-7.40709632e+01
292.050000,-1.05485240e+02,-7.40699112e+01
292.055000,-1.05484198e+02,-7.40688694e+01
292.060000,-1.05483154e+02,-7.40678250e+01
292.065000,-1.05482090e+02,-7.40667615e+01
292.070000,-1.05481003e+02,-7.40656750e+01
292.075000,-1.05479932e+02,-7.40646034e+01
292.080000,-1.05478878e+02,-7.40635494e+01
292.085000,-1.05477840e+02,-7.40625112e+01
292.090000,-1.05476805e+02,-7.40614764e+01
292.095000,-1.05475770e+02,-7.40604419e+01
292.100000,-1.05474774e+02,-7.40594453e+01
292.105000,-1.05473812e+02,-7.40584835e+01
292.110000,-1.05472876e+02,-7.40575463e+01
292.115000,-1.05471947e+02,-7.40566182e+01
292.120000,-1.05471019e+02,-7.40556904e+01
292.125000,-1.05470112e+02,-7.40547828e+01
292.130000,-1.05469201e+02,-7.40538720e+01
292.135000,-1.05468266e+02,-7.40529373e+01
292.140000,-1.05467304e+02,-7.40519745e+01
292.145000,-1.05466291e+02,-7.40509612e+01
292.150000,-1.05465236e+02,-7.40499065e+01
292.155000,-1.05464146e+02,-7.40488168e+01
292.160000,-1.05463036e+02,-7.40477068e+01
292.165000,-1.05461909e+02,-7.40465791e+01
292.170000,-1.05460757e+02,-7.40454277e+01
292.175000,-1.05459610e+02,-7.40442808e+01
292.180000,-1.05458462e+02,-7.40431326e+01
292.185000,-1.05457302e+02,-7.40419729e+01
292.190000,-1.05456127e+02,-7.40407977e+01
292.195000,-1.05454948e+02,-7.40396186e+01
292.200000,-1.05453801e+02,-7.40384712e+01
292.205000,-1.05452680e+02,-7.40373507e+01
292.210000,-1.05451577e+02,-7.40362474e+01
292.215000,-1.05450481e+02,-7.40351517e+01
292.220000,-1.05449387e+02,-7.40340580e+01
292.225000,-1.05448311e+02,-7.40329822e+01
292.230000,-1.05447258e+02,-7.40319293e+01
292.235000,-1.05446239e+02,-7.40309096e+01
292.240000,-1.05445241e+02,-7.40299118e+01
292.245000,-1.05444247e+02,-7.40289180e+01
292.250000,-1.05443274e+02,-7.40279446e+01
292.255000,-1.05442312e+02,-7.40269830e+01
292.260000,-1.05441367e+02,-7.40260381e+01
292.265000,-1.05440427e+02,-7.40250984e+01
292.270000,-1.05439458e+02,-7.40241291e+01
292.275000,-1.05438467e+02,-7.40231387e+01
292.280000,-1.05437459e+02,-7.40221302e+01
292.285000,-1.05436437e+02,-7.40211082e+01
292.290000,-1.05435400e+02,-7.40200719e+01
292.295000,-1.05434345e+02,-7.40190167e+01
292.300000,-1.05433299e+02,-7.40179709e+01
292.305000,-1.05432278e+02,-7.40169492e+01
292.310000,-1.05431282e+02,-7.40159535e+01
292.315000,-1.05430296e+02,-7.40149679e+01
292.320000,-1.05429280e+02,-7.40139517e+01
292.325000,-1.05428229e+02,-7.40129015e+01
292.330000,-1.05427152e+02,-7.40118234e+01
292.335000,-1.05426072e+02,-7.40107449e+01
292.340000,-1.05425010e+02,-7.40096822e+01
292.345000,-1.05423951e+02,-7.40086228e+01
292.350000,-1.05422921e+02,-7.40075929e+01
292.355000,-1.05421928e+02,-7.40065992e+01
292.360000,-1.05420966e+02,-7.40056381e+01
292.365000,-1.05420017e+02,-7.40046883e+01
292.370000,-1.05419063e+02,-7.40037345e+01
292.375000,-1.05418128e+02,-7.40027991e+01
292.380000,-1.05417207e+02,-7.40018788e+01
292.385000,-1.05416304e+02,-7.40009751e+01
292.390000,-1.05415412e+02,-7.40000832e+01
292.395000,-1.05414515e+02,-7.39991865e+01
292.400000,-1.05413635e+02,-7.39983067e+01
292.405000,-1.05412754e+02,-7.39974251e+01
292.410000,-1.05411841e+02,-7.39965126e+01
292.415000,-1.05410885e+02,-7.39955567e+01
292.420000,-1.05409891e+02,-7.39945618e+01
292.425000,-1.05408894e+02,-7.39935646e+01
292.430000,-1.05407899e+02,-7.39925699e+01
292.435000,-1.05406906e+02,-7.39915768e+01
292.440000,-1.05405908e+02,-7.39905791e+01
292.445000,-1.05404904e+02,-7.39895762e+01
292.450000,-1.05403942e+02,-7.39886130e+01
292.455000,-1.05403031e+02,-7.39877031e+01
292.460000,-1.05402158e+02,-7.39868294e+01
292.465000,-1.05401289e+02,-7.39859603e+01
292.470000,-1.05400396e+02,-7.39850665e+01
292.475000,-1.05399477e+02,-7.39841478e+01
292.480000,-1.05398528e+02,-7.39831995e+01
292.485000,-1.05397564e+02,-7.39822345e+01
292.490000,-1.05396590e+02,-7.39812612e+01
292.495000,-1.05395609e+02,-7.39802799e+01
292.500000,-1.05394641e+02,-7.39793124e+01
292.505000,-1.05393681e+02,-7.39783524e+01
292.510000,-1.05392733e+02,-7.39774048e+01
292.515000,-1.05391794e+02,-7.39764650e+01
292.520000,-1.05390846e+02,-7.39755175e+01
292.525000,-1.05389913e+02,-7.39745842e+01
292.530000,-1.05388995e+02,-7.39736662e+01
292.535000,-1.05388102e+02,-7.39727735e+01
292.540000,-1.05387220e+02,-7.39718924e+01
292.545000,-1.05386325e+02,-7.39709973e+01
292.550000,-1.05385438e+02,-7.39701101e+01
292.555000,-1.05384560e+02,-7.39692317e+01
292.560000,-1.05383694e+02,-7.39683651e+01
292.565000,-1.05382838e+02,-7.39675092e+01
292.570000,-1.05381984e+02,-7.39666549e+01
292.575000,-1.05381147e+02,-7.39658186e+01
292.580000,-1.05380334e+02,-7.39650060e+01
292.585000,-1.05379552e+02,-7.39642237e+01
292.590000,-1.05378783e+02,-7.39634552e+01
292.595000,-1.05378013e+02,-7.39626848e+01
292.600000,-1.05377248e+02,-7.39619200e+01
292.605000,-1.05376469e+02,-7.39611414e+01
292.610000,-1.05375659e+02,-7.39603304e+01
292.615000,-1.05374804e+02,-7.39594759e+01
292.620000,-1.05373915e+02,-7.39585877e+01
292.625000,-1.05373023e+02,-7.39576952e+01
292.630000,-1.05372130e+02,-7.39568020e+01
292.635000,-1.05371248e+02,-7.39559197e+01
292.640000,-1.05370369e+02,-7.39550412e+01
292.645000,-1.05369479e+02,-7.39541503e+01
292.650000,-1.05368595e+02,-7.39532673e+01
292.655000,-1.05367729e+02,-7.39524010e+01
292.660000,-1.05366875e+02,-7.39515471e+01
292.665000,-1.05366014e+02,-7.39506853e+01
292.670000,-1.05365136e+02,-7.39498071e+01
292.675000,-1.05364254e+02,-7.39489255e+01
292.680000,-1.05363368e+02,-7.39480398e+01
292.685000,-1.05362489e+02,-7.39471606e+01
292.690000,-1.05361609e+02,-7.39462807e+01
292.695000,-1.05360724e+02,-7.39453961e+01
292.700000,-1.05359872e+02,-7.39445437e+01
292.705000,-1.05359058e+02,-7.39437296e+01
292.710000,-1.05358271e+02,-7.39429430e+01
292.715000,-1.05357498e+02,-7.39421696e+01
292.720000,-1.05356729e+02,-7.39414011e+01
292.725000,-1.05355983e+02,-7.39406553e+01
292.730000,-1.05355256e+02,-7.39399278e+01
292.735000,-1.05354535e+02,-7.39392073e+01
292.740000,-1.05353792e+02,-7.39384635e+01
292.745000,-1.05352992e+02,-7.39376637e+01
292.750000,-1.05352155e+02,-7.39368268e+01
292.755000,-1.05351298e+02,-7.39359698e+01
292.760000,-1.05350447e+02,-7.39351190e+01
292.765000,-1.05349600e+02,-7.39342720e+01
292.770000,-1.05348730e+02,-7.39334023e+01
292.775000,-1.05347845e+02,-7.39325171e+01
292.780000,-1.05346943e+02,-7.39316153e+01
292.785000,-1.05346030e+02,-7.39307019e+01
292.790000,-1.05345105e+02,-7.39297764e+01
292.795000,-1.05344174e+02,-7.39288454e+01
292.800000,-1.05343271e+02,-7.39279433e+01
292.805000,-1.05342400e+02,-7.39270722e+01
292.810000,-1.05341547e+02,-7.39262189e+01
292.815000,-1.05340688e+02,-7.39253604e+01
292.820000,-1.05339825e+02,-7.39244975e+01
292.825000,-1.05338995e+02,-7.39236671e+01
292.830000,-1.05338198e+02,-7.39228697e+01
292.835000,-1.05337428e+02,-7.39220998e+01
292.840000,-1.05336672e+02,-7.39213442e+01
292.845000,-1.05335916e+02,-7.39205881e+01
292.850000,-1.05335172e+02,-7.39198439e+01
292.855000,-1.05334442e+02,-7.39191148e+01
292.860000,-1.05333728e+02,-7.39184005e+01
292.865000,-1.05333011e+02,-7.39176830e+01
292.870000,-1.05332269e+02,-7.39169414e+01
292.875000,-1.05331507e+02,-7.39161784e+01
292.880000,-1.05330721e+02,-7.39153936e+01
292.885000,-1.05329920e+02,-7.39145921e+01
292.890000,-1.05329095e+02,-7.39137673e+01
292.895000,-1.05328245e+02,-7.39129171e+01
292.900000,-1.05327393e+02,-7.39120651e+01
292.905000,-1.05326544e+02,-7.39112158e+01
292.910000,-1.05325696e+02,-7.39103685e+01
292.915000,-1.05324842e+02,-7.39095144e+01
292.920000,-1.05323975e+02,-7.39086476e+01
292.925000,-1.05323116e+02,-7.39077887e+01
292.930000,-1.05322247e+02,-7.39069250e+01
292.935000,-1.05321479e+02,-7.39061563e+01
292.940000,-1.05320943e+02,-7.39056202e+01
292.945000,-1.05320555e+02,-7.39052325e+01
292.950000,-1.05320255e+02,-7.39049336e+01
292.955000,-1.05319989e+02,-7.39046669e+01
292.960000,-1.05319718e+02,-7.39043964e+01
292.965000,-1.05319417e+02,-7.39040950e+01
292.970000,-1.05319068e+02,-7.39037471e+01
292.975000,-1.05318691e+02,-7.39033693e+01
292.980000,-1.05318286e+02,-7.39029640e+01
292.985000,-1.05317849e+02,-7.39025277e+01
292.990000,-1.05317374e+02,-7.39020524e+01
292.995000,-1.05316853e+02,-7.39015317e+01
293.000000,-1.05316305e+02,-7.39009834e+01
293.005000,-1.05315736e+02,-7.39004146e+01
293.010000,-1.05315147e+02,-7.38998249e+01
293.015000,-1.05314511e+02,-7.38991898e+01
293.020000,-1.05313807e+02,-7.38984861e+01
293.025000,-1.05313042e+02,-7.38977171e+01
293.030000,-1.05312296e+02,-7.38969720e+01
293.035000,-1.05311664e+02,-7.38963390e+01
293.040000,-1.05311053e+02,-7.38957282e+01
293.045000,-1.05310431e+02,-7.38951053e+01
293.050000,-1.05309784e+02,-7.38944580e+01
293.055000,-1.05309097e+02,-7.38937715e+01
293.060000,-1.05308374e+02,-7.38930479e+01
293.065000,-1.05307643e+02,-7.38923113e+01
293.070000,-1.05306812e+02,-7.38914804e+01
293.075000,-1.05305893e+02,-7.38905623e+01
293.080000,-1.05304964e+02,-7.38896330e+01
293.085000,-1.05304056e+02,-7.38887247e+01
293.090000,-1.05303170e+02,-7.38878393e+01
293.095000,-1.05302308e+02,-7.38869771e+01
293.100000,-1.05301487e+02,-7.38861556e+01
293.105000,-1.05300704e+02,-7.38853726e+01
293.110000,-1.05299953e+02,-7.38846222e+01
293.115000,-1.05299210e+02,-7.38838815e+01
293.120000,-1.05298507e+02,-7.38831789e+01
293.125000,-1.05297899e+02,-7.38825704e+01
293.130000,-1.05297352e+02,-7.38820237e+01
293.135000,-1.05296835e+02,-7.38815072e+01
293.140000,-1.05296311e+02,-7.38809841e+01
293.145000,-1.05295765e+02,-7.38804370e+01
293.150000,-1.05295181e+02,-7.38798535e+01
293.155000,-1.05294551e+02,-7.38792237e+01
293.160000,-1.05293886e+02,-7.38785585e+01
293.165000,-1.05293185e+02,-7.38778573e+01
293.170000,-1.05292451e+02,-7.38771243e+01
293.175000,-1.05291706e+02,-7.38763793e+01
293.180000,-1.05290955e+02,-7.38756273e+01
293.185000,-1.05290188e+02,-7.38748639e+01
293.190000,-1.05289467e+02,-7.38741432e+01
293.195000,-1.05288853e+02,-7.38735300e+01
293.200000,-1.05288315e+02,-7.38729918e+01
293.205000,-1.05287827e+02,-7.38725045e+01
293.210000,-1.05287367e+02,-7.38720444e+01
293.215000,-1.05286911e+02,-7.38715884e+01
293.220000,-1.05286451e+02,-7.38711289e+01
293.225000,-1.05285998e+02,-7.38706766e+01
293.230000,-1.05285512e+02,-7.38701905e+01
293.235000,-1.05284997e+02,-7.38696765e+01
293.240000,-1.05284470e+02,-7.38691490e+01
293.245000,-1.05283952e+02,-7.38686308e+01
293.250000,-1.05283458e+02,-7.38681372e+01
293.255000,-1.05282992e+02,-7.38676716e+01
293.260000,-1.05282548e+02,-7.38672271e+01
293.265000,-1.05282098e+02,-7.38667770e+01
293.270000,-1.05281629e+02,-7.38663073e+01
293.275000,-1.05281138e+02,-7.38658166e+01
293.280000,-1.05280609e+02,-7.38652857e+01
293.285000,-1.05280061e+02,-7.38647380e+01
293.290000,-1.05279523e+02,-7.38642001e+01
293.295000,-1.05278959e+02,-7.38636362e+01
293.300000,-1.05278373e+02,-7.38630509e+01
293.305000,-1.05277772e+02,-7.38624486e+01
293.310000,-1.05277161e+02,-7.38618380e+01
293.315000,-1.05276558e+02,-7.38612315e+01
293.320000,-1.05275900e+02,-7.38605736e+01
293.325000,-1.05275166e+02,-7.38598387e+01
293.330000,-1.05274395e+02,-7.38590690e+01
293.335000,-1.05273637e+02,-7.38583102e+01
293.340000,-1.05272932e+02,-7.38576056e+01
293.345000,-1.05272282e+02,-7.38569562e+01
293.350000,-1.05271689e+02,-7.38563635e+01
293.355000,-1.05271144e+02,-7.38558177e+01
293.360000,-1.05270638e+02,-7.38553119e+01
293.365000,-1.05270167e+02,-7.38548414e+01
293.370000,-1.05269726e+02,-7.38544001e+01
293.375000,-1.05269311e+02,-7.38539873e+01
293.380000,-1.05268955e+02,-7.38536316e+01
293.385000,-1.05268698e+02,-7.38533705e+01
293.390000,-1.05268421e+02,-7.38530937e+01
293.395000,-1.05268097e+02,-7.38527706e+01
293.400000,-1.05267758e+02,-7.38524318e+01
293.405000,-1.05267410e+02,-7.38520834e+01
293.410000,-1.05267052e+02,-7.38517261e+01
293.415000,-1.05266678e+02,-7.38513516e+01
293.420000,-1.05266275e+02,-7.38509488e+01
293.425000,-1.05265848e+02,-7.38505221e+01
293.430000,-1.05265408e+02,-7.38500815e+01
293.435000,-1.05264962e+02,-7.38496359e+01
293.440000,-1.05264510e+02,-7.38491844e+01
293.445000,-1.05264048e+02,-7.38487206e+01
293.450000,-1.05263640e+02,-7.38483128e+01
293.455000,-1.05263340e+02,-7.38480132e+01
293.460000,-1.05263087e+02,-7.38477600e+01
293.465000,-1.05262853e+02,-7.38475265e+01
293.470000,-1.05262634e+02,-7.38473082e+01
293.475000,-1.05262364e+02,-7.38470386e+01
293.480000,-1.05261986e+02,-7.38466610e+01
293.485000,-1.05261544e+02,-7.38462177e+01
293.490000,-1.05261110e+02,-7.38457833e+01
293.495000,-1.05260760e+02,-7.38454337e+01
293.500000,-1.05260473e+02,-7.38451463e+01
293.505000,-1.05260224e+02,-7.38448969e+01
293.510000,-1.05259988e+02,-7.38446610e+01
293.515000,-1.05259746e+02,-7.38444197e+01
293.520000,-1.05259492e+02,-7.38441650e+01
293.525000,-1.05259218e+02,-7.38438905e+01
293.530000,-1.05258914e+02,-7.38435892e+01
293.535000,-1.05258488e+02,-7.38431639e+01
293.540000,-1.05257907e+02,-7.38425819e+01
293.545000,-1.05257240e+02,-7.38419148e+01
293.550000,-1.05256521e+02,-7.38411986e+01
293.555000,-1.05255805e+02,-7.38404824e+01
293.560000,-1.05255123e+02,-7.38398008e+01
293.565000,-1.05254474e+02,-7.38391521e+01
293.570000,-1.05253868e+02,-7.38385460e+01
293.575000,-1.05253299e+02,-7.38379770e+01
293.580000,-1.05252750e+02,-7.38374281e+01
293.585000,-1.05252215e+02,-7.38368937e+01
293.590000,-1.05251700e+02,-7.38363797e+01
293.595000,-1.05251227e+02,-7.38359068e+01
293.600000,-1.05250821e+02,-7.38355010e+01
293.605000,-1.05250456e+02,-7.38351363e+01
293.610000,-1.05250101e+02,-7.38347808e+01
293.615000,-1.05249725e+02,-7.38344059e+01
293.620000,-1.05249323e+02,-7.38340033e+01
293.625000,-1.05248902e+02,-7.38335831e+01
293.630000,-1.05248499e+02,-7.38331768e+01
293.635000,-1.05248064e+02,-7.38327420e+01
293.640000,-1.05247554e+02,-7.38322332e+01
293.645000,-1.05247005e+02,-7.38316833e+01
293.650000,-1.05246446e+02,-7.38311240e+01
293.655000,-1.05245883e+02,-7.38305615e+01
293.660000,-1.05245305e+02,-7.38299834e+01
293.665000,-1.05244705e+02,-7.38293834e+01
293.670000,-1.05244084e+02,-7.38287603e+01
293.675000,-1.05243509e+02,-7.38281814e+01
293.680000,-1.05242934e+02,-7.38276059e+01
293.685000,-1.05242301e+02,-7.38269731e+01
293.690000,-1.05241649e+02,-7.38263212e+01
293.695000,-1.05241010e+02,-7.38256817e+01
293.700000,-1.05240397e+02,-7.38250692e+01
293.705000,-1.05239821e+02,-7.38244930e+01
293.710000,-1.05239285e+02,-7.38239558e+01
293.715000,-1.05238829e+02,-7.38234996e+01
293.720000,-1.05238500e+02,-7.38231705e+01
293.725000,-1.05238258e+02,-7.38229289e+01
293.730000,-1.05238075e+02,-7.38227458e+01
293.735000,-1.05237908e+02,-7.38225797e+01
293.740000,-1.05237711e+02,-7.38223820e+01
293.745000,-1.05237459e+02,-7.38221298e+01
293.750000,-1.05237170e+02,-7.38218408e+01
293.755000,-1.05236865e+02,-7.38215366e+01
293.760000,-1.05236546e+02,-7.38212173e+01
293.765000,-1.05236221e+02,-7.38208935e+01
293.770000,-1.05235853e+02,-7.38205251e+01
293.775000,-1.05235388e+02,-7.38200609e+01
293.780000,-1.05234861e+02,-7.38195341e+01
293.785000,-1.05234292e+02,-7.38189664e+01
293.790000,-1.05233718e+02,-7.38183920e+01
293.795000,-1.05233151e+02,-7.38178257e+01
293.800000,-1.05232568e+02,-7.38172422e+01
293.805000,-1.05231962e+02,-7.38166367e+01
293.810000,-1.05231349e+02,-7.38160272e+01
293.815000,-1.05230654e+02,-7.38153319e+01
293.820000,-1.05229828e+02,-7.38145077e+01
293.825000,-1.05228968e+02,-7.38136474e+01
293.830000,-1.05228154e+02,-7.38128339e+01
293.835000,-1.05227394e+02,-7.38120738e+01
293.840000,-1.05226680e+02,-7.38113594e+01
293.845000,-1.05226011e+02,-7.38106913e+01
293.850000,-1.05225393e+02,-7.38100730e+01
293.855000,-1.05224819e+02,-7.38094998e+01
293.860000,-1.05224282e+02,-7.38089628e+01
293.865000,-1.05223774e+02,-7.38084559e+01
293.870000,-1.05223311e+02,-7.38079917e+01
293.875000,-1.05222878e+02,-7.38075594e+01
293.880000,-1.05222450e+02,-7.38071309e+01
293.885000,-1.05222027e+02,-7.38067081e+01
293.890000,-1.05221625e+02,-7.38063062e+01
293.895000,-1.05221248e+02,-7.38059295e+01
293.900000,-1.05220893e+02,-7.38055750e+01
293.905000,-1.05220551e+02,-7.38052313e+01
293.910000,-1.05220273e+02,-7.38049490e+01
293.915000,-1.05220031e+02,-7.38047078e+01
293.920000,-1.05219729e+02,-7.38044060e+01
293.925000,-1.05219369e+02,-7.38040457e+01
293.930000,-1.05218960e+02,-7.38036367e+01
293.935000,-1.05218502e+02,-7.38031788e+01
293.940000,-1.05217990e+02,-7.38026651e+01
293.945000,-1.05217471e+02,-7.38021460e+01
293.950000,-1.05217000e+02,-7.38016750e+01
293.955000,-1.05216548e+02,-7.38012194e+01
293.960000,-1.05216044e+02,-7.38007171e+01
293.965000,-1.05215539e+02,-7.38002116e+01
293.970000,-1.05215069e+02,-7.37997425e+01
293.975000,-1.05214638e+02,-7.37993111e+01
293.980000,-1.05214232e+02,-7.37989053e+01
293.985000,-1.05213845e+02,-7.37985186e+01
293.990000,-1.05213485e+02,-7.37981582e+01
293.995000,-1.05213146e+02,-7.37978198e+01
294.000000,-1.05212815e+02,-7.37974889e+01
294.005000,-1.05212496e+02,-7.37971703e+01
294.010000,-1.05212188e+02,-7.37968625e+01
294.015000,-1.05211882e+02,-7.37965568e+01
294.020000,-1.05211574e+02,-7.37962499e+01
294.025000,-1.05211295e+02,-7.37959712e+01
294.030000,-1.05211059e+02,-7.37957355e+01
294.035000,-1.05210832e+02,-7.37955089e+01
294.040000,-1.05210588e+02,-7.37952654e+01
294.045000,-1.05210320e+02,-7.37949989e+01
294.050000,-1.05210003e+02,-7.37946789e+01
294.055000,-1.05209537e+02,-7.37942155e+01
294.060000,-1.05208942e+02,-7.37936182e+01
294.065000,-1.05208361e+02,-7.37930368e+01
294.070000,-1.05207885e+02,-7.37925611e+01
294.075000,-1.05207468e+02,-7.37921442e+01
294.080000,-1.05207071e+02,-7.37917470e+01
294.085000,-1.05206687e+02,-7.37913655e+01
294.090000,-1.05206259e+02,-7.37909372e+01
294.095000,-1.05205760e+02,-7.37904380e+01
294.100000,-1.05205236e+02,-7.37899142e+01
294.105000,-1.05204716e+02,-7.37893934e+01
294.110000,-1.05204223e+02,-7.37889009e+01
294.115000,-1.05203776e+02,-7.37884536e+01
294.120000,-1.05203366e+02,-7.37880437e+01
294.125000,-1.05202976e+02,-7.37876541e+01
294.130000,-1.05202602e+02,-7.37872794e+01
294.135000,-1.05202221e+02,-7.37868985e+01
294.140000,-1.05201808e+02,-7.37864841e+01
294.145000,-1.05201419e+02,-7.37860952e+01
294.150000,-1.05201112e+02,-7.37857873e+01
294.155000,-1.05200839e+02,-7.37855145e+01
294.160000,-1.05200571e+02,-7.37852481e+01
294.165000,-1.05200318e+02,-7.37849946e+01
294.170000,-1.05200094e+02,-7.37847708e+01
294.175000,-1.05199868e+02,-7.37845444e+01
294.180000,-1.05199657e+02,-7.37843333e+01
294.185000,-1.05199501e+02,-7.37841744e+01
294.190000,-1.05199311e+02,-7.37839866e+01
294.195000,-1.05198995e+02,-7.37836701e+01
294.200000,-1.05198525e+02,-7.37832006e+01
294.205000,-1.05197967e+02,-7.37826430e+01
294.210000,-1.05197387e+02,-7.37820625e+01
294.215000,-1.05196825e+02,-7.37815015e+01
294.220000,-1.05196312e+02,-7.37809839e+01
294.225000,-1.05195772e+02,-7.37804446e+01
294.230000,-1.05195212e+02,-7.37798844e+01
294.235000,-1.05194680e+02,-7.37793524e+01
294.240000,-1.05194189e+02,-7.37788616e+01
294.245000,-1.05193739e+02,-7.37784120e+01
294.250000,-1.05193323e+02,-7.37779960e+01
294.255000,-1.05192927e+02,-7.37775999e+01
294.260000,-1.05192538e+02,-7.37772131e+01
294.265000,-1.05192185e+02,-7.37768604e+01
294.270000,-1.05191876e+02,-7.37765522e+01
294.275000,-1.05191581e+02,-7.37762574e+01
294.280000,-1.05191283e+02,-7.37759574e+01
294.285000,-1.05191020e+02,-7.37756948e+01
294.290000,-1.05190821e+02,-7.37754971e+01
294.295000,-1.05190647e+02,-7.37753230e+01
294.300000,-1.05190489e+02,-7.37751657e+01
294.305000,-1.05190328e+02,-7.37750050e+01
294.310000,-1.05190151e+02,-7.37748293e+01
294.315000,-1.05189906e+02,-7.37745839e+01
294.320000,-1.05189543e+02,-7.37742212e+01
294.325000,-1.05189105e+02,-7.37737833e+01
294.330000,-1.05188628e+02,-7.37733068e+01
294.335000,-1.05188143e+02,-7.37728189e+01
294.340000,-1.05187623e+02,-7.37722987e+01
294.345000,-1.05187068e+02,-7.37717457e+01
294.350000,-1.05186461e+02,-7.37711397e+01
294.355000,-1.05185804e+02,-7.37704829e+01
294.360000,-1.05185170e+02,-7.37698485e+01
294.365000,-1.05184593e+02,-7.37692711e+01
294.370000,-1.05184078e+02,-7.37687559e+01
294.375000,-1.05183613e+02,-7.37682908e+01
294.380000,-1.05183172e+02,-7.37678502e+01
294.385000,-1.05182742e+02,-7.37674185e+01
294.390000,-1.05182362e+02,-7.37670399e+01
294.395000,-1.05182093e+02,-7.37667707e+01
294.400000,-1.05181900e+02,-7.37665773e+01
294.405000,-1.05181724e+02,-7.37664021e+01
294.410000,-1.05181541e+02,-7.37662188e+01
294.415000,-1.05181336e+02,-7.37660123e+01
294.420000,-1.05181139e+02,-7.37658153e+01
294.425000,-1.05180984e+02,-7.37656611e+01
294.430000,-1.05180835e+02,-7.37655118e+01
294.435000,-1.05180670e+02,-7.37653463e+01
294.440000,-1.05180473e+02,-7.37651503e+01
294.445000,-1.05180245e+02,-7.37649193e+01
294.450000,-1.05179927e+02,-7.37646010e+01
294.455000,-1.05179493e+02,-7.37641667e+01
294.460000,-1.05179006e+02,-7.37636815e+01
294.465000,-1.05178483e+02,-7.37631586e+01
294.470000,-1.05177911e+02,-7.37625869e+01
294.475000,-1.05177349e+02,-7.37620250e+01
294.480000,-1.05176848e+02,-7.37615194e+01
294.485000,-1.05176337e+02,-7.37610088e+01
294.490000,-1.05175820e+02,-7.37604927e+01
294.495000,-1.05175343e+02,-7.37600155e+01
294.500000,-1.05174915e+02,-7.37595875e+01
294.505000,-1.05174520e+02,-7.37591942e+01
294.510000,-1.05174168e+02,-7.37588427e+01
294.515000,-1.05173873e+02,-7.37585476e+01
294.520000,-1.05173616e+02,-7.37582894e+01
294.525000,-1.05173420e+02,-7.37580941e+01
294.530000,-1.05173305e+02,-7.37579796e+01
294.535000,-1.05173215e+02,-7.37578904e+01
294.540000,-1.05173138e+02,-7.37578131e+01
294.545000,-1.05173077e+02,-7.37577523e+01
294.550000,-1.05173012e+02,-7.37576876e+01
294.555000,-1.05172919e+02,-7.37575954e+01
294.560000,-1.05172777e+02,-7.37574536e+01
294.565000,-1.05172587e+02,-7.37572633e+01
294.570000,-1.05172361e+02,-7.37570386e+01
294.575000,-1.05172061e+02,-7.37567392e+01
294.580000,-1.05171647e+02,-7.37563252e+01
294.585000,-1.05171165e+02,-7.37558435e+01
294.590000,-1.05170658e+02,-7.37553363e+01
294.595000,-1.05170170e+02,-7.37548461e+01
294.600000,-1.05169691e+02,-7.37543691e+01
294.605000,-1.05169146e+02,-7.37538241e+01
294.610000,-1.05168541e+02,-7.37532197e+01
294.615000,-1.05167945e+02,-7.37526241e+01
294.620000,-1.05167402e+02,-7.37520801e+01
294.625000,-1.05166920e+02,-7.37515984e+01
294.630000,-1.05166488e+02,-7.37511643e+01
294.635000,-1.05166125e+02,-7.37508033e+01
294.640000,-1.05165886e+02,-7.37505635e+01
294.645000,-1.05165746e+02,-7.37504238e+01
294.650000,-1.05165673e+02,-7.37503504e+01
294.655000,-1.05165636e+02,-7.37503133e+01
294.660000,-1.05165605e+02,-7.37502823e+01
294.665000,-1.05165606e+02,-7.37502835e+01
294.670000,-1.05165667e+02,-7.37503439e+01
294.675000,-1.05165746e+02,-7.37504226e+01
294.680000,-1.05165817e+02,-7.37504938e+01
294.685000,-1.05165868e+02,-7.37505444e+01
294.690000,-1.05165894e+02,-7.37505704e+01
294.695000,-1.05165894e+02,-7.37505709e+01
294.700000,-1.05165874e+02,-7.37505478e+01
294.705000,-1.05165769e+02,-7.37504428e+01
294.710000,-1.05165559e+02,-7.37502326e+01
294.715000,-1.05165312e+02,-7.37499877e+01
294.720000,-1.05165040e+02,-7.37497158e+01
294.725000,-1.05164725e+02,-7.37494007e+01
294.730000,-1.05164427e+02,-7.37490981e+01
294.735000,-1.05164092e+02,-7.37487645e+01
294.740000,-1.05163732e+02,-7.37484051e+01
294.745000,-1.05163400e+02,-7.37480731e+01
294.750000,-1.05163119e+02,-7.37477929e+01
294.755000,-1.05162910e+02,-7.37475838e+01
294.760000,-1.05162767e+02,-7.37474420e+01
294.765000,-1.05162664e+02,-7.37473385e+01
294.770000,-1.05162583e+02,-7.37472569e+01
294.775000,-1.05162557e+02,-7.37472308e+01
294.780000,-1.05162617e+02,-7.37472927e+01
294.785000,-1.05162737e+02,-7.37474130e+01
294.790000,-1.05162898e+02,-7.37475733e+01
294.795000,-1.05163057e+02,-7.37477324e+01
294.800000,-1.05163211e+02,-7.37478866e+01
294.805000,-1.05163365e+02,-7.37480411e+01
294.810000,-1.05163519e+02,-7.37481956e+01
294.815000,-1.05163671e+02,-7.37483470e+01
294.820000,-1.05163815e+02,-7.37484912e+01
294.825000,-1.05163949e+02,-7.37486276e+01
294.830000,-1.05164029e+02,-7.37487069e+01
294.835000,-1.05164006e+02,-7.37486847e+01
294.840000,-1.05163934e+02,-7.37486129e+01
294.845000,-1.05163868e+02,-7.37485439e+01
294.850000,-1.05163779e+02,-7.37484548e+01
294.855000,-1.05163658e+02,-7.37483370e+01
294.860000,-1.05163488e+02,-7.37481661e+01
294.865000,-1.05163259e+02,-7.37479369e+01
294.870000,-1.05163032e+02,-7.37477101e+01
294.875000,-1.05162839e+02,-7.37475176e+01
294.880000,-1.05162685e+02,-7.37473619e+01
294.885000,-1.05162603e+02,-7.37472797e+01
294.890000,-1.05162612e+02,-7.37472896e+01
294.895000,-1.05162679e+02,-7.37473570e+01
294.900000,-1.05162797e+02,-7.37474749e+01
294.905000,-1.05162933e+02,-7.37476111e+01
294.910000,-1.05163070e+02,-7.37477467e+01
294.915000,-1.05163218e+02,-7.37478948e+01
294.920000,-1.05163387e+02,-7.37480645e+01
294.925000,-1.05163539e+02,-7.37482160e+01
294.930000,-1.05163656e+02,-7.37483329e+01
294.935000,-1.05163732e+02,-7.37484094e+01
294.940000,-1.05163767e+02,-7.37484435e+01
294.945000,-1.05163759e+02,-7.37484366e+01
294.950000,-1.05163723e+02,-7.37483974e+01
294.955000,-1.05163602e+02,-7.37482764e+01
294.960000,-1.05163378e+02,-7.37480532e+01
294.965000,-1.05163074e+02,-7.37477497e+01
294.970000,-1.05162711e+02,-7.37473865e+01
294.975000,-1.05162351e+02,-7.37470264e+01
294.980000,-1.05162041e+02,-7.37467125e+01
294.985000,-1.05161714e+02,-7.37463860e+01
294.990000,-1.05161372e+02,-7.37460443e+01
294.995000,-1.05161062e+02,-7.37457353e+01
295.000000,-1.05160807e+02,-7.37454799e+01
295.005000,-1.05160601e+02,-7.37452753e+01
295.010000,-1.05160451e+02,-7.37451253e+01
295.015000,-1.05160356e+02,-7.37450305e+01
295.020000,-1.05160299e+02,-7.37449738e+01
295.025000,-1.05160265e+02,-7.37449410e+01
295.030000,-1.05160242e+02,-7.37449160e+01
295.035000,-1.05160249e+02,-7.37449253e+01
295.040000,-1.05160329e+02,-7.37450045e+01
295.045000,-1.05160455e+02,-7.37451306e+01
295.050000,-1.05160600e+02,-7.37452766e+01
295.055000,-1.05160749e+02,-7.37454252e+01
295.060000,-1.05160880e+02,-7.37455562e+01
295.065000,-1.05160981e+02,-7.37456579e+01
295.070000,-1.05161047e+02,-7.37457240e+01
295.075000,-1.05161081e+02,-7.37457593e+01
295.080000,-1.05161052e+02,-7.37457284e+01
295.085000,-1.05160879e+02,-7.37455559e+01
295.090000,-1.05160595e+02,-7.37452708e+01
295.095000,-1.05160277e+02,-7.37449532e+01
295.100000,-1.05159972e+02,-7.37446501e+01
295.105000,-1.05159630e+02,-7.37443083e+01
295.110000,-1.05159230e+02,-7.37439088e+01
295.115000,-1.05158826e+02,-7.37435035e+01
295.120000,-1.05158446e+02,-7.37431243e+01
295.125000,-1.05158114e+02,-7.37427925e+01
295.130000,-1.05157839e+02,-7.37425170e+01
295.135000,-1.05157613e+02,-7.37422902e+01
295.140000,-1.05157472e+02,-7.37421483e+01
295.145000,-1.05157444e+02,-7.37421206e+01
295.150000,-1.05157479e+02,-7.37421549e+01
295.155000,-1.05157540e+02,-7.37422165e+01
295.160000,-1.05157601e+02,-7.37422792e+01
295.165000,-1.05157651e+02,-7.37423271e+01
295.170000,-1.05157728e+02,-7.37424048e+01
295.175000,-1.05157866e+02,-7.37425417e+01
295.180000,-1.05158017e+02,-7.37426933e+01
295.185000,-1.05158157e+02,-7.37428345e+01
295.190000,-1.05158224e+02,-7.37429021e+01
295.195000,-1.05158175e+02,-7.37428538e+01
295.200000,-1.05158058e+02,-7.37427337e+01
295.205000,-1.05157851e+02,-7.37425268e+01
295.210000,-1.05157562e+02,-7.37422380e+01
295.215000,-1.05157253e+02,-7.37419291e+01
295.220000,-1.05156957e+02,-7.37416338e+01
295.225000,-1.05156712e+02,-7.37413837e+01
295.230000,-1.05156435e+02,-7.37411076e+01
295.235000,-1.05156126e+02,-7.37407990e+01
295.240000,-1.05155832e+02,-7.37405049e+01
295.245000,-1.05155580e+02,-7.37402529e+01
295.250000,-1.05155379e+02,-7.37400523e+01
295.255000,-1.05155223e+02,-7.37398963e+01
295.260000,-1.05155092e+02,-7.37397664e+01
295.265000,-1.05154993e+02,-7.37396683e+01
295.270000,-1.05154940e+02,-7.37396150e+01
295.275000,-1.05154916e+02,-7.37395908e+01
295.280000,-1.05154904e+02,-7.37395801e+01
295.285000,-1.05154892e+02,-7.37395687e+01
295.290000,-1.05154892e+02,-7.37395696e+01
295.295000,-1.05154921e+02,-7.37395994e+01
295.300000,-1.05154951e+02,-7.37396300e+01
295.305000,-1.05154979e+02,-7.37396552e+01
295.310000,-1.05154938e+02,-7.37396142e+01
295.315000,-1.05154789e+02,-7.37394673e+01
295.320000,-1.05154533e+02,-7.37392096e+01
295.325000,-1.05154210e+02,-7.37388864e+01
295.330000,-1.05153925e+02,-7.37386024e+01
295.335000,-1.05153687e+02,-7.37383634e+01
295.340000,-1.05153508e+02,-7.37381877e+01
295.345000,-1.05153319e+02,-7.37379982e+01
295.350000,-1.05153084e+02,-7.37377633e+01
295.355000,-1.05152854e+02,-7.37375332e+01
295.360000,-1.05152649e+02,-7.37373283e+01
295.365000,-1.05152469e+02,-7.37371479e+01
295.370000,-1.05152310e+02,-7.37369888e+01
295.375000,-1.05152170e+02,-7.37368487e+01
295.380000,-1.05152043e+02,-7.37367216e+01
295.385000,-1.05151920e+02,-7.37365986e+01
295.390000,-1.05151798e+02,-7.37364785e+01
295.395000,-1.05151625e+02,-7.37363037e+01
295.400000,-1.05151381e+02,-7.37360598e+01
295.405000,-1.05151145e+02,-7.37358240e+01
295.410000,-1.05150912e+02,-7.37355924e+01
295.415000,-1.05150697e+02,-7.37353759e+01
295.420000,-1.05150486e+02,-7.37351635e+01
295.425000,-1.05150296e+02,-7.37349734e+01
295.430000,-1.05150150e+02,-7.37348276e+01
295.435000,-1.05150006e+02,-7.37346833e+01
295.440000,-1.05149865e+02,-7.37345394e+01
295.445000,-1.05149668e+02,-7.37343421e+01
295.450000,-1.05149383e+02,-7.37340564e+01
295.455000,-1.05149059e+02,-7.37337335e+01
295.460000,-1.05148750e+02,-7.37334236e+01
295.465000,-1.05148497e+02,-7.37331668e+01
295.470000,-1.05148231e+02,-7.37329009e+01
295.475000,-1.05147961e+02,-7.37326303e+01
295.480000,-1.05147730e+02,-7.37323998e+01
295.485000,-1.05147559e+02,-7.37322286e+01
295.490000,-1.05147445e+02,-7.37321149e+01
295.495000,-1.05147380e+02,-7.37320504e+01
295.500000,-1.05147355e+02,-7.37320246e+01
295.505000,-1.05147353e+02,-7.37320230e+01
295.510000,-1.05147357e+02,-7.37320270e+01
295.515000,-1.05147353e+02,-7.37320227e+01
295.520000,-1.05147331e+02,-7.37320025e+01
295.525000,-1.05147312e+02,-7.37319829e+01
295.530000,-1.05147312e+02,-7.37319833e+01
295.535000,-1.05147325e+02,-7.37319969e+01
295.540000,-1.05147354e+02,-7.37320259e+01
295.545000,-1.05147385e+02,-7.37320590e+01
295.550000,-1.05147419e+02,-7.37320924e+01
295.555000,-1.05147455e+02,-7.37321308e+01
295.560000,-1.05147436e+02,-7.37321116e+01
295.565000,-1.05147308e+02,-7.37319850e+01
295.570000,-1.05147112e+02,-7.37317888e+01
295.575000,-1.05146892e+02,-7.37315684e+01
295.580000,-1.05146683e+02,-7.37313630e+01
295.585000,-1.05146440e+02,-7.37311206e+01
295.590000,-1.05146158e+02,-7.37308387e+01
295.595000,-1.05145909e+02,-7.37305899e+01
295.600000,-1.05145728e+02,-7.37304090e+01
295.605000,-1.05145627e+02,-7.37303087e+01
295.610000,-1.05145605e+02,-7.37302868e+01
295.615000,-1.05145649e+02,-7.37303312e+01
295.620000,-1.05145743e+02,-7.37304241e+01
295.625000,-1.05145862e+02,-7.37305436e+01
295.630000,-1.05145987e+02,-7.37306686e+01
295.635000,-1.05146109e+02,-7.37307913e+01
295.640000,-1.05146236e+02,-7.37309184e+01
295.645000,-1.05146367e+02,-7.37310487e+01
295.650000,-1.05146499e+02,-7.37311817e+01
295.655000,-1.05146636e+02,-7.37313187e+01
295.660000,-1.05146775e+02,-7.37314558e+01
295.665000,-1.05146962e+02,-7.37316428e+01
295.670000,-1.05147220e+02,-7.37319002e+01
295.675000,-1.05147470e+02,-7.37321509e+01
295.680000,-1.05147691e+02,-7.37323678e+01
295.685000,-1.05147798e+02,-7.37324739e+01
295.690000,-1.05147792e+02,-7.37324671e+01
295.695000,-1.05147764e+02,-7.37324395e+01
295.700000,-1.05147741e+02,-7.37324107e+01
295.705000,-1.05147643e+02,-7.37323137e+01
295.710000,-1.05147495e+02,-7.37321653e+01
295.715000,-1.05147369e+02,-7.37320388e+01
295.720000,-1.05147306e+02,-7.37319764e+01
295.725000,-1.05147323e+02,-7.37319928e+01
295.730000,-1.05147416e+02,-7.37320864e+01
295.735000,-1.05147578e+02,-7.37322476e+01
295.740000,-1.05147789e+02,-7.37324595e+01
295.745000,-1.05148044e+02,-7.37327149e+01
295.750000,-1.05148340e+02,-7.37330103e+01
295.755000,-1.05148642e+02,-7.37333120e+01
295.760000,-1.05148919e+02,-7.37335893e+01
295.765000,-1.05149167e+02,-7.37338376e+01
295.770000,-1.05149387e+02,-7.37340574e+01
295.775000,-1.05149577e+02,-7.37342474e+01
295.780000,-1.05149739e+02,-7.37344100e+01
295.785000,-1.05149881e+02,-7.37345523e+01
295.790000,-1.05150011e+02,-7.37346849e+01
295.795000,-1.05150101e+02,-7.37347745e+01
295.800000,-1.05150108e+02,-7.37347818e+01
295.805000,-1.05150050e+02,-7.37347250e+01
295.810000,-1.05149942e+02,-7.37346201e+01
295.815000,-1.05149711e+02,-7.37343903e+01
295.820000,-1.05149372e+02,-7.37340521e+01
295.825000,-1.05149039e+02,-7.37337195e+01
295.830000,-1.05148740e+02,-7.37334204e+01
295.835000,-1.05148496e+02,-7.37331773e+01
295.840000,-1.05148331e+02,-7.37330121e+01
295.845000,-1.05148246e+02,-7.37329268e+01
295.850000,-1.05148233e+02,-7.37329140e+01
295.855000,-1.05148277e+02,-7.37329586e+01
295.860000,-1.05148365e+02,-7.37330468e+01
295.865000,-1.05148488e+02,-7.37331699e+01
295.870000,-1.05148639e+02,-7.37333212e+01
295.875000,-1.05148813e+02,-7.37334956e+01
295.880000,-1.05149002e+02,-7.37336846e+01
295.885000,-1.05149197e+02,-7.37338797e+01
295.890000,-1.05149393e+02,-7.37340753e+01
295.895000,-1.05149580e+02,-7.37342626e+01
295.900000,-1.05149751e+02,-7.37344332e+01
295.905000,-1.05149905e+02,-7.37345878e+01
295.910000,-1.05150059e+02,-7.37347382e+01
295.915000,-1.05150143e+02,-7.37348236e+01
295.920000,-1.05150122e+02,-7.37348017e+01
295.925000,-1.05150036e+02,-7.37347154e+01
295.930000,-1.05149918e+02,-7.37345900e+01
295.935000,-1.05149716e+02,-7.37343895e+01
295.940000,-1.05149492e+02,-7.37341654e+01
295.945000,-1.05149273e+02,-7.37339458e+01
295.950000,-1.05149082e+02,-7.37337553e+01
295.955000,-1.05148932e+02,-7.37336025e+01
295.960000,-1.05148860e+02,-7.37335309e+01
295.965000,-1.05148912e+02,-7.37335827e+01
295.970000,-1.05149040e+02,-7.37337109e+01
295.975000,-1.05149219e+02,-7.37338898e+01
295.980000,-1.05149430e+02,-7.37341001e+01
295.985000,-1.05149666e+02,-7.37343359e+01
295.990000,-1.05149921e+02,-7.37345916e+01
295.995000,-1.05150188e+02,-7.37348576e+01
296.000000,-1.05150458e+02,-7.37351279e+01
296.005000,-1.05150728e+02,-7.37353981e+01
296.010000,-1.05150999e+02,-7.37356697e+01
296.015000,-1.05151275e+02,-7.37359455e+01
296.020000,-1.05151545e+02,-7.37362176e+01
296.025000,-1.05151751e+02,-7.37364231e+01
296.030000,-1.05151841e+02,-7.37365129e+01
296.035000,-1.05151868e+02,-7.37365407e+01
296.040000,-1.05151882e+02,-7.37365572e+01
296.045000,-1.05151826e+02,-7.37365029e+01
296.050000,-1.05151685e+02,-7.37363620e+01
296.055000,-1.05151514e+02,-7.37361912e+01
296.060000,-1.05151344e+02,-7.37360215e+01
296.065000,-1.05151197e+02,-7.37358744e+01
296.070000,-1.05151083e+02,-7.37357618e+01
296.075000,-1.05151027e+02,-7.37357057e+01
296.080000,-1.05151042e+02,-7.37357214e+01
296.085000,-1.05151114e+02,-7.37357934e+01
296.090000,-1.05151234e+02,-7.37359153e+01
296.095000,-1.05151424e+02,-7.37361052e+01
296.100000,-1.05151694e+02,-7.37363755e+01
296.105000,-1.05152015e+02,-7.37366975e+01
296.110000,-1.05152369e+02,-7.37370512e+01
296.115000,-1.05152739e+02,-7.37374212e+01
296.120000,-1.05153114e+02,-7.37377971e+01
296.125000,-1.05153485e+02,-7.37381681e+01
296.130000,-1.05153846e+02,-7.37385295e+01
296.135000,-1.05154217e+02,-7.37388963e+01
296.140000,-1.05154534e+02,-7.37392144e+01
296.145000,-1.05154766e+02,-7.37394462e+01
296.150000,-1.05154955e+02,-7.37396350e+01
296.155000,-1.05155151e+02,-7.37398255e+01
296.160000,-1.05155256e+02,-7.37399311e+01
296.165000,-1.05155255e+02,-7.37399306e+01
296.170000,-1.05155210e+02,-7.37398849e+01
296.175000,-1.05155160e+02,-7.37398355e+01
296.180000,-1.05155119e+02,-7.37397938e+01
296.185000,-1.05155086e+02,-7.37397607e+01
296.190000,-1.05155061e+02,-7.37397357e+01
296.195000,-1.05155043e+02,-7.37397184e+01
296.200000,-1.05155035e+02,-7.37397097e+01
296.205000,-1.05155036e+02,-7.37397115e+01
296.210000,-1.05155056e+02,-7.37397312e+01
296.215000,-1.05155108e+02,-7.37397825e+01
296.220000,-1.05155190e+02,-7.37398631e+01
296.225000,-1.05155340e+02,-7.37400139e+01
296.230000,-1.05155597e+02,-7.37402704e+01
296.235000,-1.05155898e+02,-7.37405715e+01
296.240000,-1.05156213e+02,-7.37408860e+01
296.245000,-1.05156511e+02,-7.37411842e+01
296.250000,-1.05156780e+02,-7.37414535e+01
296.255000,-1.05157027e+02,-7.37417004e+01
296.260000,-1.05157268e+02,-7.37419440e+01
296.265000,-1.05157412e+02,-7.37420881e+01
296.270000,-1.05157414e+02,-7.37420899e+01
296.275000,-1.05157344e+02,-7.37420193e+01
296.280000,-1.05157245e+02,-7.37419224e+01
296.285000,-1.05157148e+02,-7.37418250e+01
296.290000,-1.05157046e+02,-7.37417229e+01
296.295000,-1.05156922e+02,-7.37415990e+01
296.300000,-1.05156758e+02,-7.37414357e+01
296.305000,-1.05156542e+02,-7.37412191e+01
296.310000,-1.05156277e+02,-7.37409540e+01
296.315000,-1.05155977e+02,-7.37406541e+01
296.320000,-1.05155659e+02,-7.37403363e+01
296.325000,-1.05155339e+02,-7.37400174e+01
296.330000,-1.05155030e+02,-7.37397082e+01
296.335000,-1.05154743e+02,-7.37394207e+01
296.340000,-1.05154485e+02,-7.37391631e+01
296.345000,-1.05154277e+02,-7.37389556e+01
296.350000,-1.05154155e+02,-7.37388306e+01
296.355000,-1.05154054e+02,-7.37387290e+01
296.360000,-1.05153923e+02,-7.37385977e+01
296.365000,-1.05153795e+02,-7.37384716e+01
296.370000,-1.05153736e+02,-7.37384064e+01
296.375000,-1.05153659e+02,-7.37383309e+01
296.380000,-1.05153553e+02,-7.37382243e+01
296.385000,-1.05153459e+02,-7.37381303e+01
296.390000,-1.05153393e+02,-7.37380658e+01
296.395000,-1.05153384e+02,-7.37380572e+01
296.400000,-1.05153468e+02,-7.37381408e+01
296.405000,-1.05153592e+02,-7.37382650e+01
296.410000,-1.05153705e+02,-7.37383778e+01
296.415000,-1.05153795e+02,-7.37384698e+01
296.420000,-1.05153869e+02,-7.37385424e+01
296.425000,-1.05153918e+02,-7.37385912e+01
296.430000,-1.05153935e+02,-7.37386090e+01
296.435000,-1.05153910e+02,-7.37385840e+01
296.440000,-1.05153840e+02,-7.37385140e+01
296.445000,-1.05153733e+02,-7.37384069e+01
296.450000,-1.05153598e+02,-7.37382739e+01
296.455000,-1.05153388e+02,-7.37380640e+01
296.460000,-1.05153068e+02,-7.37377444e+01
296.465000,-1.05152710e+02,-7.37373900e+01
296.470000,-1.05152259e+02,-7.37369387e+01
296.475000,-1.05151690e+02,-7.37363703e+01
296.480000,-1.05151104e+02,-7.37357850e+01
296.485000,-1.05150561e+02,-7.37352421e+01
296.490000,-1.05150080e+02,-7.37347611e+01
296.495000,-1.05149660e+02,-7.37343418e+01
296.500000,-1.05149296e+02,-7.37339778e+01
296.505000,-1.05148978e+02,-7.37336593e+01
296.510000,-1.05148695e+02,-7.37333774e+01
296.515000,-1.05148444e+02,-7.37331257e+01
296.520000,-1.05148222e+02,-7.37329046e+01
296.525000,-1.05148022e+02,-7.37327048e+01
296.530000,-1.05147819e+02,-7.37325016e+01
296.535000,-1.05147602e+02,-7.37322845e+01
296.540000,-1.05147367e+02,-7.37320499e+01
296.545000,-1.05147105e+02,-7.37317862e+01
296.550000,-1.05146879e+02,-7.37315557e+01
296.555000,-1.05146652e+02,-7.37313291e+01
296.560000,-1.05146321e+02,-7.37309977e+01
296.565000,-1.05145946e+02,-7.37306161e+01
296.570000,-1.05145435e+02,-7.37301055e+01
296.575000,-1.05144809e+02,-7.37294794e+01
296.580000,-1.05144164e+02,-7.37288345e+01
296.585000,-1.05143559e+02,-7.37282298e+01
296.590000,-1.05143027e+02,-7.37276980e+01
296.595000,-1.05142584e+02,-7.37272547e+01
296.600000,-1.05142224e+02,-7.37268950e+01
296.605000,-1.05141939e+02,-7.37266103e+01
296.610000,-1.05141732e+02,-7.37264030e+01
296.615000,-1.05141587e+02,-7.37262582e+01
296.620000,-1.05141473e+02,-7.37261444e+01
296.625000,-1.05141377e+02,-7.37260479e+01
296.630000,-1.05141294e+02,-7.37259651e+01
296.635000,-1.05141241e+02,-7.37259159e+01
296.640000,-1.05141058e+02,-7.37257320e+01
296.645000,-1.05140588e+02,-7.37252619e+01
296.650000,-1.05139937e+02,-7.37246110e+01
296.655000,-1.05139203e+02,-7.37238773e+01
296.660000,-1.05138459e+02,-7.37231332e+01
296.665000,-1.05137740e+02,-7.37224141e+01
296.670000,-1.05137064e+02,-7.37217377e+01
296.675000,-1.05136431e+02,-7.37211047e+01
296.680000,-1.05135836e+02,-7.37205090e+01
296.685000,-1.05135283e+02,-7.37199558e+01
296.690000,-1.05134778e+02,-7.37194512e+01
296.695000,-1.05134325e+02,-7.37189986e+01
296.700000,-1.05133923e+02,-7.37185963e+01
296.705000,-1.05133564e+02,-7.37182377e+01
296.710000,-1.05133247e+02,-7.37179204e+01
296.715000,-1.05132970e+02,-7.37176427e+01
296.720000,-1.05132732e+02,-7.37174052e+01
296.725000,-1.05132532e+02,-7.37172053e+01
296.730000,-1.05132363e+02,-7.37170353e+01
296.735000,-1.05132208e+02,-7.37168808e+01
296.740000,-1.05132055e+02,-7.37167277e+01
296.745000,-1.05131901e+02,-7.37165734e+01
296.750000,-1.05131752e+02,-7.37164245e+01
296.755000,-1.05131614e+02,-7.37162872e+01
296.760000,-1.05131491e+02,-7.37161636e+01
296.765000,-1.05131375e+02,-7.37160486e+01
296.770000,-1.05131257e+02,-7.37159305e+01
296.775000,-1.05131128e+02,-7.37158020e+01
296.780000,-1.05130992e+02,-7.37156658e+01
296.785000,-1.05130841e+02,-7.37155150e+01
296.790000,-1.05130667e+02,-7.37153409e+01
296.795000,-1.05130469e+02,-7.37151424e+01
296.800000,-1.05130253e+02,-7.37149268e+01
296.805000,-1.05130031e+02,-7.37147050e+01
296.810000,-1.05129817e+02,-7.37144903e+01
296.815000,-1.05129614e+02,-7.37142880e+01
296.820000,-1.05129424e+02,-7.37140975e+01
296.825000,-1.05129244e+02,-7.37139175e+01
296.830000,-1.05129074e+02,-7.37137477e+01
296.835000,-1.05128915e+02,-7.37135892e+01
296.840000,-1.05128767e+02,-7.37134406e+01
296.845000,-1.05128630e+02,-7.37133036e+01
296.850000,-1.05128503e+02,-7.37131771e+01
296.855000,-1.05128377e+02,-7.37130511e+01
296.860000,-1.05128242e+02,-7.37129166e+01
296.865000,-1.05128095e+02,-7.37127696e+01
296.870000,-1.05127952e+02,-7.37126266e+01
296.875000,-1.05127831e+02,-7.37125054e+01
296.880000,-1.05127725e+02,-7.37123996e+01
296.885000,-1.05127637e+02,-7.37123119e+01
296.890000,-1.05127566e+02,-7.37122399e+01
296.895000,-1.05127495e+02,-7.37121693e+01
296.900000,-1.05127424e+02,-7.37120981e+01
296.905000,-1.05127343e+02,-7.37120167e+01
296.910000,-1.05127251e+02,-7.37119252e+01
296.915000,-1.05127159e+02,-7.37118323e+01
296.920000,-1.05127070e+02,-7.37117448e+01
296.925000,-1.05126993e+02,-7.37116668e+01
296.930000,-1.05126921e+02,-7.37115955e+01
296.935000,-1.05126854e+02,-7.37115281e+01
296.940000,-1.05126788e+02,-7.37114619e+01
296.945000,-1.05126723e+02,-7.37113969e+01
296.950000,-1.05126664e+02,-7.37113378e+01
296.955000,-1.05126619e+02,-7.37112935e+01
296.960000,-1.05126602e+02,-7.37112760e+01
296.965000,-1.05126617e+02,-7.37112919e+01
296.970000,-1.05126672e+02,-7.37113463e+01
296.975000,-1.05126770e+02,-7.37114444e+01
296.980000,-1.05126893e+02,-7.37115671e+01
296.985000,-1.05127022e+02,-7.37116955e+01
296.990000,-1.05127157e+02,-7.37118311e+01
296.995000,-1.05127287e+02,-7.37119607e+01
297.000000,-1.05127399e+02,-7.37120731e+01
297.005000,-1.05127506e+02,-7.37121804e+01
297.010000,-1.05127605e+02,-7.37122785e+01
297.015000,-1.05127691e+02,-7.37123647e+01
297.020000,-1.05127788e+02,-7.37124616e+01
297.025000,-1.05127893e+02,-7.37125670e+01
297.030000,-1.05127992e+02,-7.37126659e+01
297.035000,-1.05128088e+02,-7.37127618e+01
297.040000,-1.05128185e+02,-7.37128597e+01
297.045000,-1.05128278e+02,-7.37129519e+01
297.050000,-1.05128352e+02,-7.37130260e+01
297.055000,-1.05128406e+02,-7.37130799e+01
297.060000,-1.05128449e+02,-7.37131226e+01
297.065000,-1.05128492e+02,-7.37131658e+01
297.070000,-1.05128540e+02,-7.37132138e+01
297.075000,-1.05128592e+02,-7.37132657e+01
297.080000,-1.05128646e+02,-7.37133190e+01
297.085000,-1.05128695e+02,-7.37133681e+01
297.090000,-1.05128735e+02,-7.37134083e+01
297.095000,-1.05128765e+02,-7.37134387e+01
297.100000,-1.05128779e+02,-7.37134524e+01
297.105000,-1.05128771e+02,-7.37134449e+01
297.110000,-1.05128755e+02,-7.37134282e+01
297.115000,-1.05128712e+02,-7.37133855e+01
297.120000,-1.05128620e+02,-7.37132934e+01
297.125000,-1.05128474e+02,-7.37131471e+01
297.130000,-1.05128269e+02,-7.37129428e+01
297.135000,-1.05128018e+02,-7.37126916e+01
297.140000,-1.05127746e+02,-7.37124197e+01
297.145000,-1.05127472e+02,-7.37121457e+01
297.150000,-1.05127196e+02,-7.37118703e+01
297.155000,-1.05126938e+02,-7.37116119e+01
297.160000,-1.05126713e+02,-7.37113873e+01
297.165000,-1.05126522e+02,-7.37111959e+01
297.170000,-1.05126362e+02,-7.37110357e+01
297.175000,-1.05126231e+02,-7.37109047e+01
297.180000,-1.05126126e+02,-7.37108000e+01
297.185000,-1.05126051e+02,-7.37107251e+01
297.190000,-1.05126008e+02,-7.37106823e+01
297.195000,-1.05125997e+02,-7.37106711e+01
297.200000,-1.05126015e+02,-7.37106893e+01
297.205000,-1.05126059e+02,-7.37107334e+01
297.210000,-1.05126127e+02,-7.37108014e+01
297.215000,-1.05126218e+02,-7.37108913e+01
297.220000,-1.05126313e+02,-7.37109863e+01
297.225000,-1.05126394e+02,-7.37110685e+01
297.230000,-1.05126457e+02,-7.37111309e+01
297.235000,-1.05126501e+02,-7.37111755e+01
297.240000,-1.05126537e+02,-7.37112117e+01
297.245000,-1.05126562e+02,-7.37112370e+01
297.250000,-1.05126574e+02,-7.37112482e+01
297.255000,-1.05126577e+02,-7.37112518e+01
297.260000,-1.05126583e+02,-7.37112571e+01
297.265000,-1.05126581e+02,-7.37112545e+01
297.270000,-1.05126553e+02,-7.37112270e+01
297.275000,-1.05126507e+02,-7.37111803e+01
297.280000,-1.05126451e+02,-7.37111248e+01
297.285000,-1.05126385e+02,-7.37110583e+01
297.290000,-1.05126304e+02,-7.37109771e+01
297.295000,-1.05126207e+02,-7.37108803e+01
297.300000,-1.05126097e+02,-7.37107700e+01
297.305000,-1.05125986e+02,-7.37106598e+01
297.310000,-1.05125889e+02,-7.37105627e+01
297.315000,-1.05125812e+02,-7.37104853e+01
297.320000,-1.05125757e+02,-7.37104308e+01
297.325000,-1.05125722e+02,-7.37103955e+01
297.330000,-1.05125700e+02,-7.37103740e+01
297.335000,-1.05125694e+02,-7.37103684e+01
297.340000,-1.05125709e+02,-7.37103833e+01
297.345000,-1.05125724e+02,-7.37103974e+01
297.350000,-1.05125711e+02,-7.37103851e+01
297.355000,-1.05125678e+02,-7.37103513e+01
297.360000,-1.05125617e+02,-7.37102904e+01
297.365000,-1.05125521e+02,-7.37101946e+01
297.370000,-1.05125406e+02,-7.37100798e+01
297.375000,-1.05125293e+02,-7.37099656e+01
297.380000,-1.05125194e+02,-7.37098677e+01
297.385000,-1.05125112e+02,-7.37097861e+01
297.390000,-1.05125028e+02,-7.37097017e+01
297.395000,-1.05124929e+02,-7.37096030e+01
297.400000,-1.05124815e+02,-7.37094895e+01
297.405000,-1.05124690e+02,-7.37093648e+01
297.410000,-1.05124555e+02,-7.37092287e+01
297.415000,-1.05124420e+02,-7.37090947e+01
297.420000,-1.05124307e+02,-7.37089812e+01
297.425000,-1.05124211e+02,-7.37088858e+01
297.430000,-1.05124134e+02,-7.37088081e+01
297.435000,-1.05124071e+02,-7.37087458e+01
297.440000,-1.05124024e+02,-7.37086984e+01
297.445000,-1.05124001e+02,-7.37086752e+01
297.450000,-1.05124012e+02,-7.37086861e+01
297.455000,-1.05124055e+02,-7.37087293e+01
297.460000,-1.05124130e+02,-7.37088037e+01
297.465000,-1.05124217e+02,-7.37088915e+01
297.470000,-1.05124296e+02,-7.37089698e+01
297.475000,-1.05124366e+02,-7.37090401e+01
297.480000,-1.05124424e+02,-7.37090977e+01
297.485000,-1.05124456e+02,-7.37091300e+01
297.490000,-1.05124478e+02,-7.37091521e+01
297.495000,-1.05124508e+02,-7.37091825e+01
297.500000,-1.05124558e+02,-7.37092320e+01
297.505000,-1.05124622e+02,-7.37092961e+01
297.510000,-1.05124687e+02,-7.37093610e+01
297.515000,-1.05124751e+02,-7.37094257e+01
297.520000,-1.05124831e+02,-7.37095045e+01
297.525000,-1.05124922e+02,-7.37095961e+01
297.530000,-1.05125012e+02,-7.37096857e+01
297.535000,-1.05125092e+02,-7.37097657e+01
297.540000,-1.05125159e+02,-7.37098329e+01
297.545000,-1.05125201e+02,-7.37098741e+01
297.550000,-1.05125210e+02,-7.37098834e+01
297.555000,-1.05125192e+02,-7.37098657e+01
297.560000,-1.05125153e+02,-7.37098265e+01
297.565000,-1.05125103e+02,-7.37097763e+01
297.570000,-1.05125054e+02,-7.37097283e+01
297.575000,-1.05125020e+02,-7.37096925e+01
297.580000,-1.05124988e+02,-7.37096621e+01
297.585000,-1.05124942e+02,-7.37096156e+01
297.590000,-1.05124869e+02,-7.37095429e+01
297.595000,-1.05124768e+02,-7.37094419e+01
297.600000,-1.05124630e+02,-7.37093035e+01
297.605000,-1.05124455e+02,-7.37091282e+01
297.610000,-1.05124256e+02,-7.37089291e+01
297.615000,-1.05124051e+02,-7.37087246e+01
297.620000,-1.05123858e+02,-7.37085323e+01
297.625000,-1.05123679e+02,-7.37083531e+01
297.630000,-1.05123506e+02,-7.37081793e+01
297.635000,-1.05123337e+02,-7.37080108e+01
297.640000,-1.05123178e+02,-7.37078518e+01
297.645000,-1.05123028e+02,-7.37077015e+01
297.650000,-1.05122882e+02,-7.37075548e+01
297.655000,-1.05122734e+02,-7.37074078e+01
297.660000,-1.05122585e+02,-7.37072584e+01
297.665000,-1.05122427e+02,-7.37071003e+01
297.670000,-1.05122257e+02,-7.37069308e+01
297.675000,-1.05122077e+02,-7.37067496e+01
297.680000,-1.05121887e+02,-7.37065609e+01
297.685000,-1.05121706e+02,-7.37063797e+01
297.690000,-1.05121544e+02,-7.37062180e+01
297.695000,-1.05121390e+02,-7.37060639e+01
297.700000,-1.05121229e+02,-7.37059029e+01
297.705000,-1.05121057e+02,-7.37057313e+01
297.710000,-1.05120864e+02,-7.37055376e+01
297.715000,-1.05120655e+02,-7.37053290e+01
297.720000,-1.05120450e+02,-7.37051241e+01
297.725000,-1.05120249e+02,-7.37049233e+01
297.730000,-1.05120054e+02,-7.37047286e+01
297.735000,-1.05119869e+02,-7.37045435e+01
297.740000,-1.05119700e+02,-7.37043739e+01
297.745000,-1.05119539e+02,-7.37042134e+01
297.750000,-1.05119380e+02,-7.37040542e+01
297.755000,-1.05119226e+02,-7.37039009e+01
297.760000,-1.05119092e+02,-7.37037662e+01
297.765000,-1.05118987e+02,-7.37036614e+01
297.770000,-1.05118921e+02,-7.37035953e+01
297.775000,-1.05118889e+02,-7.37035636e+01
297.780000,-1.05118884e+02,-7.37035586e+01
297.785000,-1.05118904e+02,-7.37035789e+01
297.790000,-1.05118953e+02,-7.37036284e+01
297.795000,-1.05119029e+02,-7.37037034e+01
297.800000,-1.05119115e+02,-7.37037903e+01
297.805000,-1.05119207e+02,-7.37038818e+01
297.810000,-1.05119287e+02,-7.37039616e+01
297.815000,-1.05119339e+02,-7.37040140e+01
297.820000,-1.05119360e+02,-7.37040341e+01
297.825000,-1.05119355e+02,-7.37040291e+01
297.830000,-1.05119326e+02,-7.37040004e+01
297.835000,-1.05119271e+02,-7.37039455e+01
297.840000,-1.05119192e+02,-7.37038668e+01
297.845000,-1.05119092e+02,-7.37037662e+01
297.850000,-1.05118970e+02,-7.37036445e+01
297.855000,-1.05118841e+02,-7.37035149e+01
297.860000,-1.05118723e+02,-7.37033975e+01
297.865000,-1.05118622e+02,-7.37032958e+01
297.870000,-1.05118524e+02,-7.37031985e+01
297.875000,-1.05118428e+02,-7.37031018e+01
297.880000,-1.05118333e+02,-7.37030071e+01
297.885000,-1.05118246e+02,-7.37029196e+01
297.890000,-1.05118168e+02,-7.37028419e+01
297.895000,-1.05118101e+02,-7.37027752e+01
297.900000,-1.05118048e+02,-7.37027214e+01
297.905000,-1.05118006e+02,-7.37026802e+01
297.910000,-1.05117983e+02,-7.37026561e+01
297.915000,-1.05117975e+02,-7.37026489e+01
297.920000,-1.05117983e+02,-7.37026570e+01
297.925000,-1.05117998e+02,-7.37026715e+01
297.930000,-1.05118009e+02,-7.37026829e+01
297.935000,-1.05118017e+02,-7.37026908e+01
297.940000,-1.05118013e+02,-7.37026867e+01
297.945000,-1.05117988e+02,-7.37026614e+01
297.950000,-1.05117939e+02,-7.37026128e+01
297.955000,-1.05117873e+02,-7.37025467e+01
297.960000,-1.05117811e+02,-7.37024849e+01
297.965000,-1.05117764e+02,-7.37024371e+01
297.970000,-1.05117732e+02,-7.37024058e+01
297.975000,-1.05117719e+02,-7.37023934e+01
297.980000,-1.05117719e+02,-7.37023924e+01
297.985000,-1.05117710e+02,-7.37023831e+01
297.990000,-1.05117668e+02,-7.37023422e+01
297.995000,-1.05117601e+02,-7.37022755e+01
298.000000,-1.05117520e+02,-7.37021944e+01
298.005000,-1.05117430e+02,-7.37021047e+01
298.010000,-1.05117341e+02,-7.37020153e+01
298.015000,-1.05117251e+02,-7.37019255e+01
298.020000,-1.05117160e+02,-7.37018349e+01
298.025000,-1.05117067e+02,-7.37017415e+01
298.030000,-1.05116971e+02,-7.37016453e+01
298.035000,-1.05116879e+02,-7.37015537e+01
298.040000,-1.05116788e+02,-7.37014613e+01
298.045000,-1.05116669e+02,-7.37013436e+01
298.050000,-1.05116514e+02,-7.37011882e+01
298.055000,-1.05116326e+02,-7.37010006e+01
298.060000,-1.05116125e+02,-7.37007991e+01
298.065000,-1.05115937e+02,-7.37006120e+01
298.070000,-1.05115781e+02,-7.37004557e+01
298.075000,-1.05115655e+02,-7.37003296e+01
298.080000,-1.05115551e+02,-7.37002257e+01
298.085000,-1.05115464e+02,-7.37001387e+01
298.090000,-1.05115404e+02,-7.37000781e+01
298.095000,-1.05115382e+02,-7.37000567e+01
298.100000,-1.05115406e+02,-7.37000808e+01
298.105000,-1.05115467e+02,-7.37001412e+01
298.110000,-1.05115556e+02,-7.37002306e+01
298.115000,-1.05115674e+02,-7.37003486e+01
298.120000,-1.05115808e+02,-7.37004827e+01
298.125000,-1.05115946e+02,-7.37006201e+01
298.130000,-1.05116076e+02,-7.37007501e+01
298.135000,-1.05116197e+02,-7.37008719e+01
298.140000,-1.05116317e+02,-7.37009922e+01
298.145000,-1.05116443e+02,-7.37011163e+01
298.150000,-1.05116583e+02,-7.37012580e+01
298.155000,-1.05116735e+02,-7.37014096e+01
298.160000,-1.05116864e+02,-7.37015385e+01
298.165000,-1.05116963e+02,-7.37016372e+01
298.170000,-1.05117035e+02,-7.37017098e+01
298.175000,-1.05117095e+02,-7.37017690e+01
298.180000,-1.05117149e+02,-7.37018234e+01
298.185000,-1.05117214e+02,-7.37018873e+01
298.190000,-1.05117285e+02,-7.37019584e+01
298.195000,-1.05117357e+02,-7.37020305e+01
298.200000,-1.05117436e+02,-7.37021094e+01
298.205000,-1.05117525e+02,-7.37021983e+01
298.210000,-1.05117622e+02,-7.37022954e+01
298.215000,-1.05117731e+02,-7.37024045e+01
298.220000,-1.05117862e+02,-7.37025351e+01
298.225000,-1.05118001e+02,-7.37026746e+01
298.230000,-1.05118135e+02,-7.37028087e+01
298.235000,-1.05118264e+02,-7.37029376e+01
298.240000,-1.05118399e+02,-7.37030725e+01
298.245000,-1.05118555e+02,-7.37032292e+01
298.250000,-1.05118746e+02,-7.37034191e+01
298.255000,-1.05118949e+02,-7.37036229e+01
298.260000,-1.05119147e+02,-7.37038197e+01
298.265000,-1.05119317e+02,-7.37039899e+01
298.270000,-1.05119444e+02,-7.37041177e+01
298.275000,-1.05119539e+02,-7.37042122e+01
298.280000,-1.05119623e+02,-7.37042962e+01
298.285000,-1.05119710e+02,-7.37043835e+01
298.290000,-1.05119804e+02,-7.37044777e+01
298.295000,-1.05119901e+02,-7.37045750e+01
298.300000,-1.05120003e+02,-7.37046772e+01
298.305000,-1.05120115e+02,-7.37047885e+01
298.310000,-1.05120230e+02,-7.37049044e+01
298.315000,-1.05120345e+02,-7.37050187e+01
298.320000,-1.05120446e+02,-7.37051204e+01
298.325000,-1.05120532e+02,-7.37052063e+01
298.330000,-1.05120619e+02,-7.37052938e+01
298.335000,-1.05120728e+02,-7.37054031e+01
298.340000,-1.05120862e+02,-7.37055377e+01
298.345000,-1.05121014e+02,-7.37056885e+01
298.350000,-1.05121175e+02,-7.37058505e+01
298.355000,-1.05121337e+02,-7.37060118e+01
298.360000,-1.05121480e+02,-7.37061559e+01
298.365000,-1.05121618e+02,-7.37062927e+01
298.370000,-1.05121764e+02,-7.37064389e+01
298.375000,-1.05121939e+02,-7.37066146e+01
298.380000,-1.05122149e+02,-7.37068238e+01
298.385000,-1.05122389e+02,-7.37070644e+01
298.390000,-1.05122668e+02,-7.37073434e+01
298.395000,-1.05122980e+02,-7.37076549e+01
298.400000,-1.05123318e+02,-7.37079929e+01
298.405000,-1.05123668e+02,-7.37083424e+01
298.410000,-1.05124008e+02,-7.37086824e+01
298.415000,-1.05124329e+02,-7.37090033e+01
298.420000,-1.05124635e+02,-7.37093104e+01
298.425000,-1.05124950e+02,-7.37096240e+01
298.430000,-1.05125249e+02,-7.37099227e+01
298.435000,-1.05125493e+02,-7.37101671e+01
298.440000,-1.05125679e+02,-7.37103527e+01
298.445000,-1.05125817e+02,-7.37104908e+01
298.450000,-1.05125927e+02,-7.37106015e+01
298.455000,-1.05126034e+02,-7.37107081e+01
298.460000,-1.05126151e+02,-7.37108248e+01
298.465000,-1.05126270e+02,-7.37109435e+01
298.470000,-1.05126377e+02,-7.37110497e+01
298.475000,-1.05126466e+02,-7.37111393e+01
298.480000,-1.05126539e+02,-7.37112124e+01
298.485000,-1.05126608e+02,-7.37112813e+01
298.490000,-1.05126674e+02,-7.37113470e+01
298.495000,-1.05126731e+02,-7.37114043e+01
298.500000,-1.05126790e+02,-7.37114632e+01
298.505000,-1.05126861e+02,-7.37115338e+01
298.510000,-1.05126953e+02,-7.37116259e+01
298.515000,-1.05127082e+02,-7.37117552e+01
298.520000,-1.05127258e+02,-7.37119314e+01
298.525000,-1.05127476e+02,-7.37121497e+01
298.530000,-1.05127733e+02,-7.37124063e+01
298.535000,-1.05128017e+02,-7.37126914e+01
298.540000,-1.05128320e+02,-7.37129938e+01
298.545000,-1.05128630e+02,-7.37133034e+01
298.550000,-1.05128942e+02,-7.37136162e+01
298.555000,-1.05129249e+02,-7.37139228e+01
298.560000,-1.05129536e+02,-7.37142098e+01
298.565000,-1.05129805e+02,-7.37144788e+01
298.570000,-1.05130064e+02,-7.37147376e+01
298.575000,-1.05130311e+02,-7.37149847e+01
298.580000,-1.05130545e+02,-7.37152192e+01
298.585000,-1.05130763e+02,-7.37154377e+01
298.590000,-1.05130965e+02,-7.37156401e+01
298.595000,-1.05131160e+02,-7.37158342e+01
298.600000,-1.05131350e+02,-7.37160251e+01
298.605000,-1.05131540e+02,-7.37162152e+01
298.610000,-1.05131728e+02,-7.37164029e+01
298.615000,-1.05131914e+02,-7.37165890e+01
298.620000,-1.05132095e+02,-7.37167697e+01
298.625000,-1.05132271e+02,-7.37169458e+01
298.630000,-1.05132452e+02,-7.37171268e+01
298.635000,-1.05132645e+02,-7.37173198e+01
298.640000,-1.05132851e+02,-7.37175250e+01
298.645000,-1.05133069e+02,-7.37177432e+01
298.650000,-1.05133309e+02,-7.37179836e+01
298.655000,-1.05133580e+02,-7.37182542e+01
298.660000,-1.05133882e+02,-7.37185560e+01
298.665000,-1.05134212e+02,-7.37188867e+01
298.670000,-1.05134573e+02,-7.37192465e+01
298.675000,-1.05134944e+02,-7.37196190e+01
298.680000,-1.05135311e+02,-7.37199849e+01
298.685000,-1.05135663e+02,-7.37203375e+01
298.690000,-1.05136008e+02,-7.37206823e+01
298.695000,-1.05136349e+02,-7.37210237e+01
298.700000,-1.05136694e+02,-7.37213676e+01
298.705000,-1.05137032e+02,-7.37217064e+01
298.710000,-1.05137365e+02,-7.37220387e+01
298.715000,-1.05137678e+02,-7.37223518e+01
298.720000,-1.05137954e+02,-7.37226271e+01
298.725000,-1.05138197e+02,-7.37228707e+01
298.730000,-1.05138425e+02,-7.37230977e+01
298.735000,-1.05138646e+02,-7.37233201e+01
298.740000,-1.05138872e+02,-7.37235455e+01
298.745000,-1.05139099e+02,-7.37237727e+01
298.750000,-1.05139327e+02,-7.37240004e+01
298.755000,-1.05139556e+02,-7.37242294e+01
298.760000,-1.05139786e+02,-7.37244591e+01
298.765000,-1.05140017e+02,-7.37246904e+01
298.770000,-1.05140252e+02,-7.37249256e+01
298.775000,-1.05140493e+02,-7.37251662e+01
298.780000,-1.05140743e+02,-7.37254166e+01
298.785000,-1.05141013e+02,-7.37256857e+01
298.790000,-1.05141304e+02,-7.37259784e+01
298.795000,-1.05141612e+02,-7.37262860e+01
298.800000,-1.05141919e+02,-7.37265924e+01
298.805000,-1.05142230e+02,-7.37269029e+01
298.810000,-1.05142558e+02,-7.37272315e+01
298.815000,-1.05142909e+02,-7.37275824e+01
298.820000,-1.05143284e+02,-7.37279584e+01
298.825000,-1.05143662e+02,-7.37283364e+01
298.830000,-1.05144013e+02,-7.37286875e+01
298.835000,-1.05144340e+02,-7.37290152e+01
298.840000,-1.05144654e+02,-7.37293282e+01
298.845000,-1.05144959e+02,-7.37296332e+01
298.850000,-1.05145263e+02,-7.37299375e+01
298.855000,-1.05145573e+02,-7.37302477e+01
298.860000,-1.05145894e+02,-7.37305678e+01
298.865000,-1.05146212e+02,-7.37308866e+01
298.870000,-1.05146521e+02,-7.37311952e+01
298.875000,-1.05146813e+02,-7.37314872e+01
298.880000,-1.05147083e+02,-7.37317577e+01
298.885000,-1.05147335e+02,-7.37320087e+01
298.890000,-1.05147571e+02,-7.37322453e+01
298.895000,-1.05147803e+02,-7.37324776e+01
298.900000,-1.05148043e+02,-7.37327178e+01
298.905000,-1.05148302e+02,-7.37329762e+01
298.910000,-1.05148584e+02,-7.37332579e+01
298.915000,-1.05148888e+02,-7.37335622e+01
298.920000,-1.05149205e+02,-7.37338793e+01
298.925000,-1.05149528e+02,-7.37342024e+01
298.930000,-1.05149850e+02,-7.37345247e+01
298.935000,-1.05150166e+02,-7.37348400e+01
298.940000,-1.05150481e+02,-7.37351545e+01
298.945000,-1.05150793e+02,-7.37354668e+01
298.950000,-1.05151100e+02,-7.37357744e+01
298.955000,-1.05151420e+02,-7.37360936e+01
298.960000,-1.05151754e+02,-7.37364278e+01
298.965000,-1.05152098e+02,-7.37367711e+01
298.970000,-1.05152443e+02,-7.37371168e+01
298.975000,-1.05152788e+02,-7.37374616e+01
298.980000,-1.05153132e+02,-7.37378051e+01
298.985000,-1.05153475e+02,-7.37381482e+01
298.990000,-1.05153811e+02,-7.37384849e+01
298.995000,-1.05154136e+02,-7.37388094e+01
299.000000,-1.05154456e+02,-7.37391292e+01
299.005000,-1.05154778e+02,-7.37394519e+01
299.010000,-1.05155104e+02,-7.37397783e+01
299.015000,-1.05155432e+02,-7.37401053e+01
299.020000,-1.05155753e+02,-7.37404272e+01
299.025000,-1.05156069e+02,-7.37407427e+01
299.030000,-1.05156382e+02,-7.37410561e+01
299.035000,-1.05156683e+02,-7.37413578e+01
299.040000,-1.05156947e+02,-7.37416210e+01
299.045000,-1.05157166e+02,-7.37418401e+01
299.050000,-1.05157359e+02,-7.37420335e+01
299.055000,-1.05157546e+02,-7.37422200e+01
299.060000,-1.05157740e+02,-7.37424153e+01
299.065000,-1.05157946e+02,-7.37426208e+01
299.070000,-1.05158146e+02,-7.37428209e+01
299.075000,-1.05158337e+02,-7.37430114e+01
299.080000,-1.05158520e+02,-7.37431944e+01
299.085000,-1.05158701e+02,-7.37433755e+01
299.090000,-1.05158898e+02,-7.37435718e+01
299.095000,-1.05159137e+02,-7.37438117e+01
299.100000,-1.05159432e+02,-7.37441061e+01
299.105000,-1.05159772e+02,-7.37444469e+01
299.110000,-1.05160136e+02,-7.37448104e+01
299.115000,-1.05160498e+02,-7.37451722e+01
299.120000,-1.05160855e+02,-7.37455291e+01
299.125000,-1.05161211e+02,-7.37458857e+01
299.130000,-1.05161574e+02,-7.37462479e+01
299.135000,-1.05161944e+02,-7.37466186e+01
299.140000,-1.05162308e+02,-7.37469812e+01
299.145000,-1.05162638e+02,-7.37473114e+01
299.150000,-1.05162941e+02,-7.37476145e+01
299.155000,-1.05163219e+02,-7.37478928e+01
299.160000,-1.05163462e+02,-7.37481348e+01
299.165000,-1.05163667e+02,-7.37483405e+01
299.170000,-1.05163851e+02,-7.37485240e+01
299.175000,-1.05164019e+02,-7.37486920e+01
299.180000,-1.05164176e+02,-7.37488497e+01
299.185000,-1.05164325e+02,-7.37489982e+01
299.190000,-1.05164464e+02,-7.37491369e+01
299.195000,-1.05164599e+02,-7.37492718e+01
299.200000,-1.05164738e+02,-7.37494112e+01
299.205000,-1.05164891e+02,-7.37495649e+01
299.210000,-1.05165066e+02,-7.37497388e+01
299.215000,-1.05165257e+02,-7.37499307e+01
299.220000,-1.05165466e+02,-7.37501398e+01
299.225000,-1.05165686e+02,-7.37503591e+01
299.230000,-1.05165905e+02,-7.37505789e+01
299.235000,-1.05166139e+02,-7.37508119e+01
299.240000,-1.05166403e+02,-7.37510776e+01
299.245000,-1.05166690e+02,-7.37513636e+01
299.250000,-1.05166971e+02,-7.37516450e+01
299.255000,-1.05167247e+02,-7.37519207e+01
299.260000,-1.05167523e+02,-7.37521961e+01
299.265000,-1.05167803e+02,-7.37524766e+01
299.270000,-1.05168096e+02,-7.37527696e+01
299.275000,-1.05168396e+02,-7.37530695e+01
299.280000,-1.05168675e+02,-7.37533496e+01
299.285000,-1.05168930e+02,-7.37536045e+01
299.290000,-1.05169178e+02,-7.37538521e+01
299.295000,-1.05169425e+02,-7.37540990e+01
299.300000,-1.05169684e+02,-7.37543587e+01
299.305000,-1.05169958e+02,-7.37546327e+01
299.310000,-1.05170238e+02,-7.37549124e+01
299.315000,-1.05170525e+02,-7.37551999e+01
299.320000,-1.05170820e+02,-7.37554943e+01
299.325000,-1.05171122e+02,-7.37557966e+01
299.330000,-1.05171438e+02,-7.37561132e+01
299.335000,-1.05171783e+02,-7.37564565e+01
299.340000,-1.05172133e+02,-7.37568069e+01
299.345000,-1.05172468e+02,-7.37571412e+01
299.350000,-1.05172788e+02,-7.37574624e+01
299.355000,-1.05173103e+02,-7.37577769e+01
299.360000,-1.05173418e+02,-7.37580912e+01
299.365000,-1.05173737e+02,-7.37584108e+01
299.370000,-1.05174069e+02,-7.37587425e+01
299.375000,-1.05174415e+02,-7.37590881e+01
299.380000,-1.05174769e+02,-7.37594430e+01
299.385000,-1.05175135e+02,-7.37598082e+01
299.390000,-1.05175512e+02,-7.37601859e+01
299.395000,-1.05175902e+02,-7.37605758e+01
299.400000,-1.05176287e+02,-7.37609610e+01
299.405000,-1.05176652e+02,-7.37613251e+01
299.410000,-1.05176991e+02,-7.37616643e+01
299.415000,-1.05177305e+02,-7.37619778e+01
299.420000,-1.05177599e+02,-7.37622718e+01
299.425000,-1.05177865e+02,-7.37625386e+01
299.430000,-1.05178098e+02,-7.37627717e+01
299.435000,-1.05178295e+02,-7.37629684e+01
299.440000,-1.05178445e+02,-7.37631186e+01
299.445000,-1.05178559e+02,-7.37632319e+01
299.450000,-1.05178661e+02,-7.37633348e+01
299.455000,-1.05178785e+02,-7.37634584e+01
299.460000,-1.05178941e+02,-7.37636151e+01
299.465000,-1.05179132e+02,-7.37638054e+01
299.470000,-1.05179358e+02,-7.37640310e+01
299.475000,-1.05179618e+02,-7.37642912e+01
299.480000,-1.05179908e+02,-7.37645814e+01
299.485000,-1.05180222e+02,-7.37648955e+01
299.490000,-1.05180557e+02,-7.37652311e+01
299.495000,-1.05180914e+02,-7.37655874e+01
299.500000,-1.05181288e+02,-7.37659625e+01
299.505000,-1.05181685e+02,-7.37663584e+01
299.510000,-1.05182076e+02,-7.37667496e+01
299.515000,-1.05182426e+02,-7.37670998e+01
299.520000,-1.05182721e+02,-7.37673942e+01
299.525000,-1.05182967e+02,-7.37676407e+01
299.530000,-1.05183193e+02,-7.37678662e+01
299.535000,-1.05183412e+02,-7.37680858e+01
299.540000,-1.05183638e+02,-7.37683130e+01
299.545000,-1.05183869e+02,-7.37685434e+01
299.550000,-1.05184093e+02,-7.37687672e+01
299.555000,-1.05184312e+02,-7.37689859e+01
299.560000,-1.05184530e+02,-7.37692046e+01
299.565000,-1.05184749e+02,-7.37694230e+01
299.570000,-1.05184969e+02,-7.37696425e+01
299.575000,-1.05185191e+02,-7.37698642e+01
299.580000,-1.05185413e+02,-7.37700860e+01
299.585000,-1.05185643e+02,-7.37703168e+01
299.590000,-1.05185893e+02,-7.37705673e+01
299.595000,-1.05186170e+02,-7.37708439e+01
299.600000,-1.05186470e+02,-7.37711441e+01
299.605000,-1.05186796e+02,-7.37714706e+01
299.610000,-1.05187157e+02,-7.37718309e+01
299.615000,-1.05187549e+02,-7.37722224e+01
299.620000,-1.05187967e+02,-7.37726409e+01
299.625000,-1.05188406e+02,-7.37730795e+01
299.630000,-1.05188859e+02,-7.37735327e+01
299.635000,-1.05189326e+02,-7.37739987e+01
299.640000,-1.05189787e+02,-7.37744605e+01
299.645000,-1.05190229e+02,-7.37749019e+01
299.650000,-1.05190646e+02,-7.37753195e+01
299.655000,-1.05191041e+02,-7.37757153e+01
299.660000,-1.05191428e+02,-7.37761007e+01
299.665000,-1.05191796e+02,-7.37764690e+01
299.670000,-1.05192135e+02,-7.37768074e+01
299.675000,-1.05192452e+02,-7.37771243e+01
299.680000,-1.05192759e+02,-7.37774317e+01
299.685000,-1.05193069e+02,-7.37777424e+01
299.690000,-1.05193396e+02,-7.37780684e+01
299.695000,-1.05193740e+02,-7.37784132e+01
299.700000,-1.05194103e+02,-7.37787761e+01
299.705000,-1.05194481e+02,-7.37791544e+01
299.710000,-1.05194877e+02,-7.37795501e+01
299.715000,-1.05195292e+02,-7.37799657e+01
299.720000,-1.05195728e+02,-7.37804009e+01
299.725000,-1.05196182e+02,-7.37808550e+01
299.730000,-1.05196660e+02,-7.37813329e+01
299.735000,-1.05197169e+02,-7.37818426e+01
299.740000,-1.05197707e+02,-7.37823805e+01
299.745000,-1.05198262e+02,-7.37829355e+01
299.750000,-1.05198830e+02,-7.37835028e+01
299.755000,-1.05199408e+02,-7.37840817e+01
299.760000,-1.05199989e+02,-7.37846629e+01
299.765000,-1.05200568e+02,-7.37852421e+01
299.770000,-1.05201151e+02,-7.37858250e+01
299.775000,-1.05201734e+02,-7.37864083e+01
299.780000,-1.05202315e+02,-7.37869887e+01
299.785000,-1.05202873e+02,-7.37875471e+01
299.790000,-1.05203393e+02,-7.37880672e+01
299.795000,-1.05203877e+02,-7.37885507e+01
299.800000,-1.05204327e+02,-7.37890009e+01
299.805000,-1.05204741e+02,-7.37894145e+01
299.810000,-1.05205118e+02,-7.37897918e+01
299.815000,-1.05205474e+02,-7.37901486e+01
299.820000,-1.05205840e+02,-7.37905137e+01
299.825000,-1.05206235e+02,-7.37909090e+01
299.830000,-1.05206659e+02,-7.37913329e+01
299.835000,-1.05207105e+02,-7.37917784e+01
299.840000,-1.05207569e+02,-7.37922424e+01
299.845000,-1.05208049e+02,-7.37927230e+01
299.850000,-1.05208543e+02,-7.37932163e+01
299.855000,-1.05209046e+02,-7.37937197e+01
299.860000,-1.05209556e+02,-7.37942297e+01
299.865000,-1.05210070e+02,-7.37947431e+01
299.870000,-1.05210591e+02,-7.37952651e+01
299.875000,-1.05211133e+02,-7.37958061e+01
299.880000,-1.05211680e+02,-7.37963534e+01
299.885000,-1.05212217e+02,-7.37968903e+01
299.890000,-1.05212746e+02,-7.37974190e+01
299.895000,-1.05213279e+02,-7.37979514e+01
299.900000,-1.05213809e+02,-7.37984823e+01
299.905000,-1.05214324e+02,-7.37989969e+01
299.910000,-1.05214815e+02,-7.37994881e+01
299.915000,-1.05215282e+02,-7.37999551e+01
299.920000,-1.05215722e+02,-7.38003953e+01
299.925000,-1.05216120e+02,-7.38007932e+01
299.930000,-1.05216477e+02,-7.38011497e+01
299.935000,-1.05216805e+02,-7.38014778e+01
299.940000,-1.05217121e+02,-7.38017941e+01
299.945000,-1.05217441e+02,-7.38021139e+01
299.950000,-1.05217773e+02,-7.38024458e+01
299.955000,-1.05218121e+02,-7.38027941e+01
299.960000,-1.05218486e+02,-7.38031588e+01
299.965000,-1.05218863e+02,-7.38035358e+01
299.970000,-1.05219256e+02,-7.38039289e+01
299.975000,-1.05219661e+02,-7.38043336e+01
299.980000,-1.05220063e+02,-7.38047359e+01
299.985000,-1.05220459e+02,-7.38051317e+01
299.990000,-1.05220850e+02,-7.38055228e+01
299.995000,-1.05221243e+02,-7.38059160e+01
300.000000,-1.05221632e+02,-7.38063053e+01
300.005000,-1.05222017e+02,-7.38066906e+01
